physical_object_id,object_id,z_obs,reported_mass_errors_sampled,mass_offset_dex,epsilon,fedd_cap,z_accretion,growth_time_gyr,log10_minimum_seed_central,log10_minimum_seed_p5,log10_minimum_seed_p16,log10_minimum_seed_p50,log10_minimum_seed_p84,log10_minimum_seed_p95
HZA-UNCOVER-20466,UNCOVER-20466,8.5,True,0.0,0.1,0.3,20.0,0.4090078076473212,7.104220996500531,6.391633637197521,6.67227973741255,7.101250295076837,7.519840675258142,7.793950935927625
HZA-UNCOVER-20466,UNCOVER-20466,8.5,True,0.0,0.1,0.3,22.74003970766435,0.4390398920668028,7.02596438523993,6.31337702593692,6.594023126151949,7.022993683816236,7.441584063997541,7.715694324667024
HZA-UNCOVER-20466,UNCOVER-20466,8.5,True,0.0,0.1,0.3,25.0,0.45799321644691304,6.9765764400879045,6.263989080784895,6.544635180999924,6.973605738664211,7.392196118845516,7.666306379514999
HZA-UNCOVER-20466,UNCOVER-20466,8.5,True,0.0,0.1,0.3,25.85547029530757,0.4641391994669837,6.960561441018978,6.247974081715968,6.5286201819309975,6.957590739595284,7.376181119776589,7.650291380446072
HZA-UNCOVER-20466,UNCOVER-20466,8.5,True,0.0,0.1,0.3,29.39772105878151,0.48508156697904764,6.905990513128102,6.193403153825092,6.474049254040121,6.903019811704408,7.321610191885713,7.595720452555196
HZA-UNCOVER-20466,UNCOVER-20466,8.5,True,0.0,0.1,0.3,30.0,0.488054341224642,6.898244156423267,6.185656797120258,6.466302897335288,6.895273454999574,7.313863835180879,7.587974095850361
HZA-UNCOVER-20466,UNCOVER-20466,8.5,True,0.0,0.1,0.3,33.425267209576596,0.5025298173977084,6.860524439873959,6.14793708057095,6.428583180785979,6.857553738450266,7.276144118631571,7.5502543793010535
HZA-UNCOVER-20466,UNCOVER-20466,8.5,True,0.0,0.1,0.3,38.004595179253144,0.5170477773064184,6.822694020612887,6.110106661309877,6.390752761524906,6.819723319189193,7.238313699370498,7.512423960039981
HZA-UNCOVER-20466,UNCOVER-20466,8.5,True,0.0,0.1,0.3,43.21130017249628,0.5291132517093576,6.791254206884438,6.078666847581428,6.359312947796457,6.788283505460744,7.206873885642049,7.480984146311532
HZA-UNCOVER-20466,UNCOVER-20466,8.5,True,0.0,0.1,0.3,49.13133408711842,0.5391298088242508,6.765153393988437,6.0525660346854275,6.333212134900457,6.7621826925647435,7.180773072746049,7.454883333415531
HZA-UNCOVER-20466,UNCOVER-20466,8.5,True,0.0,0.1,0.3,55.862424401579815,0.5474373254534881,6.7435059422060535,6.030918582903044,6.311564683118073,6.74053524078236,7.159125620963665,7.433235881633148
HZA-UNCOVER-20466,UNCOVER-20466,8.5,True,0.0,0.1,0.3,60.0,0.5514276743545752,6.733108023154388,6.020520663851379,6.301166764066408,6.730137321730695,7.148727701912,7.422837962581482
HZA-UNCOVER-20466,UNCOVER-20466,8.5,True,0.0,0.1,0.3,63.51568745291611,0.554321309802507,6.7255678837083295,6.01298052440532,6.293626624620349,6.722597182284636,7.141187562465941,7.415297823135424
HZA-UNCOVER-20466,UNCOVER-20466,8.5,True,0.0,0.1,0.3,72.21746273694556,0.5600210618179464,6.710715658617197,5.998128299314187,6.278774399529215,6.707744957193503,7.126335337374808,7.400445598044291
HZA-UNCOVER-20466,UNCOVER-20466,8.5,True,0.0,0.1,0.3,82.1113985112456,0.5647367569871632,6.698427656275224,5.985840296972214,6.2664863971872435,6.69545695485153,7.1140473350328355,7.388157595702318
HZA-UNCOVER-20466,UNCOVER-20466,8.5,True,0.0,0.1,0.3,93.36082312987881,0.5686355528577653,6.688268303079206,5.975680943776196,6.2563270439912255,6.685297601655512,7.1038879818368175,7.3779982425063
HZA-UNCOVER-20466,UNCOVER-20466,8.5,True,0.0,0.1,0.3,100.0,0.5704355020194353,6.683578055147488,5.9709906958444785,6.251636796059508,6.680607353723794,7.0991977339051,7.373307994574582
HZA-UNCOVER-20466,UNCOVER-20466,8.5,True,0.0,0.1,0.3,106.15144125568361,0.571856822057899,6.679874426449148,5.967287067146138,6.247933167361168,6.676903725025454,7.095494105206759,7.369604365876242
HZA-UNCOVER-20466,UNCOVER-20466,8.5,True,0.0,0.1,0.3,120.69439945900218,0.5745166142009014,6.672943628144855,5.960356268841846,6.241002369056874,6.669972926721162,7.088563306902467,7.3626735675719495
HZA-UNCOVER-20466,UNCOVER-20466,8.5,True,0.0,0.1,0.3,137.22977180952068,0.5767114438889658,6.667224413611392,5.954637054308383,6.235283154523412,6.664253712187699,7.082844092369004,7.356954353038486
HZA-UNCOVER-20466,UNCOVER-20466,8.5,True,0.0,0.1,0.3,156.03052300111096,0.578521494653435,6.66250784325755,5.94992048395454,6.230566584169569,6.659537141833856,7.078127522015161,7.352237782684644
HZA-UNCOVER-20466,UNCOVER-20466,8.5,True,0.0,0.1,0.3,177.40701443264487,0.5800133201924946,6.658620493660094,5.9460331343570845,6.226679234572114,6.6556497922364,7.0742401724177055,7.348350433087188
HZA-UNCOVER-20466,UNCOVER-20466,8.5,True,0.0,0.1,0.3,201.71212763082622,0.5812421154511591,6.655418539658733,5.942831180355723,6.223477280570752,6.652447838235039,7.071038218416344,7.345148479085827
HZA-UNCOVER-20466,UNCOVER-20466,8.5,True,0.0,0.1,0.3,229.34708959212247,0.5822536214351417,6.652782790855198,5.940195431552189,6.220841531767218,6.649812089431505,7.06840246961281,7.342512730282293
HZA-UNCOVER-20466,UNCOVER-20466,8.5,True,0.0,0.1,0.3,260.76809620810604,0.583085719471789,6.650614537340887,5.938027178037878,6.218673278252907,6.647643835917194,7.066234216098499,7.3403444767679815
HZA-UNCOVER-20466,UNCOVER-20466,8.5,True,0.0,0.1,0.3,296.49384311321825,0.5837697631050928,6.648832079088939,5.936244719785929,6.216890820000958,6.645861377665245,7.06445175784655,7.338562018516033
HZA-UNCOVER-20466,UNCOVER-20466,8.5,True,0.0,0.1,0.3,300.0,0.5838259381659467,6.648685699975242,5.936098340672232,6.216744440887261,6.645714998551548,7.064305378732853,7.338415639402336
HZA-UNCOVER-20466,UNCOVER-20466,8.5,True,0.0,0.1,0.3,337.1140882736292,0.584331689021366,6.647367831140883,5.934780471837874,6.215426572052902,6.6443971297171895,7.062987509898495,7.337097770567977
HZA-UNCOVER-20466,UNCOVER-20466,8.5,True,0.0,0.1,0.3,383.2993876677698,0.5847929423678486,6.646165912442062,5.933578553139053,6.214224653354082,6.6431952110183685,7.061785591199674,7.335895851869156
HZA-UNCOVER-20466,UNCOVER-20466,8.5,True,0.0,0.1,0.3,435.8121647744256,0.5851712465278869,6.645180139986948,5.9325927806839385,6.213238880898968,6.642209438563254,7.0607998187445595,7.334910079414042
HZA-UNCOVER-20466,UNCOVER-20466,8.5,True,0.0,0.1,0.3,495.51929660267956,0.5854812428082931,6.644372361943002,5.931785002639993,6.212431102855022,6.641401660519309,7.059992040700614,7.3341023013700966
HZA-UNCOVER-20466,UNCOVER-20466,8.5,True,0.0,0.1,0.3,563.4064240329424,0.585735021518436,6.643711073782365,5.931123714479355,6.211769814694384,6.640740372358671,7.059330752539976,7.333441013209459
HZA-UNCOVER-20466,UNCOVER-20466,8.5,True,0.0,0.1,0.3,640.5942227031146,0.5859425625121433,6.64317027033235,5.93058291102934,6.21122901124437,6.640199568908656,7.058789949089961,7.332900209759444
HZA-UNCOVER-20466,UNCOVER-20466,8.5,True,0.0,0.1,0.3,728.3569030384599,0.5861121003574274,6.642728494228265,5.930141134925256,6.210787235140286,6.639757792804572,7.058348172985877,7.3324584336553595
HZA-UNCOVER-20466,UNCOVER-20466,8.5,True,0.0,0.1,0.3,828.1432448223001,0.5862504268326788,6.64236804767885,5.92978068837584,6.210426788590869,6.639397346255156,7.057987726436461,7.332097987105944
HZA-UNCOVER-20466,UNCOVER-20466,8.5,True,0.0,0.1,0.3,941.6005135446557,0.5863631413628513,6.642074339887944,5.929486980584934,6.210133080799963,6.63910363846425,7.057694018645555,7.331804279315038
HZA-UNCOVER-20466,UNCOVER-20466,8.5,True,0.0,0.1,0.3,1070.6016533381312,0.5864548582521807,6.641835347054346,5.929247987751336,6.209894087966365,6.638864645630652,7.057455025811957,7.33156528648144
HZA-UNCOVER-20466,UNCOVER-20466,8.5,True,0.0,0.1,0.3,1100.0,0.5864718978433711,6.6417909458517785,5.929203586548769,6.209849686763798,6.638820244428085,7.05741062460939,7.331520885278873
HZA-UNCOVER-20466,UNCOVER-20466,8.5,True,0.0,0.1,0.3,1217.2762054000095,0.5865293780935786,6.641641165718877,5.929053806415867,6.209699906630896,6.638670464295183,7.057260844476488,7.331371105145971
HZA-UNCOVER-20466,UNCOVER-20466,8.5,True,0.0,0.1,0.3,1384.0454622995594,0.5865898294971387,6.64148364345294,5.92889628414993,6.20954238436496,6.638512942029246,7.057103322210551,7.331213582880034
HZA-UNCOVER-20466,UNCOVER-20466,8.5,True,0.0,0.1,0.3,1573.662438495233,0.586638786244577,6.641356073581354,5.928768714278345,6.209414814493373,6.638385372157661,7.056975752338966,7.3310860130084485
HZA-UNCOVER-20466,UNCOVER-20466,8.5,True,0.0,0.1,0.3,1789.257316892076,0.5866783641112565,6.6412529428867275,5.928665583583718,6.209311683798747,6.638282241463034,7.056872621644339,7.330982882313822
HZA-UNCOVER-20466,UNCOVER-20466,8.5,True,0.0,0.1,0.3,2034.389121667738,0.5867103008755424,6.641169723123732,5.9285823638207225,6.209228464035752,6.638199021700038,7.0567894018813435,7.330899662550826
HZA-UNCOVER-20466,UNCOVER-20466,8.5,True,0.0,0.1,0.3,2313.104470378237,0.5867360224334273,6.6411026987398,5.928515339436791,6.20916143965182,6.638131997316107,7.056722377497412,7.3308326381668945
HZA-UNCOVER-20466,UNCOVER-20466,8.5,True,0.0,0.1,0.3,2630.004375218852,0.5867566974350367,6.641048824505126,5.928461465202116,6.2091075654171455,6.638078123081432,7.056668503262737,7.33077876393222
HZA-UNCOVER-20466,UNCOVER-20466,8.5,True,0.0,0.1,0.3,2990.320196190382,0.5867732824422573,6.641005607842416,5.928418248539407,6.209064348754437,6.6380349064187225,7.056625286600028,7.33073554726951
HZA-UNCOVER-20466,UNCOVER-20466,8.5,True,0.0,0.1,0.3,3400.0,0.5867865592595153,6.640971011551582,5.928383652248573,6.209029752463602,6.638000310127889,7.056590690309194,7.3307009509786765
HZA-UNCOVER-20466,UNCOVER-20466,8.5,True,0.0,0.1,1.0,20.0,0.4090078076473212,4.617403321668435,3.9048159623654257,4.185462062580455,4.614432620244742,5.033023000426047,5.3071332610955295
HZA-UNCOVER-20466,UNCOVER-20466,8.5,True,0.0,0.1,1.0,22.74003970766435,0.4390398920668028,4.356547950799767,3.6439605914967568,3.924606691711786,4.353577249376073,4.772167629557378,5.046277890226861
HZA-UNCOVER-20466,UNCOVER-20466,8.5,True,0.0,0.1,1.0,25.0,0.45799321644691304,4.1919214669596805,3.4793341076566713,3.7599802078717004,4.188950765535987,4.607541145717292,4.881651406386775
HZA-UNCOVER-20466,UNCOVER-20466,8.5,True,0.0,0.1,1.0,25.85547029530757,0.4641391994669837,4.138538136729926,3.425950777426916,3.706596877641945,4.135567435306232,4.554157815487537,4.82826807615702
HZA-UNCOVER-20466,UNCOVER-20466,8.5,True,0.0,0.1,1.0,29.39772105878151,0.48508156697904764,3.9566350437603397,3.24404768445733,3.524693784672359,3.953664342336646,4.372254722517951,4.646364983187434
HZA-UNCOVER-20466,UNCOVER-20466,8.5,True,0.0,0.1,1.0,30.0,0.488054341224642,3.9308138547442253,3.2182264954412156,3.4988725956562448,3.9278431533205316,4.346433533501837,4.620543794171319
HZA-UNCOVER-20466,UNCOVER-20466,8.5,True,0.0,0.1,1.0,33.425267209576596,0.5025298173977084,3.8050814662465298,3.09249410694352,3.3731402071585492,3.802110764822836,4.220701145004141,4.494811405673624
HZA-UNCOVER-20466,UNCOVER-20466,8.5,True,0.0,0.1,1.0,38.004595179253144,0.5170477773064184,3.678980068709623,2.9663927094066134,3.2470388096216425,3.6760093672859293,4.094599747467234,4.368710008136717
HZA-UNCOVER-20466,UNCOVER-20466,8.5,True,0.0,0.1,1.0,43.21130017249628,0.5291132517093576,3.574180689614794,2.861593330311784,3.1422394305268133,3.5712099881911,3.9898003683724053,4.263910629041888
HZA-UNCOVER-20466,UNCOVER-20466,8.5,True,0.0,0.1,1.0,49.13133408711842,0.5391298088242508,3.487177979961457,2.774590620658447,3.0552367208734763,3.484207278537763,3.9027976587190683,4.176907919388551
HZA-UNCOVER-20466,UNCOVER-20466,8.5,True,0.0,0.1,1.0,55.862424401579815,0.5474373254534881,3.415019807353511,2.7024324480505015,2.9830785482655306,3.4120491059298175,3.8306394861111226,4.104749746780605
HZA-UNCOVER-20466,UNCOVER-20466,8.5,True,0.0,0.1,1.0,60.0,0.5514276743545752,3.3803600771812947,2.667772717878285,2.948418818093314,3.377389375757601,3.795979755938906,4.070090016608389
HZA-UNCOVER-20466,UNCOVER-20466,8.5,True,0.0,0.1,1.0,63.51568745291611,0.554321309802507,3.3552262790277654,2.6426389197247557,2.923285019939785,3.3522555776040717,3.770845957785377,4.0449562184548595
HZA-UNCOVER-20466,UNCOVER-20466,8.5,True,0.0,0.1,1.0,72.21746273694556,0.5600210618179464,3.3057188620573204,2.5931315027543107,2.87377760296934,3.3027481606336266,3.7213385408149318,3.9954488014844145
HZA-UNCOVER-20466,UNCOVER-20466,8.5,True,0.0,0.1,1.0,82.1113985112456,0.5647367569871632,3.264758854250747,2.5521714949477374,2.8328175951627665,3.2617881528270534,3.6803785330083585,3.9544887936778412
HZA-UNCOVER-20466,UNCOVER-20466,8.5,True,0.0,0.1,1.0,93.36082312987881,0.5686355528577653,3.2308943435973534,2.5183069842943437,2.798953084509373,3.2279236421736597,3.646514022354965,3.9206242830244475
HZA-UNCOVER-20466,UNCOVER-20466,8.5,True,0.0,0.1,1.0,100.0,0.5704355020194353,3.2152601838249604,2.5026728245219507,2.78331892473698,3.2122894824012667,3.630879862582572,3.9049901232520545
HZA-UNCOVER-20466,UNCOVER-20466,8.5,True,0.0,0.1,1.0,106.15144125568361,0.571856822057899,3.202914754830494,2.4903273955274843,2.7709734957425134,3.1999440534068,3.6185344335881053,3.892644694257588
HZA-UNCOVER-20466,UNCOVER-20466,8.5,True,0.0,0.1,1.0,120.69439945900218,0.5745166142009014,3.1798120938161825,2.467224734513173,2.747870834728202,3.1768413923924887,3.595431772573794,3.8695420332432766
HZA-UNCOVER-20466,UNCOVER-20466,8.5,True,0.0,0.1,1.0,137.22977180952068,0.5767114438889658,3.1607480453713075,2.448160686068298,2.728806786283327,3.157777343947614,3.576367724128919,3.8504779847984016
HZA-UNCOVER-20466,UNCOVER-20466,8.5,True,0.0,0.1,1.0,156.03052300111096,0.578521494653435,3.1450261441918315,2.432438784888822,2.713084885103851,3.1420554427681378,3.560645822949443,3.8347560836189256
HZA-UNCOVER-20466,UNCOVER-20466,8.5,True,0.0,0.1,1.0,177.40701443264487,0.5800133201924946,3.132068312200313,2.4194809528973034,2.7001270531123325,3.1290976107766193,3.5476879909579244,3.821798251627407
HZA-UNCOVER-20466,UNCOVER-20466,8.5,True,0.0,0.1,1.0,201.71212763082622,0.5812421154511591,3.121395132195776,2.408807772892766,2.6894538731077953,3.118424430772082,3.537014810953387,3.81112507162287
HZA-UNCOVER-20466,UNCOVER-20466,8.5,True,0.0,0.1,1.0,229.34708959212247,0.5822536214351417,3.112609302850662,2.400021943547652,2.6806680437626813,3.109638601426968,3.5282289816082733,3.802339242277756
HZA-UNCOVER-20466,UNCOVER-20466,8.5,True,0.0,0.1,1.0,260.76809620810604,0.583085719471789,3.105381791136292,2.3927944318332823,2.6734405320483114,3.1024110897125983,3.5210014698939034,3.795111730563386
HZA-UNCOVER-20466,UNCOVER-20466,8.5,True,0.0,0.1,1.0,296.49384311321825,0.5837697631050928,3.099440263629794,2.3868529043267843,2.6674990045418134,3.0964695622061003,3.5150599423874054,3.789170203056888
HZA-UNCOVER-20466,UNCOVER-20466,8.5,True,0.0,0.1,1.0,300.0,0.5838259381659467,3.0989523332508044,2.386364973947795,2.667011074162824,3.0959816318271107,3.514572012008416,3.7886822726778986
HZA-UNCOVER-20466,UNCOVER-20466,8.5,True,0.0,0.1,1.0,337.1140882736292,0.584331689021366,3.094559437136276,2.3819720778332663,2.6626181780482954,3.091588735712582,3.5101791158938873,3.78428937656337
HZA-UNCOVER-20466,UNCOVER-20466,8.5,True,0.0,0.1,1.0,383.2993876677698,0.5847929423678486,3.09055304147354,2.3779656821705304,2.6586117823855595,3.0875823400498463,3.5061727202311515,3.780282980900634
HZA-UNCOVER-20466,UNCOVER-20466,8.5,True,0.0,0.1,1.0,435.8121647744256,0.5851712465278869,3.087267133289827,2.3746797739868173,2.6553258742018464,3.0842964318661332,3.5028868120474383,3.776997072716921
HZA-UNCOVER-20466,UNCOVER-20466,8.5,True,0.0,0.1,1.0,495.51929660267956,0.5854812428082931,3.084574539810008,2.3719871805069985,2.6526332807220276,3.0816038383863145,3.5001942185676196,3.7743044792371023
HZA-UNCOVER-20466,UNCOVER-20466,8.5,True,0.0,0.1,1.0,563.4064240329424,0.585735021518436,3.082370245941216,2.3697828866382062,2.6504289868532354,3.079399544517522,3.4979899246988273,3.77210018536831
HZA-UNCOVER-20466,UNCOVER-20466,8.5,True,0.0,0.1,1.0,640.5942227031146,0.5859425625121433,3.0805675677745006,2.367980208471491,2.64862630868652,3.077596866350807,3.496187246532112,3.7702975072015947
HZA-UNCOVER-20466,UNCOVER-20466,8.5,True,0.0,0.1,1.0,728.3569030384599,0.5861121003574274,3.0790949807608863,2.3665076214578766,2.6471537216729057,3.0761242793371926,3.4947146595184977,3.7688249201879804
HZA-UNCOVER-20466,UNCOVER-20466,8.5,True,0.0,0.1,1.0,828.1432448223001,0.5862504268326788,3.077893492262831,2.3653061329598213,2.6459522331748504,3.074922790839137,3.4935131710204423,3.767623431689925
HZA-UNCOVER-20466,UNCOVER-20466,8.5,True,0.0,0.1,1.0,941.6005135446557,0.5863631413628513,3.0769144662931467,2.364327106990137,2.644973207205166,3.073943764869453,3.492534145050758,3.766644405720241
HZA-UNCOVER-20466,UNCOVER-20466,8.5,True,0.0,0.1,1.0,1070.6016533381312,0.5864548582521807,3.076117823514484,2.3635304642114745,2.6441765644265036,3.0731471220907904,3.4917375022720956,3.7658477629415783
HZA-UNCOVER-20466,UNCOVER-20466,8.5,True,0.0,0.1,1.0,1100.0,0.5864718978433711,3.0759698195059277,2.363382460202918,2.644028560417947,3.072999118082234,3.491589498263539,3.765699758933022
HZA-UNCOVER-20466,UNCOVER-20466,8.5,True,0.0,0.1,1.0,1217.2762054000095,0.5865293780935786,3.075470552396256,2.3628831930932463,2.6435292933082755,3.0724998509725623,3.4910902311538674,3.76520049182335
HZA-UNCOVER-20466,UNCOVER-20466,8.5,True,0.0,0.1,1.0,1384.0454622995594,0.5865898294971387,3.074945478176467,2.3623581188734573,2.6430042190884864,3.071974776752773,3.4905651569340783,3.764675417603561
HZA-UNCOVER-20466,UNCOVER-20466,8.5,True,0.0,0.1,1.0,1573.662438495233,0.586638786244577,3.074520245271179,2.3619328859681694,2.6425789861831985,3.0715495438474854,3.4901399240287905,3.764250184698273
HZA-UNCOVER-20466,UNCOVER-20466,8.5,True,0.0,0.1,1.0,1789.257316892076,0.5866783641112565,3.0741764762890913,2.3615891169860816,2.6422352172011108,3.0712057748653976,3.4897961550467027,3.7639064157161854
HZA-UNCOVER-20466,UNCOVER-20466,8.5,True,0.0,0.1,1.0,2034.389121667738,0.5867103008755424,3.0738990770791066,2.361311717776097,2.641957817991126,3.070928375655413,3.489518755836718,3.7636290165062007
HZA-UNCOVER-20466,UNCOVER-20466,8.5,True,0.0,0.1,1.0,2313.104470378237,0.5867360224334273,3.073675662466001,2.3610883031629912,2.6417344033780203,3.070704961042307,3.4892953412236123,3.763405601893095
HZA-UNCOVER-20466,UNCOVER-20466,8.5,True,0.0,0.1,1.0,2630.004375218852,0.5867566974350367,3.0734960816837535,2.360908722380744,2.641554822595773,3.07052538026006,3.489115760441365,3.7632260211108477
HZA-UNCOVER-20466,UNCOVER-20466,8.5,True,0.0,0.1,1.0,2990.320196190382,0.5867732824422573,3.0733520261413885,2.360764666838379,2.641410767053408,3.0703813247176948,3.488971704899,3.7630819655684826
HZA-UNCOVER-20466,UNCOVER-20466,8.5,True,0.0,0.1,1.0,3400.0,0.5867865592595153,3.073236705171941,2.3606493458689313,2.6412954460839604,3.070266003748247,3.4888563839295523,3.762966644599035
HZA-UNCOVER-20466,UNCOVER-20466,8.5,True,0.0,0.1,2.0,20.0,0.4090078076473212,1.0648066433368708,0.35221928403386116,0.6328653842488903,1.061835941913177,1.4804263220944822,1.754536582763965
HZA-UNCOVER-20466,UNCOVER-20466,8.5,True,0.0,0.1,2.0,22.74003970766435,0.4390398920668028,0.5430959015995329,-0.16949145770347673,0.11115464251155238,0.5401252001758392,0.9587155803571443,1.232825841026627
HZA-UNCOVER-20466,UNCOVER-20466,8.5,True,0.0,0.1,2.0,25.0,0.45799321644691304,0.21384293391936193,-0.4987444253836477,-0.2180983251686186,0.21087223249566822,0.6294626126769733,0.9035728733464561
HZA-UNCOVER-20466,UNCOVER-20466,8.5,True,0.0,0.1,2.0,25.85547029530757,0.4641391994669837,0.10707627345985138,-0.6055110858431583,-0.32486498562812915,0.10410557203615767,0.5226959522174628,0.7968062128869455
HZA-UNCOVER-20466,UNCOVER-20466,8.5,True,0.0,0.1,2.0,29.39772105878151,0.48508156697904764,-0.25672991247932053,-0.9693172717823302,-0.6886711715673011,-0.25970061390301424,0.15888976627829088,0.4330000269477736
HZA-UNCOVER-20466,UNCOVER-20466,8.5,True,0.0,0.1,2.0,30.0,0.488054341224642,-0.30837229051154935,-1.020959649814559,-0.7403135495995299,-0.31134299193524306,0.10724738824606206,0.3813576489155448
HZA-UNCOVER-20466,UNCOVER-20466,8.5,True,0.0,0.1,2.0,33.425267209576596,0.5025298173977084,-0.5598370675069404,-1.27242442680995,-0.9917783265949209,-0.5628077689306341,-0.144217388749329,0.12989287192015375
HZA-UNCOVER-20466,UNCOVER-20466,8.5,True,0.0,0.1,2.0,38.004595179253144,0.5170477773064184,-0.8120398625807539,-1.5246272218837635,-1.2439811216687344,-0.8150105640044476,-0.3964201838231425,-0.12230992315365974
HZA-UNCOVER-20466,UNCOVER-20466,8.5,True,0.0,0.1,2.0,43.21130017249628,0.5291132517093576,-1.0216386207704122,-1.7342259800734219,-1.4535798798583928,-1.024609322194106,-0.6060189420128008,-0.3319086813433181
HZA-UNCOVER-20466,UNCOVER-20466,8.5,True,0.0,0.1,2.0,49.13133408711842,0.5391298088242508,-1.1956440400770862,-1.908231399380096,-1.6275852991650668,-1.19861474150078,-0.7800243613194748,-0.5059141006499921
HZA-UNCOVER-20466,UNCOVER-20466,8.5,True,0.0,0.1,2.0,55.862424401579815,0.5474373254534881,-1.3399603852929776,-2.052547744595987,-1.771901644380958,-1.3429310867166713,-0.9243407065353662,-0.6502304458658834
HZA-UNCOVER-20466,UNCOVER-20466,8.5,True,0.0,0.1,2.0,60.0,0.5514276743545752,-1.4092798456374105,-2.12186720494042,-1.841221104725391,-1.4122505470611042,-0.9936601668797991,-0.7195499062103163
HZA-UNCOVER-20466,UNCOVER-20466,8.5,True,0.0,0.1,2.0,63.51568745291611,0.554321309802507,-1.4595474419444692,-2.172134801247479,-1.8914887010324497,-1.4625181433681629,-1.0439277631868578,-0.769817502517375
HZA-UNCOVER-20466,UNCOVER-20466,8.5,True,0.0,0.1,2.0,72.21746273694556,0.5600210618179464,-1.5585622758853592,-2.271149635188369,-1.9905035349733398,-1.561532977309053,-1.1429425971277478,-0.8688323364582651
HZA-UNCOVER-20466,UNCOVER-20466,8.5,True,0.0,0.1,2.0,82.1113985112456,0.5647367569871632,-1.6404822914985058,-2.3530696508015154,-2.0724235505864863,-1.6434529929221995,-1.2248626127408944,-0.9507523520714116
HZA-UNCOVER-20466,UNCOVER-20466,8.5,True,0.0,0.1,2.0,93.36082312987881,0.5686355528577653,-1.7082113128052931,-2.420798672108303,-2.1401525718932737,-1.7111820142289869,-1.2925916340476817,-1.018481373378199
HZA-UNCOVER-20466,UNCOVER-20466,8.5,True,0.0,0.1,2.0,100.0,0.5704355020194353,-1.7394796323500792,-2.452066991653089,-2.1714208914380597,-1.742450333773773,-1.3238599535924678,-1.049749692922985
HZA-UNCOVER-20466,UNCOVER-20466,8.5,True,0.0,0.1,2.0,106.15144125568361,0.571856822057899,-1.764170490339012,-2.4767578496420217,-2.1961117494269926,-1.7671411917627058,-1.3485508115814007,-1.074440550911918
HZA-UNCOVER-20466,UNCOVER-20466,8.5,True,0.0,0.1,2.0,120.69439945900218,0.5745166142009014,-1.810375812367635,-2.5229631716706447,-2.2423170714556155,-1.8133465137913287,-1.3947561336100236,-1.1206458729405409
HZA-UNCOVER-20466,UNCOVER-20466,8.5,True,0.0,0.1,2.0,137.22977180952068,0.5767114438889658,-1.848503909257385,-2.5610912685603946,-2.2804451683453655,-1.8514746106810787,-1.4328842304997735,-1.1587739698302908
HZA-UNCOVER-20466,UNCOVER-20466,8.5,True,0.0,0.1,2.0,156.03052300111096,0.578521494653435,-1.879947711616337,-2.5925350709193467,-2.3118889707043175,-1.8829184130400307,-1.4643280328587256,-1.1902177721892429
HZA-UNCOVER-20466,UNCOVER-20466,8.5,True,0.0,0.1,2.0,177.40701443264487,0.5800133201924946,-1.905863375599374,-2.6184507349023836,-2.3378046346873544,-1.9088340770230676,-1.4902436968417625,-1.2161334361722798
HZA-UNCOVER-20466,UNCOVER-20466,8.5,True,0.0,0.1,2.0,201.71212763082622,0.5812421154511591,-1.9272097356084483,-2.639797094911458,-2.359150994696429,-1.930180437032142,-1.511590056850837,-1.2374797961813542
HZA-UNCOVER-20466,UNCOVER-20466,8.5,True,0.0,0.1,2.0,229.34708959212247,0.5822536214351417,-1.9447813942986762,-2.657368753601686,-2.376722653386657,-1.94775209572237,-1.5291617155410648,-1.255051454871582
HZA-UNCOVER-20466,UNCOVER-20466,8.5,True,0.0,0.1,2.0,260.76809620810604,0.583085719471789,-1.959236417727416,-2.6718237770304256,-2.3911776768153965,-1.9622071191511097,-1.5436167389698046,-1.2695064783003218
HZA-UNCOVER-20466,UNCOVER-20466,8.5,True,0.0,0.1,2.0,296.49384311321825,0.5837697631050928,-1.971119472740412,-2.6837068320434216,-2.4030607318283925,-1.9740901741641057,-1.5554997939828006,-1.2813895333133178
HZA-UNCOVER-20466,UNCOVER-20466,8.5,True,0.0,0.1,2.0,300.0,0.5838259381659467,-1.972095333498391,-2.6846826928014007,-2.4040365925863716,-1.9750660349220848,-1.5564756547407796,-1.282365394071297
HZA-UNCOVER-20466,UNCOVER-20466,8.5,True,0.0,0.1,2.0,337.1140882736292,0.584331689021366,-1.9808811257274481,-2.6934684850304578,-2.4128223848154287,-1.9838518271511418,-1.5652614469698367,-1.291151186300354
HZA-UNCOVER-20466,UNCOVER-20466,8.5,True,0.0,0.1,2.0,383.2993876677698,0.5847929423678486,-1.9888939170529198,-2.7014812763559295,-2.4208351761409004,-1.9918646184766136,-1.5732742382953084,-1.2991639776258257
HZA-UNCOVER-20466,UNCOVER-20466,8.5,True,0.0,0.1,2.0,435.8121647744256,0.5851712465278869,-1.995465733420346,-2.7080530927233557,-2.4274069925083266,-1.9984364348440398,-1.5798460546627346,-1.305735793993252
HZA-UNCOVER-20466,UNCOVER-20466,8.5,True,0.0,0.1,2.0,495.51929660267956,0.5854812428082931,-2.0008509203799836,-2.7134382796829932,-2.432792179467964,-2.0038216218036773,-1.5852312416223722,-1.3111209809528894
HZA-UNCOVER-20466,UNCOVER-20466,8.5,True,0.0,0.1,2.0,563.4064240329424,0.585735021518436,-2.005259508117568,-2.717846867420578,-2.4372007672055487,-2.008230209541262,-1.5896398293599567,-1.315529568690474
HZA-UNCOVER-20466,UNCOVER-20466,8.5,True,0.0,0.1,2.0,640.5942227031146,0.5859425625121433,-2.0088648644509988,-2.7214522237540084,-2.4408061235389793,-2.0118355658746925,-1.5932451856933874,-1.3191349250239046
HZA-UNCOVER-20466,UNCOVER-20466,8.5,True,0.0,0.1,2.0,728.3569030384599,0.5861121003574274,-2.0118100384782274,-2.724397397781237,-2.443751297566208,-2.014780739901921,-1.596190359720616,-1.3220800990511332
HZA-UNCOVER-20466,UNCOVER-20466,8.5,True,0.0,0.1,2.0,828.1432448223001,0.5862504268326788,-2.014213015474338,-2.7268003747773477,-2.4461542745623186,-2.0171837168980318,-1.5985933367167267,-1.324483076047244
HZA-UNCOVER-20466,UNCOVER-20466,8.5,True,0.0,0.1,2.0,941.6005135446557,0.5863631413628513,-2.0161710674137066,-2.728758426716716,-2.448112326501687,-2.0191417688374003,-1.6005513886560951,-1.3264411279866124
HZA-UNCOVER-20466,UNCOVER-20466,8.5,True,0.0,0.1,2.0,1070.6016533381312,0.5864548582521807,-2.0177643529710316,-2.7303517122740413,-2.449705612059012,-2.0207350543947253,-1.6021446742134202,-1.3280344135439375
HZA-UNCOVER-20466,UNCOVER-20466,8.5,True,0.0,0.1,2.0,1100.0,0.5864718978433711,-2.0180603609881445,-2.730647720291154,-2.450001620076125,-2.021031062411838,-1.602440682230533,-1.3283304215610503
HZA-UNCOVER-20466,UNCOVER-20466,8.5,True,0.0,0.1,2.0,1217.2762054000095,0.5865293780935786,-2.019058895207488,-2.7316462545104976,-2.4510001542954685,-2.0220295966311816,-1.6034392164498765,-1.3293289557803938
HZA-UNCOVER-20466,UNCOVER-20466,8.5,True,0.0,0.1,2.0,1384.0454622995594,0.5865898294971387,-2.020109043647066,-2.7326964029500758,-2.4520503027350466,-2.02307974507076,-1.6044893648894547,-1.330379104219972
HZA-UNCOVER-20466,UNCOVER-20466,8.5,True,0.0,0.1,2.0,1573.662438495233,0.586638786244577,-2.020959509457642,-2.7335468687606514,-2.4529007685456223,-2.0239302108813355,-1.6053398307000304,-1.3312295700305476
HZA-UNCOVER-20466,UNCOVER-20466,8.5,True,0.0,0.1,2.0,1789.257316892076,0.5866783641112565,-2.0216470474218173,-2.734234406724827,-2.453588306509798,-2.024617748845511,-1.606027368664206,-1.3319171079947232
HZA-UNCOVER-20466,UNCOVER-20466,8.5,True,0.0,0.1,2.0,2034.389121667738,0.5867103008755424,-2.0222018458417867,-2.7347892051447964,-2.4541431049297673,-2.0251725472654805,-1.6065821670841753,-1.3324719064146926
HZA-UNCOVER-20466,UNCOVER-20466,8.5,True,0.0,0.1,2.0,2313.104470378237,0.5867360224334273,-2.022648675067998,-2.735236034371008,-2.4545899341559787,-2.025619376491692,-1.6070289963103868,-1.332918735640904
HZA-UNCOVER-20466,UNCOVER-20466,8.5,True,0.0,0.1,2.0,2630.004375218852,0.5867566974350367,-2.023007836632493,-2.7355951959355025,-2.4549490957204734,-2.0259785380561866,-1.6073881578748814,-1.3332778972053987
HZA-UNCOVER-20466,UNCOVER-20466,8.5,True,0.0,0.1,2.0,2990.320196190382,0.5867732824422573,-2.023295947717223,-2.7358833070202326,-2.4552372068052035,-2.0262666491409167,-1.6076762689596116,-1.3335660082901288
HZA-UNCOVER-20466,UNCOVER-20466,8.5,True,0.0,0.1,2.0,3400.0,0.5867865592595153,-2.023526589656118,-2.7361139489591277,-2.4554678487440986,-2.026497291079812,-1.6079069108985067,-1.333796650229024
HZA-UNCOVER-20466,UNCOVER-20466,8.5,True,0.0,0.057190958417936644,0.3,20.0,0.4090078076473212,6.2178148049506285,5.505227445647619,5.785873545862648,6.214844103526935,6.63343448370824,6.907544744377723
HZA-UNCOVER-20466,UNCOVER-20466,8.5,True,0.0,0.057190958417936644,0.3,22.74003970766435,0.4390398920668028,6.0744723320589165,5.361884972755907,5.642531072970936,6.071501630635223,6.490092010816528,6.764202271486011
HZA-UNCOVER-20466,UNCOVER-20466,8.5,True,0.0,0.057190958417936644,0.3,25.0,0.45799321644691304,5.9840085351337375,5.271421175830728,5.552067276045758,5.981037833710044,6.399628213891349,6.673738474560832
HZA-UNCOVER-20466,UNCOVER-20466,8.5,True,0.0,0.057190958417936644,0.3,25.85547029530757,0.4641391994669837,5.954673894482692,5.242086535179682,5.522732635394711,5.951703193058998,6.370293573240303,6.644403833909786
HZA-UNCOVER-20466,UNCOVER-20466,8.5,True,0.0,0.057190958417936644,0.3,29.39772105878151,0.48508156697904764,5.854716438801095,5.142129079498085,5.422775179713113,5.851745737377401,6.270336117558706,6.544446378228189
HZA-UNCOVER-20466,UNCOVER-20466,8.5,True,0.0,0.057190958417936644,0.3,30.0,0.488054341224642,5.8405274532561595,5.12794009395315,5.40858619416818,5.837556751832466,6.256147132013771,6.530257392683254
HZA-UNCOVER-20466,UNCOVER-20466,8.5,True,0.0,0.057190958417936644,0.3,33.425267209576596,0.5025298173977084,5.77143632651484,5.05884896721183,5.33949506742686,5.768465625091146,6.187056005272451,6.461166265941934
HZA-UNCOVER-20466,UNCOVER-20466,8.5,True,0.0,0.057190958417936644,0.3,38.004595179253144,0.5170477773064184,5.702142425845486,4.989555066542477,5.270201166757506,5.6991717244217925,6.117762104603098,6.39187236527258
HZA-UNCOVER-20466,UNCOVER-20466,8.5,True,0.0,0.057190958417936644,0.3,43.21130017249628,0.5291132517093576,5.644554184104694,4.931966824801684,5.212612925016713,5.641583482681,6.060173862862305,6.334284123531788
HZA-UNCOVER-20466,UNCOVER-20466,8.5,True,0.0,0.057190958417936644,0.3,49.13133408711842,0.5391298088242508,5.596745379139479,4.88415801983647,5.164804120051499,5.5937746777157855,6.012365057897091,6.286475318566573
HZA-UNCOVER-20466,UNCOVER-20466,8.5,True,0.0,0.057190958417936644,0.3,55.862424401579815,0.5474373254534881,5.557093786509718,4.844506427206708,5.125152527421736,5.554123085086024,5.972713465267329,6.246823725936812
HZA-UNCOVER-20466,UNCOVER-20466,8.5,True,0.0,0.057190958417936644,0.3,60.0,0.5514276743545752,5.538047939701578,4.825460580398568,5.106106680613598,5.535077238277884,5.953667618459189,6.227777879128672
HZA-UNCOVER-20466,UNCOVER-20466,8.5,True,0.0,0.057190958417936644,0.3,63.51568745291611,0.554321309802507,5.524236681882771,4.811649322579761,5.092295422794789,5.521265980459077,5.939856360640382,6.213966621309865
HZA-UNCOVER-20466,UNCOVER-20466,8.5,True,0.0,0.057190958417936644,0.3,72.21746273694556,0.5600210618179464,5.497031891920452,4.784444532617442,5.065090632832471,5.494061190496758,5.912651570678063,6.186761831347546
HZA-UNCOVER-20466,UNCOVER-20466,8.5,True,0.0,0.057190958417936644,0.3,82.1113985112456,0.5647367569871632,5.47452398346104,4.7619366241580305,5.042582724373059,5.4715532820373465,5.890143662218652,6.164253922888134
HZA-UNCOVER-20466,UNCOVER-20466,8.5,True,0.0,0.057190958417936644,0.3,93.36082312987881,0.5686355528577653,5.4559151172369695,4.74332775793396,5.02397385814899,5.452944415813276,5.871534795994581,6.145645056664064
HZA-UNCOVER-20466,UNCOVER-20466,8.5,True,0.0,0.057190958417936644,0.3,100.0,0.5704355020194353,5.447323999807047,4.734736640504037,5.015382740719066,5.444353298383353,5.862943678564658,6.137053939234141
HZA-UNCOVER-20466,UNCOVER-20466,8.5,True,0.0,0.057190958417936644,0.3,106.15144125568361,0.571856822057899,5.440540070785064,4.727952711482055,5.008598811697084,5.437569369361371,5.856159749542676,6.130270010212159
HZA-UNCOVER-20466,UNCOVER-20466,8.5,True,0.0,0.057190958417936644,0.3,120.69439945900218,0.5745166142009014,5.427844941874579,4.715257582571569,4.995903682786598,5.424874240450885,5.84346462063219,6.117574881301673
HZA-UNCOVER-20466,UNCOVER-20466,8.5,True,0.0,0.057190958417936644,0.3,137.22977180952068,0.5767114438889658,5.417369068449716,4.704781709146706,4.9854278093617355,5.414398367026022,5.832988747207327,6.10709900787681
HZA-UNCOVER-20466,UNCOVER-20466,8.5,True,0.0,0.057190958417936644,0.3,156.03052300111096,0.578521494653435,5.408729736293662,4.696142376990652,4.97678847720568,5.405759034869968,5.824349415051273,6.098459675720756
HZA-UNCOVER-20466,UNCOVER-20466,8.5,True,0.0,0.057190958417936644,0.3,177.40701443264487,0.5800133201924946,5.401609286080985,4.689021926777976,4.969668026993005,5.3986385846572915,5.817228964838597,6.091339225508079
HZA-UNCOVER-20466,UNCOVER-20466,8.5,True,0.0,0.057190958417936644,0.3,201.71212763082622,0.5812421154511591,5.395744273563229,4.683156914260219,4.963803014475248,5.392773572139535,5.81136395232084,6.085474212990323
HZA-UNCOVER-20466,UNCOVER-20466,8.5,True,0.0,0.057190958417936644,0.3,229.34708959212247,0.5822536214351417,5.390916377934554,4.678329018631544,4.958975118846572,5.38794567651086,5.806536056692165,6.080646317361648
HZA-UNCOVER-20466,UNCOVER-20466,8.5,True,0.0,0.057190958417936644,0.3,260.76809620810604,0.583085719471789,5.386944792459653,4.6743574331566435,4.9550035333716735,5.3839740910359595,5.802564471217265,6.076674731886747
HZA-UNCOVER-20466,UNCOVER-20466,8.5,True,0.0,0.057190958417936644,0.3,296.49384311321825,0.5837697631050928,5.383679867368407,4.6710925080653976,4.951738608280428,5.3807091659447135,5.799299546126019,6.073409806795501
HZA-UNCOVER-20466,UNCOVER-20466,8.5,True,0.0,0.057190958417936644,0.3,300.0,0.5838259381659467,5.383411745048785,4.670824385745775,4.9514704859608045,5.380441043625091,5.7990314238063965,6.073141684475879
HZA-UNCOVER-20466,UNCOVER-20466,8.5,True,0.0,0.057190958417936644,0.3,337.1140882736292,0.584331689021366,5.380997807432259,4.668410448129249,4.949056548344277,5.378027106008565,5.79661748618987,6.070727746859353
HZA-UNCOVER-20466,UNCOVER-20466,8.5,True,0.0,0.057190958417936644,0.3,383.2993876677698,0.5847929423678486,5.378796255439034,4.666208896136024,4.946854996351053,5.37582555401534,5.794415934196645,6.068526194866128
HZA-UNCOVER-20466,UNCOVER-20466,8.5,True,0.0,0.057190958417936644,0.3,435.8121647744256,0.5851712465278869,5.376990618073086,4.6644032587700766,4.945049358985106,5.3740199166493925,5.792610296830698,6.06672055750018
HZA-UNCOVER-20466,UNCOVER-20466,8.5,True,0.0,0.057190958417936644,0.3,495.51929660267956,0.5854812428082931,5.375511012701711,4.6629236533987015,4.943569753613731,5.3725403112780175,5.791130691459323,6.065240952128805
HZA-UNCOVER-20466,UNCOVER-20466,8.5,True,0.0,0.057190958417936644,0.3,563.4064240329424,0.585735021518436,5.374299732546426,4.661712373243416,4.942358473458445,5.371329031122732,5.789919411304037,6.06402967197352
HZA-UNCOVER-20466,UNCOVER-20466,8.5,True,0.0,0.057190958417936644,0.3,640.5942227031146,0.5859425625121433,5.373309143986242,4.660721784683233,4.941367884898263,5.370338442562549,5.788928822743854,6.0630390834133365
HZA-UNCOVER-20466,UNCOVER-20466,8.5,True,0.0,0.057190958417936644,0.3,728.3569030384599,0.5861121003574274,5.37249994361066,4.6599125843076505,4.94055868452268,5.3695292421869665,5.788119622368272,6.062229883037754
HZA-UNCOVER-20466,UNCOVER-20466,8.5,True,0.0,0.057190958417936644,0.3,828.1432448223001,0.5862504268326788,5.371839714412048,4.659252355109039,4.939898455324068,5.3688690129883545,5.78745939316966,6.061569653839142
HZA-UNCOVER-20466,UNCOVER-20466,8.5,True,0.0,0.057190958417936644,0.3,941.6005135446557,0.5863631413628513,5.371301730459284,4.658714371156274,4.9393604713713035,5.36833102903559,5.7869214092168955,6.061031669886378
HZA-UNCOVER-20466,UNCOVER-20466,8.5,True,0.0,0.057190958417936644,0.3,1070.6016533381312,0.5864548582521807,5.3708639677805845,4.658276608477575,4.938922708692603,5.367893266356891,5.786483646538196,6.060593907207679
HZA-UNCOVER-20466,UNCOVER-20466,8.5,True,0.0,0.057190958417936644,0.3,1100.0,0.5864718978433711,5.3707826381897315,4.658195278886722,4.938841379101751,5.367811936766038,5.786402316947343,6.060512577616826
HZA-UNCOVER-20466,UNCOVER-20466,8.5,True,0.0,0.057190958417936644,0.3,1217.2762054000095,0.5865293780935786,5.370508286230271,4.657920926927261,4.938567027142289,5.367537584806577,5.786127964987882,6.060238225657365
HZA-UNCOVER-20466,UNCOVER-20466,8.5,True,0.0,0.057190958417936644,0.3,1384.0454622995594,0.5865898294971387,5.370219753021751,4.657632393718742,4.938278493933771,5.3672490515980575,5.785839431779363,6.059949692448845
HZA-UNCOVER-20466,UNCOVER-20466,8.5,True,0.0,0.057190958417936644,0.3,1573.662438495233,0.586638786244577,5.369986083551975,4.657398724248965,4.938044824463995,5.367015382128281,5.7856057623095865,6.059716022979069
HZA-UNCOVER-20466,UNCOVER-20466,8.5,True,0.0,0.057190958417936644,0.3,1789.257316892076,0.5866783641112565,5.3697971792720605,4.657209819969051,4.93785592018408,5.366826477848367,5.785416858029672,6.059527118699155
HZA-UNCOVER-20466,UNCOVER-20466,8.5,True,0.0,0.057190958417936644,0.3,2034.389121667738,0.5867103008755424,5.369644745804408,4.657057386501398,4.937703486716427,5.366674044380714,5.785264424562019,6.059374685231502
HZA-UNCOVER-20466,UNCOVER-20466,8.5,True,0.0,0.057190958417936644,0.3,2313.104470378237,0.5867360224334273,5.369521977379068,4.6569346180760585,4.937580718291088,5.366551275955374,5.7851416561366795,6.059251916806162
HZA-UNCOVER-20466,UNCOVER-20466,8.5,True,0.0,0.057190958417936644,0.3,2630.004375218852,0.5867566974350367,5.36942329605491,4.6568359367519,4.93748203696693,5.366452594631216,5.785042974812521,6.059153235482004
HZA-UNCOVER-20466,UNCOVER-20466,8.5,True,0.0,0.057190958417936644,0.3,2990.320196190382,0.5867732824422573,5.369344136183264,4.656756776880254,4.937402877095282,5.36637343475957,5.784963814940875,6.059074075610358
HZA-UNCOVER-20466,UNCOVER-20466,8.5,True,0.0,0.057190958417936644,0.3,3400.0,0.5867865592595153,5.369280766228941,4.656693406925931,4.93733950714096,5.366310064805247,5.784900444986552,6.059010705656035
HZA-UNCOVER-20466,UNCOVER-20466,8.5,True,0.0,0.057190958417936644,1.0,20.0,0.4090078076473212,1.6627160165020944,0.9501286571990848,1.230774757414114,1.6597453150784007,2.078335695259706,2.3524459559291886
HZA-UNCOVER-20466,UNCOVER-20466,8.5,True,0.0,0.057190958417936644,1.0,22.74003970766435,0.4390398920668028,1.184907773529721,0.47232041422671145,0.7529665144417406,1.1819370721060274,1.6005274522873325,1.8746377129568152
HZA-UNCOVER-20466,UNCOVER-20466,8.5,True,0.0,0.057190958417936644,1.0,25.0,0.45799321644691304,0.8833617837791277,0.17077442447611801,0.45142052469114713,0.880391082355434,1.298981462536739,1.5730917232062218
HZA-UNCOVER-20466,UNCOVER-20466,8.5,True,0.0,0.057190958417936644,1.0,25.85547029530757,0.4641391994669837,0.785579648275637,0.07299228897262733,0.35363838918765644,0.7826089468519433,1.2011993270332484,1.4753095877027311
HZA-UNCOVER-20466,UNCOVER-20466,8.5,True,0.0,0.057190958417936644,1.0,29.39772105878151,0.48508156697904764,0.45238812933698025,-0.2601992299660294,0.020446870248999716,0.44941742791328654,0.8680078080945917,1.1421180687640744
HZA-UNCOVER-20466,UNCOVER-20466,8.5,True,0.0,0.057190958417936644,1.0,30.0,0.488054341224642,0.40509151085386463,-0.307495848449145,-0.0268497482341159,0.4021208094301709,0.820711189611476,1.0948214502809588
HZA-UNCOVER-20466,UNCOVER-20466,8.5,True,0.0,0.057190958417936644,1.0,33.425267209576596,0.5025298173977084,0.17478775504946586,-0.5377996042535438,-0.25715350403851467,0.17181705362577215,0.5904074338070773,0.86451769447656
HZA-UNCOVER-20466,UNCOVER-20466,8.5,True,0.0,0.057190958417936644,1.0,38.004595179253144,0.5170477773064184,-0.05619191384838018,-0.7687792731513898,-0.4881331729363607,-0.05916261527207389,0.35942776490923123,0.633538025578714
HZA-UNCOVER-20466,UNCOVER-20466,8.5,True,0.0,0.057190958417936644,1.0,43.21130017249628,0.5291132517093576,-0.2481527196510207,-0.9607400789540304,-0.6800939787390012,-0.2511234210747144,0.1674669591065907,0.44157721977607345
HZA-UNCOVER-20466,UNCOVER-20466,8.5,True,0.0,0.057190958417936644,1.0,49.13133408711842,0.5391298088242508,-0.4075154028684018,-1.1201027621714115,-0.8394566619563824,-0.41048610429209553,0.008104275889209589,0.28221453655869233
HZA-UNCOVER-20466,UNCOVER-20466,8.5,True,0.0,0.057190958417936644,1.0,55.862424401579815,0.5474373254534881,-0.5396873783009415,-1.2522747376039511,-0.971628637388922,-0.5426580797246352,-0.12406769954333008,0.15004256112615266
HZA-UNCOVER-20466,UNCOVER-20466,8.5,True,0.0,0.057190958417936644,1.0,60.0,0.5514276743545752,-0.6031735343280733,-1.315760893631083,-1.0351147934160538,-0.606144235751767,-0.1875538555704619,0.08655640509902085
HZA-UNCOVER-20466,UNCOVER-20466,8.5,True,0.0,0.057190958417936644,1.0,63.51568745291611,0.554321309802507,-0.6492110603907673,-1.361798419693777,-1.0811523194787478,-0.652181761814461,-0.23359138163315585,0.040518879036326894
HZA-UNCOVER-20466,UNCOVER-20466,8.5,True,0.0,0.057190958417936644,1.0,72.21746273694556,0.5600210618179464,-0.7398936935984946,-1.4524810529015042,-1.171834952686475,-0.7428643950221883,-0.32427401484088314,-0.0501637541714004
HZA-UNCOVER-20466,UNCOVER-20466,8.5,True,0.0,0.057190958417936644,1.0,82.1113985112456,0.5647367569871632,-0.8149200551298694,-1.527507414432879,-1.24686131421785,-0.8178907565535631,-0.399300376372258,-0.12519011570277527
HZA-UNCOVER-20466,UNCOVER-20466,8.5,True,0.0,0.057190958417936644,1.0,93.36082312987881,0.5686355528577653,-0.8769496092101008,-1.5895369685131104,-1.3088908682980813,-0.8799203106337945,-0.4613299304524894,-0.18721966978300664
HZA-UNCOVER-20466,UNCOVER-20466,8.5,True,0.0,0.057190958417936644,1.0,100.0,0.5704355020194353,-0.9055866673098443,-1.618174026612854,-1.3375279263978248,-0.908557368733538,-0.48996698855223286,-0.21585672788275012
HZA-UNCOVER-20466,UNCOVER-20466,8.5,True,0.0,0.057190958417936644,1.0,106.15144125568361,0.571856822057899,-0.9281997640497845,-1.6407871233527942,-1.360141023137765,-0.9311704654734783,-0.5125800852921731,-0.2384698246226904
HZA-UNCOVER-20466,UNCOVER-20466,8.5,True,0.0,0.057190958417936644,1.0,120.69439945900218,0.5745166142009014,-0.970516860418071,-1.6831042197210806,-1.4024581195060515,-0.9734875618417647,-0.5548971816604595,-0.2807869209909768
HZA-UNCOVER-20466,UNCOVER-20466,8.5,True,0.0,0.057190958417936644,1.0,137.22977180952068,0.5767114438889658,-1.005436438500947,-1.7180237978039568,-1.4373776975889276,-1.0084071399246408,-0.5898167597433357,-0.31570649907385295
HZA-UNCOVER-20466,UNCOVER-20466,8.5,True,0.0,0.057190958417936644,1.0,156.03052300111096,0.578521494653435,-1.0342342123544626,-1.7468215716574722,-1.466175471442443,-1.0372049137781563,-0.6186145335968511,-0.3445042729273684
HZA-UNCOVER-20466,UNCOVER-20466,8.5,True,0.0,0.057190958417936644,1.0,177.40701443264487,0.5800133201924946,-1.0579690463967175,-1.7705564056997272,-1.489910305484698,-1.0609397478204112,-0.6423493676391061,-0.36823910696962336
HZA-UNCOVER-20466,UNCOVER-20466,8.5,True,0.0,0.057190958417936644,1.0,201.71212763082622,0.5812421154511591,-1.0775190881225711,-1.7901064474255808,-1.5094603472105517,-1.0804897895462648,-0.6618994093649597,-0.387789148695477
HZA-UNCOVER-20466,UNCOVER-20466,8.5,True,0.0,0.057190958417936644,1.0,229.34708959212247,0.5822536214351417,-1.0936120735514887,-1.8061994328544984,-1.5255533326394692,-1.0965827749751824,-0.6779923947938773,-0.40388213412439455
HZA-UNCOVER-20466,UNCOVER-20466,8.5,True,0.0,0.057190958417936644,1.0,260.76809620810604,0.583085719471789,-1.1068506918011547,-1.8194380511041643,-1.5387919508891352,-1.1098213932248484,-0.6912310130435433,-0.41712075237406054
HZA-UNCOVER-20466,UNCOVER-20466,8.5,True,0.0,0.057190958417936644,1.0,296.49384311321825,0.5837697631050928,-1.1177337754386407,-1.8303211347416504,-1.5496750345266213,-1.1207044768623344,-0.7021140966810293,-0.42800383601154657
HZA-UNCOVER-20466,UNCOVER-20466,8.5,True,0.0,0.057190958417936644,1.0,300.0,0.5838259381659467,-1.118627516504052,-1.8312148758070617,-1.5505687755920325,-1.1215982179277457,-0.7030078377464406,-0.42889757707695786
HZA-UNCOVER-20466,UNCOVER-20466,8.5,True,0.0,0.057190958417936644,1.0,337.1140882736292,0.584331689021366,-1.1266739752258061,-1.8392613345288158,-1.5586152343137867,-1.1296446766494999,-0.7110542964681947,-0.436944035798712
HZA-UNCOVER-20466,UNCOVER-20466,8.5,True,0.0,0.057190958417936644,1.0,383.2993876677698,0.5847929423678486,-1.1340124818698882,-1.8465998411728979,-1.5659537409578688,-1.136983183293582,-0.7183928031122768,-0.4442825424427941
HZA-UNCOVER-20466,UNCOVER-20466,8.5,True,0.0,0.057190958417936644,1.0,435.8121647744256,0.5851712465278869,-1.140031273089713,-1.8526186323927227,-1.5719725321776936,-1.1430019745134068,-0.7244115943321017,-0.45030133366261893
HZA-UNCOVER-20466,UNCOVER-20466,8.5,True,0.0,0.057190958417936644,1.0,495.51929660267956,0.5854812428082931,-1.144963290994296,-1.8575506502973056,-1.5769045500822765,-1.1479339924179897,-0.7293436122366845,-0.4552333515672018
HZA-UNCOVER-20466,UNCOVER-20466,8.5,True,0.0,0.057190958417936644,1.0,563.4064240329424,0.585735021518436,-1.149000891511914,-1.8615882508149237,-1.5809421505998946,-1.1519715929356078,-0.7333812127543027,-0.45927095208481994
HZA-UNCOVER-20466,UNCOVER-20466,8.5,True,0.0,0.057190958417936644,1.0,640.5942227031146,0.5859425625121433,-1.152302853379192,-1.8648902126822016,-1.5842441124671724,-1.1552735548028856,-0.7366831746215805,-0.46257291395209776
HZA-UNCOVER-20466,UNCOVER-20466,8.5,True,0.0,0.057190958417936644,1.0,728.3569030384599,0.5861121003574274,-1.1550001879644665,-1.8675875472674761,-1.586941447052447,-1.1579708893881602,-0.739380509206855,-0.4652702485373723
HZA-UNCOVER-20466,UNCOVER-20466,8.5,True,0.0,0.057190958417936644,1.0,828.1432448223001,0.5862504268326788,-1.1572009519598403,-1.86978831126285,-1.5891422110478208,-1.160171653383534,-0.7415812732022289,-0.46747101253274614
HZA-UNCOVER-20466,UNCOVER-20466,8.5,True,0.0,0.057190958417936644,1.0,941.6005135446557,0.5863631413628513,-1.1589942318023887,-1.8715815911053983,-1.5909354908903692,-1.1619649332260824,-0.7433745530447773,-0.46926429237529454
HZA-UNCOVER-20466,UNCOVER-20466,8.5,True,0.0,0.057190958417936644,1.0,1070.6016533381312,0.5864548582521807,-1.160453440731386,-1.8730408000343957,-1.5923946998193665,-1.1634241421550797,-0.7448337619737746,-0.47072350130429186
HZA-UNCOVER-20466,UNCOVER-20466,8.5,True,0.0,0.057190958417936644,1.0,1100.0,0.5864718978433711,-1.1607245393675623,-1.873311898670572,-1.5926657984555428,-1.163695240791256,-0.7451048606099508,-0.4709945999404681
HZA-UNCOVER-20466,UNCOVER-20466,8.5,True,0.0,0.057190958417936644,1.0,1217.2762054000095,0.5865293780935786,-1.1616390458990988,-1.8742264052021085,-1.5935803049870794,-1.1646097473227925,-0.7460193671414874,-0.4719091064720047
HZA-UNCOVER-20466,UNCOVER-20466,8.5,True,0.0,0.057190958417936644,1.0,1384.0454622995594,0.5865898294971387,-1.1626008232608314,-1.875188182563841,-1.594542082348812,-1.165571524684525,-0.74698114450322,-0.4728708838337372
HZA-UNCOVER-20466,UNCOVER-20466,8.5,True,0.0,0.057190958417936644,1.0,1573.662438495233,0.586638786244577,-1.1633797214934152,-1.8759670807964248,-1.5953209805813957,-1.1663504229171089,-0.7477600427358038,-0.473649782066321
HZA-UNCOVER-20466,UNCOVER-20466,8.5,True,0.0,0.057190958417936644,1.0,1789.257316892076,0.5866783641112565,-1.1640094024264656,-1.8765967617294752,-1.595950661514446,-1.1669801038501593,-0.7483897236688541,-0.4742794629993714
HZA-UNCOVER-20466,UNCOVER-20466,8.5,True,0.0,0.057190958417936644,1.0,2034.389121667738,0.5867103008755424,-1.1645175139853094,-1.877104873288319,-1.59645877307329,-1.1674882154090032,-0.748897835227698,-0.4747875745582153
HZA-UNCOVER-20466,UNCOVER-20466,8.5,True,0.0,0.057190958417936644,1.0,2313.104470378237,0.5867360224334273,-1.164926742069774,-1.8775141013727836,-1.5968680011577545,-1.1678974434934677,-0.7493070633121626,-0.4751968026426798
HZA-UNCOVER-20466,UNCOVER-20466,8.5,True,0.0,0.057190958417936644,1.0,2630.004375218852,0.5867566974350367,-1.1652556798169655,-1.8778430391199752,-1.597196938904946,-1.1682263812406593,-0.7496360010593541,-0.4755257403898714
HZA-UNCOVER-20466,UNCOVER-20466,8.5,True,0.0,0.057190958417936644,1.0,2990.320196190382,0.5867732824422573,-1.1655195460557888,-1.8781069053587984,-1.5974608051437693,-1.1684902474794825,-0.7498998672981774,-0.47578960662869463
HZA-UNCOVER-20466,UNCOVER-20466,8.5,True,0.0,0.057190958417936644,1.0,3400.0,0.5867865592595153,-1.1657307792368652,-1.8783181385398748,-1.5976720383248457,-1.168701480660559,-0.7501111004792538,-0.47600083980977104
HZA-UNCOVER-20466,UNCOVER-20466,8.5,True,0.0,0.057190958417936644,2.0,20.0,0.4090078076473212,-4.844567966995811,-5.557155326298821,-5.276509226083792,-4.847538668419505,-4.4289482882382,-4.154838027568717
HZA-UNCOVER-20466,UNCOVER-20466,8.5,True,0.0,0.057190958417936644,2.0,22.74003970766435,0.4390398920668028,-5.800184452940558,-6.512771812243567,-6.232125712028538,-5.8031551543642514,-5.384564774182946,-5.110454513513464
HZA-UNCOVER-20466,UNCOVER-20466,8.5,True,0.0,0.057190958417936644,2.0,25.0,0.45799321644691304,-6.403276432441745,-7.115863791744754,-6.835217691529725,-6.406247133865438,-5.987656753684133,-5.7135464930146505
HZA-UNCOVER-20466,UNCOVER-20466,8.5,True,0.0,0.057190958417936644,2.0,25.85547029530757,0.4641391994669837,-6.598840703448726,-7.311428062751736,-7.0307819625367065,-6.60181140487242,-6.183221024691115,-5.909110764021632
HZA-UNCOVER-20466,UNCOVER-20466,8.5,True,0.0,0.057190958417936644,2.0,29.39772105878151,0.48508156697904764,-7.265223741326039,-7.977811100629049,-7.69716500041402,-7.268194442749733,-6.849604062568428,-6.575493801898945
HZA-UNCOVER-20466,UNCOVER-20466,8.5,True,0.0,0.057190958417936644,2.0,30.0,0.488054341224642,-7.359816978292271,-8.07240433759528,-7.791758237380251,-7.362787679715964,-6.944197299534659,-6.6700870388651765
HZA-UNCOVER-20466,UNCOVER-20466,8.5,True,0.0,0.057190958417936644,2.0,33.425267209576596,0.5025298173977084,-7.820424489901068,-8.533011849204078,-8.25236574898905,-7.823395191324762,-7.404804811143457,-7.130694550473974
HZA-UNCOVER-20466,UNCOVER-20466,8.5,True,0.0,0.057190958417936644,2.0,38.004595179253144,0.5170477773064184,-8.28238382769676,-8.99497118699977,-8.71432508678474,-8.285354529120454,-7.866764148939149,-7.592653888269666
HZA-UNCOVER-20466,UNCOVER-20466,8.5,True,0.0,0.057190958417936644,2.0,43.21130017249628,0.5291132517093576,-8.666305439302041,-9.378892798605051,-9.098246698390021,-8.669276140725735,-8.25068576054443,-7.976575499874947
HZA-UNCOVER-20466,UNCOVER-20466,8.5,True,0.0,0.057190958417936644,2.0,49.13133408711842,0.5391298088242508,-8.985030805736804,-9.697618165039813,-9.416972064824783,-8.988001507160497,-8.569411126979192,-8.29530086630971
HZA-UNCOVER-20466,UNCOVER-20466,8.5,True,0.0,0.057190958417936644,2.0,55.862424401579815,0.5474373254534881,-9.249374756601883,-9.961962115904893,-9.681316015689863,-9.252345458025577,-8.833755077844271,-8.559644817174789
HZA-UNCOVER-20466,UNCOVER-20466,8.5,True,0.0,0.057190958417936644,2.0,60.0,0.5514276743545752,-9.376347068656147,-10.088934427959156,-9.808288327744126,-9.37931777007984,-8.960727389898535,-8.686617129229052
HZA-UNCOVER-20466,UNCOVER-20466,8.5,True,0.0,0.057190958417936644,2.0,63.51568745291611,0.554321309802507,-9.468422120781534,-10.181009480084544,-9.900363379869514,-9.471392822205228,-9.052802442023923,-8.77869218135444
HZA-UNCOVER-20466,UNCOVER-20466,8.5,True,0.0,0.057190958417936644,2.0,72.21746273694556,0.5600210618179464,-9.649787387196989,-10.362374746499999,-10.081728646284969,-9.652758088620683,-9.234167708439378,-8.960057447769895
HZA-UNCOVER-20466,UNCOVER-20466,8.5,True,0.0,0.057190958417936644,2.0,82.1113985112456,0.5647367569871632,-9.799840110259739,-10.512427469562748,-10.231781369347718,-9.802810811683432,-9.384220431502127,-9.110110170832645
HZA-UNCOVER-20466,UNCOVER-20466,8.5,True,0.0,0.057190958417936644,2.0,93.36082312987881,0.5686355528577653,-9.923899218420202,-10.636486577723211,-10.355840477508181,-9.926869919843895,-9.50827953966259,-9.234169278993107
HZA-UNCOVER-20466,UNCOVER-20466,8.5,True,0.0,0.057190958417936644,2.0,100.0,0.5704355020194353,-9.981173334619688,-10.693760693922698,-10.413114593707668,-9.984144036043382,-9.565553655862077,-9.291443395192594
HZA-UNCOVER-20466,UNCOVER-20466,8.5,True,0.0,0.057190958417936644,2.0,106.15144125568361,0.571856822057899,-10.026399528099569,-10.738986887402579,-10.458340787187549,-10.029370229523263,-9.610779849341958,-9.336669588672475
HZA-UNCOVER-20466,UNCOVER-20466,8.5,True,0.0,0.057190958417936644,2.0,120.69439945900218,0.5745166142009014,-10.111033720836142,-10.823621080139151,-10.542974979924121,-10.114004422259836,-9.69541404207853,-9.421303781409048
HZA-UNCOVER-20466,UNCOVER-20466,8.5,True,0.0,0.057190958417936644,2.0,137.22977180952068,0.5767114438889658,-10.180872877001894,-10.893460236304904,-10.612814136089874,-10.183843578425588,-9.765253198244283,-9.4911429375748
HZA-UNCOVER-20466,UNCOVER-20466,8.5,True,0.0,0.057190958417936644,2.0,156.03052300111096,0.578521494653435,-10.238468424708925,-10.951055784011935,-10.670409683796905,-10.241439126132619,-9.822848745951314,-9.548738485281831
HZA-UNCOVER-20466,UNCOVER-20466,8.5,True,0.0,0.057190958417936644,2.0,177.40701443264487,0.5800133201924946,-10.285938092793435,-10.998525452096445,-10.717879351881415,-10.288908794217129,-9.870318414035824,-9.59620815336634
HZA-UNCOVER-20466,UNCOVER-20466,8.5,True,0.0,0.057190958417936644,2.0,201.71212763082622,0.5812421154511591,-10.325038176245142,-11.037625535548152,-10.756979435333122,-10.328008877668836,-9.90941849748753,-9.635308236818048
HZA-UNCOVER-20466,UNCOVER-20466,8.5,True,0.0,0.057190958417936644,2.0,229.34708959212247,0.5822536214351417,-10.357224147102977,-11.069811506405987,-10.789165406190957,-10.360194848526671,-9.941604468345366,-9.667494207675883
HZA-UNCOVER-20466,UNCOVER-20466,8.5,True,0.0,0.057190958417936644,2.0,260.76809620810604,0.583085719471789,-10.38370138360231,-11.096288742905319,-10.815642642690289,-10.386672085026003,-9.968081704844698,-9.693971444175215
HZA-UNCOVER-20466,UNCOVER-20466,8.5,True,0.0,0.057190958417936644,2.0,296.49384311321825,0.5837697631050928,-10.405467550877281,-11.118054910180291,-10.837408809965261,-10.408438252300975,-9.98984787211967,-9.715737611450187
HZA-UNCOVER-20466,UNCOVER-20466,8.5,True,0.0,0.057190958417936644,2.0,300.0,0.5838259381659467,-10.407255033008104,-11.119842392311114,-10.839196292096084,-10.410225734431798,-9.991635354250493,-9.71752509358101
HZA-UNCOVER-20466,UNCOVER-20466,8.5,True,0.0,0.057190958417936644,2.0,337.1140882736292,0.584331689021366,-10.423347950451612,-11.135935309754622,-10.855289209539592,-10.426318651875306,-10.007728271694,-9.733618011024518
HZA-UNCOVER-20466,UNCOVER-20466,8.5,True,0.0,0.057190958417936644,2.0,383.2993876677698,0.5847929423678486,-10.438024963739776,-11.150612323042786,-10.869966222827756,-10.44099566516347,-10.022405284982165,-9.748295024312682
HZA-UNCOVER-20466,UNCOVER-20466,8.5,True,0.0,0.057190958417936644,2.0,435.8121647744256,0.5851712465278869,-10.450062546179426,-11.162649905482436,-10.882003805267406,-10.45303324760312,-10.034442867421815,-9.760332606752332
HZA-UNCOVER-20466,UNCOVER-20466,8.5,True,0.0,0.057190958417936644,2.0,495.51929660267956,0.5854812428082931,-10.459926581988592,-11.172513941291601,-10.891867841076571,-10.462897283412286,-10.04430690323098,-9.770196642561498
HZA-UNCOVER-20466,UNCOVER-20466,8.5,True,0.0,0.057190958417936644,2.0,563.4064240329424,0.585735021518436,-10.468001783023828,-11.180589142326838,-10.899943042111808,-10.470972484447522,-10.052382104266217,-9.778271843596734
HZA-UNCOVER-20466,UNCOVER-20466,8.5,True,0.0,0.057190958417936644,2.0,640.5942227031146,0.5859425625121433,-10.474605706758384,-11.187193066061393,-10.906546965846363,-10.477576408182077,-10.058986028000772,-9.78487576733129
HZA-UNCOVER-20466,UNCOVER-20466,8.5,True,0.0,0.057190958417936644,2.0,728.3569030384599,0.5861121003574274,-10.480000375928933,-11.192587735231943,-10.911941635016912,-10.482971077352627,-10.064380697171321,-9.790270436501839
HZA-UNCOVER-20466,UNCOVER-20466,8.5,True,0.0,0.057190958417936644,2.0,828.1432448223001,0.5862504268326788,-10.48440190391968,-11.19698926322269,-10.91634316300766,-10.487372605343374,-10.068782225162069,-9.794671964492586
HZA-UNCOVER-20466,UNCOVER-20466,8.5,True,0.0,0.057190958417936644,2.0,941.6005135446557,0.5863631413628513,-10.487988463604777,-11.200575822907787,-10.919929722692757,-10.490959165028471,-10.072368784847166,-9.798258524177683
HZA-UNCOVER-20466,UNCOVER-20466,8.5,True,0.0,0.057190958417936644,2.0,1070.6016533381312,0.5864548582521807,-10.490906881462772,-11.203494240765782,-10.922848140550752,-10.493877582886466,-10.07528720270516,-9.801176942035678
HZA-UNCOVER-20466,UNCOVER-20466,8.5,True,0.0,0.057190958417936644,2.0,1100.0,0.5864718978433711,-10.491449078735124,-11.204036438038134,-10.923390337823104,-10.494419780158818,-10.075829399977513,-9.80171913930803
HZA-UNCOVER-20466,UNCOVER-20466,8.5,True,0.0,0.057190958417936644,2.0,1217.2762054000095,0.5865293780935786,-10.493278091798198,-11.205865451101207,-10.925219350886177,-10.496248793221891,-10.077658413040586,-9.803548152371103
HZA-UNCOVER-20466,UNCOVER-20466,8.5,True,0.0,0.057190958417936644,2.0,1384.0454622995594,0.5865898294971387,-10.495201646521663,-11.207789005824672,-10.927142905609642,-10.498172347945356,-10.079581967764051,-9.805471707094569
HZA-UNCOVER-20466,UNCOVER-20466,8.5,True,0.0,0.057190958417936644,2.0,1573.662438495233,0.586638786244577,-10.49675944298683,-11.20934680228984,-10.92870070207481,-10.499730144410524,-10.081139764229219,-9.807029503559736
HZA-UNCOVER-20466,UNCOVER-20466,8.5,True,0.0,0.057190958417936644,2.0,1789.257316892076,0.5866783641112565,-10.498018804852931,-11.21060616415594,-10.92996006394091,-10.500989506276625,-10.08239912609532,-9.808288865425837
HZA-UNCOVER-20466,UNCOVER-20466,8.5,True,0.0,0.057190958417936644,2.0,2034.389121667738,0.5867103008755424,-10.499035027970619,-11.211622387273628,-10.930976287058598,-10.502005729394313,-10.083415349213007,-9.809305088543525
HZA-UNCOVER-20466,UNCOVER-20466,8.5,True,0.0,0.057190958417936644,2.0,2313.104470378237,0.5867360224334273,-10.499853484139548,-11.212440843442558,-10.931794743227528,-10.502824185563242,-10.084233805381936,-9.810123544712454
HZA-UNCOVER-20466,UNCOVER-20466,8.5,True,0.0,0.057190958417936644,2.0,2630.004375218852,0.5867566974350367,-10.500511359633931,-11.21309871893694,-10.93245261872191,-10.503482061057625,-10.08489168087632,-9.810781420206837
HZA-UNCOVER-20466,UNCOVER-20466,8.5,True,0.0,0.057190958417936644,2.0,2990.320196190382,0.5867732824422573,-10.501039092111577,-11.213626451414587,-10.932980351199557,-10.504009793535271,-10.085419413353966,-9.811309152684483
HZA-UNCOVER-20466,UNCOVER-20466,8.5,True,0.0,0.057190958417936644,2.0,3400.0,0.5867865592595153,-10.50146155847373,-11.21404891777674,-10.93340281756171,-10.504432259897424,-10.085841879716119,-9.811731619046636
HZA-UNCOVER-20466,UNCOVER-20466,8.5,True,-0.5,0.1,0.3,20.0,0.4090078076473212,6.604220996500531,5.891633637197521,6.17227973741255,6.601250295076838,7.019840675258142,7.293950935927625
HZA-UNCOVER-20466,UNCOVER-20466,8.5,True,-0.5,0.1,0.3,22.74003970766435,0.4390398920668028,6.52596438523993,5.81337702593692,6.094023126151949,6.522993683816237,6.941584063997541,7.215694324667024
HZA-UNCOVER-20466,UNCOVER-20466,8.5,True,-0.5,0.1,0.3,25.0,0.45799321644691304,6.4765764400879045,5.763989080784895,6.044635180999924,6.473605738664212,6.892196118845516,7.166306379514999
HZA-UNCOVER-20466,UNCOVER-20466,8.5,True,-0.5,0.1,0.3,25.85547029530757,0.4641391994669837,6.460561441018978,5.747974081715968,6.0286201819309975,6.457590739595285,6.876181119776589,7.150291380446072
HZA-UNCOVER-20466,UNCOVER-20466,8.5,True,-0.5,0.1,0.3,29.39772105878151,0.48508156697904764,6.405990513128102,5.693403153825092,5.974049254040121,6.403019811704409,6.821610191885713,7.095720452555196
HZA-UNCOVER-20466,UNCOVER-20466,8.5,True,-0.5,0.1,0.3,30.0,0.488054341224642,6.398244156423267,5.685656797120258,5.966302897335288,6.395273454999575,6.813863835180879,7.087974095850361
HZA-UNCOVER-20466,UNCOVER-20466,8.5,True,-0.5,0.1,0.3,33.425267209576596,0.5025298173977084,6.360524439873959,5.64793708057095,5.928583180785979,6.3575537384502665,6.776144118631571,7.0502543793010535
HZA-UNCOVER-20466,UNCOVER-20466,8.5,True,-0.5,0.1,0.3,38.004595179253144,0.5170477773064184,6.322694020612887,5.610106661309877,5.890752761524906,6.319723319189194,6.738313699370498,7.012423960039981
HZA-UNCOVER-20466,UNCOVER-20466,8.5,True,-0.5,0.1,0.3,43.21130017249628,0.5291132517093576,6.291254206884438,5.578666847581428,5.859312947796457,6.288283505460745,6.706873885642049,6.980984146311532
HZA-UNCOVER-20466,UNCOVER-20466,8.5,True,-0.5,0.1,0.3,49.13133408711842,0.5391298088242508,6.265153393988437,5.5525660346854275,5.833212134900457,6.262182692564744,6.680773072746049,6.954883333415531
HZA-UNCOVER-20466,UNCOVER-20466,8.5,True,-0.5,0.1,0.3,55.862424401579815,0.5474373254534881,6.2435059422060535,5.530918582903044,5.811564683118073,6.240535240782361,6.659125620963665,6.933235881633148
HZA-UNCOVER-20466,UNCOVER-20466,8.5,True,-0.5,0.1,0.3,60.0,0.5514276743545752,6.233108023154388,5.520520663851379,5.801166764066408,6.2301373217306955,6.648727701912,6.922837962581482
HZA-UNCOVER-20466,UNCOVER-20466,8.5,True,-0.5,0.1,0.3,63.51568745291611,0.554321309802507,6.2255678837083295,5.51298052440532,5.793626624620349,6.222597182284637,6.641187562465941,6.915297823135424
HZA-UNCOVER-20466,UNCOVER-20466,8.5,True,-0.5,0.1,0.3,72.21746273694556,0.5600210618179464,6.210715658617197,5.498128299314187,5.778774399529215,6.207744957193503,6.626335337374808,6.900445598044291
HZA-UNCOVER-20466,UNCOVER-20466,8.5,True,-0.5,0.1,0.3,82.1113985112456,0.5647367569871632,6.198427656275224,5.485840296972214,5.7664863971872435,6.195456954851531,6.6140473350328355,6.888157595702318
HZA-UNCOVER-20466,UNCOVER-20466,8.5,True,-0.5,0.1,0.3,93.36082312987881,0.5686355528577653,6.188268303079206,5.475680943776196,5.7563270439912255,6.185297601655513,6.6038879818368175,6.8779982425063
HZA-UNCOVER-20466,UNCOVER-20466,8.5,True,-0.5,0.1,0.3,100.0,0.5704355020194353,6.183578055147488,5.4709906958444785,5.751636796059508,6.180607353723795,6.5991977339051,6.873307994574582
HZA-UNCOVER-20466,UNCOVER-20466,8.5,True,-0.5,0.1,0.3,106.15144125568361,0.571856822057899,6.179874426449148,5.467287067146138,5.747933167361168,6.176903725025456,6.595494105206759,6.869604365876242
HZA-UNCOVER-20466,UNCOVER-20466,8.5,True,-0.5,0.1,0.3,120.69439945900218,0.5745166142009014,6.172943628144855,5.460356268841846,5.741002369056874,6.169972926721162,6.588563306902467,6.8626735675719495
HZA-UNCOVER-20466,UNCOVER-20466,8.5,True,-0.5,0.1,0.3,137.22977180952068,0.5767114438889658,6.167224413611392,5.454637054308383,5.735283154523412,6.1642537121876995,6.582844092369004,6.856954353038486
HZA-UNCOVER-20466,UNCOVER-20466,8.5,True,-0.5,0.1,0.3,156.03052300111096,0.578521494653435,6.16250784325755,5.44992048395454,5.730566584169569,6.159537141833857,6.578127522015161,6.852237782684644
HZA-UNCOVER-20466,UNCOVER-20466,8.5,True,-0.5,0.1,0.3,177.40701443264487,0.5800133201924946,6.158620493660094,5.4460331343570845,5.726679234572114,6.155649792236401,6.5742401724177055,6.848350433087188
HZA-UNCOVER-20466,UNCOVER-20466,8.5,True,-0.5,0.1,0.3,201.71212763082622,0.5812421154511591,6.155418539658733,5.442831180355723,5.723477280570752,6.15244783823504,6.571038218416344,6.845148479085827
HZA-UNCOVER-20466,UNCOVER-20466,8.5,True,-0.5,0.1,0.3,229.34708959212247,0.5822536214351417,6.152782790855198,5.440195431552189,5.720841531767218,6.149812089431506,6.56840246961281,6.842512730282293
HZA-UNCOVER-20466,UNCOVER-20466,8.5,True,-0.5,0.1,0.3,260.76809620810604,0.583085719471789,6.150614537340887,5.438027178037878,5.718673278252907,6.1476438359171945,6.566234216098499,6.8403444767679815
HZA-UNCOVER-20466,UNCOVER-20466,8.5,True,-0.5,0.1,0.3,296.49384311321825,0.5837697631050928,6.148832079088939,5.436244719785929,5.716890820000958,6.145861377665246,6.56445175784655,6.838562018516033
HZA-UNCOVER-20466,UNCOVER-20466,8.5,True,-0.5,0.1,0.3,300.0,0.5838259381659467,6.148685699975242,5.436098340672232,5.716744440887261,6.145714998551549,6.564305378732853,6.838415639402336
HZA-UNCOVER-20466,UNCOVER-20466,8.5,True,-0.5,0.1,0.3,337.1140882736292,0.584331689021366,6.147367831140883,5.434780471837874,5.715426572052902,6.1443971297171895,6.562987509898495,6.837097770567977
HZA-UNCOVER-20466,UNCOVER-20466,8.5,True,-0.5,0.1,0.3,383.2993876677698,0.5847929423678486,6.146165912442062,5.433578553139053,5.714224653354082,6.143195211018369,6.561785591199674,6.835895851869156
HZA-UNCOVER-20466,UNCOVER-20466,8.5,True,-0.5,0.1,0.3,435.8121647744256,0.5851712465278869,6.145180139986948,5.4325927806839385,5.713238880898968,6.142209438563255,6.5607998187445595,6.834910079414042
HZA-UNCOVER-20466,UNCOVER-20466,8.5,True,-0.5,0.1,0.3,495.51929660267956,0.5854812428082931,6.144372361943002,5.431785002639993,5.712431102855022,6.14140166051931,6.559992040700614,6.8341023013700966
HZA-UNCOVER-20466,UNCOVER-20466,8.5,True,-0.5,0.1,0.3,563.4064240329424,0.585735021518436,6.143711073782365,5.431123714479355,5.711769814694384,6.140740372358672,6.559330752539976,6.833441013209459
HZA-UNCOVER-20466,UNCOVER-20466,8.5,True,-0.5,0.1,0.3,640.5942227031146,0.5859425625121433,6.14317027033235,5.43058291102934,5.71122901124437,6.140199568908658,6.558789949089961,6.832900209759444
HZA-UNCOVER-20466,UNCOVER-20466,8.5,True,-0.5,0.1,0.3,728.3569030384599,0.5861121003574274,6.142728494228265,5.430141134925256,5.710787235140286,6.1397577928045735,6.558348172985877,6.8324584336553595
HZA-UNCOVER-20466,UNCOVER-20466,8.5,True,-0.5,0.1,0.3,828.1432448223001,0.5862504268326788,6.14236804767885,5.42978068837584,5.710426788590869,6.139397346255157,6.557987726436461,6.832097987105944
HZA-UNCOVER-20466,UNCOVER-20466,8.5,True,-0.5,0.1,0.3,941.6005135446557,0.5863631413628513,6.142074339887944,5.429486980584934,5.710133080799963,6.139103638464251,6.557694018645555,6.831804279315038
HZA-UNCOVER-20466,UNCOVER-20466,8.5,True,-0.5,0.1,0.3,1070.6016533381312,0.5864548582521807,6.141835347054346,5.429247987751336,5.709894087966365,6.138864645630653,6.557455025811957,6.83156528648144
HZA-UNCOVER-20466,UNCOVER-20466,8.5,True,-0.5,0.1,0.3,1100.0,0.5864718978433711,6.1417909458517785,5.429203586548769,5.709849686763798,6.138820244428086,6.55741062460939,6.831520885278873
HZA-UNCOVER-20466,UNCOVER-20466,8.5,True,-0.5,0.1,0.3,1217.2762054000095,0.5865293780935786,6.141641165718877,5.429053806415867,5.709699906630896,6.138670464295184,6.557260844476488,6.831371105145971
HZA-UNCOVER-20466,UNCOVER-20466,8.5,True,-0.5,0.1,0.3,1384.0454622995594,0.5865898294971387,6.14148364345294,5.42889628414993,5.70954238436496,6.138512942029248,6.557103322210551,6.831213582880034
HZA-UNCOVER-20466,UNCOVER-20466,8.5,True,-0.5,0.1,0.3,1573.662438495233,0.586638786244577,6.141356073581354,5.428768714278345,5.709414814493373,6.138385372157661,6.556975752338966,6.8310860130084485
HZA-UNCOVER-20466,UNCOVER-20466,8.5,True,-0.5,0.1,0.3,1789.257316892076,0.5866783641112565,6.1412529428867275,5.428665583583718,5.709311683798747,6.138282241463035,6.556872621644339,6.830982882313822
HZA-UNCOVER-20466,UNCOVER-20466,8.5,True,-0.5,0.1,0.3,2034.389121667738,0.5867103008755424,6.141169723123732,5.4285823638207225,5.709228464035752,6.138199021700039,6.5567894018813435,6.830899662550826
HZA-UNCOVER-20466,UNCOVER-20466,8.5,True,-0.5,0.1,0.3,2313.104470378237,0.5867360224334273,6.1411026987398,5.428515339436791,5.70916143965182,6.1381319973161075,6.556722377497412,6.8308326381668945
HZA-UNCOVER-20466,UNCOVER-20466,8.5,True,-0.5,0.1,0.3,2630.004375218852,0.5867566974350367,6.141048824505126,5.428461465202116,5.7091075654171455,6.138078123081433,6.556668503262737,6.83077876393222
HZA-UNCOVER-20466,UNCOVER-20466,8.5,True,-0.5,0.1,0.3,2990.320196190382,0.5867732824422573,6.141005607842416,5.428418248539407,5.709064348754437,6.138034906418724,6.556625286600028,6.83073554726951
HZA-UNCOVER-20466,UNCOVER-20466,8.5,True,-0.5,0.1,0.3,3400.0,0.5867865592595153,6.140971011551582,5.428383652248573,5.709029752463602,6.1380003101278895,6.556590690309194,6.8307009509786765
HZA-UNCOVER-20466,UNCOVER-20466,8.5,True,-0.5,0.1,1.0,20.0,0.4090078076473212,4.117403321668435,3.4048159623654257,3.685462062580455,4.1144326202447425,4.533023000426047,4.8071332610955295
HZA-UNCOVER-20466,UNCOVER-20466,8.5,True,-0.5,0.1,1.0,22.74003970766435,0.4390398920668028,3.8565479507997664,3.1439605914967568,3.424606691711786,3.8535772493760736,4.272167629557378,4.546277890226861
HZA-UNCOVER-20466,UNCOVER-20466,8.5,True,-0.5,0.1,1.0,25.0,0.45799321644691304,3.691921466959681,2.9793341076566713,3.2599802078717004,3.688950765535988,4.107541145717292,4.381651406386775
HZA-UNCOVER-20466,UNCOVER-20466,8.5,True,-0.5,0.1,1.0,25.85547029530757,0.4641391994669837,3.6385381367299257,2.925950777426916,3.206596877641945,3.635567435306233,4.054157815487537,4.32826807615702
HZA-UNCOVER-20466,UNCOVER-20466,8.5,True,-0.5,0.1,1.0,29.39772105878151,0.48508156697904764,3.4566350437603397,2.74404768445733,3.024693784672359,3.453664342336647,3.872254722517951,4.146364983187434
HZA-UNCOVER-20466,UNCOVER-20466,8.5,True,-0.5,0.1,1.0,30.0,0.488054341224642,3.4308138547442253,2.7182264954412156,2.9988725956562448,3.4278431533205325,3.8464335335018367,4.120543794171319
HZA-UNCOVER-20466,UNCOVER-20466,8.5,True,-0.5,0.1,1.0,33.425267209576596,0.5025298173977084,3.3050814662465298,2.59249410694352,2.8731402071585492,3.302110764822837,3.720701145004141,3.994811405673624
HZA-UNCOVER-20466,UNCOVER-20466,8.5,True,-0.5,0.1,1.0,38.004595179253144,0.5170477773064184,3.178980068709623,2.4663927094066134,2.7470388096216425,3.17600936728593,3.5945997474672344,3.868710008136717
HZA-UNCOVER-20466,UNCOVER-20466,8.5,True,-0.5,0.1,1.0,43.21130017249628,0.5291132517093576,3.074180689614794,2.361593330311784,2.6422394305268133,3.071209988191101,3.4898003683724053,3.763910629041888
HZA-UNCOVER-20466,UNCOVER-20466,8.5,True,-0.5,0.1,1.0,49.13133408711842,0.5391298088242508,2.987177979961457,2.274590620658447,2.5552367208734763,2.984207278537764,3.4027976587190683,3.676907919388551
HZA-UNCOVER-20466,UNCOVER-20466,8.5,True,-0.5,0.1,1.0,55.862424401579815,0.5474373254534881,2.915019807353511,2.2024324480505015,2.4830785482655306,2.9120491059298184,3.3306394861111226,3.6047497467806053
HZA-UNCOVER-20466,UNCOVER-20466,8.5,True,-0.5,0.1,1.0,60.0,0.5514276743545752,2.8803600771812947,2.167772717878285,2.448418818093314,2.877389375757602,3.295979755938906,3.570090016608389
HZA-UNCOVER-20466,UNCOVER-20466,8.5,True,-0.5,0.1,1.0,63.51568745291611,0.554321309802507,2.8552262790277654,2.1426389197247557,2.423285019939785,2.8522555776040726,3.270845957785377,3.5449562184548595
HZA-UNCOVER-20466,UNCOVER-20466,8.5,True,-0.5,0.1,1.0,72.21746273694556,0.5600210618179464,2.8057188620573204,2.0931315027543107,2.37377760296934,2.8027481606336275,3.2213385408149318,3.4954488014844145
HZA-UNCOVER-20466,UNCOVER-20466,8.5,True,-0.5,0.1,1.0,82.1113985112456,0.5647367569871632,2.764758854250747,2.0521714949477374,2.3328175951627665,2.7617881528270543,3.1803785330083585,3.4544887936778412
HZA-UNCOVER-20466,UNCOVER-20466,8.5,True,-0.5,0.1,1.0,93.36082312987881,0.5686355528577653,2.7308943435973534,2.0183069842943437,2.298953084509373,2.7279236421736606,3.146514022354965,3.4206242830244475
HZA-UNCOVER-20466,UNCOVER-20466,8.5,True,-0.5,0.1,1.0,100.0,0.5704355020194353,2.7152601838249604,2.0026728245219507,2.28331892473698,2.7122894824012675,3.130879862582572,3.4049901232520545
HZA-UNCOVER-20466,UNCOVER-20466,8.5,True,-0.5,0.1,1.0,106.15144125568361,0.571856822057899,2.702914754830494,1.9903273955274843,2.2709734957425134,2.699944053406801,3.1185344335881053,3.392644694257588
HZA-UNCOVER-20466,UNCOVER-20466,8.5,True,-0.5,0.1,1.0,120.69439945900218,0.5745166142009014,2.6798120938161825,1.9672247345131728,2.247870834728202,2.6768413923924896,3.095431772573794,3.3695420332432766
HZA-UNCOVER-20466,UNCOVER-20466,8.5,True,-0.5,0.1,1.0,137.22977180952068,0.5767114438889658,2.6607480453713075,1.9481606860682978,2.228806786283327,2.6577773439476147,3.076367724128919,3.3504779847984016
HZA-UNCOVER-20466,UNCOVER-20466,8.5,True,-0.5,0.1,1.0,156.03052300111096,0.578521494653435,2.6450261441918315,1.9324387848888218,2.213084885103851,2.6420554427681386,3.060645822949443,3.3347560836189256
HZA-UNCOVER-20466,UNCOVER-20466,8.5,True,-0.5,0.1,1.0,177.40701443264487,0.5800133201924946,2.632068312200313,1.9194809528973034,2.2001270531123325,2.62909761077662,3.0476879909579244,3.321798251627407
HZA-UNCOVER-20466,UNCOVER-20466,8.5,True,-0.5,0.1,1.0,201.71212763082622,0.5812421154511591,2.621395132195776,1.9088077728927662,2.1894538731077953,2.618424430772083,3.037014810953387,3.31112507162287
HZA-UNCOVER-20466,UNCOVER-20466,8.5,True,-0.5,0.1,1.0,229.34708959212247,0.5822536214351417,2.612609302850662,1.9000219435476522,2.1806680437626813,2.609638601426969,3.0282289816082733,3.302339242277756
HZA-UNCOVER-20466,UNCOVER-20466,8.5,True,-0.5,0.1,1.0,260.76809620810604,0.583085719471789,2.605381791136292,1.8927944318332823,2.1734405320483114,2.602411089712599,3.0210014698939034,3.295111730563386
HZA-UNCOVER-20466,UNCOVER-20466,8.5,True,-0.5,0.1,1.0,296.49384311321825,0.5837697631050928,2.599440263629794,1.8868529043267843,2.1674990045418134,2.596469562206101,3.0150599423874054,3.289170203056888
HZA-UNCOVER-20466,UNCOVER-20466,8.5,True,-0.5,0.1,1.0,300.0,0.5838259381659467,2.5989523332508044,1.8863649739477948,2.167011074162824,2.5959816318271116,3.014572012008416,3.2886822726778986
HZA-UNCOVER-20466,UNCOVER-20466,8.5,True,-0.5,0.1,1.0,337.1140882736292,0.584331689021366,2.594559437136276,1.8819720778332663,2.1626181780482954,2.591588735712583,3.0101791158938873,3.28428937656337
HZA-UNCOVER-20466,UNCOVER-20466,8.5,True,-0.5,0.1,1.0,383.2993876677698,0.5847929423678486,2.59055304147354,1.8779656821705304,2.1586117823855595,2.587582340049847,3.0061727202311515,3.280282980900634
HZA-UNCOVER-20466,UNCOVER-20466,8.5,True,-0.5,0.1,1.0,435.8121647744256,0.5851712465278869,2.587267133289827,1.8746797739868173,2.1553258742018464,2.584296431866134,3.0028868120474383,3.276997072716921
HZA-UNCOVER-20466,UNCOVER-20466,8.5,True,-0.5,0.1,1.0,495.51929660267956,0.5854812428082931,2.584574539810008,1.8719871805069985,2.1526332807220276,2.5816038383863154,3.0001942185676196,3.2743044792371023
HZA-UNCOVER-20466,UNCOVER-20466,8.5,True,-0.5,0.1,1.0,563.4064240329424,0.585735021518436,2.582370245941216,1.8697828866382062,2.1504289868532354,2.579399544517523,2.9979899246988273,3.27210018536831
HZA-UNCOVER-20466,UNCOVER-20466,8.5,True,-0.5,0.1,1.0,640.5942227031146,0.5859425625121433,2.5805675677745006,1.867980208471491,2.14862630868652,2.5775968663508078,2.996187246532112,3.2702975072015947
HZA-UNCOVER-20466,UNCOVER-20466,8.5,True,-0.5,0.1,1.0,728.3569030384599,0.5861121003574274,2.5790949807608863,1.8665076214578766,2.1471537216729057,2.5761242793371935,2.9947146595184977,3.2688249201879804
HZA-UNCOVER-20466,UNCOVER-20466,8.5,True,-0.5,0.1,1.0,828.1432448223001,0.5862504268326788,2.577893492262831,1.8653061329598213,2.1459522331748504,2.574922790839138,2.9935131710204423,3.267623431689925
HZA-UNCOVER-20466,UNCOVER-20466,8.5,True,-0.5,0.1,1.0,941.6005135446557,0.5863631413628513,2.5769144662931467,1.864327106990137,2.144973207205166,2.573943764869454,2.992534145050758,3.266644405720241
HZA-UNCOVER-20466,UNCOVER-20466,8.5,True,-0.5,0.1,1.0,1070.6016533381312,0.5864548582521807,2.576117823514484,1.8635304642114745,2.1441765644265036,2.5731471220907913,2.9917375022720956,3.2658477629415783
HZA-UNCOVER-20466,UNCOVER-20466,8.5,True,-0.5,0.1,1.0,1100.0,0.5864718978433711,2.5759698195059277,1.863382460202918,2.144028560417947,2.572999118082235,2.991589498263539,3.265699758933022
HZA-UNCOVER-20466,UNCOVER-20466,8.5,True,-0.5,0.1,1.0,1217.2762054000095,0.5865293780935786,2.575470552396256,1.8628831930932463,2.1435292933082755,2.572499850972563,2.9910902311538674,3.26520049182335
HZA-UNCOVER-20466,UNCOVER-20466,8.5,True,-0.5,0.1,1.0,1384.0454622995594,0.5865898294971387,2.574945478176467,1.8623581188734573,2.1430042190884864,2.571974776752774,2.9905651569340783,3.264675417603561
HZA-UNCOVER-20466,UNCOVER-20466,8.5,True,-0.5,0.1,1.0,1573.662438495233,0.586638786244577,2.574520245271179,1.8619328859681694,2.1425789861831985,2.5715495438474862,2.9901399240287905,3.264250184698273
HZA-UNCOVER-20466,UNCOVER-20466,8.5,True,-0.5,0.1,1.0,1789.257316892076,0.5866783641112565,2.5741764762890913,1.8615891169860816,2.1422352172011108,2.5712057748653985,2.9897961550467027,3.2639064157161854
HZA-UNCOVER-20466,UNCOVER-20466,8.5,True,-0.5,0.1,1.0,2034.389121667738,0.5867103008755424,2.5738990770791066,1.861311717776097,2.141957817991126,2.5709283756554138,2.989518755836718,3.2636290165062007
HZA-UNCOVER-20466,UNCOVER-20466,8.5,True,-0.5,0.1,1.0,2313.104470378237,0.5867360224334273,2.573675662466001,1.8610883031629912,2.1417344033780203,2.570704961042308,2.9892953412236123,3.263405601893095
HZA-UNCOVER-20466,UNCOVER-20466,8.5,True,-0.5,0.1,1.0,2630.004375218852,0.5867566974350367,2.5734960816837535,1.860908722380744,2.141554822595773,2.5705253802600607,2.989115760441365,3.2632260211108477
HZA-UNCOVER-20466,UNCOVER-20466,8.5,True,-0.5,0.1,1.0,2990.320196190382,0.5867732824422573,2.5733520261413885,1.8607646668383788,2.141410767053408,2.5703813247176956,2.988971704899,3.2630819655684826
HZA-UNCOVER-20466,UNCOVER-20466,8.5,True,-0.5,0.1,1.0,3400.0,0.5867865592595153,2.573236705171941,1.8606493458689313,2.1412954460839604,2.570266003748248,2.9888563839295523,3.262966644599035
HZA-UNCOVER-20466,UNCOVER-20466,8.5,True,-0.5,0.1,2.0,20.0,0.4090078076473212,0.5648066433368708,-0.14778071596613884,0.13286538424889027,0.561835941913178,0.9804263220944822,1.254536582763965
HZA-UNCOVER-20466,UNCOVER-20466,8.5,True,-0.5,0.1,2.0,22.74003970766435,0.4390398920668028,0.043095901599532915,-0.6694914577034767,-0.3888453574884476,0.04012520017584009,0.4587155803571443,0.7328258410266271
HZA-UNCOVER-20466,UNCOVER-20466,8.5,True,-0.5,0.1,2.0,25.0,0.45799321644691304,-0.28615706608063807,-0.9987444253836477,-0.7180983251686186,-0.2891277675043309,0.12946261267697334,0.4035728733464561
HZA-UNCOVER-20466,UNCOVER-20466,8.5,True,-0.5,0.1,2.0,25.85547029530757,0.4641391994669837,-0.3929237265401486,-1.1055110858431583,-0.8248649856281292,-0.39589442796384144,0.02269595221746279,0.29680621288694553
HZA-UNCOVER-20466,UNCOVER-20466,8.5,True,-0.5,0.1,2.0,29.39772105878151,0.48508156697904764,-0.7567299124793205,-1.4693172717823302,-1.188671171567301,-0.7597006139030134,-0.3411102337217091,-0.06699997305222638
HZA-UNCOVER-20466,UNCOVER-20466,8.5,True,-0.5,0.1,2.0,30.0,0.488054341224642,-0.8083722905115494,-1.520959649814559,-1.2403135495995299,-0.8113429919352422,-0.39275261175393794,-0.1186423510844552
HZA-UNCOVER-20466,UNCOVER-20466,8.5,True,-0.5,0.1,2.0,33.425267209576596,0.5025298173977084,-1.0598370675069404,-1.77242442680995,-1.491778326594921,-1.0628077689306332,-0.644217388749329,-0.37010712807984625
HZA-UNCOVER-20466,UNCOVER-20466,8.5,True,-0.5,0.1,2.0,38.004595179253144,0.5170477773064184,-1.312039862580754,-2.0246272218837635,-1.7439811216687344,-1.3150105640044467,-0.8964201838231425,-0.6223099231536597
HZA-UNCOVER-20466,UNCOVER-20466,8.5,True,-0.5,0.1,2.0,43.21130017249628,0.5291132517093576,-1.5216386207704122,-2.234225980073422,-1.9535798798583928,-1.524609322194105,-1.1060189420128008,-0.8319086813433181
HZA-UNCOVER-20466,UNCOVER-20466,8.5,True,-0.5,0.1,2.0,49.13133408711842,0.5391298088242508,-1.6956440400770862,-2.408231399380096,-2.127585299165067,-1.698614741500779,-1.2800243613194748,-1.005914100649992
HZA-UNCOVER-20466,UNCOVER-20466,8.5,True,-0.5,0.1,2.0,55.862424401579815,0.5474373254534881,-1.8399603852929776,-2.552547744595987,-2.271901644380958,-1.8429310867166704,-1.4243407065353662,-1.1502304458658834
HZA-UNCOVER-20466,UNCOVER-20466,8.5,True,-0.5,0.1,2.0,60.0,0.5514276743545752,-1.9092798456374105,-2.62186720494042,-2.341221104725391,-1.9122505470611033,-1.493660166879799,-1.2195499062103163
HZA-UNCOVER-20466,UNCOVER-20466,8.5,True,-0.5,0.1,2.0,63.51568745291611,0.554321309802507,-1.9595474419444692,-2.672134801247479,-2.3914887010324497,-1.962518143368162,-1.5439277631868578,-1.269817502517375
HZA-UNCOVER-20466,UNCOVER-20466,8.5,True,-0.5,0.1,2.0,72.21746273694556,0.5600210618179464,-2.0585622758853592,-2.771149635188369,-2.4905035349733398,-2.061532977309052,-1.6429425971277478,-1.368832336458265
HZA-UNCOVER-20466,UNCOVER-20466,8.5,True,-0.5,0.1,2.0,82.1113985112456,0.5647367569871632,-2.1404822914985058,-2.8530696508015154,-2.5724235505864863,-2.1434529929221986,-1.7248626127408944,-1.4507523520714116
HZA-UNCOVER-20466,UNCOVER-20466,8.5,True,-0.5,0.1,2.0,93.36082312987881,0.5686355528577653,-2.208211312805293,-2.920798672108303,-2.6401525718932737,-2.211182014228986,-1.7925916340476817,-1.518481373378199
HZA-UNCOVER-20466,UNCOVER-20466,8.5,True,-0.5,0.1,2.0,100.0,0.5704355020194353,-2.239479632350079,-2.952066991653089,-2.6714208914380597,-2.242450333773772,-1.8238599535924678,-1.549749692922985
HZA-UNCOVER-20466,UNCOVER-20466,8.5,True,-0.5,0.1,2.0,106.15144125568361,0.571856822057899,-2.264170490339012,-2.9767578496420217,-2.6961117494269926,-2.267141191762705,-1.8485508115814007,-1.574440550911918
HZA-UNCOVER-20466,UNCOVER-20466,8.5,True,-0.5,0.1,2.0,120.69439945900218,0.5745166142009014,-2.310375812367635,-3.0229631716706447,-2.7423170714556155,-2.313346513791328,-1.8947561336100236,-1.6206458729405409
HZA-UNCOVER-20466,UNCOVER-20466,8.5,True,-0.5,0.1,2.0,137.22977180952068,0.5767114438889658,-2.348503909257385,-3.0610912685603946,-2.7804451683453655,-2.3514746106810778,-1.9328842304997735,-1.6587739698302908
HZA-UNCOVER-20466,UNCOVER-20466,8.5,True,-0.5,0.1,2.0,156.03052300111096,0.578521494653435,-2.379947711616337,-3.0925350709193467,-2.8118889707043175,-2.38291841304003,-1.9643280328587256,-1.6902177721892429
HZA-UNCOVER-20466,UNCOVER-20466,8.5,True,-0.5,0.1,2.0,177.40701443264487,0.5800133201924946,-2.405863375599374,-3.1184507349023836,-2.8378046346873544,-2.4088340770230667,-1.9902436968417625,-1.7161334361722798
HZA-UNCOVER-20466,UNCOVER-20466,8.5,True,-0.5,0.1,2.0,201.71212763082622,0.5812421154511591,-2.4272097356084483,-3.139797094911458,-2.859150994696429,-2.430180437032141,-2.011590056850837,-1.7374797961813542
HZA-UNCOVER-20466,UNCOVER-20466,8.5,True,-0.5,0.1,2.0,229.34708959212247,0.5822536214351417,-2.4447813942986762,-3.157368753601686,-2.876722653386657,-2.447752095722369,-2.029161715541065,-1.755051454871582
HZA-UNCOVER-20466,UNCOVER-20466,8.5,True,-0.5,0.1,2.0,260.76809620810604,0.583085719471789,-2.459236417727416,-3.1718237770304256,-2.8911776768153965,-2.462207119151109,-2.0436167389698046,-1.7695064783003218
HZA-UNCOVER-20466,UNCOVER-20466,8.5,True,-0.5,0.1,2.0,296.49384311321825,0.5837697631050928,-2.471119472740412,-3.1837068320434216,-2.9030607318283925,-2.474090174164105,-2.0554997939828006,-1.7813895333133178
HZA-UNCOVER-20466,UNCOVER-20466,8.5,True,-0.5,0.1,2.0,300.0,0.5838259381659467,-2.472095333498391,-3.1846826928014007,-2.9040365925863716,-2.475066034922084,-2.0564756547407796,-1.782365394071297
HZA-UNCOVER-20466,UNCOVER-20466,8.5,True,-0.5,0.1,2.0,337.1140882736292,0.584331689021366,-2.480881125727448,-3.1934684850304578,-2.9128223848154287,-2.483851827151141,-2.0652614469698367,-1.791151186300354
HZA-UNCOVER-20466,UNCOVER-20466,8.5,True,-0.5,0.1,2.0,383.2993876677698,0.5847929423678486,-2.48889391705292,-3.2014812763559295,-2.9208351761409004,-2.4918646184766127,-2.0732742382953084,-1.7991639776258257
HZA-UNCOVER-20466,UNCOVER-20466,8.5,True,-0.5,0.1,2.0,435.8121647744256,0.5851712465278869,-2.495465733420346,-3.2080530927233557,-2.9274069925083266,-2.498436434844039,-2.0798460546627346,-1.805735793993252
HZA-UNCOVER-20466,UNCOVER-20466,8.5,True,-0.5,0.1,2.0,495.51929660267956,0.5854812428082931,-2.5008509203799836,-3.2134382796829932,-2.932792179467964,-2.5038216218036764,-2.085231241622372,-1.8111209809528894
HZA-UNCOVER-20466,UNCOVER-20466,8.5,True,-0.5,0.1,2.0,563.4064240329424,0.585735021518436,-2.505259508117568,-3.217846867420578,-2.9372007672055487,-2.508230209541261,-2.0896398293599567,-1.815529568690474
HZA-UNCOVER-20466,UNCOVER-20466,8.5,True,-0.5,0.1,2.0,640.5942227031146,0.5859425625121433,-2.5088648644509988,-3.2214522237540084,-2.9408061235389793,-2.5118355658746916,-2.0932451856933874,-1.8191349250239046
HZA-UNCOVER-20466,UNCOVER-20466,8.5,True,-0.5,0.1,2.0,728.3569030384599,0.5861121003574274,-2.5118100384782274,-3.224397397781237,-2.943751297566208,-2.51478073990192,-2.096190359720616,-1.8220800990511332
HZA-UNCOVER-20466,UNCOVER-20466,8.5,True,-0.5,0.1,2.0,828.1432448223001,0.5862504268326788,-2.514213015474338,-3.2268003747773477,-2.9461542745623186,-2.517183716898031,-2.0985933367167267,-1.824483076047244
HZA-UNCOVER-20466,UNCOVER-20466,8.5,True,-0.5,0.1,2.0,941.6005135446557,0.5863631413628513,-2.5161710674137066,-3.228758426716716,-2.948112326501687,-2.5191417688373994,-2.100551388656095,-1.8264411279866124
HZA-UNCOVER-20466,UNCOVER-20466,8.5,True,-0.5,0.1,2.0,1070.6016533381312,0.5864548582521807,-2.5177643529710316,-3.2303517122740413,-2.949705612059012,-2.5207350543947245,-2.10214467421342,-1.8280344135439375
HZA-UNCOVER-20466,UNCOVER-20466,8.5,True,-0.5,0.1,2.0,1100.0,0.5864718978433711,-2.5180603609881445,-3.230647720291154,-2.950001620076125,-2.5210310624118373,-2.102440682230533,-1.8283304215610503
HZA-UNCOVER-20466,UNCOVER-20466,8.5,True,-0.5,0.1,2.0,1217.2762054000095,0.5865293780935786,-2.519058895207488,-3.2316462545104976,-2.9510001542954685,-2.5220295966311808,-2.1034392164498765,-1.8293289557803938
HZA-UNCOVER-20466,UNCOVER-20466,8.5,True,-0.5,0.1,2.0,1384.0454622995594,0.5865898294971387,-2.520109043647066,-3.2326964029500758,-2.9520503027350466,-2.523079745070759,-2.1044893648894547,-1.830379104219972
HZA-UNCOVER-20466,UNCOVER-20466,8.5,True,-0.5,0.1,2.0,1573.662438495233,0.586638786244577,-2.520959509457642,-3.2335468687606514,-2.9529007685456223,-2.5239302108813346,-2.1053398307000304,-1.8312295700305476
HZA-UNCOVER-20466,UNCOVER-20466,8.5,True,-0.5,0.1,2.0,1789.257316892076,0.5866783641112565,-2.5216470474218173,-3.234234406724827,-2.953588306509798,-2.52461774884551,-2.106027368664206,-1.8319171079947232
HZA-UNCOVER-20466,UNCOVER-20466,8.5,True,-0.5,0.1,2.0,2034.389121667738,0.5867103008755424,-2.5222018458417867,-3.2347892051447964,-2.9541431049297673,-2.5251725472654796,-2.1065821670841753,-1.8324719064146926
HZA-UNCOVER-20466,UNCOVER-20466,8.5,True,-0.5,0.1,2.0,2313.104470378237,0.5867360224334273,-2.522648675067998,-3.235236034371008,-2.9545899341559787,-2.525619376491691,-2.1070289963103868,-1.832918735640904
HZA-UNCOVER-20466,UNCOVER-20466,8.5,True,-0.5,0.1,2.0,2630.004375218852,0.5867566974350367,-2.523007836632493,-3.2355951959355025,-2.9549490957204734,-2.5259785380561857,-2.1073881578748814,-1.8332778972053987
HZA-UNCOVER-20466,UNCOVER-20466,8.5,True,-0.5,0.1,2.0,2990.320196190382,0.5867732824422573,-2.523295947717223,-3.2358833070202326,-2.9552372068052035,-2.526266649140916,-2.1076762689596116,-1.8335660082901288
HZA-UNCOVER-20466,UNCOVER-20466,8.5,True,-0.5,0.1,2.0,3400.0,0.5867865592595153,-2.523526589656118,-3.2361139489591277,-2.9554678487440986,-2.526497291079811,-2.1079069108985067,-1.833796650229024
HZA-UNCOVER-20466,UNCOVER-20466,8.5,True,-0.5,0.057190958417936644,0.3,20.0,0.4090078076473212,5.7178148049506285,5.005227445647619,5.285873545862648,5.714844103526936,6.13343448370824,6.407544744377723
HZA-UNCOVER-20466,UNCOVER-20466,8.5,True,-0.5,0.057190958417936644,0.3,22.74003970766435,0.4390398920668028,5.5744723320589165,4.861884972755907,5.142531072970936,5.571501630635224,5.990092010816528,6.264202271486011
HZA-UNCOVER-20466,UNCOVER-20466,8.5,True,-0.5,0.057190958417936644,0.3,25.0,0.45799321644691304,5.4840085351337375,4.771421175830728,5.052067276045758,5.481037833710046,5.899628213891349,6.173738474560832
HZA-UNCOVER-20466,UNCOVER-20466,8.5,True,-0.5,0.057190958417936644,0.3,25.85547029530757,0.4641391994669837,5.454673894482692,4.742086535179682,5.022732635394711,5.451703193058998,5.870293573240303,6.144403833909786
HZA-UNCOVER-20466,UNCOVER-20466,8.5,True,-0.5,0.057190958417936644,0.3,29.39772105878151,0.48508156697904764,5.354716438801095,4.642129079498085,4.922775179713113,5.351745737377401,5.770336117558706,6.044446378228189
HZA-UNCOVER-20466,UNCOVER-20466,8.5,True,-0.5,0.057190958417936644,0.3,30.0,0.488054341224642,5.3405274532561595,4.62794009395315,4.90858619416818,5.337556751832468,5.756147132013771,6.030257392683254
HZA-UNCOVER-20466,UNCOVER-20466,8.5,True,-0.5,0.057190958417936644,0.3,33.425267209576596,0.5025298173977084,5.27143632651484,4.55884896721183,4.83949506742686,5.268465625091148,5.687056005272451,5.961166265941934
HZA-UNCOVER-20466,UNCOVER-20466,8.5,True,-0.5,0.057190958417936644,0.3,38.004595179253144,0.5170477773064184,5.202142425845486,4.489555066542477,4.770201166757506,5.199171724421793,5.617762104603098,5.89187236527258
HZA-UNCOVER-20466,UNCOVER-20466,8.5,True,-0.5,0.057190958417936644,0.3,43.21130017249628,0.5291132517093576,5.144554184104694,4.431966824801684,4.712612925016713,5.141583482681001,5.560173862862305,5.834284123531788
HZA-UNCOVER-20466,UNCOVER-20466,8.5,True,-0.5,0.057190958417936644,0.3,49.13133408711842,0.5391298088242508,5.096745379139479,4.38415801983647,4.664804120051499,5.093774677715786,5.512365057897091,5.786475318566573
HZA-UNCOVER-20466,UNCOVER-20466,8.5,True,-0.5,0.057190958417936644,0.3,55.862424401579815,0.5474373254534881,5.057093786509718,4.344506427206708,4.625152527421736,5.054123085086024,5.472713465267329,5.746823725936812
HZA-UNCOVER-20466,UNCOVER-20466,8.5,True,-0.5,0.057190958417936644,0.3,60.0,0.5514276743545752,5.038047939701578,4.325460580398568,4.606106680613598,5.035077238277886,5.453667618459189,5.727777879128672
HZA-UNCOVER-20466,UNCOVER-20466,8.5,True,-0.5,0.057190958417936644,0.3,63.51568745291611,0.554321309802507,5.024236681882771,4.311649322579761,4.592295422794789,5.021265980459077,5.439856360640382,5.713966621309865
HZA-UNCOVER-20466,UNCOVER-20466,8.5,True,-0.5,0.057190958417936644,0.3,72.21746273694556,0.5600210618179464,4.997031891920452,4.284444532617442,4.565090632832471,4.994061190496759,5.412651570678063,5.686761831347546
HZA-UNCOVER-20466,UNCOVER-20466,8.5,True,-0.5,0.057190958417936644,0.3,82.1113985112456,0.5647367569871632,4.97452398346104,4.2619366241580305,4.542582724373059,4.9715532820373465,5.390143662218652,5.664253922888134
HZA-UNCOVER-20466,UNCOVER-20466,8.5,True,-0.5,0.057190958417936644,0.3,93.36082312987881,0.5686355528577653,4.9559151172369695,4.24332775793396,4.52397385814899,4.952944415813278,5.371534795994581,5.645645056664064
HZA-UNCOVER-20466,UNCOVER-20466,8.5,True,-0.5,0.057190958417936644,0.3,100.0,0.5704355020194353,4.947323999807047,4.234736640504037,4.515382740719066,4.944353298383354,5.362943678564658,5.637053939234141
HZA-UNCOVER-20466,UNCOVER-20466,8.5,True,-0.5,0.057190958417936644,0.3,106.15144125568361,0.571856822057899,4.940540070785064,4.227952711482055,4.508598811697084,4.937569369361372,5.356159749542676,5.630270010212159
HZA-UNCOVER-20466,UNCOVER-20466,8.5,True,-0.5,0.057190958417936644,0.3,120.69439945900218,0.5745166142009014,4.927844941874579,4.215257582571569,4.495903682786598,4.924874240450886,5.34346462063219,5.617574881301673
HZA-UNCOVER-20466,UNCOVER-20466,8.5,True,-0.5,0.057190958417936644,0.3,137.22977180952068,0.5767114438889658,4.917369068449716,4.204781709146706,4.4854278093617355,4.914398367026023,5.332988747207327,5.60709900787681
HZA-UNCOVER-20466,UNCOVER-20466,8.5,True,-0.5,0.057190958417936644,0.3,156.03052300111096,0.578521494653435,4.908729736293662,4.196142376990652,4.47678847720568,4.905759034869968,5.324349415051273,5.598459675720756
HZA-UNCOVER-20466,UNCOVER-20466,8.5,True,-0.5,0.057190958417936644,0.3,177.40701443264487,0.5800133201924946,4.901609286080985,4.189021926777976,4.469668026993005,4.898638584657292,5.317228964838597,5.591339225508079
HZA-UNCOVER-20466,UNCOVER-20466,8.5,True,-0.5,0.057190958417936644,0.3,201.71212763082622,0.5812421154511591,4.895744273563229,4.183156914260219,4.463803014475248,4.892773572139536,5.31136395232084,5.585474212990323
HZA-UNCOVER-20466,UNCOVER-20466,8.5,True,-0.5,0.057190958417936644,0.3,229.34708959212247,0.5822536214351417,4.890916377934554,4.178329018631544,4.458975118846572,4.88794567651086,5.306536056692165,5.580646317361648
HZA-UNCOVER-20466,UNCOVER-20466,8.5,True,-0.5,0.057190958417936644,0.3,260.76809620810604,0.583085719471789,4.886944792459653,4.1743574331566435,4.4550035333716735,4.883974091035961,5.302564471217265,5.576674731886747
HZA-UNCOVER-20466,UNCOVER-20466,8.5,True,-0.5,0.057190958417936644,0.3,296.49384311321825,0.5837697631050928,4.883679867368407,4.1710925080653976,4.451738608280428,4.880709165944715,5.299299546126019,5.573409806795501
HZA-UNCOVER-20466,UNCOVER-20466,8.5,True,-0.5,0.057190958417936644,0.3,300.0,0.5838259381659467,4.883411745048785,4.170824385745775,4.4514704859608045,4.880441043625092,5.2990314238063965,5.573141684475879
HZA-UNCOVER-20466,UNCOVER-20466,8.5,True,-0.5,0.057190958417936644,0.3,337.1140882736292,0.584331689021366,4.880997807432259,4.168410448129249,4.449056548344277,4.878027106008565,5.29661748618987,5.570727746859353
HZA-UNCOVER-20466,UNCOVER-20466,8.5,True,-0.5,0.057190958417936644,0.3,383.2993876677698,0.5847929423678486,4.878796255439034,4.166208896136024,4.446854996351053,4.875825554015341,5.294415934196645,5.568526194866128
HZA-UNCOVER-20466,UNCOVER-20466,8.5,True,-0.5,0.057190958417936644,0.3,435.8121647744256,0.5851712465278869,4.876990618073086,4.1644032587700766,4.445049358985106,4.874019916649393,5.292610296830698,5.56672055750018
HZA-UNCOVER-20466,UNCOVER-20466,8.5,True,-0.5,0.057190958417936644,0.3,495.51929660267956,0.5854812428082931,4.875511012701711,4.1629236533987015,4.443569753613731,4.872540311278018,5.291130691459323,5.565240952128805
HZA-UNCOVER-20466,UNCOVER-20466,8.5,True,-0.5,0.057190958417936644,0.3,563.4064240329424,0.585735021518436,4.874299732546426,4.161712373243416,4.442358473458445,4.871329031122733,5.289919411304037,5.56402967197352
HZA-UNCOVER-20466,UNCOVER-20466,8.5,True,-0.5,0.057190958417936644,0.3,640.5942227031146,0.5859425625121433,4.873309143986242,4.160721784683233,4.441367884898263,4.87033844256255,5.288928822743854,5.5630390834133365
HZA-UNCOVER-20466,UNCOVER-20466,8.5,True,-0.5,0.057190958417936644,0.3,728.3569030384599,0.5861121003574274,4.87249994361066,4.1599125843076505,4.44055868452268,4.869529242186967,5.288119622368272,5.562229883037754
HZA-UNCOVER-20466,UNCOVER-20466,8.5,True,-0.5,0.057190958417936644,0.3,828.1432448223001,0.5862504268326788,4.871839714412048,4.159252355109039,4.439898455324068,4.868869012988355,5.28745939316966,5.561569653839142
HZA-UNCOVER-20466,UNCOVER-20466,8.5,True,-0.5,0.057190958417936644,0.3,941.6005135446557,0.5863631413628513,4.871301730459284,4.158714371156274,4.4393604713713035,4.868331029035591,5.2869214092168955,5.561031669886378
HZA-UNCOVER-20466,UNCOVER-20466,8.5,True,-0.5,0.057190958417936644,0.3,1070.6016533381312,0.5864548582521807,4.8708639677805845,4.158276608477575,4.438922708692603,4.867893266356891,5.286483646538196,5.560593907207679
HZA-UNCOVER-20466,UNCOVER-20466,8.5,True,-0.5,0.057190958417936644,0.3,1100.0,0.5864718978433711,4.8707826381897315,4.158195278886722,4.438841379101751,4.867811936766039,5.286402316947343,5.560512577616826
HZA-UNCOVER-20466,UNCOVER-20466,8.5,True,-0.5,0.057190958417936644,0.3,1217.2762054000095,0.5865293780935786,4.870508286230271,4.157920926927261,4.438567027142289,4.867537584806577,5.286127964987882,5.560238225657365
HZA-UNCOVER-20466,UNCOVER-20466,8.5,True,-0.5,0.057190958417936644,0.3,1384.0454622995594,0.5865898294971387,4.870219753021751,4.157632393718742,4.438278493933771,4.867249051598058,5.285839431779363,5.559949692448845
HZA-UNCOVER-20466,UNCOVER-20466,8.5,True,-0.5,0.057190958417936644,0.3,1573.662438495233,0.586638786244577,4.869986083551975,4.157398724248965,4.438044824463995,4.867015382128283,5.2856057623095865,5.559716022979069
HZA-UNCOVER-20466,UNCOVER-20466,8.5,True,-0.5,0.057190958417936644,0.3,1789.257316892076,0.5866783641112565,4.8697971792720605,4.157209819969051,4.43785592018408,4.866826477848368,5.285416858029672,5.559527118699155
HZA-UNCOVER-20466,UNCOVER-20466,8.5,True,-0.5,0.057190958417936644,0.3,2034.389121667738,0.5867103008755424,4.869644745804408,4.157057386501398,4.437703486716427,4.866674044380715,5.285264424562019,5.559374685231502
HZA-UNCOVER-20466,UNCOVER-20466,8.5,True,-0.5,0.057190958417936644,0.3,2313.104470378237,0.5867360224334273,4.869521977379068,4.1569346180760585,4.437580718291088,4.866551275955375,5.2851416561366795,5.559251916806162
HZA-UNCOVER-20466,UNCOVER-20466,8.5,True,-0.5,0.057190958417936644,0.3,2630.004375218852,0.5867566974350367,4.86942329605491,4.1568359367519,4.43748203696693,4.866452594631218,5.285042974812521,5.559153235482004
HZA-UNCOVER-20466,UNCOVER-20466,8.5,True,-0.5,0.057190958417936644,0.3,2990.320196190382,0.5867732824422573,4.869344136183264,4.156756776880254,4.437402877095282,4.86637343475957,5.284963814940875,5.559074075610358
HZA-UNCOVER-20466,UNCOVER-20466,8.5,True,-0.5,0.057190958417936644,0.3,3400.0,0.5867865592595153,4.869280766228941,4.156693406925931,4.43733950714096,4.866310064805248,5.284900444986552,5.559010705656035
HZA-UNCOVER-20466,UNCOVER-20466,8.5,True,-0.5,0.057190958417936644,1.0,20.0,0.4090078076473212,1.1627160165020944,0.4501286571990848,0.7307747574141139,1.1597453150784016,1.5783356952597059,1.8524459559291886
HZA-UNCOVER-20466,UNCOVER-20466,8.5,True,-0.5,0.057190958417936644,1.0,22.74003970766435,0.4390398920668028,0.6849077735297211,-0.02767958577328855,0.25296651444174056,0.6819370721060283,1.1005274522873325,1.3746377129568152
HZA-UNCOVER-20466,UNCOVER-20466,8.5,True,-0.5,0.057190958417936644,1.0,25.0,0.45799321644691304,0.38336178377912766,-0.329225575523882,-0.04857947530885287,0.38039108235543484,0.7989814625367391,1.0730917232062218
HZA-UNCOVER-20466,UNCOVER-20466,8.5,True,-0.5,0.057190958417936644,1.0,25.85547029530757,0.4641391994669837,0.285579648275637,-0.42700771102737267,-0.14636161081234356,0.28260894685194415,0.7011993270332484,0.9753095877027311
HZA-UNCOVER-20466,UNCOVER-20466,8.5,True,-0.5,0.057190958417936644,1.0,29.39772105878151,0.48508156697904764,-0.04761187066301975,-0.7601992299660294,-0.4795531297510003,-0.050582572086712574,0.36800780809459166,0.6421180687640744
HZA-UNCOVER-20466,UNCOVER-20466,8.5,True,-0.5,0.057190958417936644,1.0,30.0,0.488054341224642,-0.09490848914613537,-0.807495848449145,-0.5268497482341159,-0.09787919056982819,0.32071118961147604,0.5948214502809588
HZA-UNCOVER-20466,UNCOVER-20466,8.5,True,-0.5,0.057190958417936644,1.0,33.425267209576596,0.5025298173977084,-0.32521224495053414,-1.0377996042535438,-0.7571535040385147,-0.32818294637422696,0.09040743380707728,0.36451769447656
HZA-UNCOVER-20466,UNCOVER-20466,8.5,True,-0.5,0.057190958417936644,1.0,38.004595179253144,0.5170477773064184,-0.5561919138483802,-1.2687792731513898,-0.9881331729363607,-0.559162615272073,-0.14057223509076877,0.13353802557871397
HZA-UNCOVER-20466,UNCOVER-20466,8.5,True,-0.5,0.057190958417936644,1.0,43.21130017249628,0.5291132517093576,-0.7481527196510207,-1.4607400789540304,-1.1800939787390012,-0.7511234210747135,-0.3325330408934093,-0.05842278022392655
HZA-UNCOVER-20466,UNCOVER-20466,8.5,True,-0.5,0.057190958417936644,1.0,49.13133408711842,0.5391298088242508,-0.9075154028684018,-1.6201027621714115,-1.3394566619563824,-0.9104861042920946,-0.4918957241107904,-0.21778546344130767
HZA-UNCOVER-20466,UNCOVER-20466,8.5,True,-0.5,0.057190958417936644,1.0,55.862424401579815,0.5474373254534881,-1.0396873783009415,-1.7522747376039511,-1.471628637388922,-1.0426580797246343,-0.6240676995433301,-0.34995743887384734
HZA-UNCOVER-20466,UNCOVER-20466,8.5,True,-0.5,0.057190958417936644,1.0,60.0,0.5514276743545752,-1.1031735343280733,-1.815760893631083,-1.5351147934160538,-1.1061442357517661,-0.6875538555704619,-0.41344359490097915
HZA-UNCOVER-20466,UNCOVER-20466,8.5,True,-0.5,0.057190958417936644,1.0,63.51568745291611,0.554321309802507,-1.1492110603907673,-1.861798419693777,-1.5811523194787478,-1.15218176181446,-0.7335913816331558,-0.4594811209636731
HZA-UNCOVER-20466,UNCOVER-20466,8.5,True,-0.5,0.057190958417936644,1.0,72.21746273694556,0.5600210618179464,-1.2398936935984946,-1.9524810529015042,-1.671834952686475,-1.2428643950221874,-0.8242740148408831,-0.5501637541714004
HZA-UNCOVER-20466,UNCOVER-20466,8.5,True,-0.5,0.057190958417936644,1.0,82.1113985112456,0.5647367569871632,-1.3149200551298694,-2.027507414432879,-1.74686131421785,-1.3178907565535622,-0.899300376372258,-0.6251901157027753
HZA-UNCOVER-20466,UNCOVER-20466,8.5,True,-0.5,0.057190958417936644,1.0,93.36082312987881,0.5686355528577653,-1.3769496092101008,-2.0895369685131104,-1.8088908682980813,-1.3799203106337936,-0.9613299304524894,-0.6872196697830066
HZA-UNCOVER-20466,UNCOVER-20466,8.5,True,-0.5,0.057190958417936644,1.0,100.0,0.5704355020194353,-1.4055866673098443,-2.118174026612854,-1.8375279263978248,-1.408557368733537,-0.9899669885522329,-0.7158567278827501
HZA-UNCOVER-20466,UNCOVER-20466,8.5,True,-0.5,0.057190958417936644,1.0,106.15144125568361,0.571856822057899,-1.4281997640497845,-2.140787123352794,-1.860141023137765,-1.4311704654734774,-1.0125800852921731,-0.7384698246226904
HZA-UNCOVER-20466,UNCOVER-20466,8.5,True,-0.5,0.057190958417936644,1.0,120.69439945900218,0.5745166142009014,-1.470516860418071,-2.1831042197210806,-1.9024581195060515,-1.4734875618417638,-1.0548971816604595,-0.7807869209909768
HZA-UNCOVER-20466,UNCOVER-20466,8.5,True,-0.5,0.057190958417936644,1.0,137.22977180952068,0.5767114438889658,-1.505436438500947,-2.2180237978039568,-1.9373776975889276,-1.50840713992464,-1.0898167597433357,-0.815706499073853
HZA-UNCOVER-20466,UNCOVER-20466,8.5,True,-0.5,0.057190958417936644,1.0,156.03052300111096,0.578521494653435,-1.5342342123544626,-2.246821571657472,-1.966175471442443,-1.5372049137781554,-1.1186145335968511,-0.8445042729273684
HZA-UNCOVER-20466,UNCOVER-20466,8.5,True,-0.5,0.057190958417936644,1.0,177.40701443264487,0.5800133201924946,-1.5579690463967175,-2.270556405699727,-1.989910305484698,-1.5609397478204103,-1.142349367639106,-0.8682391069696234
HZA-UNCOVER-20466,UNCOVER-20466,8.5,True,-0.5,0.057190958417936644,1.0,201.71212763082622,0.5812421154511591,-1.5775190881225711,-2.290106447425581,-2.0094603472105517,-1.580489789546264,-1.1618994093649597,-0.887789148695477
HZA-UNCOVER-20466,UNCOVER-20466,8.5,True,-0.5,0.057190958417936644,1.0,229.34708959212247,0.5822536214351417,-1.5936120735514887,-2.3061994328544984,-2.0255533326394692,-1.5965827749751815,-1.1779923947938773,-0.9038821341243946
HZA-UNCOVER-20466,UNCOVER-20466,8.5,True,-0.5,0.057190958417936644,1.0,260.76809620810604,0.583085719471789,-1.6068506918011547,-2.3194380511041643,-2.0387919508891352,-1.6098213932248475,-1.1912310130435433,-0.9171207523740605
HZA-UNCOVER-20466,UNCOVER-20466,8.5,True,-0.5,0.057190958417936644,1.0,296.49384311321825,0.5837697631050928,-1.6177337754386407,-2.3303211347416504,-2.0496750345266213,-1.6207044768623335,-1.2021140966810293,-0.9280038360115466
HZA-UNCOVER-20466,UNCOVER-20466,8.5,True,-0.5,0.057190958417936644,1.0,300.0,0.5838259381659467,-1.618627516504052,-2.3312148758070617,-2.0505687755920325,-1.6215982179277448,-1.2030078377464406,-0.9288975770769579
HZA-UNCOVER-20466,UNCOVER-20466,8.5,True,-0.5,0.057190958417936644,1.0,337.1140882736292,0.584331689021366,-1.6266739752258061,-2.339261334528816,-2.0586152343137867,-1.629644676649499,-1.2110542964681947,-0.936944035798712
HZA-UNCOVER-20466,UNCOVER-20466,8.5,True,-0.5,0.057190958417936644,1.0,383.2993876677698,0.5847929423678486,-1.6340124818698882,-2.346599841172898,-2.0659537409578688,-1.636983183293581,-1.2183928031122768,-0.9442825424427941
HZA-UNCOVER-20466,UNCOVER-20466,8.5,True,-0.5,0.057190958417936644,1.0,435.8121647744256,0.5851712465278869,-1.640031273089713,-2.3526186323927227,-2.0719725321776936,-1.643001974513406,-1.2244115943321017,-0.9503013336626189
HZA-UNCOVER-20466,UNCOVER-20466,8.5,True,-0.5,0.057190958417936644,1.0,495.51929660267956,0.5854812428082931,-1.644963290994296,-2.3575506502973056,-2.0769045500822765,-1.6479339924179888,-1.2293436122366845,-0.9552333515672018
HZA-UNCOVER-20466,UNCOVER-20466,8.5,True,-0.5,0.057190958417936644,1.0,563.4064240329424,0.585735021518436,-1.649000891511914,-2.3615882508149237,-2.0809421505998946,-1.651971592935607,-1.2333812127543027,-0.9592709520848199
HZA-UNCOVER-20466,UNCOVER-20466,8.5,True,-0.5,0.057190958417936644,1.0,640.5942227031146,0.5859425625121433,-1.652302853379192,-2.3648902126822016,-2.0842441124671724,-1.6552735548028847,-1.2366831746215805,-0.9625729139520978
HZA-UNCOVER-20466,UNCOVER-20466,8.5,True,-0.5,0.057190958417936644,1.0,728.3569030384599,0.5861121003574274,-1.6550001879644665,-2.367587547267476,-2.086941447052447,-1.6579708893881593,-1.239380509206855,-0.9652702485373723
HZA-UNCOVER-20466,UNCOVER-20466,8.5,True,-0.5,0.057190958417936644,1.0,828.1432448223001,0.5862504268326788,-1.6572009519598403,-2.36978831126285,-2.089142211047821,-1.6601716533835331,-1.2415812732022289,-0.9674710125327461
HZA-UNCOVER-20466,UNCOVER-20466,8.5,True,-0.5,0.057190958417936644,1.0,941.6005135446557,0.5863631413628513,-1.6589942318023887,-2.3715815911053983,-2.0909354908903692,-1.6619649332260815,-1.2433745530447773,-0.9692642923752945
HZA-UNCOVER-20466,UNCOVER-20466,8.5,True,-0.5,0.057190958417936644,1.0,1070.6016533381312,0.5864548582521807,-1.660453440731386,-2.3730408000343957,-2.0923946998193665,-1.6634241421550788,-1.2448337619737746,-0.9707235013042919
HZA-UNCOVER-20466,UNCOVER-20466,8.5,True,-0.5,0.057190958417936644,1.0,1100.0,0.5864718978433711,-1.6607245393675623,-2.373311898670572,-2.092665798455543,-1.663695240791255,-1.2451048606099508,-0.9709945999404681
HZA-UNCOVER-20466,UNCOVER-20466,8.5,True,-0.5,0.057190958417936644,1.0,1217.2762054000095,0.5865293780935786,-1.6616390458990988,-2.3742264052021085,-2.0935803049870794,-1.6646097473227917,-1.2460193671414874,-0.9719091064720047
HZA-UNCOVER-20466,UNCOVER-20466,8.5,True,-0.5,0.057190958417936644,1.0,1384.0454622995594,0.5865898294971387,-1.6626008232608314,-2.375188182563841,-2.094542082348812,-1.6655715246845242,-1.24698114450322,-0.9728708838337372
HZA-UNCOVER-20466,UNCOVER-20466,8.5,True,-0.5,0.057190958417936644,1.0,1573.662438495233,0.586638786244577,-1.6633797214934152,-2.375967080796425,-2.0953209805813957,-1.666350422917108,-1.2477600427358038,-0.973649782066321
HZA-UNCOVER-20466,UNCOVER-20466,8.5,True,-0.5,0.057190958417936644,1.0,1789.257316892076,0.5866783641112565,-1.6640094024264656,-2.376596761729475,-2.095950661514446,-1.6669801038501584,-1.2483897236688541,-0.9742794629993714
HZA-UNCOVER-20466,UNCOVER-20466,8.5,True,-0.5,0.057190958417936644,1.0,2034.389121667738,0.5867103008755424,-1.6645175139853094,-2.377104873288319,-2.09645877307329,-1.6674882154090023,-1.248897835227698,-0.9747875745582153
HZA-UNCOVER-20466,UNCOVER-20466,8.5,True,-0.5,0.057190958417936644,1.0,2313.104470378237,0.5867360224334273,-1.664926742069774,-2.3775141013727836,-2.0968680011577545,-1.6678974434934668,-1.2493070633121626,-0.9751968026426798
HZA-UNCOVER-20466,UNCOVER-20466,8.5,True,-0.5,0.057190958417936644,1.0,2630.004375218852,0.5867566974350367,-1.6652556798169655,-2.377843039119975,-2.097196938904946,-1.6682263812406584,-1.2496360010593541,-0.9755257403898714
HZA-UNCOVER-20466,UNCOVER-20466,8.5,True,-0.5,0.057190958417936644,1.0,2990.320196190382,0.5867732824422573,-1.6655195460557888,-2.3781069053587984,-2.0974608051437693,-1.6684902474794816,-1.2498998672981774,-0.9757896066286946
HZA-UNCOVER-20466,UNCOVER-20466,8.5,True,-0.5,0.057190958417936644,1.0,3400.0,0.5867865592595153,-1.6657307792368652,-2.378318138539875,-2.0976720383248457,-1.668701480660558,-1.2501111004792538,-0.976000839809771
HZA-UNCOVER-20466,UNCOVER-20466,8.5,True,-0.5,0.057190958417936644,2.0,20.0,0.4090078076473212,-5.344567966995811,-6.057155326298821,-5.776509226083792,-5.347538668419504,-4.9289482882382,-4.654838027568717
HZA-UNCOVER-20466,UNCOVER-20466,8.5,True,-0.5,0.057190958417936644,2.0,22.74003970766435,0.4390398920668028,-6.300184452940558,-7.012771812243567,-6.732125712028538,-6.303155154364251,-5.884564774182946,-5.610454513513464
HZA-UNCOVER-20466,UNCOVER-20466,8.5,True,-0.5,0.057190958417936644,2.0,25.0,0.45799321644691304,-6.903276432441745,-7.615863791744754,-7.335217691529725,-6.906247133865437,-6.487656753684133,-6.2135464930146505
HZA-UNCOVER-20466,UNCOVER-20466,8.5,True,-0.5,0.057190958417936644,2.0,25.85547029530757,0.4641391994669837,-7.098840703448726,-7.811428062751736,-7.5307819625367065,-7.101811404872419,-6.683221024691115,-6.409110764021632
HZA-UNCOVER-20466,UNCOVER-20466,8.5,True,-0.5,0.057190958417936644,2.0,29.39772105878151,0.48508156697904764,-7.765223741326039,-8.477811100629049,-8.19716500041402,-7.768194442749732,-7.349604062568428,-7.075493801898945
HZA-UNCOVER-20466,UNCOVER-20466,8.5,True,-0.5,0.057190958417936644,2.0,30.0,0.488054341224642,-7.859816978292271,-8.57240433759528,-8.29175823738025,-7.8627876797159635,-7.444197299534659,-7.1700870388651765
HZA-UNCOVER-20466,UNCOVER-20466,8.5,True,-0.5,0.057190958417936644,2.0,33.425267209576596,0.5025298173977084,-8.320424489901068,-9.033011849204078,-8.75236574898905,-8.32339519132476,-7.904804811143457,-7.630694550473974
HZA-UNCOVER-20466,UNCOVER-20466,8.5,True,-0.5,0.057190958417936644,2.0,38.004595179253144,0.5170477773064184,-8.78238382769676,-9.49497118699977,-9.21432508678474,-8.785354529120454,-8.366764148939149,-8.092653888269666
HZA-UNCOVER-20466,UNCOVER-20466,8.5,True,-0.5,0.057190958417936644,2.0,43.21130017249628,0.5291132517093576,-9.166305439302041,-9.878892798605051,-9.598246698390021,-9.169276140725735,-8.75068576054443,-8.476575499874947
HZA-UNCOVER-20466,UNCOVER-20466,8.5,True,-0.5,0.057190958417936644,2.0,49.13133408711842,0.5391298088242508,-9.485030805736804,-10.197618165039813,-9.916972064824783,-9.488001507160497,-9.069411126979192,-8.79530086630971
HZA-UNCOVER-20466,UNCOVER-20466,8.5,True,-0.5,0.057190958417936644,2.0,55.862424401579815,0.5474373254534881,-9.749374756601883,-10.461962115904893,-10.181316015689863,-9.752345458025577,-9.333755077844271,-9.059644817174789
HZA-UNCOVER-20466,UNCOVER-20466,8.5,True,-0.5,0.057190958417936644,2.0,60.0,0.5514276743545752,-9.876347068656147,-10.588934427959156,-10.308288327744126,-9.87931777007984,-9.460727389898535,-9.186617129229052
HZA-UNCOVER-20466,UNCOVER-20466,8.5,True,-0.5,0.057190958417936644,2.0,63.51568745291611,0.554321309802507,-9.968422120781534,-10.681009480084544,-10.400363379869514,-9.971392822205228,-9.552802442023923,-9.27869218135444
HZA-UNCOVER-20466,UNCOVER-20466,8.5,True,-0.5,0.057190958417936644,2.0,72.21746273694556,0.5600210618179464,-10.149787387196989,-10.862374746499999,-10.581728646284969,-10.152758088620683,-9.734167708439378,-9.460057447769895
HZA-UNCOVER-20466,UNCOVER-20466,8.5,True,-0.5,0.057190958417936644,2.0,82.1113985112456,0.5647367569871632,-10.299840110259739,-11.012427469562748,-10.731781369347718,-10.302810811683432,-9.884220431502127,-9.610110170832645
HZA-UNCOVER-20466,UNCOVER-20466,8.5,True,-0.5,0.057190958417936644,2.0,93.36082312987881,0.5686355528577653,-10.423899218420202,-11.136486577723211,-10.855840477508181,-10.426869919843895,-10.00827953966259,-9.734169278993107
HZA-UNCOVER-20466,UNCOVER-20466,8.5,True,-0.5,0.057190958417936644,2.0,100.0,0.5704355020194353,-10.481173334619688,-11.193760693922698,-10.913114593707668,-10.484144036043382,-10.065553655862077,-9.791443395192594
HZA-UNCOVER-20466,UNCOVER-20466,8.5,True,-0.5,0.057190958417936644,2.0,106.15144125568361,0.571856822057899,-10.526399528099569,-11.238986887402579,-10.958340787187549,-10.529370229523263,-10.110779849341958,-9.836669588672475
HZA-UNCOVER-20466,UNCOVER-20466,8.5,True,-0.5,0.057190958417936644,2.0,120.69439945900218,0.5745166142009014,-10.611033720836142,-11.323621080139151,-11.042974979924121,-10.614004422259836,-10.19541404207853,-9.921303781409048
HZA-UNCOVER-20466,UNCOVER-20466,8.5,True,-0.5,0.057190958417936644,2.0,137.22977180952068,0.5767114438889658,-10.680872877001894,-11.393460236304904,-11.112814136089874,-10.683843578425588,-10.265253198244283,-9.9911429375748
HZA-UNCOVER-20466,UNCOVER-20466,8.5,True,-0.5,0.057190958417936644,2.0,156.03052300111096,0.578521494653435,-10.738468424708925,-11.451055784011935,-11.170409683796905,-10.741439126132619,-10.322848745951314,-10.048738485281831
HZA-UNCOVER-20466,UNCOVER-20466,8.5,True,-0.5,0.057190958417936644,2.0,177.40701443264487,0.5800133201924946,-10.785938092793435,-11.498525452096445,-11.217879351881415,-10.788908794217129,-10.370318414035824,-10.09620815336634
HZA-UNCOVER-20466,UNCOVER-20466,8.5,True,-0.5,0.057190958417936644,2.0,201.71212763082622,0.5812421154511591,-10.825038176245142,-11.537625535548152,-11.256979435333122,-10.828008877668836,-10.40941849748753,-10.135308236818048
HZA-UNCOVER-20466,UNCOVER-20466,8.5,True,-0.5,0.057190958417936644,2.0,229.34708959212247,0.5822536214351417,-10.857224147102977,-11.569811506405987,-11.289165406190957,-10.860194848526671,-10.441604468345366,-10.167494207675883
HZA-UNCOVER-20466,UNCOVER-20466,8.5,True,-0.5,0.057190958417936644,2.0,260.76809620810604,0.583085719471789,-10.88370138360231,-11.596288742905319,-11.315642642690289,-10.886672085026003,-10.468081704844698,-10.193971444175215
HZA-UNCOVER-20466,UNCOVER-20466,8.5,True,-0.5,0.057190958417936644,2.0,296.49384311321825,0.5837697631050928,-10.905467550877281,-11.618054910180291,-11.337408809965261,-10.908438252300975,-10.48984787211967,-10.215737611450187
HZA-UNCOVER-20466,UNCOVER-20466,8.5,True,-0.5,0.057190958417936644,2.0,300.0,0.5838259381659467,-10.907255033008104,-11.619842392311114,-11.339196292096084,-10.910225734431798,-10.491635354250493,-10.21752509358101
HZA-UNCOVER-20466,UNCOVER-20466,8.5,True,-0.5,0.057190958417936644,2.0,337.1140882736292,0.584331689021366,-10.923347950451612,-11.635935309754622,-11.355289209539592,-10.926318651875306,-10.507728271694,-10.233618011024518
HZA-UNCOVER-20466,UNCOVER-20466,8.5,True,-0.5,0.057190958417936644,2.0,383.2993876677698,0.5847929423678486,-10.938024963739776,-11.650612323042786,-11.369966222827756,-10.94099566516347,-10.522405284982165,-10.248295024312682
HZA-UNCOVER-20466,UNCOVER-20466,8.5,True,-0.5,0.057190958417936644,2.0,435.8121647744256,0.5851712465278869,-10.950062546179426,-11.662649905482436,-11.382003805267406,-10.95303324760312,-10.534442867421815,-10.260332606752332
HZA-UNCOVER-20466,UNCOVER-20466,8.5,True,-0.5,0.057190958417936644,2.0,495.51929660267956,0.5854812428082931,-10.959926581988592,-11.672513941291601,-11.391867841076571,-10.962897283412286,-10.54430690323098,-10.270196642561498
HZA-UNCOVER-20466,UNCOVER-20466,8.5,True,-0.5,0.057190958417936644,2.0,563.4064240329424,0.585735021518436,-10.968001783023828,-11.680589142326838,-11.399943042111808,-10.970972484447522,-10.552382104266217,-10.278271843596734
HZA-UNCOVER-20466,UNCOVER-20466,8.5,True,-0.5,0.057190958417936644,2.0,640.5942227031146,0.5859425625121433,-10.974605706758384,-11.687193066061393,-11.406546965846363,-10.977576408182077,-10.558986028000772,-10.28487576733129
HZA-UNCOVER-20466,UNCOVER-20466,8.5,True,-0.5,0.057190958417936644,2.0,728.3569030384599,0.5861121003574274,-10.980000375928933,-11.692587735231943,-11.411941635016912,-10.982971077352627,-10.564380697171321,-10.290270436501839
HZA-UNCOVER-20466,UNCOVER-20466,8.5,True,-0.5,0.057190958417936644,2.0,828.1432448223001,0.5862504268326788,-10.98440190391968,-11.69698926322269,-11.41634316300766,-10.987372605343374,-10.568782225162069,-10.294671964492586
HZA-UNCOVER-20466,UNCOVER-20466,8.5,True,-0.5,0.057190958417936644,2.0,941.6005135446557,0.5863631413628513,-10.987988463604777,-11.700575822907787,-11.419929722692757,-10.990959165028471,-10.572368784847166,-10.298258524177683
HZA-UNCOVER-20466,UNCOVER-20466,8.5,True,-0.5,0.057190958417936644,2.0,1070.6016533381312,0.5864548582521807,-10.990906881462772,-11.703494240765782,-11.422848140550752,-10.993877582886466,-10.57528720270516,-10.301176942035678
HZA-UNCOVER-20466,UNCOVER-20466,8.5,True,-0.5,0.057190958417936644,2.0,1100.0,0.5864718978433711,-10.991449078735124,-11.704036438038134,-11.423390337823104,-10.994419780158818,-10.575829399977513,-10.30171913930803
HZA-UNCOVER-20466,UNCOVER-20466,8.5,True,-0.5,0.057190958417936644,2.0,1217.2762054000095,0.5865293780935786,-10.993278091798198,-11.705865451101207,-11.425219350886177,-10.996248793221891,-10.577658413040586,-10.303548152371103
HZA-UNCOVER-20466,UNCOVER-20466,8.5,True,-0.5,0.057190958417936644,2.0,1384.0454622995594,0.5865898294971387,-10.995201646521663,-11.707789005824672,-11.427142905609642,-10.998172347945356,-10.579581967764051,-10.305471707094569
HZA-UNCOVER-20466,UNCOVER-20466,8.5,True,-0.5,0.057190958417936644,2.0,1573.662438495233,0.586638786244577,-10.99675944298683,-11.70934680228984,-11.42870070207481,-10.999730144410524,-10.581139764229219,-10.307029503559736
HZA-UNCOVER-20466,UNCOVER-20466,8.5,True,-0.5,0.057190958417936644,2.0,1789.257316892076,0.5866783641112565,-10.998018804852931,-11.71060616415594,-11.42996006394091,-11.000989506276625,-10.58239912609532,-10.308288865425837
HZA-UNCOVER-20466,UNCOVER-20466,8.5,True,-0.5,0.057190958417936644,2.0,2034.389121667738,0.5867103008755424,-10.999035027970619,-11.711622387273628,-11.430976287058598,-11.002005729394313,-10.583415349213007,-10.309305088543525
HZA-UNCOVER-20466,UNCOVER-20466,8.5,True,-0.5,0.057190958417936644,2.0,2313.104470378237,0.5867360224334273,-10.999853484139548,-11.712440843442558,-11.431794743227528,-11.002824185563242,-10.584233805381936,-10.310123544712454
HZA-UNCOVER-20466,UNCOVER-20466,8.5,True,-0.5,0.057190958417936644,2.0,2630.004375218852,0.5867566974350367,-11.000511359633931,-11.71309871893694,-11.43245261872191,-11.003482061057625,-10.58489168087632,-10.310781420206837
HZA-UNCOVER-20466,UNCOVER-20466,8.5,True,-0.5,0.057190958417936644,2.0,2990.320196190382,0.5867732824422573,-11.001039092111577,-11.713626451414587,-11.432980351199557,-11.004009793535271,-10.585419413353966,-10.311309152684483
HZA-UNCOVER-20466,UNCOVER-20466,8.5,True,-0.5,0.057190958417936644,2.0,3400.0,0.5867865592595153,-11.00146155847373,-11.71404891777674,-11.43340281756171,-11.004432259897424,-10.585841879716119,-10.311731619046636
HZA-COSMOS3D-13852,COSMOS3D-13852,7.646,True,0.0,0.1,0.3,20.0,0.4982043252016129,7.3017956642276385,6.7704688123455625,6.985111570624939,7.307788664524516,7.650998855287467,7.870627535089323
HZA-COSMOS3D-13852,COSMOS3D-13852,7.646,True,0.0,0.1,0.3,22.74003970766435,0.5282364096210945,7.223539052967038,6.692212201084962,6.906854959364338,7.229532053263915,7.572742244026866,7.792370923828722
HZA-COSMOS3D-13852,COSMOS3D-13852,7.646,True,0.0,0.1,0.3,25.0,0.5471897340012047,7.174151107815011,6.642824255932935,6.857467014212312,7.180144108111889,7.52335429887484,7.742982978676696
HZA-COSMOS3D-13852,COSMOS3D-13852,7.646,True,0.0,0.1,0.3,25.85547029530757,0.5533357170212754,7.158136108746085,6.626809256864009,6.8414520151433855,7.164129109042962,7.507339299805913,7.726967979607769
HZA-COSMOS3D-13852,COSMOS3D-13852,7.646,True,0.0,0.1,0.3,29.39772105878151,0.5742780845333394,7.10356518085521,6.572238328973134,6.78688108725251,7.109558181152087,7.452768371915038,7.672397051716894
HZA-COSMOS3D-13852,COSMOS3D-13852,7.646,True,0.0,0.1,0.3,30.0,0.5772508587789337,7.095818824150375,6.564491972268299,6.779134730547676,7.101811824447252,7.445022015210204,7.664650695012059
HZA-COSMOS3D-13852,COSMOS3D-13852,7.646,True,0.0,0.1,0.3,33.425267209576596,0.5917263349520001,7.058099107601066,6.52677225571899,6.741415013998367,7.0640921078979435,7.407302298660895,7.626930978462751
HZA-COSMOS3D-13852,COSMOS3D-13852,7.646,True,0.0,0.1,0.3,38.004595179253144,0.6062442948607101,7.0202686883399945,6.4889418364579186,6.703584594737295,7.026261688636872,7.369471879399823,7.589100559201679
HZA-COSMOS3D-13852,COSMOS3D-13852,7.646,True,0.0,0.1,0.3,43.21130017249628,0.6183097692636493,6.988828874611546,6.45750202272947,6.672144781008846,6.994821874908423,7.338032065671374,7.55766074547323
HZA-COSMOS3D-13852,COSMOS3D-13852,7.646,True,0.0,0.1,0.3,49.13133408711842,0.6283263263785425,6.962728061715544,6.431401209833468,6.646043968112845,6.968721062012421,7.311931252775373,7.5315599325772284
HZA-COSMOS3D-13852,COSMOS3D-13852,7.646,True,0.0,0.1,0.3,55.862424401579815,0.6366338430077798,6.94108060993316,6.409753758051084,6.624396516330461,6.947073610230038,7.290283800992989,7.509912480794845
HZA-COSMOS3D-13852,COSMOS3D-13852,7.646,True,0.0,0.1,0.3,60.0,0.6406241919088669,6.930682690881495,6.399355838999419,6.613998597278796,6.9366756911783725,7.279885881941324,7.4995145617431795
HZA-COSMOS3D-13852,COSMOS3D-13852,7.646,True,0.0,0.1,0.3,63.51568745291611,0.6435178273567987,6.923142551435437,6.391815699553361,6.606458457832738,6.9291355517323145,7.272345742495266,7.491974422297122
HZA-COSMOS3D-13852,COSMOS3D-13852,7.646,True,0.0,0.1,0.3,72.21746273694556,0.6492175793722381,6.908290326344304,6.376963474462228,6.591606232741604,6.914283326641181,7.257493517404132,7.477122197205988
HZA-COSMOS3D-13852,COSMOS3D-13852,7.646,True,0.0,0.1,0.3,82.1113985112456,0.6539332745414549,6.896002324002332,6.364675472120256,6.5793182303996325,6.901995324299209,7.24520551506216,7.464834194864016
HZA-COSMOS3D-13852,COSMOS3D-13852,7.646,True,0.0,0.1,0.3,93.36082312987881,0.657832070412057,6.885842970806314,6.354516118924238,6.5691588772036145,6.891835971103191,7.235046161866142,7.454674841667998
HZA-COSMOS3D-13852,COSMOS3D-13852,7.646,True,0.0,0.1,0.3,100.0,0.659632019573727,6.881152722874596,6.34982587099252,6.564468629271897,6.887145723171473,7.2303559139344244,7.44998459373628
HZA-COSMOS3D-13852,COSMOS3D-13852,7.646,True,0.0,0.1,0.3,106.15144125568361,0.6610533396121907,6.877449094176256,6.34612224229418,6.560765000573556,6.883442094473133,7.226652285236084,7.44628096503794
HZA-COSMOS3D-13852,COSMOS3D-13852,7.646,True,0.0,0.1,0.3,120.69439945900218,0.6637131317551931,6.870518295871962,6.339191443989886,6.553834202269263,6.8765112961688395,7.219721486931791,7.439350166733647
HZA-COSMOS3D-13852,COSMOS3D-13852,7.646,True,0.0,0.1,0.3,137.22977180952068,0.6659079614432575,6.864799081338499,6.333472229456423,6.5481149877358,6.8707920816353765,7.214002272398328,7.4336309522001836
HZA-COSMOS3D-13852,COSMOS3D-13852,7.646,True,0.0,0.1,0.3,156.03052300111096,0.6677180122077268,6.860082510984657,6.328755659102581,6.543398417381957,6.866075511281534,7.209285702044485,7.428914381846341
HZA-COSMOS3D-13852,COSMOS3D-13852,7.646,True,0.0,0.1,0.3,177.40701443264487,0.6692098377467863,6.856195161387201,6.324868309505125,6.539511067784502,6.862188161684078,7.2053983524470295,7.425027032248885
HZA-COSMOS3D-13852,COSMOS3D-13852,7.646,True,0.0,0.1,0.3,201.71212763082622,0.6704386330054508,6.85299320738584,6.321666355503764,6.53630911378314,6.858986207682717,7.202196398445668,7.421825078247524
HZA-COSMOS3D-13852,COSMOS3D-13852,7.646,True,0.0,0.1,0.3,229.34708959212247,0.6714501389894334,6.850357458582305,6.319030606700229,6.533673364979606,6.856350458879183,7.199560649642134,7.41918932944399
HZA-COSMOS3D-13852,COSMOS3D-13852,7.646,True,0.0,0.1,0.3,260.76809620810604,0.6722822370260807,6.848189205067995,6.316862353185919,6.531505111465296,6.854182205364872,7.197392396127824,7.4170210759296795
HZA-COSMOS3D-13852,COSMOS3D-13852,7.646,True,0.0,0.1,0.3,296.49384311321825,0.6729662806593845,6.846406746816045,6.3150798949339695,6.529722653213346,6.852399747112923,7.195609937875874,7.41523861767773
HZA-COSMOS3D-13852,COSMOS3D-13852,7.646,True,0.0,0.1,0.3,300.0,0.6730224557202384,6.846260367702349,6.314933515820273,6.529576274099649,6.852253367999226,7.195463558762177,7.415092238564033
HZA-COSMOS3D-13852,COSMOS3D-13852,7.646,True,0.0,0.1,0.3,337.1140882736292,0.6735282065756577,6.84494249886799,6.313615646985914,6.528258405265291,6.850935499164867,7.194145689927819,7.4137743697296745
HZA-COSMOS3D-13852,COSMOS3D-13852,7.646,True,0.0,0.1,0.3,383.2993876677698,0.6739894599221403,6.843740580169169,6.312413728287093,6.52705648656647,6.849733580466046,7.192943771228998,7.4125724510308535
HZA-COSMOS3D-13852,COSMOS3D-13852,7.646,True,0.0,0.1,0.3,435.8121647744256,0.6743677640821786,6.842754807714055,6.311427955831979,6.526070714111356,6.848747808010932,7.1919579987738835,7.411586678575739
HZA-COSMOS3D-13852,COSMOS3D-13852,7.646,True,0.0,0.1,0.3,495.51929660267956,0.6746777603625848,6.841947029670109,6.310620177788033,6.52526293606741,6.847940029966987,7.191150220729938,7.410778900531794
HZA-COSMOS3D-13852,COSMOS3D-13852,7.646,True,0.0,0.1,0.3,563.4064240329424,0.6749315390727277,6.8412857415094726,6.309958889627397,6.524601647906773,6.84727874180635,7.190488932569301,7.410117612371157
HZA-COSMOS3D-13852,COSMOS3D-13852,7.646,True,0.0,0.1,0.3,640.5942227031146,0.675139080066435,6.840744938059457,6.309418086177381,6.524060844456757,6.846737938356334,7.189948129119285,7.409576808921141
HZA-COSMOS3D-13852,COSMOS3D-13852,7.646,True,0.0,0.1,0.3,728.3569030384599,0.6753086179117191,6.840303161955373,6.308976310073297,6.523619068352674,6.8462961622522505,7.189506353015202,7.4091350328170575
HZA-COSMOS3D-13852,COSMOS3D-13852,7.646,True,0.0,0.1,0.3,828.1432448223001,0.6754469443869705,6.839942715405956,6.3086158635238805,6.523258621803257,6.845935715702834,7.189145906465785,7.408774586267641
HZA-COSMOS3D-13852,COSMOS3D-13852,7.646,True,0.0,0.1,0.3,941.6005135446557,0.675559658917143,6.839649007615051,6.308322155732975,6.522964914012352,6.845642007911929,7.18885219867488,7.408480878476736
HZA-COSMOS3D-13852,COSMOS3D-13852,7.646,True,0.0,0.1,0.3,1070.6016533381312,0.6756513758064724,6.8394100147814525,6.3080831628993765,6.522725921178753,6.84540301507833,7.188613205841281,7.408241885643137
HZA-COSMOS3D-13852,COSMOS3D-13852,7.646,True,0.0,0.1,0.3,1100.0,0.6756684153976628,6.839365613578885,6.308038761696809,6.522681519976186,6.845358613875763,7.188568804638714,7.40819748444057
HZA-COSMOS3D-13852,COSMOS3D-13852,7.646,True,0.0,0.1,0.3,1217.2762054000095,0.6757258956478703,6.839215833445984,6.307888981563908,6.522531739843284,6.845208833742861,7.188419024505812,7.408047704307668
HZA-COSMOS3D-13852,COSMOS3D-13852,7.646,True,0.0,0.1,0.3,1384.0454622995594,0.6757863470514304,6.839058311180048,6.307731459297972,6.522374217577348,6.845051311476925,7.188261502239876,7.407890182041732
HZA-COSMOS3D-13852,COSMOS3D-13852,7.646,True,0.0,0.1,0.3,1573.662438495233,0.6758353037988687,6.838930741308461,6.307603889426385,6.522246647705762,6.844923741605339,7.18813393236829,7.407762612170146
HZA-COSMOS3D-13852,COSMOS3D-13852,7.646,True,0.0,0.1,0.3,1789.257316892076,0.6758748816655482,6.838827610613834,6.307500758731758,6.522143517011135,6.844820610910712,7.188030801673663,7.407659481475519
HZA-COSMOS3D-13852,COSMOS3D-13852,7.646,True,0.0,0.1,0.3,2034.389121667738,0.6759068184298341,6.83874439085084,6.307417538968764,6.5220602972481405,6.844737391147717,7.187947581910668,7.407576261712524
HZA-COSMOS3D-13852,COSMOS3D-13852,7.646,True,0.0,0.1,0.3,2313.104470378237,0.675932539987719,6.838677366466907,6.307350514584831,6.521993272864208,6.8446703667637845,7.187880557526736,7.407509237328592
HZA-COSMOS3D-13852,COSMOS3D-13852,7.646,True,0.0,0.1,0.3,2630.004375218852,0.6759532149893284,6.838623492232234,6.307296640350158,6.521939398629534,6.844616492529111,7.187826683292062,7.407455363093918
HZA-COSMOS3D-13852,COSMOS3D-13852,7.646,True,0.0,0.1,0.3,2990.320196190382,0.675969799996549,6.838580275569524,6.307253423687448,6.521896181966825,6.844573275866401,7.1877834666293525,7.407412146431208
HZA-COSMOS3D-13852,COSMOS3D-13852,7.646,True,0.0,0.1,0.3,3400.0,0.675983076813807,6.83854567927869,6.307218827396614,6.521861585675991,6.844538679575567,7.187748870338519,7.4073775501403745
HZA-COSMOS3D-13852,COSMOS3D-13852,7.646,True,0.0,0.1,1.0,20.0,0.4982043252016129,4.272652214092127,3.741325362210051,3.9559681204894277,4.278645214389004,4.621855405151956,4.841484084953811
HZA-COSMOS3D-13852,COSMOS3D-13852,7.646,True,0.0,0.1,1.0,22.74003970766435,0.5282364096210945,4.011796843223457,3.480469991341381,3.6951127496207574,4.017789843520334,4.361000034283285,4.580628714085141
HZA-COSMOS3D-13852,COSMOS3D-13852,7.646,True,0.0,0.1,1.0,25.0,0.5471897340012047,3.847170359383372,3.315843507501296,3.530486265780673,3.8531633596802495,4.196373550443201,4.416002230245057
HZA-COSMOS3D-13852,COSMOS3D-13852,7.646,True,0.0,0.1,1.0,25.85547029530757,0.5533357170212754,3.7937870291536173,3.2624601772715414,3.477102935550918,3.7997800294504946,4.142990220213446,4.362618900015302
HZA-COSMOS3D-13852,COSMOS3D-13852,7.646,True,0.0,0.1,1.0,29.39772105878151,0.5742780845333394,3.6118839361840305,3.0805570843019545,3.295199842581331,3.617876936480908,3.961087127243859,4.180715807045715
HZA-COSMOS3D-13852,COSMOS3D-13852,7.646,True,0.0,0.1,1.0,30.0,0.5772508587789337,3.586062747167917,3.054735895285841,3.2693786535652176,3.5920557474647943,3.9352659382277455,4.154894618029601
HZA-COSMOS3D-13852,COSMOS3D-13852,7.646,True,0.0,0.1,1.0,33.425267209576596,0.5917263349520001,3.4603303586702214,2.9290035067881455,3.143646265067522,3.4663233589670988,3.80953354973005,4.029162229531906
HZA-COSMOS3D-13852,COSMOS3D-13852,7.646,True,0.0,0.1,1.0,38.004595179253144,0.6062442948607101,3.334228961133314,2.802902109251238,3.0175448675306145,3.340221961430191,3.6834321521931424,3.903060831994998
HZA-COSMOS3D-13852,COSMOS3D-13852,7.646,True,0.0,0.1,1.0,43.21130017249628,0.6183097692636493,3.2294295820384846,2.6981027301564087,2.9127454884357853,3.235422582335362,3.578632773098313,3.798261452900169
HZA-COSMOS3D-13852,COSMOS3D-13852,7.646,True,0.0,0.1,1.0,49.13133408711842,0.6283263263785425,3.1424268723851485,2.6111000205030725,2.825742778782449,3.148419872682026,3.491630063444977,3.711258743246833
HZA-COSMOS3D-13852,COSMOS3D-13852,7.646,True,0.0,0.1,1.0,55.862424401579815,0.6366338430077798,3.070268699777202,2.538941847895126,2.7535846061745026,3.0762617000740793,3.4194718908370305,3.6391005706388864
HZA-COSMOS3D-13852,COSMOS3D-13852,7.646,True,0.0,0.1,1.0,60.0,0.6406241919088669,3.0356089696049855,2.5042821177229095,2.718924876002286,3.041601969901863,3.384812160664814,3.60444084046667
HZA-COSMOS3D-13852,COSMOS3D-13852,7.646,True,0.0,0.1,1.0,63.51568745291611,0.6435178273567987,3.010475171451457,2.479148319569381,2.6937910778487577,3.0164681717483344,3.3596783625112856,3.5793070423131415
HZA-COSMOS3D-13852,COSMOS3D-13852,7.646,True,0.0,0.1,1.0,72.21746273694556,0.6492175793722381,2.960967754481011,2.429640902598935,2.644283660878312,2.9669607547778885,3.3101709455408397,3.5297996253426955
HZA-COSMOS3D-13852,COSMOS3D-13852,7.646,True,0.0,0.1,1.0,82.1113985112456,0.6539332745414549,2.9200077466744387,2.388680894792363,2.6033236530717394,2.926000746971316,3.2692109377342673,3.488839617536123
HZA-COSMOS3D-13852,COSMOS3D-13852,7.646,True,0.0,0.1,1.0,93.36082312987881,0.657832070412057,2.886143236021044,2.354816384138968,2.569459142418345,2.8921362363179215,3.2353464270808727,3.4549751068827286
HZA-COSMOS3D-13852,COSMOS3D-13852,7.646,True,0.0,0.1,1.0,100.0,0.659632019573727,2.870509076248652,2.339182224366576,2.5538249826459527,2.8765020765455294,3.2197122673084806,3.4393409471103364
HZA-COSMOS3D-13852,COSMOS3D-13852,7.646,True,0.0,0.1,1.0,106.15144125568361,0.6610533396121907,2.8581636472541856,2.3268367953721096,2.5414795536514863,2.864156647551063,3.207366838314014,3.42699551811587
HZA-COSMOS3D-13852,COSMOS3D-13852,7.646,True,0.0,0.1,1.0,120.69439945900218,0.6637131317551931,2.835060986239874,2.303734134357798,2.518376892637175,2.8410539865367515,3.1842641772997027,3.4038928571015585
HZA-COSMOS3D-13852,COSMOS3D-13852,7.646,True,0.0,0.1,1.0,137.22977180952068,0.6659079614432575,2.8159969377949974,2.2846700859129214,2.499312844192298,2.8219899380918747,3.165200128854826,3.384828808656682
HZA-COSMOS3D-13852,COSMOS3D-13852,7.646,True,0.0,0.1,1.0,156.03052300111096,0.6677180122077268,2.8002750366155222,2.2689481847334463,2.483590943012823,2.8062680369123996,3.149478227675351,3.3691069074772066
HZA-COSMOS3D-13852,COSMOS3D-13852,7.646,True,0.0,0.1,1.0,177.40701443264487,0.6692098377467863,2.7873172046240047,2.2559903527419287,2.4706331110213053,2.793310204920882,3.1365203956838332,3.356149075485689
HZA-COSMOS3D-13852,COSMOS3D-13852,7.646,True,0.0,0.1,1.0,201.71212763082622,0.6704386330054508,2.7766440246194666,2.2453171727373906,2.4599599310167672,2.782637024916344,3.125847215679295,3.345475895481151
HZA-COSMOS3D-13852,COSMOS3D-13852,7.646,True,0.0,0.1,1.0,229.34708959212247,0.6714501389894334,2.7678581952743517,2.2365313433922758,2.4511741016716524,2.773851195571229,3.1170613863341803,3.336690066136036
HZA-COSMOS3D-13852,COSMOS3D-13852,7.646,True,0.0,0.1,1.0,260.76809620810604,0.6722822370260807,2.7606306835599828,2.229303831677907,2.4439465899572834,2.76662368385686,3.1098338746198113,3.329462554421667
HZA-COSMOS3D-13852,COSMOS3D-13852,7.646,True,0.0,0.1,1.0,296.49384311321825,0.6729662806593845,2.7546891560534847,2.223362304171409,2.4380050624507854,2.760682156350362,3.1038923471133133,3.323521026915169
HZA-COSMOS3D-13852,COSMOS3D-13852,7.646,True,0.0,0.1,1.0,300.0,0.6730224557202384,2.754201225674496,2.22287437379242,2.4375171320717968,2.7601942259713734,3.1034044167343247,3.3230330965361805
HZA-COSMOS3D-13852,COSMOS3D-13852,7.646,True,0.0,0.1,1.0,337.1140882736292,0.6735282065756577,2.7498083295599676,2.2184814776778916,2.4331242359572682,2.755801329856845,3.099011520619796,3.318640200421652
HZA-COSMOS3D-13852,COSMOS3D-13852,7.646,True,0.0,0.1,1.0,383.2993876677698,0.6739894599221403,2.745801933897231,2.214475082015155,2.4291178402945315,2.751794934194108,3.0950051249570594,3.3146338047589152
HZA-COSMOS3D-13852,COSMOS3D-13852,7.646,True,0.0,0.1,1.0,435.8121647744256,0.6743677640821786,2.7425160257135177,2.2111891738314418,2.4258319321108184,2.748509026010395,3.0917192167733463,3.311347896575202
HZA-COSMOS3D-13852,COSMOS3D-13852,7.646,True,0.0,0.1,1.0,495.51929660267956,0.6746777603625848,2.739823432233699,2.208496580351623,2.4231393386309996,2.7458164325305763,3.0890266232935275,3.3086553030953834
HZA-COSMOS3D-13852,COSMOS3D-13852,7.646,True,0.0,0.1,1.0,563.4064240329424,0.6749315390727277,2.7376191383649067,2.2062922864828307,2.4209350447622073,2.743612138661784,3.0868223294247352,3.306451009226591
HZA-COSMOS3D-13852,COSMOS3D-13852,7.646,True,0.0,0.1,1.0,640.5942227031146,0.675139080066435,2.7358164601981914,2.2044896083161154,2.419132366595492,2.7418094604950687,3.08501965125802,3.3046483310598758
HZA-COSMOS3D-13852,COSMOS3D-13852,7.646,True,0.0,0.1,1.0,728.3569030384599,0.6753086179117191,2.734343873184578,2.203017021302502,2.4176597795818786,2.7403368734814553,3.0835470642444065,3.3031757440462624
HZA-COSMOS3D-13852,COSMOS3D-13852,7.646,True,0.0,0.1,1.0,828.1432448223001,0.6754469443869705,2.7331423846865226,2.2018155328044466,2.4164582910838233,2.7391353849834,3.082345575746351,3.301974255548207
HZA-COSMOS3D-13852,COSMOS3D-13852,7.646,True,0.0,0.1,1.0,941.6005135446557,0.675559658917143,2.7321633587168384,2.2008365068347624,2.415479265114139,2.7381563590137157,3.081366549776667,3.3009952295785228
HZA-COSMOS3D-13852,COSMOS3D-13852,7.646,True,0.0,0.1,1.0,1070.6016533381312,0.6756513758064724,2.731366715938176,2.2000398640561,2.4146826223354765,2.737359716235053,3.0805699069980044,3.3001985867998602
HZA-COSMOS3D-13852,COSMOS3D-13852,7.646,True,0.0,0.1,1.0,1100.0,0.6756684153976628,2.7312187119296185,2.1998918600475426,2.414534618326919,2.737211712226496,3.080421902989447,3.300050582791303
HZA-COSMOS3D-13852,COSMOS3D-13852,7.646,True,0.0,0.1,1.0,1217.2762054000095,0.6757258956478703,2.7307194448199468,2.199392592937871,2.4140353512172474,2.736712445116824,3.0799226358797753,3.299551315681631
HZA-COSMOS3D-13852,COSMOS3D-13852,7.646,True,0.0,0.1,1.0,1384.0454622995594,0.6757863470514304,2.7301943706001586,2.1988675187180826,2.4135102769974592,2.736187370897036,3.079397561659987,3.299026241461843
HZA-COSMOS3D-13852,COSMOS3D-13852,7.646,True,0.0,0.1,1.0,1573.662438495233,0.6758353037988687,2.7297691376948707,2.1984422858127948,2.4130850440921714,2.735762137991748,3.0789723287546993,3.298601008556555
HZA-COSMOS3D-13852,COSMOS3D-13852,7.646,True,0.0,0.1,1.0,1789.257316892076,0.6758748816655482,2.729425368712783,2.198098516830707,2.4127412751100836,2.7354183690096603,3.0786285597726115,3.2982572395744674
HZA-COSMOS3D-13852,COSMOS3D-13852,7.646,True,0.0,0.1,1.0,2034.389121667738,0.6759068184298341,2.7291479695027983,2.1978211176207223,2.412463875900099,2.7351409697996756,3.078351160562627,3.2979798403644827
HZA-COSMOS3D-13852,COSMOS3D-13852,7.646,True,0.0,0.1,1.0,2313.104470378237,0.675932539987719,2.7289245548896908,2.197597703007615,2.4122404612869914,2.734917555186568,3.0781277459495193,3.297756425751375
HZA-COSMOS3D-13852,COSMOS3D-13852,7.646,True,0.0,0.1,1.0,2630.004375218852,0.6759532149893284,2.728744974107445,2.1974181222253693,2.412060880504746,2.7347379744043225,3.0779481651672738,3.2975768449691296
HZA-COSMOS3D-13852,COSMOS3D-13852,7.646,True,0.0,0.1,1.0,2990.320196190382,0.675969799996549,2.7286009185650792,2.1972740666830033,2.41191682496238,2.7345939188619566,3.077804109624908,3.2974327894267637
HZA-COSMOS3D-13852,COSMOS3D-13852,7.646,True,0.0,0.1,1.0,3400.0,0.675983076813807,2.7284855975956326,2.1971587457135566,2.4118015039929332,2.73447859789251,3.077688788655461,3.297317468457317
HZA-COSMOS3D-13852,COSMOS3D-13852,7.646,True,0.0,0.1,2.0,20.0,0.4982043252016129,-0.05469557181574558,-0.5860224236978215,-0.3713796654184449,-0.048702571518868254,0.294507619244083,0.5141362990459388
HZA-COSMOS3D-13852,COSMOS3D-13852,7.646,True,0.0,0.1,2.0,22.74003970766435,0.5282364096210945,-0.5764063135530861,-1.107733165435162,-0.8930904071557855,-0.5704133132562088,-0.22720312249325758,-0.007574442691401728
HZA-COSMOS3D-13852,COSMOS3D-13852,7.646,True,0.0,0.1,2.0,25.0,0.5471897340012047,-0.9056592812332553,-1.4369861331153313,-1.2223433748359547,-0.899666280936378,-0.5564560901734268,-0.33682741037157093
HZA-COSMOS3D-13852,COSMOS3D-13852,7.646,True,0.0,0.1,2.0,25.85547029530757,0.5533357170212754,-1.012425941692765,-1.543752793574841,-1.3291100352954643,-1.0064329413958877,-0.6632227506329365,-0.4435940708310806
HZA-COSMOS3D-13852,COSMOS3D-13852,7.646,True,0.0,0.1,2.0,29.39772105878151,0.5742780845333394,-1.3762321276319387,-1.9075589795140147,-1.692916221234638,-1.3702391273350614,-1.0270289365721101,-0.8074002567702543
HZA-COSMOS3D-13852,COSMOS3D-13852,7.646,True,0.0,0.1,2.0,30.0,0.5772508587789337,-1.4278745056641657,-1.9592013575462417,-1.744558599266865,-1.4218815053672884,-1.0786713146043372,-0.8590426348024813
HZA-COSMOS3D-13852,COSMOS3D-13852,7.646,True,0.0,0.1,2.0,33.425267209576596,0.5917263349520001,-1.6793392826595568,-2.2106661345416327,-1.9960233762622561,-1.6733462823626795,-1.3301360915997282,-1.1105074117978724
HZA-COSMOS3D-13852,COSMOS3D-13852,7.646,True,0.0,0.1,2.0,38.004595179253144,0.6062442948607101,-1.931542077733372,-2.462868929615448,-2.2482261713360714,-1.9255490774364947,-1.5823388866735435,-1.3627102068716876
HZA-COSMOS3D-13852,COSMOS3D-13852,7.646,True,0.0,0.1,2.0,43.21130017249628,0.6183097692636493,-2.1411408359230304,-2.6724676878051064,-2.4578249295257297,-2.135147835626153,-1.7919376448632018,-1.572308965061346
HZA-COSMOS3D-13852,COSMOS3D-13852,7.646,True,0.0,0.1,2.0,49.13133408711842,0.6283263263785425,-2.3151462552297026,-2.8464731071117786,-2.631830348832402,-2.3091532549328253,-1.965943064169874,-1.7463143843680182
HZA-COSMOS3D-13852,COSMOS3D-13852,7.646,True,0.0,0.1,2.0,55.862424401579815,0.6366338430077798,-2.4594626004455957,-2.9907894523276717,-2.776146694048295,-2.4534696001487184,-2.110259409385767,-1.8906307295839113
HZA-COSMOS3D-13852,COSMOS3D-13852,7.646,True,0.0,0.1,2.0,60.0,0.6406241919088669,-2.5287820607900287,-3.0601089126721046,-2.845466154392728,-2.5227890604931513,-2.1795788697302,-1.9599501899283442
HZA-COSMOS3D-13852,COSMOS3D-13852,7.646,True,0.0,0.1,2.0,63.51568745291611,0.6435178273567987,-2.5790496570970856,-3.1103765089791615,-2.895733750699785,-2.5730566568002082,-2.229846466037257,-2.010217786235401
HZA-COSMOS3D-13852,COSMOS3D-13852,7.646,True,0.0,0.1,2.0,72.21746273694556,0.6492175793722381,-2.6780644910379774,-3.2093913429200533,-2.9947485846406767,-2.6720714907411,-2.328861299978149,-2.109232620176293
HZA-COSMOS3D-13852,COSMOS3D-13852,7.646,True,0.0,0.1,2.0,82.1113985112456,0.6539332745414549,-2.759984506651122,-3.291311358533198,-3.0766686002538215,-2.753991506354245,-2.4107813155912936,-2.1911526357894378
HZA-COSMOS3D-13852,COSMOS3D-13852,7.646,True,0.0,0.1,2.0,93.36082312987881,0.657832070412057,-2.8277135279579113,-3.3590403798399873,-3.1443976215606106,-2.821720527661034,-2.4785103368980828,-2.258881657096227
HZA-COSMOS3D-13852,COSMOS3D-13852,7.646,True,0.0,0.1,2.0,100.0,0.659632019573727,-2.8589818475026956,-3.3903086993847715,-3.175665941105395,-2.8529888472058182,-2.509778656442867,-2.290149976641011
HZA-COSMOS3D-13852,COSMOS3D-13852,7.646,True,0.0,0.1,2.0,106.15144125568361,0.6610533396121907,-2.8836727054916285,-3.4149995573737044,-3.200356799094328,-2.877679705194751,-2.5344695144318,-2.314840834629944
HZA-COSMOS3D-13852,COSMOS3D-13852,7.646,True,0.0,0.1,2.0,120.69439945900218,0.6637131317551931,-2.9298780275202514,-3.4612048794023274,-3.2465621211229507,-2.923885027223374,-2.580674836460423,-2.361046156658567
HZA-COSMOS3D-13852,COSMOS3D-13852,7.646,True,0.0,0.1,2.0,137.22977180952068,0.6659079614432575,-2.968006124410005,-3.499332976292081,-3.284690218012704,-2.9620131241131276,-2.6188029333501763,-2.3991742535483205
HZA-COSMOS3D-13852,COSMOS3D-13852,7.646,True,0.0,0.1,2.0,156.03052300111096,0.6677180122077268,-2.999449926768955,-3.530776778651031,-3.3161340203716545,-2.993456926472078,-2.6502467357091266,-2.4306180559072708
HZA-COSMOS3D-13852,COSMOS3D-13852,7.646,True,0.0,0.1,2.0,177.40701443264487,0.6692098377467863,-3.0253655907519903,-3.5566924426340663,-3.3420496843546896,-3.019372590455113,-2.6761623996921617,-2.456533719890306
HZA-COSMOS3D-13852,COSMOS3D-13852,7.646,True,0.0,0.1,2.0,201.71212763082622,0.6704386330054508,-3.0467119507610665,-3.5780388026431424,-3.363396044363766,-3.040718950464189,-2.697508759701238,-2.477880079899382
HZA-COSMOS3D-13852,COSMOS3D-13852,7.646,True,0.0,0.1,2.0,229.34708959212247,0.6714501389894334,-3.064283609451296,-3.595610461333372,-3.3809677030539955,-3.058290609154419,-2.7150804183914676,-2.495451738589612
HZA-COSMOS3D-13852,COSMOS3D-13852,7.646,True,0.0,0.1,2.0,260.76809620810604,0.6722822370260807,-3.078738632880034,-3.61006548476211,-3.3954227264827335,-3.072745632583157,-2.7295354418202056,-2.5099067620183497
HZA-COSMOS3D-13852,COSMOS3D-13852,7.646,True,0.0,0.1,2.0,296.49384311321825,0.6729662806593845,-3.09062168789303,-3.621948539775106,-3.4073057814957295,-3.084628687596153,-2.7414184968332016,-2.5217898170313457
HZA-COSMOS3D-13852,COSMOS3D-13852,7.646,True,0.0,0.1,2.0,300.0,0.6730224557202384,-3.0915975486510074,-3.6229244005330834,-3.408281642253707,-3.08560454835413,-2.742394357591179,-2.522765677789323
HZA-COSMOS3D-13852,COSMOS3D-13852,7.646,True,0.0,0.1,2.0,337.1140882736292,0.6735282065756577,-3.1003833408800645,-3.6317101927621405,-3.417067434482764,-3.094390340583187,-2.751180149820236,-2.53155147001838
HZA-COSMOS3D-13852,COSMOS3D-13852,7.646,True,0.0,0.1,2.0,383.2993876677698,0.6739894599221403,-3.108396132205538,-3.639722984087614,-3.4250802258082373,-3.1024031319086607,-2.7591929411457095,-2.5395642613438536
HZA-COSMOS3D-13852,COSMOS3D-13852,7.646,True,0.0,0.1,2.0,435.8121647744256,0.6743677640821786,-3.114967948572964,-3.64629480045504,-3.4316520421756636,-3.108974948276087,-2.7657647575131357,-2.54613607771128
HZA-COSMOS3D-13852,COSMOS3D-13852,7.646,True,0.0,0.1,2.0,495.51929660267956,0.6746777603625848,-3.1203531355326017,-3.6516799874146777,-3.437037229135301,-3.1143601352357244,-2.771149944472773,-2.5515212646709173
HZA-COSMOS3D-13852,COSMOS3D-13852,7.646,True,0.0,0.1,2.0,563.4064240329424,0.6749315390727277,-3.1247617232701863,-3.6560885751522623,-3.4414458168728856,-3.118768722973309,-2.7755585322103578,-2.555929852408502
HZA-COSMOS3D-13852,COSMOS3D-13852,7.646,True,0.0,0.1,2.0,640.5942227031146,0.675139080066435,-3.128367079603617,-3.659693931485693,-3.4450511732063163,-3.1223740793067396,-2.7791638885437884,-2.5595352087419325
HZA-COSMOS3D-13852,COSMOS3D-13852,7.646,True,0.0,0.1,2.0,728.3569030384599,0.6753086179117191,-3.1313122536308438,-3.6626391055129197,-3.447996347233543,-3.1253192533339664,-2.782109062571015,-2.5624803827691593
HZA-COSMOS3D-13852,COSMOS3D-13852,7.646,True,0.0,0.1,2.0,828.1432448223001,0.6754469443869705,-3.1337152306269545,-3.6650420825090304,-3.450399324229654,-3.127722230330077,-2.784512039567126,-2.56488335976527
HZA-COSMOS3D-13852,COSMOS3D-13852,7.646,True,0.0,0.1,2.0,941.6005135446557,0.675559658917143,-3.135673282566323,-3.667000134448399,-3.4523573761690223,-3.1296802822694456,-2.7864700915064944,-2.5668414117046385
HZA-COSMOS3D-13852,COSMOS3D-13852,7.646,True,0.0,0.1,2.0,1070.6016533381312,0.6756513758064724,-3.137266568123648,-3.668593420005724,-3.4539506617263473,-3.1312735678267707,-2.7880633770638195,-2.5684346972619636
HZA-COSMOS3D-13852,COSMOS3D-13852,7.646,True,0.0,0.1,2.0,1100.0,0.6756684153976628,-3.1375625761407626,-3.6688894280228386,-3.454246669743462,-3.1315695758438853,-2.788359385080934,-2.568730705279078
HZA-COSMOS3D-13852,COSMOS3D-13852,7.646,True,0.0,0.1,2.0,1217.2762054000095,0.6757258956478703,-3.138561110360106,-3.669887962242182,-3.4552452039628054,-3.1325681100632288,-2.7893579193002775,-2.5697292394984217
HZA-COSMOS3D-13852,COSMOS3D-13852,7.646,True,0.0,0.1,2.0,1384.0454622995594,0.6757863470514304,-3.1396112587996825,-3.6709381106817585,-3.456295352402382,-3.133618258502805,-2.790408067739854,-2.570779387937998
HZA-COSMOS3D-13852,COSMOS3D-13852,7.646,True,0.0,0.1,2.0,1573.662438495233,0.6758353037988687,-3.140461724610258,-3.671788576492334,-3.4571458182129575,-3.134468724313381,-2.7912585335504296,-2.571629853748574
HZA-COSMOS3D-13852,COSMOS3D-13852,7.646,True,0.0,0.1,2.0,1789.257316892076,0.6758748816655482,-3.1411492625744337,-3.6724761144565097,-3.457833356177133,-3.1351562622775564,-2.791946071514605,-2.5723173917127493
HZA-COSMOS3D-13852,COSMOS3D-13852,7.646,True,0.0,0.1,2.0,2034.389121667738,0.6759068184298341,-3.141704060994403,-3.673030912876479,-3.4583881545971025,-3.135711060697526,-2.7925008699345746,-2.5728721901327187
HZA-COSMOS3D-13852,COSMOS3D-13852,7.646,True,0.0,0.1,2.0,2313.104470378237,0.675932539987719,-3.142150890220618,-3.673477742102694,-3.4588349838233174,-3.136157889923741,-2.7929476991607896,-2.5733190193589337
HZA-COSMOS3D-13852,COSMOS3D-13852,7.646,True,0.0,0.1,2.0,2630.004375218852,0.6759532149893284,-3.1425100517851092,-3.673836903667185,-3.4591941453878086,-3.136517051488232,-2.7933068607252807,-2.573678180923425
HZA-COSMOS3D-13852,COSMOS3D-13852,7.646,True,0.0,0.1,2.0,2990.320196190382,0.675969799996549,-3.142798162869841,-3.674125014751917,-3.4594822564725405,-3.136805162572964,-2.7935949718100126,-2.5739662920081567
HZA-COSMOS3D-13852,COSMOS3D-13852,7.646,True,0.0,0.1,2.0,3400.0,0.675983076813807,-3.1430288048087345,-3.6743556566908104,-3.459712898411434,-3.137035804511857,-2.793825613748906,-2.57419693394705
HZA-COSMOS3D-13852,COSMOS3D-13852,7.646,True,0.0,0.057190958417936644,0.3,20.0,0.4982043252016129,6.222081804837348,5.690754952955272,5.905397711234649,6.228074805134225,6.571284995897177,6.7909136756990325
HZA-COSMOS3D-13852,COSMOS3D-13852,7.646,True,0.0,0.057190958417936644,0.3,22.74003970766435,0.5282364096210945,6.078739331945636,5.54741248006356,5.762055238342937,6.084732332242513,6.4279425230054645,6.64757120280732
HZA-COSMOS3D-13852,COSMOS3D-13852,7.646,True,0.0,0.057190958417936644,0.3,25.0,0.5471897340012047,5.988275535020458,5.456948683138382,5.671591441417759,5.994268535317335,6.3374787260802865,6.557107405882142
HZA-COSMOS3D-13852,COSMOS3D-13852,7.646,True,0.0,0.057190958417936644,0.3,25.85547029530757,0.5533357170212754,5.958940894369411,5.427614042487335,5.642256800766711,5.964933894666288,6.308144085429239,6.527772765231095
HZA-COSMOS3D-13852,COSMOS3D-13852,7.646,True,0.0,0.057190958417936644,0.3,29.39772105878151,0.5742780845333394,5.8589834386878135,5.3276565868057375,5.542299345085114,5.864976438984691,6.208186629747642,6.427815309549498
HZA-COSMOS3D-13852,COSMOS3D-13852,7.646,True,0.0,0.057190958417936644,0.3,30.0,0.5772508587789337,5.844794453142879,5.313467601260803,5.52811035954018,5.850787453439756,6.193997644202708,6.4136263240045635
HZA-COSMOS3D-13852,COSMOS3D-13852,7.646,True,0.0,0.057190958417936644,0.3,33.425267209576596,0.5917263349520001,5.77570332640156,5.244376474519484,5.459019232798861,5.781696326698437,6.124906517461389,6.344535197263244
HZA-COSMOS3D-13852,COSMOS3D-13852,7.646,True,0.0,0.057190958417936644,0.3,38.004595179253144,0.6062442948607101,5.706409425732205,5.175082573850129,5.3897253321295056,5.712402426029082,6.055612616792033,6.275241296593889
HZA-COSMOS3D-13852,COSMOS3D-13852,7.646,True,0.0,0.057190958417936644,0.3,43.21130017249628,0.6183097692636493,5.648821183991413,5.117494332109337,5.332137090388714,5.65481418428829,5.998024375051242,6.2176530548530975
HZA-COSMOS3D-13852,COSMOS3D-13852,7.646,True,0.0,0.057190958417936644,0.3,49.13133408711842,0.6283263263785425,5.601012379026198,5.069685527144122,5.2843282854234985,5.607005379323075,5.950215570086026,6.169844249887882
HZA-COSMOS3D-13852,COSMOS3D-13852,7.646,True,0.0,0.057190958417936644,0.3,55.862424401579815,0.6366338430077798,5.5613607863964365,5.0300339345143605,5.244676692793737,5.567353786693314,5.910563977456265,6.130192657258121
HZA-COSMOS3D-13852,COSMOS3D-13852,7.646,True,0.0,0.057190958417936644,0.3,60.0,0.6406241919088669,5.542314939588297,5.010988087706221,5.225630845985598,5.5483079398851745,5.891518130648126,6.1111468104499815
HZA-COSMOS3D-13852,COSMOS3D-13852,7.646,True,0.0,0.057190958417936644,0.3,63.51568745291611,0.6435178273567987,5.5285036817694895,4.9971768298874135,5.21181958816679,5.534496682066367,5.877706872829318,6.097335552631174
HZA-COSMOS3D-13852,COSMOS3D-13852,7.646,True,0.0,0.057190958417936644,0.3,72.21746273694556,0.6492175793722381,5.501298891807171,4.969972039925095,5.184614798204471,5.507291892104048,5.850502082866999,6.070130762668855
HZA-COSMOS3D-13852,COSMOS3D-13852,7.646,True,0.0,0.057190958417936644,0.3,82.1113985112456,0.6539332745414549,5.478790983347759,4.947464131465683,5.1621068897450595,5.484783983644636,5.827994174407587,6.047622854209443
HZA-COSMOS3D-13852,COSMOS3D-13852,7.646,True,0.0,0.057190958417936644,0.3,93.36082312987881,0.657832070412057,5.460182117123689,4.928855265241613,5.14349802352099,5.466175117420566,5.809385308183518,6.0290139879853735
HZA-COSMOS3D-13852,COSMOS3D-13852,7.646,True,0.0,0.057190958417936644,0.3,100.0,0.659632019573727,5.4515909996937655,4.9202641478116895,5.134906906091066,5.457583999990643,5.800794190753594,6.02042287055545
HZA-COSMOS3D-13852,COSMOS3D-13852,7.646,True,0.0,0.057190958417936644,0.3,106.15144125568361,0.6610533396121907,5.444807070671784,4.913480218789708,5.128122977069085,5.450800070968661,5.7940102617316125,6.013638941533468
HZA-COSMOS3D-13852,COSMOS3D-13852,7.646,True,0.0,0.057190958417936644,0.3,120.69439945900218,0.6637131317551931,5.432111941761298,4.900785089879222,5.115427848158599,5.4381049420581755,5.781315132821127,6.000943812622983
HZA-COSMOS3D-13852,COSMOS3D-13852,7.646,True,0.0,0.057190958417936644,0.3,137.22977180952068,0.6659079614432575,5.421636068336435,4.890309216454359,5.104951974733735,5.427629068633312,5.770839259396263,5.990467939198119
HZA-COSMOS3D-13852,COSMOS3D-13852,7.646,True,0.0,0.057190958417936644,0.3,156.03052300111096,0.6677180122077268,5.41299673618038,4.881669884298304,5.096312642577681,5.418989736477258,5.762199927240209,5.981828607042065
HZA-COSMOS3D-13852,COSMOS3D-13852,7.646,True,0.0,0.057190958417936644,0.3,177.40701443264487,0.6692098377467863,5.405876285967705,4.874549434085629,5.089192192365005,5.411869286264582,5.755079477027533,5.974708156829389
HZA-COSMOS3D-13852,COSMOS3D-13852,7.646,True,0.0,0.057190958417936644,0.3,201.71212763082622,0.6704386330054508,5.400011273449948,4.868684421567872,5.083327179847249,5.4060042737468255,5.749214464509777,5.9688431443116325
HZA-COSMOS3D-13852,COSMOS3D-13852,7.646,True,0.0,0.057190958417936644,0.3,229.34708959212247,0.6714501389894334,5.395183377821272,4.863856525939196,5.078499284218573,5.40117637811815,5.744386568881101,5.964015248682957
HZA-COSMOS3D-13852,COSMOS3D-13852,7.646,True,0.0,0.057190958417936644,0.3,260.76809620810604,0.6722822370260807,5.391211792346374,4.859884940464298,5.074527698743674,5.397204792643251,5.740414983406202,5.960043663208058
HZA-COSMOS3D-13852,COSMOS3D-13852,7.646,True,0.0,0.057190958417936644,0.3,296.49384311321825,0.6729662806593845,5.387946867255126,4.85662001537305,5.0712627736524265,5.393939867552003,5.737150058314954,5.95677873811681
HZA-COSMOS3D-13852,COSMOS3D-13852,7.646,True,0.0,0.057190958417936644,0.3,300.0,0.6730224557202384,5.387678744935505,4.856351893053429,5.070994651332805,5.393671745232382,5.736881935995333,5.956510615797189
HZA-COSMOS3D-13852,COSMOS3D-13852,7.646,True,0.0,0.057190958417936644,0.3,337.1140882736292,0.6735282065756577,5.385264807318977,4.853937955436901,5.068580713716278,5.391257807615855,5.734467998378806,5.954096678180662
HZA-COSMOS3D-13852,COSMOS3D-13852,7.646,True,0.0,0.057190958417936644,0.3,383.2993876677698,0.6739894599221403,5.383063255325753,4.851736403443677,5.066379161723054,5.389056255622631,5.732266446385582,5.951895126187438
HZA-COSMOS3D-13852,COSMOS3D-13852,7.646,True,0.0,0.057190958417936644,0.3,435.8121647744256,0.6743677640821786,5.381257617959806,4.84993076607773,5.064573524357106,5.387250618256683,5.730460809019634,5.95008948882149
HZA-COSMOS3D-13852,COSMOS3D-13852,7.646,True,0.0,0.057190958417936644,0.3,495.51929660267956,0.6746777603625848,5.37977801258843,4.848451160706354,5.0630939189857305,5.385771012885307,5.728981203648258,5.948609883450114
HZA-COSMOS3D-13852,COSMOS3D-13852,7.646,True,0.0,0.057190958417936644,0.3,563.4064240329424,0.6749315390727277,5.378566732433145,4.8472398805510695,5.061882638830446,5.384559732730023,5.727769923492974,5.94739860329483
HZA-COSMOS3D-13852,COSMOS3D-13852,7.646,True,0.0,0.057190958417936644,0.3,640.5942227031146,0.675139080066435,5.377576143872962,4.846249291990886,5.060892050270263,5.383569144169839,5.7267793349327905,5.946408014734646
HZA-COSMOS3D-13852,COSMOS3D-13852,7.646,True,0.0,0.057190958417936644,0.3,728.3569030384599,0.6753086179117191,5.37676694349738,4.845440091615304,5.06008284989468,5.382759943794257,5.725970134557208,5.945598814359064
HZA-COSMOS3D-13852,COSMOS3D-13852,7.646,True,0.0,0.057190958417936644,0.3,828.1432448223001,0.6754469443869705,5.376106714298768,4.844779862416692,5.059422620696068,5.382099714595645,5.725309905358596,5.944938585160452
HZA-COSMOS3D-13852,COSMOS3D-13852,7.646,True,0.0,0.057190958417936644,0.3,941.6005135446557,0.675559658917143,5.375568730346004,4.844241878463928,5.058884636743304,5.381561730642881,5.724771921405832,5.944400601207688
HZA-COSMOS3D-13852,COSMOS3D-13852,7.646,True,0.0,0.057190958417936644,0.3,1070.6016533381312,0.6756513758064724,5.375130967667303,4.843804115785227,5.058446874064604,5.3811239679641805,5.724334158727132,5.9439628385289875
HZA-COSMOS3D-13852,COSMOS3D-13852,7.646,True,0.0,0.057190958417936644,0.3,1100.0,0.6756684153976628,5.375049638076451,4.843722786194375,5.058365544473752,5.381042638373328,5.7242528291362795,5.943881508938135
HZA-COSMOS3D-13852,COSMOS3D-13852,7.646,True,0.0,0.057190958417936644,0.3,1217.2762054000095,0.6757258956478703,5.374775286116989,4.843448434234913,5.05809119251429,5.380768286413867,5.723978477176818,5.943607156978674
HZA-COSMOS3D-13852,COSMOS3D-13852,7.646,True,0.0,0.057190958417936644,0.3,1384.0454622995594,0.6757863470514304,5.374486752908471,4.843159901026395,5.057802659305771,5.380479753205348,5.723689943968299,5.943318623770155
HZA-COSMOS3D-13852,COSMOS3D-13852,7.646,True,0.0,0.057190958417936644,0.3,1573.662438495233,0.6758353037988687,5.3742530834386955,4.8429262315566195,5.057568989835996,5.380246083735573,5.723456274498524,5.94308495430038
HZA-COSMOS3D-13852,COSMOS3D-13852,7.646,True,0.0,0.057190958417936644,0.3,1789.257316892076,0.6758748816655482,5.374064179158779,4.842737327276703,5.05738008555608,5.380057179455656,5.723267370218608,5.9428960500204635
HZA-COSMOS3D-13852,COSMOS3D-13852,7.646,True,0.0,0.057190958417936644,0.3,2034.389121667738,0.6759068184298341,5.373911745691126,4.84258489380905,5.057227652088427,5.379904745988004,5.723114936750955,5.942743616552811
HZA-COSMOS3D-13852,COSMOS3D-13852,7.646,True,0.0,0.057190958417936644,0.3,2313.104470378237,0.675932539987719,5.373788977265788,4.842462125383712,5.057104883663088,5.379781977562665,5.722992168325616,5.942620848127472
HZA-COSMOS3D-13852,COSMOS3D-13852,7.646,True,0.0,0.057190958417936644,0.3,2630.004375218852,0.6759532149893284,5.373690295941629,4.842363444059553,5.05700620233893,5.379683296238507,5.722893487001458,5.942522166803314
HZA-COSMOS3D-13852,COSMOS3D-13852,7.646,True,0.0,0.057190958417936644,0.3,2990.320196190382,0.675969799996549,5.373611136069982,4.842284284187906,5.056927042467283,5.37960413636686,5.722814327129811,5.942443006931667
HZA-COSMOS3D-13852,COSMOS3D-13852,7.646,True,0.0,0.057190958417936644,0.3,3400.0,0.675983076813807,5.37354776611566,4.842220914233584,5.056863672512961,5.379540766412537,5.722750957175489,5.9423796369773445
HZA-COSMOS3D-13852,COSMOS3D-13852,7.646,True,0.0,0.057190958417936644,1.0,20.0,0.4982043252016129,0.6736060161244932,0.14227916424241727,0.3569219225217939,0.6795990164213705,1.0228092071843218,1.2424378869861776
HZA-COSMOS3D-13852,COSMOS3D-13852,7.646,True,0.0,0.057190958417936644,1.0,22.74003970766435,0.5282364096210945,0.195797773152119,-0.33552907872995696,-0.12088632045058034,0.20179077344899632,0.5450009642119475,0.7646296440138034
HZA-COSMOS3D-13852,COSMOS3D-13852,7.646,True,0.0,0.057190958417936644,1.0,25.0,0.5471897340012047,-0.10574821659847622,-0.6370750684805522,-0.42243231020117555,-0.09975521630159889,0.24345497446135234,0.4630836542632082
HZA-COSMOS3D-13852,COSMOS3D-13852,7.646,True,0.0,0.057190958417936644,1.0,25.85547029530757,0.5533357170212754,-0.20353035210196424,-0.7348572039840402,-0.5202144457046636,-0.1975373518050869,0.14567283895786431,0.36530151875972017
HZA-COSMOS3D-13852,COSMOS3D-13852,7.646,True,0.0,0.057190958417936644,1.0,29.39772105878151,0.5742780845333394,-0.536721871040621,-1.068048722922697,-0.8534059646433203,-0.5307288707437436,-0.1875186799807924,0.03210999982106344
HZA-COSMOS3D-13852,COSMOS3D-13852,7.646,True,0.0,0.057190958417936644,1.0,30.0,0.5772508587789337,-0.5840184895237375,-1.1153453414058134,-0.9007025831264368,-0.5780254892268601,-0.23481529846390892,-0.015186618662053064
HZA-COSMOS3D-13852,COSMOS3D-13852,7.646,True,0.0,0.057190958417936644,1.0,33.425267209576596,0.5917263349520001,-0.8143222453281336,-1.3456490972102095,-1.131006338930833,-0.8083292450312562,-0.465119054268305,-0.24549037446644917
HZA-COSMOS3D-13852,COSMOS3D-13852,7.646,True,0.0,0.057190958417936644,1.0,38.004595179253144,0.6062442948607101,-1.045301914225984,-1.57662876610806,-1.3619860078286834,-1.0393089139291067,-0.6960987231661555,-0.47647004336429966
HZA-COSMOS3D-13852,COSMOS3D-13852,7.646,True,0.0,0.057190958417936644,1.0,43.21130017249628,0.6183097692636493,-1.2372627200286228,-1.7685895719106988,-1.5539468136313221,-1.2312697197317455,-0.8880595289687943,-0.6684308491669384
HZA-COSMOS3D-13852,COSMOS3D-13852,7.646,True,0.0,0.057190958417936644,1.0,49.13133408711842,0.6283263263785425,-1.3966254032460057,-1.9279522551280817,-1.713309496848705,-1.3906324029491284,-1.0474222121861771,-0.8277935323843213
HZA-COSMOS3D-13852,COSMOS3D-13852,7.646,True,0.0,0.057190958417936644,1.0,55.862424401579815,0.6366338430077798,-1.5287973786785454,-2.0601242305606213,-1.8454814722812447,-1.522804378381668,-1.1795941876187168,-0.959965507816861
HZA-COSMOS3D-13852,COSMOS3D-13852,7.646,True,0.0,0.057190958417936644,1.0,60.0,0.6406241919088669,-1.5922835347056754,-2.1236103865877514,-1.9089676283083747,-1.586290534408798,-1.2430803436458469,-1.023451663843991
HZA-COSMOS3D-13852,COSMOS3D-13852,7.646,True,0.0,0.057190958417936644,1.0,63.51568745291611,0.6435178273567987,-1.6383210607683694,-2.1696479126504453,-1.9550051543710687,-1.632328060471492,-1.2891178697085408,-1.069489189906685
HZA-COSMOS3D-13852,COSMOS3D-13852,7.646,True,0.0,0.057190958417936644,1.0,72.21746273694556,0.6492175793722381,-1.7290036939760949,-2.260330545858171,-2.045687787578794,-1.7230106936792176,-1.3798005029162663,-1.1601718231144105
HZA-COSMOS3D-13852,COSMOS3D-13852,7.646,True,0.0,0.057190958417936644,1.0,82.1113985112456,0.6539332745414549,-1.8040300555074698,-2.3353569073895457,-2.120714149110169,-1.7980370552105924,-1.4548268644476412,-1.2351981846457853
HZA-COSMOS3D-13852,COSMOS3D-13852,7.646,True,0.0,0.057190958417936644,1.0,93.36082312987881,0.657832070412057,-1.866059609587703,-2.397386461469779,-2.1827437031904022,-1.8600666092908256,-1.5168564185278743,-1.2972277387260185
HZA-COSMOS3D-13852,COSMOS3D-13852,7.646,True,0.0,0.057190958417936644,1.0,100.0,0.659632019573727,-1.8946966676874482,-2.426023519569524,-2.2113807612901475,-1.8887036673905708,-1.5454934766276196,-1.3258647968257637
HZA-COSMOS3D-13852,COSMOS3D-13852,7.646,True,0.0,0.057190958417936644,1.0,106.15144125568361,0.6610533396121907,-1.9173097644273867,-2.4486366163094626,-2.233993858030086,-1.9113167641305093,-1.568106573367558,-1.3484778935657022
HZA-COSMOS3D-13852,COSMOS3D-13852,7.646,True,0.0,0.057190958417936644,1.0,120.69439945900218,0.6637131317551931,-1.959626860795673,-2.490953712677749,-2.2763109543983724,-1.9536338604987957,-1.6104236697358445,-1.3907949899339886
HZA-COSMOS3D-13852,COSMOS3D-13852,7.646,True,0.0,0.057190958417936644,1.0,137.22977180952068,0.6659079614432575,-1.994546438878551,-2.525873290760627,-2.3112305324812503,-1.9885534385816737,-1.6453432478187224,-1.4257145680168666
HZA-COSMOS3D-13852,COSMOS3D-13852,7.646,True,0.0,0.057190958417936644,1.0,156.03052300111096,0.6677180122077268,-2.0233442127320647,-2.5546710646141406,-2.340028306334764,-2.0173512124351873,-1.674141021672236,-1.4545123418703803
HZA-COSMOS3D-13852,COSMOS3D-13852,7.646,True,0.0,0.057190958417936644,1.0,177.40701443264487,0.6692098377467863,-2.047079046774318,-2.578405898656394,-2.363763140377017,-2.0410860464774405,-1.6978758557144893,-1.4782471759126334
HZA-COSMOS3D-13852,COSMOS3D-13852,7.646,True,0.0,0.057190958417936644,1.0,201.71212763082622,0.6704386330054508,-2.066629088500175,-2.597955940382251,-2.3833131821028744,-2.0606360882032977,-1.7174258974403465,-1.4977972176384906
HZA-COSMOS3D-13852,COSMOS3D-13852,7.646,True,0.0,0.057190958417936644,1.0,229.34708959212247,0.6714501389894334,-2.0827220739290926,-2.6140489258111685,-2.399406167531792,-2.0767290736322153,-1.733518882869264,-1.5138902030674082
HZA-COSMOS3D-13852,COSMOS3D-13852,7.646,True,0.0,0.057190958417936644,1.0,260.76809620810604,0.6722822370260807,-2.095960692178755,-2.627287544060831,-2.4126447857814544,-2.0899676918818777,-1.7467575011189265,-1.5271288213170706
HZA-COSMOS3D-13852,COSMOS3D-13852,7.646,True,0.0,0.057190958417936644,1.0,296.49384311321825,0.6729662806593845,-2.1068437758162446,-2.6381706276983206,-2.423527869418944,-2.1008507755193673,-1.757640584756416,-1.5380119049545602
HZA-COSMOS3D-13852,COSMOS3D-13852,7.646,True,0.0,0.057190958417936644,1.0,300.0,0.6730224557202384,-2.1077375168816523,-2.6390643687637283,-2.4244216104843517,-2.101744516584775,-1.7585343258218238,-1.538905646019968
HZA-COSMOS3D-13852,COSMOS3D-13852,7.646,True,0.0,0.057190958417936644,1.0,337.1140882736292,0.6735282065756577,-2.11578397560341,-2.647110827485486,-2.4324680692061094,-2.1097909753065327,-1.7665807845435815,-1.5469521047417256
HZA-COSMOS3D-13852,COSMOS3D-13852,7.646,True,0.0,0.057190958417936644,1.0,383.2993876677698,0.6739894599221403,-2.1231224822474903,-2.6544493341295663,-2.4398065758501897,-2.117129481950613,-1.7739192911876618,-1.554290611385806
HZA-COSMOS3D-13852,COSMOS3D-13852,7.646,True,0.0,0.057190958417936644,1.0,435.8121647744256,0.6743677640821786,-2.129141273467315,-2.660468125349391,-2.4458253670700145,-2.123148273170438,-1.7799380824074866,-1.5603094026056308
HZA-COSMOS3D-13852,COSMOS3D-13852,7.646,True,0.0,0.057190958417936644,1.0,495.51929660267956,0.6746777603625848,-2.1340732913719,-2.665400143253976,-2.450757384974599,-2.1280802910750225,-1.7848701003120713,-1.5652414205102154
HZA-COSMOS3D-13852,COSMOS3D-13852,7.646,True,0.0,0.057190958417936644,1.0,563.4064240329424,0.6749315390727277,-2.1381108918895144,-2.6694377437715904,-2.4547949854922138,-2.132117891592637,-1.7889077008296859,-1.56927902102783
HZA-COSMOS3D-13852,COSMOS3D-13852,7.646,True,0.0,0.057190958417936644,1.0,640.5942227031146,0.675139080066435,-2.141412853756794,-2.67273970563887,-2.4580969473594934,-2.1354198534599167,-1.7922096626969655,-1.5725809828951096
HZA-COSMOS3D-13852,COSMOS3D-13852,7.646,True,0.0,0.057190958417936644,1.0,728.3569030384599,0.6753086179117191,-2.144110188342067,-2.6754370402241427,-2.460794281944766,-2.1381171880451895,-1.7949069972822382,-1.5752783174803824
HZA-COSMOS3D-13852,COSMOS3D-13852,7.646,True,0.0,0.057190958417936644,1.0,828.1432448223001,0.6754469443869705,-2.1463109523374406,-2.6776378042195166,-2.46299504594014,-2.1403179520405633,-1.797107761277612,-1.5774790814757562
HZA-COSMOS3D-13852,COSMOS3D-13852,7.646,True,0.0,0.057190958417936644,1.0,941.6005135446557,0.675559658917143,-2.148104232179989,-2.679431084062065,-2.4647883257826884,-2.1421112318831117,-1.7989010411201605,-1.5792723613183046
HZA-COSMOS3D-13852,COSMOS3D-13852,7.646,True,0.0,0.057190958417936644,1.0,1070.6016533381312,0.6756513758064724,-2.14956344110899,-2.680890292991066,-2.4662475347116892,-2.1435704408121126,-1.8003602500491613,-1.5807315702473055
HZA-COSMOS3D-13852,COSMOS3D-13852,7.646,True,0.0,0.057190958417936644,1.0,1100.0,0.6756684153976628,-2.1498345397451644,-2.6811613916272403,-2.4665186333478637,-2.143841539448287,-1.8006313486853358,-1.58100266888348
HZA-COSMOS3D-13852,COSMOS3D-13852,7.646,True,0.0,0.057190958417936644,1.0,1217.2762054000095,0.6757258956478703,-2.1507490462767027,-2.6820758981587787,-2.467433139879402,-2.1447560459798254,-1.8015458552168742,-1.5819171754150183
HZA-COSMOS3D-13852,COSMOS3D-13852,7.646,True,0.0,0.057190958417936644,1.0,1384.0454622995594,0.6757863470514304,-2.1517108236384317,-2.6830376755205076,-2.468394917241131,-2.1457178233415544,-1.8025076325786031,-1.5828789527767473
HZA-COSMOS3D-13852,COSMOS3D-13852,7.646,True,0.0,0.057190958417936644,1.0,1573.662438495233,0.6758353037988687,-2.1524897218710155,-2.6838165737530915,-2.469173815473715,-2.146496721574138,-1.803286530811187,-1.583657851009331
HZA-COSMOS3D-13852,COSMOS3D-13852,7.646,True,0.0,0.057190958417936644,1.0,1789.257316892076,0.6758748816655482,-2.1531194028040677,-2.6844462546861436,-2.469803496406767,-2.1471264025071903,-1.803916211744239,-1.5842875319423833
HZA-COSMOS3D-13852,COSMOS3D-13852,7.646,True,0.0,0.057190958417936644,1.0,2034.389121667738,0.6759068184298341,-2.1536275143629116,-2.6849543662449875,-2.470311607965611,-2.1476345140660342,-1.804424323303083,-1.5847956435012271
HZA-COSMOS3D-13852,COSMOS3D-13852,7.646,True,0.0,0.057190958417936644,1.0,2313.104470378237,0.675932539987719,-2.1540367424473743,-2.6853635943294503,-2.4707208360500736,-2.148043742150497,-1.8048335513875458,-1.58520487158569
HZA-COSMOS3D-13852,COSMOS3D-13852,7.646,True,0.0,0.057190958417936644,1.0,2630.004375218852,0.6759532149893284,-2.1543656801945694,-2.6856925320766454,-2.4710497737972688,-2.148372679897692,-1.8051624891347409,-1.585533809332885
HZA-COSMOS3D-13852,COSMOS3D-13852,7.646,True,0.0,0.057190958417936644,1.0,2990.320196190382,0.675969799996549,-2.154629546433391,-2.685956398315467,-2.47131364003609,-2.1486365461365136,-1.8054263553735623,-1.5857976755717065
HZA-COSMOS3D-13852,COSMOS3D-13852,7.646,True,0.0,0.057190958417936644,1.0,3400.0,0.675983076813807,-2.1548407796144673,-2.6861676314965433,-2.4715248732171666,-2.14884777931759,-1.8056375885546387,-1.5860089087527829
HZA-COSMOS3D-13852,COSMOS3D-13852,7.646,True,0.0,0.057190958417936644,2.0,20.0,0.4982043252016129,-7.252787967751013,-7.784114819633089,-7.5694720613537125,-7.246794967454136,-6.903584776691185,-6.683956096889329
HZA-COSMOS3D-13852,COSMOS3D-13852,7.646,True,0.0,0.057190958417936644,2.0,22.74003970766435,0.5282364096210945,-8.208404453695762,-8.739731305577838,-8.525088547298461,-8.202411453398884,-7.859201262635933,-7.639572582834077
HZA-COSMOS3D-13852,COSMOS3D-13852,7.646,True,0.0,0.057190958417936644,2.0,25.0,0.5471897340012047,-8.811496433196952,-9.342823285079028,-9.128180526799651,-8.805503432900075,-8.462293242137124,-8.242664562335268
HZA-COSMOS3D-13852,COSMOS3D-13852,7.646,True,0.0,0.057190958417936644,2.0,25.85547029530757,0.5533357170212754,-9.007060704203928,-9.538387556086004,-9.323744797806627,-9.00106770390705,-8.6578575131441,-8.438228833342244
HZA-COSMOS3D-13852,COSMOS3D-13852,7.646,True,0.0,0.057190958417936644,2.0,29.39772105878151,0.5742780845333394,-9.673443742081242,-10.204770593963318,-9.990127835683941,-9.667450741784364,-9.324240551021413,-9.104611871219557
HZA-COSMOS3D-13852,COSMOS3D-13852,7.646,True,0.0,0.057190958417936644,2.0,30.0,0.5772508587789337,-9.768036979047475,-10.29936383092955,-10.084721072650174,-9.762043978750597,-9.418833787987646,-9.19920510818579
HZA-COSMOS3D-13852,COSMOS3D-13852,7.646,True,0.0,0.057190958417936644,2.0,33.425267209576596,0.5917263349520001,-10.228644490656267,-10.759971342538343,-10.545328584258966,-10.22265149035939,-9.879441299596438,-9.659812619794582
HZA-COSMOS3D-13852,COSMOS3D-13852,7.646,True,0.0,0.057190958417936644,2.0,38.004595179253144,0.6062442948607101,-10.690603828451968,-11.221930680334044,-11.007287922054667,-10.68461082815509,-10.34140063739214,-10.121771957590283
HZA-COSMOS3D-13852,COSMOS3D-13852,7.646,True,0.0,0.057190958417936644,2.0,43.21130017249628,0.6183097692636493,-11.074525440057245,-11.605852291939321,-11.391209533659945,-11.068532439760368,-10.725322248997417,-10.50569356919556
HZA-COSMOS3D-13852,COSMOS3D-13852,7.646,True,0.0,0.057190958417936644,2.0,49.13133408711842,0.6283263263785425,-11.393250806492011,-11.924577658374087,-11.70993490009471,-11.387257806195134,-11.044047615432182,-10.824418935630327
HZA-COSMOS3D-13852,COSMOS3D-13852,7.646,True,0.0,0.057190958417936644,2.0,55.862424401579815,0.6366338430077798,-11.65759475735709,-12.188921609239166,-11.97427885095979,-11.651601757060213,-11.308391566297262,-11.088762886495406
HZA-COSMOS3D-13852,COSMOS3D-13852,7.646,True,0.0,0.057190958417936644,2.0,60.0,0.6406241919088669,-11.78456706941135,-12.315893921293426,-12.10125116301405,-11.778574069114473,-11.435363878351522,-11.215735198549666
HZA-COSMOS3D-13852,COSMOS3D-13852,7.646,True,0.0,0.057190958417936644,2.0,63.51568745291611,0.6435178273567987,-11.876642121536738,-12.407968973418814,-12.193326215139438,-11.870649121239861,-11.52743893047691,-11.307810250675054
HZA-COSMOS3D-13852,COSMOS3D-13852,7.646,True,0.0,0.057190958417936644,2.0,72.21746273694556,0.6492175793722381,-12.05800738795219,-12.589334239834265,-12.374691481554889,-12.052014387655312,-11.70880419689236,-11.489175517090505
HZA-COSMOS3D-13852,COSMOS3D-13852,7.646,True,0.0,0.057190958417936644,2.0,82.1113985112456,0.6539332745414549,-12.20806011101494,-12.739386962897015,-12.524744204617638,-12.202067110718062,-11.85885691995511,-11.639228240153255
HZA-COSMOS3D-13852,COSMOS3D-13852,7.646,True,0.0,0.057190958417936644,2.0,93.36082312987881,0.657832070412057,-12.332119219175405,-12.863446071057481,-12.648803312778105,-12.326126218878528,-11.982916028115577,-11.763287348313721
HZA-COSMOS3D-13852,COSMOS3D-13852,7.646,True,0.0,0.057190958417936644,2.0,100.0,0.659632019573727,-12.389393335374896,-12.920720187256972,-12.706077428977595,-12.383400335078019,-12.040190144315067,-11.820561464513212
HZA-COSMOS3D-13852,COSMOS3D-13852,7.646,True,0.0,0.057190958417936644,2.0,106.15144125568361,0.6610533396121907,-12.434619528854773,-12.965946380736849,-12.751303622457472,-12.428626528557896,-12.085416337794944,-11.865787657993089
HZA-COSMOS3D-13852,COSMOS3D-13852,7.646,True,0.0,0.057190958417936644,2.0,120.69439945900218,0.6637131317551931,-12.519253721591346,-13.050580573473422,-12.835937815194045,-12.513260721294468,-12.170050530531517,-11.950421850729661
HZA-COSMOS3D-13852,COSMOS3D-13852,7.646,True,0.0,0.057190958417936644,2.0,137.22977180952068,0.6659079614432575,-12.589092877757102,-13.120419729639178,-12.905776971359801,-12.583099877460224,-12.239889686697273,-12.020261006895417
HZA-COSMOS3D-13852,COSMOS3D-13852,7.646,True,0.0,0.057190958417936644,2.0,156.03052300111096,0.6677180122077268,-12.646688425464129,-13.178015277346205,-12.963372519066828,-12.640695425167252,-12.2974852344043,-12.077856554602445
HZA-COSMOS3D-13852,COSMOS3D-13852,7.646,True,0.0,0.057190958417936644,2.0,177.40701443264487,0.6692098377467863,-12.694158093548635,-13.225484945430711,-13.010842187151335,-12.688165093251758,-12.344954902488807,-12.125326222686951
HZA-COSMOS3D-13852,COSMOS3D-13852,7.646,True,0.0,0.057190958417936644,2.0,201.71212763082622,0.6704386330054508,-12.73325817700035,-13.264585028882426,-13.049942270603049,-12.727265176703472,-12.384054985940521,-12.164426306138665
HZA-COSMOS3D-13852,COSMOS3D-13852,7.646,True,0.0,0.057190958417936644,2.0,229.34708959212247,0.6714501389894334,-12.765444147858185,-13.29677099974026,-13.082128241460884,-12.759451147561307,-12.416240956798356,-12.1966122769965
HZA-COSMOS3D-13852,COSMOS3D-13852,7.646,True,0.0,0.057190958417936644,2.0,260.76809620810604,0.6722822370260807,-12.79192138435751,-13.323248236239586,-13.108605477960209,-12.785928384060632,-12.442718193297681,-12.223089513495825
HZA-COSMOS3D-13852,COSMOS3D-13852,7.646,True,0.0,0.057190958417936644,2.0,296.49384311321825,0.6729662806593845,-12.813687551632489,-13.345014403514565,-13.130371645235188,-12.807694551335612,-12.46448436057266,-12.244855680770804
HZA-COSMOS3D-13852,COSMOS3D-13852,7.646,True,0.0,0.057190958417936644,2.0,300.0,0.6730224557202384,-12.815475033763304,-13.34680188564538,-13.132159127366004,-12.809482033466427,-12.466271842703476,-12.24664316290162
HZA-COSMOS3D-13852,COSMOS3D-13852,7.646,True,0.0,0.057190958417936644,2.0,337.1140882736292,0.6735282065756577,-12.83156795120682,-13.362894803088896,-13.148252044809519,-12.825574950909942,-12.482364760146991,-12.262736080345135
HZA-COSMOS3D-13852,COSMOS3D-13852,7.646,True,0.0,0.057190958417936644,2.0,383.2993876677698,0.6739894599221403,-12.84624496449498,-13.377571816377056,-13.16292905809768,-12.840251964198103,-12.497041773435152,-12.277413093633296
HZA-COSMOS3D-13852,COSMOS3D-13852,7.646,True,0.0,0.057190958417936644,2.0,435.8121647744256,0.6743677640821786,-12.85828254693463,-13.389609398816706,-13.17496664053733,-12.852289546637753,-12.509079355874801,-12.289450676072946
HZA-COSMOS3D-13852,COSMOS3D-13852,7.646,True,0.0,0.057190958417936644,2.0,495.51929660267956,0.6746777603625848,-12.8681465827438,-13.399473434625875,-13.184830676346499,-12.862153582446922,-12.51894339168397,-12.299314711882115
HZA-COSMOS3D-13852,COSMOS3D-13852,7.646,True,0.0,0.057190958417936644,2.0,563.4064240329424,0.6749315390727277,-12.876221783779028,-13.407548635661104,-13.192905877381728,-12.870228783482151,-12.5270185927192,-12.307389912917344
HZA-COSMOS3D-13852,COSMOS3D-13852,7.646,True,0.0,0.057190958417936644,2.0,640.5942227031146,0.675139080066435,-12.882825707513588,-13.414152559395664,-13.199509801116287,-12.87683270721671,-12.53362251645376,-12.313993836651903
HZA-COSMOS3D-13852,COSMOS3D-13852,7.646,True,0.0,0.057190958417936644,2.0,728.3569030384599,0.6753086179117191,-12.888220376684133,-13.41954722856621,-13.204904470286833,-12.882227376387256,-12.539017185624305,-12.319388505822449
HZA-COSMOS3D-13852,COSMOS3D-13852,7.646,True,0.0,0.057190958417936644,2.0,828.1432448223001,0.6754469443869705,-12.892621904674881,-13.423948756556957,-13.20930599827758,-12.886628904378004,-12.543418713615052,-12.323790033813196
HZA-COSMOS3D-13852,COSMOS3D-13852,7.646,True,0.0,0.057190958417936644,2.0,941.6005135446557,0.675559658917143,-12.896208464359978,-13.427535316242054,-13.212892557962677,-12.8902154640631,-12.54700527330015,-12.327376593498293
HZA-COSMOS3D-13852,COSMOS3D-13852,7.646,True,0.0,0.057190958417936644,2.0,1070.6016533381312,0.6756513758064724,-12.89912688221798,-13.430453734100055,-13.215810975820679,-12.893133881921102,-12.54992369115815,-12.330295011356295
HZA-COSMOS3D-13852,COSMOS3D-13852,7.646,True,0.0,0.057190958417936644,2.0,1100.0,0.6756684153976628,-12.899669079490328,-13.430995931372404,-13.216353173093028,-12.893676079193451,-12.5504658884305,-12.330837208628644
HZA-COSMOS3D-13852,COSMOS3D-13852,7.646,True,0.0,0.057190958417936644,2.0,1217.2762054000095,0.6757258956478703,-12.901498092553405,-13.432824944435481,-13.218182186156104,-12.895505092256528,-12.552294901493577,-12.33266622169172
HZA-COSMOS3D-13852,COSMOS3D-13852,7.646,True,0.0,0.057190958417936644,2.0,1384.0454622995594,0.6757863470514304,-12.903421647276863,-13.434748499158939,-13.220105740879562,-12.897428646979986,-12.554218456217034,-12.334589776415179
HZA-COSMOS3D-13852,COSMOS3D-13852,7.646,True,0.0,0.057190958417936644,2.0,1573.662438495233,0.6758353037988687,-12.90497944374203,-13.436306295624107,-13.22166353734473,-12.898986443445153,-12.555776252682202,-12.336147572880346
HZA-COSMOS3D-13852,COSMOS3D-13852,7.646,True,0.0,0.057190958417936644,2.0,1789.257316892076,0.6758748816655482,-12.906238805608135,-13.437565657490211,-13.222922899210834,-12.900245805311258,-12.557035614548306,-12.33740693474645
HZA-COSMOS3D-13852,COSMOS3D-13852,7.646,True,0.0,0.057190958417936644,2.0,2034.389121667738,0.6759068184298341,-12.907255028725823,-13.438581880607899,-13.223939122328522,-12.901262028428945,-12.558051837665994,-12.338423157864138
HZA-COSMOS3D-13852,COSMOS3D-13852,7.646,True,0.0,0.057190958417936644,2.0,2313.104470378237,0.675932539987719,-12.908073484894748,-13.439400336776824,-13.224757578497448,-12.902080484597871,-12.55887029383492,-12.339241614033064
HZA-COSMOS3D-13852,COSMOS3D-13852,7.646,True,0.0,0.057190958417936644,2.0,2630.004375218852,0.6759532149893284,-12.908731360389138,-13.440058212271214,-13.225415453991838,-12.902738360092261,-12.55952816932931,-12.339899489527454
HZA-COSMOS3D-13852,COSMOS3D-13852,7.646,True,0.0,0.057190958417936644,2.0,2990.320196190382,0.675969799996549,-12.909259092866781,-13.440585944748857,-13.22594318646948,-12.903266092569904,-12.560055901806953,-12.340427222005097
HZA-COSMOS3D-13852,COSMOS3D-13852,7.646,True,0.0,0.057190958417936644,2.0,3400.0,0.675983076813807,-12.909681559228934,-13.44100841111101,-13.226365652831634,-12.903688558932057,-12.560478368169106,-12.34084968836725
HZA-COSMOS3D-13852,COSMOS3D-13852,7.646,True,-0.5,0.1,0.3,20.0,0.4982043252016129,6.8017956642276385,6.2704688123455625,6.485111570624939,6.807788664524516,7.150998855287467,7.370627535089323
HZA-COSMOS3D-13852,COSMOS3D-13852,7.646,True,-0.5,0.1,0.3,22.74003970766435,0.5282364096210945,6.723539052967038,6.192212201084962,6.406854959364338,6.729532053263915,7.072742244026866,7.292370923828722
HZA-COSMOS3D-13852,COSMOS3D-13852,7.646,True,-0.5,0.1,0.3,25.0,0.5471897340012047,6.674151107815011,6.142824255932935,6.357467014212312,6.680144108111889,7.02335429887484,7.242982978676696
HZA-COSMOS3D-13852,COSMOS3D-13852,7.646,True,-0.5,0.1,0.3,25.85547029530757,0.5533357170212754,6.658136108746085,6.126809256864009,6.3414520151433855,6.664129109042962,7.007339299805913,7.226967979607769
HZA-COSMOS3D-13852,COSMOS3D-13852,7.646,True,-0.5,0.1,0.3,29.39772105878151,0.5742780845333394,6.60356518085521,6.072238328973134,6.28688108725251,6.609558181152087,6.952768371915038,7.172397051716894
HZA-COSMOS3D-13852,COSMOS3D-13852,7.646,True,-0.5,0.1,0.3,30.0,0.5772508587789337,6.595818824150375,6.064491972268299,6.279134730547676,6.601811824447252,6.945022015210204,7.164650695012059
HZA-COSMOS3D-13852,COSMOS3D-13852,7.646,True,-0.5,0.1,0.3,33.425267209576596,0.5917263349520001,6.558099107601066,6.02677225571899,6.241415013998367,6.5640921078979435,6.907302298660895,7.126930978462751
HZA-COSMOS3D-13852,COSMOS3D-13852,7.646,True,-0.5,0.1,0.3,38.004595179253144,0.6062442948607101,6.5202686883399945,5.9889418364579186,6.203584594737295,6.526261688636872,6.869471879399823,7.089100559201679
HZA-COSMOS3D-13852,COSMOS3D-13852,7.646,True,-0.5,0.1,0.3,43.21130017249628,0.6183097692636493,6.488828874611546,5.95750202272947,6.172144781008846,6.494821874908423,6.838032065671374,7.05766074547323
HZA-COSMOS3D-13852,COSMOS3D-13852,7.646,True,-0.5,0.1,0.3,49.13133408711842,0.6283263263785425,6.462728061715544,5.931401209833468,6.146043968112845,6.468721062012421,6.811931252775373,7.0315599325772284
HZA-COSMOS3D-13852,COSMOS3D-13852,7.646,True,-0.5,0.1,0.3,55.862424401579815,0.6366338430077798,6.44108060993316,5.909753758051084,6.124396516330461,6.447073610230038,6.790283800992989,7.009912480794845
HZA-COSMOS3D-13852,COSMOS3D-13852,7.646,True,-0.5,0.1,0.3,60.0,0.6406241919088669,6.430682690881495,5.899355838999419,6.113998597278796,6.4366756911783725,6.779885881941324,6.9995145617431795
HZA-COSMOS3D-13852,COSMOS3D-13852,7.646,True,-0.5,0.1,0.3,63.51568745291611,0.6435178273567987,6.423142551435437,5.891815699553361,6.106458457832738,6.4291355517323145,6.772345742495266,6.991974422297122
HZA-COSMOS3D-13852,COSMOS3D-13852,7.646,True,-0.5,0.1,0.3,72.21746273694556,0.6492175793722381,6.408290326344304,5.876963474462228,6.091606232741604,6.414283326641181,6.757493517404132,6.977122197205988
HZA-COSMOS3D-13852,COSMOS3D-13852,7.646,True,-0.5,0.1,0.3,82.1113985112456,0.6539332745414549,6.396002324002332,5.864675472120256,6.0793182303996325,6.401995324299209,6.74520551506216,6.964834194864016
HZA-COSMOS3D-13852,COSMOS3D-13852,7.646,True,-0.5,0.1,0.3,93.36082312987881,0.657832070412057,6.385842970806314,5.854516118924238,6.0691588772036145,6.391835971103191,6.735046161866142,6.954674841667998
HZA-COSMOS3D-13852,COSMOS3D-13852,7.646,True,-0.5,0.1,0.3,100.0,0.659632019573727,6.381152722874596,5.84982587099252,6.064468629271897,6.387145723171473,6.7303559139344244,6.94998459373628
HZA-COSMOS3D-13852,COSMOS3D-13852,7.646,True,-0.5,0.1,0.3,106.15144125568361,0.6610533396121907,6.377449094176256,5.84612224229418,6.060765000573556,6.383442094473133,6.726652285236084,6.94628096503794
HZA-COSMOS3D-13852,COSMOS3D-13852,7.646,True,-0.5,0.1,0.3,120.69439945900218,0.6637131317551931,6.370518295871962,5.839191443989886,6.053834202269263,6.3765112961688395,6.719721486931791,6.939350166733647
HZA-COSMOS3D-13852,COSMOS3D-13852,7.646,True,-0.5,0.1,0.3,137.22977180952068,0.6659079614432575,6.364799081338499,5.833472229456423,6.0481149877358,6.3707920816353765,6.714002272398328,6.9336309522001836
HZA-COSMOS3D-13852,COSMOS3D-13852,7.646,True,-0.5,0.1,0.3,156.03052300111096,0.6677180122077268,6.360082510984657,5.828755659102581,6.043398417381957,6.366075511281534,6.709285702044485,6.928914381846341
HZA-COSMOS3D-13852,COSMOS3D-13852,7.646,True,-0.5,0.1,0.3,177.40701443264487,0.6692098377467863,6.356195161387201,5.824868309505125,6.039511067784502,6.362188161684078,6.7053983524470295,6.925027032248885
HZA-COSMOS3D-13852,COSMOS3D-13852,7.646,True,-0.5,0.1,0.3,201.71212763082622,0.6704386330054508,6.35299320738584,5.821666355503764,6.03630911378314,6.358986207682717,6.702196398445668,6.921825078247524
HZA-COSMOS3D-13852,COSMOS3D-13852,7.646,True,-0.5,0.1,0.3,229.34708959212247,0.6714501389894334,6.350357458582305,5.819030606700229,6.033673364979606,6.356350458879183,6.699560649642134,6.91918932944399
HZA-COSMOS3D-13852,COSMOS3D-13852,7.646,True,-0.5,0.1,0.3,260.76809620810604,0.6722822370260807,6.348189205067995,5.816862353185919,6.031505111465296,6.354182205364872,6.697392396127824,6.9170210759296795
HZA-COSMOS3D-13852,COSMOS3D-13852,7.646,True,-0.5,0.1,0.3,296.49384311321825,0.6729662806593845,6.346406746816045,5.8150798949339695,6.029722653213346,6.352399747112923,6.695609937875874,6.91523861767773
HZA-COSMOS3D-13852,COSMOS3D-13852,7.646,True,-0.5,0.1,0.3,300.0,0.6730224557202384,6.346260367702349,5.814933515820273,6.029576274099649,6.352253367999226,6.695463558762177,6.915092238564033
HZA-COSMOS3D-13852,COSMOS3D-13852,7.646,True,-0.5,0.1,0.3,337.1140882736292,0.6735282065756577,6.34494249886799,5.813615646985914,6.028258405265291,6.350935499164867,6.694145689927819,6.9137743697296745
HZA-COSMOS3D-13852,COSMOS3D-13852,7.646,True,-0.5,0.1,0.3,383.2993876677698,0.6739894599221403,6.343740580169169,5.812413728287093,6.02705648656647,6.349733580466046,6.692943771228998,6.9125724510308535
HZA-COSMOS3D-13852,COSMOS3D-13852,7.646,True,-0.5,0.1,0.3,435.8121647744256,0.6743677640821786,6.342754807714055,5.811427955831979,6.026070714111356,6.348747808010932,6.6919579987738835,6.911586678575739
HZA-COSMOS3D-13852,COSMOS3D-13852,7.646,True,-0.5,0.1,0.3,495.51929660267956,0.6746777603625848,6.341947029670109,5.810620177788033,6.02526293606741,6.347940029966987,6.691150220729938,6.910778900531794
HZA-COSMOS3D-13852,COSMOS3D-13852,7.646,True,-0.5,0.1,0.3,563.4064240329424,0.6749315390727277,6.3412857415094726,5.809958889627397,6.024601647906773,6.34727874180635,6.690488932569301,6.910117612371157
HZA-COSMOS3D-13852,COSMOS3D-13852,7.646,True,-0.5,0.1,0.3,640.5942227031146,0.675139080066435,6.340744938059457,5.809418086177381,6.024060844456757,6.346737938356334,6.689948129119285,6.909576808921141
HZA-COSMOS3D-13852,COSMOS3D-13852,7.646,True,-0.5,0.1,0.3,728.3569030384599,0.6753086179117191,6.340303161955373,5.808976310073297,6.023619068352674,6.3462961622522505,6.689506353015202,6.9091350328170575
HZA-COSMOS3D-13852,COSMOS3D-13852,7.646,True,-0.5,0.1,0.3,828.1432448223001,0.6754469443869705,6.339942715405956,5.8086158635238805,6.023258621803257,6.345935715702834,6.689145906465785,6.908774586267641
HZA-COSMOS3D-13852,COSMOS3D-13852,7.646,True,-0.5,0.1,0.3,941.6005135446557,0.675559658917143,6.339649007615051,5.808322155732975,6.022964914012352,6.345642007911929,6.68885219867488,6.908480878476736
HZA-COSMOS3D-13852,COSMOS3D-13852,7.646,True,-0.5,0.1,0.3,1070.6016533381312,0.6756513758064724,6.3394100147814525,5.8080831628993765,6.022725921178753,6.34540301507833,6.688613205841281,6.908241885643137
HZA-COSMOS3D-13852,COSMOS3D-13852,7.646,True,-0.5,0.1,0.3,1100.0,0.6756684153976628,6.339365613578885,5.808038761696809,6.022681519976186,6.345358613875763,6.688568804638714,6.90819748444057
HZA-COSMOS3D-13852,COSMOS3D-13852,7.646,True,-0.5,0.1,0.3,1217.2762054000095,0.6757258956478703,6.339215833445984,5.807888981563908,6.022531739843284,6.345208833742861,6.688419024505812,6.908047704307668
HZA-COSMOS3D-13852,COSMOS3D-13852,7.646,True,-0.5,0.1,0.3,1384.0454622995594,0.6757863470514304,6.339058311180048,5.807731459297972,6.022374217577348,6.345051311476925,6.688261502239876,6.907890182041732
HZA-COSMOS3D-13852,COSMOS3D-13852,7.646,True,-0.5,0.1,0.3,1573.662438495233,0.6758353037988687,6.338930741308461,5.807603889426385,6.022246647705762,6.344923741605339,6.68813393236829,6.907762612170146
HZA-COSMOS3D-13852,COSMOS3D-13852,7.646,True,-0.5,0.1,0.3,1789.257316892076,0.6758748816655482,6.338827610613834,5.807500758731758,6.022143517011135,6.344820610910712,6.688030801673663,6.907659481475519
HZA-COSMOS3D-13852,COSMOS3D-13852,7.646,True,-0.5,0.1,0.3,2034.389121667738,0.6759068184298341,6.33874439085084,5.807417538968764,6.0220602972481405,6.344737391147717,6.687947581910668,6.907576261712524
HZA-COSMOS3D-13852,COSMOS3D-13852,7.646,True,-0.5,0.1,0.3,2313.104470378237,0.675932539987719,6.338677366466907,5.807350514584831,6.021993272864208,6.3446703667637845,6.687880557526736,6.907509237328592
HZA-COSMOS3D-13852,COSMOS3D-13852,7.646,True,-0.5,0.1,0.3,2630.004375218852,0.6759532149893284,6.338623492232234,5.807296640350158,6.021939398629534,6.344616492529111,6.687826683292062,6.907455363093918
HZA-COSMOS3D-13852,COSMOS3D-13852,7.646,True,-0.5,0.1,0.3,2990.320196190382,0.675969799996549,6.338580275569524,5.807253423687448,6.021896181966825,6.344573275866401,6.6877834666293525,6.907412146431208
HZA-COSMOS3D-13852,COSMOS3D-13852,7.646,True,-0.5,0.1,0.3,3400.0,0.675983076813807,6.33854567927869,5.807218827396614,6.021861585675991,6.344538679575567,6.687748870338519,6.9073775501403745
HZA-COSMOS3D-13852,COSMOS3D-13852,7.646,True,-0.5,0.1,1.0,20.0,0.4982043252016129,3.772652214092127,3.241325362210051,3.4559681204894277,3.7786452143890044,4.121855405151956,4.341484084953811
HZA-COSMOS3D-13852,COSMOS3D-13852,7.646,True,-0.5,0.1,1.0,22.74003970766435,0.5282364096210945,3.5117968432234568,2.980469991341381,3.1951127496207574,3.517789843520334,3.8610000342832853,4.080628714085141
HZA-COSMOS3D-13852,COSMOS3D-13852,7.646,True,-0.5,0.1,1.0,25.0,0.5471897340012047,3.347170359383372,2.815843507501296,3.030486265780673,3.3531633596802495,3.6963735504432007,3.9160022302450566
HZA-COSMOS3D-13852,COSMOS3D-13852,7.646,True,-0.5,0.1,1.0,25.85547029530757,0.5533357170212754,3.2937870291536173,2.7624601772715414,2.977102935550918,3.2997800294504946,3.642990220213446,3.8626189000153017
HZA-COSMOS3D-13852,COSMOS3D-13852,7.646,True,-0.5,0.1,1.0,29.39772105878151,0.5742780845333394,3.1118839361840305,2.5805570843019545,2.795199842581331,3.117876936480908,3.461087127243859,3.680715807045715
HZA-COSMOS3D-13852,COSMOS3D-13852,7.646,True,-0.5,0.1,1.0,30.0,0.5772508587789337,3.086062747167917,2.554735895285841,2.7693786535652176,3.0920557474647943,3.4352659382277455,3.6548946180296014
HZA-COSMOS3D-13852,COSMOS3D-13852,7.646,True,-0.5,0.1,1.0,33.425267209576596,0.5917263349520001,2.9603303586702214,2.4290035067881455,2.643646265067522,2.9663233589670988,3.30953354973005,3.529162229531906
HZA-COSMOS3D-13852,COSMOS3D-13852,7.646,True,-0.5,0.1,1.0,38.004595179253144,0.6062442948607101,2.834228961133314,2.302902109251238,2.5175448675306145,2.840221961430191,3.1834321521931424,3.403060831994998
HZA-COSMOS3D-13852,COSMOS3D-13852,7.646,True,-0.5,0.1,1.0,43.21130017249628,0.6183097692636493,2.7294295820384846,2.1981027301564087,2.4127454884357853,2.735422582335362,3.078632773098313,3.298261452900169
HZA-COSMOS3D-13852,COSMOS3D-13852,7.646,True,-0.5,0.1,1.0,49.13133408711842,0.6283263263785425,2.6424268723851485,2.1111000205030725,2.325742778782449,2.648419872682026,2.991630063444977,3.211258743246833
HZA-COSMOS3D-13852,COSMOS3D-13852,7.646,True,-0.5,0.1,1.0,55.862424401579815,0.6366338430077798,2.570268699777202,2.038941847895126,2.2535846061745026,2.5762617000740793,2.9194718908370305,3.1391005706388864
HZA-COSMOS3D-13852,COSMOS3D-13852,7.646,True,-0.5,0.1,1.0,60.0,0.6406241919088669,2.5356089696049855,2.0042821177229095,2.218924876002286,2.541601969901863,2.884812160664814,3.10444084046667
HZA-COSMOS3D-13852,COSMOS3D-13852,7.646,True,-0.5,0.1,1.0,63.51568745291611,0.6435178273567987,2.510475171451457,1.979148319569381,2.1937910778487577,2.5164681717483344,2.8596783625112856,3.0793070423131415
HZA-COSMOS3D-13852,COSMOS3D-13852,7.646,True,-0.5,0.1,1.0,72.21746273694556,0.6492175793722381,2.460967754481011,1.9296409025989352,2.144283660878312,2.4669607547778885,2.8101709455408397,3.0297996253426955
HZA-COSMOS3D-13852,COSMOS3D-13852,7.646,True,-0.5,0.1,1.0,82.1113985112456,0.6539332745414549,2.4200077466744387,1.8886808947923628,2.1033236530717394,2.426000746971316,2.7692109377342673,2.988839617536123
HZA-COSMOS3D-13852,COSMOS3D-13852,7.646,True,-0.5,0.1,1.0,93.36082312987881,0.657832070412057,2.386143236021044,1.8548163841389682,2.069459142418345,2.3921362363179215,2.7353464270808727,2.9549751068827286
HZA-COSMOS3D-13852,COSMOS3D-13852,7.646,True,-0.5,0.1,1.0,100.0,0.659632019573727,2.370509076248652,1.839182224366576,2.0538249826459527,2.3765020765455294,2.7197122673084806,2.9393409471103364
HZA-COSMOS3D-13852,COSMOS3D-13852,7.646,True,-0.5,0.1,1.0,106.15144125568361,0.6610533396121907,2.3581636472541856,1.8268367953721096,2.0414795536514863,2.364156647551063,2.707366838314014,2.92699551811587
HZA-COSMOS3D-13852,COSMOS3D-13852,7.646,True,-0.5,0.1,1.0,120.69439945900218,0.6637131317551931,2.335060986239874,1.8037341343577982,2.018376892637175,2.3410539865367515,2.6842641772997027,2.9038928571015585
HZA-COSMOS3D-13852,COSMOS3D-13852,7.646,True,-0.5,0.1,1.0,137.22977180952068,0.6659079614432575,2.3159969377949974,1.7846700859129214,1.999312844192298,2.3219899380918747,2.665200128854826,2.884828808656682
HZA-COSMOS3D-13852,COSMOS3D-13852,7.646,True,-0.5,0.1,1.0,156.03052300111096,0.6677180122077268,2.3002750366155222,1.7689481847334463,1.983590943012823,2.3062680369123996,2.649478227675351,2.8691069074772066
HZA-COSMOS3D-13852,COSMOS3D-13852,7.646,True,-0.5,0.1,1.0,177.40701443264487,0.6692098377467863,2.2873172046240047,1.7559903527419287,1.9706331110213053,2.293310204920882,2.6365203956838332,2.856149075485689
HZA-COSMOS3D-13852,COSMOS3D-13852,7.646,True,-0.5,0.1,1.0,201.71212763082622,0.6704386330054508,2.2766440246194666,1.7453171727373906,1.9599599310167672,2.282637024916344,2.625847215679295,2.845475895481151
HZA-COSMOS3D-13852,COSMOS3D-13852,7.646,True,-0.5,0.1,1.0,229.34708959212247,0.6714501389894334,2.2678581952743517,1.7365313433922758,1.9511741016716524,2.273851195571229,2.6170613863341803,2.836690066136036
HZA-COSMOS3D-13852,COSMOS3D-13852,7.646,True,-0.5,0.1,1.0,260.76809620810604,0.6722822370260807,2.2606306835599828,1.7293038316779068,1.9439465899572834,2.26662368385686,2.6098338746198113,2.829462554421667
HZA-COSMOS3D-13852,COSMOS3D-13852,7.646,True,-0.5,0.1,1.0,296.49384311321825,0.6729662806593845,2.2546891560534847,1.7233623041714088,1.9380050624507854,2.260682156350362,2.6038923471133133,2.823521026915169
HZA-COSMOS3D-13852,COSMOS3D-13852,7.646,True,-0.5,0.1,1.0,300.0,0.6730224557202384,2.254201225674496,1.7228743737924201,1.9375171320717968,2.2601942259713734,2.6034044167343247,2.8230330965361805
HZA-COSMOS3D-13852,COSMOS3D-13852,7.646,True,-0.5,0.1,1.0,337.1140882736292,0.6735282065756577,2.2498083295599676,1.7184814776778916,1.9331242359572682,2.255801329856845,2.599011520619796,2.818640200421652
HZA-COSMOS3D-13852,COSMOS3D-13852,7.646,True,-0.5,0.1,1.0,383.2993876677698,0.6739894599221403,2.245801933897231,1.7144750820151549,1.9291178402945315,2.251794934194108,2.5950051249570594,2.8146338047589152
HZA-COSMOS3D-13852,COSMOS3D-13852,7.646,True,-0.5,0.1,1.0,435.8121647744256,0.6743677640821786,2.2425160257135177,1.7111891738314418,1.9258319321108184,2.248509026010395,2.5917192167733463,2.811347896575202
HZA-COSMOS3D-13852,COSMOS3D-13852,7.646,True,-0.5,0.1,1.0,495.51929660267956,0.6746777603625848,2.239823432233699,1.708496580351623,1.9231393386309996,2.2458164325305763,2.5890266232935275,2.8086553030953834
HZA-COSMOS3D-13852,COSMOS3D-13852,7.646,True,-0.5,0.1,1.0,563.4064240329424,0.6749315390727277,2.2376191383649067,1.7062922864828307,1.9209350447622073,2.243612138661784,2.5868223294247352,2.806451009226591
HZA-COSMOS3D-13852,COSMOS3D-13852,7.646,True,-0.5,0.1,1.0,640.5942227031146,0.675139080066435,2.2358164601981914,1.7044896083161154,1.919132366595492,2.2418094604950687,2.58501965125802,2.8046483310598758
HZA-COSMOS3D-13852,COSMOS3D-13852,7.646,True,-0.5,0.1,1.0,728.3569030384599,0.6753086179117191,2.234343873184578,1.703017021302502,1.9176597795818786,2.2403368734814553,2.5835470642444065,2.8031757440462624
HZA-COSMOS3D-13852,COSMOS3D-13852,7.646,True,-0.5,0.1,1.0,828.1432448223001,0.6754469443869705,2.2331423846865226,1.7018155328044466,1.9164582910838233,2.2391353849834,2.582345575746351,2.801974255548207
HZA-COSMOS3D-13852,COSMOS3D-13852,7.646,True,-0.5,0.1,1.0,941.6005135446557,0.675559658917143,2.2321633587168384,1.7008365068347624,1.915479265114139,2.2381563590137157,2.581366549776667,2.8009952295785228
HZA-COSMOS3D-13852,COSMOS3D-13852,7.646,True,-0.5,0.1,1.0,1070.6016533381312,0.6756513758064724,2.231366715938176,1.7000398640560999,1.9146826223354765,2.237359716235053,2.5805699069980044,2.8001985867998602
HZA-COSMOS3D-13852,COSMOS3D-13852,7.646,True,-0.5,0.1,1.0,1100.0,0.6756684153976628,2.2312187119296185,1.6998918600475426,1.9145346183269192,2.237211712226496,2.580421902989447,2.800050582791303
HZA-COSMOS3D-13852,COSMOS3D-13852,7.646,True,-0.5,0.1,1.0,1217.2762054000095,0.6757258956478703,2.2307194448199468,1.6993925929378708,1.9140353512172474,2.236712445116824,2.5799226358797753,2.799551315681631
HZA-COSMOS3D-13852,COSMOS3D-13852,7.646,True,-0.5,0.1,1.0,1384.0454622995594,0.6757863470514304,2.2301943706001586,1.6988675187180826,1.9135102769974592,2.236187370897036,2.579397561659987,2.799026241461843
HZA-COSMOS3D-13852,COSMOS3D-13852,7.646,True,-0.5,0.1,1.0,1573.662438495233,0.6758353037988687,2.2297691376948707,1.6984422858127948,1.9130850440921714,2.235762137991748,2.5789723287546993,2.798601008556555
HZA-COSMOS3D-13852,COSMOS3D-13852,7.646,True,-0.5,0.1,1.0,1789.257316892076,0.6758748816655482,2.229425368712783,1.698098516830707,1.9127412751100836,2.2354183690096603,2.5786285597726115,2.7982572395744674
HZA-COSMOS3D-13852,COSMOS3D-13852,7.646,True,-0.5,0.1,1.0,2034.389121667738,0.6759068184298341,2.2291479695027983,1.6978211176207223,1.912463875900099,2.2351409697996756,2.578351160562627,2.7979798403644827
HZA-COSMOS3D-13852,COSMOS3D-13852,7.646,True,-0.5,0.1,1.0,2313.104470378237,0.675932539987719,2.2289245548896908,1.6975977030076148,1.9122404612869914,2.234917555186568,2.5781277459495193,2.797756425751375
HZA-COSMOS3D-13852,COSMOS3D-13852,7.646,True,-0.5,0.1,1.0,2630.004375218852,0.6759532149893284,2.228744974107445,1.6974181222253693,1.9120608805047459,2.2347379744043225,2.5779481651672738,2.7975768449691296
HZA-COSMOS3D-13852,COSMOS3D-13852,7.646,True,-0.5,0.1,1.0,2990.320196190382,0.675969799996549,2.2286009185650792,1.6972740666830033,1.91191682496238,2.2345939188619566,2.577804109624908,2.7974327894267637
HZA-COSMOS3D-13852,COSMOS3D-13852,7.646,True,-0.5,0.1,1.0,3400.0,0.675983076813807,2.2284855975956326,1.6971587457135566,1.9118015039929332,2.23447859789251,2.577688788655461,2.797317468457317
HZA-COSMOS3D-13852,COSMOS3D-13852,7.646,True,-0.5,0.1,2.0,20.0,0.4982043252016129,-0.5546955718157456,-1.0860224236978215,-0.8713796654184449,-0.5487025715188683,-0.20549238075591703,0.014136299045938827
HZA-COSMOS3D-13852,COSMOS3D-13852,7.646,True,-0.5,0.1,2.0,22.74003970766435,0.5282364096210945,-1.0764063135530861,-1.607733165435162,-1.3930904071557855,-1.0704133132562088,-0.7272031224932576,-0.5075744426914017
HZA-COSMOS3D-13852,COSMOS3D-13852,7.646,True,-0.5,0.1,2.0,25.0,0.5471897340012047,-1.4056592812332553,-1.9369861331153313,-1.7223433748359547,-1.399666280936378,-1.0564560901734268,-0.8368274103715709
HZA-COSMOS3D-13852,COSMOS3D-13852,7.646,True,-0.5,0.1,2.0,25.85547029530757,0.5533357170212754,-1.512425941692765,-2.043752793574841,-1.8291100352954643,-1.5064329413958877,-1.1632227506329365,-0.9435940708310806
HZA-COSMOS3D-13852,COSMOS3D-13852,7.646,True,-0.5,0.1,2.0,29.39772105878151,0.5742780845333394,-1.8762321276319387,-2.4075589795140147,-2.192916221234638,-1.8702391273350614,-1.5270289365721101,-1.3074002567702543
HZA-COSMOS3D-13852,COSMOS3D-13852,7.646,True,-0.5,0.1,2.0,30.0,0.5772508587789337,-1.9278745056641657,-2.4592013575462417,-2.244558599266865,-1.9218815053672884,-1.5786713146043372,-1.3590426348024813
HZA-COSMOS3D-13852,COSMOS3D-13852,7.646,True,-0.5,0.1,2.0,33.425267209576596,0.5917263349520001,-2.179339282659557,-2.7106661345416327,-2.496023376262256,-2.1733462823626795,-1.8301360915997282,-1.6105074117978724
HZA-COSMOS3D-13852,COSMOS3D-13852,7.646,True,-0.5,0.1,2.0,38.004595179253144,0.6062442948607101,-2.431542077733372,-2.962868929615448,-2.7482261713360714,-2.4255490774364947,-2.0823388866735435,-1.8627102068716876
HZA-COSMOS3D-13852,COSMOS3D-13852,7.646,True,-0.5,0.1,2.0,43.21130017249628,0.6183097692636493,-2.6411408359230304,-3.1724676878051064,-2.9578249295257297,-2.635147835626153,-2.291937644863202,-2.072308965061346
HZA-COSMOS3D-13852,COSMOS3D-13852,7.646,True,-0.5,0.1,2.0,49.13133408711842,0.6283263263785425,-2.8151462552297026,-3.3464731071117786,-3.131830348832402,-2.8091532549328253,-2.465943064169874,-2.2463143843680182
HZA-COSMOS3D-13852,COSMOS3D-13852,7.646,True,-0.5,0.1,2.0,55.862424401579815,0.6366338430077798,-2.9594626004455957,-3.4907894523276717,-3.276146694048295,-2.9534696001487184,-2.610259409385767,-2.3906307295839113
HZA-COSMOS3D-13852,COSMOS3D-13852,7.646,True,-0.5,0.1,2.0,60.0,0.6406241919088669,-3.0287820607900287,-3.5601089126721046,-3.345466154392728,-3.0227890604931513,-2.6795788697302,-2.4599501899283442
HZA-COSMOS3D-13852,COSMOS3D-13852,7.646,True,-0.5,0.1,2.0,63.51568745291611,0.6435178273567987,-3.0790496570970856,-3.6103765089791615,-3.395733750699785,-3.0730566568002082,-2.729846466037257,-2.510217786235401
HZA-COSMOS3D-13852,COSMOS3D-13852,7.646,True,-0.5,0.1,2.0,72.21746273694556,0.6492175793722381,-3.1780644910379774,-3.7093913429200533,-3.4947485846406767,-3.1720714907411,-2.828861299978149,-2.609232620176293
HZA-COSMOS3D-13852,COSMOS3D-13852,7.646,True,-0.5,0.1,2.0,82.1113985112456,0.6539332745414549,-3.259984506651122,-3.791311358533198,-3.5766686002538215,-3.253991506354245,-2.9107813155912936,-2.6911526357894378
HZA-COSMOS3D-13852,COSMOS3D-13852,7.646,True,-0.5,0.1,2.0,93.36082312987881,0.657832070412057,-3.3277135279579113,-3.8590403798399873,-3.6443976215606106,-3.321720527661034,-2.9785103368980828,-2.758881657096227
HZA-COSMOS3D-13852,COSMOS3D-13852,7.646,True,-0.5,0.1,2.0,100.0,0.659632019573727,-3.3589818475026956,-3.8903086993847715,-3.675665941105395,-3.3529888472058182,-3.009778656442867,-2.790149976641011
HZA-COSMOS3D-13852,COSMOS3D-13852,7.646,True,-0.5,0.1,2.0,106.15144125568361,0.6610533396121907,-3.3836727054916285,-3.9149995573737044,-3.700356799094328,-3.377679705194751,-3.0344695144318,-2.814840834629944
HZA-COSMOS3D-13852,COSMOS3D-13852,7.646,True,-0.5,0.1,2.0,120.69439945900218,0.6637131317551931,-3.4298780275202514,-3.9612048794023274,-3.7465621211229507,-3.423885027223374,-3.080674836460423,-2.861046156658567
HZA-COSMOS3D-13852,COSMOS3D-13852,7.646,True,-0.5,0.1,2.0,137.22977180952068,0.6659079614432575,-3.468006124410005,-3.999332976292081,-3.784690218012704,-3.4620131241131276,-3.1188029333501763,-2.8991742535483205
HZA-COSMOS3D-13852,COSMOS3D-13852,7.646,True,-0.5,0.1,2.0,156.03052300111096,0.6677180122077268,-3.499449926768955,-4.030776778651031,-3.8161340203716545,-3.493456926472078,-3.1502467357091266,-2.9306180559072708
HZA-COSMOS3D-13852,COSMOS3D-13852,7.646,True,-0.5,0.1,2.0,177.40701443264487,0.6692098377467863,-3.5253655907519903,-4.056692442634066,-3.8420496843546896,-3.519372590455113,-3.1761623996921617,-2.956533719890306
HZA-COSMOS3D-13852,COSMOS3D-13852,7.646,True,-0.5,0.1,2.0,201.71212763082622,0.6704386330054508,-3.5467119507610665,-4.0780388026431424,-3.863396044363766,-3.540718950464189,-3.197508759701238,-2.977880079899382
HZA-COSMOS3D-13852,COSMOS3D-13852,7.646,True,-0.5,0.1,2.0,229.34708959212247,0.6714501389894334,-3.564283609451296,-4.095610461333372,-3.8809677030539955,-3.558290609154419,-3.2150804183914676,-2.995451738589612
HZA-COSMOS3D-13852,COSMOS3D-13852,7.646,True,-0.5,0.1,2.0,260.76809620810604,0.6722822370260807,-3.578738632880034,-4.11006548476211,-3.8954227264827335,-3.572745632583157,-3.2295354418202056,-3.0099067620183497
HZA-COSMOS3D-13852,COSMOS3D-13852,7.646,True,-0.5,0.1,2.0,296.49384311321825,0.6729662806593845,-3.59062168789303,-4.121948539775106,-3.9073057814957295,-3.584628687596153,-3.2414184968332016,-3.0217898170313457
HZA-COSMOS3D-13852,COSMOS3D-13852,7.646,True,-0.5,0.1,2.0,300.0,0.6730224557202384,-3.5915975486510074,-4.122924400533083,-3.908281642253707,-3.58560454835413,-3.242394357591179,-3.022765677789323
HZA-COSMOS3D-13852,COSMOS3D-13852,7.646,True,-0.5,0.1,2.0,337.1140882736292,0.6735282065756577,-3.6003833408800645,-4.1317101927621405,-3.917067434482764,-3.594390340583187,-3.251180149820236,-3.03155147001838
HZA-COSMOS3D-13852,COSMOS3D-13852,7.646,True,-0.5,0.1,2.0,383.2993876677698,0.6739894599221403,-3.608396132205538,-4.139722984087614,-3.9250802258082373,-3.6024031319086607,-3.2591929411457095,-3.0395642613438536
HZA-COSMOS3D-13852,COSMOS3D-13852,7.646,True,-0.5,0.1,2.0,435.8121647744256,0.6743677640821786,-3.614967948572964,-4.14629480045504,-3.9316520421756636,-3.608974948276087,-3.2657647575131357,-3.04613607771128
HZA-COSMOS3D-13852,COSMOS3D-13852,7.646,True,-0.5,0.1,2.0,495.51929660267956,0.6746777603625848,-3.6203531355326017,-4.151679987414678,-3.937037229135301,-3.6143601352357244,-3.271149944472773,-3.0515212646709173
HZA-COSMOS3D-13852,COSMOS3D-13852,7.646,True,-0.5,0.1,2.0,563.4064240329424,0.6749315390727277,-3.6247617232701863,-4.156088575152262,-3.9414458168728856,-3.618768722973309,-3.2755585322103578,-3.055929852408502
HZA-COSMOS3D-13852,COSMOS3D-13852,7.646,True,-0.5,0.1,2.0,640.5942227031146,0.675139080066435,-3.628367079603617,-4.159693931485693,-3.9450511732063163,-3.6223740793067396,-3.2791638885437884,-3.0595352087419325
HZA-COSMOS3D-13852,COSMOS3D-13852,7.646,True,-0.5,0.1,2.0,728.3569030384599,0.6753086179117191,-3.6313122536308438,-4.16263910551292,-3.947996347233543,-3.6253192533339664,-3.282109062571015,-3.0624803827691593
HZA-COSMOS3D-13852,COSMOS3D-13852,7.646,True,-0.5,0.1,2.0,828.1432448223001,0.6754469443869705,-3.6337152306269545,-4.16504208250903,-3.950399324229654,-3.627722230330077,-3.284512039567126,-3.06488335976527
HZA-COSMOS3D-13852,COSMOS3D-13852,7.646,True,-0.5,0.1,2.0,941.6005135446557,0.675559658917143,-3.635673282566323,-4.167000134448399,-3.9523573761690223,-3.6296802822694456,-3.2864700915064944,-3.0668414117046385
HZA-COSMOS3D-13852,COSMOS3D-13852,7.646,True,-0.5,0.1,2.0,1070.6016533381312,0.6756513758064724,-3.637266568123648,-4.168593420005724,-3.9539506617263473,-3.6312735678267707,-3.2880633770638195,-3.0684346972619636
HZA-COSMOS3D-13852,COSMOS3D-13852,7.646,True,-0.5,0.1,2.0,1100.0,0.6756684153976628,-3.6375625761407626,-4.168889428022839,-3.954246669743462,-3.6315695758438853,-3.288359385080934,-3.068730705279078
HZA-COSMOS3D-13852,COSMOS3D-13852,7.646,True,-0.5,0.1,2.0,1217.2762054000095,0.6757258956478703,-3.638561110360106,-4.169887962242182,-3.9552452039628054,-3.6325681100632288,-3.2893579193002775,-3.0697292394984217
HZA-COSMOS3D-13852,COSMOS3D-13852,7.646,True,-0.5,0.1,2.0,1384.0454622995594,0.6757863470514304,-3.6396112587996825,-4.1709381106817585,-3.956295352402382,-3.633618258502805,-3.290408067739854,-3.070779387937998
HZA-COSMOS3D-13852,COSMOS3D-13852,7.646,True,-0.5,0.1,2.0,1573.662438495233,0.6758353037988687,-3.640461724610258,-4.171788576492334,-3.9571458182129575,-3.634468724313381,-3.2912585335504296,-3.071629853748574
HZA-COSMOS3D-13852,COSMOS3D-13852,7.646,True,-0.5,0.1,2.0,1789.257316892076,0.6758748816655482,-3.6411492625744337,-4.17247611445651,-3.957833356177133,-3.6351562622775564,-3.291946071514605,-3.0723173917127493
HZA-COSMOS3D-13852,COSMOS3D-13852,7.646,True,-0.5,0.1,2.0,2034.389121667738,0.6759068184298341,-3.641704060994403,-4.173030912876479,-3.9583881545971025,-3.635711060697526,-3.2925008699345746,-3.0728721901327187
HZA-COSMOS3D-13852,COSMOS3D-13852,7.646,True,-0.5,0.1,2.0,2313.104470378237,0.675932539987719,-3.642150890220618,-4.173477742102694,-3.9588349838233174,-3.636157889923741,-3.2929476991607896,-3.0733190193589337
HZA-COSMOS3D-13852,COSMOS3D-13852,7.646,True,-0.5,0.1,2.0,2630.004375218852,0.6759532149893284,-3.6425100517851092,-4.173836903667185,-3.9591941453878086,-3.636517051488232,-3.2933068607252807,-3.073678180923425
HZA-COSMOS3D-13852,COSMOS3D-13852,7.646,True,-0.5,0.1,2.0,2990.320196190382,0.675969799996549,-3.642798162869841,-4.174125014751917,-3.9594822564725405,-3.636805162572964,-3.2935949718100126,-3.0739662920081567
HZA-COSMOS3D-13852,COSMOS3D-13852,7.646,True,-0.5,0.1,2.0,3400.0,0.675983076813807,-3.6430288048087345,-4.17435565669081,-3.959712898411434,-3.637035804511857,-3.293825613748906,-3.07419693394705
HZA-COSMOS3D-13852,COSMOS3D-13852,7.646,True,-0.5,0.057190958417936644,0.3,20.0,0.4982043252016129,5.722081804837348,5.190754952955272,5.405397711234649,5.728074805134225,6.071284995897177,6.2909136756990325
HZA-COSMOS3D-13852,COSMOS3D-13852,7.646,True,-0.5,0.057190958417936644,0.3,22.74003970766435,0.5282364096210945,5.578739331945636,5.04741248006356,5.262055238342937,5.584732332242513,5.9279425230054645,6.14757120280732
HZA-COSMOS3D-13852,COSMOS3D-13852,7.646,True,-0.5,0.057190958417936644,0.3,25.0,0.5471897340012047,5.488275535020458,4.956948683138382,5.171591441417759,5.494268535317335,5.8374787260802865,6.057107405882142
HZA-COSMOS3D-13852,COSMOS3D-13852,7.646,True,-0.5,0.057190958417936644,0.3,25.85547029530757,0.5533357170212754,5.458940894369411,4.927614042487335,5.142256800766711,5.464933894666288,5.808144085429239,6.027772765231095
HZA-COSMOS3D-13852,COSMOS3D-13852,7.646,True,-0.5,0.057190958417936644,0.3,29.39772105878151,0.5742780845333394,5.3589834386878135,4.8276565868057375,5.042299345085114,5.364976438984691,5.708186629747642,5.927815309549498
HZA-COSMOS3D-13852,COSMOS3D-13852,7.646,True,-0.5,0.057190958417936644,0.3,30.0,0.5772508587789337,5.344794453142879,4.813467601260803,5.02811035954018,5.350787453439756,5.693997644202708,5.9136263240045635
HZA-COSMOS3D-13852,COSMOS3D-13852,7.646,True,-0.5,0.057190958417936644,0.3,33.425267209576596,0.5917263349520001,5.27570332640156,4.744376474519484,4.959019232798861,5.281696326698437,5.624906517461389,5.844535197263244
HZA-COSMOS3D-13852,COSMOS3D-13852,7.646,True,-0.5,0.057190958417936644,0.3,38.004595179253144,0.6062442948607101,5.206409425732205,4.675082573850129,4.8897253321295056,5.212402426029082,5.555612616792033,5.775241296593889
HZA-COSMOS3D-13852,COSMOS3D-13852,7.646,True,-0.5,0.057190958417936644,0.3,43.21130017249628,0.6183097692636493,5.148821183991413,4.617494332109337,4.832137090388714,5.15481418428829,5.498024375051242,5.7176530548530975
HZA-COSMOS3D-13852,COSMOS3D-13852,7.646,True,-0.5,0.057190958417936644,0.3,49.13133408711842,0.6283263263785425,5.101012379026198,4.569685527144122,4.7843282854234985,5.107005379323075,5.450215570086026,5.669844249887882
HZA-COSMOS3D-13852,COSMOS3D-13852,7.646,True,-0.5,0.057190958417936644,0.3,55.862424401579815,0.6366338430077798,5.0613607863964365,4.5300339345143605,4.744676692793737,5.067353786693314,5.410563977456265,5.630192657258121
HZA-COSMOS3D-13852,COSMOS3D-13852,7.646,True,-0.5,0.057190958417936644,0.3,60.0,0.6406241919088669,5.042314939588297,4.510988087706221,4.725630845985598,5.0483079398851745,5.391518130648126,5.6111468104499815
HZA-COSMOS3D-13852,COSMOS3D-13852,7.646,True,-0.5,0.057190958417936644,0.3,63.51568745291611,0.6435178273567987,5.0285036817694895,4.4971768298874135,4.71181958816679,5.034496682066367,5.377706872829318,5.597335552631174
HZA-COSMOS3D-13852,COSMOS3D-13852,7.646,True,-0.5,0.057190958417936644,0.3,72.21746273694556,0.6492175793722381,5.001298891807171,4.469972039925095,4.684614798204471,5.007291892104048,5.350502082866999,5.570130762668855
HZA-COSMOS3D-13852,COSMOS3D-13852,7.646,True,-0.5,0.057190958417936644,0.3,82.1113985112456,0.6539332745414549,4.978790983347759,4.447464131465683,4.6621068897450595,4.984783983644636,5.327994174407587,5.547622854209443
HZA-COSMOS3D-13852,COSMOS3D-13852,7.646,True,-0.5,0.057190958417936644,0.3,93.36082312987881,0.657832070412057,4.960182117123689,4.428855265241613,4.64349802352099,4.966175117420566,5.309385308183518,5.5290139879853735
HZA-COSMOS3D-13852,COSMOS3D-13852,7.646,True,-0.5,0.057190958417936644,0.3,100.0,0.659632019573727,4.9515909996937655,4.4202641478116895,4.634906906091066,4.957583999990643,5.300794190753594,5.52042287055545
HZA-COSMOS3D-13852,COSMOS3D-13852,7.646,True,-0.5,0.057190958417936644,0.3,106.15144125568361,0.6610533396121907,4.944807070671784,4.413480218789708,4.628122977069085,4.950800070968661,5.2940102617316125,5.513638941533468
HZA-COSMOS3D-13852,COSMOS3D-13852,7.646,True,-0.5,0.057190958417936644,0.3,120.69439945900218,0.6637131317551931,4.932111941761298,4.400785089879222,4.615427848158599,4.9381049420581755,5.281315132821127,5.500943812622983
HZA-COSMOS3D-13852,COSMOS3D-13852,7.646,True,-0.5,0.057190958417936644,0.3,137.22977180952068,0.6659079614432575,4.921636068336435,4.390309216454359,4.604951974733735,4.927629068633312,5.270839259396263,5.490467939198119
HZA-COSMOS3D-13852,COSMOS3D-13852,7.646,True,-0.5,0.057190958417936644,0.3,156.03052300111096,0.6677180122077268,4.91299673618038,4.381669884298304,4.596312642577681,4.918989736477258,5.262199927240209,5.481828607042065
HZA-COSMOS3D-13852,COSMOS3D-13852,7.646,True,-0.5,0.057190958417936644,0.3,177.40701443264487,0.6692098377467863,4.905876285967705,4.374549434085629,4.589192192365005,4.911869286264582,5.255079477027533,5.474708156829389
HZA-COSMOS3D-13852,COSMOS3D-13852,7.646,True,-0.5,0.057190958417936644,0.3,201.71212763082622,0.6704386330054508,4.900011273449948,4.368684421567872,4.583327179847249,4.9060042737468255,5.249214464509777,5.4688431443116325
HZA-COSMOS3D-13852,COSMOS3D-13852,7.646,True,-0.5,0.057190958417936644,0.3,229.34708959212247,0.6714501389894334,4.895183377821272,4.363856525939196,4.578499284218573,4.90117637811815,5.244386568881101,5.464015248682957
HZA-COSMOS3D-13852,COSMOS3D-13852,7.646,True,-0.5,0.057190958417936644,0.3,260.76809620810604,0.6722822370260807,4.891211792346374,4.359884940464298,4.574527698743674,4.897204792643251,5.240414983406202,5.460043663208058
HZA-COSMOS3D-13852,COSMOS3D-13852,7.646,True,-0.5,0.057190958417936644,0.3,296.49384311321825,0.6729662806593845,4.887946867255126,4.35662001537305,4.5712627736524265,4.893939867552003,5.237150058314954,5.45677873811681
HZA-COSMOS3D-13852,COSMOS3D-13852,7.646,True,-0.5,0.057190958417936644,0.3,300.0,0.6730224557202384,4.887678744935505,4.356351893053429,4.570994651332805,4.893671745232382,5.236881935995333,5.456510615797189
HZA-COSMOS3D-13852,COSMOS3D-13852,7.646,True,-0.5,0.057190958417936644,0.3,337.1140882736292,0.6735282065756577,4.885264807318977,4.353937955436901,4.568580713716278,4.891257807615855,5.234467998378806,5.454096678180662
HZA-COSMOS3D-13852,COSMOS3D-13852,7.646,True,-0.5,0.057190958417936644,0.3,383.2993876677698,0.6739894599221403,4.883063255325753,4.351736403443677,4.566379161723054,4.889056255622631,5.232266446385582,5.451895126187438
HZA-COSMOS3D-13852,COSMOS3D-13852,7.646,True,-0.5,0.057190958417936644,0.3,435.8121647744256,0.6743677640821786,4.881257617959806,4.34993076607773,4.564573524357106,4.887250618256683,5.230460809019634,5.45008948882149
HZA-COSMOS3D-13852,COSMOS3D-13852,7.646,True,-0.5,0.057190958417936644,0.3,495.51929660267956,0.6746777603625848,4.87977801258843,4.348451160706354,4.5630939189857305,4.885771012885307,5.228981203648258,5.448609883450114
HZA-COSMOS3D-13852,COSMOS3D-13852,7.646,True,-0.5,0.057190958417936644,0.3,563.4064240329424,0.6749315390727277,4.878566732433145,4.3472398805510695,4.561882638830446,4.884559732730023,5.227769923492974,5.44739860329483
HZA-COSMOS3D-13852,COSMOS3D-13852,7.646,True,-0.5,0.057190958417936644,0.3,640.5942227031146,0.675139080066435,4.877576143872962,4.346249291990886,4.560892050270263,4.883569144169839,5.2267793349327905,5.446408014734646
HZA-COSMOS3D-13852,COSMOS3D-13852,7.646,True,-0.5,0.057190958417936644,0.3,728.3569030384599,0.6753086179117191,4.87676694349738,4.345440091615304,4.56008284989468,4.882759943794257,5.225970134557208,5.445598814359064
HZA-COSMOS3D-13852,COSMOS3D-13852,7.646,True,-0.5,0.057190958417936644,0.3,828.1432448223001,0.6754469443869705,4.876106714298768,4.344779862416692,4.559422620696068,4.882099714595645,5.225309905358596,5.444938585160452
HZA-COSMOS3D-13852,COSMOS3D-13852,7.646,True,-0.5,0.057190958417936644,0.3,941.6005135446557,0.675559658917143,4.875568730346004,4.344241878463928,4.558884636743304,4.881561730642881,5.224771921405832,5.444400601207688
HZA-COSMOS3D-13852,COSMOS3D-13852,7.646,True,-0.5,0.057190958417936644,0.3,1070.6016533381312,0.6756513758064724,4.875130967667303,4.343804115785227,4.558446874064604,4.8811239679641805,5.224334158727132,5.4439628385289875
HZA-COSMOS3D-13852,COSMOS3D-13852,7.646,True,-0.5,0.057190958417936644,0.3,1100.0,0.6756684153976628,4.875049638076451,4.343722786194375,4.558365544473752,4.881042638373328,5.2242528291362795,5.443881508938135
HZA-COSMOS3D-13852,COSMOS3D-13852,7.646,True,-0.5,0.057190958417936644,0.3,1217.2762054000095,0.6757258956478703,4.874775286116989,4.343448434234913,4.55809119251429,4.880768286413867,5.223978477176818,5.443607156978674
HZA-COSMOS3D-13852,COSMOS3D-13852,7.646,True,-0.5,0.057190958417936644,0.3,1384.0454622995594,0.6757863470514304,4.874486752908471,4.343159901026395,4.557802659305771,4.880479753205348,5.223689943968299,5.443318623770155
HZA-COSMOS3D-13852,COSMOS3D-13852,7.646,True,-0.5,0.057190958417936644,0.3,1573.662438495233,0.6758353037988687,4.8742530834386955,4.3429262315566195,4.557568989835996,4.880246083735573,5.223456274498524,5.44308495430038
HZA-COSMOS3D-13852,COSMOS3D-13852,7.646,True,-0.5,0.057190958417936644,0.3,1789.257316892076,0.6758748816655482,4.874064179158779,4.342737327276703,4.55738008555608,4.880057179455656,5.223267370218608,5.4428960500204635
HZA-COSMOS3D-13852,COSMOS3D-13852,7.646,True,-0.5,0.057190958417936644,0.3,2034.389121667738,0.6759068184298341,4.873911745691126,4.34258489380905,4.557227652088427,4.879904745988004,5.223114936750955,5.442743616552811
HZA-COSMOS3D-13852,COSMOS3D-13852,7.646,True,-0.5,0.057190958417936644,0.3,2313.104470378237,0.675932539987719,4.873788977265788,4.342462125383712,4.557104883663088,4.879781977562665,5.222992168325616,5.442620848127472
HZA-COSMOS3D-13852,COSMOS3D-13852,7.646,True,-0.5,0.057190958417936644,0.3,2630.004375218852,0.6759532149893284,4.873690295941629,4.342363444059553,4.55700620233893,4.879683296238507,5.222893487001458,5.442522166803314
HZA-COSMOS3D-13852,COSMOS3D-13852,7.646,True,-0.5,0.057190958417936644,0.3,2990.320196190382,0.675969799996549,4.873611136069982,4.342284284187906,4.556927042467283,4.87960413636686,5.222814327129811,5.442443006931667
HZA-COSMOS3D-13852,COSMOS3D-13852,7.646,True,-0.5,0.057190958417936644,0.3,3400.0,0.675983076813807,4.87354776611566,4.342220914233584,4.556863672512961,4.879540766412537,5.222750957175489,5.4423796369773445
HZA-COSMOS3D-13852,COSMOS3D-13852,7.646,True,-0.5,0.057190958417936644,1.0,20.0,0.4982043252016129,0.17360601612449322,-0.35772083575758273,-0.1430780774782061,0.17959901642137055,0.5228092071843218,0.7424378869861776
HZA-COSMOS3D-13852,COSMOS3D-13852,7.646,True,-0.5,0.057190958417936644,1.0,22.74003970766435,0.5282364096210945,-0.304202226847881,-0.835529078729957,-0.6208863204505803,-0.2982092265510037,0.04500096421194755,0.2646296440138034
HZA-COSMOS3D-13852,COSMOS3D-13852,7.646,True,-0.5,0.057190958417936644,1.0,25.0,0.5471897340012047,-0.6057482165984762,-1.1370750684805522,-0.9224323102011756,-0.5997552163015989,-0.25654502553864766,-0.03691634573679181
HZA-COSMOS3D-13852,COSMOS3D-13852,7.646,True,-0.5,0.057190958417936644,1.0,25.85547029530757,0.5533357170212754,-0.7035303521019642,-1.2348572039840402,-1.0202144457046636,-0.6975373518050869,-0.3543271610421357,-0.13469848124027983
HZA-COSMOS3D-13852,COSMOS3D-13852,7.646,True,-0.5,0.057190958417936644,1.0,29.39772105878151,0.5742780845333394,-1.036721871040621,-1.568048722922697,-1.3534059646433203,-1.0307288707437436,-0.6875186799807924,-0.46789000017893656
HZA-COSMOS3D-13852,COSMOS3D-13852,7.646,True,-0.5,0.057190958417936644,1.0,30.0,0.5772508587789337,-1.0840184895237375,-1.6153453414058134,-1.4007025831264368,-1.0780254892268601,-0.7348152984639089,-0.5151866186620531
HZA-COSMOS3D-13852,COSMOS3D-13852,7.646,True,-0.5,0.057190958417936644,1.0,33.425267209576596,0.5917263349520001,-1.3143222453281336,-1.8456490972102095,-1.631006338930833,-1.3083292450312562,-0.965119054268305,-0.7454903744664492
HZA-COSMOS3D-13852,COSMOS3D-13852,7.646,True,-0.5,0.057190958417936644,1.0,38.004595179253144,0.6062442948607101,-1.545301914225984,-2.07662876610806,-1.8619860078286834,-1.5393089139291067,-1.1960987231661555,-0.9764700433642997
HZA-COSMOS3D-13852,COSMOS3D-13852,7.646,True,-0.5,0.057190958417936644,1.0,43.21130017249628,0.6183097692636493,-1.7372627200286228,-2.2685895719106988,-2.053946813631322,-1.7312697197317455,-1.3880595289687943,-1.1684308491669384
HZA-COSMOS3D-13852,COSMOS3D-13852,7.646,True,-0.5,0.057190958417936644,1.0,49.13133408711842,0.6283263263785425,-1.8966254032460057,-2.4279522551280817,-2.213309496848705,-1.8906324029491284,-1.5474222121861771,-1.3277935323843213
HZA-COSMOS3D-13852,COSMOS3D-13852,7.646,True,-0.5,0.057190958417936644,1.0,55.862424401579815,0.6366338430077798,-2.0287973786785454,-2.5601242305606213,-2.3454814722812447,-2.022804378381668,-1.6795941876187168,-1.459965507816861
HZA-COSMOS3D-13852,COSMOS3D-13852,7.646,True,-0.5,0.057190958417936644,1.0,60.0,0.6406241919088669,-2.0922835347056754,-2.6236103865877514,-2.4089676283083747,-2.086290534408798,-1.7430803436458469,-1.523451663843991
HZA-COSMOS3D-13852,COSMOS3D-13852,7.646,True,-0.5,0.057190958417936644,1.0,63.51568745291611,0.6435178273567987,-2.1383210607683694,-2.6696479126504453,-2.4550051543710687,-2.132328060471492,-1.7891178697085408,-1.569489189906685
HZA-COSMOS3D-13852,COSMOS3D-13852,7.646,True,-0.5,0.057190958417936644,1.0,72.21746273694556,0.6492175793722381,-2.229003693976095,-2.760330545858171,-2.545687787578794,-2.2230106936792176,-1.8798005029162663,-1.6601718231144105
HZA-COSMOS3D-13852,COSMOS3D-13852,7.646,True,-0.5,0.057190958417936644,1.0,82.1113985112456,0.6539332745414549,-2.3040300555074698,-2.8353569073895457,-2.620714149110169,-2.2980370552105924,-1.9548268644476412,-1.7351981846457853
HZA-COSMOS3D-13852,COSMOS3D-13852,7.646,True,-0.5,0.057190958417936644,1.0,93.36082312987881,0.657832070412057,-2.366059609587703,-2.897386461469779,-2.6827437031904022,-2.3600666092908256,-2.0168564185278743,-1.7972277387260185
HZA-COSMOS3D-13852,COSMOS3D-13852,7.646,True,-0.5,0.057190958417936644,1.0,100.0,0.659632019573727,-2.394696667687448,-2.926023519569524,-2.7113807612901475,-2.388703667390571,-2.0454934766276196,-1.8258647968257637
HZA-COSMOS3D-13852,COSMOS3D-13852,7.646,True,-0.5,0.057190958417936644,1.0,106.15144125568361,0.6610533396121907,-2.4173097644273867,-2.9486366163094626,-2.733993858030086,-2.4113167641305093,-2.068106573367558,-1.8484778935657022
HZA-COSMOS3D-13852,COSMOS3D-13852,7.646,True,-0.5,0.057190958417936644,1.0,120.69439945900218,0.6637131317551931,-2.459626860795673,-2.990953712677749,-2.7763109543983724,-2.4536338604987957,-2.1104236697358445,-1.8907949899339886
HZA-COSMOS3D-13852,COSMOS3D-13852,7.646,True,-0.5,0.057190958417936644,1.0,137.22977180952068,0.6659079614432575,-2.494546438878551,-3.025873290760627,-2.8112305324812503,-2.4885534385816737,-2.1453432478187224,-1.9257145680168666
HZA-COSMOS3D-13852,COSMOS3D-13852,7.646,True,-0.5,0.057190958417936644,1.0,156.03052300111096,0.6677180122077268,-2.5233442127320647,-3.0546710646141406,-2.840028306334764,-2.5173512124351873,-2.174141021672236,-1.9545123418703803
HZA-COSMOS3D-13852,COSMOS3D-13852,7.646,True,-0.5,0.057190958417936644,1.0,177.40701443264487,0.6692098377467863,-2.547079046774318,-3.078405898656394,-2.863763140377017,-2.5410860464774405,-2.1978758557144893,-1.9782471759126334
HZA-COSMOS3D-13852,COSMOS3D-13852,7.646,True,-0.5,0.057190958417936644,1.0,201.71212763082622,0.6704386330054508,-2.566629088500175,-3.097955940382251,-2.8833131821028744,-2.5606360882032977,-2.2174258974403465,-1.9977972176384906
HZA-COSMOS3D-13852,COSMOS3D-13852,7.646,True,-0.5,0.057190958417936644,1.0,229.34708959212247,0.6714501389894334,-2.5827220739290926,-3.1140489258111685,-2.899406167531792,-2.5767290736322153,-2.233518882869264,-2.013890203067408
HZA-COSMOS3D-13852,COSMOS3D-13852,7.646,True,-0.5,0.057190958417936644,1.0,260.76809620810604,0.6722822370260807,-2.595960692178755,-3.127287544060831,-2.9126447857814544,-2.5899676918818777,-2.2467575011189265,-2.0271288213170706
HZA-COSMOS3D-13852,COSMOS3D-13852,7.646,True,-0.5,0.057190958417936644,1.0,296.49384311321825,0.6729662806593845,-2.6068437758162446,-3.1381706276983206,-2.923527869418944,-2.6008507755193673,-2.257640584756416,-2.03801190495456
HZA-COSMOS3D-13852,COSMOS3D-13852,7.646,True,-0.5,0.057190958417936644,1.0,300.0,0.6730224557202384,-2.6077375168816523,-3.1390643687637283,-2.9244216104843517,-2.601744516584775,-2.258534325821824,-2.038905646019968
HZA-COSMOS3D-13852,COSMOS3D-13852,7.646,True,-0.5,0.057190958417936644,1.0,337.1140882736292,0.6735282065756577,-2.61578397560341,-3.147110827485486,-2.9324680692061094,-2.6097909753065327,-2.2665807845435815,-2.0469521047417256
HZA-COSMOS3D-13852,COSMOS3D-13852,7.646,True,-0.5,0.057190958417936644,1.0,383.2993876677698,0.6739894599221403,-2.6231224822474903,-3.1544493341295663,-2.9398065758501897,-2.617129481950613,-2.273919291187662,-2.054290611385806
HZA-COSMOS3D-13852,COSMOS3D-13852,7.646,True,-0.5,0.057190958417936644,1.0,435.8121647744256,0.6743677640821786,-2.629141273467315,-3.160468125349391,-2.9458253670700145,-2.623148273170438,-2.2799380824074866,-2.060309402605631
HZA-COSMOS3D-13852,COSMOS3D-13852,7.646,True,-0.5,0.057190958417936644,1.0,495.51929660267956,0.6746777603625848,-2.6340732913719,-3.165400143253976,-2.950757384974599,-2.6280802910750225,-2.2848701003120713,-2.0652414205102154
HZA-COSMOS3D-13852,COSMOS3D-13852,7.646,True,-0.5,0.057190958417936644,1.0,563.4064240329424,0.6749315390727277,-2.6381108918895144,-3.1694377437715904,-2.9547949854922138,-2.632117891592637,-2.288907700829686,-2.06927902102783
HZA-COSMOS3D-13852,COSMOS3D-13852,7.646,True,-0.5,0.057190958417936644,1.0,640.5942227031146,0.675139080066435,-2.641412853756794,-3.17273970563887,-2.9580969473594934,-2.6354198534599167,-2.2922096626969655,-2.0725809828951096
HZA-COSMOS3D-13852,COSMOS3D-13852,7.646,True,-0.5,0.057190958417936644,1.0,728.3569030384599,0.6753086179117191,-2.644110188342067,-3.1754370402241427,-2.960794281944766,-2.6381171880451895,-2.2949069972822382,-2.0752783174803824
HZA-COSMOS3D-13852,COSMOS3D-13852,7.646,True,-0.5,0.057190958417936644,1.0,828.1432448223001,0.6754469443869705,-2.6463109523374406,-3.1776378042195166,-2.96299504594014,-2.6403179520405633,-2.297107761277612,-2.077479081475756
HZA-COSMOS3D-13852,COSMOS3D-13852,7.646,True,-0.5,0.057190958417936644,1.0,941.6005135446557,0.675559658917143,-2.648104232179989,-3.179431084062065,-2.9647883257826884,-2.6421112318831117,-2.2989010411201605,-2.0792723613183046
HZA-COSMOS3D-13852,COSMOS3D-13852,7.646,True,-0.5,0.057190958417936644,1.0,1070.6016533381312,0.6756513758064724,-2.64956344110899,-3.180890292991066,-2.9662475347116892,-2.6435704408121126,-2.3003602500491613,-2.0807315702473055
HZA-COSMOS3D-13852,COSMOS3D-13852,7.646,True,-0.5,0.057190958417936644,1.0,1100.0,0.6756684153976628,-2.6498345397451644,-3.1811613916272403,-2.9665186333478637,-2.643841539448287,-2.300631348685336,-2.08100266888348
HZA-COSMOS3D-13852,COSMOS3D-13852,7.646,True,-0.5,0.057190958417936644,1.0,1217.2762054000095,0.6757258956478703,-2.6507490462767027,-3.1820758981587787,-2.967433139879402,-2.6447560459798254,-2.301545855216874,-2.0819171754150183
HZA-COSMOS3D-13852,COSMOS3D-13852,7.646,True,-0.5,0.057190958417936644,1.0,1384.0454622995594,0.6757863470514304,-2.6517108236384317,-3.1830376755205076,-2.968394917241131,-2.6457178233415544,-2.302507632578603,-2.0828789527767473
HZA-COSMOS3D-13852,COSMOS3D-13852,7.646,True,-0.5,0.057190958417936644,1.0,1573.662438495233,0.6758353037988687,-2.6524897218710155,-3.1838165737530915,-2.969173815473715,-2.646496721574138,-2.303286530811187,-2.083657851009331
HZA-COSMOS3D-13852,COSMOS3D-13852,7.646,True,-0.5,0.057190958417936644,1.0,1789.257316892076,0.6758748816655482,-2.6531194028040677,-3.1844462546861436,-2.969803496406767,-2.6471264025071903,-2.303916211744239,-2.0842875319423833
HZA-COSMOS3D-13852,COSMOS3D-13852,7.646,True,-0.5,0.057190958417936644,1.0,2034.389121667738,0.6759068184298341,-2.6536275143629116,-3.1849543662449875,-2.970311607965611,-2.6476345140660342,-2.304424323303083,-2.084795643501227
HZA-COSMOS3D-13852,COSMOS3D-13852,7.646,True,-0.5,0.057190958417936644,1.0,2313.104470378237,0.675932539987719,-2.6540367424473743,-3.1853635943294503,-2.9707208360500736,-2.648043742150497,-2.3048335513875458,-2.08520487158569
HZA-COSMOS3D-13852,COSMOS3D-13852,7.646,True,-0.5,0.057190958417936644,1.0,2630.004375218852,0.6759532149893284,-2.6543656801945694,-3.1856925320766454,-2.9710497737972688,-2.648372679897692,-2.305162489134741,-2.085533809332885
HZA-COSMOS3D-13852,COSMOS3D-13852,7.646,True,-0.5,0.057190958417936644,1.0,2990.320196190382,0.675969799996549,-2.654629546433391,-3.185956398315467,-2.97131364003609,-2.6486365461365136,-2.3054263553735623,-2.0857976755717065
HZA-COSMOS3D-13852,COSMOS3D-13852,7.646,True,-0.5,0.057190958417936644,1.0,3400.0,0.675983076813807,-2.6548407796144673,-3.1861676314965433,-2.9715248732171666,-2.64884777931759,-2.3056375885546387,-2.086008908752783
HZA-COSMOS3D-13852,COSMOS3D-13852,7.646,True,-0.5,0.057190958417936644,2.0,20.0,0.4982043252016129,-7.752787967751013,-8.28411481963309,-8.069472061353713,-7.746794967454136,-7.403584776691185,-7.183956096889329
HZA-COSMOS3D-13852,COSMOS3D-13852,7.646,True,-0.5,0.057190958417936644,2.0,22.74003970766435,0.5282364096210945,-8.708404453695762,-9.239731305577838,-9.025088547298461,-8.702411453398884,-8.359201262635933,-8.139572582834077
HZA-COSMOS3D-13852,COSMOS3D-13852,7.646,True,-0.5,0.057190958417936644,2.0,25.0,0.5471897340012047,-9.311496433196952,-9.842823285079028,-9.628180526799651,-9.305503432900075,-8.962293242137124,-8.742664562335268
HZA-COSMOS3D-13852,COSMOS3D-13852,7.646,True,-0.5,0.057190958417936644,2.0,25.85547029530757,0.5533357170212754,-9.507060704203928,-10.038387556086004,-9.823744797806627,-9.50106770390705,-9.1578575131441,-8.938228833342244
HZA-COSMOS3D-13852,COSMOS3D-13852,7.646,True,-0.5,0.057190958417936644,2.0,29.39772105878151,0.5742780845333394,-10.173443742081242,-10.704770593963318,-10.490127835683941,-10.167450741784364,-9.824240551021413,-9.604611871219557
HZA-COSMOS3D-13852,COSMOS3D-13852,7.646,True,-0.5,0.057190958417936644,2.0,30.0,0.5772508587789337,-10.268036979047475,-10.79936383092955,-10.584721072650174,-10.262043978750597,-9.918833787987646,-9.69920510818579
HZA-COSMOS3D-13852,COSMOS3D-13852,7.646,True,-0.5,0.057190958417936644,2.0,33.425267209576596,0.5917263349520001,-10.728644490656267,-11.259971342538343,-11.045328584258966,-10.72265149035939,-10.379441299596438,-10.159812619794582
HZA-COSMOS3D-13852,COSMOS3D-13852,7.646,True,-0.5,0.057190958417936644,2.0,38.004595179253144,0.6062442948607101,-11.190603828451968,-11.721930680334044,-11.507287922054667,-11.18461082815509,-10.84140063739214,-10.621771957590283
HZA-COSMOS3D-13852,COSMOS3D-13852,7.646,True,-0.5,0.057190958417936644,2.0,43.21130017249628,0.6183097692636493,-11.574525440057245,-12.105852291939321,-11.891209533659945,-11.568532439760368,-11.225322248997417,-11.00569356919556
HZA-COSMOS3D-13852,COSMOS3D-13852,7.646,True,-0.5,0.057190958417936644,2.0,49.13133408711842,0.6283263263785425,-11.893250806492011,-12.424577658374087,-12.20993490009471,-11.887257806195134,-11.544047615432182,-11.324418935630327
HZA-COSMOS3D-13852,COSMOS3D-13852,7.646,True,-0.5,0.057190958417936644,2.0,55.862424401579815,0.6366338430077798,-12.15759475735709,-12.688921609239166,-12.47427885095979,-12.151601757060213,-11.808391566297262,-11.588762886495406
HZA-COSMOS3D-13852,COSMOS3D-13852,7.646,True,-0.5,0.057190958417936644,2.0,60.0,0.6406241919088669,-12.28456706941135,-12.815893921293426,-12.60125116301405,-12.278574069114473,-11.935363878351522,-11.715735198549666
HZA-COSMOS3D-13852,COSMOS3D-13852,7.646,True,-0.5,0.057190958417936644,2.0,63.51568745291611,0.6435178273567987,-12.376642121536738,-12.907968973418814,-12.693326215139438,-12.370649121239861,-12.02743893047691,-11.807810250675054
HZA-COSMOS3D-13852,COSMOS3D-13852,7.646,True,-0.5,0.057190958417936644,2.0,72.21746273694556,0.6492175793722381,-12.55800738795219,-13.089334239834265,-12.874691481554889,-12.552014387655312,-12.20880419689236,-11.989175517090505
HZA-COSMOS3D-13852,COSMOS3D-13852,7.646,True,-0.5,0.057190958417936644,2.0,82.1113985112456,0.6539332745414549,-12.70806011101494,-13.239386962897015,-13.024744204617638,-12.702067110718062,-12.35885691995511,-12.139228240153255
HZA-COSMOS3D-13852,COSMOS3D-13852,7.646,True,-0.5,0.057190958417936644,2.0,93.36082312987881,0.657832070412057,-12.832119219175405,-13.363446071057481,-13.148803312778105,-12.826126218878528,-12.482916028115577,-12.263287348313721
HZA-COSMOS3D-13852,COSMOS3D-13852,7.646,True,-0.5,0.057190958417936644,2.0,100.0,0.659632019573727,-12.889393335374896,-13.420720187256972,-13.206077428977595,-12.883400335078019,-12.540190144315067,-12.320561464513212
HZA-COSMOS3D-13852,COSMOS3D-13852,7.646,True,-0.5,0.057190958417936644,2.0,106.15144125568361,0.6610533396121907,-12.934619528854773,-13.465946380736849,-13.251303622457472,-12.928626528557896,-12.585416337794944,-12.365787657993089
HZA-COSMOS3D-13852,COSMOS3D-13852,7.646,True,-0.5,0.057190958417936644,2.0,120.69439945900218,0.6637131317551931,-13.019253721591346,-13.550580573473422,-13.335937815194045,-13.013260721294468,-12.670050530531517,-12.450421850729661
HZA-COSMOS3D-13852,COSMOS3D-13852,7.646,True,-0.5,0.057190958417936644,2.0,137.22977180952068,0.6659079614432575,-13.089092877757102,-13.620419729639178,-13.405776971359801,-13.083099877460224,-12.739889686697273,-12.520261006895417
HZA-COSMOS3D-13852,COSMOS3D-13852,7.646,True,-0.5,0.057190958417936644,2.0,156.03052300111096,0.6677180122077268,-13.146688425464129,-13.678015277346205,-13.463372519066828,-13.140695425167252,-12.7974852344043,-12.577856554602445
HZA-COSMOS3D-13852,COSMOS3D-13852,7.646,True,-0.5,0.057190958417936644,2.0,177.40701443264487,0.6692098377467863,-13.194158093548635,-13.725484945430711,-13.510842187151335,-13.188165093251758,-12.844954902488807,-12.625326222686951
HZA-COSMOS3D-13852,COSMOS3D-13852,7.646,True,-0.5,0.057190958417936644,2.0,201.71212763082622,0.6704386330054508,-13.23325817700035,-13.764585028882426,-13.549942270603049,-13.227265176703472,-12.884054985940521,-12.664426306138665
HZA-COSMOS3D-13852,COSMOS3D-13852,7.646,True,-0.5,0.057190958417936644,2.0,229.34708959212247,0.6714501389894334,-13.265444147858185,-13.79677099974026,-13.582128241460884,-13.259451147561307,-12.916240956798356,-12.6966122769965
HZA-COSMOS3D-13852,COSMOS3D-13852,7.646,True,-0.5,0.057190958417936644,2.0,260.76809620810604,0.6722822370260807,-13.29192138435751,-13.823248236239586,-13.608605477960209,-13.285928384060632,-12.942718193297681,-12.723089513495825
HZA-COSMOS3D-13852,COSMOS3D-13852,7.646,True,-0.5,0.057190958417936644,2.0,296.49384311321825,0.6729662806593845,-13.313687551632489,-13.845014403514565,-13.630371645235188,-13.307694551335612,-12.96448436057266,-12.744855680770804
HZA-COSMOS3D-13852,COSMOS3D-13852,7.646,True,-0.5,0.057190958417936644,2.0,300.0,0.6730224557202384,-13.315475033763304,-13.84680188564538,-13.632159127366004,-13.309482033466427,-12.966271842703476,-12.74664316290162
HZA-COSMOS3D-13852,COSMOS3D-13852,7.646,True,-0.5,0.057190958417936644,2.0,337.1140882736292,0.6735282065756577,-13.33156795120682,-13.862894803088896,-13.648252044809519,-13.325574950909942,-12.982364760146991,-12.762736080345135
HZA-COSMOS3D-13852,COSMOS3D-13852,7.646,True,-0.5,0.057190958417936644,2.0,383.2993876677698,0.6739894599221403,-13.34624496449498,-13.877571816377056,-13.66292905809768,-13.340251964198103,-12.997041773435152,-12.777413093633296
HZA-COSMOS3D-13852,COSMOS3D-13852,7.646,True,-0.5,0.057190958417936644,2.0,435.8121647744256,0.6743677640821786,-13.35828254693463,-13.889609398816706,-13.67496664053733,-13.352289546637753,-13.009079355874801,-12.789450676072946
HZA-COSMOS3D-13852,COSMOS3D-13852,7.646,True,-0.5,0.057190958417936644,2.0,495.51929660267956,0.6746777603625848,-13.3681465827438,-13.899473434625875,-13.684830676346499,-13.362153582446922,-13.01894339168397,-12.799314711882115
HZA-COSMOS3D-13852,COSMOS3D-13852,7.646,True,-0.5,0.057190958417936644,2.0,563.4064240329424,0.6749315390727277,-13.376221783779028,-13.907548635661104,-13.692905877381728,-13.370228783482151,-13.0270185927192,-12.807389912917344
HZA-COSMOS3D-13852,COSMOS3D-13852,7.646,True,-0.5,0.057190958417936644,2.0,640.5942227031146,0.675139080066435,-13.382825707513588,-13.914152559395664,-13.699509801116287,-13.37683270721671,-13.03362251645376,-12.813993836651903
HZA-COSMOS3D-13852,COSMOS3D-13852,7.646,True,-0.5,0.057190958417936644,2.0,728.3569030384599,0.6753086179117191,-13.388220376684133,-13.91954722856621,-13.704904470286833,-13.382227376387256,-13.039017185624305,-12.819388505822449
HZA-COSMOS3D-13852,COSMOS3D-13852,7.646,True,-0.5,0.057190958417936644,2.0,828.1432448223001,0.6754469443869705,-13.392621904674881,-13.923948756556957,-13.70930599827758,-13.386628904378004,-13.043418713615052,-12.823790033813196
HZA-COSMOS3D-13852,COSMOS3D-13852,7.646,True,-0.5,0.057190958417936644,2.0,941.6005135446557,0.675559658917143,-13.396208464359978,-13.927535316242054,-13.712892557962677,-13.3902154640631,-13.04700527330015,-12.827376593498293
HZA-COSMOS3D-13852,COSMOS3D-13852,7.646,True,-0.5,0.057190958417936644,2.0,1070.6016533381312,0.6756513758064724,-13.39912688221798,-13.930453734100055,-13.715810975820679,-13.393133881921102,-13.04992369115815,-12.830295011356295
HZA-COSMOS3D-13852,COSMOS3D-13852,7.646,True,-0.5,0.057190958417936644,2.0,1100.0,0.6756684153976628,-13.399669079490328,-13.930995931372404,-13.716353173093028,-13.393676079193451,-13.0504658884305,-12.830837208628644
HZA-COSMOS3D-13852,COSMOS3D-13852,7.646,True,-0.5,0.057190958417936644,2.0,1217.2762054000095,0.6757258956478703,-13.401498092553405,-13.932824944435481,-13.718182186156104,-13.395505092256528,-13.052294901493577,-12.83266622169172
HZA-COSMOS3D-13852,COSMOS3D-13852,7.646,True,-0.5,0.057190958417936644,2.0,1384.0454622995594,0.6757863470514304,-13.403421647276863,-13.934748499158939,-13.720105740879562,-13.397428646979986,-13.054218456217034,-12.834589776415179
HZA-COSMOS3D-13852,COSMOS3D-13852,7.646,True,-0.5,0.057190958417936644,2.0,1573.662438495233,0.6758353037988687,-13.40497944374203,-13.936306295624107,-13.72166353734473,-13.398986443445153,-13.055776252682202,-12.836147572880346
HZA-COSMOS3D-13852,COSMOS3D-13852,7.646,True,-0.5,0.057190958417936644,2.0,1789.257316892076,0.6758748816655482,-13.406238805608135,-13.937565657490211,-13.722922899210834,-13.400245805311258,-13.057035614548306,-12.83740693474645
HZA-COSMOS3D-13852,COSMOS3D-13852,7.646,True,-0.5,0.057190958417936644,2.0,2034.389121667738,0.6759068184298341,-13.407255028725823,-13.938581880607899,-13.723939122328522,-13.401262028428945,-13.058051837665994,-12.838423157864138
HZA-COSMOS3D-13852,COSMOS3D-13852,7.646,True,-0.5,0.057190958417936644,2.0,2313.104470378237,0.675932539987719,-13.408073484894748,-13.939400336776824,-13.724757578497448,-13.402080484597871,-13.05887029383492,-12.839241614033064
HZA-COSMOS3D-13852,COSMOS3D-13852,7.646,True,-0.5,0.057190958417936644,2.0,2630.004375218852,0.6759532149893284,-13.408731360389138,-13.940058212271214,-13.725415453991838,-13.402738360092261,-13.05952816932931,-12.839899489527454
HZA-COSMOS3D-13852,COSMOS3D-13852,7.646,True,-0.5,0.057190958417936644,2.0,2990.320196190382,0.675969799996549,-13.409259092866781,-13.940585944748857,-13.72594318646948,-13.403266092569904,-13.060055901806953,-12.840427222005097
HZA-COSMOS3D-13852,COSMOS3D-13852,7.646,True,-0.5,0.057190958417936644,2.0,3400.0,0.675983076813807,-13.409681559228934,-13.94100841111101,-13.726365652831634,-13.403688558932057,-13.060478368169106,-12.84084968836725
HZA-RUBIES-EGS-55604,RUBIES-EGS-55604,6.986,True,0.0,0.1,0.3,20.0,0.5838054064647593,7.7887392008024205,7.624681745583781,7.688920251091807,7.788007816749578,7.885766366079602,7.950964490259964
HZA-RUBIES-EGS-55604,RUBIES-EGS-55604,6.986,True,0.0,0.1,0.3,22.74003970766435,0.6138374908842408,7.7104825895418205,7.546425134323181,7.610663639831207,7.709751205488978,7.807509754819002,7.872707878999364
HZA-RUBIES-EGS-55604,RUBIES-EGS-55604,6.986,True,0.0,0.1,0.3,25.0,0.6327908152643511,7.661094644389795,7.497037189171156,7.561275694679182,7.660363260336952,7.758121809666976,7.823319933847339
HZA-RUBIES-EGS-55604,RUBIES-EGS-55604,6.986,True,0.0,0.1,0.3,25.85547029530757,0.6389367982844217,7.645079645320868,7.4810221901022285,7.545260695610255,7.644348261268025,7.742106810598049,7.807304934778411
HZA-RUBIES-EGS-55604,RUBIES-EGS-55604,6.986,True,0.0,0.1,0.3,29.39772105878151,0.6598791657964858,7.590508717429993,7.426451262211353,7.490689767719379,7.58977733337715,7.687535882707174,7.752734006887536
HZA-RUBIES-EGS-55604,RUBIES-EGS-55604,6.986,True,0.0,0.1,0.3,30.0,0.66285194004208,7.582762360725158,7.418704905506519,7.482943411014545,7.582030976672315,7.679789526002339,7.7449876501827015
HZA-RUBIES-EGS-55604,RUBIES-EGS-55604,6.986,True,0.0,0.1,0.3,33.425267209576596,0.6773274162151465,7.545042644175849,7.38098518895721,7.445223694465236,7.544311260123006,7.64206980945303,7.707267933633393
HZA-RUBIES-EGS-55604,RUBIES-EGS-55604,6.986,True,0.0,0.1,0.3,38.004595179253144,0.6918453761238563,7.5072122249147775,7.343154769696138,7.407393275204164,7.506480840861935,7.6042393901919585,7.669437514372321
HZA-RUBIES-EGS-55604,RUBIES-EGS-55604,6.986,True,0.0,0.1,0.3,43.21130017249628,0.7039108505267957,7.475772411186329,7.311714955967689,7.375953461475715,7.475041027133486,7.57279957646351,7.637997700643872
HZA-RUBIES-EGS-55604,RUBIES-EGS-55604,6.986,True,0.0,0.1,0.3,49.13133408711842,0.7139274076416888,7.449671598290327,7.285614143071688,7.349852648579714,7.448940214237484,7.546698763567508,7.6118968877478705
HZA-RUBIES-EGS-55604,RUBIES-EGS-55604,6.986,True,0.0,0.1,0.3,55.862424401579815,0.7222349242709262,7.428024146507943,7.263966691289304,7.32820519679733,7.4272927624551,7.525051311785124,7.590249435965487
HZA-RUBIES-EGS-55604,RUBIES-EGS-55604,6.986,True,0.0,0.1,0.3,60.0,0.7262252731720132,7.417626227456279,7.25356877223764,7.317807277745666,7.416894843403436,7.51465339273346,7.5798515169138225
HZA-RUBIES-EGS-55604,RUBIES-EGS-55604,6.986,True,0.0,0.1,0.3,63.51568745291611,0.7291189086199451,7.41008608801022,7.246028632791581,7.310267138299607,7.409354703957377,7.507113253287401,7.572311377467764
HZA-RUBIES-EGS-55604,RUBIES-EGS-55604,6.986,True,0.0,0.1,0.3,72.21746273694556,0.7348186606353845,7.395233862919087,7.231176407700447,7.295414913208473,7.394502478866244,7.492261028196268,7.55745915237663
HZA-RUBIES-EGS-55604,RUBIES-EGS-55604,6.986,True,0.0,0.1,0.3,82.1113985112456,0.7395343558046013,7.382945860577115,7.218888405358475,7.2831269108665015,7.382214476524272,7.479973025854296,7.545171150034658
HZA-RUBIES-EGS-55604,RUBIES-EGS-55604,6.986,True,0.0,0.1,0.3,93.36082312987881,0.7434331516752034,7.372786507381096,7.2087290521624565,7.272967557670483,7.372055123328253,7.469813672658277,7.535011796838639
HZA-RUBIES-EGS-55604,RUBIES-EGS-55604,6.986,True,0.0,0.1,0.3,100.0,0.7452331008368733,7.368096259449379,7.2040388042307395,7.268277309738766,7.367364875396536,7.46512342472656,7.530321548906922
HZA-RUBIES-EGS-55604,RUBIES-EGS-55604,6.986,True,0.0,0.1,0.3,106.15144125568361,0.7466544208753371,7.364392630751039,7.200335175532399,7.264573681040425,7.363661246698196,7.46141979602822,7.526617920208582
HZA-RUBIES-EGS-55604,RUBIES-EGS-55604,6.986,True,0.0,0.1,0.3,120.69439945900218,0.7493142130183394,7.357461832446745,7.193404377228106,7.257642882736132,7.356730448393902,7.454488997723926,7.519687121904289
HZA-RUBIES-EGS-55604,RUBIES-EGS-55604,6.986,True,0.0,0.1,0.3,137.22977180952068,0.7515090427064038,7.351742617913283,7.187685162694644,7.25192366820267,7.35101123386044,7.448769783190464,7.5139679073708265
HZA-RUBIES-EGS-55604,RUBIES-EGS-55604,6.986,True,0.0,0.1,0.3,156.03052300111096,0.7533190934708731,7.3470260475594396,7.1829685923408,7.247207097848826,7.346294663506597,7.444053212836621,7.509251337016983
HZA-RUBIES-EGS-55604,RUBIES-EGS-55604,6.986,True,0.0,0.1,0.3,177.40701443264487,0.7548109190099327,7.343138697961985,7.1790812427433455,7.243319748251372,7.342407313909142,7.440165863239166,7.505363987419528
HZA-RUBIES-EGS-55604,RUBIES-EGS-55604,6.986,True,0.0,0.1,0.3,201.71212763082622,0.7560397142685972,7.339936743960623,7.175879288741983,7.2401177942500095,7.33920535990778,7.436963909237804,7.502162033418166
HZA-RUBIES-EGS-55604,RUBIES-EGS-55604,6.986,True,0.0,0.1,0.3,229.34708959212247,0.7570512202525798,7.337300995157088,7.173243539938449,7.237482045446475,7.336569611104245,7.434328160434269,7.499526284614632
HZA-RUBIES-EGS-55604,RUBIES-EGS-55604,6.986,True,0.0,0.1,0.3,260.76809620810604,0.7578833182892271,7.335132741642778,7.171075286424139,7.235313791932165,7.334401357589935,7.432159906919959,7.497358031100322
HZA-RUBIES-EGS-55604,RUBIES-EGS-55604,6.986,True,0.0,0.1,0.3,296.49384311321825,0.7585673619225308,7.333350283390828,7.169292828172189,7.233531333680215,7.3326188993379855,7.430377448668009,7.495575572848372
HZA-RUBIES-EGS-55604,RUBIES-EGS-55604,6.986,True,0.0,0.1,0.3,300.0,0.7586235369833848,7.3332039042771315,7.169146449058492,7.233384954566518,7.332472520224289,7.430231069554313,7.495429193734675
HZA-RUBIES-EGS-55604,RUBIES-EGS-55604,6.986,True,0.0,0.1,0.3,337.1140882736292,0.7591292878388041,7.331886035442773,7.167828580224134,7.23206708573216,7.33115465138993,7.428913200719954,7.494111324900317
HZA-RUBIES-EGS-55604,RUBIES-EGS-55604,6.986,True,0.0,0.1,0.3,383.2993876677698,0.7595905411852867,7.330684116743953,7.166626661525314,7.23086516703334,7.32995273269111,7.427711282021134,7.4929094062014965
HZA-RUBIES-EGS-55604,RUBIES-EGS-55604,6.986,True,0.0,0.1,0.3,435.8121647744256,0.7599688453453249,7.329698344288838,7.165640889070199,7.229879394578225,7.328966960235995,7.426725509566019,7.4919236337463815
HZA-RUBIES-EGS-55604,RUBIES-EGS-55604,6.986,True,0.0,0.1,0.3,495.51929660267956,0.7602788416257311,7.328890566244893,7.164833111026254,7.22907161653428,7.32815918219205,7.425917731522074,7.491115855702437
HZA-RUBIES-EGS-55604,RUBIES-EGS-55604,6.986,True,0.0,0.1,0.3,563.4064240329424,0.7605326203358741,7.3282292780842555,7.164171822865616,7.228410328373642,7.327497894031413,7.4252564433614365,7.490454567541799
HZA-RUBIES-EGS-55604,RUBIES-EGS-55604,6.986,True,0.0,0.1,0.3,640.5942227031146,0.7607401613295813,7.327688474634241,7.163631019415601,7.227869524923627,7.326957090581398,7.424715639911422,7.489913764091784
HZA-RUBIES-EGS-55604,RUBIES-EGS-55604,6.986,True,0.0,0.1,0.3,728.3569030384599,0.7609096991748655,7.327246698530157,7.163189243311518,7.227427748819544,7.326515314477314,7.424273863807338,7.4894719879877005
HZA-RUBIES-EGS-55604,RUBIES-EGS-55604,6.986,True,0.0,0.1,0.3,828.1432448223001,0.7610480256501169,7.32688625198074,7.162828796762101,7.227067302270127,7.326154867927897,7.423913417257921,7.489111541438284
HZA-RUBIES-EGS-55604,RUBIES-EGS-55604,6.986,True,0.0,0.1,0.3,941.6005135446557,0.7611607401802893,7.326592544189834,7.162535088971195,7.226773594479221,7.325861160136991,7.423619709467015,7.488817833647378
HZA-RUBIES-EGS-55604,RUBIES-EGS-55604,6.986,True,0.0,0.1,0.3,1070.6016533381312,0.7612524570696187,7.3263535513562354,7.162296096137596,7.226534601645622,7.3256221673033926,7.4233807166334165,7.488578840813779
HZA-RUBIES-EGS-55604,RUBIES-EGS-55604,6.986,True,0.0,0.1,0.3,1100.0,0.7612694966608091,7.326309150153668,7.162251694935029,7.226490200443055,7.3255777661008254,7.423336315430849,7.488534439611212
HZA-RUBIES-EGS-55604,RUBIES-EGS-55604,6.986,True,0.0,0.1,0.3,1217.2762054000095,0.7613269769110167,7.326159370020767,7.162101914802127,7.226340420310153,7.325427985967924,7.423186535297948,7.48838465947831
HZA-RUBIES-EGS-55604,RUBIES-EGS-55604,6.986,True,0.0,0.1,0.3,1384.0454622995594,0.7613874283145767,7.3260018477548305,7.161944392536191,7.226182898044217,7.325270463701988,7.423029013032012,7.488227137212374
HZA-RUBIES-EGS-55604,RUBIES-EGS-55604,6.986,True,0.0,0.1,0.3,1573.662438495233,0.761436385062015,7.325874277883244,7.161816822664605,7.226055328172631,7.325142893830401,7.422901443160425,7.488099567340788
HZA-RUBIES-EGS-55604,RUBIES-EGS-55604,6.986,True,0.0,0.1,0.3,1789.257316892076,0.7614759629286946,7.325771147188618,7.161713691969979,7.225952197478005,7.325039763135775,7.422798312465799,7.487996436646162
HZA-RUBIES-EGS-55604,RUBIES-EGS-55604,6.986,True,0.0,0.1,0.3,2034.389121667738,0.7615078996929805,7.325687927425623,7.1616304722069835,7.22586897771501,7.32495654337278,7.422715092702804,7.487913216883166
HZA-RUBIES-EGS-55604,RUBIES-EGS-55604,6.986,True,0.0,0.1,0.3,2313.104470378237,0.7615336212508653,7.32562090304169,7.161563447823051,7.225801953331077,7.324889518988847,7.422648068318871,7.487846192499234
HZA-RUBIES-EGS-55604,RUBIES-EGS-55604,6.986,True,0.0,0.1,0.3,2630.004375218852,0.7615542962524747,7.325567028807017,7.161509573588377,7.2257480790964035,7.324835644754174,7.422594194084198,7.48779231826456
HZA-RUBIES-EGS-55604,RUBIES-EGS-55604,6.986,True,0.0,0.1,0.3,2990.320196190382,0.7615708812596954,7.325523812144307,7.161466356925668,7.225704862433694,7.324792428091464,7.422550977421488,7.4877491016018505
HZA-RUBIES-EGS-55604,RUBIES-EGS-55604,6.986,True,0.0,0.1,0.3,3400.0,0.7615841580769533,7.325489215853473,7.161431760634834,7.22567026614286,7.32475783180063,7.422516381130654,7.487714505311017
HZA-RUBIES-EGS-55604,RUBIES-EGS-55604,6.986,True,0.0,0.1,1.0,20.0,0.5838054064647593,4.2391306693414,4.075073214122761,4.139311719630787,4.2383992852885575,4.336157834618581,4.401355958798944
HZA-RUBIES-EGS-55604,RUBIES-EGS-55604,6.986,True,0.0,0.1,1.0,22.74003970766435,0.6138374908842408,3.9782752984727328,3.8142178432540934,3.8784563487621195,3.97754391441989,4.075302463749914,4.140500587930276
HZA-RUBIES-EGS-55604,RUBIES-EGS-55604,6.986,True,0.0,0.1,1.0,25.0,0.6327908152643511,3.8136488146326473,3.649591359414008,3.713829864922034,3.8129174305798044,3.9106759799098283,3.975874104090191
HZA-RUBIES-EGS-55604,RUBIES-EGS-55604,6.986,True,0.0,0.1,1.0,25.85547029530757,0.6389367982844217,3.7602654844028924,3.596208029184253,3.660446534692279,3.7595341003500495,3.8572926496800735,3.922490773860436
HZA-RUBIES-EGS-55604,RUBIES-EGS-55604,6.986,True,0.0,0.1,1.0,29.39772105878151,0.6598791657964858,3.5783623914333056,3.4143049362146662,3.4785434417226924,3.5776310073804627,3.6753895567104866,3.740587680890849
HZA-RUBIES-EGS-55604,RUBIES-EGS-55604,6.986,True,0.0,0.1,1.0,30.0,0.66285194004208,3.552541202417191,3.388483747198552,3.452722252706578,3.5518098183643483,3.649568367694372,3.7147664918747347
HZA-RUBIES-EGS-55604,RUBIES-EGS-55604,6.986,True,0.0,0.1,1.0,33.425267209576596,0.6773274162151465,3.4268088139194965,3.262751358700857,3.3269898642088833,3.4260774298666536,3.5238359791966776,3.58903410337704
HZA-RUBIES-EGS-55604,RUBIES-EGS-55604,6.986,True,0.0,0.1,1.0,38.004595179253144,0.6918453761238563,3.30070741638259,3.1366499611639505,3.2008884666719766,3.299976032329747,3.397734581659771,3.4629327058401334
HZA-RUBIES-EGS-55604,RUBIES-EGS-55604,6.986,True,0.0,0.1,1.0,43.21130017249628,0.7039108505267957,3.1959080372877606,3.0318505820691213,3.0960890875771474,3.1951766532349177,3.2929352025649417,3.358133326745304
HZA-RUBIES-EGS-55604,RUBIES-EGS-55604,6.986,True,0.0,0.1,1.0,49.13133408711842,0.7139274076416888,3.1089053276344227,2.9448478724157834,3.0090863779238095,3.10817394358158,3.2059324929116038,3.2711306170919663
HZA-RUBIES-EGS-55604,RUBIES-EGS-55604,6.986,True,0.0,0.1,1.0,55.862424401579815,0.7222349242709262,3.036747155026477,2.8726896998078377,2.936928205315864,3.036015770973634,3.133774320303658,3.1989724444840206
HZA-RUBIES-EGS-55604,RUBIES-EGS-55604,6.986,True,0.0,0.1,1.0,60.0,0.7262252731720132,3.0020874248542606,2.8380299696356213,2.9022684751436474,3.0013560408014177,3.0991145901314416,3.164312714311804
HZA-RUBIES-EGS-55604,RUBIES-EGS-55604,6.986,True,0.0,0.1,1.0,63.51568745291611,0.7291189086199451,2.9769536267007313,2.812896171482092,2.877134676990118,2.9762222426478884,3.0739807919779123,3.139178916158275
HZA-RUBIES-EGS-55604,RUBIES-EGS-55604,6.986,True,0.0,0.1,1.0,72.21746273694556,0.7348186606353845,2.9274462097302862,2.763388754511647,2.827627260019673,2.9267148256774433,3.0244733750074673,3.08967149918783
HZA-RUBIES-EGS-55604,RUBIES-EGS-55604,6.986,True,0.0,0.1,1.0,82.1113985112456,0.7395343558046013,2.886486201923714,2.7224287467050745,2.7866672522131006,2.885754817870871,2.983513367200895,3.0487114913812574
HZA-RUBIES-EGS-55604,RUBIES-EGS-55604,6.986,True,0.0,0.1,1.0,93.36082312987881,0.7434331516752034,2.85262169127032,2.688564236051681,2.752802741559707,2.8518903072174773,2.949648856547501,3.0148469807278637
HZA-RUBIES-EGS-55604,RUBIES-EGS-55604,6.986,True,0.0,0.1,1.0,100.0,0.7452331008368733,2.8369875314979263,2.672930076279287,2.737168581787313,2.8362561474450834,2.9340146967751073,2.99921282095547
HZA-RUBIES-EGS-55604,RUBIES-EGS-55604,6.986,True,0.0,0.1,1.0,106.15144125568361,0.7466544208753371,2.82464210250346,2.6605846472848205,2.7248231527928466,2.823910718450617,2.921669267780641,2.9868673919610034
HZA-RUBIES-EGS-55604,RUBIES-EGS-55604,6.986,True,0.0,0.1,1.0,120.69439945900218,0.7493142130183394,2.80153944148915,2.637481986270511,2.701720491778537,2.8008080574363072,2.898566606766331,2.9637647309466937
HZA-RUBIES-EGS-55604,RUBIES-EGS-55604,6.986,True,0.0,0.1,1.0,137.22977180952068,0.7515090427064038,2.7824753930442734,2.618417937825634,2.68265644333366,2.7817440089914305,2.8795025583214544,2.944700682501817
HZA-RUBIES-EGS-55604,RUBIES-EGS-55604,6.986,True,0.0,0.1,1.0,156.03052300111096,0.7533190934708731,2.7667534918647974,2.602696036646158,2.666934542154184,2.7660221078119545,2.8637806571419784,2.928978781322341
HZA-RUBIES-EGS-55604,RUBIES-EGS-55604,6.986,True,0.0,0.1,1.0,177.40701443264487,0.7548109190099327,2.75379565987328,2.5897382046546404,2.6539767101626666,2.753064275820437,2.850822825150461,2.9160209493308233
HZA-RUBIES-EGS-55604,RUBIES-EGS-55604,6.986,True,0.0,0.1,1.0,201.71212763082622,0.7560397142685972,2.7431224798687426,2.5790650246501032,2.6433035301581294,2.7423910958158997,2.8401496451459236,2.905347769326286
HZA-RUBIES-EGS-55604,RUBIES-EGS-55604,6.986,True,0.0,0.1,1.0,229.34708959212247,0.7570512202525798,2.734336650523627,2.5702791953049875,2.6345177008130136,2.733605266470784,2.831363815800808,2.8965619399811704
HZA-RUBIES-EGS-55604,RUBIES-EGS-55604,6.986,True,0.0,0.1,1.0,260.76809620810604,0.7578833182892271,2.7271091388092588,2.5630516835906194,2.6272901890986455,2.726377754756416,2.82413630408644,2.8893344282668023
HZA-RUBIES-EGS-55604,RUBIES-EGS-55604,6.986,True,0.0,0.1,1.0,296.49384311321825,0.7585673619225308,2.72116761130276,2.5571101560841205,2.6213486615921466,2.720436227249917,2.818194776579941,2.8833929007603034
HZA-RUBIES-EGS-55604,RUBIES-EGS-55604,6.986,True,0.0,0.1,1.0,300.0,0.7586235369833848,2.720679680923771,2.556622225705132,2.620860731213158,2.7199482968709283,2.8177068462009522,2.8829049703813148
HZA-RUBIES-EGS-55604,RUBIES-EGS-55604,6.986,True,0.0,0.1,1.0,337.1140882736292,0.7591292878388041,2.7162867848092427,2.5522293295906033,2.6164678350986295,2.7155554007564,2.8133139500864237,2.8785120742667862
HZA-RUBIES-EGS-55604,RUBIES-EGS-55604,6.986,True,0.0,0.1,1.0,383.2993876677698,0.7595905411852867,2.712280389146506,2.5482229339278666,2.6124614394358927,2.711549005093663,2.809307554423687,2.8745056786040495
HZA-RUBIES-EGS-55604,RUBIES-EGS-55604,6.986,True,0.0,0.1,1.0,435.8121647744256,0.7599688453453249,2.708994480962793,2.5449370257441535,2.6091755312521796,2.70826309690995,2.806021646239974,2.8712197704203364
HZA-RUBIES-EGS-55604,RUBIES-EGS-55604,6.986,True,0.0,0.1,1.0,495.51929660267956,0.7602788416257311,2.706301887482974,2.5422444322643347,2.606482937772361,2.705570503430131,2.803329052760155,2.8685271769405176
HZA-RUBIES-EGS-55604,RUBIES-EGS-55604,6.986,True,0.0,0.1,1.0,563.4064240329424,0.7605326203358741,2.7040975936141827,2.5400401383955433,2.6042786439035694,2.7033662095613398,2.8011247588913637,2.8663228830717262
HZA-RUBIES-EGS-55604,RUBIES-EGS-55604,6.986,True,0.0,0.1,1.0,640.5942227031146,0.7607401613295813,2.7022949154474665,2.538237460228827,2.6024759657368532,2.7015635313946236,2.7993220807246475,2.86452020490501
HZA-RUBIES-EGS-55604,RUBIES-EGS-55604,6.986,True,0.0,0.1,1.0,728.3569030384599,0.7609096991748655,2.700822328433853,2.5367648732152137,2.60100337872324,2.70009094438101,2.797849493711034,2.8630476178913966
HZA-RUBIES-EGS-55604,RUBIES-EGS-55604,6.986,True,0.0,0.1,1.0,828.1432448223001,0.7610480256501169,2.6996208399357977,2.5355633847171584,2.5998018902251845,2.698889455882955,2.7966480052129787,2.8618461293933413
HZA-RUBIES-EGS-55604,RUBIES-EGS-55604,6.986,True,0.0,0.1,1.0,941.6005135446557,0.7611607401802893,2.6986418139661126,2.5345843587474732,2.5988228642554994,2.6979104299132697,2.7956689792432936,2.860867103423656
HZA-RUBIES-EGS-55604,RUBIES-EGS-55604,6.986,True,0.0,0.1,1.0,1070.6016533381312,0.7612524570696187,2.69784517118745,2.5337877159688107,2.598026221476837,2.697113787134607,2.794872336464631,2.8600704606449936
HZA-RUBIES-EGS-55604,RUBIES-EGS-55604,6.986,True,0.0,0.1,1.0,1100.0,0.7612694966608091,2.6976971671788936,2.5336397119602543,2.5978782174682804,2.6969657831260507,2.7947243324560747,2.859922456636437
HZA-RUBIES-EGS-55604,RUBIES-EGS-55604,6.986,True,0.0,0.1,1.0,1217.2762054000095,0.7613269769110167,2.697197900069222,2.5331404448505825,2.5973789503586087,2.696466516016379,2.794225065346403,2.8594231895267654
HZA-RUBIES-EGS-55604,RUBIES-EGS-55604,6.986,True,0.0,0.1,1.0,1384.0454622995594,0.7613874283145767,2.6966728258494337,2.5326153706307943,2.5968538761388205,2.695941441796591,2.7936999911266147,2.8588981153069772
HZA-RUBIES-EGS-55604,RUBIES-EGS-55604,6.986,True,0.0,0.1,1.0,1573.662438495233,0.761436385062015,2.6962475929441467,2.5321901377255074,2.5964286432335335,2.695516208891304,2.7932747582213278,2.8584728824016903
HZA-RUBIES-EGS-55604,RUBIES-EGS-55604,6.986,True,0.0,0.1,1.0,1789.257316892076,0.7614759629286946,2.695903823962057,2.531846368743418,2.596084874251444,2.6951724399092143,2.792930989239238,2.8581291134196007
HZA-RUBIES-EGS-55604,RUBIES-EGS-55604,6.986,True,0.0,0.1,1.0,2034.389121667738,0.7615078996929805,2.6956264247520725,2.531568969533433,2.5958074750414593,2.6948950406992296,2.7926535900292535,2.857851714209616
HZA-RUBIES-EGS-55604,RUBIES-EGS-55604,6.986,True,0.0,0.1,1.0,2313.104470378237,0.7615336212508653,2.695403010138966,2.5313455549203265,2.5955840604283527,2.694671626086123,2.792430175416147,2.8576282995965094
HZA-RUBIES-EGS-55604,RUBIES-EGS-55604,6.986,True,0.0,0.1,1.0,2630.004375218852,0.7615542962524747,2.6952234293567194,2.53116597413808,2.595404479646106,2.6944920453038765,2.7922505946339005,2.857448718814263
HZA-RUBIES-EGS-55604,RUBIES-EGS-55604,6.986,True,0.0,0.1,1.0,2990.320196190382,0.7615708812596954,2.6950793738143544,2.531021918595715,2.595260424103741,2.6943479897615115,2.7921065390915354,2.857304663271898
HZA-RUBIES-EGS-55604,RUBIES-EGS-55604,6.986,True,0.0,0.1,1.0,3400.0,0.7615841580769533,2.6949640528449077,2.5309065976262684,2.5951451031342945,2.694232668792065,2.7919912181220887,2.8571893423024513
HZA-RUBIES-EGS-55604,RUBIES-EGS-55604,6.986,True,0.0,0.1,2.0,20.0,0.5838054064647593,-0.8317386613171998,-0.9957961165358391,-0.931557611027813,-0.8324700453700427,-0.7347114960400187,-0.6695133718596562
HZA-RUBIES-EGS-55604,RUBIES-EGS-55604,6.986,True,0.0,0.1,2.0,22.74003970766435,0.6138374908842408,-1.353449403054535,-1.5175068582731743,-1.4532683527651482,-1.3541807871073779,-1.256422237777354,-1.1912241135969914
HZA-RUBIES-EGS-55604,RUBIES-EGS-55604,6.986,True,0.0,0.1,2.0,25.0,0.6327908152643511,-1.682702370734706,-1.8467598259533453,-1.7825213204453192,-1.6834337547875489,-1.585675205457525,-1.5204770812771624
HZA-RUBIES-EGS-55604,RUBIES-EGS-55604,6.986,True,0.0,0.1,2.0,25.85547029530757,0.6389367982844217,-1.7894690311942156,-1.953526486412855,-1.8892879809048289,-1.7902004152470585,-1.6924418659170346,-1.627243741736672
HZA-RUBIES-EGS-55604,RUBIES-EGS-55604,6.986,True,0.0,0.1,2.0,29.39772105878151,0.6598791657964858,-2.1532752171333893,-2.3173326723520287,-2.2530941668440025,-2.154006601186232,-2.0562480518562083,-1.9910499276758458
HZA-RUBIES-EGS-55604,RUBIES-EGS-55604,6.986,True,0.0,0.1,2.0,30.0,0.66285194004208,-2.204917595165618,-2.3689750503842575,-2.3047365448762314,-2.205648979218461,-2.107890429888437,-2.0426923057080746
HZA-RUBIES-EGS-55604,RUBIES-EGS-55604,6.986,True,0.0,0.1,2.0,33.425267209576596,0.6773274162151465,-2.4563823721610074,-2.6204398273796468,-2.5562013218716206,-2.4571137562138503,-2.3593552068838264,-2.294157082703464
HZA-RUBIES-EGS-55604,RUBIES-EGS-55604,6.986,True,0.0,0.1,2.0,38.004595179253144,0.6918453761238563,-2.708585167234821,-2.8726426224534602,-2.808404116945434,-2.709316551287664,-2.61155800195764,-2.5463598777772773
HZA-RUBIES-EGS-55604,RUBIES-EGS-55604,6.986,True,0.0,0.1,2.0,43.21130017249628,0.7039108505267957,-2.9181839254244792,-3.0822413806431186,-3.0180028751350925,-2.918915309477322,-2.821156760147298,-2.7559586359669357
HZA-RUBIES-EGS-55604,RUBIES-EGS-55604,6.986,True,0.0,0.1,2.0,49.13133408711842,0.7139274076416888,-3.092189344731155,-3.2562467999497944,-3.1920082944417683,-3.092920728783998,-2.995162179453974,-2.9299640552736115
HZA-RUBIES-EGS-55604,RUBIES-EGS-55604,6.986,True,0.0,0.1,2.0,55.862424401579815,0.7222349242709262,-3.2365056899470463,-3.4005631451656857,-3.3363246396576596,-3.2372370739998892,-3.1394785246698653,-3.074280400489503
HZA-RUBIES-EGS-55604,RUBIES-EGS-55604,6.986,True,0.0,0.1,2.0,60.0,0.7262252731720132,-3.3058251502914793,-3.4698826055101186,-3.4056441000020925,-3.306556534344322,-3.2087979850142982,-3.1435998608339357
HZA-RUBIES-EGS-55604,RUBIES-EGS-55604,6.986,True,0.0,0.1,2.0,63.51568745291611,0.7291189086199451,-3.356092746598538,-3.5201502018171773,-3.455911696309151,-3.356824130651381,-3.259065581321357,-3.1938674571409944
HZA-RUBIES-EGS-55604,RUBIES-EGS-55604,6.986,True,0.0,0.1,2.0,72.21746273694556,0.7348186606353845,-3.455107580539428,-3.6191650357580674,-3.5549265302500412,-3.455838964592271,-3.358080415262247,-3.2928822910818845
HZA-RUBIES-EGS-55604,RUBIES-EGS-55604,6.986,True,0.0,0.1,2.0,82.1113985112456,0.7395343558046013,-3.537027596152573,-3.701085051371212,-3.636846545863186,-3.5377589802054157,-3.4400004308753918,-3.3748023066950292
HZA-RUBIES-EGS-55604,RUBIES-EGS-55604,6.986,True,0.0,0.1,2.0,93.36082312987881,0.7434331516752034,-3.60475661745936,-3.7688140726779995,-3.7045755671699734,-3.605488001512203,-3.507729452182179,-3.4425313280018166
HZA-RUBIES-EGS-55604,RUBIES-EGS-55604,6.986,True,0.0,0.1,2.0,100.0,0.7452331008368733,-3.636024937004148,-3.8000823922227873,-3.735843886714761,-3.636756321056991,-3.538997771726967,-3.4737996475466044
HZA-RUBIES-EGS-55604,RUBIES-EGS-55604,6.986,True,0.0,0.1,2.0,106.15144125568361,0.7466544208753371,-3.660715794993081,-3.82477325021172,-3.760534744703694,-3.6614471790459238,-3.5636886297159,-3.4984905055355373
HZA-RUBIES-EGS-55604,RUBIES-EGS-55604,6.986,True,0.0,0.1,2.0,120.69439945900218,0.7493142130183394,-3.7069211170217002,-3.8709785722403396,-3.8067400667323135,-3.707652501074543,-3.609893951744519,-3.5446958275641567
HZA-RUBIES-EGS-55604,RUBIES-EGS-55604,6.986,True,0.0,0.1,2.0,137.22977180952068,0.7515090427064038,-3.7450492139114537,-3.909106669130093,-3.844868163622067,-3.7457805979642966,-3.6480220486342727,-3.58282392445391
HZA-RUBIES-EGS-55604,RUBIES-EGS-55604,6.986,True,0.0,0.1,2.0,156.03052300111096,0.7533190934708731,-3.776493016270406,-3.940550471489045,-3.876311965981019,-3.7772244003232487,-3.6794658509932248,-3.6142677268128622
HZA-RUBIES-EGS-55604,RUBIES-EGS-55604,6.986,True,0.0,0.1,2.0,177.40701443264487,0.7548109190099327,-3.802408680253441,-3.9664661354720803,-3.902227629964054,-3.803140064306284,-3.70538151497626,-3.6401833907958974
HZA-RUBIES-EGS-55604,RUBIES-EGS-55604,6.986,True,0.0,0.1,2.0,201.71212763082622,0.7560397142685972,-3.8237550402625153,-3.9878124954811547,-3.9235739899731286,-3.8244864243153582,-3.7267278749853343,-3.661529750804972
HZA-RUBIES-EGS-55604,RUBIES-EGS-55604,6.986,True,0.0,0.1,2.0,229.34708959212247,0.7570512202525798,-3.841326698952747,-4.005384154171386,-3.94114564866336,-3.8420580830055897,-3.744299533675566,-3.6791014094952033
HZA-RUBIES-EGS-55604,RUBIES-EGS-55604,6.986,True,0.0,0.1,2.0,260.76809620810604,0.7578833182892271,-3.855781722381483,-4.019839177600122,-3.955600672092096,-3.856513106434326,-3.758754557104302,-3.6935564329239394
HZA-RUBIES-EGS-55604,RUBIES-EGS-55604,6.986,True,0.0,0.1,2.0,296.49384311321825,0.7585673619225308,-3.867664777394481,-4.03172223261312,-3.967483727105094,-3.8683961614473237,-3.7706376121172998,-3.7054394879369372
HZA-RUBIES-EGS-55604,RUBIES-EGS-55604,6.986,True,0.0,0.1,2.0,300.0,0.7586235369833848,-3.868640638152458,-4.032698093371097,-3.9684595878630713,-3.869372022205301,-3.771613472875277,-3.7064153486949145
HZA-RUBIES-EGS-55604,RUBIES-EGS-55604,6.986,True,0.0,0.1,2.0,337.1140882736292,0.7591292878388041,-3.877426430381515,-4.0414838856001545,-3.9772453800921284,-3.878157814434358,-3.780399265104334,-3.7152011409239716
HZA-RUBIES-EGS-55604,RUBIES-EGS-55604,6.986,True,0.0,0.1,2.0,383.2993876677698,0.7595905411852867,-3.8854392217069886,-4.049496676925628,-3.985258171417602,-3.8861706057598315,-3.7884120564298076,-3.723213932249445
HZA-RUBIES-EGS-55604,RUBIES-EGS-55604,6.986,True,0.0,0.1,2.0,435.8121647744256,0.7599688453453249,-3.892011038074415,-4.056068493293054,-3.991829987785028,-3.8927424221272577,-3.794983872797234,-3.7297857486168713
HZA-RUBIES-EGS-55604,RUBIES-EGS-55604,6.986,True,0.0,0.1,2.0,495.51929660267956,0.7602788416257311,-3.8973962250340524,-4.061453680252692,-3.9972151747446656,-3.8981276090868953,-3.8003690597568713,-3.735170935576509
HZA-RUBIES-EGS-55604,RUBIES-EGS-55604,6.986,True,0.0,0.1,2.0,563.4064240329424,0.7605326203358741,-3.901804812771635,-4.0658622679902745,-4.001623762482248,-3.902536196824478,-3.804777647494454,-3.7395795233140916
HZA-RUBIES-EGS-55604,RUBIES-EGS-55604,6.986,True,0.0,0.1,2.0,640.5942227031146,0.7607401613295813,-3.9054101691050676,-4.069467624323707,-4.005229118815681,-3.9061415531579105,-3.8083830038278865,-3.743184879647524
HZA-RUBIES-EGS-55604,RUBIES-EGS-55604,6.986,True,0.0,0.1,2.0,728.3569030384599,0.7609096991748655,-3.9083553431322944,-4.072412798350934,-4.008174292842908,-3.9090867271851373,-3.8113281778551134,-3.746130053674751
HZA-RUBIES-EGS-55604,RUBIES-EGS-55604,6.986,True,0.0,0.1,2.0,828.1432448223001,0.7610480256501169,-3.910758320128405,-4.074815775347044,-4.010577269839018,-3.911489704181248,-3.813731154851224,-3.7485330306708615
HZA-RUBIES-EGS-55604,RUBIES-EGS-55604,6.986,True,0.0,0.1,2.0,941.6005135446557,0.7611607401802893,-3.9127163720677753,-4.076773827286415,-4.012535321778389,-3.9134477561206182,-3.8156892067905943,-3.750491082610232
HZA-RUBIES-EGS-55604,RUBIES-EGS-55604,6.986,True,0.0,0.1,2.0,1070.6016533381312,0.7612524570696187,-3.9143096576251004,-4.07836711284374,-4.014128607335714,-3.9150410416779433,-3.8172824923479194,-3.752084368167557
HZA-RUBIES-EGS-55604,RUBIES-EGS-55604,6.986,True,0.0,0.1,2.0,1100.0,0.7612694966608091,-3.9146056656422132,-4.078663120860853,-4.0144246153528265,-3.915337049695056,-3.817578500365032,-3.7523803761846697
HZA-RUBIES-EGS-55604,RUBIES-EGS-55604,6.986,True,0.0,0.1,2.0,1217.2762054000095,0.7613269769110167,-3.9156041998615567,-4.079661655080196,-4.01542314957217,-3.9163355839143996,-3.8185770345843757,-3.753378910404013
HZA-RUBIES-EGS-55604,RUBIES-EGS-55604,6.986,True,0.0,0.1,2.0,1384.0454622995594,0.7613874283145767,-3.916654348301133,-4.0807118035197725,-4.016473298011746,-3.917385732353976,-3.819627183023952,-3.7544290588435896
HZA-RUBIES-EGS-55604,RUBIES-EGS-55604,6.986,True,0.0,0.1,2.0,1573.662438495233,0.761436385062015,-3.917504814111707,-4.081562269330346,-4.01732376382232,-3.91823619816455,-3.820477648834526,-3.7552795246541635
HZA-RUBIES-EGS-55604,RUBIES-EGS-55604,6.986,True,0.0,0.1,2.0,1789.257316892076,0.7614759629286946,-3.918192352075886,-4.0822498072945255,-4.018011301786499,-3.918923736128729,-3.821165186798705,-3.7559670626183426
HZA-RUBIES-EGS-55604,RUBIES-EGS-55604,6.986,True,0.0,0.1,2.0,2034.389121667738,0.7615078996929805,-3.9187471504958555,-4.082804605714495,-4.018566100206469,-3.9194785345486984,-3.8217199852186745,-3.756521861038312
HZA-RUBIES-EGS-55604,RUBIES-EGS-55604,6.986,True,0.0,0.1,2.0,2313.104470378237,0.7615336212508653,-3.9191939797220687,-4.083251434940708,-4.019012929432682,-3.9199253637749116,-3.8221668144448877,-3.756968690264525
HZA-RUBIES-EGS-55604,RUBIES-EGS-55604,6.986,True,0.0,0.1,2.0,2630.004375218852,0.7615542962524747,-3.9195531412865616,-4.083610596505201,-4.019372090997175,-3.9202845253394045,-3.8225259760093806,-3.757327851829018
HZA-RUBIES-EGS-55604,RUBIES-EGS-55604,6.986,True,0.0,0.1,2.0,2990.320196190382,0.7615708812596954,-3.9198412523712918,-4.083898707589931,-4.019660202081905,-3.9205726364241347,-3.8228140870941107,-3.757615962913748
HZA-RUBIES-EGS-55604,RUBIES-EGS-55604,6.986,True,0.0,0.1,2.0,3400.0,0.7615841580769533,-3.920071894310185,-4.0841293495288244,-4.019890844020798,-3.920803278363028,-3.823044729033004,-3.7578466048526415
HZA-RUBIES-EGS-55604,RUBIES-EGS-55604,6.986,True,0.0,0.057190958417936644,0.3,20.0,0.5838054064647593,6.523509742403207,6.359452287184568,6.423690792692594,6.522778358350364,6.620536907680388,6.685735031860751
HZA-RUBIES-EGS-55604,RUBIES-EGS-55604,6.986,True,0.0,0.057190958417936644,0.3,22.74003970766435,0.6138374908842408,6.380167269511496,6.216109814292857,6.280348319800883,6.379435885458653,6.477194434788677,6.5423925589690395
HZA-RUBIES-EGS-55604,RUBIES-EGS-55604,6.986,True,0.0,0.057190958417936644,0.3,25.0,0.6327908152643511,6.289703472586317,6.125646017367678,6.189884522875704,6.288972088533474,6.386730637863498,6.451928762043861
HZA-RUBIES-EGS-55604,RUBIES-EGS-55604,6.986,True,0.0,0.057190958417936644,0.3,25.85547029530757,0.6389367982844217,6.260368831935271,6.096311376716631,6.160549882224657,6.259637447882428,6.357395997212452,6.422594121392814
HZA-RUBIES-EGS-55604,RUBIES-EGS-55604,6.986,True,0.0,0.057190958417936644,0.3,29.39772105878151,0.6598791657964858,6.160411376253673,5.996353921035034,6.06059242654306,6.1596799922008305,6.257438541530854,6.322636665711217
HZA-RUBIES-EGS-55604,RUBIES-EGS-55604,6.986,True,0.0,0.057190958417936644,0.3,30.0,0.66285194004208,6.146222390708738,5.982164935490099,6.046403440998125,6.145491006655895,6.243249555985919,6.308447680166282
HZA-RUBIES-EGS-55604,RUBIES-EGS-55604,6.986,True,0.0,0.057190958417936644,0.3,33.425267209576596,0.6773274162151465,6.07713126396742,5.913073808748781,5.977312314256807,6.076399879914577,6.174158429244601,6.2393565534249635
HZA-RUBIES-EGS-55604,RUBIES-EGS-55604,6.986,True,0.0,0.057190958417936644,0.3,38.004595179253144,0.6918453761238563,6.007837363298066,5.843779908079426,5.9080184135874525,6.007105979245223,6.104864528575247,6.170062652755609
HZA-RUBIES-EGS-55604,RUBIES-EGS-55604,6.986,True,0.0,0.057190958417936644,0.3,43.21130017249628,0.7039108505267957,5.950249121557273,5.786191666338634,5.85043017184666,5.94951773750443,6.047276286834454,6.112474411014817
HZA-RUBIES-EGS-55604,RUBIES-EGS-55604,6.986,True,0.0,0.057190958417936644,0.3,49.13133408711842,0.7139274076416888,5.902440316592058,5.7383828613734185,5.802621366881445,5.901708932539215,5.999467481869239,6.064665606049601
HZA-RUBIES-EGS-55604,RUBIES-EGS-55604,6.986,True,0.0,0.057190958417936644,0.3,55.862424401579815,0.7222349242709262,5.8627887239622964,5.698731268743657,5.762969774251683,5.8620573399094535,5.9598158892394775,6.02501401341984
HZA-RUBIES-EGS-55604,RUBIES-EGS-55604,6.986,True,0.0,0.057190958417936644,0.3,60.0,0.7262252731720132,5.843742877154157,5.679685421935518,5.743923927443544,5.843011493101314,5.940770042431338,6.005968166611701
HZA-RUBIES-EGS-55604,RUBIES-EGS-55604,6.986,True,0.0,0.057190958417936644,0.3,63.51568745291611,0.7291189086199451,5.829931619335349,5.66587416411671,5.730112669624736,5.8292002352825065,5.9269587846125305,5.992156908792893
HZA-RUBIES-EGS-55604,RUBIES-EGS-55604,6.986,True,0.0,0.057190958417936644,0.3,72.21746273694556,0.7348186606353845,5.8027268293730305,5.638669374154391,5.702907879662417,5.801995445320188,5.8997539946502116,5.964952118830574
HZA-RUBIES-EGS-55604,RUBIES-EGS-55604,6.986,True,0.0,0.057190958417936644,0.3,82.1113985112456,0.7395343558046013,5.780218920913619,5.616161465694979,5.6803999712030055,5.779487536860776,5.8772460861908,5.942444210371162
HZA-RUBIES-EGS-55604,RUBIES-EGS-55604,6.986,True,0.0,0.057190958417936644,0.3,93.36082312987881,0.7434331516752034,5.761610054689549,5.59755259947091,5.661791104978936,5.760878670636706,5.85863721996673,5.923835344147093
HZA-RUBIES-EGS-55604,RUBIES-EGS-55604,6.986,True,0.0,0.057190958417936644,0.3,100.0,0.7452331008368733,5.753018937259625,5.588961482040986,5.653199987549012,5.7522875532067825,5.8500461025368065,5.915244226717169
HZA-RUBIES-EGS-55604,RUBIES-EGS-55604,6.986,True,0.0,0.057190958417936644,0.3,106.15144125568361,0.7466544208753371,5.746235008237643,5.582177553019004,5.64641605852703,5.7455036241848,5.843262173514824,5.9084602976951865
HZA-RUBIES-EGS-55604,RUBIES-EGS-55604,6.986,True,0.0,0.057190958417936644,0.3,120.69439945900218,0.7493142130183394,5.733539879327158,5.569482424108519,5.633720929616545,5.732808495274315,5.830567044604339,5.895765168784702
HZA-RUBIES-EGS-55604,RUBIES-EGS-55604,6.986,True,0.0,0.057190958417936644,0.3,137.22977180952068,0.7515090427064038,5.723064005902295,5.559006550683655,5.623245056191681,5.722332621849452,5.820091171179476,5.885289295359838
HZA-RUBIES-EGS-55604,RUBIES-EGS-55604,6.986,True,0.0,0.057190958417936644,0.3,156.03052300111096,0.7533190934708731,5.71442467374624,5.550367218527601,5.614605724035627,5.713693289693397,5.811451839023421,5.876649963203784
HZA-RUBIES-EGS-55604,RUBIES-EGS-55604,6.986,True,0.0,0.057190958417936644,0.3,177.40701443264487,0.7548109190099327,5.707304223533565,5.543246768314925,5.6074852738229515,5.706572839480722,5.804331388810746,5.869529512991108
HZA-RUBIES-EGS-55604,RUBIES-EGS-55604,6.986,True,0.0,0.057190958417936644,0.3,201.71212763082622,0.7560397142685972,5.701439211015808,5.537381755797169,5.601620261305195,5.700707826962965,5.798466376292989,5.863664500473352
HZA-RUBIES-EGS-55604,RUBIES-EGS-55604,6.986,True,0.0,0.057190958417936644,0.3,229.34708959212247,0.7570512202525798,5.696611315387132,5.532553860168493,5.596792365676519,5.695879931334289,5.793638480664313,5.858836604844676
HZA-RUBIES-EGS-55604,RUBIES-EGS-55604,6.986,True,0.0,0.057190958417936644,0.3,260.76809620810604,0.7578833182892271,5.692639729912233,5.528582274693593,5.592820780201619,5.69190834585939,5.789666895189414,5.854865019369776
HZA-RUBIES-EGS-55604,RUBIES-EGS-55604,6.986,True,0.0,0.057190958417936644,0.3,296.49384311321825,0.7585673619225308,5.689374804820987,5.525317349602347,5.5895558551103735,5.688643420768144,5.786401970098168,5.85160009427853
HZA-RUBIES-EGS-55604,RUBIES-EGS-55604,6.986,True,0.0,0.057190958417936644,0.3,300.0,0.7586235369833848,5.689106682501364,5.525049227282724,5.58928773279075,5.688375298448521,5.786133847778545,5.851331971958907
HZA-RUBIES-EGS-55604,RUBIES-EGS-55604,6.986,True,0.0,0.057190958417936644,0.3,337.1140882736292,0.7591292878388041,5.686692744884837,5.522635289666198,5.586873795174224,5.685961360831994,5.783719910162018,5.848918034342381
HZA-RUBIES-EGS-55604,RUBIES-EGS-55604,6.986,True,0.0,0.057190958417936644,0.3,383.2993876677698,0.7595905411852867,5.684491192891613,5.520433737672974,5.584672243181,5.68375980883877,5.781518358168794,5.846716482349157
HZA-RUBIES-EGS-55604,RUBIES-EGS-55604,6.986,True,0.0,0.057190958417936644,0.3,435.8121647744256,0.7599688453453249,5.682685555525666,5.518628100307026,5.5828666058150525,5.681954171472823,5.779712720802847,5.844910844983209
HZA-RUBIES-EGS-55604,RUBIES-EGS-55604,6.986,True,0.0,0.057190958417936644,0.3,495.51929660267956,0.7602788416257311,5.68120595015429,5.51714849493565,5.5813870004436765,5.680474566101447,5.778233115431471,5.843431239611833
HZA-RUBIES-EGS-55604,RUBIES-EGS-55604,6.986,True,0.0,0.057190958417936644,0.3,563.4064240329424,0.7605326203358741,5.6799946699990045,5.515937214780365,5.580175720288391,5.679263285946162,5.7770218352761855,5.842219959456548
HZA-RUBIES-EGS-55604,RUBIES-EGS-55604,6.986,True,0.0,0.057190958417936644,0.3,640.5942227031146,0.7607401613295813,5.679004081438821,5.514946626220182,5.579185131728208,5.678272697385978,5.776031246716002,5.8412293708963645
HZA-RUBIES-EGS-55604,RUBIES-EGS-55604,6.986,True,0.0,0.057190958417936644,0.3,728.3569030384599,0.7609096991748655,5.67819488106324,5.5141374258446,5.578375931352626,5.677463497010397,5.775222046340421,5.840420170520783
HZA-RUBIES-EGS-55604,RUBIES-EGS-55604,6.986,True,0.0,0.057190958417936644,0.3,828.1432448223001,0.7610480256501169,5.677534651864628,5.513477196645988,5.5777157021540145,5.676803267811785,5.774561817141809,5.839759941322171
HZA-RUBIES-EGS-55604,RUBIES-EGS-55604,6.986,True,0.0,0.057190958417936644,0.3,941.6005135446557,0.7611607401802893,5.676996667911863,5.512939212693223,5.577177718201249,5.67626528385902,5.774023833189044,5.839221957369406
HZA-RUBIES-EGS-55604,RUBIES-EGS-55604,6.986,True,0.0,0.057190958417936644,0.3,1070.6016533381312,0.7612524570696187,5.676558905233163,5.512501450014524,5.57673995552255,5.67582752118032,5.773586070510344,5.838784194690707
HZA-RUBIES-EGS-55604,RUBIES-EGS-55604,6.986,True,0.0,0.057190958417936644,0.3,1100.0,0.7612694966608091,5.676477575642311,5.512420120423672,5.576658625931698,5.675746191589468,5.773504740919492,5.8387028650998545
HZA-RUBIES-EGS-55604,RUBIES-EGS-55604,6.986,True,0.0,0.057190958417936644,0.3,1217.2762054000095,0.7613269769110167,5.676203223682849,5.51214576846421,5.576384273972236,5.675471839630006,5.77323038896003,5.838428513140393
HZA-RUBIES-EGS-55604,RUBIES-EGS-55604,6.986,True,0.0,0.057190958417936644,0.3,1384.0454622995594,0.7613874283145767,5.67591469047433,5.5118572352556905,5.576095740763717,5.675183306421487,5.772941855751511,5.838139979931873
HZA-RUBIES-EGS-55604,RUBIES-EGS-55604,6.986,True,0.0,0.057190958417936644,0.3,1573.662438495233,0.761436385062015,5.675681021004555,5.511623565785916,5.575862071293942,5.6749496369517125,5.772708186281736,5.837906310462099
HZA-RUBIES-EGS-55604,RUBIES-EGS-55604,6.986,True,0.0,0.057190958417936644,0.3,1789.257316892076,0.7614759629286946,5.675492116724639,5.511434661506,5.575673167014026,5.674760732671796,5.77251928200182,5.837717406182183
HZA-RUBIES-EGS-55604,RUBIES-EGS-55604,6.986,True,0.0,0.057190958417936644,0.3,2034.389121667738,0.7615078996929805,5.675339683256986,5.511282228038347,5.575520733546373,5.674608299204143,5.772366848534167,5.83756497271453
HZA-RUBIES-EGS-55604,RUBIES-EGS-55604,6.986,True,0.0,0.057190958417936644,0.3,2313.104470378237,0.7615336212508653,5.675216914831648,5.511159459613008,5.575397965121034,5.674485530778805,5.772244080108829,5.837442204289191
HZA-RUBIES-EGS-55604,RUBIES-EGS-55604,6.986,True,0.0,0.057190958417936644,0.3,2630.004375218852,0.7615542962524747,5.675118233507488,5.511060778288849,5.575299283796875,5.674386849454645,5.772145398784669,5.837343522965032
HZA-RUBIES-EGS-55604,RUBIES-EGS-55604,6.986,True,0.0,0.057190958417936644,0.3,2990.320196190382,0.7615708812596954,5.675039073635842,5.510981618417203,5.575220123925229,5.674307689582999,5.772066238913023,5.837264363093386
HZA-RUBIES-EGS-55604,RUBIES-EGS-55604,6.986,True,0.0,0.057190958417936644,0.3,3400.0,0.7615841580769533,5.674975703681519,5.51091824846288,5.575156753970906,5.674244319628676,5.7720028689587,5.837200993139063
HZA-RUBIES-EGS-55604,RUBIES-EGS-55604,6.986,True,0.0,0.057190958417936644,1.0,20.0,0.5838054064647593,0.02169914134402262,-0.14235831387461673,-0.0781198083665906,0.020967757291179723,0.11872630662120365,0.18392443080156617
HZA-RUBIES-EGS-55604,RUBIES-EGS-55604,6.986,True,0.0,0.057190958417936644,1.0,22.74003970766435,0.6138374908842408,-0.45610910162834983,-0.6201665568469892,-0.5559280513389631,-0.45684048568119273,-0.3590819363511688,-0.2938838121708063
HZA-RUBIES-EGS-55604,RUBIES-EGS-55604,6.986,True,0.0,0.057190958417936644,1.0,25.0,0.6327908152643511,-0.757655091378945,-0.9217125465975844,-0.8574740410895583,-0.7583864754317879,-0.660627926101764,-0.5954298019214015
HZA-RUBIES-EGS-55604,RUBIES-EGS-55604,6.986,True,0.0,0.057190958417936644,1.0,25.85547029530757,0.6389367982844217,-0.8554372268824348,-1.0194946821010742,-0.9552561765930481,-0.8561686109352777,-0.7584100616052538,-0.6932119374248913
HZA-RUBIES-EGS-55604,RUBIES-EGS-55604,6.986,True,0.0,0.057190958417936644,1.0,29.39772105878151,0.6598791657964858,-1.1886287458210898,-1.3526862010397291,-1.288447695531703,-1.1893601298739327,-1.0916015805439088,-1.0264034563635462
HZA-RUBIES-EGS-55604,RUBIES-EGS-55604,6.986,True,0.0,0.057190958417936644,1.0,30.0,0.66285194004208,-1.2359253643042063,-1.3999828195228456,-1.3357443140148195,-1.2366567483570492,-1.1388981990270253,-1.0737000748466627
HZA-RUBIES-EGS-55604,RUBIES-EGS-55604,6.986,True,0.0,0.057190958417936644,1.0,33.425267209576596,0.6773274162151465,-1.4662291201086042,-1.6302865753272435,-1.5660480698192174,-1.466960504161447,-1.3692019548314232,-1.3040038306510606
HZA-RUBIES-EGS-55604,RUBIES-EGS-55604,6.986,True,0.0,0.057190958417936644,1.0,38.004595179253144,0.6918453761238563,-1.6972087890064511,-1.8612662442250905,-1.7970277387170643,-1.697940173059294,-1.60018162372927,-1.5349834995489076
HZA-RUBIES-EGS-55604,RUBIES-EGS-55604,6.986,True,0.0,0.057190958417936644,1.0,43.21130017249628,0.7039108505267957,-1.8891695948090916,-2.053227050027731,-1.9889885445197049,-1.8899009788619345,-1.7921424295319106,-1.726944305351548
HZA-RUBIES-EGS-55604,RUBIES-EGS-55604,6.986,True,0.0,0.057190958417936644,1.0,49.13133408711842,0.7139274076416888,-2.0485322780264745,-2.212589733245114,-2.1483512277370878,-2.0492636620793174,-1.9515051127492935,-1.886306988568931
HZA-RUBIES-EGS-55604,RUBIES-EGS-55604,6.986,True,0.0,0.057190958417936644,1.0,55.862424401579815,0.7222349242709262,-2.180704253459014,-2.3447617086776535,-2.2805232031696274,-2.181435637511857,-2.083677088181833,-2.0184789640014706
HZA-RUBIES-EGS-55604,RUBIES-EGS-55604,6.986,True,0.0,0.057190958417936644,1.0,60.0,0.7262252731720132,-2.2441904094861442,-2.4082478647047836,-2.3440093591967575,-2.244921793538987,-2.147163244208963,-2.0819651200286007
HZA-RUBIES-EGS-55604,RUBIES-EGS-55604,6.986,True,0.0,0.057190958417936644,1.0,63.51568745291611,0.7291189086199451,-2.290227935548838,-2.4542853907674775,-2.3900468852594514,-2.290959319601681,-2.193200770271657,-2.1280026460912946
HZA-RUBIES-EGS-55604,RUBIES-EGS-55604,6.986,True,0.0,0.057190958417936644,1.0,72.21746273694556,0.7348186606353845,-2.3809105687565655,-2.544968023975205,-2.4807295184671787,-2.3816419528094084,-2.2838834034793845,-2.218685279299022
HZA-RUBIES-EGS-55604,RUBIES-EGS-55604,6.986,True,0.0,0.057190958417936644,1.0,82.1113985112456,0.7395343558046013,-2.4559369302879386,-2.619994385506578,-2.555755879998552,-2.4566683143407815,-2.3589097650107576,-2.293711640830395
HZA-RUBIES-EGS-55604,RUBIES-EGS-55604,6.986,True,0.0,0.057190958417936644,1.0,93.36082312987881,0.7434331516752034,-2.5179664843681717,-2.682023939586811,-2.617785434078785,-2.5186978684210146,-2.4209393190909907,-2.355741194910628
HZA-RUBIES-EGS-55604,RUBIES-EGS-55604,6.986,True,0.0,0.057190958417936644,1.0,100.0,0.7452331008368733,-2.546603542467915,-2.7106609976865546,-2.6464224921785284,-2.547334926520758,-2.449576377190734,-2.3843782530103717
HZA-RUBIES-EGS-55604,RUBIES-EGS-55604,6.986,True,0.0,0.057190958417936644,1.0,106.15144125568361,0.7466544208753371,-2.5692166392078573,-2.7332740944264966,-2.6690355889184705,-2.5699480232607,-2.4721894739306762,-2.4069913497503137
HZA-RUBIES-EGS-55604,RUBIES-EGS-55604,6.986,True,0.0,0.057190958417936644,1.0,120.69439945900218,0.7493142130183394,-2.611533735576142,-2.7755911907947812,-2.711352685286755,-2.6122651196289848,-2.514506570298961,-2.4493084461185983
HZA-RUBIES-EGS-55604,RUBIES-EGS-55604,6.986,True,0.0,0.057190958417936644,1.0,137.22977180952068,0.7515090427064038,-2.64645331365902,-2.810510768877659,-2.746272263369633,-2.6471846977118627,-2.549426148381839,-2.4842280242014763
HZA-RUBIES-EGS-55604,RUBIES-EGS-55604,6.986,True,0.0,0.057190958417936644,1.0,156.03052300111096,0.7533190934708731,-2.6752510875125335,-2.839308542731173,-2.7750700372231467,-2.6759824715653764,-2.5782239222353525,-2.51302579805499
HZA-RUBIES-EGS-55604,RUBIES-EGS-55604,6.986,True,0.0,0.057190958417936644,1.0,177.40701443264487,0.7548109190099327,-2.6989859215547884,-2.863043376773428,-2.7988048712654017,-2.6997173056076313,-2.6019587562776074,-2.536760632097245
HZA-RUBIES-EGS-55604,RUBIES-EGS-55604,6.986,True,0.0,0.057190958417936644,1.0,201.71212763082622,0.7560397142685972,-2.718535963280644,-2.882593418499283,-2.818354912991257,-2.7192673473334867,-2.621508798003463,-2.5563106738231003
HZA-RUBIES-EGS-55604,RUBIES-EGS-55604,6.986,True,0.0,0.057190958417936644,1.0,229.34708959212247,0.7570512202525798,-2.7346289487095614,-2.8986864039282008,-2.8344478984201746,-2.7353603327624043,-2.6376017834323804,-2.572403659252018
HZA-RUBIES-EGS-55604,RUBIES-EGS-55604,6.986,True,0.0,0.057190958417936644,1.0,260.76809620810604,0.7578833182892271,-2.747867566959224,-2.911925022177863,-2.847686516669837,-2.7485989510120667,-2.650840401682043,-2.5856422775016803
HZA-RUBIES-EGS-55604,RUBIES-EGS-55604,6.986,True,0.0,0.057190958417936644,1.0,296.49384311321825,0.7585673619225308,-2.7587506505967134,-2.9228081058153528,-2.8585696003073267,-2.7594820346495563,-2.6617234853195324,-2.59652536113917
HZA-RUBIES-EGS-55604,RUBIES-EGS-55604,6.986,True,0.0,0.057190958417936644,1.0,300.0,0.7586235369833848,-2.759644391662121,-2.9237018468807605,-2.8594633413727344,-2.760375775714964,-2.66261722638494,-2.5974191022045776
HZA-RUBIES-EGS-55604,RUBIES-EGS-55604,6.986,True,0.0,0.057190958417936644,1.0,337.1140882736292,0.7591292878388041,-2.767690850383879,-2.931748305602518,-2.867509800094492,-2.7684222344367218,-2.670663685106698,-2.6054655609263353
HZA-RUBIES-EGS-55604,RUBIES-EGS-55604,6.986,True,0.0,0.057190958417936644,1.0,383.2993876677698,0.7595905411852867,-2.775029357027961,-2.9390868122466003,-2.874848306738574,-2.775760741080804,-2.67800219175078,-2.6128040675704174
HZA-RUBIES-EGS-55604,RUBIES-EGS-55604,6.986,True,0.0,0.057190958417936644,1.0,435.8121647744256,0.7599688453453249,-2.781048148247786,-2.945105603466425,-2.880867097958399,-2.7817795323006287,-2.6840209829706048,-2.6188228587902422
HZA-RUBIES-EGS-55604,RUBIES-EGS-55604,6.986,True,0.0,0.057190958417936644,1.0,495.51929660267956,0.7602788416257311,-2.7859801661523687,-2.950037621371008,-2.885799115862982,-2.7867115502052116,-2.6889530008751876,-2.623754876694825
HZA-RUBIES-EGS-55604,RUBIES-EGS-55604,6.986,True,0.0,0.057190958417936644,1.0,563.4064240329424,0.7605326203358741,-2.790017766669985,-2.9540752218886244,-2.8898367163805982,-2.790749150722828,-2.692990601392804,-2.6277924772124415
HZA-RUBIES-EGS-55604,RUBIES-EGS-55604,6.986,True,0.0,0.057190958417936644,1.0,640.5942227031146,0.7607401613295813,-2.793319728537263,-2.957377183755902,-2.893138678247876,-2.7940511125901057,-2.696292563260082,-2.6310944390797193
HZA-RUBIES-EGS-55604,RUBIES-EGS-55604,6.986,True,0.0,0.057190958417936644,1.0,728.3569030384599,0.7609096991748655,-2.7960170631225374,-2.9600745183411767,-2.8958360128331506,-2.7967484471753803,-2.6989898978453564,-2.633791773664994
HZA-RUBIES-EGS-55604,RUBIES-EGS-55604,6.986,True,0.0,0.057190958417936644,1.0,828.1432448223001,0.7610480256501169,-2.7982178271179112,-2.9622752823365506,-2.8980367768285245,-2.798949211170754,-2.70119066184073,-2.6359925376603677
HZA-RUBIES-EGS-55604,RUBIES-EGS-55604,6.986,True,0.0,0.057190958417936644,1.0,941.6005135446557,0.7611607401802893,-2.8000111069604596,-2.964068562179099,-2.899830056671073,-2.8007424910133025,-2.7029839416832786,-2.637785817502916
HZA-RUBIES-EGS-55604,RUBIES-EGS-55604,6.986,True,0.0,0.057190958417936644,1.0,1070.6016533381312,0.7612524570696187,-2.8014703158894587,-2.965527771108098,-2.901289265600072,-2.8022016999423016,-2.7044431506122777,-2.639245026431915
HZA-RUBIES-EGS-55604,RUBIES-EGS-55604,6.986,True,0.0,0.057190958417936644,1.0,1100.0,0.7612694966608091,-2.801741414525635,-2.9657988697442743,-2.901560364236248,-2.802472798578478,-2.704714249248454,-2.6395161250680914
HZA-RUBIES-EGS-55604,RUBIES-EGS-55604,6.986,True,0.0,0.057190958417936644,1.0,1217.2762054000095,0.7613269769110167,-2.8026559210571715,-2.966713376275811,-2.9024748707677848,-2.8033873051100144,-2.7056287557799905,-2.640430631599628
HZA-RUBIES-EGS-55604,RUBIES-EGS-55604,6.986,True,0.0,0.057190958417936644,1.0,1384.0454622995594,0.7613874283145767,-2.8036176984189023,-2.9676751536375416,-2.9034366481295155,-2.804349082471745,-2.7065905331417213,-2.6413924089613587
HZA-RUBIES-EGS-55604,RUBIES-EGS-55604,6.986,True,0.0,0.057190958417936644,1.0,1573.662438495233,0.761436385062015,-2.804396596651486,-2.9684540518701255,-2.9042155463620993,-2.805127980704329,-2.707369431374305,-2.6421713071939426
HZA-RUBIES-EGS-55604,RUBIES-EGS-55604,6.986,True,0.0,0.057190958417936644,1.0,1789.257316892076,0.7614759629286946,-2.8050262775845383,-2.9690837328031776,-2.9048452272951515,-2.805757661637381,-2.7079991123073572,-2.6428009881269947
HZA-RUBIES-EGS-55604,RUBIES-EGS-55604,6.986,True,0.0,0.057190958417936644,1.0,2034.389121667738,0.7615078996929805,-2.805534389143382,-2.9695918443620215,-2.9053533388539954,-2.806265773196225,-2.708507223866201,-2.6433090996858386
HZA-RUBIES-EGS-55604,RUBIES-EGS-55604,6.986,True,0.0,0.057190958417936644,1.0,2313.104470378237,0.7615336212508653,-2.805943617227845,-2.9700010724464843,-2.905762566938458,-2.806675001280688,-2.708916451950664,-2.6437183277703014
HZA-RUBIES-EGS-55604,RUBIES-EGS-55604,6.986,True,0.0,0.057190958417936644,1.0,2630.004375218852,0.7615542962524747,-2.8062725549750382,-2.9703300101936776,-2.9060915046856515,-2.807003939027881,-2.709245389697857,-2.6440472655174947
HZA-RUBIES-EGS-55604,RUBIES-EGS-55604,6.986,True,0.0,0.057190958417936644,1.0,2990.320196190382,0.7615708812596954,-2.8065364212138615,-2.970593876432501,-2.9063553709244747,-2.8072678052667044,-2.7095092559366805,-2.644311131756318
HZA-RUBIES-EGS-55604,RUBIES-EGS-55604,6.986,True,0.0,0.057190958417936644,1.0,3400.0,0.7615841580769533,-2.806747654394936,-2.9708051096135755,-2.9065666041055493,-2.807479038447779,-2.709720489117755,-2.6445223649373926
HZA-RUBIES-EGS-55604,RUBIES-EGS-55604,6.986,True,0.0,0.057190958417936644,2.0,20.0,0.5838054064647593,-9.266601717311955,-9.430659172530595,-9.366420667022568,-9.267333101364798,-9.169574552034774,-9.104376427854412
HZA-RUBIES-EGS-55604,RUBIES-EGS-55604,6.986,True,0.0,0.057190958417936644,2.0,22.74003970766435,0.6138374908842408,-10.2222182032567,-10.38627565847534,-10.322037152967313,-10.222949587309543,-10.12519103797952,-10.059992913799157
HZA-RUBIES-EGS-55604,RUBIES-EGS-55604,6.986,True,0.0,0.057190958417936644,2.0,25.0,0.6327908152643511,-10.82531018275789,-10.98936763797653,-10.925129132468504,-10.826041566810733,-10.72828301748071,-10.663084893300347
HZA-RUBIES-EGS-55604,RUBIES-EGS-55604,6.986,True,0.0,0.057190958417936644,2.0,25.85547029530757,0.6389367982844217,-11.02087445376487,-11.18493190898351,-11.120693403475483,-11.021605837817713,-10.92384728848769,-10.858649164307327
HZA-RUBIES-EGS-55604,RUBIES-EGS-55604,6.986,True,0.0,0.057190958417936644,2.0,29.39772105878151,0.6598791657964858,-11.68725749164218,-11.85131494686082,-11.787076441352793,-11.687988875695023,-11.590230326364999,-11.525032202184637
HZA-RUBIES-EGS-55604,RUBIES-EGS-55604,6.986,True,0.0,0.057190958417936644,2.0,30.0,0.66285194004208,-11.781850728608413,-11.945908183827052,-11.881669678319026,-11.782582112661256,-11.684823563331232,-11.61962543915087
HZA-RUBIES-EGS-55604,RUBIES-EGS-55604,6.986,True,0.0,0.057190958417936644,2.0,33.425267209576596,0.6773274162151465,-12.242458240217209,-12.406515695435848,-12.342277189927822,-12.243189624270052,-12.145431074940028,-12.080232950759665
HZA-RUBIES-EGS-55604,RUBIES-EGS-55604,6.986,True,0.0,0.057190958417936644,2.0,38.004595179253144,0.6918453761238563,-12.704417578012903,-12.868475033231542,-12.804236527723516,-12.705148962065746,-12.607390412735722,-12.54219228855536
HZA-RUBIES-EGS-55604,RUBIES-EGS-55604,6.986,True,0.0,0.057190958417936644,2.0,43.21130017249628,0.7039108505267957,-13.088339189618184,-13.252396644836823,-13.188158139328797,-13.089070573671027,-12.991312024341003,-12.92611390016064
HZA-RUBIES-EGS-55604,RUBIES-EGS-55604,6.986,True,0.0,0.057190958417936644,2.0,49.13133408711842,0.7139274076416888,-13.40706455605295,-13.571122011271589,-13.506883505763563,-13.407795940105792,-13.310037390775769,-13.244839266595406
HZA-RUBIES-EGS-55604,RUBIES-EGS-55604,6.986,True,0.0,0.057190958417936644,2.0,55.862424401579815,0.7222349242709262,-13.671408506918029,-13.835465962136668,-13.771227456628642,-13.672139890970872,-13.574381341640848,-13.509183217460485
HZA-RUBIES-EGS-55604,RUBIES-EGS-55604,6.986,True,0.0,0.057190958417936644,2.0,60.0,0.7262252731720132,-13.798380818972289,-13.962438274190928,-13.898199768682902,-13.799112203025132,-13.701353653695108,-13.636155529514745
HZA-RUBIES-EGS-55604,RUBIES-EGS-55604,6.986,True,0.0,0.057190958417936644,2.0,63.51568745291611,0.7291189086199451,-13.890455871097677,-14.054513326316316,-13.99027482080829,-13.89118725515052,-13.793428705820496,-13.728230581640133
HZA-RUBIES-EGS-55604,RUBIES-EGS-55604,6.986,True,0.0,0.057190958417936644,2.0,72.21746273694556,0.7348186606353845,-14.071821137513131,-14.23587859273177,-14.171640087223745,-14.072552521565974,-13.97479397223595,-13.909595848055588
HZA-RUBIES-EGS-55604,RUBIES-EGS-55604,6.986,True,0.0,0.057190958417936644,2.0,82.1113985112456,0.7395343558046013,-14.221873860575878,-14.385931315794517,-14.32169281028649,-14.22260524462872,-14.124846695298697,-14.059648571118334
HZA-RUBIES-EGS-55604,RUBIES-EGS-55604,6.986,True,0.0,0.057190958417936644,2.0,93.36082312987881,0.7434331516752034,-14.345932968736344,-14.509990423954983,-14.445751918446957,-14.346664352789187,-14.248905803459163,-14.1837076792788
HZA-RUBIES-EGS-55604,RUBIES-EGS-55604,6.986,True,0.0,0.057190958417936644,2.0,100.0,0.7452331008368733,-14.403207084935831,-14.56726454015447,-14.503026034646444,-14.403938468988674,-14.30617991965865,-14.240981795478287
HZA-RUBIES-EGS-55604,RUBIES-EGS-55604,6.986,True,0.0,0.057190958417936644,2.0,106.15144125568361,0.7466544208753371,-14.448433278415715,-14.612490733634354,-14.548252228126328,-14.449164662468558,-14.351406113138534,-14.286207988958171
HZA-RUBIES-EGS-55604,RUBIES-EGS-55604,6.986,True,0.0,0.057190958417936644,2.0,120.69439945900218,0.7493142130183394,-14.533067471152284,-14.697124926370924,-14.632886420862897,-14.533798855205127,-14.436040305875103,-14.37084218169474
HZA-RUBIES-EGS-55604,RUBIES-EGS-55604,6.986,True,0.0,0.057190958417936644,2.0,137.22977180952068,0.7515090427064038,-14.60290662731804,-14.76696408253668,-14.702725577028653,-14.603638011370883,-14.505879462040859,-14.440681337860497
HZA-RUBIES-EGS-55604,RUBIES-EGS-55604,6.986,True,0.0,0.057190958417936644,2.0,156.03052300111096,0.7533190934708731,-14.660502175025067,-14.824559630243707,-14.76032112473568,-14.66123355907791,-14.563475009747886,-14.498276885567524
HZA-RUBIES-EGS-55604,RUBIES-EGS-55604,6.986,True,0.0,0.057190958417936644,2.0,177.40701443264487,0.7548109190099327,-14.707971843109577,-14.872029298328217,-14.80779079282019,-14.70870322716242,-14.610944677832396,-14.545746553652034
HZA-RUBIES-EGS-55604,RUBIES-EGS-55604,6.986,True,0.0,0.057190958417936644,2.0,201.71212763082622,0.7560397142685972,-14.747071926561288,-14.911129381779928,-14.846890876271901,-14.747803310614131,-14.650044761284107,-14.584846637103745
HZA-RUBIES-EGS-55604,RUBIES-EGS-55604,6.986,True,0.0,0.057190958417936644,2.0,229.34708959212247,0.7570512202525798,-14.779257897419123,-14.943315352637763,-14.879076847129737,-14.779989281471966,-14.682230732141942,-14.61703260796158
HZA-RUBIES-EGS-55604,RUBIES-EGS-55604,6.986,True,0.0,0.057190958417936644,2.0,260.76809620810604,0.7578833182892271,-14.805735133918448,-14.969792589137088,-14.905554083629061,-14.806466517971291,-14.708707968641267,-14.643509844460905
HZA-RUBIES-EGS-55604,RUBIES-EGS-55604,6.986,True,0.0,0.057190958417936644,2.0,296.49384311321825,0.7585673619225308,-14.827501301193427,-14.991558756412067,-14.92732025090404,-14.82823268524627,-14.730474135916246,-14.665276011735884
HZA-RUBIES-EGS-55604,RUBIES-EGS-55604,6.986,True,0.0,0.057190958417936644,2.0,300.0,0.7586235369833848,-14.829288783324243,-14.993346238542882,-14.929107733034856,-14.830020167377086,-14.732261618047062,-14.6670634938667
HZA-RUBIES-EGS-55604,RUBIES-EGS-55604,6.986,True,0.0,0.057190958417936644,2.0,337.1140882736292,0.7591292878388041,-14.845381700767758,-15.009439155986398,-14.945200650478371,-14.846113084820601,-14.748354535490577,-14.683156411310215
HZA-RUBIES-EGS-55604,RUBIES-EGS-55604,6.986,True,0.0,0.057190958417936644,2.0,383.2993876677698,0.7595905411852867,-14.860058714055922,-15.024116169274562,-14.959877663766536,-14.860790098108765,-14.763031548778741,-14.697833424598379
HZA-RUBIES-EGS-55604,RUBIES-EGS-55604,6.986,True,0.0,0.057190958417936644,2.0,435.8121647744256,0.7599688453453249,-14.872096296495572,-15.036153751714211,-14.971915246206185,-14.872827680548415,-14.775069131218391,-14.709871007038029
HZA-RUBIES-EGS-55604,RUBIES-EGS-55604,6.986,True,0.0,0.057190958417936644,2.0,495.51929660267956,0.7602788416257311,-14.881960332304738,-15.046017787523377,-14.981779282015351,-14.88269171635758,-14.784933167027557,-14.719735042847194
HZA-RUBIES-EGS-55604,RUBIES-EGS-55604,6.986,True,0.0,0.057190958417936644,2.0,563.4064240329424,0.7605326203358741,-14.89003553333997,-15.05409298855861,-14.989854483050584,-14.890766917392813,-14.79300836806279,-14.727810243882427
HZA-RUBIES-EGS-55604,RUBIES-EGS-55604,6.986,True,0.0,0.057190958417936644,2.0,640.5942227031146,0.7607401613295813,-14.896639457074526,-15.060696912293166,-14.99645840678514,-14.897370841127369,-14.799612291797345,-14.734414167616983
HZA-RUBIES-EGS-55604,RUBIES-EGS-55604,6.986,True,0.0,0.057190958417936644,2.0,728.3569030384599,0.7609096991748655,-14.902034126245075,-15.066091581463715,-15.001853075955689,-14.902765510297918,-14.805006960967894,-14.739808836787532
HZA-RUBIES-EGS-55604,RUBIES-EGS-55604,6.986,True,0.0,0.057190958417936644,2.0,828.1432448223001,0.7610480256501169,-14.906435654235823,-15.070493109454462,-15.006254603946436,-14.907167038288666,-14.809408488958642,-14.74421036477828
HZA-RUBIES-EGS-55604,RUBIES-EGS-55604,6.986,True,0.0,0.057190958417936644,2.0,941.6005135446557,0.7611607401802893,-14.91002221392092,-15.074079669139559,-15.009841163631533,-14.910753597973763,-14.812995048643739,-14.747796924463376
HZA-RUBIES-EGS-55604,RUBIES-EGS-55604,6.986,True,0.0,0.057190958417936644,2.0,1070.6016533381312,0.7612524570696187,-14.912940631778918,-15.076998086997557,-15.012759581489531,-14.91367201583176,-14.815913466501737,-14.750715342321374
HZA-RUBIES-EGS-55604,RUBIES-EGS-55604,6.986,True,0.0,0.057190958417936644,2.0,1100.0,0.7612694966608091,-14.91348282905127,-15.07754028426991,-15.013301778761884,-14.914214213104113,-14.81645566377409,-14.751257539593727
HZA-RUBIES-EGS-55604,RUBIES-EGS-55604,6.986,True,0.0,0.057190958417936644,2.0,1217.2762054000095,0.7613269769110167,-14.915311842114344,-15.079369297332983,-15.015130791824957,-14.916043226167186,-14.818284676837163,-14.7530865526568
HZA-RUBIES-EGS-55604,RUBIES-EGS-55604,6.986,True,0.0,0.057190958417936644,2.0,1384.0454622995594,0.7613874283145767,-14.917235396837805,-15.081292852056444,-15.017054346548418,-14.917966780890648,-14.820208231560624,-14.755010107380262
HZA-RUBIES-EGS-55604,RUBIES-EGS-55604,6.986,True,0.0,0.057190958417936644,2.0,1573.662438495233,0.761436385062015,-14.918793193302973,-15.082850648521612,-15.018612143013586,-14.919524577355816,-14.821766028025792,-14.75656790384543
HZA-RUBIES-EGS-55604,RUBIES-EGS-55604,6.986,True,0.0,0.057190958417936644,2.0,1789.257316892076,0.7614759629286946,-14.920052555169077,-15.084110010387716,-15.01987150487969,-14.92078393922192,-14.823025389891896,-14.757827265711533
HZA-RUBIES-EGS-55604,RUBIES-EGS-55604,6.986,True,0.0,0.057190958417936644,2.0,2034.389121667738,0.7615078996929805,-14.921068778286765,-15.085126233505404,-15.020887727997378,-14.921800162339608,-14.824041613009584,-14.758843488829221
HZA-RUBIES-EGS-55604,RUBIES-EGS-55604,6.986,True,0.0,0.057190958417936644,2.0,2313.104470378237,0.7615336212508653,-14.92188723445569,-15.08594468967433,-15.021706184166304,-14.922618618508533,-14.82486006917851,-14.759661944998147
HZA-RUBIES-EGS-55604,RUBIES-EGS-55604,6.986,True,0.0,0.057190958417936644,2.0,2630.004375218852,0.7615542962524747,-14.922545109950077,-15.086602565168716,-15.02236405966069,-14.92327649400292,-14.825517944672896,-14.760319820492533
HZA-RUBIES-EGS-55604,RUBIES-EGS-55604,6.986,True,0.0,0.057190958417936644,2.0,2990.320196190382,0.7615708812596954,-14.923072842427723,-15.087130297646363,-15.022891792138337,-14.923804226480566,-14.826045677150542,-14.76084755297018
HZA-RUBIES-EGS-55604,RUBIES-EGS-55604,6.986,True,0.0,0.057190958417936644,2.0,3400.0,0.7615841580769533,-14.923495308789873,-15.087552764008512,-15.023314258500486,-14.924226692842716,-14.826468143512692,-14.76127001933233
HZA-RUBIES-EGS-55604,RUBIES-EGS-55604,6.986,True,-0.5,0.1,0.3,20.0,0.5838054064647593,7.2887392008024205,7.124681745583781,7.188920251091807,7.288007816749578,7.385766366079602,7.450964490259964
HZA-RUBIES-EGS-55604,RUBIES-EGS-55604,6.986,True,-0.5,0.1,0.3,22.74003970766435,0.6138374908842408,7.2104825895418205,7.046425134323181,7.110663639831207,7.209751205488978,7.307509754819002,7.372707878999364
HZA-RUBIES-EGS-55604,RUBIES-EGS-55604,6.986,True,-0.5,0.1,0.3,25.0,0.6327908152643511,7.161094644389795,6.997037189171156,7.061275694679182,7.160363260336952,7.258121809666976,7.323319933847339
HZA-RUBIES-EGS-55604,RUBIES-EGS-55604,6.986,True,-0.5,0.1,0.3,25.85547029530757,0.6389367982844217,7.145079645320868,6.9810221901022285,7.045260695610255,7.144348261268025,7.242106810598049,7.307304934778411
HZA-RUBIES-EGS-55604,RUBIES-EGS-55604,6.986,True,-0.5,0.1,0.3,29.39772105878151,0.6598791657964858,7.090508717429993,6.926451262211353,6.990689767719379,7.08977733337715,7.187535882707174,7.252734006887536
HZA-RUBIES-EGS-55604,RUBIES-EGS-55604,6.986,True,-0.5,0.1,0.3,30.0,0.66285194004208,7.082762360725158,6.918704905506519,6.982943411014545,7.082030976672315,7.179789526002339,7.2449876501827015
HZA-RUBIES-EGS-55604,RUBIES-EGS-55604,6.986,True,-0.5,0.1,0.3,33.425267209576596,0.6773274162151465,7.045042644175849,6.88098518895721,6.945223694465236,7.044311260123006,7.14206980945303,7.207267933633393
HZA-RUBIES-EGS-55604,RUBIES-EGS-55604,6.986,True,-0.5,0.1,0.3,38.004595179253144,0.6918453761238563,7.0072122249147775,6.843154769696138,6.907393275204164,7.006480840861935,7.1042393901919585,7.169437514372321
HZA-RUBIES-EGS-55604,RUBIES-EGS-55604,6.986,True,-0.5,0.1,0.3,43.21130017249628,0.7039108505267957,6.975772411186329,6.811714955967689,6.875953461475715,6.975041027133486,7.07279957646351,7.137997700643872
HZA-RUBIES-EGS-55604,RUBIES-EGS-55604,6.986,True,-0.5,0.1,0.3,49.13133408711842,0.7139274076416888,6.949671598290327,6.785614143071688,6.849852648579714,6.948940214237484,7.046698763567508,7.1118968877478705
HZA-RUBIES-EGS-55604,RUBIES-EGS-55604,6.986,True,-0.5,0.1,0.3,55.862424401579815,0.7222349242709262,6.928024146507943,6.763966691289304,6.82820519679733,6.9272927624551,7.025051311785124,7.090249435965487
HZA-RUBIES-EGS-55604,RUBIES-EGS-55604,6.986,True,-0.5,0.1,0.3,60.0,0.7262252731720132,6.917626227456279,6.75356877223764,6.817807277745666,6.916894843403436,7.01465339273346,7.0798515169138225
HZA-RUBIES-EGS-55604,RUBIES-EGS-55604,6.986,True,-0.5,0.1,0.3,63.51568745291611,0.7291189086199451,6.91008608801022,6.746028632791581,6.810267138299607,6.909354703957377,7.007113253287401,7.072311377467764
HZA-RUBIES-EGS-55604,RUBIES-EGS-55604,6.986,True,-0.5,0.1,0.3,72.21746273694556,0.7348186606353845,6.895233862919087,6.731176407700447,6.795414913208473,6.894502478866244,6.992261028196268,7.05745915237663
HZA-RUBIES-EGS-55604,RUBIES-EGS-55604,6.986,True,-0.5,0.1,0.3,82.1113985112456,0.7395343558046013,6.882945860577115,6.718888405358475,6.7831269108665015,6.882214476524272,6.979973025854296,7.045171150034658
HZA-RUBIES-EGS-55604,RUBIES-EGS-55604,6.986,True,-0.5,0.1,0.3,93.36082312987881,0.7434331516752034,6.872786507381096,6.7087290521624565,6.772967557670483,6.872055123328253,6.969813672658277,7.035011796838639
HZA-RUBIES-EGS-55604,RUBIES-EGS-55604,6.986,True,-0.5,0.1,0.3,100.0,0.7452331008368733,6.868096259449379,6.7040388042307395,6.768277309738766,6.867364875396536,6.96512342472656,7.030321548906922
HZA-RUBIES-EGS-55604,RUBIES-EGS-55604,6.986,True,-0.5,0.1,0.3,106.15144125568361,0.7466544208753371,6.864392630751039,6.700335175532399,6.764573681040425,6.863661246698196,6.96141979602822,7.026617920208582
HZA-RUBIES-EGS-55604,RUBIES-EGS-55604,6.986,True,-0.5,0.1,0.3,120.69439945900218,0.7493142130183394,6.857461832446745,6.693404377228106,6.757642882736132,6.856730448393902,6.954488997723926,7.019687121904289
HZA-RUBIES-EGS-55604,RUBIES-EGS-55604,6.986,True,-0.5,0.1,0.3,137.22977180952068,0.7515090427064038,6.851742617913283,6.687685162694644,6.75192366820267,6.85101123386044,6.948769783190464,7.0139679073708265
HZA-RUBIES-EGS-55604,RUBIES-EGS-55604,6.986,True,-0.5,0.1,0.3,156.03052300111096,0.7533190934708731,6.8470260475594396,6.6829685923408,6.747207097848826,6.846294663506597,6.944053212836621,7.009251337016983
HZA-RUBIES-EGS-55604,RUBIES-EGS-55604,6.986,True,-0.5,0.1,0.3,177.40701443264487,0.7548109190099327,6.843138697961985,6.6790812427433455,6.743319748251372,6.842407313909142,6.940165863239166,7.005363987419528
HZA-RUBIES-EGS-55604,RUBIES-EGS-55604,6.986,True,-0.5,0.1,0.3,201.71212763082622,0.7560397142685972,6.839936743960623,6.675879288741983,6.7401177942500095,6.83920535990778,6.936963909237804,7.002162033418166
HZA-RUBIES-EGS-55604,RUBIES-EGS-55604,6.986,True,-0.5,0.1,0.3,229.34708959212247,0.7570512202525798,6.837300995157088,6.673243539938449,6.737482045446475,6.836569611104245,6.934328160434269,6.999526284614632
HZA-RUBIES-EGS-55604,RUBIES-EGS-55604,6.986,True,-0.5,0.1,0.3,260.76809620810604,0.7578833182892271,6.835132741642778,6.671075286424139,6.735313791932165,6.834401357589935,6.932159906919959,6.997358031100322
HZA-RUBIES-EGS-55604,RUBIES-EGS-55604,6.986,True,-0.5,0.1,0.3,296.49384311321825,0.7585673619225308,6.833350283390828,6.669292828172189,6.733531333680215,6.8326188993379855,6.930377448668009,6.995575572848372
HZA-RUBIES-EGS-55604,RUBIES-EGS-55604,6.986,True,-0.5,0.1,0.3,300.0,0.7586235369833848,6.8332039042771315,6.669146449058492,6.733384954566518,6.832472520224289,6.930231069554313,6.995429193734675
HZA-RUBIES-EGS-55604,RUBIES-EGS-55604,6.986,True,-0.5,0.1,0.3,337.1140882736292,0.7591292878388041,6.831886035442773,6.667828580224134,6.73206708573216,6.83115465138993,6.928913200719954,6.994111324900317
HZA-RUBIES-EGS-55604,RUBIES-EGS-55604,6.986,True,-0.5,0.1,0.3,383.2993876677698,0.7595905411852867,6.830684116743953,6.666626661525314,6.73086516703334,6.82995273269111,6.927711282021134,6.9929094062014965
HZA-RUBIES-EGS-55604,RUBIES-EGS-55604,6.986,True,-0.5,0.1,0.3,435.8121647744256,0.7599688453453249,6.829698344288838,6.665640889070199,6.729879394578225,6.828966960235995,6.926725509566019,6.9919236337463815
HZA-RUBIES-EGS-55604,RUBIES-EGS-55604,6.986,True,-0.5,0.1,0.3,495.51929660267956,0.7602788416257311,6.828890566244893,6.664833111026254,6.72907161653428,6.82815918219205,6.925917731522074,6.991115855702437
HZA-RUBIES-EGS-55604,RUBIES-EGS-55604,6.986,True,-0.5,0.1,0.3,563.4064240329424,0.7605326203358741,6.8282292780842555,6.664171822865616,6.728410328373642,6.827497894031413,6.9252564433614365,6.990454567541799
HZA-RUBIES-EGS-55604,RUBIES-EGS-55604,6.986,True,-0.5,0.1,0.3,640.5942227031146,0.7607401613295813,6.827688474634241,6.663631019415601,6.727869524923627,6.826957090581398,6.924715639911422,6.989913764091784
HZA-RUBIES-EGS-55604,RUBIES-EGS-55604,6.986,True,-0.5,0.1,0.3,728.3569030384599,0.7609096991748655,6.827246698530157,6.663189243311518,6.727427748819544,6.826515314477314,6.924273863807338,6.9894719879877005
HZA-RUBIES-EGS-55604,RUBIES-EGS-55604,6.986,True,-0.5,0.1,0.3,828.1432448223001,0.7610480256501169,6.82688625198074,6.662828796762101,6.727067302270127,6.826154867927897,6.923913417257921,6.989111541438284
HZA-RUBIES-EGS-55604,RUBIES-EGS-55604,6.986,True,-0.5,0.1,0.3,941.6005135446557,0.7611607401802893,6.826592544189834,6.662535088971195,6.726773594479221,6.825861160136991,6.923619709467015,6.988817833647378
HZA-RUBIES-EGS-55604,RUBIES-EGS-55604,6.986,True,-0.5,0.1,0.3,1070.6016533381312,0.7612524570696187,6.8263535513562354,6.662296096137596,6.726534601645622,6.8256221673033926,6.9233807166334165,6.988578840813779
HZA-RUBIES-EGS-55604,RUBIES-EGS-55604,6.986,True,-0.5,0.1,0.3,1100.0,0.7612694966608091,6.826309150153668,6.662251694935029,6.726490200443055,6.8255777661008254,6.923336315430849,6.988534439611212
HZA-RUBIES-EGS-55604,RUBIES-EGS-55604,6.986,True,-0.5,0.1,0.3,1217.2762054000095,0.7613269769110167,6.826159370020767,6.662101914802127,6.726340420310153,6.825427985967924,6.923186535297948,6.98838465947831
HZA-RUBIES-EGS-55604,RUBIES-EGS-55604,6.986,True,-0.5,0.1,0.3,1384.0454622995594,0.7613874283145767,6.8260018477548305,6.661944392536191,6.726182898044217,6.825270463701988,6.923029013032012,6.988227137212374
HZA-RUBIES-EGS-55604,RUBIES-EGS-55604,6.986,True,-0.5,0.1,0.3,1573.662438495233,0.761436385062015,6.825874277883244,6.661816822664605,6.726055328172631,6.825142893830401,6.922901443160425,6.988099567340788
HZA-RUBIES-EGS-55604,RUBIES-EGS-55604,6.986,True,-0.5,0.1,0.3,1789.257316892076,0.7614759629286946,6.825771147188618,6.661713691969979,6.725952197478005,6.825039763135775,6.922798312465799,6.987996436646162
HZA-RUBIES-EGS-55604,RUBIES-EGS-55604,6.986,True,-0.5,0.1,0.3,2034.389121667738,0.7615078996929805,6.825687927425623,6.6616304722069835,6.72586897771501,6.82495654337278,6.922715092702804,6.987913216883166
HZA-RUBIES-EGS-55604,RUBIES-EGS-55604,6.986,True,-0.5,0.1,0.3,2313.104470378237,0.7615336212508653,6.82562090304169,6.661563447823051,6.725801953331077,6.824889518988847,6.922648068318871,6.987846192499234
HZA-RUBIES-EGS-55604,RUBIES-EGS-55604,6.986,True,-0.5,0.1,0.3,2630.004375218852,0.7615542962524747,6.825567028807017,6.661509573588377,6.7257480790964035,6.824835644754174,6.922594194084198,6.98779231826456
HZA-RUBIES-EGS-55604,RUBIES-EGS-55604,6.986,True,-0.5,0.1,0.3,2990.320196190382,0.7615708812596954,6.825523812144307,6.661466356925668,6.725704862433694,6.824792428091464,6.922550977421488,6.9877491016018505
HZA-RUBIES-EGS-55604,RUBIES-EGS-55604,6.986,True,-0.5,0.1,0.3,3400.0,0.7615841580769533,6.825489215853473,6.661431760634834,6.72567026614286,6.82475783180063,6.922516381130654,6.987714505311017
HZA-RUBIES-EGS-55604,RUBIES-EGS-55604,6.986,True,-0.5,0.1,1.0,20.0,0.5838054064647593,3.7391306693414004,3.575073214122761,3.639311719630787,3.7383992852885575,3.8361578346185814,3.901355958798944
HZA-RUBIES-EGS-55604,RUBIES-EGS-55604,6.986,True,-0.5,0.1,1.0,22.74003970766435,0.6138374908842408,3.4782752984727328,3.3142178432540934,3.3784563487621195,3.47754391441989,3.575302463749914,3.6405005879302763
HZA-RUBIES-EGS-55604,RUBIES-EGS-55604,6.986,True,-0.5,0.1,1.0,25.0,0.6327908152643511,3.3136488146326473,3.149591359414008,3.213829864922034,3.3129174305798044,3.4106759799098283,3.475874104090191
HZA-RUBIES-EGS-55604,RUBIES-EGS-55604,6.986,True,-0.5,0.1,1.0,25.85547029530757,0.6389367982844217,3.2602654844028924,3.096208029184253,3.160446534692279,3.2595341003500495,3.3572926496800735,3.422490773860436
HZA-RUBIES-EGS-55604,RUBIES-EGS-55604,6.986,True,-0.5,0.1,1.0,29.39772105878151,0.6598791657964858,3.0783623914333056,2.9143049362146662,2.9785434417226924,3.0776310073804627,3.1753895567104866,3.240587680890849
HZA-RUBIES-EGS-55604,RUBIES-EGS-55604,6.986,True,-0.5,0.1,1.0,30.0,0.66285194004208,3.052541202417191,2.888483747198552,2.952722252706578,3.0518098183643483,3.149568367694372,3.2147664918747347
HZA-RUBIES-EGS-55604,RUBIES-EGS-55604,6.986,True,-0.5,0.1,1.0,33.425267209576596,0.6773274162151465,2.9268088139194965,2.762751358700857,2.8269898642088833,2.9260774298666536,3.0238359791966776,3.08903410337704
HZA-RUBIES-EGS-55604,RUBIES-EGS-55604,6.986,True,-0.5,0.1,1.0,38.004595179253144,0.6918453761238563,2.80070741638259,2.6366499611639505,2.7008884666719766,2.799976032329747,2.897734581659771,2.9629327058401334
HZA-RUBIES-EGS-55604,RUBIES-EGS-55604,6.986,True,-0.5,0.1,1.0,43.21130017249628,0.7039108505267957,2.6959080372877606,2.5318505820691213,2.5960890875771474,2.6951766532349177,2.7929352025649417,2.858133326745304
HZA-RUBIES-EGS-55604,RUBIES-EGS-55604,6.986,True,-0.5,0.1,1.0,49.13133408711842,0.7139274076416888,2.6089053276344227,2.4448478724157834,2.5090863779238095,2.60817394358158,2.7059324929116038,2.7711306170919663
HZA-RUBIES-EGS-55604,RUBIES-EGS-55604,6.986,True,-0.5,0.1,1.0,55.862424401579815,0.7222349242709262,2.536747155026477,2.3726896998078377,2.436928205315864,2.536015770973634,2.633774320303658,2.6989724444840206
HZA-RUBIES-EGS-55604,RUBIES-EGS-55604,6.986,True,-0.5,0.1,1.0,60.0,0.7262252731720132,2.5020874248542606,2.3380299696356213,2.4022684751436474,2.5013560408014177,2.5991145901314416,2.664312714311804
HZA-RUBIES-EGS-55604,RUBIES-EGS-55604,6.986,True,-0.5,0.1,1.0,63.51568745291611,0.7291189086199451,2.4769536267007313,2.312896171482092,2.377134676990118,2.4762222426478884,2.5739807919779123,2.639178916158275
HZA-RUBIES-EGS-55604,RUBIES-EGS-55604,6.986,True,-0.5,0.1,1.0,72.21746273694556,0.7348186606353845,2.4274462097302862,2.263388754511647,2.327627260019673,2.4267148256774433,2.5244733750074673,2.58967149918783
HZA-RUBIES-EGS-55604,RUBIES-EGS-55604,6.986,True,-0.5,0.1,1.0,82.1113985112456,0.7395343558046013,2.386486201923714,2.2224287467050745,2.2866672522131006,2.385754817870871,2.483513367200895,2.5487114913812574
HZA-RUBIES-EGS-55604,RUBIES-EGS-55604,6.986,True,-0.5,0.1,1.0,93.36082312987881,0.7434331516752034,2.35262169127032,2.188564236051681,2.252802741559707,2.3518903072174773,2.449648856547501,2.5148469807278637
HZA-RUBIES-EGS-55604,RUBIES-EGS-55604,6.986,True,-0.5,0.1,1.0,100.0,0.7452331008368733,2.3369875314979263,2.172930076279287,2.237168581787313,2.3362561474450834,2.4340146967751073,2.49921282095547
HZA-RUBIES-EGS-55604,RUBIES-EGS-55604,6.986,True,-0.5,0.1,1.0,106.15144125568361,0.7466544208753371,2.32464210250346,2.1605846472848205,2.2248231527928466,2.323910718450617,2.421669267780641,2.4868673919610034
HZA-RUBIES-EGS-55604,RUBIES-EGS-55604,6.986,True,-0.5,0.1,1.0,120.69439945900218,0.7493142130183394,2.30153944148915,2.137481986270511,2.201720491778537,2.3008080574363072,2.398566606766331,2.4637647309466937
HZA-RUBIES-EGS-55604,RUBIES-EGS-55604,6.986,True,-0.5,0.1,1.0,137.22977180952068,0.7515090427064038,2.2824753930442734,2.118417937825634,2.18265644333366,2.2817440089914305,2.3795025583214544,2.444700682501817
HZA-RUBIES-EGS-55604,RUBIES-EGS-55604,6.986,True,-0.5,0.1,1.0,156.03052300111096,0.7533190934708731,2.2667534918647974,2.102696036646158,2.166934542154184,2.2660221078119545,2.3637806571419784,2.428978781322341
HZA-RUBIES-EGS-55604,RUBIES-EGS-55604,6.986,True,-0.5,0.1,1.0,177.40701443264487,0.7548109190099327,2.25379565987328,2.0897382046546404,2.1539767101626666,2.253064275820437,2.350822825150461,2.4160209493308233
HZA-RUBIES-EGS-55604,RUBIES-EGS-55604,6.986,True,-0.5,0.1,1.0,201.71212763082622,0.7560397142685972,2.2431224798687426,2.0790650246501032,2.1433035301581294,2.2423910958158997,2.3401496451459236,2.405347769326286
HZA-RUBIES-EGS-55604,RUBIES-EGS-55604,6.986,True,-0.5,0.1,1.0,229.34708959212247,0.7570512202525798,2.234336650523627,2.0702791953049875,2.1345177008130136,2.233605266470784,2.331363815800808,2.3965619399811704
HZA-RUBIES-EGS-55604,RUBIES-EGS-55604,6.986,True,-0.5,0.1,1.0,260.76809620810604,0.7578833182892271,2.2271091388092588,2.0630516835906194,2.1272901890986455,2.226377754756416,2.32413630408644,2.3893344282668023
HZA-RUBIES-EGS-55604,RUBIES-EGS-55604,6.986,True,-0.5,0.1,1.0,296.49384311321825,0.7585673619225308,2.22116761130276,2.0571101560841205,2.1213486615921466,2.220436227249917,2.318194776579941,2.3833929007603034
HZA-RUBIES-EGS-55604,RUBIES-EGS-55604,6.986,True,-0.5,0.1,1.0,300.0,0.7586235369833848,2.220679680923771,2.056622225705132,2.120860731213158,2.2199482968709283,2.3177068462009522,2.3829049703813148
HZA-RUBIES-EGS-55604,RUBIES-EGS-55604,6.986,True,-0.5,0.1,1.0,337.1140882736292,0.7591292878388041,2.2162867848092427,2.0522293295906033,2.1164678350986295,2.2155554007564,2.3133139500864237,2.3785120742667862
HZA-RUBIES-EGS-55604,RUBIES-EGS-55604,6.986,True,-0.5,0.1,1.0,383.2993876677698,0.7595905411852867,2.212280389146506,2.0482229339278666,2.1124614394358927,2.211549005093663,2.309307554423687,2.3745056786040495
HZA-RUBIES-EGS-55604,RUBIES-EGS-55604,6.986,True,-0.5,0.1,1.0,435.8121647744256,0.7599688453453249,2.208994480962793,2.0449370257441535,2.1091755312521796,2.20826309690995,2.306021646239974,2.3712197704203364
HZA-RUBIES-EGS-55604,RUBIES-EGS-55604,6.986,True,-0.5,0.1,1.0,495.51929660267956,0.7602788416257311,2.206301887482974,2.0422444322643347,2.106482937772361,2.205570503430131,2.303329052760155,2.3685271769405176
HZA-RUBIES-EGS-55604,RUBIES-EGS-55604,6.986,True,-0.5,0.1,1.0,563.4064240329424,0.7605326203358741,2.2040975936141827,2.0400401383955433,2.1042786439035694,2.2033662095613398,2.3011247588913637,2.3663228830717262
HZA-RUBIES-EGS-55604,RUBIES-EGS-55604,6.986,True,-0.5,0.1,1.0,640.5942227031146,0.7607401613295813,2.2022949154474665,2.038237460228827,2.1024759657368532,2.2015635313946236,2.2993220807246475,2.36452020490501
HZA-RUBIES-EGS-55604,RUBIES-EGS-55604,6.986,True,-0.5,0.1,1.0,728.3569030384599,0.7609096991748655,2.200822328433853,2.0367648732152137,2.10100337872324,2.20009094438101,2.297849493711034,2.3630476178913966
HZA-RUBIES-EGS-55604,RUBIES-EGS-55604,6.986,True,-0.5,0.1,1.0,828.1432448223001,0.7610480256501169,2.1996208399357977,2.0355633847171584,2.0998018902251845,2.198889455882955,2.2966480052129787,2.3618461293933413
HZA-RUBIES-EGS-55604,RUBIES-EGS-55604,6.986,True,-0.5,0.1,1.0,941.6005135446557,0.7611607401802893,2.1986418139661126,2.0345843587474732,2.0988228642554994,2.1979104299132697,2.2956689792432936,2.360867103423656
HZA-RUBIES-EGS-55604,RUBIES-EGS-55604,6.986,True,-0.5,0.1,1.0,1070.6016533381312,0.7612524570696187,2.19784517118745,2.0337877159688107,2.098026221476837,2.197113787134607,2.294872336464631,2.3600704606449936
HZA-RUBIES-EGS-55604,RUBIES-EGS-55604,6.986,True,-0.5,0.1,1.0,1100.0,0.7612694966608091,2.1976971671788936,2.0336397119602543,2.0978782174682804,2.1969657831260507,2.2947243324560747,2.359922456636437
HZA-RUBIES-EGS-55604,RUBIES-EGS-55604,6.986,True,-0.5,0.1,1.0,1217.2762054000095,0.7613269769110167,2.197197900069222,2.0331404448505825,2.0973789503586087,2.196466516016379,2.294225065346403,2.3594231895267654
HZA-RUBIES-EGS-55604,RUBIES-EGS-55604,6.986,True,-0.5,0.1,1.0,1384.0454622995594,0.7613874283145767,2.1966728258494337,2.0326153706307943,2.0968538761388205,2.195941441796591,2.2936999911266147,2.3588981153069772
HZA-RUBIES-EGS-55604,RUBIES-EGS-55604,6.986,True,-0.5,0.1,1.0,1573.662438495233,0.761436385062015,2.1962475929441467,2.0321901377255074,2.0964286432335335,2.195516208891304,2.2932747582213278,2.3584728824016903
HZA-RUBIES-EGS-55604,RUBIES-EGS-55604,6.986,True,-0.5,0.1,1.0,1789.257316892076,0.7614759629286946,2.195903823962057,2.031846368743418,2.096084874251444,2.1951724399092143,2.292930989239238,2.3581291134196007
HZA-RUBIES-EGS-55604,RUBIES-EGS-55604,6.986,True,-0.5,0.1,1.0,2034.389121667738,0.7615078996929805,2.1956264247520725,2.031568969533433,2.0958074750414593,2.1948950406992296,2.2926535900292535,2.357851714209616
HZA-RUBIES-EGS-55604,RUBIES-EGS-55604,6.986,True,-0.5,0.1,1.0,2313.104470378237,0.7615336212508653,2.195403010138966,2.0313455549203265,2.0955840604283527,2.194671626086123,2.292430175416147,2.3576282995965094
HZA-RUBIES-EGS-55604,RUBIES-EGS-55604,6.986,True,-0.5,0.1,1.0,2630.004375218852,0.7615542962524747,2.1952234293567194,2.03116597413808,2.095404479646106,2.1944920453038765,2.2922505946339005,2.357448718814263
HZA-RUBIES-EGS-55604,RUBIES-EGS-55604,6.986,True,-0.5,0.1,1.0,2990.320196190382,0.7615708812596954,2.1950793738143544,2.031021918595715,2.095260424103741,2.1943479897615115,2.2921065390915354,2.357304663271898
HZA-RUBIES-EGS-55604,RUBIES-EGS-55604,6.986,True,-0.5,0.1,1.0,3400.0,0.7615841580769533,2.1949640528449077,2.0309065976262684,2.0951451031342945,2.194232668792065,2.2919912181220887,2.3571893423024513
HZA-RUBIES-EGS-55604,RUBIES-EGS-55604,6.986,True,-0.5,0.1,2.0,20.0,0.5838054064647593,-1.3317386613171998,-1.495796116535839,-1.431557611027813,-1.3324700453700427,-1.2347114960400187,-1.1695133718596562
HZA-RUBIES-EGS-55604,RUBIES-EGS-55604,6.986,True,-0.5,0.1,2.0,22.74003970766435,0.6138374908842408,-1.853449403054535,-2.0175068582731743,-1.9532683527651482,-1.8541807871073779,-1.756422237777354,-1.6912241135969914
HZA-RUBIES-EGS-55604,RUBIES-EGS-55604,6.986,True,-0.5,0.1,2.0,25.0,0.6327908152643511,-2.182702370734706,-2.3467598259533453,-2.282521320445319,-2.183433754787549,-2.085675205457525,-2.0204770812771624
HZA-RUBIES-EGS-55604,RUBIES-EGS-55604,6.986,True,-0.5,0.1,2.0,25.85547029530757,0.6389367982844217,-2.2894690311942156,-2.453526486412855,-2.389287980904829,-2.2902004152470585,-2.1924418659170346,-2.127243741736672
HZA-RUBIES-EGS-55604,RUBIES-EGS-55604,6.986,True,-0.5,0.1,2.0,29.39772105878151,0.6598791657964858,-2.6532752171333893,-2.8173326723520287,-2.7530941668440025,-2.654006601186232,-2.5562480518562083,-2.4910499276758458
HZA-RUBIES-EGS-55604,RUBIES-EGS-55604,6.986,True,-0.5,0.1,2.0,30.0,0.66285194004208,-2.704917595165618,-2.8689750503842575,-2.8047365448762314,-2.705648979218461,-2.607890429888437,-2.5426923057080746
HZA-RUBIES-EGS-55604,RUBIES-EGS-55604,6.986,True,-0.5,0.1,2.0,33.425267209576596,0.6773274162151465,-2.9563823721610074,-3.1204398273796468,-3.0562013218716206,-2.9571137562138503,-2.8593552068838264,-2.794157082703464
HZA-RUBIES-EGS-55604,RUBIES-EGS-55604,6.986,True,-0.5,0.1,2.0,38.004595179253144,0.6918453761238563,-3.208585167234821,-3.3726426224534602,-3.308404116945434,-3.209316551287664,-3.11155800195764,-3.0463598777772773
HZA-RUBIES-EGS-55604,RUBIES-EGS-55604,6.986,True,-0.5,0.1,2.0,43.21130017249628,0.7039108505267957,-3.4181839254244792,-3.5822413806431186,-3.5180028751350925,-3.418915309477322,-3.321156760147298,-3.2559586359669357
HZA-RUBIES-EGS-55604,RUBIES-EGS-55604,6.986,True,-0.5,0.1,2.0,49.13133408711842,0.7139274076416888,-3.592189344731155,-3.7562467999497944,-3.6920082944417683,-3.592920728783998,-3.495162179453974,-3.4299640552736115
HZA-RUBIES-EGS-55604,RUBIES-EGS-55604,6.986,True,-0.5,0.1,2.0,55.862424401579815,0.7222349242709262,-3.7365056899470463,-3.9005631451656857,-3.8363246396576596,-3.7372370739998892,-3.6394785246698653,-3.574280400489503
HZA-RUBIES-EGS-55604,RUBIES-EGS-55604,6.986,True,-0.5,0.1,2.0,60.0,0.7262252731720132,-3.8058251502914793,-3.9698826055101186,-3.9056441000020925,-3.806556534344322,-3.7087979850142982,-3.6435998608339357
HZA-RUBIES-EGS-55604,RUBIES-EGS-55604,6.986,True,-0.5,0.1,2.0,63.51568745291611,0.7291189086199451,-3.856092746598538,-4.020150201817177,-3.955911696309151,-3.856824130651381,-3.759065581321357,-3.6938674571409944
HZA-RUBIES-EGS-55604,RUBIES-EGS-55604,6.986,True,-0.5,0.1,2.0,72.21746273694556,0.7348186606353845,-3.955107580539428,-4.119165035758067,-4.054926530250041,-3.955838964592271,-3.858080415262247,-3.7928822910818845
HZA-RUBIES-EGS-55604,RUBIES-EGS-55604,6.986,True,-0.5,0.1,2.0,82.1113985112456,0.7395343558046013,-4.037027596152573,-4.201085051371212,-4.136846545863186,-4.037758980205416,-3.9400004308753918,-3.8748023066950292
HZA-RUBIES-EGS-55604,RUBIES-EGS-55604,6.986,True,-0.5,0.1,2.0,93.36082312987881,0.7434331516752034,-4.10475661745936,-4.2688140726779995,-4.204575567169973,-4.105488001512203,-4.007729452182179,-3.9425313280018166
HZA-RUBIES-EGS-55604,RUBIES-EGS-55604,6.986,True,-0.5,0.1,2.0,100.0,0.7452331008368733,-4.136024937004148,-4.300082392222787,-4.235843886714761,-4.136756321056991,-4.038997771726967,-3.9737996475466044
HZA-RUBIES-EGS-55604,RUBIES-EGS-55604,6.986,True,-0.5,0.1,2.0,106.15144125568361,0.7466544208753371,-4.160715794993081,-4.32477325021172,-4.260534744703694,-4.161447179045924,-4.0636886297159,-3.9984905055355373
HZA-RUBIES-EGS-55604,RUBIES-EGS-55604,6.986,True,-0.5,0.1,2.0,120.69439945900218,0.7493142130183394,-4.2069211170217,-4.37097857224034,-4.3067400667323135,-4.207652501074543,-4.109893951744519,-4.044695827564157
HZA-RUBIES-EGS-55604,RUBIES-EGS-55604,6.986,True,-0.5,0.1,2.0,137.22977180952068,0.7515090427064038,-4.245049213911454,-4.409106669130093,-4.344868163622067,-4.245780597964297,-4.148022048634273,-4.08282392445391
HZA-RUBIES-EGS-55604,RUBIES-EGS-55604,6.986,True,-0.5,0.1,2.0,156.03052300111096,0.7533190934708731,-4.276493016270406,-4.440550471489045,-4.376311965981019,-4.277224400323249,-4.179465850993225,-4.114267726812862
HZA-RUBIES-EGS-55604,RUBIES-EGS-55604,6.986,True,-0.5,0.1,2.0,177.40701443264487,0.7548109190099327,-4.302408680253441,-4.46646613547208,-4.402227629964054,-4.303140064306284,-4.20538151497626,-4.140183390795897
HZA-RUBIES-EGS-55604,RUBIES-EGS-55604,6.986,True,-0.5,0.1,2.0,201.71212763082622,0.7560397142685972,-4.323755040262515,-4.487812495481155,-4.423573989973129,-4.324486424315358,-4.226727874985334,-4.161529750804972
HZA-RUBIES-EGS-55604,RUBIES-EGS-55604,6.986,True,-0.5,0.1,2.0,229.34708959212247,0.7570512202525798,-4.341326698952747,-4.505384154171386,-4.44114564866336,-4.34205808300559,-4.244299533675566,-4.179101409495203
HZA-RUBIES-EGS-55604,RUBIES-EGS-55604,6.986,True,-0.5,0.1,2.0,260.76809620810604,0.7578833182892271,-4.355781722381483,-4.519839177600122,-4.455600672092096,-4.356513106434326,-4.258754557104302,-4.193556432923939
HZA-RUBIES-EGS-55604,RUBIES-EGS-55604,6.986,True,-0.5,0.1,2.0,296.49384311321825,0.7585673619225308,-4.367664777394481,-4.53172223261312,-4.467483727105094,-4.368396161447324,-4.2706376121173,-4.205439487936937
HZA-RUBIES-EGS-55604,RUBIES-EGS-55604,6.986,True,-0.5,0.1,2.0,300.0,0.7586235369833848,-4.368640638152458,-4.532698093371097,-4.468459587863071,-4.369372022205301,-4.271613472875277,-4.2064153486949145
HZA-RUBIES-EGS-55604,RUBIES-EGS-55604,6.986,True,-0.5,0.1,2.0,337.1140882736292,0.7591292878388041,-4.377426430381515,-4.5414838856001545,-4.477245380092128,-4.378157814434358,-4.280399265104334,-4.215201140923972
HZA-RUBIES-EGS-55604,RUBIES-EGS-55604,6.986,True,-0.5,0.1,2.0,383.2993876677698,0.7595905411852867,-4.385439221706989,-4.549496676925628,-4.485258171417602,-4.3861706057598315,-4.288412056429808,-4.223213932249445
HZA-RUBIES-EGS-55604,RUBIES-EGS-55604,6.986,True,-0.5,0.1,2.0,435.8121647744256,0.7599688453453249,-4.392011038074415,-4.556068493293054,-4.491829987785028,-4.392742422127258,-4.294983872797234,-4.229785748616871
HZA-RUBIES-EGS-55604,RUBIES-EGS-55604,6.986,True,-0.5,0.1,2.0,495.51929660267956,0.7602788416257311,-4.397396225034052,-4.561453680252692,-4.497215174744666,-4.398127609086895,-4.300369059756871,-4.235170935576509
HZA-RUBIES-EGS-55604,RUBIES-EGS-55604,6.986,True,-0.5,0.1,2.0,563.4064240329424,0.7605326203358741,-4.401804812771635,-4.5658622679902745,-4.501623762482248,-4.402536196824478,-4.304777647494454,-4.239579523314092
HZA-RUBIES-EGS-55604,RUBIES-EGS-55604,6.986,True,-0.5,0.1,2.0,640.5942227031146,0.7607401613295813,-4.4054101691050676,-4.569467624323707,-4.505229118815681,-4.4061415531579105,-4.3083830038278865,-4.243184879647524
HZA-RUBIES-EGS-55604,RUBIES-EGS-55604,6.986,True,-0.5,0.1,2.0,728.3569030384599,0.7609096991748655,-4.408355343132294,-4.572412798350934,-4.508174292842908,-4.409086727185137,-4.311328177855113,-4.246130053674751
HZA-RUBIES-EGS-55604,RUBIES-EGS-55604,6.986,True,-0.5,0.1,2.0,828.1432448223001,0.7610480256501169,-4.410758320128405,-4.574815775347044,-4.510577269839018,-4.411489704181248,-4.313731154851224,-4.2485330306708615
HZA-RUBIES-EGS-55604,RUBIES-EGS-55604,6.986,True,-0.5,0.1,2.0,941.6005135446557,0.7611607401802893,-4.412716372067775,-4.576773827286415,-4.512535321778389,-4.413447756120618,-4.315689206790594,-4.250491082610232
HZA-RUBIES-EGS-55604,RUBIES-EGS-55604,6.986,True,-0.5,0.1,2.0,1070.6016533381312,0.7612524570696187,-4.4143096576251,-4.57836711284374,-4.514128607335714,-4.415041041677943,-4.317282492347919,-4.252084368167557
HZA-RUBIES-EGS-55604,RUBIES-EGS-55604,6.986,True,-0.5,0.1,2.0,1100.0,0.7612694966608091,-4.414605665642213,-4.578663120860853,-4.5144246153528265,-4.415337049695056,-4.317578500365032,-4.25238037618467
HZA-RUBIES-EGS-55604,RUBIES-EGS-55604,6.986,True,-0.5,0.1,2.0,1217.2762054000095,0.7613269769110167,-4.415604199861557,-4.579661655080196,-4.51542314957217,-4.4163355839144,-4.318577034584376,-4.253378910404013
HZA-RUBIES-EGS-55604,RUBIES-EGS-55604,6.986,True,-0.5,0.1,2.0,1384.0454622995594,0.7613874283145767,-4.416654348301133,-4.5807118035197725,-4.516473298011746,-4.417385732353976,-4.319627183023952,-4.25442905884359
HZA-RUBIES-EGS-55604,RUBIES-EGS-55604,6.986,True,-0.5,0.1,2.0,1573.662438495233,0.761436385062015,-4.417504814111707,-4.581562269330346,-4.51732376382232,-4.41823619816455,-4.320477648834526,-4.2552795246541635
HZA-RUBIES-EGS-55604,RUBIES-EGS-55604,6.986,True,-0.5,0.1,2.0,1789.257316892076,0.7614759629286946,-4.418192352075886,-4.5822498072945255,-4.518011301786499,-4.418923736128729,-4.321165186798705,-4.255967062618343
HZA-RUBIES-EGS-55604,RUBIES-EGS-55604,6.986,True,-0.5,0.1,2.0,2034.389121667738,0.7615078996929805,-4.4187471504958555,-4.582804605714495,-4.518566100206469,-4.419478534548698,-4.3217199852186745,-4.256521861038312
HZA-RUBIES-EGS-55604,RUBIES-EGS-55604,6.986,True,-0.5,0.1,2.0,2313.104470378237,0.7615336212508653,-4.419193979722069,-4.583251434940708,-4.519012929432682,-4.419925363774912,-4.322166814444888,-4.256968690264525
HZA-RUBIES-EGS-55604,RUBIES-EGS-55604,6.986,True,-0.5,0.1,2.0,2630.004375218852,0.7615542962524747,-4.419553141286562,-4.583610596505201,-4.519372090997175,-4.4202845253394045,-4.322525976009381,-4.257327851829018
HZA-RUBIES-EGS-55604,RUBIES-EGS-55604,6.986,True,-0.5,0.1,2.0,2990.320196190382,0.7615708812596954,-4.419841252371292,-4.583898707589931,-4.519660202081905,-4.420572636424135,-4.322814087094111,-4.257615962913748
HZA-RUBIES-EGS-55604,RUBIES-EGS-55604,6.986,True,-0.5,0.1,2.0,3400.0,0.7615841580769533,-4.420071894310185,-4.5841293495288244,-4.519890844020798,-4.420803278363028,-4.323044729033004,-4.2578466048526415
HZA-RUBIES-EGS-55604,RUBIES-EGS-55604,6.986,True,-0.5,0.057190958417936644,0.3,20.0,0.5838054064647593,6.023509742403207,5.859452287184568,5.923690792692594,6.022778358350364,6.120536907680388,6.185735031860751
HZA-RUBIES-EGS-55604,RUBIES-EGS-55604,6.986,True,-0.5,0.057190958417936644,0.3,22.74003970766435,0.6138374908842408,5.880167269511496,5.716109814292857,5.780348319800883,5.879435885458653,5.977194434788677,6.0423925589690395
HZA-RUBIES-EGS-55604,RUBIES-EGS-55604,6.986,True,-0.5,0.057190958417936644,0.3,25.0,0.6327908152643511,5.789703472586317,5.625646017367678,5.689884522875704,5.788972088533474,5.886730637863498,5.951928762043861
HZA-RUBIES-EGS-55604,RUBIES-EGS-55604,6.986,True,-0.5,0.057190958417936644,0.3,25.85547029530757,0.6389367982844217,5.760368831935271,5.596311376716631,5.660549882224657,5.759637447882428,5.857395997212452,5.922594121392814
HZA-RUBIES-EGS-55604,RUBIES-EGS-55604,6.986,True,-0.5,0.057190958417936644,0.3,29.39772105878151,0.6598791657964858,5.660411376253673,5.496353921035034,5.56059242654306,5.6596799922008305,5.757438541530854,5.822636665711217
HZA-RUBIES-EGS-55604,RUBIES-EGS-55604,6.986,True,-0.5,0.057190958417936644,0.3,30.0,0.66285194004208,5.646222390708738,5.482164935490099,5.546403440998125,5.645491006655895,5.743249555985919,5.808447680166282
HZA-RUBIES-EGS-55604,RUBIES-EGS-55604,6.986,True,-0.5,0.057190958417936644,0.3,33.425267209576596,0.6773274162151465,5.57713126396742,5.413073808748781,5.477312314256807,5.576399879914577,5.674158429244601,5.7393565534249635
HZA-RUBIES-EGS-55604,RUBIES-EGS-55604,6.986,True,-0.5,0.057190958417936644,0.3,38.004595179253144,0.6918453761238563,5.507837363298066,5.343779908079426,5.4080184135874525,5.507105979245223,5.604864528575247,5.670062652755609
HZA-RUBIES-EGS-55604,RUBIES-EGS-55604,6.986,True,-0.5,0.057190958417936644,0.3,43.21130017249628,0.7039108505267957,5.450249121557273,5.286191666338634,5.35043017184666,5.44951773750443,5.547276286834454,5.612474411014817
HZA-RUBIES-EGS-55604,RUBIES-EGS-55604,6.986,True,-0.5,0.057190958417936644,0.3,49.13133408711842,0.7139274076416888,5.402440316592058,5.2383828613734185,5.302621366881445,5.401708932539215,5.499467481869239,5.564665606049601
HZA-RUBIES-EGS-55604,RUBIES-EGS-55604,6.986,True,-0.5,0.057190958417936644,0.3,55.862424401579815,0.7222349242709262,5.3627887239622964,5.198731268743657,5.262969774251683,5.3620573399094535,5.4598158892394775,5.52501401341984
HZA-RUBIES-EGS-55604,RUBIES-EGS-55604,6.986,True,-0.5,0.057190958417936644,0.3,60.0,0.7262252731720132,5.343742877154157,5.179685421935518,5.243923927443544,5.343011493101314,5.440770042431338,5.505968166611701
HZA-RUBIES-EGS-55604,RUBIES-EGS-55604,6.986,True,-0.5,0.057190958417936644,0.3,63.51568745291611,0.7291189086199451,5.329931619335349,5.16587416411671,5.230112669624736,5.3292002352825065,5.4269587846125305,5.492156908792893
HZA-RUBIES-EGS-55604,RUBIES-EGS-55604,6.986,True,-0.5,0.057190958417936644,0.3,72.21746273694556,0.7348186606353845,5.3027268293730305,5.138669374154391,5.202907879662417,5.301995445320188,5.3997539946502116,5.464952118830574
HZA-RUBIES-EGS-55604,RUBIES-EGS-55604,6.986,True,-0.5,0.057190958417936644,0.3,82.1113985112456,0.7395343558046013,5.280218920913619,5.116161465694979,5.1803999712030055,5.279487536860776,5.3772460861908,5.442444210371162
HZA-RUBIES-EGS-55604,RUBIES-EGS-55604,6.986,True,-0.5,0.057190958417936644,0.3,93.36082312987881,0.7434331516752034,5.261610054689549,5.09755259947091,5.161791104978936,5.260878670636706,5.35863721996673,5.423835344147093
HZA-RUBIES-EGS-55604,RUBIES-EGS-55604,6.986,True,-0.5,0.057190958417936644,0.3,100.0,0.7452331008368733,5.253018937259625,5.088961482040986,5.153199987549012,5.2522875532067825,5.3500461025368065,5.415244226717169
HZA-RUBIES-EGS-55604,RUBIES-EGS-55604,6.986,True,-0.5,0.057190958417936644,0.3,106.15144125568361,0.7466544208753371,5.246235008237643,5.082177553019004,5.14641605852703,5.2455036241848,5.343262173514824,5.4084602976951865
HZA-RUBIES-EGS-55604,RUBIES-EGS-55604,6.986,True,-0.5,0.057190958417936644,0.3,120.69439945900218,0.7493142130183394,5.233539879327158,5.069482424108519,5.133720929616545,5.232808495274315,5.330567044604339,5.395765168784702
HZA-RUBIES-EGS-55604,RUBIES-EGS-55604,6.986,True,-0.5,0.057190958417936644,0.3,137.22977180952068,0.7515090427064038,5.223064005902295,5.059006550683655,5.123245056191681,5.222332621849452,5.320091171179476,5.385289295359838
HZA-RUBIES-EGS-55604,RUBIES-EGS-55604,6.986,True,-0.5,0.057190958417936644,0.3,156.03052300111096,0.7533190934708731,5.21442467374624,5.050367218527601,5.114605724035627,5.213693289693397,5.311451839023421,5.376649963203784
HZA-RUBIES-EGS-55604,RUBIES-EGS-55604,6.986,True,-0.5,0.057190958417936644,0.3,177.40701443264487,0.7548109190099327,5.207304223533565,5.043246768314925,5.1074852738229515,5.206572839480722,5.304331388810746,5.369529512991108
HZA-RUBIES-EGS-55604,RUBIES-EGS-55604,6.986,True,-0.5,0.057190958417936644,0.3,201.71212763082622,0.7560397142685972,5.201439211015808,5.037381755797169,5.101620261305195,5.200707826962965,5.298466376292989,5.363664500473352
HZA-RUBIES-EGS-55604,RUBIES-EGS-55604,6.986,True,-0.5,0.057190958417936644,0.3,229.34708959212247,0.7570512202525798,5.196611315387132,5.032553860168493,5.096792365676519,5.195879931334289,5.293638480664313,5.358836604844676
HZA-RUBIES-EGS-55604,RUBIES-EGS-55604,6.986,True,-0.5,0.057190958417936644,0.3,260.76809620810604,0.7578833182892271,5.192639729912233,5.028582274693593,5.092820780201619,5.19190834585939,5.289666895189414,5.354865019369776
HZA-RUBIES-EGS-55604,RUBIES-EGS-55604,6.986,True,-0.5,0.057190958417936644,0.3,296.49384311321825,0.7585673619225308,5.189374804820987,5.025317349602347,5.0895558551103735,5.188643420768144,5.286401970098168,5.35160009427853
HZA-RUBIES-EGS-55604,RUBIES-EGS-55604,6.986,True,-0.5,0.057190958417936644,0.3,300.0,0.7586235369833848,5.189106682501364,5.025049227282724,5.08928773279075,5.188375298448521,5.286133847778545,5.351331971958907
HZA-RUBIES-EGS-55604,RUBIES-EGS-55604,6.986,True,-0.5,0.057190958417936644,0.3,337.1140882736292,0.7591292878388041,5.186692744884837,5.022635289666198,5.086873795174224,5.185961360831994,5.283719910162018,5.348918034342381
HZA-RUBIES-EGS-55604,RUBIES-EGS-55604,6.986,True,-0.5,0.057190958417936644,0.3,383.2993876677698,0.7595905411852867,5.184491192891613,5.020433737672974,5.084672243181,5.18375980883877,5.281518358168794,5.346716482349157
HZA-RUBIES-EGS-55604,RUBIES-EGS-55604,6.986,True,-0.5,0.057190958417936644,0.3,435.8121647744256,0.7599688453453249,5.182685555525666,5.018628100307026,5.0828666058150525,5.181954171472823,5.279712720802847,5.344910844983209
HZA-RUBIES-EGS-55604,RUBIES-EGS-55604,6.986,True,-0.5,0.057190958417936644,0.3,495.51929660267956,0.7602788416257311,5.18120595015429,5.01714849493565,5.0813870004436765,5.180474566101447,5.278233115431471,5.343431239611833
HZA-RUBIES-EGS-55604,RUBIES-EGS-55604,6.986,True,-0.5,0.057190958417936644,0.3,563.4064240329424,0.7605326203358741,5.1799946699990045,5.015937214780365,5.080175720288391,5.179263285946162,5.2770218352761855,5.342219959456548
HZA-RUBIES-EGS-55604,RUBIES-EGS-55604,6.986,True,-0.5,0.057190958417936644,0.3,640.5942227031146,0.7607401613295813,5.179004081438821,5.014946626220182,5.079185131728208,5.178272697385978,5.276031246716002,5.3412293708963645
HZA-RUBIES-EGS-55604,RUBIES-EGS-55604,6.986,True,-0.5,0.057190958417936644,0.3,728.3569030384599,0.7609096991748655,5.17819488106324,5.0141374258446,5.078375931352626,5.177463497010397,5.275222046340421,5.340420170520783
HZA-RUBIES-EGS-55604,RUBIES-EGS-55604,6.986,True,-0.5,0.057190958417936644,0.3,828.1432448223001,0.7610480256501169,5.177534651864628,5.013477196645988,5.0777157021540145,5.176803267811785,5.274561817141809,5.339759941322171
HZA-RUBIES-EGS-55604,RUBIES-EGS-55604,6.986,True,-0.5,0.057190958417936644,0.3,941.6005135446557,0.7611607401802893,5.176996667911863,5.012939212693223,5.077177718201249,5.17626528385902,5.274023833189044,5.339221957369406
HZA-RUBIES-EGS-55604,RUBIES-EGS-55604,6.986,True,-0.5,0.057190958417936644,0.3,1070.6016533381312,0.7612524570696187,5.176558905233163,5.012501450014524,5.07673995552255,5.17582752118032,5.273586070510344,5.338784194690707
HZA-RUBIES-EGS-55604,RUBIES-EGS-55604,6.986,True,-0.5,0.057190958417936644,0.3,1100.0,0.7612694966608091,5.176477575642311,5.012420120423672,5.076658625931698,5.175746191589468,5.273504740919492,5.3387028650998545
HZA-RUBIES-EGS-55604,RUBIES-EGS-55604,6.986,True,-0.5,0.057190958417936644,0.3,1217.2762054000095,0.7613269769110167,5.176203223682849,5.01214576846421,5.076384273972236,5.175471839630006,5.27323038896003,5.338428513140393
HZA-RUBIES-EGS-55604,RUBIES-EGS-55604,6.986,True,-0.5,0.057190958417936644,0.3,1384.0454622995594,0.7613874283145767,5.17591469047433,5.0118572352556905,5.076095740763717,5.175183306421487,5.272941855751511,5.338139979931873
HZA-RUBIES-EGS-55604,RUBIES-EGS-55604,6.986,True,-0.5,0.057190958417936644,0.3,1573.662438495233,0.761436385062015,5.175681021004555,5.011623565785916,5.075862071293942,5.1749496369517125,5.272708186281736,5.337906310462099
HZA-RUBIES-EGS-55604,RUBIES-EGS-55604,6.986,True,-0.5,0.057190958417936644,0.3,1789.257316892076,0.7614759629286946,5.175492116724639,5.011434661506,5.075673167014026,5.174760732671796,5.27251928200182,5.337717406182183
HZA-RUBIES-EGS-55604,RUBIES-EGS-55604,6.986,True,-0.5,0.057190958417936644,0.3,2034.389121667738,0.7615078996929805,5.175339683256986,5.011282228038347,5.075520733546373,5.174608299204143,5.272366848534167,5.33756497271453
HZA-RUBIES-EGS-55604,RUBIES-EGS-55604,6.986,True,-0.5,0.057190958417936644,0.3,2313.104470378237,0.7615336212508653,5.175216914831648,5.011159459613008,5.075397965121034,5.174485530778805,5.272244080108829,5.337442204289191
HZA-RUBIES-EGS-55604,RUBIES-EGS-55604,6.986,True,-0.5,0.057190958417936644,0.3,2630.004375218852,0.7615542962524747,5.175118233507488,5.011060778288849,5.075299283796875,5.174386849454645,5.272145398784669,5.337343522965032
HZA-RUBIES-EGS-55604,RUBIES-EGS-55604,6.986,True,-0.5,0.057190958417936644,0.3,2990.320196190382,0.7615708812596954,5.175039073635842,5.010981618417203,5.075220123925229,5.174307689582999,5.272066238913023,5.337264363093386
HZA-RUBIES-EGS-55604,RUBIES-EGS-55604,6.986,True,-0.5,0.057190958417936644,0.3,3400.0,0.7615841580769533,5.174975703681519,5.01091824846288,5.075156753970906,5.174244319628676,5.2720028689587,5.337200993139063
HZA-RUBIES-EGS-55604,RUBIES-EGS-55604,6.986,True,-0.5,0.057190958417936644,1.0,20.0,0.5838054064647593,-0.4783008586559774,-0.6423583138746167,-0.5781198083665906,-0.4790322427088203,-0.38127369337879635,-0.3160755691984338
HZA-RUBIES-EGS-55604,RUBIES-EGS-55604,6.986,True,-0.5,0.057190958417936644,1.0,22.74003970766435,0.6138374908842408,-0.9561091016283498,-1.1201665568469892,-1.055928051338963,-0.9568404856811927,-0.8590819363511688,-0.7938838121708063
HZA-RUBIES-EGS-55604,RUBIES-EGS-55604,6.986,True,-0.5,0.057190958417936644,1.0,25.0,0.6327908152643511,-1.257655091378945,-1.4217125465975844,-1.3574740410895583,-1.258386475431788,-1.160627926101764,-1.0954298019214015
HZA-RUBIES-EGS-55604,RUBIES-EGS-55604,6.986,True,-0.5,0.057190958417936644,1.0,25.85547029530757,0.6389367982844217,-1.3554372268824348,-1.5194946821010742,-1.455256176593048,-1.3561686109352777,-1.2584100616052538,-1.1932119374248913
HZA-RUBIES-EGS-55604,RUBIES-EGS-55604,6.986,True,-0.5,0.057190958417936644,1.0,29.39772105878151,0.6598791657964858,-1.6886287458210898,-1.8526862010397291,-1.788447695531703,-1.6893601298739327,-1.5916015805439088,-1.5264034563635462
HZA-RUBIES-EGS-55604,RUBIES-EGS-55604,6.986,True,-0.5,0.057190958417936644,1.0,30.0,0.66285194004208,-1.7359253643042063,-1.8999828195228456,-1.8357443140148195,-1.7366567483570492,-1.6388981990270253,-1.5737000748466627
HZA-RUBIES-EGS-55604,RUBIES-EGS-55604,6.986,True,-0.5,0.057190958417936644,1.0,33.425267209576596,0.6773274162151465,-1.9662291201086042,-2.1302865753272435,-2.0660480698192174,-1.966960504161447,-1.8692019548314232,-1.8040038306510606
HZA-RUBIES-EGS-55604,RUBIES-EGS-55604,6.986,True,-0.5,0.057190958417936644,1.0,38.004595179253144,0.6918453761238563,-2.197208789006451,-2.3612662442250905,-2.2970277387170643,-2.197940173059294,-2.10018162372927,-2.0349834995489076
HZA-RUBIES-EGS-55604,RUBIES-EGS-55604,6.986,True,-0.5,0.057190958417936644,1.0,43.21130017249628,0.7039108505267957,-2.3891695948090916,-2.553227050027731,-2.488988544519705,-2.3899009788619345,-2.2921424295319106,-2.226944305351548
HZA-RUBIES-EGS-55604,RUBIES-EGS-55604,6.986,True,-0.5,0.057190958417936644,1.0,49.13133408711842,0.7139274076416888,-2.5485322780264745,-2.712589733245114,-2.6483512277370878,-2.5492636620793174,-2.4515051127492935,-2.386306988568931
HZA-RUBIES-EGS-55604,RUBIES-EGS-55604,6.986,True,-0.5,0.057190958417936644,1.0,55.862424401579815,0.7222349242709262,-2.680704253459014,-2.8447617086776535,-2.7805232031696274,-2.681435637511857,-2.583677088181833,-2.5184789640014706
HZA-RUBIES-EGS-55604,RUBIES-EGS-55604,6.986,True,-0.5,0.057190958417936644,1.0,60.0,0.7262252731720132,-2.7441904094861442,-2.9082478647047836,-2.8440093591967575,-2.744921793538987,-2.647163244208963,-2.5819651200286007
HZA-RUBIES-EGS-55604,RUBIES-EGS-55604,6.986,True,-0.5,0.057190958417936644,1.0,63.51568745291611,0.7291189086199451,-2.790227935548838,-2.9542853907674775,-2.8900468852594514,-2.790959319601681,-2.693200770271657,-2.6280026460912946
HZA-RUBIES-EGS-55604,RUBIES-EGS-55604,6.986,True,-0.5,0.057190958417936644,1.0,72.21746273694556,0.7348186606353845,-2.8809105687565655,-3.044968023975205,-2.9807295184671787,-2.8816419528094084,-2.7838834034793845,-2.718685279299022
HZA-RUBIES-EGS-55604,RUBIES-EGS-55604,6.986,True,-0.5,0.057190958417936644,1.0,82.1113985112456,0.7395343558046013,-2.9559369302879386,-3.119994385506578,-3.055755879998552,-2.9566683143407815,-2.8589097650107576,-2.793711640830395
HZA-RUBIES-EGS-55604,RUBIES-EGS-55604,6.986,True,-0.5,0.057190958417936644,1.0,93.36082312987881,0.7434331516752034,-3.0179664843681717,-3.182023939586811,-3.117785434078785,-3.0186978684210146,-2.9209393190909907,-2.855741194910628
HZA-RUBIES-EGS-55604,RUBIES-EGS-55604,6.986,True,-0.5,0.057190958417936644,1.0,100.0,0.7452331008368733,-3.046603542467915,-3.2106609976865546,-3.1464224921785284,-3.047334926520758,-2.949576377190734,-2.8843782530103717
HZA-RUBIES-EGS-55604,RUBIES-EGS-55604,6.986,True,-0.5,0.057190958417936644,1.0,106.15144125568361,0.7466544208753371,-3.0692166392078573,-3.2332740944264966,-3.1690355889184705,-3.0699480232607,-2.9721894739306762,-2.9069913497503137
HZA-RUBIES-EGS-55604,RUBIES-EGS-55604,6.986,True,-0.5,0.057190958417936644,1.0,120.69439945900218,0.7493142130183394,-3.111533735576142,-3.2755911907947812,-3.211352685286755,-3.1122651196289848,-3.014506570298961,-2.9493084461185983
HZA-RUBIES-EGS-55604,RUBIES-EGS-55604,6.986,True,-0.5,0.057190958417936644,1.0,137.22977180952068,0.7515090427064038,-3.14645331365902,-3.310510768877659,-3.246272263369633,-3.1471846977118627,-3.049426148381839,-2.9842280242014763
HZA-RUBIES-EGS-55604,RUBIES-EGS-55604,6.986,True,-0.5,0.057190958417936644,1.0,156.03052300111096,0.7533190934708731,-3.1752510875125335,-3.339308542731173,-3.2750700372231467,-3.1759824715653764,-3.0782239222353525,-3.01302579805499
HZA-RUBIES-EGS-55604,RUBIES-EGS-55604,6.986,True,-0.5,0.057190958417936644,1.0,177.40701443264487,0.7548109190099327,-3.1989859215547884,-3.363043376773428,-3.2988048712654017,-3.1997173056076313,-3.1019587562776074,-3.036760632097245
HZA-RUBIES-EGS-55604,RUBIES-EGS-55604,6.986,True,-0.5,0.057190958417936644,1.0,201.71212763082622,0.7560397142685972,-3.218535963280644,-3.382593418499283,-3.318354912991257,-3.2192673473334867,-3.121508798003463,-3.0563106738231003
HZA-RUBIES-EGS-55604,RUBIES-EGS-55604,6.986,True,-0.5,0.057190958417936644,1.0,229.34708959212247,0.7570512202525798,-3.2346289487095614,-3.3986864039282008,-3.3344478984201746,-3.2353603327624043,-3.1376017834323804,-3.072403659252018
HZA-RUBIES-EGS-55604,RUBIES-EGS-55604,6.986,True,-0.5,0.057190958417936644,1.0,260.76809620810604,0.7578833182892271,-3.247867566959224,-3.411925022177863,-3.347686516669837,-3.2485989510120667,-3.150840401682043,-3.0856422775016803
HZA-RUBIES-EGS-55604,RUBIES-EGS-55604,6.986,True,-0.5,0.057190958417936644,1.0,296.49384311321825,0.7585673619225308,-3.2587506505967134,-3.4228081058153528,-3.3585696003073267,-3.2594820346495563,-3.1617234853195324,-3.09652536113917
HZA-RUBIES-EGS-55604,RUBIES-EGS-55604,6.986,True,-0.5,0.057190958417936644,1.0,300.0,0.7586235369833848,-3.259644391662121,-3.4237018468807605,-3.3594633413727344,-3.260375775714964,-3.16261722638494,-3.0974191022045776
HZA-RUBIES-EGS-55604,RUBIES-EGS-55604,6.986,True,-0.5,0.057190958417936644,1.0,337.1140882736292,0.7591292878388041,-3.267690850383879,-3.431748305602518,-3.367509800094492,-3.2684222344367218,-3.170663685106698,-3.1054655609263353
HZA-RUBIES-EGS-55604,RUBIES-EGS-55604,6.986,True,-0.5,0.057190958417936644,1.0,383.2993876677698,0.7595905411852867,-3.275029357027961,-3.4390868122466003,-3.374848306738574,-3.275760741080804,-3.17800219175078,-3.1128040675704174
HZA-RUBIES-EGS-55604,RUBIES-EGS-55604,6.986,True,-0.5,0.057190958417936644,1.0,435.8121647744256,0.7599688453453249,-3.281048148247786,-3.445105603466425,-3.380867097958399,-3.2817795323006287,-3.1840209829706048,-3.1188228587902422
HZA-RUBIES-EGS-55604,RUBIES-EGS-55604,6.986,True,-0.5,0.057190958417936644,1.0,495.51929660267956,0.7602788416257311,-3.2859801661523687,-3.450037621371008,-3.385799115862982,-3.2867115502052116,-3.1889530008751876,-3.123754876694825
HZA-RUBIES-EGS-55604,RUBIES-EGS-55604,6.986,True,-0.5,0.057190958417936644,1.0,563.4064240329424,0.7605326203358741,-3.290017766669985,-3.4540752218886244,-3.3898367163805982,-3.290749150722828,-3.192990601392804,-3.1277924772124415
HZA-RUBIES-EGS-55604,RUBIES-EGS-55604,6.986,True,-0.5,0.057190958417936644,1.0,640.5942227031146,0.7607401613295813,-3.293319728537263,-3.457377183755902,-3.393138678247876,-3.2940511125901057,-3.196292563260082,-3.1310944390797193
HZA-RUBIES-EGS-55604,RUBIES-EGS-55604,6.986,True,-0.5,0.057190958417936644,1.0,728.3569030384599,0.7609096991748655,-3.2960170631225374,-3.4600745183411767,-3.3958360128331506,-3.2967484471753803,-3.1989898978453564,-3.133791773664994
HZA-RUBIES-EGS-55604,RUBIES-EGS-55604,6.986,True,-0.5,0.057190958417936644,1.0,828.1432448223001,0.7610480256501169,-3.2982178271179112,-3.4622752823365506,-3.3980367768285245,-3.298949211170754,-3.20119066184073,-3.1359925376603677
HZA-RUBIES-EGS-55604,RUBIES-EGS-55604,6.986,True,-0.5,0.057190958417936644,1.0,941.6005135446557,0.7611607401802893,-3.3000111069604596,-3.464068562179099,-3.399830056671073,-3.3007424910133025,-3.2029839416832786,-3.137785817502916
HZA-RUBIES-EGS-55604,RUBIES-EGS-55604,6.986,True,-0.5,0.057190958417936644,1.0,1070.6016533381312,0.7612524570696187,-3.3014703158894587,-3.465527771108098,-3.401289265600072,-3.3022016999423016,-3.2044431506122777,-3.139245026431915
HZA-RUBIES-EGS-55604,RUBIES-EGS-55604,6.986,True,-0.5,0.057190958417936644,1.0,1100.0,0.7612694966608091,-3.301741414525635,-3.4657988697442743,-3.401560364236248,-3.302472798578478,-3.204714249248454,-3.1395161250680914
HZA-RUBIES-EGS-55604,RUBIES-EGS-55604,6.986,True,-0.5,0.057190958417936644,1.0,1217.2762054000095,0.7613269769110167,-3.3026559210571715,-3.466713376275811,-3.4024748707677848,-3.3033873051100144,-3.2056287557799905,-3.140430631599628
HZA-RUBIES-EGS-55604,RUBIES-EGS-55604,6.986,True,-0.5,0.057190958417936644,1.0,1384.0454622995594,0.7613874283145767,-3.3036176984189023,-3.4676751536375416,-3.4034366481295155,-3.304349082471745,-3.2065905331417213,-3.1413924089613587
HZA-RUBIES-EGS-55604,RUBIES-EGS-55604,6.986,True,-0.5,0.057190958417936644,1.0,1573.662438495233,0.761436385062015,-3.304396596651486,-3.4684540518701255,-3.4042155463620993,-3.305127980704329,-3.207369431374305,-3.1421713071939426
HZA-RUBIES-EGS-55604,RUBIES-EGS-55604,6.986,True,-0.5,0.057190958417936644,1.0,1789.257316892076,0.7614759629286946,-3.3050262775845383,-3.4690837328031776,-3.4048452272951515,-3.305757661637381,-3.2079991123073572,-3.1428009881269947
HZA-RUBIES-EGS-55604,RUBIES-EGS-55604,6.986,True,-0.5,0.057190958417936644,1.0,2034.389121667738,0.7615078996929805,-3.305534389143382,-3.4695918443620215,-3.4053533388539954,-3.306265773196225,-3.208507223866201,-3.1433090996858386
HZA-RUBIES-EGS-55604,RUBIES-EGS-55604,6.986,True,-0.5,0.057190958417936644,1.0,2313.104470378237,0.7615336212508653,-3.305943617227845,-3.4700010724464843,-3.405762566938458,-3.306675001280688,-3.208916451950664,-3.1437183277703014
HZA-RUBIES-EGS-55604,RUBIES-EGS-55604,6.986,True,-0.5,0.057190958417936644,1.0,2630.004375218852,0.7615542962524747,-3.3062725549750382,-3.4703300101936776,-3.4060915046856515,-3.307003939027881,-3.209245389697857,-3.1440472655174947
HZA-RUBIES-EGS-55604,RUBIES-EGS-55604,6.986,True,-0.5,0.057190958417936644,1.0,2990.320196190382,0.7615708812596954,-3.3065364212138615,-3.470593876432501,-3.4063553709244747,-3.3072678052667044,-3.2095092559366805,-3.144311131756318
HZA-RUBIES-EGS-55604,RUBIES-EGS-55604,6.986,True,-0.5,0.057190958417936644,1.0,3400.0,0.7615841580769533,-3.306747654394936,-3.4708051096135755,-3.4065666041055493,-3.307479038447779,-3.209720489117755,-3.1445223649373926
HZA-RUBIES-EGS-55604,RUBIES-EGS-55604,6.986,True,-0.5,0.057190958417936644,2.0,20.0,0.5838054064647593,-9.766601717311955,-9.930659172530595,-9.866420667022568,-9.767333101364798,-9.669574552034774,-9.604376427854412
HZA-RUBIES-EGS-55604,RUBIES-EGS-55604,6.986,True,-0.5,0.057190958417936644,2.0,22.74003970766435,0.6138374908842408,-10.7222182032567,-10.88627565847534,-10.822037152967313,-10.722949587309543,-10.62519103797952,-10.559992913799157
HZA-RUBIES-EGS-55604,RUBIES-EGS-55604,6.986,True,-0.5,0.057190958417936644,2.0,25.0,0.6327908152643511,-11.32531018275789,-11.48936763797653,-11.425129132468504,-11.326041566810733,-11.22828301748071,-11.163084893300347
HZA-RUBIES-EGS-55604,RUBIES-EGS-55604,6.986,True,-0.5,0.057190958417936644,2.0,25.85547029530757,0.6389367982844217,-11.52087445376487,-11.68493190898351,-11.620693403475483,-11.521605837817713,-11.42384728848769,-11.358649164307327
HZA-RUBIES-EGS-55604,RUBIES-EGS-55604,6.986,True,-0.5,0.057190958417936644,2.0,29.39772105878151,0.6598791657964858,-12.18725749164218,-12.35131494686082,-12.287076441352793,-12.187988875695023,-12.090230326364999,-12.025032202184637
HZA-RUBIES-EGS-55604,RUBIES-EGS-55604,6.986,True,-0.5,0.057190958417936644,2.0,30.0,0.66285194004208,-12.281850728608413,-12.445908183827052,-12.381669678319026,-12.282582112661256,-12.184823563331232,-12.11962543915087
HZA-RUBIES-EGS-55604,RUBIES-EGS-55604,6.986,True,-0.5,0.057190958417936644,2.0,33.425267209576596,0.6773274162151465,-12.742458240217209,-12.906515695435848,-12.842277189927822,-12.743189624270052,-12.645431074940028,-12.580232950759665
HZA-RUBIES-EGS-55604,RUBIES-EGS-55604,6.986,True,-0.5,0.057190958417936644,2.0,38.004595179253144,0.6918453761238563,-13.204417578012903,-13.368475033231542,-13.304236527723516,-13.205148962065746,-13.107390412735722,-13.04219228855536
HZA-RUBIES-EGS-55604,RUBIES-EGS-55604,6.986,True,-0.5,0.057190958417936644,2.0,43.21130017249628,0.7039108505267957,-13.588339189618184,-13.752396644836823,-13.688158139328797,-13.589070573671027,-13.491312024341003,-13.42611390016064
HZA-RUBIES-EGS-55604,RUBIES-EGS-55604,6.986,True,-0.5,0.057190958417936644,2.0,49.13133408711842,0.7139274076416888,-13.90706455605295,-14.071122011271589,-14.006883505763563,-13.907795940105792,-13.810037390775769,-13.744839266595406
HZA-RUBIES-EGS-55604,RUBIES-EGS-55604,6.986,True,-0.5,0.057190958417936644,2.0,55.862424401579815,0.7222349242709262,-14.171408506918029,-14.335465962136668,-14.271227456628642,-14.172139890970872,-14.074381341640848,-14.009183217460485
HZA-RUBIES-EGS-55604,RUBIES-EGS-55604,6.986,True,-0.5,0.057190958417936644,2.0,60.0,0.7262252731720132,-14.298380818972289,-14.462438274190928,-14.398199768682902,-14.299112203025132,-14.201353653695108,-14.136155529514745
HZA-RUBIES-EGS-55604,RUBIES-EGS-55604,6.986,True,-0.5,0.057190958417936644,2.0,63.51568745291611,0.7291189086199451,-14.390455871097677,-14.554513326316316,-14.49027482080829,-14.39118725515052,-14.293428705820496,-14.228230581640133
HZA-RUBIES-EGS-55604,RUBIES-EGS-55604,6.986,True,-0.5,0.057190958417936644,2.0,72.21746273694556,0.7348186606353845,-14.571821137513131,-14.73587859273177,-14.671640087223745,-14.572552521565974,-14.47479397223595,-14.409595848055588
HZA-RUBIES-EGS-55604,RUBIES-EGS-55604,6.986,True,-0.5,0.057190958417936644,2.0,82.1113985112456,0.7395343558046013,-14.721873860575878,-14.885931315794517,-14.82169281028649,-14.72260524462872,-14.624846695298697,-14.559648571118334
HZA-RUBIES-EGS-55604,RUBIES-EGS-55604,6.986,True,-0.5,0.057190958417936644,2.0,93.36082312987881,0.7434331516752034,-14.845932968736344,-15.009990423954983,-14.945751918446957,-14.846664352789187,-14.748905803459163,-14.6837076792788
HZA-RUBIES-EGS-55604,RUBIES-EGS-55604,6.986,True,-0.5,0.057190958417936644,2.0,100.0,0.7452331008368733,-14.903207084935831,-15.06726454015447,-15.003026034646444,-14.903938468988674,-14.80617991965865,-14.740981795478287
HZA-RUBIES-EGS-55604,RUBIES-EGS-55604,6.986,True,-0.5,0.057190958417936644,2.0,106.15144125568361,0.7466544208753371,-14.948433278415715,-15.112490733634354,-15.048252228126328,-14.949164662468558,-14.851406113138534,-14.786207988958171
HZA-RUBIES-EGS-55604,RUBIES-EGS-55604,6.986,True,-0.5,0.057190958417936644,2.0,120.69439945900218,0.7493142130183394,-15.033067471152284,-15.197124926370924,-15.132886420862897,-15.033798855205127,-14.936040305875103,-14.87084218169474
HZA-RUBIES-EGS-55604,RUBIES-EGS-55604,6.986,True,-0.5,0.057190958417936644,2.0,137.22977180952068,0.7515090427064038,-15.10290662731804,-15.26696408253668,-15.202725577028653,-15.103638011370883,-15.005879462040859,-14.940681337860497
HZA-RUBIES-EGS-55604,RUBIES-EGS-55604,6.986,True,-0.5,0.057190958417936644,2.0,156.03052300111096,0.7533190934708731,-15.160502175025067,-15.324559630243707,-15.26032112473568,-15.16123355907791,-15.063475009747886,-14.998276885567524
HZA-RUBIES-EGS-55604,RUBIES-EGS-55604,6.986,True,-0.5,0.057190958417936644,2.0,177.40701443264487,0.7548109190099327,-15.207971843109577,-15.372029298328217,-15.30779079282019,-15.20870322716242,-15.110944677832396,-15.045746553652034
HZA-RUBIES-EGS-55604,RUBIES-EGS-55604,6.986,True,-0.5,0.057190958417936644,2.0,201.71212763082622,0.7560397142685972,-15.247071926561288,-15.411129381779928,-15.346890876271901,-15.247803310614131,-15.150044761284107,-15.084846637103745
HZA-RUBIES-EGS-55604,RUBIES-EGS-55604,6.986,True,-0.5,0.057190958417936644,2.0,229.34708959212247,0.7570512202525798,-15.279257897419123,-15.443315352637763,-15.379076847129737,-15.279989281471966,-15.182230732141942,-15.11703260796158
HZA-RUBIES-EGS-55604,RUBIES-EGS-55604,6.986,True,-0.5,0.057190958417936644,2.0,260.76809620810604,0.7578833182892271,-15.305735133918448,-15.469792589137088,-15.405554083629061,-15.306466517971291,-15.208707968641267,-15.143509844460905
HZA-RUBIES-EGS-55604,RUBIES-EGS-55604,6.986,True,-0.5,0.057190958417936644,2.0,296.49384311321825,0.7585673619225308,-15.327501301193427,-15.491558756412067,-15.42732025090404,-15.32823268524627,-15.230474135916246,-15.165276011735884
HZA-RUBIES-EGS-55604,RUBIES-EGS-55604,6.986,True,-0.5,0.057190958417936644,2.0,300.0,0.7586235369833848,-15.329288783324243,-15.493346238542882,-15.429107733034856,-15.330020167377086,-15.232261618047062,-15.1670634938667
HZA-RUBIES-EGS-55604,RUBIES-EGS-55604,6.986,True,-0.5,0.057190958417936644,2.0,337.1140882736292,0.7591292878388041,-15.345381700767758,-15.509439155986398,-15.445200650478371,-15.346113084820601,-15.248354535490577,-15.183156411310215
HZA-RUBIES-EGS-55604,RUBIES-EGS-55604,6.986,True,-0.5,0.057190958417936644,2.0,383.2993876677698,0.7595905411852867,-15.360058714055922,-15.524116169274562,-15.459877663766536,-15.360790098108765,-15.263031548778741,-15.197833424598379
HZA-RUBIES-EGS-55604,RUBIES-EGS-55604,6.986,True,-0.5,0.057190958417936644,2.0,435.8121647744256,0.7599688453453249,-15.372096296495572,-15.536153751714211,-15.471915246206185,-15.372827680548415,-15.275069131218391,-15.209871007038029
HZA-RUBIES-EGS-55604,RUBIES-EGS-55604,6.986,True,-0.5,0.057190958417936644,2.0,495.51929660267956,0.7602788416257311,-15.381960332304738,-15.546017787523377,-15.481779282015351,-15.38269171635758,-15.284933167027557,-15.219735042847194
HZA-RUBIES-EGS-55604,RUBIES-EGS-55604,6.986,True,-0.5,0.057190958417936644,2.0,563.4064240329424,0.7605326203358741,-15.39003553333997,-15.55409298855861,-15.489854483050584,-15.390766917392813,-15.29300836806279,-15.227810243882427
HZA-RUBIES-EGS-55604,RUBIES-EGS-55604,6.986,True,-0.5,0.057190958417936644,2.0,640.5942227031146,0.7607401613295813,-15.396639457074526,-15.560696912293166,-15.49645840678514,-15.397370841127369,-15.299612291797345,-15.234414167616983
HZA-RUBIES-EGS-55604,RUBIES-EGS-55604,6.986,True,-0.5,0.057190958417936644,2.0,728.3569030384599,0.7609096991748655,-15.402034126245075,-15.566091581463715,-15.501853075955689,-15.402765510297918,-15.305006960967894,-15.239808836787532
HZA-RUBIES-EGS-55604,RUBIES-EGS-55604,6.986,True,-0.5,0.057190958417936644,2.0,828.1432448223001,0.7610480256501169,-15.406435654235823,-15.570493109454462,-15.506254603946436,-15.407167038288666,-15.309408488958642,-15.24421036477828
HZA-RUBIES-EGS-55604,RUBIES-EGS-55604,6.986,True,-0.5,0.057190958417936644,2.0,941.6005135446557,0.7611607401802893,-15.41002221392092,-15.574079669139559,-15.509841163631533,-15.410753597973763,-15.312995048643739,-15.247796924463376
HZA-RUBIES-EGS-55604,RUBIES-EGS-55604,6.986,True,-0.5,0.057190958417936644,2.0,1070.6016533381312,0.7612524570696187,-15.412940631778918,-15.576998086997557,-15.512759581489531,-15.41367201583176,-15.315913466501737,-15.250715342321374
HZA-RUBIES-EGS-55604,RUBIES-EGS-55604,6.986,True,-0.5,0.057190958417936644,2.0,1100.0,0.7612694966608091,-15.41348282905127,-15.57754028426991,-15.513301778761884,-15.414214213104113,-15.31645566377409,-15.251257539593727
HZA-RUBIES-EGS-55604,RUBIES-EGS-55604,6.986,True,-0.5,0.057190958417936644,2.0,1217.2762054000095,0.7613269769110167,-15.415311842114344,-15.579369297332983,-15.515130791824957,-15.416043226167186,-15.318284676837163,-15.2530865526568
HZA-RUBIES-EGS-55604,RUBIES-EGS-55604,6.986,True,-0.5,0.057190958417936644,2.0,1384.0454622995594,0.7613874283145767,-15.417235396837805,-15.581292852056444,-15.517054346548418,-15.417966780890648,-15.320208231560624,-15.255010107380262
HZA-RUBIES-EGS-55604,RUBIES-EGS-55604,6.986,True,-0.5,0.057190958417936644,2.0,1573.662438495233,0.761436385062015,-15.418793193302973,-15.582850648521612,-15.518612143013586,-15.419524577355816,-15.321766028025792,-15.25656790384543
HZA-RUBIES-EGS-55604,RUBIES-EGS-55604,6.986,True,-0.5,0.057190958417936644,2.0,1789.257316892076,0.7614759629286946,-15.420052555169077,-15.584110010387716,-15.51987150487969,-15.42078393922192,-15.323025389891896,-15.257827265711533
HZA-RUBIES-EGS-55604,RUBIES-EGS-55604,6.986,True,-0.5,0.057190958417936644,2.0,2034.389121667738,0.7615078996929805,-15.421068778286765,-15.585126233505404,-15.520887727997378,-15.421800162339608,-15.324041613009584,-15.258843488829221
HZA-RUBIES-EGS-55604,RUBIES-EGS-55604,6.986,True,-0.5,0.057190958417936644,2.0,2313.104470378237,0.7615336212508653,-15.42188723445569,-15.58594468967433,-15.521706184166304,-15.422618618508533,-15.32486006917851,-15.259661944998147
HZA-RUBIES-EGS-55604,RUBIES-EGS-55604,6.986,True,-0.5,0.057190958417936644,2.0,2630.004375218852,0.7615542962524747,-15.422545109950077,-15.586602565168716,-15.52236405966069,-15.42327649400292,-15.325517944672896,-15.260319820492533
HZA-RUBIES-EGS-55604,RUBIES-EGS-55604,6.986,True,-0.5,0.057190958417936644,2.0,2990.320196190382,0.7615708812596954,-15.423072842427723,-15.587130297646363,-15.522891792138337,-15.423804226480566,-15.326045677150542,-15.26084755297018
HZA-RUBIES-EGS-55604,RUBIES-EGS-55604,6.986,True,-0.5,0.057190958417936644,2.0,3400.0,0.7615841580769533,-15.423495308789873,-15.587552764008512,-15.523314258500486,-15.424226692842716,-15.326468143512692,-15.26127001933233
HZA-GN-Z11,GN-z11,10.603,True,0.0,0.1,0.3,20.0,0.2566495515154844,5.531231095963285,5.034498323560694,5.226780607686784,5.528317980098979,5.826964432934778,6.0293949206600175
HZA-GN-Z11,GN-z11,10.603,True,0.0,0.1,0.3,22.74003970766435,0.286681635934966,5.452974484702684,4.956241712300093,5.148523996426183,5.450061368838378,5.748707821674177,5.951138309399417
HZA-GN-Z11,GN-z11,10.603,True,0.0,0.1,0.3,25.0,0.30563496031507625,5.403586539550659,4.906853767148068,5.099136051274158,5.400673423686353,5.699319876522152,5.901750364247391
HZA-GN-Z11,GN-z11,10.603,True,0.0,0.1,0.3,25.85547029530757,0.3117809433351469,5.387571540481732,4.890838768079141,5.083121052205231,5.3846584246174265,5.683304877453224,5.885735365178464
HZA-GN-Z11,GN-z11,10.603,True,0.0,0.1,0.3,29.39772105878151,0.33272331084721085,5.3330006125908564,4.836267840188266,5.028550124314355,5.330087496726551,5.628733949562349,5.831164437287589
HZA-GN-Z11,GN-z11,10.603,True,0.0,0.1,0.3,30.0,0.33569608509280524,5.325254255886022,4.828521483483431,5.020803767609521,5.322341140021717,5.620987592857515,5.823418080582754
HZA-GN-Z11,GN-z11,10.603,True,0.0,0.1,0.3,33.425267209576596,0.35017156126587157,5.287534539336713,4.790801766934123,4.983084051060212,5.284621423472409,5.583267876308206,5.785698364033445
HZA-GN-Z11,GN-z11,10.603,True,0.0,0.1,0.3,38.004595179253144,0.36468952117458153,5.249704120075641,4.752971347673051,4.94525363179914,5.246791004211336,5.545437457047134,5.7478679447723735
HZA-GN-Z11,GN-z11,10.603,True,0.0,0.1,0.3,43.21130017249628,0.3767549955775208,5.2182643063471925,4.721531533944602,4.913813818070691,5.215351190482887,5.513997643318685,5.716428131043925
HZA-GN-Z11,GN-z11,10.603,True,0.0,0.1,0.3,49.13133408711842,0.386771552692414,5.192163493451191,4.6954307210486,4.88771300517469,5.189250377586886,5.487896830422684,5.690327318147923
HZA-GN-Z11,GN-z11,10.603,True,0.0,0.1,0.3,55.862424401579815,0.3950790693216513,5.170516041668808,4.673783269266217,4.866065553392307,5.167602925804502,5.466249378640301,5.66867986636554
HZA-GN-Z11,GN-z11,10.603,True,0.0,0.1,0.3,60.0,0.3990694182227384,5.160118122617143,4.663385350214552,4.855667634340642,5.157205006752838,5.455851459588636,5.658281947313875
HZA-GN-Z11,GN-z11,10.603,True,0.0,0.1,0.3,63.51568745291611,0.4019630536706703,5.152577983171084,4.655845210768494,4.848127494894583,5.149664867306779,5.448311320142577,5.650741807867816
HZA-GN-Z11,GN-z11,10.603,True,0.0,0.1,0.3,72.21746273694556,0.40766280568610963,5.1377257580799505,4.64099298567736,4.833275269803449,5.134812642215645,5.433459095051443,5.635889582776683
HZA-GN-Z11,GN-z11,10.603,True,0.0,0.1,0.3,82.1113985112456,0.4123785008553264,5.125437755737979,4.628704983335387,4.8209872674614775,5.122524639873673,5.421171092709471,5.623601580434711
HZA-GN-Z11,GN-z11,10.603,True,0.0,0.1,0.3,93.36082312987881,0.41627729672592856,5.115278402541961,4.618545630139369,4.8108279142654595,5.1123652866776546,5.411011739513453,5.613442227238693
HZA-GN-Z11,GN-z11,10.603,True,0.0,0.1,0.3,100.0,0.4180772458875985,5.110588154610243,4.613855382207651,4.806137666333742,5.107675038745937,5.4063214915817355,5.608751979306975
HZA-GN-Z11,GN-z11,10.603,True,0.0,0.1,0.3,106.15144125568361,0.41949856592606216,5.1068845259119025,4.610151753509312,4.802434037635401,5.103971410047597,5.402617862883395,5.605048350608635
HZA-GN-Z11,GN-z11,10.603,True,0.0,0.1,0.3,120.69439945900218,0.4221583580690646,5.099953727607609,4.6032209552050185,4.795503239331108,5.097040611743304,5.395687064579102,5.598117552304341
HZA-GN-Z11,GN-z11,10.603,True,0.0,0.1,0.3,137.22977180952068,0.424353187757129,5.094234513074147,4.5975017406715555,4.789784024797646,5.091321397209841,5.38996785004564,5.592398337770879
HZA-GN-Z11,GN-z11,10.603,True,0.0,0.1,0.3,156.03052300111096,0.4261632385215982,5.089517942720304,4.592785170317713,4.785067454443803,5.086604826855998,5.385251279691797,5.5876817674170365
HZA-GN-Z11,GN-z11,10.603,True,0.0,0.1,0.3,177.40701443264487,0.42765506406065784,5.085630593122849,4.588897820720257,4.781180104846348,5.082717477258543,5.381363930094341,5.583794417819581
HZA-GN-Z11,GN-z11,10.603,True,0.0,0.1,0.3,201.71212763082622,0.4288838593193223,5.082428639121487,4.585695866718897,4.7779781508449854,5.079515523257182,5.378161976092979,5.580592463818219
HZA-GN-Z11,GN-z11,10.603,True,0.0,0.1,0.3,229.34708959212247,0.4298953653033049,5.079792890317952,4.5830601179153625,4.775342402041451,5.076879774453648,5.375526227289445,5.577956715014684
HZA-GN-Z11,GN-z11,10.603,True,0.0,0.1,0.3,260.76809620810604,0.4307274633399522,5.077624636803642,4.5808918644010514,4.773174148527141,5.074711520939337,5.373357973775135,5.575788461500374
HZA-GN-Z11,GN-z11,10.603,True,0.0,0.1,0.3,296.49384311321825,0.43141150697325603,5.075842178551692,4.579109406149102,4.771391690275191,5.072929062687387,5.371575515523185,5.574006003248424
HZA-GN-Z11,GN-z11,10.603,True,0.0,0.1,0.3,300.0,0.43146768203410996,5.075695799437995,4.578963027035405,4.771245311161494,5.07278268357369,5.371429136409488,5.573859624134728
HZA-GN-Z11,GN-z11,10.603,True,0.0,0.1,0.3,337.1140882736292,0.4319734328895293,5.074377930603637,4.5776451582010464,4.769927442327136,5.071464814739332,5.37011126757513,5.572541755300369
HZA-GN-Z11,GN-z11,10.603,True,0.0,0.1,0.3,383.2993876677698,0.4324346862360118,5.073176011904817,4.576443239502225,4.768725523628316,5.070262896040511,5.3689093488763096,5.571339836601549
HZA-GN-Z11,GN-z11,10.603,True,0.0,0.1,0.3,435.8121647744256,0.4328129903960501,5.072190239449702,4.575457467047112,4.767739751173201,5.0692771235853975,5.3679235764211946,5.570354064146434
HZA-GN-Z11,GN-z11,10.603,True,0.0,0.1,0.3,495.51929660267956,0.43312298667645627,5.071382461405756,4.5746496890031665,4.766931973129255,5.068469345541452,5.367115798377249,5.569546286102488
HZA-GN-Z11,GN-z11,10.603,True,0.0,0.1,0.3,563.4064240329424,0.43337676538659925,5.0707211732451185,4.573988400842529,4.766270684968617,5.067808057380814,5.366454510216611,5.568884997941851
HZA-GN-Z11,GN-z11,10.603,True,0.0,0.1,0.3,640.5942227031146,0.4335843063803065,5.0701803697951044,4.573447597392514,4.765729881518603,5.067267253930799,5.365913706766597,5.568344194491837
HZA-GN-Z11,GN-z11,10.603,True,0.0,0.1,0.3,728.3569030384599,0.43375384422559066,5.06973859369102,4.5730058212884295,4.765288105414519,5.066825477826715,5.365471930662513,5.567902418387752
HZA-GN-Z11,GN-z11,10.603,True,0.0,0.1,0.3,828.1432448223001,0.43389217070084196,5.069378147141603,4.572645374739013,4.764927658865102,5.066465031277298,5.365111484113096,5.567541971838335
HZA-GN-Z11,GN-z11,10.603,True,0.0,0.1,0.3,941.6005135446557,0.43400488523101455,5.069084439350698,4.572351666948108,4.764633951074197,5.066171323486393,5.364817776322191,5.56724826404743
HZA-GN-Z11,GN-z11,10.603,True,0.0,0.1,0.3,1070.6016533381312,0.43409660212034396,5.068845446517099,4.572112674114509,4.764394958240598,5.065932330652794,5.364578783488592,5.5670092712138315
HZA-GN-Z11,GN-z11,10.603,True,0.0,0.1,0.3,1100.0,0.43411364171153427,5.068801045314532,4.572068272911942,4.764350557038031,5.065887929450227,5.364534382286025,5.566964870011264
HZA-GN-Z11,GN-z11,10.603,True,0.0,0.1,0.3,1217.2762054000095,0.4341711219617418,5.068651265181631,4.571918492779041,4.76420077690513,5.065738149317326,5.364384602153124,5.5668150898783635
HZA-GN-Z11,GN-z11,10.603,True,0.0,0.1,0.3,1384.0454622995594,0.4342315733653018,5.068493742915694,4.571760970513104,4.764043254639193,5.065580627051389,5.364227079887187,5.566657567612427
HZA-GN-Z11,GN-z11,10.603,True,0.0,0.1,0.3,1573.662438495233,0.43428053011274015,5.068366173044108,4.571633400641518,4.763915684767607,5.065453057179803,5.364099510015601,5.56652999774084
HZA-GN-Z11,GN-z11,10.603,True,0.0,0.1,0.3,1789.257316892076,0.4343201079794198,5.068263042349481,4.571530269946891,4.76381255407298,5.065349926485176,5.363996379320974,5.566426867046213
HZA-GN-Z11,GN-z11,10.603,True,0.0,0.1,0.3,2034.389121667738,0.43435204474370565,5.068179822586486,4.571447050183895,4.763729334309985,5.065266706722181,5.3639131595579785,5.566343647283218
HZA-GN-Z11,GN-z11,10.603,True,0.0,0.1,0.3,2313.104470378237,0.4343777663015905,5.068112798202554,4.5713800257999635,4.763662309926053,5.065199682338249,5.363846135174047,5.566276622899286
HZA-GN-Z11,GN-z11,10.603,True,0.0,0.1,0.3,2630.004375218852,0.43439844130319993,5.068058923967881,4.571326151565289,4.7636084356913795,5.0651458081035745,5.363792260939373,5.566222748664613
HZA-GN-Z11,GN-z11,10.603,True,0.0,0.1,0.3,2990.320196190382,0.4344150263104206,5.068015707305171,4.57128293490258,4.76356521902867,5.065102591440866,5.3637490442766635,5.566179532001903
HZA-GN-Z11,GN-z11,10.603,True,0.0,0.1,0.3,3400.0,0.4344283031276785,5.067981111014337,4.571248338611746,4.763530622737836,5.065067995150032,5.36371444798583,5.566144935711069
HZA-GN-Z11,GN-z11,10.603,True,0.0,0.1,1.0,20.0,0.2566495515154844,3.970770319877616,3.4740375474750254,3.6663198316011147,3.9678572040133107,4.266503656849109,4.468934144574348
HZA-GN-Z11,GN-z11,10.603,True,0.0,0.1,1.0,22.74003970766435,0.286681635934966,3.709914949008946,3.2131821766063555,3.405464460732445,3.707001833144641,4.005648285980438,4.208078773705678
HZA-GN-Z11,GN-z11,10.603,True,0.0,0.1,1.0,25.0,0.30563496031507625,3.5452884651688614,3.048555692766271,3.2408379768923603,3.542375349304556,3.841021802140354,4.043452289865593
HZA-GN-Z11,GN-z11,10.603,True,0.0,0.1,1.0,25.85547029530757,0.3117809433351469,3.4919051349391057,2.995172362536515,3.1874546466626046,3.4889920190748005,3.7876384719105984,3.990068959635838
HZA-GN-Z11,GN-z11,10.603,True,0.0,0.1,1.0,29.39772105878151,0.33272331084721085,3.3100020419695197,2.8132692695669292,3.0055515536930186,3.3070889261052145,3.6057353789410125,3.808165866666252
HZA-GN-Z11,GN-z11,10.603,True,0.0,0.1,1.0,30.0,0.33569608509280524,3.2841808529534045,2.787448080550814,2.9797303646769033,3.2812677370890992,3.579914189924897,3.7823446776501366
HZA-GN-Z11,GN-z11,10.603,True,0.0,0.1,1.0,33.425267209576596,0.35017156126587157,3.1584484644557107,2.66171569205312,2.8539979761792096,3.1555353485914055,3.4541818014272034,3.656612289152443
HZA-GN-Z11,GN-z11,10.603,True,0.0,0.1,1.0,38.004595179253144,0.36468952117458153,3.0323470669188035,2.535614294516213,2.7278965786423024,3.0294339510544983,3.3280804038902962,3.5305108916155357
HZA-GN-Z11,GN-z11,10.603,True,0.0,0.1,1.0,43.21130017249628,0.3767549955775208,2.927547687823974,2.4308149154213834,2.623097199547473,2.9246345719596687,3.2232810247954666,3.425711512520706
HZA-GN-Z11,GN-z11,10.603,True,0.0,0.1,1.0,49.13133408711842,0.386771552692414,2.8405449781706364,2.343812205768046,2.5360944898941353,2.8376318623063312,3.136278315142129,3.3387088028673686
HZA-GN-Z11,GN-z11,10.603,True,0.0,0.1,1.0,55.862424401579815,0.3950790693216513,2.7683868055626912,2.2716540331601007,2.46393631728619,2.765473689698386,3.064120142534184,3.2665506302594234
HZA-GN-Z11,GN-z11,10.603,True,0.0,0.1,1.0,60.0,0.3990694182227384,2.7337270753904748,2.2369943029878843,2.4292765871139737,2.7308139595261696,3.0294604123619675,3.231890900087207
HZA-GN-Z11,GN-z11,10.603,True,0.0,0.1,1.0,63.51568745291611,0.4019630536706703,2.708593277236945,2.2118605048343545,2.404142788960444,2.70568016137264,3.0043266142084377,3.206757101933677
HZA-GN-Z11,GN-z11,10.603,True,0.0,0.1,1.0,72.21746273694556,0.40766280568610963,2.6590858602665,2.1623530878639095,2.354635371989999,2.6561727444021948,2.9548191972379927,3.157249684963232
HZA-GN-Z11,GN-z11,10.603,True,0.0,0.1,1.0,82.1113985112456,0.4123785008553264,2.6181258524599276,2.121393080057337,2.3136753641834265,2.6152127365956224,2.9138591894314203,3.1162896771566597
HZA-GN-Z11,GN-z11,10.603,True,0.0,0.1,1.0,93.36082312987881,0.41627729672592856,2.584261341806533,2.0875285694039425,2.279810853530032,2.581348225942228,2.8799946787780257,3.082425166503265
HZA-GN-Z11,GN-z11,10.603,True,0.0,0.1,1.0,100.0,0.4180772458875985,2.568627182034141,2.0718944096315504,2.2641766937576397,2.5657140661698357,2.8643605190056336,3.066791006730873
HZA-GN-Z11,GN-z11,10.603,True,0.0,0.1,1.0,106.15144125568361,0.41949856592606216,2.556281753039675,2.0595489806370844,2.2518312647631737,2.5533686371753697,2.8520150900111676,3.054445577736407
HZA-GN-Z11,GN-z11,10.603,True,0.0,0.1,1.0,120.69439945900218,0.4221583580690646,2.5331790920253634,2.036446319622773,2.2287286037488623,2.530265976161058,2.828912428996856,3.0313429167220955
HZA-GN-Z11,GN-z11,10.603,True,0.0,0.1,1.0,137.22977180952068,0.424353187757129,2.5141150435804867,2.017382271177896,2.2096645553039855,2.5112019277161814,2.8098483805519794,3.012278868277219
HZA-GN-Z11,GN-z11,10.603,True,0.0,0.1,1.0,156.03052300111096,0.4261632385215982,2.498393142401012,2.0016603699984215,2.193942654124511,2.4954800265367068,2.7941264793725047,2.996556967097744
HZA-GN-Z11,GN-z11,10.603,True,0.0,0.1,1.0,177.40701443264487,0.42765506406065784,2.4854353104094935,1.988702538006903,2.1809848221329924,2.4825221945451883,2.7811686473809862,2.9835991351062257
HZA-GN-Z11,GN-z11,10.603,True,0.0,0.1,1.0,201.71212763082622,0.4288838593193223,2.4747621304049563,1.9780293580023658,2.170311642128455,2.471849014540651,2.770495467376449,2.9729259551016884
HZA-GN-Z11,GN-z11,10.603,True,0.0,0.1,1.0,229.34708959212247,0.4298953653033049,2.465976301059841,1.9692435286572505,2.16152581278334,2.463063185195536,2.7617096380313337,2.964140125756573
HZA-GN-Z11,GN-z11,10.603,True,0.0,0.1,1.0,260.76809620810604,0.4307274633399522,2.458748789345472,1.9620160169428815,2.154298301068971,2.455835673481167,2.7544821263169648,2.956912614042204
HZA-GN-Z11,GN-z11,10.603,True,0.0,0.1,1.0,296.49384311321825,0.43141150697325603,2.4528072618389736,1.956074489436383,2.1483567735624725,2.4498941459746684,2.7485405988104663,2.9509710865357057
HZA-GN-Z11,GN-z11,10.603,True,0.0,0.1,1.0,300.0,0.43146768203410996,2.452319331459985,1.9555865590573944,2.147868843183484,2.4494062155956797,2.7480526684314777,2.950483156156717
HZA-GN-Z11,GN-z11,10.603,True,0.0,0.1,1.0,337.1140882736292,0.4319734328895293,2.447926435345456,1.9511936629428654,2.143475947068955,2.4450133194811507,2.7436597723169487,2.946090260042188
HZA-GN-Z11,GN-z11,10.603,True,0.0,0.1,1.0,383.2993876677698,0.4324346862360118,2.4439200396827205,1.94718726728013,2.1394695514062194,2.4410069238184153,2.7396533766542133,2.9420838643794527
HZA-GN-Z11,GN-z11,10.603,True,0.0,0.1,1.0,435.8121647744256,0.4328129903960501,2.440634131499007,1.9439013590964165,2.136183643222506,2.437721015634702,2.7363674684704997,2.938797956195739
HZA-GN-Z11,GN-z11,10.603,True,0.0,0.1,1.0,495.51929660267956,0.43312298667645627,2.4379415380191882,1.9412087656165977,2.133491049742687,2.435028422154883,2.733674874990681,2.9361053627159204
HZA-GN-Z11,GN-z11,10.603,True,0.0,0.1,1.0,563.4064240329424,0.43337676538659925,2.435737244150396,1.9390044717478054,2.131286755873895,2.4328241282860907,2.7314705811218887,2.933901068847128
HZA-GN-Z11,GN-z11,10.603,True,0.0,0.1,1.0,640.5942227031146,0.4335843063803065,2.4339345659836806,1.9372017935810901,2.1294840777071795,2.4310214501193754,2.7296679029551734,2.932098390680413
HZA-GN-Z11,GN-z11,10.603,True,0.0,0.1,1.0,728.3569030384599,0.43375384422559066,2.4324619789700663,1.9357292065674758,2.128011490693565,2.429548863105761,2.728195315941559,2.9306258036667985
HZA-GN-Z11,GN-z11,10.603,True,0.0,0.1,1.0,828.1432448223001,0.43389217070084196,2.431260490472011,1.9345277180694205,2.12681000219551,2.4283473746077058,2.7269938274435037,2.929424315168743
HZA-GN-Z11,GN-z11,10.603,True,0.0,0.1,1.0,941.6005135446557,0.43400488523101455,2.430281464502326,1.9335486920997353,2.1258309762258247,2.4273683486380206,2.7260148014738186,2.928445289199058
HZA-GN-Z11,GN-z11,10.603,True,0.0,0.1,1.0,1070.6016533381312,0.43409660212034396,2.4294848217236638,1.9327520493210733,2.1250343334471626,2.4265717058593586,2.7252181586951565,2.927648646420396
HZA-GN-Z11,GN-z11,10.603,True,0.0,0.1,1.0,1100.0,0.43411364171153427,2.429336817715107,1.9326040453125164,2.124886329438606,2.4264237018508017,2.7250701546865996,2.927500642411839
HZA-GN-Z11,GN-z11,10.603,True,0.0,0.1,1.0,1217.2762054000095,0.4341711219617418,2.4288375506054365,1.932104778202846,2.1243870623289354,2.4259244347411313,2.7245708875769292,2.9270013753021686
HZA-GN-Z11,GN-z11,10.603,True,0.0,0.1,1.0,1384.0454622995594,0.4342315733653018,2.4283124763856483,1.9315797039830578,2.123861988109147,2.425399360521343,2.724045813357141,2.9264763010823804
HZA-GN-Z11,GN-z11,10.603,True,0.0,0.1,1.0,1573.662438495233,0.43428053011274015,2.42788724348036,1.9311544710777695,2.123436755203859,2.424974127616055,2.7236205804518527,2.926051068177092
HZA-GN-Z11,GN-z11,10.603,True,0.0,0.1,1.0,1789.257316892076,0.4343201079794198,2.4275434744982705,1.93081070209568,2.1230929862217693,2.4246303586339653,2.723276811469763,2.9257072991950026
HZA-GN-Z11,GN-z11,10.603,True,0.0,0.1,1.0,2034.389121667738,0.43435204474370565,2.4272660752882866,1.9305333028856961,2.1228155870117855,2.4243529594239814,2.7229994122597794,2.925429899985019
HZA-GN-Z11,GN-z11,10.603,True,0.0,0.1,1.0,2313.104470378237,0.4343777663015905,2.42704266067518,1.9303098882725895,2.122592172398679,2.424129544810875,2.7227759976466728,2.925206485371912
HZA-GN-Z11,GN-z11,10.603,True,0.0,0.1,1.0,2630.004375218852,0.43439844130319993,2.426863079892933,1.9301303074903426,2.122412591616432,2.423949964028628,2.722596416864426,2.9250269045896653
HZA-GN-Z11,GN-z11,10.603,True,0.0,0.1,1.0,2990.320196190382,0.4344150263104206,2.426719024350568,1.9299862519479776,2.122268536074067,2.423805908486263,2.722452361322061,2.9248828490473002
HZA-GN-Z11,GN-z11,10.603,True,0.0,0.1,1.0,3400.0,0.4344283031276785,2.4266037033811214,1.929870930978531,2.1221532151046203,2.423690587516816,2.722337040352614,2.9247675280778536
HZA-GN-Z11,GN-z11,10.603,True,0.0,0.1,2.0,20.0,0.2566495515154844,1.7415406397552315,1.244807867352641,1.4370901514787304,1.7386275238909263,2.0372739767267243,2.2397044644519637
HZA-GN-Z11,GN-z11,10.603,True,0.0,0.1,2.0,22.74003970766435,0.286681635934966,1.2198298980178919,0.7230971256153014,0.9153794097413908,1.2169167821535867,1.5155632349893846,1.717993722714624
HZA-GN-Z11,GN-z11,10.603,True,0.0,0.1,2.0,25.0,0.30563496031507625,0.8905769303377227,0.39384415793513217,0.5861264420612216,0.8876638144734175,1.1863102673092154,1.3887407550344548
HZA-GN-Z11,GN-z11,10.603,True,0.0,0.1,2.0,25.85547029530757,0.3117809433351469,0.7838102698782112,0.2870774974756207,0.4793597816017101,0.780897154013906,1.079543606849704,1.2819740945749434
HZA-GN-Z11,GN-z11,10.603,True,0.0,0.1,2.0,29.39772105878151,0.33272331084721085,0.4200040839390393,-0.07672868846355119,0.1155535956625382,0.4170909680747341,0.715737420910532,0.9181679086357715
HZA-GN-Z11,GN-z11,10.603,True,0.0,0.1,2.0,30.0,0.33569608509280524,0.3683617059068087,-0.12837106649578178,0.0639112176303076,0.3654485900425035,0.6640950428783015,0.8665255306035409
HZA-GN-Z11,GN-z11,10.603,True,0.0,0.1,2.0,33.425267209576596,0.35017156126587157,0.11689692891142123,-0.3798358434911693,-0.1875535593650799,0.11398381304711602,0.41263026588291396,0.6150607536081534
HZA-GN-Z11,GN-z11,10.603,True,0.0,0.1,2.0,38.004595179253144,0.36468952117458153,-0.13530586616239315,-0.6320386385649837,-0.43975635443889427,-0.13821898202669836,0.16042747080909958,0.362857958534339
HZA-GN-Z11,GN-z11,10.603,True,0.0,0.1,2.0,43.21130017249628,0.3767549955775208,-0.3449046243520524,-0.8416373967546429,-0.6493551126285535,-0.3478177402163576,-0.04917128738055965,0.15325920034467977
HZA-GN-Z11,GN-z11,10.603,True,0.0,0.1,2.0,49.13133408711842,0.386771552692414,-0.5189100436587273,-1.0156428160613178,-0.8233605319352284,-0.5218231595230325,-0.22317670668723455,-0.020746218961995133
HZA-GN-Z11,GN-z11,10.603,True,0.0,0.1,2.0,55.862424401579815,0.3950790693216513,-0.6632263888746177,-1.1599591612772082,-0.9676768771511188,-0.6661395047389229,-0.367493051903125,-0.16506256417788556
HZA-GN-Z11,GN-z11,10.603,True,0.0,0.1,2.0,60.0,0.3990694182227384,-0.7325458492190506,-1.2292786216216411,-1.0369963374955518,-0.7354589650833558,-0.4368125122475579,-0.2343820245223185
HZA-GN-Z11,GN-z11,10.603,True,0.0,0.1,2.0,63.51568745291611,0.4019630536706703,-0.7828134455261102,-1.2795462179287007,-1.0872639338026113,-0.7857265613904154,-0.4870801085546175,-0.28464962082937806
HZA-GN-Z11,GN-z11,10.603,True,0.0,0.1,2.0,72.21746273694556,0.40766280568610963,-0.8818282794670003,-1.3785610518695908,-1.1862787677435014,-0.8847413953313055,-0.5860949424955075,-0.3836644547702681
HZA-GN-Z11,GN-z11,10.603,True,0.0,0.1,2.0,82.1113985112456,0.4123785008553264,-0.963748295080145,-1.4604810674827355,-1.2681987833566462,-0.9666614109444502,-0.6680149581086523,-0.4655844703834129
HZA-GN-Z11,GN-z11,10.603,True,0.0,0.1,2.0,93.36082312987881,0.41627729672592856,-1.0314773163869342,-1.5282100887895247,-1.3359278046634353,-1.0343904322512394,-0.7357439794154415,-0.533313491690202
HZA-GN-Z11,GN-z11,10.603,True,0.0,0.1,2.0,100.0,0.4180772458875985,-1.0627456359317184,-1.559478408334309,-1.3671961242082196,-1.0656587517960237,-0.7670122989602257,-0.5645818112349863
HZA-GN-Z11,GN-z11,10.603,True,0.0,0.1,2.0,106.15144125568361,0.41949856592606216,-1.0874364939206504,-1.584169266323241,-1.3918869821971516,-1.0903496097849557,-0.7917031569491577,-0.5892726692239183
HZA-GN-Z11,GN-z11,10.603,True,0.0,0.1,2.0,120.69439945900218,0.4221583580690646,-1.1336418159492734,-1.6303745883518639,-1.4380923042257745,-1.1365549318135786,-0.8379084789777806,-0.6354779912525412
HZA-GN-Z11,GN-z11,10.603,True,0.0,0.1,2.0,137.22977180952068,0.424353187757129,-1.1717699128390269,-1.6685026852416174,-1.476220401115528,-1.174683028703332,-0.8760365758675341,-0.6736060881422947
HZA-GN-Z11,GN-z11,10.603,True,0.0,0.1,2.0,156.03052300111096,0.4261632385215982,-1.2032137151979763,-1.6999464876005668,-1.5076642034744774,-1.2061268310622815,-0.9074803782264835,-0.7050498905012441
HZA-GN-Z11,GN-z11,10.603,True,0.0,0.1,2.0,177.40701443264487,0.42765506406065784,-1.2291293791810132,-1.7258621515836037,-1.5335798674575143,-1.2320424950453184,-0.9333960422095204,-0.730965554484281
HZA-GN-Z11,GN-z11,10.603,True,0.0,0.1,2.0,201.71212763082622,0.4288838593193223,-1.2504757391900876,-1.747208511592678,-1.5549262274665887,-1.2533888550543928,-0.9547424022185949,-0.7523119144933554
HZA-GN-Z11,GN-z11,10.603,True,0.0,0.1,2.0,229.34708959212247,0.4298953653033049,-1.2680473978803182,-1.7647801702829087,-1.5724978861568193,-1.2709605137446234,-0.9723140609088254,-0.769883573183586
HZA-GN-Z11,GN-z11,10.603,True,0.0,0.1,2.0,260.76809620810604,0.4307274633399522,-1.2825024213090561,-1.7792351937116466,-1.5869529095855572,-1.2854155371733613,-0.9867690843375634,-0.784338596612324
HZA-GN-Z11,GN-z11,10.603,True,0.0,0.1,2.0,296.49384311321825,0.43141150697325603,-1.294385476322053,-1.7911182487246435,-1.5988359645985541,-1.2972985921863582,-0.9986521393505603,-0.7962216516253209
HZA-GN-Z11,GN-z11,10.603,True,0.0,0.1,2.0,300.0,0.43146768203410996,-1.2953613370800303,-1.7920941094826208,-1.5998118253565314,-1.2982744529443355,-0.9996280001085376,-0.7971975123832982
HZA-GN-Z11,GN-z11,10.603,True,0.0,0.1,2.0,337.1140882736292,0.4319734328895293,-1.3041471293090883,-1.8008799017116788,-1.6085976175855894,-1.3070602451733935,-1.0084137923375955,-0.8059833046123561
HZA-GN-Z11,GN-z11,10.603,True,0.0,0.1,2.0,383.2993876677698,0.4324346862360118,-1.312159920634559,-1.8088926930371496,-1.6166104089110602,-1.3150730364988643,-1.0164265836630664,-0.813996095937827
HZA-GN-Z11,GN-z11,10.603,True,0.0,0.1,2.0,435.8121647744256,0.4328129903960501,-1.3187317370019862,-1.8154645094045767,-1.6231822252784873,-1.3216448528662914,-1.0229984000304935,-0.820567912305254
HZA-GN-Z11,GN-z11,10.603,True,0.0,0.1,2.0,495.51929660267956,0.43312298667645627,-1.3241169239616237,-1.8208496963642142,-1.6285674122381248,-1.327030039825929,-1.028383586990131,-0.8259530992648916
HZA-GN-Z11,GN-z11,10.603,True,0.0,0.1,2.0,563.4064240329424,0.43337676538659925,-1.3285255116992083,-1.8252582841017988,-1.6329759999757094,-1.3314386275635135,-1.0327921747277156,-0.8303616870024761
HZA-GN-Z11,GN-z11,10.603,True,0.0,0.1,2.0,640.5942227031146,0.4335843063803065,-1.332130868032639,-1.8288636404352294,-1.63658135630914,-1.3350439838969441,-1.0363975310611462,-0.8339670433359068
HZA-GN-Z11,GN-z11,10.603,True,0.0,0.1,2.0,728.3569030384599,0.43375384422559066,-1.3350760420598675,-1.831808814462458,-1.6395265303363686,-1.3379891579241727,-1.0393427050883748,-0.8369122173631354
HZA-GN-Z11,GN-z11,10.603,True,0.0,0.1,2.0,828.1432448223001,0.43389217070084196,-1.3374790190559782,-1.8342117914585687,-1.6419295073324793,-1.3403921349202834,-1.0417456820844855,-0.8393151943592461
HZA-GN-Z11,GN-z11,10.603,True,0.0,0.1,2.0,941.6005135446557,0.43400488523101455,-1.3394370709953485,-1.836169843397939,-1.6438875592718496,-1.3423501868596537,-1.0437037340238557,-0.8412732462986163
HZA-GN-Z11,GN-z11,10.603,True,0.0,0.1,2.0,1070.6016533381312,0.43409660212034396,-1.3410303565526727,-1.8377631289552632,-1.6454808448291738,-1.3439434724169779,-1.04529701958118,-0.8428665318559405
HZA-GN-Z11,GN-z11,10.603,True,0.0,0.1,2.0,1100.0,0.43411364171153427,-1.3413263645697864,-1.8380591369723769,-1.6457768528462875,-1.3442394804340916,-1.0455930275982936,-0.8431625398730542
HZA-GN-Z11,GN-z11,10.603,True,0.0,0.1,2.0,1217.2762054000095,0.4341711219617418,-1.3423248987891272,-1.8390576711917177,-1.6467753870656283,-1.3452380146534324,-1.0465915618176345,-0.844161074092395
HZA-GN-Z11,GN-z11,10.603,True,0.0,0.1,2.0,1384.0454622995594,0.4342315733653018,-1.3433750472287036,-1.840107819631294,-1.6478255355052047,-1.3462881630930088,-1.0476417102572109,-0.8452112225319715
HZA-GN-Z11,GN-z11,10.603,True,0.0,0.1,2.0,1573.662438495233,0.43428053011274015,-1.3442255130392802,-1.8409582854418707,-1.6486760013157813,-1.3471386289035854,-1.0484921760677874,-0.846061688342548
HZA-GN-Z11,GN-z11,10.603,True,0.0,0.1,2.0,1789.257316892076,0.4343201079794198,-1.3449130510034593,-1.8416458234060498,-1.6493635392799604,-1.3478261668677645,-1.0491797140319665,-0.8467492263067271
HZA-GN-Z11,GN-z11,10.603,True,0.0,0.1,2.0,2034.389121667738,0.43435204474370565,-1.345467849423427,-1.8422006218260174,-1.649918337699928,-1.348380965287732,-1.0497345124519342,-0.8473040247266947
HZA-GN-Z11,GN-z11,10.603,True,0.0,0.1,2.0,2313.104470378237,0.4343777663015905,-1.34591467864964,-1.8426474510522306,-1.6503651669261412,-1.3488277945139453,-1.0501813416781474,-0.847750853952908
HZA-GN-Z11,GN-z11,10.603,True,0.0,0.1,2.0,2630.004375218852,0.43439844130319993,-1.3462738402141339,-1.8430066126167244,-1.650724328490635,-1.349186956078439,-1.0505405032426411,-0.8481100155174017
HZA-GN-Z11,GN-z11,10.603,True,0.0,0.1,2.0,2990.320196190382,0.4344150263104206,-1.346561951298864,-1.8432947237014545,-1.6510124395753651,-1.3494750671631692,-1.0508286143273713,-0.8483981266021319
HZA-GN-Z11,GN-z11,10.603,True,0.0,0.1,2.0,3400.0,0.4344283031276785,-1.3467925932377574,-1.8435253656403479,-1.6512430815142585,-1.3497057091020626,-1.0510592562662646,-0.8486287685410252
HZA-GN-Z11,GN-z11,10.603,True,0.0,0.057190958417936644,0.3,20.0,0.2566495515154844,4.975017382512622,4.478284610110032,4.670566894236121,4.9721042666483175,5.2707507194841146,5.473181207209354
HZA-GN-Z11,GN-z11,10.603,True,0.0,0.057190958417936644,0.3,22.74003970766435,0.286681635934966,4.83167490962091,4.334942137218319,4.527224421344409,4.8287617937566045,5.1274082465924025,5.329838734317642
HZA-GN-Z11,GN-z11,10.603,True,0.0,0.057190958417936644,0.3,25.0,0.30563496031507625,4.741211112695732,4.244478340293141,4.436760624419231,4.7382979968314265,5.036944449667224,5.239374937392464
HZA-GN-Z11,GN-z11,10.603,True,0.0,0.057190958417936644,0.3,25.85547029530757,0.3117809433351469,4.711876472044684,4.215143699642095,4.407425983768183,4.70896335618038,5.007609809016177,5.2100402967414166
HZA-GN-Z11,GN-z11,10.603,True,0.0,0.057190958417936644,0.3,29.39772105878151,0.33272331084721085,4.611919016363087,4.115186243960498,4.307468528086586,4.609005900498783,4.90765235333458,5.110082841059819
HZA-GN-Z11,GN-z11,10.603,True,0.0,0.057190958417936644,0.3,30.0,0.33569608509280524,4.597730030818153,4.100997258415562,4.293279542541652,4.594816914953848,4.8934633677896455,5.095893855514885
HZA-GN-Z11,GN-z11,10.603,True,0.0,0.057190958417936644,0.3,33.425267209576596,0.35017156126587157,4.528638904076834,4.031906131674243,4.224188415800333,4.525725788212529,4.8243722410483265,5.026802728773566
HZA-GN-Z11,GN-z11,10.603,True,0.0,0.057190958417936644,0.3,38.004595179253144,0.36468952117458153,4.4593450034074795,3.962612231004889,4.154894515130978,4.456431887543174,4.755078340378972,4.957508828104212
HZA-GN-Z11,GN-z11,10.603,True,0.0,0.057190958417936644,0.3,43.21130017249628,0.3767549955775208,4.401756761666688,3.905023989264097,4.097306273390187,4.3988436458023825,4.6974900986381805,4.89992058636342
HZA-GN-Z11,GN-z11,10.603,True,0.0,0.057190958417936644,0.3,49.13133408711842,0.386771552692414,4.3539479567014725,3.857215184298882,4.049497468424971,4.351034840837167,4.649681293672965,4.852111781398205
HZA-GN-Z11,GN-z11,10.603,True,0.0,0.057190958417936644,0.3,55.862424401579815,0.3950790693216513,4.314296364071711,3.8175635916691206,4.00984587579521,4.311383248207406,4.610029701043204,4.812460188768443
HZA-GN-Z11,GN-z11,10.603,True,0.0,0.057190958417936644,0.3,60.0,0.3990694182227384,4.295250517263572,3.7985177448609813,3.9908000289870706,4.292337401399267,4.5909838542350645,4.793414341960304
HZA-GN-Z11,GN-z11,10.603,True,0.0,0.057190958417936644,0.3,63.51568745291611,0.4019630536706703,4.281439259444763,3.7847064870421727,3.976988771168262,4.278526143580458,4.577172596416256,4.779603084141495
HZA-GN-Z11,GN-z11,10.603,True,0.0,0.057190958417936644,0.3,72.21746273694556,0.40766280568610963,4.254234469482445,3.7575016970798547,3.949783981205944,4.25132135361814,4.549967806453938,4.752398294179177
HZA-GN-Z11,GN-z11,10.603,True,0.0,0.057190958417936644,0.3,82.1113985112456,0.4123785008553264,4.2317265610230335,3.734993788620443,3.9272760727465323,4.228813445158728,4.527459897994526,4.729890385719766
HZA-GN-Z11,GN-z11,10.603,True,0.0,0.057190958417936644,0.3,93.36082312987881,0.41627729672592856,4.213117694798964,3.7163849223963727,3.908667206522462,4.210204578934658,4.508851031770456,4.711281519495696
HZA-GN-Z11,GN-z11,10.603,True,0.0,0.057190958417936644,0.3,100.0,0.4180772458875985,4.20452657736904,3.7077938049664496,3.900076089092539,4.201613461504735,4.500259914340533,4.702690402065772
HZA-GN-Z11,GN-z11,10.603,True,0.0,0.057190958417936644,0.3,106.15144125568361,0.41949856592606216,4.197742648347058,3.7010098759444676,3.893292160070557,4.194829532482753,4.49347598531855,4.69590647304379
HZA-GN-Z11,GN-z11,10.603,True,0.0,0.057190958417936644,0.3,120.69439945900218,0.4221583580690646,4.185047519436573,3.688314747033982,3.8805970311600713,4.182134403572267,4.480780856408066,4.683211344133305
HZA-GN-Z11,GN-z11,10.603,True,0.0,0.057190958417936644,0.3,137.22977180952068,0.424353187757129,4.174571646011709,3.6778388736091188,3.870121157735208,4.171658530147404,4.470304982983202,4.672735470708441
HZA-GN-Z11,GN-z11,10.603,True,0.0,0.057190958417936644,0.3,156.03052300111096,0.4261632385215982,4.165932313855655,3.6691995414530645,3.861481825579154,4.16301919799135,4.461665650827148,4.664096138552387
HZA-GN-Z11,GN-z11,10.603,True,0.0,0.057190958417936644,0.3,177.40701443264487,0.42765506406065784,4.1588118636429785,3.662079091240388,3.8543613753664774,4.155898747778673,4.454545200614471,4.656975688339711
HZA-GN-Z11,GN-z11,10.603,True,0.0,0.057190958417936644,0.3,201.71212763082622,0.4288838593193223,4.152946851125222,3.656214078722632,3.848496362848721,4.150033735260918,4.448680188096715,4.651110675821954
HZA-GN-Z11,GN-z11,10.603,True,0.0,0.057190958417936644,0.3,229.34708959212247,0.4298953653033049,4.148118955496546,3.651386183093956,3.8436684672200454,4.145205839632242,4.443852292468039,4.646282780193278
HZA-GN-Z11,GN-z11,10.603,True,0.0,0.057190958417936644,0.3,260.76809620810604,0.4307274633399522,4.144147370021647,3.647414597619057,3.8396968817451462,4.141234254157342,4.43988070699314,4.6423111947183795
HZA-GN-Z11,GN-z11,10.603,True,0.0,0.057190958417936644,0.3,296.49384311321825,0.43141150697325603,4.140882444930401,3.6441496725278104,3.8364319566539,4.137969329066095,4.436615781901894,4.6390462696271335
HZA-GN-Z11,GN-z11,10.603,True,0.0,0.057190958417936644,0.3,300.0,0.43146768203410996,4.140614322610778,3.6438815502081883,3.8361638343342777,4.137701206746474,4.436347659582271,4.6387781473075105
HZA-GN-Z11,GN-z11,10.603,True,0.0,0.057190958417936644,0.3,337.1140882736292,0.4319734328895293,4.138200384994251,3.6414676125916605,3.83374989671775,4.135287269129946,4.433933721965744,4.636364209690983
HZA-GN-Z11,GN-z11,10.603,True,0.0,0.057190958417936644,0.3,383.2993876677698,0.4324346862360118,4.135998833001027,3.639266060598437,3.8315483447245264,4.133085717136723,4.43173216997252,4.634162657697759
HZA-GN-Z11,GN-z11,10.603,True,0.0,0.057190958417936644,0.3,435.8121647744256,0.4328129903960501,4.1341931956350795,3.6374604232324894,3.829742707358579,4.131280079770775,4.429926532606572,4.632357020331812
HZA-GN-Z11,GN-z11,10.603,True,0.0,0.057190958417936644,0.3,495.51929660267956,0.43312298667645627,4.132713590263704,3.635980817861114,3.8282631019872033,4.129800474399399,4.428446927235197,4.630877414960437
HZA-GN-Z11,GN-z11,10.603,True,0.0,0.057190958417936644,0.3,563.4064240329424,0.43337676538659925,4.131502310108419,3.6347695377058287,3.827051821831918,4.128589194244114,4.427235647079912,4.629666134805151
HZA-GN-Z11,GN-z11,10.603,True,0.0,0.057190958417936644,0.3,640.5942227031146,0.4335843063803065,4.1305117215482365,3.6337789491456456,3.826061233271735,4.12759860568393,4.426245058519729,4.628675546244969
HZA-GN-Z11,GN-z11,10.603,True,0.0,0.057190958417936644,0.3,728.3569030384599,0.43375384422559066,4.1297025211726535,3.6329697487700634,3.825252032896153,4.126789405308349,4.425435858144146,4.627866345869386
HZA-GN-Z11,GN-z11,10.603,True,0.0,0.057190958417936644,0.3,828.1432448223001,0.43389217070084196,4.1290422919740415,3.6323095195714514,3.824591803697541,4.126129176109737,4.424775628945534,4.627206116670774
HZA-GN-Z11,GN-z11,10.603,True,0.0,0.057190958417936644,0.3,941.6005135446557,0.43400488523101455,4.128504308021277,3.6317715356186864,3.8240538197447758,4.125591192156971,4.42423764499277,4.6266681327180095
HZA-GN-Z11,GN-z11,10.603,True,0.0,0.057190958417936644,0.3,1070.6016533381312,0.43409660212034396,4.128066545342577,3.6313337729399864,3.8236160570660758,4.125153429478272,4.42379988231407,4.626230370039309
HZA-GN-Z11,GN-z11,10.603,True,0.0,0.057190958417936644,0.3,1100.0,0.43411364171153427,4.127985215751725,3.631252443349134,3.8235347274752236,4.1250720998874195,4.4237185527232175,4.626149040448457
HZA-GN-Z11,GN-z11,10.603,True,0.0,0.057190958417936644,0.3,1217.2762054000095,0.4341711219617418,4.127710863792264,3.6309780913896734,3.823260375515763,4.124797747927959,4.423444200763757,4.625874688488996
HZA-GN-Z11,GN-z11,10.603,True,0.0,0.057190958417936644,0.3,1384.0454622995594,0.4342315733653018,4.1274223305837445,3.6306895581811545,3.822971842307244,4.12450921471944,4.423155667555237,4.625586155280477
HZA-GN-Z11,GN-z11,10.603,True,0.0,0.057190958417936644,0.3,1573.662438495233,0.43428053011274015,4.127188661113969,3.630455888711379,3.8227381728374685,4.124275545249665,4.422921998085462,4.625352485810701
HZA-GN-Z11,GN-z11,10.603,True,0.0,0.057190958417936644,0.3,1789.257316892076,0.4343201079794198,4.126999756834053,3.630266984431463,3.822549268557552,4.1240866409697485,4.422733093805546,4.625163581530785
HZA-GN-Z11,GN-z11,10.603,True,0.0,0.057190958417936644,0.3,2034.389121667738,0.43435204474370565,4.126847323366401,3.6301145509638104,3.8223968350899,4.123934207502096,4.422580660337894,4.625011148063133
HZA-GN-Z11,GN-z11,10.603,True,0.0,0.057190958417936644,0.3,2313.104470378237,0.4343777663015905,4.126724554941061,3.629991782538471,3.8222740666645603,4.123811439076756,4.422457891912554,4.6248883796377935
HZA-GN-Z11,GN-z11,10.603,True,0.0,0.057190958417936644,0.3,2630.004375218852,0.43439844130319993,4.126625873616904,3.629893101214313,3.8221753853404024,4.123712757752598,4.422359210588397,4.624789698313636
HZA-GN-Z11,GN-z11,10.603,True,0.0,0.057190958417936644,0.3,2990.320196190382,0.4344150263104206,4.126546713745256,3.629813941342666,3.8220962254687554,4.123633597880952,4.422280050716749,4.624710538441988
HZA-GN-Z11,GN-z11,10.603,True,0.0,0.057190958417936644,0.3,3400.0,0.4344283031276785,4.126483343790934,3.629750571388344,3.822032855514433,4.1235702279266295,4.422216680762427,4.624647168487666
HZA-GN-Z11,GN-z11,10.603,True,0.0,0.057190958417936644,1.0,20.0,0.2566495515154844,2.1167246083754065,1.619991835972816,1.8122741200989054,2.1138114925111013,2.4124579453468993,2.6148884330721387
HZA-GN-Z11,GN-z11,10.603,True,0.0,0.057190958417936644,1.0,22.74003970766435,0.286681635934966,1.6389163654030314,1.142183593000441,1.3344658771265303,1.6360032495387262,1.9346497023745242,2.1370801900997636
HZA-GN-Z11,GN-z11,10.603,True,0.0,0.057190958417936644,1.0,25.0,0.30563496031507625,1.337370375652438,0.8406376032498475,1.0329198873759369,1.3344572597881328,1.6331037126239307,1.8355342003491701
HZA-GN-Z11,GN-z11,10.603,True,0.0,0.057190958417936644,1.0,25.85547029530757,0.3117809433351469,1.2395882401489482,0.7428554677463577,0.9351377518724471,1.236675124284643,1.535321577120441,1.7377520648456803
HZA-GN-Z11,GN-z11,10.603,True,0.0,0.057190958417936644,1.0,29.39772105878151,0.33272331084721085,0.9063967212102915,0.40966394880770096,0.6019462329337903,0.9034836053459863,1.2021300581817842,1.4045605459070236
HZA-GN-Z11,GN-z11,10.603,True,0.0,0.057190958417936644,1.0,30.0,0.33569608509280524,0.859100102727175,0.36236733032458446,0.5546496144506738,0.8561869868628698,1.1548334396986677,1.3572639274239071
HZA-GN-Z11,GN-z11,10.603,True,0.0,0.057190958417936644,1.0,33.425267209576596,0.35017156126587157,0.6287963469227789,0.13206357452018835,0.32434585864627774,0.6258832310584737,0.9245296838942716,1.126960171619511
HZA-GN-Z11,GN-z11,10.603,True,0.0,0.057190958417936644,1.0,38.004595179253144,0.36468952117458153,0.39781667802493104,-0.09891609437765947,0.09336618974842992,0.39490356216062583,0.6935500149964238,0.8959805027216632
HZA-GN-Z11,GN-z11,10.603,True,0.0,0.057190958417936644,1.0,43.21130017249628,0.3767549955775208,0.2058558722222914,-0.2908769001802991,-0.09859461605420972,0.2029427563579862,0.5015892091937841,0.7040196969190236
HZA-GN-Z11,GN-z11,10.603,True,0.0,0.057190958417936644,1.0,49.13133408711842,0.386771552692414,0.04649318900490851,-0.450239583397682,-0.2579572992715926,0.043580073140603304,0.34222652597640124,0.5446570137016407
HZA-GN-Z11,GN-z11,10.603,True,0.0,0.057190958417936644,1.0,55.862424401579815,0.3950790693216513,-0.08567878642763205,-0.5824115588302226,-0.39012927470413317,-0.08859190229193725,0.21005455054386069,0.4124850382691001
HZA-GN-Z11,GN-z11,10.603,True,0.0,0.057190958417936644,1.0,60.0,0.3990694182227384,-0.1491649424547612,-0.6458977148573517,-0.4536154307312623,-0.1520780583190664,0.14656839451673154,0.34899888224197095
HZA-GN-Z11,GN-z11,10.603,True,0.0,0.057190958417936644,1.0,63.51568745291611,0.4019630536706703,-0.19520246851745693,-0.6919352409200474,-0.49965295679395805,-0.19811558438176213,0.1005308684540358,0.3029613561792752
HZA-GN-Z11,GN-z11,10.603,True,0.0,0.057190958417936644,1.0,72.21746273694556,0.40766280568610963,-0.28588510172518244,-0.782617874127773,-0.5903355900016836,-0.28879821758948765,0.009848235246310288,0.2122787229715497
HZA-GN-Z11,GN-z11,10.603,True,0.0,0.057190958417936644,1.0,82.1113985112456,0.4123785008553264,-0.3609114632565573,-0.8576442356591478,-0.6653619515330584,-0.3638245791208625,-0.06517812628506459,0.13725236144017483
HZA-GN-Z11,GN-z11,10.603,True,0.0,0.057190958417936644,1.0,93.36082312987881,0.41627729672592856,-0.42294101733679046,-0.919673789739381,-0.7273915056132916,-0.42585413320109566,-0.12720768036529773,0.07522280735994169
HZA-GN-Z11,GN-z11,10.603,True,0.0,0.057190958417936644,1.0,100.0,0.4180772458875985,-0.45157807543653394,-0.9483108478391244,-0.7560285637130351,-0.45449119130083915,-0.1558447384650412,0.046585749260198206
HZA-GN-Z11,GN-z11,10.603,True,0.0,0.057190958417936644,1.0,106.15144125568361,0.41949856592606216,-0.47419117217647244,-0.970923944579063,-0.7786416604529736,-0.47710428804077765,-0.1784578352049797,0.023972652520259707
HZA-GN-Z11,GN-z11,10.603,True,0.0,0.057190958417936644,1.0,120.69439945900218,0.4221583580690646,-0.5165082685447597,-1.0132410409473502,-0.8209587568212608,-0.5194213844090649,-0.220774931573267,-0.01834444384802758
HZA-GN-Z11,GN-z11,10.603,True,0.0,0.057190958417936644,1.0,137.22977180952068,0.424353187757129,-0.5514278466276377,-1.0481606190302282,-0.8558783349041388,-0.5543409624919429,-0.25569450965614493,-0.053264021930905514
HZA-GN-Z11,GN-z11,10.603,True,0.0,0.057190958417936644,1.0,156.03052300111096,0.4261632385215982,-0.5802256204811496,-1.07695839288374,-0.8846761087576507,-0.5831387363454548,-0.28449228350965683,-0.08206179578441741
HZA-GN-Z11,GN-z11,10.603,True,0.0,0.057190958417936644,1.0,177.40701443264487,0.42765506406065784,-0.6039604545234054,-1.100693226925996,-0.9084109427999065,-0.6068735703877106,-0.3082271175519127,-0.10579662982667326
HZA-GN-Z11,GN-z11,10.603,True,0.0,0.057190958417936644,1.0,201.71212763082622,0.4288838593193223,-0.6235104962492608,-1.1202432686518513,-0.9279609845257619,-0.626423612113566,-0.32777715927776807,-0.12534667155252865
HZA-GN-Z11,GN-z11,10.603,True,0.0,0.057190958417936644,1.0,229.34708959212247,0.4298953653033049,-0.6396034816781784,-1.1363362540807689,-0.9440539699546795,-0.6425165975424836,-0.34387014470668564,-0.14143965698144623
HZA-GN-Z11,GN-z11,10.603,True,0.0,0.057190958417936644,1.0,260.76809620810604,0.4307274633399522,-0.6528420999278435,-1.149574872330434,-0.9572925882043446,-0.6557552157921487,-0.35710876295635074,-0.15467827523111133
HZA-GN-Z11,GN-z11,10.603,True,0.0,0.057190958417936644,1.0,296.49384311321825,0.43141150697325603,-0.6637251835653313,-1.1604579559679218,-0.9681756718418324,-0.6666382994296365,-0.36799184659383855,-0.16556135886859913
HZA-GN-Z11,GN-z11,10.603,True,0.0,0.057190958417936644,1.0,300.0,0.43146768203410996,-0.664618924630739,-1.1613516970333295,-0.9690694129072401,-0.6675320404950442,-0.3688855876592463,-0.16645509993400687
HZA-GN-Z11,GN-z11,10.603,True,0.0,0.057190958417936644,1.0,337.1140882736292,0.4319734328895293,-0.6726653833524967,-1.1693981557550872,-0.9771158716289978,-0.6755784992168019,-0.37693204638100397,-0.17450155865576455
HZA-GN-Z11,GN-z11,10.603,True,0.0,0.057190958417936644,1.0,383.2993876677698,0.4324346862360118,-0.6800038899965761,-1.1767366623991666,-0.9844543782730772,-0.6829170058608813,-0.3842705530250834,-0.18184006529984398
HZA-GN-Z11,GN-z11,10.603,True,0.0,0.057190958417936644,1.0,435.8121647744256,0.4328129903960501,-0.6860226812164019,-1.1827554536189924,-0.990473169492903,-0.6889357970807071,-0.39028934424490913,-0.18785885651966971
HZA-GN-Z11,GN-z11,10.603,True,0.0,0.057190958417936644,1.0,495.51929660267956,0.43312298667645627,-0.6909546991209856,-1.1876874715235761,-0.9954051873974867,-0.6938678149852908,-0.3952213621494929,-0.19279087442425347
HZA-GN-Z11,GN-z11,10.603,True,0.0,0.057190958417936644,1.0,563.4064240329424,0.43337676538659925,-0.6949922996386029,-1.1917250720411934,-0.999442787915104,-0.6979054155029081,-0.39925896266711014,-0.19682847494187072
HZA-GN-Z11,GN-z11,10.603,True,0.0,0.057190958417936644,1.0,640.5942227031146,0.4335843063803065,-0.6982942615058807,-1.1950270339084712,-1.0027447497823818,-0.7012073773701859,-0.40256092453438796,-0.20013043680914855
HZA-GN-Z11,GN-z11,10.603,True,0.0,0.057190958417936644,1.0,728.3569030384599,0.43375384422559066,-0.7009915960911552,-1.1977243684937458,-1.0054420843676564,-0.7039047119554604,-0.4052582591196625,-0.2028277713944231
HZA-GN-Z11,GN-z11,10.603,True,0.0,0.057190958417936644,1.0,828.1432448223001,0.43389217070084196,-0.7031923600865273,-1.1999251324891178,-1.0076428483630284,-0.7061054759508325,-0.40745902311503457,-0.20502853538979515
HZA-GN-Z11,GN-z11,10.603,True,0.0,0.057190958417936644,1.0,941.6005135446557,0.43400488523101455,-0.7049856399290775,-1.201718412331668,-1.0094361282055786,-0.7078987557933827,-0.40925230295758475,-0.20682181523234533
HZA-GN-Z11,GN-z11,10.603,True,0.0,0.057190958417936644,1.0,1070.6016533381312,0.43409660212034396,-0.7064448488580775,-1.203177621260668,-1.0108953371345786,-0.7093579647223827,-0.4107115118865847,-0.2082810241613453
HZA-GN-Z11,GN-z11,10.603,True,0.0,0.057190958417936644,1.0,1100.0,0.43411364171153427,-0.7067159474942519,-1.2034487198968424,-1.011166435770753,-0.7096290633585571,-0.4109826105227592,-0.20855212279751978
HZA-GN-Z11,GN-z11,10.603,True,0.0,0.057190958417936644,1.0,1217.2762054000095,0.4341711219617418,-0.7076304540257885,-1.204363226428379,-1.0120809423022896,-0.7105435698900937,-0.41189711705429577,-0.20946662932905635
HZA-GN-Z11,GN-z11,10.603,True,0.0,0.057190958417936644,1.0,1384.0454622995594,0.4342315733653018,-0.7085922313875193,-1.2053250037901098,-1.0130427196640204,-0.7115053472518245,-0.4128588944160265,-0.2104284066907871
HZA-GN-Z11,GN-z11,10.603,True,0.0,0.057190958417936644,1.0,1573.662438495233,0.43428053011274015,-0.7093711296201031,-1.2061039020226936,-1.0138216178966042,-0.7122842454844083,-0.41363779264861034,-0.21120730492337092
HZA-GN-Z11,GN-z11,10.603,True,0.0,0.057190958417936644,1.0,1789.257316892076,0.4343201079794198,-0.7100008105531552,-1.2067335829557457,-1.0144512988296563,-0.7129139264174604,-0.4142674735816625,-0.21183698585642308
HZA-GN-Z11,GN-z11,10.603,True,0.0,0.057190958417936644,1.0,2034.389121667738,0.43435204474370565,-0.7105089221119982,-1.2072416945145887,-1.0149594103884994,-0.7134220379763034,-0.4147755851405055,-0.21234509741526608
HZA-GN-Z11,GN-z11,10.603,True,0.0,0.057190958417936644,1.0,2313.104470378237,0.4343777663015905,-0.7109181501964619,-1.2076509225990524,-1.015368638472963,-0.7138312660607671,-0.41518481322496914,-0.21275432549972972
HZA-GN-Z11,GN-z11,10.603,True,0.0,0.057190958417936644,1.0,2630.004375218852,0.43439844130319993,-0.7112470879436561,-1.2079798603462466,-1.0156975762201572,-0.7141602038079613,-0.41551375097216336,-0.21308326324692395
HZA-GN-Z11,GN-z11,10.603,True,0.0,0.057190958417936644,1.0,2990.320196190382,0.4344150263104206,-0.7115109541824793,-1.2082437265850698,-1.0159614424589805,-0.7144240700467845,-0.4157776172109866,-0.2133471294857472
HZA-GN-Z11,GN-z11,10.603,True,0.0,0.057190958417936644,1.0,3400.0,0.4344283031276785,-0.711722187363554,-1.2084549597661445,-1.016172675640055,-0.7146353032278592,-0.41598885039206124,-0.21355836266682182
HZA-GN-Z11,GN-z11,10.603,True,0.0,0.057190958417936644,2.0,20.0,0.2566495515154844,-1.966550783249187,-2.4632835556517776,-2.271001271525688,-1.9694638991134923,-1.6708174462776944,-1.468386958552455
HZA-GN-Z11,GN-z11,10.603,True,0.0,0.057190958417936644,2.0,22.74003970766435,0.286681635934966,-2.9221672691939373,-3.418900041596528,-3.2266177574704384,-2.9250803850582425,-2.6264339322224446,-2.424003444497205
HZA-GN-Z11,GN-z11,10.603,True,0.0,0.057190958417936644,2.0,25.0,0.30563496031507625,-3.525259248695124,-4.021992021097715,-3.8297097369716253,-3.5281723645594294,-3.2295259117236315,-3.027095423998392
HZA-GN-Z11,GN-z11,10.603,True,0.0,0.057190958417936644,2.0,25.85547029530757,0.3117809433351469,-3.720823519702104,-4.217556292104694,-4.025274007978605,-3.723736635566409,-3.425090182730611,-3.2226596950053716
HZA-GN-Z11,GN-z11,10.603,True,0.0,0.057190958417936644,2.0,29.39772105878151,0.33272331084721085,-4.387206557579417,-4.883939329982008,-4.691657045855918,-4.3901196734437224,-4.0914732206079245,-3.889042732882685
HZA-GN-Z11,GN-z11,10.603,True,0.0,0.057190958417936644,2.0,30.0,0.33569608509280524,-4.48179979454565,-4.978532566948241,-4.786250282822151,-4.4847129104099555,-4.1860664575741575,-3.983635969848918
HZA-GN-Z11,GN-z11,10.603,True,0.0,0.057190958417936644,2.0,33.425267209576596,0.35017156126587157,-4.9424073061544425,-5.439140078557033,-5.246857794430944,-4.945320422018748,-4.64667396918295,-4.44424348145771
HZA-GN-Z11,GN-z11,10.603,True,0.0,0.057190958417936644,2.0,38.004595179253144,0.36468952117458153,-5.404366643950138,-5.901099416352729,-5.708817132226639,-5.407279759814443,-5.108633306978645,-4.906202819253406
HZA-GN-Z11,GN-z11,10.603,True,0.0,0.057190958417936644,2.0,43.21130017249628,0.3767549955775208,-5.788288255555417,-6.285021027958008,-6.0927387438319185,-5.791201371419723,-5.492554918583925,-5.290124430858685
HZA-GN-Z11,GN-z11,10.603,True,0.0,0.057190958417936644,2.0,49.13133408711842,0.386771552692414,-6.107013621990183,-6.603746394392774,-6.411464110266684,-6.109926737854488,-5.81128028501869,-5.608849797293451
HZA-GN-Z11,GN-z11,10.603,True,0.0,0.057190958417936644,2.0,55.862424401579815,0.3950790693216513,-6.371357572855264,-6.868090345257855,-6.675808061131765,-6.3742706887195695,-6.0756242358837715,-5.873193748158532
HZA-GN-Z11,GN-z11,10.603,True,0.0,0.057190958417936644,2.0,60.0,0.3990694182227384,-6.498329884909523,-6.995062657312113,-6.802780373186024,-6.501243000773828,-6.20259654793803,-6.00016606021279
HZA-GN-Z11,GN-z11,10.603,True,0.0,0.057190958417936644,2.0,63.51568745291611,0.4019630536706703,-6.590404937034914,-7.0871377094375045,-6.894855425311415,-6.593318052899219,-6.294671600063421,-6.092241112338182
HZA-GN-Z11,GN-z11,10.603,True,0.0,0.057190958417936644,2.0,72.21746273694556,0.40766280568610963,-6.771770203450365,-7.268502975852956,-7.076220691726866,-6.77468331931467,-6.476036866478872,-6.273606378753633
HZA-GN-Z11,GN-z11,10.603,True,0.0,0.057190958417936644,2.0,82.1113985112456,0.4123785008553264,-6.921822926513115,-7.418555698915705,-7.226273414789616,-6.92473604237742,-6.626089589541622,-6.423659101816383
HZA-GN-Z11,GN-z11,10.603,True,0.0,0.057190958417936644,2.0,93.36082312987881,0.41627729672592856,-7.045882034673581,-7.542614807076172,-7.350332522950082,-7.048795150537886,-6.750148697702088,-6.547718209976849
HZA-GN-Z11,GN-z11,10.603,True,0.0,0.057190958417936644,2.0,100.0,0.4180772458875985,-7.103156150873068,-7.599888923275659,-7.407606639149569,-7.106069266737373,-6.807422813901575,-6.604992326176336
HZA-GN-Z11,GN-z11,10.603,True,0.0,0.057190958417936644,2.0,106.15144125568361,0.41949856592606216,-7.148382344352945,-7.645115116755536,-7.452832832629446,-7.15129546021725,-6.852649007381452,-6.650218519656213
HZA-GN-Z11,GN-z11,10.603,True,0.0,0.057190958417936644,2.0,120.69439945900218,0.4221583580690646,-7.23301653708952,-7.72974930949211,-7.537467025366021,-7.235929652953825,-6.937283200118027,-6.7348527123927875
HZA-GN-Z11,GN-z11,10.603,True,0.0,0.057190958417936644,2.0,137.22977180952068,0.424353187757129,-7.3028556932552755,-7.799588465657866,-7.607306181531777,-7.305768809119581,-7.007122356283783,-6.804691868558543
HZA-GN-Z11,GN-z11,10.603,True,0.0,0.057190958417936644,2.0,156.03052300111096,0.4261632385215982,-7.360451240962299,-7.85718401336489,-7.6649017292388,-7.3633643568266045,-7.064717903990807,-6.862287416265567
HZA-GN-Z11,GN-z11,10.603,True,0.0,0.057190958417936644,2.0,177.40701443264487,0.42765506406065784,-7.407920909046811,-7.9046536814494015,-7.712371397323312,-7.410834024911116,-7.112187572075318,-6.909757084350079
HZA-GN-Z11,GN-z11,10.603,True,0.0,0.057190958417936644,2.0,201.71212763082622,0.4288838593193223,-7.447020992498522,-7.943753764901112,-7.751471480775023,-7.449934108362827,-7.151287655527029,-6.94885716780179
HZA-GN-Z11,GN-z11,10.603,True,0.0,0.057190958417936644,2.0,229.34708959212247,0.4298953653033049,-7.479206963356357,-7.975939735758947,-7.783657451632858,-7.482120079220662,-7.183473626384864,-6.981043138659625
HZA-GN-Z11,GN-z11,10.603,True,0.0,0.057190958417936644,2.0,260.76809620810604,0.4307274633399522,-7.505684199855687,-8.002416972258278,-7.810134688132188,-7.508597315719992,-7.209950862884194,-7.007520375158955
HZA-GN-Z11,GN-z11,10.603,True,0.0,0.057190958417936644,2.0,296.49384311321825,0.43141150697325603,-7.527450367130663,-8.024183139533253,-7.831900855407164,-7.530363482994968,-7.23171703015917,-7.029286542433931
HZA-GN-Z11,GN-z11,10.603,True,0.0,0.057190958417936644,2.0,300.0,0.43146768203410996,-7.529237849261478,-8.025970621664069,-7.833688337537979,-7.532150965125783,-7.2335045122899855,-7.031074024564746
HZA-GN-Z11,GN-z11,10.603,True,0.0,0.057190958417936644,2.0,337.1140882736292,0.4319734328895293,-7.545330766704994,-8.042063539107584,-7.849781254981495,-7.548243882569299,-7.249597429733501,-7.047166942008261
HZA-GN-Z11,GN-z11,10.603,True,0.0,0.057190958417936644,2.0,383.2993876677698,0.4324346862360118,-7.560007779993152,-8.056740552395743,-7.8644582682696536,-7.562920895857458,-7.26427444302166,-7.06184395529642
HZA-GN-Z11,GN-z11,10.603,True,0.0,0.057190958417936644,2.0,435.8121647744256,0.4328129903960501,-7.572045362432804,-8.068778134835394,-7.876495850709305,-7.574958478297109,-7.276312025461311,-7.073881537736072
HZA-GN-Z11,GN-z11,10.603,True,0.0,0.057190958417936644,2.0,495.51929660267956,0.43312298667645627,-7.581909398241971,-8.078642170644562,-7.8863598865184725,-7.584822514106277,-7.286176061270479,-7.083745573545239
HZA-GN-Z11,GN-z11,10.603,True,0.0,0.057190958417936644,2.0,563.4064240329424,0.43337676538659925,-7.589984599277206,-8.086717371679796,-7.894435087553707,-7.592897715141511,-7.294251262305713,-7.091820774580474
HZA-GN-Z11,GN-z11,10.603,True,0.0,0.057190958417936644,2.0,640.5942227031146,0.4335843063803065,-7.596588523011762,-8.093321295414352,-7.901039011288263,-7.599501638876067,-7.300855186040269,-7.098424698315029
HZA-GN-Z11,GN-z11,10.603,True,0.0,0.057190958417936644,2.0,728.3569030384599,0.43375384422559066,-7.601983192182311,-8.098715964584901,-7.906433680458812,-7.604896308046616,-7.306249855210818,-7.1038193674855785
HZA-GN-Z11,GN-z11,10.603,True,0.0,0.057190958417936644,2.0,828.1432448223001,0.43389217070084196,-7.606384720173055,-8.103117492575645,-7.910835208449556,-7.60929783603736,-7.310651383201562,-7.108220895476323
HZA-GN-Z11,GN-z11,10.603,True,0.0,0.057190958417936644,2.0,941.6005135446557,0.43400488523101455,-7.609971279858155,-8.106704052260746,-7.914421768134656,-7.61288439572246,-7.314237942886662,-7.111807455161423
HZA-GN-Z11,GN-z11,10.603,True,0.0,0.057190958417936644,2.0,1070.6016533381312,0.43409660212034396,-7.612889697716155,-8.109622470118746,-7.917340185992656,-7.61580281358046,-7.317156360744662,-7.114725873019423
HZA-GN-Z11,GN-z11,10.603,True,0.0,0.057190958417936644,2.0,1100.0,0.43411364171153427,-7.613431894988504,-8.110164667391095,-7.917882383265005,-7.616345010852809,-7.317698558017011,-7.115268070291772
HZA-GN-Z11,GN-z11,10.603,True,0.0,0.057190958417936644,2.0,1217.2762054000095,0.4341711219617418,-7.615260908051577,-8.111993680454168,-7.919711396328078,-7.618174023915882,-7.3195275710800844,-7.117097083354845
HZA-GN-Z11,GN-z11,10.603,True,0.0,0.057190958417936644,2.0,1384.0454622995594,0.4342315733653018,-7.617184462775039,-8.11391723517763,-7.92163495105154,-7.620097578639344,-7.321451125803546,-7.1190206380783065
HZA-GN-Z11,GN-z11,10.603,True,0.0,0.057190958417936644,2.0,1573.662438495233,0.43428053011274015,-7.618742259240206,-8.115475031642797,-7.923192747516707,-7.6216553751045115,-7.323008922268714,-7.120578434543474
HZA-GN-Z11,GN-z11,10.603,True,0.0,0.057190958417936644,2.0,1789.257316892076,0.4343201079794198,-7.620001621106311,-8.116734393508901,-7.924452109382812,-7.622914736970616,-7.324268284134818,-7.1218377964095785
HZA-GN-Z11,GN-z11,10.603,True,0.0,0.057190958417936644,2.0,2034.389121667738,0.43435204474370565,-7.621017844223997,-8.117750616626587,-7.925468332500498,-7.623930960088302,-7.325284507252504,-7.1228540195272645
HZA-GN-Z11,GN-z11,10.603,True,0.0,0.057190958417936644,2.0,2313.104470378237,0.4343777663015905,-7.621836300392924,-8.118569072795514,-7.926286788669425,-7.624749416257229,-7.326102963421431,-7.123672475696192
HZA-GN-Z11,GN-z11,10.603,True,0.0,0.057190958417936644,2.0,2630.004375218852,0.43439844130319993,-7.622494175887312,-8.119226948289903,-7.9269446641638135,-7.625407291751618,-7.32676083891582,-7.12433035119058
HZA-GN-Z11,GN-z11,10.603,True,0.0,0.057190958417936644,2.0,2990.320196190382,0.4344150263104206,-7.623021908364959,-8.11975468076755,-7.92747239664146,-7.625935024229264,-7.327288571393466,-7.124858083668227
HZA-GN-Z11,GN-z11,10.603,True,0.0,0.057190958417936644,2.0,3400.0,0.4344283031276785,-7.623444374727108,-8.120177147129699,-7.927894863003609,-7.626357490591413,-7.327711037755615,-7.125280550030376
HZA-GN-Z11,GN-z11,10.603,True,-0.5,0.1,0.3,20.0,0.2566495515154844,5.031231095963285,4.534498323560694,4.726780607686784,5.028317980098979,5.326964432934778,5.5293949206600175
HZA-GN-Z11,GN-z11,10.603,True,-0.5,0.1,0.3,22.74003970766435,0.286681635934966,4.952974484702684,4.456241712300093,4.648523996426183,4.950061368838378,5.248707821674177,5.451138309399417
HZA-GN-Z11,GN-z11,10.603,True,-0.5,0.1,0.3,25.0,0.30563496031507625,4.903586539550659,4.406853767148068,4.599136051274158,4.900673423686353,5.199319876522152,5.401750364247391
HZA-GN-Z11,GN-z11,10.603,True,-0.5,0.1,0.3,25.85547029530757,0.3117809433351469,4.887571540481732,4.390838768079141,4.583121052205231,4.8846584246174265,5.183304877453224,5.385735365178464
HZA-GN-Z11,GN-z11,10.603,True,-0.5,0.1,0.3,29.39772105878151,0.33272331084721085,4.8330006125908564,4.336267840188266,4.528550124314355,4.830087496726551,5.128733949562349,5.331164437287589
HZA-GN-Z11,GN-z11,10.603,True,-0.5,0.1,0.3,30.0,0.33569608509280524,4.825254255886022,4.328521483483431,4.520803767609521,4.822341140021717,5.120987592857515,5.323418080582754
HZA-GN-Z11,GN-z11,10.603,True,-0.5,0.1,0.3,33.425267209576596,0.35017156126587157,4.787534539336713,4.290801766934123,4.483084051060212,4.784621423472409,5.083267876308206,5.285698364033445
HZA-GN-Z11,GN-z11,10.603,True,-0.5,0.1,0.3,38.004595179253144,0.36468952117458153,4.749704120075641,4.252971347673051,4.44525363179914,4.746791004211336,5.045437457047134,5.2478679447723735
HZA-GN-Z11,GN-z11,10.603,True,-0.5,0.1,0.3,43.21130017249628,0.3767549955775208,4.7182643063471925,4.221531533944602,4.413813818070691,4.715351190482887,5.013997643318685,5.216428131043925
HZA-GN-Z11,GN-z11,10.603,True,-0.5,0.1,0.3,49.13133408711842,0.386771552692414,4.692163493451191,4.1954307210486,4.38771300517469,4.689250377586886,4.987896830422684,5.190327318147923
HZA-GN-Z11,GN-z11,10.603,True,-0.5,0.1,0.3,55.862424401579815,0.3950790693216513,4.670516041668808,4.173783269266217,4.366065553392307,4.667602925804502,4.966249378640301,5.16867986636554
HZA-GN-Z11,GN-z11,10.603,True,-0.5,0.1,0.3,60.0,0.3990694182227384,4.660118122617143,4.163385350214552,4.355667634340642,4.657205006752838,4.955851459588636,5.158281947313875
HZA-GN-Z11,GN-z11,10.603,True,-0.5,0.1,0.3,63.51568745291611,0.4019630536706703,4.652577983171084,4.155845210768494,4.348127494894583,4.649664867306779,4.948311320142577,5.150741807867816
HZA-GN-Z11,GN-z11,10.603,True,-0.5,0.1,0.3,72.21746273694556,0.40766280568610963,4.6377257580799505,4.14099298567736,4.333275269803449,4.634812642215645,4.933459095051443,5.135889582776683
HZA-GN-Z11,GN-z11,10.603,True,-0.5,0.1,0.3,82.1113985112456,0.4123785008553264,4.625437755737979,4.128704983335387,4.3209872674614775,4.622524639873673,4.921171092709471,5.123601580434711
HZA-GN-Z11,GN-z11,10.603,True,-0.5,0.1,0.3,93.36082312987881,0.41627729672592856,4.615278402541961,4.118545630139369,4.3108279142654595,4.6123652866776546,4.911011739513453,5.113442227238693
HZA-GN-Z11,GN-z11,10.603,True,-0.5,0.1,0.3,100.0,0.4180772458875985,4.610588154610243,4.113855382207651,4.306137666333742,4.607675038745937,4.9063214915817355,5.108751979306975
HZA-GN-Z11,GN-z11,10.603,True,-0.5,0.1,0.3,106.15144125568361,0.41949856592606216,4.6068845259119025,4.110151753509312,4.302434037635401,4.603971410047597,4.902617862883395,5.105048350608635
HZA-GN-Z11,GN-z11,10.603,True,-0.5,0.1,0.3,120.69439945900218,0.4221583580690646,4.599953727607609,4.1032209552050185,4.295503239331108,4.597040611743304,4.895687064579102,5.098117552304341
HZA-GN-Z11,GN-z11,10.603,True,-0.5,0.1,0.3,137.22977180952068,0.424353187757129,4.594234513074147,4.0975017406715555,4.289784024797646,4.591321397209841,4.88996785004564,5.092398337770879
HZA-GN-Z11,GN-z11,10.603,True,-0.5,0.1,0.3,156.03052300111096,0.4261632385215982,4.589517942720304,4.092785170317713,4.285067454443803,4.586604826855998,4.885251279691797,5.0876817674170365
HZA-GN-Z11,GN-z11,10.603,True,-0.5,0.1,0.3,177.40701443264487,0.42765506406065784,4.585630593122849,4.088897820720257,4.281180104846348,4.582717477258543,4.881363930094341,5.083794417819581
HZA-GN-Z11,GN-z11,10.603,True,-0.5,0.1,0.3,201.71212763082622,0.4288838593193223,4.582428639121487,4.085695866718897,4.2779781508449854,4.579515523257182,4.878161976092979,5.080592463818219
HZA-GN-Z11,GN-z11,10.603,True,-0.5,0.1,0.3,229.34708959212247,0.4298953653033049,4.579792890317952,4.0830601179153625,4.275342402041451,4.576879774453648,4.875526227289445,5.077956715014684
HZA-GN-Z11,GN-z11,10.603,True,-0.5,0.1,0.3,260.76809620810604,0.4307274633399522,4.577624636803642,4.0808918644010514,4.273174148527141,4.574711520939337,4.873357973775135,5.075788461500374
HZA-GN-Z11,GN-z11,10.603,True,-0.5,0.1,0.3,296.49384311321825,0.43141150697325603,4.575842178551692,4.079109406149102,4.271391690275191,4.572929062687387,4.871575515523185,5.074006003248424
HZA-GN-Z11,GN-z11,10.603,True,-0.5,0.1,0.3,300.0,0.43146768203410996,4.575695799437995,4.078963027035405,4.271245311161494,4.57278268357369,4.871429136409488,5.073859624134728
HZA-GN-Z11,GN-z11,10.603,True,-0.5,0.1,0.3,337.1140882736292,0.4319734328895293,4.574377930603637,4.0776451582010464,4.269927442327136,4.571464814739332,4.87011126757513,5.072541755300369
HZA-GN-Z11,GN-z11,10.603,True,-0.5,0.1,0.3,383.2993876677698,0.4324346862360118,4.573176011904817,4.076443239502225,4.268725523628316,4.570262896040511,4.8689093488763096,5.071339836601549
HZA-GN-Z11,GN-z11,10.603,True,-0.5,0.1,0.3,435.8121647744256,0.4328129903960501,4.572190239449702,4.075457467047112,4.267739751173201,4.5692771235853975,4.8679235764211946,5.070354064146434
HZA-GN-Z11,GN-z11,10.603,True,-0.5,0.1,0.3,495.51929660267956,0.43312298667645627,4.571382461405756,4.0746496890031665,4.266931973129255,4.568469345541452,4.867115798377249,5.069546286102488
HZA-GN-Z11,GN-z11,10.603,True,-0.5,0.1,0.3,563.4064240329424,0.43337676538659925,4.5707211732451185,4.073988400842529,4.266270684968617,4.567808057380814,4.866454510216611,5.068884997941851
HZA-GN-Z11,GN-z11,10.603,True,-0.5,0.1,0.3,640.5942227031146,0.4335843063803065,4.5701803697951044,4.073447597392514,4.265729881518603,4.567267253930799,4.865913706766597,5.068344194491837
HZA-GN-Z11,GN-z11,10.603,True,-0.5,0.1,0.3,728.3569030384599,0.43375384422559066,4.56973859369102,4.0730058212884295,4.265288105414519,4.566825477826715,4.865471930662513,5.067902418387752
HZA-GN-Z11,GN-z11,10.603,True,-0.5,0.1,0.3,828.1432448223001,0.43389217070084196,4.569378147141603,4.072645374739013,4.264927658865102,4.566465031277298,4.865111484113096,5.067541971838335
HZA-GN-Z11,GN-z11,10.603,True,-0.5,0.1,0.3,941.6005135446557,0.43400488523101455,4.569084439350698,4.072351666948108,4.264633951074197,4.566171323486393,4.864817776322191,5.06724826404743
HZA-GN-Z11,GN-z11,10.603,True,-0.5,0.1,0.3,1070.6016533381312,0.43409660212034396,4.568845446517099,4.072112674114509,4.264394958240598,4.565932330652794,4.864578783488592,5.0670092712138315
HZA-GN-Z11,GN-z11,10.603,True,-0.5,0.1,0.3,1100.0,0.43411364171153427,4.568801045314532,4.072068272911942,4.264350557038031,4.565887929450227,4.864534382286025,5.066964870011264
HZA-GN-Z11,GN-z11,10.603,True,-0.5,0.1,0.3,1217.2762054000095,0.4341711219617418,4.568651265181631,4.071918492779041,4.26420077690513,4.565738149317326,4.864384602153124,5.0668150898783635
HZA-GN-Z11,GN-z11,10.603,True,-0.5,0.1,0.3,1384.0454622995594,0.4342315733653018,4.568493742915694,4.071760970513104,4.264043254639193,4.565580627051389,4.864227079887187,5.066657567612427
HZA-GN-Z11,GN-z11,10.603,True,-0.5,0.1,0.3,1573.662438495233,0.43428053011274015,4.568366173044108,4.071633400641518,4.263915684767607,4.565453057179803,4.864099510015601,5.06652999774084
HZA-GN-Z11,GN-z11,10.603,True,-0.5,0.1,0.3,1789.257316892076,0.4343201079794198,4.568263042349481,4.071530269946891,4.26381255407298,4.565349926485176,4.863996379320974,5.066426867046213
HZA-GN-Z11,GN-z11,10.603,True,-0.5,0.1,0.3,2034.389121667738,0.43435204474370565,4.568179822586486,4.071447050183895,4.263729334309985,4.565266706722181,4.8639131595579785,5.066343647283218
HZA-GN-Z11,GN-z11,10.603,True,-0.5,0.1,0.3,2313.104470378237,0.4343777663015905,4.568112798202554,4.0713800257999635,4.263662309926053,4.565199682338249,4.863846135174047,5.066276622899286
HZA-GN-Z11,GN-z11,10.603,True,-0.5,0.1,0.3,2630.004375218852,0.43439844130319993,4.568058923967881,4.071326151565289,4.2636084356913795,4.5651458081035745,4.863792260939373,5.066222748664613
HZA-GN-Z11,GN-z11,10.603,True,-0.5,0.1,0.3,2990.320196190382,0.4344150263104206,4.568015707305171,4.07128293490258,4.26356521902867,4.565102591440866,4.8637490442766635,5.066179532001903
HZA-GN-Z11,GN-z11,10.603,True,-0.5,0.1,0.3,3400.0,0.4344283031276785,4.567981111014337,4.071248338611746,4.263530622737836,4.565067995150032,4.86371444798583,5.066144935711069
HZA-GN-Z11,GN-z11,10.603,True,-0.5,0.1,1.0,20.0,0.2566495515154844,3.470770319877616,2.9740375474750254,3.1663198316011147,3.4678572040133107,3.7665036568491086,3.968934144574348
HZA-GN-Z11,GN-z11,10.603,True,-0.5,0.1,1.0,22.74003970766435,0.286681635934966,3.209914949008946,2.7131821766063555,2.905464460732445,3.207001833144641,3.5056482859804388,3.708078773705678
HZA-GN-Z11,GN-z11,10.603,True,-0.5,0.1,1.0,25.0,0.30563496031507625,3.0452884651688614,2.548555692766271,2.7408379768923603,3.042375349304556,3.341021802140354,3.5434522898655936
HZA-GN-Z11,GN-z11,10.603,True,-0.5,0.1,1.0,25.85547029530757,0.3117809433351469,2.9919051349391057,2.495172362536515,2.6874546466626046,2.9889920190748005,3.2876384719105984,3.490068959635838
HZA-GN-Z11,GN-z11,10.603,True,-0.5,0.1,1.0,29.39772105878151,0.33272331084721085,2.8100020419695197,2.3132692695669292,2.5055515536930186,2.8070889261052145,3.1057353789410125,3.308165866666252
HZA-GN-Z11,GN-z11,10.603,True,-0.5,0.1,1.0,30.0,0.33569608509280524,2.7841808529534045,2.287448080550814,2.4797303646769033,2.7812677370890992,3.079914189924897,3.2823446776501366
HZA-GN-Z11,GN-z11,10.603,True,-0.5,0.1,1.0,33.425267209576596,0.35017156126587157,2.6584484644557107,2.16171569205312,2.3539979761792096,2.6555353485914055,2.9541818014272034,3.156612289152443
HZA-GN-Z11,GN-z11,10.603,True,-0.5,0.1,1.0,38.004595179253144,0.36468952117458153,2.5323470669188035,2.035614294516213,2.2278965786423024,2.5294339510544983,2.8280804038902962,3.0305108916155357
HZA-GN-Z11,GN-z11,10.603,True,-0.5,0.1,1.0,43.21130017249628,0.3767549955775208,2.427547687823974,1.9308149154213834,2.123097199547473,2.4246345719596687,2.7232810247954666,2.925711512520706
HZA-GN-Z11,GN-z11,10.603,True,-0.5,0.1,1.0,49.13133408711842,0.386771552692414,2.3405449781706364,1.843812205768046,2.0360944898941353,2.3376318623063312,2.636278315142129,2.8387088028673686
HZA-GN-Z11,GN-z11,10.603,True,-0.5,0.1,1.0,55.862424401579815,0.3950790693216513,2.2683868055626912,1.7716540331601007,1.9639363172861901,2.265473689698386,2.564120142534184,2.7665506302594234
HZA-GN-Z11,GN-z11,10.603,True,-0.5,0.1,1.0,60.0,0.3990694182227384,2.2337270753904748,1.7369943029878843,1.9292765871139737,2.2308139595261696,2.5294604123619675,2.731890900087207
HZA-GN-Z11,GN-z11,10.603,True,-0.5,0.1,1.0,63.51568745291611,0.4019630536706703,2.208593277236945,1.7118605048343545,1.9041427889604439,2.20568016137264,2.5043266142084377,2.706757101933677
HZA-GN-Z11,GN-z11,10.603,True,-0.5,0.1,1.0,72.21746273694556,0.40766280568610963,2.1590858602665,1.6623530878639095,1.8546353719899988,2.1561727444021948,2.4548191972379927,2.657249684963232
HZA-GN-Z11,GN-z11,10.603,True,-0.5,0.1,1.0,82.1113985112456,0.4123785008553264,2.1181258524599276,1.621393080057337,1.8136753641834265,2.1152127365956224,2.4138591894314203,2.6162896771566597
HZA-GN-Z11,GN-z11,10.603,True,-0.5,0.1,1.0,93.36082312987881,0.41627729672592856,2.084261341806533,1.5875285694039425,1.7798108535300319,2.081348225942228,2.3799946787780257,2.582425166503265
HZA-GN-Z11,GN-z11,10.603,True,-0.5,0.1,1.0,100.0,0.4180772458875985,2.068627182034141,1.5718944096315504,1.7641766937576397,2.0657140661698357,2.3643605190056336,2.566791006730873
HZA-GN-Z11,GN-z11,10.603,True,-0.5,0.1,1.0,106.15144125568361,0.41949856592606216,2.056281753039675,1.5595489806370844,1.7518312647631737,2.0533686371753697,2.3520150900111676,2.554445577736407
HZA-GN-Z11,GN-z11,10.603,True,-0.5,0.1,1.0,120.69439945900218,0.4221583580690646,2.0331790920253634,1.536446319622773,1.7287286037488623,2.030265976161058,2.328912428996856,2.5313429167220955
HZA-GN-Z11,GN-z11,10.603,True,-0.5,0.1,1.0,137.22977180952068,0.424353187757129,2.0141150435804867,1.5173822711778961,1.7096645553039855,2.0112019277161814,2.3098483805519794,2.512278868277219
HZA-GN-Z11,GN-z11,10.603,True,-0.5,0.1,1.0,156.03052300111096,0.4261632385215982,1.998393142401012,1.5016603699984215,1.6939426541245108,1.9954800265367068,2.2941264793725047,2.496556967097744
HZA-GN-Z11,GN-z11,10.603,True,-0.5,0.1,1.0,177.40701443264487,0.42765506406065784,1.9854353104094935,1.488702538006903,1.6809848221329924,1.9825221945451883,2.2811686473809862,2.4835991351062257
HZA-GN-Z11,GN-z11,10.603,True,-0.5,0.1,1.0,201.71212763082622,0.4288838593193223,1.9747621304049563,1.4780293580023658,1.6703116421284552,1.971849014540651,2.270495467376449,2.4729259551016884
HZA-GN-Z11,GN-z11,10.603,True,-0.5,0.1,1.0,229.34708959212247,0.4298953653033049,1.965976301059841,1.4692435286572505,1.6615258127833399,1.9630631851955358,2.2617096380313337,2.464140125756573
HZA-GN-Z11,GN-z11,10.603,True,-0.5,0.1,1.0,260.76809620810604,0.4307274633399522,1.958748789345472,1.4620160169428815,1.654298301068971,1.9558356734811668,2.2544821263169648,2.456912614042204
HZA-GN-Z11,GN-z11,10.603,True,-0.5,0.1,1.0,296.49384311321825,0.43141150697325603,1.9528072618389736,1.456074489436383,1.6483567735624725,1.9498941459746684,2.2485405988104663,2.4509710865357057
HZA-GN-Z11,GN-z11,10.603,True,-0.5,0.1,1.0,300.0,0.43146768203410996,1.952319331459985,1.4555865590573944,1.6478688431834838,1.9494062155956797,2.2480526684314777,2.450483156156717
HZA-GN-Z11,GN-z11,10.603,True,-0.5,0.1,1.0,337.1140882736292,0.4319734328895293,1.947926435345456,1.4511936629428654,1.6434759470689548,1.9450133194811507,2.2436597723169487,2.446090260042188
HZA-GN-Z11,GN-z11,10.603,True,-0.5,0.1,1.0,383.2993876677698,0.4324346862360118,1.9439200396827205,1.44718726728013,1.6394695514062194,1.9410069238184153,2.2396533766542133,2.4420838643794527
HZA-GN-Z11,GN-z11,10.603,True,-0.5,0.1,1.0,435.8121647744256,0.4328129903960501,1.940634131499007,1.4439013590964165,1.6361836432225059,1.9377210156347018,2.2363674684704997,2.438797956195739
HZA-GN-Z11,GN-z11,10.603,True,-0.5,0.1,1.0,495.51929660267956,0.43312298667645627,1.9379415380191882,1.4412087656165977,1.633491049742687,1.935028422154883,2.233674874990681,2.4361053627159204
HZA-GN-Z11,GN-z11,10.603,True,-0.5,0.1,1.0,563.4064240329424,0.43337676538659925,1.935737244150396,1.4390044717478054,1.6312867558738948,1.9328241282860907,2.2314705811218887,2.433901068847128
HZA-GN-Z11,GN-z11,10.603,True,-0.5,0.1,1.0,640.5942227031146,0.4335843063803065,1.9339345659836806,1.4372017935810901,1.6294840777071795,1.9310214501193754,2.2296679029551734,2.432098390680413
HZA-GN-Z11,GN-z11,10.603,True,-0.5,0.1,1.0,728.3569030384599,0.43375384422559066,1.9324619789700663,1.4357292065674758,1.6280114906935652,1.9295488631057611,2.228195315941559,2.4306258036667985
HZA-GN-Z11,GN-z11,10.603,True,-0.5,0.1,1.0,828.1432448223001,0.43389217070084196,1.931260490472011,1.4345277180694205,1.6268100021955099,1.9283473746077058,2.2269938274435037,2.429424315168743
HZA-GN-Z11,GN-z11,10.603,True,-0.5,0.1,1.0,941.6005135446557,0.43400488523101455,1.9302814645023258,1.4335486920997353,1.6258309762258247,1.9273683486380206,2.2260148014738186,2.428445289199058
HZA-GN-Z11,GN-z11,10.603,True,-0.5,0.1,1.0,1070.6016533381312,0.43409660212034396,1.9294848217236638,1.4327520493210733,1.6250343334471626,1.9265717058593586,2.2252181586951565,2.427648646420396
HZA-GN-Z11,GN-z11,10.603,True,-0.5,0.1,1.0,1100.0,0.43411364171153427,1.929336817715107,1.4326040453125164,1.6248863294386058,1.9264237018508017,2.2250701546865996,2.427500642411839
HZA-GN-Z11,GN-z11,10.603,True,-0.5,0.1,1.0,1217.2762054000095,0.4341711219617418,1.9288375506054365,1.432104778202846,1.6243870623289354,1.9259244347411313,2.2245708875769292,2.4270013753021686
HZA-GN-Z11,GN-z11,10.603,True,-0.5,0.1,1.0,1384.0454622995594,0.4342315733653018,1.9283124763856483,1.4315797039830578,1.6238619881091472,1.925399360521343,2.224045813357141,2.4264763010823804
HZA-GN-Z11,GN-z11,10.603,True,-0.5,0.1,1.0,1573.662438495233,0.43428053011274015,1.92788724348036,1.4311544710777695,1.6234367552038589,1.9249741276160548,2.2236205804518527,2.426051068177092
HZA-GN-Z11,GN-z11,10.603,True,-0.5,0.1,1.0,1789.257316892076,0.4343201079794198,1.9275434744982705,1.43081070209568,1.6230929862217693,1.9246303586339653,2.223276811469763,2.4257072991950026
HZA-GN-Z11,GN-z11,10.603,True,-0.5,0.1,1.0,2034.389121667738,0.43435204474370565,1.9272660752882866,1.4305333028856961,1.6228155870117855,1.9243529594239814,2.2229994122597794,2.425429899985019
HZA-GN-Z11,GN-z11,10.603,True,-0.5,0.1,1.0,2313.104470378237,0.4343777663015905,1.92704266067518,1.4303098882725895,1.622592172398679,1.9241295448108748,2.2227759976466728,2.425206485371912
HZA-GN-Z11,GN-z11,10.603,True,-0.5,0.1,1.0,2630.004375218852,0.43439844130319993,1.9268630798929332,1.4301303074903426,1.622412591616432,1.923949964028628,2.222596416864426,2.4250269045896653
HZA-GN-Z11,GN-z11,10.603,True,-0.5,0.1,1.0,2990.320196190382,0.4344150263104206,1.926719024350568,1.4299862519479776,1.622268536074067,1.9238059084862629,2.222452361322061,2.4248828490473002
HZA-GN-Z11,GN-z11,10.603,True,-0.5,0.1,1.0,3400.0,0.4344283031276785,1.9266037033811214,1.429870930978531,1.6221532151046203,1.9236905875168162,2.222337040352614,2.4247675280778536
HZA-GN-Z11,GN-z11,10.603,True,-0.5,0.1,2.0,20.0,0.2566495515154844,1.2415406397552315,0.744807867352641,0.9370901514787304,1.2386275238909263,1.5372739767267243,1.7397044644519637
HZA-GN-Z11,GN-z11,10.603,True,-0.5,0.1,2.0,22.74003970766435,0.286681635934966,0.7198298980178919,0.22309712561530137,0.41537940974139076,0.7169167821535867,1.0155632349893846,1.217993722714624
HZA-GN-Z11,GN-z11,10.603,True,-0.5,0.1,2.0,25.0,0.30563496031507625,0.39057693033772267,-0.10615584206486783,0.08612644206122155,0.38766381447341747,0.6863102673092154,0.8887407550344548
HZA-GN-Z11,GN-z11,10.603,True,-0.5,0.1,2.0,25.85547029530757,0.3117809433351469,0.28381026987821123,-0.21292250252437928,-0.02064021839828989,0.280897154013906,0.579543606849704,0.7819740945749434
HZA-GN-Z11,GN-z11,10.603,True,-0.5,0.1,2.0,29.39772105878151,0.33272331084721085,-0.07999591606096068,-0.5767286884635512,-0.3844464043374618,-0.08290903192526589,0.21573742091053205,0.41816790863577147
HZA-GN-Z11,GN-z11,10.603,True,-0.5,0.1,2.0,30.0,0.33569608509280524,-0.13163829409319128,-0.6283710664957818,-0.4360887823696924,-0.13455140995749648,0.16409504287830146,0.36652553060354087
HZA-GN-Z11,GN-z11,10.603,True,-0.5,0.1,2.0,33.425267209576596,0.35017156126587157,-0.3831030710885788,-0.8798358434911693,-0.6875535593650799,-0.386016186952884,-0.08736973411708604,0.11506075360815338
HZA-GN-Z11,GN-z11,10.603,True,-0.5,0.1,2.0,38.004595179253144,0.36468952117458153,-0.6353058661623932,-1.1320386385649837,-0.9397563544388943,-0.6382189820266984,-0.3395725291909004,-0.137142041465661
HZA-GN-Z11,GN-z11,10.603,True,-0.5,0.1,2.0,43.21130017249628,0.3767549955775208,-0.8449046243520524,-1.3416373967546429,-1.1493551126285535,-0.8478177402163576,-0.5491712873805596,-0.34674079965532023
HZA-GN-Z11,GN-z11,10.603,True,-0.5,0.1,2.0,49.13133408711842,0.386771552692414,-1.0189100436587273,-1.5156428160613178,-1.3233605319352284,-1.0218231595230325,-0.7231767066872345,-0.5207462189619951
HZA-GN-Z11,GN-z11,10.603,True,-0.5,0.1,2.0,55.862424401579815,0.3950790693216513,-1.1632263888746177,-1.6599591612772082,-1.4676768771511188,-1.166139504738923,-0.867493051903125,-0.6650625641778856
HZA-GN-Z11,GN-z11,10.603,True,-0.5,0.1,2.0,60.0,0.3990694182227384,-1.2325458492190506,-1.7292786216216411,-1.5369963374955518,-1.2354589650833558,-0.9368125122475579,-0.7343820245223185
HZA-GN-Z11,GN-z11,10.603,True,-0.5,0.1,2.0,63.51568745291611,0.4019630536706703,-1.2828134455261102,-1.7795462179287007,-1.5872639338026113,-1.2857265613904154,-0.9870801085546175,-0.7846496208293781
HZA-GN-Z11,GN-z11,10.603,True,-0.5,0.1,2.0,72.21746273694556,0.40766280568610963,-1.3818282794670003,-1.8785610518695908,-1.6862787677435014,-1.3847413953313055,-1.0860949424955075,-0.8836644547702681
HZA-GN-Z11,GN-z11,10.603,True,-0.5,0.1,2.0,82.1113985112456,0.4123785008553264,-1.463748295080145,-1.9604810674827355,-1.7681987833566462,-1.4666614109444502,-1.1680149581086523,-0.9655844703834129
HZA-GN-Z11,GN-z11,10.603,True,-0.5,0.1,2.0,93.36082312987881,0.41627729672592856,-1.5314773163869342,-2.0282100887895247,-1.8359278046634353,-1.5343904322512394,-1.2357439794154415,-1.033313491690202
HZA-GN-Z11,GN-z11,10.603,True,-0.5,0.1,2.0,100.0,0.4180772458875985,-1.5627456359317184,-2.059478408334309,-1.8671961242082196,-1.5656587517960237,-1.2670122989602257,-1.0645818112349863
HZA-GN-Z11,GN-z11,10.603,True,-0.5,0.1,2.0,106.15144125568361,0.41949856592606216,-1.5874364939206504,-2.084169266323241,-1.8918869821971516,-1.5903496097849557,-1.2917031569491577,-1.0892726692239183
HZA-GN-Z11,GN-z11,10.603,True,-0.5,0.1,2.0,120.69439945900218,0.4221583580690646,-1.6336418159492734,-2.130374588351864,-1.9380923042257745,-1.6365549318135786,-1.3379084789777806,-1.1354779912525412
HZA-GN-Z11,GN-z11,10.603,True,-0.5,0.1,2.0,137.22977180952068,0.424353187757129,-1.6717699128390269,-2.1685026852416174,-1.976220401115528,-1.674683028703332,-1.3760365758675341,-1.1736060881422947
HZA-GN-Z11,GN-z11,10.603,True,-0.5,0.1,2.0,156.03052300111096,0.4261632385215982,-1.7032137151979763,-2.1999464876005668,-2.0076642034744774,-1.7061268310622815,-1.4074803782264835,-1.2050498905012441
HZA-GN-Z11,GN-z11,10.603,True,-0.5,0.1,2.0,177.40701443264487,0.42765506406065784,-1.7291293791810132,-2.2258621515836037,-2.0335798674575143,-1.7320424950453184,-1.4333960422095204,-1.230965554484281
HZA-GN-Z11,GN-z11,10.603,True,-0.5,0.1,2.0,201.71212763082622,0.4288838593193223,-1.7504757391900876,-2.247208511592678,-2.0549262274665887,-1.7533888550543928,-1.4547424022185949,-1.2523119144933554
HZA-GN-Z11,GN-z11,10.603,True,-0.5,0.1,2.0,229.34708959212247,0.4298953653033049,-1.7680473978803182,-2.2647801702829087,-2.0724978861568193,-1.7709605137446234,-1.4723140609088254,-1.269883573183586
HZA-GN-Z11,GN-z11,10.603,True,-0.5,0.1,2.0,260.76809620810604,0.4307274633399522,-1.7825024213090561,-2.2792351937116466,-2.0869529095855572,-1.7854155371733613,-1.4867690843375634,-1.284338596612324
HZA-GN-Z11,GN-z11,10.603,True,-0.5,0.1,2.0,296.49384311321825,0.43141150697325603,-1.794385476322053,-2.2911182487246435,-2.098835964598554,-1.7972985921863582,-1.4986521393505603,-1.2962216516253209
HZA-GN-Z11,GN-z11,10.603,True,-0.5,0.1,2.0,300.0,0.43146768203410996,-1.7953613370800303,-2.292094109482621,-2.0998118253565314,-1.7982744529443355,-1.4996280001085376,-1.2971975123832982
HZA-GN-Z11,GN-z11,10.603,True,-0.5,0.1,2.0,337.1140882736292,0.4319734328895293,-1.8041471293090883,-2.3008799017116788,-2.1085976175855894,-1.8070602451733935,-1.5084137923375955,-1.3059833046123561
HZA-GN-Z11,GN-z11,10.603,True,-0.5,0.1,2.0,383.2993876677698,0.4324346862360118,-1.812159920634559,-2.3088926930371496,-2.1166104089110602,-1.8150730364988643,-1.5164265836630664,-1.313996095937827
HZA-GN-Z11,GN-z11,10.603,True,-0.5,0.1,2.0,435.8121647744256,0.4328129903960501,-1.8187317370019862,-2.3154645094045767,-2.1231822252784873,-1.8216448528662914,-1.5229984000304935,-1.320567912305254
HZA-GN-Z11,GN-z11,10.603,True,-0.5,0.1,2.0,495.51929660267956,0.43312298667645627,-1.8241169239616237,-2.3208496963642142,-2.128567412238125,-1.827030039825929,-1.528383586990131,-1.3259530992648916
HZA-GN-Z11,GN-z11,10.603,True,-0.5,0.1,2.0,563.4064240329424,0.43337676538659925,-1.8285255116992083,-2.325258284101799,-2.1329759999757094,-1.8314386275635135,-1.5327921747277156,-1.3303616870024761
HZA-GN-Z11,GN-z11,10.603,True,-0.5,0.1,2.0,640.5942227031146,0.4335843063803065,-1.832130868032639,-2.3288636404352294,-2.13658135630914,-1.8350439838969441,-1.5363975310611462,-1.3339670433359068
HZA-GN-Z11,GN-z11,10.603,True,-0.5,0.1,2.0,728.3569030384599,0.43375384422559066,-1.8350760420598675,-2.331808814462458,-2.1395265303363686,-1.8379891579241727,-1.5393427050883748,-1.3369122173631354
HZA-GN-Z11,GN-z11,10.603,True,-0.5,0.1,2.0,828.1432448223001,0.43389217070084196,-1.8374790190559782,-2.3342117914585687,-2.1419295073324793,-1.8403921349202834,-1.5417456820844855,-1.339315194359246
HZA-GN-Z11,GN-z11,10.603,True,-0.5,0.1,2.0,941.6005135446557,0.43400488523101455,-1.8394370709953485,-2.336169843397939,-2.1438875592718496,-1.8423501868596537,-1.5437037340238557,-1.3412732462986163
HZA-GN-Z11,GN-z11,10.603,True,-0.5,0.1,2.0,1070.6016533381312,0.43409660212034396,-1.8410303565526727,-2.337763128955263,-2.145480844829174,-1.8439434724169779,-1.54529701958118,-1.3428665318559405
HZA-GN-Z11,GN-z11,10.603,True,-0.5,0.1,2.0,1100.0,0.43411364171153427,-1.8413263645697864,-2.338059136972377,-2.1457768528462875,-1.8442394804340916,-1.5455930275982936,-1.3431625398730542
HZA-GN-Z11,GN-z11,10.603,True,-0.5,0.1,2.0,1217.2762054000095,0.4341711219617418,-1.8423248987891272,-2.3390576711917177,-2.1467753870656283,-1.8452380146534324,-1.5465915618176345,-1.344161074092395
HZA-GN-Z11,GN-z11,10.603,True,-0.5,0.1,2.0,1384.0454622995594,0.4342315733653018,-1.8433750472287036,-2.340107819631294,-2.1478255355052047,-1.8462881630930088,-1.5476417102572109,-1.3452112225319715
HZA-GN-Z11,GN-z11,10.603,True,-0.5,0.1,2.0,1573.662438495233,0.43428053011274015,-1.8442255130392802,-2.3409582854418707,-2.1486760013157813,-1.8471386289035854,-1.5484921760677874,-1.346061688342548
HZA-GN-Z11,GN-z11,10.603,True,-0.5,0.1,2.0,1789.257316892076,0.4343201079794198,-1.8449130510034593,-2.3416458234060498,-2.1493635392799604,-1.8478261668677645,-1.5491797140319665,-1.346749226306727
HZA-GN-Z11,GN-z11,10.603,True,-0.5,0.1,2.0,2034.389121667738,0.43435204474370565,-1.845467849423427,-2.3422006218260174,-2.149918337699928,-1.848380965287732,-1.5497345124519342,-1.3473040247266947
HZA-GN-Z11,GN-z11,10.603,True,-0.5,0.1,2.0,2313.104470378237,0.4343777663015905,-1.84591467864964,-2.3426474510522306,-2.150365166926141,-1.8488277945139453,-1.5501813416781474,-1.347750853952908
HZA-GN-Z11,GN-z11,10.603,True,-0.5,0.1,2.0,2630.004375218852,0.43439844130319993,-1.8462738402141339,-2.3430066126167244,-2.150724328490635,-1.849186956078439,-1.5505405032426411,-1.3481100155174017
HZA-GN-Z11,GN-z11,10.603,True,-0.5,0.1,2.0,2990.320196190382,0.4344150263104206,-1.846561951298864,-2.3432947237014545,-2.151012439575365,-1.8494750671631692,-1.5508286143273713,-1.3483981266021319
HZA-GN-Z11,GN-z11,10.603,True,-0.5,0.1,2.0,3400.0,0.4344283031276785,-1.8467925932377574,-2.343525365640348,-2.1512430815142585,-1.8497057091020626,-1.5510592562662646,-1.3486287685410252
HZA-GN-Z11,GN-z11,10.603,True,-0.5,0.057190958417936644,0.3,20.0,0.2566495515154844,4.475017382512622,3.9782846101100318,4.170566894236121,4.4721042666483175,4.7707507194841146,4.973181207209354
HZA-GN-Z11,GN-z11,10.603,True,-0.5,0.057190958417936644,0.3,22.74003970766435,0.286681635934966,4.33167490962091,3.8349421372183192,4.027224421344409,4.3287617937566045,4.6274082465924025,4.829838734317642
HZA-GN-Z11,GN-z11,10.603,True,-0.5,0.057190958417936644,0.3,25.0,0.30563496031507625,4.241211112695732,3.744478340293141,3.9367606244192306,4.2382979968314265,4.536944449667224,4.739374937392464
HZA-GN-Z11,GN-z11,10.603,True,-0.5,0.057190958417936644,0.3,25.85547029530757,0.3117809433351469,4.211876472044684,3.7151436996420943,3.9074259837681837,4.20896335618038,4.507609809016177,4.7100402967414166
HZA-GN-Z11,GN-z11,10.603,True,-0.5,0.057190958417936644,0.3,29.39772105878151,0.33272331084721085,4.111919016363087,3.615186243960497,3.8074685280865865,4.109005900498783,4.40765235333458,4.610082841059819
HZA-GN-Z11,GN-z11,10.603,True,-0.5,0.057190958417936644,0.3,30.0,0.33569608509280524,4.097730030818153,3.6009972584155623,3.7932795425416517,4.094816914953848,4.3934633677896455,4.595893855514885
HZA-GN-Z11,GN-z11,10.603,True,-0.5,0.057190958417936644,0.3,33.425267209576596,0.35017156126587157,4.028638904076834,3.5319061316742433,3.7241884158003327,4.025725788212529,4.3243722410483265,4.526802728773566
HZA-GN-Z11,GN-z11,10.603,True,-0.5,0.057190958417936644,0.3,38.004595179253144,0.36468952117458153,3.9593450034074795,3.462612231004889,3.6548945151309784,3.9564318875431743,4.255078340378972,4.457508828104212
HZA-GN-Z11,GN-z11,10.603,True,-0.5,0.057190958417936644,0.3,43.21130017249628,0.3767549955775208,3.9017567616666877,3.405023989264097,3.5973062733901866,3.8988436458023825,4.1974900986381805,4.39992058636342
HZA-GN-Z11,GN-z11,10.603,True,-0.5,0.057190958417936644,0.3,49.13133408711842,0.386771552692414,3.8539479567014725,3.357215184298882,3.5494974684249714,3.8510348408371673,4.149681293672965,4.352111781398205
HZA-GN-Z11,GN-z11,10.603,True,-0.5,0.057190958417936644,0.3,55.862424401579815,0.3950790693216513,3.814296364071711,3.3175635916691206,3.50984587579521,3.811383248207406,4.110029701043204,4.312460188768443
HZA-GN-Z11,GN-z11,10.603,True,-0.5,0.057190958417936644,0.3,60.0,0.3990694182227384,3.7952505172635718,3.2985177448609813,3.4908000289870706,3.7923374013992666,4.0909838542350645,4.293414341960304
HZA-GN-Z11,GN-z11,10.603,True,-0.5,0.057190958417936644,0.3,63.51568745291611,0.4019630536706703,3.7814392594447632,3.2847064870421727,3.476988771168262,3.778526143580458,4.077172596416256,4.279603084141495
HZA-GN-Z11,GN-z11,10.603,True,-0.5,0.057190958417936644,0.3,72.21746273694556,0.40766280568610963,3.754234469482445,3.2575016970798547,3.449783981205944,3.75132135361814,4.049967806453938,4.252398294179177
HZA-GN-Z11,GN-z11,10.603,True,-0.5,0.057190958417936644,0.3,82.1113985112456,0.4123785008553264,3.7317265610230335,3.234993788620443,3.4272760727465323,3.7288134451587283,4.027459897994526,4.229890385719766
HZA-GN-Z11,GN-z11,10.603,True,-0.5,0.057190958417936644,0.3,93.36082312987881,0.41627729672592856,3.7131176947989633,3.2163849223963727,3.408667206522462,3.710204578934658,4.008851031770456,4.211281519495696
HZA-GN-Z11,GN-z11,10.603,True,-0.5,0.057190958417936644,0.3,100.0,0.4180772458875985,3.70452657736904,3.2077938049664496,3.400076089092539,3.701613461504735,4.000259914340533,4.202690402065772
HZA-GN-Z11,GN-z11,10.603,True,-0.5,0.057190958417936644,0.3,106.15144125568361,0.41949856592606216,3.697742648347058,3.2010098759444676,3.393292160070557,3.694829532482753,3.993475985318551,4.19590647304379
HZA-GN-Z11,GN-z11,10.603,True,-0.5,0.057190958417936644,0.3,120.69439945900218,0.4221583580690646,3.6850475194365724,3.188314747033982,3.3805970311600713,3.682134403572267,3.980780856408065,4.183211344133305
HZA-GN-Z11,GN-z11,10.603,True,-0.5,0.057190958417936644,0.3,137.22977180952068,0.424353187757129,3.6745716460117093,3.1778388736091188,3.370121157735208,3.671658530147404,3.970304982983202,4.172735470708441
HZA-GN-Z11,GN-z11,10.603,True,-0.5,0.057190958417936644,0.3,156.03052300111096,0.4261632385215982,3.665932313855655,3.1691995414530645,3.361481825579154,3.66301919799135,3.9616656508271477,4.164096138552387
HZA-GN-Z11,GN-z11,10.603,True,-0.5,0.057190958417936644,0.3,177.40701443264487,0.42765506406065784,3.6588118636429785,3.162079091240388,3.3543613753664774,3.6558987477786733,3.9545452006144712,4.156975688339711
HZA-GN-Z11,GN-z11,10.603,True,-0.5,0.057190958417936644,0.3,201.71212763082622,0.4288838593193223,3.6529468511252223,3.156214078722632,3.348496362848721,3.650033735260917,3.948680188096715,4.151110675821954
HZA-GN-Z11,GN-z11,10.603,True,-0.5,0.057190958417936644,0.3,229.34708959212247,0.4298953653033049,3.6481189554965465,3.151386183093956,3.3436684672200454,3.6452058396322413,3.9438522924680393,4.146282780193278
HZA-GN-Z11,GN-z11,10.603,True,-0.5,0.057190958417936644,0.3,260.76809620810604,0.4307274633399522,3.6441473700216473,3.147414597619057,3.3396968817451462,3.641234254157342,3.93988070699314,4.1423111947183795
HZA-GN-Z11,GN-z11,10.603,True,-0.5,0.057190958417936644,0.3,296.49384311321825,0.43141150697325603,3.640882444930401,3.1441496725278104,3.3364319566539,3.6379693290660957,3.9366157819018937,4.1390462696271335
HZA-GN-Z11,GN-z11,10.603,True,-0.5,0.057190958417936644,0.3,300.0,0.43146768203410996,3.6406143226107788,3.1438815502081883,3.3361638343342777,3.6377012067464736,3.9363476595822715,4.1387781473075105
HZA-GN-Z11,GN-z11,10.603,True,-0.5,0.057190958417936644,0.3,337.1140882736292,0.4319734328895293,3.638200384994251,3.1414676125916605,3.33374989671775,3.635287269129946,3.9339337219657438,4.136364209690983
HZA-GN-Z11,GN-z11,10.603,True,-0.5,0.057190958417936644,0.3,383.2993876677698,0.4324346862360118,3.6359988330010276,3.139266060598437,3.3315483447245264,3.6330857171367223,3.9317321699725203,4.134162657697759
HZA-GN-Z11,GN-z11,10.603,True,-0.5,0.057190958417936644,0.3,435.8121647744256,0.4328129903960501,3.63419319563508,3.1374604232324894,3.329742707358579,3.6312800797707747,3.9299265326065727,4.132357020331812
HZA-GN-Z11,GN-z11,10.603,True,-0.5,0.057190958417936644,0.3,495.51929660267956,0.43312298667645627,3.6327135902637044,3.135980817861114,3.3282631019872033,3.6298004743993992,3.928446927235197,4.130877414960437
HZA-GN-Z11,GN-z11,10.603,True,-0.5,0.057190958417936644,0.3,563.4064240329424,0.43337676538659925,3.631502310108419,3.1347695377058287,3.327051821831918,3.628589194244114,3.927235647079912,4.129666134805151
HZA-GN-Z11,GN-z11,10.603,True,-0.5,0.057190958417936644,0.3,640.5942227031146,0.4335843063803065,3.630511721548236,3.1337789491456456,3.326061233271735,3.627598605683931,3.926245058519729,4.128675546244969
HZA-GN-Z11,GN-z11,10.603,True,-0.5,0.057190958417936644,0.3,728.3569030384599,0.43375384422559066,3.629702521172654,3.1329697487700634,3.325252032896153,3.6267894053083487,3.9254358581441466,4.127866345869386
HZA-GN-Z11,GN-z11,10.603,True,-0.5,0.057190958417936644,0.3,828.1432448223001,0.43389217070084196,3.629042291974042,3.1323095195714514,3.324591803697541,3.6261291761097367,3.9247756289455347,4.127206116670774
HZA-GN-Z11,GN-z11,10.603,True,-0.5,0.057190958417936644,0.3,941.6005135446557,0.43400488523101455,3.628504308021277,3.1317715356186864,3.3240538197447758,3.6255911921569717,3.9242376449927696,4.1266681327180095
HZA-GN-Z11,GN-z11,10.603,True,-0.5,0.057190958417936644,0.3,1070.6016533381312,0.43409660212034396,3.628066545342577,3.1313337729399864,3.3236160570660758,3.6251534294782717,3.9237998823140696,4.126230370039309
HZA-GN-Z11,GN-z11,10.603,True,-0.5,0.057190958417936644,0.3,1100.0,0.43411364171153427,3.6279852157517247,3.131252443349134,3.3235347274752236,3.6250720998874195,3.9237185527232175,4.126149040448457
HZA-GN-Z11,GN-z11,10.603,True,-0.5,0.057190958417936644,0.3,1217.2762054000095,0.4341711219617418,3.627710863792264,3.1309780913896734,3.323260375515763,3.6247977479279587,3.9234442007637567,4.125874688488996
HZA-GN-Z11,GN-z11,10.603,True,-0.5,0.057190958417936644,0.3,1384.0454622995594,0.4342315733653018,3.627422330583745,3.1306895581811545,3.322971842307244,3.6245092147194398,3.9231556675552377,4.125586155280477
HZA-GN-Z11,GN-z11,10.603,True,-0.5,0.057190958417936644,0.3,1573.662438495233,0.43428053011274015,3.6271886611139696,3.130455888711379,3.3227381728374685,3.6242755452496644,3.9229219980854624,4.125352485810701
HZA-GN-Z11,GN-z11,10.603,True,-0.5,0.057190958417936644,0.3,1789.257316892076,0.4343201079794198,3.6269997568340533,3.130266984431463,3.322549268557552,3.624086640969748,3.922733093805546,4.125163581530785
HZA-GN-Z11,GN-z11,10.603,True,-0.5,0.057190958417936644,0.3,2034.389121667738,0.43435204474370565,3.626847323366401,3.1301145509638104,3.3223968350899,3.6239342075020957,3.9225806603378937,4.125011148063133
HZA-GN-Z11,GN-z11,10.603,True,-0.5,0.057190958417936644,0.3,2313.104470378237,0.4343777663015905,3.6267245549410614,3.129991782538471,3.3222740666645603,3.623811439076756,3.922457891912554,4.1248883796377935
HZA-GN-Z11,GN-z11,10.603,True,-0.5,0.057190958417936644,0.3,2630.004375218852,0.43439844130319993,3.6266258736169035,3.129893101214313,3.3221753853404024,3.6237127577525983,3.922359210588396,4.124789698313636
HZA-GN-Z11,GN-z11,10.603,True,-0.5,0.057190958417936644,0.3,2990.320196190382,0.4344150263104206,3.6265467137452565,3.129813941342666,3.3220962254687554,3.6236335978809513,3.9222800507167492,4.124710538441988
HZA-GN-Z11,GN-z11,10.603,True,-0.5,0.057190958417936644,0.3,3400.0,0.4344283031276785,3.6264833437909343,3.129750571388344,3.322032855514433,3.623570227926629,3.922216680762427,4.124647168487666
HZA-GN-Z11,GN-z11,10.603,True,-0.5,0.057190958417936644,1.0,20.0,0.2566495515154844,1.6167246083754065,1.119991835972816,1.3122741200989054,1.6138114925111013,1.9124579453468993,2.1148884330721387
HZA-GN-Z11,GN-z11,10.603,True,-0.5,0.057190958417936644,1.0,22.74003970766435,0.286681635934966,1.1389163654030314,0.6421835930004409,0.8344658771265303,1.1360032495387262,1.4346497023745242,1.6370801900997636
HZA-GN-Z11,GN-z11,10.603,True,-0.5,0.057190958417936644,1.0,25.0,0.30563496031507625,0.837370375652438,0.3406376032498475,0.5329198873759369,0.8344572597881328,1.1331037126239307,1.3355342003491701
HZA-GN-Z11,GN-z11,10.603,True,-0.5,0.057190958417936644,1.0,25.85547029530757,0.3117809433351469,0.7395882401489482,0.2428554677463577,0.4351377518724471,0.736675124284643,1.035321577120441,1.2377520648456803
HZA-GN-Z11,GN-z11,10.603,True,-0.5,0.057190958417936644,1.0,29.39772105878151,0.33272331084721085,0.40639672121029147,-0.09033605119229904,0.10194623293379035,0.40348360534598626,0.7021300581817842,0.9045605459070236
HZA-GN-Z11,GN-z11,10.603,True,-0.5,0.057190958417936644,1.0,30.0,0.33569608509280524,0.35910010272717496,-0.13763266967541554,0.054649614450673845,0.35618698686286976,0.6548334396986677,0.8572639274239071
HZA-GN-Z11,GN-z11,10.603,True,-0.5,0.057190958417936644,1.0,33.425267209576596,0.35017156126587157,0.12879634692277886,-0.36793642547981165,-0.17565414135372226,0.12588323105847365,0.4245296838942716,0.626960171619511
HZA-GN-Z11,GN-z11,10.603,True,-0.5,0.057190958417936644,1.0,38.004595179253144,0.36468952117458153,-0.10218332197506896,-0.5989160943776595,-0.4066338102515701,-0.10509643783937417,0.19355001499642377,0.3959805027216632
HZA-GN-Z11,GN-z11,10.603,True,-0.5,0.057190958417936644,1.0,43.21130017249628,0.3767549955775208,-0.2941441277777086,-0.7908769001802991,-0.5985946160542097,-0.2970572436420138,0.0015892091937841357,0.20401969691902355
HZA-GN-Z11,GN-z11,10.603,True,-0.5,0.057190958417936644,1.0,49.13133408711842,0.386771552692414,-0.4535068109950915,-0.950239583397682,-0.7579572992715926,-0.4564199268593967,-0.15777347402359876,0.04465701370164066
HZA-GN-Z11,GN-z11,10.603,True,-0.5,0.057190958417936644,1.0,55.862424401579815,0.3950790693216513,-0.585678786427632,-1.0824115588302226,-0.8901292747041332,-0.5885919022919373,-0.2899454494561393,-0.0875149617308999
HZA-GN-Z11,GN-z11,10.603,True,-0.5,0.057190958417936644,1.0,60.0,0.3990694182227384,-0.6491649424547612,-1.1458977148573517,-0.9536154307312623,-0.6520780583190664,-0.35343160548326846,-0.15100111775802905
HZA-GN-Z11,GN-z11,10.603,True,-0.5,0.057190958417936644,1.0,63.51568745291611,0.4019630536706703,-0.6952024685174569,-1.1919352409200474,-0.999652956793958,-0.6981155843817621,-0.3994691315459642,-0.19703864382072478
HZA-GN-Z11,GN-z11,10.603,True,-0.5,0.057190958417936644,1.0,72.21746273694556,0.40766280568610963,-0.7858851017251824,-1.282617874127773,-1.0903355900016836,-0.7887982175894876,-0.4901517647536897,-0.2877212770284503
HZA-GN-Z11,GN-z11,10.603,True,-0.5,0.057190958417936644,1.0,82.1113985112456,0.4123785008553264,-0.8609114632565573,-1.3576442356591478,-1.1653619515330584,-0.8638245791208625,-0.5651781262850646,-0.36274763855982517
HZA-GN-Z11,GN-z11,10.603,True,-0.5,0.057190958417936644,1.0,93.36082312987881,0.41627729672592856,-0.9229410173367905,-1.419673789739381,-1.2273915056132916,-0.9258541332010957,-0.6272076803652977,-0.4247771926400583
HZA-GN-Z11,GN-z11,10.603,True,-0.5,0.057190958417936644,1.0,100.0,0.4180772458875985,-0.9515780754365339,-1.4483108478391244,-1.256028563713035,-0.9544911913008391,-0.6558447384650412,-0.4534142507398018
HZA-GN-Z11,GN-z11,10.603,True,-0.5,0.057190958417936644,1.0,106.15144125568361,0.41949856592606216,-0.9741911721764724,-1.470923944579063,-1.2786416604529736,-0.9771042880407776,-0.6784578352049797,-0.4760273474797403
HZA-GN-Z11,GN-z11,10.603,True,-0.5,0.057190958417936644,1.0,120.69439945900218,0.4221583580690646,-1.0165082685447597,-1.5132410409473502,-1.3209587568212608,-1.019421384409065,-0.720774931573267,-0.5183444438480276
HZA-GN-Z11,GN-z11,10.603,True,-0.5,0.057190958417936644,1.0,137.22977180952068,0.424353187757129,-1.0514278466276377,-1.5481606190302282,-1.3558783349041388,-1.0543409624919429,-0.7556945096561449,-0.5532640219309055
HZA-GN-Z11,GN-z11,10.603,True,-0.5,0.057190958417936644,1.0,156.03052300111096,0.4261632385215982,-1.0802256204811496,-1.57695839288374,-1.3846761087576507,-1.0831387363454548,-0.7844922835096568,-0.5820617957844174
HZA-GN-Z11,GN-z11,10.603,True,-0.5,0.057190958417936644,1.0,177.40701443264487,0.42765506406065784,-1.1039604545234054,-1.600693226925996,-1.4084109427999065,-1.1068735703877106,-0.8082271175519127,-0.6057966298266733
HZA-GN-Z11,GN-z11,10.603,True,-0.5,0.057190958417936644,1.0,201.71212763082622,0.4288838593193223,-1.1235104962492608,-1.6202432686518513,-1.427960984525762,-1.126423612113566,-0.8277771592777681,-0.6253466715525287
HZA-GN-Z11,GN-z11,10.603,True,-0.5,0.057190958417936644,1.0,229.34708959212247,0.4298953653033049,-1.1396034816781784,-1.6363362540807689,-1.4440539699546795,-1.1425165975424836,-0.8438701447066856,-0.6414396569814462
HZA-GN-Z11,GN-z11,10.603,True,-0.5,0.057190958417936644,1.0,260.76809620810604,0.4307274633399522,-1.1528420999278435,-1.649574872330434,-1.4572925882043446,-1.1557552157921487,-0.8571087629563507,-0.6546782752311113
HZA-GN-Z11,GN-z11,10.603,True,-0.5,0.057190958417936644,1.0,296.49384311321825,0.43141150697325603,-1.1637251835653313,-1.6604579559679218,-1.4681756718418324,-1.1666382994296365,-0.8679918465938385,-0.6655613588685991
HZA-GN-Z11,GN-z11,10.603,True,-0.5,0.057190958417936644,1.0,300.0,0.43146768203410996,-1.164618924630739,-1.6613516970333295,-1.4690694129072401,-1.1675320404950442,-0.8688855876592463,-0.6664550999340069
HZA-GN-Z11,GN-z11,10.603,True,-0.5,0.057190958417936644,1.0,337.1140882736292,0.4319734328895293,-1.1726653833524967,-1.6693981557550872,-1.4771158716289978,-1.175578499216802,-0.876932046381004,-0.6745015586557646
HZA-GN-Z11,GN-z11,10.603,True,-0.5,0.057190958417936644,1.0,383.2993876677698,0.4324346862360118,-1.1800038899965761,-1.6767366623991666,-1.4844543782730772,-1.1829170058608813,-0.8842705530250834,-0.681840065299844
HZA-GN-Z11,GN-z11,10.603,True,-0.5,0.057190958417936644,1.0,435.8121647744256,0.4328129903960501,-1.1860226812164019,-1.6827554536189924,-1.490473169492903,-1.188935797080707,-0.8902893442449091,-0.6878588565196697
HZA-GN-Z11,GN-z11,10.603,True,-0.5,0.057190958417936644,1.0,495.51929660267956,0.43312298667645627,-1.1909546991209856,-1.6876874715235761,-1.4954051873974867,-1.1938678149852908,-0.8952213621494929,-0.6927908744242535
HZA-GN-Z11,GN-z11,10.603,True,-0.5,0.057190958417936644,1.0,563.4064240329424,0.43337676538659925,-1.1949922996386029,-1.6917250720411934,-1.499442787915104,-1.197905415502908,-0.8992589626671101,-0.6968284749418707
HZA-GN-Z11,GN-z11,10.603,True,-0.5,0.057190958417936644,1.0,640.5942227031146,0.4335843063803065,-1.1982942615058807,-1.6950270339084712,-1.5027447497823818,-1.201207377370186,-0.902560924534388,-0.7001304368091485
HZA-GN-Z11,GN-z11,10.603,True,-0.5,0.057190958417936644,1.0,728.3569030384599,0.43375384422559066,-1.2009915960911552,-1.6977243684937458,-1.5054420843676564,-1.2039047119554604,-0.9052582591196625,-0.7028277713944231
HZA-GN-Z11,GN-z11,10.603,True,-0.5,0.057190958417936644,1.0,828.1432448223001,0.43389217070084196,-1.2031923600865273,-1.6999251324891178,-1.5076428483630284,-1.2061054759508325,-0.9074590231150346,-0.7050285353897952
HZA-GN-Z11,GN-z11,10.603,True,-0.5,0.057190958417936644,1.0,941.6005135446557,0.43400488523101455,-1.2049856399290775,-1.701718412331668,-1.5094361282055786,-1.2078987557933827,-0.9092523029575847,-0.7068218152323453
HZA-GN-Z11,GN-z11,10.603,True,-0.5,0.057190958417936644,1.0,1070.6016533381312,0.43409660212034396,-1.2064448488580775,-1.703177621260668,-1.5108953371345786,-1.2093579647223827,-0.9107115118865847,-0.7082810241613453
HZA-GN-Z11,GN-z11,10.603,True,-0.5,0.057190958417936644,1.0,1100.0,0.43411364171153427,-1.206715947494252,-1.7034487198968424,-1.511166435770753,-1.2096290633585571,-0.9109826105227592,-0.7085521227975198
HZA-GN-Z11,GN-z11,10.603,True,-0.5,0.057190958417936644,1.0,1217.2762054000095,0.4341711219617418,-1.2076304540257885,-1.704363226428379,-1.5120809423022896,-1.2105435698900937,-0.9118971170542958,-0.7094666293290564
HZA-GN-Z11,GN-z11,10.603,True,-0.5,0.057190958417936644,1.0,1384.0454622995594,0.4342315733653018,-1.2085922313875193,-1.7053250037901098,-1.5130427196640204,-1.2115053472518245,-0.9128588944160265,-0.7104284066907871
HZA-GN-Z11,GN-z11,10.603,True,-0.5,0.057190958417936644,1.0,1573.662438495233,0.43428053011274015,-1.209371129620103,-1.7061039020226936,-1.5138216178966042,-1.2122842454844083,-0.9136377926486103,-0.7112073049233709
HZA-GN-Z11,GN-z11,10.603,True,-0.5,0.057190958417936644,1.0,1789.257316892076,0.4343201079794198,-1.2100008105531552,-1.7067335829557457,-1.5144512988296563,-1.2129139264174604,-0.9142674735816625,-0.7118369858564231
HZA-GN-Z11,GN-z11,10.603,True,-0.5,0.057190958417936644,1.0,2034.389121667738,0.43435204474370565,-1.2105089221119982,-1.7072416945145887,-1.5149594103884994,-1.2134220379763034,-0.9147755851405055,-0.7123450974152661
HZA-GN-Z11,GN-z11,10.603,True,-0.5,0.057190958417936644,1.0,2313.104470378237,0.4343777663015905,-1.2109181501964619,-1.7076509225990524,-1.515368638472963,-1.213831266060767,-0.9151848132249691,-0.7127543254997297
HZA-GN-Z11,GN-z11,10.603,True,-0.5,0.057190958417936644,1.0,2630.004375218852,0.43439844130319993,-1.211247087943656,-1.7079798603462466,-1.5156975762201572,-1.2141602038079613,-0.9155137509721634,-0.713083263246924
HZA-GN-Z11,GN-z11,10.603,True,-0.5,0.057190958417936644,1.0,2990.320196190382,0.4344150263104206,-1.2115109541824793,-1.7082437265850698,-1.5159614424589805,-1.2144240700467845,-0.9157776172109866,-0.7133471294857472
HZA-GN-Z11,GN-z11,10.603,True,-0.5,0.057190958417936644,1.0,3400.0,0.4344283031276785,-1.211722187363554,-1.7084549597661445,-1.516172675640055,-1.2146353032278592,-0.9159888503920612,-0.7135583626668218
HZA-GN-Z11,GN-z11,10.603,True,-0.5,0.057190958417936644,2.0,20.0,0.2566495515154844,-2.466550783249187,-2.9632835556517776,-2.771001271525688,-2.4694638991134923,-2.1708174462776944,-1.968386958552455
HZA-GN-Z11,GN-z11,10.603,True,-0.5,0.057190958417936644,2.0,22.74003970766435,0.286681635934966,-3.4221672691939373,-3.918900041596528,-3.7266177574704384,-3.4250803850582425,-3.1264339322224446,-2.924003444497205
HZA-GN-Z11,GN-z11,10.603,True,-0.5,0.057190958417936644,2.0,25.0,0.30563496031507625,-4.025259248695124,-4.521992021097715,-4.329709736971625,-4.028172364559429,-3.7295259117236315,-3.527095423998392
HZA-GN-Z11,GN-z11,10.603,True,-0.5,0.057190958417936644,2.0,25.85547029530757,0.3117809433351469,-4.220823519702104,-4.717556292104694,-4.525274007978605,-4.223736635566409,-3.925090182730611,-3.7226596950053716
HZA-GN-Z11,GN-z11,10.603,True,-0.5,0.057190958417936644,2.0,29.39772105878151,0.33272331084721085,-4.887206557579417,-5.383939329982008,-5.191657045855918,-4.8901196734437224,-4.5914732206079245,-4.389042732882685
HZA-GN-Z11,GN-z11,10.603,True,-0.5,0.057190958417936644,2.0,30.0,0.33569608509280524,-4.98179979454565,-5.478532566948241,-5.286250282822151,-4.9847129104099555,-4.6860664575741575,-4.483635969848918
HZA-GN-Z11,GN-z11,10.603,True,-0.5,0.057190958417936644,2.0,33.425267209576596,0.35017156126587157,-5.4424073061544425,-5.939140078557033,-5.746857794430944,-5.445320422018748,-5.14667396918295,-4.94424348145771
HZA-GN-Z11,GN-z11,10.603,True,-0.5,0.057190958417936644,2.0,38.004595179253144,0.36468952117458153,-5.904366643950138,-6.401099416352729,-6.208817132226639,-5.907279759814443,-5.608633306978645,-5.406202819253406
HZA-GN-Z11,GN-z11,10.603,True,-0.5,0.057190958417936644,2.0,43.21130017249628,0.3767549955775208,-6.288288255555417,-6.785021027958008,-6.5927387438319185,-6.291201371419723,-5.992554918583925,-5.790124430858685
HZA-GN-Z11,GN-z11,10.603,True,-0.5,0.057190958417936644,2.0,49.13133408711842,0.386771552692414,-6.607013621990183,-7.103746394392774,-6.911464110266684,-6.609926737854488,-6.31128028501869,-6.108849797293451
HZA-GN-Z11,GN-z11,10.603,True,-0.5,0.057190958417936644,2.0,55.862424401579815,0.3950790693216513,-6.871357572855264,-7.368090345257855,-7.175808061131765,-6.8742706887195695,-6.5756242358837715,-6.373193748158532
HZA-GN-Z11,GN-z11,10.603,True,-0.5,0.057190958417936644,2.0,60.0,0.3990694182227384,-6.998329884909523,-7.495062657312113,-7.302780373186024,-7.001243000773828,-6.70259654793803,-6.50016606021279
HZA-GN-Z11,GN-z11,10.603,True,-0.5,0.057190958417936644,2.0,63.51568745291611,0.4019630536706703,-7.090404937034914,-7.5871377094375045,-7.394855425311415,-7.093318052899219,-6.794671600063421,-6.592241112338182
HZA-GN-Z11,GN-z11,10.603,True,-0.5,0.057190958417936644,2.0,72.21746273694556,0.40766280568610963,-7.271770203450365,-7.768502975852956,-7.576220691726866,-7.27468331931467,-6.976036866478872,-6.773606378753633
HZA-GN-Z11,GN-z11,10.603,True,-0.5,0.057190958417936644,2.0,82.1113985112456,0.4123785008553264,-7.421822926513115,-7.918555698915705,-7.726273414789616,-7.42473604237742,-7.126089589541622,-6.923659101816383
HZA-GN-Z11,GN-z11,10.603,True,-0.5,0.057190958417936644,2.0,93.36082312987881,0.41627729672592856,-7.545882034673581,-8.042614807076172,-7.850332522950082,-7.548795150537886,-7.250148697702088,-7.047718209976849
HZA-GN-Z11,GN-z11,10.603,True,-0.5,0.057190958417936644,2.0,100.0,0.4180772458875985,-7.603156150873068,-8.099888923275659,-7.907606639149569,-7.606069266737373,-7.307422813901575,-7.104992326176336
HZA-GN-Z11,GN-z11,10.603,True,-0.5,0.057190958417936644,2.0,106.15144125568361,0.41949856592606216,-7.648382344352945,-8.145115116755536,-7.952832832629446,-7.65129546021725,-7.352649007381452,-7.150218519656213
HZA-GN-Z11,GN-z11,10.603,True,-0.5,0.057190958417936644,2.0,120.69439945900218,0.4221583580690646,-7.73301653708952,-8.22974930949211,-8.03746702536602,-7.735929652953825,-7.437283200118027,-7.2348527123927875
HZA-GN-Z11,GN-z11,10.603,True,-0.5,0.057190958417936644,2.0,137.22977180952068,0.424353187757129,-7.8028556932552755,-8.299588465657866,-8.107306181531776,-7.805768809119581,-7.507122356283783,-7.304691868558543
HZA-GN-Z11,GN-z11,10.603,True,-0.5,0.057190958417936644,2.0,156.03052300111096,0.4261632385215982,-7.860451240962299,-8.35718401336489,-8.1649017292388,-7.8633643568266045,-7.564717903990807,-7.362287416265567
HZA-GN-Z11,GN-z11,10.603,True,-0.5,0.057190958417936644,2.0,177.40701443264487,0.42765506406065784,-7.907920909046811,-8.404653681449402,-8.212371397323313,-7.910834024911116,-7.612187572075318,-7.409757084350079
HZA-GN-Z11,GN-z11,10.603,True,-0.5,0.057190958417936644,2.0,201.71212763082622,0.4288838593193223,-7.947020992498522,-8.443753764901112,-8.251471480775024,-7.949934108362827,-7.651287655527029,-7.44885716780179
HZA-GN-Z11,GN-z11,10.603,True,-0.5,0.057190958417936644,2.0,229.34708959212247,0.4298953653033049,-7.979206963356357,-8.475939735758947,-8.283657451632859,-7.982120079220662,-7.683473626384864,-7.481043138659625
HZA-GN-Z11,GN-z11,10.603,True,-0.5,0.057190958417936644,2.0,260.76809620810604,0.4307274633399522,-8.005684199855686,-8.502416972258278,-8.310134688132187,-8.008597315719992,-7.709950862884194,-7.507520375158955
HZA-GN-Z11,GN-z11,10.603,True,-0.5,0.057190958417936644,2.0,296.49384311321825,0.43141150697325603,-8.027450367130662,-8.524183139533253,-8.331900855407163,-8.030363482994968,-7.73171703015917,-7.529286542433931
HZA-GN-Z11,GN-z11,10.603,True,-0.5,0.057190958417936644,2.0,300.0,0.43146768203410996,-8.029237849261477,-8.525970621664069,-8.333688337537978,-8.032150965125783,-7.7335045122899855,-7.531074024564746
HZA-GN-Z11,GN-z11,10.603,True,-0.5,0.057190958417936644,2.0,337.1140882736292,0.4319734328895293,-8.045330766704993,-8.542063539107584,-8.349781254981494,-8.048243882569299,-7.749597429733501,-7.547166942008261
HZA-GN-Z11,GN-z11,10.603,True,-0.5,0.057190958417936644,2.0,383.2993876677698,0.4324346862360118,-8.060007779993153,-8.556740552395743,-8.364458268269654,-8.062920895857458,-7.76427444302166,-7.56184395529642
HZA-GN-Z11,GN-z11,10.603,True,-0.5,0.057190958417936644,2.0,435.8121647744256,0.4328129903960501,-8.072045362432803,-8.568778134835394,-8.376495850709304,-8.074958478297109,-7.776312025461311,-7.573881537736072
HZA-GN-Z11,GN-z11,10.603,True,-0.5,0.057190958417936644,2.0,495.51929660267956,0.43312298667645627,-8.081909398241972,-8.578642170644562,-8.386359886518473,-8.084822514106277,-7.786176061270479,-7.583745573545239
HZA-GN-Z11,GN-z11,10.603,True,-0.5,0.057190958417936644,2.0,563.4064240329424,0.43337676538659925,-8.089984599277205,-8.586717371679796,-8.394435087553706,-8.092897715141511,-7.794251262305713,-7.591820774580474
HZA-GN-Z11,GN-z11,10.603,True,-0.5,0.057190958417936644,2.0,640.5942227031146,0.4335843063803065,-8.09658852301176,-8.593321295414352,-8.401039011288262,-8.099501638876067,-7.800855186040269,-7.598424698315029
HZA-GN-Z11,GN-z11,10.603,True,-0.5,0.057190958417936644,2.0,728.3569030384599,0.43375384422559066,-8.10198319218231,-8.598715964584901,-8.406433680458811,-8.104896308046616,-7.806249855210818,-7.6038193674855785
HZA-GN-Z11,GN-z11,10.603,True,-0.5,0.057190958417936644,2.0,828.1432448223001,0.43389217070084196,-8.106384720173054,-8.603117492575645,-8.410835208449555,-8.10929783603736,-7.810651383201562,-7.608220895476323
HZA-GN-Z11,GN-z11,10.603,True,-0.5,0.057190958417936644,2.0,941.6005135446557,0.43400488523101455,-8.109971279858154,-8.606704052260746,-8.414421768134655,-8.11288439572246,-7.814237942886662,-7.611807455161423
HZA-GN-Z11,GN-z11,10.603,True,-0.5,0.057190958417936644,2.0,1070.6016533381312,0.43409660212034396,-8.112889697716156,-8.609622470118746,-8.417340185992657,-8.11580281358046,-7.817156360744662,-7.614725873019423
HZA-GN-Z11,GN-z11,10.603,True,-0.5,0.057190958417936644,2.0,1100.0,0.43411364171153427,-8.113431894988505,-8.610164667391095,-8.417882383265006,-8.11634501085281,-7.817698558017011,-7.615268070291772
HZA-GN-Z11,GN-z11,10.603,True,-0.5,0.057190958417936644,2.0,1217.2762054000095,0.4341711219617418,-8.115260908051578,-8.611993680454168,-8.41971139632808,-8.118174023915882,-7.8195275710800844,-7.617097083354845
HZA-GN-Z11,GN-z11,10.603,True,-0.5,0.057190958417936644,2.0,1384.0454622995594,0.4342315733653018,-8.11718446277504,-8.61391723517763,-8.42163495105154,-8.120097578639344,-7.821451125803546,-7.6190206380783065
HZA-GN-Z11,GN-z11,10.603,True,-0.5,0.057190958417936644,2.0,1573.662438495233,0.43428053011274015,-8.118742259240207,-8.615475031642797,-8.423192747516708,-8.121655375104512,-7.823008922268714,-7.620578434543474
HZA-GN-Z11,GN-z11,10.603,True,-0.5,0.057190958417936644,2.0,1789.257316892076,0.4343201079794198,-8.120001621106312,-8.616734393508901,-8.424452109382813,-8.122914736970616,-7.824268284134818,-7.6218377964095785
HZA-GN-Z11,GN-z11,10.603,True,-0.5,0.057190958417936644,2.0,2034.389121667738,0.43435204474370565,-8.121017844223996,-8.617750616626587,-8.425468332500497,-8.123930960088302,-7.825284507252504,-7.6228540195272645
HZA-GN-Z11,GN-z11,10.603,True,-0.5,0.057190958417936644,2.0,2313.104470378237,0.4343777663015905,-8.121836300392925,-8.618569072795514,-8.426286788669426,-8.12474941625723,-7.826102963421431,-7.623672475696192
HZA-GN-Z11,GN-z11,10.603,True,-0.5,0.057190958417936644,2.0,2630.004375218852,0.43439844130319993,-8.122494175887311,-8.619226948289903,-8.426944664163813,-8.125407291751618,-7.82676083891582,-7.62433035119058
HZA-GN-Z11,GN-z11,10.603,True,-0.5,0.057190958417936644,2.0,2990.320196190382,0.4344150263104206,-8.123021908364958,-8.61975468076755,-8.427472396641459,-8.125935024229264,-7.827288571393466,-7.624858083668227
HZA-GN-Z11,GN-z11,10.603,True,-0.5,0.057190958417936644,2.0,3400.0,0.4344283031276785,-8.123444374727107,-8.620177147129699,-8.427894863003608,-8.126357490591413,-7.827711037755615,-7.625280550030376
