science_release,input_catalogue_release,catalogue_view,rank_global_navigation,rank_within_object_class,rank_within_mass_group,rank_within_class_mass_group,rank_primary_within_class_mass_group,ranking_id,measurement_id,physical_object_id,object_id,source_key,object_class,mass_comparability_group,evidence_status,redshift,log_mbh_msun_std,mbh_method,growth_pressure_tier,growth_pressure_score_0_100,catalogue_release,ra_deg,dec_deg,redshift_kind,cosmic_time_gyr,survey,log_mbh_err_plus_std,log_mbh_err_minus_std,detection_evidence,log_mstar_msun_std,log_mstar_err_plus_std,log_mstar_err_minus_std,mstar_method,log_lbol_erg_s_std,log_lbol_err_plus_std,log_lbol_err_minus_std,lbol_method,log_mbh_mstar_ratio,log_mbh_mstar_ratio_err,edd_ratio_std,edd_ratio_err_std,edd_ratio_from_mbh_lbol,edd_ratio_log_residual_dex,edd_ratio_consistency_flag,agn_contam_flag,lensing_mu,lensing_mu_err,missing_mstar_flag,missing_lbol_flag,missing_edd_ratio_flag,missing_lensing_flag,missing_optional_fields,mbh_interpretation_tag,mstar_interpretation_tag,lbol_interpretation_tag,quality_flag,project_version,source_table,notes,program,field,selection_channel,broad_line_species,halpha_flux_total_1e18_erg_s_cm2,halpha_flux_total_err_plus,halpha_flux_total_err_minus,halpha_flux_narrow_1e18_erg_s_cm2,halpha_flux_narrow_err_plus,halpha_flux_narrow_err_minus,halpha_flux_broad_1e18_erg_s_cm2,halpha_flux_broad_err_plus,halpha_flux_broad_err_minus,halpha_broad_fwhm_km_s,halpha_broad_fwhm_err_plus,halpha_broad_fwhm_err_minus,fwhm_instrument_corrected_flag,lrd_flag,lrd_definition,halpha_absorption_fit_flag,log_mbh_systematic_dex,mbh_systematic_kind,mbh_systematic_applied_flag,mbh_formal_uncertainty_kind,dust_correction_applied_flag,source_caveat_tags,source_paper_version,source_url,source_doi,source_archive_url,source_archive_sha256,extraction_date,selection_criteria,redshift_err,published_ra,published_dec,halpha_broad_to_total_ratio,halpha_broad_to_total_ratio_err,halpha_lum_broad_1e42,halpha_lum_broad_err_plus,halpha_lum_broad_err_minus,halpha_lum_total_1e42,halpha_lum_total_err_plus,halpha_lum_total_err_minus,halpha_narrow_fwhm_km_s,halpha_narrow_fwhm_err_plus,halpha_narrow_fwhm_err_minus,halpha_ew_rest_angstrom,halpha_ew_err_plus,halpha_ew_err_minus,photometry_band,photometry_mag,photometry_mag_err_plus,photometry_mag_err_minus,f200w_mag,f200w_err_plus,f200w_err_minus,muv,muv_err_plus,muv_err_minus,beta_uv,beta_uv_err_plus,beta_uv_err_minus,beta_opt,beta_opt_err_plus,beta_opt_err_minus,delta_m_lw,lbol_1e44_erg_s,lbol_1e44_err_plus,lbol_1e44_err_minus,metallicity_12_logoh,metallicity_err_plus,metallicity_err_minus,ebv_mag,halpha_broad_snr,delta_aic,halpha_lum_broad_erg_s,halpha_broad_to_narrow_ratio,halpha_broad_to_narrow_err_plus,halpha_broad_to_narrow_err_minus,mbh_msun,mbh_err_plus_msun,mbh_err_minus_msun,lbol_erg_s,lbol_err_plus_erg_s,lbol_err_minus_erg_s,log_mstar_upper_limit_msun,host_fit_model,red_agn_flag,compact_source_flag,dual_agn_candidate_flag,log_mstar_systematic_dex,mstar_systematic_kind,mstar_systematic_applied_flag,evidence_status_basis,spectroscopic_type,selection_channels,phenotype_tags,lensing_status,growth_ranking_eligible_flag,primary_growth_ranking_flag,thrils_id,ceers_photometry_id,program_redshift,zphot,coordinate_source_table,coordinate_source_paper_version,coordinate_source_url,coordinate_source_archive_url,coordinate_source_archive_sha256,preferred_measurement_flag,preferred_measurement_reason,match_method,match_reference,host_system_id,host_system_assignment_status,identity_resolution_status,extraction_date_status,lensing_mass_correction_status,lensing_provenance,log_mbh_err_plus,log_mbh_err_minus,log_mstar_err_plus,log_mstar_err_minus,log_lbol_err_plus,log_lbol_err_minus,mbh_statistical_uncertainty_kind,conditional_mass_flag,conditional_mass_reason,primary_mass_comparison_flag,primary_mass_comparison_reason,host_property_scope,growth_ranking_eligibility_reason,primary_growth_ranking_reason,log_edd_ratio_published,edd_ratio_method,host_system_source_id,published_aliases,halpha_broad_flux_dustcorr_1e18,halpha_broad_flux_err,halpha_broad_fwhm_instrumentcorr_km_s,halpha_broad_fwhm_err,av_mag,robust_candidate_flag,oiii_outflow_detected_flag,halpha_three_component_fit_flag,redshift_from_cii_flag,bal_flag,mgii_telluric_caveat_flag,civ_low_snr_caveat_flag,cds_table1_url,cds_table1_sha256,cds_table3_url,cds_table3_sha256,radio_loud_flag,fiducial_mass_line,n_measurements,available_measurement_ids,available_object_ids,available_source_keys,all_measurement_evidence_statuses,all_measurement_evidence_status_bases,object_evidence_aggregation_policy,required_fedd_seed1e2,required_fedd_seed1e4,required_fedd_seed1e5,required_log_mseed_fedd0p3,required_log_mseed_fedd1,systematic_envelope_available_flag,required_fedd_seed1e2_systematic_low,required_fedd_seed1e2_systematic_high,required_log_mseed_fedd0p3_systematic_low,required_log_mseed_fedd0p3_systematic_high,systematic_combined_with_statistical_error,global_rank_policy,demographic_inference_allowed,current_edd_ratio_comparison_status
v2-shared-science,v2-dataset-catalogue,physical_object,1,1,1,1,1,HZA-GN-38509,GN38509_juodzbalis25,HZA-GN-38509,GN-38509,juodzbalis25_jades_blagn,broad_line_agn,virial_balmer_single_epoch,secure,6.678,8.57,single-epoch-virial-halpha,high,98.44540599147037,v2-dataset-catalogue,189.09144,62.22811,spec,0.8105236210227595,JADES,0.37,0.38,individual_robust,9.19,0.4,0.4,beagle-spectral-decomposition,44.84,0.14,0.14,balmer-line-bolometric-correction,-0.6199999999999992,0.5482928049865328,0.015,0.0065,0.0147784693385942,0.0064618041732414,consistent,1.0,,,False,False,False,True,lensing,single-epoch-virial,host-sed-with-agn-contamination-risk,balmer-line-bolometric-correction,robust,v2,"Table 2 (BH/Lbol/lambda_Edd), Table 5 (Mstar)",Robust sample; Mstar uses BEAGLE value.,,GOODS-N,,,,,,,,,,,,,,,,,,,0.3,source_stated_single_epoch_virial_calibration_uncertainty,False,,,,"MNRAS 546, stag086 (2026); arXiv:2504.03551",https://arxiv.org/abs/2504.03551,,https://arxiv.org/abs/2504.03551,,not_recorded_in_frozen_v1_source_layer,JADES spectroscopic Type 1 broad-line AGN sample,,,,,,,,,,,,,,,,,,,,,,,,,,,,,,,,,,,,,,,,,,,,,,,,,,,,,,,,,,,,,,published_blagn_with_robust_detection_and_no_recorded_alternative_interpretation,type1_broad_line,broad_balmer_line,,not_reported,True,True,,,,,,,,,,True,only catalogue measurement in this release,singleton assignment,v1 catalogue,HZS-GN-38509,inherited_provisional_one_to_one_no_verified_multinucleus_link,resolved,not_recorded,not_required,,0.37,0.38,0.4,0.4,0.14,0.14,published_asymmetric_table_uncertainty_semantics_not_further_specified_in_v1,False,,True,balmer_single_epoch_primary_stratum,object_specific,eligible_numeric_mass_with_resolved_identity_and_lensing,eligible_secure_or_probable_primary_comparable_mass,,,,,,,,,,,,,,,,,,,,,,,1,GN38509_juodzbalis25,GN-38509,juodzbalis25_jades_blagn,secure,published_blagn_with_robust_detection_and_no_recorded_alternative_interpretation,preferred_measurement_controls_object_status;all_measurement_statuses_retained,1.064544199368414,0.7404820382212559,0.578450957647677,6.71850336776117,2.398344559203899,True,1.0159348751963402,1.1131535235404875,6.418503367761169,7.018503367761171,False,navigation_only_no_cross_class_science_claim,False,available_not_growth_history
v2-shared-science,v2-dataset-catalogue,physical_object,2,2,2,2,2,HZA-GS-20057765,GS20057765_juodzbalis25,HZA-GS-20057765,GS-20057765,juodzbalis25_jades_blagn,broad_line_agn,virial_balmer_single_epoch,probable,8.913,7.33,single-epoch-virial-hbeta,high,93.77309018057997,v2-dataset-catalogue,53.0408,-27.85901,spec,0.5527336017822919,JADES,0.62,0.7,stack_supported_tentative_hbeta,7.4,0.78,0.97,beagle-spectral-decomposition,44.16,0.19,0.3,balmer-line-bolometric-correction,-0.0700000000000002,1.0960041058317254,0.051,0.063,0.0536573789993633,-0.0220592787844985,consistent,1.0,,,False,False,False,True,lensing,single-epoch-virial,host-sed-with-agn-contamination-risk,balmer-line-bolometric-correction,tentative,v2,"Table 2 (BH/Lbol/lambda_Edd), Table 5 (Mstar)",Tentative broad-Hbeta sample; individual detection not formally significant; stack-supported; Mstar uses BEAGLE value.,,GOODS-S,,,,,,,,,,,,,,,,,,,,,False,,,,"MNRAS 546, stag086 (2026); arXiv:2504.03551",https://arxiv.org/abs/2504.03551,,https://arxiv.org/abs/2504.03551,,not_recorded_in_frozen_v1_source_layer,JADES spectroscopic Type 1 broad-line AGN sample,,,,,,,,,,,,,,,,,,,,,,,,,,,,,,,,,,,,,,,,,,,,,,,,,,,,,,,,,,,,,,published_blagn_with_tentative_broad_line_detection,type1_broad_line,broad_balmer_line,,not_reported,True,True,,,,,,,,,,True,only catalogue measurement in this release,singleton assignment,v1 catalogue,HZS-GS-20057765,inherited_provisional_one_to_one_no_verified_multinucleus_link,resolved,not_recorded,not_required,,0.62,0.7,0.78,0.97,0.19,0.3,published_asymmetric_table_uncertainty_semantics_not_further_specified_in_v1,False,,True,balmer_single_epoch_primary_stratum,object_specific,eligible_numeric_mass_with_resolved_identity_and_lensing,eligible_secure_or_probable_primary_comparable_mass,,,,,,,,,,,,,,,,,,,,,,,1,GS20057765_juodzbalis25,GS-20057765,juodzbalis25_jades_blagn,probable,published_blagn_with_tentative_broad_line_detection,preferred_measurement_controls_object_status;all_measurement_statuses_retained,1.3553650821669596,0.8467853139992451,0.5924954299153876,6.150244064836379,3.397480216121263,False,,,,,False,navigation_only_no_cross_class_science_claim,False,available_not_growth_history
v2-shared-science,v2-dataset-catalogue,physical_object,3,3,3,3,,HZA-RUBIES-EGS-49140,RUBIESEGS49140_taylor24,HZA-RUBIES-EGS-49140,RUBIES-EGS-49140,taylor24_ceers_rubies_blagn,broad_line_agn,virial_balmer_single_epoch,candidate,6.685,8.26,single-epoch-virial-halpha-reines2013,high,87.49084949824412,v2-dataset-catalogue,214.892248,52.87741,spec,0.8094182196919075,RUBIES,0.02,0.01,individual_robust,,,,,,,,,,,,,,,not_evaluable,,,,True,True,True,True,mstar;lbol;edd_ratio;lensing,single-epoch-virial-halpha-reines2013,missing-host-mstar,not-published-by-source,robust,v2,Table 1 (Sample of BLAGN),Nominal Table 1 mass and Halpha flux are uncorrected for dust; formal MBH errors exclude the approximately 0.5 dex virial-calibration systematic. Halpha line fit includes the source-specific narrow absorption component described in Section 3.2. The paper retains this source as BLAGN while noting a published compact-galaxy alternative for its broad lines.,RUBIES,EGS,broad-halpha,Halpha,116.81,2.52,3.23,4.94,1.96,2.27,111.71,1.61,1.65,2613.0,48.0,39.0,1.0,True,Kocevski et al. (2024) full photometric selection applied by Taylor et al.,1.0,0.5,Approximate Reines et al. (2013) single-epoch virial-calibration scatter; may be larger at high redshift,False,16th/84th percentiles from correlated Halpha flux and FWHM posteriors,0.0,formal_mbh_errors_exclude_virial_systematic;nominal_mass_uncorrected_for_dust;halpha_absorption_component_fit;alternative_non_agn_compact_galaxy_broadening,The Astrophysical Journal 986:165 (2025); arXiv:2409.06772v2,https://iopscience.iop.org/article/10.3847/1538-4357/add15b,10.3847/1538-4357/add15b,https://arxiv.org/e-print/2409.06772v2,50453a0a975b84f019ceba8da30663e40d83c285376cad119d83fa8e3b31aaa0,2026-08-17,JWST/NIRSpec G395M Halpha; broad FWHM >700 km/s; broad flux S/N >4; Delta BIC >6; secure multi-line spectroscopic redshift; visual QA,,,,,,,,,,,,,,,,,,,,,,,,,,,,,,,,,,,,,,,,,,,,,,,,,,,,,,,,,,,,,,robust_broad_line_with_recorded_alternative_non_agn_interpretation,type1_broad_line,broad_halpha,lrd,not_reported,True,False,,,,,,,,,,True,only catalogue measurement in this release,singleton assignment,"Taylor et al. (2025), Table 1",HZS-RUBIES-EGS-49140,inherited_provisional_one_to_one_no_verified_multinucleus_link,resolved,recorded,not_required,,0.02,0.01,,,,,16th/84th percentiles from correlated Halpha flux and FWHM posteriors,True,mass_valid_only_if_broad_component_is_blr,True,balmer_single_epoch_primary_stratum,not_published,eligible_numeric_mass_with_resolved_identity_and_lensing,candidate_evidence_excluded,,,,,,,,,,,,,,,,,,,,,,,1,RUBIESEGS49140_taylor24,RUBIES-EGS-49140,taylor24_ceers_rubies_blagn,candidate,robust_broad_line_with_recorded_alternative_non_agn_interpretation,preferred_measurement_controls_object_status;all_measurement_statuses_retained,1.0158950168929186,0.6913279188440629,0.529044369819635,6.411383785950835,2.0979459531694493,True,0.9347532423807046,1.0970367914051327,5.911383785950835,6.911383785950835,False,navigation_only_no_cross_class_science_claim,False,unavailable_not_published
v2-shared-science,v2-dataset-catalogue,physical_object,4,4,4,4,3,HZA-CEERS-00717,CEERS00717_harikane23,HZA-CEERS-00717,CEERS-00717,harikane23_nirspec_blagn,broad_line_agn,virial_balmer_single_epoch,secure,6.936,7.99122608,single-epoch-virial-halpha-greeneho2005,high,81.93378689127388,v2-dataset-catalogue,215.08141667,52.97219444,spec,0.7713794498651723,CEERS,0.16106227,0.17168214,individual_robust,9.61,0.77,1.18,prospector-after-agn-host-image-decomposition,44.85125835,0.91885695,0.40410032,halpha-multicalibration-best-estimate-harikane2023,-1.6187739199999998,0.9890928725840472,0.06,0.335,0.0574991897515424,0.018489525501202,consistent,1.0,,,False,False,False,True,lensing,single-epoch-virial-halpha-greeneho2005,host-sed-with-agn-contamination-risk,halpha-multicalibration-best-estimate-harikane2023,robust,v2,Tables 1-3,Extinction-corrected broad-Halpha Greene & Ho (2005) mass; source gives no numeric virial-calibration systematic.,JWST/NIRSpec,EGS,broad-halpha,Halpha,,,,,,,,,,6279.0,805.0,881.0,,,,,,not numerically specified by Harikane et al. (2023),False,log transform of published asymmetric linear MBH errors,True,virial_calibration_at_z0;source_does_not_state_numeric_virial_systematic,The Astrophysical Journal 959:39 (2023); arXiv:2303.11946v3,https://doi.org/10.3847/1538-4357/ad029e,10.3847/1538-4357/ad029e,https://arxiv.org/e-print/2303.11946v3,02c2951b4594234f8cc015fc811f1ed438d35997249138af4d756d02d44ca4b4,2026-08-23,NIRSpec parent sample at zspec 3.8-8.9; permitted broad Halpha FWHM >1000 km/s and S/N >5; narrow forbidden lines; outflow-component veto; final rows have Delta AIC >20,,14:20:19.54,+52:58:19.9,,,,3e+41,2e+41,,,,,,,,,,,,,,,,,-21.49,0.12,0.12,,,,,,,,,,,7.87,0.17,0.18,0.0,6.1,23.9,1.2e+42,0.57,0.17,0.11,98000000.0,44000000.0,32000000.0,7.1e+44,5.18e+45,4.3e+44,,PSF+Sersic,0.0,0.0,0.0,0.2,typical systematic from fixed SED-fitting prior; Harikane et al. (2023) Section 4.3,False,published_blagn_with_robust_detection_and_no_recorded_alternative_interpretation,type1_broad_line,broad_halpha,,not_reported,True,True,,,,,,,,,,True,only catalogue measurement in this release,singleton assignment after coordinate-redshift search,no candidate within 0.5 arcsec and delta-z 0.01,HZS-CEERS-00717,inherited_provisional_one_to_one_no_verified_multinucleus_link,resolved,recorded,not_required,,0.16106227,0.17168214,0.77,1.18,0.91885695,0.40410032,log transform of published asymmetric linear MBH errors,False,,True,balmer_single_epoch_primary_stratum,object_specific,eligible_numeric_mass_with_resolved_identity_and_lensing,eligible_secure_or_probable_primary_comparable_mass,,,,,,,,,,,,,,,,,,,,,,,1,CEERS00717_harikane23,CEERS-00717,harikane23_nirspec_blagn,secure,published_blagn_with_robust_detection_and_no_recorded_alternative_interpretation,preferred_measurement_controls_object_status;all_measurement_statuses_retained,1.0273631809780568,0.6844072760397951,0.5129293235706643,6.241730032955669,2.159572589852229,False,,,,,False,navigation_only_no_cross_class_science_claim,False,available_not_growth_history
v2-shared-science,v2-dataset-catalogue,physical_object,5,5,5,5,4,HZA-GOODS-N-9771,GOODSN9771_matthee23,HZA-GOODS-N-9771,GOODS-N-9771,matthee23_eiger_fresco_blagn,broad_line_agn,virial_balmer_single_epoch,secure,5.538,8.55,single-epoch-virial-halpha-reines2013,high,75.85749677304578,v2-dataset-catalogue,189.281,62.24730833,spec,1.0309936331361336,FRESCO,0.03,0.03,individual_robust,,,,,45.81822589361395,0.0104340029213643,0.0106908655451022,broad-halpha-to-l5100-greene-ho2005;bolometric-correction-richards2006,,,,,0.1471822197438113,,not_evaluable,,,,True,False,True,True,mstar;edd_ratio;lensing,single-epoch-virial-halpha-reines2013,missing-host-mstar,broad-halpha-to-l5100-greene-ho2005;bolometric-correction-richards2006,robust,v2,Tables 1-3,Nominal source-table Halpha mass and luminosity are not dust corrected; formal MBH errors exclude the 0.5 dex estimator systematic.,FRESCO,GOODS-N,broad-halpha,Halpha,,,,,,,,,,3739.0,112.0,112.0,,True,paper_sample_label_little_red_dot,1.0,0.5,Reines et al. (2013) Halpha single-epoch estimator intrinsic/calibration uncertainty,False,source-table statistical line-fit propagation,False,halpha_absorption_fit;blueshifted_absorption_340_km_s;formal_mbh_errors_exclude_virial_systematic;nominal_mass_uncorrected_for_dust,The Astrophysical Journal 963:129 (2024); arXiv:2306.05448v3,https://doi.org/10.3847/1538-4357/ad2345,10.3847/1538-4357/ad2345,https://arxiv.org/e-print/2306.05448v3,b3e6f5385e694d92a7456f81eb123a305468baf743cebc7aeea820befb9b1190,2026-08-22,broad Halpha S/N >5; broad Halpha luminosity >2e42 erg/s; broad FWHM >1000 km/s; visual rejection of spatial-broadening impostors,,12:37:07.44,+62:14:50.31,0.71,0.01,44.7,1.1,1.1,,,,,,,789.0,69.0,65.0,F444W,23.01,0.06,0.05,26.11,0.05,0.05,-19.5,0.1,0.1,-0.61,0.13,0.13,0.76,0.31,0.36,-1.4,65.8,1.6,1.6,,,,,,,,,,,,,,,,,,,,,,,,,published_blagn_with_robust_detection_and_no_recorded_alternative_interpretation,type1_broad_line,broad_halpha,lrd,not_reported,True,True,,,,,,,,,,True,only catalogue measurement in this release,singleton assignment after coordinate-redshift search,no candidate within 0.5 arcsec and delta-z 0.01,HZS-GOODS-N-9771,inherited_provisional_one_to_one_no_verified_multinucleus_link,resolved,recorded,not_required,,0.03,0.03,,,0.0104340029213643,0.0106908655451022,source-table statistical line-fit propagation,False,,True,balmer_single_epoch_primary_stratum,not_published,eligible_numeric_mass_with_resolved_identity_and_lensing,eligible_secure_or_probable_primary_comparable_mass,,,,,,,,,,,,,,,,,,,,,,,1,GOODSN9771_matthee23,GOODS-N-9771,matthee23_eiger_fresco_blagn,secure,published_blagn_with_robust_detection_and_no_recorded_alternative_interpretation,preferred_measurement_controls_object_status;all_measurement_statuses_retained,0.8099785765046903,0.5626568737551666,0.43899602238040464,6.124009909645282,0.463366365484271,True,0.7481481508173095,0.8718090021920714,5.624009909645282,6.624009909645282,False,navigation_only_no_cross_class_science_claim,False,unavailable_not_published
v2-shared-science,v2-dataset-catalogue,physical_object,6,6,6,6,5,HZA-GS-164055,GS164055_juodzbalis25,HZA-GS-164055,GS-164055,juodzbalis25_jades_blagn,broad_line_agn,virial_balmer_single_epoch,probable,7.397,7.63,single-epoch-virial-hbeta,high,75.7772436255635,v2-dataset-catalogue,53.08168,-27.88857,spec,0.7088155769811714,JADES,0.59,0.66,stack_supported_tentative_hbeta,7.99,0.23,0.23,cigale-spectral-decomposition-extended-host,44.21,0.16,0.21,balmer-line-bolometric-correction,-0.3600000000000003,0.665976726320072,0.03,0.034,0.0301737616127428,-0.0025082001627724,consistent,1.0,,,False,False,False,True,lensing,single-epoch-virial,host-sed-with-agn-contamination-risk,balmer-line-bolometric-correction,tentative,v2,"Table 2 (BH/Lbol/lambda_Edd), Table 5 (Mstar)",Tentative broad-Hbeta sample; individual detection not formally significant; stack-supported; source-adopted CIGALE Mstar used because the host is significantly extended.,,GOODS-S,,,,,,,,,,,,,,,,,,,,,False,,,,"MNRAS 546, stag086 (2026); arXiv:2504.03551",https://arxiv.org/abs/2504.03551,,https://arxiv.org/abs/2504.03551,,not_recorded_in_frozen_v1_source_layer,JADES spectroscopic Type 1 broad-line AGN sample,,,,,,,,,,,,,,,,,,,,,,,,,,,,,,,,,,,,,,,,,,,,,,,,,,,,,,,,,,,,,,published_blagn_with_tentative_broad_line_detection,type1_broad_line,broad_balmer_line,,not_reported,True,True,,,,,,,,,,True,only catalogue measurement in this release,singleton assignment,v1 catalogue,HZS-GS-164055,inherited_provisional_one_to_one_no_verified_multinucleus_link,resolved,not_recorded,not_required,,0.59,0.66,0.23,0.23,0.16,0.21,published_asymmetric_table_uncertainty_semantics_not_further_specified_in_v1,False,,True,balmer_single_epoch_primary_stratum,object_specific,eligible_numeric_mass_with_resolved_identity_and_lensing,eligible_secure_or_probable_primary_comparable_mass,,,,,,,,,,,,,,,,,,,,,,,1,GS164055_juodzbalis25,GS-164055,juodzbalis25_jades_blagn,probable,published_blagn_with_tentative_broad_line_detection,preferred_measurement_controls_object_status;all_measurement_statuses_retained,1.064628309775132,0.6864299759296144,0.49733080900685567,6.043530821515778,2.341769405052591,False,,,,,False,navigation_only_no_cross_class_science_claim,False,available_not_growth_history
v2-shared-science,v2-dataset-catalogue,physical_object,7,7,7,7,6,HZA-GS-20030333,GS20030333_juodzbalis25,HZA-GS-20030333,GS-20030333,juodzbalis25_jades_blagn,broad_line_agn,virial_balmer_single_epoch,probable,7.891,7.42,single-epoch-virial-hbeta,high,74.67999599624905,v2-dataset-catalogue,53.05373,-27.87789,spec,0.6506319125565291,JADES,0.65,0.48,stack_supported_tentative_hbeta,8.61,0.2,0.2,cigale-spectral-decomposition,44.44,0.11,0.14,balmer-line-bolometric-correction,-1.1899999999999995,0.5993538187081149,0.08,0.067,0.0831054403214991,-0.016539467890489,consistent,1.0,,,False,False,False,True,lensing,single-epoch-virial,host-sed-with-agn-contamination-risk,balmer-line-bolometric-correction,tentative,v2,"Table 2 (BH/Lbol/lambda_Edd), Table 5 (Mstar)",Tentative broad-Hbeta sample; individual detection not formally significant; stack-supported; source-adopted CIGALE Mstar used because BEAGLE Mstar is unavailable.,,GOODS-S,,,,,,,,,,,,,,,,,,,,,False,,,,"MNRAS 546, stag086 (2026); arXiv:2504.03551",https://arxiv.org/abs/2504.03551,,https://arxiv.org/abs/2504.03551,,not_recorded_in_frozen_v1_source_layer,JADES spectroscopic Type 1 broad-line AGN sample,,,,,,,,,,,,,,,,,,,,,,,,,,,,,,,,,,,,,,,,,,,,,,,,,,,,,,,,,,,,,,published_blagn_with_tentative_broad_line_detection,type1_broad_line,broad_balmer_line,,not_reported,True,True,,,,,,,,,,True,only catalogue measurement in this release,singleton assignment,v1 catalogue,HZS-GS-20030333,inherited_provisional_one_to_one_no_verified_multinucleus_link,resolved,not_recorded,not_required,,0.65,0.48,0.2,0.2,0.11,0.14,published_asymmetric_table_uncertainty_semantics_not_further_specified_in_v1,False,,True,balmer_single_epoch_primary_stratum,object_specific,eligible_numeric_mass_with_resolved_identity_and_lensing,eligible_secure_or_probable_primary_comparable_mass,,,,,,,,,,,,,,,,,,,,,,,1,GS20030333_juodzbalis25,GS-20030333,juodzbalis25_jades_blagn,probable,published_blagn_with_tentative_broad_line_detection,preferred_measurement_controls_object_status;all_measurement_statuses_retained,1.1332146730828314,0.7150542771113069,0.5059740791255446,5.985143887894973,2.6371462929832443,False,,,,,False,navigation_only_no_cross_class_science_claim,False,available_not_growth_history
v2-shared-science,v2-dataset-catalogue,physical_object,8,8,8,8,7,HZA-GN-954,GN954_juodzbalis25,HZA-GN-954,GN-954,juodzbalis25_jades_blagn,broad_line_agn,virial_balmer_single_epoch,secure,6.759,7.7,single-epoch-virial-halpha,medium,68.7122265884922,v2-dataset-catalogue,189.15197,62.25964,spec,0.7978843566184635,JADES,0.31,0.32,individual_robust,10.93,0.11,0.11,beagle-spectral-decomposition,45.17,0.15,0.17,balmer-line-bolometric-correction,-3.2299999999999995,0.3336540124140574,0.23,0.035,0.2342229544973313,-0.0079016188648425,consistent,1.0,,,False,False,False,True,lensing,single-epoch-virial,host-sed-with-agn-contamination-risk,balmer-line-bolometric-correction,robust,v2,"Table 2 (BH/Lbol/lambda_Edd), Table 5 (Mstar)",Robust sample; Mstar uses BEAGLE value.,,GOODS-N,,,,,,,,,,,,,,,,,,,0.3,source_stated_single_epoch_virial_calibration_uncertainty,False,,,,"MNRAS 546, stag086 (2026); arXiv:2504.03551",https://arxiv.org/abs/2504.03551,,https://arxiv.org/abs/2504.03551,,not_recorded_in_frozen_v1_source_layer,JADES spectroscopic Type 1 broad-line AGN sample,,,,,,,,,,,,,,,,,,,,,,,,,,,,,,,,,,,,,,,,,,,,,,,,,,,,,,,,,,,,,,published_blagn_with_robust_detection_and_no_recorded_alternative_interpretation,type1_broad_line,broad_balmer_line,,not_reported,True,True,,,,,,,,,,True,only catalogue measurement in this release,singleton assignment,v1 catalogue,HZS-GN-954,inherited_provisional_one_to_one_no_verified_multinucleus_link,resolved,not_recorded,not_required,,0.31,0.32,0.11,0.11,0.15,0.17,published_asymmetric_table_uncertainty_semantics_not_further_specified_in_v1,False,,True,balmer_single_epoch_primary_stratum,object_specific,eligible_numeric_mass_with_resolved_identity_and_lensing,eligible_secure_or_probable_primary_comparable_mass,,,,,,,,,,,,,,,,,,,,,,,1,GN954_juodzbalis25,GN-954,juodzbalis25_jades_blagn,secure,published_blagn_with_robust_detection_and_no_recorded_alternative_interpretation,preferred_measurement_controls_object_status;all_measurement_statuses_retained,0.9403035606779888,0.6103724867558875,0.4454069497948368,5.881438344477782,1.6381278149259382,True,0.8908138995896736,0.9897932217663039,5.581438344477782,6.181438344477781,False,navigation_only_no_cross_class_science_claim,False,available_not_growth_history
v2-shared-science,v2-dataset-catalogue,physical_object,9,9,9,9,8,HZA-GN-4685,GN4685_juodzbalis25,HZA-GN-4685,GN-4685,juodzbalis25_jades_blagn,broad_line_agn,virial_balmer_single_epoch,probable,7.415,7.36,single-epoch-virial-hbeta,high,66.38166725891102,v2-dataset-catalogue,189.09629,62.23914,spec,0.7065452811411209,JADES,0.45,0.42,stack_supported_tentative_hbeta,9.91,0.22,0.21,beagle-spectral-decomposition,44.13,0.1,0.12,balmer-line-bolometric-correction,-2.55,0.4852319033204638,0.045,0.02,0.04673362344092,-0.016416941107096,consistent,1.0,,,False,False,False,True,lensing,single-epoch-virial,host-sed-with-agn-contamination-risk,balmer-line-bolometric-correction,tentative,v2,"Table 2 (BH/Lbol/lambda_Edd), Table 5 (Mstar)",Tentative broad-Hbeta sample; individual detection not formally significant; stack-supported; Mstar uses BEAGLE value.,,GOODS-N,,,,,,,,,,,,,,,,,,,,,False,,,,"MNRAS 546, stag086 (2026); arXiv:2504.03551",https://arxiv.org/abs/2504.03551,,https://arxiv.org/abs/2504.03551,,not_recorded_in_frozen_v1_source_layer,JADES spectroscopic Type 1 broad-line AGN sample,,,,,,,,,,,,,,,,,,,,,,,,,,,,,,,,,,,,,,,,,,,,,,,,,,,,,,,,,,,,,,published_blagn_with_tentative_broad_line_detection,type1_broad_line,broad_balmer_line,,not_reported,True,True,,,,,,,,,,True,only catalogue measurement in this release,singleton assignment,v1 catalogue,HZS-GN-4685,inherited_provisional_one_to_one_no_verified_multinucleus_link,resolved,not_recorded,not_required,,0.45,0.42,0.22,0.21,0.1,0.12,published_asymmetric_table_uncertainty_semantics_not_further_specified_in_v1,False,,True,balmer_single_epoch_primary_stratum,object_specific,eligible_numeric_mass_with_resolved_identity_and_lensing,eligible_secure_or_probable_primary_comparable_mass,,,,,,,,,,,,,,,,,,,,,,,1,GN4685_juodzbalis25,GN-4685,juodzbalis25_jades_blagn,probable,published_blagn_with_tentative_broad_line_detection,preferred_measurement_controls_object_status;all_measurement_statuses_retained,1.0173652371980322,0.6377513427211544,0.44794439548271564,5.779446683249509,2.091488944165028,False,,,,,False,navigation_only_no_cross_class_science_claim,False,available_not_growth_history
v2-shared-science,v2-dataset-catalogue,physical_object,10,10,10,10,9,HZA-RUBIES-EGS-42046,RUBIESEGS42046_taylor24,HZA-RUBIES-EGS-42046,RUBIES-EGS-42046,taylor24_ceers_rubies_blagn,broad_line_agn,virial_balmer_single_epoch,secure,5.276,8.3,single-epoch-virial-halpha-reines2013,medium,60.875632510651556,v2-dataset-catalogue,214.795368,52.788847,spec,1.0960386684020111,RUBIES,0.02,0.02,individual_robust,,,,,,,,,,,,,,,not_evaluable,,,,True,True,True,True,mstar;lbol;edd_ratio;lensing,single-epoch-virial-halpha-reines2013,missing-host-mstar,not-published-by-source,robust,v2,Table 1 (Sample of BLAGN),Nominal Table 1 mass and Halpha flux are uncorrected for dust; formal MBH errors exclude the approximately 0.5 dex virial-calibration systematic. Halpha line fit includes the source-specific narrow absorption component described in Section 3.2.,RUBIES,EGS,broad-halpha,Halpha,190.13,4.61,6.61,80.88,4.61,7.26,109.59,2.1,2.1,3146.0,75.0,67.0,1.0,True,Kocevski et al. (2024) full photometric selection applied by Taylor et al.,1.0,0.5,Approximate Reines et al. (2013) single-epoch virial-calibration scatter; may be larger at high redshift,False,16th/84th percentiles from correlated Halpha flux and FWHM posteriors,0.0,formal_mbh_errors_exclude_virial_systematic;nominal_mass_uncorrected_for_dust;halpha_absorption_component_fit,The Astrophysical Journal 986:165 (2025); arXiv:2409.06772v2,https://iopscience.iop.org/article/10.3847/1538-4357/add15b,10.3847/1538-4357/add15b,https://arxiv.org/e-print/2409.06772v2,50453a0a975b84f019ceba8da30663e40d83c285376cad119d83fa8e3b31aaa0,2026-08-17,JWST/NIRSpec G395M Halpha; broad FWHM >700 km/s; broad flux S/N >4; Delta BIC >6; secure multi-line spectroscopic redshift; visual QA,,,,,,,,,,,,,,,,,,,,,,,,,,,,,,,,,,,,,,,,,,,,,,,,,,,,,,,,,,,,,,published_blagn_with_robust_detection_and_no_recorded_alternative_interpretation,type1_broad_line,broad_halpha,lrd,not_reported,True,True,,,,,,,,,,True,only catalogue measurement in this release,singleton assignment,"Taylor et al. (2025), Table 1",HZS-RUBIES-EGS-42046,inherited_provisional_one_to_one_no_verified_multinucleus_link,resolved,recorded,not_required,,0.02,0.02,,,,,16th/84th percentiles from correlated Halpha flux and FWHM posteriors,False,,True,balmer_single_epoch_primary_stratum,not_published,eligible_numeric_mass_with_resolved_identity_and_lensing,eligible_secure_or_probable_primary_comparable_mass,,,,,,,,,,,,,,,,,,,,,,,1,RUBIESEGS42046_taylor24,RUBIES-EGS-42046,taylor24_ceers_rubies_blagn,secure,published_blagn_with_robust_detection_and_no_recorded_alternative_interpretation,preferred_measurement_controls_object_status;all_measurement_statuses_retained,0.7281883631027115,0.49701745418121585,0.381431999720468,5.704517710298243,-0.35160763233919035,True,0.6703956358723376,0.7859810903330854,5.204517710298243,6.204517710298243,False,navigation_only_no_cross_class_science_claim,False,unavailable_not_published
v2-shared-science,v2-dataset-catalogue,physical_object,11,11,11,11,10,HZA-RUBIES-UDS-807469,RUBIESUDS807469_taylor24,HZA-RUBIES-UDS-807469,RUBIES-UDS-807469,taylor24_ceers_rubies_blagn,broad_line_agn,virial_balmer_single_epoch,secure,6.778,7.43,single-epoch-virial-halpha-reines2013,medium,59.3788636079503,v2-dataset-catalogue,34.376139,-5.310366,spec,0.7949670440338809,RUBIES,0.13,0.11,individual_robust,,,,,,,,,,,,,,,not_evaluable,,,,True,True,True,True,mstar;lbol;edd_ratio;lensing,single-epoch-virial-halpha-reines2013,missing-host-mstar,not-published-by-source,robust,v2,Table 1 (Sample of BLAGN),Nominal Table 1 mass and Halpha flux are uncorrected for dust; formal MBH errors exclude the approximately 0.5 dex virial-calibration systematic.,RUBIES,UDS,broad-halpha,Halpha,7.72,0.48,0.44,2.18,0.46,0.37,5.53,0.37,0.39,2044.0,329.0,218.0,1.0,False,Kocevski et al. (2024) full photometric selection applied by Taylor et al.,0.0,0.5,Approximate Reines et al. (2013) single-epoch virial-calibration scatter; may be larger at high redshift,False,16th/84th percentiles from correlated Halpha flux and FWHM posteriors,0.0,formal_mbh_errors_exclude_virial_systematic;nominal_mass_uncorrected_for_dust,The Astrophysical Journal 986:165 (2025); arXiv:2409.06772v2,https://iopscience.iop.org/article/10.3847/1538-4357/add15b,10.3847/1538-4357/add15b,https://arxiv.org/e-print/2409.06772v2,50453a0a975b84f019ceba8da30663e40d83c285376cad119d83fa8e3b31aaa0,2026-08-17,JWST/NIRSpec G395M Halpha; broad FWHM >700 km/s; broad flux S/N >4; Delta BIC >6; secure multi-line spectroscopic redshift; visual QA,,,,,,,,,,,,,,,,,,,,,,,,,,,,,,,,,,,,,,,,,,,,,,,,,,,,,,,,,,,,,,published_blagn_with_robust_detection_and_no_recorded_alternative_interpretation,type1_broad_line,broad_halpha,,not_reported,True,True,,,,,,,,,,True,only catalogue measurement in this release,singleton assignment,"Taylor et al. (2025), Table 1",HZS-RUBIES-UDS-807469,inherited_provisional_one_to_one_no_verified_multinucleus_link,resolved,recorded,not_required,,0.13,0.11,,,,,16th/84th percentiles from correlated Halpha flux and FWHM posteriors,False,,True,balmer_single_epoch_primary_stratum,not_published,eligible_numeric_mass_with_resolved_identity_and_lensing,eligible_secure_or_probable_primary_comparable_mass,,,,,,,,,,,,,,,,,,,,,,,1,RUBIESUDS807469_taylor24,RUBIES-UDS-807469,taylor24_ceers_rubies_blagn,secure,published_blagn_with_robust_detection_and_no_recorded_alternative_interpretation,preferred_measurement_controls_object_status;all_measurement_statuses_retained,0.8995229948944198,0.5682069746754808,0.4025489645660111,5.6190401810226085,1.3934672700753605,True,0.8166939898396851,0.9823519999491548,5.1190401810226085,6.1190401810226085,False,navigation_only_no_cross_class_science_claim,False,unavailable_not_published
v2-shared-science,v2-dataset-catalogue,physical_object,12,12,12,12,11,HZA-RUBIES-UDS-139709,RUBIESUDS139709_taylor24,HZA-RUBIES-UDS-139709,RUBIES-UDS-139709,taylor24_ceers_rubies_blagn,broad_line_agn,virial_balmer_single_epoch,secure,5.685,7.88,single-epoch-virial-halpha-reines2013,medium,55.06849887950944,v2-dataset-catalogue,34.296002,-5.149895,spec,0.9972576687755248,RUBIES,0.07,0.07,individual_robust,,,,,,,,,,,,,,,not_evaluable,,,,True,True,True,True,mstar;lbol;edd_ratio;lensing,single-epoch-virial-halpha-reines2013,missing-host-mstar,not-published-by-source,robust,v2,Table 1 (Sample of BLAGN),Nominal Table 1 mass and Halpha flux are uncorrected for dust; formal MBH errors exclude the approximately 0.5 dex virial-calibration systematic.,RUBIES,UDS,broad-halpha,Halpha,39.47,1.75,1.66,11.11,1.23,1.15,28.37,1.59,1.55,2552.0,205.0,189.0,1.0,True,Kocevski et al. (2024) full photometric selection applied by Taylor et al.,0.0,0.5,Approximate Reines et al. (2013) single-epoch virial-calibration scatter; may be larger at high redshift,False,16th/84th percentiles from correlated Halpha flux and FWHM posteriors,0.0,formal_mbh_errors_exclude_virial_systematic;nominal_mass_uncorrected_for_dust,The Astrophysical Journal 986:165 (2025); arXiv:2409.06772v2,https://iopscience.iop.org/article/10.3847/1538-4357/add15b,10.3847/1538-4357/add15b,https://arxiv.org/e-print/2409.06772v2,50453a0a975b84f019ceba8da30663e40d83c285376cad119d83fa8e3b31aaa0,2026-08-17,JWST/NIRSpec G395M Halpha; broad FWHM >700 km/s; broad flux S/N >4; Delta BIC >6; secure multi-line spectroscopic redshift; visual QA,,,,,,,,,,,,,,,,,,,,,,,,,,,,,,,,,,,,,,,,,,,,,,,,,,,,,,,,,,,,,,published_blagn_with_robust_detection_and_no_recorded_alternative_interpretation,type1_broad_line,broad_halpha,lrd,not_reported,True,True,,,,,,,,,,True,only catalogue measurement in this release,singleton assignment,"Taylor et al. (2025), Table 1",HZS-RUBIES-UDS-139709,inherited_provisional_one_to_one_no_verified_multinucleus_link,resolved,recorded,not_required,,0.07,0.07,,,,,16th/84th percentiles from correlated Halpha flux and FWHM posteriors,False,,True,balmer_single_epoch_primary_stratum,not_published,eligible_numeric_mass_with_resolved_identity_and_lensing,eligible_secure_or_probable_primary_comparable_mass,,,,,,,,,,,,,,,,,,,,,,,1,RUBIESUDS139709_taylor24,RUBIES-UDS-139709,taylor24_ceers_rubies_blagn,secure,published_blagn_with_robust_detection_and_no_recorded_alternative_interpretation,preferred_measurement_controls_object_status;all_measurement_statuses_retained,0.7544645467223257,0.49784395259908565,0.36953365553746553,5.541917968626264,0.08639322875421396,True,0.6903093981915155,0.8186196952531356,5.041917968626264,6.041917968626263,False,navigation_only_no_cross_class_science_claim,False,unavailable_not_published
v2-shared-science,v2-dataset-catalogue,physical_object,13,13,13,13,12,HZA-DC-536534,DC536534_ren25,HZA-DC-536534,DC_536534,ren25_alpine_cristal_jwst_blagn_candidates,broad_line_agn,virial_balmer_single_epoch,probable,5.6886,7.78,single-epoch-virial-halpha-reines2013,medium,51.57180751121678,v2-dataset-catalogue,149.9718537,2.1181852,far_ir_cii_spectroscopic,0.9964545878496384,ALPINE-CRISTAL-JWST,0.06,0.06,individual_robust,10.36,0.11,0.12,faisst2020_integrated_pre_jwst_broadband_sed,44.88,0.05,0.05,broad_halpha_to_l5100_greeneho2005_bc5100_9p26,-2.579999999999999,0.1297112177107284,0.097723722095581,,0.0999147152217595,-0.009629454882438,consistent,,,,False,False,False,True,lensing,single-epoch-virial-halpha-reines2013,host-sed-with-agn-contamination-risk,broad_halpha_to_l5100_greeneho2005_bc5100_9p26,robust,v2,Published Table 1,Host-selected broad-Halpha candidate; primary eligibility is controlled separately by the canonical evidence and conditional-mass fields.,,COSMOS,host-selected;broad-halpha,Halpha,,,,,,,11.69,1.43,1.43,2812.0,157.0,157.0,1.0,,not reported per published Table 1 row,,0.4,single_epoch_virial_calibration,False,published_formal_errors_propagated_from_broad_halpha_flux_and_fwhm,True,table1_flux_is_dust_corrected;formal_mbh_errors_exclude_0p4dex_virial_systematic;most_robust_candidate;stable_narrow_broad_outflow_fit;psf_like_broad_component;heii_detected_gt3sigma;minor_merger_or_tidal_feature,"MNRAS 544, 211-233 (published 2025-10-25; corrected/typeset 2025-10-28); arXiv:2509.02027v2",https://academic.oup.com/mnras/article/544/1/211/8301219,10.1093/mnras/staf1709,https://arxiv.org/abs/2509.02027v2,c528c375fda9362433184cb35775a5f4ca107014f4b1c2f6536d7f15d4f85cca,2026-08-25,18 main-sequence galaxies with Mstar>10^9.5 Msun at z=4.4-5.7; 33 IFU photometric-centre apertures; narrow FWHM<600 km/s; added broad Halpha Gaussian constrained FWHM>600 km/s; DeltaBIC(narrow minus narrow+broad)>10; broad-flux S/N>3; OIII outflow comparison and broad-to-narrow flux-ratio veto,,,,,,,,,,,,,,,,,,,,,,,,,,,,,,,,,,,,,,,,,0.24,,,,,,,,,,,,,,,,,0.0,,,,source_most_robust_candidate_with_spatially_compact_blr_and_separate_outflow,type1_broad_line_candidate,host_selected;broad_halpha,merger,not_reported,True,True,,,,,,,,,,True,only catalogue measurement for this physical object,singleton assignment after coordinate-redshift search,no previously admitted candidate within 0.5 arcsec and delta-z 0.01,HZS-DC-536534,source_verified_single_object_host,resolved,recorded,not_required,,0.06,0.06,0.11,0.12,0.05,0.05,published_formal_errors_propagated_from_broad_halpha_flux_and_fwhm,False,,True,balmer_single_epoch_primary_stratum,object_specific,eligible_numeric_mass_with_resolved_identity_and_lensing,eligible_secure_or_probable_primary_comparable_mass,-1.01,source_derived_from_same_lbol_and_virial_mbh,DC_536534,HZ1;CRISTAL-03,11.69,1.43,2812.0,157.0,0.98,1.0,1.0,1.0,,,,,,,,,,,1,DC536534_ren25,DC_536534,ren25_alpine_cristal_jwst_blagn_candidates,probable,source_most_robust_candidate_with_spatially_compact_blr_and_separate_outflow,preferred_measurement_controls_object_status;all_measurement_statuses_retained,0.7422978921291817,0.48544741042358247,0.3570221695707829,5.44401061031407,-0.006631298953100995,True,0.6909277957880617,0.7936679884703015,5.04401061031407,5.844010610314069,False,navigation_only_no_cross_class_science_claim,False,available_not_growth_history
v2-shared-science,v2-dataset-catalogue,physical_object,14,14,14,14,13,HZA-CEERS-397,CEERS397_taylor24,HZA-CEERS-397,CEERS-397,taylor24_ceers_rubies_blagn,broad_line_agn,virial_balmer_single_epoch,secure,6.0,7.6,single-epoch-virial-halpha-reines2013,medium,51.24852742210535,v2-dataset-catalogue,214.836197,52.882693,spec,0.9308508079920488,CEERS,0.23,0.18,individual_robust,,,,,,,,,,,,,,,not_evaluable,,,,True,True,True,True,mstar;lbol;edd_ratio;lensing,single-epoch-virial-halpha-reines2013,missing-host-mstar,not-published-by-source,robust,v2,Table 1 (Sample of BLAGN),Nominal Table 1 mass and Halpha flux are uncorrected for dust; formal MBH errors exclude the approximately 0.5 dex virial-calibration systematic.,CEERS,EGS,broad-halpha,Halpha,21.75,2.4,1.2,16.82,0.44,0.42,4.88,2.48,1.15,2727.0,484.0,413.0,1.0,False,Kocevski et al. (2024) full photometric selection applied by Taylor et al.,0.0,0.5,Approximate Reines et al. (2013) single-epoch virial-calibration scatter; may be larger at high redshift,False,16th/84th percentiles from correlated Halpha flux and FWHM posteriors,0.0,formal_mbh_errors_exclude_virial_systematic;nominal_mass_uncorrected_for_dust,The Astrophysical Journal 986:165 (2025); arXiv:2409.06772v2,https://iopscience.iop.org/article/10.3847/1538-4357/add15b,10.3847/1538-4357/add15b,https://arxiv.org/e-print/2409.06772v2,50453a0a975b84f019ceba8da30663e40d83c285376cad119d83fa8e3b31aaa0,2026-08-17,JWST/NIRSpec G395M Halpha; broad FWHM >700 km/s; broad flux S/N >4; Delta BIC >6; secure multi-line spectroscopic redshift; visual QA,,,,,,,,,,,,,,,,,,,,,,,,,,,,,,,,,,,,,,,,,,,,,,,,,,,,,,,,,,,,,,published_blagn_with_robust_detection_and_no_recorded_alternative_interpretation,type1_broad_line,broad_halpha,,not_reported,True,True,,,,,,,,,,True,only catalogue measurement in this release,singleton assignment,"Taylor et al. (2025), Table 1",HZS-CEERS-397,inherited_provisional_one_to_one_no_verified_multinucleus_link,resolved,recorded,not_required,,0.23,0.18,,,,,16th/84th percentiles from correlated Halpha flux and FWHM posteriors,False,,True,balmer_single_epoch_primary_stratum,not_published,eligible_numeric_mass_with_resolved_identity_and_lensing,eligible_secure_or_probable_primary_comparable_mass,,,,,,,,,,,,,,,,,,,,,,,2,CEERS00397_harikane23;CEERS397_taylor24,CEERS-00397;CEERS-397,harikane23_nirspec_blagn;taylor24_ceers_rubies_blagn,secure,published_blagn_with_robust_detection_and_no_recorded_alternative_interpretation,preferred_measurement_controls_object_status;all_measurement_statuses_retained,0.7759667460501792,0.4988357653179723,0.360270274951869,5.43495876781895,0.3831958927298338,True,0.7066840008671275,0.8452494912332311,4.93495876781895,5.93495876781895,False,navigation_only_no_cross_class_science_claim,False,unavailable_not_published
v2-shared-science,v2-dataset-catalogue,physical_object,15,15,15,15,14,HZA-GS-210600,GS210600_juodzbalis25,HZA-GS-210600,GS-210600,juodzbalis25_jades_blagn,broad_line_agn,virial_balmer_single_epoch,secure,6.306,7.41,single-epoch-virial-halpha,medium,50.44952775615923,v2-dataset-catalogue,53.16611,-27.77985,spec,0.8730973651000311,JADES,0.33,0.34,individual_robust,8.4,0.61,0.61,beagle-spectral-decomposition,44.29,0.09,0.11,balmer-line-bolometric-correction,-0.9900000000000002,0.6959346233663044,0.057,0.0144999999999999,0.0602045694467599,-0.0237545992099406,consistent,1.0,,,False,False,False,True,lensing,single-epoch-virial,host-sed-with-agn-contamination-risk,balmer-line-bolometric-correction,robust,v2,"Table 2 (BH/Lbol/lambda_Edd), Table 5 (Mstar)",Robust sample; Mstar uses BEAGLE value.,,GOODS-S,,,,,,,,,,,,,,,,,,,0.3,source_stated_single_epoch_virial_calibration_uncertainty,False,,,,"MNRAS 546, stag086 (2026); arXiv:2504.03551",https://arxiv.org/abs/2504.03551,,https://arxiv.org/abs/2504.03551,,not_recorded_in_frozen_v1_source_layer,JADES spectroscopic Type 1 broad-line AGN sample,,,,,,,,,,,,,,,,,,,,,,,,,,,,,,,,,,,,,,,,,,,,,,,,,,,,,,,,,,,,,,published_blagn_with_robust_detection_and_no_recorded_alternative_interpretation,type1_broad_line,broad_balmer_line,,not_reported,True,True,,,,,,,,,,True,only catalogue measurement in this release,singleton assignment,v1 catalogue,HZS-GS-210600,inherited_provisional_one_to_one_no_verified_multinucleus_link,resolved,not_recorded,not_required,,0.33,0.34,0.61,0.61,0.09,0.11,published_asymmetric_table_uncertainty_semantics_not_further_specified_in_v1,False,,True,balmer_single_epoch_primary_stratum,object_specific,eligible_numeric_mass_with_resolved_identity_and_lensing,eligible_secure_or_probable_primary_comparable_mass,,,,,,,,,,,,,,,,,,,,,,,1,GS210600_juodzbalis25,GS-210600,juodzbalis25_jades_blagn,secure,published_blagn_with_robust_detection_and_no_recorded_alternative_interpretation,preferred_measurement_controls_object_status;all_measurement_statuses_retained,0.8056392872456205,0.5078059093359641,0.35888922038113596,5.395450777172458,0.6948359239081929,True,0.7609642805591722,0.8503142939320689,5.095450777172458,5.695450777172458,False,navigation_only_no_cross_class_science_claim,False,available_not_growth_history
v2-shared-science,v2-dataset-catalogue,physical_object,16,16,16,16,15,HZA-GOODS-N-12839,GOODSN12839_matthee23,HZA-GOODS-N-12839,GOODS-N-12839,matthee23_eiger_fresco_blagn,broad_line_agn,virial_balmer_single_epoch,secure,5.241,8.01,single-epoch-virial-halpha-reines2013,medium,49.66178080837816,v2-dataset-catalogue,189.34429167,62.26336389,spec,1.105244345142568,FRESCO,0.06,0.06,individual_robust,,,,,45.49415459401844,0.0163904161881693,0.0170333392987803,broad-halpha-to-l5100-greene-ho2005;bolometric-correction-richards2006,,,,,0.2419825499509618,,not_evaluable,,,,True,False,True,True,mstar;edd_ratio;lensing,single-epoch-virial-halpha-reines2013,missing-host-mstar,broad-halpha-to-l5100-greene-ho2005;bolometric-correction-richards2006,robust,v2,Tables 1-3,Nominal source-table Halpha mass and luminosity are not dust corrected; formal MBH errors exclude the 0.5 dex estimator systematic.,FRESCO,GOODS-N,broad-halpha,Halpha,,,,,,,,,,2482.0,147.0,147.0,,True,paper_sample_label_little_red_dot,0.0,0.5,Reines et al. (2013) Halpha single-epoch estimator intrinsic/calibration uncertainty,False,source-table statistical line-fit propagation,False,formal_mbh_errors_exclude_virial_systematic;nominal_mass_uncorrected_for_dust,The Astrophysical Journal 963:129 (2024); arXiv:2306.05448v3,https://doi.org/10.3847/1538-4357/ad2345,10.3847/1538-4357/ad2345,https://arxiv.org/e-print/2306.05448v3,b3e6f5385e694d92a7456f81eb123a305468baf743cebc7aeea820befb9b1190,2026-08-22,broad Halpha S/N >5; broad Halpha luminosity >2e42 erg/s; broad FWHM >1000 km/s; visual rejection of spatial-broadening impostors,,12:37:22.63,+62:15:48.11,0.87,0.01,18.8,0.7,0.7,,,,,,,571.0,69.0,65.0,F444W,23.73,0.06,0.05,26.92,0.1,0.09,-19.0,0.1,0.1,-1.64,0.19,0.18,1.92,0.24,0.22,-0.7,31.2,1.2,1.2,,,,,,,,,,,,,,,,,,,,,,,,,published_blagn_with_robust_detection_and_no_recorded_alternative_interpretation,type1_broad_line,broad_halpha,lrd,not_reported,True,True,,,,,,,,,,True,only catalogue measurement in this release,singleton assignment after coordinate-redshift search,no candidate within 0.5 arcsec and delta-z 0.01,HZS-GOODS-N-12839,inherited_provisional_one_to_one_no_verified_multinucleus_link,resolved,recorded,not_required,,0.06,0.06,,,0.0163904161881693,0.0170333392987803,source-table statistical line-fit propagation,False,,True,balmer_single_epoch_primary_stratum,not_published,eligible_numeric_mass_with_resolved_identity_and_lensing,eligible_secure_or_probable_primary_comparable_mass,,,,,,,,,,,,,,,,,,,,,,,1,GOODSN12839_matthee23,GOODS-N-12839,matthee23_eiger_fresco_blagn,secure,published_blagn_with_robust_detection_and_no_recorded_alternative_interpretation,preferred_measurement_controls_object_status;all_measurement_statuses_retained,0.6883071405476705,0.45925318362664874,0.3447262051661379,5.3905298626345886,-0.7215671245513722,True,0.631043651317415,0.7455706297779261,4.8905298626345886,5.8905298626345886,False,navigation_only_no_cross_class_science_claim,False,unavailable_not_published
v2-shared-science,v2-dataset-catalogue,physical_object,17,17,17,17,16,HZA-RUBIES-UDS-172350,RUBIESUDS172350_taylor24,HZA-RUBIES-UDS-172350,RUBIES-UDS-172350,taylor24_ceers_rubies_blagn,broad_line_agn,virial_balmer_single_epoch,secure,5.58,7.68,single-epoch-virial-halpha-reines2013,medium,45.70091490751154,v2-dataset-catalogue,34.368951,-5.103941,spec,1.0211632419950871,RUBIES,0.04,0.04,individual_robust,,,,,,,,,,,,,,,not_evaluable,,,,True,True,True,True,mstar;lbol;edd_ratio;lensing,single-epoch-virial-halpha-reines2013,missing-host-mstar,not-published-by-source,robust,v2,Table 1 (Sample of BLAGN),Nominal Table 1 mass and Halpha flux are uncorrected for dust; formal MBH errors exclude the approximately 0.5 dex virial-calibration systematic.,RUBIES,UDS,broad-halpha,Halpha,33.19,0.84,0.79,5.59,0.68,0.69,27.61,0.92,0.85,2068.0,92.0,78.0,1.0,True,Kocevski et al. (2024) full photometric selection applied by Taylor et al.,0.0,0.5,Approximate Reines et al. (2013) single-epoch virial-calibration scatter; may be larger at high redshift,False,16th/84th percentiles from correlated Halpha flux and FWHM posteriors,0.0,formal_mbh_errors_exclude_virial_systematic;nominal_mass_uncorrected_for_dust,The Astrophysical Journal 986:165 (2025); arXiv:2409.06772v2,https://iopscience.iop.org/article/10.3847/1538-4357/add15b,10.3847/1538-4357/add15b,https://arxiv.org/e-print/2409.06772v2,50453a0a975b84f019ceba8da30663e40d83c285376cad119d83fa8e3b31aaa0,2026-08-17,JWST/NIRSpec G395M Halpha; broad FWHM >700 km/s; broad flux S/N >4; Delta BIC >6; secure multi-line spectroscopic redshift; visual QA,,,,,,,,,,,,,,,,,,,,,,,,,,,,,,,,,,,,,,,,,,,,,,,,,,,,,,,,,,,,,,published_blagn_with_robust_detection_and_no_recorded_alternative_interpretation,type1_broad_line,broad_halpha,lrd,not_reported,True,True,,,,,,,,,,True,only catalogue measurement in this release,singleton assignment,"Taylor et al. (2025), Table 1",HZS-RUBIES-UDS-172350,inherited_provisional_one_to_one_no_verified_multinucleus_link,resolved,recorded,not_required,,0.04,0.04,,,,,16th/84th percentiles from correlated Halpha flux and FWHM posteriors,False,,True,balmer_single_epoch_primary_stratum,not_published,eligible_numeric_mass_with_resolved_identity_and_lensing,eligible_secure_or_probable_primary_comparable_mass,,,,,,,,,,,,,,,,,,,,,,,1,RUBIESUDS172350_taylor24,RUBIES-UDS-172350,taylor24_ceers_rubies_blagn,secure,published_blagn_with_robust_detection_and_no_recorded_alternative_interpretation,preferred_measurement_controls_object_status;all_measurement_statuses_retained,0.7098892624248124,0.45992825452875175,0.33494775058072135,5.279625617410323,-0.3212479419655878,True,0.6473990104507973,0.7723795143988277,4.779625617410323,5.779625617410323,False,navigation_only_no_cross_class_science_claim,False,unavailable_not_published
v2-shared-science,v2-dataset-catalogue,physical_object,18,18,18,18,17,HZA-GS-10013704,GS10013704_juodzbalis25,HZA-GS-10013704,GS-10013704,juodzbalis25_jades_blagn,broad_line_agn,virial_balmer_single_epoch,secure,5.919,7.44,single-epoch-virial-halpha,medium,44.011877560996815,v2-dataset-catalogue,53.12654,-27.81809,spec,0.947209215281436,JADES,0.31,0.31,individual_robust,8.9,0.9,0.9,beagle-spectral-decomposition,44.29,0.02,0.02,balmer-line-bolometric-correction,-1.46,0.951892851112981,0.055,0.0065,0.0561861733638205,-0.0092667653881941,consistent,1.0,,,False,False,False,True,lensing,single-epoch-virial,host-sed-with-agn-contamination-risk,balmer-line-bolometric-correction,robust,v2,"Table 2 (BH/Lbol/lambda_Edd), Table 5 (Mstar)",Robust sample; Mstar uses BEAGLE value.,,GOODS-S,,,,,,,,,,,,,,,,,,,0.3,source_stated_single_epoch_virial_calibration_uncertainty,False,,,,"MNRAS 546, stag086 (2026); arXiv:2504.03551",https://arxiv.org/abs/2504.03551,,https://arxiv.org/abs/2504.03551,,not_recorded_in_frozen_v1_source_layer,JADES spectroscopic Type 1 broad-line AGN sample,,,,,,,,,,,,,,,,,,,,,,,,,,,,,,,,,,,,,,,,,,,,,,,,,,,,,,,,,,,,,,published_blagn_with_robust_detection_and_no_recorded_alternative_interpretation,type1_broad_line,broad_balmer_line,,not_reported,True,True,,,,,,,,,,True,only catalogue measurement in this release,singleton assignment,v1 catalogue,HZS-GS-10013704,inherited_provisional_one_to_one_no_verified_multinucleus_link,resolved,not_recorded,not_required,,0.31,0.31,0.9,0.9,0.02,0.02,published_asymmetric_table_uncertainty_semantics_not_further_specified_in_v1,False,,True,balmer_single_epoch_primary_stratum,object_specific,eligible_numeric_mass_with_resolved_identity_and_lensing,eligible_secure_or_probable_primary_comparable_mass,,,,,,,,,,,,,,,,,,,,,,,1,GS10013704_juodzbalis25,GS-10013704,juodzbalis25_jades_blagn,secure,published_blagn_with_robust_detection_and_no_recorded_alternative_interpretation,preferred_measurement_controls_object_status;all_measurement_statuses_retained,0.7392417802995618,0.4674617140129583,0.3315716808696565,5.232332571707911,0.08110857235970048,True,0.6984747703565714,0.7800087902425525,4.93233257170791,5.53233257170791,False,navigation_only_no_cross_class_science_claim,False,available_not_growth_history
v2-shared-science,v2-dataset-catalogue,physical_object,19,19,19,19,18,HZA-GS-204851,GS204851_juodzbalis25,HZA-GS-204851,GS-204851,juodzbalis25_jades_blagn,broad_line_agn,virial_balmer_single_epoch,secure,5.48,7.68,single-epoch-virial-halpha,medium,43.498403254841364,v2-dataset-catalogue,53.13859,-27.79025,spec,1.044830104321813,JADES,0.32,0.31,individual_robust,10.74,0.09,0.09,beagle-spectral-decomposition,44.97,0.17,0.12,balmer-line-bolometric-correction,-3.0600000000000005,0.3276049450176233,0.16,0.025,0.1547495714093682,0.0144905277734889,consistent,1.0,,,False,False,False,True,lensing,single-epoch-virial,host-sed-with-agn-contamination-risk,balmer-line-bolometric-correction,robust,v2,"Table 2 (BH/Lbol/lambda_Edd), Table 5 (Mstar)",Robust sample; Mstar uses BEAGLE value.,,GOODS-S,,,,,,,,,,,,,,,,True,,,0.3,source_stated_single_epoch_virial_calibration_uncertainty,False,,,,"MNRAS 546, stag086 (2026); arXiv:2504.03551",https://arxiv.org/abs/2504.03551,,https://arxiv.org/abs/2504.03551,,not_recorded_in_frozen_v1_source_layer,JADES spectroscopic Type 1 broad-line AGN sample,,,,,,,,,,,,,,,,,,,,,,,,,,,,,,,,,,,,,,,,,,,,,,,,,,,,,,,,,,,,,,published_blagn_with_robust_detection_and_no_recorded_alternative_interpretation,type1_broad_line,broad_balmer_line,lrd,not_reported,True,True,,,,,,,,,,True,only catalogue measurement in this release,singleton assignment,v1 catalogue,HZS-GS-204851,inherited_provisional_one_to_one_no_verified_multinucleus_link,resolved,not_recorded,not_required,,0.32,0.31,0.09,0.09,0.17,0.12,published_asymmetric_table_uncertainty_semantics_not_further_specified_in_v1,False,,True,balmer_single_epoch_primary_stratum,object_specific,eligible_numeric_mass_with_resolved_identity_and_lensing,eligible_secure_or_probable_primary_comparable_mass,,,,,,,,,,,,,,,,,,,,,,,2,GS204851_juodzbalis25;GOODSS13971_matthee23,GS-204851;GOODS-S-13971,juodzbalis25_jades_blagn;matthee23_eiger_fresco_blagn,secure,published_blagn_with_robust_detection_and_no_recorded_alternative_interpretation,preferred_measurement_controls_object_status;all_measurement_statuses_retained,0.6921076590789973,0.44840777912160384,0.32655783914290715,5.217955291135558,-0.5268156962148058,True,0.6555526770853881,0.7286626410726061,4.917955291135558,5.517955291135558,False,navigation_only_no_cross_class_science_claim,False,available_not_growth_history
v2-shared-science,v2-dataset-catalogue,physical_object,20,20,20,20,19,HZA-RUBIES-UDS-47509,RUBIESUDS47509_taylor24,HZA-RUBIES-UDS-47509,RUBIES-UDS-47509,taylor24_ceers_rubies_blagn,broad_line_agn,virial_balmer_single_epoch,secure,5.673,7.54,single-epoch-virial-halpha-reines2013,medium,42.6757926461835,v2-dataset-catalogue,34.264602,-5.232586,spec,0.9999423964678454,RUBIES,0.07,0.07,individual_robust,,,,,,,,,,,,,,,not_evaluable,,,,True,True,True,True,mstar;lbol;edd_ratio;lensing,single-epoch-virial-halpha-reines2013,missing-host-mstar,not-published-by-source,robust,v2,Table 1 (Sample of BLAGN),Nominal Table 1 mass and Halpha flux are uncorrected for dust; formal MBH errors exclude the approximately 0.5 dex virial-calibration systematic.,RUBIES,UDS,broad-halpha,Halpha,22.92,0.81,0.83,9.05,0.61,0.62,13.87,0.76,0.8,2063.0,157.0,145.0,1.0,True,Kocevski et al. (2024) full photometric selection applied by Taylor et al.,0.0,0.5,Approximate Reines et al. (2013) single-epoch virial-calibration scatter; may be larger at high redshift,False,16th/84th percentiles from correlated Halpha flux and FWHM posteriors,0.0,formal_mbh_errors_exclude_virial_systematic;nominal_mass_uncorrected_for_dust,The Astrophysical Journal 986:165 (2025); arXiv:2409.06772v2,https://iopscience.iop.org/article/10.3847/1538-4357/add15b,10.3847/1538-4357/add15b,https://arxiv.org/e-print/2409.06772v2,50453a0a975b84f019ceba8da30663e40d83c285376cad119d83fa8e3b31aaa0,2026-08-17,JWST/NIRSpec G395M Halpha; broad FWHM >700 km/s; broad flux S/N >4; Delta BIC >6; secure multi-line spectroscopic redshift; visual QA,,,,,,,,,,,,,,,,,,,,,,,,,,,,,,,,,,,,,,,,,,,,,,,,,,,,,,,,,,,,,,published_blagn_with_robust_detection_and_no_recorded_alternative_interpretation,type1_broad_line,broad_halpha,lrd,not_reported,True,True,,,,,,,,,,True,only catalogue measurement in this release,singleton assignment,"Taylor et al. (2025), Table 1",HZS-RUBIES-UDS-47509,inherited_provisional_one_to_one_no_verified_multinucleus_link,resolved,recorded,not_required,,0.07,0.07,,,,,16th/84th percentiles from correlated Halpha flux and FWHM posteriors,False,,True,balmer_single_epoch_primary_stratum,not_published,eligible_numeric_mass_with_resolved_identity_and_lensing,eligible_secure_or_probable_primary_comparable_mass,,,,,,,,,,,,,,,,,,,,,,,1,RUBIESUDS47509_taylor24,RUBIES-UDS-47509,taylor24_ceers_rubies_blagn,secure,published_blagn_with_robust_detection_and_no_recorded_alternative_interpretation,preferred_measurement_controls_object_status;all_measurement_statuses_retained,0.7087184893455124,0.45286343904027326,0.32493591388765375,5.194922194093138,-0.2769260196895411,True,0.6447547267692026,0.772682251921822,4.694922194093138,5.694922194093137,False,navigation_only_no_cross_class_science_claim,False,unavailable_not_published
v2-shared-science,v2-dataset-catalogue,physical_object,21,21,21,21,20,HZA-J1526M2050-BHAE-2,J1526M2050BHAE2_lin24,HZA-J1526M2050-BHAE-2,J1526M2050-BHAE-2,lin24_aspire_blagn,broad_line_agn,virial_balmer_single_epoch,secure,4.8708,8.07,single-epoch-virial-halpha-reines2013,medium,41.95748325542656,v2-dataset-catalogue,231.6513,-20.8566,spec,1.2110559326604544,ASPIRE,0.12,0.12,individual_robust,,,,,45.09,0.04,0.05,broad-halpha-to-l5100-greene-ho2005;bolometric-correction-richards2006,,,,,0.0831054403215004,,not_evaluable,,,,True,False,True,True,mstar;edd_ratio;lensing,single-epoch-virial-halpha-reines2013,missing-host-mstar,broad-halpha-to-l5100-greene-ho2005;bolometric-correction-richards2006,robust,v2,Tables 1-3,Nominal source-table Halpha mass and luminosity are not dust corrected; formal MBH errors exclude the 0.5 dex estimator systematic.,ASPIRE,J1526M2050,broad-halpha,Halpha,,,,,,,,,,3390.0,446.0,446.0,,True,Table_1_explicitly_calls_all_16_sources_LRDs,0.0,0.5,Reines et al. (2013) Halpha single-epoch estimator intrinsic/calibration uncertainty,False,source-table statistical line-fit propagation,False,formal_mbh_errors_exclude_virial_systematic;nominal_mass_and_lbol_uncorrected_for_dust,The Astrophysical Journal 974:147 (2024); arXiv:2407.17570v1,https://doi.org/10.3847/1538-4357/ad6565,10.3847/1538-4357/ad6565,https://arxiv.org/e-print/2407.17570v1,fc1c4d96e4a568b09b3caefa0fdde1c7fabe8decad71fb6423ff37c912b024cd,2026-08-22,compact red photometric preselection; integrated line S/N >5; robust broad Halpha FWHM >1000 km/s; visual artifact and contamination rejection,0.0007,231.6513,-20.8566,,,6.35,0.79,0.79,7.7,2.14,2.14,572.0,121.0,121.0,1493.0,655.0,655.0,F356W,25.181,0.026,0.026,,,,-18.43,0.27,0.27,-2.32,0.93,0.93,1.19,0.96,0.96,,,,,,,,,,,,,,,,,,,,,,,,,,,,,published_blagn_with_robust_detection_and_no_recorded_alternative_interpretation,type1_broad_line,broad_halpha,lrd,not_reported,True,True,,,,,,,,,,True,only catalogue measurement in this release,singleton assignment after coordinate-redshift search,no candidate within 0.5 arcsec and delta-z 0.01,HZS-J1526M2050-BHAE-2,inherited_provisional_one_to_one_no_verified_multinucleus_link,resolved,recorded,not_required,,0.12,0.12,,,0.04,0.05,source-table statistical line-fit propagation,False,,True,balmer_single_epoch_primary_stratum,not_published,eligible_numeric_mass_with_resolved_identity_and_lensing,eligible_secure_or_probable_primary_comparable_mass,,,,,,,,,,,,,,,,,,,,,,,1,J1526M2050BHAE2_lin24,J1526M2050-BHAE-2,lin24_aspire_blagn,secure,published_blagn_with_robust_detection_and_no_recorded_alternative_interpretation,preferred_measurement_controls_object_status;all_measurement_statuses_retained,0.6289741623543484,0.42173391116675424,0.3181137855729571,5.1748095311519435,-1.5806348961601913,True,0.5771640995574499,0.6807842251512469,4.6748095311519435,5.6748095311519435,False,navigation_only_no_cross_class_science_claim,False,unavailable_not_published
v2-shared-science,v2-dataset-catalogue,physical_object,22,22,22,22,21,HZA-RUBIES-UDS-174752,RUBIESUDS174752_taylor24,HZA-RUBIES-UDS-174752,RUBIES-UDS-174752,taylor24_ceers_rubies_blagn,broad_line_agn,virial_balmer_single_epoch,secure,6.039,7.26,single-epoch-virial-halpha-reines2013,medium,39.901128773527915,v2-dataset-catalogue,34.205808,-5.1005,spec,0.923141431567787,RUBIES,0.08,0.08,individual_robust,,,,,,,,,,,,,,,not_evaluable,,,,True,True,True,True,mstar;lbol;edd_ratio;lensing,single-epoch-virial-halpha-reines2013,missing-host-mstar,not-published-by-source,robust,v2,Table 1 (Sample of BLAGN),Nominal Table 1 mass and Halpha flux are uncorrected for dust; formal MBH errors exclude the approximately 0.5 dex virial-calibration systematic.,RUBIES,UDS,broad-halpha,Halpha,14.82,0.49,0.5,8.54,0.3,0.3,6.28,0.45,0.44,1741.0,140.0,136.0,1.0,False,Kocevski et al. (2024) full photometric selection applied by Taylor et al.,0.0,0.5,Approximate Reines et al. (2013) single-epoch virial-calibration scatter; may be larger at high redshift,False,16th/84th percentiles from correlated Halpha flux and FWHM posteriors,0.0,formal_mbh_errors_exclude_virial_systematic;nominal_mass_uncorrected_for_dust,The Astrophysical Journal 986:165 (2025); arXiv:2409.06772v2,https://iopscience.iop.org/article/10.3847/1538-4357/add15b,10.3847/1538-4357/add15b,https://arxiv.org/e-print/2409.06772v2,50453a0a975b84f019ceba8da30663e40d83c285376cad119d83fa8e3b31aaa0,2026-08-17,JWST/NIRSpec G395M Halpha; broad FWHM >700 km/s; broad flux S/N >4; Delta BIC >6; secure multi-line spectroscopic redshift; visual QA,,,,,,,,,,,,,,,,,,,,,,,,,,,,,,,,,,,,,,,,,,,,,,,,,,,,,,,,,,,,,,published_blagn_with_robust_detection_and_no_recorded_alternative_interpretation,type1_broad_line,broad_halpha,,not_reported,True,True,,,,,,,,,,True,only catalogue measurement in this release,singleton assignment,"Taylor et al. (2025), Table 1",HZS-RUBIES-UDS-174752,inherited_provisional_one_to_one_no_verified_multinucleus_link,resolved,recorded,not_required,,0.08,0.08,,,,,16th/84th percentiles from correlated Halpha flux and FWHM posteriors,False,,True,balmer_single_epoch_primary_stratum,not_published,eligible_numeric_mass_with_resolved_identity_and_lensing,eligible_secure_or_probable_primary_comparable_mass,,,,,,,,,,,,,,,,,,,,,,,1,RUBIESUDS174752_taylor24,RUBIES-UDS-174752,taylor24_ceers_rubies_blagn,secure,published_blagn_with_robust_detection_and_no_recorded_alternative_interpretation,preferred_measurement_controls_object_status;all_measurement_statuses_retained,0.7356806631993589,0.4559541752908573,0.3160909313366066,5.1150476056587815,0.11015868552927177,True,0.6657490412222334,0.805612285176484,4.6150476056587815,5.6150476056587815,False,navigation_only_no_cross_class_science_claim,False,unavailable_not_published
v2-shared-science,v2-dataset-catalogue,physical_object,23,23,23,23,22,HZA-J0910M0414-BHAE-1,J0910M0414BHAE1_lin24,HZA-J0910M0414-BHAE-1,J0910M0414-BHAE-1,lin24_aspire_blagn,broad_line_agn,virial_balmer_single_epoch,secure,4.9102,7.94,single-epoch-virial-halpha-reines2013,medium,38.4358140366125,v2-dataset-catalogue,137.7143,-4.2213,spec,1.1990083231921702,ASPIRE,0.13,0.13,individual_robust,,,,,45.21,0.05,0.05,broad-halpha-to-l5100-greene-ho2005;bolometric-correction-richards2006,,,,,0.1477846933859427,,not_evaluable,,,,True,False,True,True,mstar;edd_ratio;lensing,single-epoch-virial-halpha-reines2013,missing-host-mstar,broad-halpha-to-l5100-greene-ho2005;bolometric-correction-richards2006,robust,v2,Tables 1-3,Nominal source-table Halpha mass and luminosity are not dust corrected; formal MBH errors exclude the 0.5 dex estimator systematic.,ASPIRE,J0910M0414,broad-halpha,Halpha,,,,,,,,,,2708.0,397.0,397.0,,True,Table_1_explicitly_calls_all_16_sources_LRDs,0.0,0.5,Reines et al. (2013) Halpha single-epoch estimator intrinsic/calibration uncertainty,False,source-table statistical line-fit propagation,False,formal_mbh_errors_exclude_virial_systematic;nominal_mass_and_lbol_uncorrected_for_dust,The Astrophysical Journal 974:147 (2024); arXiv:2407.17570v1,https://doi.org/10.3847/1538-4357/ad6565,10.3847/1538-4357/ad6565,https://arxiv.org/e-print/2407.17570v1,fc1c4d96e4a568b09b3caefa0fdde1c7fabe8decad71fb6423ff37c912b024cd,2026-08-22,compact red photometric preselection; integrated line S/N >5; robust broad Halpha FWHM >1000 km/s; visual artifact and contamination rejection,0.0003,137.7143,-4.2213,,,8.79,1.14,1.14,12.82,2.41,2.41,444.0,53.0,53.0,2333.0,1308.0,1308.0,F356W,24.878,0.018,0.018,,,,-18.98,0.13,0.13,-1.74,0.4,0.4,-0.7,1.18,1.18,,,,,,,,,,,,,,,,,,,,,,,,,,,,,published_blagn_with_robust_detection_and_no_recorded_alternative_interpretation,type1_broad_line,broad_halpha,lrd,not_reported,True,True,,,,,,,,,,True,only catalogue measurement in this release,singleton assignment after coordinate-redshift search,no candidate within 0.5 arcsec and delta-z 0.01,HZS-J0910M0414-BHAE-1,inherited_provisional_one_to_one_no_verified_multinucleus_link,resolved,recorded,not_required,,0.13,0.13,,,0.05,0.05,source-table statistical line-fit propagation,False,,True,balmer_single_epoch_primary_stratum,not_published,eligible_numeric_mass_with_resolved_identity_and_lensing,eligible_secure_or_probable_primary_comparable_mass,,,,,,,,,,,,,,,,,,,,,,,1,J0910M0414BHAE1_lin24,J0910M0414-BHAE-1,lin24_aspire_blagn,secure,published_blagn_with_robust_detection_and_no_recorded_alternative_interpretation,preferred_measurement_controls_object_status;all_measurement_statuses_retained,0.6222507640065763,0.41273872225352043,0.30798270137699235,5.07620279302515,-1.605990689916168,True,0.5698727535683124,0.6746287744448404,4.57620279302515,5.576202793025151,False,navigation_only_no_cross_class_science_claim,False,unavailable_not_published
v2-shared-science,v2-dataset-catalogue,physical_object,24,24,24,24,23,HZA-RUBIES-UDS-182791,RUBIESUDS182791_taylor24,HZA-RUBIES-UDS-182791,RUBIES-UDS-182791,taylor24_ceers_rubies_blagn,broad_line_agn,virial_balmer_single_epoch,secure,4.718,8.06,single-epoch-virial-halpha-reines2013,medium,37.06979553803169,v2-dataset-catalogue,34.213813,-5.08705,spec,1.2597384362661206,RUBIES,0.03,0.03,individual_robust,,,,,,,,,,,,,,,not_evaluable,,,,True,True,True,True,mstar;lbol;edd_ratio;lensing,single-epoch-virial-halpha-reines2013,missing-host-mstar,not-published-by-source,robust,v2,Table 1 (Sample of BLAGN),Nominal Table 1 mass and Halpha flux are uncorrected for dust; formal MBH errors exclude the approximately 0.5 dex virial-calibration systematic.,RUBIES,UDS,broad-halpha,Halpha,40.12,0.89,0.84,8.2,0.65,0.61,31.91,1.12,1.08,3350.0,132.0,116.0,1.0,False,Kocevski et al. (2024) full photometric selection applied by Taylor et al.,0.0,0.5,Approximate Reines et al. (2013) single-epoch virial-calibration scatter; may be larger at high redshift,False,16th/84th percentiles from correlated Halpha flux and FWHM posteriors,0.0,formal_mbh_errors_exclude_virial_systematic;nominal_mass_uncorrected_for_dust,The Astrophysical Journal 986:165 (2025); arXiv:2409.06772v2,https://iopscience.iop.org/article/10.3847/1538-4357/add15b,10.3847/1538-4357/add15b,https://arxiv.org/e-print/2409.06772v2,50453a0a975b84f019ceba8da30663e40d83c285376cad119d83fa8e3b31aaa0,2026-08-17,JWST/NIRSpec G395M Halpha; broad FWHM >700 km/s; broad flux S/N >4; Delta BIC >6; secure multi-line spectroscopic redshift; visual QA,,,,,,,,,,,,,,,,,,,,,,,,,,,,,,,,,,,,,,,,,,,,,,,,,,,,,,,,,,,,,,published_blagn_with_robust_detection_and_no_recorded_alternative_interpretation,type1_broad_line,broad_halpha,,not_reported,True,True,,,,,,,,,,True,only catalogue measurement in this release,singleton assignment,"Taylor et al. (2025), Table 1",HZS-RUBIES-UDS-182791,inherited_provisional_one_to_one_no_verified_multinucleus_link,resolved,recorded,not_required,,0.03,0.03,,,,,16th/84th percentiles from correlated Halpha flux and FWHM posteriors,False,,True,balmer_single_epoch_primary_stratum,not_published,eligible_numeric_mass_with_resolved_identity_and_lensing,eligible_secure_or_probable_primary_comparable_mass,,,,,,,,,,,,,,,,,,,,,,,1,RUBIESUDS182791_taylor24,RUBIES-UDS-182791,taylor24_ceers_rubies_blagn,secure,published_blagn_with_robust_detection_and_no_recorded_alternative_interpretation,preferred_measurement_controls_object_status;all_measurement_statuses_retained,0.6015792497775773,0.40303824325032406,0.3037677399866974,5.037954275064887,-2.0134857497837118,True,0.5519439981457639,0.6512145014093906,4.537954275064887,5.537954275064887,False,navigation_only_no_cross_class_science_claim,False,unavailable_not_published
v2-shared-science,v2-dataset-catalogue,physical_object,25,25,25,25,24,HZA-THRILS-25501,THRILS25501_davis26,HZA-THRILS-25501,THRILS-25501,davis26_thrils_blagn,broad_line_agn,virial_balmer_single_epoch,secure,6.57,6.59,single-epoch-virial-halpha-reinesvolonteri2015,medium,36.63723658288308,v2-dataset-catalogue,214.863029,52.889436,spec,0.8279020829058625,THRILS,0.21,0.21,individual_robust,,,,,,,,,,,,,,,not_evaluable,1.0,,,True,True,True,True,mstar;lbol;edd_ratio;lensing,single-epoch-virial-halpha-reinesvolonteri2015,missing-host-mstar,unavailable,robust,v2,Appendix Table 5; coordinates from Hutchison et al. Table 3,Deep G395M broad-Halpha detection; formal mass errors exclude the stated approximately 0.5 dex single-epoch systematic.,JWST/NIRSpec G395M,EGS,photometric-eelg-parent;deep-g395m-broad-halpha,Halpha,,,,0.093,0.006,0.006,0.0069,0.004,0.004,,,,,,not reported per Table 5 row,,0.5,intrinsic scatter in single-epoch black-hole mass recipes,False,observational posterior uncertainty from broad-Halpha flux and FWHM fit,,formal_mbh_errors_exclude_virial_systematic;fwhm_not_tabulated;previous_rubies_spectrum_no_reported_broad_detection;source_extreme_eelg_row_assignments_internally_inconsistent,arXiv:2602.23310v1 (submitted to ApJ; 2026-02-26),https://arxiv.org/abs/2602.23310v1,10.48550/arXiv.2602.23310,https://arxiv.org/e-print/2602.23310v1,13274268d718138119dbbb818d58e3f5255ce0a34f80f9d8a7a0d0013f16153b,2026-08-25,photometric EELG parent sample; deep 8.36-8.85 hr NIRSpec G395M; broad component >3 sigma and implied FWHM >1000 km/s,,,,,,,,,,,,,,,,,,,,,,,,,,,,,,,,,,,,,,,,,,,,,,,,,,,,,,,,,,,,,,published_blagn_with_robust_detection_and_no_recorded_alternative_interpretation,type1_broad_line,photometric_eelg_parent;deep_g395m_broad_halpha,,not_reported,True,True,25501.0,16205.0,6.572,6.55,Hutchison et al. THRILS survey redshift catalogue Table 3,arXiv:2512.12509v1 (2025-12-14),https://arxiv.org/abs/2512.12509v1,https://arxiv.org/e-print/2512.12509v1,584a56f5867e816c6220ea52f55fc0411f2fc745544ecccfb6ea4ad42c445fdc,True,only catalogue measurement in this release,singleton assignment after coordinate-redshift search,no previously admitted candidate within 0.5 arcsec and delta-z 0.01,HZS-THRILS-25501,inherited_provisional_one_to_one_no_verified_multinucleus_link,resolved,recorded,not_required,,0.21,0.21,,,,,observational posterior uncertainty from broad-Halpha flux and FWHM fit,False,,True,balmer_single_epoch_primary_stratum,not_published,eligible_numeric_mass_with_resolved_identity_and_lensing,eligible_secure_or_probable_primary_comparable_mass,,,,,,,,,,,,,,,,,,,,,,,1,THRILS25501_davis26,THRILS-25501,davis26_thrils_blagn,secure,published_blagn_with_robust_detection_and_no_recorded_alternative_interpretation,preferred_measurement_controls_object_status;all_measurement_statuses_retained,0.7259668389945969,0.40964141895337824,0.25147870893276886,4.693219147162384,0.2673971572079461,True,0.6468854839842922,0.8050481940049018,4.193219147162384,5.193219147162384,False,navigation_only_no_cross_class_science_claim,False,unavailable_not_published
v2-shared-science,v2-dataset-catalogue,physical_object,26,26,26,26,25,HZA-GOODS-N-16813,GOODSN16813_matthee23,HZA-GOODS-N-16813,GOODS-N-16813,matthee23_eiger_fresco_blagn,broad_line_agn,virial_balmer_single_epoch,secure,5.355,7.55,single-epoch-virial-halpha-reines2013,medium,35.98060416495162,v2-dataset-catalogue,189.17929167,62.29253333,spec,1.0757224971839623,FRESCO,0.12,0.12,individual_robust,,,,,44.95904139232109,0.045279981461549,0.0505563734424438,broad-halpha-to-l5100-greene-ho2005;bolometric-correction-richards2006,,,,,0.203549878369099,,not_evaluable,,,,True,False,True,True,mstar;edd_ratio;lensing,single-epoch-virial-halpha-reines2013,missing-host-mstar,broad-halpha-to-l5100-greene-ho2005;bolometric-correction-richards2006,robust,v2,Tables 1-3,Nominal source-table Halpha mass and luminosity are not dust corrected; formal MBH errors exclude the 0.5 dex estimator systematic.,FRESCO,GOODS-N,broad-halpha,Halpha,,,,,,,,,,2033.0,219.0,219.0,,True,paper_sample_label_little_red_dot,0.0,0.5,Reines et al. (2013) Halpha single-epoch estimator intrinsic/calibration uncertainty,False,source-table statistical line-fit propagation,False,formal_mbh_errors_exclude_virial_systematic;nominal_mass_uncorrected_for_dust,The Astrophysical Journal 963:129 (2024); arXiv:2306.05448v3,https://doi.org/10.3847/1538-4357/ad2345,10.3847/1538-4357/ad2345,https://arxiv.org/e-print/2306.05448v3,b3e6f5385e694d92a7456f81eb123a305468baf743cebc7aeea820befb9b1190,2026-08-22,broad Halpha S/N >5; broad Halpha luminosity >2e42 erg/s; broad FWHM >1000 km/s; visual rejection of spatial-broadening impostors,,12:36:43.03,+62:17:33.12,0.57,0.01,4.5,0.5,0.5,,,,,,,567.0,83.0,78.0,F444W,24.84,0.06,0.05,26.47,0.09,0.08,-19.7,0.1,0.1,-2.19,0.12,0.13,-0.6,0.23,0.23,-0.8,9.1,1.0,1.0,,,,,,,,,,,,,,,,,,,,,,,,,published_blagn_with_robust_detection_and_no_recorded_alternative_interpretation,type1_broad_line,broad_halpha,lrd,not_reported,True,True,,,,,,,,,,True,only catalogue measurement in this release,singleton assignment after coordinate-redshift search,no candidate within 0.5 arcsec and delta-z 0.01,HZS-GOODS-N-16813,inherited_provisional_one_to_one_no_verified_multinucleus_link,resolved,recorded,not_required,,0.12,0.12,,,0.045279981461549,0.0505563734424438,source-table statistical line-fit propagation,False,,True,balmer_single_epoch_primary_stratum,not_published,eligible_numeric_mass_with_resolved_identity_and_lensing,eligible_secure_or_probable_primary_comparable_mass,,,,,,,,,,,,,,,,,,,,,,,1,GOODSN16813_matthee23,GOODS-N-16813,matthee23_eiger_fresco_blagn,secure,published_blagn_with_robust_detection_and_no_recorded_alternative_interpretation,preferred_measurement_controls_object_status;all_measurement_statuses_retained,0.6548561599143871,0.4188719581434368,0.3008798572579616,5.007456916618645,-0.9251436112711859,True,0.5958601094716496,0.7138522103571249,4.507456916618645,5.507456916618645,False,navigation_only_no_cross_class_science_claim,False,unavailable_not_published
v2-shared-science,v2-dataset-catalogue,physical_object,27,27,27,27,26,HZA-J1148-18404,J114818404_matthee23,HZA-J1148-18404,J1148-18404,matthee23_eiger_fresco_blagn,broad_line_agn,virial_balmer_single_epoch,secure,5.011,7.79,single-epoch-virial-halpha-reines2013,medium,35.864250363386525,v2-dataset-catalogue,177.05795833,52.86280278,spec,1.16907616870571,EIGER,0.14,0.14,individual_robust,,,,,44.838849090737256,0.0802290016388185,0.0984864012430115,broad-halpha-to-l5100-greene-ho2005;bolometric-correction-richards2006,,,,,0.0888134100934653,,not_evaluable,,,,True,False,True,True,mstar;edd_ratio;lensing,single-epoch-virial-halpha-reines2013,missing-host-mstar,broad-halpha-to-l5100-greene-ho2005;bolometric-correction-richards2006,robust,v2,Tables 1-3,Nominal source-table Halpha mass and luminosity are not dust corrected; formal MBH errors exclude the 0.5 dex estimator systematic.,EIGER,J1148,broad-halpha,Halpha,,,,,,,,,,2886.0,346.0,346.0,,True,paper_sample_label_little_red_dot,1.0,0.5,Reines et al. (2013) Halpha single-epoch estimator intrinsic/calibration uncertainty,False,source-table statistical line-fit propagation,False,halpha_absorption_fit;redshifted_absorption_50_km_s;narrow_flux_absorption_degenerate;formal_mbh_errors_exclude_virial_systematic;nominal_mass_uncorrected_for_dust,The Astrophysical Journal 963:129 (2024); arXiv:2306.05448v3,https://doi.org/10.3847/1538-4357/ad2345,10.3847/1538-4357/ad2345,https://arxiv.org/e-print/2306.05448v3,b3e6f5385e694d92a7456f81eb123a305468baf743cebc7aeea820befb9b1190,2026-08-22,broad Halpha S/N >5; broad Halpha luminosity >2e42 erg/s; broad FWHM >1000 km/s; visual rejection of spatial-broadening impostors,,11:48:13.91,+52:51:46.09,0.43,0.02,3.3,0.7,0.7,,,,,,,386.0,63.0,67.0,F356W,24.36,0.04,0.04,27.74,0.06,0.06,-17.5,0.1,0.1,-0.2,0.43,0.35,2.73,0.17,0.15,-0.4,6.9,1.4,1.4,,,,,,,,,,,,,,,,,,,,,,,,,published_blagn_with_robust_detection_and_no_recorded_alternative_interpretation,type1_broad_line,broad_halpha,lrd,not_reported,True,True,,,,,,,,,,True,only catalogue measurement in this release,singleton assignment after coordinate-redshift search,no candidate within 0.5 arcsec and delta-z 0.01,HZS-J1148-18404,inherited_provisional_one_to_one_no_verified_multinucleus_link,resolved,recorded,not_required,,0.14,0.14,,,0.0802290016388185,0.0984864012430115,source-table statistical line-fit propagation,False,,True,balmer_single_epoch_primary_stratum,not_published,eligible_numeric_mass_with_resolved_identity_and_lensing,eligible_secure_or_probable_primary_comparable_mass,,,,,,,,,,,,,,,,,,,,,,,1,J114818404_matthee23,J1148-18404,matthee23_eiger_fresco_blagn,secure,published_blagn_with_robust_detection_and_no_recorded_alternative_interpretation,preferred_measurement_controls_object_status;all_measurement_statuses_retained,0.6235190547868262,0.408141142943363,0.3004521870216313,5.004199010174823,-1.4960032994172598,True,0.5696745768259605,0.6773635327476919,4.504199010174823,5.504199010174821,False,navigation_only_no_cross_class_science_claim,False,unavailable_not_published
v2-shared-science,v2-dataset-catalogue,physical_object,28,28,28,28,27,HZA-RUBIES-EGS-60935,RUBIESEGS60935_taylor24,HZA-RUBIES-EGS-60935,RUBIES-EGS-60935,taylor24_ceers_rubies_blagn,broad_line_agn,virial_balmer_single_epoch,secure,5.287,7.57,single-epoch-virial-halpha-reines2013,low,35.07100749587441,v2-dataset-catalogue,214.923373,52.925593,spec,1.0931717582379288,RUBIES,0.04,0.04,individual_robust,,,,,,,,,,,,,,,not_evaluable,,,,True,True,True,True,mstar;lbol;edd_ratio;lensing,single-epoch-virial-halpha-reines2013,missing-host-mstar,not-published-by-source,robust,v2,Table 1 (Sample of BLAGN),Nominal Table 1 mass and Halpha flux are uncorrected for dust; formal MBH errors exclude the approximately 0.5 dex virial-calibration systematic.,RUBIES,EGS,broad-halpha,Halpha,22.82,0.56,0.59,6.84,0.56,0.6,16.02,0.64,0.72,2144.0,108.0,108.0,1.0,True,Kocevski et al. (2024) full photometric selection applied by Taylor et al.,0.0,0.5,Approximate Reines et al. (2013) single-epoch virial-calibration scatter; may be larger at high redshift,False,16th/84th percentiles from correlated Halpha flux and FWHM posteriors,0.0,formal_mbh_errors_exclude_virial_systematic;nominal_mass_uncorrected_for_dust,The Astrophysical Journal 986:165 (2025); arXiv:2409.06772v2,https://iopscience.iop.org/article/10.3847/1538-4357/add15b,10.3847/1538-4357/add15b,https://arxiv.org/e-print/2409.06772v2,50453a0a975b84f019ceba8da30663e40d83c285376cad119d83fa8e3b31aaa0,2026-08-17,JWST/NIRSpec G395M Halpha; broad FWHM >700 km/s; broad flux S/N >4; Delta BIC >6; secure multi-line spectroscopic redshift; visual QA,,,,,,,,,,,,,,,,,,,,,,,,,,,,,,,,,,,,,,,,,,,,,,,,,,,,,,,,,,,,,,published_blagn_with_robust_detection_and_no_recorded_alternative_interpretation,type1_broad_line,broad_halpha,lrd,not_reported,True,True,,,,,,,,,,True,only catalogue measurement in this release,singleton assignment,"Taylor et al. (2025), Table 1",HZS-RUBIES-EGS-60935,inherited_provisional_one_to_one_no_verified_multinucleus_link,resolved,recorded,not_required,,0.04,0.04,,,,,16th/84th percentiles from correlated Halpha flux and FWHM posteriors,False,,True,balmer_single_epoch_primary_stratum,not_published,eligible_numeric_mass_with_resolved_identity_and_lensing,eligible_secure_or_probable_primary_comparable_mass,,,,,,,,,,,,,,,,,,,,,,,1,RUBIESEGS60935_taylor24,RUBIES-EGS-60935,taylor24_ceers_rubies_blagn,secure,published_blagn_with_robust_detection_and_no_recorded_alternative_interpretation,preferred_measurement_controls_object_status;all_measurement_statuses_retained,0.645669392381483,0.4138311904491731,0.2979120894830182,4.981988209884483,-1.0567059670517231,True,0.5877098418984055,0.7036289428645605,4.481988209884483,5.481988209884483,False,navigation_only_no_cross_class_science_claim,False,unavailable_not_published
v2-shared-science,v2-dataset-catalogue,physical_object,29,29,29,29,28,HZA-GOODS-N-15498,GOODSN15498_matthee23,HZA-GOODS-N-15498,GOODS-N-15498,matthee23_eiger_fresco_blagn,broad_line_agn,virial_balmer_single_epoch,secure,5.086,7.71,single-epoch-virial-halpha-reines2013,low,35.00557106208485,v2-dataset-catalogue,189.28554167,62.28078333,spec,1.1476018842070417,FRESCO,0.11,0.11,individual_robust,,,,,45.01703333929878,0.0728717721406175,0.0876144135844876,broad-halpha-to-l5100-greene-ho2005;bolometric-correction-richards2006,,,,,0.1609395542657417,,not_evaluable,,,,True,False,True,True,mstar;edd_ratio;lensing,single-epoch-virial-halpha-reines2013,missing-host-mstar,broad-halpha-to-l5100-greene-ho2005;bolometric-correction-richards2006,robust,v2,Tables 1-3,Nominal source-table Halpha mass and luminosity are not dust corrected; formal MBH errors exclude the 0.5 dex estimator systematic.,FRESCO,GOODS-N,broad-halpha,Halpha,,,,,,,,,,2360.0,214.0,214.0,,True,paper_sample_label_little_red_dot,0.0,0.5,Reines et al. (2013) Halpha single-epoch estimator intrinsic/calibration uncertainty,False,source-table statistical line-fit propagation,False,formal_mbh_errors_exclude_virial_systematic;nominal_mass_uncorrected_for_dust,The Astrophysical Journal 963:129 (2024); arXiv:2306.05448v3,https://doi.org/10.3847/1538-4357/ad2345,10.3847/1538-4357/ad2345,https://arxiv.org/e-print/2306.05448v3,b3e6f5385e694d92a7456f81eb123a305468baf743cebc7aeea820befb9b1190,2026-08-22,broad Halpha S/N >5; broad Halpha luminosity >2e42 erg/s; broad FWHM >1000 km/s; visual rejection of spatial-broadening impostors,,12:37:08.53,+62:16:50.82,0.97,0.01,5.3,1.0,1.0,,,,,,,376.0,128.0,106.0,F444W,24.71,0.06,0.05,28.1,0.23,0.19,-17.7,0.2,0.2,-1.63,0.5,0.44,2.75,0.38,0.34,-0.4,10.4,1.9,1.9,,,,,,,,,,,,,,,,,,,,,,,,,published_blagn_with_robust_detection_and_no_recorded_alternative_interpretation,type1_broad_line,broad_halpha,lrd,not_reported,True,True,,,,,,,,,,True,only catalogue measurement in this release,singleton assignment after coordinate-redshift search,no candidate within 0.5 arcsec and delta-z 0.01,HZS-GOODS-N-15498,inherited_provisional_one_to_one_no_verified_multinucleus_link,resolved,recorded,not_required,,0.11,0.11,,,0.0728717721406175,0.0876144135844876,source-table statistical line-fit propagation,False,,True,balmer_single_epoch_primary_stratum,not_published,eligible_numeric_mass_with_resolved_identity_and_lensing,eligible_secure_or_probable_primary_comparable_mass,,,,,,,,,,,,,,,,,,,,,,,1,GOODSN15498_matthee23,GOODS-N-15498,matthee23_eiger_fresco_blagn,secure,published_blagn_with_robust_detection_and_no_recorded_alternative_interpretation,preferred_measurement_controls_object_status;all_measurement_statuses_retained,0.6275083827356964,0.4077156041942966,0.29781921492359675,4.980155989738376,-1.3894800342054152,True,0.5725601881003466,0.6824565773710465,4.480155989738376,5.4801559897383765,False,navigation_only_no_cross_class_science_claim,False,unavailable_not_published
v2-shared-science,v2-dataset-catalogue,physical_object,30,30,30,30,29,HZA-J0923P0402-BHAE-1,J0923P0402BHAE1_lin24,HZA-J0923P0402-BHAE-1,J0923P0402-BHAE-1,lin24_aspire_blagn,broad_line_agn,virial_balmer_single_epoch,probable,4.8688,7.87,single-epoch-virial-halpha-reines2013,low,34.757214055781475,v2-dataset-catalogue,140.9658,4.0545,spec,1.2116728480090049,ASPIRE,0.09,0.09,individual_robust,,,,,45.55,0.11,0.14,broad-halpha-to-l5100-greene-ho2005;bolometric-correction-richards2006,,,,,0.3798651526370138,,not_evaluable,,,,True,False,True,True,mstar;edd_ratio;lensing,single-epoch-virial-halpha-reines2013,missing-host-mstar,broad-halpha-to-l5100-greene-ho2005;bolometric-correction-richards2006,robust,v2,Tables 1-3,Nominal source-table Halpha mass and luminosity are not dust corrected; formal MBH errors exclude the 0.5 dex estimator systematic.,ASPIRE,J0923P0402,broad-halpha,Halpha,,,,,,,,,,2051.0,132.0,132.0,,True,Table_1_explicitly_calls_all_16_sources_LRDs,1.0,0.5,Reines et al. (2013) Halpha single-epoch estimator intrinsic/calibration uncertainty,False,source-table statistical line-fit propagation,False,two_broad_components_total_profile_used_for_mass;blueshifted_halpha_absorption_586_km_s;absorption_interpretation_uncertain;formal_mbh_errors_exclude_virial_systematic;nominal_mass_and_lbol_uncorrected_for_dust,The Astrophysical Journal 974:147 (2024); arXiv:2407.17570v1,https://doi.org/10.3847/1538-4357/ad6565,10.3847/1538-4357/ad6565,https://arxiv.org/e-print/2407.17570v1,fc1c4d96e4a568b09b3caefa0fdde1c7fabe8decad71fb6423ff37c912b024cd,2026-08-22,compact red photometric preselection; integrated line S/N >5; robust broad Halpha FWHM >1000 km/s; visual artifact and contamination rejection,0.0005,140.9658,4.0545,,,21.63,6.87,6.87,21.63,6.87,6.87,,,,1121.0,240.0,240.0,F356W,23.815,0.005,0.005,,,,-18.62,0.13,0.13,-1.04,0.41,0.41,1.73,0.61,0.61,,,,,,,,,,,,,,,,,,,,,,,,,,,,,robust_broad_line_with_recorded_outflow_or_absorption_interpretive_caveat,type1_broad_line,broad_halpha,lrd,not_reported,True,True,,,,,,,,,,True,only catalogue measurement in this release,singleton assignment after coordinate-redshift search,no candidate within 0.5 arcsec and delta-z 0.01,HZS-J0923P0402-BHAE-1,inherited_provisional_one_to_one_no_verified_multinucleus_link,resolved,recorded,not_required,,0.09,0.09,,,0.11,0.14,source-table statistical line-fit propagation,False,,True,balmer_single_epoch_primary_stratum,not_published,eligible_numeric_mass_with_resolved_identity_and_lensing,eligible_secure_or_probable_primary_comparable_mass,,,,,,,,,,,,,,,,,,,,,,,1,J0923P0402BHAE1_lin24,J0923P0402-BHAE-1,lin24_aspire_blagn,probable,robust_broad_line_with_recorded_outflow_or_absorption_interpretive_caveat,preferred_measurement_controls_object_status;all_measurement_statuses_retained,0.6079125973182067,0.40078735121319586,0.2972247281606905,4.973201993561881,-1.7859933547937308,True,0.5561312857919539,0.6596939088444594,4.473201993561881,5.473201993561883,False,navigation_only_no_cross_class_science_claim,False,unavailable_not_published
v2-shared-science,v2-dataset-catalogue,physical_object,31,31,31,31,30,HZA-CEERS-2782,RUBIESEGS50052_taylor24,HZA-CEERS-2782,RUBIES-EGS-50052,taylor24_ceers_rubies_blagn,broad_line_agn,virial_balmer_single_epoch,probable,5.24,7.58,single-epoch-virial-halpha-reines2013,low,34.27998488577171,v2-dataset-catalogue,214.823454,52.830277,spec,1.1055092521207228,RUBIES,0.03,0.03,individual_robust,,,,,,,,,,,,,,,not_evaluable,,,,True,True,True,True,mstar;lbol;edd_ratio;lensing,single-epoch-virial-halpha-reines2013,missing-host-mstar,not-published-by-source,robust,v2,Table 1 (Sample of BLAGN),"Nominal Table 1 mass and Halpha flux are uncorrected for dust; formal MBH errors exclude the approximately 0.5 dex virial-calibration systematic. Same physical object as CEERS-2782; Taylor et al. use this higher-S/N RUBIES observation. A possible outflow contribution is discussed, but the source is retained as BLAGN.",RUBIES,EGS,broad-halpha,Halpha,37.85,0.63,0.66,20.07,0.51,0.51,17.78,0.55,0.56,2129.0,82.0,78.0,1.0,False,Kocevski et al. (2024) full photometric selection applied by Taylor et al.,0.0,0.5,Approximate Reines et al. (2013) single-epoch virial-calibration scatter; may be larger at high redshift,False,16th/84th percentiles from correlated Halpha flux and FWHM posteriors,0.0,formal_mbh_errors_exclude_virial_systematic;nominal_mass_uncorrected_for_dust;duplicate_observation;possible_outflow_contribution;source_preferred_duplicate_measurement,The Astrophysical Journal 986:165 (2025); arXiv:2409.06772v2,https://iopscience.iop.org/article/10.3847/1538-4357/add15b,10.3847/1538-4357/add15b,https://arxiv.org/e-print/2409.06772v2,50453a0a975b84f019ceba8da30663e40d83c285376cad119d83fa8e3b31aaa0,2026-08-17,JWST/NIRSpec G395M Halpha; broad FWHM >700 km/s; broad flux S/N >4; Delta BIC >6; secure multi-line spectroscopic redshift; visual QA,,,,,,,,,,,,,,,,,,,,,,,,,,,,,,,,,,,,,,,,,,,,,,,,,,,,,,,,,,,,,,robust_broad_line_with_recorded_outflow_or_absorption_interpretive_caveat,type1_broad_line,broad_halpha,compact,not_reported,True,True,,,,,,,,,,True,preferred duplicate: higher-S/N RUBIES spectrum adopted by Taylor et al.,explicit literature duplicate,"Taylor et al. (2025), Section 3.3 / Table 1 notes",HZS-CEERS-2782,inherited_provisional_one_to_one_no_verified_multinucleus_link,resolved,recorded,not_required,,0.03,0.03,,,,,16th/84th percentiles from correlated Halpha flux and FWHM posteriors,False,,True,balmer_single_epoch_primary_stratum,not_published,eligible_numeric_mass_with_resolved_identity_and_lensing,eligible_secure_or_probable_primary_comparable_mass,,,,,,,,,,,,,,,,,,,,,,,3,CEERS02782_harikane23;CEERS2782_taylor24;RUBIESEGS50052_taylor24,CEERS-02782;CEERS-2782;RUBIES-EGS-50052,harikane23_nirspec_blagn;taylor24_ceers_rubies_blagn,secure;probable,published_blagn_with_robust_detection_and_no_recorded_alternative_interpretation;robust_broad_line_with_recorded_outflow_or_absorption_interpretive_caveat,preferred_measurement_controls_object_status;all_measurement_statuses_retained,0.6388921781959334,0.4098985659393265,0.29540175981102296,4.959839576801608,-1.1538680773279761,True,0.5816437751317817,0.6961405812600852,4.459839576801608,5.459839576801608,False,navigation_only_no_cross_class_science_claim,False,unavailable_not_published
v2-shared-science,v2-dataset-catalogue,physical_object,32,32,32,32,31,HZA-J0229M0808-BHAE-2,J0229M0808BHAE2_lin24,HZA-J0229M0808-BHAE-2,J0229M0808-BHAE-2,lin24_aspire_blagn,broad_line_agn,virial_balmer_single_epoch,secure,5.0369,7.72,single-epoch-virial-halpha-reines2013,low,34.06136389103368,v2-dataset-catalogue,37.3964,-8.1954,spec,1.1615854070269136,ASPIRE,0.15,0.15,individual_robust,,,,,45.04,0.05,0.06,broad-halpha-to-l5100-greene-ho2005;bolometric-correction-richards2006,,,,,0.165817153242384,,not_evaluable,,,,True,False,True,True,mstar;edd_ratio;lensing,single-epoch-virial-halpha-reines2013,missing-host-mstar,broad-halpha-to-l5100-greene-ho2005;bolometric-correction-richards2006,robust,v2,Tables 1-3,Nominal source-table Halpha mass and luminosity are not dust corrected; formal MBH errors exclude the 0.5 dex estimator systematic.,ASPIRE,J0229M0808,broad-halpha,Halpha,,,,,,,,,,2347.0,388.0,388.0,,True,Table_1_explicitly_calls_all_16_sources_LRDs,0.0,0.5,Reines et al. (2013) Halpha single-epoch estimator intrinsic/calibration uncertainty,False,source-table statistical line-fit propagation,False,formal_mbh_errors_exclude_virial_systematic;nominal_mass_and_lbol_uncorrected_for_dust,The Astrophysical Journal 974:147 (2024); arXiv:2407.17570v1,https://doi.org/10.3847/1538-4357/ad6565,10.3847/1538-4357/ad6565,https://arxiv.org/e-print/2407.17570v1,fc1c4d96e4a568b09b3caefa0fdde1c7fabe8decad71fb6423ff37c912b024cd,2026-08-22,compact red photometric preselection; integrated line S/N >5; robust broad Halpha FWHM >1000 km/s; visual artifact and contamination rejection,0.0002,37.3964,-8.1954,,,5.65,0.88,0.88,9.5,1.64,1.64,202.0,19.0,19.0,818.0,189.0,189.0,F356W,25.074,0.018,0.018,,,,-20.07,0.04,0.04,-1.79,0.15,0.15,-1.32,0.32,0.32,,,,,,,,,,,,,,,,,,,,,,,,,,,,,published_blagn_with_robust_detection_and_no_recorded_alternative_interpretation,type1_broad_line,broad_halpha,lrd,not_reported,True,True,,,,,,,,,,True,only catalogue measurement in this release,singleton assignment after coordinate-redshift search,no candidate within 0.5 arcsec and delta-z 0.01,HZS-J0229M0808-BHAE-2,inherited_provisional_one_to_one_no_verified_multinucleus_link,resolved,recorded,not_required,,0.15,0.15,,,0.05,0.06,source-table statistical line-fit propagation,False,,True,balmer_single_epoch_primary_stratum,not_published,eligible_numeric_mass_with_resolved_identity_and_lensing,eligible_secure_or_probable_primary_comparable_mass,,,,,,,,,,,,,,,,,,,,,,,1,J0229M0808BHAE2_lin24,J0229M0808-BHAE-2,lin24_aspire_blagn,secure,published_blagn_with_robust_detection_and_no_recorded_alternative_interpretation,preferred_measurement_controls_object_status;all_measurement_statuses_retained,0.6203272541303377,0.4034296128260239,0.29498079217386697,4.953718188948943,-1.5009393701701894,True,0.5661028438042593,0.6745516644564162,4.453718188948943,5.453718188948942,False,navigation_only_no_cross_class_science_claim,False,unavailable_not_published
v2-shared-science,v2-dataset-catalogue,physical_object,33,33,33,33,32,HZA-GOODS-N-4014,GOODSN4014_matthee23,HZA-GOODS-N-4014,GOODS-N-4014,matthee23_eiger_fresco_blagn,broad_line_agn,virial_balmer_single_epoch,secure,5.228,7.58,single-epoch-virial-halpha-reines2013,low,33.9833800731075,v2-dataset-catalogue,189.300125,62.21204444,spec,1.1086963886147605,FRESCO,0.08,0.08,individual_robust,,,,,44.968482948553934,0.0227431271385597,0.0240002764037665,broad-halpha-to-l5100-greene-ho2005;bolometric-correction-richards2006,,,,,0.1941388279732305,,not_evaluable,,,,True,False,True,True,mstar;edd_ratio;lensing,single-epoch-virial-halpha-reines2013,missing-host-mstar,broad-halpha-to-l5100-greene-ho2005;bolometric-correction-richards2006,robust,v2,Tables 1-3,Nominal source-table Halpha mass and luminosity are not dust corrected; formal MBH errors exclude the 0.5 dex estimator systematic.,FRESCO,GOODS-N,broad-halpha,Halpha,,,,,,,,,,2103.0,159.0,159.0,,True,paper_sample_label_little_red_dot,0.0,0.5,Reines et al. (2013) Halpha single-epoch estimator intrinsic/calibration uncertainty,False,source-table statistical line-fit propagation,False,formal_mbh_errors_exclude_virial_systematic;nominal_mass_uncorrected_for_dust,The Astrophysical Journal 963:129 (2024); arXiv:2306.05448v3,https://doi.org/10.3847/1538-4357/ad2345,10.3847/1538-4357/ad2345,https://arxiv.org/e-print/2306.05448v3,b3e6f5385e694d92a7456f81eb123a305468baf743cebc7aeea820befb9b1190,2026-08-22,broad Halpha S/N >5; broad Halpha luminosity >2e42 erg/s; broad FWHM >1000 km/s; visual rejection of spatial-broadening impostors,,12:37:12.03,+62:12:43.36,0.79,0.01,4.6,0.2,0.2,,,,,,,488.0,64.0,53.0,F444W,24.98,0.05,0.05,28.08,0.76,0.47,-18.0,0.2,0.2,-2.04,0.7,0.93,2.0,1.12,0.82,-0.6,9.3,0.5,0.5,,,,,,,,,,,,,,,,,,,,,,,,,published_blagn_with_robust_detection_and_no_recorded_alternative_interpretation,type1_broad_line,broad_halpha,lrd,not_reported,True,True,,,,,,,,,,True,only catalogue measurement in this release,singleton assignment after coordinate-redshift search,no candidate within 0.5 arcsec and delta-z 0.01,HZS-GOODS-N-4014,inherited_provisional_one_to_one_no_verified_multinucleus_link,resolved,recorded,not_required,,0.08,0.08,,,0.0227431271385597,0.0240002764037665,source-table statistical line-fit propagation,False,,True,balmer_single_epoch_primary_stratum,not_published,eligible_numeric_mass_with_resolved_identity_and_lensing,eligible_secure_or_probable_primary_comparable_mass,,,,,,,,,,,,,,,,,,,,,,,1,GOODSN4014_matthee23,GOODS-N-4014,matthee23_eiger_fresco_blagn,secure,published_blagn_with_robust_detection_and_no_recorded_alternative_interpretation,preferred_measurement_controls_object_status;all_measurement_statuses_retained,0.6368735258141983,0.4086034448772098,0.29446840440871536,4.95153464204701,-1.1815511931766363,True,0.5798060055799512,0.6939410460484455,4.45153464204701,5.45153464204701,False,navigation_only_no_cross_class_science_claim,False,unavailable_not_published
v2-shared-science,v2-dataset-catalogue,physical_object,34,34,34,34,33,HZA-GS-30148179,GS30148179_juodzbalis25,HZA-GS-30148179,GS-30148179,juodzbalis25_jades_blagn,broad_line_agn,virial_balmer_single_epoch,secure,5.922,7.12,single-epoch-virial-halpha,low,33.02182276046942,v2-dataset-catalogue,53.14208,-27.77985,spec,0.9465948399109976,JADES,0.34,0.35,individual_robust,8.95,0.58,0.58,beagle-spectral-decomposition,44.25,0.06,0.08,balmer-line-bolometric-correction,-1.8299999999999992,0.6748518355905984,0.11,0.04,0.1070605462374333,0.0117632302757858,consistent,1.0,,,False,False,False,True,lensing,single-epoch-virial,host-sed-with-agn-contamination-risk,balmer-line-bolometric-correction,robust,v2,"Table 2 (BH/Lbol/lambda_Edd), Table 5 (Mstar)",Robust sample; Mstar uses BEAGLE value.,,GOODS-S,,,,,,,,,,,,,,,,,,,0.3,source_stated_single_epoch_virial_calibration_uncertainty,False,,,,"MNRAS 546, stag086 (2026); arXiv:2504.03551",https://arxiv.org/abs/2504.03551,,https://arxiv.org/abs/2504.03551,,not_recorded_in_frozen_v1_source_layer,JADES spectroscopic Type 1 broad-line AGN sample,,,,,,,,,,,,,,,,,,,,,,,,,,,,,,,,,,,,,,,,,,,,,,,,,,,,,,,,,,,,,,published_blagn_with_robust_detection_and_no_recorded_alternative_interpretation,type1_broad_line,broad_balmer_line,,not_reported,True,True,,,,,,,,,,True,only catalogue measurement in this release,singleton assignment,v1 catalogue,HZS-GS-30148179,inherited_provisional_one_to_one_no_verified_multinucleus_link,resolved,not_recorded,not_required,,0.34,0.35,0.58,0.58,0.06,0.08,published_asymmetric_table_uncertainty_semantics_not_further_specified_in_v1,False,,True,balmer_single_epoch_primary_stratum,object_specific,eligible_numeric_mass_with_resolved_identity_and_lensing,eligible_secure_or_probable_primary_comparable_mass,,,,,,,,,,,,,,,,,,,,,,,1,GS30148179_juodzbalis25,GS-30148179,juodzbalis25_jades_blagn,secure,published_blagn_with_robust_detection_and_no_recorded_alternative_interpretation,preferred_measurement_controls_object_status;all_measurement_statuses_retained,0.696261873125633,0.42428457893593263,0.28829593184108243,4.913933490707102,-0.23355503097632635,True,0.655465278997178,0.7370584672540882,4.613933490707103,5.213933490707102,False,navigation_only_no_cross_class_science_claim,False,available_not_growth_history
v2-shared-science,v2-dataset-catalogue,physical_object,35,35,35,35,34,HZA-CEERS-746,CEERS746_taylor24,HZA-CEERS-746,CEERS-746,taylor24_ceers_rubies_blagn,broad_line_agn,virial_balmer_single_epoch,secure,5.623,7.29,single-epoch-virial-halpha-reines2013,low,32.69403819299052,v2-dataset-catalogue,214.809142,52.868484,spec,1.011259266287056,CEERS,0.16,0.14,individual_robust,,,,,,,,,,,,,,,not_evaluable,,,,True,True,True,True,mstar;lbol;edd_ratio;lensing,single-epoch-virial-halpha-reines2013,missing-host-mstar,not-published-by-source,robust,v2,Table 1 (Sample of BLAGN),Nominal Table 1 mass and Halpha flux are uncorrected for dust; formal MBH errors exclude the approximately 0.5 dex virial-calibration systematic.,CEERS,EGS,broad-halpha,Halpha,6.59,0.53,0.49,1.93,0.46,0.43,4.68,0.55,0.59,2021.0,366.0,289.0,1.0,True,Kocevski et al. (2024) full photometric selection applied by Taylor et al.,0.0,0.5,Approximate Reines et al. (2013) single-epoch virial-calibration scatter; may be larger at high redshift,False,16th/84th percentiles from correlated Halpha flux and FWHM posteriors,0.0,formal_mbh_errors_exclude_virial_systematic;nominal_mass_uncorrected_for_dust,The Astrophysical Journal 986:165 (2025); arXiv:2409.06772v2,https://iopscience.iop.org/article/10.3847/1538-4357/add15b,10.3847/1538-4357/add15b,https://arxiv.org/e-print/2409.06772v2,50453a0a975b84f019ceba8da30663e40d83c285376cad119d83fa8e3b31aaa0,2026-08-17,JWST/NIRSpec G395M Halpha; broad FWHM >700 km/s; broad flux S/N >4; Delta BIC >6; secure multi-line spectroscopic redshift; visual QA,,,,,,,,,,,,,,,,,,,,,,,,,,,,,,,,,,,,,,,,,,,,,,,,,,,,,,,,,,,,,,published_blagn_with_robust_detection_and_no_recorded_alternative_interpretation,type1_broad_line,broad_halpha,compact;red;lrd,not_reported,True,True,,,,,,,,,,True,only catalogue measurement in this release,singleton assignment,"Taylor et al. (2025), Table 1",HZS-CEERS-746,inherited_provisional_one_to_one_no_verified_multinucleus_link,resolved,recorded,not_required,,0.16,0.14,,,,,16th/84th percentiles from correlated Halpha flux and FWHM posteriors,False,,True,balmer_single_epoch_primary_stratum,not_published,eligible_numeric_mass_with_resolved_identity_and_lensing,eligible_secure_or_probable_primary_comparable_mass,,,,,,,,,,,,,,,,,,,,,,,2,CEERS00746_harikane23;CEERS746_taylor24,CEERS-00746;CEERS-746,harikane23_nirspec_blagn;taylor24_ceers_rubies_blagn,secure,published_blagn_with_robust_detection_and_no_recorded_alternative_interpretation,preferred_measurement_controls_object_status;all_measurement_statuses_retained,0.668332393394149,0.4156547399370038,0.2893159132084312,4.9154330694037345,-0.6252231019875509,True,0.6051629800298626,0.7315018067584352,4.4154330694037345,5.4154330694037345,False,navigation_only_no_cross_class_science_claim,False,unavailable_not_published
v2-shared-science,v2-dataset-catalogue,physical_object,36,36,36,36,35,HZA-RUBIES-UDS-29813,RUBIESUDS29813_taylor24,HZA-RUBIES-UDS-29813,RUBIES-UDS-29813,taylor24_ceers_rubies_blagn,broad_line_agn,virial_balmer_single_epoch,secure,5.44,7.39,single-epoch-virial-halpha-reines2013,low,32.23637437660409,v2-dataset-catalogue,34.453355,-5.270717,spec,1.0545534639492895,RUBIES,0.09,0.09,individual_robust,,,,,,,,,,,,,,,not_evaluable,,,,True,True,True,True,mstar;lbol;edd_ratio;lensing,single-epoch-virial-halpha-reines2013,missing-host-mstar,not-published-by-source,robust,v2,Table 1 (Sample of BLAGN),Nominal Table 1 mass and Halpha flux are uncorrected for dust; formal MBH errors exclude the approximately 0.5 dex virial-calibration systematic.,RUBIES,UDS,broad-halpha,Halpha,12.06,0.55,0.52,4.64,0.35,0.33,7.43,0.55,0.56,2047.0,207.0,188.0,1.0,True,Kocevski et al. (2024) full photometric selection applied by Taylor et al.,0.0,0.5,Approximate Reines et al. (2013) single-epoch virial-calibration scatter; may be larger at high redshift,False,16th/84th percentiles from correlated Halpha flux and FWHM posteriors,0.0,formal_mbh_errors_exclude_virial_systematic;nominal_mass_uncorrected_for_dust,The Astrophysical Journal 986:165 (2025); arXiv:2409.06772v2,https://iopscience.iop.org/article/10.3847/1538-4357/add15b,10.3847/1538-4357/add15b,https://arxiv.org/e-print/2409.06772v2,50453a0a975b84f019ceba8da30663e40d83c285376cad119d83fa8e3b31aaa0,2026-08-17,JWST/NIRSpec G395M Halpha; broad FWHM >700 km/s; broad flux S/N >4; Delta BIC >6; secure multi-line spectroscopic redshift; visual QA,,,,,,,,,,,,,,,,,,,,,,,,,,,,,,,,,,,,,,,,,,,,,,,,,,,,,,,,,,,,,,published_blagn_with_robust_detection_and_no_recorded_alternative_interpretation,type1_broad_line,broad_halpha,lrd,not_reported,True,True,,,,,,,,,,True,only catalogue measurement in this release,singleton assignment,"Taylor et al. (2025), Table 1",HZS-RUBIES-UDS-29813,inherited_provisional_one_to_one_no_verified_multinucleus_link,resolved,recorded,not_required,,0.09,0.09,,,,,16th/84th percentiles from correlated Halpha flux and FWHM posteriors,False,,True,balmer_single_epoch_primary_stratum,not_published,eligible_numeric_mass_with_resolved_identity_and_lensing,eligible_secure_or_probable_primary_comparable_mass,,,,,,,,,,,,,,,,,,,,,,,1,RUBIESUDS29813_taylor24,RUBIES-UDS-29813,taylor24_ceers_rubies_blagn,secure,published_blagn_with_robust_detection_and_no_recorded_alternative_interpretation,preferred_measurement_controls_object_status;all_measurement_statuses_retained,0.6500812153876583,0.40886369576329523,0.28825493595111373,4.902618482544915,-0.9012717248502868,True,0.5897768354815675,0.7103855952937491,4.402618482544915,5.402618482544915,False,navigation_only_no_cross_class_science_claim,False,unavailable_not_published
v2-shared-science,v2-dataset-catalogue,physical_object,37,37,37,37,36,HZA-GN-61888,GN61888_juodzbalis25,HZA-GN-61888,GN-61888,juodzbalis25_jades_blagn,broad_line_agn,virial_balmer_single_epoch,secure,5.874,7.04,single-epoch-virial-halpha,low,31.45438949048337,v2-dataset-catalogue,189.16802,62.21701,spec,0.9565050566273134,JADES,0.33,0.32,individual_robust,8.53,1.73,1.73,beagle-spectral-decomposition,44.38,0.09,0.07,balmer-line-bolometric-correction,-1.489999999999999,1.760262764475804,0.18,0.04,0.1736318749166323,0.015643050220866,consistent,1.0,,,False,False,False,True,lensing,single-epoch-virial,host-sed-with-agn-contamination-risk,balmer-line-bolometric-correction,robust,v2,"Table 2 (BH/Lbol/lambda_Edd), Table 5 (Mstar)",Robust sample; Mstar uses BEAGLE value.,,GOODS-N,,,,,,,,,,,,,,,,,,,0.3,source_stated_single_epoch_virial_calibration_uncertainty,False,,,,"MNRAS 546, stag086 (2026); arXiv:2504.03551",https://arxiv.org/abs/2504.03551,,https://arxiv.org/abs/2504.03551,,not_recorded_in_frozen_v1_source_layer,JADES spectroscopic Type 1 broad-line AGN sample,,,,,,,,,,,,,,,,,,,,,,,,,,,,,,,,,,,,,,,,,,,,,,,,,,,,,,,,,,,,,,published_blagn_with_robust_detection_and_no_recorded_alternative_interpretation,type1_broad_line,broad_balmer_line,,not_reported,True,True,,,,,,,,,,True,only catalogue measurement in this release,singleton assignment,v1 catalogue,HZS-GN-61888,inherited_provisional_one_to_one_no_verified_multinucleus_link,resolved,not_recorded,not_required,,0.33,0.32,1.73,1.73,0.09,0.07,published_asymmetric_table_uncertainty_semantics_not_further_specified_in_v1,False,,True,balmer_single_epoch_primary_stratum,object_specific,eligible_numeric_mass_with_resolved_identity_and_lensing,eligible_secure_or_probable_primary_comparable_mass,,,,,,,,,,,,,,,,,,,,,,,1,GN61888_juodzbalis25,GN-61888,juodzbalis25_jades_blagn,secure,published_blagn_with_robust_detection_and_no_recorded_alternative_interpretation,preferred_measurement_controls_object_status;all_measurement_statuses_retained,0.6774526738858004,0.40862224774064154,0.27420703466806207,4.808109776100934,-0.3996340796635547,True,0.6371281099640266,0.7177772378075741,4.508109776100934,5.1081097761009335,False,navigation_only_no_cross_class_science_claim,False,available_not_growth_history
v2-shared-science,v2-dataset-catalogue,physical_object,38,38,38,38,37,HZA-J2002M3013-BHAE-1,J2002M3013BHAE1_lin24,HZA-J2002M3013-BHAE-1,J2002M3013-BHAE-1,lin24_aspire_blagn,broad_line_agn,virial_balmer_single_epoch,secure,4.9461,7.71,single-epoch-virial-halpha-reines2013,low,31.227072390651937,v2-dataset-catalogue,300.6666,-30.1814,spec,1.1882033528758245,ASPIRE,0.08,0.08,individual_robust,,,,,45.4,0.03,0.03,broad-halpha-to-l5100-greene-ho2005;bolometric-correction-richards2006,,,,,0.3887133487051135,,not_evaluable,,,,True,False,True,True,mstar;edd_ratio;lensing,single-epoch-virial-halpha-reines2013,missing-host-mstar,broad-halpha-to-l5100-greene-ho2005;bolometric-correction-richards2006,robust,v2,Tables 1-3,Nominal source-table Halpha mass and luminosity are not dust corrected; formal MBH errors exclude the 0.5 dex estimator systematic.,ASPIRE,J2002M3013,broad-halpha,Halpha,,,,,,,,,,1881.0,166.0,166.0,,True,Table_1_explicitly_calls_all_16_sources_LRDs,0.0,0.5,Reines et al. (2013) Halpha single-epoch estimator intrinsic/calibration uncertainty,False,source-table statistical line-fit propagation,False,formal_mbh_errors_exclude_virial_systematic;nominal_mass_and_lbol_uncorrected_for_dust,The Astrophysical Journal 974:147 (2024); arXiv:2407.17570v1,https://doi.org/10.3847/1538-4357/ad6565,10.3847/1538-4357/ad6565,https://arxiv.org/e-print/2407.17570v1,fc1c4d96e4a568b09b3caefa0fdde1c7fabe8decad71fb6423ff37c912b024cd,2026-08-22,compact red photometric preselection; integrated line S/N >5; robust broad Halpha FWHM >1000 km/s; visual artifact and contamination rejection,0.0003,300.6666,-30.1814,,,14.52,1.11,1.11,20.47,3.58,3.58,459.0,52.0,52.0,1081.0,270.0,270.0,F356W,24.091,0.003,0.003,,,,-20.86,0.03,0.03,-1.77,0.12,0.12,-1.45,0.46,0.46,,,,,,,,,,,,,,,,,,,,,,,,,,,,,published_blagn_with_robust_detection_and_no_recorded_alternative_interpretation,type1_broad_line,broad_halpha,lrd,not_reported,True,True,,,,,,,,,,True,only catalogue measurement in this release,singleton assignment after coordinate-redshift search,no candidate within 0.5 arcsec and delta-z 0.01,HZS-J2002M3013-BHAE-1,inherited_provisional_one_to_one_no_verified_multinucleus_link,resolved,recorded,not_required,,0.08,0.08,,,0.03,0.03,source-table statistical line-fit propagation,False,,True,balmer_single_epoch_primary_stratum,not_published,eligible_numeric_mass_with_resolved_identity_and_lensing,eligible_secure_or_probable_primary_comparable_mass,,,,,,,,,,,,,,,,,,,,,,,1,J2002M3013BHAE1_lin24,J2002M3013-BHAE-1,lin24_aspire_blagn,secure,published_blagn_with_robust_detection_and_no_recorded_alternative_interpretation,preferred_measurement_controls_object_status;all_measurement_statuses_retained,0.6040960093951534,0.39250371188371613,0.2867075631279975,4.874358026938254,-1.742139910205819,True,0.5511979350172942,0.6569940837730128,4.374358026938254,5.374358026938255,False,navigation_only_no_cross_class_science_claim,False,unavailable_not_published
v2-shared-science,v2-dataset-catalogue,physical_object,39,39,39,39,38,HZA-GOODS-N-13733,GOODSN13733_matthee23,HZA-GOODS-N-13733,GOODS-N-13733,matthee23_eiger_fresco_blagn,broad_line_agn,virial_balmer_single_epoch,secure,5.236,7.49,single-epoch-virial-halpha-reines2013,low,30.96698859075819,v2-dataset-catalogue,189.05708333,62.26893889,spec,1.1065699365086776,FRESCO,0.1,0.1,individual_robust,,,,,44.7160033436348,0.0243593458594446,0.0258072636062855,broad-halpha-to-l5100-greene-ho2005;bolometric-correction-richards2006,,,,,0.1335465885741305,,not_evaluable,,,,True,False,True,True,mstar;edd_ratio;lensing,single-epoch-virial-halpha-reines2013,missing-host-mstar,broad-halpha-to-l5100-greene-ho2005;bolometric-correction-richards2006,robust,v2,Tables 1-3,Nominal source-table Halpha mass and luminosity are not dust corrected; formal MBH errors exclude the 0.5 dex estimator systematic.,FRESCO,GOODS-N,broad-halpha,Halpha,,,,,,,,,,2208.0,200.0,200.0,,True,paper_sample_label_little_red_dot,0.0,0.5,Reines et al. (2013) Halpha single-epoch estimator intrinsic/calibration uncertainty,False,source-table statistical line-fit propagation,False,formal_mbh_errors_exclude_virial_systematic;nominal_mass_uncorrected_for_dust,The Astrophysical Journal 963:129 (2024); arXiv:2306.05448v3,https://doi.org/10.3847/1538-4357/ad2345,10.3847/1538-4357/ad2345,https://arxiv.org/e-print/2306.05448v3,b3e6f5385e694d92a7456f81eb123a305468baf743cebc7aeea820befb9b1190,2026-08-22,broad Halpha S/N >5; broad Halpha luminosity >2e42 erg/s; broad FWHM >1000 km/s; visual rejection of spatial-broadening impostors,,12:36:13.70,+62:16:08.18,0.7,0.01,2.4,0.2,0.2,,,,,,,418.0,64.0,62.0,F444W,25.41,0.06,0.05,27.91,0.22,0.19,-17.9,0.2,0.2,-1.59,0.55,0.48,1.23,0.41,0.32,-0.5,5.2,0.3,0.3,,,,,,,,,,,,,,,,,,,,,,,,,published_blagn_with_robust_detection_and_no_recorded_alternative_interpretation,type1_broad_line,broad_halpha,lrd,not_reported,True,True,,,,,,,,,,True,only catalogue measurement in this release,singleton assignment after coordinate-redshift search,no candidate within 0.5 arcsec and delta-z 0.01,HZS-GOODS-N-13733,inherited_provisional_one_to_one_no_verified_multinucleus_link,resolved,recorded,not_required,,0.1,0.1,,,0.0243593458594446,0.0258072636062855,source-table statistical line-fit propagation,False,,True,balmer_single_epoch_primary_stratum,not_published,eligible_numeric_mass_with_resolved_identity_and_lensing,eligible_secure_or_probable_primary_comparable_mass,,,,,,,,,,,,,,,,,,,,,,,1,GOODSN13733_matthee23,GOODS-N-13733,matthee23_eiger_fresco_blagn,secure,published_blagn_with_robust_detection_and_no_recorded_alternative_interpretation,preferred_measurement_controls_object_status;all_measurement_statuses_retained,0.6279250940567935,0.39917278292499264,0.2847966273590922,4.867075680541229,-1.2530810648625703,True,0.5707370162738433,0.6851131718397437,4.367075680541229,5.367075680541229,False,navigation_only_no_cross_class_science_claim,False,unavailable_not_published
v2-shared-science,v2-dataset-catalogue,physical_object,40,40,40,40,39,HZA-RUBIES-EGS-37124,RUBIESEGS37124_taylor24,HZA-RUBIES-EGS-37124,RUBIES-EGS-37124,taylor24_ceers_rubies_blagn,broad_line_agn,virial_balmer_single_epoch,secure,5.682,7.18,single-epoch-virial-halpha-reines2013,low,30.345947477906094,v2-dataset-catalogue,214.990977,52.916524,spec,0.997927725671223,RUBIES,0.12,0.11,individual_robust,,,,,,,,,,,,,,,not_evaluable,,,,True,True,True,True,mstar;lbol;edd_ratio;lensing,single-epoch-virial-halpha-reines2013,missing-host-mstar,not-published-by-source,robust,v2,Table 1 (Sample of BLAGN),Nominal Table 1 mass and Halpha flux are uncorrected for dust; formal MBH errors exclude the approximately 0.5 dex virial-calibration systematic.,RUBIES,EGS,broad-halpha,Halpha,9.94,0.53,0.55,1.93,0.92,0.74,7.98,0.66,0.73,1566.0,246.0,192.0,1.0,True,Kocevski et al. (2024) full photometric selection applied by Taylor et al.,0.0,0.5,Approximate Reines et al. (2013) single-epoch virial-calibration scatter; may be larger at high redshift,False,16th/84th percentiles from correlated Halpha flux and FWHM posteriors,0.0,formal_mbh_errors_exclude_virial_systematic;nominal_mass_uncorrected_for_dust,The Astrophysical Journal 986:165 (2025); arXiv:2409.06772v2,https://iopscience.iop.org/article/10.3847/1538-4357/add15b,10.3847/1538-4357/add15b,https://arxiv.org/e-print/2409.06772v2,50453a0a975b84f019ceba8da30663e40d83c285376cad119d83fa8e3b31aaa0,2026-08-17,JWST/NIRSpec G395M Halpha; broad FWHM >700 km/s; broad flux S/N >4; Delta BIC >6; secure multi-line spectroscopic redshift; visual QA,,,,,,,,,,,,,,,,,,,,,,,,,,,,,,,,,,,,,,,,,,,,,,,,,,,,,,,,,,,,,,published_blagn_with_robust_detection_and_no_recorded_alternative_interpretation,type1_broad_line,broad_halpha,lrd,not_reported,True,True,,,,,,,,,,True,only catalogue measurement in this release,singleton assignment,"Taylor et al. (2025), Table 1",HZS-RUBIES-EGS-37124,inherited_provisional_one_to_one_no_verified_multinucleus_link,resolved,recorded,not_required,,0.12,0.11,,,,,16th/84th percentiles from correlated Halpha flux and FWHM posteriors,False,,True,balmer_single_epoch_primary_stratum,not_published,eligible_numeric_mass_with_resolved_identity_and_lensing,eligible_secure_or_probable_primary_comparable_mass,,,,,,,,,,,,,,,,,,,,,,,1,RUBIESEGS37124_taylor24,RUBIES-EGS-37124,taylor24_ceers_rubies_blagn,secure,published_blagn_with_robust_detection_and_no_recorded_alternative_interpretation,preferred_measurement_controls_object_status;all_measurement_statuses_retained,0.6641513697348731,0.4077222694511382,0.2795077193092708,4.840171956552086,-0.6194268114930468,True,0.6000440946639393,0.7282586448058067,4.340171956552086,5.340171956552086,False,navigation_only_no_cross_class_science_claim,False,unavailable_not_published
v2-shared-science,v2-dataset-catalogue,physical_object,41,41,41,41,40,HZA-RUBIES-UDS-19521,RUBIESUDS19521_taylor24,HZA-RUBIES-UDS-19521,RUBIES-UDS-19521,taylor24_ceers_rubies_blagn,broad_line_agn,virial_balmer_single_epoch,secure,5.669,7.18,single-epoch-virial-halpha-reines2013,low,30.167026909881468,v2-dataset-catalogue,34.383672,-5.287732,spec,1.0008399784546649,RUBIES,0.22,0.26,individual_robust,,,,,,,,,,,,,,,not_evaluable,,,,True,True,True,True,mstar;lbol;edd_ratio;lensing,single-epoch-virial-halpha-reines2013,missing-host-mstar,not-published-by-source,robust,v2,Table 1 (Sample of BLAGN),Nominal Table 1 mass and Halpha flux are uncorrected for dust; formal MBH errors exclude the approximately 0.5 dex virial-calibration systematic.,RUBIES,UDS,broad-halpha,Halpha,11.29,1.46,1.38,5.46,0.47,0.49,5.84,1.33,1.18,1682.0,400.0,368.0,1.0,False,Kocevski et al. (2024) full photometric selection applied by Taylor et al.,0.0,0.5,Approximate Reines et al. (2013) single-epoch virial-calibration scatter; may be larger at high redshift,False,16th/84th percentiles from correlated Halpha flux and FWHM posteriors,0.0,formal_mbh_errors_exclude_virial_systematic;nominal_mass_uncorrected_for_dust,The Astrophysical Journal 986:165 (2025); arXiv:2409.06772v2,https://iopscience.iop.org/article/10.3847/1538-4357/add15b,10.3847/1538-4357/add15b,https://arxiv.org/e-print/2409.06772v2,50453a0a975b84f019ceba8da30663e40d83c285376cad119d83fa8e3b31aaa0,2026-08-17,JWST/NIRSpec G395M Halpha; broad FWHM >700 km/s; broad flux S/N >4; Delta BIC >6; secure multi-line spectroscopic redshift; visual QA,,,,,,,,,,,,,,,,,,,,,,,,,,,,,,,,,,,,,,,,,,,,,,,,,,,,,,,,,,,,,,published_blagn_with_robust_detection_and_no_recorded_alternative_interpretation,type1_broad_line,broad_halpha,,not_reported,True,True,,,,,,,,,,True,only catalogue measurement in this release,singleton assignment,"Taylor et al. (2025), Table 1",HZS-RUBIES-UDS-19521,inherited_provisional_one_to_one_no_verified_multinucleus_link,resolved,recorded,not_required,,0.22,0.26,,,,,16th/84th percentiles from correlated Halpha flux and FWHM posteriors,False,,True,balmer_single_epoch_primary_stratum,not_published,eligible_numeric_mass_with_resolved_identity_and_lensing,eligible_secure_or_probable_primary_comparable_mass,,,,,,,,,,,,,,,,,,,,,,,1,RUBIESUDS19521_taylor24,RUBIES-UDS-19521,taylor24_ceers_rubies_blagn,secure,published_blagn_with_robust_detection_and_no_recorded_alternative_interpretation,preferred_measurement_controls_object_status;all_measurement_statuses_retained,0.6620043229185776,0.40640419823959006,0.2786041359000963,4.83258330466955,-0.6447223177681689,True,0.5981042917488306,0.7259043540883244,4.33258330466955,5.33258330466955,False,navigation_only_no_cross_class_science_claim,False,unavailable_not_published
v2-shared-science,v2-dataset-catalogue,physical_object,42,42,42,42,41,HZA-RUBIES-EGS-42232,RUBIESEGS42232_taylor24,HZA-RUBIES-EGS-42232,RUBIES-EGS-42232,taylor24_ceers_rubies_blagn,broad_line_agn,virial_balmer_single_epoch,secure,4.954,7.67,single-epoch-virial-halpha-reines2013,low,30.01775591502666,v2-dataset-catalogue,214.886792,52.855381,spec,1.1858473713401363,RUBIES,0.04,0.03,individual_robust,,,,,,,,,,,,,,,not_evaluable,,,,True,True,True,True,mstar;lbol;edd_ratio;lensing,single-epoch-virial-halpha-reines2013,missing-host-mstar,not-published-by-source,robust,v2,Table 1 (Sample of BLAGN),Nominal Table 1 mass and Halpha flux are uncorrected for dust; formal MBH errors exclude the approximately 0.5 dex virial-calibration systematic.,RUBIES,EGS,broad-halpha,Halpha,23.59,0.67,0.68,4.48,0.49,0.53,19.14,0.82,0.86,2375.0,96.0,90.0,1.0,True,Kocevski et al. (2024) full photometric selection applied by Taylor et al.,0.0,0.5,Approximate Reines et al. (2013) single-epoch virial-calibration scatter; may be larger at high redshift,False,16th/84th percentiles from correlated Halpha flux and FWHM posteriors,0.0,formal_mbh_errors_exclude_virial_systematic;nominal_mass_uncorrected_for_dust,The Astrophysical Journal 986:165 (2025); arXiv:2409.06772v2,https://iopscience.iop.org/article/10.3847/1538-4357/add15b,10.3847/1538-4357/add15b,https://arxiv.org/e-print/2409.06772v2,50453a0a975b84f019ceba8da30663e40d83c285376cad119d83fa8e3b31aaa0,2026-08-17,JWST/NIRSpec G395M Halpha; broad FWHM >700 km/s; broad flux S/N >4; Delta BIC >6; secure multi-line spectroscopic redshift; visual QA,,,,,,,,,,,,,,,,,,,,,,,,,,,,,,,,,,,,,,,,,,,,,,,,,,,,,,,,,,,,,,published_blagn_with_robust_detection_and_no_recorded_alternative_interpretation,type1_broad_line,broad_halpha,lrd,not_reported,True,True,,,,,,,,,,True,only catalogue measurement in this release,singleton assignment,"Taylor et al. (2025), Table 1",HZS-RUBIES-EGS-42232,inherited_provisional_one_to_one_no_verified_multinucleus_link,resolved,recorded,not_required,,0.04,0.03,,,,,16th/84th percentiles from correlated Halpha flux and FWHM posteriors,False,,True,balmer_single_epoch_primary_stratum,not_published,eligible_numeric_mass_with_resolved_identity_and_lensing,eligible_secure_or_probable_primary_comparable_mass,,,,,,,,,,,,,,,,,,,,,,,1,RUBIESEGS42232_taylor24,RUBIES-EGS-42232,taylor24_ceers_rubies_blagn,secure,published_blagn_with_robust_detection_and_no_recorded_alternative_interpretation,preferred_measurement_controls_object_status;all_measurement_statuses_retained,0.6011656815933784,0.3891142947879539,0.2830886013852416,4.8404971656207465,-1.7616761145975133,True,0.548152834892022,0.6541785282947344,4.3404971656207465,5.3404971656207465,False,navigation_only_no_cross_class_science_claim,False,unavailable_not_published
v2-shared-science,v2-dataset-catalogue,physical_object,43,43,43,43,42,HZA-GN-1093,GN1093_juodzbalis25,HZA-GN-1093,GN-1093,juodzbalis25_jades_blagn,broad_line_agn,virial_balmer_single_epoch,secure,5.594,7.14,single-epoch-virial-halpha,low,28.72239856634876,v2-dataset-catalogue,189.17974,62.22463,spec,1.017921041692968,JADES,0.34,0.33,individual_robust,8.43,0.63,0.63,beagle-spectral-decomposition,44.32,0.13,0.11,balmer-line-bolometric-correction,-1.29,0.7135299573248485,0.12,0.035,0.120123908606048,-0.0004482088348115,consistent,1.0,,,False,False,False,True,lensing,single-epoch-virial,host-sed-with-agn-contamination-risk,balmer-line-bolometric-correction,robust,v2,"Table 2 (BH/Lbol/lambda_Edd), Table 5 (Mstar)",Robust sample; Mstar uses BEAGLE value.,,GOODS-N,,,,,,,,,,,,,,,,,,,0.3,source_stated_single_epoch_virial_calibration_uncertainty,False,,,,"MNRAS 546, stag086 (2026); arXiv:2504.03551",https://arxiv.org/abs/2504.03551,,https://arxiv.org/abs/2504.03551,,not_recorded_in_frozen_v1_source_layer,JADES spectroscopic Type 1 broad-line AGN sample,,,,,,,,,,,,,,,,,,,,,,,,,,,,,,,,,,,,,,,,,,,,,,,,,,,,,,,,,,,,,,published_blagn_with_robust_detection_and_no_recorded_alternative_interpretation,type1_broad_line,broad_balmer_line,,not_reported,True,True,,,,,,,,,,True,only catalogue measurement in this release,singleton assignment,v1 catalogue,HZS-GN-1093,inherited_provisional_one_to_one_no_verified_multinucleus_link,resolved,not_recorded,not_required,,0.34,0.33,0.63,0.63,0.13,0.11,published_asymmetric_table_uncertainty_semantics_not_further_specified_in_v1,False,,True,balmer_single_epoch_primary_stratum,object_specific,eligible_numeric_mass_with_resolved_identity_and_lensing,eligible_secure_or_probable_primary_comparable_mass,,,,,,,,,,,,,,,,,,,,,,,1,GN1093_juodzbalis25,GN-1093,juodzbalis25_jades_blagn,secure,published_blagn_with_robust_detection_and_no_recorded_alternative_interpretation,preferred_measurement_controls_object_status;all_measurement_statuses_retained,0.6446687827961851,0.3938248984396928,0.26840295626144667,4.748074035612936,-0.8330865479568805,True,0.6070422001427113,0.682295365449659,4.448074035612937,5.048074035612936,False,navigation_only_no_cross_class_science_claim,False,available_not_growth_history
v2-shared-science,v2-dataset-catalogue,physical_object,44,44,44,44,43,HZA-J1120-14389,J112014389_matthee23,HZA-J1120-14389,J1120-14389,matthee23_eiger_fresco_blagn,broad_line_agn,virial_balmer_single_epoch,secure,4.897,7.65,single-epoch-virial-halpha-reines2013,low,27.70511733900813,v2-dataset-catalogue,170.00370833,6.71956111,spec,1.2030223075463982,EIGER,0.07,0.07,individual_robust,,,,,44.92427928606188,0.0395085412836736,0.0434656937810902,broad-halpha-to-l5100-greene-ho2005;bolometric-correction-richards2006,,,,,0.1492480759045564,,not_evaluable,,,,True,False,True,True,mstar;edd_ratio;lensing,single-epoch-virial-halpha-reines2013,missing-host-mstar,broad-halpha-to-l5100-greene-ho2005;bolometric-correction-richards2006,robust,v2,Tables 1-3,Nominal source-table Halpha mass and luminosity are not dust corrected; formal MBH errors exclude the 0.5 dex estimator systematic.,EIGER,J1120,broad-halpha,Halpha,,,,,,,,,,2342.0,149.0,149.0,,True,paper_sample_label_little_red_dot,0.0,0.5,Reines et al. (2013) Halpha single-epoch estimator intrinsic/calibration uncertainty,False,source-table statistical line-fit propagation,False,formal_mbh_errors_exclude_virial_systematic;nominal_mass_uncorrected_for_dust,The Astrophysical Journal 963:129 (2024); arXiv:2306.05448v3,https://doi.org/10.3847/1538-4357/ad2345,10.3847/1538-4357/ad2345,https://arxiv.org/e-print/2306.05448v3,b3e6f5385e694d92a7456f81eb123a305468baf743cebc7aeea820befb9b1190,2026-08-22,broad Halpha S/N >5; broad Halpha luminosity >2e42 erg/s; broad FWHM >1000 km/s; visual rejection of spatial-broadening impostors,,11:20:00.89,+06:43:10.42,0.74,0.01,4.2,0.4,0.4,,,,,,,362.0,53.0,47.0,F356W,24.59,0.04,0.04,26.62,0.05,0.05,-19.1,0.1,0.1,-1.58,0.19,0.19,0.62,0.13,0.13,-0.4,8.4,0.8,0.8,,,,,,,,,,,,,,,,,,,,,,,,,published_blagn_with_robust_detection_and_no_recorded_alternative_interpretation,type1_broad_line,broad_halpha,lrd,not_reported,True,True,,,,,,,,,,True,only catalogue measurement in this release,singleton assignment after coordinate-redshift search,no candidate within 0.5 arcsec and delta-z 0.01,HZS-J1120-14389,inherited_provisional_one_to_one_no_verified_multinucleus_link,resolved,recorded,not_required,,0.07,0.07,,,0.0395085412836736,0.0434656937810902,source-table statistical line-fit propagation,False,,True,balmer_single_epoch_primary_stratum,not_published,eligible_numeric_mass_with_resolved_identity_and_lensing,eligible_secure_or_probable_primary_comparable_mass,,,,,,,,,,,,,,,,,,,,,,,1,J112014389_matthee23,J1120-14389,matthee23_eiger_fresco_blagn,secure,published_blagn_with_robust_detection_and_no_recorded_alternative_interpretation,preferred_measurement_controls_object_status;all_measurement_statuses_retained,0.5897176795115445,0.38096805844551107,0.2765932479124943,4.7757432854922275,-1.9308557150259116,True,0.5375302742450362,0.6419050847780529,4.2757432854922275,5.2757432854922275,False,navigation_only_no_cross_class_science_claim,False,unavailable_not_published
v2-shared-science,v2-dataset-catalogue,physical_object,45,45,45,45,44,HZA-RUBIES-EGS-926125,RUBIESEGS926125_taylor24,HZA-RUBIES-EGS-926125,RUBIES-EGS-926125,taylor24_ceers_rubies_blagn,broad_line_agn,virial_balmer_single_epoch,secure,5.284,7.36,single-epoch-virial-halpha-reines2013,low,27.498358071484137,v2-dataset-catalogue,215.137081,52.988554,spec,1.093952405152135,RUBIES,0.05,0.05,individual_robust,,,,,,,,,,,,,,,not_evaluable,,,,True,True,True,True,mstar;lbol;edd_ratio;lensing,single-epoch-virial-halpha-reines2013,missing-host-mstar,not-published-by-source,robust,v2,Table 1 (Sample of BLAGN),Nominal Table 1 mass and Halpha flux are uncorrected for dust; formal MBH errors exclude the approximately 0.5 dex virial-calibration systematic.,RUBIES,EGS,broad-halpha,Halpha,14.45,0.41,0.43,4.46,0.33,0.31,9.98,0.46,0.48,1888.0,97.0,92.0,1.0,True,Kocevski et al. (2024) full photometric selection applied by Taylor et al.,0.0,0.5,Approximate Reines et al. (2013) single-epoch virial-calibration scatter; may be larger at high redshift,False,16th/84th percentiles from correlated Halpha flux and FWHM posteriors,0.0,formal_mbh_errors_exclude_virial_systematic;nominal_mass_uncorrected_for_dust,The Astrophysical Journal 986:165 (2025); arXiv:2409.06772v2,https://iopscience.iop.org/article/10.3847/1538-4357/add15b,10.3847/1538-4357/add15b,https://arxiv.org/e-print/2409.06772v2,50453a0a975b84f019ceba8da30663e40d83c285376cad119d83fa8e3b31aaa0,2026-08-17,JWST/NIRSpec G395M Halpha; broad FWHM >700 km/s; broad flux S/N >4; Delta BIC >6; secure multi-line spectroscopic redshift; visual QA,,,,,,,,,,,,,,,,,,,,,,,,,,,,,,,,,,,,,,,,,,,,,,,,,,,,,,,,,,,,,,published_blagn_with_robust_detection_and_no_recorded_alternative_interpretation,type1_broad_line,broad_halpha,lrd,not_reported,True,True,,,,,,,,,,True,only catalogue measurement in this release,singleton assignment,"Taylor et al. (2025), Table 1",HZS-RUBIES-EGS-926125,inherited_provisional_one_to_one_no_verified_multinucleus_link,resolved,recorded,not_required,,0.05,0.05,,,,,16th/84th percentiles from correlated Halpha flux and FWHM posteriors,False,,True,balmer_single_epoch_primary_stratum,not_published,eligible_numeric_mass_with_resolved_identity_and_lensing,eligible_secure_or_probable_primary_comparable_mass,,,,,,,,,,,,,,,,,,,,,,,1,RUBIESEGS926125_taylor24,RUBIES-EGS-926125,taylor24_ceers_rubies_blagn,secure,published_blagn_with_robust_detection_and_no_recorded_alternative_interpretation,preferred_measurement_controls_object_status;all_measurement_statuses_retained,0.620838400608624,0.3891822809785404,0.2733542211634986,4.769954026001556,-1.2734865799948158,True,0.562924370701103,0.6787524305161449,4.269954026001556,5.269954026001556,False,navigation_only_no_cross_class_science_claim,False,unavailable_not_published
v2-shared-science,v2-dataset-catalogue,physical_object,46,46,46,46,45,HZA-J1120-7546,J11207546_matthee23,HZA-J1120-7546,J1120-7546,matthee23_eiger_fresco_blagn,broad_line_agn,virial_balmer_single_epoch,secure,4.967,7.56,single-epoch-virial-halpha-reines2013,low,26.44841448589735,v2-dataset-catalogue,169.99941667,6.654725,spec,1.1819873023456682,EIGER,0.11,0.11,individual_robust,,,,,45.13987908640124,0.0476416344352265,0.0535192557264882,broad-halpha-to-l5100-greene-ho2005;bolometric-correction-richards2006,,,,,0.3016536198894166,,not_evaluable,,,,True,False,True,True,mstar;edd_ratio;lensing,single-epoch-virial-halpha-reines2013,missing-host-mstar,broad-halpha-to-l5100-greene-ho2005;bolometric-correction-richards2006,robust,v2,Tables 1-3,Nominal source-table Halpha mass and luminosity are not dust corrected; formal MBH errors exclude the 0.5 dex estimator systematic.,EIGER,J1120,broad-halpha,Halpha,,,,,,,,,,1843.0,189.0,189.0,,True,paper_sample_label_little_red_dot,0.0,0.5,Reines et al. (2013) Halpha single-epoch estimator intrinsic/calibration uncertainty,False,source-table statistical line-fit propagation,False,formal_mbh_errors_exclude_virial_systematic;nominal_mass_uncorrected_for_dust,The Astrophysical Journal 963:129 (2024); arXiv:2306.05448v3,https://doi.org/10.3847/1538-4357/ad2345,10.3847/1538-4357/ad2345,https://arxiv.org/e-print/2306.05448v3,b3e6f5385e694d92a7456f81eb123a305468baf743cebc7aeea820befb9b1190,2026-08-22,broad Halpha S/N >5; broad Halpha luminosity >2e42 erg/s; broad FWHM >1000 km/s; visual rejection of spatial-broadening impostors,,11:19:59.86,+06:39:17.01,0.86,0.02,7.4,0.8,0.8,,,,,,,592.0,113.0,111.0,F356W,24.69,0.04,0.04,27.68,0.14,0.13,-17.6,0.3,0.3,-0.41,0.94,0.68,1.59,0.27,0.27,-0.7,13.8,1.6,1.6,,,,,,,,,,,,,,,,,,,,,,,,,published_blagn_with_robust_detection_and_no_recorded_alternative_interpretation,type1_broad_line,broad_halpha,lrd,not_reported,True,True,,,,,,,,,,True,only catalogue measurement in this release,singleton assignment after coordinate-redshift search,no candidate within 0.5 arcsec and delta-z 0.01,HZS-J1120-7546,inherited_provisional_one_to_one_no_verified_multinucleus_link,resolved,recorded,not_required,,0.11,0.11,,,0.0476416344352265,0.0535192557264882,source-table statistical line-fit propagation,False,,True,balmer_single_epoch_primary_stratum,not_published,eligible_numeric_mass_with_resolved_identity_and_lensing,eligible_secure_or_probable_primary_comparable_mass,,,,,,,,,,,,,,,,,,,,,,,1,J11207546_matthee23,J1120-7546,matthee23_eiger_fresco_blagn,secure,published_blagn_with_robust_detection_and_no_recorded_alternative_interpretation,preferred_measurement_controls_object_status;all_measurement_statuses_retained,0.5916059218319842,0.37879803628091074,0.27239409350537397,4.740555605605126,-1.838147981316248,True,0.5384039504442159,0.6448078932197525,4.240555605605126,5.240555605605125,False,navigation_only_no_cross_class_science_claim,False,unavailable_not_published
v2-shared-science,v2-dataset-catalogue,physical_object,47,47,47,47,46,HZA-CEERS-672,CEERS672_taylor24,HZA-CEERS-672,CEERS-672,taylor24_ceers_rubies_blagn,broad_line_agn,virial_balmer_single_epoch,secure,5.666,6.75,single-epoch-virial-halpha-reines2013,low,25.54970074776277,v2-dataset-catalogue,214.889677,52.832977,spec,1.0015140448397233,CEERS,0.29,0.26,individual_robust,,,,,,,,,,,,,,,not_evaluable,,,,True,True,True,True,mstar;lbol;edd_ratio;lensing,single-epoch-virial-halpha-reines2013,missing-host-mstar,not-published-by-source,robust,v2,Table 1 (Sample of BLAGN),Nominal Table 1 mass and Halpha flux are uncorrected for dust; formal MBH errors exclude the approximately 0.5 dex virial-calibration systematic.,CEERS,EGS,broad-halpha,Halpha,2.41,0.39,0.27,0.99,0.19,0.2,1.45,0.32,0.28,1433.0,507.0,345.0,1.0,True,Kocevski et al. (2024) full photometric selection applied by Taylor et al.,0.0,0.5,Approximate Reines et al. (2013) single-epoch virial-calibration scatter; may be larger at high redshift,False,16th/84th percentiles from correlated Halpha flux and FWHM posteriors,0.0,formal_mbh_errors_exclude_virial_systematic;nominal_mass_uncorrected_for_dust,The Astrophysical Journal 986:165 (2025); arXiv:2409.06772v2,https://iopscience.iop.org/article/10.3847/1538-4357/add15b,10.3847/1538-4357/add15b,https://arxiv.org/e-print/2409.06772v2,50453a0a975b84f019ceba8da30663e40d83c285376cad119d83fa8e3b31aaa0,2026-08-17,JWST/NIRSpec G395M Halpha; broad FWHM >700 km/s; broad flux S/N >4; Delta BIC >6; secure multi-line spectroscopic redshift; visual QA,,,,,,,,,,,,,,,,,,,,,,,,,,,,,,,,,,,,,,,,,,,,,,,,,,,,,,,,,,,,,,published_blagn_with_robust_detection_and_no_recorded_alternative_interpretation,type1_broad_line,broad_halpha,compact;red;lrd,not_reported,True,True,,,,,,,,,,True,only catalogue measurement in this release,singleton assignment,"Taylor et al. (2025), Table 1",HZS-CEERS-672,inherited_provisional_one_to_one_no_verified_multinucleus_link,resolved,recorded,not_required,,0.29,0.26,,,,,16th/84th percentiles from correlated Halpha flux and FWHM posteriors,False,,True,balmer_single_epoch_primary_stratum,not_published,eligible_numeric_mass_with_resolved_identity_and_lensing,eligible_secure_or_probable_primary_comparable_mass,,,,,,,,,,,,,,,,,,,,,,,2,CEERS00672_harikane23;CEERS672_taylor24,CEERS-00672;CEERS-672,harikane23_nirspec_blagn;taylor24_ceers_rubies_blagn,secure,published_blagn_with_robust_detection_and_no_recorded_alternative_interpretation,preferred_measurement_controls_object_status;all_measurement_statuses_retained,0.6065964089731533,0.35118739466866766,0.22348288751642487,4.400826844800745,-1.0805771839975167,True,0.5427441553970318,0.6704486625492746,3.9008268448007453,4.900826844800745,False,navigation_only_no_cross_class_science_claim,False,unavailable_not_published
v2-shared-science,v2-dataset-catalogue,physical_object,48,48,48,48,47,HZA-GS-159717,GS159717_juodzbalis25,HZA-GS-159717,GS-159717,juodzbalis25_jades_blagn,broad_line_agn,virial_balmer_single_epoch,secure,5.077,7.44,single-epoch-virial-halpha,low,25.126132577281673,v2-dataset-catalogue,53.09753,-27.90126,spec,1.1501440446728537,JADES,0.3,0.3,individual_robust,,,,,45.13,0.008,0.008,balmer-line-bolometric-correction,,,0.38,0.04,0.3887133487051199,-0.0098458582656313,consistent,1.0,,,True,False,False,True,mstar;lensing,single-epoch-virial,missing-host-mstar,balmer-line-bolometric-correction,robust,v2,"Table 2 (BH/Lbol/lambda_Edd), Table 5 (Mstar)",Robust sample; BEAGLE Mstar unavailable in Table 5.,,GOODS-S,,,,,,,,,,,,,,,,,,,0.3,source_stated_single_epoch_virial_calibration_uncertainty,False,,,,"MNRAS 546, stag086 (2026); arXiv:2504.03551",https://arxiv.org/abs/2504.03551,,https://arxiv.org/abs/2504.03551,,not_recorded_in_frozen_v1_source_layer,JADES spectroscopic Type 1 broad-line AGN sample,,,,,,,,,,,,,,,,,,,,,,,,,,,,,,,,,,,,,,,,,,,,,,,,,,,,,,,,,,,,,,published_blagn_with_robust_detection_and_no_recorded_alternative_interpretation,type1_broad_line,broad_balmer_line,,not_reported,True,True,,,,,,,,,,True,only catalogue measurement in this release,singleton assignment,v1 catalogue,HZS-GS-159717,inherited_provisional_one_to_one_no_verified_multinucleus_link,resolved,not_recorded,not_required,,0.3,0.3,,,0.008,0.008,published_asymmetric_table_uncertainty_semantics_not_further_specified_in_v1,False,,True,balmer_single_epoch_primary_stratum,not_published,eligible_numeric_mass_with_resolved_identity_and_lensing,eligible_secure_or_probable_primary_comparable_mass,,,,,,,,,,,,,,,,,,,,,,,1,GS159717_juodzbalis25,GS-159717,juodzbalis25_jades_blagn,secure,published_blagn_with_robust_detection_and_no_recorded_alternative_interpretation,preferred_measurement_controls_object_status;all_measurement_statuses_retained,0.5963891513943026,0.3771284339699267,0.2674980752577387,4.703531712163887,-1.681560959453713,True,0.5635000437806462,0.6292782590079591,4.403531712163887,5.003531712163887,False,navigation_only_no_cross_class_science_claim,False,available_not_growth_history
v2-shared-science,v2-dataset-catalogue,physical_object,49,49,49,49,,HZA-DC-519281,DC519281_ren25,HZA-DC-519281,DC_519281,ren25_alpine_cristal_jwst_blagn_candidates,broad_line_agn,virial_balmer_single_epoch,candidate,5.5759,6.74,single-epoch-virial-halpha-reines2013,low,24.316292271660718,v2-dataset-catalogue,149.7537227,2.0910165,far_ir_cii_spectroscopic,1.0221159964281403,ALPINE-CRISTAL-JWST,0.11,0.11,individual_tentative,9.87,0.13,0.16,faisst2020_integrated_pre_jwst_broadband_sed,44.49,0.03,0.03,broad_halpha_to_l5100_greeneho2005_bc5100_9p26,-3.129999999999999,0.1820027472320129,0.4466835921509631,,0.4463026390399591,0.0003705451175633,consistent,,,,False,False,False,True,lensing,single-epoch-virial-halpha-reines2013,host-sed-with-agn-contamination-risk,broad_halpha_to_l5100_greeneho2005_bc5100_9p26,tentative,v2,Published Table 1,Host-selected broad-Halpha candidate; primary eligibility is controlled separately by the canonical evidence and conditional-mass fields.,,COSMOS,host-selected;broad-halpha,Halpha,,,,,,,4.4,0.35,0.35,1110.0,132.0,132.0,1.0,,not reported per published Table 1 row,,0.4,single_epoch_virial_calibration,False,published_formal_errors_propagated_from_broad_halpha_flux_and_fwhm,True,table1_flux_is_dust_corrected;formal_mbh_errors_exclude_0p4dex_virial_systematic;intermediate_width_component;oiii_outflow_detected;flux_ratio_and_kinematics_favor_blr;complex_gas_kinematics_may_mimic_blr,"MNRAS 544, 211-233 (published 2025-10-25; corrected/typeset 2025-10-28); arXiv:2509.02027v2",https://academic.oup.com/mnras/article/544/1/211/8301219,10.1093/mnras/staf1709,https://arxiv.org/abs/2509.02027v2,c528c375fda9362433184cb35775a5f4ca107014f4b1c2f6536d7f15d4f85cca,2026-08-25,18 main-sequence galaxies with Mstar>10^9.5 Msun at z=4.4-5.7; 33 IFU photometric-centre apertures; narrow FWHM<600 km/s; added broad Halpha Gaussian constrained FWHM>600 km/s; DeltaBIC(narrow minus narrow+broad)>10; broad-flux S/N>3; OIII outflow comparison and broad-to-narrow flux-ratio veto,,,,,,,,,,,,,,,,,,,,,,,,,,,,,,,,,,,,,,,,,0.08,,,,,,,,,,,,,,,,,0.0,,,,source_type1_candidate_with_intermediate_width_halpha_and_outflow_ambiguity,type1_broad_line_candidate,host_selected;broad_halpha,merger,not_reported,True,False,,,,,,,,,,True,only catalogue measurement for this physical object,singleton assignment after coordinate-redshift search,no previously admitted candidate within 0.5 arcsec and delta-z 0.01,HZS-DC-519281,source_verified_single_object_host,resolved,recorded,not_required,,0.11,0.11,0.13,0.16,0.03,0.03,published_formal_errors_propagated_from_broad_halpha_flux_and_fwhm,True,mass_valid_only_if_broad_component_is_blr,True,balmer_single_epoch_primary_stratum,object_specific,eligible_numeric_mass_with_resolved_identity_and_lensing,candidate_evidence_excluded,-0.35,source_derived_from_same_lbol_and_virial_mbh,DC_519281,CRISTAL-09,4.4,0.35,1110.0,132.0,0.32,0.0,1.0,0.0,,,,,,,,,,,1,DC519281_ren25,DC_519281,ren25_alpine_cristal_jwst_blagn_candidates,candidate,source_type1_candidate_with_intermediate_width_halpha_and_outflow_ambiguity,preferred_measurement_controls_object_status;all_measurement_statuses_retained,0.5917955072599286,0.34209276158063384,0.2172413887409865,4.33714296145302,-1.2695234618232671,True,0.5418549581240697,0.6417360563957877,3.93714296145302,4.737142961453021,False,navigation_only_no_cross_class_science_claim,False,available_not_growth_history
v2-shared-science,v2-dataset-catalogue,physical_object,50,50,50,50,48,HZA-RUBIES-UDS-970351,RUBIESUDS970351_taylor24,HZA-RUBIES-UDS-970351,RUBIES-UDS-970351,taylor24_ceers_rubies_blagn,broad_line_agn,virial_balmer_single_epoch,secure,5.282,7.11,single-epoch-virial-halpha-reines2013,low,24.29761151148394,v2-dataset-catalogue,34.2619,-5.105205,spec,1.0944733515566631,RUBIES,0.17,0.17,individual_robust,,,,,,,,,,,,,,,not_evaluable,,,,True,True,True,True,mstar;lbol;edd_ratio;lensing,single-epoch-virial-halpha-reines2013,missing-host-mstar,not-published-by-source,robust,v2,Table 1 (Sample of BLAGN),Nominal Table 1 mass and Halpha flux are uncorrected for dust; formal MBH errors exclude the approximately 0.5 dex virial-calibration systematic.,RUBIES,UDS,broad-halpha,Halpha,6.27,0.73,0.69,1.05,0.38,0.35,5.21,0.73,0.68,1657.0,316.0,265.0,1.0,True,Kocevski et al. (2024) full photometric selection applied by Taylor et al.,0.0,0.5,Approximate Reines et al. (2013) single-epoch virial-calibration scatter; may be larger at high redshift,False,16th/84th percentiles from correlated Halpha flux and FWHM posteriors,0.0,formal_mbh_errors_exclude_virial_systematic;nominal_mass_uncorrected_for_dust,The Astrophysical Journal 986:165 (2025); arXiv:2409.06772v2,https://iopscience.iop.org/article/10.3847/1538-4357/add15b,10.3847/1538-4357/add15b,https://arxiv.org/e-print/2409.06772v2,50453a0a975b84f019ceba8da30663e40d83c285376cad119d83fa8e3b31aaa0,2026-08-17,JWST/NIRSpec G395M Halpha; broad FWHM >700 km/s; broad flux S/N >4; Delta BIC >6; secure multi-line spectroscopic redshift; visual QA,,,,,,,,,,,,,,,,,,,,,,,,,,,,,,,,,,,,,,,,,,,,,,,,,,,,,,,,,,,,,,published_blagn_with_robust_detection_and_no_recorded_alternative_interpretation,type1_broad_line,broad_halpha,lrd,not_reported,True,True,,,,,,,,,,True,only catalogue measurement in this release,singleton assignment,"Taylor et al. (2025), Table 1",HZS-RUBIES-UDS-970351,inherited_provisional_one_to_one_no_verified_multinucleus_link,resolved,recorded,not_required,,0.17,0.17,,,,,16th/84th percentiles from correlated Halpha flux and FWHM posteriors,False,,True,balmer_single_epoch_primary_stratum,not_published,eligible_numeric_mass_with_resolved_identity_and_lensing,eligible_secure_or_probable_primary_comparable_mass,,,,,,,,,,,,,,,,,,,,,,,1,RUBIESUDS970351_taylor24,RUBIES-UDS-970351,taylor24_ceers_rubies_blagn,secure,published_blagn_with_robust_detection_and_no_recorded_alternative_interpretation,preferred_measurement_controls_object_status;all_measurement_statuses_retained,0.5915713381378073,0.36003656782946775,0.2442691826752981,4.518596561108432,-1.528011462971894,True,0.5336876455607223,0.649455030714892,4.018596561108432,5.018596561108432,False,navigation_only_no_cross_class_science_claim,False,unavailable_not_published
v2-shared-science,v2-dataset-catalogue,physical_object,51,51,51,51,49,HZA-THRILS-40467,THRILS40467_davis26,HZA-THRILS-40467,THRILS-40467,davis26_thrils_blagn,broad_line_agn,virial_balmer_single_epoch,secure,5.27,7.12,single-epoch-virial-halpha-reinesvolonteri2015,low,24.23889649444019,v2-dataset-catalogue,214.923949,52.948385,spec,1.097607711298893,THRILS,0.02,0.02,individual_robust,,,,,,,,,,,,,,,not_evaluable,1.0,,,True,True,True,True,mstar;lbol;edd_ratio;lensing,single-epoch-virial-halpha-reinesvolonteri2015,missing-host-mstar,unavailable,robust,v2,Appendix Table 5; coordinates from Hutchison et al. Table 3,Deep G395M broad-Halpha detection; formal mass errors exclude the stated approximately 0.5 dex single-epoch systematic.,JWST/NIRSpec G395M,EGS,photometric-eelg-parent;deep-g395m-broad-halpha,Halpha,,,,0.262,0.003,0.003,0.0187,0.0008,0.0008,1696.0,51.0,51.0,,,not reported per Table 5 row,,0.5,intrinsic scatter in single-epoch black-hole mass recipes,False,observational posterior uncertainty from broad-Halpha flux and FWHM fit,,formal_mbh_errors_exclude_virial_systematic;previous_rubies_spectrum_no_reported_broad_detection;narrow_halpha_dominated;source_extreme_eelg_row_assignments_internally_inconsistent,arXiv:2602.23310v1 (submitted to ApJ; 2026-02-26),https://arxiv.org/abs/2602.23310v1,10.48550/arXiv.2602.23310,https://arxiv.org/e-print/2602.23310v1,13274268d718138119dbbb818d58e3f5255ce0a34f80f9d8a7a0d0013f16153b,2026-08-25,photometric EELG parent sample; deep 8.36-8.85 hr NIRSpec G395M; broad component >3 sigma and implied FWHM >1000 km/s,,,,,,,,,,,,,,,,,,,,,,,,,,,,,,,,,,,,,,,,,,,,,,,,,,,,,,,,,,,,,,published_blagn_with_robust_detection_and_no_recorded_alternative_interpretation,type1_broad_line,photometric_eelg_parent;deep_g395m_broad_halpha,,not_reported,True,True,40467.0,13539.0,5.2715,5.29,Hutchison et al. THRILS survey redshift catalogue Table 3,arXiv:2512.12509v1 (2025-12-14),https://arxiv.org/abs/2512.12509v1,https://arxiv.org/e-print/2512.12509v1,584a56f5867e816c6220ea52f55fc0411f2fc745544ecccfb6ea4ad42c445fdc,True,only catalogue measurement in this release,singleton assignment after coordinate-redshift search,no previously admitted candidate within 0.5 arcsec and delta-z 0.01,HZS-THRILS-40467,inherited_provisional_one_to_one_no_verified_multinucleus_link,resolved,recorded,not_required,,0.02,0.02,,,,,observational posterior uncertainty from broad-Halpha flux and FWHM fit,False,,True,balmer_single_epoch_primary_stratum,not_published,eligible_numeric_mass_with_resolved_identity_and_lensing,eligible_secure_or_probable_primary_comparable_mass,,,,,,,,,,,,,,,,,,,,,,,1,THRILS40467_davis26,THRILS-40467,davis26_thrils_blagn,secure,published_blagn_with_robust_detection_and_no_recorded_alternative_interpretation,preferred_measurement_controls_object_status;all_measurement_statuses_retained,0.5908667579332822,0.36005943061559387,0.24465576695674968,4.520429150266332,-1.5452361657788947,True,0.5331649261038601,0.6485685897627044,4.020429150266332,5.020429150266332,False,navigation_only_no_cross_class_science_claim,False,unavailable_not_published
v2-shared-science,v2-dataset-catalogue,physical_object,52,52,52,52,50,HZA-THRILS-49400,THRILS49400_davis26,HZA-THRILS-49400,THRILS-49400,davis26_thrils_blagn,broad_line_agn,virial_balmer_single_epoch,secure,5.11,7.26,single-epoch-virial-halpha-reinesvolonteri2015,low,23.482877536447425,v2-dataset-catalogue,215.000179,52.907742,spec,1.1408682607135046,THRILS,0.03,0.03,individual_robust,,,,,,,,,,,,,,,not_evaluable,1.0,,,True,True,True,True,mstar;lbol;edd_ratio;lensing,single-epoch-virial-halpha-reinesvolonteri2015,missing-host-mstar,unavailable,robust,v2,Appendix Table 5; coordinates from Hutchison et al. Table 3,Deep G395M broad-Halpha detection; formal mass errors exclude the stated approximately 0.5 dex single-epoch systematic.,JWST/NIRSpec G395M,EGS,photometric-eelg-parent;deep-g395m-broad-halpha,Halpha,,,,0.174,0.004,0.004,0.0273,0.0016,0.0016,,,,,,not reported per Table 5 row,,0.5,intrinsic scatter in single-epoch black-hole mass recipes,False,observational posterior uncertainty from broad-Halpha flux and FWHM fit,,formal_mbh_errors_exclude_virial_systematic;fwhm_not_tabulated;previous_ceers_spectrum_no_reported_broad_detection;source_extreme_eelg_row_assignments_internally_inconsistent,arXiv:2602.23310v1 (submitted to ApJ; 2026-02-26),https://arxiv.org/abs/2602.23310v1,10.48550/arXiv.2602.23310,https://arxiv.org/e-print/2602.23310v1,13274268d718138119dbbb818d58e3f5255ce0a34f80f9d8a7a0d0013f16153b,2026-08-25,photometric EELG parent sample; deep 8.36-8.85 hr NIRSpec G395M; broad component >3 sigma and implied FWHM >1000 km/s,,,,,,,,,,,,,,,,,,,,,,,,,,,,,,,,,,,,,,,,,,,,,,,,,,,,,,,,,,,,,,published_blagn_with_robust_detection_and_no_recorded_alternative_interpretation,type1_broad_line,photometric_eelg_parent;deep_g395m_broad_halpha,,not_reported,True,True,49400.0,51622.0,5.12,5.17,Hutchison et al. THRILS survey redshift catalogue Table 3,arXiv:2512.12509v1 (2025-12-14),https://arxiv.org/abs/2512.12509v1,https://arxiv.org/e-print/2512.12509v1,584a56f5867e816c6220ea52f55fc0411f2fc745544ecccfb6ea4ad42c445fdc,True,only catalogue measurement in this release,singleton assignment after coordinate-redshift search,no previously admitted candidate within 0.5 arcsec and delta-z 0.01,HZS-THRILS-49400,inherited_provisional_one_to_one_no_verified_multinucleus_link,resolved,recorded,not_required,,0.03,0.03,,,,,observational posterior uncertainty from broad-Halpha flux and FWHM fit,False,,True,balmer_single_epoch_primary_stratum,not_published,eligible_numeric_mass_with_resolved_identity_and_lensing,eligible_secure_or_probable_primary_comparable_mass,,,,,,,,,,,,,,,,,,,,,,,1,THRILS49400_davis26,THRILS-49400,davis26_thrils_blagn,secure,published_blagn_with_robust_detection_and_no_recorded_alternative_interpretation,preferred_measurement_controls_object_status;all_measurement_statuses_retained,0.5817945304373691,0.3605798800809549,0.24997255490274786,4.5477022428971186,-1.7809925236762716,True,0.5264908678482654,0.6370981930264723,4.0477022428971186,5.0477022428971186,False,navigation_only_no_cross_class_science_claim,False,unavailable_not_published
v2-shared-science,v2-dataset-catalogue,physical_object,53,53,53,53,51,HZA-GOODS-N-14409,GOODSN14409_matthee23,HZA-GOODS-N-14409,GOODS-N-14409,matthee23_eiger_fresco_blagn,broad_line_agn,virial_balmer_single_epoch,secure,5.139,7.21,single-epoch-virial-halpha-reines2013,low,23.396266723787903,v2-dataset-catalogue,189.07208333,62.27343056,spec,1.1328190132218603,FRESCO,0.14,0.14,individual_robust,,,,,44.869231719730976,0.0498463726450977,0.0563183630881206,broad-halpha-to-l5100-greene-ho2005;bolometric-correction-richards2006,,,,,0.3621272233154726,,not_evaluable,,,,True,False,True,True,mstar;edd_ratio;lensing,single-epoch-virial-halpha-reines2013,missing-host-mstar,broad-halpha-to-l5100-greene-ho2005;bolometric-correction-richards2006,robust,v2,Tables 1-3,Nominal source-table Halpha mass and luminosity are not dust corrected; formal MBH errors exclude the 0.5 dex estimator systematic.,FRESCO,GOODS-N,broad-halpha,Halpha,,,,,,,,,,1474.0,190.0,190.0,,True,paper_sample_label_little_red_dot,0.0,0.5,Reines et al. (2013) Halpha single-epoch estimator intrinsic/calibration uncertainty,False,source-table statistical line-fit propagation,False,formal_mbh_errors_exclude_virial_systematic;nominal_mass_uncorrected_for_dust,The Astrophysical Journal 963:129 (2024); arXiv:2306.05448v3,https://doi.org/10.3847/1538-4357/ad2345,10.3847/1538-4357/ad2345,https://arxiv.org/e-print/2306.05448v3,b3e6f5385e694d92a7456f81eb123a305468baf743cebc7aeea820befb9b1190,2026-08-22,broad Halpha S/N >5; broad Halpha luminosity >2e42 erg/s; broad FWHM >1000 km/s; visual rejection of spatial-broadening impostors,,12:36:17.30,+62:16:24.35,0.79,0.02,3.6,0.4,0.4,,,,,,,657.0,127.0,142.0,F444W,25.53,0.06,0.06,27.71,0.24,0.19,-18.3,0.1,0.1,-2.26,0.37,0.36,0.09,0.4,0.37,-0.9,7.4,0.9,0.9,,,,,,,,,,,,,,,,,,,,,,,,,published_blagn_with_robust_detection_and_no_recorded_alternative_interpretation,type1_broad_line,broad_halpha,lrd,not_reported,True,True,,,,,,,,,,True,only catalogue measurement in this release,singleton assignment after coordinate-redshift search,no candidate within 0.5 arcsec and delta-z 0.01,HZS-GOODS-N-14409,inherited_provisional_one_to_one_no_verified_multinucleus_link,resolved,recorded,not_required,,0.14,0.14,,,0.0498463726450977,0.0563183630881206,source-table statistical line-fit propagation,False,,True,balmer_single_epoch_primary_stratum,not_published,eligible_numeric_mass_with_resolved_identity_and_lensing,eligible_secure_or_probable_primary_comparable_mass,,,,,,,,,,,,,,,,,,,,,,,1,GOODSN14409_matthee23,GOODS-N-14409,matthee23_eiger_fresco_blagn,secure,published_blagn_with_robust_detection_and_no_recorded_alternative_interpretation,preferred_measurement_controls_object_status;all_measurement_statuses_retained,0.5807552006854548,0.3578165439923819,0.24634721564584552,4.5186767055116865,-1.7610776482943775,True,0.5250205365121866,0.6364898648587229,4.0186767055116865,5.0186767055116865,False,navigation_only_no_cross_class_science_claim,False,unavailable_not_published
v2-shared-science,v2-dataset-catalogue,physical_object,54,54,54,54,52,HZA-J0100-2017,J01002017_matthee23,HZA-J0100-2017,J0100-2017,matthee23_eiger_fresco_blagn,broad_line_agn,virial_balmer_single_epoch,secure,4.938,7.44,single-epoch-virial-halpha-reines2013,low,22.854337972319094,v2-dataset-catalogue,15.05804167,28.07241389,spec,1.19062706834528,EIGER,0.11,0.11,individual_robust,,,,,44.82607480270082,0.0489864606908735,0.0552227910586821,broad-halpha-to-l5100-greene-ho2005;bolometric-correction-richards2006,,,,,0.1930653148380691,,not_evaluable,,,,True,False,True,True,mstar;edd_ratio;lensing,single-epoch-virial-halpha-reines2013,missing-host-mstar,broad-halpha-to-l5100-greene-ho2005;bolometric-correction-richards2006,robust,v2,Tables 1-3,Nominal source-table Halpha mass and luminosity are not dust corrected; formal MBH errors exclude the 0.5 dex estimator systematic.,EIGER,J0100,broad-halpha,Halpha,,,,,,,,,,1953.0,196.0,196.0,,True,paper_sample_label_little_red_dot,0.0,0.5,Reines et al. (2013) Halpha single-epoch estimator intrinsic/calibration uncertainty,False,source-table statistical line-fit propagation,False,formal_mbh_errors_exclude_virial_systematic;nominal_mass_uncorrected_for_dust,The Astrophysical Journal 963:129 (2024); arXiv:2306.05448v3,https://doi.org/10.3847/1538-4357/ad2345,10.3847/1538-4357/ad2345,https://arxiv.org/e-print/2306.05448v3,b3e6f5385e694d92a7456f81eb123a305468baf743cebc7aeea820befb9b1190,2026-08-22,broad Halpha S/N >5; broad Halpha luminosity >2e42 erg/s; broad FWHM >1000 km/s; visual rejection of spatial-broadening impostors,,01:00:13.93,+28:04:20.69,0.52,0.02,3.2,0.4,0.4,,,,,,,584.0,76.0,78.0,F356W,25.02,0.05,0.05,26.36,0.05,0.05,-19.3,0.1,0.1,-1.57,0.19,0.18,-1.01,0.17,0.17,-0.7,6.7,0.8,0.8,,,,,,,,,,,,,,,,,,,,,,,,,published_blagn_with_robust_detection_and_no_recorded_alternative_interpretation,type1_broad_line,broad_halpha,lrd,not_reported,True,True,,,,,,,,,,True,only catalogue measurement in this release,singleton assignment after coordinate-redshift search,no candidate within 0.5 arcsec and delta-z 0.01,HZS-J0100-2017,inherited_provisional_one_to_one_no_verified_multinucleus_link,resolved,recorded,not_required,,0.11,0.11,,,0.0489864606908735,0.0552227910586821,source-table statistical line-fit propagation,False,,True,balmer_single_epoch_primary_stratum,not_published,eligible_numeric_mass_with_resolved_identity_and_lensing,eligible_secure_or_probable_primary_comparable_mass,,,,,,,,,,,,,,,,,,,,,,,1,J01002017_matthee23,J0100-2017,matthee23_eiger_fresco_blagn,secure,published_blagn_with_robust_detection_and_no_recorded_alternative_interpretation,preferred_measurement_controls_object_status;all_measurement_statuses_retained,0.5742520556678291,0.3631299763781861,0.2575689367333646,4.598042389413726,-2.0331920352875814,True,0.5214715358454185,0.6270325754902399,4.098042389413726,5.098042389413726,False,navigation_only_no_cross_class_science_claim,False,unavailable_not_published
v2-shared-science,v2-dataset-catalogue,physical_object,55,55,55,55,53,HZA-J0148-4214,J01484214_matthee23,HZA-J0148-4214,J0148-4214,matthee23_eiger_fresco_blagn,broad_line_agn,virial_balmer_single_epoch,secure,5.019,7.32,single-epoch-virial-halpha-reines2013,low,22.846035912089654,v2-dataset-catalogue,27.13870833,5.99723333,spec,1.166753868549647,EIGER,0.1,0.1,individual_robust,,,,,44.77085201164214,0.0284885378114375,0.0304893221479003,broad-halpha-to-l5100-greene-ho2005;bolometric-correction-richards2006,,,,,0.2241204400558366,,not_evaluable,,,,True,False,True,True,mstar;edd_ratio;lensing,single-epoch-virial-halpha-reines2013,missing-host-mstar,broad-halpha-to-l5100-greene-ho2005;bolometric-correction-richards2006,robust,v2,Tables 1-3,Nominal source-table Halpha mass and luminosity are not dust corrected; formal MBH errors exclude the 0.5 dex estimator systematic.,EIGER,J0148,broad-halpha,Halpha,,,,,,,,,,1768.0,166.0,166.0,,True,paper_sample_label_little_red_dot,0.0,0.5,Reines et al. (2013) Halpha single-epoch estimator intrinsic/calibration uncertainty,False,source-table statistical line-fit propagation,False,formal_mbh_errors_exclude_virial_systematic;nominal_mass_uncorrected_for_dust,The Astrophysical Journal 963:129 (2024); arXiv:2306.05448v3,https://doi.org/10.3847/1538-4357/ad2345,10.3847/1538-4357/ad2345,https://arxiv.org/e-print/2306.05448v3,b3e6f5385e694d92a7456f81eb123a305468baf743cebc7aeea820befb9b1190,2026-08-22,broad Halpha S/N >5; broad Halpha luminosity >2e42 erg/s; broad FWHM >1000 km/s; visual rejection of spatial-broadening impostors,,01:48:33.29,+05:59:50.04,0.47,0.01,2.8,0.2,0.2,,,,,,,390.0,29.0,27.0,F356W,24.65,0.04,0.04,25.81,0.04,0.04,-20.0,0.1,0.1,-1.71,0.14,0.13,-0.83,0.13,0.11,-0.4,5.9,0.4,0.4,,,,,,,,,,,,,,,,,,,,,,,,,published_blagn_with_robust_detection_and_no_recorded_alternative_interpretation,type1_broad_line,broad_halpha,lrd,not_reported,True,True,,,,,,,,,,True,only catalogue measurement in this release,singleton assignment after coordinate-redshift search,no candidate within 0.5 arcsec and delta-z 0.01,HZS-J0148-4214,inherited_provisional_one_to_one_no_verified_multinucleus_link,resolved,recorded,not_required,,0.1,0.1,,,0.0284885378114375,0.0304893221479003,source-table statistical line-fit propagation,False,,True,balmer_single_epoch_primary_stratum,not_published,eligible_numeric_mass_with_resolved_identity_and_lensing,eligible_secure_or_probable_primary_comparable_mass,,,,,,,,,,,,,,,,,,,,,,,1,J01484214_matthee23,J0148-4214,matthee23_eiger_fresco_blagn,secure,published_blagn_with_robust_detection_and_no_recorded_alternative_interpretation,preferred_measurement_controls_object_status;all_measurement_statuses_retained,0.5741524309450758,0.35830565239429546,0.2503822631189052,4.540250383033429,-1.9458320565552363,True,0.5201907363073807,0.6281141255827709,4.040250383033429,5.040250383033429,False,navigation_only_no_cross_class_science_claim,False,unavailable_not_published
v2-shared-science,v2-dataset-catalogue,physical_object,56,56,56,56,54,HZA-J0100-15157,J010015157_matthee23,HZA-J0100-15157,J0100-15157,matthee23_eiger_fresco_blagn,broad_line_agn,virial_balmer_single_epoch,secure,4.941,7.35,single-epoch-virial-halpha-reines2013,low,22.101439217824847,v2-dataset-catalogue,15.03025,28.05017778,spec,1.1897284386031075,EIGER,0.08,0.08,individual_robust,,,,,44.81291335664285,0.0383449920762196,0.0420613450007113,broad-halpha-to-l5100-greene-ho2005;bolometric-correction-richards2006,,,,,0.2304320118239067,,not_evaluable,,,,True,False,True,True,mstar;edd_ratio;lensing,single-epoch-virial-halpha-reines2013,missing-host-mstar,broad-halpha-to-l5100-greene-ho2005;bolometric-correction-richards2006,robust,v2,Tables 1-3,Nominal source-table Halpha mass and luminosity are not dust corrected; formal MBH errors exclude the 0.5 dex estimator systematic.,EIGER,J0100,broad-halpha,Halpha,,,,,,,,,,1786.0,136.0,136.0,,True,paper_sample_label_little_red_dot,0.0,0.5,Reines et al. (2013) Halpha single-epoch estimator intrinsic/calibration uncertainty,False,source-table statistical line-fit propagation,False,flat_optical_continuum_exception_to_sample_trend;formal_mbh_errors_exclude_virial_systematic;nominal_mass_uncorrected_for_dust,The Astrophysical Journal 963:129 (2024); arXiv:2306.05448v3,https://doi.org/10.3847/1538-4357/ad2345,10.3847/1538-4357/ad2345,https://arxiv.org/e-print/2306.05448v3,b3e6f5385e694d92a7456f81eb123a305468baf743cebc7aeea820befb9b1190,2026-08-22,broad Halpha S/N >5; broad Halpha luminosity >2e42 erg/s; broad FWHM >1000 km/s; visual rejection of spatial-broadening impostors,,01:00:07.26,+28:03:00.64,0.28,0.01,3.1,0.3,0.3,,,,,,,777.0,61.0,59.0,F356W,24.69,0.04,0.05,25.58,0.04,0.04,-20.2,0.1,0.1,-1.87,0.14,0.14,-2.34,0.19,0.24,-1.1,6.5,0.6,0.6,,,,,,,,,,,,,,,,,,,,,,,,,published_blagn_with_robust_detection_and_no_recorded_alternative_interpretation,type1_broad_line,broad_halpha,lrd,not_reported,True,True,,,,,,,,,,True,only catalogue measurement in this release,singleton assignment after coordinate-redshift search,no candidate within 0.5 arcsec and delta-z 0.01,HZS-J0100-15157,inherited_provisional_one_to_one_no_verified_multinucleus_link,resolved,recorded,not_required,,0.08,0.08,,,0.0383449920762196,0.0420613450007113,source-table statistical line-fit propagation,False,,True,balmer_single_epoch_primary_stratum,not_published,eligible_numeric_mass_with_resolved_identity_and_lensing,eligible_secure_or_probable_primary_comparable_mass,,,,,,,,,,,,,,,,,,,,,,,1,J010015157_matthee23,J0100-15157,matthee23_eiger_fresco_blagn,secure,published_blagn_with_robust_detection_and_no_recorded_alternative_interpretation,preferred_measurement_controls_object_status;all_measurement_statuses_retained,0.5652172706138981,0.35392109468346894,0.24827300671825434,4.5103840090435225,-2.115386636521592,True,0.5123932266312909,0.6180413145965056,4.0103840090435225,5.0103840090435225,False,navigation_only_no_cross_class_science_claim,False,unavailable_not_published
v2-shared-science,v2-dataset-catalogue,physical_object,57,57,57,57,55,HZA-J1526M2050-BHAE-3,J1526M2050BHAE3_lin24,HZA-J1526M2050-BHAE-3,J1526M2050-BHAE-3,lin24_aspire_blagn,broad_line_agn,virial_balmer_single_epoch,probable,4.8751,7.43,single-epoch-virial-halpha-reines2013,low,21.94407286165244,v2-dataset-catalogue,231.671,-20.8434,spec,1.209731330933385,ASPIRE,0.31,0.31,individual_robust,,,,,44.59,0.11,0.15,broad-halpha-to-l5100-greene-ho2005;bolometric-correction-richards2006,,,,,0.1147174421226935,,not_evaluable,,,,True,False,True,True,mstar;edd_ratio;lensing,single-epoch-virial-halpha-reines2013,missing-host-mstar,broad-halpha-to-l5100-greene-ho2005;bolometric-correction-richards2006,robust,v2,Tables 1-3,Nominal source-table Halpha mass and luminosity are not dust corrected; formal MBH errors exclude the 0.5 dex estimator systematic.,ASPIRE,J1526M2050,broad-halpha,Halpha,,,,,,,,,,2237.0,763.0,763.0,,True,Table_1_explicitly_calls_all_16_sources_LRDs,1.0,0.5,Reines et al. (2013) Halpha single-epoch estimator intrinsic/calibration uncertainty,False,source-table statistical line-fit propagation,False,blueshifted_halpha_absorption_266_km_s;absorption_interpretation_uncertain;total_luminosity_reported_without_absorption;formal_mbh_errors_exclude_virial_systematic;nominal_mass_and_lbol_uncorrected_for_dust,The Astrophysical Journal 974:147 (2024); arXiv:2407.17570v1,https://doi.org/10.3847/1538-4357/ad6565,10.3847/1538-4357/ad6565,https://arxiv.org/e-print/2407.17570v1,fc1c4d96e4a568b09b3caefa0fdde1c7fabe8decad71fb6423ff37c912b024cd,2026-08-22,compact red photometric preselection; integrated line S/N >5; robust broad Halpha FWHM >1000 km/s; visual artifact and contamination rejection,0.0005,231.671,-20.8434,,,1.68,0.56,0.56,3.84,1.6,1.6,719.0,146.0,146.0,345.0,149.0,149.0,F356W,25.477,0.018,0.018,,,,-17.15,0.27,0.27,-0.75,0.79,0.79,1.23,0.62,0.62,,,,,,,,,,,,,,,,,,,,,,,,,,,,,robust_broad_line_with_recorded_outflow_or_absorption_interpretive_caveat,type1_broad_line,broad_halpha,lrd,not_reported,True,True,,,,,,,,,,True,only catalogue measurement in this release,singleton assignment after coordinate-redshift search,no candidate within 0.5 arcsec and delta-z 0.01,HZS-J1526M2050-BHAE-3,inherited_provisional_one_to_one_no_verified_multinucleus_link,resolved,recorded,not_required,,0.31,0.31,,,0.11,0.15,source-table statistical line-fit propagation,False,,True,balmer_single_epoch_primary_stratum,not_published,eligible_numeric_mass_with_resolved_identity_and_lensing,eligible_secure_or_probable_primary_comparable_mass,,,,,,,,,,,,,,,,,,,,,,,1,J1526M2050BHAE3_lin24,J1526M2050-BHAE-3,lin24_aspire_blagn,probable,robust_broad_line_with_recorded_outflow_or_absorption_interpretive_caveat,preferred_measurement_controls_object_status;all_measurement_statuses_retained,0.5633288743398293,0.355841259481697,0.25209745205263073,4.538261134476657,-2.2091295517444767,True,0.5114569706252963,0.6152007780543625,4.038261134476657,5.038261134476657,False,navigation_only_no_cross_class_science_claim,False,unavailable_not_published
v2-shared-science,v2-dataset-catalogue,physical_object,58,58,58,58,56,HZA-GS-38562,GS38562_juodzbalis25,HZA-GS-38562,GS-38562,juodzbalis25_jades_blagn,broad_line_agn,virial_balmer_single_epoch,secure,4.822,7.51,single-epoch-virial-halpha,low,21.93665504135748,v2-dataset-catalogue,53.13586,-27.87165,spec,1.226259143973555,JADES,0.3,0.31,individual_robust,9.76,0.09,0.09,beagle-spectral-decomposition,44.7,0.06,0.06,balmer-line-bolometric-correction,-2.25,0.3180015723231569,0.12,0.01,0.1229219538819442,-0.0104482088348166,consistent,1.0,,,False,False,False,True,lensing,single-epoch-virial,host-sed-with-agn-contamination-risk,balmer-line-bolometric-correction,robust,v2,"Table 2 (BH/Lbol/lambda_Edd), Table 5 (Mstar)",Robust sample; Mstar uses BEAGLE value.,,GOODS-S,,,,,,,,,,,,,,,,,,,0.3,source_stated_single_epoch_virial_calibration_uncertainty,False,,,,"MNRAS 546, stag086 (2026); arXiv:2504.03551",https://arxiv.org/abs/2504.03551,,https://arxiv.org/abs/2504.03551,,not_recorded_in_frozen_v1_source_layer,JADES spectroscopic Type 1 broad-line AGN sample,,,,,,,,,,,,,,,,,,,,,,,,,,,,,,,,,,,,,,,,,,,,,,,,,,,,,,,,,,,,,,published_blagn_with_robust_detection_and_no_recorded_alternative_interpretation,type1_broad_line,broad_balmer_line,,not_reported,True,True,,,,,,,,,,True,only catalogue measurement in this release,singleton assignment,v1 catalogue,HZS-GS-38562,inherited_provisional_one_to_one_no_verified_multinucleus_link,resolved,not_recorded,not_required,,0.3,0.31,0.09,0.09,0.06,0.06,published_asymmetric_table_uncertainty_semantics_not_further_specified_in_v1,False,,True,balmer_single_epoch_primary_stratum,object_specific,eligible_numeric_mass_with_resolved_identity_and_lensing,eligible_secure_or_probable_primary_comparable_mass,,,,,,,,,,,,,,,,,,,,,,,1,GS38562_juodzbalis25,GS-38562,juodzbalis25_jades_blagn,secure,published_blagn_with_robust_detection_and_no_recorded_alternative_interpretation,preferred_measurement_controls_object_status;all_measurement_statuses_retained,0.5632398604962897,0.35879707991687415,0.2565756896271664,4.57519350646901,-2.2726883117699668,True,0.5325734434093774,0.5939062775832019,4.2751935064690105,4.87519350646901,False,navigation_only_no_cross_class_science_claim,False,available_not_growth_history
v2-shared-science,v2-dataset-catalogue,physical_object,59,59,59,59,,HZA-DC-848185-A,DC848185a_ren25,HZA-DC-848185-A,DC_848185_a,ren25_alpine_cristal_jwst_blagn_candidates,broad_line_agn,virial_balmer_single_epoch,candidate,5.2931,6.8,single-epoch-virial-halpha-reines2013,low,21.441730364026697,v2-dataset-catalogue,150.0895382,2.5865496,far_ir_cii_spectroscopic,1.0915872964881528,ALPINE-CRISTAL-JWST,0.23,0.23,individual_tentative,10.37,0.08,0.19,faisst2020_integrated_pre_jwst_broadband_sed,43.97,0.06,0.06,broad_halpha_to_l5100_greeneho2005_bc5100_9p26,-3.5699999999999994,0.2666927070618917,0.1174897554939529,,0.1173895546165247,0.0003705451175616,consistent,,,,False,False,False,True,lensing,single-epoch-virial-halpha-reines2013,host-sed-with-agn-contamination-risk,broad_halpha_to_l5100_greeneho2005_bc5100_9p26,tentative,v2,Published Table 1,Host-selected broad-Halpha candidate; primary eligibility is controlled separately by the canonical evidence and conditional-mass fields.,,COSMOS,host-selected;broad-halpha,Halpha,,,,,,,1.25,0.2,0.2,1618.0,417.0,417.0,1.0,,not reported per published Table 1 row,,0.4,single_epoch_virial_calibration,False,published_formal_errors_propagated_from_broad_halpha_flux_and_fwhm,True,table1_flux_is_dust_corrected;formal_mbh_errors_exclude_0p4dex_virial_systematic;intermediate_width_component;complex_merger_system;no_oiii_outflow_at_peak;shared_integrated_host_mass;complex_gas_kinematics_may_mimic_blr,"MNRAS 544, 211-233 (published 2025-10-25; corrected/typeset 2025-10-28); arXiv:2509.02027v2",https://academic.oup.com/mnras/article/544/1/211/8301219,10.1093/mnras/staf1709,https://arxiv.org/abs/2509.02027v2,c528c375fda9362433184cb35775a5f4ca107014f4b1c2f6536d7f15d4f85cca,2026-08-25,18 main-sequence galaxies with Mstar>10^9.5 Msun at z=4.4-5.7; 33 IFU photometric-centre apertures; narrow FWHM<600 km/s; added broad Halpha Gaussian constrained FWHM>600 km/s; DeltaBIC(narrow minus narrow+broad)>10; broad-flux S/N>3; OIII outflow comparison and broad-to-narrow flux-ratio veto,,,,,,,,,,,,,,,,,,,,,,,,,,,,,,,,,,,,,,,,,0.07,,,,,,,,,,,,,,,,,1.0,,,,source_type1_candidate_with_intermediate_width_halpha_and_outflow_ambiguity,type1_broad_line_candidate,host_selected;broad_halpha,merger;dual_nucleus,not_reported,True,False,,,,,,,,,,True,only catalogue measurement for this physical object,singleton assignment after coordinate-redshift search,no previously admitted candidate within 0.5 arcsec and delta-z 0.01,HZS-DC-848185,source_verified_multinucleus_host,resolved,recorded,not_required,,0.23,0.23,0.08,0.19,0.06,0.06,published_formal_errors_propagated_from_broad_halpha_flux_and_fwhm,True,mass_valid_only_if_broad_component_is_blr,True,balmer_single_epoch_primary_stratum,shared_host_system_total,eligible_numeric_mass_with_resolved_identity_and_lensing,candidate_evidence_excluded,-0.93,source_derived_from_same_lbol_and_virial_mbh,DC_848185,HZ6;LBG-1;CRISTAL-02;peak-a,1.25,0.2,1618.0,417.0,0.29,0.0,0.0,0.0,,,,,,,,,,,1,DC848185a_ren25,DC_848185_a,ren25_alpine_cristal_jwst_blagn_candidates,candidate,source_type1_candidate_with_intermediate_width_halpha_and_outflow_ambiguity,preferred_measurement_controls_object_status;all_measurement_statuses_retained,0.5573007643683203,0.3250921125481868,0.2089877866381201,4.21611694785277,-1.812943507157434,True,0.5108590340042937,0.603742494732347,3.8161169478527697,4.61611694785277,False,navigation_only_no_cross_class_science_claim,False,available_not_growth_history
v2-shared-science,v2-dataset-catalogue,physical_object,60,60,60,60,57,HZA-CEERS-1244,CEERS1244_taylor24,HZA-CEERS-1244,CEERS-1244,taylor24_ceers_rubies_blagn,broad_line_agn,virial_balmer_single_epoch,secure,4.478,7.82,single-epoch-virial-halpha-reines2013,low,20.74316356428715,v2-dataset-catalogue,215.240652,53.036041,spec,1.3430711764202312,CEERS,0.03,0.02,individual_robust,,,,,,,,,,,,,,,not_evaluable,,,,True,True,True,True,mstar;lbol;edd_ratio;lensing,single-epoch-virial-halpha-reines2013,missing-host-mstar,not-published-by-source,robust,v2,Table 1 (Sample of BLAGN),Nominal Table 1 mass and Halpha flux are uncorrected for dust; formal MBH errors exclude the approximately 0.5 dex virial-calibration systematic.,CEERS,EGS,broad-halpha,Halpha,50.54,0.83,0.82,16.55,0.71,0.7,34.02,0.98,1.05,2619.0,81.0,73.0,1.0,False,Kocevski et al. (2024) full photometric selection applied by Taylor et al.,0.0,0.5,Approximate Reines et al. (2013) single-epoch virial-calibration scatter; may be larger at high redshift,False,16th/84th percentiles from correlated Halpha flux and FWHM posteriors,0.0,formal_mbh_errors_exclude_virial_systematic;nominal_mass_uncorrected_for_dust,The Astrophysical Journal 986:165 (2025); arXiv:2409.06772v2,https://iopscience.iop.org/article/10.3847/1538-4357/add15b,10.3847/1538-4357/add15b,https://arxiv.org/e-print/2409.06772v2,50453a0a975b84f019ceba8da30663e40d83c285376cad119d83fa8e3b31aaa0,2026-08-17,JWST/NIRSpec G395M Halpha; broad FWHM >700 km/s; broad flux S/N >4; Delta BIC >6; secure multi-line spectroscopic redshift; visual QA,,,,,,,,,,,,,,,,,,,,,,,,,,,,,,,,,,,,,,,,,,,,,,,,,,,,,,,,,,,,,,published_blagn_with_robust_detection_and_no_recorded_alternative_interpretation,type1_broad_line,broad_halpha,,not_reported,True,True,,,,,,,,,,True,only catalogue measurement in this release,singleton assignment,"Taylor et al. (2025), Table 1",HZS-CEERS-1244,inherited_provisional_one_to_one_no_verified_multinucleus_link,resolved,recorded,not_required,,0.03,0.02,,,,,16th/84th percentiles from correlated Halpha flux and FWHM posteriors,False,,True,balmer_single_epoch_primary_stratum,not_published,eligible_numeric_mass_with_resolved_identity_and_lensing,eligible_secure_or_probable_primary_comparable_mass,,,,,,,,,,,,,,,,,,,,,,,2,CEERS01244_harikane23;CEERS1244_taylor24,CEERS-01244;CEERS-1244,harikane23_nirspec_blagn;taylor24_ceers_rubies_blagn,secure,published_blagn_with_robust_detection_and_no_recorded_alternative_interpretation,preferred_measurement_controls_object_status;all_measurement_statuses_retained,0.5390234084690856,0.35379199662403893,0.26117629070151566,4.58080857980004,-2.9773047339998673,True,0.4927155555078239,0.5853312614303471,4.08080857980004,5.08080857980004,False,navigation_only_no_cross_class_science_claim,False,unavailable_not_published
v2-shared-science,v2-dataset-catalogue,physical_object,61,61,61,61,58,HZA-RUBIES-EGS-13872,RUBIESEGS13872_taylor24,HZA-RUBIES-EGS-13872,RUBIES-EGS-13872,taylor24_ceers_rubies_blagn,broad_line_agn,virial_balmer_single_epoch,secure,5.262,6.74,single-epoch-virial-halpha-reines2013,low,20.48878990811665,v2-dataset-catalogue,215.132933,52.970705,spec,1.0997055860002432,RUBIES,0.23,0.28,individual_robust,,,,,,,,,,,,,,,not_evaluable,,,,True,True,True,True,mstar;lbol;edd_ratio;lensing,single-epoch-virial-halpha-reines2013,missing-host-mstar,not-published-by-source,robust,v2,Table 1 (Sample of BLAGN),Nominal Table 1 mass and Halpha flux are uncorrected for dust; formal MBH errors exclude the approximately 0.5 dex virial-calibration systematic.,RUBIES,EGS,broad-halpha,Halpha,7.67,0.48,0.49,4.45,0.44,0.64,3.31,0.45,0.48,1223.0,355.0,345.0,1.0,False,Kocevski et al. (2024) full photometric selection applied by Taylor et al.,0.0,0.5,Approximate Reines et al. (2013) single-epoch virial-calibration scatter; may be larger at high redshift,False,16th/84th percentiles from correlated Halpha flux and FWHM posteriors,0.0,formal_mbh_errors_exclude_virial_systematic;nominal_mass_uncorrected_for_dust,The Astrophysical Journal 986:165 (2025); arXiv:2409.06772v2,https://iopscience.iop.org/article/10.3847/1538-4357/add15b,10.3847/1538-4357/add15b,https://arxiv.org/e-print/2409.06772v2,50453a0a975b84f019ceba8da30663e40d83c285376cad119d83fa8e3b31aaa0,2026-08-17,JWST/NIRSpec G395M Halpha; broad FWHM >700 km/s; broad flux S/N >4; Delta BIC >6; secure multi-line spectroscopic redshift; visual QA,,,,,,,,,,,,,,,,,,,,,,,,,,,,,,,,,,,,,,,,,,,,,,,,,,,,,,,,,,,,,,published_blagn_with_robust_detection_and_no_recorded_alternative_interpretation,type1_broad_line,broad_halpha,,not_reported,True,True,,,,,,,,,,True,only catalogue measurement in this release,singleton assignment,"Taylor et al. (2025), Table 1",HZS-RUBIES-EGS-13872,inherited_provisional_one_to_one_no_verified_multinucleus_link,resolved,recorded,not_required,,0.23,0.28,,,,,16th/84th percentiles from correlated Halpha flux and FWHM posteriors,False,,True,balmer_single_epoch_primary_stratum,not_published,eligible_numeric_mass_with_resolved_identity_and_lensing,eligible_secure_or_probable_primary_comparable_mass,,,,,,,,,,,,,,,,,,,,,,,1,RUBIESEGS13872_taylor24,RUBIES-EGS-13872,taylor24_ceers_rubies_blagn,secure,published_blagn_with_robust_detection_and_no_recorded_alternative_interpretation,preferred_measurement_controls_object_status;all_measurement_statuses_retained,0.5458654788973998,0.3155424920208598,0.20038099858258984,4.134962577827206,-1.9434580739093121,True,0.48828473217826485,0.6034462256165348,3.6349625778272063,4.634962577827206,False,navigation_only_no_cross_class_science_claim,False,unavailable_not_published
v2-shared-science,v2-dataset-catalogue,physical_object,62,62,62,62,59,HZA-J0100-12446,J010012446_matthee23,HZA-J0100-12446,J0100-12446,matthee23_eiger_fresco_blagn,broad_line_agn,virial_balmer_single_epoch,secure,4.699,7.46,single-epoch-virial-halpha-reines2013,low,19.924789464226947,v2-dataset-catalogue,15.04825,28.00971667,spec,1.2660190606618411,EIGER,0.06,0.06,individual_robust,,,,,45.11058971029925,0.019744058195757,0.020684598859851,broad-halpha-to-l5100-greene-ho2005;bolometric-correction-richards2006,,,,,0.3549924897490214,,not_evaluable,,,,True,False,True,True,mstar;edd_ratio;lensing,single-epoch-virial-halpha-reines2013,missing-host-mstar,broad-halpha-to-l5100-greene-ho2005;bolometric-correction-richards2006,robust,v2,Tables 1-3,Nominal source-table Halpha mass and luminosity are not dust corrected; formal MBH errors exclude the 0.5 dex estimator systematic.,EIGER,J0100,broad-halpha,Halpha,,,,,,,,,,1681.0,89.0,89.0,,True,paper_sample_label_little_red_dot,0.0,0.5,Reines et al. (2013) Halpha single-epoch estimator intrinsic/calibration uncertainty,False,source-table statistical line-fit propagation,False,formal_mbh_errors_exclude_virial_systematic;nominal_mass_uncorrected_for_dust,The Astrophysical Journal 963:129 (2024); arXiv:2306.05448v3,https://doi.org/10.3847/1538-4357/ad2345,10.3847/1538-4357/ad2345,https://arxiv.org/e-print/2306.05448v3,b3e6f5385e694d92a7456f81eb123a305468baf743cebc7aeea820befb9b1190,2026-08-22,broad Halpha S/N >5; broad Halpha luminosity >2e42 erg/s; broad FWHM >1000 km/s; visual rejection of spatial-broadening impostors,,01:00:11.58,+28:00:34.98,0.67,0.01,6.8,0.3,0.3,,,,,,,624.0,47.0,45.0,F356W,24.47,0.04,0.04,26.33,0.04,0.04,-19.0,0.1,0.1,-0.92,0.21,0.2,-0.2,0.14,0.14,-0.7,12.9,0.6,0.6,,,,,,,,,,,,,,,,,,,,,,,,,published_blagn_with_robust_detection_and_no_recorded_alternative_interpretation,type1_broad_line,broad_halpha,lrd,not_reported,True,True,,,,,,,,,,True,only catalogue measurement in this release,singleton assignment after coordinate-redshift search,no candidate within 0.5 arcsec and delta-z 0.01,HZS-J0100-12446,inherited_provisional_one_to_one_no_verified_multinucleus_link,resolved,recorded,not_required,,0.06,0.06,,,0.019744058195757,0.020684598859851,source-table statistical line-fit propagation,False,,True,balmer_single_epoch_primary_stratum,not_published,eligible_numeric_mass_with_resolved_identity_and_lensing,eligible_secure_or_probable_primary_comparable_mass,,,,,,,,,,,,,,,,,,,,,,,1,J010012446_matthee23,J0100-12446,matthee23_eiger_fresco_blagn,secure,published_blagn_with_robust_detection_and_no_recorded_alternative_interpretation,preferred_measurement_controls_object_status;all_measurement_statuses_retained,0.5390974735707234,0.3416258715301653,0.2428900705098863,4.421588431957076,-2.6680385601430805,True,0.48972957306058373,0.5884653740808629,3.921588431957076,4.921588431957076,False,navigation_only_no_cross_class_science_claim,False,unavailable_not_published
v2-shared-science,v2-dataset-catalogue,physical_object,63,63,63,63,60,HZA-J2132P1217-BHAE-1,J2132P1217BHAE1_lin24,HZA-J2132P1217-BHAE-1,J2132P1217-BHAE-1,lin24_aspire_blagn,broad_line_agn,virial_balmer_single_epoch,secure,4.925,7.11,single-epoch-virial-halpha-reines2013,low,19.790949609108882,v2-dataset-catalogue,323.1515,12.3108,spec,1.1945341990300051,ASPIRE,0.12,0.12,individual_robust,,,,,44.93,0.04,0.04,broad-halpha-to-l5100-greene-ho2005;bolometric-correction-richards2006,,,,,0.5243598793711077,,not_evaluable,,,,True,False,True,True,mstar;edd_ratio;lensing,single-epoch-virial-halpha-reines2013,missing-host-mstar,broad-halpha-to-l5100-greene-ho2005;bolometric-correction-richards2006,robust,v2,Tables 1-3,Nominal source-table Halpha mass and luminosity are not dust corrected; formal MBH errors exclude the 0.5 dex estimator systematic.,ASPIRE,J2132P1217,broad-halpha,Halpha,,,,,,,,,,1279.0,173.0,173.0,,True,Table_1_explicitly_calls_all_16_sources_LRDs,0.0,0.5,Reines et al. (2013) Halpha single-epoch estimator intrinsic/calibration uncertainty,False,source-table statistical line-fit propagation,False,formal_mbh_errors_exclude_virial_systematic;nominal_mass_and_lbol_uncorrected_for_dust,The Astrophysical Journal 974:147 (2024); arXiv:2407.17570v1,https://doi.org/10.3847/1538-4357/ad6565,10.3847/1538-4357/ad6565,https://arxiv.org/e-print/2407.17570v1,fc1c4d96e4a568b09b3caefa0fdde1c7fabe8decad71fb6423ff37c912b024cd,2026-08-22,compact red photometric preselection; integrated line S/N >5; robust broad Halpha FWHM >1000 km/s; visual artifact and contamination rejection,0.0001,323.1515,12.3108,,,4.14,0.43,0.43,7.43,1.12,1.12,235.0,23.0,23.0,480.0,80.0,80.0,F356W,24.852,0.022,0.022,,,,-19.53,0.09,0.09,-1.46,0.31,0.31,-0.51,0.27,0.27,,,,,,,,,,,,,,,,,,,,,,,,,,,,,published_blagn_with_robust_detection_and_no_recorded_alternative_interpretation,type1_broad_line,broad_halpha,lrd,not_reported,True,True,,,,,,,,,,True,only catalogue measurement in this release,singleton assignment after coordinate-redshift search,no candidate within 0.5 arcsec and delta-z 0.01,HZS-J2132P1217-BHAE-1,inherited_provisional_one_to_one_no_verified_multinucleus_link,resolved,recorded,not_required,,0.12,0.12,,,0.04,0.04,source-table statistical line-fit propagation,False,,True,balmer_single_epoch_primary_stratum,not_published,eligible_numeric_mass_with_resolved_identity_and_lensing,eligible_secure_or_probable_primary_comparable_mass,,,,,,,,,,,,,,,,,,,,,,,1,J2132P1217BHAE1_lin24,J2132P1217-BHAE-1,lin24_aspire_blagn,secure,published_blagn_with_robust_detection_and_no_recorded_alternative_interpretation,preferred_measurement_controls_object_status;all_measurement_statuses_retained,0.5374913953093066,0.32712294313345264,0.22193871704552579,4.25786131763502,-2.397128941216603,True,0.484899282265343,0.5900835083532698,3.7578613176350197,4.75786131763502,False,navigation_only_no_cross_class_science_claim,False,unavailable_not_published
v2-shared-science,v2-dataset-catalogue,physical_object,64,64,64,64,61,HZA-THRILS-101567,THRILS101567_davis26,HZA-THRILS-101567,THRILS-101567,davis26_thrils_blagn,broad_line_agn,virial_balmer_single_epoch,secure,5.33,6.55,single-epoch-virial-halpha-reinesvolonteri2015,low,19.448901978111838,v2-dataset-catalogue,214.831734,52.867166,spec,1.082083484868698,THRILS,0.17,0.17,individual_robust,,,,,,,,,,,,,,,not_evaluable,1.0,,,True,True,True,True,mstar;lbol;edd_ratio;lensing,single-epoch-virial-halpha-reinesvolonteri2015,missing-host-mstar,unavailable,robust,v2,Appendix Table 5; coordinates from Hutchison et al. Table 3,Deep G395M broad-Halpha detection; formal mass errors exclude the stated approximately 0.5 dex single-epoch systematic.,JWST/NIRSpec G395M,EGS,photometric-eelg-parent;deep-g395m-broad-halpha,Halpha,,,,0.033,0.002,0.002,0.0028,0.001,0.001,,,,,,not reported per Table 5 row,,0.5,intrinsic scatter in single-epoch black-hole mass recipes,False,observational posterior uncertainty from broad-Halpha flux and FWHM fit,,formal_mbh_errors_exclude_virial_systematic;fwhm_not_tabulated;first_spectroscopic_targeting_reported;source_extreme_eelg_row_assignments_internally_inconsistent,arXiv:2602.23310v1 (submitted to ApJ; 2026-02-26),https://arxiv.org/abs/2602.23310v1,10.48550/arXiv.2602.23310,https://arxiv.org/e-print/2602.23310v1,13274268d718138119dbbb818d58e3f5255ce0a34f80f9d8a7a0d0013f16153b,2026-08-25,photometric EELG parent sample; deep 8.36-8.85 hr NIRSpec G395M; broad component >3 sigma and implied FWHM >1000 km/s,,,,,,,,,,,,,,,,,,,,,,,,,,,,,,,,,,,,,,,,,,,,,,,,,,,,,,,,,,,,,,published_blagn_with_robust_detection_and_no_recorded_alternative_interpretation,type1_broad_line,photometric_eelg_parent;deep_g395m_broad_halpha,,not_reported,True,True,101567.0,27384.0,5.322,7.48,Hutchison et al. THRILS survey redshift catalogue Table 3,arXiv:2512.12509v1 (2025-12-14),https://arxiv.org/abs/2512.12509v1,https://arxiv.org/e-print/2512.12509v1,584a56f5867e816c6220ea52f55fc0411f2fc745544ecccfb6ea4ad42c445fdc,True,only catalogue measurement in this release,singleton assignment after coordinate-redshift search,no previously admitted candidate within 0.5 arcsec and delta-z 0.01,HZS-THRILS-101567,inherited_provisional_one_to_one_no_verified_multinucleus_link,resolved,recorded,not_required,,0.17,0.17,,,,,observational posterior uncertainty from broad-Halpha flux and FWHM fit,False,,True,balmer_single_epoch_primary_stratum,not_published,eligible_numeric_mass_with_resolved_identity_and_lensing,eligible_secure_or_probable_primary_comparable_mass,,,,,,,,,,,,,,,,,,,,,,,1,THRILS101567_davis26,THRILS-101567,davis26_thrils_blagn,secure,published_blagn_with_robust_detection_and_no_recorded_alternative_interpretation,preferred_measurement_controls_object_status;all_measurement_statuses_retained,0.533386823737342,0.2989310770396092,0.18170320369074286,3.990881665513033,-1.98039444828989,True,0.4747728870629088,0.5920007604117752,3.490881665513033,4.490881665513033,False,navigation_only_no_cross_class_science_claim,False,unavailable_not_published
v2-shared-science,v2-dataset-catalogue,physical_object,65,65,65,65,62,HZA-J1148-7111,J11487111_matthee23,HZA-J1148-7111,J1148-7111,matthee23_eiger_fresco_blagn,broad_line_agn,virial_balmer_single_epoch,secure,4.339,7.92,single-epoch-virial-halpha-reines2013,low,19.424528569330477,v2-dataset-catalogue,177.10170833,52.90796111,spec,1.3956168512884068,EIGER,0.1,0.1,individual_robust,,,,,45.03342375548695,0.0310342337399688,0.0334237554869497,broad-halpha-to-l5100-greene-ho2005;bolometric-correction-richards2006,,,,,0.1030512372529207,,not_evaluable,,,,True,False,True,True,mstar;edd_ratio;lensing,single-epoch-virial-halpha-reines2013,missing-host-mstar,broad-halpha-to-l5100-greene-ho2005;bolometric-correction-richards2006,robust,v2,Tables 1-3,Nominal source-table Halpha mass and luminosity are not dust corrected; formal MBH errors exclude the 0.5 dex estimator systematic.,EIGER,J1148,broad-halpha,Halpha,,,,,,,,,,2967.0,259.0,259.0,,True,paper_sample_label_little_red_dot,0.0,0.5,Reines et al. (2013) Halpha single-epoch estimator intrinsic/calibration uncertainty,False,source-table statistical line-fit propagation,False,formal_mbh_errors_exclude_virial_systematic;nominal_mass_uncorrected_for_dust,The Astrophysical Journal 963:129 (2024); arXiv:2306.05448v3,https://doi.org/10.3847/1538-4357/ad2345,10.3847/1538-4357/ad2345,https://arxiv.org/e-print/2306.05448v3,b3e6f5385e694d92a7456f81eb123a305468baf743cebc7aeea820befb9b1190,2026-08-22,broad Halpha S/N >5; broad Halpha luminosity >2e42 erg/s; broad FWHM >1000 km/s; visual rejection of spatial-broadening impostors,,11:48:24.41,+52:54:28.66,0.6,0.01,5.5,0.4,0.4,,,,,,,645.0,73.0,70.0,F356W,24.47,0.04,0.04,26.58,0.06,0.06,-18.6,0.1,0.1,-1.0,0.31,0.28,0.25,0.18,0.17,-0.7,10.8,0.8,0.8,,,,,,,,,,,,,,,,,,,,,,,,,published_blagn_with_robust_detection_and_no_recorded_alternative_interpretation,type1_broad_line,broad_halpha,lrd,not_reported,True,True,,,,,,,,,,True,only catalogue measurement in this release,singleton assignment after coordinate-redshift search,no candidate within 0.5 arcsec and delta-z 0.01,HZS-J1148-7111,inherited_provisional_one_to_one_no_verified_multinucleus_link,resolved,recorded,not_required,,0.1,0.1,,,0.0310342337399688,0.0334237554869497,source-table statistical line-fit propagation,False,,True,balmer_single_epoch_primary_stratum,not_published,eligible_numeric_mass_with_resolved_identity_and_lensing,eligible_secure_or_probable_primary_comparable_mass,,,,,,,,,,,,,,,,,,,,,,,1,J11487111_matthee23,J1148-7111,matthee23_eiger_fresco_blagn,secure,published_blagn_with_robust_detection_and_no_recorded_alternative_interpretation,preferred_measurement_controls_object_status;all_measurement_statuses_retained,0.526048711864607,0.3483295524508884,0.25946997274402916,4.543886799941253,-3.3337106668624887,True,0.4816189220111774,0.5704785017180366,4.043886799941253,5.043886799941253,False,navigation_only_no_cross_class_science_claim,False,unavailable_not_published
v2-shared-science,v2-dataset-catalogue,physical_object,66,66,66,66,63,HZA-GN-77652,GN77652_juodzbalis25,HZA-GN-77652,GN-77652,juodzbalis25_jades_blagn,broad_line_agn,virial_balmer_single_epoch,secure,5.229,6.62,single-epoch-virial-halpha,low,18.95358902332188,v2-dataset-catalogue,189.29323,62.199,spec,1.108430210684669,JADES,0.34,0.32,individual_robust,8.36,1.64,1.64,beagle-spectral-decomposition,44.11,0.04,0.05,balmer-line-bolometric-correction,-1.739999999999999,1.6728717822953436,0.24,0.0849999999999999,0.2452615422629842,-0.0094182131708325,consistent,1.0,,,False,False,False,True,lensing,single-epoch-virial,host-sed-with-agn-contamination-risk,balmer-line-bolometric-correction,robust,v2,"Table 2 (BH/Lbol/lambda_Edd), Table 5 (Mstar)",Robust sample; Mstar uses BEAGLE value.,,GOODS-N,,,,,,,,,,,,,,,,,,,0.3,source_stated_single_epoch_virial_calibration_uncertainty,False,,,,"MNRAS 546, stag086 (2026); arXiv:2504.03551",https://arxiv.org/abs/2504.03551,,https://arxiv.org/abs/2504.03551,,not_recorded_in_frozen_v1_source_layer,JADES spectroscopic Type 1 broad-line AGN sample,,,,,,,,,,,,,,,,,,,,,,,,,,,,,,,,,,,,,,,,,,,,,,,,,,,,,,,,,,,,,,published_blagn_with_robust_detection_and_no_recorded_alternative_interpretation,type1_broad_line,broad_balmer_line,,not_reported,True,True,,,,,,,,,,True,only catalogue measurement in this release,singleton assignment,v1 catalogue,HZS-GN-77652,inherited_provisional_one_to_one_no_verified_multinucleus_link,resolved,not_recorded,not_required,,0.34,0.32,1.64,1.64,0.04,0.05,published_asymmetric_table_uncertainty_semantics_not_further_specified_in_v1,False,,True,balmer_single_epoch_primary_stratum,object_specific,eligible_numeric_mass_with_resolved_identity_and_lensing,eligible_secure_or_probable_primary_comparable_mass,,,,,,,,,,,,,,,,,,,,,,,1,GN77652_juodzbalis25,GN-77652,juodzbalis25_jades_blagn,secure,published_blagn_with_robust_detection_and_no_recorded_alternative_interpretation,preferred_measurement_controls_object_status;all_measurement_statuses_retained,0.5274430682798625,0.29911273569117747,0.18494756939683493,3.992228239684468,-2.139239201051775,True,0.4931935183915599,0.5616926181681653,3.6922282396844683,4.2922282396844675,False,navigation_only_no_cross_class_science_claim,False,available_not_growth_history
v2-shared-science,v2-dataset-catalogue,physical_object,67,67,67,67,64,HZA-THRILS-44774,THRILS44774_davis26,HZA-THRILS-44774,THRILS-44774,davis26_thrils_blagn,broad_line_agn,virial_balmer_single_epoch,secure,5.11,6.76,single-epoch-virial-halpha-reinesvolonteri2015,low,18.874238987355447,v2-dataset-catalogue,214.828433,52.853442,spec,1.1408682607135046,THRILS,0.06,0.06,individual_robust,,,,,,,,,,,,,,,not_evaluable,1.0,,,True,True,True,True,mstar;lbol;edd_ratio;lensing,single-epoch-virial-halpha-reinesvolonteri2015,missing-host-mstar,unavailable,robust,v2,Appendix Table 5; coordinates from Hutchison et al. Table 3,Deep G395M broad-Halpha detection; formal mass errors exclude the stated approximately 0.5 dex single-epoch systematic.,JWST/NIRSpec G395M,EGS,photometric-eelg-parent;deep-g395m-broad-halpha,Halpha,,,,0.09,0.003,0.003,0.0118,0.0015,0.0015,,,,,,not reported per Table 5 row,,0.5,intrinsic scatter in single-epoch black-hole mass recipes,False,observational posterior uncertainty from broad-Halpha flux and FWHM fit,,formal_mbh_errors_exclude_virial_systematic;fwhm_not_tabulated;first_spectroscopic_targeting_reported;source_extreme_eelg_row_assignments_internally_inconsistent,arXiv:2602.23310v1 (submitted to ApJ; 2026-02-26),https://arxiv.org/abs/2602.23310v1,10.48550/arXiv.2602.23310,https://arxiv.org/e-print/2602.23310v1,13274268d718138119dbbb818d58e3f5255ce0a34f80f9d8a7a0d0013f16153b,2026-08-25,photometric EELG parent sample; deep 8.36-8.85 hr NIRSpec G395M; broad component >3 sigma and implied FWHM >1000 km/s,,,,,,,,,,,,,,,,,,,,,,,,,,,,,,,,,,,,,,,,,,,,,,,,,,,,,,,,,,,,,,published_blagn_with_robust_detection_and_no_recorded_alternative_interpretation,type1_broad_line,photometric_eelg_parent;deep_g395m_broad_halpha,,not_reported,True,True,44774.0,29781.0,5.101,5.17,Hutchison et al. THRILS survey redshift catalogue Table 3,arXiv:2512.12509v1 (2025-12-14),https://arxiv.org/abs/2512.12509v1,https://arxiv.org/e-print/2512.12509v1,584a56f5867e816c6220ea52f55fc0411f2fc745544ecccfb6ea4ad42c445fdc,True,only catalogue measurement in this release,singleton assignment after coordinate-redshift search,no previously admitted candidate within 0.5 arcsec and delta-z 0.01,HZS-THRILS-44774,inherited_provisional_one_to_one_no_verified_multinucleus_link,resolved,recorded,not_required,,0.06,0.06,,,,,observational posterior uncertainty from broad-Halpha flux and FWHM fit,False,,True,balmer_single_epoch_primary_stratum,not_published,eligible_numeric_mass_with_resolved_identity_and_lensing,eligible_secure_or_probable_primary_comparable_mass,,,,,,,,,,,,,,,,,,,,,,,1,THRILS44774_davis26,THRILS-44774,davis26_thrils_blagn,secure,published_blagn_with_robust_detection_and_no_recorded_alternative_interpretation,preferred_measurement_controls_object_status;all_measurement_statuses_retained,0.5264908678482654,0.30527621749185135,0.19466889231364434,4.0477022428971186,-2.2809925236762716,True,0.4711872052591619,0.5817945304373691,3.5477022428971186,4.5477022428971186,False,navigation_only_no_cross_class_science_claim,False,unavailable_not_published
v2-shared-science,v2-dataset-catalogue,physical_object,68,68,68,68,65,HZA-J2232P2930-BHAE-3,J2232P2930BHAE3_lin24,HZA-J2232P2930-BHAE-3,J2232P2930-BHAE-3,lin24_aspire_blagn,broad_line_agn,virial_balmer_single_epoch,secure,4.7061,7.31,single-epoch-virial-halpha-reines2013,low,18.778937498139012,v2-dataset-catalogue,338.2325,29.5094,spec,1.263666014298253,ASPIRE,0.22,0.22,individual_robust,,,,,44.71,0.07,0.08,broad-halpha-to-l5100-greene-ho2005;bolometric-correction-richards2006,,,,,0.1993560659928229,,not_evaluable,,,,True,False,True,True,mstar;edd_ratio;lensing,single-epoch-virial-halpha-reines2013,missing-host-mstar,broad-halpha-to-l5100-greene-ho2005;bolometric-correction-richards2006,robust,v2,Tables 1-3,Nominal source-table Halpha mass and luminosity are not dust corrected; formal MBH errors exclude the 0.5 dex estimator systematic.,ASPIRE,J2232P2930,broad-halpha,Halpha,,,,,,,,,,1822.0,442.0,442.0,,True,Table_1_explicitly_calls_all_16_sources_LRDs,0.0,0.5,Reines et al. (2013) Halpha single-epoch estimator intrinsic/calibration uncertainty,False,source-table statistical line-fit propagation,False,formal_mbh_errors_exclude_virial_systematic;nominal_mass_and_lbol_uncorrected_for_dust,The Astrophysical Journal 974:147 (2024); arXiv:2407.17570v1,https://doi.org/10.3847/1538-4357/ad6565,10.3847/1538-4357/ad6565,https://arxiv.org/e-print/2407.17570v1,fc1c4d96e4a568b09b3caefa0fdde1c7fabe8decad71fb6423ff37c912b024cd,2026-08-22,compact red photometric preselection; integrated line S/N >5; robust broad Halpha FWHM >1000 km/s; visual artifact and contamination rejection,0.0003,338.2325,29.5094,,,2.31,0.47,0.47,4.33,1.21,1.21,417.0,61.0,61.0,469.0,133.0,133.0,F356W,25.324,0.012,0.012,,,,-18.08,0.17,0.17,-1.2,0.47,0.47,0.54,0.39,0.39,,,,,,,,,,,,,,,,,,,,,,,,,,,,,published_blagn_with_robust_detection_and_no_recorded_alternative_interpretation,type1_broad_line,broad_halpha,lrd,not_reported,True,True,,,,,,,,,,True,only catalogue measurement in this release,singleton assignment after coordinate-redshift search,no candidate within 0.5 arcsec and delta-z 0.01,HZS-J2232P2930-BHAE-3,inherited_provisional_one_to_one_no_verified_multinucleus_link,resolved,recorded,not_required,,0.22,0.22,,,0.07,0.08,source-table statistical line-fit propagation,False,,True,balmer_single_epoch_primary_stratum,not_published,eligible_numeric_mass_with_resolved_identity_and_lensing,eligible_secure_or_probable_primary_comparable_mass,,,,,,,,,,,,,,,,,,,,,,,1,J2232P2930BHAE3_lin24,J2232P2930-BHAE-3,lin24_aspire_blagn,secure,published_blagn_with_robust_detection_and_no_recorded_alternative_interpretation,preferred_measurement_controls_object_status;all_measurement_statuses_retained,0.5253472499776681,0.32747634603127707,0.2285408940580816,4.277719922265289,-2.7976002591157014,True,0.47587952399107036,0.5748149759642658,3.7777199222652893,4.777719922265289,False,navigation_only_no_cross_class_science_claim,False,unavailable_not_published
v2-shared-science,v2-dataset-catalogue,physical_object,69,69,69,69,66,HZA-GS-172975,GS172975_juodzbalis25,HZA-GS-172975,GS-172975,juodzbalis25_jades_blagn,broad_line_agn,virial_balmer_single_epoch,secure,4.741,7.25,single-epoch-virial-halpha,low,18.714821266187034,v2-dataset-catalogue,53.08773,-27.87124,spec,1.2522045591007307,JADES,0.32,0.32,individual_robust,8.98,0.14,0.14,beagle-spectral-decomposition,44.07,0.04,0.04,balmer-line-bolometric-correction,-1.7300000000000004,0.3492849839314596,0.05,0.01,0.0524359879371107,-0.020659450546418,consistent,1.0,,,False,False,False,True,lensing,single-epoch-virial,host-sed-with-agn-contamination-risk,balmer-line-bolometric-correction,robust,v2,"Table 2 (BH/Lbol/lambda_Edd), Table 5 (Mstar)",Robust sample; Mstar uses BEAGLE value.,,GOODS-S,,,,,,,,,,,,,,,,,,,0.3,source_stated_single_epoch_virial_calibration_uncertainty,False,,,,"MNRAS 546, stag086 (2026); arXiv:2504.03551",https://arxiv.org/abs/2504.03551,,https://arxiv.org/abs/2504.03551,,not_recorded_in_frozen_v1_source_layer,JADES spectroscopic Type 1 broad-line AGN sample,,,,,,,,,,,,,,,,,,,,,,,,,,,,,,,,,,,,,,,,,,,,,,,,,,,,,,,,,,,,,,published_blagn_with_robust_detection_and_no_recorded_alternative_interpretation,type1_broad_line,broad_balmer_line,,not_reported,True,True,,,,,,,,,,True,only catalogue measurement in this release,singleton assignment,v1 catalogue,HZS-GS-172975,inherited_provisional_one_to_one_no_verified_multinucleus_link,resolved,not_recorded,not_required,,0.32,0.32,0.14,0.14,0.04,0.04,published_asymmetric_table_uncertainty_semantics_not_further_specified_in_v1,False,,True,balmer_single_epoch_primary_stratum,object_specific,eligible_numeric_mass_with_resolved_identity_and_lensing,eligible_secure_or_probable_primary_comparable_mass,,,,,,,,,,,,,,,,,,,,,,,1,GS172975_juodzbalis25,GS-172975,juodzbalis25_jades_blagn,secure,published_blagn_with_robust_detection_and_no_recorded_alternative_interpretation,preferred_measurement_controls_object_status;all_measurement_statuses_retained,0.5245778551942444,0.32473867226310377,0.22481908079753335,4.247585802746482,-2.7580473241783974,True,0.4946019777545733,0.5545537326339155,3.9475858027464814,4.547585802746481,False,navigation_only_no_cross_class_science_claim,False,available_not_growth_history
v2-shared-science,v2-dataset-catalogue,physical_object,70,70,70,70,67,HZA-J0109M3047-BHAE-1,J0109M3047BHAE1_lin24,HZA-J0109M3047-BHAE-1,J0109M3047-BHAE-1,lin24_aspire_blagn,broad_line_agn,virial_balmer_single_epoch,secure,4.36,7.86,single-epoch-virial-halpha-reines2013,low,18.667968732616654,v2-dataset-catalogue,17.4772,-30.8353,spec,1.3874613235022395,ASPIRE,0.11,0.11,individual_robust,,,,,45.0,0.04,0.04,broad-halpha-to-l5100-greene-ho2005;bolometric-correction-richards2006,,,,,0.1095543067145146,,not_evaluable,,,,True,False,True,True,mstar;edd_ratio;lensing,single-epoch-virial-halpha-reines2013,missing-host-mstar,broad-halpha-to-l5100-greene-ho2005;bolometric-correction-richards2006,robust,v2,Tables 1-3,Nominal source-table Halpha mass and luminosity are not dust corrected; formal MBH errors exclude the 0.5 dex estimator systematic.,ASPIRE,J0109M3047,broad-halpha,Halpha,,,,,,,,,,2821.0,351.0,351.0,,True,Table_1_explicitly_calls_all_16_sources_LRDs,0.0,0.5,Reines et al. (2013) Halpha single-epoch estimator intrinsic/calibration uncertainty,False,source-table statistical line-fit propagation,False,formal_mbh_errors_exclude_virial_systematic;nominal_mass_and_lbol_uncorrected_for_dust,The Astrophysical Journal 974:147 (2024); arXiv:2407.17570v1,https://doi.org/10.3847/1538-4357/ad6565,10.3847/1538-4357/ad6565,https://arxiv.org/e-print/2407.17570v1,fc1c4d96e4a568b09b3caefa0fdde1c7fabe8decad71fb6423ff37c912b024cd,2026-08-22,compact red photometric preselection; integrated line S/N >5; robust broad Halpha FWHM >1000 km/s; visual artifact and contamination rejection,0.0006,17.4772,-30.8353,,,5.08,0.55,0.55,6.33,1.81,1.81,559.0,119.0,119.0,630.0,119.0,119.0,F356W,24.647,0.008,0.008,,,,-17.21,0.31,0.31,-0.07,0.74,0.74,1.08,0.32,0.32,,,,,,,,,,,,,,,,,,,,,,,,,,,,,published_blagn_with_robust_detection_and_no_recorded_alternative_interpretation,type1_broad_line,broad_halpha,lrd,not_reported,True,True,,,,,,,,,,True,only catalogue measurement in this release,singleton assignment after coordinate-redshift search,no candidate within 0.5 arcsec and delta-z 0.01,HZS-J0109M3047-BHAE-1,inherited_provisional_one_to_one_no_verified_multinucleus_link,resolved,recorded,not_required,,0.11,0.11,,,0.04,0.04,source-table statistical line-fit propagation,False,,True,balmer_single_epoch_primary_stratum,not_published,eligible_numeric_mass_with_resolved_identity_and_lensing,eligible_secure_or_probable_primary_comparable_mass,,,,,,,,,,,,,,,,,,,,,,,1,J0109M3047BHAE1_lin24,J0109M3047-BHAE-1,lin24_aspire_blagn,secure,published_blagn_with_robust_detection_and_no_recorded_alternative_interpretation,preferred_measurement_controls_object_status;all_measurement_statuses_retained,0.5240156247913998,0.34517070165440333,0.2557482400859051,4.505138204228501,-3.3228726525716654,True,0.4793043940071508,0.5687268555756488,4.005138204228501,5.0051382042284995,False,navigation_only_no_cross_class_science_claim,False,unavailable_not_published
v2-shared-science,v2-dataset-catalogue,physical_object,71,71,71,71,68,HZA-RUBIES-EGS-46985,RUBIESEGS46985_taylor24,HZA-RUBIES-EGS-46985,RUBIES-EGS-46985,taylor24_ceers_rubies_blagn,broad_line_agn,virial_balmer_single_epoch,secure,4.963,6.9,single-epoch-virial-halpha-reines2013,low,18.40072497695864,v2-dataset-catalogue,214.805654,52.809497,spec,1.1831727889131478,RUBIES,0.21,0.2,individual_robust,,,,,,,,,,,,,,,not_evaluable,,,,True,True,True,True,mstar;lbol;edd_ratio;lensing,single-epoch-virial-halpha-reines2013,missing-host-mstar,not-published-by-source,robust,v2,Table 1 (Sample of BLAGN),Nominal Table 1 mass and Halpha flux are uncorrected for dust; formal MBH errors exclude the approximately 0.5 dex virial-calibration systematic.,RUBIES,EGS,broad-halpha,Halpha,16.06,1.15,0.93,9.46,0.53,0.59,6.67,0.77,0.65,1290.0,307.0,247.0,1.0,False,Kocevski et al. (2024) full photometric selection applied by Taylor et al.,0.0,0.5,Approximate Reines et al. (2013) single-epoch virial-calibration scatter; may be larger at high redshift,False,16th/84th percentiles from correlated Halpha flux and FWHM posteriors,0.0,formal_mbh_errors_exclude_virial_systematic;nominal_mass_uncorrected_for_dust,The Astrophysical Journal 986:165 (2025); arXiv:2409.06772v2,https://iopscience.iop.org/article/10.3847/1538-4357/add15b,10.3847/1538-4357/add15b,https://arxiv.org/e-print/2409.06772v2,50453a0a975b84f019ceba8da30663e40d83c285376cad119d83fa8e3b31aaa0,2026-08-17,JWST/NIRSpec G395M Halpha; broad FWHM >700 km/s; broad flux S/N >4; Delta BIC >6; secure multi-line spectroscopic redshift; visual QA,,,,,,,,,,,,,,,,,,,,,,,,,,,,,,,,,,,,,,,,,,,,,,,,,,,,,,,,,,,,,,published_blagn_with_robust_detection_and_no_recorded_alternative_interpretation,type1_broad_line,broad_halpha,,not_reported,True,True,,,,,,,,,,True,only catalogue measurement in this release,singleton assignment,"Taylor et al. (2025), Table 1",HZS-RUBIES-EGS-46985,inherited_provisional_one_to_one_no_verified_multinucleus_link,resolved,recorded,not_required,,0.21,0.2,,,,,16th/84th percentiles from correlated Halpha flux and FWHM posteriors,False,,True,balmer_single_epoch_primary_stratum,not_published,eligible_numeric_mass_with_resolved_identity_and_lensing,eligible_secure_or_probable_primary_comparable_mass,,,,,,,,,,,,,,,,,,,,,,,1,RUBIESEGS46985_taylor24,RUBIES-EGS-46985,taylor24_ceers_rubies_blagn,secure,published_blagn_with_robust_detection_and_no_recorded_alternative_interpretation,preferred_measurement_controls_object_status;all_measurement_statuses_retained,0.5208086997235036,0.30823372024452267,0.20194623050503213,4.077466503957366,-2.508444986808783,True,0.4676649548537586,0.573952444593249,3.5774665039573654,4.577466503957366,False,navigation_only_no_cross_class_science_claim,False,unavailable_not_published
v2-shared-science,v2-dataset-catalogue,physical_object,72,72,72,72,,HZA-DC-848185-B,DC848185b_ren25,HZA-DC-848185-B,DC_848185_b,ren25_alpine_cristal_jwst_blagn_candidates,broad_line_agn,virial_balmer_single_epoch,candidate,5.2931,6.43,single-epoch-virial-halpha-reines2013,low,17.86184698179964,v2-dataset-catalogue,150.0896631,2.5863339,far_ir_cii_spectroscopic,1.0915872964881528,ALPINE-CRISTAL-JWST,0.2,0.2,individual_tentative,10.37,0.08,0.19,faisst2020_integrated_pre_jwst_broadband_sed,44.17,0.06,0.06,broad_halpha_to_l5100_greeneho2005_bc5100_9p26,-3.939999999999999,0.2412985702402731,0.436515832240166,,0.4361435506806559,0.0003705451175614,consistent,,,,False,False,False,True,lensing,single-epoch-virial-halpha-reines2013,host-sed-with-agn-contamination-risk,broad_halpha_to_l5100_greeneho2005_bc5100_9p26,tentative,v2,Published Table 1,Host-selected broad-Halpha candidate; primary eligibility is controlled separately by the canonical evidence and conditional-mass fields.,,COSMOS,host-selected;broad-halpha,Halpha,,,,,,,2.11,0.33,0.33,955.0,206.0,206.0,1.0,,not reported per published Table 1 row,,0.4,single_epoch_virial_calibration,False,published_formal_errors_propagated_from_broad_halpha_flux_and_fwhm,True,table1_flux_is_dust_corrected;formal_mbh_errors_exclude_0p4dex_virial_systematic;intermediate_width_component;complex_merger_system;no_oiii_outflow_at_peak_b;system_outflow_centered_at_peak_d;shared_integrated_host_mass;complex_gas_kinematics_may_mimic_blr,"MNRAS 544, 211-233 (published 2025-10-25; corrected/typeset 2025-10-28); arXiv:2509.02027v2",https://academic.oup.com/mnras/article/544/1/211/8301219,10.1093/mnras/staf1709,https://arxiv.org/abs/2509.02027v2,c528c375fda9362433184cb35775a5f4ca107014f4b1c2f6536d7f15d4f85cca,2026-08-25,18 main-sequence galaxies with Mstar>10^9.5 Msun at z=4.4-5.7; 33 IFU photometric-centre apertures; narrow FWHM<600 km/s; added broad Halpha Gaussian constrained FWHM>600 km/s; DeltaBIC(narrow minus narrow+broad)>10; broad-flux S/N>3; OIII outflow comparison and broad-to-narrow flux-ratio veto,,,,,,,,,,,,,,,,,,,,,,,,,,,,,,,,,,,,,,,,,0.2,,,,,,,,,,,,,,,,,1.0,,,,source_type1_candidate_with_intermediate_width_halpha_and_outflow_ambiguity,type1_broad_line_candidate,host_selected;broad_halpha,merger;dual_nucleus,not_reported,True,False,,,,,,,,,,True,only catalogue measurement for this physical object,singleton assignment after coordinate-redshift search,no previously admitted candidate within 0.5 arcsec and delta-z 0.01,HZS-DC-848185,source_verified_multinucleus_host,resolved,recorded,not_required,,0.2,0.2,0.08,0.19,0.06,0.06,published_formal_errors_propagated_from_broad_halpha_flux_and_fwhm,True,mass_valid_only_if_broad_component_is_blr,True,balmer_single_epoch_primary_stratum,shared_host_system_total,eligible_numeric_mass_with_resolved_identity_and_lensing,candidate_evidence_excluded,-0.36,source_derived_from_same_lbol_and_virial_mbh,DC_848185,HZ6;LBG-1;CRISTAL-02;peak-b,2.11,0.33,955.0,206.0,0.81,0.0,0.0,0.0,,,,,,,,,,,1,DC848185b_ren25,DC_848185_b,ren25_alpine_cristal_jwst_blagn_candidates,candidate,source_type1_candidate_with_intermediate_width_halpha_and_outflow_ambiguity,preferred_measurement_controls_object_status;all_measurement_statuses_retained,0.5143421637815957,0.28213351196146214,0.1660291860513954,3.84611694785277,-2.182943507157434,True,0.4679004334175688,0.5607838941456225,3.4461169478527696,4.24611694785277,False,navigation_only_no_cross_class_science_claim,False,available_not_growth_history
v2-shared-science,v2-dataset-catalogue,physical_object,73,73,73,73,,HZA-DC-873321,DC873321_ren25,HZA-DC-873321,DC_873321,ren25_alpine_cristal_jwst_blagn_candidates,broad_line_agn,virial_balmer_single_epoch,candidate,5.1542,6.59,single-epoch-virial-halpha-reines2013,low,17.81032971783077,v2-dataset-catalogue,150.0169147,2.6266375,far_ir_cii_spectroscopic,1.1286377314898133,ALPINE-CRISTAL-JWST,0.21,0.21,individual_tentative,9.97,0.13,0.16,faisst2020_integrated_pre_jwst_broadband_sed,44.41,0.05,0.05,broad_halpha_to_l5100_greeneho2005_bc5100_9p26,-3.380000000000001,0.2551960031034969,0.5248074602497725,,0.5243598793710992,0.0003705451175701,consistent,,,,False,False,False,True,lensing,single-epoch-virial-halpha-reines2013,host-sed-with-agn-contamination-risk,broad_halpha_to_l5100_greeneho2005_bc5100_9p26,tentative,v2,Published Table 1,Host-selected broad-Halpha candidate; primary eligibility is controlled separately by the canonical evidence and conditional-mass fields.,,COSMOS,host-selected;broad-halpha,Halpha,,,,,,,4.27,0.61,0.61,986.0,231.0,231.0,1.0,,not reported per published Table 1 row,,0.4,single_epoch_virial_calibration,False,published_formal_errors_propagated_from_broad_halpha_flux_and_fwhm,True,table1_flux_is_dust_corrected;formal_mbh_errors_exclude_0p4dex_virial_systematic;intermediate_width_component;oiii_outflow_detected;distinct_broad_halpha_and_outflow_kinematics;merger_system;complex_gas_kinematics_may_mimic_blr,"MNRAS 544, 211-233 (published 2025-10-25; corrected/typeset 2025-10-28); arXiv:2509.02027v2",https://academic.oup.com/mnras/article/544/1/211/8301219,10.1093/mnras/staf1709,https://arxiv.org/abs/2509.02027v2,c528c375fda9362433184cb35775a5f4ca107014f4b1c2f6536d7f15d4f85cca,2026-08-25,18 main-sequence galaxies with Mstar>10^9.5 Msun at z=4.4-5.7; 33 IFU photometric-centre apertures; narrow FWHM<600 km/s; added broad Halpha Gaussian constrained FWHM>600 km/s; DeltaBIC(narrow minus narrow+broad)>10; broad-flux S/N>3; OIII outflow comparison and broad-to-narrow flux-ratio veto,,,,,,,,,,,,,,,,,,,,,,,,,,,,,,,,,,,,,,,,,0.15,,,,,,,,,,,,,,,,,0.0,,,,source_type1_candidate_with_intermediate_width_halpha_and_outflow_ambiguity,type1_broad_line_candidate,host_selected;broad_halpha,merger,not_reported,True,False,,,,,,,,,,True,only catalogue measurement for this physical object,singleton assignment after coordinate-redshift search,no previously admitted candidate within 0.5 arcsec and delta-z 0.01,HZS-DC-873321,source_verified_single_object_host,resolved,recorded,not_required,,0.21,0.21,0.13,0.16,0.05,0.05,published_formal_errors_propagated_from_broad_halpha_flux_and_fwhm,True,mass_valid_only_if_broad_component_is_blr,True,balmer_single_epoch_primary_stratum,object_specific,eligible_numeric_mass_with_resolved_identity_and_lensing,candidate_evidence_excluded,-0.28,source_derived_from_same_lbol_and_virial_mbh,DC_873321,HZ8;CRISTAL-07,4.27,0.61,986.0,231.0,0.62,0.0,1.0,0.0,,,,,,,,,,,1,DC873321_ren25,DC_873321,ren25_alpine_cristal_jwst_blagn_candidates,candidate,source_type1_candidate_with_intermediate_width_halpha_and_outflow_ambiguity,preferred_measurement_controls_object_status;all_measurement_statuses_retained,0.5137239566139692,0.28987909534426587,0.17795666470941415,3.9095721510127524,-2.3447594966241603,True,0.4689549843600286,0.5584929288679099,3.509572151012752,4.309572151012753,False,navigation_only_no_cross_class_science_claim,False,available_not_growth_history
v2-shared-science,v2-dataset-catalogue,physical_object,74,74,74,74,,HZA-DC-417567,DC417567_ren25,HZA-DC-417567,DC_417567,ren25_alpine_cristal_jwst_blagn_candidates,broad_line_agn,virial_balmer_single_epoch,candidate,5.67,6.0,single-epoch-virial-halpha-reines2013,low,17.6106406844169,v2-dataset-catalogue,150.5170078,1.9289283,far_ir_cii_spectroscopic,1.0006154573460242,ALPINE-CRISTAL-JWST,0.1,0.1,individual_tentative,9.81,0.18,0.11,faisst2020_integrated_pre_jwst_broadband_sed,44.15,0.09,0.09,broad_halpha_to_l5100_greeneho2005_bc5100_9p26,-3.810000000000001,0.1761391495380853,1.1220184543019631,,1.1210615433513873,0.0003705451175648,consistent,,,,False,False,False,True,lensing,single-epoch-virial-halpha-reines2013,host-sed-with-agn-contamination-risk,broad_halpha_to_l5100_greeneho2005_bc5100_9p26,tentative,v2,Published Table 1,Host-selected broad-Halpha candidate; primary eligibility is controlled separately by the canonical evidence and conditional-mass fields.,,COSMOS,host-selected;broad-halpha,Halpha,,,,,,,1.69,0.42,0.42,596.0,60.0,60.0,1.0,,not reported per published Table 1 row,,0.4,single_epoch_virial_calibration,False,published_formal_errors_propagated_from_broad_halpha_flux_and_fwhm,True,table1_flux_is_dust_corrected;formal_mbh_errors_exclude_0p4dex_virial_systematic;intermediate_width_component;instrument_corrected_fwhm_below_600_km_s;barely_above_4sigma;no_oiii_outflow;bpt_agn_region;complex_gas_kinematics_may_mimic_blr,"MNRAS 544, 211-233 (published 2025-10-25; corrected/typeset 2025-10-28); arXiv:2509.02027v2",https://academic.oup.com/mnras/article/544/1/211/8301219,10.1093/mnras/staf1709,https://arxiv.org/abs/2509.02027v2,c528c375fda9362433184cb35775a5f4ca107014f4b1c2f6536d7f15d4f85cca,2026-08-25,18 main-sequence galaxies with Mstar>10^9.5 Msun at z=4.4-5.7; 33 IFU photometric-centre apertures; narrow FWHM<600 km/s; added broad Halpha Gaussian constrained FWHM>600 km/s; DeltaBIC(narrow minus narrow+broad)>10; broad-flux S/N>3; OIII outflow comparison and broad-to-narrow flux-ratio veto,,,,,,,,,,,,,,,,,,,,,,,,,,,,,,,,,,,,,,,,,0.0,,,,,,,,,,,,,,,,,0.0,,,,source_type1_candidate_with_intermediate_width_halpha_and_outflow_ambiguity,type1_broad_line_candidate,host_selected;broad_halpha,merger,not_reported,True,False,,,,,,,,,,True,only catalogue measurement for this physical object,singleton assignment after coordinate-redshift search,no previously admitted candidate within 0.5 arcsec and delta-z 0.01,HZS-DC-417567,source_verified_single_object_host,resolved,recorded,not_required,,0.1,0.1,0.18,0.11,0.09,0.09,published_formal_errors_propagated_from_broad_halpha_flux_and_fwhm,True,mass_valid_only_if_broad_component_is_blr,True,balmer_single_epoch_primary_stratum,object_specific,eligible_numeric_mass_with_resolved_identity_and_lensing,candidate_evidence_excluded,0.05,source_derived_from_same_lbol_and_virial_mbh,DC_417567,HZ2;CRISTAL-10,1.69,0.42,596.0,60.0,0.0,0.0,0.0,0.0,,,,,,,,,,,1,DC417567_ren25,DC_417567,ren25_alpine_cristal_jwst_blagn_candidates,candidate,source_type1_candidate_with_intermediate_width_halpha_and_outflow_ambiguity,preferred_measurement_controls_object_status;all_measurement_statuses_retained,0.5113276882130028,0.2556638441065014,0.1278319220532507,3.6531683543408695,-1.8227721521971025,True,0.46019491939170243,0.5624604570343033,3.253168354340869,4.05316835434087,False,navigation_only_no_cross_class_science_claim,False,available_not_growth_history
v2-shared-science,v2-dataset-catalogue,physical_object,75,75,75,75,69,HZA-GS-8083,GS8083_juodzbalis25,HZA-GS-8083,GS-8083,juodzbalis25_jades_blagn,broad_line_agn,virial_balmer_single_epoch,secure,4.753,7.1,single-epoch-virial-halpha,low,17.61009069975248,v2-dataset-catalogue,53.13284,-27.80186,spec,1.2483035089057362,JADES,0.31,0.31,individual_robust,8.27,0.14,0.13,beagle-spectral-decomposition,44.03,0.04,0.04,balmer-line-bolometric-correction,-1.17,0.3381198012539342,0.07,0.0095,0.0675506379525694,0.0154685851318205,consistent,1.0,,,False,False,False,True,lensing,single-epoch-virial,host-sed-with-agn-contamination-risk,balmer-line-bolometric-correction,robust,v2,"Table 2 (BH/Lbol/lambda_Edd), Table 5 (Mstar)",Robust sample; Mstar uses BEAGLE value.,,GOODS-S,,,,,,,,,,,,,,,,,,,0.3,source_stated_single_epoch_virial_calibration_uncertainty,False,,,,"MNRAS 546, stag086 (2026); arXiv:2504.03551",https://arxiv.org/abs/2504.03551,,https://arxiv.org/abs/2504.03551,,not_recorded_in_frozen_v1_source_layer,JADES spectroscopic Type 1 broad-line AGN sample,,,,,,,,,,,,,,,,,,,,,,,,,,,,,,,,,,,,,,,,,,,,,,,,,,,,,,,,,,,,,,published_blagn_with_robust_detection_and_no_recorded_alternative_interpretation,type1_broad_line,broad_balmer_line,,not_reported,True,True,,,,,,,,,,True,only catalogue measurement in this release,singleton assignment,v1 catalogue,HZS-GS-8083,inherited_provisional_one_to_one_no_verified_multinucleus_link,resolved,not_recorded,not_required,,0.31,0.31,0.14,0.13,0.04,0.04,published_asymmetric_table_uncertainty_semantics_not_further_specified_in_v1,False,,True,balmer_single_epoch_primary_stratum,object_specific,eligible_numeric_mass_with_resolved_identity_and_lensing,eligible_secure_or_probable_primary_comparable_mass,,,,,,,,,,,,,,,,,,,,,,,1,GS8083_juodzbalis25,GS-8083,juodzbalis25_jades_blagn,secure,published_blagn_with_robust_detection_and_no_recorded_alternative_interpretation,preferred_measurement_controls_object_status;all_measurement_statuses_retained,0.5113210883970297,0.31080301451584164,0.21054397757524754,4.107751030186363,-2.8741632327121227,True,0.4812433773148516,0.541398799479208,3.8077510301863633,4.407751030186363,False,navigation_only_no_cross_class_science_claim,False,available_not_growth_history
v2-shared-science,v2-dataset-catalogue,physical_object,76,76,76,76,70,HZA-RUBIES-EGS-29489,RUBIESEGS29489_taylor24,HZA-RUBIES-EGS-29489,RUBIES-EGS-29489,taylor24_ceers_rubies_blagn,broad_line_agn,virial_balmer_single_epoch,secure,4.543,7.39,single-epoch-virial-halpha-reines2013,low,17.39989447463301,v2-dataset-catalogue,215.022071,52.920786,spec,1.319616479433939,RUBIES,0.08,0.09,individual_robust,,,,,,,,,,,,,,,not_evaluable,,,,True,True,True,True,mstar;lbol;edd_ratio;lensing,single-epoch-virial-halpha-reines2013,missing-host-mstar,not-published-by-source,robust,v2,Table 1 (Sample of BLAGN),Nominal Table 1 mass and Halpha flux are uncorrected for dust; formal MBH errors exclude the approximately 0.5 dex virial-calibration systematic.,RUBIES,EGS,broad-halpha,Halpha,13.48,0.74,0.74,2.21,0.63,0.74,11.32,0.78,0.79,2055.0,198.0,185.0,1.0,True,Kocevski et al. (2024) full photometric selection applied by Taylor et al.,0.0,0.5,Approximate Reines et al. (2013) single-epoch virial-calibration scatter; may be larger at high redshift,False,16th/84th percentiles from correlated Halpha flux and FWHM posteriors,0.0,formal_mbh_errors_exclude_virial_systematic;nominal_mass_uncorrected_for_dust,The Astrophysical Journal 986:165 (2025); arXiv:2409.06772v2,https://iopscience.iop.org/article/10.3847/1538-4357/add15b,10.3847/1538-4357/add15b,https://arxiv.org/e-print/2409.06772v2,50453a0a975b84f019ceba8da30663e40d83c285376cad119d83fa8e3b31aaa0,2026-08-17,JWST/NIRSpec G395M Halpha; broad FWHM >700 km/s; broad flux S/N >4; Delta BIC >6; secure multi-line spectroscopic redshift; visual QA,,,,,,,,,,,,,,,,,,,,,,,,,,,,,,,,,,,,,,,,,,,,,,,,,,,,,,,,,,,,,,published_blagn_with_robust_detection_and_no_recorded_alternative_interpretation,type1_broad_line,broad_halpha,lrd,not_reported,True,True,,,,,,,,,,True,only catalogue measurement in this release,singleton assignment,"Taylor et al. (2025), Table 1",HZS-RUBIES-EGS-29489,inherited_provisional_one_to_one_no_verified_multinucleus_link,resolved,recorded,not_required,,0.08,0.09,,,,,16th/84th percentiles from correlated Halpha flux and FWHM posteriors,False,,True,balmer_single_epoch_primary_stratum,not_published,eligible_numeric_mass_with_resolved_identity_and_lensing,eligible_secure_or_probable_primary_comparable_mass,,,,,,,,,,,,,,,,,,,,,,,1,RUBIESEGS29489_taylor24,RUBIES-EGS-29489,taylor24_ceers_rubies_blagn,secure,published_blagn_with_robust_detection_and_no_recorded_alternative_interpretation,preferred_measurement_controls_object_status;all_measurement_statuses_retained,0.5087987336955961,0.3200051404875827,0.225608343883576,4.2119260526551985,-3.2035798244826728,True,0.46160033539359274,0.5559971319975996,3.7119260526551985,4.7119260526551985,False,navigation_only_no_cross_class_science_claim,False,unavailable_not_published
v2-shared-science,v2-dataset-catalogue,physical_object,77,77,77,77,71,HZA-RUBIES-EGS-45599,RUBIESEGS45599_taylor24,HZA-RUBIES-EGS-45599,RUBIES-EGS-45599,taylor24_ceers_rubies_blagn,broad_line_agn,virial_balmer_single_epoch,secure,4.862,6.86,single-epoch-virial-halpha-reines2013,low,16.863727283703348,v2-dataset-catalogue,214.831103,52.824124,spec,1.2137742718438405,RUBIES,0.13,0.13,individual_robust,,,,,,,,,,,,,,,not_evaluable,,,,True,True,True,True,mstar;lbol;edd_ratio;lensing,single-epoch-virial-halpha-reines2013,missing-host-mstar,not-published-by-source,robust,v2,Table 1 (Sample of BLAGN),Nominal Table 1 mass and Halpha flux are uncorrected for dust; formal MBH errors exclude the approximately 0.5 dex virial-calibration systematic.,RUBIES,EGS,broad-halpha,Halpha,7.57,0.35,0.35,4.68,0.29,0.3,2.9,0.35,0.34,1498.0,228.0,203.0,1.0,False,Kocevski et al. (2024) full photometric selection applied by Taylor et al.,0.0,0.5,Approximate Reines et al. (2013) single-epoch virial-calibration scatter; may be larger at high redshift,False,16th/84th percentiles from correlated Halpha flux and FWHM posteriors,0.0,formal_mbh_errors_exclude_virial_systematic;nominal_mass_uncorrected_for_dust,The Astrophysical Journal 986:165 (2025); arXiv:2409.06772v2,https://iopscience.iop.org/article/10.3847/1538-4357/add15b,10.3847/1538-4357/add15b,https://arxiv.org/e-print/2409.06772v2,50453a0a975b84f019ceba8da30663e40d83c285376cad119d83fa8e3b31aaa0,2026-08-17,JWST/NIRSpec G395M Halpha; broad FWHM >700 km/s; broad flux S/N >4; Delta BIC >6; secure multi-line spectroscopic redshift; visual QA,,,,,,,,,,,,,,,,,,,,,,,,,,,,,,,,,,,,,,,,,,,,,,,,,,,,,,,,,,,,,,published_blagn_with_robust_detection_and_no_recorded_alternative_interpretation,type1_broad_line,broad_halpha,,not_reported,True,True,,,,,,,,,,True,only catalogue measurement in this release,singleton assignment,"Taylor et al. (2025), Table 1",HZS-RUBIES-EGS-45599,inherited_provisional_one_to_one_no_verified_multinucleus_link,resolved,recorded,not_required,,0.13,0.13,,,,,16th/84th percentiles from correlated Halpha flux and FWHM posteriors,False,,True,balmer_single_epoch_primary_stratum,not_published,eligible_numeric_mass_with_resolved_identity_and_lensing,eligible_secure_or_probable_primary_comparable_mass,,,,,,,,,,,,,,,,,,,,,,,1,RUBIESEGS45599_taylor24,RUBIES-EGS-45599,taylor24_ceers_rubies_blagn,secure,published_blagn_with_robust_detection_and_no_recorded_alternative_interpretation,preferred_measurement_controls_object_status;all_measurement_statuses_retained,0.5023647274044402,0.2956302716824483,0.19226304382145243,3.957726172908227,-2.814246090305912,True,0.4506811134739422,0.5540483413349382,3.457726172908227,4.457726172908227,False,navigation_only_no_cross_class_science_claim,False,unavailable_not_published
v2-shared-science,v2-dataset-catalogue,physical_object,78,78,78,78,72,HZA-GN-20621,GN20621_juodzbalis25,HZA-GN-20621,GN-20621,juodzbalis25_jades_blagn,broad_line_agn,virial_balmer_single_epoch,secure,4.682,7.05,single-epoch-virial-halpha,low,16.350466077351758,v2-dataset-catalogue,189.12252,62.29285,spec,1.2716827949057186,JADES,0.35,0.34,individual_robust,8.41,1.58,1.58,beagle-spectral-decomposition,44.17,0.16,0.13,balmer-line-bolometric-correction,-1.3600000000000003,1.617227565928803,0.11,0.04,0.1046235506790809,0.0217632302757838,consistent,1.0,,,False,False,False,True,lensing,single-epoch-virial,host-sed-with-agn-contamination-risk,balmer-line-bolometric-correction,robust,v2,"Table 2 (BH/Lbol/lambda_Edd), Table 5 (Mstar)",Robust sample; Mstar uses BEAGLE value.,,GOODS-N,,,,,,,,,,,,,,,,,,,0.3,source_stated_single_epoch_virial_calibration_uncertainty,False,,,,"MNRAS 546, stag086 (2026); arXiv:2504.03551",https://arxiv.org/abs/2504.03551,,https://arxiv.org/abs/2504.03551,,not_recorded_in_frozen_v1_source_layer,JADES spectroscopic Type 1 broad-line AGN sample,,,,,,,,,,,,,,,,,,,,,,,,,,,,,,,,,,,,,,,,,,,,,,,,,,,,,,,,,,,,,,published_blagn_with_robust_detection_and_no_recorded_alternative_interpretation,type1_broad_line,broad_balmer_line,,not_reported,True,True,,,,,,,,,,True,only catalogue measurement in this release,singleton assignment,v1 catalogue,HZS-GN-20621,inherited_provisional_one_to_one_no_verified_multinucleus_link,resolved,not_recorded,not_required,,0.35,0.34,1.58,1.58,0.16,0.13,published_asymmetric_table_uncertainty_semantics_not_further_specified_in_v1,False,,True,balmer_single_epoch_primary_stratum,object_specific,eligible_numeric_mass_with_resolved_identity_and_lensing,eligible_secure_or_probable_primary_comparable_mass,,,,,,,,,,,,,,,,,,,,,,,1,GN20621_juodzbalis25,GN-20621,juodzbalis25_jades_blagn,secure,published_blagn_with_robust_detection_and_no_recorded_alternative_interpretation,preferred_measurement_controls_object_status;all_measurement_statuses_retained,0.4962055929282211,0.29968852642199495,0.20142999316888183,3.9968300607825813,-3.1272331307247283,True,0.4667280329522872,0.5256831529041549,3.6968300607825815,4.296830060782581,False,navigation_only_no_cross_class_science_claim,False,available_not_growth_history
v2-shared-science,v2-dataset-catalogue,physical_object,79,79,79,79,73,HZA-RUBIES-EGS-17146,RUBIESEGS17146_taylor24,HZA-RUBIES-EGS-17146,RUBIES-EGS-17146,taylor24_ceers_rubies_blagn,broad_line_agn,virial_balmer_single_epoch,secure,5.0,6.6,single-epoch-virial-halpha-reines2013,low,16.1573536518406,v2-dataset-catalogue,214.949482,52.845415,spec,1.1722819008829126,RUBIES,0.25,0.15,individual_robust,,,,,,,,,,,,,,,not_evaluable,,,,True,True,True,True,mstar;lbol;edd_ratio;lensing,single-epoch-virial-halpha-reines2013,missing-host-mstar,not-published-by-source,robust,v2,Table 1 (Sample of BLAGN),Nominal Table 1 mass and Halpha flux are uncorrected for dust; formal MBH errors exclude the approximately 0.5 dex virial-calibration systematic.,RUBIES,EGS,broad-halpha,Halpha,36.8,1.38,1.29,21.82,4.59,5.21,15.01,4.61,3.9,763.0,306.0,150.0,1.0,False,Kocevski et al. (2024) full photometric selection applied by Taylor et al.,0.0,0.5,Approximate Reines et al. (2013) single-epoch virial-calibration scatter; may be larger at high redshift,False,16th/84th percentiles from correlated Halpha flux and FWHM posteriors,0.0,formal_mbh_errors_exclude_virial_systematic;nominal_mass_uncorrected_for_dust,The Astrophysical Journal 986:165 (2025); arXiv:2409.06772v2,https://iopscience.iop.org/article/10.3847/1538-4357/add15b,10.3847/1538-4357/add15b,https://arxiv.org/e-print/2409.06772v2,50453a0a975b84f019ceba8da30663e40d83c285376cad119d83fa8e3b31aaa0,2026-08-17,JWST/NIRSpec G395M Halpha; broad FWHM >700 km/s; broad flux S/N >4; Delta BIC >6; secure multi-line spectroscopic redshift; visual QA,,,,,,,,,,,,,,,,,,,,,,,,,,,,,,,,,,,,,,,,,,,,,,,,,,,,,,,,,,,,,,published_blagn_with_robust_detection_and_no_recorded_alternative_interpretation,type1_broad_line,broad_halpha,,not_reported,True,True,,,,,,,,,,True,only catalogue measurement in this release,singleton assignment,"Taylor et al. (2025), Table 1",HZS-RUBIES-EGS-17146,inherited_provisional_one_to_one_no_verified_multinucleus_link,resolved,recorded,not_required,,0.25,0.15,,,,,16th/84th percentiles from correlated Halpha flux and FWHM posteriors,False,,True,balmer_single_epoch_primary_stratum,not_published,eligible_numeric_mass_with_resolved_identity_and_lensing,eligible_secure_or_probable_primary_comparable_mass,,,,,,,,,,,,,,,,,,,,,,,1,RUBIESEGS17146_taylor24,RUBIES-EGS-17146,taylor24_ceers_rubies_blagn,secure,published_blagn_with_robust_detection_and_no_recorded_alternative_interpretation,preferred_measurement_controls_object_status;all_measurement_statuses_retained,0.4938882438220872,0.27915422476900575,0.17178721524246504,3.8058456194047086,-2.713847935317638,True,0.44020473905881674,0.5475717485853574,3.3058456194047086,4.305845619404709,False,navigation_only_no_cross_class_science_claim,False,unavailable_not_published
v2-shared-science,v2-dataset-catalogue,physical_object,80,80,80,80,74,HZA-J0100-16221,J010016221_matthee23,HZA-J0100-16221,J0100-16221,matthee23_eiger_fresco_blagn,broad_line_agn,virial_balmer_single_epoch,secure,4.349,7.53,single-epoch-virial-halpha-reines2013,low,16.07288387583596,v2-dataset-catalogue,15.03404167,28.05157778,spec,1.3917233673463694,EIGER,0.07,0.07,individual_robust,,,,,44.85125834871908,0.0352323764534065,0.0383449920762196,broad-halpha-to-l5100-greene-ho2005;bolometric-correction-richards2006,,,,,0.1662982976931063,,not_evaluable,,,,True,False,True,True,mstar;edd_ratio;lensing,single-epoch-virial-halpha-reines2013,missing-host-mstar,broad-halpha-to-l5100-greene-ho2005;bolometric-correction-richards2006,robust,v2,Tables 1-3,Nominal source-table Halpha mass and luminosity are not dust corrected; formal MBH errors exclude the 0.5 dex estimator systematic.,EIGER,J0100,broad-halpha,Halpha,,,,,,,,,,2145.0,127.0,127.0,,True,paper_sample_label_little_red_dot,0.0,0.5,Reines et al. (2013) Halpha single-epoch estimator intrinsic/calibration uncertainty,False,source-table statistical line-fit propagation,False,formal_mbh_errors_exclude_virial_systematic;nominal_mass_uncorrected_for_dust,The Astrophysical Journal 963:129 (2024); arXiv:2306.05448v3,https://doi.org/10.3847/1538-4357/ad2345,10.3847/1538-4357/ad2345,https://arxiv.org/e-print/2306.05448v3,b3e6f5385e694d92a7456f81eb123a305468baf743cebc7aeea820befb9b1190,2026-08-22,broad Halpha S/N >5; broad Halpha luminosity >2e42 erg/s; broad FWHM >1000 km/s; visual rejection of spatial-broadening impostors,,01:00:08.17,+28:03:05.68,0.65,0.01,3.4,0.3,0.3,,,,,,,543.0,67.0,67.0,F356W,24.92,0.04,0.04,26.41,0.05,0.05,-18.9,0.1,0.1,-1.42,0.19,0.19,-0.5,0.14,0.14,-0.6,7.1,0.6,0.6,,,,,,,,,,,,,,,,,,,,,,,,,published_blagn_with_robust_detection_and_no_recorded_alternative_interpretation,type1_broad_line,broad_halpha,lrd,not_reported,True,True,,,,,,,,,,True,only catalogue measurement in this release,singleton assignment after coordinate-redshift search,no candidate within 0.5 arcsec and delta-z 0.01,HZS-J0100-16221,inherited_provisional_one_to_one_no_verified_multinucleus_link,resolved,recorded,not_required,,0.07,0.07,,,0.0352323764534065,0.0383449920762196,source-table statistical line-fit propagation,False,,True,balmer_single_epoch_primary_stratum,not_published,eligible_numeric_mass_with_resolved_identity_and_lensing,eligible_secure_or_probable_primary_comparable_mass,,,,,,,,,,,,,,,,,,,,,,,1,J010016221_matthee23,J0100-16221,matthee23_eiger_fresco_blagn,secure,published_blagn_with_robust_detection_and_no_recorded_alternative_interpretation,preferred_measurement_controls_object_status;all_measurement_statuses_retained,0.4928746065100315,0.31461977594582485,0.22549236066372144,4.164032311489689,-3.6898922950343715,True,0.44831089886897985,0.5374383141510832,3.664032311489689,4.66403231148969,False,navigation_only_no_cross_class_science_claim,False,unavailable_not_published
v2-shared-science,v2-dataset-catalogue,physical_object,81,81,81,81,75,HZA-J1526M2050-BHAE-1,J1526M2050BHAE1_lin24,HZA-J1526M2050-BHAE-1,J1526M2050-BHAE-1,lin24_aspire_blagn,broad_line_agn,virial_balmer_single_epoch,probable,4.1573,7.85,single-epoch-virial-halpha-reines2013,low,15.977907217452895,v2-dataset-catalogue,231.6589,-20.8692,spec,1.4696384835006568,ASPIRE,0.1,0.1,individual_robust,,,,,45.22,0.03,0.03,broad-halpha-to-l5100-greene-ho2005;bolometric-correction-richards2006,,,,,0.1860499059777703,,not_evaluable,,,,True,False,True,True,mstar;edd_ratio;lensing,single-epoch-virial-halpha-reines2013,missing-host-mstar,broad-halpha-to-l5100-greene-ho2005;bolometric-correction-richards2006,robust,v2,Tables 1-3,Nominal source-table Halpha mass and luminosity are not dust corrected; formal MBH errors exclude the 0.5 dex estimator systematic.,ASPIRE,J1526M2050,broad-halpha,Halpha,,,,,,,,,,2433.0,260.0,260.0,,True,Table_1_explicitly_calls_all_16_sources_LRDs,1.0,0.5,Reines et al. (2013) Halpha single-epoch estimator intrinsic/calibration uncertainty,False,source-table statistical line-fit propagation,False,blueshifted_halpha_absorption_357_km_s;absorption_interpretation_uncertain;total_luminosity_reported_without_absorption;formal_mbh_errors_exclude_virial_systematic;nominal_mass_and_lbol_uncorrected_for_dust,The Astrophysical Journal 974:147 (2024); arXiv:2407.17570v1,https://doi.org/10.3847/1538-4357/ad6565,10.3847/1538-4357/ad6565,https://arxiv.org/e-print/2407.17570v1,fc1c4d96e4a568b09b3caefa0fdde1c7fabe8decad71fb6423ff37c912b024cd,2026-08-22,compact red photometric preselection; integrated line S/N >5; robust broad Halpha FWHM >1000 km/s; visual artifact and contamination rejection,0.0005,231.6589,-20.8692,,,9.2,0.8,0.8,13.21,2.95,2.95,471.0,63.0,63.0,656.0,105.0,105.0,F356W,23.86,0.006,0.006,,,,-18.04,0.15,0.15,-0.13,0.35,0.35,0.87,0.26,0.26,,,,,,,,,,,,,,,,,,,,,,,,,,,,,robust_broad_line_with_recorded_outflow_or_absorption_interpretive_caveat,type1_broad_line,broad_halpha,lrd,not_reported,True,True,,,,,,,,,,True,only catalogue measurement in this release,singleton assignment after coordinate-redshift search,no candidate within 0.5 arcsec and delta-z 0.01,HZS-J1526M2050-BHAE-1,inherited_provisional_one_to_one_no_verified_multinucleus_link,resolved,recorded,not_required,,0.1,0.1,,,0.03,0.03,source-table statistical line-fit propagation,False,,True,balmer_single_epoch_primary_stratum,not_published,eligible_numeric_mass_with_resolved_identity_and_lensing,eligible_secure_or_probable_primary_comparable_mass,,,,,,,,,,,,,,,,,,,,,,,1,J1526M2050BHAE1_lin24,J1526M2050-BHAE-1,lin24_aspire_blagn,probable,robust_broad_line_with_recorded_outflow_or_absorption_interpretive_caveat,preferred_measurement_controls_object_status;all_measurement_statuses_retained,0.4917348866094347,0.32362039546091,0.23956314988664762,4.281003681473741,-4.046654395087533,True,0.44970626382230344,0.5337635093965658,3.7810036814737407,4.781003681473741,False,navigation_only_no_cross_class_science_claim,False,unavailable_not_published
v2-shared-science,v2-dataset-catalogue,physical_object,82,82,82,82,76,HZA-CEERS-01665,CEERS01665_harikane23,HZA-CEERS-01665,CEERS-01665,harikane23_nirspec_blagn,broad_line_agn,virial_balmer_single_epoch,secure,4.483,7.2787536,single-epoch-virial-halpha-greeneho2005,low,15.801314125009288,v2-dataset-catalogue,215.17820833,53.05936111,spec,1.3412424612273763,CEERS,0.15261016,0.13262557,individual_robust,9.92,0.51,0.68,prospector-after-agn-host-image-decomposition,45.68124124,0.39794001,0.60205999,halpha-multicalibration-best-estimate-harikane2023,-2.6412464,0.6118536225415016,1.93,3.1,2.005012547843399,-0.0165597858746597,consistent,1.0,,,False,False,False,True,lensing,single-epoch-virial-halpha-greeneho2005,host-sed-with-agn-contamination-risk,halpha-multicalibration-best-estimate-harikane2023,robust,v2,Tables 1-3,Extinction-corrected broad-Halpha Greene & Ho (2005) mass; source gives no numeric virial-calibration systematic.,JWST/NIRSpec,EGS,broad-halpha,Halpha,,,,,,,,,,1794.0,282.0,171.0,,,,,,not numerically specified by Harikane et al. (2023),False,log transform of published asymmetric linear MBH errors,True,dust_extinction_corrected;virial_calibration_at_z0;source_does_not_state_numeric_virial_systematic,The Astrophysical Journal 959:39 (2023); arXiv:2303.11946v3,https://doi.org/10.3847/1538-4357/ad029e,10.3847/1538-4357/ad029e,https://arxiv.org/e-print/2303.11946v3,02c2951b4594234f8cc015fc811f1ed438d35997249138af4d756d02d44ca4b4,2026-08-23,NIRSpec parent sample at zspec 3.8-8.9; permitted broad Halpha FWHM >1000 km/s and S/N >5; narrow forbidden lines; outflow-component veto; final rows have Delta AIC >20,,14:20:42.77,+53:03:33.7,,,,9e+41,6e+41,,,,,,,,,,,,,,,,,-21.66,0.07,0.07,,,,,,,,,,,8.05,0.19,0.19,0.42,11.6,132.0,6.8e+42,0.28,0.05,0.05,19000000.0,8000000.0,5000000.0,4.8e+45,7.200000000000001e+45,3.6000000000000006e+45,,PSF+Sersic,0.0,0.0,0.0,0.2,typical systematic from fixed SED-fitting prior; Harikane et al. (2023) Section 4.3,False,published_blagn_with_robust_detection_and_no_recorded_alternative_interpretation,type1_broad_line,broad_halpha,,not_reported,True,True,,,,,,,,,,True,only catalogue measurement in this release,singleton assignment after coordinate-redshift search,no candidate within 0.5 arcsec and delta-z 0.01,HZS-CEERS-01665,inherited_provisional_one_to_one_no_verified_multinucleus_link,resolved,recorded,not_required,,0.15261016,0.13262557,0.51,0.68,0.39794001,0.60205999,log transform of published asymmetric linear MBH errors,False,,True,balmer_single_epoch_primary_stratum,object_specific,eligible_numeric_mass_with_resolved_identity_and_lensing,eligible_secure_or_probable_primary_comparable_mass,,,,,,,,,,,,,,,,,,,,,,,1,CEERS01665_harikane23,CEERS-01665,harikane23_nirspec_blagn,secure,published_blagn_with_robust_detection_and_no_recorded_alternative_interpretation,preferred_measurement_controls_object_status;all_measurement_statuses_retained,0.48961576950011143,0.3041114604904575,0.21135930598563057,4.044327385303417,-3.502667115655276,False,,,,,False,navigation_only_no_cross_class_science_claim,False,available_not_growth_history
v2-shared-science,v2-dataset-catalogue,physical_object,83,83,83,83,77,HZA-GN-53757,GN53757_juodzbalis25,HZA-GN-53757,GN-53757,juodzbalis25_jades_blagn,broad_line_agn,virial_balmer_single_epoch,secure,4.447,7.33,single-epoch-virial-halpha,low,15.761974034056184,v2-dataset-catalogue,189.26978,62.19421,spec,1.354502233183852,JADES,0.31,0.31,individual_robust,10.38,0.19,0.19,beagle-spectral-decomposition,44.29,0.02,0.02,balmer-line-bolometric-correction,-3.0500000000000007,0.3635931792539568,0.07,0.0095,0.0723818126472944,-0.0145314148681805,consistent,1.0,,,False,False,False,True,lensing,single-epoch-virial,host-sed-with-agn-contamination-risk,balmer-line-bolometric-correction,robust,v2,"Table 2 (BH/Lbol/lambda_Edd), Table 5 (Mstar)",Robust sample; Mstar uses BEAGLE value.,,GOODS-N,,,,,,,,,,,,,,,,,,,0.3,source_stated_single_epoch_virial_calibration_uncertainty,False,,,,"MNRAS 546, stag086 (2026); arXiv:2504.03551",https://arxiv.org/abs/2504.03551,,https://arxiv.org/abs/2504.03551,,not_recorded_in_frozen_v1_source_layer,JADES spectroscopic Type 1 broad-line AGN sample,,,,,,,,,,,,,,,,,,,,,,,,,,,,,,,,,,,,,,,,,,,,,,,,,,,,,,,,,,,,,,published_blagn_with_robust_detection_and_no_recorded_alternative_interpretation,type1_broad_line,broad_balmer_line,,not_reported,True,True,,,,,,,,,,True,only catalogue measurement in this release,singleton assignment,v1 catalogue,HZS-GN-53757,inherited_provisional_one_to_one_no_verified_multinucleus_link,resolved,not_recorded,not_required,,0.31,0.31,0.19,0.19,0.02,0.02,published_asymmetric_table_uncertainty_semantics_not_further_specified_in_v1,False,,True,balmer_single_epoch_primary_stratum,object_specific,eligible_numeric_mass_with_resolved_identity_and_lensing,eligible_secure_or_probable_primary_comparable_mass,,,,,,,,,,,,,,,,,,,,,,,1,GN53757_juodzbalis25,GN-53757,juodzbalis25_jades_blagn,secure,published_blagn_with_robust_detection_and_no_recorded_alternative_interpretation,preferred_measurement_controls_object_status;all_measurement_statuses_retained,0.48914368840867417,0.3056000905067327,0.2138282915557619,4.06102191055146,-3.5665936314951363,True,0.461612148723383,0.5166752280939654,3.76102191055146,4.361021910551459,False,navigation_only_no_cross_class_science_claim,False,available_not_growth_history
v2-shared-science,v2-dataset-catalogue,physical_object,84,84,84,84,,HZA-DC-683613,DC683613_ren25,HZA-DC-683613,DC_683613,ren25_alpine_cristal_jwst_blagn_candidates,broad_line_agn,virial_balmer_single_epoch,candidate,5.542,5.95,single-epoch-virial-halpha-reines2013,low,15.746301250989772,v2-dataset-catalogue,150.0392432,2.3372033,far_ir_cii_spectroscopic,1.0300506360893775,ALPINE-CRISTAL-JWST,0.15,0.15,individual_tentative,10.17,0.14,0.15,faisst2020_integrated_pre_jwst_broadband_sed,43.84,0.07,0.07,broad_halpha_to_l5100_greeneho2005_bc5100_9p26,-4.22,0.2086264604502506,0.6165950018614822,,0.6160691401815015,0.0003705451175628,consistent,,,,False,False,False,True,lensing,single-epoch-virial-halpha-reines2013,host-sed-with-agn-contamination-risk,broad_halpha_to_l5100_greeneho2005_bc5100_9p26,tentative,v2,Published Table 1,Host-selected broad-Halpha candidate; primary eligibility is controlled separately by the canonical evidence and conditional-mass fields.,,COSMOS,host-selected;broad-halpha,Halpha,,,,,,,0.8,0.14,0.14,678.0,112.0,112.0,1.0,,not reported per published Table 1 row,,0.4,single_epoch_virial_calibration,False,published_formal_errors_propagated_from_broad_halpha_flux_and_fwhm,True,table1_flux_is_dust_corrected;formal_mbh_errors_exclude_0p4dex_virial_systematic;intermediate_width_component;oiii_outflow_rejected;local_bpt_composite_region;merger_system;complex_gas_kinematics_may_mimic_blr,"MNRAS 544, 211-233 (published 2025-10-25; corrected/typeset 2025-10-28); arXiv:2509.02027v2",https://academic.oup.com/mnras/article/544/1/211/8301219,10.1093/mnras/staf1709,https://arxiv.org/abs/2509.02027v2,c528c375fda9362433184cb35775a5f4ca107014f4b1c2f6536d7f15d4f85cca,2026-08-25,18 main-sequence galaxies with Mstar>10^9.5 Msun at z=4.4-5.7; 33 IFU photometric-centre apertures; narrow FWHM<600 km/s; added broad Halpha Gaussian constrained FWHM>600 km/s; DeltaBIC(narrow minus narrow+broad)>10; broad-flux S/N>3; OIII outflow comparison and broad-to-narrow flux-ratio veto,,,,,,,,,,,,,,,,,,,,,,,,,,,,,,,,,,,,,,,,,0.0,,,,,,,,,,,,,,,,,0.0,,,,source_type1_candidate_with_intermediate_width_halpha_and_outflow_ambiguity,type1_broad_line_candidate,host_selected;broad_halpha,merger,not_reported,True,False,,,,,,,,,,True,only catalogue measurement for this physical object,singleton assignment after coordinate-redshift search,no previously admitted candidate within 0.5 arcsec and delta-z 0.01,HZS-DC-683613,source_verified_single_object_host,resolved,recorded,not_required,,0.15,0.15,0.14,0.15,0.07,0.07,published_formal_errors_propagated_from_broad_halpha_flux_and_fwhm,True,mass_valid_only_if_broad_component_is_blr,True,balmer_single_epoch_primary_stratum,object_specific,eligible_numeric_mass_with_resolved_identity_and_lensing,candidate_evidence_excluded,-0.21,source_derived_from_same_lbol_and_virial_mbh,DC_683613,HZ3;CRISTAL-05,0.8,0.14,678.0,112.0,0.0,0.0,0.0,0.0,,,,,,,,,,,1,DC683613_ren25,DC_683613,ren25_alpine_cristal_jwst_blagn_candidates,candidate,source_type1_candidate_with_intermediate_width_halpha_and_outflow_ambiguity,preferred_measurement_controls_object_status;all_measurement_statuses_retained,0.48895561501187723,0.24138315171472424,0.11759692006614772,3.5264671401284247,-2.1284428662385855,True,0.4394411223524466,0.538470107671308,3.1264671401284243,3.926467140128425,False,navigation_only_no_cross_class_science_claim,False,available_not_growth_history
v2-shared-science,v2-dataset-catalogue,physical_object,85,85,85,85,78,HZA-J2232P2930-BHAE-1,J2232P2930BHAE1_lin24,HZA-J2232P2930-BHAE-1,J2232P2930-BHAE-1,lin24_aspire_blagn,broad_line_agn,virial_balmer_single_epoch,secure,4.1349,7.85,single-epoch-virial-halpha-reines2013,low,15.69339078553803,v2-dataset-catalogue,338.2275,29.494,spec,1.4792147012530008,ASPIRE,0.12,0.12,individual_robust,,,,,45.28,0.04,0.05,broad-halpha-to-l5100-greene-ho2005;bolometric-correction-richards2006,,,,,0.2136138733275326,,not_evaluable,,,,True,False,True,True,mstar;edd_ratio;lensing,single-epoch-virial-halpha-reines2013,missing-host-mstar,broad-halpha-to-l5100-greene-ho2005;bolometric-correction-richards2006,robust,v2,Tables 1-3,Nominal source-table Halpha mass and luminosity are not dust corrected; formal MBH errors exclude the 0.5 dex estimator systematic.,ASPIRE,J2232P2930,broad-halpha,Halpha,,,,,,,,,,2363.0,310.0,310.0,,True,Table_1_explicitly_calls_all_16_sources_LRDs,0.0,0.5,Reines et al. (2013) Halpha single-epoch estimator intrinsic/calibration uncertainty,False,source-table statistical line-fit propagation,False,nearby_companions_and_overdensity;formal_mbh_errors_exclude_virial_systematic;nominal_mass_and_lbol_uncorrected_for_dust,The Astrophysical Journal 974:147 (2024); arXiv:2407.17570v1,https://doi.org/10.3847/1538-4357/ad6565,10.3847/1538-4357/ad6565,https://arxiv.org/e-print/2407.17570v1,fc1c4d96e4a568b09b3caefa0fdde1c7fabe8decad71fb6423ff37c912b024cd,2026-08-22,compact red photometric preselection; integrated line S/N >5; robust broad Halpha FWHM >1000 km/s; visual artifact and contamination rejection,0.0003,338.2275,29.494,,,10.62,1.32,1.32,14.63,5.32,5.32,780.0,134.0,134.0,436.0,79.0,79.0,F356W,23.39,0.008,0.008,,,,-18.15,0.15,0.15,1.17,0.32,0.32,-0.47,0.25,0.25,,,,,,,,,,,,,,,,,,,,,,,,,,,,,published_blagn_with_robust_detection_and_no_recorded_alternative_interpretation,type1_broad_line,broad_halpha,lrd,not_reported,True,True,,,,,,,,,,True,only catalogue measurement in this release,singleton assignment after coordinate-redshift search,no candidate within 0.5 arcsec and delta-z 0.01,HZS-J2232P2930-BHAE-1,inherited_provisional_one_to_one_no_verified_multinucleus_link,resolved,recorded,not_required,,0.12,0.12,,,0.04,0.05,source-table statistical line-fit propagation,False,,True,balmer_single_epoch_primary_stratum,not_published,eligible_numeric_mass_with_resolved_identity_and_lensing,eligible_secure_or_probable_primary_comparable_mass,,,,,,,,,,,,,,,,,,,,,,,1,J2232P2930BHAE1_lin24,J2232P2930-BHAE-1,lin24_aspire_blagn,secure,published_blagn_with_robust_detection_and_no_recorded_alternative_interpretation,preferred_measurement_controls_object_status;all_measurement_statuses_retained,0.48832068942645634,0.3213734451780952,0.23789982305391455,4.256050290309659,-4.129832365634469,True,0.44658387836436597,0.5300575004885465,3.756050290309659,4.756050290309659,False,navigation_only_no_cross_class_science_claim,False,unavailable_not_published
v2-shared-science,v2-dataset-catalogue,physical_object,86,86,86,86,79,HZA-CEERS-01236,CEERS01236_harikane23,HZA-CEERS-01236,CEERS-01236,harikane23_nirspec_blagn,broad_line_agn,virial_balmer_single_epoch,secure,4.484,7.25527251,single-epoch-virial-halpha-greeneho2005,low,15.631776778936512,v2-dataset-catalogue,215.14529167,52.96727778,spec,1.340877214423135,CEERS,0.19188553,0.17609126,individual_robust,8.94,0.29,0.54,prospector-after-agn-host-image-decomposition,44.25527251,0.38818017,0.14132915,halpha-multicalibration-best-estimate-harikane2023,-1.684727489999999,0.4539567484845622,0.08,0.12,0.0793650793650792,0.0034605321095069,consistent,1.0,,,False,False,False,True,lensing,single-epoch-virial-halpha-greeneho2005,host-sed-with-agn-contamination-risk,halpha-multicalibration-best-estimate-harikane2023,robust,v2,Tables 1-3,Extinction-corrected broad-Halpha Greene & Ho (2005) mass; source gives no numeric virial-calibration systematic.,JWST/NIRSpec,EGS,broad-halpha,Halpha,,,,,,,,,,3521.0,649.0,485.0,,,,,,not numerically specified by Harikane et al. (2023),False,log transform of published asymmetric linear MBH errors,True,dual_agn_candidate;virial_calibration_at_z0;source_does_not_state_numeric_virial_systematic,The Astrophysical Journal 959:39 (2023); arXiv:2303.11946v3,https://doi.org/10.3847/1538-4357/ad029e,10.3847/1538-4357/ad029e,https://arxiv.org/e-print/2303.11946v3,02c2951b4594234f8cc015fc811f1ed438d35997249138af4d756d02d44ca4b4,2026-08-23,NIRSpec parent sample at zspec 3.8-8.9; permitted broad Halpha FWHM >1000 km/s and S/N >5; narrow forbidden lines; outflow-component veto; final rows have Delta AIC >20,,14:20:34.87,+52:58:02.2,,,,1.1e+41,8e+40,,,,,,,,,,,,,,,,,-19.61,0.27,0.23,,,,,,,,,,,7.55,0.29,0.28,0.0,5.9,23.3,4.8e+41,2.39,1.12,0.59,18000000.0,10000000.0,6000000.0,1.8e+44,2.6e+44,5e+43,,2xPSF+Sersic,0.0,0.0,1.0,0.2,typical systematic from fixed SED-fitting prior; Harikane et al. (2023) Section 4.3,False,published_blagn_with_robust_detection_and_no_recorded_alternative_interpretation,type1_broad_line,broad_halpha,,not_reported,True,True,,,,,,,,,,True,only catalogue measurement in this release,singleton assignment after coordinate-redshift search,no candidate within 0.5 arcsec and delta-z 0.01,HZS-CEERS-01236,inherited_provisional_one_to_one_no_verified_multinucleus_link,resolved,recorded,not_required,,0.19188553,0.17609126,0.29,0.54,0.38818017,0.14132915,log transform of published asymmetric linear MBH errors,False,,True,balmer_single_epoch_primary_stratum,object_specific,eligible_numeric_mass_with_resolved_identity_and_lensing,eligible_secure_or_probable_primary_comparable_mass,,,,,,,,,,,,,,,,,,,,,,,1,CEERS01236_harikane23,CEERS-01236,harikane23_nirspec_blagn,secure,published_blagn_with_robust_detection_and_no_recorded_alternative_interpretation,preferred_measurement_controls_object_status;all_measurement_statuses_retained,0.48758132134723814,0.3020224105887785,0.20924295520954866,4.021798043333106,-3.522975712222979,False,,,,,False,navigation_only_no_cross_class_science_claim,False,available_not_growth_history
v2-shared-science,v2-dataset-catalogue,physical_object,87,87,87,87,80,HZA-J1148-21787,J114821787_matthee23,HZA-J1148-21787,J1148-21787,matthee23_eiger_fresco_blagn,broad_line_agn,virial_balmer_single_epoch,secure,4.277,7.59,single-epoch-virial-halpha-reines2013,low,15.624041417557994,v2-dataset-catalogue,177.02141667,52.83362222,spec,1.42016546762048,EIGER,0.18,0.18,individual_robust,,,,,44.82607480270082,0.0930032896752474,0.1185046266028901,broad-halpha-to-l5100-greene-ho2005;bolometric-correction-richards2006,,,,,0.1366797757504078,,not_evaluable,,,,True,False,True,True,mstar;edd_ratio;lensing,single-epoch-virial-halpha-reines2013,missing-host-mstar,broad-halpha-to-l5100-greene-ho2005;bolometric-correction-richards2006,robust,v2,Tables 1-3,Nominal source-table Halpha mass and luminosity are not dust corrected; formal MBH errors exclude the 0.5 dex estimator systematic.,EIGER,J1148,broad-halpha,Halpha,,,,,,,,,,2321.0,360.0,360.0,,True,paper_sample_label_little_red_dot,0.0,0.5,Reines et al. (2013) Halpha single-epoch estimator intrinsic/calibration uncertainty,False,source-table statistical line-fit propagation,False,formal_mbh_errors_exclude_virial_systematic;nominal_mass_uncorrected_for_dust,The Astrophysical Journal 963:129 (2024); arXiv:2306.05448v3,https://doi.org/10.3847/1538-4357/ad2345,10.3847/1538-4357/ad2345,https://arxiv.org/e-print/2306.05448v3,b3e6f5385e694d92a7456f81eb123a305468baf743cebc7aeea820befb9b1190,2026-08-22,broad Halpha S/N >5; broad Halpha luminosity >2e42 erg/s; broad FWHM >1000 km/s; visual rejection of spatial-broadening impostors,,11:48:05.14,+52:50:01.04,0.48,0.03,3.2,0.8,0.8,,,,,,,520.0,110.0,111.0,F356W,24.58,0.05,0.05,26.1,0.06,0.05,-19.2,0.1,0.1,-1.85,0.23,0.23,-0.42,0.17,0.16,-0.5,6.7,1.6,1.6,,,,,,,,,,,,,,,,,,,,,,,,,published_blagn_with_robust_detection_and_no_recorded_alternative_interpretation,type1_broad_line,broad_halpha,lrd,not_reported,True,True,,,,,,,,,,True,only catalogue measurement in this release,singleton assignment after coordinate-redshift search,no candidate within 0.5 arcsec and delta-z 0.01,HZS-J1148-21787,inherited_provisional_one_to_one_no_verified_multinucleus_link,resolved,recorded,not_required,,0.18,0.18,,,0.0930032896752474,0.1185046266028901,source-table statistical line-fit propagation,False,,True,balmer_single_epoch_primary_stratum,not_published,eligible_numeric_mass_with_resolved_identity_and_lensing,eligible_secure_or_probable_primary_comparable_mass,,,,,,,,,,,,,,,,,,,,,,,1,J114821787_matthee23,J1148-21787,matthee23_eiger_fresco_blagn,secure,published_blagn_with_robust_detection_and_no_recorded_alternative_interpretation,preferred_measurement_controls_object_status;all_measurement_statuses_retained,0.4874884970106959,0.3130740079192126,0.2258667633734709,4.149918828272977,-3.8769372390900756,True,0.4438848747378251,0.5310921192835667,3.6499188282729773,4.649918828272977,False,navigation_only_no_cross_class_science_claim,False,unavailable_not_published
v2-shared-science,v2-dataset-catalogue,physical_object,88,88,88,88,81,HZA-GN-73488,GN73488_juodzbalis25,HZA-GN-73488,GN-73488,juodzbalis25_jades_blagn,broad_line_agn,virial_balmer_single_epoch,secure,4.133,7.83,single-epoch-virial-halpha,low,15.53025865330091,v2-dataset-catalogue,189.1974,62.17723,spec,1.4800317329113224,JADES,0.3,0.3,individual_robust,9.71,0.33,0.33,beagle-spectral-decomposition,45.22,0.07,0.05,balmer-line-bolometric-correction,-1.8800000000000008,0.4459820624195552,0.2,0.01,0.1948181679115103,0.011400540781544,consistent,1.0,,,False,False,False,True,lensing,single-epoch-virial,host-sed-with-agn-contamination-risk,balmer-line-bolometric-correction,robust,v2,"Table 2 (BH/Lbol/lambda_Edd), Table 5 (Mstar)",Robust sample; Mstar uses BEAGLE value.,,GOODS-N,,,,,,,,,,,,,,,,,,,0.3,source_stated_single_epoch_virial_calibration_uncertainty,False,,,,"MNRAS 546, stag086 (2026); arXiv:2504.03551",https://arxiv.org/abs/2504.03551,,https://arxiv.org/abs/2504.03551,,not_recorded_in_frozen_v1_source_layer,JADES spectroscopic Type 1 broad-line AGN sample,,,,,,,,,,,,,,,,,,,,,,,,,,,,,,,,,,,,,,,,,,,,,,,,,,,,,,,,,,,,,,published_blagn_with_robust_detection_and_no_recorded_alternative_interpretation,type1_broad_line,broad_balmer_line,,not_reported,True,True,,,,,,,,,,True,only catalogue measurement in this release,singleton assignment,v1 catalogue,HZS-GN-73488,inherited_provisional_one_to_one_no_verified_multinucleus_link,resolved,not_recorded,not_required,,0.3,0.3,0.33,0.33,0.07,0.05,published_asymmetric_table_uncertainty_semantics_not_further_specified_in_v1,False,,True,balmer_single_epoch_primary_stratum,object_specific,eligible_numeric_mass_with_resolved_identity_and_lensing,eligible_secure_or_probable_primary_comparable_mass,,,,,,,,,,,,,,,,,,,,,,,1,GN73488_juodzbalis25,GN-73488,juodzbalis25_jades_blagn,secure,published_blagn_with_robust_detection_and_no_recorded_alternative_interpretation,preferred_measurement_controls_object_status;all_measurement_statuses_retained,0.4863631038396109,0.3195146977196758,0.2360904946597082,4.233921296265163,-4.156929012449458,True,0.4613358429216207,0.5113903647576012,3.9339212962651633,4.533921296265164,False,navigation_only_no_cross_class_science_claim,False,available_not_growth_history
v2-shared-science,v2-dataset-catalogue,physical_object,89,89,89,89,82,HZA-GN-62309,GN62309_juodzbalis25,HZA-GN-62309,GN-62309,juodzbalis25_jades_blagn,broad_line_agn,virial_balmer_single_epoch,secure,5.172,6.29,single-epoch-virial-halpha,low,15.202365715824826,v2-dataset-catalogue,189.24898,62.21835,spec,1.123773752688261,JADES,0.36,0.33,individual_robust,7.78,0.34,0.34,beagle-spectral-decomposition,43.56,0.13,0.12,balmer-line-bolometric-correction,-1.4900000000000002,0.4843810483493341,0.15,0.05,0.1477846933859427,0.0064618041732414,consistent,1.0,,,False,False,False,True,lensing,single-epoch-virial,host-sed-with-agn-contamination-risk,balmer-line-bolometric-correction,robust,v2,"Table 2 (BH/Lbol/lambda_Edd), Table 5 (Mstar)",Robust sample; Mstar uses BEAGLE value.,,GOODS-N,,,,,,,,,,,,,,,,,,,0.3,source_stated_single_epoch_virial_calibration_uncertainty,False,,,,"MNRAS 546, stag086 (2026); arXiv:2504.03551",https://arxiv.org/abs/2504.03551,,https://arxiv.org/abs/2504.03551,,not_recorded_in_frozen_v1_source_layer,JADES spectroscopic Type 1 broad-line AGN sample,,,,,,,,,,,,,,,,,,,,,,,,,,,,,,,,,,,,,,,,,,,,,,,,,,,,,,,,,,,,,,published_blagn_with_robust_detection_and_no_recorded_alternative_interpretation,type1_broad_line,broad_balmer_line,,not_reported,True,True,,,,,,,,,,True,only catalogue measurement in this release,singleton assignment,v1 catalogue,HZS-GN-62309,inherited_provisional_one_to_one_no_verified_multinucleus_link,resolved,not_recorded,not_required,,0.36,0.33,0.34,0.34,0.13,0.12,published_asymmetric_table_uncertainty_semantics_not_further_specified_in_v1,False,,True,balmer_single_epoch_primary_stratum,object_specific,eligible_numeric_mass_with_resolved_identity_and_lensing,eligible_secure_or_probable_primary_comparable_mass,,,,,,,,,,,,,,,,,,,,,,,1,GN62309_juodzbalis25,GN-62309,juodzbalis25_jades_blagn,secure,published_blagn_with_robust_detection_and_no_recorded_alternative_interpretation,preferred_measurement_controls_object_status;all_measurement_statuses_retained,0.4824283885898979,0.2575200489209478,0.1450658790864728,3.6222465459344035,-2.602511513551989,True,0.44869213763955546,0.5161646395402403,3.3222465459344037,3.9222465459344034,False,navigation_only_no_cross_class_science_claim,False,available_not_growth_history
v2-shared-science,v2-dataset-catalogue,physical_object,90,90,90,90,83,HZA-J0218P0007-BHAE-1,J0218P0007BHAE1_lin24,HZA-J0218P0007-BHAE-1,J0218P0007-BHAE-1,lin24_aspire_blagn,broad_line_agn,virial_balmer_single_epoch,secure,4.2291,7.55,single-epoch-virial-halpha-reines2013,low,14.747430644063286,v2-dataset-catalogue,34.695,0.0874,spec,1.4396263424851368,ASPIRE,0.08,0.08,individual_robust,,,,,44.98,0.03,0.04,broad-halpha-to-l5100-greene-ho2005;bolometric-correction-richards2006,,,,,0.2136138733275326,,not_evaluable,,,,True,False,True,True,mstar;edd_ratio;lensing,single-epoch-virial-halpha-reines2013,missing-host-mstar,broad-halpha-to-l5100-greene-ho2005;bolometric-correction-richards2006,robust,v2,Tables 1-3,Nominal source-table Halpha mass and luminosity are not dust corrected; formal MBH errors exclude the 0.5 dex estimator systematic.,ASPIRE,J0218P0007,broad-halpha,Halpha,,,,,,,,,,2020.0,184.0,184.0,,True,Table_1_explicitly_calls_all_16_sources_LRDs,0.0,0.5,Reines et al. (2013) Halpha single-epoch estimator intrinsic/calibration uncertainty,False,source-table statistical line-fit propagation,False,narrow_halpha_unresolved;formal_mbh_errors_exclude_virial_systematic;nominal_mass_and_lbol_uncorrected_for_dust,The Astrophysical Journal 974:147 (2024); arXiv:2407.17570v1,https://doi.org/10.3847/1538-4357/ad6565,10.3847/1538-4357/ad6565,https://arxiv.org/e-print/2407.17570v1,fc1c4d96e4a568b09b3caefa0fdde1c7fabe8decad71fb6423ff37c912b024cd,2026-08-22,compact red photometric preselection; integrated line S/N >5; robust broad Halpha FWHM >1000 km/s; visual artifact and contamination rejection,0.0004,34.695,0.0874,,,4.84,0.44,0.44,4.84,0.44,0.44,,,,476.0,53.0,53.0,F356W,24.459,0.011,0.011,,,,-17.39,0.3,0.3,0.05,0.69,0.69,1.08,0.16,0.16,,,,,,,,,,,,,,,,,,,,,,,,,,,,,published_blagn_with_robust_detection_and_no_recorded_alternative_interpretation,type1_broad_line,broad_halpha,lrd,not_reported,True,True,,,,,,,,,,True,only catalogue measurement in this release,singleton assignment after coordinate-redshift search,no candidate within 0.5 arcsec and delta-z 0.01,HZS-J0218P0007-BHAE-1,inherited_provisional_one_to_one_no_verified_multinucleus_link,resolved,recorded,not_required,,0.08,0.08,,,0.03,0.04,source-table statistical line-fit propagation,False,,True,balmer_single_epoch_primary_stratum,not_published,eligible_numeric_mass_with_resolved_identity_and_lensing,eligible_secure_or_probable_primary_comparable_mass,,,,,,,,,,,,,,,,,,,,,,,1,J0218P0007BHAE1_lin24,J0218P0007-BHAE-1,lin24_aspire_blagn,secure,published_blagn_with_robust_detection_and_no_recorded_alternative_interpretation,preferred_measurement_controls_object_status;all_measurement_statuses_retained,0.4769691677287594,0.3050883865652425,0.21914799598348406,4.059208324872596,-4.085972250424679,True,0.43399897243788027,0.5199393630196388,3.5592083248725963,4.559208324872597,False,navigation_only_no_cross_class_science_claim,False,unavailable_not_published
v2-shared-science,v2-dataset-catalogue,physical_object,91,91,91,91,84,HZA-J0229M0808-BHAE-1,J0229M0808BHAE1_lin24,HZA-J0229M0808-BHAE-1,J0229M0808-BHAE-1,lin24_aspire_blagn,broad_line_agn,virial_balmer_single_epoch,secure,4.3653,7.31,single-epoch-virial-halpha-reines2013,low,14.632415167355145,v2-dataset-catalogue,37.4083,-8.1459,spec,1.385415523960064,ASPIRE,0.12,0.12,individual_robust,,,,,44.81,0.04,0.04,broad-halpha-to-l5100-greene-ho2005;bolometric-correction-richards2006,,,,,0.2509744174736806,,not_evaluable,,,,True,False,True,True,mstar;edd_ratio;lensing,single-epoch-virial-halpha-reines2013,missing-host-mstar,broad-halpha-to-l5100-greene-ho2005;bolometric-correction-richards2006,robust,v2,Tables 1-3,Nominal source-table Halpha mass and luminosity are not dust corrected; formal MBH errors exclude the 0.5 dex estimator systematic.,ASPIRE,J0229M0808,broad-halpha,Halpha,,,,,,,,,,1709.0,217.0,217.0,,True,Table_1_explicitly_calls_all_16_sources_LRDs,0.0,0.5,Reines et al. (2013) Halpha single-epoch estimator intrinsic/calibration uncertainty,False,source-table statistical line-fit propagation,False,formal_mbh_errors_exclude_virial_systematic;nominal_mass_and_lbol_uncorrected_for_dust,The Astrophysical Journal 974:147 (2024); arXiv:2407.17570v1,https://doi.org/10.3847/1538-4357/ad6565,10.3847/1538-4357/ad6565,https://arxiv.org/e-print/2407.17570v1,fc1c4d96e4a568b09b3caefa0fdde1c7fabe8decad71fb6423ff37c912b024cd,2026-08-22,compact red photometric preselection; integrated line S/N >5; robust broad Halpha FWHM >1000 km/s; visual artifact and contamination rejection,0.0002,37.4083,-8.1459,,,3.04,0.32,0.32,4.68,0.74,0.74,253.0,31.0,31.0,405.0,56.0,56.0,F356W,24.804,0.018,0.018,,,,-19.15,0.1,0.1,-1.47,0.23,0.23,0.1,0.18,0.18,,,,,,,,,,,,,,,,,,,,,,,,,,,,,published_blagn_with_robust_detection_and_no_recorded_alternative_interpretation,type1_broad_line,broad_halpha,lrd,not_reported,True,True,,,,,,,,,,True,only catalogue measurement in this release,singleton assignment after coordinate-redshift search,no candidate within 0.5 arcsec and delta-z 0.01,HZS-J0229M0808-BHAE-1,inherited_provisional_one_to_one_no_verified_multinucleus_link,resolved,recorded,not_required,,0.12,0.12,,,0.04,0.04,source-table statistical line-fit propagation,False,,True,balmer_single_epoch_primary_stratum,not_published,eligible_numeric_mass_with_resolved_identity_and_lensing,eligible_secure_or_probable_primary_comparable_mass,,,,,,,,,,,,,,,,,,,,,,,1,J0229M0808BHAE1_lin24,J0229M0808-BHAE-1,lin24_aspire_blagn,secure,published_blagn_with_robust_detection_and_no_recorded_alternative_interpretation,preferred_measurement_controls_object_status;all_measurement_statuses_retained,0.4755889820082617,0.29645942192982033,0.2068946418905997,3.9604690809419822,-3.855103063526726,True,0.43080659198865134,0.520371372027872,3.4604690809419822,4.460469080941982,False,navigation_only_no_cross_class_science_claim,False,unavailable_not_published
v2-shared-science,v2-dataset-catalogue,physical_object,92,92,92,92,85,HZA-J0430M1445-BHAE-1,J0430M1445BHAE1_lin24,HZA-J0430M1445-BHAE-1,J0430M1445-BHAE-1,lin24_aspire_blagn,broad_line_agn,virial_balmer_single_epoch,secure,4.0947,7.72,single-epoch-virial-halpha-reines2013,low,14.292034525018362,v2-dataset-catalogue,67.6898,-14.7873,spec,1.4966624575180725,ASPIRE,0.04,0.04,individual_robust,,,,,45.57,0.06,0.07,broad-halpha-to-l5100-greene-ho2005;bolometric-correction-richards2006,,,,,0.5618617336382059,,not_evaluable,,,,True,False,True,True,mstar;edd_ratio;lensing,single-epoch-virial-halpha-reines2013,missing-host-mstar,broad-halpha-to-l5100-greene-ho2005;bolometric-correction-richards2006,robust,v2,Tables 1-3,Nominal source-table Halpha mass and luminosity are not dust corrected; formal MBH errors exclude the 0.5 dex estimator systematic.,ASPIRE,J0430M1445,broad-halpha,Halpha,,,,,,,,,,1699.0,16.0,16.0,,True,Table_1_explicitly_calls_all_16_sources_LRDs,0.0,0.5,Reines et al. (2013) Halpha single-epoch estimator intrinsic/calibration uncertainty,False,source-table statistical line-fit propagation,False,two_broad_components_total_profile_used_for_mass;formal_mbh_errors_exclude_virial_systematic;nominal_mass_and_lbol_uncorrected_for_dust,The Astrophysical Journal 974:147 (2024); arXiv:2407.17570v1,https://doi.org/10.3847/1538-4357/ad6565,10.3847/1538-4357/ad6565,https://arxiv.org/e-print/2407.17570v1,fc1c4d96e4a568b09b3caefa0fdde1c7fabe8decad71fb6423ff37c912b024cd,2026-08-22,compact red photometric preselection; integrated line S/N >5; robust broad Halpha FWHM >1000 km/s; visual artifact and contamination rejection,0.0003,67.6898,-14.7873,,,22.97,3.94,3.94,22.97,3.94,3.94,,,,1206.0,125.0,125.0,F356W,23.398,0.004,0.004,,,,-17.68,0.18,0.18,0.35,0.38,0.38,1.19,0.24,0.24,,,,,,,,,,,,,,,,,,,,,,,,,,,,,published_blagn_with_robust_detection_and_no_recorded_alternative_interpretation,type1_broad_line,broad_halpha,lrd,not_reported,True,True,,,,,,,,,,True,only catalogue measurement in this release,singleton assignment after coordinate-redshift search,no candidate within 0.5 arcsec and delta-z 0.01,HZS-J0430M1445-BHAE-1,inherited_provisional_one_to_one_no_verified_multinucleus_link,resolved,recorded,not_required,,0.04,0.04,,,0.06,0.07,source-table statistical line-fit propagation,False,,True,balmer_single_epoch_primary_stratum,not_published,eligible_numeric_mass_with_resolved_identity_and_lensing,eligible_secure_or_probable_primary_comparable_mass,,,,,,,,,,,,,,,,,,,,,,,1,J0430M1445BHAE1_lin24,J0430M1445-BHAE-1,lin24_aspire_blagn,secure,published_blagn_with_robust_detection_and_no_recorded_alternative_interpretation,preferred_measurement_controls_object_status;all_measurement_statuses_retained,0.47150441430022033,0.306642730978465,0.22421188931758732,4.080585504704578,-4.4113816509847394,True,0.4302889934697815,0.5127198351306592,3.5805855047045783,4.580585504704578,False,navigation_only_no_cross_class_science_claim,False,unavailable_not_published
v2-shared-science,v2-dataset-catalogue,physical_object,93,93,93,93,86,HZA-J0148-12884,J014812884_matthee23,HZA-J0148-12884,J0148-12884,matthee23_eiger_fresco_blagn,broad_line_agn,virial_balmer_single_epoch,secure,4.602,6.91,single-epoch-virial-halpha-reines2013,low,14.291097070056349,v2-dataset-catalogue,27.17325,6.01591667,spec,1.2989098889581974,EIGER,0.15,0.15,individual_robust,,,,,44.69897000433602,0.0492180226701815,0.0555173278498313,broad-halpha-to-l5100-greene-ho2005;bolometric-correction-richards2006,,,,,0.4882018931795197,,not_evaluable,,,,True,False,True,True,mstar;edd_ratio;lensing,single-epoch-virial-halpha-reines2013,missing-host-mstar,broad-halpha-to-l5100-greene-ho2005;bolometric-correction-richards2006,robust,v2,Tables 1-3,Nominal source-table Halpha mass and luminosity are not dust corrected; formal MBH errors exclude the 0.5 dex estimator systematic.,EIGER,J0148,broad-halpha,Halpha,,,,,,,,,,1166.0,160.0,160.0,,True,paper_sample_label_little_red_dot,0.0,0.5,Reines et al. (2013) Halpha single-epoch estimator intrinsic/calibration uncertainty,False,source-table statistical line-fit propagation,False,complex_morphology_five_exponential_components;formal_mbh_errors_exclude_virial_systematic;nominal_mass_uncorrected_for_dust,The Astrophysical Journal 963:129 (2024); arXiv:2306.05448v3,https://doi.org/10.3847/1538-4357/ad2345,10.3847/1538-4357/ad2345,https://arxiv.org/e-print/2306.05448v3,b3e6f5385e694d92a7456f81eb123a305468baf743cebc7aeea820befb9b1190,2026-08-22,broad Halpha S/N >5; broad Halpha luminosity >2e42 erg/s; broad FWHM >1000 km/s; visual rejection of spatial-broadening impostors,,01:48:41.58,+06:00:57.30,0.65,0.02,2.3,0.3,0.3,,,,,,,304.0,58.0,61.0,F356W,24.8,0.05,0.05,25.97,0.05,0.05,-19.5,0.1,0.1,-1.65,0.17,0.16,-0.59,0.12,0.14,-0.3,5.0,0.6,0.6,,,,,,,,,,,,,,,,,,,,,,,,,published_blagn_with_robust_detection_and_no_recorded_alternative_interpretation,type1_broad_line,broad_halpha,lrd,not_reported,True,True,,,,,,,,,,True,only catalogue measurement in this release,singleton assignment after coordinate-redshift search,no candidate within 0.5 arcsec and delta-z 0.01,HZS-J0148-12884,inherited_provisional_one_to_one_no_verified_multinucleus_link,resolved,recorded,not_required,,0.15,0.15,,,0.0492180226701815,0.0555173278498313,source-table statistical line-fit propagation,False,,True,balmer_single_epoch_primary_stratum,not_published,eligible_numeric_mass_with_resolved_identity_and_lensing,eligible_secure_or_probable_primary_comparable_mass,,,,,,,,,,,,,,,,,,,,,,,1,J014812884_matthee23,J0148-12884,matthee23_eiger_fresco_blagn,secure,published_blagn_with_robust_detection_and_no_recorded_alternative_interpretation,preferred_measurement_controls_object_status;all_measurement_statuses_retained,0.47149316484067616,0.2794389225430484,0.18341180139423452,3.7858826005510675,-3.5037246648297753,True,0.4234796042662692,0.5195067254150831,3.2858826005510675,4.2858826005510675,False,navigation_only_no_cross_class_science_claim,False,unavailable_not_published
v2-shared-science,v2-dataset-catalogue,physical_object,94,94,94,94,87,HZA-RUBIES-EGS-6411,RUBIESEGS6411_taylor24,HZA-RUBIES-EGS-6411,RUBIES-EGS-6411,taylor24_ceers_rubies_blagn,broad_line_agn,virial_balmer_single_epoch,secure,4.88,6.49,single-epoch-virial-halpha-reines2013,low,13.870241568163827,v2-dataset-catalogue,215.109185,52.93977,spec,1.2082248338162374,RUBIES,0.16,0.16,individual_robust,,,,,,,,,,,,,,,not_evaluable,,,,True,True,True,True,mstar;lbol;edd_ratio;lensing,single-epoch-virial-halpha-reines2013,missing-host-mstar,not-published-by-source,robust,v2,Table 1 (Sample of BLAGN),Nominal Table 1 mass and Halpha flux are uncorrected for dust; formal MBH errors exclude the approximately 0.5 dex virial-calibration systematic.,RUBIES,EGS,broad-halpha,Halpha,7.26,0.31,0.26,4.96,0.24,0.23,2.32,0.28,0.27,1046.0,191.0,163.0,1.0,False,Kocevski et al. (2024) full photometric selection applied by Taylor et al.,0.0,0.5,Approximate Reines et al. (2013) single-epoch virial-calibration scatter; may be larger at high redshift,False,16th/84th percentiles from correlated Halpha flux and FWHM posteriors,0.0,formal_mbh_errors_exclude_virial_systematic;nominal_mass_uncorrected_for_dust,The Astrophysical Journal 986:165 (2025); arXiv:2409.06772v2,https://iopscience.iop.org/article/10.3847/1538-4357/add15b,10.3847/1538-4357/add15b,https://arxiv.org/e-print/2409.06772v2,50453a0a975b84f019ceba8da30663e40d83c285376cad119d83fa8e3b31aaa0,2026-08-17,JWST/NIRSpec G395M Halpha; broad FWHM >700 km/s; broad flux S/N >4; Delta BIC >6; secure multi-line spectroscopic redshift; visual QA,,,,,,,,,,,,,,,,,,,,,,,,,,,,,,,,,,,,,,,,,,,,,,,,,,,,,,,,,,,,,,published_blagn_with_robust_detection_and_no_recorded_alternative_interpretation,type1_broad_line,broad_halpha,,not_reported,True,True,,,,,,,,,,True,only catalogue measurement in this release,singleton assignment,"Taylor et al. (2025), Table 1",HZS-RUBIES-EGS-6411,inherited_provisional_one_to_one_no_verified_multinucleus_link,resolved,recorded,not_required,,0.16,0.16,,,,,16th/84th percentiles from correlated Halpha flux and FWHM posteriors,False,,True,balmer_single_epoch_primary_stratum,not_published,eligible_numeric_mass_with_resolved_identity_and_lensing,eligible_secure_or_probable_primary_comparable_mass,,,,,,,,,,,,,,,,,,,,,,,1,RUBIESEGS6411_taylor24,RUBIES-EGS-6411,taylor24_ceers_rubies_blagn,secure,published_blagn_with_robust_detection_and_no_recorded_alternative_interpretation,preferred_measurement_controls_object_status;all_measurement_statuses_retained,0.4664428988179659,0.2586732334202083,0.15478840072132946,3.60218671478654,-3.1360442840448695,True,0.41450048246852655,0.5183853151674054,3.10218671478654,4.10218671478654,False,navigation_only_no_cross_class_science_claim,False,unavailable_not_published
v2-shared-science,v2-dataset-catalogue,physical_object,95,95,95,95,88,HZA-RUBIES-EGS-28812,RUBIESEGS28812_taylor24,HZA-RUBIES-EGS-28812,RUBIES-EGS-28812,taylor24_ceers_rubies_blagn,broad_line_agn,virial_balmer_single_epoch,secure,4.222,7.35,single-epoch-virial-halpha-reines2013,low,13.231692796886414,v2-dataset-catalogue,214.924149,52.84905,spec,1.442548613560481,RUBIES,0.04,0.04,individual_robust,,,,,,,,,,,,,,,not_evaluable,,,,True,True,True,True,mstar;lbol;edd_ratio;lensing,single-epoch-virial-halpha-reines2013,missing-host-mstar,not-published-by-source,robust,v2,Table 1 (Sample of BLAGN),Nominal Table 1 mass and Halpha flux are uncorrected for dust; formal MBH errors exclude the approximately 0.5 dex virial-calibration systematic. Halpha line fit includes the source-specific narrow absorption component described in Section 3.2.,RUBIES,EGS,broad-halpha,Halpha,17.59,1.11,0.96,7.24,1.38,1.22,10.37,0.65,0.65,2098.0,120.0,117.0,1.0,False,Kocevski et al. (2024) full photometric selection applied by Taylor et al.,1.0,0.5,Approximate Reines et al. (2013) single-epoch virial-calibration scatter; may be larger at high redshift,False,16th/84th percentiles from correlated Halpha flux and FWHM posteriors,0.0,formal_mbh_errors_exclude_virial_systematic;nominal_mass_uncorrected_for_dust;halpha_absorption_component_fit,The Astrophysical Journal 986:165 (2025); arXiv:2409.06772v2,https://iopscience.iop.org/article/10.3847/1538-4357/add15b,10.3847/1538-4357/add15b,https://arxiv.org/e-print/2409.06772v2,50453a0a975b84f019ceba8da30663e40d83c285376cad119d83fa8e3b31aaa0,2026-08-17,JWST/NIRSpec G395M Halpha; broad FWHM >700 km/s; broad flux S/N >4; Delta BIC >6; secure multi-line spectroscopic redshift; visual QA,,,,,,,,,,,,,,,,,,,,,,,,,,,,,,,,,,,,,,,,,,,,,,,,,,,,,,,,,,,,,,published_blagn_with_robust_detection_and_no_recorded_alternative_interpretation,type1_broad_line,broad_halpha,,not_reported,True,True,,,,,,,,,,True,only catalogue measurement in this release,singleton assignment,"Taylor et al. (2025), Table 1",HZS-RUBIES-EGS-28812,inherited_provisional_one_to_one_no_verified_multinucleus_link,resolved,recorded,not_required,,0.04,0.04,,,,,16th/84th percentiles from correlated Halpha flux and FWHM posteriors,False,,True,balmer_single_epoch_primary_stratum,not_published,eligible_numeric_mass_with_resolved_identity_and_lensing,eligible_secure_or_probable_primary_comparable_mass,,,,,,,,,,,,,,,,,,,,,,,1,RUBIESEGS28812_taylor24,RUBIES-EGS-28812,taylor24_ceers_rubies_blagn,secure,published_blagn_with_robust_detection_and_no_recorded_alternative_interpretation,preferred_measurement_controls_object_status;all_measurement_statuses_retained,0.45878031356263693,0.28727365428688484,0.20152032464900876,3.8515935676567112,-4.311354774477628,True,0.41590364874369895,0.5016569783815751,3.3515935676567112,4.351593567656711,False,navigation_only_no_cross_class_science_claim,False,unavailable_not_published
v2-shared-science,v2-dataset-catalogue,physical_object,96,96,96,96,89,HZA-RUBIES-UDS-19484,RUBIESUDS19484_taylor24,HZA-RUBIES-UDS-19484,RUBIES-UDS-19484,taylor24_ceers_rubies_blagn,broad_line_agn,virial_balmer_single_epoch,secure,4.656,6.62,single-epoch-virial-halpha-reines2013,low,12.549316803542556,v2-dataset-catalogue,34.232426,-5.280654,spec,1.2804267955067032,RUBIES,0.19,0.22,individual_robust,,,,,,,,,,,,,,,not_evaluable,,,,True,True,True,True,mstar;lbol;edd_ratio;lensing,single-epoch-virial-halpha-reines2013,missing-host-mstar,not-published-by-source,robust,v2,Table 1 (Sample of BLAGN),Nominal Table 1 mass and Halpha flux are uncorrected for dust; formal MBH errors exclude the approximately 0.5 dex virial-calibration systematic.,RUBIES,UDS,broad-halpha,Halpha,3.76,0.32,0.29,1.73,0.36,0.41,2.06,0.39,0.41,1278.0,321.0,288.0,1.0,True,Kocevski et al. (2024) full photometric selection applied by Taylor et al.,0.0,0.5,Approximate Reines et al. (2013) single-epoch virial-calibration scatter; may be larger at high redshift,False,16th/84th percentiles from correlated Halpha flux and FWHM posteriors,0.0,formal_mbh_errors_exclude_virial_systematic;nominal_mass_uncorrected_for_dust,The Astrophysical Journal 986:165 (2025); arXiv:2409.06772v2,https://iopscience.iop.org/article/10.3847/1538-4357/add15b,10.3847/1538-4357/add15b,https://arxiv.org/e-print/2409.06772v2,50453a0a975b84f019ceba8da30663e40d83c285376cad119d83fa8e3b31aaa0,2026-08-17,JWST/NIRSpec G395M Halpha; broad FWHM >700 km/s; broad flux S/N >4; Delta BIC >6; secure multi-line spectroscopic redshift; visual QA,,,,,,,,,,,,,,,,,,,,,,,,,,,,,,,,,,,,,,,,,,,,,,,,,,,,,,,,,,,,,,published_blagn_with_robust_detection_and_no_recorded_alternative_interpretation,type1_broad_line,broad_halpha,lrd,not_reported,True,True,,,,,,,,,,True,only catalogue measurement in this release,singleton assignment,"Taylor et al. (2025), Table 1",HZS-RUBIES-UDS-19484,inherited_provisional_one_to_one_no_verified_multinucleus_link,resolved,recorded,not_required,,0.19,0.22,,,,,16th/84th percentiles from correlated Halpha flux and FWHM posteriors,False,,True,balmer_single_epoch_primary_stratum,not_published,eligible_numeric_mass_with_resolved_identity_and_lensing,eligible_secure_or_probable_primary_comparable_mass,,,,,,,,,,,,,,,,,,,,,,,1,RUBIESUDS19484_taylor24,RUBIES-UDS-19484,taylor24_ceers_rubies_blagn,secure,published_blagn_with_robust_detection_and_no_recorded_alternative_interpretation,preferred_measurement_controls_object_status;all_measurement_statuses_retained,0.45059180164251067,0.25553041565008183,0.15799972265386739,3.544045233517984,-3.6331825549400554,True,0.4018264551444035,0.49935714814061793,3.044045233517984,4.044045233517984,False,navigation_only_no_cross_class_science_claim,False,unavailable_not_published
v2-shared-science,v2-dataset-catalogue,physical_object,97,97,97,97,90,HZA-J2232P2930-BHAE-2,J2232P2930BHAE2_lin24,HZA-J2232P2930-BHAE-2,J2232P2930-BHAE-2,lin24_aspire_blagn,broad_line_agn,virial_balmer_single_epoch,secure,4.4693,6.78,single-epoch-virial-halpha-reines2013,low,11.797438619014015,v2-dataset-catalogue,338.2381,29.5225,spec,1.3462630290899693,ASPIRE,0.13,0.13,individual_robust,,,,,44.63,0.04,0.05,broad-halpha-to-l5100-greene-ho2005;bolometric-correction-richards2006,,,,,0.5618617336382059,,not_evaluable,,,,True,False,True,True,mstar;edd_ratio;lensing,single-epoch-virial-halpha-reines2013,missing-host-mstar,broad-halpha-to-l5100-greene-ho2005;bolometric-correction-richards2006,robust,v2,Tables 1-3,Nominal source-table Halpha mass and luminosity are not dust corrected; formal MBH errors exclude the 0.5 dex estimator systematic.,ASPIRE,J2232P2930,broad-halpha,Halpha,,,,,,,,,,1055.0,149.0,149.0,,True,Table_1_explicitly_calls_all_16_sources_LRDs,0.0,0.5,Reines et al. (2013) Halpha single-epoch estimator intrinsic/calibration uncertainty,False,source-table statistical line-fit propagation,False,broad_fwhm_near_1000_km_s_selection_boundary;formal_mbh_errors_exclude_virial_systematic;nominal_mass_and_lbol_uncorrected_for_dust,The Astrophysical Journal 974:147 (2024); arXiv:2407.17570v1,https://doi.org/10.3847/1538-4357/ad6565,10.3847/1538-4357/ad6565,https://arxiv.org/e-print/2407.17570v1,fc1c4d96e4a568b09b3caefa0fdde1c7fabe8decad71fb6423ff37c912b024cd,2026-08-22,compact red photometric preselection; integrated line S/N >5; robust broad Halpha FWHM >1000 km/s; visual artifact and contamination rejection,0.0002,338.2381,29.5225,,,1.87,0.22,0.22,2.3,0.8,0.8,136.0,51.0,51.0,733.0,182.0,182.0,F356W,25.905,0.014,0.014,,,,-18.37,0.1,0.1,-1.79,0.27,0.27,-0.06,0.43,0.43,,,,,,,,,,,,,,,,,,,,,,,,,,,,,published_blagn_with_robust_detection_and_no_recorded_alternative_interpretation,type1_broad_line,broad_halpha,lrd,not_reported,True,True,,,,,,,,,,True,only catalogue measurement in this release,singleton assignment after coordinate-redshift search,no candidate within 0.5 arcsec and delta-z 0.01,HZS-J2232P2930-BHAE-2,inherited_provisional_one_to_one_no_verified_multinucleus_link,resolved,recorded,not_required,,0.13,0.13,,,0.04,0.05,source-table statistical line-fit propagation,False,,True,balmer_single_epoch_primary_stratum,not_published,eligible_numeric_mass_with_resolved_identity_and_lensing,eligible_secure_or_probable_primary_comparable_mass,,,,,,,,,,,,,,,,,,,,,,,1,J2232P2930BHAE2_lin24,J2232P2930-BHAE-2,lin24_aspire_blagn,secure,published_blagn_with_robust_detection_and_no_recorded_alternative_interpretation,preferred_measurement_controls_object_status;all_measurement_statuses_retained,0.44156926342816816,0.25681224944148684,0.1644337424481463,3.5324913557909476,-4.045028814030176,True,0.3953800099314978,0.4877585169248383,3.0324913557909476,4.032491355790947,False,navigation_only_no_cross_class_science_claim,False,unavailable_not_published
v2-shared-science,v2-dataset-catalogue,physical_object,98,98,98,98,91,HZA-GLASS-150029,GLASS150029_harikane23,HZA-GLASS-150029,GLASS-150029,harikane23_nirspec_blagn,broad_line_agn,virial_balmer_single_epoch,secure,4.583,6.56820172,single-epoch-virial-halpha-greeneho2005,low,11.355531602295867,v2-dataset-catalogue,3.57716667,-30.42258333,spec,1.305518856033707,GLASS,0.02286288,0.03672281,individual_robust,9.1,0.31,0.37,prospector-after-agn-host-image-decomposition,44.95904139,0.40079409,0.6580114,halpha-multicalibration-best-estimate-harikane2023,-2.5317982799999994,0.3413028180563325,1.89,2.4,1.9519519597989896,-0.0140073207091978,consistent,1.0,,,False,False,False,True,lensing,single-epoch-virial-halpha-greeneho2005,host-sed-with-agn-contamination-risk,halpha-multicalibration-best-estimate-harikane2023,robust,v2,Tables 1-3,Extinction-corrected broad-Halpha Greene & Ho (2005) mass; source gives no numeric virial-calibration systematic.,JWST/NIRSpec,Abell-2744,broad-halpha,Halpha,,,,,,,,,,1429.0,10.0,67.0,,,,,,not numerically specified by Harikane et al. (2023),False,log transform of published asymmetric linear MBH errors,True,narrow_oiii_outflow_component;virial_calibration_at_z0;source_does_not_state_numeric_virial_systematic,The Astrophysical Journal 959:39 (2023); arXiv:2303.11946v3,https://doi.org/10.3847/1538-4357/ad029e,10.3847/1538-4357/ad029e,https://arxiv.org/e-print/2303.11946v3,02c2951b4594234f8cc015fc811f1ed438d35997249138af4d756d02d44ca4b4,2026-08-23,NIRSpec parent sample at zspec 3.8-8.9; permitted broad Halpha FWHM >1000 km/s and S/N >5; narrow forbidden lines; outflow-component veto; final rows have Delta AIC >20,,00:14:18.52,-30:25:21.3,,,,7e+40,5e+40,,,,,,,,,,,,,,,,,-19.2,0.1,1.08,,,,,,,,,,,7.7,0.09,0.08,0.17,18.1,431.1,8.2e+41,0.22,0.02,0.01,3700000.0,200000.0,300000.0,9.1e+44,1.38e+45,7.1e+44,,PSF+Sersic,0.0,0.0,0.0,0.2,typical systematic from fixed SED-fitting prior; Harikane et al. (2023) Section 4.3,False,published_blagn_with_robust_detection_and_no_recorded_alternative_interpretation,type1_broad_line,broad_halpha,,not_reported,True,True,,,,,,,,,,True,only catalogue measurement in this release,singleton assignment after coordinate-redshift search,no candidate within 0.5 arcsec and delta-z 0.01,HZS-GLASS-150029,inherited_provisional_one_to_one_no_verified_multinucleus_link,resolved,recorded,not_required,,0.02286288,0.03672281,0.31,0.37,0.40079409,0.6580114,log transform of published asymmetric linear MBH errors,False,,True,balmer_single_epoch_primary_stratum,object_specific,eligible_numeric_mass_with_resolved_identity_and_lensing,eligible_secure_or_probable_primary_comparable_mass,,,,,,,,,,,,,,,,,,,,,,,1,GLASS150029_harikane23,GLASS-150029,harikane23_nirspec_blagn,secure,published_blagn_with_robust_detection_and_no_recorded_alternative_interpretation,preferred_measurement_controls_object_status;all_measurement_statuses_retained,0.4362663792275504,0.24526501546660406,0.1497643335861309,3.4268628929592233,-3.902927703469257,False,,,,,False,navigation_only_no_cross_class_science_claim,False,available_not_growth_history
v2-shared-science,v2-dataset-catalogue,physical_object,99,99,99,99,92,HZA-RUBIES-UDS-119957,RUBIESUDS119957_taylor24,HZA-RUBIES-UDS-119957,RUBIES-UDS-119957,taylor24_ceers_rubies_blagn,broad_line_agn,virial_balmer_single_epoch,secure,4.149,7.19,single-epoch-virial-halpha-reines2013,low,11.261136260834359,v2-dataset-catalogue,34.268908,-5.176722,spec,1.4731747837496332,RUBIES,0.06,0.05,individual_robust,,,,,,,,,,,,,,,not_evaluable,,,,True,True,True,True,mstar;lbol;edd_ratio;lensing,single-epoch-virial-halpha-reines2013,missing-host-mstar,not-published-by-source,robust,v2,Table 1 (Sample of BLAGN),Nominal Table 1 mass and Halpha flux are uncorrected for dust; formal MBH errors exclude the approximately 0.5 dex virial-calibration systematic.,RUBIES,UDS,broad-halpha,Halpha,12.83,0.39,0.39,4.23,0.39,0.36,8.61,0.44,0.48,1845.0,121.0,114.0,1.0,True,Kocevski et al. (2024) full photometric selection applied by Taylor et al.,0.0,0.5,Approximate Reines et al. (2013) single-epoch virial-calibration scatter; may be larger at high redshift,False,16th/84th percentiles from correlated Halpha flux and FWHM posteriors,0.0,formal_mbh_errors_exclude_virial_systematic;nominal_mass_uncorrected_for_dust,The Astrophysical Journal 986:165 (2025); arXiv:2409.06772v2,https://iopscience.iop.org/article/10.3847/1538-4357/add15b,10.3847/1538-4357/add15b,https://arxiv.org/e-print/2409.06772v2,50453a0a975b84f019ceba8da30663e40d83c285376cad119d83fa8e3b31aaa0,2026-08-17,JWST/NIRSpec G395M Halpha; broad FWHM >700 km/s; broad flux S/N >4; Delta BIC >6; secure multi-line spectroscopic redshift; visual QA,,,,,,,,,,,,,,,,,,,,,,,,,,,,,,,,,,,,,,,,,,,,,,,,,,,,,,,,,,,,,,published_blagn_with_robust_detection_and_no_recorded_alternative_interpretation,type1_broad_line,broad_halpha,lrd,not_reported,True,True,,,,,,,,,,True,only catalogue measurement in this release,singleton assignment,"Taylor et al. (2025), Table 1",HZS-RUBIES-UDS-119957,inherited_provisional_one_to_one_no_verified_multinucleus_link,resolved,recorded,not_required,,0.06,0.05,,,,,16th/84th percentiles from correlated Halpha flux and FWHM posteriors,False,,True,balmer_single_epoch_primary_stratum,not_published,eligible_numeric_mass_with_resolved_identity_and_lensing,eligible_secure_or_probable_primary_comparable_mass,,,,,,,,,,,,,,,,,,,,,,,1,RUBIESUDS119957_taylor24,RUBIES-UDS-119957,taylor24_ceers_rubies_blagn,secure,published_blagn_with_robust_detection_and_no_recorded_alternative_interpretation,preferred_measurement_controls_object_status;all_measurement_statuses_retained,0.4351336351300123,0.2674520801666164,0.1836113026849185,3.61178890736684,-4.737370308777201,True,0.3932132463891633,0.47705402387086127,3.11178890736684,4.11178890736684,False,navigation_only_no_cross_class_science_claim,False,unavailable_not_published
v2-shared-science,v2-dataset-catalogue,physical_object,100,100,100,100,93,HZA-RUBIES-UDS-31747,RUBIESUDS31747_taylor24,HZA-RUBIES-UDS-31747,RUBIES-UDS-31747,taylor24_ceers_rubies_blagn,broad_line_agn,virial_balmer_single_epoch,secure,4.13,7.17,single-epoch-virial-halpha-reines2013,low,10.908321132651999,v2-dataset-catalogue,34.223757,-5.260245,spec,1.4813233087212372,RUBIES,0.05,0.05,individual_robust,,,,,,,,,,,,,,,not_evaluable,,,,True,True,True,True,mstar;lbol;edd_ratio;lensing,single-epoch-virial-halpha-reines2013,missing-host-mstar,not-published-by-source,robust,v2,Table 1 (Sample of BLAGN),Nominal Table 1 mass and Halpha flux are uncorrected for dust; formal MBH errors exclude the approximately 0.5 dex virial-calibration systematic.,RUBIES,UDS,broad-halpha,Halpha,16.16,0.45,0.51,4.85,0.52,0.58,11.32,0.63,0.7,1688.0,93.0,92.0,1.0,True,Kocevski et al. (2024) full photometric selection applied by Taylor et al.,0.0,0.5,Approximate Reines et al. (2013) single-epoch virial-calibration scatter; may be larger at high redshift,False,16th/84th percentiles from correlated Halpha flux and FWHM posteriors,0.0,formal_mbh_errors_exclude_virial_systematic;nominal_mass_uncorrected_for_dust,The Astrophysical Journal 986:165 (2025); arXiv:2409.06772v2,https://iopscience.iop.org/article/10.3847/1538-4357/add15b,10.3847/1538-4357/add15b,https://arxiv.org/e-print/2409.06772v2,50453a0a975b84f019ceba8da30663e40d83c285376cad119d83fa8e3b31aaa0,2026-08-17,JWST/NIRSpec G395M Halpha; broad FWHM >700 km/s; broad flux S/N >4; Delta BIC >6; secure multi-line spectroscopic redshift; visual QA,,,,,,,,,,,,,,,,,,,,,,,,,,,,,,,,,,,,,,,,,,,,,,,,,,,,,,,,,,,,,,published_blagn_with_robust_detection_and_no_recorded_alternative_interpretation,type1_broad_line,broad_halpha,lrd,not_reported,True,True,,,,,,,,,,True,only catalogue measurement in this release,singleton assignment,"Taylor et al. (2025), Table 1",HZS-RUBIES-UDS-31747,inherited_provisional_one_to_one_no_verified_multinucleus_link,resolved,recorded,not_required,,0.05,0.05,,,,,16th/84th percentiles from correlated Halpha flux and FWHM posteriors,False,,True,balmer_single_epoch_primary_stratum,not_published,eligible_numeric_mass_with_resolved_identity_and_lensing,eligible_secure_or_probable_primary_comparable_mass,,,,,,,,,,,,,,,,,,,,,,,1,RUBIESUDS31747_taylor24,RUBIES-UDS-31747,taylor24_ceers_rubies_blagn,secure,published_blagn_with_robust_detection_and_no_recorded_alternative_interpretation,preferred_measurement_controls_object_status;all_measurement_statuses_retained,0.430899853591824,0.26420745374972576,0.18086125382867663,3.5705557507819283,-4.828147497393571,True,0.3892267536312995,0.47257295355234863,3.0705557507819283,4.070555750781928,False,navigation_only_no_cross_class_science_claim,False,unavailable_not_published
v2-shared-science,v2-dataset-catalogue,physical_object,101,101,101,101,94,HZA-J0148-976,J0148976_matthee23,HZA-J0148-976,J0148-976,matthee23_eiger_fresco_blagn,broad_line_agn,virial_balmer_single_epoch,secure,4.163,7.11,single-epoch-virial-halpha-reines2013,low,10.85774332989975,v2-dataset-catalogue,27.14616667,5.955825,spec,1.4672180919233662,EIGER,0.18,0.18,individual_robust,,,,,44.7160033436348,0.054848668007345,0.0627908298594555,broad-halpha-to-l5100-greene-ho2005;bolometric-correction-richards2006,,,,,0.3203559528943783,,not_evaluable,,,,True,False,True,True,mstar;edd_ratio;lensing,single-epoch-virial-halpha-reines2013,missing-host-mstar,broad-halpha-to-l5100-greene-ho2005;bolometric-correction-richards2006,robust,v2,Tables 1-3,Nominal source-table Halpha mass and luminosity are not dust corrected; formal MBH errors exclude the 0.5 dex estimator systematic.,EIGER,J0148,broad-halpha,Halpha,,,,,,,,,,1445.0,236.0,236.0,,True,paper_sample_label_little_red_dot,0.0,0.5,Reines et al. (2013) Halpha single-epoch estimator intrinsic/calibration uncertainty,False,source-table statistical line-fit propagation,False,formal_mbh_errors_exclude_virial_systematic;nominal_mass_uncorrected_for_dust,The Astrophysical Journal 963:129 (2024); arXiv:2306.05448v3,https://doi.org/10.3847/1538-4357/ad2345,10.3847/1538-4357/ad2345,https://arxiv.org/e-print/2306.05448v3,b3e6f5385e694d92a7456f81eb123a305468baf743cebc7aeea820befb9b1190,2026-08-22,broad Halpha S/N >5; broad Halpha luminosity >2e42 erg/s; broad FWHM >1000 km/s; visual rejection of spatial-broadening impostors,,01:48:35.08,+05:57:20.97,0.51,0.02,2.4,0.3,0.3,,,,,,,622.0,94.0,94.0,F356W,25.12,0.05,0.05,26.06,0.05,0.05,-19.1,0.1,0.1,-1.44,0.18,0.18,-1.52,0.19,0.17,-0.6,5.2,0.7,0.7,,,,,,,,,,,,,,,,,,,,,,,,,published_blagn_with_robust_detection_and_no_recorded_alternative_interpretation,type1_broad_line,broad_halpha,lrd,not_reported,True,True,,,,,,,,,,True,only catalogue measurement in this release,singleton assignment after coordinate-redshift search,no candidate within 0.5 arcsec and delta-z 0.01,HZS-J0148-976,inherited_provisional_one_to_one_no_verified_multinucleus_link,resolved,recorded,not_required,,0.18,0.18,,,0.054848668007345,0.0627908298594555,source-table statistical line-fit propagation,False,,True,balmer_single_epoch_primary_stratum,not_published,eligible_numeric_mass_with_resolved_identity_and_lensing,eligible_secure_or_probable_primary_comparable_mass,,,,,,,,,,,,,,,,,,,,,,,1,J0148976_matthee23,J0148-976,matthee23_eiger_fresco_blagn,secure,published_blagn_with_robust_detection_and_no_recorded_alternative_interpretation,preferred_measurement_controls_object_status;all_measurement_statuses_retained,0.430292919958797,0.2618808182136709,0.17767476734110793,3.547310657710116,-4.76563114096628,True,0.3881898945225154,0.47239594539507834,3.047310657710116,4.047310657710116,False,navigation_only_no_cross_class_science_claim,False,unavailable_not_published
v2-shared-science,v2-dataset-catalogue,physical_object,102,102,102,102,95,HZA-RUBIES-UDS-35974,RUBIESUDS35974_taylor24,HZA-RUBIES-UDS-35974,RUBIES-UDS-35974,taylor24_ceers_rubies_blagn,broad_line_agn,virial_balmer_single_epoch,secure,4.367,6.8,single-epoch-virial-halpha-reines2013,low,10.84418055129983,v2-dataset-catalogue,34.331644,-5.260593,spec,1.384760384875935,RUBIES,0.09,0.11,individual_robust,,,,,,,,,,,,,,,not_evaluable,,,,True,True,True,True,mstar;lbol;edd_ratio;lensing,single-epoch-virial-halpha-reines2013,missing-host-mstar,not-published-by-source,robust,v2,Table 1 (Sample of BLAGN),Nominal Table 1 mass and Halpha flux are uncorrected for dust; formal MBH errors exclude the approximately 0.5 dex virial-calibration systematic.,RUBIES,UDS,broad-halpha,Halpha,41.29,0.77,0.76,33.18,1.09,1.16,8.16,1.1,1.11,1179.0,133.0,141.0,1.0,False,Kocevski et al. (2024) full photometric selection applied by Taylor et al.,0.0,0.5,Approximate Reines et al. (2013) single-epoch virial-calibration scatter; may be larger at high redshift,False,16th/84th percentiles from correlated Halpha flux and FWHM posteriors,0.0,formal_mbh_errors_exclude_virial_systematic;nominal_mass_uncorrected_for_dust,The Astrophysical Journal 986:165 (2025); arXiv:2409.06772v2,https://iopscience.iop.org/article/10.3847/1538-4357/add15b,10.3847/1538-4357/add15b,https://arxiv.org/e-print/2409.06772v2,50453a0a975b84f019ceba8da30663e40d83c285376cad119d83fa8e3b31aaa0,2026-08-17,JWST/NIRSpec G395M Halpha; broad FWHM >700 km/s; broad flux S/N >4; Delta BIC >6; secure multi-line spectroscopic redshift; visual QA,,,,,,,,,,,,,,,,,,,,,,,,,,,,,,,,,,,,,,,,,,,,,,,,,,,,,,,,,,,,,,published_blagn_with_robust_detection_and_no_recorded_alternative_interpretation,type1_broad_line,broad_halpha,,not_reported,True,True,,,,,,,,,,True,only catalogue measurement in this release,singleton assignment,"Taylor et al. (2025), Table 1",HZS-RUBIES-UDS-35974,inherited_provisional_one_to_one_no_verified_multinucleus_link,resolved,recorded,not_required,,0.09,0.11,,,,,16th/84th percentiles from correlated Halpha flux and FWHM posteriors,False,,True,balmer_single_epoch_primary_stratum,not_published,eligible_numeric_mass_with_resolved_identity_and_lensing,eligible_secure_or_probable_primary_comparable_mass,,,,,,,,,,,,,,,,,,,,,,,1,RUBIESUDS35974_taylor24,RUBIES-UDS-35974,taylor24_ceers_rubies_blagn,secure,published_blagn_with_robust_detection_and_no_recorded_alternative_interpretation,preferred_measurement_controls_object_status;all_measurement_statuses_retained,0.43013016661559794,0.25090926385909873,0.16129881248084918,3.452176220676681,-4.359412597744396,True,0.38532494092647307,0.4749353923047227,2.952176220676681,3.952176220676681,False,navigation_only_no_cross_class_science_claim,False,unavailable_not_published
v2-shared-science,v2-dataset-catalogue,physical_object,103,103,103,103,96,HZA-J0224M4711-BHAE-1,J0224M4711BHAE1_lin24,HZA-J0224M4711-BHAE-1,J0224M4711-BHAE-1,lin24_aspire_blagn,broad_line_agn,virial_balmer_single_epoch,secure,4.0639,7.23,single-epoch-virial-halpha-reines2013,low,10.57964718710251,v2-dataset-catalogue,36.0952,-47.2007,spec,1.5102627753114246,ASPIRE,0.24,0.24,individual_robust,,,,,44.59,0.08,0.09,broad-halpha-to-l5100-greene-ho2005;bolometric-correction-richards2006,,,,,0.1818148930768069,,not_evaluable,,,,True,False,True,True,mstar;edd_ratio;lensing,single-epoch-virial-halpha-reines2013,missing-host-mstar,broad-halpha-to-l5100-greene-ho2005;bolometric-correction-richards2006,robust,v2,Tables 1-3,Nominal source-table Halpha mass and luminosity are not dust corrected; formal MBH errors exclude the 0.5 dex estimator systematic.,ASPIRE,J0224M4711,broad-halpha,Halpha,,,,,,,,,,1787.0,472.0,472.0,,True,Table_1_explicitly_calls_all_16_sources_LRDs,0.0,0.5,Reines et al. (2013) Halpha single-epoch estimator intrinsic/calibration uncertainty,False,source-table statistical line-fit propagation,False,formal_mbh_errors_exclude_virial_systematic;nominal_mass_and_lbol_uncorrected_for_dust,The Astrophysical Journal 974:147 (2024); arXiv:2407.17570v1,https://doi.org/10.3847/1538-4357/ad6565,10.3847/1538-4357/ad6565,https://arxiv.org/e-print/2407.17570v1,fc1c4d96e4a568b09b3caefa0fdde1c7fabe8decad71fb6423ff37c912b024cd,2026-08-22,compact red photometric preselection; integrated line S/N >5; robust broad Halpha FWHM >1000 km/s; visual artifact and contamination rejection,0.0003,36.0952,-47.2007,,,1.7,0.37,0.37,3.13,0.87,0.87,306.0,50.0,50.0,227.0,53.0,53.0,F356W,24.71,0.014,0.014,,,,-17.43,0.19,0.19,0.0,0.4,0.4,0.54,0.17,0.17,,,,,,,,,,,,,,,,,,,,,,,,,,,,,published_blagn_with_robust_detection_and_no_recorded_alternative_interpretation,type1_broad_line,broad_halpha,lrd,not_reported,True,True,,,,,,,,,,True,only catalogue measurement in this release,singleton assignment after coordinate-redshift search,no candidate within 0.5 arcsec and delta-z 0.01,HZS-J0224M4711-BHAE-1,inherited_provisional_one_to_one_no_verified_multinucleus_link,resolved,recorded,not_required,,0.24,0.24,,,0.08,0.09,source-table statistical line-fit propagation,False,,True,balmer_single_epoch_primary_stratum,not_published,eligible_numeric_mass_with_resolved_identity_and_lensing,eligible_secure_or_probable_primary_comparable_mass,,,,,,,,,,,,,,,,,,,,,,,1,J0224M4711BHAE1_lin24,J0224M4711-BHAE-1,lin24_aspire_blagn,secure,published_blagn_with_robust_detection_and_no_recorded_alternative_interpretation,preferred_measurement_controls_object_status;all_measurement_statuses_retained,0.42695576624523013,0.26368396270976935,0.18204806094203888,3.555146246885878,-5.019512510380409,True,0.386137815361365,0.4677737171290953,3.055146246885878,4.055146246885878,False,navigation_only_no_cross_class_science_claim,False,unavailable_not_published
v2-shared-science,v2-dataset-catalogue,physical_object,104,104,104,104,97,HZA-THRILS-24975,THRILS24975_davis26,HZA-THRILS-24975,THRILS-24975,davis26_thrils_blagn,broad_line_agn,virial_balmer_single_epoch,secure,4.4,6.69,single-epoch-virial-halpha-reinesvolonteri2015,low,10.370077652369146,v2-dataset-catalogue,214.940291,52.941319,spec,1.3721441836266293,THRILS,0.06,0.06,individual_robust,,,,,,,,,,,,,,,not_evaluable,1.0,,,True,True,True,True,mstar;lbol;edd_ratio;lensing,single-epoch-virial-halpha-reinesvolonteri2015,missing-host-mstar,unavailable,robust,v2,Appendix Table 5; coordinates from Hutchison et al. Table 3,Deep G395M broad-Halpha detection; formal mass errors exclude the stated approximately 0.5 dex single-epoch systematic.,JWST/NIRSpec G395M,EGS,photometric-eelg-parent;deep-g395m-broad-halpha,Halpha,,,,0.313,0.003,0.003,0.0051,0.0012,0.0012,,,,,,not reported per Table 5 row,,0.5,intrinsic scatter in single-epoch black-hole mass recipes,False,observational posterior uncertainty from broad-Halpha flux and FWHM fit,,formal_mbh_errors_exclude_virial_systematic;fwhm_not_tabulated;first_spectroscopic_targeting_reported;catastrophic_photometric_redshift;source_extreme_eelg_row_assignments_internally_inconsistent,arXiv:2602.23310v1 (submitted to ApJ; 2026-02-26),https://arxiv.org/abs/2602.23310v1,10.48550/arXiv.2602.23310,https://arxiv.org/e-print/2602.23310v1,13274268d718138119dbbb818d58e3f5255ce0a34f80f9d8a7a0d0013f16153b,2026-08-25,photometric EELG parent sample; deep 8.36-8.85 hr NIRSpec G395M; broad component >3 sigma and implied FWHM >1000 km/s,,,,,,,,,,,,,,,,,,,,,,,,,,,,,,,,,,,,,,,,,,,,,,,,,,,,,,,,,,,,,,published_blagn_with_robust_detection_and_no_recorded_alternative_interpretation,type1_broad_line,photometric_eelg_parent;deep_g395m_broad_halpha,,not_reported,True,True,24975.0,16788.0,4.39,0.7,Hutchison et al. THRILS survey redshift catalogue Table 3,arXiv:2512.12509v1 (2025-12-14),https://arxiv.org/abs/2512.12509v1,https://arxiv.org/e-print/2512.12509v1,584a56f5867e816c6220ea52f55fc0411f2fc745544ecccfb6ea4ad42c445fdc,True,only catalogue measurement in this release,singleton assignment after coordinate-redshift search,no previously admitted candidate within 0.5 arcsec and delta-z 0.01,HZS-THRILS-24975,inherited_provisional_one_to_one_no_verified_multinucleus_link,resolved,recorded,not_required,,0.06,0.06,,,,,observational posterior uncertainty from broad-Halpha flux and FWHM fit,False,,True,balmer_single_epoch_primary_stratum,not_published,eligible_numeric_mass_with_resolved_identity_and_lensing,eligible_secure_or_probable_primary_comparable_mass,,,,,,,,,,,,,,,,,,,,,,,1,THRILS24975_davis26,THRILS-24975,davis26_thrils_blagn,secure,published_blagn_with_robust_detection_and_no_recorded_alternative_interpretation,preferred_measurement_controls_object_status;all_measurement_statuses_retained,0.42444093182842973,0.2434426666563915,0.15294353407037237,3.3750511001876076,-4.35982966604131,True,0.3791913655354202,0.46969049812143937,2.8750511001876076,3.8750511001876076,False,navigation_only_no_cross_class_science_claim,False,unavailable_not_published
v2-shared-science,v2-dataset-catalogue,physical_object,105,105,105,105,98,HZA-RUBIES-UDS-155916,RUBIESUDS155916_taylor24,HZA-RUBIES-UDS-155916,RUBIES-UDS-155916,taylor24_ceers_rubies_blagn,broad_line_agn,virial_balmer_single_epoch,secure,4.098,7.06,single-epoch-virial-halpha-reines2013,low,9.794339378398224,v2-dataset-catalogue,34.317031,-5.127611,spec,1.49521733830908,RUBIES,0.11,0.13,individual_robust,,,,,,,,,,,,,,,not_evaluable,,,,True,True,True,True,mstar;lbol;edd_ratio;lensing,single-epoch-virial-halpha-reines2013,missing-host-mstar,not-published-by-source,robust,v2,Table 1 (Sample of BLAGN),Nominal Table 1 mass and Halpha flux are uncorrected for dust; formal MBH errors exclude the approximately 0.5 dex virial-calibration systematic.,RUBIES,UDS,broad-halpha,Halpha,7.93,0.88,0.95,0.16,0.3,0.12,7.72,0.94,1.09,1646.0,190.0,189.0,1.0,False,Kocevski et al. (2024) full photometric selection applied by Taylor et al.,0.0,0.5,Approximate Reines et al. (2013) single-epoch virial-calibration scatter; may be larger at high redshift,False,16th/84th percentiles from correlated Halpha flux and FWHM posteriors,0.0,formal_mbh_errors_exclude_virial_systematic;nominal_mass_uncorrected_for_dust,The Astrophysical Journal 986:165 (2025); arXiv:2409.06772v2,https://iopscience.iop.org/article/10.3847/1538-4357/add15b,10.3847/1538-4357/add15b,https://arxiv.org/e-print/2409.06772v2,50453a0a975b84f019ceba8da30663e40d83c285376cad119d83fa8e3b31aaa0,2026-08-17,JWST/NIRSpec G395M Halpha; broad FWHM >700 km/s; broad flux S/N >4; Delta BIC >6; secure multi-line spectroscopic redshift; visual QA,,,,,,,,,,,,,,,,,,,,,,,,,,,,,,,,,,,,,,,,,,,,,,,,,,,,,,,,,,,,,,published_blagn_with_robust_detection_and_no_recorded_alternative_interpretation,type1_broad_line,broad_halpha,,not_reported,True,True,,,,,,,,,,True,only catalogue measurement in this release,singleton assignment,"Taylor et al. (2025), Table 1",HZS-RUBIES-UDS-155916,inherited_provisional_one_to_one_no_verified_multinucleus_link,resolved,recorded,not_required,,0.11,0.13,,,,,16th/84th percentiles from correlated Halpha flux and FWHM posteriors,False,,True,balmer_single_epoch_primary_stratum,not_published,eligible_numeric_mass_with_resolved_identity_and_lensing,eligible_secure_or_probable_primary_comparable_mass,,,,,,,,,,,,,,,,,,,,,,,1,RUBIESUDS155916_taylor24,RUBIES-UDS-155916,taylor24_ceers_rubies_blagn,secure,published_blagn_with_robust_detection_and_no_recorded_alternative_interpretation,preferred_measurement_controls_object_status;all_measurement_statuses_retained,0.4175320725407787,0.25249963280134047,0.16998341293162136,3.4243511484935247,-5.058829505021584,True,0.3762739626059191,0.4587901824756382,2.9243511484935247,3.9243511484935247,False,navigation_only_no_cross_class_science_claim,False,unavailable_not_published
v2-shared-science,v2-dataset-catalogue,physical_object,106,106,106,106,99,HZA-RUBIES-UDS-63139,RUBIESUDS63139_taylor24,HZA-RUBIES-UDS-63139,RUBIES-UDS-63139,taylor24_ceers_rubies_blagn,broad_line_agn,virial_balmer_single_epoch,secure,4.435,6.55,single-epoch-virial-halpha-reines2013,low,9.673306722622575,v2-dataset-catalogue,34.230848,-5.202607,spec,1.358970606803421,RUBIES,0.09,0.09,individual_robust,,,,,,,,,,,,,,,not_evaluable,,,,True,True,True,True,mstar;lbol;edd_ratio;lensing,single-epoch-virial-halpha-reines2013,missing-host-mstar,not-published-by-source,robust,v2,Table 1 (Sample of BLAGN),Nominal Table 1 mass and Halpha flux are uncorrected for dust; formal MBH errors exclude the approximately 0.5 dex virial-calibration systematic.,RUBIES,UDS,broad-halpha,Halpha,5.45,0.26,0.24,2.53,0.27,0.25,2.92,0.34,0.37,1107.0,111.0,96.0,1.0,False,Kocevski et al. (2024) full photometric selection applied by Taylor et al.,0.0,0.5,Approximate Reines et al. (2013) single-epoch virial-calibration scatter; may be larger at high redshift,False,16th/84th percentiles from correlated Halpha flux and FWHM posteriors,0.0,formal_mbh_errors_exclude_virial_systematic;nominal_mass_uncorrected_for_dust,The Astrophysical Journal 986:165 (2025); arXiv:2409.06772v2,https://iopscience.iop.org/article/10.3847/1538-4357/add15b,10.3847/1538-4357/add15b,https://arxiv.org/e-print/2409.06772v2,50453a0a975b84f019ceba8da30663e40d83c285376cad119d83fa8e3b31aaa0,2026-08-17,JWST/NIRSpec G395M Halpha; broad FWHM >700 km/s; broad flux S/N >4; Delta BIC >6; secure multi-line spectroscopic redshift; visual QA,,,,,,,,,,,,,,,,,,,,,,,,,,,,,,,,,,,,,,,,,,,,,,,,,,,,,,,,,,,,,,published_blagn_with_robust_detection_and_no_recorded_alternative_interpretation,type1_broad_line,broad_halpha,,not_reported,True,True,,,,,,,,,,True,only catalogue measurement in this release,singleton assignment,"Taylor et al. (2025), Table 1",HZS-RUBIES-UDS-63139,inherited_provisional_one_to_one_no_verified_multinucleus_link,resolved,recorded,not_required,,0.09,0.09,,,,,16th/84th percentiles from correlated Halpha flux and FWHM posteriors,False,,True,balmer_single_epoch_primary_stratum,not_published,eligible_numeric_mass_with_resolved_identity_and_lensing,eligible_secure_or_probable_primary_comparable_mass,,,,,,,,,,,,,,,,,,,,,,,1,RUBIESUDS63139_taylor24,RUBIES-UDS-63139,taylor24_ceers_rubies_blagn,secure,published_blagn_with_robust_detection_and_no_recorded_alternative_interpretation,preferred_measurement_controls_object_status;all_measurement_statuses_retained,0.4160796806714709,0.23318751334335178,0.14174142967929226,3.269378370515094,-4.385405431616353,True,0.3703566388394411,0.46180272250350063,2.769378370515094,3.769378370515094,False,navigation_only_no_cross_class_science_claim,False,unavailable_not_published
v2-shared-science,v2-dataset-catalogue,physical_object,107,107,107,107,100,HZA-RUBIES-UDS-143683,RUBIESUDS143683_taylor24,HZA-RUBIES-UDS-143683,RUBIES-UDS-143683,taylor24_ceers_rubies_blagn,broad_line_agn,virial_balmer_single_epoch,secure,4.226,6.81,single-epoch-virial-halpha-reines2013,low,9.415026217409565,v2-dataset-catalogue,34.316389,-5.144678,spec,1.4409010539259417,RUBIES,0.16,0.19,individual_robust,,,,,,,,,,,,,,,not_evaluable,,,,True,True,True,True,mstar;lbol;edd_ratio;lensing,single-epoch-virial-halpha-reines2013,missing-host-mstar,not-published-by-source,robust,v2,Table 1 (Sample of BLAGN),Nominal Table 1 mass and Halpha flux are uncorrected for dust; formal MBH errors exclude the approximately 0.5 dex virial-calibration systematic.,RUBIES,UDS,broad-halpha,Halpha,15.94,0.56,0.55,11.95,0.51,0.58,4.05,0.47,0.51,1426.0,268.0,271.0,1.0,False,Kocevski et al. (2024) full photometric selection applied by Taylor et al.,0.0,0.5,Approximate Reines et al. (2013) single-epoch virial-calibration scatter; may be larger at high redshift,False,16th/84th percentiles from correlated Halpha flux and FWHM posteriors,0.0,formal_mbh_errors_exclude_virial_systematic;nominal_mass_uncorrected_for_dust,The Astrophysical Journal 986:165 (2025); arXiv:2409.06772v2,https://iopscience.iop.org/article/10.3847/1538-4357/add15b,10.3847/1538-4357/add15b,https://arxiv.org/e-print/2409.06772v2,50453a0a975b84f019ceba8da30663e40d83c285376cad119d83fa8e3b31aaa0,2026-08-17,JWST/NIRSpec G395M Halpha; broad FWHM >700 km/s; broad flux S/N >4; Delta BIC >6; secure multi-line spectroscopic redshift; visual QA,,,,,,,,,,,,,,,,,,,,,,,,,,,,,,,,,,,,,,,,,,,,,,,,,,,,,,,,,,,,,,published_blagn_with_robust_detection_and_no_recorded_alternative_interpretation,type1_broad_line,broad_halpha,,not_reported,True,True,,,,,,,,,,True,only catalogue measurement in this release,singleton assignment,"Taylor et al. (2025), Table 1",HZS-RUBIES-UDS-143683,inherited_provisional_one_to_one_no_verified_multinucleus_link,resolved,recorded,not_required,,0.16,0.19,,,,,16th/84th percentiles from correlated Halpha flux and FWHM posteriors,False,,True,balmer_single_epoch_primary_stratum,not_published,eligible_numeric_mass_with_resolved_identity_and_lensing,eligible_secure_or_probable_primary_comparable_mass,,,,,,,,,,,,,,,,,,,,,,,1,RUBIESUDS143683_taylor24,RUBIES-UDS-143683,taylor24_ceers_rubies_blagn,secure,published_blagn_with_robust_detection_and_no_recorded_alternative_interpretation,preferred_measurement_controls_object_status;all_measurement_statuses_retained,0.41298031460891477,0.24126292807714142,0.1554042348112548,3.3158867240040335,-4.837044253319889,True,0.37005096797597137,0.45590966124185806,2.8158867240040335,3.8158867240040335,False,navigation_only_no_cross_class_science_claim,False,unavailable_not_published
v2-shared-science,v2-dataset-catalogue,physical_object,108,108,108,108,101,HZA-RUBIES-UDS-48507,RUBIESUDS48507_taylor24,HZA-RUBIES-UDS-48507,RUBIES-UDS-48507,taylor24_ceers_rubies_blagn,broad_line_agn,virial_balmer_single_epoch,secure,4.468,6.43,single-epoch-virial-halpha-reines2013,low,9.089989853787502,v2-dataset-catalogue,34.284578,-5.230702,spec,1.346741054507491,RUBIES,0.04,0.04,individual_robust,,,,,,,,,,,,,,,not_evaluable,,,,True,True,True,True,mstar;lbol;edd_ratio;lensing,single-epoch-virial-halpha-reines2013,missing-host-mstar,not-published-by-source,robust,v2,Table 1 (Sample of BLAGN),Nominal Table 1 mass and Halpha flux are uncorrected for dust; formal MBH errors exclude the approximately 0.5 dex virial-calibration systematic.,RUBIES,UDS,broad-halpha,Halpha,19.68,0.3,0.3,11.22,0.6,0.63,8.47,0.6,0.62,762.0,39.0,37.0,1.0,False,Kocevski et al. (2024) full photometric selection applied by Taylor et al.,0.0,0.5,Approximate Reines et al. (2013) single-epoch virial-calibration scatter; may be larger at high redshift,False,16th/84th percentiles from correlated Halpha flux and FWHM posteriors,0.0,formal_mbh_errors_exclude_virial_systematic;nominal_mass_uncorrected_for_dust,The Astrophysical Journal 986:165 (2025); arXiv:2409.06772v2,https://iopscience.iop.org/article/10.3847/1538-4357/add15b,10.3847/1538-4357/add15b,https://arxiv.org/e-print/2409.06772v2,50453a0a975b84f019ceba8da30663e40d83c285376cad119d83fa8e3b31aaa0,2026-08-17,JWST/NIRSpec G395M Halpha; broad FWHM >700 km/s; broad flux S/N >4; Delta BIC >6; secure multi-line spectroscopic redshift; visual QA,,,,,,,,,,,,,,,,,,,,,,,,,,,,,,,,,,,,,,,,,,,,,,,,,,,,,,,,,,,,,,published_blagn_with_robust_detection_and_no_recorded_alternative_interpretation,type1_broad_line,broad_halpha,,not_reported,True,True,,,,,,,,,,True,only catalogue measurement in this release,singleton assignment,"Taylor et al. (2025), Table 1",HZS-RUBIES-UDS-48507,inherited_provisional_one_to_one_no_verified_multinucleus_link,resolved,recorded,not_required,,0.04,0.04,,,,,16th/84th percentiles from correlated Halpha flux and FWHM posteriors,False,,True,balmer_single_epoch_primary_stratum,not_published,eligible_numeric_mass_with_resolved_identity_and_lensing,eligible_secure_or_probable_primary_comparable_mass,,,,,,,,,,,,,,,,,,,,,,,1,RUBIESUDS48507_taylor24,RUBIES-UDS-48507,taylor24_ceers_rubies_blagn,secure,published_blagn_with_robust_detection_and_no_recorded_alternative_interpretation,preferred_measurement_controls_object_status;all_measurement_statuses_retained,0.40907987824545,0.2243937029653371,0.13205061532528067,3.181245732984712,-4.399180890050959,True,0.36290833442542175,0.4552514220654782,2.681245732984712,3.681245732984712,False,navigation_only_no_cross_class_science_claim,False,unavailable_not_published
v2-shared-science,v2-dataset-catalogue,physical_object,109,109,109,109,102,HZA-GS-200679,GS200679_juodzbalis25,HZA-GS-200679,GS-200679,juodzbalis25_jades_blagn,broad_line_agn,virial_balmer_single_epoch,probable,4.547,6.19,single-epoch-virial-halpha,low,7.998664978596665,v2-dataset-catalogue,53.11392,-27.8062,spec,1.318195361019195,JADES,0.6,0.3,individual_tentative,8.53,0.13,0.13,cigale-spectral-decomposition-extended-host,43.63,0.09,0.39,balmer-line-bolometric-correction,-2.339999999999999,0.4684015371452147,0.23,0.105,0.2185895796300154,0.0220983811351514,consistent,1.0,,,False,False,False,True,lensing,single-epoch-virial,host-sed-with-agn-contamination-risk,balmer-line-bolometric-correction,tentative,v2,"Table 2 (BH/Lbol/lambda_Edd), Table 5 (Mstar)",Tentative sample; source-adopted CIGALE Mstar used because the host is significantly extended.,,GOODS-S,,,,,,,,,,,,,,,,,,,0.3,source_stated_single_epoch_virial_calibration_uncertainty,False,,,,"MNRAS 546, stag086 (2026); arXiv:2504.03551",https://arxiv.org/abs/2504.03551,,https://arxiv.org/abs/2504.03551,,not_recorded_in_frozen_v1_source_layer,JADES spectroscopic Type 1 broad-line AGN sample,,,,,,,,,,,,,,,,,,,,,,,,,,,,,,,,,,,,,,,,,,,,,,,,,,,,,,,,,,,,,,published_blagn_with_tentative_broad_line_detection,type1_broad_line,broad_balmer_line,,not_reported,True,True,,,,,,,,,,True,only catalogue measurement in this release,singleton assignment,v1 catalogue,HZS-GS-200679,inherited_provisional_one_to_one_no_verified_multinucleus_link,resolved,not_recorded,not_required,,0.6,0.3,0.13,0.13,0.09,0.39,published_asymmetric_table_uncertainty_semantics_not_further_specified_in_v1,False,,True,balmer_single_epoch_primary_stratum,object_specific,eligible_numeric_mass_with_resolved_identity_and_lensing,eligible_secure_or_probable_primary_comparable_mass,,,,,,,,,,,,,,,,,,,,,,,1,GS200679_juodzbalis25,GS-200679,juodzbalis25_jades_blagn,probable,published_blagn_with_tentative_broad_line_detection,preferred_measurement_controls_object_status;all_measurement_statuses_retained,0.39598397974315996,0.2069701469301958,0.11246323052371372,3.015629155969124,-4.391236146769587,True,0.3676319048212153,0.42433605466510455,2.715629155969124,3.3156291559691238,False,navigation_only_no_cross_class_science_claim,False,available_not_growth_history
v2-shared-science,v2-dataset-catalogue,physical_object,110,110,110,110,103,HZA-RUBIES-UDS-30969,RUBIESUDS30969_taylor24,HZA-RUBIES-UDS-30969,RUBIES-UDS-30969,taylor24_ceers_rubies_blagn,broad_line_agn,virial_balmer_single_epoch,secure,4.0,6.74,single-epoch-virial-halpha-reines2013,low,6.599103334169058,v2-dataset-catalogue,34.296356,-5.268672,spec,1.539142050077643,RUBIES,0.07,0.08,individual_robust,,,,,,,,,,,,,,,not_evaluable,,,,True,True,True,True,mstar;lbol;edd_ratio;lensing,single-epoch-virial-halpha-reines2013,missing-host-mstar,not-published-by-source,robust,v2,Table 1 (Sample of BLAGN),Nominal Table 1 mass and Halpha flux are uncorrected for dust; formal MBH errors exclude the approximately 0.5 dex virial-calibration systematic.,RUBIES,UDS,broad-halpha,Halpha,51.14,0.79,0.75,40.29,1.34,1.54,10.92,1.44,1.37,1079.0,103.0,107.0,1.0,False,Kocevski et al. (2024) full photometric selection applied by Taylor et al.,0.0,0.5,Approximate Reines et al. (2013) single-epoch virial-calibration scatter; may be larger at high redshift,False,16th/84th percentiles from correlated Halpha flux and FWHM posteriors,0.0,formal_mbh_errors_exclude_virial_systematic;nominal_mass_uncorrected_for_dust,The Astrophysical Journal 986:165 (2025); arXiv:2409.06772v2,https://iopscience.iop.org/article/10.3847/1538-4357/add15b,10.3847/1538-4357/add15b,https://arxiv.org/e-print/2409.06772v2,50453a0a975b84f019ceba8da30663e40d83c285376cad119d83fa8e3b31aaa0,2026-08-17,JWST/NIRSpec G395M Halpha; broad FWHM >700 km/s; broad flux S/N >4; Delta BIC >6; secure multi-line spectroscopic redshift; visual QA,,,,,,,,,,,,,,,,,,,,,,,,,,,,,,,,,,,,,,,,,,,,,,,,,,,,,,,,,,,,,,published_blagn_with_robust_detection_and_no_recorded_alternative_interpretation,type1_broad_line,broad_halpha,,not_reported,True,True,,,,,,,,,,True,only catalogue measurement in this release,singleton assignment,"Taylor et al. (2025), Table 1",HZS-RUBIES-UDS-30969,inherited_provisional_one_to_one_no_verified_multinucleus_link,resolved,recorded,not_required,,0.07,0.08,,,,,16th/84th percentiles from correlated Halpha flux and FWHM posteriors,False,,True,balmer_single_epoch_primary_stratum,not_published,eligible_numeric_mass_with_resolved_identity_and_lensing,eligible_secure_or_probable_primary_comparable_mass,,,,,,,,,,,,,,,,,,,,,,,1,RUBIESUDS30969_taylor24,RUBIES-UDS-30969,taylor24_ceers_rubies_blagn,secure,published_blagn_with_robust_detection_and_no_recorded_alternative_interpretation,preferred_measurement_controls_object_status;all_measurement_statuses_retained,0.3791892400100287,0.21919378009018536,0.13919605013026373,2.9898935888518587,-5.760354703827138,True,0.3391903750300679,0.41918810498998954,2.4898935888518587,3.4898935888518587,False,navigation_only_no_cross_class_science_claim,False,unavailable_not_published
v2-shared-science,v2-dataset-catalogue,physical_object,111,111,111,111,104,HZA-GN-11836,GN11836_juodzbalis25,HZA-GN-11836,GN-11836,juodzbalis25_jades_blagn,broad_line_agn,virial_balmer_single_epoch,secure,4.409,6.06,single-epoch-virial-halpha,low,5.701111137430049,v2-dataset-catalogue,189.22059,62.26368,spec,1.3687364986748385,JADES,0.32,0.32,individual_robust,8.17,0.15,0.15,beagle-spectral-decomposition,44.11,0.05,0.05,balmer-line-bolometric-correction,-2.1100000000000003,0.3534119409414458,0.11,0.025,0.8904908367475832,-0.9082367697242087,inconsistent,1.0,,,False,False,False,True,lensing,single-epoch-virial,host-sed-with-agn-contamination-risk,balmer-line-bolometric-correction,robust,v2,"Table 2 (BH/Lbol/lambda_Edd), Table 5 (Mstar)",Robust sample; Mstar uses BEAGLE value; published Table 2 MBH/Lbol/lambda_Edd triplet is internally inconsistent and is preserved verbatim pending source clarification.,,GOODS-N,,,,,,,,,,,,,,,,,,,0.3,source_stated_single_epoch_virial_calibration_uncertainty,False,,,,"MNRAS 546, stag086 (2026); arXiv:2504.03551",https://arxiv.org/abs/2504.03551,,https://arxiv.org/abs/2504.03551,,not_recorded_in_frozen_v1_source_layer,JADES spectroscopic Type 1 broad-line AGN sample,,,,,,,,,,,,,,,,,,,,,,,,,,,,,,,,,,,,,,,,,,,,,,,,,,,,,,,,,,,,,,published_blagn_with_robust_detection_and_no_recorded_alternative_interpretation,type1_broad_line,broad_balmer_line,,not_reported,True,True,,,,,,,,,,True,only catalogue measurement in this release,singleton assignment,v1 catalogue,HZS-GN-11836,inherited_provisional_one_to_one_no_verified_multinucleus_link,resolved,not_recorded,not_required,,0.32,0.32,0.15,0.15,0.05,0.05,published_asymmetric_table_uncertainty_semantics_not_further_specified_in_v1,False,,True,balmer_single_epoch_primary_stratum,object_specific,eligible_numeric_mass_with_resolved_identity_and_lensing,eligible_secure_or_probable_primary_comparable_mass,,,,,,,,,,,,,,,,,,,,,,,1,GN11836_juodzbalis25,GN-11836,juodzbalis25_jades_blagn,secure,published_blagn_with_robust_detection_and_no_recorded_alternative_interpretation,preferred_measurement_controls_object_status;all_measurement_statuses_retained,0.36841333364916057,0.18692893283676623,0.096186732430569,2.7539307328113716,-4.96023089062876,True,0.3411906735273014,0.3956359937710197,2.4539307328113718,3.0539307328113714,False,navigation_only_no_cross_class_science_claim,False,excluded_source_internal_inconsistency
v2-shared-science,v2-dataset-catalogue,physical_object,112,112,112,112,105,HZA-GLASS-160133,GLASS160133_harikane23,HZA-GLASS-160133,GLASS-160133,harikane23_nirspec_blagn,broad_line_agn,virial_balmer_single_epoch,secure,4.015,6.36172784,single-epoch-virial-halpha-greeneho2005,low,4.2166474023073715,v2-dataset-catalogue,3.58029167,-30.42438889,spec,1.5322810416098551,GLASS,0.01848341,0.01930516,individual_robust,,,,,45.04139269,0.81593981,0.74036269,halpha-multicalibration-best-estimate-harikane2023,,,3.68,12.025,3.795721194536396,-0.0134464862089206,consistent,1.0,,,True,False,False,True,mstar;lensing,single-epoch-virial-halpha-greeneho2005,missing-host-mstar,halpha-multicalibration-best-estimate-harikane2023,robust,v2,Tables 1-3,Extinction-corrected broad-Halpha Greene & Ho (2005) mass; source gives no numeric virial-calibration systematic.,JWST/NIRSpec,Abell-2744,broad-halpha,Halpha,,,,,,,,,,1028.0,19.0,13.0,,,,,,not numerically specified by Harikane et al. (2023),False,log transform of published asymmetric linear MBH errors,True,host_mass_upper_limit;narrow_oiii_outflow_component;virial_calibration_at_z0;source_does_not_state_numeric_virial_systematic,The Astrophysical Journal 959:39 (2023); arXiv:2303.11946v3,https://doi.org/10.3847/1538-4357/ad029e,10.3847/1538-4357/ad029e,https://arxiv.org/e-print/2303.11946v3,02c2951b4594234f8cc015fc811f1ed438d35997249138af4d756d02d44ca4b4,2026-08-23,NIRSpec parent sample at zspec 3.8-8.9; permitted broad Halpha FWHM >1000 km/s and S/N >5; narrow forbidden lines; outflow-component veto; final rows have Delta AIC >20,,00:14:19.27,-30:25:27.8,,,,1e+41,1e+41,,,,,,,,,,,,,,,,,-18.94,0.08,0.09,,,,,,,,,,,7.95,0.06,0.05,0.16,32.5,2022.4,1.2e+42,0.26,0.02,0.01,2300000.0,100000.0,100000.0,1.1e+45,6.1e+45,9.000000000000002e+44,8.82,no-reliable-decomposition,0.0,0.0,0.0,0.2,typical systematic from fixed SED-fitting prior; Harikane et al. (2023) Section 4.3,False,published_blagn_with_robust_detection_and_no_recorded_alternative_interpretation,type1_broad_line,broad_halpha,,not_reported,True,True,,,,,,,,,,True,only catalogue measurement in this release,singleton assignment after coordinate-redshift search,no candidate within 0.5 arcsec and delta-z 0.01,HZS-GLASS-160133,inherited_provisional_one_to_one_no_verified_multinucleus_link,resolved,recorded,not_required,,0.01848341,0.01930516,,,0.81593981,0.74036269,log transform of published asymmetric linear MBH errors,False,,True,balmer_single_epoch_primary_stratum,object_specific,eligible_numeric_mass_with_resolved_identity_and_lensing,eligible_secure_or_probable_primary_comparable_mass,,,,,,,,,,,,,,,,,,,,,,,1,GLASS160133_harikane23,GLASS-160133,harikane23_nirspec_blagn,secure,published_blagn_with_robust_detection_and_no_recorded_alternative_interpretation,preferred_measurement_controls_object_status;all_measurement_statuses_retained,0.35059976882768845,0.18983789569454568,0.1094569591279743,2.6294996175589698,-6.079032901470104,False,,,,,False,navigation_only_no_cross_class_science_claim,False,available_not_growth_history
