science_release,input_catalogue_release,catalogue_view,ranking_id,measurement_id,physical_object_id,object_id,source_key,object_class,redshift,log_mseed_assumption,z_seed,epsilon,merger_boost,burst_scenario,burst_fedd,quiescent_fedd,required_lifetime_average_fedd_point,required_duty_cycle_point,required_duty_cycle_p5,required_duty_cycle_p16,required_duty_cycle_p50,required_duty_cycle_p84,required_duty_cycle_p95,prob_required_duty_cycle_gt_1,fixed_burst_scenario_feasible_point,reported_current_fedd,current_fedd_comparison_eligible_flag,current_to_required_fedd_ratio,current_fedd_is_instantaneous_not_history,n_samples,random_seed,reported_statistical_errors_sampled,statistical_error_model,log_mbh_sigma_plus_used,log_mbh_sigma_minus_used,systematic_combined_with_statistical_error
v3-shared-science,v3-dataset-catalogue,physical_object,HZA-CEERS-00717,CEERS00717_harikane23,HZA-CEERS-00717,CEERS-00717,harikane23_nirspec_blagn,broad_line_agn,6.936,2.0,30.0,0.1,1.0,eddington,1.0,0.0,1.0273631809780568,1.0273631809780568,0.9782494480807369,0.9974381152271707,1.0277079500215456,1.0551491000790882,1.0727523602668834,0.8212,False,0.06,True,0.05840193722231664,True,10000,20260808,True,split_normal_in_log_mbh,0.16106227,0.17168214,False
v3-shared-science,v3-dataset-catalogue,physical_object,HZA-CEERS-00717,CEERS00717_harikane23,HZA-CEERS-00717,CEERS-00717,harikane23_nirspec_blagn,broad_line_agn,6.936,2.0,30.0,0.1,1.0,moderate_super_eddington,2.0,0.0,1.0273631809780568,0.5136815904890284,0.48912472404036844,0.49871905761358537,0.5138539750107728,0.5275745500395441,0.5363761801334417,0.0,True,0.06,True,0.05840193722231664,True,10000,20260808,True,split_normal_in_log_mbh,0.16106227,0.17168214,False
v3-shared-science,v3-dataset-catalogue,physical_object,HZA-CEERS-00717,CEERS00717_harikane23,HZA-CEERS-00717,CEERS-00717,harikane23_nirspec_blagn,broad_line_agn,6.936,2.0,30.0,0.1,1.0,strong_super_eddington,3.0,0.0,1.0273631809780568,0.34245439365935226,0.3260831493602456,0.3324793717423903,0.34256931667384855,0.35171636669302936,0.3575841200889611,0.0,True,0.06,True,0.05840193722231664,True,10000,20260808,True,split_normal_in_log_mbh,0.16106227,0.17168214,False
v3-shared-science,v3-dataset-catalogue,physical_object,HZA-CEERS-01236,CEERS01236_harikane23,HZA-CEERS-01236,CEERS-01236,harikane23_nirspec_blagn,broad_line_agn,4.484,2.0,30.0,0.1,1.0,eddington,1.0,0.0,0.48758132134723814,0.48758132134723814,0.4607117140055722,0.4715473715650915,0.4877193262695505,0.5051528436889142,0.5167017817427533,0.0,True,0.08,True,0.1640751942239125,True,10000,20260808,True,split_normal_in_log_mbh,0.19188553,0.17609126,False
v3-shared-science,v3-dataset-catalogue,physical_object,HZA-CEERS-01236,CEERS01236_harikane23,HZA-CEERS-01236,CEERS-01236,harikane23_nirspec_blagn,broad_line_agn,4.484,2.0,30.0,0.1,1.0,moderate_super_eddington,2.0,0.0,0.48758132134723814,0.24379066067361907,0.2303558570027861,0.23577368578254576,0.24385966313477525,0.2525764218444571,0.25835089087137664,0.0,True,0.08,True,0.1640751942239125,True,10000,20260808,True,split_normal_in_log_mbh,0.19188553,0.17609126,False
v3-shared-science,v3-dataset-catalogue,physical_object,HZA-CEERS-01236,CEERS01236_harikane23,HZA-CEERS-01236,CEERS-01236,harikane23_nirspec_blagn,broad_line_agn,4.484,2.0,30.0,0.1,1.0,strong_super_eddington,3.0,0.0,0.48758132134723814,0.16252710711574606,0.15357057133519073,0.15718245718836385,0.16257310875651682,0.16838428122963808,0.1722339272475844,0.0,True,0.08,True,0.1640751942239125,True,10000,20260808,True,split_normal_in_log_mbh,0.19188553,0.17609126,False
v3-shared-science,v3-dataset-catalogue,physical_object,HZA-CEERS-01665,CEERS01665_harikane23,HZA-CEERS-01665,CEERS-01665,harikane23_nirspec_blagn,broad_line_agn,4.483,2.0,30.0,0.1,1.0,eddington,1.0,0.0,0.48961576950011143,0.48961576950011143,0.4692113921009265,0.47732962258974015,0.48953447905160885,0.5037089332997622,0.5126955794851871,0.0,True,1.93,True,3.9418665006858213,True,10000,20260808,True,split_normal_in_log_mbh,0.15261016,0.13262557,False
v3-shared-science,v3-dataset-catalogue,physical_object,HZA-CEERS-01665,CEERS01665_harikane23,HZA-CEERS-01665,CEERS-01665,harikane23_nirspec_blagn,broad_line_agn,4.483,2.0,30.0,0.1,1.0,moderate_super_eddington,2.0,0.0,0.48961576950011143,0.24480788475005572,0.23460569605046325,0.23866481129487008,0.24476723952580443,0.2518544666498811,0.25634778974259353,0.0,True,1.93,True,3.9418665006858213,True,10000,20260808,True,split_normal_in_log_mbh,0.15261016,0.13262557,False
v3-shared-science,v3-dataset-catalogue,physical_object,HZA-CEERS-01665,CEERS01665_harikane23,HZA-CEERS-01665,CEERS-01665,harikane23_nirspec_blagn,broad_line_agn,4.483,2.0,30.0,0.1,1.0,strong_super_eddington,3.0,0.0,0.48961576950011143,0.16320525650003714,0.1564037973669755,0.15910987419658004,0.16317815968386962,0.16790297776658739,0.17089852649506235,0.0,True,1.93,True,3.9418665006858213,True,10000,20260808,True,split_normal_in_log_mbh,0.15261016,0.13262557,False
v3-shared-science,v3-dataset-catalogue,physical_object,HZA-CEERS-1244,CEERS1244_taylor24,HZA-CEERS-1244,CEERS-1244,taylor24_ceers_rubies_blagn,broad_line_agn,4.478,2.0,30.0,0.1,1.0,eddington,1.0,0.0,0.5390234084690856,0.5390234084690856,0.5359738345680312,0.5372116918233883,0.5390405123693578,0.5418141410358666,0.5435597506562282,0.0,True,,False,,True,10000,20260808,True,split_normal_in_log_mbh,0.03,0.02,False
v3-shared-science,v3-dataset-catalogue,physical_object,HZA-CEERS-1244,CEERS1244_taylor24,HZA-CEERS-1244,CEERS-1244,taylor24_ceers_rubies_blagn,broad_line_agn,4.478,2.0,30.0,0.1,1.0,moderate_super_eddington,2.0,0.0,0.5390234084690856,0.2695117042345428,0.2679869172840156,0.2686058459116942,0.2695202561846789,0.2709070705179333,0.2717798753281141,0.0,True,,False,,True,10000,20260808,True,split_normal_in_log_mbh,0.03,0.02,False
v3-shared-science,v3-dataset-catalogue,physical_object,HZA-CEERS-1244,CEERS1244_taylor24,HZA-CEERS-1244,CEERS-1244,taylor24_ceers_rubies_blagn,broad_line_agn,4.478,2.0,30.0,0.1,1.0,strong_super_eddington,3.0,0.0,0.5390234084690856,0.1796744694896952,0.1786579448560104,0.17907056394112944,0.17968017078978593,0.18060471367862216,0.1811865835520761,0.0,True,,False,,True,10000,20260808,True,split_normal_in_log_mbh,0.03,0.02,False
v3-shared-science,v3-dataset-catalogue,physical_object,HZA-CEERS-2782,RUBIESEGS50052_taylor24,HZA-CEERS-2782,RUBIES-EGS-50052,taylor24_ceers_rubies_blagn,broad_line_agn,5.24,2.0,30.0,0.1,1.0,eddington,1.0,0.0,0.6388921781959334,0.6388921781959334,0.6333306830689384,0.6354784750128651,0.6388893410576548,0.6423422714938266,0.6445446582323503,0.0,True,,False,,True,10000,20260808,True,split_normal_in_log_mbh,0.03,0.03,False
v3-shared-science,v3-dataset-catalogue,physical_object,HZA-CEERS-2782,RUBIESEGS50052_taylor24,HZA-CEERS-2782,RUBIES-EGS-50052,taylor24_ceers_rubies_blagn,broad_line_agn,5.24,2.0,30.0,0.1,1.0,moderate_super_eddington,2.0,0.0,0.6388921781959334,0.3194460890979667,0.3166653415344692,0.31773923750643257,0.3194446705288274,0.3211711357469133,0.32227232911617515,0.0,True,,False,,True,10000,20260808,True,split_normal_in_log_mbh,0.03,0.03,False
v3-shared-science,v3-dataset-catalogue,physical_object,HZA-CEERS-2782,RUBIESEGS50052_taylor24,HZA-CEERS-2782,RUBIES-EGS-50052,taylor24_ceers_rubies_blagn,broad_line_agn,5.24,2.0,30.0,0.1,1.0,strong_super_eddington,3.0,0.0,0.6388921781959334,0.21296405939864446,0.21111022768964613,0.21182615833762175,0.2129631136858849,0.2141140904979422,0.21484821941078341,0.0,True,,False,,True,10000,20260808,True,split_normal_in_log_mbh,0.03,0.03,False
v3-shared-science,v3-dataset-catalogue,physical_object,HZA-CEERS-397,CEERS397_taylor24,HZA-CEERS-397,CEERS-397,taylor24_ceers_rubies_blagn,broad_line_agn,6.0,2.0,30.0,0.1,1.0,eddington,1.0,0.0,0.7759667460501792,0.7759667460501792,0.7346730927994491,0.7506435648500126,0.7758533976159945,0.8076515773183823,0.8280281183192445,0.0,True,,False,,True,10000,20260808,True,split_normal_in_log_mbh,0.23,0.18,False
v3-shared-science,v3-dataset-catalogue,physical_object,HZA-CEERS-397,CEERS397_taylor24,HZA-CEERS-397,CEERS-397,taylor24_ceers_rubies_blagn,broad_line_agn,6.0,2.0,30.0,0.1,1.0,moderate_super_eddington,2.0,0.0,0.7759667460501792,0.3879833730250896,0.3673365463997246,0.3753217824250063,0.38792669880799724,0.40382578865919116,0.41401405915962225,0.0,True,,False,,True,10000,20260808,True,split_normal_in_log_mbh,0.23,0.18,False
v3-shared-science,v3-dataset-catalogue,physical_object,HZA-CEERS-397,CEERS397_taylor24,HZA-CEERS-397,CEERS-397,taylor24_ceers_rubies_blagn,broad_line_agn,6.0,2.0,30.0,0.1,1.0,strong_super_eddington,3.0,0.0,0.7759667460501792,0.2586555820167264,0.2448910309331497,0.25021452161667085,0.25861779920533146,0.2692171924394608,0.2760093727730815,0.0,True,,False,,True,10000,20260808,True,split_normal_in_log_mbh,0.23,0.18,False
v3-shared-science,v3-dataset-catalogue,physical_object,HZA-CEERS-672,CEERS672_taylor24,HZA-CEERS-672,CEERS-672,taylor24_ceers_rubies_blagn,broad_line_agn,5.666,2.0,30.0,0.1,1.0,eddington,1.0,0.0,0.6065964089731533,0.6065964089731533,0.5522151180593214,0.5737613767077216,0.6064079725394715,0.642856839932578,0.6677226123951441,0.0,True,,False,,True,10000,20260808,True,split_normal_in_log_mbh,0.29,0.26,False
v3-shared-science,v3-dataset-catalogue,physical_object,HZA-CEERS-672,CEERS672_taylor24,HZA-CEERS-672,CEERS-672,taylor24_ceers_rubies_blagn,broad_line_agn,5.666,2.0,30.0,0.1,1.0,moderate_super_eddington,2.0,0.0,0.6065964089731533,0.30329820448657663,0.2761075590296607,0.2868806883538608,0.30320398626973577,0.321428419966289,0.33386130619757204,0.0,True,,False,,True,10000,20260808,True,split_normal_in_log_mbh,0.29,0.26,False
v3-shared-science,v3-dataset-catalogue,physical_object,HZA-CEERS-672,CEERS672_taylor24,HZA-CEERS-672,CEERS-672,taylor24_ceers_rubies_blagn,broad_line_agn,5.666,2.0,30.0,0.1,1.0,strong_super_eddington,3.0,0.0,0.6065964089731533,0.20219880299105109,0.18407170601977382,0.19125379223590722,0.2021359908464905,0.21428561331085935,0.22257420413171472,0.0,True,,False,,True,10000,20260808,True,split_normal_in_log_mbh,0.29,0.26,False
v3-shared-science,v3-dataset-catalogue,physical_object,HZA-CEERS-746,CEERS746_taylor24,HZA-CEERS-746,CEERS-746,taylor24_ceers_rubies_blagn,broad_line_agn,5.623,2.0,30.0,0.1,1.0,eddington,1.0,0.0,0.668332393394149,0.668332393394149,0.639445916379827,0.6507209871854271,0.6682415106323614,0.6883926404766103,0.7016401579143177,0.0,True,,False,,True,10000,20260808,True,split_normal_in_log_mbh,0.16,0.14,False
v3-shared-science,v3-dataset-catalogue,physical_object,HZA-CEERS-746,CEERS746_taylor24,HZA-CEERS-746,CEERS-746,taylor24_ceers_rubies_blagn,broad_line_agn,5.623,2.0,30.0,0.1,1.0,moderate_super_eddington,2.0,0.0,0.668332393394149,0.3341661966970745,0.3197229581899135,0.3253604935927136,0.3341207553161807,0.34419632023830515,0.35082007895715883,0.0,True,,False,,True,10000,20260808,True,split_normal_in_log_mbh,0.16,0.14,False
v3-shared-science,v3-dataset-catalogue,physical_object,HZA-CEERS-746,CEERS746_taylor24,HZA-CEERS-746,CEERS-746,taylor24_ceers_rubies_blagn,broad_line_agn,5.623,2.0,30.0,0.1,1.0,strong_super_eddington,3.0,0.0,0.668332393394149,0.22277746446471633,0.21314863879327567,0.21690699572847572,0.22274717021078713,0.22946421349220342,0.23388005263810588,0.0,True,,False,,True,10000,20260808,True,split_normal_in_log_mbh,0.16,0.14,False
v3-shared-science,v3-dataset-catalogue,physical_object,HZA-DC-417567,DC417567_ren25,HZA-DC-417567,DC_417567,ren25_alpine_cristal_jwst_blagn_candidates,broad_line_agn,5.67,2.0,30.0,0.1,1.0,eddington,1.0,0.0,0.5113276882130028,0.5113276882130028,0.49011891677813507,0.4985644171062509,0.5114296597607906,0.5239690432538467,0.5321394968706213,0.0,True,1.1220184543019631,True,2.1943236796411583,True,10000,20260808,True,split_normal_in_log_mbh,0.1,0.1,False
v3-shared-science,v3-dataset-catalogue,physical_object,HZA-DC-417567,DC417567_ren25,HZA-DC-417567,DC_417567,ren25_alpine_cristal_jwst_blagn_candidates,broad_line_agn,5.67,2.0,30.0,0.1,1.0,moderate_super_eddington,2.0,0.0,0.5113276882130028,0.2556638441065014,0.24505945838906754,0.24928220855312544,0.2557148298803953,0.2619845216269234,0.26606974843531067,0.0,True,1.1220184543019631,True,2.1943236796411583,True,10000,20260808,True,split_normal_in_log_mbh,0.1,0.1,False
v3-shared-science,v3-dataset-catalogue,physical_object,HZA-DC-417567,DC417567_ren25,HZA-DC-417567,DC_417567,ren25_alpine_cristal_jwst_blagn_candidates,broad_line_agn,5.67,2.0,30.0,0.1,1.0,strong_super_eddington,3.0,0.0,0.5113276882130028,0.17044256273766759,0.16337297225937836,0.16618813903541696,0.1704765532535969,0.17465634775128228,0.17737983229020712,0.0,True,1.1220184543019631,True,2.1943236796411583,True,10000,20260808,True,split_normal_in_log_mbh,0.1,0.1,False
v3-shared-science,v3-dataset-catalogue,physical_object,HZA-DC-519281,DC519281_ren25,HZA-DC-519281,DC_519281,ren25_alpine_cristal_jwst_blagn_candidates,broad_line_agn,5.5759,2.0,30.0,0.1,1.0,eddington,1.0,0.0,0.5917955072599286,0.5917955072599286,0.5692322955294687,0.5782150158683395,0.5917905686038227,0.6052771189986137,0.6142267488603083,0.0,True,0.4466835921509631,True,0.7547938209587837,True,10000,20260808,True,split_normal_in_log_mbh,0.11,0.11,False
v3-shared-science,v3-dataset-catalogue,physical_object,HZA-DC-519281,DC519281_ren25,HZA-DC-519281,DC_519281,ren25_alpine_cristal_jwst_blagn_candidates,broad_line_agn,5.5759,2.0,30.0,0.1,1.0,moderate_super_eddington,2.0,0.0,0.5917955072599286,0.2958977536299643,0.2846161477647344,0.2891075079341697,0.29589528430191137,0.30263855949930685,0.30711337443015413,0.0,True,0.4466835921509631,True,0.7547938209587837,True,10000,20260808,True,split_normal_in_log_mbh,0.11,0.11,False
v3-shared-science,v3-dataset-catalogue,physical_object,HZA-DC-519281,DC519281_ren25,HZA-DC-519281,DC_519281,ren25_alpine_cristal_jwst_blagn_candidates,broad_line_agn,5.5759,2.0,30.0,0.1,1.0,strong_super_eddington,3.0,0.0,0.5917955072599286,0.19726516908664285,0.1897440985098229,0.1927383386227798,0.1972635228679409,0.20175903966620456,0.20474224962010276,0.0,True,0.4466835921509631,True,0.7547938209587837,True,10000,20260808,True,split_normal_in_log_mbh,0.11,0.11,False
v3-shared-science,v3-dataset-catalogue,physical_object,HZA-DC-536534,DC536534_ren25,HZA-DC-536534,DC_536534,ren25_alpine_cristal_jwst_blagn_candidates,broad_line_agn,5.6886,2.0,30.0,0.1,1.0,eddington,1.0,0.0,0.7422978921291817,0.7422978921291817,0.7300771097218689,0.7347438107793476,0.7422814214949668,0.7499369910490984,0.7547140640638325,0.0,True,0.097723722095581,True,0.1316502756262363,True,10000,20260808,True,split_normal_in_log_mbh,0.06,0.06,False
v3-shared-science,v3-dataset-catalogue,physical_object,HZA-DC-536534,DC536534_ren25,HZA-DC-536534,DC_536534,ren25_alpine_cristal_jwst_blagn_candidates,broad_line_agn,5.6886,2.0,30.0,0.1,1.0,moderate_super_eddington,2.0,0.0,0.7422978921291817,0.37114894606459087,0.36503855486093445,0.3673719053896738,0.3711407107474834,0.3749684955245492,0.37735703203191623,0.0,True,0.097723722095581,True,0.1316502756262363,True,10000,20260808,True,split_normal_in_log_mbh,0.06,0.06,False
v3-shared-science,v3-dataset-catalogue,physical_object,HZA-DC-536534,DC536534_ren25,HZA-DC-536534,DC_536534,ren25_alpine_cristal_jwst_blagn_candidates,broad_line_agn,5.6886,2.0,30.0,0.1,1.0,strong_super_eddington,3.0,0.0,0.7422978921291817,0.24743263070972724,0.2433590365739563,0.24491460359311587,0.24742714049832226,0.24997899701636614,0.25157135468794417,0.0,True,0.097723722095581,True,0.1316502756262363,True,10000,20260808,True,split_normal_in_log_mbh,0.06,0.06,False
v3-shared-science,v3-dataset-catalogue,physical_object,HZA-DC-683613,DC683613_ren25,HZA-DC-683613,DC_683613,ren25_alpine_cristal_jwst_blagn_candidates,broad_line_agn,5.542,2.0,30.0,0.1,1.0,eddington,1.0,0.0,0.48895561501187723,0.48895561501187723,0.45831959427831537,0.4703358926666152,0.4886895546593636,0.5070901960857195,0.5190032681615331,0.0,True,0.6165950018614822,True,1.2610449352269009,True,10000,20260808,True,split_normal_in_log_mbh,0.15,0.15,False
v3-shared-science,v3-dataset-catalogue,physical_object,HZA-DC-683613,DC683613_ren25,HZA-DC-683613,DC_683613,ren25_alpine_cristal_jwst_blagn_candidates,broad_line_agn,5.542,2.0,30.0,0.1,1.0,moderate_super_eddington,2.0,0.0,0.48895561501187723,0.24447780750593862,0.22915979713915768,0.2351679463333076,0.2443447773296818,0.25354509804285974,0.25950163408076654,0.0,True,0.6165950018614822,True,1.2610449352269009,True,10000,20260808,True,split_normal_in_log_mbh,0.15,0.15,False
v3-shared-science,v3-dataset-catalogue,physical_object,HZA-DC-683613,DC683613_ren25,HZA-DC-683613,DC_683613,ren25_alpine_cristal_jwst_blagn_candidates,broad_line_agn,5.542,2.0,30.0,0.1,1.0,strong_super_eddington,3.0,0.0,0.48895561501187723,0.16298520500395908,0.1527731980927718,0.15677863088887173,0.16289651821978787,0.16903006536190648,0.17300108938717768,0.0,True,0.6165950018614822,True,1.2610449352269009,True,10000,20260808,True,split_normal_in_log_mbh,0.15,0.15,False
v3-shared-science,v3-dataset-catalogue,physical_object,HZA-DC-848185-A,DC848185a_ren25,HZA-DC-848185-A,DC_848185_a,ren25_alpine_cristal_jwst_blagn_candidates,broad_line_agn,5.2931,2.0,30.0,0.1,1.0,eddington,1.0,0.0,0.5573007643683203,0.5573007643683203,0.512737092675903,0.5303298271475235,0.5566036664605672,0.5831644509179317,0.6011009294205844,0.0,True,0.1174897554939529,True,0.2108192972373242,True,10000,20260808,True,split_normal_in_log_mbh,0.23,0.23,False
v3-shared-science,v3-dataset-catalogue,physical_object,HZA-DC-848185-A,DC848185a_ren25,HZA-DC-848185-A,DC_848185_a,ren25_alpine_cristal_jwst_blagn_candidates,broad_line_agn,5.2931,2.0,30.0,0.1,1.0,moderate_super_eddington,2.0,0.0,0.5573007643683203,0.27865038218416016,0.2563685463379515,0.26516491357376176,0.2783018332302836,0.29158222545896584,0.3005504647102922,0.0,True,0.1174897554939529,True,0.2108192972373242,True,10000,20260808,True,split_normal_in_log_mbh,0.23,0.23,False
v3-shared-science,v3-dataset-catalogue,physical_object,HZA-DC-848185-A,DC848185a_ren25,HZA-DC-848185-A,DC_848185_a,ren25_alpine_cristal_jwst_blagn_candidates,broad_line_agn,5.2931,2.0,30.0,0.1,1.0,strong_super_eddington,3.0,0.0,0.5573007643683203,0.18576692145610676,0.17091236422530098,0.1767766090491745,0.18553455548685574,0.19438815030597723,0.20036697647352814,0.0,True,0.1174897554939529,True,0.2108192972373242,True,10000,20260808,True,split_normal_in_log_mbh,0.23,0.23,False
v3-shared-science,v3-dataset-catalogue,physical_object,HZA-DC-848185-B,DC848185b_ren25,HZA-DC-848185-B,DC_848185_b,ren25_alpine_cristal_jwst_blagn_candidates,broad_line_agn,5.2931,2.0,30.0,0.1,1.0,eddington,1.0,0.0,0.5143421637815957,0.5143421637815957,0.4763680736879818,0.4907130973741651,0.5145855194498852,0.5371703773615611,0.5518577453855061,0.0,True,0.436515832240166,True,0.8486876304885691,True,10000,20260808,True,split_normal_in_log_mbh,0.2,0.2,False
v3-shared-science,v3-dataset-catalogue,physical_object,HZA-DC-848185-B,DC848185b_ren25,HZA-DC-848185-B,DC_848185_b,ren25_alpine_cristal_jwst_blagn_candidates,broad_line_agn,5.2931,2.0,30.0,0.1,1.0,moderate_super_eddington,2.0,0.0,0.5143421637815957,0.25717108189079785,0.2381840368439909,0.24535654868708254,0.2572927597249426,0.2685851886807806,0.27592887269275307,0.0,True,0.436515832240166,True,0.8486876304885691,True,10000,20260808,True,split_normal_in_log_mbh,0.2,0.2,False
v3-shared-science,v3-dataset-catalogue,physical_object,HZA-DC-848185-B,DC848185b_ren25,HZA-DC-848185-B,DC_848185_b,ren25_alpine_cristal_jwst_blagn_candidates,broad_line_agn,5.2931,2.0,30.0,0.1,1.0,strong_super_eddington,3.0,0.0,0.5143421637815957,0.17144738792719857,0.15878935789599394,0.16357103245805502,0.17152850648329507,0.1790567924538537,0.1839525817951687,0.0,True,0.436515832240166,True,0.8486876304885691,True,10000,20260808,True,split_normal_in_log_mbh,0.2,0.2,False
v3-shared-science,v3-dataset-catalogue,physical_object,HZA-DC-873321,DC873321_ren25,HZA-DC-873321,DC_873321,ren25_alpine_cristal_jwst_blagn_candidates,broad_line_agn,5.1542,2.0,30.0,0.1,1.0,eddington,1.0,0.0,0.5137239566139692,0.5137239566139692,0.4762752461868249,0.49088931547734155,0.5135597374269465,0.5372887953933349,0.5523502750125132,0.0,True,0.5248074602497725,True,1.0215748233912554,True,10000,20260808,True,split_normal_in_log_mbh,0.21,0.21,False
v3-shared-science,v3-dataset-catalogue,physical_object,HZA-DC-873321,DC873321_ren25,HZA-DC-873321,DC_873321,ren25_alpine_cristal_jwst_blagn_candidates,broad_line_agn,5.1542,2.0,30.0,0.1,1.0,moderate_super_eddington,2.0,0.0,0.5137239566139692,0.2568619783069846,0.23813762309341244,0.24544465773867077,0.25677986871347325,0.2686443976966674,0.2761751375062566,0.0,True,0.5248074602497725,True,1.0215748233912554,True,10000,20260808,True,split_normal_in_log_mbh,0.21,0.21,False
v3-shared-science,v3-dataset-catalogue,physical_object,HZA-DC-873321,DC873321_ren25,HZA-DC-873321,DC_873321,ren25_alpine_cristal_jwst_blagn_candidates,broad_line_agn,5.1542,2.0,30.0,0.1,1.0,strong_super_eddington,3.0,0.0,0.5137239566139692,0.17124131887132307,0.15875841539560828,0.1636297718257805,0.1711865791423155,0.17909626513111163,0.1841167583375044,0.0,True,0.5248074602497725,True,1.0215748233912554,True,10000,20260808,True,split_normal_in_log_mbh,0.21,0.21,False
v3-shared-science,v3-dataset-catalogue,physical_object,HZA-GLASS-150029,GLASS150029_harikane23,HZA-GLASS-150029,GLASS-150029,harikane23_nirspec_blagn,broad_line_agn,4.583,2.0,30.0,0.1,1.0,eddington,1.0,0.0,0.4362663792275504,0.4362663792275504,0.4303872356845309,0.4327083324004672,0.4361865082401368,0.4384498353301185,0.43983773817288496,0.0,True,1.89,True,4.33221556826455,True,10000,20260808,True,split_normal_in_log_mbh,0.02286288,0.03672281,False
v3-shared-science,v3-dataset-catalogue,physical_object,HZA-GLASS-150029,GLASS150029_harikane23,HZA-GLASS-150029,GLASS-150029,harikane23_nirspec_blagn,broad_line_agn,4.583,2.0,30.0,0.1,1.0,moderate_super_eddington,2.0,0.0,0.4362663792275504,0.2181331896137752,0.21519361784226546,0.2163541662002336,0.2180932541200684,0.21922491766505925,0.21991886908644248,0.0,True,1.89,True,4.33221556826455,True,10000,20260808,True,split_normal_in_log_mbh,0.02286288,0.03672281,False
v3-shared-science,v3-dataset-catalogue,physical_object,HZA-GLASS-150029,GLASS150029_harikane23,HZA-GLASS-150029,GLASS-150029,harikane23_nirspec_blagn,broad_line_agn,4.583,2.0,30.0,0.1,1.0,strong_super_eddington,3.0,0.0,0.4362663792275504,0.14542212640918348,0.14346241189484363,0.14423611080015572,0.14539550274671226,0.14614994511003948,0.14661257939096164,0.0,True,1.89,True,4.33221556826455,True,10000,20260808,True,split_normal_in_log_mbh,0.02286288,0.03672281,False
v3-shared-science,v3-dataset-catalogue,physical_object,HZA-GLASS-160133,GLASS160133_harikane23,HZA-GLASS-160133,GLASS-160133,harikane23_nirspec_blagn,broad_line_agn,4.015,2.0,30.0,0.1,1.0,eddington,1.0,0.0,0.35059976882768845,0.35059976882768845,0.34801606117611533,0.3490255916517703,0.35059920180483933,0.35204536408308945,0.3529835124887443,0.0,True,3.68,True,10.496298991596408,True,10000,20260808,True,split_normal_in_log_mbh,0.01848341,0.01930516,False
v3-shared-science,v3-dataset-catalogue,physical_object,HZA-GLASS-160133,GLASS160133_harikane23,HZA-GLASS-160133,GLASS-160133,harikane23_nirspec_blagn,broad_line_agn,4.015,2.0,30.0,0.1,1.0,moderate_super_eddington,2.0,0.0,0.35059976882768845,0.17529988441384423,0.17400803058805767,0.17451279582588514,0.17529960090241967,0.17602268204154473,0.17649175624437216,0.0,True,3.68,True,10.496298991596408,True,10000,20260808,True,split_normal_in_log_mbh,0.01848341,0.01930516,False
v3-shared-science,v3-dataset-catalogue,physical_object,HZA-GLASS-160133,GLASS160133_harikane23,HZA-GLASS-160133,GLASS-160133,harikane23_nirspec_blagn,broad_line_agn,4.015,2.0,30.0,0.1,1.0,strong_super_eddington,3.0,0.0,0.35059976882768845,0.11686658960922948,0.11600535372537178,0.11634186388392341,0.11686640060161312,0.11734845469436316,0.11766117082958144,0.0,True,3.68,True,10.496298991596408,True,10000,20260808,True,split_normal_in_log_mbh,0.01848341,0.01930516,False
v3-shared-science,v3-dataset-catalogue,physical_object,HZA-GN-1093,GN1093_juodzbalis25,HZA-GN-1093,GN-1093,juodzbalis25_jades_blagn,broad_line_agn,5.594,2.0,30.0,0.1,1.0,eddington,1.0,0.0,0.6446687827961851,0.6446687827961851,0.5766591839876604,0.6034714298241411,0.6439232235364221,0.6870202363960147,0.7144843554735453,0.0,True,0.12,True,0.1861420983958805,True,10000,20260808,True,split_normal_in_log_mbh,0.34,0.33,False
v3-shared-science,v3-dataset-catalogue,physical_object,HZA-GN-1093,GN1093_juodzbalis25,HZA-GN-1093,GN-1093,juodzbalis25_jades_blagn,broad_line_agn,5.594,2.0,30.0,0.1,1.0,moderate_super_eddington,2.0,0.0,0.6446687827961851,0.32233439139809256,0.2883295919938302,0.3017357149120706,0.32196161176821103,0.34351011819800736,0.35724217773677264,0.0,True,0.12,True,0.1861420983958805,True,10000,20260808,True,split_normal_in_log_mbh,0.34,0.33,False
v3-shared-science,v3-dataset-catalogue,physical_object,HZA-GN-1093,GN1093_juodzbalis25,HZA-GN-1093,GN-1093,juodzbalis25_jades_blagn,broad_line_agn,5.594,2.0,30.0,0.1,1.0,strong_super_eddington,3.0,0.0,0.6446687827961851,0.21488959426539503,0.19221972799588677,0.2011571432747137,0.2146410745121407,0.22900674546533825,0.2381614518245151,0.0,True,0.12,True,0.1861420983958805,True,10000,20260808,True,split_normal_in_log_mbh,0.34,0.33,False
v3-shared-science,v3-dataset-catalogue,physical_object,HZA-GN-11836,GN11836_juodzbalis25,HZA-GN-11836,GN-11836,juodzbalis25_jades_blagn,broad_line_agn,4.409,2.0,30.0,0.1,1.0,eddington,1.0,0.0,0.36841333364916057,0.36841333364916057,0.31993516238065134,0.3394997003845044,0.36913986391884135,0.39751982507620626,0.4165392224047481,0.0,True,0.11,False,,True,10000,20260808,True,split_normal_in_log_mbh,0.32,0.32,False
v3-shared-science,v3-dataset-catalogue,physical_object,HZA-GN-11836,GN11836_juodzbalis25,HZA-GN-11836,GN-11836,juodzbalis25_jades_blagn,broad_line_agn,4.409,2.0,30.0,0.1,1.0,moderate_super_eddington,2.0,0.0,0.36841333364916057,0.18420666682458028,0.15996758119032567,0.1697498501922522,0.18456993195942067,0.19875991253810313,0.20826961120237406,0.0,True,0.11,False,,True,10000,20260808,True,split_normal_in_log_mbh,0.32,0.32,False
v3-shared-science,v3-dataset-catalogue,physical_object,HZA-GN-11836,GN11836_juodzbalis25,HZA-GN-11836,GN-11836,juodzbalis25_jades_blagn,broad_line_agn,4.409,2.0,30.0,0.1,1.0,strong_super_eddington,3.0,0.0,0.36841333364916057,0.12280444454972018,0.10664505412688377,0.1131665667948348,0.12304662130628044,0.13250660835873543,0.1388464074682494,0.0,True,0.11,False,,True,10000,20260808,True,split_normal_in_log_mbh,0.32,0.32,False
v3-shared-science,v3-dataset-catalogue,physical_object,HZA-GN-20621,GN20621_juodzbalis25,HZA-GN-20621,GN-20621,juodzbalis25_jades_blagn,broad_line_agn,4.682,2.0,30.0,0.1,1.0,eddington,1.0,0.0,0.4962055929282211,0.4962055929282211,0.4406343875119511,0.4631545773736051,0.49600398867946194,0.5300710548864609,0.5529498616766455,0.0,True,0.11,True,0.22168230581776638,True,10000,20260808,True,split_normal_in_log_mbh,0.35,0.34,False
v3-shared-science,v3-dataset-catalogue,physical_object,HZA-GN-20621,GN20621_juodzbalis25,HZA-GN-20621,GN-20621,juodzbalis25_jades_blagn,broad_line_agn,4.682,2.0,30.0,0.1,1.0,moderate_super_eddington,2.0,0.0,0.4962055929282211,0.24810279646411054,0.22031719375597555,0.23157728868680255,0.24800199433973097,0.26503552744323045,0.27647493083832275,0.0,True,0.11,True,0.22168230581776638,True,10000,20260808,True,split_normal_in_log_mbh,0.35,0.34,False
v3-shared-science,v3-dataset-catalogue,physical_object,HZA-GN-20621,GN20621_juodzbalis25,HZA-GN-20621,GN-20621,juodzbalis25_jades_blagn,broad_line_agn,4.682,2.0,30.0,0.1,1.0,strong_super_eddington,3.0,0.0,0.4962055929282211,0.16540186430940704,0.14687812917065038,0.154384859124535,0.16533466289315396,0.1766903516288203,0.18431662055888184,0.0,True,0.11,True,0.22168230581776638,True,10000,20260808,True,split_normal_in_log_mbh,0.35,0.34,False
v3-shared-science,v3-dataset-catalogue,physical_object,HZA-GN-38509,GN38509_juodzbalis25,HZA-GN-38509,GN-38509,juodzbalis25_jades_blagn,broad_line_agn,6.678,2.0,30.0,0.1,1.0,eddington,1.0,0.0,1.064544199368414,1.064544199368414,0.9641941778735627,1.0045224197559606,1.0647036928070799,1.124385710875171,1.1639851634947151,0.8552,False,0.015,True,0.014090537536064155,True,10000,20260808,True,split_normal_in_log_mbh,0.37,0.38,False
v3-shared-science,v3-dataset-catalogue,physical_object,HZA-GN-38509,GN38509_juodzbalis25,HZA-GN-38509,GN-38509,juodzbalis25_jades_blagn,broad_line_agn,6.678,2.0,30.0,0.1,1.0,moderate_super_eddington,2.0,0.0,1.064544199368414,0.532272099684207,0.4820970889367813,0.5022612098779803,0.5323518464035399,0.5621928554375855,0.5819925817473576,0.0,True,0.015,True,0.014090537536064155,True,10000,20260808,True,split_normal_in_log_mbh,0.37,0.38,False
v3-shared-science,v3-dataset-catalogue,physical_object,HZA-GN-38509,GN38509_juodzbalis25,HZA-GN-38509,GN-38509,juodzbalis25_jades_blagn,broad_line_agn,6.678,2.0,30.0,0.1,1.0,strong_super_eddington,3.0,0.0,1.064544199368414,0.354848066456138,0.32139805929118753,0.3348408065853202,0.3549012309356933,0.3747952369583903,0.38799505449823835,0.0,True,0.015,True,0.014090537536064155,True,10000,20260808,True,split_normal_in_log_mbh,0.37,0.38,False
v3-shared-science,v3-dataset-catalogue,physical_object,HZA-GN-4685,GN4685_juodzbalis25,HZA-GN-4685,GN-4685,juodzbalis25_jades_blagn,broad_line_agn,7.415,2.0,30.0,0.1,1.0,eddington,1.0,0.0,1.0173652371980322,1.0173652371980322,0.8876089800576576,0.9389276374711005,1.0176245511532636,1.1021916071752438,1.1564299170174686,0.5863,False,0.045,True,0.04423190252100255,True,10000,20260808,True,split_normal_in_log_mbh,0.45,0.42,False
v3-shared-science,v3-dataset-catalogue,physical_object,HZA-GN-4685,GN4685_juodzbalis25,HZA-GN-4685,GN-4685,juodzbalis25_jades_blagn,broad_line_agn,7.415,2.0,30.0,0.1,1.0,moderate_super_eddington,2.0,0.0,1.0173652371980322,0.5086826185990161,0.4438044900288288,0.46946381873555026,0.5088122755766318,0.5510958035876219,0.5782149585087343,0.0,True,0.045,True,0.04423190252100255,True,10000,20260808,True,split_normal_in_log_mbh,0.45,0.42,False
v3-shared-science,v3-dataset-catalogue,physical_object,HZA-GN-4685,GN4685_juodzbalis25,HZA-GN-4685,GN-4685,juodzbalis25_jades_blagn,broad_line_agn,7.415,2.0,30.0,0.1,1.0,strong_super_eddington,3.0,0.0,1.0173652371980322,0.3391217457326774,0.2958696600192192,0.3129758791570335,0.3392081837177545,0.36739720239174795,0.38547663900582285,0.0,True,0.045,True,0.04423190252100255,True,10000,20260808,True,split_normal_in_log_mbh,0.45,0.42,False
v3-shared-science,v3-dataset-catalogue,physical_object,HZA-GN-53757,GN53757_juodzbalis25,HZA-GN-53757,GN-53757,juodzbalis25_jades_blagn,broad_line_agn,4.447,2.0,30.0,0.1,1.0,eddington,1.0,0.0,0.48914368840867417,0.48914368840867417,0.4412806650486683,0.4601820741207496,0.48888743526510803,0.5175400201646414,0.5355029115243665,0.0,True,0.07,True,0.1431072334342701,True,10000,20260808,True,split_normal_in_log_mbh,0.31,0.31,False
v3-shared-science,v3-dataset-catalogue,physical_object,HZA-GN-53757,GN53757_juodzbalis25,HZA-GN-53757,GN-53757,juodzbalis25_jades_blagn,broad_line_agn,4.447,2.0,30.0,0.1,1.0,moderate_super_eddington,2.0,0.0,0.48914368840867417,0.24457184420433709,0.22064033252433415,0.2300910370603748,0.24444371763255401,0.2587700100823207,0.26775145576218323,0.0,True,0.07,True,0.1431072334342701,True,10000,20260808,True,split_normal_in_log_mbh,0.31,0.31,False
v3-shared-science,v3-dataset-catalogue,physical_object,HZA-GN-53757,GN53757_juodzbalis25,HZA-GN-53757,GN-53757,juodzbalis25_jades_blagn,broad_line_agn,4.447,2.0,30.0,0.1,1.0,strong_super_eddington,3.0,0.0,0.48914368840867417,0.16304789613622472,0.1470935550162228,0.15339402470691652,0.1629624784217027,0.17251334005488045,0.17850097050812214,0.0,True,0.07,True,0.1431072334342701,True,10000,20260808,True,split_normal_in_log_mbh,0.31,0.31,False
v3-shared-science,v3-dataset-catalogue,physical_object,HZA-GN-61888,GN61888_juodzbalis25,HZA-GN-61888,GN-61888,juodzbalis25_jades_blagn,broad_line_agn,5.874,2.0,30.0,0.1,1.0,eddington,1.0,0.0,0.6774526738858004,0.6774526738858004,0.6073295913489076,0.6343515857265387,0.6766675767322041,0.7203243146204149,0.7497950689851735,0.0,True,0.18,True,0.26570121713084116,True,10000,20260808,True,split_normal_in_log_mbh,0.33,0.32,False
v3-shared-science,v3-dataset-catalogue,physical_object,HZA-GN-61888,GN61888_juodzbalis25,HZA-GN-61888,GN-61888,juodzbalis25_jades_blagn,broad_line_agn,5.874,2.0,30.0,0.1,1.0,moderate_super_eddington,2.0,0.0,0.6774526738858004,0.3387263369429002,0.3036647956744538,0.31717579286326936,0.33833378836610206,0.36016215731020745,0.3748975344925867,0.0,True,0.18,True,0.26570121713084116,True,10000,20260808,True,split_normal_in_log_mbh,0.33,0.32,False
v3-shared-science,v3-dataset-catalogue,physical_object,HZA-GN-61888,GN61888_juodzbalis25,HZA-GN-61888,GN-61888,juodzbalis25_jades_blagn,broad_line_agn,5.874,2.0,30.0,0.1,1.0,strong_super_eddington,3.0,0.0,0.6774526738858004,0.22581755796193348,0.20244319711630254,0.21145052857551289,0.2255558589107347,0.24010810487347164,0.2499316896617245,0.0,True,0.18,True,0.26570121713084116,True,10000,20260808,True,split_normal_in_log_mbh,0.33,0.32,False
v3-shared-science,v3-dataset-catalogue,physical_object,HZA-GN-62309,GN62309_juodzbalis25,HZA-GN-62309,GN-62309,juodzbalis25_jades_blagn,broad_line_agn,5.172,2.0,30.0,0.1,1.0,eddington,1.0,0.0,0.4824283885898979,0.4824283885898979,0.42138319534942176,0.4455587085726509,0.4822054231916515,0.522718953736006,0.5499845474577406,0.0,True,0.15,True,0.31092697599832125,True,10000,20260808,True,split_normal_in_log_mbh,0.36,0.33,False
v3-shared-science,v3-dataset-catalogue,physical_object,HZA-GN-62309,GN62309_juodzbalis25,HZA-GN-62309,GN-62309,juodzbalis25_jades_blagn,broad_line_agn,5.172,2.0,30.0,0.1,1.0,moderate_super_eddington,2.0,0.0,0.4824283885898979,0.24121419429494895,0.21069159767471088,0.22277935428632545,0.24110271159582575,0.261359476868003,0.2749922737288703,0.0,True,0.15,True,0.31092697599832125,True,10000,20260808,True,split_normal_in_log_mbh,0.36,0.33,False
v3-shared-science,v3-dataset-catalogue,physical_object,HZA-GN-62309,GN62309_juodzbalis25,HZA-GN-62309,GN-62309,juodzbalis25_jades_blagn,broad_line_agn,5.172,2.0,30.0,0.1,1.0,strong_super_eddington,3.0,0.0,0.4824283885898979,0.1608094628632993,0.1404610651164739,0.14851956952421697,0.1607351410638838,0.1742396512453353,0.1833281824859135,0.0,True,0.15,True,0.31092697599832125,True,10000,20260808,True,split_normal_in_log_mbh,0.36,0.33,False
v3-shared-science,v3-dataset-catalogue,physical_object,HZA-GN-73488,GN73488_juodzbalis25,HZA-GN-73488,GN-73488,juodzbalis25_jades_blagn,broad_line_agn,4.133,2.0,30.0,0.1,1.0,eddington,1.0,0.0,0.4863631038396109,0.4863631038396109,0.44522943400455045,0.46151527993750047,0.4862489417255154,0.5114431334582895,0.5282127177612937,0.0,True,0.2,True,0.41121540351456115,True,10000,20260808,True,split_normal_in_log_mbh,0.3,0.3,False
v3-shared-science,v3-dataset-catalogue,physical_object,HZA-GN-73488,GN73488_juodzbalis25,HZA-GN-73488,GN-73488,juodzbalis25_jades_blagn,broad_line_agn,4.133,2.0,30.0,0.1,1.0,moderate_super_eddington,2.0,0.0,0.4863631038396109,0.24318155191980545,0.22261471700227523,0.23075763996875023,0.2431244708627577,0.25572156672914476,0.2641063588806469,0.0,True,0.2,True,0.41121540351456115,True,10000,20260808,True,split_normal_in_log_mbh,0.3,0.3,False
v3-shared-science,v3-dataset-catalogue,physical_object,HZA-GN-73488,GN73488_juodzbalis25,HZA-GN-73488,GN-73488,juodzbalis25_jades_blagn,broad_line_agn,4.133,2.0,30.0,0.1,1.0,strong_super_eddington,3.0,0.0,0.4863631038396109,0.16212103461320362,0.14840981133485015,0.1538384266458335,0.1620829805751718,0.1704810444860965,0.17607090592043123,0.0,True,0.2,True,0.41121540351456115,True,10000,20260808,True,split_normal_in_log_mbh,0.3,0.3,False
v3-shared-science,v3-dataset-catalogue,physical_object,HZA-GN-77652,GN77652_juodzbalis25,HZA-GN-77652,GN-77652,juodzbalis25_jades_blagn,broad_line_agn,5.229,2.0,30.0,0.1,1.0,eddington,1.0,0.0,0.5274430682798625,0.5274430682798625,0.46832934370212903,0.4914431975627214,0.5274866036905801,0.5667748794283393,0.5906713746693469,0.0,True,0.24,True,0.4550254130416506,True,10000,20260808,True,split_normal_in_log_mbh,0.34,0.32,False
v3-shared-science,v3-dataset-catalogue,physical_object,HZA-GN-77652,GN77652_juodzbalis25,HZA-GN-77652,GN-77652,juodzbalis25_jades_blagn,broad_line_agn,5.229,2.0,30.0,0.1,1.0,moderate_super_eddington,2.0,0.0,0.5274430682798625,0.26372153413993127,0.23416467185106452,0.2457215987813607,0.26374330184529005,0.28338743971416963,0.29533568733467347,0.0,True,0.24,True,0.4550254130416506,True,10000,20260808,True,split_normal_in_log_mbh,0.34,0.32,False
v3-shared-science,v3-dataset-catalogue,physical_object,HZA-GN-77652,GN77652_juodzbalis25,HZA-GN-77652,GN-77652,juodzbalis25_jades_blagn,broad_line_agn,5.229,2.0,30.0,0.1,1.0,strong_super_eddington,3.0,0.0,0.5274430682798625,0.17581435609328752,0.156109781234043,0.16381439918757382,0.17582886789686006,0.18892495980944643,0.19689045822311566,0.0,True,0.24,True,0.4550254130416506,True,10000,20260808,True,split_normal_in_log_mbh,0.34,0.32,False
v3-shared-science,v3-dataset-catalogue,physical_object,HZA-GN-954,GN954_juodzbalis25,HZA-GN-954,GN-954,juodzbalis25_jades_blagn,broad_line_agn,6.759,2.0,30.0,0.1,1.0,eddington,1.0,0.0,0.9403035606779888,0.9403035606779888,0.8532862155714869,0.8872671931940571,0.9408784886991549,0.9918504997011067,1.025016573720152,0.124,True,0.23,True,0.24460186009947968,True,10000,20260808,True,split_normal_in_log_mbh,0.31,0.32,False
v3-shared-science,v3-dataset-catalogue,physical_object,HZA-GN-954,GN954_juodzbalis25,HZA-GN-954,GN-954,juodzbalis25_jades_blagn,broad_line_agn,6.759,2.0,30.0,0.1,1.0,moderate_super_eddington,2.0,0.0,0.9403035606779888,0.4701517803389944,0.42664310778574344,0.44363359659702856,0.47043924434957746,0.49592524985055336,0.512508286860076,0.0,True,0.23,True,0.24460186009947968,True,10000,20260808,True,split_normal_in_log_mbh,0.31,0.32,False
v3-shared-science,v3-dataset-catalogue,physical_object,HZA-GN-954,GN954_juodzbalis25,HZA-GN-954,GN-954,juodzbalis25_jades_blagn,broad_line_agn,6.759,2.0,30.0,0.1,1.0,strong_super_eddington,3.0,0.0,0.9403035606779888,0.31343452022599627,0.28442873852382894,0.29575573106468567,0.31362616289971834,0.3306168332337022,0.34167219124005066,0.0,True,0.23,True,0.24460186009947968,True,10000,20260808,True,split_normal_in_log_mbh,0.31,0.32,False
v3-shared-science,v3-dataset-catalogue,physical_object,HZA-GNIRS50-J0002-2550,GNIRS50-J0002-2550_shen19,HZA-GNIRS50-J0002-2550,J0002+2550,shen19_gnirs50,luminous_quasar_comparison,5.81732,2.0,30.0,0.1,1.0,eddington,1.0,0.0,1.0176945525819279,1.0176945525819279,1.011075689213672,1.0136063291039024,1.0176176939229817,1.0216498172869535,1.0242808468774158,1.0,False,0.3183464417556433,True,0.31281138426847904,True,10000,20260808,True,split_normal_in_log_mbh,0.0307,0.0307,False
v3-shared-science,v3-dataset-catalogue,physical_object,HZA-GNIRS50-J0002-2550,GNIRS50-J0002-2550_shen19,HZA-GNIRS50-J0002-2550,J0002+2550,shen19_gnirs50,luminous_quasar_comparison,5.81732,2.0,30.0,0.1,1.0,moderate_super_eddington,2.0,0.0,1.0176945525819279,0.5088472762909639,0.505537844606836,0.5068031645519512,0.5088088469614909,0.5108249086434767,0.5121404234387079,0.0,True,0.3183464417556433,True,0.31281138426847904,True,10000,20260808,True,split_normal_in_log_mbh,0.0307,0.0307,False
v3-shared-science,v3-dataset-catalogue,physical_object,HZA-GNIRS50-J0002-2550,GNIRS50-J0002-2550_shen19,HZA-GNIRS50-J0002-2550,J0002+2550,shen19_gnirs50,luminous_quasar_comparison,5.81732,2.0,30.0,0.1,1.0,strong_super_eddington,3.0,0.0,1.0176945525819279,0.3392315175273093,0.3370252297378907,0.33786877636796747,0.3392058979743272,0.3405499390956512,0.3414269489591386,0.0,True,0.3183464417556433,True,0.31281138426847904,True,10000,20260808,True,split_normal_in_log_mbh,0.0307,0.0307,False
v3-shared-science,v3-dataset-catalogue,physical_object,HZA-GNIRS50-J0008-0626,GNIRS50-J0008-0626_shen19,HZA-GNIRS50-J0008-0626,J0008-0626,shen19_gnirs50,luminous_quasar_comparison,5.92914,2.0,30.0,0.1,1.0,eddington,1.0,0.0,0.9388523318701806,0.9388523318701806,0.9156024299304852,0.9246245504268419,0.938880693936232,0.9530116138191213,0.9619890642312491,0.0,True,1.0536588032297165,True,1.122283843222547,True,10000,20260808,True,split_normal_in_log_mbh,0.1043,0.1043,False
v3-shared-science,v3-dataset-catalogue,physical_object,HZA-GNIRS50-J0008-0626,GNIRS50-J0008-0626_shen19,HZA-GNIRS50-J0008-0626,J0008-0626,shen19_gnirs50,luminous_quasar_comparison,5.92914,2.0,30.0,0.1,1.0,moderate_super_eddington,2.0,0.0,0.9388523318701806,0.4694261659350903,0.4578012149652426,0.46231227521342094,0.469440346968116,0.4765058069095606,0.48099453211562454,0.0,True,1.0536588032297165,True,1.122283843222547,True,10000,20260808,True,split_normal_in_log_mbh,0.1043,0.1043,False
v3-shared-science,v3-dataset-catalogue,physical_object,HZA-GNIRS50-J0008-0626,GNIRS50-J0008-0626_shen19,HZA-GNIRS50-J0008-0626,J0008-0626,shen19_gnirs50,luminous_quasar_comparison,5.92914,2.0,30.0,0.1,1.0,strong_super_eddington,3.0,0.0,0.9388523318701806,0.3129507772900602,0.30520080997682836,0.3082081834756139,0.3129602313120773,0.3176705379397071,0.3206630214104163,0.0,True,1.0536588032297165,True,1.122283843222547,True,10000,20260808,True,split_normal_in_log_mbh,0.1043,0.1043,False
v3-shared-science,v3-dataset-catalogue,physical_object,HZA-GNIRS50-J0033-0125,GNIRS50-J0033-0125_shen19,HZA-GNIRS50-J0033-0125,J0033-0125,shen19_gnirs50,luminous_quasar_comparison,6.01884,2.0,30.0,0.1,1.0,eddington,1.0,0.0,1.0461085875054141,1.0461085875054141,0.8470087384623094,0.9244825935643707,1.0442943508947944,1.167983015801302,1.2480041422181607,0.6452,False,0.0761202139005718,True,0.07276511713003966,True,10000,20260808,True,split_normal_in_log_mbh,0.8746,0.8746,False
v3-shared-science,v3-dataset-catalogue,physical_object,HZA-GNIRS50-J0033-0125,GNIRS50-J0033-0125_shen19,HZA-GNIRS50-J0033-0125,J0033-0125,shen19_gnirs50,luminous_quasar_comparison,6.01884,2.0,30.0,0.1,1.0,moderate_super_eddington,2.0,0.0,1.0461085875054141,0.5230542937527071,0.4235043692311547,0.46224129678218534,0.5221471754473972,0.583991507900651,0.6240020711090803,0.0,True,0.0761202139005718,True,0.07276511713003966,True,10000,20260808,True,split_normal_in_log_mbh,0.8746,0.8746,False
v3-shared-science,v3-dataset-catalogue,physical_object,HZA-GNIRS50-J0033-0125,GNIRS50-J0033-0125_shen19,HZA-GNIRS50-J0033-0125,J0033-0125,shen19_gnirs50,luminous_quasar_comparison,6.01884,2.0,30.0,0.1,1.0,strong_super_eddington,3.0,0.0,1.0461085875054141,0.3487028625018047,0.28233624615410313,0.3081608645214569,0.3480981169649315,0.3893276719337674,0.4160013807393869,0.0,True,0.0761202139005718,True,0.07276511713003966,True,10000,20260808,True,split_normal_in_log_mbh,0.8746,0.8746,False
v3-shared-science,v3-dataset-catalogue,physical_object,HZA-GNIRS50-J0050-3445,GNIRS50-J0050-3445_shen19,HZA-GNIRS50-J0050-3445,J0050+3445,shen19_gnirs50,luminous_quasar_comparison,6.24598,2.0,30.0,0.1,1.0,eddington,1.0,0.0,1.1534339273278387,1.1534339273278387,1.1363246772898998,1.1430135438791067,1.1535073952849744,1.1640977400996355,1.170973605914301,1.0,False,0.194760104994242,True,0.1688524157126563,True,10000,20260808,True,split_normal_in_log_mbh,0.0727,0.0727,False
v3-shared-science,v3-dataset-catalogue,physical_object,HZA-GNIRS50-J0050-3445,GNIRS50-J0050-3445_shen19,HZA-GNIRS50-J0050-3445,J0050+3445,shen19_gnirs50,luminous_quasar_comparison,6.24598,2.0,30.0,0.1,1.0,moderate_super_eddington,2.0,0.0,1.1534339273278387,0.5767169636639193,0.5681623386449499,0.5715067719395533,0.5767536976424872,0.5820488700498178,0.5854868029571505,0.0,True,0.194760104994242,True,0.1688524157126563,True,10000,20260808,True,split_normal_in_log_mbh,0.0727,0.0727,False
v3-shared-science,v3-dataset-catalogue,physical_object,HZA-GNIRS50-J0050-3445,GNIRS50-J0050-3445_shen19,HZA-GNIRS50-J0050-3445,J0050+3445,shen19_gnirs50,luminous_quasar_comparison,6.24598,2.0,30.0,0.1,1.0,strong_super_eddington,3.0,0.0,1.1534339273278387,0.3844779757759462,0.37877489242996665,0.38100451462636886,0.38450246509499153,0.38803258003321184,0.39032453530476696,0.0,True,0.194760104994242,True,0.1688524157126563,True,10000,20260808,True,split_normal_in_log_mbh,0.0727,0.0727,False
v3-shared-science,v3-dataset-catalogue,physical_object,HZA-GNIRS50-J0136-0226,GNIRS50-J0136-0226_shen19,HZA-GNIRS50-J0136-0226,J0136+0226,shen19_gnirs50,luminous_quasar_comparison,6.20648,2.0,30.0,0.1,1.0,eddington,1.0,0.0,0.9557079832463239,0.9557079832463239,0.8768915178989698,0.9073663889725396,0.9556036785210321,1.0037286834850883,1.0345475341011179,0.1788,True,0.4466835921509631,True,0.46738501716149733,True,10000,20260808,True,split_normal_in_log_mbh,0.3313,0.3313,False
v3-shared-science,v3-dataset-catalogue,physical_object,HZA-GNIRS50-J0136-0226,GNIRS50-J0136-0226_shen19,HZA-GNIRS50-J0136-0226,J0136+0226,shen19_gnirs50,luminous_quasar_comparison,6.20648,2.0,30.0,0.1,1.0,moderate_super_eddington,2.0,0.0,0.9557079832463239,0.47785399162316194,0.4384457589494849,0.4536831944862698,0.47780183926051606,0.5018643417425441,0.5172737670505589,0.0,True,0.4466835921509631,True,0.46738501716149733,True,10000,20260808,True,split_normal_in_log_mbh,0.3313,0.3313,False
v3-shared-science,v3-dataset-catalogue,physical_object,HZA-GNIRS50-J0136-0226,GNIRS50-J0136-0226_shen19,HZA-GNIRS50-J0136-0226,J0136+0226,shen19_gnirs50,luminous_quasar_comparison,6.20648,2.0,30.0,0.1,1.0,strong_super_eddington,3.0,0.0,0.9557079832463239,0.3185693277487746,0.2922971726329899,0.3024554629908465,0.3185345595070107,0.33457622782836277,0.34484917803370596,0.0,True,0.4466835921509631,True,0.46738501716149733,True,10000,20260808,True,split_normal_in_log_mbh,0.3313,0.3313,False
v3-shared-science,v3-dataset-catalogue,physical_object,HZA-GNIRS50-J0203-0012,GNIRS50-J0203-0012_shen19,HZA-GNIRS50-J0203-0012,J0203+0012,shen19_gnirs50,luminous_quasar_comparison,5.77689,2.0,30.0,0.1,1.0,eddington,1.0,0.0,1.145221523477823,1.145221523477823,1.0891916130107295,1.1119071730343817,1.145054893267361,1.1778531997917074,1.2009325734281944,1.0,False,0.0298882164695937,True,0.026098196599404447,True,10000,20260808,True,split_normal_in_log_mbh,0.2579,0.2579,False
v3-shared-science,v3-dataset-catalogue,physical_object,HZA-GNIRS50-J0203-0012,GNIRS50-J0203-0012_shen19,HZA-GNIRS50-J0203-0012,J0203+0012,shen19_gnirs50,luminous_quasar_comparison,5.77689,2.0,30.0,0.1,1.0,moderate_super_eddington,2.0,0.0,1.145221523477823,0.5726107617389115,0.5445958065053648,0.5559535865171908,0.5725274466336805,0.5889265998958537,0.6004662867140972,0.0,True,0.0298882164695937,True,0.026098196599404447,True,10000,20260808,True,split_normal_in_log_mbh,0.2579,0.2579,False
v3-shared-science,v3-dataset-catalogue,physical_object,HZA-GNIRS50-J0203-0012,GNIRS50-J0203-0012_shen19,HZA-GNIRS50-J0203-0012,J0203+0012,shen19_gnirs50,luminous_quasar_comparison,5.77689,2.0,30.0,0.1,1.0,strong_super_eddington,3.0,0.0,1.145221523477823,0.381740507825941,0.36306387100357645,0.37063572434479386,0.3816849644224536,0.3926177332639025,0.4003108578093981,0.0,True,0.0298882164695937,True,0.026098196599404447,True,10000,20260808,True,split_normal_in_log_mbh,0.2579,0.2579,False
v3-shared-science,v3-dataset-catalogue,physical_object,HZA-GNIRS50-J0221-0802,GNIRS50-J0221-0802_shen19,HZA-GNIRS50-J0221-0802,J0221-0802,shen19_gnirs50,luminous_quasar_comparison,6.20015,2.0,30.0,0.1,1.0,eddington,1.0,0.0,0.9687640280278362,0.9687640280278362,0.20938006462831543,0.5090367925237667,0.9541955923999352,1.431159395060675,1.737628099251389,0.4584,True,0.7488589075216437,True,0.7730044529482945,True,10000,20260808,True,split_normal_in_log_mbh,3.2213,3.2213,False
v3-shared-science,v3-dataset-catalogue,physical_object,HZA-GNIRS50-J0221-0802,GNIRS50-J0221-0802_shen19,HZA-GNIRS50-J0221-0802,J0221-0802,shen19_gnirs50,luminous_quasar_comparison,6.20015,2.0,30.0,0.1,1.0,moderate_super_eddington,2.0,0.0,0.9687640280278362,0.4843820140139181,0.10469003231415772,0.25451839626188333,0.4770977961999676,0.7155796975303375,0.8688140496256945,0.0133,True,0.7488589075216437,True,0.7730044529482945,True,10000,20260808,True,split_normal_in_log_mbh,3.2213,3.2213,False
v3-shared-science,v3-dataset-catalogue,physical_object,HZA-GNIRS50-J0221-0802,GNIRS50-J0221-0802_shen19,HZA-GNIRS50-J0221-0802,J0221-0802,shen19_gnirs50,luminous_quasar_comparison,6.20015,2.0,30.0,0.1,1.0,strong_super_eddington,3.0,0.0,0.9687640280278362,0.3229213426759454,0.06979335487610515,0.16967893084125554,0.3180651974666451,0.4770531316868916,0.5792093664171296,0.0,True,0.7488589075216437,True,0.7730044529482945,True,10000,20260808,True,split_normal_in_log_mbh,3.2213,3.2213,False
v3-shared-science,v3-dataset-catalogue,physical_object,HZA-GNIRS50-J0227-0605,GNIRS50-J0227-0605_shen19,HZA-GNIRS50-J0227-0605,J0227-0605,shen19_gnirs50,luminous_quasar_comparison,6.20651,2.0,30.0,0.1,1.0,eddington,1.0,0.0,0.9224223365207539,0.9224223365207539,0.8458878727378756,0.8762419902813572,0.9217894374374338,0.9678010131807572,0.9976885020923297,0.0455,True,0.7746401447537536,True,0.8397890142985764,True,10000,20260808,True,split_normal_in_log_mbh,0.313,0.313,False
v3-shared-science,v3-dataset-catalogue,physical_object,HZA-GNIRS50-J0227-0605,GNIRS50-J0227-0605_shen19,HZA-GNIRS50-J0227-0605,J0227-0605,shen19_gnirs50,luminous_quasar_comparison,6.20651,2.0,30.0,0.1,1.0,moderate_super_eddington,2.0,0.0,0.9224223365207539,0.46121116826037695,0.4229439363689378,0.4381209951406786,0.4608947187187169,0.4839005065903786,0.49884425104616487,0.0,True,0.7746401447537536,True,0.8397890142985764,True,10000,20260808,True,split_normal_in_log_mbh,0.313,0.313,False
v3-shared-science,v3-dataset-catalogue,physical_object,HZA-GNIRS50-J0227-0605,GNIRS50-J0227-0605_shen19,HZA-GNIRS50-J0227-0605,J0227-0605,shen19_gnirs50,luminous_quasar_comparison,6.20651,2.0,30.0,0.1,1.0,strong_super_eddington,3.0,0.0,0.9224223365207539,0.3074741121735846,0.2819626242459585,0.2920806634271191,0.30726314581247793,0.3226003377269191,0.3325628340307766,0.0,True,0.7746401447537536,True,0.8397890142985764,True,10000,20260808,True,split_normal_in_log_mbh,0.313,0.313,False
v3-shared-science,v3-dataset-catalogue,physical_object,HZA-GNIRS50-J0300-2232,GNIRS50-J0300-2232_shen19,HZA-GNIRS50-J0300-2232,J0300-2232,shen19_gnirs50,luminous_quasar_comparison,5.65156,2.0,30.0,0.1,1.0,eddington,1.0,0.0,0.8458488827151774,0.8458488827151774,0.0,0.2769568663093938,0.8453482918278856,1.4013228083237723,1.772366297347773,0.3932,True,3.904810837492536,True,4.616440261714459,True,10000,20260808,True,split_normal_in_log_mbh,4.4584,4.4584,False
v3-shared-science,v3-dataset-catalogue,physical_object,HZA-GNIRS50-J0300-2232,GNIRS50-J0300-2232_shen19,HZA-GNIRS50-J0300-2232,J0300-2232,shen19_gnirs50,luminous_quasar_comparison,5.65156,2.0,30.0,0.1,1.0,moderate_super_eddington,2.0,0.0,0.8458488827151774,0.4229244413575887,0.0,0.1384784331546969,0.4226741459139428,0.7006614041618862,0.8861831486738865,0.0187,True,3.904810837492536,True,4.616440261714459,True,10000,20260808,True,split_normal_in_log_mbh,4.4584,4.4584,False
v3-shared-science,v3-dataset-catalogue,physical_object,HZA-GNIRS50-J0300-2232,GNIRS50-J0300-2232_shen19,HZA-GNIRS50-J0300-2232,J0300-2232,shen19_gnirs50,luminous_quasar_comparison,5.65156,2.0,30.0,0.1,1.0,strong_super_eddington,3.0,0.0,0.8458488827151774,0.2819496275717258,0.0,0.0923189554364646,0.2817827639426286,0.4671076027745908,0.590788765782591,0.0001,True,3.904810837492536,True,4.616440261714459,True,10000,20260808,True,split_normal_in_log_mbh,4.4584,4.4584,False
v3-shared-science,v3-dataset-catalogue,physical_object,HZA-GNIRS50-J0353-0104,GNIRS50-J0353-0104_shen19,HZA-GNIRS50-J0353-0104,J0353+0104,shen19_gnirs50,luminous_quasar_comparison,6.05732,2.0,30.0,0.1,1.0,eddington,1.0,0.0,1.0173059798686561,1.0173059798686561,0.9977742603711715,1.0054465149206886,1.0173401550652525,1.0291404058382942,1.0374222113658331,0.9279,False,0.5611771769773148,True,0.5516306677463629,True,10000,20260808,True,split_normal_in_log_mbh,0.085,0.085,False
v3-shared-science,v3-dataset-catalogue,physical_object,HZA-GNIRS50-J0353-0104,GNIRS50-J0353-0104_shen19,HZA-GNIRS50-J0353-0104,J0353+0104,shen19_gnirs50,luminous_quasar_comparison,6.05732,2.0,30.0,0.1,1.0,moderate_super_eddington,2.0,0.0,1.0173059798686561,0.5086529899343281,0.4988871301855857,0.5027232574603443,0.5086700775326263,0.5145702029191471,0.5187111056829166,0.0,True,0.5611771769773148,True,0.5516306677463629,True,10000,20260808,True,split_normal_in_log_mbh,0.085,0.085,False
v3-shared-science,v3-dataset-catalogue,physical_object,HZA-GNIRS50-J0353-0104,GNIRS50-J0353-0104_shen19,HZA-GNIRS50-J0353-0104,J0353+0104,shen19_gnirs50,luminous_quasar_comparison,6.05732,2.0,30.0,0.1,1.0,strong_super_eddington,3.0,0.0,1.0173059798686561,0.33910199328955204,0.33259142012372384,0.33514883830689624,0.3391133850217509,0.3430468019460981,0.3458074037886111,0.0,True,0.5611771769773148,True,0.5516306677463629,True,10000,20260808,True,split_normal_in_log_mbh,0.085,0.085,False
v3-shared-science,v3-dataset-catalogue,physical_object,HZA-GNIRS50-J0810-5105,GNIRS50-J0810-5105_shen19,HZA-GNIRS50-J0810-5105,J0810+5105,shen19_gnirs50,luminous_quasar_comparison,5.80496,2.0,30.0,0.1,1.0,eddington,1.0,0.0,0.9965237716146957,0.9965237716146957,0.9881723346679379,0.9916046202557248,0.9965173664388148,1.0015984085416372,1.0049171820338048,0.2482,True,0.3724774624863983,True,0.3737767959944021,True,10000,20260808,True,split_normal_in_log_mbh,0.038,0.038,False
v3-shared-science,v3-dataset-catalogue,physical_object,HZA-GNIRS50-J0810-5105,GNIRS50-J0810-5105_shen19,HZA-GNIRS50-J0810-5105,J0810+5105,shen19_gnirs50,luminous_quasar_comparison,5.80496,2.0,30.0,0.1,1.0,moderate_super_eddington,2.0,0.0,0.9965237716146957,0.49826188580734787,0.49408616733396893,0.4958023101278624,0.4982586832194074,0.5007992042708186,0.5024585910169024,0.0,True,0.3724774624863983,True,0.3737767959944021,True,10000,20260808,True,split_normal_in_log_mbh,0.038,0.038,False
v3-shared-science,v3-dataset-catalogue,physical_object,HZA-GNIRS50-J0810-5105,GNIRS50-J0810-5105_shen19,HZA-GNIRS50-J0810-5105,J0810+5105,shen19_gnirs50,luminous_quasar_comparison,5.80496,2.0,30.0,0.1,1.0,strong_super_eddington,3.0,0.0,0.9965237716146957,0.3321745905382319,0.32939077822264595,0.33053487341857496,0.33217245547960494,0.33386613618054567,0.33497239401126827,0.0,True,0.3724774624863983,True,0.3737767959944021,True,10000,20260808,True,split_normal_in_log_mbh,0.038,0.038,False
v3-shared-science,v3-dataset-catalogue,physical_object,HZA-GNIRS50-J0835-3217,GNIRS50-J0835-3217_shen19,HZA-GNIRS50-J0835-3217,J0835+3217,shen19_gnirs50,luminous_quasar_comparison,5.9016,2.0,30.0,0.1,1.0,eddington,1.0,0.0,0.9395319188354287,0.9395319188354287,0.908067469793377,0.9204878861450132,0.9399707310339278,0.9588292418821706,0.9710236591881976,0.0005,True,0.2649110048516274,True,0.28196062266835026,True,10000,20260808,True,split_normal_in_log_mbh,0.141,0.141,False
v3-shared-science,v3-dataset-catalogue,physical_object,HZA-GNIRS50-J0835-3217,GNIRS50-J0835-3217_shen19,HZA-GNIRS50-J0835-3217,J0835+3217,shen19_gnirs50,luminous_quasar_comparison,5.9016,2.0,30.0,0.1,1.0,moderate_super_eddington,2.0,0.0,0.9395319188354287,0.4697659594177144,0.4540337348966885,0.4602439430725066,0.4699853655169639,0.4794146209410853,0.4855118295940988,0.0,True,0.2649110048516274,True,0.28196062266835026,True,10000,20260808,True,split_normal_in_log_mbh,0.141,0.141,False
v3-shared-science,v3-dataset-catalogue,physical_object,HZA-GNIRS50-J0835-3217,GNIRS50-J0835-3217_shen19,HZA-GNIRS50-J0835-3217,J0835+3217,shen19_gnirs50,luminous_quasar_comparison,5.9016,2.0,30.0,0.1,1.0,strong_super_eddington,3.0,0.0,0.9395319188354287,0.31317730627847623,0.3026891565977924,0.30682929538167103,0.31332357701130925,0.31960974729405683,0.3236745530627325,0.0,True,0.2649110048516274,True,0.28196062266835026,True,10000,20260808,True,split_normal_in_log_mbh,0.141,0.141,False
v3-shared-science,v3-dataset-catalogue,physical_object,HZA-GNIRS50-J0840-5624,GNIRS50-J0840-5624_shen19,HZA-GNIRS50-J0840-5624,J0840+5624,shen19_gnirs50,luminous_quasar_comparison,5.81997,2.0,30.0,0.1,1.0,eddington,1.0,0.0,1.001030083203436,1.001030083203436,0.959445731452673,0.9758564061145194,1.0007731397355504,1.026303891514535,1.0426307547166154,0.5137,False,0.1129275744209415,True,0.11281136932424399,True,10000,20260808,True,split_normal_in_log_mbh,0.1934,0.1934,False
v3-shared-science,v3-dataset-catalogue,physical_object,HZA-GNIRS50-J0840-5624,GNIRS50-J0840-5624_shen19,HZA-GNIRS50-J0840-5624,J0840+5624,shen19_gnirs50,luminous_quasar_comparison,5.81997,2.0,30.0,0.1,1.0,moderate_super_eddington,2.0,0.0,1.001030083203436,0.500515041601718,0.4797228657263365,0.4879282030572597,0.5003865698677752,0.5131519457572675,0.5213153773583077,0.0,True,0.1129275744209415,True,0.11281136932424399,True,10000,20260808,True,split_normal_in_log_mbh,0.1934,0.1934,False
v3-shared-science,v3-dataset-catalogue,physical_object,HZA-GNIRS50-J0840-5624,GNIRS50-J0840-5624_shen19,HZA-GNIRS50-J0840-5624,J0840+5624,shen19_gnirs50,luminous_quasar_comparison,5.81997,2.0,30.0,0.1,1.0,strong_super_eddington,3.0,0.0,1.001030083203436,0.33367669440114534,0.31981524381755766,0.3252854687048398,0.33359104657851685,0.34210129717151166,0.34754358490553844,0.0,True,0.1129275744209415,True,0.11281136932424399,True,10000,20260808,True,split_normal_in_log_mbh,0.1934,0.1934,False
v3-shared-science,v3-dataset-catalogue,physical_object,HZA-GNIRS50-J0841-2905,GNIRS50-J0841-2905_shen19,HZA-GNIRS50-J0841-2905,J0841+2905,shen19_gnirs50,luminous_quasar_comparison,5.95354,2.0,30.0,0.1,1.0,eddington,1.0,0.0,0.9806245076529145,0.9806245076529145,0.9457325399546513,0.9595561149300788,0.9803541087329396,1.001756416778727,1.0159139651757305,0.1804,True,0.5834451042737447,True,0.5949729990638284,True,10000,20260808,True,split_normal_in_log_mbh,0.1557,0.1557,False
v3-shared-science,v3-dataset-catalogue,physical_object,HZA-GNIRS50-J0841-2905,GNIRS50-J0841-2905_shen19,HZA-GNIRS50-J0841-2905,J0841+2905,shen19_gnirs50,luminous_quasar_comparison,5.95354,2.0,30.0,0.1,1.0,moderate_super_eddington,2.0,0.0,0.9806245076529145,0.49031225382645727,0.47286626997732567,0.4797780574650394,0.4901770543664698,0.5008782083893635,0.5079569825878653,0.0,True,0.5834451042737447,True,0.5949729990638284,True,10000,20260808,True,split_normal_in_log_mbh,0.1557,0.1557,False
v3-shared-science,v3-dataset-catalogue,physical_object,HZA-GNIRS50-J0841-2905,GNIRS50-J0841-2905_shen19,HZA-GNIRS50-J0841-2905,J0841+2905,shen19_gnirs50,luminous_quasar_comparison,5.95354,2.0,30.0,0.1,1.0,strong_super_eddington,3.0,0.0,0.9806245076529145,0.3268748358843048,0.3152441799848838,0.31985203831002623,0.3267847029109799,0.333918805592909,0.33863798839191017,0.0,True,0.5834451042737447,True,0.5949729990638284,True,10000,20260808,True,split_normal_in_log_mbh,0.1557,0.1557,False
v3-shared-science,v3-dataset-catalogue,physical_object,HZA-GNIRS50-J0850-3246,GNIRS50-J0850-3246_shen19,HZA-GNIRS50-J0850-3246,J0850+3246,shen19_gnirs50,luminous_quasar_comparison,5.67312,2.0,30.0,0.1,1.0,eddington,1.0,0.0,0.9797622441600439,0.9797622441600439,0.954313944469435,0.9644155415712834,0.9796988334429013,0.9950846102468993,1.005359907487353,0.0958,True,0.2809312166331775,True,0.28673407074797164,True,10000,20260808,True,split_normal_in_log_mbh,0.1201,0.1201,False
v3-shared-science,v3-dataset-catalogue,physical_object,HZA-GNIRS50-J0850-3246,GNIRS50-J0850-3246_shen19,HZA-GNIRS50-J0850-3246,J0850+3246,shen19_gnirs50,luminous_quasar_comparison,5.67312,2.0,30.0,0.1,1.0,moderate_super_eddington,2.0,0.0,0.9797622441600439,0.48988112208002194,0.4771569722347175,0.4822077707856417,0.48984941672145066,0.49754230512344966,0.5026799537436765,0.0,True,0.2809312166331775,True,0.28673407074797164,True,10000,20260808,True,split_normal_in_log_mbh,0.1201,0.1201,False
v3-shared-science,v3-dataset-catalogue,physical_object,HZA-GNIRS50-J0850-3246,GNIRS50-J0850-3246_shen19,HZA-GNIRS50-J0850-3246,J0850+3246,shen19_gnirs50,luminous_quasar_comparison,5.67312,2.0,30.0,0.1,1.0,strong_super_eddington,3.0,0.0,0.9797622441600439,0.3265874147200146,0.31810464815647826,0.3214718471904278,0.3265662778143005,0.33169487008229975,0.335119969162451,0.0,True,0.2809312166331775,True,0.28673407074797164,True,10000,20260808,True,split_normal_in_log_mbh,0.1201,0.1201,False
v3-shared-science,v3-dataset-catalogue,physical_object,HZA-GNIRS50-J1044-0125,GNIRS50-J1044-0125_shen19,HZA-GNIRS50-J1044-0125,J1044-0125,shen19_gnirs50,luminous_quasar_comparison,5.78549,2.0,30.0,0.1,1.0,eddington,1.0,0.0,1.0193300156324958,1.0193300156324958,1.010112284721274,1.0138069218819763,1.019347333849875,1.0249474337202622,1.0286779928517384,0.9998,False,0.3545683774611332,True,0.34784453712090774,True,10000,20260808,True,split_normal_in_log_mbh,0.043,0.043,False
v3-shared-science,v3-dataset-catalogue,physical_object,HZA-GNIRS50-J1044-0125,GNIRS50-J1044-0125_shen19,HZA-GNIRS50-J1044-0125,J1044-0125,shen19_gnirs50,luminous_quasar_comparison,5.78549,2.0,30.0,0.1,1.0,moderate_super_eddington,2.0,0.0,1.0193300156324958,0.5096650078162479,0.505056142360637,0.5069034609409881,0.5096736669249375,0.5124737168601311,0.5143389964258692,0.0,True,0.3545683774611332,True,0.34784453712090774,True,10000,20260808,True,split_normal_in_log_mbh,0.043,0.043,False
v3-shared-science,v3-dataset-catalogue,physical_object,HZA-GNIRS50-J1044-0125,GNIRS50-J1044-0125_shen19,HZA-GNIRS50-J1044-0125,J1044-0125,shen19_gnirs50,luminous_quasar_comparison,5.78549,2.0,30.0,0.1,1.0,strong_super_eddington,3.0,0.0,1.0193300156324958,0.3397766718774986,0.33670409490709136,0.3379356406273254,0.33978244461662505,0.34164914457342077,0.3428926642839128,0.0,True,0.3545683774611332,True,0.34784453712090774,True,10000,20260808,True,split_normal_in_log_mbh,0.043,0.043,False
v3-shared-science,v3-dataset-catalogue,physical_object,HZA-GNIRS50-J1137-3549,GNIRS50-J1137-3549_shen19,HZA-GNIRS50-J1137-3549,J1137+3549,shen19_gnirs50,luminous_quasar_comparison,6.00204,2.0,30.0,0.1,1.0,eddington,1.0,0.0,1.0970601099801092,1.0970601099801092,1.0839660199929788,1.0891517954338747,1.0972169307784962,1.1049022805289468,1.1101003127375684,1.0,False,0.2019296069798117,True,0.18406430526716797,True,10000,20260808,True,split_normal_in_log_mbh,0.057,0.057,False
v3-shared-science,v3-dataset-catalogue,physical_object,HZA-GNIRS50-J1137-3549,GNIRS50-J1137-3549_shen19,HZA-GNIRS50-J1137-3549,J1137+3549,shen19_gnirs50,luminous_quasar_comparison,6.00204,2.0,30.0,0.1,1.0,moderate_super_eddington,2.0,0.0,1.0970601099801092,0.5485300549900546,0.5419830099964894,0.5445758977169374,0.5486084653892481,0.5524511402644734,0.5550501563687842,0.0,True,0.2019296069798117,True,0.18406430526716797,True,10000,20260808,True,split_normal_in_log_mbh,0.057,0.057,False
v3-shared-science,v3-dataset-catalogue,physical_object,HZA-GNIRS50-J1137-3549,GNIRS50-J1137-3549_shen19,HZA-GNIRS50-J1137-3549,J1137+3549,shen19_gnirs50,luminous_quasar_comparison,6.00204,2.0,30.0,0.1,1.0,strong_super_eddington,3.0,0.0,1.0970601099801092,0.36568670332670306,0.3613220066643263,0.36305059847795823,0.3657389769261654,0.3683007601763156,0.37003343757918944,0.0,True,0.2019296069798117,True,0.18406430526716797,True,10000,20260808,True,split_normal_in_log_mbh,0.057,0.057,False
v3-shared-science,v3-dataset-catalogue,physical_object,HZA-GNIRS50-J1143-3808,GNIRS50-J1143-3808_shen19,HZA-GNIRS50-J1143-3808,J1143+3808,shen19_gnirs50,luminous_quasar_comparison,5.82516,2.0,30.0,0.1,1.0,eddington,1.0,0.0,1.0151194158625088,1.0151194158625088,1.0050600888191037,1.0090610522790466,1.015129726117625,1.021315158036567,1.025393120975588,0.9948,False,0.2204448716451059,True,0.2171615163697782,True,10000,20260808,True,split_normal_in_log_mbh,0.0461,0.0461,False
v3-shared-science,v3-dataset-catalogue,physical_object,HZA-GNIRS50-J1143-3808,GNIRS50-J1143-3808_shen19,HZA-GNIRS50-J1143-3808,J1143+3808,shen19_gnirs50,luminous_quasar_comparison,5.82516,2.0,30.0,0.1,1.0,moderate_super_eddington,2.0,0.0,1.0151194158625088,0.5075597079312544,0.5025300444095518,0.5045305261395233,0.5075648630588125,0.5106575790182835,0.512696560487794,0.0,True,0.2204448716451059,True,0.2171615163697782,True,10000,20260808,True,split_normal_in_log_mbh,0.0461,0.0461,False
v3-shared-science,v3-dataset-catalogue,physical_object,HZA-GNIRS50-J1143-3808,GNIRS50-J1143-3808_shen19,HZA-GNIRS50-J1143-3808,J1143+3808,shen19_gnirs50,luminous_quasar_comparison,5.82516,2.0,30.0,0.1,1.0,strong_super_eddington,3.0,0.0,1.0151194158625088,0.33837313862083623,0.33502002960636795,0.3363536840930156,0.3383765753725417,0.34043838601218895,0.3417977069918627,0.0,True,0.2204448716451059,True,0.2171615163697782,True,10000,20260808,True,split_normal_in_log_mbh,0.0461,0.0461,False
v3-shared-science,v3-dataset-catalogue,physical_object,HZA-GNIRS50-J1148-0702,GNIRS50-J1148-0702_shen19,HZA-GNIRS50-J1148-0702,J1148+0702,shen19_gnirs50,luminous_quasar_comparison,6.34412,2.0,30.0,0.1,1.0,eddington,1.0,0.0,1.1022333289133632,1.1022333289133632,1.0799597191005659,1.0887737657890046,1.102064904500458,1.1156770479724574,1.1247775752459759,1.0,False,0.4840608956106732,True,0.4391637259670642,True,10000,20260808,True,split_normal_in_log_mbh,0.0894,0.0894,False
v3-shared-science,v3-dataset-catalogue,physical_object,HZA-GNIRS50-J1148-0702,GNIRS50-J1148-0702_shen19,HZA-GNIRS50-J1148-0702,J1148+0702,shen19_gnirs50,luminous_quasar_comparison,6.34412,2.0,30.0,0.1,1.0,moderate_super_eddington,2.0,0.0,1.1022333289133632,0.5511166644566816,0.5399798595502829,0.5443868828945023,0.551032452250229,0.5578385239862287,0.5623887876229879,0.0,True,0.4840608956106732,True,0.4391637259670642,True,10000,20260808,True,split_normal_in_log_mbh,0.0894,0.0894,False
v3-shared-science,v3-dataset-catalogue,physical_object,HZA-GNIRS50-J1148-0702,GNIRS50-J1148-0702_shen19,HZA-GNIRS50-J1148-0702,J1148+0702,shen19_gnirs50,luminous_quasar_comparison,6.34412,2.0,30.0,0.1,1.0,strong_super_eddington,3.0,0.0,1.1022333289133632,0.3674111096377877,0.359986573033522,0.3629245885963349,0.36735496816681934,0.37189234932415244,0.37492585841532533,0.0,True,0.4840608956106732,True,0.4391637259670642,True,10000,20260808,True,split_normal_in_log_mbh,0.0894,0.0894,False
v3-shared-science,v3-dataset-catalogue,physical_object,HZA-GNIRS50-J1148-5251,GNIRS50-J1148-5251_shen19,HZA-GNIRS50-J1148-5251,J1148+5251,shen19_gnirs50,luminous_quasar_comparison,6.42201,2.0,30.0,0.1,1.0,eddington,1.0,0.0,1.2145529281483909,1.2145529281483909,1.2097527964698724,1.2116797425761092,1.2145543299891672,1.2173760558702842,1.2193311437772751,1.0,False,0.3040885025676279,True,0.2503707294429866,True,10000,20260808,True,split_normal_in_log_mbh,0.0189,0.0189,False
v3-shared-science,v3-dataset-catalogue,physical_object,HZA-GNIRS50-J1148-5251,GNIRS50-J1148-5251_shen19,HZA-GNIRS50-J1148-5251,J1148+5251,shen19_gnirs50,luminous_quasar_comparison,6.42201,2.0,30.0,0.1,1.0,moderate_super_eddington,2.0,0.0,1.2145529281483909,0.6072764640741954,0.6048763982349362,0.6058398712880546,0.6072771649945836,0.6086880279351421,0.6096655718886376,0.0,True,0.3040885025676279,True,0.2503707294429866,True,10000,20260808,True,split_normal_in_log_mbh,0.0189,0.0189,False
v3-shared-science,v3-dataset-catalogue,physical_object,HZA-GNIRS50-J1148-5251,GNIRS50-J1148-5251_shen19,HZA-GNIRS50-J1148-5251,J1148+5251,shen19_gnirs50,luminous_quasar_comparison,6.42201,2.0,30.0,0.1,1.0,strong_super_eddington,3.0,0.0,1.2145529281483909,0.40485097604946363,0.40325093215662416,0.4038932475253697,0.40485144332972245,0.4057920186234281,0.406443714592425,0.0,True,0.3040885025676279,True,0.2503707294429866,True,10000,20260808,True,split_normal_in_log_mbh,0.0189,0.0189,False
v3-shared-science,v3-dataset-catalogue,physical_object,HZA-GNIRS50-J1207-0630,GNIRS50-J1207-0630_shen19,HZA-GNIRS50-J1207-0630,J1207+0630,shen19_gnirs50,luminous_quasar_comparison,6.02793,2.0,30.0,0.1,1.0,eddington,1.0,0.0,1.0885991580174614,1.0885991580174614,1.0747841637757414,1.0804841255467332,1.08868356853334,1.096829929277704,1.102157119657032,1.0,False,0.1122276838345078,True,0.10309367135548311,True,10000,20260808,True,split_normal_in_log_mbh,0.0596,0.0596,False
v3-shared-science,v3-dataset-catalogue,physical_object,HZA-GNIRS50-J1207-0630,GNIRS50-J1207-0630_shen19,HZA-GNIRS50-J1207-0630,J1207+0630,shen19_gnirs50,luminous_quasar_comparison,6.02793,2.0,30.0,0.1,1.0,moderate_super_eddington,2.0,0.0,1.0885991580174614,0.5442995790087307,0.5373920818878707,0.5402420627733666,0.54434178426667,0.548414964638852,0.551078559828516,0.0,True,0.1122276838345078,True,0.10309367135548311,True,10000,20260808,True,split_normal_in_log_mbh,0.0596,0.0596,False
v3-shared-science,v3-dataset-catalogue,physical_object,HZA-GNIRS50-J1207-0630,GNIRS50-J1207-0630_shen19,HZA-GNIRS50-J1207-0630,J1207+0630,shen19_gnirs50,luminous_quasar_comparison,6.02793,2.0,30.0,0.1,1.0,strong_super_eddington,3.0,0.0,1.0885991580174614,0.3628663860058205,0.35826138792524714,0.3601613751822444,0.3628945228444467,0.36560997642590126,0.367385706552344,0.0,True,0.1122276838345078,True,0.10309367135548311,True,10000,20260808,True,split_normal_in_log_mbh,0.0596,0.0596,False
v3-shared-science,v3-dataset-catalogue,physical_object,HZA-GNIRS50-J1243-2529,GNIRS50-J1243-2529_shen19,HZA-GNIRS50-J1243-2529,J1243+2529,shen19_gnirs50,luminous_quasar_comparison,5.84308,2.0,30.0,0.1,1.0,eddington,1.0,0.0,1.0333942687275492,1.0333942687275492,1.026660944665268,1.029273285079238,1.033360981914965,1.0374858351977359,1.040117250880102,1.0,False,0.234314950659407,True,0.22674303288707642,True,10000,20260808,True,split_normal_in_log_mbh,0.0307,0.0307,False
v3-shared-science,v3-dataset-catalogue,physical_object,HZA-GNIRS50-J1243-2529,GNIRS50-J1243-2529_shen19,HZA-GNIRS50-J1243-2529,J1243+2529,shen19_gnirs50,luminous_quasar_comparison,5.84308,2.0,30.0,0.1,1.0,moderate_super_eddington,2.0,0.0,1.0333942687275492,0.5166971343637746,0.513330472332634,0.514636642539619,0.5166804909574825,0.5187429175988679,0.520058625440051,0.0,True,0.234314950659407,True,0.22674303288707642,True,10000,20260808,True,split_normal_in_log_mbh,0.0307,0.0307,False
v3-shared-science,v3-dataset-catalogue,physical_object,HZA-GNIRS50-J1243-2529,GNIRS50-J1243-2529_shen19,HZA-GNIRS50-J1243-2529,J1243+2529,shen19_gnirs50,luminous_quasar_comparison,5.84308,2.0,30.0,0.1,1.0,strong_super_eddington,3.0,0.0,1.0333942687275492,0.34446475624251643,0.34222031488842264,0.3430910950264127,0.34445366063832167,0.3458286117325786,0.3467057502933673,0.0,True,0.234314950659407,True,0.22674303288707642,True,10000,20260808,True,split_normal_in_log_mbh,0.0307,0.0307,False
v3-shared-science,v3-dataset-catalogue,physical_object,HZA-GNIRS50-J1250-3130,GNIRS50-J1250-3130_shen19,HZA-GNIRS50-J1250-3130,J1250+3130,shen19_gnirs50,luminous_quasar_comparison,6.13728,2.0,30.0,0.1,1.0,eddington,1.0,0.0,1.0097884697339312,1.0097884697339312,0.9878051210797973,0.9962036672498941,1.0096394405575873,1.022787397105851,1.0317474546822716,0.7631,False,0.8877690494117353,True,0.8791633852242868,True,10000,20260808,True,split_normal_in_log_mbh,0.0931,0.0931,False
v3-shared-science,v3-dataset-catalogue,physical_object,HZA-GNIRS50-J1250-3130,GNIRS50-J1250-3130_shen19,HZA-GNIRS50-J1250-3130,J1250+3130,shen19_gnirs50,luminous_quasar_comparison,6.13728,2.0,30.0,0.1,1.0,moderate_super_eddington,2.0,0.0,1.0097884697339312,0.5048942348669656,0.49390256053989867,0.49810183362494703,0.5048197202787936,0.5113936985529255,0.5158737273411358,0.0,True,0.8877690494117353,True,0.8791633852242868,True,10000,20260808,True,split_normal_in_log_mbh,0.0931,0.0931,False
v3-shared-science,v3-dataset-catalogue,physical_object,HZA-GNIRS50-J1250-3130,GNIRS50-J1250-3130_shen19,HZA-GNIRS50-J1250-3130,J1250+3130,shen19_gnirs50,luminous_quasar_comparison,6.13728,2.0,30.0,0.1,1.0,strong_super_eddington,3.0,0.0,1.0097884697339312,0.3365961565779771,0.3292683736932658,0.332067889083298,0.3365464801858624,0.340929132368617,0.3439158182274239,0.0,True,0.8877690494117353,True,0.8791633852242868,True,10000,20260808,True,split_normal_in_log_mbh,0.0931,0.0931,False
v3-shared-science,v3-dataset-catalogue,physical_object,HZA-GNIRS50-J1257-6349,GNIRS50-J1257-6349_shen19,HZA-GNIRS50-J1257-6349,J1257+6349,shen19_gnirs50,luminous_quasar_comparison,5.97714,2.0,30.0,0.1,1.0,eddington,1.0,0.0,1.0384499487684729,1.0384499487684729,1.0210111193688578,1.0278458565527693,1.0383835539473243,1.0489125745290737,1.0558393798732126,0.9999,False,0.1469264549362304,True,0.14148631343328066,True,10000,20260808,True,split_normal_in_log_mbh,0.0762,0.0762,False
v3-shared-science,v3-dataset-catalogue,physical_object,HZA-GNIRS50-J1257-6349,GNIRS50-J1257-6349_shen19,HZA-GNIRS50-J1257-6349,J1257+6349,shen19_gnirs50,luminous_quasar_comparison,5.97714,2.0,30.0,0.1,1.0,moderate_super_eddington,2.0,0.0,1.0384499487684729,0.5192249743842364,0.5105055596844289,0.5139229282763846,0.5191917769736621,0.5244562872645369,0.5279196899366063,0.0,True,0.1469264549362304,True,0.14148631343328066,True,10000,20260808,True,split_normal_in_log_mbh,0.0762,0.0762,False
v3-shared-science,v3-dataset-catalogue,physical_object,HZA-GNIRS50-J1257-6349,GNIRS50-J1257-6349_shen19,HZA-GNIRS50-J1257-6349,J1257+6349,shen19_gnirs50,luminous_quasar_comparison,5.97714,2.0,30.0,0.1,1.0,strong_super_eddington,3.0,0.0,1.0384499487684729,0.3461499829228243,0.3403370397896193,0.34261528551758974,0.3461278513157747,0.3496375248430246,0.35194645995773755,0.0,True,0.1469264549362304,True,0.14148631343328066,True,10000,20260808,True,split_normal_in_log_mbh,0.0762,0.0762,False
v3-shared-science,v3-dataset-catalogue,physical_object,HZA-GNIRS50-J1335-3533,GNIRS50-J1335-3533_shen19,HZA-GNIRS50-J1335-3533,J1335+3533,shen19_gnirs50,luminous_quasar_comparison,5.84703,2.0,30.0,0.1,1.0,eddington,1.0,0.0,0.9977219058163908,0.9977219058163908,0.8646828757346701,0.9194993990162533,0.9987864806395914,1.0804674281602389,1.1328702754954145,0.4947,True,0.4162938547861452,True,0.41724437677401777,True,10000,20260808,True,split_normal_in_log_mbh,0.605,0.605,False
v3-shared-science,v3-dataset-catalogue,physical_object,HZA-GNIRS50-J1335-3533,GNIRS50-J1335-3533_shen19,HZA-GNIRS50-J1335-3533,J1335+3533,shen19_gnirs50,luminous_quasar_comparison,5.84703,2.0,30.0,0.1,1.0,moderate_super_eddington,2.0,0.0,0.9977219058163908,0.4988609529081954,0.43234143786733503,0.45974969950812666,0.4993932403197957,0.5402337140801194,0.5664351377477073,0.0,True,0.4162938547861452,True,0.41724437677401777,True,10000,20260808,True,split_normal_in_log_mbh,0.605,0.605,False
v3-shared-science,v3-dataset-catalogue,physical_object,HZA-GNIRS50-J1335-3533,GNIRS50-J1335-3533_shen19,HZA-GNIRS50-J1335-3533,J1335+3533,shen19_gnirs50,luminous_quasar_comparison,5.84703,2.0,30.0,0.1,1.0,strong_super_eddington,3.0,0.0,0.9977219058163908,0.33257396860546357,0.28822762524489,0.30649979967208446,0.3329288268798638,0.36015580938674624,0.3776234251651382,0.0,True,0.4162938547861452,True,0.41724437677401777,True,10000,20260808,True,split_normal_in_log_mbh,0.605,0.605,False
v3-shared-science,v3-dataset-catalogue,physical_object,HZA-GNIRS50-J1403-0902,GNIRS50-J1403-0902_shen19,HZA-GNIRS50-J1403-0902,J1403+0902,shen19_gnirs50,luminous_quasar_comparison,5.77302,2.0,30.0,0.1,1.0,eddington,1.0,0.0,0.9846575579366778,0.9846575579366778,0.931339134224953,0.9530326274572843,0.9852894644612145,1.0173546387103662,1.0378123092446996,0.3281,True,0.244061906804198,True,0.24786475748545808,True,10000,20260808,True,split_normal_in_log_mbh,0.2483,0.2483,False
v3-shared-science,v3-dataset-catalogue,physical_object,HZA-GNIRS50-J1403-0902,GNIRS50-J1403-0902_shen19,HZA-GNIRS50-J1403-0902,J1403+0902,shen19_gnirs50,luminous_quasar_comparison,5.77302,2.0,30.0,0.1,1.0,moderate_super_eddington,2.0,0.0,0.9846575579366778,0.4923287789683389,0.4656695671124765,0.47651631372864217,0.49264473223060723,0.5086773193551831,0.5189061546223498,0.0,True,0.244061906804198,True,0.24786475748545808,True,10000,20260808,True,split_normal_in_log_mbh,0.2483,0.2483,False
v3-shared-science,v3-dataset-catalogue,physical_object,HZA-GNIRS50-J1403-0902,GNIRS50-J1403-0902_shen19,HZA-GNIRS50-J1403-0902,J1403+0902,shen19_gnirs50,luminous_quasar_comparison,5.77302,2.0,30.0,0.1,1.0,strong_super_eddington,3.0,0.0,0.9846575579366778,0.3282191859788926,0.3104463780749843,0.31767754248576147,0.3284298214870715,0.3391182129034554,0.3459374364148999,0.0,True,0.244061906804198,True,0.24786475748545808,True,10000,20260808,True,split_normal_in_log_mbh,0.2483,0.2483,False
v3-shared-science,v3-dataset-catalogue,physical_object,HZA-GNIRS50-J1425-3254,GNIRS50-J1425-3254_shen19,HZA-GNIRS50-J1425-3254,J1425+3254,shen19_gnirs50,luminous_quasar_comparison,5.86147,2.0,30.0,0.1,1.0,eddington,1.0,0.0,0.9927433983344643,0.9927433983344643,0.9684358729553522,0.978030714692918,0.9926572113977965,1.007618807350927,1.0176095373615768,0.3066,True,0.2865497276364241,True,0.2886443043763086,True,10000,20260808,True,split_normal_in_log_mbh,0.1116,0.1116,False
v3-shared-science,v3-dataset-catalogue,physical_object,HZA-GNIRS50-J1425-3254,GNIRS50-J1425-3254_shen19,HZA-GNIRS50-J1425-3254,J1425+3254,shen19_gnirs50,luminous_quasar_comparison,5.86147,2.0,30.0,0.1,1.0,moderate_super_eddington,2.0,0.0,0.9927433983344643,0.49637169916723217,0.4842179364776761,0.489015357346459,0.49632860569889825,0.5038094036754635,0.5088047686807884,0.0,True,0.2865497276364241,True,0.2886443043763086,True,10000,20260808,True,split_normal_in_log_mbh,0.1116,0.1116,False
v3-shared-science,v3-dataset-catalogue,physical_object,HZA-GNIRS50-J1425-3254,GNIRS50-J1425-3254_shen19,HZA-GNIRS50-J1425-3254,J1425+3254,shen19_gnirs50,luminous_quasar_comparison,5.86147,2.0,30.0,0.1,1.0,strong_super_eddington,3.0,0.0,0.9927433983344643,0.3309144661114881,0.3228119576517841,0.3260102382309727,0.33088573713259883,0.3358729357836423,0.33920317912052556,0.0,True,0.2865497276364241,True,0.2886443043763086,True,10000,20260808,True,split_normal_in_log_mbh,0.1116,0.1116,False
v3-shared-science,v3-dataset-catalogue,physical_object,HZA-GNIRS50-J1427-3312,GNIRS50-J1427-3312_shen19,HZA-GNIRS50-J1427-3312,J1427+3312,shen19_gnirs50,luminous_quasar_comparison,6.12115,2.0,30.0,0.1,1.0,eddington,1.0,0.0,1.004097153383852,1.004097153383852,0.986959535274397,0.993793025953645,1.0042376079261248,1.014237623757885,1.021043550153401,0.6592,False,0.7794710681646506,True,0.776290486969113,True,10000,20260808,True,split_normal_in_log_mbh,0.0732,0.0732,False
v3-shared-science,v3-dataset-catalogue,physical_object,HZA-GNIRS50-J1427-3312,GNIRS50-J1427-3312_shen19,HZA-GNIRS50-J1427-3312,J1427+3312,shen19_gnirs50,luminous_quasar_comparison,6.12115,2.0,30.0,0.1,1.0,moderate_super_eddington,2.0,0.0,1.004097153383852,0.502048576691926,0.4934797676371985,0.4968965129768225,0.5021188039630624,0.5071188118789425,0.5105217750767005,0.0,True,0.7794710681646506,True,0.776290486969113,True,10000,20260808,True,split_normal_in_log_mbh,0.0732,0.0732,False
v3-shared-science,v3-dataset-catalogue,physical_object,HZA-GNIRS50-J1427-3312,GNIRS50-J1427-3312_shen19,HZA-GNIRS50-J1427-3312,J1427+3312,shen19_gnirs50,luminous_quasar_comparison,6.12115,2.0,30.0,0.1,1.0,strong_super_eddington,3.0,0.0,1.004097153383852,0.3346990511279507,0.3289865117581323,0.33126434198454835,0.3347458693087083,0.338079207919295,0.34034785005113366,0.0,True,0.7794710681646506,True,0.776290486969113,True,10000,20260808,True,split_normal_in_log_mbh,0.0732,0.0732,False
v3-shared-science,v3-dataset-catalogue,physical_object,HZA-GNIRS50-J1429-5447,GNIRS50-J1429-5447_shen19,HZA-GNIRS50-J1429-5447,J1429+5447,shen19_gnirs50,luminous_quasar_comparison,6.11548,2.0,30.0,0.1,1.0,eddington,1.0,0.0,1.0347130264013766,1.0347130264013766,0.9474910708913149,0.9826789281501426,1.0340032329700022,1.0869135606531208,1.1226889485993756,0.7436,False,0.3611602957582317,True,0.3490439247820329,True,10000,20260808,True,split_normal_in_log_mbh,0.3714,0.3714,False
v3-shared-science,v3-dataset-catalogue,physical_object,HZA-GNIRS50-J1429-5447,GNIRS50-J1429-5447_shen19,HZA-GNIRS50-J1429-5447,J1429+5447,shen19_gnirs50,luminous_quasar_comparison,6.11548,2.0,30.0,0.1,1.0,moderate_super_eddington,2.0,0.0,1.0347130264013766,0.5173565132006883,0.47374553544565745,0.4913394640750713,0.5170016164850011,0.5434567803265604,0.5613444742996878,0.0,True,0.3611602957582317,True,0.3490439247820329,True,10000,20260808,True,split_normal_in_log_mbh,0.3714,0.3714,False
v3-shared-science,v3-dataset-catalogue,physical_object,HZA-GNIRS50-J1429-5447,GNIRS50-J1429-5447_shen19,HZA-GNIRS50-J1429-5447,J1429+5447,shen19_gnirs50,luminous_quasar_comparison,6.11548,2.0,30.0,0.1,1.0,strong_super_eddington,3.0,0.0,1.0347130264013766,0.34490434213379223,0.3158303569637716,0.3275596427167142,0.344667744323334,0.362304520217707,0.3742296495331252,0.0,True,0.3611602957582317,True,0.3490439247820329,True,10000,20260808,True,split_normal_in_log_mbh,0.3714,0.3714,False
v3-shared-science,v3-dataset-catalogue,physical_object,HZA-GNIRS50-J1436-5007,GNIRS50-J1436-5007_shen19,HZA-GNIRS50-J1436-5007,J1436+5007,shen19_gnirs50,luminous_quasar_comparison,5.81132,2.0,30.0,0.1,1.0,eddington,1.0,0.0,1.0108523768263697,1.0108523768263697,0.9700959639985262,0.9855378132043151,1.0106713335508162,1.036022742402218,1.0519539295493592,0.6608,False,0.2431644037875914,True,0.24055382305279857,True,10000,20260808,True,split_normal_in_log_mbh,0.1885,0.1885,False
v3-shared-science,v3-dataset-catalogue,physical_object,HZA-GNIRS50-J1436-5007,GNIRS50-J1436-5007_shen19,HZA-GNIRS50-J1436-5007,J1436+5007,shen19_gnirs50,luminous_quasar_comparison,5.81132,2.0,30.0,0.1,1.0,moderate_super_eddington,2.0,0.0,1.0108523768263697,0.5054261884131849,0.4850479819992631,0.49276890660215755,0.5053356667754081,0.518011371201109,0.5259769647746796,0.0,True,0.2431644037875914,True,0.24055382305279857,True,10000,20260808,True,split_normal_in_log_mbh,0.1885,0.1885,False
v3-shared-science,v3-dataset-catalogue,physical_object,HZA-GNIRS50-J1436-5007,GNIRS50-J1436-5007_shen19,HZA-GNIRS50-J1436-5007,J1436+5007,shen19_gnirs50,luminous_quasar_comparison,5.81132,2.0,30.0,0.1,1.0,strong_super_eddington,3.0,0.0,1.0108523768263697,0.3369507922754566,0.32336532133284207,0.32851260440143837,0.3368904445169387,0.34534091413407264,0.3506513098497864,0.0,True,0.2431644037875914,True,0.24055382305279857,True,10000,20260808,True,split_normal_in_log_mbh,0.1885,0.1885,False
v3-shared-science,v3-dataset-catalogue,physical_object,HZA-GNIRS50-J1545-6028,GNIRS50-J1545-6028_shen19,HZA-GNIRS50-J1545-6028,J1545+6028,shen19_gnirs50,luminous_quasar_comparison,5.7935,2.0,30.0,0.1,1.0,eddington,1.0,0.0,0.9509049563329477,0.9509049563329477,0.9464853929389998,0.9482170423681936,0.9509111784783968,0.9535788534382565,0.9552904424073686,0.0,True,0.2210039317349185,True,0.23241432307514096,True,10000,20260808,True,split_normal_in_log_mbh,0.0201,0.0201,False
v3-shared-science,v3-dataset-catalogue,physical_object,HZA-GNIRS50-J1545-6028,GNIRS50-J1545-6028_shen19,HZA-GNIRS50-J1545-6028,J1545+6028,shen19_gnirs50,luminous_quasar_comparison,5.7935,2.0,30.0,0.1,1.0,moderate_super_eddington,2.0,0.0,0.9509049563329477,0.47545247816647385,0.4732426964694999,0.4741085211840968,0.4754555892391984,0.4767894267191283,0.4776452212036843,0.0,True,0.2210039317349185,True,0.23241432307514096,True,10000,20260808,True,split_normal_in_log_mbh,0.0201,0.0201,False
v3-shared-science,v3-dataset-catalogue,physical_object,HZA-GNIRS50-J1545-6028,GNIRS50-J1545-6028_shen19,HZA-GNIRS50-J1545-6028,J1545+6028,shen19_gnirs50,luminous_quasar_comparison,5.7935,2.0,30.0,0.1,1.0,strong_super_eddington,3.0,0.0,0.9509049563329477,0.31696831877764925,0.3154951309796666,0.31607234745606455,0.31697039282613226,0.3178596178127522,0.31843014746912285,0.0,True,0.2210039317349185,True,0.23241432307514096,True,10000,20260808,True,split_normal_in_log_mbh,0.0201,0.0201,False
v3-shared-science,v3-dataset-catalogue,physical_object,HZA-GNIRS50-J1602-4228,GNIRS50-J1602-4228_shen19,HZA-GNIRS50-J1602-4228,J1602+4228,shen19_gnirs50,luminous_quasar_comparison,6.07949,2.0,30.0,0.1,1.0,eddington,1.0,0.0,1.041787441264254,1.041787441264254,1.0322382672574122,1.0359815365077294,1.0417394798809823,1.0476335255602103,1.0513635304467304,1.0,False,0.5979983697142514,True,0.5740118819137947,True,10000,20260808,True,split_normal_in_log_mbh,0.0413,0.0413,False
v3-shared-science,v3-dataset-catalogue,physical_object,HZA-GNIRS50-J1602-4228,GNIRS50-J1602-4228_shen19,HZA-GNIRS50-J1602-4228,J1602+4228,shen19_gnirs50,luminous_quasar_comparison,6.07949,2.0,30.0,0.1,1.0,moderate_super_eddington,2.0,0.0,1.041787441264254,0.520893720632127,0.5161191336287061,0.5179907682538647,0.5208697399404911,0.5238167627801051,0.5256817652233652,0.0,True,0.5979983697142514,True,0.5740118819137947,True,10000,20260808,True,split_normal_in_log_mbh,0.0413,0.0413,False
v3-shared-science,v3-dataset-catalogue,physical_object,HZA-GNIRS50-J1602-4228,GNIRS50-J1602-4228_shen19,HZA-GNIRS50-J1602-4228,J1602+4228,shen19_gnirs50,luminous_quasar_comparison,6.07949,2.0,30.0,0.1,1.0,strong_super_eddington,3.0,0.0,1.041787441264254,0.347262480421418,0.3440794224191374,0.3453271788359098,0.34724649329366075,0.3492111751867367,0.3504545101489101,0.0,True,0.5979983697142514,True,0.5740118819137947,True,10000,20260808,True,split_normal_in_log_mbh,0.0413,0.0413,False
v3-shared-science,v3-dataset-catalogue,physical_object,HZA-GNIRS50-J1609-3041,GNIRS50-J1609-3041_shen19,HZA-GNIRS50-J1609-3041,J1609+3041,shen19_gnirs50,luminous_quasar_comparison,6.14192,2.0,30.0,0.1,1.0,eddington,1.0,0.0,1.0941185019609707,1.0941185019609707,1.085859068740508,1.0891427605874597,1.0941413593582887,1.0991044749104812,1.1022660574638001,1.0,False,0.1093704502507957,True,0.09996216136988162,True,10000,20260808,True,split_normal_in_log_mbh,0.0351,0.0351,False
v3-shared-science,v3-dataset-catalogue,physical_object,HZA-GNIRS50-J1609-3041,GNIRS50-J1609-3041_shen19,HZA-GNIRS50-J1609-3041,J1609+3041,shen19_gnirs50,luminous_quasar_comparison,6.14192,2.0,30.0,0.1,1.0,moderate_super_eddington,2.0,0.0,1.0941185019609707,0.5470592509804854,0.542929534370254,0.5445713802937299,0.5470706796791444,0.5495522374552406,0.5511330287319001,0.0,True,0.1093704502507957,True,0.09996216136988162,True,10000,20260808,True,split_normal_in_log_mbh,0.0351,0.0351,False
v3-shared-science,v3-dataset-catalogue,physical_object,HZA-GNIRS50-J1609-3041,GNIRS50-J1609-3041_shen19,HZA-GNIRS50-J1609-3041,J1609+3041,shen19_gnirs50,luminous_quasar_comparison,6.14192,2.0,30.0,0.1,1.0,strong_super_eddington,3.0,0.0,1.0941185019609707,0.36470616732032357,0.36195302291350273,0.36304758686248656,0.36471378645276287,0.36636815830349373,0.36742201915460004,0.0,True,0.1093704502507957,True,0.09996216136988162,True,10000,20260808,True,split_normal_in_log_mbh,0.0351,0.0351,False
v3-shared-science,v3-dataset-catalogue,physical_object,HZA-GNIRS50-J1621-5155,GNIRS50-J1621-5155_shen19,HZA-GNIRS50-J1621-5155,J1621+5155,shen19_gnirs50,luminous_quasar_comparison,5.63323,2.0,30.0,0.1,1.0,eddington,1.0,0.0,0.9684404530427321,0.9684404530427321,0.9282684460779161,0.944387138954288,0.9689859166102164,0.9940178692760837,1.009454772659202,0.1055,True,0.5079254803650208,True,0.5244777608878022,True,10000,20260808,True,split_normal_in_log_mbh,0.1939,0.1939,False
v3-shared-science,v3-dataset-catalogue,physical_object,HZA-GNIRS50-J1621-5155,GNIRS50-J1621-5155_shen19,HZA-GNIRS50-J1621-5155,J1621+5155,shen19_gnirs50,luminous_quasar_comparison,5.63323,2.0,30.0,0.1,1.0,moderate_super_eddington,2.0,0.0,0.9684404530427321,0.48422022652136604,0.46413422303895807,0.472193569477144,0.4844929583051082,0.49700893463804185,0.504727386329601,0.0,True,0.5079254803650208,True,0.5244777608878022,True,10000,20260808,True,split_normal_in_log_mbh,0.1939,0.1939,False
v3-shared-science,v3-dataset-catalogue,physical_object,HZA-GNIRS50-J1621-5155,GNIRS50-J1621-5155_shen19,HZA-GNIRS50-J1621-5155,J1621+5155,shen19_gnirs50,luminous_quasar_comparison,5.63323,2.0,30.0,0.1,1.0,strong_super_eddington,3.0,0.0,0.9684404530427321,0.32281348434757734,0.3094228153593054,0.3147957129847627,0.32299530553673883,0.33133928975869453,0.336484924219734,0.0,True,0.5079254803650208,True,0.5244777608878022,True,10000,20260808,True,split_normal_in_log_mbh,0.1939,0.1939,False
v3-shared-science,v3-dataset-catalogue,physical_object,HZA-GNIRS50-J1623-3112,GNIRS50-J1623-3112_shen19,HZA-GNIRS50-J1623-3112,J1623+3112,shen19_gnirs50,luminous_quasar_comparison,6.254,2.0,30.0,0.1,1.0,eddington,1.0,0.0,1.0887488312876759,1.0887488312876759,1.0774380569320365,1.081829883182899,1.0887077812695236,1.0954837940212556,1.100133605902716,1.0,False,0.4005899043277508,True,0.3679360131702447,True,10000,20260808,True,split_normal_in_log_mbh,0.0469,0.0469,False
v3-shared-science,v3-dataset-catalogue,physical_object,HZA-GNIRS50-J1623-3112,GNIRS50-J1623-3112_shen19,HZA-GNIRS50-J1623-3112,J1623+3112,shen19_gnirs50,luminous_quasar_comparison,6.254,2.0,30.0,0.1,1.0,moderate_super_eddington,2.0,0.0,1.0887488312876759,0.5443744156438379,0.5387190284660183,0.5409149415914495,0.5443538906347618,0.5477418970106278,0.550066802951358,0.0,True,0.4005899043277508,True,0.3679360131702447,True,10000,20260808,True,split_normal_in_log_mbh,0.0469,0.0469,False
v3-shared-science,v3-dataset-catalogue,physical_object,HZA-GNIRS50-J1623-3112,GNIRS50-J1623-3112_shen19,HZA-GNIRS50-J1623-3112,J1623+3112,shen19_gnirs50,luminous_quasar_comparison,6.254,2.0,30.0,0.1,1.0,strong_super_eddington,3.0,0.0,1.0887488312876759,0.36291627709589197,0.3591460189773455,0.3606099610609663,0.36290259375650785,0.3651612646737519,0.366711201967572,0.0,True,0.4005899043277508,True,0.3679360131702447,True,10000,20260808,True,split_normal_in_log_mbh,0.0469,0.0469,False
v3-shared-science,v3-dataset-catalogue,physical_object,HZA-GNIRS50-J1630-4012,GNIRS50-J1630-4012_shen19,HZA-GNIRS50-J1630-4012,J1630+4012,shen19_gnirs50,luminous_quasar_comparison,6.06311,2.0,30.0,0.1,1.0,eddington,1.0,0.0,1.0361371079676174,1.0361371079676174,1.0179649733527707,1.0253172817388132,1.0361578756971466,1.047348697692404,1.0541554452792519,0.9991,False,0.2337760412274688,True,0.2256226897287951,True,10000,20260808,True,split_normal_in_log_mbh,0.0778,0.0778,False
v3-shared-science,v3-dataset-catalogue,physical_object,HZA-GNIRS50-J1630-4012,GNIRS50-J1630-4012_shen19,HZA-GNIRS50-J1630-4012,J1630+4012,shen19_gnirs50,luminous_quasar_comparison,6.06311,2.0,30.0,0.1,1.0,moderate_super_eddington,2.0,0.0,1.0361371079676174,0.5180685539838087,0.5089824866763853,0.5126586408694066,0.5180789378485733,0.523674348846202,0.5270777226396259,0.0,True,0.2337760412274688,True,0.2256226897287951,True,10000,20260808,True,split_normal_in_log_mbh,0.0778,0.0778,False
v3-shared-science,v3-dataset-catalogue,physical_object,HZA-GNIRS50-J1630-4012,GNIRS50-J1630-4012_shen19,HZA-GNIRS50-J1630-4012,J1630+4012,shen19_gnirs50,luminous_quasar_comparison,6.06311,2.0,30.0,0.1,1.0,strong_super_eddington,3.0,0.0,1.0361371079676174,0.3453790359892058,0.33932165778425694,0.34177242724627105,0.3453859585657155,0.34911623256413465,0.3513851484264173,0.0,True,0.2337760412274688,True,0.2256226897287951,True,10000,20260808,True,split_normal_in_log_mbh,0.0778,0.0778,False
v3-shared-science,v3-dataset-catalogue,physical_object,HZA-GNIRS50-J2307-0031,GNIRS50-J2307-0031_shen19,HZA-GNIRS50-J2307-0031,J2307+0031,shen19_gnirs50,luminous_quasar_comparison,5.90021,2.0,30.0,0.1,1.0,eddington,1.0,0.0,0.830158184801893,0.830158184801893,0.43417995100446377,0.5882363577491876,0.8309371045020724,1.0698035208255057,1.2229987709905719,0.2404,True,3.5554944085859295,True,4.282911948202263,True,10000,20260808,True,split_normal_in_log_mbh,1.7905,1.7905,False
v3-shared-science,v3-dataset-catalogue,physical_object,HZA-GNIRS50-J2307-0031,GNIRS50-J2307-0031_shen19,HZA-GNIRS50-J2307-0031,J2307+0031,shen19_gnirs50,luminous_quasar_comparison,5.90021,2.0,30.0,0.1,1.0,moderate_super_eddington,2.0,0.0,0.830158184801893,0.4150790924009465,0.21708997550223189,0.2941181788745938,0.4154685522510362,0.5349017604127528,0.6114993854952859,0.0,True,3.5554944085859295,True,4.282911948202263,True,10000,20260808,True,split_normal_in_log_mbh,1.7905,1.7905,False
v3-shared-science,v3-dataset-catalogue,physical_object,HZA-GNIRS50-J2307-0031,GNIRS50-J2307-0031_shen19,HZA-GNIRS50-J2307-0031,J2307+0031,shen19_gnirs50,luminous_quasar_comparison,5.90021,2.0,30.0,0.1,1.0,strong_super_eddington,3.0,0.0,0.830158184801893,0.2767193949339643,0.14472665033482127,0.19607878591639585,0.2769790348340241,0.3566011736085019,0.40766625699685727,0.0,True,3.5554944085859295,True,4.282911948202263,True,10000,20260808,True,split_normal_in_log_mbh,1.7905,1.7905,False
v3-shared-science,v3-dataset-catalogue,physical_object,HZA-GNIRS50-J2329-0403,GNIRS50-J2329-0403_shen19,HZA-GNIRS50-J2329-0403,J2329-0403,shen19_gnirs50,luminous_quasar_comparison,5.88263,2.0,30.0,0.1,1.0,eddington,1.0,0.0,0.905867046170473,0.905867046170473,0.7831985589219073,0.8321869383218102,0.9057657976234521,0.9788179338636003,1.0285906069547397,0.1044,True,0.3362017734543792,True,0.37113809899108546,True,10000,20260808,True,split_normal_in_log_mbh,0.5587,0.5587,False
v3-shared-science,v3-dataset-catalogue,physical_object,HZA-GNIRS50-J2329-0403,GNIRS50-J2329-0403_shen19,HZA-GNIRS50-J2329-0403,J2329-0403,shen19_gnirs50,luminous_quasar_comparison,5.88263,2.0,30.0,0.1,1.0,moderate_super_eddington,2.0,0.0,0.905867046170473,0.4529335230852365,0.39159927946095363,0.4160934691609051,0.45288289881172605,0.48940896693180014,0.5142953034773698,0.0,True,0.3362017734543792,True,0.37113809899108546,True,10000,20260808,True,split_normal_in_log_mbh,0.5587,0.5587,False
v3-shared-science,v3-dataset-catalogue,physical_object,HZA-GNIRS50-J2329-0403,GNIRS50-J2329-0403_shen19,HZA-GNIRS50-J2329-0403,J2329-0403,shen19_gnirs50,luminous_quasar_comparison,5.88263,2.0,30.0,0.1,1.0,strong_super_eddington,3.0,0.0,0.905867046170473,0.3019556820568243,0.26106618630730244,0.2773956461072701,0.30192193254115074,0.32627264462120015,0.3428635356515799,0.0,True,0.3362017734543792,True,0.37113809899108546,True,10000,20260808,True,split_normal_in_log_mbh,0.5587,0.5587,False
v3-shared-science,v3-dataset-catalogue,physical_object,HZA-GNIRS50-J2356-0023,GNIRS50-J2356-0023_shen19,HZA-GNIRS50-J2356-0023,J2356+0023,shen19_gnirs50,luminous_quasar_comparison,5.99266,2.0,30.0,0.1,1.0,eddington,1.0,0.0,1.0563370173919489,1.0563370173919489,0.9058952478673304,0.9653004094661347,1.0585419342462028,1.1497977612125754,1.2125868555654284,0.738,False,0.0245470891568502,True,0.023237933304141815,True,10000,20260808,True,split_normal_in_log_mbh,0.6655,0.6655,False
v3-shared-science,v3-dataset-catalogue,physical_object,HZA-GNIRS50-J2356-0023,GNIRS50-J2356-0023_shen19,HZA-GNIRS50-J2356-0023,J2356+0023,shen19_gnirs50,luminous_quasar_comparison,5.99266,2.0,30.0,0.1,1.0,moderate_super_eddington,2.0,0.0,1.0563370173919489,0.5281685086959744,0.4529476239336652,0.48265020473306736,0.5292709671231014,0.5748988806062877,0.6062934277827142,0.0,True,0.0245470891568502,True,0.023237933304141815,True,10000,20260808,True,split_normal_in_log_mbh,0.6655,0.6655,False
v3-shared-science,v3-dataset-catalogue,physical_object,HZA-GNIRS50-J2356-0023,GNIRS50-J2356-0023_shen19,HZA-GNIRS50-J2356-0023,J2356+0023,shen19_gnirs50,luminous_quasar_comparison,5.99266,2.0,30.0,0.1,1.0,strong_super_eddington,3.0,0.0,1.0563370173919489,0.3521123391306496,0.3019650826224435,0.32176680315537826,0.35284731141540093,0.3832659204041918,0.40419561852180946,0.0,True,0.0245470891568502,True,0.023237933304141815,True,10000,20260808,True,split_normal_in_log_mbh,0.6655,0.6655,False
v3-shared-science,v3-dataset-catalogue,physical_object,HZA-GNIRS50-P000-26,GNIRS50-P000-26_shen19,HZA-GNIRS50-P000-26,P000+26,shen19_gnirs50,luminous_quasar_comparison,5.73276,2.0,30.0,0.1,1.0,eddington,1.0,0.0,0.9855981940743055,0.9855981940743055,0.9811251204165925,0.9829072250584234,0.9855877850531994,0.9882936135525098,0.9900790728226834,0.0,True,0.5028054772806392,True,0.5101525959601465,True,10000,20260808,True,split_normal_in_log_mbh,0.021,0.021,False
v3-shared-science,v3-dataset-catalogue,physical_object,HZA-GNIRS50-P000-26,GNIRS50-P000-26_shen19,HZA-GNIRS50-P000-26,P000+26,shen19_gnirs50,luminous_quasar_comparison,5.73276,2.0,30.0,0.1,1.0,moderate_super_eddington,2.0,0.0,0.9855981940743055,0.49279909703715274,0.49056256020829625,0.4914536125292117,0.4927938925265997,0.4941468067762549,0.4950395364113417,0.0,True,0.5028054772806392,True,0.5101525959601465,True,10000,20260808,True,split_normal_in_log_mbh,0.021,0.021,False
v3-shared-science,v3-dataset-catalogue,physical_object,HZA-GNIRS50-P000-26,GNIRS50-P000-26_shen19,HZA-GNIRS50-P000-26,P000+26,shen19_gnirs50,luminous_quasar_comparison,5.73276,2.0,30.0,0.1,1.0,strong_super_eddington,3.0,0.0,0.9855981940743055,0.32853273135810185,0.32704170680553085,0.3276357416861411,0.3285292616843998,0.32943120451750324,0.3300263576075611,0.0,True,0.5028054772806392,True,0.5101525959601465,True,10000,20260808,True,split_normal_in_log_mbh,0.021,0.021,False
v3-shared-science,v3-dataset-catalogue,physical_object,HZA-GNIRS50-P210-27,GNIRS50-P210-27_shen19,HZA-GNIRS50-P210-27,P210+27,shen19_gnirs50,luminous_quasar_comparison,6.16694,2.0,30.0,0.1,1.0,eddington,1.0,0.0,1.0786244301932315,1.0786244301932315,1.0337904155154523,1.0514345760976203,1.0779605188268784,1.10530570074262,1.1225774352744156,0.998,False,0.2338298763479912,True,0.21678525889321965,True,10000,20260808,True,split_normal_in_log_mbh,0.1892,0.1892,False
v3-shared-science,v3-dataset-catalogue,physical_object,HZA-GNIRS50-P210-27,GNIRS50-P210-27_shen19,HZA-GNIRS50-P210-27,P210+27,shen19_gnirs50,luminous_quasar_comparison,6.16694,2.0,30.0,0.1,1.0,moderate_super_eddington,2.0,0.0,1.0786244301932315,0.5393122150966158,0.5168952077577261,0.5257172880488101,0.5389802594134392,0.55265285037131,0.5612887176372078,0.0,True,0.2338298763479912,True,0.21678525889321965,True,10000,20260808,True,split_normal_in_log_mbh,0.1892,0.1892,False
v3-shared-science,v3-dataset-catalogue,physical_object,HZA-GNIRS50-P210-27,GNIRS50-P210-27_shen19,HZA-GNIRS50-P210-27,P210+27,shen19_gnirs50,luminous_quasar_comparison,6.16694,2.0,30.0,0.1,1.0,strong_super_eddington,3.0,0.0,1.0786244301932315,0.35954147673107717,0.3445968051718174,0.35047819203254005,0.3593201729422928,0.3684352335808733,0.3741924784248052,0.0,True,0.2338298763479912,True,0.21678525889321965,True,10000,20260808,True,split_normal_in_log_mbh,0.1892,0.1892,False
v3-shared-science,v3-dataset-catalogue,physical_object,HZA-GNIRS50-P228-21,GNIRS50-P228-21_shen19,HZA-GNIRS50-P228-21,P228+21,shen19_gnirs50,luminous_quasar_comparison,5.89177,2.0,30.0,0.1,1.0,eddington,1.0,0.0,1.006791297086342,1.006791297086342,0.9628526700821899,0.9802575208612946,1.0063370681541741,1.0330051827850324,1.0502604454682656,0.5923,False,0.1434498174790534,True,0.14248217867416785,True,10000,20260808,True,split_normal_in_log_mbh,0.1963,0.1963,False
v3-shared-science,v3-dataset-catalogue,physical_object,HZA-GNIRS50-P228-21,GNIRS50-P228-21_shen19,HZA-GNIRS50-P228-21,P228+21,shen19_gnirs50,luminous_quasar_comparison,5.89177,2.0,30.0,0.1,1.0,moderate_super_eddington,2.0,0.0,1.006791297086342,0.503395648543171,0.48142633504109494,0.4901287604306473,0.5031685340770871,0.5165025913925162,0.5251302227341328,0.0,True,0.1434498174790534,True,0.14248217867416785,True,10000,20260808,True,split_normal_in_log_mbh,0.1963,0.1963,False
v3-shared-science,v3-dataset-catalogue,physical_object,HZA-GNIRS50-P228-21,GNIRS50-P228-21_shen19,HZA-GNIRS50-P228-21,P228+21,shen19_gnirs50,luminous_quasar_comparison,5.89177,2.0,30.0,0.1,1.0,strong_super_eddington,3.0,0.0,1.006791297086342,0.33559709902878065,0.32095089002739663,0.32675250695376484,0.33544568938472463,0.3443350609283441,0.3500868151560885,0.0,True,0.1434498174790534,True,0.14248217867416785,True,10000,20260808,True,split_normal_in_log_mbh,0.1963,0.1963,False
v3-shared-science,v3-dataset-catalogue,physical_object,HZA-GNIRS50-P333-26,GNIRS50-P333-26_shen19,HZA-GNIRS50-P333-26,P333+26,shen19_gnirs50,luminous_quasar_comparison,6.02651,2.0,30.0,0.1,1.0,eddington,1.0,0.0,0.9857783861072748,0.9857783861072748,0.9468337390233027,0.962153084669639,0.98534659825962,1.0098241973308966,1.0256286977583016,0.2737,True,0.5180837850719928,True,0.5255580690076255,True,10000,20260808,True,split_normal_in_log_mbh,0.1712,0.1712,False
v3-shared-science,v3-dataset-catalogue,physical_object,HZA-GNIRS50-P333-26,GNIRS50-P333-26_shen19,HZA-GNIRS50-P333-26,P333+26,shen19_gnirs50,luminous_quasar_comparison,6.02651,2.0,30.0,0.1,1.0,moderate_super_eddington,2.0,0.0,0.9857783861072748,0.4928891930536374,0.47341686951165135,0.4810765423348195,0.49267329912981,0.5049120986654483,0.5128143488791508,0.0,True,0.5180837850719928,True,0.5255580690076255,True,10000,20260808,True,split_normal_in_log_mbh,0.1712,0.1712,False
v3-shared-science,v3-dataset-catalogue,physical_object,HZA-GNIRS50-P333-26,GNIRS50-P333-26_shen19,HZA-GNIRS50-P333-26,P333+26,shen19_gnirs50,luminous_quasar_comparison,6.02651,2.0,30.0,0.1,1.0,strong_super_eddington,3.0,0.0,0.9857783861072748,0.3285927953690916,0.3156112463411009,0.32071769488987967,0.32844886608654,0.33660806577696556,0.34187623258610056,0.0,True,0.5180837850719928,True,0.5255580690076255,True,10000,20260808,True,split_normal_in_log_mbh,0.1712,0.1712,False
v3-shared-science,v3-dataset-catalogue,physical_object,HZA-GOODS-N-12839,GOODSN12839_matthee23,HZA-GOODS-N-12839,GOODS-N-12839,matthee23_eiger_fresco_blagn,broad_line_agn,5.241,2.0,30.0,0.1,1.0,eddington,1.0,0.0,0.6883071405476705,0.6883071405476705,0.6770572784516773,0.6815146708282553,0.6882987809504604,0.6951275537365782,0.6997099821001844,0.0,True,,False,,True,10000,20260808,True,split_normal_in_log_mbh,0.06,0.06,False
v3-shared-science,v3-dataset-catalogue,physical_object,HZA-GOODS-N-12839,GOODSN12839_matthee23,HZA-GOODS-N-12839,GOODS-N-12839,matthee23_eiger_fresco_blagn,broad_line_agn,5.241,2.0,30.0,0.1,1.0,moderate_super_eddington,2.0,0.0,0.6883071405476705,0.34415357027383525,0.33852863922583865,0.34075733541412767,0.3441493904752302,0.3475637768682891,0.3498549910500922,0.0,True,,False,,True,10000,20260808,True,split_normal_in_log_mbh,0.06,0.06,False
v3-shared-science,v3-dataset-catalogue,physical_object,HZA-GOODS-N-12839,GOODSN12839_matthee23,HZA-GOODS-N-12839,GOODS-N-12839,matthee23_eiger_fresco_blagn,broad_line_agn,5.241,2.0,30.0,0.1,1.0,strong_super_eddington,3.0,0.0,0.6883071405476705,0.22943571351589018,0.2256857594838924,0.22717155694275176,0.22943292698348677,0.2317091845788594,0.23323666070006147,0.0,True,,False,,True,10000,20260808,True,split_normal_in_log_mbh,0.06,0.06,False
v3-shared-science,v3-dataset-catalogue,physical_object,HZA-GOODS-N-13733,GOODSN13733_matthee23,HZA-GOODS-N-13733,GOODS-N-13733,matthee23_eiger_fresco_blagn,broad_line_agn,5.236,2.0,30.0,0.1,1.0,eddington,1.0,0.0,0.6279250940567935,0.6279250940567935,0.6090411707927588,0.6163779410248528,0.6278483222511867,0.6393065511993888,0.6467781234940632,0.0,True,,False,,True,10000,20260808,True,split_normal_in_log_mbh,0.1,0.1,False
v3-shared-science,v3-dataset-catalogue,physical_object,HZA-GOODS-N-13733,GOODSN13733_matthee23,HZA-GOODS-N-13733,GOODS-N-13733,matthee23_eiger_fresco_blagn,broad_line_agn,5.236,2.0,30.0,0.1,1.0,moderate_super_eddington,2.0,0.0,0.6279250940567935,0.31396254702839677,0.3045205853963794,0.3081889705124264,0.31392416112559335,0.3196532755996944,0.3233890617470316,0.0,True,,False,,True,10000,20260808,True,split_normal_in_log_mbh,0.1,0.1,False
v3-shared-science,v3-dataset-catalogue,physical_object,HZA-GOODS-N-13733,GOODSN13733_matthee23,HZA-GOODS-N-13733,GOODS-N-13733,matthee23_eiger_fresco_blagn,broad_line_agn,5.236,2.0,30.0,0.1,1.0,strong_super_eddington,3.0,0.0,0.6279250940567935,0.20930836468559785,0.20301372359758627,0.2054593136749509,0.2092827740837289,0.2131021837331296,0.2155927078313544,0.0,True,,False,,True,10000,20260808,True,split_normal_in_log_mbh,0.1,0.1,False
v3-shared-science,v3-dataset-catalogue,physical_object,HZA-GOODS-N-14409,GOODSN14409_matthee23,HZA-GOODS-N-14409,GOODS-N-14409,matthee23_eiger_fresco_blagn,broad_line_agn,5.139,2.0,30.0,0.1,1.0,eddington,1.0,0.0,0.5807552006854548,0.5807552006854548,0.5556005461774335,0.5654691553507006,0.5809505752667856,0.5964114492013175,0.6062188634558119,0.0,True,,False,,True,10000,20260808,True,split_normal_in_log_mbh,0.14,0.14,False
v3-shared-science,v3-dataset-catalogue,physical_object,HZA-GOODS-N-14409,GOODSN14409_matthee23,HZA-GOODS-N-14409,GOODS-N-14409,matthee23_eiger_fresco_blagn,broad_line_agn,5.139,2.0,30.0,0.1,1.0,moderate_super_eddington,2.0,0.0,0.5807552006854548,0.2903776003427274,0.27780027308871674,0.2827345776753503,0.2904752876333928,0.29820572460065875,0.30310943172790594,0.0,True,,False,,True,10000,20260808,True,split_normal_in_log_mbh,0.14,0.14,False
v3-shared-science,v3-dataset-catalogue,physical_object,HZA-GOODS-N-14409,GOODSN14409_matthee23,HZA-GOODS-N-14409,GOODS-N-14409,matthee23_eiger_fresco_blagn,broad_line_agn,5.139,2.0,30.0,0.1,1.0,strong_super_eddington,3.0,0.0,0.5807552006854548,0.19358506689515162,0.18520018205914449,0.18848971845023355,0.19365019175559522,0.19880381640043915,0.20207295448527066,0.0,True,,False,,True,10000,20260808,True,split_normal_in_log_mbh,0.14,0.14,False
v3-shared-science,v3-dataset-catalogue,physical_object,HZA-GOODS-N-15498,GOODSN15498_matthee23,HZA-GOODS-N-15498,GOODS-N-15498,matthee23_eiger_fresco_blagn,broad_line_agn,5.086,2.0,30.0,0.1,1.0,eddington,1.0,0.0,0.6275083827356964,0.6275083827356964,0.6077153271200969,0.6154123473936667,0.6275625059568642,0.6396465152721231,0.6475218224173523,0.0,True,,False,,True,10000,20260808,True,split_normal_in_log_mbh,0.11,0.11,False
v3-shared-science,v3-dataset-catalogue,physical_object,HZA-GOODS-N-15498,GOODSN15498_matthee23,HZA-GOODS-N-15498,GOODS-N-15498,matthee23_eiger_fresco_blagn,broad_line_agn,5.086,2.0,30.0,0.1,1.0,moderate_super_eddington,2.0,0.0,0.6275083827356964,0.3137541913678482,0.30385766356004845,0.30770617369683334,0.3137812529784321,0.31982325763606156,0.32376091120867617,0.0,True,,False,,True,10000,20260808,True,split_normal_in_log_mbh,0.11,0.11,False
v3-shared-science,v3-dataset-catalogue,physical_object,HZA-GOODS-N-15498,GOODSN15498_matthee23,HZA-GOODS-N-15498,GOODS-N-15498,matthee23_eiger_fresco_blagn,broad_line_agn,5.086,2.0,30.0,0.1,1.0,strong_super_eddington,3.0,0.0,0.6275083827356964,0.2091694609118988,0.202571775706699,0.20513744913122223,0.20918750198562142,0.2132155050907077,0.2158406074724508,0.0,True,,False,,True,10000,20260808,True,split_normal_in_log_mbh,0.11,0.11,False
v3-shared-science,v3-dataset-catalogue,physical_object,HZA-GOODS-N-16813,GOODSN16813_matthee23,HZA-GOODS-N-16813,GOODS-N-16813,matthee23_eiger_fresco_blagn,broad_line_agn,5.355,2.0,30.0,0.1,1.0,eddington,1.0,0.0,0.6548561599143871,0.6548561599143871,0.6315520625003499,0.6409141431421908,0.6552999293839947,0.6693271283948709,0.6783148004395172,0.0,True,,False,,True,10000,20260808,True,split_normal_in_log_mbh,0.12,0.12,False
v3-shared-science,v3-dataset-catalogue,physical_object,HZA-GOODS-N-16813,GOODSN16813_matthee23,HZA-GOODS-N-16813,GOODS-N-16813,matthee23_eiger_fresco_blagn,broad_line_agn,5.355,2.0,30.0,0.1,1.0,moderate_super_eddington,2.0,0.0,0.6548561599143871,0.32742807995719353,0.31577603125017495,0.3204570715710954,0.32764996469199736,0.3346635641974354,0.3391574002197586,0.0,True,,False,,True,10000,20260808,True,split_normal_in_log_mbh,0.12,0.12,False
v3-shared-science,v3-dataset-catalogue,physical_object,HZA-GOODS-N-16813,GOODSN16813_matthee23,HZA-GOODS-N-16813,GOODS-N-16813,matthee23_eiger_fresco_blagn,broad_line_agn,5.355,2.0,30.0,0.1,1.0,strong_super_eddington,3.0,0.0,0.6548561599143871,0.21828538663812902,0.21051735416678327,0.21363804771406358,0.2184333097946649,0.2231090427982903,0.22610493347983904,0.0,True,,False,,True,10000,20260808,True,split_normal_in_log_mbh,0.12,0.12,False
v3-shared-science,v3-dataset-catalogue,physical_object,HZA-GOODS-N-4014,GOODSN4014_matthee23,HZA-GOODS-N-4014,GOODS-N-4014,matthee23_eiger_fresco_blagn,broad_line_agn,5.228,2.0,30.0,0.1,1.0,eddington,1.0,0.0,0.6368735258141983,0.6368735258141983,0.6216356089859713,0.6275558825416493,0.6367847973864953,0.6458466005042995,0.6513893271175355,0.0,True,,False,,True,10000,20260808,True,split_normal_in_log_mbh,0.08,0.08,False
v3-shared-science,v3-dataset-catalogue,physical_object,HZA-GOODS-N-4014,GOODSN4014_matthee23,HZA-GOODS-N-4014,GOODS-N-4014,matthee23_eiger_fresco_blagn,broad_line_agn,5.228,2.0,30.0,0.1,1.0,moderate_super_eddington,2.0,0.0,0.6368735258141983,0.31843676290709916,0.3108178044929856,0.31377794127082465,0.31839239869324765,0.32292330025214977,0.32569466355876775,0.0,True,,False,,True,10000,20260808,True,split_normal_in_log_mbh,0.08,0.08,False
v3-shared-science,v3-dataset-catalogue,physical_object,HZA-GOODS-N-4014,GOODSN4014_matthee23,HZA-GOODS-N-4014,GOODS-N-4014,matthee23_eiger_fresco_blagn,broad_line_agn,5.228,2.0,30.0,0.1,1.0,strong_super_eddington,3.0,0.0,0.6368735258141983,0.21229117527139943,0.20721186966199043,0.20918529418054976,0.21226159912883177,0.21528220016809985,0.21712977570584518,0.0,True,,False,,True,10000,20260808,True,split_normal_in_log_mbh,0.08,0.08,False
v3-shared-science,v3-dataset-catalogue,physical_object,HZA-GOODS-N-9771,GOODSN9771_matthee23,HZA-GOODS-N-9771,GOODS-N-9771,matthee23_eiger_fresco_blagn,broad_line_agn,5.538,2.0,30.0,0.1,1.0,eddington,1.0,0.0,0.8099785765046903,0.8099785765046903,0.8039243463043486,0.8062764259509737,0.8099244931043679,0.8136670770231125,0.8160416246014525,0.0,True,,False,,True,10000,20260808,True,split_normal_in_log_mbh,0.03,0.03,False
v3-shared-science,v3-dataset-catalogue,physical_object,HZA-GOODS-N-9771,GOODSN9771_matthee23,HZA-GOODS-N-9771,GOODS-N-9771,matthee23_eiger_fresco_blagn,broad_line_agn,5.538,2.0,30.0,0.1,1.0,moderate_super_eddington,2.0,0.0,0.8099785765046903,0.40498928825234515,0.4019621731521743,0.40313821297548685,0.40496224655218394,0.40683353851155624,0.40802081230072623,0.0,True,,False,,True,10000,20260808,True,split_normal_in_log_mbh,0.03,0.03,False
v3-shared-science,v3-dataset-catalogue,physical_object,HZA-GOODS-N-9771,GOODSN9771_matthee23,HZA-GOODS-N-9771,GOODS-N-9771,matthee23_eiger_fresco_blagn,broad_line_agn,5.538,2.0,30.0,0.1,1.0,strong_super_eddington,3.0,0.0,0.8099785765046903,0.26999285883489677,0.2679747821014496,0.2687588086503246,0.2699748310347893,0.2712223590077042,0.27201387486715084,0.0,True,,False,,True,10000,20260808,True,split_normal_in_log_mbh,0.03,0.03,False
v3-shared-science,v3-dataset-catalogue,physical_object,HZA-GS-10013704,GS10013704_juodzbalis25,HZA-GS-10013704,GS-10013704,juodzbalis25_jades_blagn,broad_line_agn,5.919,2.0,30.0,0.1,1.0,eddington,1.0,0.0,0.7392417802995618,0.7392417802995618,0.6716710280974532,0.6976856806973781,0.739383097749342,0.7821586313303768,0.8095572457151696,0.0,True,0.055,True,0.0744005567132751,True,10000,20260808,True,split_normal_in_log_mbh,0.31,0.31,False
v3-shared-science,v3-dataset-catalogue,physical_object,HZA-GS-10013704,GS10013704_juodzbalis25,HZA-GS-10013704,GS-10013704,juodzbalis25_jades_blagn,broad_line_agn,5.919,2.0,30.0,0.1,1.0,moderate_super_eddington,2.0,0.0,0.7392417802995618,0.3696208901497809,0.3358355140487266,0.34884284034868906,0.369691548874671,0.3910793156651884,0.4047786228575848,0.0,True,0.055,True,0.0744005567132751,True,10000,20260808,True,split_normal_in_log_mbh,0.31,0.31,False
v3-shared-science,v3-dataset-catalogue,physical_object,HZA-GS-10013704,GS10013704_juodzbalis25,HZA-GS-10013704,GS-10013704,juodzbalis25_jades_blagn,broad_line_agn,5.919,2.0,30.0,0.1,1.0,strong_super_eddington,3.0,0.0,0.7392417802995618,0.2464139267665206,0.22389034269915103,0.2325618935657927,0.24646103258311397,0.26071954377679224,0.2698524152383898,0.0,True,0.055,True,0.0744005567132751,True,10000,20260808,True,split_normal_in_log_mbh,0.31,0.31,False
v3-shared-science,v3-dataset-catalogue,physical_object,HZA-GS-159717,GS159717_juodzbalis25,HZA-GS-159717,GS-159717,juodzbalis25_jades_blagn,broad_line_agn,5.077,2.0,30.0,0.1,1.0,eddington,1.0,0.0,0.5963891513943026,0.5963891513943026,0.5421573958640385,0.5634118087178239,0.5966105429476967,0.6293256461081959,0.6515679363771145,0.0,True,0.38,True,0.6371678611383108,True,10000,20260808,True,split_normal_in_log_mbh,0.3,0.3,False
v3-shared-science,v3-dataset-catalogue,physical_object,HZA-GS-159717,GS159717_juodzbalis25,HZA-GS-159717,GS-159717,juodzbalis25_jades_blagn,broad_line_agn,5.077,2.0,30.0,0.1,1.0,moderate_super_eddington,2.0,0.0,0.5963891513943026,0.2981945756971513,0.2710786979320193,0.28170590435891196,0.29830527147384833,0.31466282305409793,0.32578396818855726,0.0,True,0.38,True,0.6371678611383108,True,10000,20260808,True,split_normal_in_log_mbh,0.3,0.3,False
v3-shared-science,v3-dataset-catalogue,physical_object,HZA-GS-159717,GS159717_juodzbalis25,HZA-GS-159717,GS-159717,juodzbalis25_jades_blagn,broad_line_agn,5.077,2.0,30.0,0.1,1.0,strong_super_eddington,3.0,0.0,0.5963891513943026,0.19879638379810086,0.18071913195467953,0.18780393623927463,0.1988701809825656,0.20977521536939864,0.21718931212570486,0.0,True,0.38,True,0.6371678611383108,True,10000,20260808,True,split_normal_in_log_mbh,0.3,0.3,False
v3-shared-science,v3-dataset-catalogue,physical_object,HZA-GS-164055,GS164055_juodzbalis25,HZA-GS-164055,GS-164055,juodzbalis25_jades_blagn,broad_line_agn,7.397,2.0,30.0,0.1,1.0,eddington,1.0,0.0,1.064628309775132,1.064628309775132,0.8573789983580106,0.9398996590933997,1.0646474034733602,1.17607279439176,1.2472238754012537,0.7013,False,0.03,True,0.028178848640927578,True,10000,20260808,True,split_normal_in_log_mbh,0.59,0.66,False
v3-shared-science,v3-dataset-catalogue,physical_object,HZA-GS-164055,GS164055_juodzbalis25,HZA-GS-164055,GS-164055,juodzbalis25_jades_blagn,broad_line_agn,7.397,2.0,30.0,0.1,1.0,moderate_super_eddington,2.0,0.0,1.064628309775132,0.532314154887566,0.4286894991790053,0.46994982954669984,0.5323237017366801,0.58803639719588,0.6236119377006268,0.0,True,0.03,True,0.028178848640927578,True,10000,20260808,True,split_normal_in_log_mbh,0.59,0.66,False
v3-shared-science,v3-dataset-catalogue,physical_object,HZA-GS-164055,GS164055_juodzbalis25,HZA-GS-164055,GS-164055,juodzbalis25_jades_blagn,broad_line_agn,7.397,2.0,30.0,0.1,1.0,strong_super_eddington,3.0,0.0,1.064628309775132,0.3548761032583773,0.28579299945267017,0.31329988636446654,0.35488246782445343,0.39202426479725333,0.41574129180041786,0.0,True,0.03,True,0.028178848640927578,True,10000,20260808,True,split_normal_in_log_mbh,0.59,0.66,False
v3-shared-science,v3-dataset-catalogue,physical_object,HZA-GS-172975,GS172975_juodzbalis25,HZA-GS-172975,GS-172975,juodzbalis25_jades_blagn,broad_line_agn,4.741,2.0,30.0,0.1,1.0,eddington,1.0,0.0,0.5245778551942444,0.5245778551942444,0.4719276922832712,0.4925066726405638,0.5240650710693537,0.5559827224059689,0.5761284932449819,0.0,True,0.05,True,0.09531473642074664,True,10000,20260808,True,split_normal_in_log_mbh,0.32,0.32,False
v3-shared-science,v3-dataset-catalogue,physical_object,HZA-GS-172975,GS172975_juodzbalis25,HZA-GS-172975,GS-172975,juodzbalis25_jades_blagn,broad_line_agn,4.741,2.0,30.0,0.1,1.0,moderate_super_eddington,2.0,0.0,0.5245778551942444,0.2622889275971222,0.2359638461416356,0.2462533363202819,0.26203253553467687,0.27799136120298445,0.28806424662249097,0.0,True,0.05,True,0.09531473642074664,True,10000,20260808,True,split_normal_in_log_mbh,0.32,0.32,False
v3-shared-science,v3-dataset-catalogue,physical_object,HZA-GS-172975,GS172975_juodzbalis25,HZA-GS-172975,GS-172975,juodzbalis25_jades_blagn,broad_line_agn,4.741,2.0,30.0,0.1,1.0,strong_super_eddington,3.0,0.0,0.5245778551942444,0.17485928506474813,0.1573092307610904,0.16416889088018793,0.1746883570231179,0.18532757413532297,0.19204283108166065,0.0,True,0.05,True,0.09531473642074664,True,10000,20260808,True,split_normal_in_log_mbh,0.32,0.32,False
v3-shared-science,v3-dataset-catalogue,physical_object,HZA-GS-20030333,GS20030333_juodzbalis25,HZA-GS-20030333,GS-20030333,juodzbalis25_jades_blagn,broad_line_agn,7.891,2.0,30.0,0.1,1.0,eddington,1.0,0.0,1.1332146730828314,1.1332146730828314,0.9667307301796838,1.0325815526094542,1.1329997879090312,1.2686217106022972,1.3571886456730538,0.9027,False,0.08,True,0.07059562667183401,True,10000,20260808,True,split_normal_in_log_mbh,0.65,0.48,False
v3-shared-science,v3-dataset-catalogue,physical_object,HZA-GS-20030333,GS20030333_juodzbalis25,HZA-GS-20030333,GS-20030333,juodzbalis25_jades_blagn,broad_line_agn,7.891,2.0,30.0,0.1,1.0,moderate_super_eddington,2.0,0.0,1.1332146730828314,0.5666073365414157,0.4833653650898419,0.5162907763047271,0.5664998939545156,0.6343108553011486,0.6785943228365269,0.0,True,0.08,True,0.07059562667183401,True,10000,20260808,True,split_normal_in_log_mbh,0.65,0.48,False
v3-shared-science,v3-dataset-catalogue,physical_object,HZA-GS-20030333,GS20030333_juodzbalis25,HZA-GS-20030333,GS-20030333,juodzbalis25_jades_blagn,broad_line_agn,7.891,2.0,30.0,0.1,1.0,strong_super_eddington,3.0,0.0,1.1332146730828314,0.3777382243609438,0.32224357672656123,0.3441938508698181,0.377666595969677,0.4228739035340991,0.45239621522435125,0.0,True,0.08,True,0.07059562667183401,True,10000,20260808,True,split_normal_in_log_mbh,0.65,0.48,False
v3-shared-science,v3-dataset-catalogue,physical_object,HZA-GS-20057765,GS20057765_juodzbalis25,HZA-GS-20057765,GS-20057765,juodzbalis25_jades_blagn,broad_line_agn,8.913,2.0,30.0,0.1,1.0,eddington,1.0,0.0,1.3553650821669596,1.3553650821669596,1.0571212362511446,1.1758939517771139,1.353034122872882,1.5136481357261002,1.6178129154279395,0.9754,False,0.051,True,0.03762823808214177,True,10000,20260808,True,split_normal_in_log_mbh,0.62,0.7,False
v3-shared-science,v3-dataset-catalogue,physical_object,HZA-GS-20057765,GS20057765_juodzbalis25,HZA-GS-20057765,GS-20057765,juodzbalis25_jades_blagn,broad_line_agn,8.913,2.0,30.0,0.1,1.0,moderate_super_eddington,2.0,0.0,1.3553650821669596,0.6776825410834798,0.5285606181255723,0.5879469758885569,0.676517061436441,0.7568240678630501,0.8089064577139697,0.0,True,0.051,True,0.03762823808214177,True,10000,20260808,True,split_normal_in_log_mbh,0.62,0.7,False
v3-shared-science,v3-dataset-catalogue,physical_object,HZA-GS-20057765,GS20057765_juodzbalis25,HZA-GS-20057765,GS-20057765,juodzbalis25_jades_blagn,broad_line_agn,8.913,2.0,30.0,0.1,1.0,strong_super_eddington,3.0,0.0,1.3553650821669596,0.45178836072231987,0.3523737454170482,0.3919646505923713,0.4510113742909606,0.5045493785753669,0.5392709718093132,0.0,True,0.051,True,0.03762823808214177,True,10000,20260808,True,split_normal_in_log_mbh,0.62,0.7,False
v3-shared-science,v3-dataset-catalogue,physical_object,HZA-GS-200679,GS200679_juodzbalis25,HZA-GS-200679,GS-200679,juodzbalis25_jades_blagn,broad_line_agn,4.547,2.0,30.0,0.1,1.0,eddington,1.0,0.0,0.39598397974315996,0.39598397974315996,0.349639631996312,0.3679413481810542,0.39674929817490323,0.45307318384663336,0.4904562114656511,0.0,True,0.23,True,0.5808315784622924,True,10000,20260808,True,split_normal_in_log_mbh,0.6,0.3,False
v3-shared-science,v3-dataset-catalogue,physical_object,HZA-GS-200679,GS200679_juodzbalis25,HZA-GS-200679,GS-200679,juodzbalis25_jades_blagn,broad_line_agn,4.547,2.0,30.0,0.1,1.0,moderate_super_eddington,2.0,0.0,0.39598397974315996,0.19799198987157998,0.174819815998156,0.1839706740905271,0.19837464908745162,0.22653659192331668,0.24522810573282555,0.0,True,0.23,True,0.5808315784622924,True,10000,20260808,True,split_normal_in_log_mbh,0.6,0.3,False
v3-shared-science,v3-dataset-catalogue,physical_object,HZA-GS-200679,GS200679_juodzbalis25,HZA-GS-200679,GS-200679,juodzbalis25_jades_blagn,broad_line_agn,4.547,2.0,30.0,0.1,1.0,strong_super_eddington,3.0,0.0,0.39598397974315996,0.13199465991438666,0.11654654399877065,0.12264711606035139,0.13224976605830108,0.15102439461554445,0.1634854038218837,0.0,True,0.23,True,0.5808315784622924,True,10000,20260808,True,split_normal_in_log_mbh,0.6,0.3,False
v3-shared-science,v3-dataset-catalogue,physical_object,HZA-GS-204851,GS204851_juodzbalis25,HZA-GS-204851,GS-204851,juodzbalis25_jades_blagn,broad_line_agn,5.48,2.0,30.0,0.1,1.0,eddington,1.0,0.0,0.6921076590789973,0.6921076590789973,0.6296473377308718,0.6544697018656268,0.6919378331026669,0.7308047825286287,0.7566394924112204,0.0,True,0.16,True,0.2311779069356283,True,10000,20260808,True,split_normal_in_log_mbh,0.32,0.31,False
v3-shared-science,v3-dataset-catalogue,physical_object,HZA-GS-204851,GS204851_juodzbalis25,HZA-GS-204851,GS-204851,juodzbalis25_jades_blagn,broad_line_agn,5.48,2.0,30.0,0.1,1.0,moderate_super_eddington,2.0,0.0,0.6921076590789973,0.34605382953949865,0.3148236688654359,0.3272348509328134,0.34596891655133344,0.36540239126431434,0.3783197462056102,0.0,True,0.16,True,0.2311779069356283,True,10000,20260808,True,split_normal_in_log_mbh,0.32,0.31,False
v3-shared-science,v3-dataset-catalogue,physical_object,HZA-GS-204851,GS204851_juodzbalis25,HZA-GS-204851,GS-204851,juodzbalis25_jades_blagn,broad_line_agn,5.48,2.0,30.0,0.1,1.0,strong_super_eddington,3.0,0.0,0.6921076590789973,0.23070255302633244,0.20988244591029062,0.21815656728854227,0.23064594436755564,0.24360159417620958,0.25221316413707345,0.0,True,0.16,True,0.2311779069356283,True,10000,20260808,True,split_normal_in_log_mbh,0.32,0.31,False
v3-shared-science,v3-dataset-catalogue,physical_object,HZA-GS-210600,GS210600_juodzbalis25,HZA-GS-210600,GS-210600,juodzbalis25_jades_blagn,broad_line_agn,6.306,2.0,30.0,0.1,1.0,eddington,1.0,0.0,0.8056392872456205,0.8056392872456205,0.7227182445243245,0.7548375490241978,0.8063785232565016,0.8555635221090325,0.8868049700738502,0.0001,True,0.057,True,0.07075126660577322,True,10000,20260808,True,split_normal_in_log_mbh,0.33,0.34,False
v3-shared-science,v3-dataset-catalogue,physical_object,HZA-GS-210600,GS210600_juodzbalis25,HZA-GS-210600,GS-210600,juodzbalis25_jades_blagn,broad_line_agn,6.306,2.0,30.0,0.1,1.0,moderate_super_eddington,2.0,0.0,0.8056392872456205,0.40281964362281025,0.36135912226216227,0.3774187745120989,0.4031892616282508,0.42778176105451626,0.4434024850369251,0.0,True,0.057,True,0.07075126660577322,True,10000,20260808,True,split_normal_in_log_mbh,0.33,0.34,False
v3-shared-science,v3-dataset-catalogue,physical_object,HZA-GS-210600,GS210600_juodzbalis25,HZA-GS-210600,GS-210600,juodzbalis25_jades_blagn,broad_line_agn,6.306,2.0,30.0,0.1,1.0,strong_super_eddington,3.0,0.0,0.8056392872456205,0.2685464290818735,0.24090608150810816,0.25161251634139925,0.26879284108550056,0.2851878407030109,0.2956016566912834,0.0,True,0.057,True,0.07075126660577322,True,10000,20260808,True,split_normal_in_log_mbh,0.33,0.34,False
v3-shared-science,v3-dataset-catalogue,physical_object,HZA-GS-30148179,GS30148179_juodzbalis25,HZA-GS-30148179,GS-30148179,juodzbalis25_jades_blagn,broad_line_agn,5.922,2.0,30.0,0.1,1.0,eddington,1.0,0.0,0.696261873125633,0.696261873125633,0.6192084508985957,0.6496933026735402,0.6970419347658108,0.743210575633486,0.7721105715128403,0.0,True,0.11,True,0.15798653386863204,True,10000,20260808,True,split_normal_in_log_mbh,0.34,0.35,False
v3-shared-science,v3-dataset-catalogue,physical_object,HZA-GS-30148179,GS30148179_juodzbalis25,HZA-GS-30148179,GS-30148179,juodzbalis25_jades_blagn,broad_line_agn,5.922,2.0,30.0,0.1,1.0,moderate_super_eddington,2.0,0.0,0.696261873125633,0.3481309365628165,0.30960422544929783,0.3248466513367701,0.3485209673829054,0.371605287816743,0.3860552857564202,0.0,True,0.11,True,0.15798653386863204,True,10000,20260808,True,split_normal_in_log_mbh,0.34,0.35,False
v3-shared-science,v3-dataset-catalogue,physical_object,HZA-GS-30148179,GS30148179_juodzbalis25,HZA-GS-30148179,GS-30148179,juodzbalis25_jades_blagn,broad_line_agn,5.922,2.0,30.0,0.1,1.0,strong_super_eddington,3.0,0.0,0.696261873125633,0.23208729104187767,0.20640281696619855,0.2165644342245134,0.2323473115886036,0.24773685854449537,0.25737019050428006,0.0,True,0.11,True,0.15798653386863204,True,10000,20260808,True,split_normal_in_log_mbh,0.34,0.35,False
v3-shared-science,v3-dataset-catalogue,physical_object,HZA-GS-38562,GS38562_juodzbalis25,HZA-GS-38562,GS-38562,juodzbalis25_jades_blagn,broad_line_agn,4.822,2.0,30.0,0.1,1.0,eddington,1.0,0.0,0.5632398604962897,0.5632398604962897,0.510989718192677,0.531751965310524,0.563262042298957,0.5937608599142674,0.6135870795467104,0.0,True,0.12,True,0.21305310297865626,True,10000,20260808,True,split_normal_in_log_mbh,0.3,0.31,False
v3-shared-science,v3-dataset-catalogue,physical_object,HZA-GS-38562,GS38562_juodzbalis25,HZA-GS-38562,GS-38562,juodzbalis25_jades_blagn,broad_line_agn,4.822,2.0,30.0,0.1,1.0,moderate_super_eddington,2.0,0.0,0.5632398604962897,0.28161993024814486,0.2554948590963385,0.265875982655262,0.2816310211494785,0.2968804299571337,0.3067935397733552,0.0,True,0.12,True,0.21305310297865626,True,10000,20260808,True,split_normal_in_log_mbh,0.3,0.31,False
v3-shared-science,v3-dataset-catalogue,physical_object,HZA-GS-38562,GS38562_juodzbalis25,HZA-GS-38562,GS-38562,juodzbalis25_jades_blagn,broad_line_agn,4.822,2.0,30.0,0.1,1.0,strong_super_eddington,3.0,0.0,0.5632398604962897,0.1877466201654299,0.17032990606422566,0.17725065510350801,0.18775401409965234,0.19792028663808917,0.20452902651557014,0.0,True,0.12,True,0.21305310297865626,True,10000,20260808,True,split_normal_in_log_mbh,0.3,0.31,False
v3-shared-science,v3-dataset-catalogue,physical_object,HZA-GS-8083,GS8083_juodzbalis25,HZA-GS-8083,GS-8083,juodzbalis25_jades_blagn,broad_line_agn,4.753,2.0,30.0,0.1,1.0,eddington,1.0,0.0,0.5113210883970297,0.5113210883970297,0.46002252556125306,0.479983798809614,0.5108596120481541,0.5418199146139409,0.5619134077192454,0.0,True,0.07,True,0.13690027966467624,True,10000,20260808,True,split_normal_in_log_mbh,0.31,0.31,False
v3-shared-science,v3-dataset-catalogue,physical_object,HZA-GS-8083,GS8083_juodzbalis25,HZA-GS-8083,GS-8083,juodzbalis25_jades_blagn,broad_line_agn,4.753,2.0,30.0,0.1,1.0,moderate_super_eddington,2.0,0.0,0.5113210883970297,0.25566054419851486,0.23001126278062653,0.239991899404807,0.25542980602407706,0.27090995730697043,0.2809567038596227,0.0,True,0.07,True,0.13690027966467624,True,10000,20260808,True,split_normal_in_log_mbh,0.31,0.31,False
v3-shared-science,v3-dataset-catalogue,physical_object,HZA-GS-8083,GS8083_juodzbalis25,HZA-GS-8083,GS-8083,juodzbalis25_jades_blagn,broad_line_agn,4.753,2.0,30.0,0.1,1.0,strong_super_eddington,3.0,0.0,0.5113210883970297,0.1704403627990099,0.15334084185375105,0.15999459960320467,0.17028653734938468,0.18060663820464695,0.18730446923974844,0.0,True,0.07,True,0.13690027966467624,True,10000,20260808,True,split_normal_in_log_mbh,0.31,0.31,False
v3-shared-science,v3-dataset-catalogue,physical_object,HZA-J0100-12446,J010012446_matthee23,HZA-J0100-12446,J0100-12446,matthee23_eiger_fresco_blagn,broad_line_agn,4.699,2.0,30.0,0.1,1.0,eddington,1.0,0.0,0.5390974735707234,0.5390974735707234,0.5294744566974676,0.5332525132238274,0.5392170441237101,0.5449480154326863,0.5488736091652806,0.0,True,,False,,True,10000,20260808,True,split_normal_in_log_mbh,0.06,0.06,False
v3-shared-science,v3-dataset-catalogue,physical_object,HZA-J0100-12446,J010012446_matthee23,HZA-J0100-12446,J0100-12446,matthee23_eiger_fresco_blagn,broad_line_agn,4.699,2.0,30.0,0.1,1.0,moderate_super_eddington,2.0,0.0,0.5390974735707234,0.2695487367853617,0.2647372283487338,0.2666262566119137,0.26960852206185504,0.27247400771634317,0.2744368045826403,0.0,True,,False,,True,10000,20260808,True,split_normal_in_log_mbh,0.06,0.06,False
v3-shared-science,v3-dataset-catalogue,physical_object,HZA-J0100-12446,J010012446_matthee23,HZA-J0100-12446,J0100-12446,matthee23_eiger_fresco_blagn,broad_line_agn,4.699,2.0,30.0,0.1,1.0,strong_super_eddington,3.0,0.0,0.5390974735707234,0.1796991578569078,0.17649148556582253,0.1777508377412758,0.17973901470790332,0.1816493384775621,0.1829578697217602,0.0,True,,False,,True,10000,20260808,True,split_normal_in_log_mbh,0.06,0.06,False
v3-shared-science,v3-dataset-catalogue,physical_object,HZA-J0100-15157,J010015157_matthee23,HZA-J0100-15157,J0100-15157,matthee23_eiger_fresco_blagn,broad_line_agn,4.941,2.0,30.0,0.1,1.0,eddington,1.0,0.0,0.5652172706138981,0.5652172706138981,0.5513246583505338,0.5569473620411898,0.5651600831000239,0.5735062105891515,0.5789935634925559,0.0,True,,False,,True,10000,20260808,True,split_normal_in_log_mbh,0.08,0.08,False
v3-shared-science,v3-dataset-catalogue,physical_object,HZA-J0100-15157,J010015157_matthee23,HZA-J0100-15157,J0100-15157,matthee23_eiger_fresco_blagn,broad_line_agn,4.941,2.0,30.0,0.1,1.0,moderate_super_eddington,2.0,0.0,0.5652172706138981,0.2826086353069491,0.2756623291752669,0.2784736810205949,0.28258004155001193,0.28675310529457576,0.28949678174627796,0.0,True,,False,,True,10000,20260808,True,split_normal_in_log_mbh,0.08,0.08,False
v3-shared-science,v3-dataset-catalogue,physical_object,HZA-J0100-15157,J010015157_matthee23,HZA-J0100-15157,J0100-15157,matthee23_eiger_fresco_blagn,broad_line_agn,4.941,2.0,30.0,0.1,1.0,strong_super_eddington,3.0,0.0,0.5652172706138981,0.18840575687129937,0.18377488611684462,0.18564912068039657,0.1883866943666746,0.1911687368630505,0.1929978544975186,0.0,True,,False,,True,10000,20260808,True,split_normal_in_log_mbh,0.08,0.08,False
v3-shared-science,v3-dataset-catalogue,physical_object,HZA-J0100-16221,J010016221_matthee23,HZA-J0100-16221,J0100-16221,matthee23_eiger_fresco_blagn,broad_line_agn,4.349,2.0,30.0,0.1,1.0,eddington,1.0,0.0,0.4928746065100315,0.4928746065100315,0.48275393704463854,0.48676815804742096,0.4930194662853171,0.4992087003462795,0.5031758172304972,0.0,True,,False,,True,10000,20260808,True,split_normal_in_log_mbh,0.07,0.07,False
v3-shared-science,v3-dataset-catalogue,physical_object,HZA-J0100-16221,J010016221_matthee23,HZA-J0100-16221,J0100-16221,matthee23_eiger_fresco_blagn,broad_line_agn,4.349,2.0,30.0,0.1,1.0,moderate_super_eddington,2.0,0.0,0.4928746065100315,0.24643730325501575,0.24137696852231927,0.24338407902371048,0.24650973314265856,0.24960435017313976,0.2515879086152486,0.0,True,,False,,True,10000,20260808,True,split_normal_in_log_mbh,0.07,0.07,False
v3-shared-science,v3-dataset-catalogue,physical_object,HZA-J0100-16221,J010016221_matthee23,HZA-J0100-16221,J0100-16221,matthee23_eiger_fresco_blagn,broad_line_agn,4.349,2.0,30.0,0.1,1.0,strong_super_eddington,3.0,0.0,0.4928746065100315,0.16429153550334383,0.1609179790148795,0.16225605268247364,0.16433982209510573,0.1664029001154265,0.16772527241016572,0.0,True,,False,,True,10000,20260808,True,split_normal_in_log_mbh,0.07,0.07,False
v3-shared-science,v3-dataset-catalogue,physical_object,HZA-J0100-2017,J01002017_matthee23,HZA-J0100-2017,J0100-2017,matthee23_eiger_fresco_blagn,broad_line_agn,4.938,2.0,30.0,0.1,1.0,eddington,1.0,0.0,0.5742520556678291,0.5742520556678291,0.5549585222063759,0.5626223031474955,0.574202433995045,0.585893793106113,0.5936669878219739,0.0,True,,False,,True,10000,20260808,True,split_normal_in_log_mbh,0.11,0.11,False
v3-shared-science,v3-dataset-catalogue,physical_object,HZA-J0100-2017,J01002017_matthee23,HZA-J0100-2017,J0100-2017,matthee23_eiger_fresco_blagn,broad_line_agn,4.938,2.0,30.0,0.1,1.0,moderate_super_eddington,2.0,0.0,0.5742520556678291,0.28712602783391455,0.27747926110318794,0.28131115157374775,0.2871012169975225,0.2929468965530565,0.29683349391098696,0.0,True,,False,,True,10000,20260808,True,split_normal_in_log_mbh,0.11,0.11,False
v3-shared-science,v3-dataset-catalogue,physical_object,HZA-J0100-2017,J01002017_matthee23,HZA-J0100-2017,J0100-2017,matthee23_eiger_fresco_blagn,broad_line_agn,4.938,2.0,30.0,0.1,1.0,strong_super_eddington,3.0,0.0,0.5742520556678291,0.19141735188927636,0.18498617406879198,0.18754076771583184,0.19140081133168166,0.195297931035371,0.19788899594065798,0.0,True,,False,,True,10000,20260808,True,split_normal_in_log_mbh,0.11,0.11,False
v3-shared-science,v3-dataset-catalogue,physical_object,HZA-J0109M3047-BHAE-1,J0109M3047BHAE1_lin24,HZA-J0109M3047-BHAE-1,J0109M3047-BHAE-1,lin24_aspire_blagn,broad_line_agn,4.36,2.0,30.0,0.1,1.0,eddington,1.0,0.0,0.5240156247913998,0.5240156247913998,0.5079777798506538,0.5143461942647592,0.5240086528773018,0.5336683955127174,0.5399778039179389,0.0,True,,False,,True,10000,20260808,True,split_normal_in_log_mbh,0.11,0.11,False
v3-shared-science,v3-dataset-catalogue,physical_object,HZA-J0109M3047-BHAE-1,J0109M3047BHAE1_lin24,HZA-J0109M3047-BHAE-1,J0109M3047-BHAE-1,lin24_aspire_blagn,broad_line_agn,4.36,2.0,30.0,0.1,1.0,moderate_super_eddington,2.0,0.0,0.5240156247913998,0.2620078123956999,0.2539888899253269,0.2571730971323796,0.2620043264386509,0.2668341977563587,0.26998890195896946,0.0,True,,False,,True,10000,20260808,True,split_normal_in_log_mbh,0.11,0.11,False
v3-shared-science,v3-dataset-catalogue,physical_object,HZA-J0109M3047-BHAE-1,J0109M3047BHAE1_lin24,HZA-J0109M3047-BHAE-1,J0109M3047-BHAE-1,lin24_aspire_blagn,broad_line_agn,4.36,2.0,30.0,0.1,1.0,strong_super_eddington,3.0,0.0,0.5240156247913998,0.17467187493046663,0.16932592661688461,0.17144873142158643,0.17466955095910058,0.17788946517090581,0.17999260130597966,0.0,True,,False,,True,10000,20260808,True,split_normal_in_log_mbh,0.11,0.11,False
v3-shared-science,v3-dataset-catalogue,physical_object,HZA-J0148-12884,J014812884_matthee23,HZA-J0148-12884,J0148-12884,matthee23_eiger_fresco_blagn,broad_line_agn,4.602,2.0,30.0,0.1,1.0,eddington,1.0,0.0,0.47149316484067616,0.47149316484067616,0.447652230235088,0.4570644665616709,0.47159606280620936,0.48603343798363347,0.49569652411810106,0.0,True,,False,,True,10000,20260808,True,split_normal_in_log_mbh,0.15,0.15,False
v3-shared-science,v3-dataset-catalogue,physical_object,HZA-J0148-12884,J014812884_matthee23,HZA-J0148-12884,J0148-12884,matthee23_eiger_fresco_blagn,broad_line_agn,4.602,2.0,30.0,0.1,1.0,moderate_super_eddington,2.0,0.0,0.47149316484067616,0.23574658242033808,0.223826115117544,0.22853223328083544,0.23579803140310468,0.24301671899181673,0.24784826205905053,0.0,True,,False,,True,10000,20260808,True,split_normal_in_log_mbh,0.15,0.15,False
v3-shared-science,v3-dataset-catalogue,physical_object,HZA-J0148-12884,J014812884_matthee23,HZA-J0148-12884,J0148-12884,matthee23_eiger_fresco_blagn,broad_line_agn,4.602,2.0,30.0,0.1,1.0,strong_super_eddington,3.0,0.0,0.47149316484067616,0.1571643882802254,0.14921741007836267,0.15235482218722363,0.1571986876020698,0.16201114599454447,0.16523217470603369,0.0,True,,False,,True,10000,20260808,True,split_normal_in_log_mbh,0.15,0.15,False
v3-shared-science,v3-dataset-catalogue,physical_object,HZA-J0148-4214,J01484214_matthee23,HZA-J0148-4214,J0148-4214,matthee23_eiger_fresco_blagn,broad_line_agn,5.019,2.0,30.0,0.1,1.0,eddington,1.0,0.0,0.5741524309450758,0.5741524309450758,0.5564791383152888,0.5634255277147048,0.5744940848327564,0.5853302383239503,0.5924265440739386,0.0,True,,False,,True,10000,20260808,True,split_normal_in_log_mbh,0.1,0.1,False
v3-shared-science,v3-dataset-catalogue,physical_object,HZA-J0148-4214,J01484214_matthee23,HZA-J0148-4214,J0148-4214,matthee23_eiger_fresco_blagn,broad_line_agn,5.019,2.0,30.0,0.1,1.0,moderate_super_eddington,2.0,0.0,0.5741524309450758,0.2870762154725379,0.2782395691576444,0.2817127638573524,0.2872470424163782,0.29266511916197513,0.2962132720369693,0.0,True,,False,,True,10000,20260808,True,split_normal_in_log_mbh,0.1,0.1,False
v3-shared-science,v3-dataset-catalogue,physical_object,HZA-J0148-4214,J01484214_matthee23,HZA-J0148-4214,J0148-4214,matthee23_eiger_fresco_blagn,broad_line_agn,5.019,2.0,30.0,0.1,1.0,strong_super_eddington,3.0,0.0,0.5741524309450758,0.19138414364835862,0.1854930461050963,0.18780850923823492,0.1914980282775855,0.19511007944131675,0.19747551469131286,0.0,True,,False,,True,10000,20260808,True,split_normal_in_log_mbh,0.1,0.1,False
v3-shared-science,v3-dataset-catalogue,physical_object,HZA-J0148-976,J0148976_matthee23,HZA-J0148-976,J0148-976,matthee23_eiger_fresco_blagn,broad_line_agn,4.163,2.0,30.0,0.1,1.0,eddington,1.0,0.0,0.430292919958797,0.430292919958797,0.4051344972700269,0.41529871705194615,0.43046778158207444,0.44514785993982936,0.45489762398314576,0.0,True,,False,,True,10000,20260808,True,split_normal_in_log_mbh,0.18,0.18,False
v3-shared-science,v3-dataset-catalogue,physical_object,HZA-J0148-976,J0148976_matthee23,HZA-J0148-976,J0148-976,matthee23_eiger_fresco_blagn,broad_line_agn,4.163,2.0,30.0,0.1,1.0,moderate_super_eddington,2.0,0.0,0.430292919958797,0.2151464599793985,0.20256724863501346,0.20764935852597308,0.21523389079103722,0.22257392996991468,0.22744881199157288,0.0,True,,False,,True,10000,20260808,True,split_normal_in_log_mbh,0.18,0.18,False
v3-shared-science,v3-dataset-catalogue,physical_object,HZA-J0148-976,J0148976_matthee23,HZA-J0148-976,J0148-976,matthee23_eiger_fresco_blagn,broad_line_agn,4.163,2.0,30.0,0.1,1.0,strong_super_eddington,3.0,0.0,0.430292919958797,0.143430973319599,0.1350448324233423,0.13843290568398206,0.14348926052735816,0.1483826199799431,0.15163254132771525,0.0,True,,False,,True,10000,20260808,True,split_normal_in_log_mbh,0.18,0.18,False
v3-shared-science,v3-dataset-catalogue,physical_object,HZA-J0218P0007-BHAE-1,J0218P0007BHAE1_lin24,HZA-J0218P0007-BHAE-1,J0218P0007-BHAE-1,lin24_aspire_blagn,broad_line_agn,4.2291,2.0,30.0,0.1,1.0,eddington,1.0,0.0,0.4769691677287594,0.4769691677287594,0.4658248993964925,0.4701897743535364,0.47696069697343024,0.4837944771040527,0.4883574023545587,0.0,True,,False,,True,10000,20260808,True,split_normal_in_log_mbh,0.08,0.08,False
v3-shared-science,v3-dataset-catalogue,physical_object,HZA-J0218P0007-BHAE-1,J0218P0007BHAE1_lin24,HZA-J0218P0007-BHAE-1,J0218P0007-BHAE-1,lin24_aspire_blagn,broad_line_agn,4.2291,2.0,30.0,0.1,1.0,moderate_super_eddington,2.0,0.0,0.4769691677287594,0.2384845838643797,0.23291244969824626,0.2350948871767682,0.23848034848671512,0.24189723855202636,0.24417870117727936,0.0,True,,False,,True,10000,20260808,True,split_normal_in_log_mbh,0.08,0.08,False
v3-shared-science,v3-dataset-catalogue,physical_object,HZA-J0218P0007-BHAE-1,J0218P0007BHAE1_lin24,HZA-J0218P0007-BHAE-1,J0218P0007-BHAE-1,lin24_aspire_blagn,broad_line_agn,4.2291,2.0,30.0,0.1,1.0,strong_super_eddington,3.0,0.0,0.4769691677287594,0.15898972257625313,0.1552749664654975,0.15672992478451211,0.15898689899114343,0.1612648257013509,0.1627858007848529,0.0,True,,False,,True,10000,20260808,True,split_normal_in_log_mbh,0.08,0.08,False
v3-shared-science,v3-dataset-catalogue,physical_object,HZA-J0224M4711-BHAE-1,J0224M4711BHAE1_lin24,HZA-J0224M4711-BHAE-1,J0224M4711-BHAE-1,lin24_aspire_blagn,broad_line_agn,4.0639,2.0,30.0,0.1,1.0,eddington,1.0,0.0,0.42695576624523013,0.42695576624523013,0.3945844822299806,0.40753994314076486,0.42686823396963824,0.4462359417316765,0.4593586653910312,0.0,True,,False,,True,10000,20260808,True,split_normal_in_log_mbh,0.24,0.24,False
v3-shared-science,v3-dataset-catalogue,physical_object,HZA-J0224M4711-BHAE-1,J0224M4711BHAE1_lin24,HZA-J0224M4711-BHAE-1,J0224M4711-BHAE-1,lin24_aspire_blagn,broad_line_agn,4.0639,2.0,30.0,0.1,1.0,moderate_super_eddington,2.0,0.0,0.42695576624523013,0.21347788312261506,0.1972922411149903,0.20376997157038243,0.21343411698481912,0.22311797086583826,0.2296793326955156,0.0,True,,False,,True,10000,20260808,True,split_normal_in_log_mbh,0.24,0.24,False
v3-shared-science,v3-dataset-catalogue,physical_object,HZA-J0224M4711-BHAE-1,J0224M4711BHAE1_lin24,HZA-J0224M4711-BHAE-1,J0224M4711-BHAE-1,lin24_aspire_blagn,broad_line_agn,4.0639,2.0,30.0,0.1,1.0,strong_super_eddington,3.0,0.0,0.42695576624523013,0.14231858874841005,0.13152816074332688,0.1358466477135883,0.14228941132321277,0.14874531391055884,0.15311955513034373,0.0,True,,False,,True,10000,20260808,True,split_normal_in_log_mbh,0.24,0.24,False
v3-shared-science,v3-dataset-catalogue,physical_object,HZA-J0229M0808-BHAE-1,J0229M0808BHAE1_lin24,HZA-J0229M0808-BHAE-1,J0229M0808-BHAE-1,lin24_aspire_blagn,broad_line_agn,4.3653,2.0,30.0,0.1,1.0,eddington,1.0,0.0,0.4755889820082617,0.4755889820082617,0.4579739505830955,0.4650217733292184,0.47553974561822043,0.48645400871562056,0.49369760591957146,0.0,True,,False,,True,10000,20260808,True,split_normal_in_log_mbh,0.12,0.12,False
v3-shared-science,v3-dataset-catalogue,physical_object,HZA-J0229M0808-BHAE-1,J0229M0808BHAE1_lin24,HZA-J0229M0808-BHAE-1,J0229M0808-BHAE-1,lin24_aspire_blagn,broad_line_agn,4.3653,2.0,30.0,0.1,1.0,moderate_super_eddington,2.0,0.0,0.4755889820082617,0.23779449100413086,0.22898697529154774,0.2325108866646092,0.23776987280911022,0.24322700435781028,0.24684880295978573,0.0,True,,False,,True,10000,20260808,True,split_normal_in_log_mbh,0.12,0.12,False
v3-shared-science,v3-dataset-catalogue,physical_object,HZA-J0229M0808-BHAE-1,J0229M0808BHAE1_lin24,HZA-J0229M0808-BHAE-1,J0229M0808-BHAE-1,lin24_aspire_blagn,broad_line_agn,4.3653,2.0,30.0,0.1,1.0,strong_super_eddington,3.0,0.0,0.4755889820082617,0.15852966066942056,0.1526579835276985,0.15500725777640614,0.1585132485394068,0.1621513362385402,0.16456586863985714,0.0,True,,False,,True,10000,20260808,True,split_normal_in_log_mbh,0.12,0.12,False
v3-shared-science,v3-dataset-catalogue,physical_object,HZA-J0229M0808-BHAE-2,J0229M0808BHAE2_lin24,HZA-J0229M0808-BHAE-2,J0229M0808-BHAE-2,lin24_aspire_blagn,broad_line_agn,5.0369,2.0,30.0,0.1,1.0,eddington,1.0,0.0,0.6203272541303377,0.6203272541303377,0.5934748843726757,0.604286247708184,0.6199248571148408,0.6365121170277394,0.6467481136683821,0.0,True,,False,,True,10000,20260808,True,split_normal_in_log_mbh,0.15,0.15,False
v3-shared-science,v3-dataset-catalogue,physical_object,HZA-J0229M0808-BHAE-2,J0229M0808BHAE2_lin24,HZA-J0229M0808-BHAE-2,J0229M0808-BHAE-2,lin24_aspire_blagn,broad_line_agn,5.0369,2.0,30.0,0.1,1.0,moderate_super_eddington,2.0,0.0,0.6203272541303377,0.31016362706516887,0.29673744218633785,0.302143123854092,0.3099624285574204,0.3182560585138697,0.32337405683419107,0.0,True,,False,,True,10000,20260808,True,split_normal_in_log_mbh,0.15,0.15,False
v3-shared-science,v3-dataset-catalogue,physical_object,HZA-J0229M0808-BHAE-2,J0229M0808BHAE2_lin24,HZA-J0229M0808-BHAE-2,J0229M0808-BHAE-2,lin24_aspire_blagn,broad_line_agn,5.0369,2.0,30.0,0.1,1.0,strong_super_eddington,3.0,0.0,0.6203272541303377,0.20677575137677925,0.19782496145755857,0.20142874923606133,0.20664161903828027,0.21217070567591312,0.21558270455612738,0.0,True,,False,,True,10000,20260808,True,split_normal_in_log_mbh,0.15,0.15,False
v3-shared-science,v3-dataset-catalogue,physical_object,HZA-J0430M1445-BHAE-1,J0430M1445BHAE1_lin24,HZA-J0430M1445-BHAE-1,J0430M1445-BHAE-1,lin24_aspire_blagn,broad_line_agn,4.0947,2.0,30.0,0.1,1.0,eddington,1.0,0.0,0.47150441430022033,0.47150441430022033,0.4661992377264361,0.4683619143870668,0.47154331463488913,0.47478384778810306,0.4769600555833352,0.0,True,,False,,True,10000,20260808,True,split_normal_in_log_mbh,0.04,0.04,False
v3-shared-science,v3-dataset-catalogue,physical_object,HZA-J0430M1445-BHAE-1,J0430M1445BHAE1_lin24,HZA-J0430M1445-BHAE-1,J0430M1445-BHAE-1,lin24_aspire_blagn,broad_line_agn,4.0947,2.0,30.0,0.1,1.0,moderate_super_eddington,2.0,0.0,0.47150441430022033,0.23575220715011017,0.23309961886321806,0.2341809571935334,0.23577165731744457,0.23739192389405153,0.2384800277916676,0.0,True,,False,,True,10000,20260808,True,split_normal_in_log_mbh,0.04,0.04,False
v3-shared-science,v3-dataset-catalogue,physical_object,HZA-J0430M1445-BHAE-1,J0430M1445BHAE1_lin24,HZA-J0430M1445-BHAE-1,J0430M1445-BHAE-1,lin24_aspire_blagn,broad_line_agn,4.0947,2.0,30.0,0.1,1.0,strong_super_eddington,3.0,0.0,0.47150441430022033,0.15716813810007343,0.15539974590881203,0.15612063812902227,0.15718110487829637,0.15826128259603436,0.1589866851944451,0.0,True,,False,,True,10000,20260808,True,split_normal_in_log_mbh,0.04,0.04,False
v3-shared-science,v3-dataset-catalogue,physical_object,HZA-J0910M0414-BHAE-1,J0910M0414BHAE1_lin24,HZA-J0910M0414-BHAE-1,J0910M0414-BHAE-1,lin24_aspire_blagn,broad_line_agn,4.9102,2.0,30.0,0.1,1.0,eddington,1.0,0.0,0.6222507640065763,0.6222507640065763,0.5999090253814539,0.609051316564992,0.6223086653617899,0.6358755703161723,0.6448744979959227,0.0,True,,False,,True,10000,20260808,True,split_normal_in_log_mbh,0.13,0.13,False
v3-shared-science,v3-dataset-catalogue,physical_object,HZA-J0910M0414-BHAE-1,J0910M0414BHAE1_lin24,HZA-J0910M0414-BHAE-1,J0910M0414-BHAE-1,lin24_aspire_blagn,broad_line_agn,4.9102,2.0,30.0,0.1,1.0,moderate_super_eddington,2.0,0.0,0.6222507640065763,0.31112538200328815,0.2999545126907269,0.304525658282496,0.31115433268089493,0.31793778515808613,0.32243724899796133,0.0,True,,False,,True,10000,20260808,True,split_normal_in_log_mbh,0.13,0.13,False
v3-shared-science,v3-dataset-catalogue,physical_object,HZA-J0910M0414-BHAE-1,J0910M0414BHAE1_lin24,HZA-J0910M0414-BHAE-1,J0910M0414-BHAE-1,lin24_aspire_blagn,broad_line_agn,4.9102,2.0,30.0,0.1,1.0,strong_super_eddington,3.0,0.0,0.6222507640065763,0.20741692133552544,0.1999696751271513,0.203017105521664,0.2074362217872633,0.2119585234387241,0.2149581659986409,0.0,True,,False,,True,10000,20260808,True,split_normal_in_log_mbh,0.13,0.13,False
v3-shared-science,v3-dataset-catalogue,physical_object,HZA-J0923P0402-BHAE-1,J0923P0402BHAE1_lin24,HZA-J0923P0402-BHAE-1,J0923P0402-BHAE-1,lin24_aspire_blagn,broad_line_agn,4.8688,2.0,30.0,0.1,1.0,eddington,1.0,0.0,0.6079125973182067,0.6079125973182067,0.592327195213098,0.5987269390202364,0.6080244861278814,0.6173664748613407,0.6232164721552478,0.0,True,,False,,True,10000,20260808,True,split_normal_in_log_mbh,0.09,0.09,False
v3-shared-science,v3-dataset-catalogue,physical_object,HZA-J0923P0402-BHAE-1,J0923P0402BHAE1_lin24,HZA-J0923P0402-BHAE-1,J0923P0402-BHAE-1,lin24_aspire_blagn,broad_line_agn,4.8688,2.0,30.0,0.1,1.0,moderate_super_eddington,2.0,0.0,0.6079125973182067,0.30395629865910334,0.296163597606549,0.2993634695101182,0.3040122430639407,0.30868323743067033,0.3116082360776239,0.0,True,,False,,True,10000,20260808,True,split_normal_in_log_mbh,0.09,0.09,False
v3-shared-science,v3-dataset-catalogue,physical_object,HZA-J0923P0402-BHAE-1,J0923P0402BHAE1_lin24,HZA-J0923P0402-BHAE-1,J0923P0402-BHAE-1,lin24_aspire_blagn,broad_line_agn,4.8688,2.0,30.0,0.1,1.0,strong_super_eddington,3.0,0.0,0.6079125973182067,0.20263753243940222,0.197442398404366,0.19957564634007882,0.20267482870929382,0.20578882495378023,0.20773882405174926,0.0,True,,False,,True,10000,20260808,True,split_normal_in_log_mbh,0.09,0.09,False
v3-shared-science,v3-dataset-catalogue,physical_object,HZA-J1120-14389,J112014389_matthee23,HZA-J1120-14389,J1120-14389,matthee23_eiger_fresco_blagn,broad_line_agn,4.897,2.0,30.0,0.1,1.0,eddington,1.0,0.0,0.5897176795115445,0.5897176795115445,0.5775545388519465,0.5822941153923836,0.5896381399412947,0.596814781205684,0.6019402666656067,0.0,True,,False,,True,10000,20260808,True,split_normal_in_log_mbh,0.07,0.07,False
v3-shared-science,v3-dataset-catalogue,physical_object,HZA-J1120-14389,J112014389_matthee23,HZA-J1120-14389,J1120-14389,matthee23_eiger_fresco_blagn,broad_line_agn,4.897,2.0,30.0,0.1,1.0,moderate_super_eddington,2.0,0.0,0.5897176795115445,0.29485883975577226,0.28877726942597326,0.2911470576961918,0.29481906997064733,0.298407390602842,0.30097013333280337,0.0,True,,False,,True,10000,20260808,True,split_normal_in_log_mbh,0.07,0.07,False
v3-shared-science,v3-dataset-catalogue,physical_object,HZA-J1120-14389,J112014389_matthee23,HZA-J1120-14389,J1120-14389,matthee23_eiger_fresco_blagn,broad_line_agn,4.897,2.0,30.0,0.1,1.0,strong_super_eddington,3.0,0.0,0.5897176795115445,0.1965725598371815,0.19251817961731552,0.19409803846412788,0.19654604664709818,0.19893826040189466,0.20064675555520226,0.0,True,,False,,True,10000,20260808,True,split_normal_in_log_mbh,0.07,0.07,False
v3-shared-science,v3-dataset-catalogue,physical_object,HZA-J1120-7546,J11207546_matthee23,HZA-J1120-7546,J1120-7546,matthee23_eiger_fresco_blagn,broad_line_agn,4.967,2.0,30.0,0.1,1.0,eddington,1.0,0.0,0.5916059218319842,0.5916059218319842,0.5726647032816845,0.5800805602743444,0.5916333667387639,0.6033223651344667,0.6107834927137744,0.0,True,,False,,True,10000,20260808,True,split_normal_in_log_mbh,0.11,0.11,False
v3-shared-science,v3-dataset-catalogue,physical_object,HZA-J1120-7546,J11207546_matthee23,HZA-J1120-7546,J1120-7546,matthee23_eiger_fresco_blagn,broad_line_agn,4.967,2.0,30.0,0.1,1.0,moderate_super_eddington,2.0,0.0,0.5916059218319842,0.2958029609159921,0.28633235164084225,0.2900402801371722,0.29581668336938194,0.30166118256723334,0.3053917463568872,0.0,True,,False,,True,10000,20260808,True,split_normal_in_log_mbh,0.11,0.11,False
v3-shared-science,v3-dataset-catalogue,physical_object,HZA-J1120-7546,J11207546_matthee23,HZA-J1120-7546,J1120-7546,matthee23_eiger_fresco_blagn,broad_line_agn,4.967,2.0,30.0,0.1,1.0,strong_super_eddington,3.0,0.0,0.5916059218319842,0.19720197394399475,0.19088823442722816,0.1933601867581148,0.19721112224625464,0.20110745504482225,0.20359449757125814,0.0,True,,False,,True,10000,20260808,True,split_normal_in_log_mbh,0.11,0.11,False
v3-shared-science,v3-dataset-catalogue,physical_object,HZA-J1148-18404,J114818404_matthee23,HZA-J1148-18404,J1148-18404,matthee23_eiger_fresco_blagn,broad_line_agn,5.011,2.0,30.0,0.1,1.0,eddington,1.0,0.0,0.6235190547868262,0.6235190547868262,0.5981309680051975,0.6081204154260399,0.6232456428502724,0.6385485132011456,0.6483565712965775,0.0,True,,False,,True,10000,20260808,True,split_normal_in_log_mbh,0.14,0.14,False
v3-shared-science,v3-dataset-catalogue,physical_object,HZA-J1148-18404,J114818404_matthee23,HZA-J1148-18404,J1148-18404,matthee23_eiger_fresco_blagn,broad_line_agn,5.011,2.0,30.0,0.1,1.0,moderate_super_eddington,2.0,0.0,0.6235190547868262,0.3117595273934131,0.29906548400259875,0.30406020771301995,0.3116228214251362,0.3192742566005728,0.32417828564828877,0.0,True,,False,,True,10000,20260808,True,split_normal_in_log_mbh,0.14,0.14,False
v3-shared-science,v3-dataset-catalogue,physical_object,HZA-J1148-18404,J114818404_matthee23,HZA-J1148-18404,J1148-18404,matthee23_eiger_fresco_blagn,broad_line_agn,5.011,2.0,30.0,0.1,1.0,strong_super_eddington,3.0,0.0,0.6235190547868262,0.2078396849289421,0.19937698933506584,0.20270680514201328,0.20774854761675743,0.21284950440038186,0.2161188570988592,0.0,True,,False,,True,10000,20260808,True,split_normal_in_log_mbh,0.14,0.14,False
v3-shared-science,v3-dataset-catalogue,physical_object,HZA-J1148-21787,J114821787_matthee23,HZA-J1148-21787,J1148-21787,matthee23_eiger_fresco_blagn,broad_line_agn,4.277,2.0,30.0,0.1,1.0,eddington,1.0,0.0,0.4874884970106959,0.4874884970106959,0.4616211274318273,0.47189646891491766,0.48767454848660563,0.5030013355298827,0.5133601275676178,0.0,True,,False,,True,10000,20260808,True,split_normal_in_log_mbh,0.18,0.18,False
v3-shared-science,v3-dataset-catalogue,physical_object,HZA-J1148-21787,J114821787_matthee23,HZA-J1148-21787,J1148-21787,matthee23_eiger_fresco_blagn,broad_line_agn,4.277,2.0,30.0,0.1,1.0,moderate_super_eddington,2.0,0.0,0.4874884970106959,0.24374424850534795,0.23081056371591366,0.23594823445745883,0.24383727424330282,0.25150066776494134,0.2566800637838089,0.0,True,,False,,True,10000,20260808,True,split_normal_in_log_mbh,0.18,0.18,False
v3-shared-science,v3-dataset-catalogue,physical_object,HZA-J1148-21787,J114821787_matthee23,HZA-J1148-21787,J1148-21787,matthee23_eiger_fresco_blagn,broad_line_agn,4.277,2.0,30.0,0.1,1.0,strong_super_eddington,3.0,0.0,0.4874884970106959,0.16249616567023198,0.15387370914394244,0.15729882297163922,0.16255818282886855,0.16766711184329422,0.1711200425225393,0.0,True,,False,,True,10000,20260808,True,split_normal_in_log_mbh,0.18,0.18,False
v3-shared-science,v3-dataset-catalogue,physical_object,HZA-J1148-7111,J11487111_matthee23,HZA-J1148-7111,J1148-7111,matthee23_eiger_fresco_blagn,broad_line_agn,4.339,2.0,30.0,0.1,1.0,eddington,1.0,0.0,0.526048711864607,0.526048711864607,0.5112710773070808,0.5170228418238018,0.5260601292158309,0.5348137659044278,0.5406323784511394,0.0,True,,False,,True,10000,20260808,True,split_normal_in_log_mbh,0.1,0.1,False
v3-shared-science,v3-dataset-catalogue,physical_object,HZA-J1148-7111,J11487111_matthee23,HZA-J1148-7111,J1148-7111,matthee23_eiger_fresco_blagn,broad_line_agn,4.339,2.0,30.0,0.1,1.0,moderate_super_eddington,2.0,0.0,0.526048711864607,0.2630243559323035,0.2556355386535404,0.2585114209119009,0.26303006460791545,0.2674068829522139,0.2703161892255697,0.0,True,,False,,True,10000,20260808,True,split_normal_in_log_mbh,0.1,0.1,False
v3-shared-science,v3-dataset-catalogue,physical_object,HZA-J1148-7111,J11487111_matthee23,HZA-J1148-7111,J1148-7111,matthee23_eiger_fresco_blagn,broad_line_agn,4.339,2.0,30.0,0.1,1.0,strong_super_eddington,3.0,0.0,0.526048711864607,0.17534957062153567,0.1704236924356936,0.1723409472746006,0.17535337640527693,0.1782712553014759,0.1802107928170465,0.0,True,,False,,True,10000,20260808,True,split_normal_in_log_mbh,0.1,0.1,False
v3-shared-science,v3-dataset-catalogue,physical_object,HZA-J1526M2050-BHAE-1,J1526M2050BHAE1_lin24,HZA-J1526M2050-BHAE-1,J1526M2050-BHAE-1,lin24_aspire_blagn,broad_line_agn,4.1573,2.0,30.0,0.1,1.0,eddington,1.0,0.0,0.4917348866094347,0.4917348866094347,0.47781744628690515,0.4833632675716419,0.49176321793069905,0.5000898919570204,0.5056472695692482,0.0,True,,False,,True,10000,20260808,True,split_normal_in_log_mbh,0.1,0.1,False
v3-shared-science,v3-dataset-catalogue,physical_object,HZA-J1526M2050-BHAE-1,J1526M2050BHAE1_lin24,HZA-J1526M2050-BHAE-1,J1526M2050-BHAE-1,lin24_aspire_blagn,broad_line_agn,4.1573,2.0,30.0,0.1,1.0,moderate_super_eddington,2.0,0.0,0.4917348866094347,0.24586744330471735,0.23890872314345257,0.24168163378582094,0.24588160896534952,0.2500449459785102,0.2528236347846241,0.0,True,,False,,True,10000,20260808,True,split_normal_in_log_mbh,0.1,0.1,False
v3-shared-science,v3-dataset-catalogue,physical_object,HZA-J1526M2050-BHAE-1,J1526M2050BHAE1_lin24,HZA-J1526M2050-BHAE-1,J1526M2050-BHAE-1,lin24_aspire_blagn,broad_line_agn,4.1573,2.0,30.0,0.1,1.0,strong_super_eddington,3.0,0.0,0.4917348866094347,0.16391162886981156,0.15927248209563505,0.1611210891905473,0.16392107264356634,0.1666966306523401,0.1685490898564161,0.0,True,,False,,True,10000,20260808,True,split_normal_in_log_mbh,0.1,0.1,False
v3-shared-science,v3-dataset-catalogue,physical_object,HZA-J1526M2050-BHAE-2,J1526M2050BHAE2_lin24,HZA-J1526M2050-BHAE-2,J1526M2050-BHAE-2,lin24_aspire_blagn,broad_line_agn,4.8708,2.0,30.0,0.1,1.0,eddington,1.0,0.0,0.6289741623543484,0.6289741623543484,0.608543287716036,0.6165774557876015,0.6287368905421526,0.6411093793741492,0.6491305456219927,0.0,True,,False,,True,10000,20260808,True,split_normal_in_log_mbh,0.12,0.12,False
v3-shared-science,v3-dataset-catalogue,physical_object,HZA-J1526M2050-BHAE-2,J1526M2050BHAE2_lin24,HZA-J1526M2050-BHAE-2,J1526M2050-BHAE-2,lin24_aspire_blagn,broad_line_agn,4.8708,2.0,30.0,0.1,1.0,moderate_super_eddington,2.0,0.0,0.6289741623543484,0.3144870811771742,0.304271643858018,0.30828872789380074,0.3143684452710763,0.3205546896870746,0.32456527281099634,0.0,True,,False,,True,10000,20260808,True,split_normal_in_log_mbh,0.12,0.12,False
v3-shared-science,v3-dataset-catalogue,physical_object,HZA-J1526M2050-BHAE-2,J1526M2050BHAE2_lin24,HZA-J1526M2050-BHAE-2,J1526M2050-BHAE-2,lin24_aspire_blagn,broad_line_agn,4.8708,2.0,30.0,0.1,1.0,strong_super_eddington,3.0,0.0,0.6289741623543484,0.20965805411811614,0.20284776257201204,0.20552581859586713,0.20957896351405086,0.21370312645804976,0.21637684854066422,0.0,True,,False,,True,10000,20260808,True,split_normal_in_log_mbh,0.12,0.12,False
v3-shared-science,v3-dataset-catalogue,physical_object,HZA-J1526M2050-BHAE-3,J1526M2050BHAE3_lin24,HZA-J1526M2050-BHAE-3,J1526M2050-BHAE-3,lin24_aspire_blagn,broad_line_agn,4.8751,2.0,30.0,0.1,1.0,eddington,1.0,0.0,0.5633288743398293,0.5633288743398293,0.5114428913607934,0.532016853877767,0.5637442225121352,0.5960066272724972,0.6163365543499352,0.0,True,,False,,True,10000,20260808,True,split_normal_in_log_mbh,0.31,0.31,False
v3-shared-science,v3-dataset-catalogue,physical_object,HZA-J1526M2050-BHAE-3,J1526M2050BHAE3_lin24,HZA-J1526M2050-BHAE-3,J1526M2050-BHAE-3,lin24_aspire_blagn,broad_line_agn,4.8751,2.0,30.0,0.1,1.0,moderate_super_eddington,2.0,0.0,0.5633288743398293,0.2816644371699146,0.2557214456803967,0.2660084269388835,0.2818721112560676,0.2980033136362486,0.3081682771749676,0.0,True,,False,,True,10000,20260808,True,split_normal_in_log_mbh,0.31,0.31,False
v3-shared-science,v3-dataset-catalogue,physical_object,HZA-J1526M2050-BHAE-3,J1526M2050BHAE3_lin24,HZA-J1526M2050-BHAE-3,J1526M2050-BHAE-3,lin24_aspire_blagn,broad_line_agn,4.8751,2.0,30.0,0.1,1.0,strong_super_eddington,3.0,0.0,0.5633288743398293,0.18777629144660976,0.17048096378693112,0.17733895129258898,0.18791474083737839,0.19866887575749909,0.20544551811664505,0.0,True,,False,,True,10000,20260808,True,split_normal_in_log_mbh,0.31,0.31,False
v3-shared-science,v3-dataset-catalogue,physical_object,HZA-J2002M3013-BHAE-1,J2002M3013BHAE1_lin24,HZA-J2002M3013-BHAE-1,J2002M3013-BHAE-1,lin24_aspire_blagn,broad_line_agn,4.9461,2.0,30.0,0.1,1.0,eddington,1.0,0.0,0.6040960093951534,0.6040960093951534,0.5900334996676985,0.5958049419159189,0.604185130796771,0.6125088235007493,0.6178510991275779,0.0,True,,False,,True,10000,20260808,True,split_normal_in_log_mbh,0.08,0.08,False
v3-shared-science,v3-dataset-catalogue,physical_object,HZA-J2002M3013-BHAE-1,J2002M3013BHAE1_lin24,HZA-J2002M3013-BHAE-1,J2002M3013-BHAE-1,lin24_aspire_blagn,broad_line_agn,4.9461,2.0,30.0,0.1,1.0,moderate_super_eddington,2.0,0.0,0.6040960093951534,0.3020480046975767,0.29501674983384923,0.29790247095795946,0.3020925653983855,0.30625441175037466,0.3089255495637889,0.0,True,,False,,True,10000,20260808,True,split_normal_in_log_mbh,0.08,0.08,False
v3-shared-science,v3-dataset-catalogue,physical_object,HZA-J2002M3013-BHAE-1,J2002M3013BHAE1_lin24,HZA-J2002M3013-BHAE-1,J2002M3013-BHAE-1,lin24_aspire_blagn,broad_line_agn,4.9461,2.0,30.0,0.1,1.0,strong_super_eddington,3.0,0.0,0.6040960093951534,0.20136533646505114,0.19667783322256616,0.1986016473053063,0.20139504359892368,0.2041696078335831,0.20595036637585928,0.0,True,,False,,True,10000,20260808,True,split_normal_in_log_mbh,0.08,0.08,False
v3-shared-science,v3-dataset-catalogue,physical_object,HZA-J2132P1217-BHAE-1,J2132P1217BHAE1_lin24,HZA-J2132P1217-BHAE-1,J2132P1217-BHAE-1,lin24_aspire_blagn,broad_line_agn,4.925,2.0,30.0,0.1,1.0,eddington,1.0,0.0,0.5374913953093066,0.5374913953093066,0.5167483630433636,0.5251821772313375,0.5378052285298816,0.5498284398978546,0.558446757123508,0.0,True,,False,,True,10000,20260808,True,split_normal_in_log_mbh,0.12,0.12,False
v3-shared-science,v3-dataset-catalogue,physical_object,HZA-J2132P1217-BHAE-1,J2132P1217BHAE1_lin24,HZA-J2132P1217-BHAE-1,J2132P1217-BHAE-1,lin24_aspire_blagn,broad_line_agn,4.925,2.0,30.0,0.1,1.0,moderate_super_eddington,2.0,0.0,0.5374913953093066,0.2687456976546533,0.2583741815216818,0.26259108861566877,0.2689026142649408,0.2749142199489273,0.279223378561754,0.0,True,,False,,True,10000,20260808,True,split_normal_in_log_mbh,0.12,0.12,False
v3-shared-science,v3-dataset-catalogue,physical_object,HZA-J2132P1217-BHAE-1,J2132P1217BHAE1_lin24,HZA-J2132P1217-BHAE-1,J2132P1217-BHAE-1,lin24_aspire_blagn,broad_line_agn,4.925,2.0,30.0,0.1,1.0,strong_super_eddington,3.0,0.0,0.5374913953093066,0.1791637984364355,0.17224945434778785,0.17506072574377918,0.1792684095099605,0.18327614663261818,0.18614891904116934,0.0,True,,False,,True,10000,20260808,True,split_normal_in_log_mbh,0.12,0.12,False
v3-shared-science,v3-dataset-catalogue,physical_object,HZA-J2232P2930-BHAE-1,J2232P2930BHAE1_lin24,HZA-J2232P2930-BHAE-1,J2232P2930-BHAE-1,lin24_aspire_blagn,broad_line_agn,4.1349,2.0,30.0,0.1,1.0,eddington,1.0,0.0,0.48832068942645634,0.48832068942645634,0.4717724277438625,0.4783468849181035,0.4885773821126288,0.49832101296806863,0.5050777402755638,0.0,True,,False,,True,10000,20260808,True,split_normal_in_log_mbh,0.12,0.12,False
v3-shared-science,v3-dataset-catalogue,physical_object,HZA-J2232P2930-BHAE-1,J2232P2930BHAE1_lin24,HZA-J2232P2930-BHAE-1,J2232P2930-BHAE-1,lin24_aspire_blagn,broad_line_agn,4.1349,2.0,30.0,0.1,1.0,moderate_super_eddington,2.0,0.0,0.48832068942645634,0.24416034471322817,0.23588621387193126,0.23917344245905175,0.2442886910563144,0.24916050648403432,0.2525388701377819,0.0,True,,False,,True,10000,20260808,True,split_normal_in_log_mbh,0.12,0.12,False
v3-shared-science,v3-dataset-catalogue,physical_object,HZA-J2232P2930-BHAE-1,J2232P2930BHAE1_lin24,HZA-J2232P2930-BHAE-1,J2232P2930-BHAE-1,lin24_aspire_blagn,broad_line_agn,4.1349,2.0,30.0,0.1,1.0,strong_super_eddington,3.0,0.0,0.48832068942645634,0.1627735631421521,0.15725747591462083,0.15944896163936784,0.16285912737087627,0.16610700432268954,0.16835924675852126,0.0,True,,False,,True,10000,20260808,True,split_normal_in_log_mbh,0.12,0.12,False
v3-shared-science,v3-dataset-catalogue,physical_object,HZA-J2232P2930-BHAE-2,J2232P2930BHAE2_lin24,HZA-J2232P2930-BHAE-2,J2232P2930-BHAE-2,lin24_aspire_blagn,broad_line_agn,4.4693,2.0,30.0,0.1,1.0,eddington,1.0,0.0,0.44156926342816816,0.44156926342816816,0.42186910347661166,0.42969660196133086,0.44163585288570595,0.45380034242209394,0.46171834665616124,0.0,True,,False,,True,10000,20260808,True,split_normal_in_log_mbh,0.13,0.13,False
v3-shared-science,v3-dataset-catalogue,physical_object,HZA-J2232P2930-BHAE-2,J2232P2930BHAE2_lin24,HZA-J2232P2930-BHAE-2,J2232P2930-BHAE-2,lin24_aspire_blagn,broad_line_agn,4.4693,2.0,30.0,0.1,1.0,moderate_super_eddington,2.0,0.0,0.44156926342816816,0.22078463171408408,0.21093455173830583,0.21484830098066543,0.22081792644285297,0.22690017121104697,0.23085917332808062,0.0,True,,False,,True,10000,20260808,True,split_normal_in_log_mbh,0.13,0.13,False
v3-shared-science,v3-dataset-catalogue,physical_object,HZA-J2232P2930-BHAE-2,J2232P2930BHAE2_lin24,HZA-J2232P2930-BHAE-2,J2232P2930-BHAE-2,lin24_aspire_blagn,broad_line_agn,4.4693,2.0,30.0,0.1,1.0,strong_super_eddington,3.0,0.0,0.44156926342816816,0.14718975447605606,0.1406230344922039,0.14323220065377695,0.14721195096190198,0.15126678080736464,0.15390611555205375,0.0,True,,False,,True,10000,20260808,True,split_normal_in_log_mbh,0.13,0.13,False
v3-shared-science,v3-dataset-catalogue,physical_object,HZA-J2232P2930-BHAE-3,J2232P2930BHAE3_lin24,HZA-J2232P2930-BHAE-3,J2232P2930-BHAE-3,lin24_aspire_blagn,broad_line_agn,4.7061,2.0,30.0,0.1,1.0,eddington,1.0,0.0,0.5253472499776681,0.5253472499776681,0.4893822074880196,0.5036747359293171,0.5252458200432291,0.5471096832257624,0.5605311205458288,0.0,True,,False,,True,10000,20260808,True,split_normal_in_log_mbh,0.22,0.22,False
v3-shared-science,v3-dataset-catalogue,physical_object,HZA-J2232P2930-BHAE-3,J2232P2930BHAE3_lin24,HZA-J2232P2930-BHAE-3,J2232P2930-BHAE-3,lin24_aspire_blagn,broad_line_agn,4.7061,2.0,30.0,0.1,1.0,moderate_super_eddington,2.0,0.0,0.5253472499776681,0.26267362498883406,0.2446911037440098,0.25183736796465855,0.26262291002161453,0.2735548416128812,0.2802655602729144,0.0,True,,False,,True,10000,20260808,True,split_normal_in_log_mbh,0.22,0.22,False
v3-shared-science,v3-dataset-catalogue,physical_object,HZA-J2232P2930-BHAE-3,J2232P2930BHAE3_lin24,HZA-J2232P2930-BHAE-3,J2232P2930-BHAE-3,lin24_aspire_blagn,broad_line_agn,4.7061,2.0,30.0,0.1,1.0,strong_super_eddington,3.0,0.0,0.5253472499776681,0.17511574999255605,0.16312740249600655,0.1678915786431057,0.1750819400144097,0.18236989440858747,0.1868437068486096,0.0,True,,False,,True,10000,20260808,True,split_normal_in_log_mbh,0.22,0.22,False
v3-shared-science,v3-dataset-catalogue,physical_object,HZA-RUBIES-EGS-13872,RUBIESEGS13872_taylor24,HZA-RUBIES-EGS-13872,RUBIES-EGS-13872,taylor24_ceers_rubies_blagn,broad_line_agn,5.262,2.0,30.0,0.1,1.0,eddington,1.0,0.0,0.5458654788973998,0.5458654788973998,0.49210089624296954,0.5136365001115124,0.5458145632276792,0.572915401401387,0.5897143558117077,0.0,True,,False,,True,10000,20260808,True,split_normal_in_log_mbh,0.23,0.28,False
v3-shared-science,v3-dataset-catalogue,physical_object,HZA-RUBIES-EGS-13872,RUBIESEGS13872_taylor24,HZA-RUBIES-EGS-13872,RUBIES-EGS-13872,taylor24_ceers_rubies_blagn,broad_line_agn,5.262,2.0,30.0,0.1,1.0,moderate_super_eddington,2.0,0.0,0.5458654788973998,0.2729327394486999,0.24605044812148477,0.2568182500557562,0.2729072816138396,0.2864577007006935,0.29485717790585386,0.0,True,,False,,True,10000,20260808,True,split_normal_in_log_mbh,0.23,0.28,False
v3-shared-science,v3-dataset-catalogue,physical_object,HZA-RUBIES-EGS-13872,RUBIESEGS13872_taylor24,HZA-RUBIES-EGS-13872,RUBIES-EGS-13872,taylor24_ceers_rubies_blagn,broad_line_agn,5.262,2.0,30.0,0.1,1.0,strong_super_eddington,3.0,0.0,0.5458654788973998,0.18195515963246658,0.16403363208098984,0.17121216670383746,0.1819381877425597,0.190971800467129,0.19657145193723588,0.0,True,,False,,True,10000,20260808,True,split_normal_in_log_mbh,0.23,0.28,False
v3-shared-science,v3-dataset-catalogue,physical_object,HZA-RUBIES-EGS-17146,RUBIESEGS17146_taylor24,HZA-RUBIES-EGS-17146,RUBIES-EGS-17146,taylor24_ceers_rubies_blagn,broad_line_agn,5.0,2.0,30.0,0.1,1.0,eddington,1.0,0.0,0.4938882438220872,0.4938882438220872,0.46731475987964816,0.47784349211441096,0.4936707593963994,0.5204703910459683,0.5382608692269542,0.0,True,,False,,True,10000,20260808,True,split_normal_in_log_mbh,0.25,0.15,False
v3-shared-science,v3-dataset-catalogue,physical_object,HZA-RUBIES-EGS-17146,RUBIESEGS17146_taylor24,HZA-RUBIES-EGS-17146,RUBIES-EGS-17146,taylor24_ceers_rubies_blagn,broad_line_agn,5.0,2.0,30.0,0.1,1.0,moderate_super_eddington,2.0,0.0,0.4938882438220872,0.2469441219110436,0.23365737993982408,0.23892174605720548,0.2468353796981997,0.26023519552298413,0.2691304346134771,0.0,True,,False,,True,10000,20260808,True,split_normal_in_log_mbh,0.25,0.15,False
v3-shared-science,v3-dataset-catalogue,physical_object,HZA-RUBIES-EGS-17146,RUBIESEGS17146_taylor24,HZA-RUBIES-EGS-17146,RUBIES-EGS-17146,taylor24_ceers_rubies_blagn,broad_line_agn,5.0,2.0,30.0,0.1,1.0,strong_super_eddington,3.0,0.0,0.4938882438220872,0.16462941460736238,0.15577158662654939,0.159281164038137,0.16455691979879977,0.1734901303486561,0.17942028974231805,0.0,True,,False,,True,10000,20260808,True,split_normal_in_log_mbh,0.25,0.15,False
v3-shared-science,v3-dataset-catalogue,physical_object,HZA-RUBIES-EGS-28812,RUBIESEGS28812_taylor24,HZA-RUBIES-EGS-28812,RUBIES-EGS-28812,taylor24_ceers_rubies_blagn,broad_line_agn,4.222,2.0,30.0,0.1,1.0,eddington,1.0,0.0,0.45878031356263693,0.45878031356263693,0.45322696085922,0.455445323327621,0.4588894827381609,0.4622306786631568,0.4645518395733971,0.0,True,,False,,True,10000,20260808,True,split_normal_in_log_mbh,0.04,0.04,False
v3-shared-science,v3-dataset-catalogue,physical_object,HZA-RUBIES-EGS-28812,RUBIESEGS28812_taylor24,HZA-RUBIES-EGS-28812,RUBIES-EGS-28812,taylor24_ceers_rubies_blagn,broad_line_agn,4.222,2.0,30.0,0.1,1.0,moderate_super_eddington,2.0,0.0,0.45878031356263693,0.22939015678131847,0.22661348042961,0.2277226616638105,0.22944474136908044,0.2311153393315784,0.23227591978669854,0.0,True,,False,,True,10000,20260808,True,split_normal_in_log_mbh,0.04,0.04,False
v3-shared-science,v3-dataset-catalogue,physical_object,HZA-RUBIES-EGS-28812,RUBIESEGS28812_taylor24,HZA-RUBIES-EGS-28812,RUBIES-EGS-28812,taylor24_ceers_rubies_blagn,broad_line_agn,4.222,2.0,30.0,0.1,1.0,strong_super_eddington,3.0,0.0,0.45878031356263693,0.15292677118754563,0.15107565361973999,0.15181510777587368,0.1529631609127203,0.15407689288771895,0.15485061319113236,0.0,True,,False,,True,10000,20260808,True,split_normal_in_log_mbh,0.04,0.04,False
v3-shared-science,v3-dataset-catalogue,physical_object,HZA-RUBIES-EGS-29489,RUBIESEGS29489_taylor24,HZA-RUBIES-EGS-29489,RUBIES-EGS-29489,taylor24_ceers_rubies_blagn,broad_line_agn,4.543,2.0,30.0,0.1,1.0,eddington,1.0,0.0,0.5087987336955961,0.5087987336955961,0.4948235484230819,0.5003320802666263,0.5088475376571339,0.5163405559720194,0.5215087101122943,0.0,True,,False,,True,10000,20260808,True,split_normal_in_log_mbh,0.08,0.09,False
v3-shared-science,v3-dataset-catalogue,physical_object,HZA-RUBIES-EGS-29489,RUBIESEGS29489_taylor24,HZA-RUBIES-EGS-29489,RUBIES-EGS-29489,taylor24_ceers_rubies_blagn,broad_line_agn,4.543,2.0,30.0,0.1,1.0,moderate_super_eddington,2.0,0.0,0.5087987336955961,0.25439936684779807,0.24741177421154095,0.2501660401333132,0.25442376882856693,0.2581702779860097,0.26075435505614714,0.0,True,,False,,True,10000,20260808,True,split_normal_in_log_mbh,0.08,0.09,False
v3-shared-science,v3-dataset-catalogue,physical_object,HZA-RUBIES-EGS-29489,RUBIESEGS29489_taylor24,HZA-RUBIES-EGS-29489,RUBIES-EGS-29489,taylor24_ceers_rubies_blagn,broad_line_agn,4.543,2.0,30.0,0.1,1.0,strong_super_eddington,3.0,0.0,0.5087987336955961,0.16959957789853206,0.16494118280769396,0.16677736008887545,0.16961584588571127,0.1721135186573398,0.1738362367040981,0.0,True,,False,,True,10000,20260808,True,split_normal_in_log_mbh,0.08,0.09,False
v3-shared-science,v3-dataset-catalogue,physical_object,HZA-RUBIES-EGS-37124,RUBIESEGS37124_taylor24,HZA-RUBIES-EGS-37124,RUBIES-EGS-37124,taylor24_ceers_rubies_blagn,broad_line_agn,5.682,2.0,30.0,0.1,1.0,eddington,1.0,0.0,0.6641513697348731,0.6641513697348731,0.6406489141343404,0.6500357149148825,0.6640194893214568,0.679046022345775,0.6894156506949324,0.0,True,,False,,True,10000,20260808,True,split_normal_in_log_mbh,0.12,0.11,False
v3-shared-science,v3-dataset-catalogue,physical_object,HZA-RUBIES-EGS-37124,RUBIESEGS37124_taylor24,HZA-RUBIES-EGS-37124,RUBIES-EGS-37124,taylor24_ceers_rubies_blagn,broad_line_agn,5.682,2.0,30.0,0.1,1.0,moderate_super_eddington,2.0,0.0,0.6641513697348731,0.33207568486743655,0.3203244570671702,0.3250178574574413,0.3320097446607284,0.3395230111728875,0.3447078253474662,0.0,True,,False,,True,10000,20260808,True,split_normal_in_log_mbh,0.12,0.11,False
v3-shared-science,v3-dataset-catalogue,physical_object,HZA-RUBIES-EGS-37124,RUBIESEGS37124_taylor24,HZA-RUBIES-EGS-37124,RUBIES-EGS-37124,taylor24_ceers_rubies_blagn,broad_line_agn,5.682,2.0,30.0,0.1,1.0,strong_super_eddington,3.0,0.0,0.6641513697348731,0.22138378991162436,0.21354963804478017,0.21667857163829418,0.2213398297738189,0.22634867411525836,0.22980521689831082,0.0,True,,False,,True,10000,20260808,True,split_normal_in_log_mbh,0.12,0.11,False
v3-shared-science,v3-dataset-catalogue,physical_object,HZA-RUBIES-EGS-42046,RUBIESEGS42046_taylor24,HZA-RUBIES-EGS-42046,RUBIES-EGS-42046,taylor24_ceers_rubies_blagn,broad_line_agn,5.276,2.0,30.0,0.1,1.0,eddington,1.0,0.0,0.7281883631027115,0.7281883631027115,0.7242968089768482,0.7258933556189021,0.7282349693749439,0.730551159940327,0.7320590477753885,0.0,True,,False,,True,10000,20260808,True,split_normal_in_log_mbh,0.02,0.02,False
v3-shared-science,v3-dataset-catalogue,physical_object,HZA-RUBIES-EGS-42046,RUBIESEGS42046_taylor24,HZA-RUBIES-EGS-42046,RUBIES-EGS-42046,taylor24_ceers_rubies_blagn,broad_line_agn,5.276,2.0,30.0,0.1,1.0,moderate_super_eddington,2.0,0.0,0.7281883631027115,0.36409418155135576,0.3621484044884241,0.36294667780945106,0.36411748468747196,0.3652755799701635,0.3660295238876943,0.0,True,,False,,True,10000,20260808,True,split_normal_in_log_mbh,0.02,0.02,False
v3-shared-science,v3-dataset-catalogue,physical_object,HZA-RUBIES-EGS-42046,RUBIESEGS42046_taylor24,HZA-RUBIES-EGS-42046,RUBIES-EGS-42046,taylor24_ceers_rubies_blagn,broad_line_agn,5.276,2.0,30.0,0.1,1.0,strong_super_eddington,3.0,0.0,0.7281883631027115,0.2427294543675705,0.2414322696589494,0.24196445187296736,0.242744989791648,0.24351705331344234,0.24401968259179616,0.0,True,,False,,True,10000,20260808,True,split_normal_in_log_mbh,0.02,0.02,False
v3-shared-science,v3-dataset-catalogue,physical_object,HZA-RUBIES-EGS-42232,RUBIESEGS42232_taylor24,HZA-RUBIES-EGS-42232,RUBIES-EGS-42232,taylor24_ceers_rubies_blagn,broad_line_agn,4.954,2.0,30.0,0.1,1.0,eddington,1.0,0.0,0.6011656815933784,0.6011656815933784,0.5960111257648862,0.598044311241124,0.6011639554999695,0.605369113004276,0.6080488425999083,0.0,True,,False,,True,10000,20260808,True,split_normal_in_log_mbh,0.04,0.03,False
v3-shared-science,v3-dataset-catalogue,physical_object,HZA-RUBIES-EGS-42232,RUBIESEGS42232_taylor24,HZA-RUBIES-EGS-42232,RUBIES-EGS-42232,taylor24_ceers_rubies_blagn,broad_line_agn,4.954,2.0,30.0,0.1,1.0,moderate_super_eddington,2.0,0.0,0.6011656815933784,0.3005828407966892,0.2980055628824431,0.299022155620562,0.30058197774998474,0.302684556502138,0.30402442129995416,0.0,True,,False,,True,10000,20260808,True,split_normal_in_log_mbh,0.04,0.03,False
v3-shared-science,v3-dataset-catalogue,physical_object,HZA-RUBIES-EGS-42232,RUBIESEGS42232_taylor24,HZA-RUBIES-EGS-42232,RUBIES-EGS-42232,taylor24_ceers_rubies_blagn,broad_line_agn,4.954,2.0,30.0,0.1,1.0,strong_super_eddington,3.0,0.0,0.6011656815933784,0.2003885605311261,0.19867037525496206,0.19934810374704134,0.20038798516665648,0.20178970433475868,0.20268294753330277,0.0,True,,False,,True,10000,20260808,True,split_normal_in_log_mbh,0.04,0.03,False
v3-shared-science,v3-dataset-catalogue,physical_object,HZA-RUBIES-EGS-45599,RUBIESEGS45599_taylor24,HZA-RUBIES-EGS-45599,RUBIES-EGS-45599,taylor24_ceers_rubies_blagn,broad_line_agn,4.862,2.0,30.0,0.1,1.0,eddington,1.0,0.0,0.5023647274044402,0.5023647274044402,0.48043796365611535,0.48900433385631725,0.5022163794372538,0.5152835459738273,0.5238077602397527,0.0,True,,False,,True,10000,20260808,True,split_normal_in_log_mbh,0.13,0.13,False
v3-shared-science,v3-dataset-catalogue,physical_object,HZA-RUBIES-EGS-45599,RUBIESEGS45599_taylor24,HZA-RUBIES-EGS-45599,RUBIES-EGS-45599,taylor24_ceers_rubies_blagn,broad_line_agn,4.862,2.0,30.0,0.1,1.0,moderate_super_eddington,2.0,0.0,0.5023647274044402,0.2511823637022201,0.24021898182805768,0.24450216692815863,0.2511081897186269,0.25764177298691365,0.26190388011987636,0.0,True,,False,,True,10000,20260808,True,split_normal_in_log_mbh,0.13,0.13,False
v3-shared-science,v3-dataset-catalogue,physical_object,HZA-RUBIES-EGS-45599,RUBIESEGS45599_taylor24,HZA-RUBIES-EGS-45599,RUBIES-EGS-45599,taylor24_ceers_rubies_blagn,broad_line_agn,4.862,2.0,30.0,0.1,1.0,strong_super_eddington,3.0,0.0,0.5023647274044402,0.1674549091348134,0.1601459878853718,0.16300144461877242,0.16740545981241794,0.17176118199127577,0.17460258674658424,0.0,True,,False,,True,10000,20260808,True,split_normal_in_log_mbh,0.13,0.13,False
v3-shared-science,v3-dataset-catalogue,physical_object,HZA-RUBIES-EGS-46985,RUBIESEGS46985_taylor24,HZA-RUBIES-EGS-46985,RUBIES-EGS-46985,taylor24_ceers_rubies_blagn,broad_line_agn,4.963,2.0,30.0,0.1,1.0,eddington,1.0,0.0,0.5208086997235036,0.5208086997235036,0.48632073728778374,0.5004279188275631,0.5206465217839997,0.5429909071083152,0.5574319787213873,0.0,True,,False,,True,10000,20260808,True,split_normal_in_log_mbh,0.21,0.2,False
v3-shared-science,v3-dataset-catalogue,physical_object,HZA-RUBIES-EGS-46985,RUBIESEGS46985_taylor24,HZA-RUBIES-EGS-46985,RUBIES-EGS-46985,taylor24_ceers_rubies_blagn,broad_line_agn,4.963,2.0,30.0,0.1,1.0,moderate_super_eddington,2.0,0.0,0.5208086997235036,0.2604043498617518,0.24316036864389187,0.25021395941378155,0.26032326089199986,0.2714954535541576,0.27871598936069364,0.0,True,,False,,True,10000,20260808,True,split_normal_in_log_mbh,0.21,0.2,False
v3-shared-science,v3-dataset-catalogue,physical_object,HZA-RUBIES-EGS-46985,RUBIESEGS46985_taylor24,HZA-RUBIES-EGS-46985,RUBIES-EGS-46985,taylor24_ceers_rubies_blagn,broad_line_agn,4.963,2.0,30.0,0.1,1.0,strong_super_eddington,3.0,0.0,0.5208086997235036,0.17360289990783453,0.16210691242926126,0.16680930627585433,0.17354884059466658,0.18099696903610507,0.18581065957379575,0.0,True,,False,,True,10000,20260808,True,split_normal_in_log_mbh,0.21,0.2,False
v3-shared-science,v3-dataset-catalogue,physical_object,HZA-RUBIES-EGS-49140,RUBIESEGS49140_taylor24,HZA-RUBIES-EGS-49140,RUBIES-EGS-49140,taylor24_ceers_rubies_blagn,broad_line_agn,6.685,2.0,30.0,0.1,1.0,eddington,1.0,0.0,1.0158950168929186,1.0158950168929186,1.0132610278084622,1.0142866167202222,1.0158746756499433,1.019200401183955,1.0212491910221035,1.0,False,,False,,True,10000,20260808,True,split_normal_in_log_mbh,0.02,0.01,False
v3-shared-science,v3-dataset-catalogue,physical_object,HZA-RUBIES-EGS-49140,RUBIESEGS49140_taylor24,HZA-RUBIES-EGS-49140,RUBIES-EGS-49140,taylor24_ceers_rubies_blagn,broad_line_agn,6.685,2.0,30.0,0.1,1.0,moderate_super_eddington,2.0,0.0,1.0158950168929186,0.5079475084464593,0.5066305139042311,0.5071433083601111,0.5079373378249716,0.5096002005919775,0.5106245955110518,0.0,True,,False,,True,10000,20260808,True,split_normal_in_log_mbh,0.02,0.01,False
v3-shared-science,v3-dataset-catalogue,physical_object,HZA-RUBIES-EGS-49140,RUBIESEGS49140_taylor24,HZA-RUBIES-EGS-49140,RUBIES-EGS-49140,taylor24_ceers_rubies_blagn,broad_line_agn,6.685,2.0,30.0,0.1,1.0,strong_super_eddington,3.0,0.0,1.0158950168929186,0.3386316722976395,0.337753675936154,0.33809553890674077,0.33862489188331446,0.33973346706131835,0.34041639700736787,0.0,True,,False,,True,10000,20260808,True,split_normal_in_log_mbh,0.02,0.01,False
v3-shared-science,v3-dataset-catalogue,physical_object,HZA-RUBIES-EGS-60935,RUBIESEGS60935_taylor24,HZA-RUBIES-EGS-60935,RUBIES-EGS-60935,taylor24_ceers_rubies_blagn,broad_line_agn,5.287,2.0,30.0,0.1,1.0,eddington,1.0,0.0,0.645669392381483,0.645669392381483,0.6381297358755756,0.6410553844759231,0.6456871858516895,0.6503671053544617,0.6534540127126648,0.0,True,,False,,True,10000,20260808,True,split_normal_in_log_mbh,0.04,0.04,False
v3-shared-science,v3-dataset-catalogue,physical_object,HZA-RUBIES-EGS-60935,RUBIESEGS60935_taylor24,HZA-RUBIES-EGS-60935,RUBIES-EGS-60935,taylor24_ceers_rubies_blagn,broad_line_agn,5.287,2.0,30.0,0.1,1.0,moderate_super_eddington,2.0,0.0,0.645669392381483,0.3228346961907415,0.3190648679377878,0.32052769223796157,0.32284359292584475,0.32518355267723087,0.3267270063563324,0.0,True,,False,,True,10000,20260808,True,split_normal_in_log_mbh,0.04,0.04,False
v3-shared-science,v3-dataset-catalogue,physical_object,HZA-RUBIES-EGS-60935,RUBIESEGS60935_taylor24,HZA-RUBIES-EGS-60935,RUBIES-EGS-60935,taylor24_ceers_rubies_blagn,broad_line_agn,5.287,2.0,30.0,0.1,1.0,strong_super_eddington,3.0,0.0,0.645669392381483,0.21522313079382768,0.21270991195852518,0.21368512815864105,0.21522906195056316,0.21678903511815392,0.21781800423755496,0.0,True,,False,,True,10000,20260808,True,split_normal_in_log_mbh,0.04,0.04,False
v3-shared-science,v3-dataset-catalogue,physical_object,HZA-RUBIES-EGS-6411,RUBIESEGS6411_taylor24,HZA-RUBIES-EGS-6411,RUBIES-EGS-6411,taylor24_ceers_rubies_blagn,broad_line_agn,4.88,2.0,30.0,0.1,1.0,eddington,1.0,0.0,0.4664428988179659,0.4664428988179659,0.4395677428070371,0.45019661657313575,0.46665270878880155,0.4828617897858071,0.49368349342101625,0.0,True,,False,,True,10000,20260808,True,split_normal_in_log_mbh,0.16,0.16,False
v3-shared-science,v3-dataset-catalogue,physical_object,HZA-RUBIES-EGS-6411,RUBIESEGS6411_taylor24,HZA-RUBIES-EGS-6411,RUBIES-EGS-6411,taylor24_ceers_rubies_blagn,broad_line_agn,4.88,2.0,30.0,0.1,1.0,moderate_super_eddington,2.0,0.0,0.4664428988179659,0.23322144940898296,0.21978387140351854,0.22509830828656788,0.23332635439440078,0.24143089489290356,0.24684174671050813,0.0,True,,False,,True,10000,20260808,True,split_normal_in_log_mbh,0.16,0.16,False
v3-shared-science,v3-dataset-catalogue,physical_object,HZA-RUBIES-EGS-6411,RUBIESEGS6411_taylor24,HZA-RUBIES-EGS-6411,RUBIES-EGS-6411,taylor24_ceers_rubies_blagn,broad_line_agn,4.88,2.0,30.0,0.1,1.0,strong_super_eddington,3.0,0.0,0.4664428988179659,0.1554809662726553,0.14652258093567905,0.15006553885771193,0.1555509029296005,0.16095392992860236,0.16456116447367208,0.0,True,,False,,True,10000,20260808,True,split_normal_in_log_mbh,0.16,0.16,False
v3-shared-science,v3-dataset-catalogue,physical_object,HZA-RUBIES-EGS-926125,RUBIESEGS926125_taylor24,HZA-RUBIES-EGS-926125,RUBIES-EGS-926125,taylor24_ceers_rubies_blagn,broad_line_agn,5.284,2.0,30.0,0.1,1.0,eddington,1.0,0.0,0.620838400608624,0.620838400608624,0.611128892193636,0.6151100147280659,0.6208305318053611,0.6266075695322634,0.6301195499291657,0.0,True,,False,,True,10000,20260808,True,split_normal_in_log_mbh,0.05,0.05,False
v3-shared-science,v3-dataset-catalogue,physical_object,HZA-RUBIES-EGS-926125,RUBIESEGS926125_taylor24,HZA-RUBIES-EGS-926125,RUBIES-EGS-926125,taylor24_ceers_rubies_blagn,broad_line_agn,5.284,2.0,30.0,0.1,1.0,moderate_super_eddington,2.0,0.0,0.620838400608624,0.310419200304312,0.305564446096818,0.30755500736403296,0.31041526590268054,0.3133037847661317,0.3150597749645829,0.0,True,,False,,True,10000,20260808,True,split_normal_in_log_mbh,0.05,0.05,False
v3-shared-science,v3-dataset-catalogue,physical_object,HZA-RUBIES-EGS-926125,RUBIESEGS926125_taylor24,HZA-RUBIES-EGS-926125,RUBIES-EGS-926125,taylor24_ceers_rubies_blagn,broad_line_agn,5.284,2.0,30.0,0.1,1.0,strong_super_eddington,3.0,0.0,0.620838400608624,0.20694613353620803,0.203709630731212,0.20503667157602198,0.206943510601787,0.20886918984408778,0.2100398499763886,0.0,True,,False,,True,10000,20260808,True,split_normal_in_log_mbh,0.05,0.05,False
v3-shared-science,v3-dataset-catalogue,physical_object,HZA-RUBIES-UDS-119957,RUBIESUDS119957_taylor24,HZA-RUBIES-UDS-119957,RUBIES-UDS-119957,taylor24_ceers_rubies_blagn,broad_line_agn,4.149,2.0,30.0,0.1,1.0,eddington,1.0,0.0,0.4351336351300123,0.4351336351300123,0.4281801496631669,0.43097341434439396,0.4351179301671386,0.4399946956736663,0.4432158717621193,0.0,True,,False,,True,10000,20260808,True,split_normal_in_log_mbh,0.06,0.05,False
v3-shared-science,v3-dataset-catalogue,physical_object,HZA-RUBIES-UDS-119957,RUBIESUDS119957_taylor24,HZA-RUBIES-UDS-119957,RUBIES-UDS-119957,taylor24_ceers_rubies_blagn,broad_line_agn,4.149,2.0,30.0,0.1,1.0,moderate_super_eddington,2.0,0.0,0.4351336351300123,0.21756681756500615,0.21409007483158346,0.21548670717219698,0.2175589650835693,0.21999734783683314,0.22160793588105965,0.0,True,,False,,True,10000,20260808,True,split_normal_in_log_mbh,0.06,0.05,False
v3-shared-science,v3-dataset-catalogue,physical_object,HZA-RUBIES-UDS-119957,RUBIESUDS119957_taylor24,HZA-RUBIES-UDS-119957,RUBIES-UDS-119957,taylor24_ceers_rubies_blagn,broad_line_agn,4.149,2.0,30.0,0.1,1.0,strong_super_eddington,3.0,0.0,0.4351336351300123,0.14504454504333744,0.14272671655438898,0.14365780478146464,0.14503931005571288,0.14666489855788875,0.14773862392070644,0.0,True,,False,,True,10000,20260808,True,split_normal_in_log_mbh,0.06,0.05,False
v3-shared-science,v3-dataset-catalogue,physical_object,HZA-RUBIES-UDS-139709,RUBIESUDS139709_taylor24,HZA-RUBIES-UDS-139709,RUBIES-UDS-139709,taylor24_ceers_rubies_blagn,broad_line_agn,5.685,2.0,30.0,0.1,1.0,eddington,1.0,0.0,0.7544645467223257,0.7544645467223257,0.7395047875135398,0.7453996617950802,0.754429295451329,0.7635027680369496,0.7690699518033425,0.0,True,,False,,True,10000,20260808,True,split_normal_in_log_mbh,0.07,0.07,False
v3-shared-science,v3-dataset-catalogue,physical_object,HZA-RUBIES-UDS-139709,RUBIESUDS139709_taylor24,HZA-RUBIES-UDS-139709,RUBIES-UDS-139709,taylor24_ceers_rubies_blagn,broad_line_agn,5.685,2.0,30.0,0.1,1.0,moderate_super_eddington,2.0,0.0,0.7544645467223257,0.37723227336116283,0.3697523937567699,0.3726998308975401,0.3772146477256645,0.3817513840184748,0.38453497590167124,0.0,True,,False,,True,10000,20260808,True,split_normal_in_log_mbh,0.07,0.07,False
v3-shared-science,v3-dataset-catalogue,physical_object,HZA-RUBIES-UDS-139709,RUBIESUDS139709_taylor24,HZA-RUBIES-UDS-139709,RUBIES-UDS-139709,taylor24_ceers_rubies_blagn,broad_line_agn,5.685,2.0,30.0,0.1,1.0,strong_super_eddington,3.0,0.0,0.7544645467223257,0.25148818224077524,0.2465015958378466,0.2484665539316934,0.25147643181710966,0.25450092267898317,0.2563566506011142,0.0,True,,False,,True,10000,20260808,True,split_normal_in_log_mbh,0.07,0.07,False
v3-shared-science,v3-dataset-catalogue,physical_object,HZA-RUBIES-UDS-143683,RUBIESUDS143683_taylor24,HZA-RUBIES-UDS-143683,RUBIES-UDS-143683,taylor24_ceers_rubies_blagn,broad_line_agn,4.226,2.0,30.0,0.1,1.0,eddington,1.0,0.0,0.41298031460891477,0.41298031460891477,0.38582872824268105,0.3964743128133102,0.4128705944569048,0.42679787741262654,0.4356964563433636,0.0,True,,False,,True,10000,20260808,True,split_normal_in_log_mbh,0.16,0.19,False
v3-shared-science,v3-dataset-catalogue,physical_object,HZA-RUBIES-UDS-143683,RUBIESUDS143683_taylor24,HZA-RUBIES-UDS-143683,RUBIES-UDS-143683,taylor24_ceers_rubies_blagn,broad_line_agn,4.226,2.0,30.0,0.1,1.0,moderate_super_eddington,2.0,0.0,0.41298031460891477,0.20649015730445738,0.19291436412134053,0.1982371564066551,0.2064352972284524,0.21339893870631327,0.2178482281716818,0.0,True,,False,,True,10000,20260808,True,split_normal_in_log_mbh,0.16,0.19,False
v3-shared-science,v3-dataset-catalogue,physical_object,HZA-RUBIES-UDS-143683,RUBIESUDS143683_taylor24,HZA-RUBIES-UDS-143683,RUBIES-UDS-143683,taylor24_ceers_rubies_blagn,broad_line_agn,4.226,2.0,30.0,0.1,1.0,strong_super_eddington,3.0,0.0,0.41298031460891477,0.13766010486963826,0.12860957608089368,0.1321581042711034,0.13762353148563494,0.1422659591375422,0.14523215211445453,0.0,True,,False,,True,10000,20260808,True,split_normal_in_log_mbh,0.16,0.19,False
v3-shared-science,v3-dataset-catalogue,physical_object,HZA-RUBIES-UDS-155916,RUBIESUDS155916_taylor24,HZA-RUBIES-UDS-155916,RUBIES-UDS-155916,taylor24_ceers_rubies_blagn,broad_line_agn,4.098,2.0,30.0,0.1,1.0,eddington,1.0,0.0,0.4175320725407787,0.4175320725407787,0.4001564082567362,0.40719698634848234,0.41749685711051765,0.4263411078776633,0.43234332922604246,0.0,True,,False,,True,10000,20260808,True,split_normal_in_log_mbh,0.11,0.13,False
v3-shared-science,v3-dataset-catalogue,physical_object,HZA-RUBIES-UDS-155916,RUBIESUDS155916_taylor24,HZA-RUBIES-UDS-155916,RUBIES-UDS-155916,taylor24_ceers_rubies_blagn,broad_line_agn,4.098,2.0,30.0,0.1,1.0,moderate_super_eddington,2.0,0.0,0.4175320725407787,0.20876603627038934,0.2000782041283681,0.20359849317424117,0.20874842855525882,0.21317055393883164,0.21617166461302123,0.0,True,,False,,True,10000,20260808,True,split_normal_in_log_mbh,0.11,0.13,False
v3-shared-science,v3-dataset-catalogue,physical_object,HZA-RUBIES-UDS-155916,RUBIESUDS155916_taylor24,HZA-RUBIES-UDS-155916,RUBIES-UDS-155916,taylor24_ceers_rubies_blagn,broad_line_agn,4.098,2.0,30.0,0.1,1.0,strong_super_eddington,3.0,0.0,0.4175320725407787,0.1391773575135929,0.13338546941891208,0.13573232878282745,0.13916561903683922,0.14211370262588777,0.1441144430753475,0.0,True,,False,,True,10000,20260808,True,split_normal_in_log_mbh,0.11,0.13,False
v3-shared-science,v3-dataset-catalogue,physical_object,HZA-RUBIES-UDS-172350,RUBIESUDS172350_taylor24,HZA-RUBIES-UDS-172350,RUBIES-UDS-172350,taylor24_ceers_rubies_blagn,broad_line_agn,5.58,2.0,30.0,0.1,1.0,eddington,1.0,0.0,0.7098892624248124,0.7098892624248124,0.7016908637699346,0.7049809802629001,0.7100341643338086,0.7149271595173711,0.7183068527895943,0.0,True,,False,,True,10000,20260808,True,split_normal_in_log_mbh,0.04,0.04,False
v3-shared-science,v3-dataset-catalogue,physical_object,HZA-RUBIES-UDS-172350,RUBIESUDS172350_taylor24,HZA-RUBIES-UDS-172350,RUBIES-UDS-172350,taylor24_ceers_rubies_blagn,broad_line_agn,5.58,2.0,30.0,0.1,1.0,moderate_super_eddington,2.0,0.0,0.7098892624248124,0.3549446312124062,0.3508454318849673,0.35249049013145006,0.3550170821669043,0.35746357975868553,0.35915342639479714,0.0,True,,False,,True,10000,20260808,True,split_normal_in_log_mbh,0.04,0.04,False
v3-shared-science,v3-dataset-catalogue,physical_object,HZA-RUBIES-UDS-172350,RUBIESUDS172350_taylor24,HZA-RUBIES-UDS-172350,RUBIES-UDS-172350,taylor24_ceers_rubies_blagn,broad_line_agn,5.58,2.0,30.0,0.1,1.0,strong_super_eddington,3.0,0.0,0.7098892624248124,0.23662975414160414,0.23389695458997817,0.2349936600876334,0.23667805477793624,0.238309053172457,0.23943561759653142,0.0,True,,False,,True,10000,20260808,True,split_normal_in_log_mbh,0.04,0.04,False
v3-shared-science,v3-dataset-catalogue,physical_object,HZA-RUBIES-UDS-174752,RUBIESUDS174752_taylor24,HZA-RUBIES-UDS-174752,RUBIES-UDS-174752,taylor24_ceers_rubies_blagn,broad_line_agn,6.039,2.0,30.0,0.1,1.0,eddington,1.0,0.0,0.7356806631993589,0.7356806631993589,0.7175499161661444,0.7246619921460937,0.7357944923060915,0.7469209677271308,0.7539870763035004,0.0,True,,False,,True,10000,20260808,True,split_normal_in_log_mbh,0.08,0.08,False
v3-shared-science,v3-dataset-catalogue,physical_object,HZA-RUBIES-UDS-174752,RUBIESUDS174752_taylor24,HZA-RUBIES-UDS-174752,RUBIES-UDS-174752,taylor24_ceers_rubies_blagn,broad_line_agn,6.039,2.0,30.0,0.1,1.0,moderate_super_eddington,2.0,0.0,0.7356806631993589,0.36784033159967944,0.3587749580830722,0.36233099607304686,0.36789724615304575,0.3734604838635654,0.3769935381517502,0.0,True,,False,,True,10000,20260808,True,split_normal_in_log_mbh,0.08,0.08,False
v3-shared-science,v3-dataset-catalogue,physical_object,HZA-RUBIES-UDS-174752,RUBIESUDS174752_taylor24,HZA-RUBIES-UDS-174752,RUBIES-UDS-174752,taylor24_ceers_rubies_blagn,broad_line_agn,6.039,2.0,30.0,0.1,1.0,strong_super_eddington,3.0,0.0,0.7356806631993589,0.24522688773311963,0.2391833053887148,0.24155399738203126,0.24526483076869715,0.24897365590904358,0.25132902543450014,0.0,True,,False,,True,10000,20260808,True,split_normal_in_log_mbh,0.08,0.08,False
v3-shared-science,v3-dataset-catalogue,physical_object,HZA-RUBIES-UDS-182791,RUBIESUDS182791_taylor24,HZA-RUBIES-UDS-182791,RUBIES-UDS-182791,taylor24_ceers_rubies_blagn,broad_line_agn,4.718,2.0,30.0,0.1,1.0,eddington,1.0,0.0,0.6015792497775773,0.6015792497775773,0.5967480443441208,0.5985936388906424,0.6015125774635592,0.6045890076084428,0.6065502171562968,0.0,True,,False,,True,10000,20260808,True,split_normal_in_log_mbh,0.03,0.03,False
v3-shared-science,v3-dataset-catalogue,physical_object,HZA-RUBIES-UDS-182791,RUBIESUDS182791_taylor24,HZA-RUBIES-UDS-182791,RUBIES-UDS-182791,taylor24_ceers_rubies_blagn,broad_line_agn,4.718,2.0,30.0,0.1,1.0,moderate_super_eddington,2.0,0.0,0.6015792497775773,0.30078962488878863,0.2983740221720604,0.2992968194453212,0.3007562887317796,0.3022945038042214,0.3032751085781484,0.0,True,,False,,True,10000,20260808,True,split_normal_in_log_mbh,0.03,0.03,False
v3-shared-science,v3-dataset-catalogue,physical_object,HZA-RUBIES-UDS-182791,RUBIESUDS182791_taylor24,HZA-RUBIES-UDS-182791,RUBIES-UDS-182791,taylor24_ceers_rubies_blagn,broad_line_agn,4.718,2.0,30.0,0.1,1.0,strong_super_eddington,3.0,0.0,0.6015792497775773,0.20052641659252576,0.19891601478137358,0.19953121296354748,0.20050419248785306,0.20152966920281426,0.20218340571876559,0.0,True,,False,,True,10000,20260808,True,split_normal_in_log_mbh,0.03,0.03,False
v3-shared-science,v3-dataset-catalogue,physical_object,HZA-RUBIES-UDS-19484,RUBIESUDS19484_taylor24,HZA-RUBIES-UDS-19484,RUBIES-UDS-19484,taylor24_ceers_rubies_blagn,broad_line_agn,4.656,2.0,30.0,0.1,1.0,eddington,1.0,0.0,0.45059180164251067,0.45059180164251067,0.4154193768533846,0.4296194016617914,0.4506608918833055,0.4686212320129927,0.48048796784170456,0.0,True,,False,,True,10000,20260808,True,split_normal_in_log_mbh,0.19,0.22,False
v3-shared-science,v3-dataset-catalogue,physical_object,HZA-RUBIES-UDS-19484,RUBIESUDS19484_taylor24,HZA-RUBIES-UDS-19484,RUBIES-UDS-19484,taylor24_ceers_rubies_blagn,broad_line_agn,4.656,2.0,30.0,0.1,1.0,moderate_super_eddington,2.0,0.0,0.45059180164251067,0.22529590082125533,0.2077096884266923,0.2148097008308957,0.22533044594165275,0.23431061600649636,0.24024398392085228,0.0,True,,False,,True,10000,20260808,True,split_normal_in_log_mbh,0.19,0.22,False
v3-shared-science,v3-dataset-catalogue,physical_object,HZA-RUBIES-UDS-19484,RUBIESUDS19484_taylor24,HZA-RUBIES-UDS-19484,RUBIES-UDS-19484,taylor24_ceers_rubies_blagn,broad_line_agn,4.656,2.0,30.0,0.1,1.0,strong_super_eddington,3.0,0.0,0.45059180164251067,0.15019726721417023,0.13847312561779487,0.14320646722059713,0.15022029729443515,0.15620707733766423,0.16016265594723486,0.0,True,,False,,True,10000,20260808,True,split_normal_in_log_mbh,0.19,0.22,False
v3-shared-science,v3-dataset-catalogue,physical_object,HZA-RUBIES-UDS-19521,RUBIESUDS19521_taylor24,HZA-RUBIES-UDS-19521,RUBIES-UDS-19521,taylor24_ceers_rubies_blagn,broad_line_agn,5.669,2.0,30.0,0.1,1.0,eddington,1.0,0.0,0.6620043229185776,0.6620043229185776,0.6071852201566386,0.6291307201680557,0.6622928466070968,0.6899709220372934,0.7092995943362692,0.0,True,,False,,True,10000,20260808,True,split_normal_in_log_mbh,0.22,0.26,False
v3-shared-science,v3-dataset-catalogue,physical_object,HZA-RUBIES-UDS-19521,RUBIESUDS19521_taylor24,HZA-RUBIES-UDS-19521,RUBIES-UDS-19521,taylor24_ceers_rubies_blagn,broad_line_agn,5.669,2.0,30.0,0.1,1.0,moderate_super_eddington,2.0,0.0,0.6620043229185776,0.3310021614592888,0.3035926100783193,0.31456536008402786,0.3311464233035484,0.3449854610186467,0.3546497971681346,0.0,True,,False,,True,10000,20260808,True,split_normal_in_log_mbh,0.22,0.26,False
v3-shared-science,v3-dataset-catalogue,physical_object,HZA-RUBIES-UDS-19521,RUBIESUDS19521_taylor24,HZA-RUBIES-UDS-19521,RUBIES-UDS-19521,taylor24_ceers_rubies_blagn,broad_line_agn,5.669,2.0,30.0,0.1,1.0,strong_super_eddington,3.0,0.0,0.6620043229185776,0.22066810763952585,0.20239507338554621,0.20971024005601854,0.2207642822023656,0.22999030734576445,0.23643319811208977,0.0,True,,False,,True,10000,20260808,True,split_normal_in_log_mbh,0.22,0.26,False
v3-shared-science,v3-dataset-catalogue,physical_object,HZA-RUBIES-UDS-29813,RUBIESUDS29813_taylor24,HZA-RUBIES-UDS-29813,RUBIES-UDS-29813,taylor24_ceers_rubies_blagn,broad_line_agn,5.44,2.0,30.0,0.1,1.0,eddington,1.0,0.0,0.6500812153876583,0.6500812153876583,0.6321298740267198,0.6392795244556687,0.6499644179356925,0.6608378902655019,0.6681143257496858,0.0,True,,False,,True,10000,20260808,True,split_normal_in_log_mbh,0.09,0.09,False
v3-shared-science,v3-dataset-catalogue,physical_object,HZA-RUBIES-UDS-29813,RUBIESUDS29813_taylor24,HZA-RUBIES-UDS-29813,RUBIES-UDS-29813,taylor24_ceers_rubies_blagn,broad_line_agn,5.44,2.0,30.0,0.1,1.0,moderate_super_eddington,2.0,0.0,0.6500812153876583,0.32504060769382914,0.3160649370133599,0.31963976222783436,0.32498220896784624,0.33041894513275094,0.3340571628748429,0.0,True,,False,,True,10000,20260808,True,split_normal_in_log_mbh,0.09,0.09,False
v3-shared-science,v3-dataset-catalogue,physical_object,HZA-RUBIES-UDS-29813,RUBIESUDS29813_taylor24,HZA-RUBIES-UDS-29813,RUBIES-UDS-29813,taylor24_ceers_rubies_blagn,broad_line_agn,5.44,2.0,30.0,0.1,1.0,strong_super_eddington,3.0,0.0,0.6500812153876583,0.21669373846255277,0.21070995800890663,0.21309317481855625,0.21665480597856418,0.2202792967551673,0.2227047752498953,0.0,True,,False,,True,10000,20260808,True,split_normal_in_log_mbh,0.09,0.09,False
v3-shared-science,v3-dataset-catalogue,physical_object,HZA-RUBIES-UDS-30969,RUBIESUDS30969_taylor24,HZA-RUBIES-UDS-30969,RUBIES-UDS-30969,taylor24_ceers_rubies_blagn,broad_line_agn,4.0,2.0,30.0,0.1,1.0,eddington,1.0,0.0,0.3791892400100287,0.3791892400100287,0.36885939259473355,0.37284926021546405,0.3792661912334887,0.38485401209915604,0.38844801844719085,0.0,True,,False,,True,10000,20260808,True,split_normal_in_log_mbh,0.07,0.08,False
v3-shared-science,v3-dataset-catalogue,physical_object,HZA-RUBIES-UDS-30969,RUBIESUDS30969_taylor24,HZA-RUBIES-UDS-30969,RUBIES-UDS-30969,taylor24_ceers_rubies_blagn,broad_line_agn,4.0,2.0,30.0,0.1,1.0,moderate_super_eddington,2.0,0.0,0.3791892400100287,0.18959462000501434,0.18442969629736677,0.18642463010773203,0.18963309561674435,0.19242700604957802,0.19422400922359542,0.0,True,,False,,True,10000,20260808,True,split_normal_in_log_mbh,0.07,0.08,False
v3-shared-science,v3-dataset-catalogue,physical_object,HZA-RUBIES-UDS-30969,RUBIESUDS30969_taylor24,HZA-RUBIES-UDS-30969,RUBIES-UDS-30969,taylor24_ceers_rubies_blagn,broad_line_agn,4.0,2.0,30.0,0.1,1.0,strong_super_eddington,3.0,0.0,0.3791892400100287,0.12639641333667623,0.12295313086491119,0.12428308673848801,0.12642206374449622,0.1282846706997187,0.12948267281573028,0.0,True,,False,,True,10000,20260808,True,split_normal_in_log_mbh,0.07,0.08,False
v3-shared-science,v3-dataset-catalogue,physical_object,HZA-RUBIES-UDS-31747,RUBIESUDS31747_taylor24,HZA-RUBIES-UDS-31747,RUBIES-UDS-31747,taylor24_ceers_rubies_blagn,broad_line_agn,4.13,2.0,30.0,0.1,1.0,eddington,1.0,0.0,0.430899853591824,0.430899853591824,0.42398203752347824,0.4268136088731942,0.4309674518970561,0.4350660830190214,0.4377586754107343,0.0,True,,False,,True,10000,20260808,True,split_normal_in_log_mbh,0.05,0.05,False
v3-shared-science,v3-dataset-catalogue,physical_object,HZA-RUBIES-UDS-31747,RUBIESUDS31747_taylor24,HZA-RUBIES-UDS-31747,RUBIES-UDS-31747,taylor24_ceers_rubies_blagn,broad_line_agn,4.13,2.0,30.0,0.1,1.0,moderate_super_eddington,2.0,0.0,0.430899853591824,0.215449926795912,0.21199101876173912,0.2134068044365971,0.21548372594852805,0.2175330415095107,0.21887933770536716,0.0,True,,False,,True,10000,20260808,True,split_normal_in_log_mbh,0.05,0.05,False
v3-shared-science,v3-dataset-catalogue,physical_object,HZA-RUBIES-UDS-31747,RUBIESUDS31747_taylor24,HZA-RUBIES-UDS-31747,RUBIES-UDS-31747,taylor24_ceers_rubies_blagn,broad_line_agn,4.13,2.0,30.0,0.1,1.0,strong_super_eddington,3.0,0.0,0.430899853591824,0.143633284530608,0.1413273458411594,0.1422712029577314,0.14365581729901872,0.14502202767300712,0.1459195584702448,0.0,True,,False,,True,10000,20260808,True,split_normal_in_log_mbh,0.05,0.05,False
v3-shared-science,v3-dataset-catalogue,physical_object,HZA-RUBIES-UDS-35974,RUBIESUDS35974_taylor24,HZA-RUBIES-UDS-35974,RUBIES-UDS-35974,taylor24_ceers_rubies_blagn,broad_line_agn,4.367,2.0,30.0,0.1,1.0,eddington,1.0,0.0,0.43013016661559794,0.43013016661559794,0.4141234587714546,0.4203987622841534,0.4302024553255883,0.4383602297041533,0.4434962131244254,0.0,True,,False,,True,10000,20260808,True,split_normal_in_log_mbh,0.09,0.11,False
v3-shared-science,v3-dataset-catalogue,physical_object,HZA-RUBIES-UDS-35974,RUBIESUDS35974_taylor24,HZA-RUBIES-UDS-35974,RUBIES-UDS-35974,taylor24_ceers_rubies_blagn,broad_line_agn,4.367,2.0,30.0,0.1,1.0,moderate_super_eddington,2.0,0.0,0.43013016661559794,0.21506508330779897,0.2070617293857273,0.2101993811420767,0.21510122766279416,0.21918011485207664,0.2217481065622127,0.0,True,,False,,True,10000,20260808,True,split_normal_in_log_mbh,0.09,0.11,False
v3-shared-science,v3-dataset-catalogue,physical_object,HZA-RUBIES-UDS-35974,RUBIESUDS35974_taylor24,HZA-RUBIES-UDS-35974,RUBIES-UDS-35974,taylor24_ceers_rubies_blagn,broad_line_agn,4.367,2.0,30.0,0.1,1.0,strong_super_eddington,3.0,0.0,0.43013016661559794,0.14337672220519931,0.13804115292381822,0.14013292076138445,0.14340081844186278,0.1461200765680511,0.14783207104147514,0.0,True,,False,,True,10000,20260808,True,split_normal_in_log_mbh,0.09,0.11,False
v3-shared-science,v3-dataset-catalogue,physical_object,HZA-RUBIES-UDS-47509,RUBIESUDS47509_taylor24,HZA-RUBIES-UDS-47509,RUBIES-UDS-47509,taylor24_ceers_rubies_blagn,broad_line_agn,5.673,2.0,30.0,0.1,1.0,eddington,1.0,0.0,0.7087184893455124,0.7087184893455124,0.6937836258183004,0.6997387504614906,0.7086877690562148,0.7173193320242266,0.7230351067087598,0.0,True,,False,,True,10000,20260808,True,split_normal_in_log_mbh,0.07,0.07,False
v3-shared-science,v3-dataset-catalogue,physical_object,HZA-RUBIES-UDS-47509,RUBIESUDS47509_taylor24,HZA-RUBIES-UDS-47509,RUBIES-UDS-47509,taylor24_ceers_rubies_blagn,broad_line_agn,5.673,2.0,30.0,0.1,1.0,moderate_super_eddington,2.0,0.0,0.7087184893455124,0.3543592446727562,0.3468918129091502,0.3498693752307453,0.3543438845281074,0.3586596660121133,0.3615175533543799,0.0,True,,False,,True,10000,20260808,True,split_normal_in_log_mbh,0.07,0.07,False
v3-shared-science,v3-dataset-catalogue,physical_object,HZA-RUBIES-UDS-47509,RUBIESUDS47509_taylor24,HZA-RUBIES-UDS-47509,RUBIES-UDS-47509,taylor24_ceers_rubies_blagn,broad_line_agn,5.673,2.0,30.0,0.1,1.0,strong_super_eddington,3.0,0.0,0.7087184893455124,0.23623949644850414,0.23126120860610017,0.2332462501538302,0.23622925635207162,0.23910644400807554,0.24101170223625326,0.0,True,,False,,True,10000,20260808,True,split_normal_in_log_mbh,0.07,0.07,False
v3-shared-science,v3-dataset-catalogue,physical_object,HZA-RUBIES-UDS-48507,RUBIESUDS48507_taylor24,HZA-RUBIES-UDS-48507,RUBIES-UDS-48507,taylor24_ceers_rubies_blagn,broad_line_agn,4.468,2.0,30.0,0.1,1.0,eddington,1.0,0.0,0.40907987824545,0.40907987824545,0.403011477099607,0.40532723811605,0.4090055994904176,0.41276636060856464,0.4151631976807706,0.0,True,,False,,True,10000,20260808,True,split_normal_in_log_mbh,0.04,0.04,False
v3-shared-science,v3-dataset-catalogue,physical_object,HZA-RUBIES-UDS-48507,RUBIESUDS48507_taylor24,HZA-RUBIES-UDS-48507,RUBIES-UDS-48507,taylor24_ceers_rubies_blagn,broad_line_agn,4.468,2.0,30.0,0.1,1.0,moderate_super_eddington,2.0,0.0,0.40907987824545,0.204539939122725,0.2015057385498035,0.202663619058025,0.2045027997452088,0.20638318030428232,0.2075815988403853,0.0,True,,False,,True,10000,20260808,True,split_normal_in_log_mbh,0.04,0.04,False
v3-shared-science,v3-dataset-catalogue,physical_object,HZA-RUBIES-UDS-48507,RUBIESUDS48507_taylor24,HZA-RUBIES-UDS-48507,RUBIES-UDS-48507,taylor24_ceers_rubies_blagn,broad_line_agn,4.468,2.0,30.0,0.1,1.0,strong_super_eddington,3.0,0.0,0.40907987824545,0.13635995941515,0.13433715903320234,0.13510907937201666,0.1363351998301392,0.13758878686952156,0.13838773256025688,0.0,True,,False,,True,10000,20260808,True,split_normal_in_log_mbh,0.04,0.04,False
v3-shared-science,v3-dataset-catalogue,physical_object,HZA-RUBIES-UDS-63139,RUBIESUDS63139_taylor24,HZA-RUBIES-UDS-63139,RUBIES-UDS-63139,taylor24_ceers_rubies_blagn,broad_line_agn,4.435,2.0,30.0,0.1,1.0,eddington,1.0,0.0,0.4160796806714709,0.4160796806714709,0.40258598442356286,0.4078550020371971,0.4160611899456811,0.4244223004742718,0.4297328226840031,0.0,True,,False,,True,10000,20260808,True,split_normal_in_log_mbh,0.09,0.09,False
v3-shared-science,v3-dataset-catalogue,physical_object,HZA-RUBIES-UDS-63139,RUBIESUDS63139_taylor24,HZA-RUBIES-UDS-63139,RUBIES-UDS-63139,taylor24_ceers_rubies_blagn,broad_line_agn,4.435,2.0,30.0,0.1,1.0,moderate_super_eddington,2.0,0.0,0.4160796806714709,0.20803984033573544,0.20129299221178143,0.20392750101859855,0.20803059497284054,0.2122111502371359,0.21486641134200155,0.0,True,,False,,True,10000,20260808,True,split_normal_in_log_mbh,0.09,0.09,False
v3-shared-science,v3-dataset-catalogue,physical_object,HZA-RUBIES-UDS-63139,RUBIESUDS63139_taylor24,HZA-RUBIES-UDS-63139,RUBIES-UDS-63139,taylor24_ceers_rubies_blagn,broad_line_agn,4.435,2.0,30.0,0.1,1.0,strong_super_eddington,3.0,0.0,0.4160796806714709,0.1386932268904903,0.13419532814118762,0.13595166734573236,0.13868706331522704,0.14147410015809062,0.14324427422800104,0.0,True,,False,,True,10000,20260808,True,split_normal_in_log_mbh,0.09,0.09,False
v3-shared-science,v3-dataset-catalogue,physical_object,HZA-RUBIES-UDS-807469,RUBIESUDS807469_taylor24,HZA-RUBIES-UDS-807469,RUBIES-UDS-807469,taylor24_ceers_rubies_blagn,broad_line_agn,6.778,2.0,30.0,0.1,1.0,eddington,1.0,0.0,0.8995229948944198,0.8995229948944198,0.8702955332908199,0.8820085047928403,0.8997931043950029,0.9216185043715773,0.9349542287470789,0.0,True,,False,,True,10000,20260808,True,split_normal_in_log_mbh,0.13,0.11,False
v3-shared-science,v3-dataset-catalogue,physical_object,HZA-RUBIES-UDS-807469,RUBIESUDS807469_taylor24,HZA-RUBIES-UDS-807469,RUBIES-UDS-807469,taylor24_ceers_rubies_blagn,broad_line_agn,6.778,2.0,30.0,0.1,1.0,moderate_super_eddington,2.0,0.0,0.8995229948944198,0.4497614974472099,0.43514776664540994,0.44100425239642016,0.44989655219750146,0.46080925218578866,0.46747711437353945,0.0,True,,False,,True,10000,20260808,True,split_normal_in_log_mbh,0.13,0.11,False
v3-shared-science,v3-dataset-catalogue,physical_object,HZA-RUBIES-UDS-807469,RUBIESUDS807469_taylor24,HZA-RUBIES-UDS-807469,RUBIES-UDS-807469,taylor24_ceers_rubies_blagn,broad_line_agn,6.778,2.0,30.0,0.1,1.0,strong_super_eddington,3.0,0.0,0.8995229948944198,0.2998409982981399,0.29009851109693996,0.29400283493094675,0.29993103479833433,0.3072061681238591,0.3116514095823596,0.0,True,,False,,True,10000,20260808,True,split_normal_in_log_mbh,0.13,0.11,False
v3-shared-science,v3-dataset-catalogue,physical_object,HZA-RUBIES-UDS-970351,RUBIESUDS970351_taylor24,HZA-RUBIES-UDS-970351,RUBIES-UDS-970351,taylor24_ceers_rubies_blagn,broad_line_agn,5.282,2.0,30.0,0.1,1.0,eddington,1.0,0.0,0.5915713381378073,0.5915713381378073,0.5594142075524241,0.5720388454076256,0.591660998753697,0.6110388194438456,0.623992009158202,0.0,True,,False,,True,10000,20260808,True,split_normal_in_log_mbh,0.17,0.17,False
v3-shared-science,v3-dataset-catalogue,physical_object,HZA-RUBIES-UDS-970351,RUBIESUDS970351_taylor24,HZA-RUBIES-UDS-970351,RUBIES-UDS-970351,taylor24_ceers_rubies_blagn,broad_line_agn,5.282,2.0,30.0,0.1,1.0,moderate_super_eddington,2.0,0.0,0.5915713381378073,0.29578566906890363,0.27970710377621205,0.2860194227038128,0.2958304993768485,0.3055194097219228,0.311996004579101,0.0,True,,False,,True,10000,20260808,True,split_normal_in_log_mbh,0.17,0.17,False
v3-shared-science,v3-dataset-catalogue,physical_object,HZA-RUBIES-UDS-970351,RUBIESUDS970351_taylor24,HZA-RUBIES-UDS-970351,RUBIES-UDS-970351,taylor24_ceers_rubies_blagn,broad_line_agn,5.282,2.0,30.0,0.1,1.0,strong_super_eddington,3.0,0.0,0.5915713381378073,0.19719044604593575,0.18647140251747468,0.1906796151358752,0.19722033291789903,0.2036796064812819,0.20799733638606732,0.0,True,,False,,True,10000,20260808,True,split_normal_in_log_mbh,0.17,0.17,False
v3-shared-science,v3-dataset-catalogue,physical_object,HZA-THRILS-101567,THRILS101567_davis26,HZA-THRILS-101567,THRILS-101567,davis26_thrils_blagn,broad_line_agn,5.33,2.0,30.0,0.1,1.0,eddington,1.0,0.0,0.533386823737342,0.533386823737342,0.5005785055061287,0.513289931975816,0.5330285482705104,0.5530797368524073,0.5658390682591155,0.0,True,,False,,True,10000,20260808,True,split_normal_in_log_mbh,0.17,0.17,False
v3-shared-science,v3-dataset-catalogue,physical_object,HZA-THRILS-101567,THRILS101567_davis26,HZA-THRILS-101567,THRILS-101567,davis26_thrils_blagn,broad_line_agn,5.33,2.0,30.0,0.1,1.0,moderate_super_eddington,2.0,0.0,0.533386823737342,0.266693411868671,0.25028925275306435,0.256644965987908,0.2665142741352552,0.27653986842620365,0.2829195341295577,0.0,True,,False,,True,10000,20260808,True,split_normal_in_log_mbh,0.17,0.17,False
v3-shared-science,v3-dataset-catalogue,physical_object,HZA-THRILS-101567,THRILS101567_davis26,HZA-THRILS-101567,THRILS-101567,davis26_thrils_blagn,broad_line_agn,5.33,2.0,30.0,0.1,1.0,strong_super_eddington,3.0,0.0,0.533386823737342,0.17779560791244733,0.16685950183537623,0.17109664399193866,0.17767618275683678,0.18435991228413576,0.18861302275303848,0.0,True,,False,,True,10000,20260808,True,split_normal_in_log_mbh,0.17,0.17,False
v3-shared-science,v3-dataset-catalogue,physical_object,HZA-THRILS-24975,THRILS24975_davis26,HZA-THRILS-24975,THRILS-24975,davis26_thrils_blagn,broad_line_agn,4.4,2.0,30.0,0.1,1.0,eddington,1.0,0.0,0.42444093182842973,0.42444093182842973,0.4154688785919099,0.41895160343140603,0.4243703553193389,0.4298045778207306,0.4332448234190339,0.0,True,,False,,True,10000,20260808,True,split_normal_in_log_mbh,0.06,0.06,False
v3-shared-science,v3-dataset-catalogue,physical_object,HZA-THRILS-24975,THRILS24975_davis26,HZA-THRILS-24975,THRILS-24975,davis26_thrils_blagn,broad_line_agn,4.4,2.0,30.0,0.1,1.0,moderate_super_eddington,2.0,0.0,0.42444093182842973,0.21222046591421487,0.20773443929595495,0.20947580171570301,0.21218517765966946,0.2149022889103653,0.21662241170951696,0.0,True,,False,,True,10000,20260808,True,split_normal_in_log_mbh,0.06,0.06,False
v3-shared-science,v3-dataset-catalogue,physical_object,HZA-THRILS-24975,THRILS24975_davis26,HZA-THRILS-24975,THRILS-24975,davis26_thrils_blagn,broad_line_agn,4.4,2.0,30.0,0.1,1.0,strong_super_eddington,3.0,0.0,0.42444093182842973,0.14148031060947658,0.1384896261973033,0.13965053447713535,0.1414567851064463,0.1432681926069102,0.14441494113967798,0.0,True,,False,,True,10000,20260808,True,split_normal_in_log_mbh,0.06,0.06,False
v3-shared-science,v3-dataset-catalogue,physical_object,HZA-THRILS-25501,THRILS25501_davis26,HZA-THRILS-25501,THRILS-25501,davis26_thrils_blagn,broad_line_agn,6.57,2.0,30.0,0.1,1.0,eddington,1.0,0.0,0.7259668389945969,0.7259668389945969,0.6715471000532416,0.6931974092921933,0.7264782045947433,0.7593616844292673,0.7807885532239639,0.0,True,,False,,True,10000,20260808,True,split_normal_in_log_mbh,0.21,0.21,False
v3-shared-science,v3-dataset-catalogue,physical_object,HZA-THRILS-25501,THRILS25501_davis26,HZA-THRILS-25501,THRILS-25501,davis26_thrils_blagn,broad_line_agn,6.57,2.0,30.0,0.1,1.0,moderate_super_eddington,2.0,0.0,0.7259668389945969,0.36298341949729845,0.3357735500266208,0.34659870464609666,0.36323910229737166,0.37968084221463366,0.39039427661198195,0.0,True,,False,,True,10000,20260808,True,split_normal_in_log_mbh,0.21,0.21,False
v3-shared-science,v3-dataset-catalogue,physical_object,HZA-THRILS-25501,THRILS25501_davis26,HZA-THRILS-25501,THRILS-25501,davis26_thrils_blagn,broad_line_agn,6.57,2.0,30.0,0.1,1.0,strong_super_eddington,3.0,0.0,0.7259668389945969,0.2419889463315323,0.22384903335108053,0.23106580309739777,0.2421594015315811,0.2531205614764224,0.26026285107465463,0.0,True,,False,,True,10000,20260808,True,split_normal_in_log_mbh,0.21,0.21,False
v3-shared-science,v3-dataset-catalogue,physical_object,HZA-THRILS-40467,THRILS40467_davis26,HZA-THRILS-40467,THRILS-40467,davis26_thrils_blagn,broad_line_agn,5.27,2.0,30.0,0.1,1.0,eddington,1.0,0.0,0.5908667579332822,0.5908667579332822,0.5871325043590137,0.5885972785416073,0.590860878303388,0.593165144760276,0.5947567096762146,0.0,True,,False,,True,10000,20260808,True,split_normal_in_log_mbh,0.02,0.02,False
v3-shared-science,v3-dataset-catalogue,physical_object,HZA-THRILS-40467,THRILS40467_davis26,HZA-THRILS-40467,THRILS-40467,davis26_thrils_blagn,broad_line_agn,5.27,2.0,30.0,0.1,1.0,moderate_super_eddington,2.0,0.0,0.5908667579332822,0.2954333789666411,0.2935662521795068,0.29429863927080363,0.295430439151694,0.296582572380138,0.2973783548381073,0.0,True,,False,,True,10000,20260808,True,split_normal_in_log_mbh,0.02,0.02,False
v3-shared-science,v3-dataset-catalogue,physical_object,HZA-THRILS-40467,THRILS40467_davis26,HZA-THRILS-40467,THRILS-40467,davis26_thrils_blagn,broad_line_agn,5.27,2.0,30.0,0.1,1.0,strong_super_eddington,3.0,0.0,0.5908667579332822,0.19695558597776075,0.19571083478633788,0.19619909284720244,0.19695362610112932,0.19772171492009205,0.1982522365587382,0.0,True,,False,,True,10000,20260808,True,split_normal_in_log_mbh,0.02,0.02,False
v3-shared-science,v3-dataset-catalogue,physical_object,HZA-THRILS-44774,THRILS44774_davis26,HZA-THRILS-44774,THRILS-44774,davis26_thrils_blagn,broad_line_agn,5.11,2.0,30.0,0.1,1.0,eddington,1.0,0.0,0.5264908678482654,0.5264908678482654,0.5154415203633089,0.5200708163721196,0.5267256874811166,0.5332842585425961,0.5372329603861821,0.0,True,,False,,True,10000,20260808,True,split_normal_in_log_mbh,0.06,0.06,False
v3-shared-science,v3-dataset-catalogue,physical_object,HZA-THRILS-44774,THRILS44774_davis26,HZA-THRILS-44774,THRILS-44774,davis26_thrils_blagn,broad_line_agn,5.11,2.0,30.0,0.1,1.0,moderate_super_eddington,2.0,0.0,0.5264908678482654,0.2632454339241327,0.25772076018165446,0.2600354081860598,0.2633628437405583,0.26664212927129805,0.26861648019309103,0.0,True,,False,,True,10000,20260808,True,split_normal_in_log_mbh,0.06,0.06,False
v3-shared-science,v3-dataset-catalogue,physical_object,HZA-THRILS-44774,THRILS44774_davis26,HZA-THRILS-44774,THRILS-44774,davis26_thrils_blagn,broad_line_agn,5.11,2.0,30.0,0.1,1.0,strong_super_eddington,3.0,0.0,0.5264908678482654,0.1754969559494218,0.17181384012110298,0.17335693879070654,0.17557522916037216,0.1777614195141987,0.17907765346206067,0.0,True,,False,,True,10000,20260808,True,split_normal_in_log_mbh,0.06,0.06,False
v3-shared-science,v3-dataset-catalogue,physical_object,HZA-THRILS-49400,THRILS49400_davis26,HZA-THRILS-49400,THRILS-49400,davis26_thrils_blagn,broad_line_agn,5.11,2.0,30.0,0.1,1.0,eddington,1.0,0.0,0.5817945304373691,0.5817945304373691,0.5763191365560896,0.5785321770335934,0.5818142512170668,0.58512073917248,0.5873267600706679,0.0,True,,False,,True,10000,20260808,True,split_normal_in_log_mbh,0.03,0.03,False
v3-shared-science,v3-dataset-catalogue,physical_object,HZA-THRILS-49400,THRILS49400_davis26,HZA-THRILS-49400,THRILS-49400,davis26_thrils_blagn,broad_line_agn,5.11,2.0,30.0,0.1,1.0,moderate_super_eddington,2.0,0.0,0.5817945304373691,0.29089726521868453,0.2881595682780448,0.2892660885167967,0.2909071256085334,0.29256036958624,0.29366338003533393,0.0,True,,False,,True,10000,20260808,True,split_normal_in_log_mbh,0.03,0.03,False
v3-shared-science,v3-dataset-catalogue,physical_object,HZA-THRILS-49400,THRILS49400_davis26,HZA-THRILS-49400,THRILS-49400,davis26_thrils_blagn,broad_line_agn,5.11,2.0,30.0,0.1,1.0,strong_super_eddington,3.0,0.0,0.5817945304373691,0.1939315101457897,0.19210637885202986,0.1928440590111978,0.19393808373902222,0.19504024639082665,0.1957755866902226,0.0,True,,False,,True,10000,20260808,True,split_normal_in_log_mbh,0.03,0.03,False
v3-shared-science,v3-dataset-catalogue,physical_object,HZA-XQR30-CFHQS-J1509-1749,XQR30-CFHQS-J1509-1749_mazzucchelli23,HZA-XQR30-CFHQS-J1509-1749,CFHQS J1509-1749,xqr30_mazzucchelli23,luminous_quasar_comparison,6.1225,2.0,30.0,0.1,1.0,eddington,1.0,0.0,1.0414384291500594,1.0414384291500594,1.0011650803678789,1.0166008096432428,1.040923857975502,1.0624306341444438,1.0756225844190577,0.9547,False,0.31,False,,True,10000,20260808,True,split_normal_in_log_mbh,0.15,0.17,False
v3-shared-science,v3-dataset-catalogue,physical_object,HZA-XQR30-CFHQS-J1509-1749,XQR30-CFHQS-J1509-1749_mazzucchelli23,HZA-XQR30-CFHQS-J1509-1749,CFHQS J1509-1749,xqr30_mazzucchelli23,luminous_quasar_comparison,6.1225,2.0,30.0,0.1,1.0,moderate_super_eddington,2.0,0.0,1.0414384291500594,0.5207192145750297,0.5005825401839394,0.5083004048216214,0.520461928987751,0.5312153170722219,0.5378112922095288,0.0,True,0.31,False,,True,10000,20260808,True,split_normal_in_log_mbh,0.15,0.17,False
v3-shared-science,v3-dataset-catalogue,physical_object,HZA-XQR30-CFHQS-J1509-1749,XQR30-CFHQS-J1509-1749_mazzucchelli23,HZA-XQR30-CFHQS-J1509-1749,CFHQS J1509-1749,xqr30_mazzucchelli23,luminous_quasar_comparison,6.1225,2.0,30.0,0.1,1.0,strong_super_eddington,3.0,0.0,1.0414384291500594,0.3471461430500198,0.3337216934559596,0.33886693654774763,0.34697461932516727,0.3541435447148146,0.3585408614730192,0.0,True,0.31,False,,True,10000,20260808,True,split_normal_in_log_mbh,0.15,0.17,False
v3-shared-science,v3-dataset-catalogue,physical_object,HZA-XQR30-DELS-J0923-0402,XQR30-DELS-J0923-0402_mazzucchelli23,HZA-XQR30-DELS-J0923-0402,DELS J0923+0402,xqr30_mazzucchelli23,luminous_quasar_comparison,6.633,2.0,30.0,0.1,1.0,eddington,1.0,0.0,1.1902654891922915,1.1902654891922915,1.1254701238811664,1.1516449941747706,1.1904167292938947,1.2157914484443435,1.232353229673265,1.0,False,0.95,True,0.7981412622865051,True,10000,20260808,True,split_normal_in_log_mbh,0.16,0.24,False
v3-shared-science,v3-dataset-catalogue,physical_object,HZA-XQR30-DELS-J0923-0402,XQR30-DELS-J0923-0402_mazzucchelli23,HZA-XQR30-DELS-J0923-0402,DELS J0923+0402,xqr30_mazzucchelli23,luminous_quasar_comparison,6.633,2.0,30.0,0.1,1.0,moderate_super_eddington,2.0,0.0,1.1902654891922915,0.5951327445961457,0.5627350619405832,0.5758224970873853,0.5952083646469474,0.6078957242221718,0.6161766148366326,0.0,True,0.95,True,0.7981412622865051,True,10000,20260808,True,split_normal_in_log_mbh,0.16,0.24,False
v3-shared-science,v3-dataset-catalogue,physical_object,HZA-XQR30-DELS-J0923-0402,XQR30-DELS-J0923-0402_mazzucchelli23,HZA-XQR30-DELS-J0923-0402,DELS J0923+0402,xqr30_mazzucchelli23,luminous_quasar_comparison,6.633,2.0,30.0,0.1,1.0,strong_super_eddington,3.0,0.0,1.1902654891922915,0.39675516306409714,0.3751567079603888,0.3838816647249236,0.39680557643129827,0.40526381614811446,0.41078440989108833,0.0,True,0.95,True,0.7981412622865051,True,10000,20260808,True,split_normal_in_log_mbh,0.16,0.24,False
v3-shared-science,v3-dataset-catalogue,physical_object,HZA-XQR30-DELS-J1535-1943,XQR30-DELS-J1535-1943_mazzucchelli23,HZA-XQR30-DELS-J1535-1943,DELS J1535+1943,xqr30_mazzucchelli23,luminous_quasar_comparison,6.37,2.0,30.0,0.1,1.0,eddington,1.0,0.0,1.1788219888325095,1.1788219888325095,1.1615780990430828,1.168629128070676,1.1787604969283851,1.1878689044199031,1.1937333740915268,1.0,False,0.48,True,0.4071861608853988,True,10000,20260808,True,split_normal_in_log_mbh,0.06,0.07,False
v3-shared-science,v3-dataset-catalogue,physical_object,HZA-XQR30-DELS-J1535-1943,XQR30-DELS-J1535-1943_mazzucchelli23,HZA-XQR30-DELS-J1535-1943,DELS J1535+1943,xqr30_mazzucchelli23,luminous_quasar_comparison,6.37,2.0,30.0,0.1,1.0,moderate_super_eddington,2.0,0.0,1.1788219888325095,0.5894109944162548,0.5807890495215414,0.584314564035338,0.5893802484641926,0.5939344522099516,0.5968666870457634,0.0,True,0.48,True,0.4071861608853988,True,10000,20260808,True,split_normal_in_log_mbh,0.06,0.07,False
v3-shared-science,v3-dataset-catalogue,physical_object,HZA-XQR30-DELS-J1535-1943,XQR30-DELS-J1535-1943_mazzucchelli23,HZA-XQR30-DELS-J1535-1943,DELS J1535+1943,xqr30_mazzucchelli23,luminous_quasar_comparison,6.37,2.0,30.0,0.1,1.0,strong_super_eddington,3.0,0.0,1.1788219888325095,0.39294066294416985,0.3871926996810276,0.3895430426902254,0.39292016564279497,0.3959563014733011,0.3979111246971756,0.0,True,0.48,True,0.4071861608853988,True,10000,20260808,True,split_normal_in_log_mbh,0.06,0.07,False
v3-shared-science,v3-dataset-catalogue,physical_object,HZA-XQR30-PSO-J007-04,XQR30-PSO-J007-04_mazzucchelli23,HZA-XQR30-PSO-J007-04,PSO J007+04,xqr30_mazzucchelli23,luminous_quasar_comparison,6.0015,2.0,30.0,0.1,1.0,eddington,1.0,0.0,1.0936746277290756,1.0936746277290756,1.069293129714058,1.0788282412045065,1.093557057264098,1.10581333161764,1.1137598488689084,1.0,False,0.13,True,0.11886533408014976,True,10000,20260808,True,split_normal_in_log_mbh,0.09,0.11,False
v3-shared-science,v3-dataset-catalogue,physical_object,HZA-XQR30-PSO-J007-04,XQR30-PSO-J007-04_mazzucchelli23,HZA-XQR30-PSO-J007-04,PSO J007+04,xqr30_mazzucchelli23,luminous_quasar_comparison,6.0015,2.0,30.0,0.1,1.0,moderate_super_eddington,2.0,0.0,1.0936746277290756,0.5468373138645378,0.534646564857029,0.5394141206022532,0.546778528632049,0.55290666580882,0.5568799244344542,0.0,True,0.13,True,0.11886533408014976,True,10000,20260808,True,split_normal_in_log_mbh,0.09,0.11,False
v3-shared-science,v3-dataset-catalogue,physical_object,HZA-XQR30-PSO-J007-04,XQR30-PSO-J007-04_mazzucchelli23,HZA-XQR30-PSO-J007-04,PSO J007+04,xqr30_mazzucchelli23,luminous_quasar_comparison,6.0015,2.0,30.0,0.1,1.0,strong_super_eddington,3.0,0.0,1.0936746277290756,0.36455820924302523,0.35643104323801933,0.3596094137348355,0.36451901908803275,0.36860444387254665,0.37125328295630283,0.0,True,0.13,True,0.11886533408014976,True,10000,20260808,True,split_normal_in_log_mbh,0.09,0.11,False
v3-shared-science,v3-dataset-catalogue,physical_object,HZA-XQR30-PSO-J009-10,XQR30-PSO-J009-10_mazzucchelli23,HZA-XQR30-PSO-J009-10,PSO J009-10,xqr30_mazzucchelli23,luminous_quasar_comparison,6.004,2.0,30.0,0.1,1.0,eddington,1.0,0.0,1.09571662024316,1.09571662024316,1.0728315286488792,1.0817271614080635,1.0956232972393969,1.1066744505614248,1.1139675631272536,1.0,False,0.21,True,0.19165539348430896,True,10000,20260808,True,split_normal_in_log_mbh,0.08,0.1,False
v3-shared-science,v3-dataset-catalogue,physical_object,HZA-XQR30-PSO-J009-10,XQR30-PSO-J009-10_mazzucchelli23,HZA-XQR30-PSO-J009-10,PSO J009-10,xqr30_mazzucchelli23,luminous_quasar_comparison,6.004,2.0,30.0,0.1,1.0,moderate_super_eddington,2.0,0.0,1.09571662024316,0.54785831012158,0.5364157643244396,0.5408635807040317,0.5478116486196984,0.5533372252807124,0.5569837815636268,0.0,True,0.21,True,0.19165539348430896,True,10000,20260808,True,split_normal_in_log_mbh,0.08,0.1,False
v3-shared-science,v3-dataset-catalogue,physical_object,HZA-XQR30-PSO-J009-10,XQR30-PSO-J009-10_mazzucchelli23,HZA-XQR30-PSO-J009-10,PSO J009-10,xqr30_mazzucchelli23,luminous_quasar_comparison,6.004,2.0,30.0,0.1,1.0,strong_super_eddington,3.0,0.0,1.09571662024316,0.3652388734143867,0.3576105095496264,0.3605757204693545,0.36520776574646563,0.36889148352047496,0.3713225210424179,0.0,True,0.21,True,0.19165539348430896,True,10000,20260808,True,split_normal_in_log_mbh,0.08,0.1,False
v3-shared-science,v3-dataset-catalogue,physical_object,HZA-XQR30-PSO-J023-02,XQR30-PSO-J023-02_mazzucchelli23,HZA-XQR30-PSO-J023-02,PSO J023-02,xqr30_mazzucchelli23,luminous_quasar_comparison,5.9,2.0,30.0,0.1,1.0,eddington,1.0,0.0,0.9996181645050621,0.9996181645050621,0.9864162008857377,0.9916679100855166,0.9997776903053099,1.0063140012537322,1.0108185024020138,0.4867,True,0.68,True,0.6802597473173032,True,10000,20260808,True,split_normal_in_log_mbh,0.05,0.06,False
v3-shared-science,v3-dataset-catalogue,physical_object,HZA-XQR30-PSO-J023-02,XQR30-PSO-J023-02_mazzucchelli23,HZA-XQR30-PSO-J023-02,PSO J023-02,xqr30_mazzucchelli23,luminous_quasar_comparison,5.9,2.0,30.0,0.1,1.0,moderate_super_eddington,2.0,0.0,0.9996181645050621,0.49980908225253107,0.49320810044286884,0.4958339550427583,0.49988884515265497,0.5031570006268661,0.5054092512010069,0.0,True,0.68,True,0.6802597473173032,True,10000,20260808,True,split_normal_in_log_mbh,0.05,0.06,False
v3-shared-science,v3-dataset-catalogue,physical_object,HZA-XQR30-PSO-J023-02,XQR30-PSO-J023-02_mazzucchelli23,HZA-XQR30-PSO-J023-02,PSO J023-02,xqr30_mazzucchelli23,luminous_quasar_comparison,5.9,2.0,30.0,0.1,1.0,strong_super_eddington,3.0,0.0,0.9996181645050621,0.3332060548350207,0.3288054002952459,0.3305559700285055,0.33325923010176994,0.3354380004179107,0.33693950080067125,0.0,True,0.68,True,0.6802597473173032,True,10000,20260808,True,split_normal_in_log_mbh,0.05,0.06,False
v3-shared-science,v3-dataset-catalogue,physical_object,HZA-XQR30-PSO-J025-11,XQR30-PSO-J025-11_mazzucchelli23,HZA-XQR30-PSO-J025-11,PSO J025-11,xqr30_mazzucchelli23,luminous_quasar_comparison,5.85,2.0,30.0,0.1,1.0,eddington,1.0,0.0,0.980858888741492,0.980858888741492,0.9653842115332008,0.9716982193159646,0.9809639891876072,0.9888800937543133,0.9943329173110457,0.0084,True,0.66,True,0.6728796645222072,True,10000,20260808,True,split_normal_in_log_mbh,0.06,0.07,False
v3-shared-science,v3-dataset-catalogue,physical_object,HZA-XQR30-PSO-J025-11,XQR30-PSO-J025-11_mazzucchelli23,HZA-XQR30-PSO-J025-11,PSO J025-11,xqr30_mazzucchelli23,luminous_quasar_comparison,5.85,2.0,30.0,0.1,1.0,moderate_super_eddington,2.0,0.0,0.980858888741492,0.490429444370746,0.4826921057666004,0.4858491096579823,0.4904819945938036,0.49444004687715665,0.49716645865552284,0.0,True,0.66,True,0.6728796645222072,True,10000,20260808,True,split_normal_in_log_mbh,0.06,0.07,False
v3-shared-science,v3-dataset-catalogue,physical_object,HZA-XQR30-PSO-J025-11,XQR30-PSO-J025-11_mazzucchelli23,HZA-XQR30-PSO-J025-11,PSO J025-11,xqr30_mazzucchelli23,luminous_quasar_comparison,5.85,2.0,30.0,0.1,1.0,strong_super_eddington,3.0,0.0,0.980858888741492,0.32695296291383064,0.3217947371777336,0.32389940643865484,0.32698799639586906,0.32962669791810445,0.33144430577034856,0.0,True,0.66,True,0.6728796645222072,True,10000,20260808,True,split_normal_in_log_mbh,0.06,0.07,False
v3-shared-science,v3-dataset-catalogue,physical_object,HZA-XQR30-PSO-J029-29,XQR30-PSO-J029-29_mazzucchelli23,HZA-XQR30-PSO-J029-29,PSO J029-29,xqr30_mazzucchelli23,luminous_quasar_comparison,5.984,2.0,30.0,0.1,1.0,eddington,1.0,0.0,1.0131760287112666,1.0131760287112666,0.9926320792297343,1.0007275974191123,1.0132318113102596,1.0227377898585674,1.029103766634174,0.8543,False,1.1,True,1.0856948534394082,True,10000,20260808,True,split_normal_in_log_mbh,0.07,0.09,False
v3-shared-science,v3-dataset-catalogue,physical_object,HZA-XQR30-PSO-J029-29,XQR30-PSO-J029-29_mazzucchelli23,HZA-XQR30-PSO-J029-29,PSO J029-29,xqr30_mazzucchelli23,luminous_quasar_comparison,5.984,2.0,30.0,0.1,1.0,moderate_super_eddington,2.0,0.0,1.0131760287112666,0.5065880143556333,0.49631603961486714,0.5003637987095562,0.5066159056551298,0.5113688949292837,0.514551883317087,0.0,True,1.1,True,1.0856948534394082,True,10000,20260808,True,split_normal_in_log_mbh,0.07,0.09,False
v3-shared-science,v3-dataset-catalogue,physical_object,HZA-XQR30-PSO-J029-29,XQR30-PSO-J029-29_mazzucchelli23,HZA-XQR30-PSO-J029-29,PSO J029-29,xqr30_mazzucchelli23,luminous_quasar_comparison,5.984,2.0,30.0,0.1,1.0,strong_super_eddington,3.0,0.0,1.0131760287112666,0.3377253429037555,0.3308773597432448,0.3335758658063708,0.3377439371034199,0.3409125966195225,0.343034588878058,0.0,True,1.1,True,1.0856948534394082,True,10000,20260808,True,split_normal_in_log_mbh,0.07,0.09,False
v3-shared-science,v3-dataset-catalogue,physical_object,HZA-XQR30-PSO-J036-03,XQR30-PSO-J036-03_mazzucchelli23,HZA-XQR30-PSO-J036-03,PSO J036+03,xqr30_mazzucchelli23,luminous_quasar_comparison,6.5405,2.0,30.0,0.1,1.0,eddington,1.0,0.0,1.167363001837297,1.167363001837297,1.149099441157485,1.1562259918890467,1.1673438065099766,1.1795764211347266,1.1878862465922286,1.0,False,0.66,True,0.5653768356211691,True,10000,20260808,True,split_normal_in_log_mbh,0.08,0.07,False
v3-shared-science,v3-dataset-catalogue,physical_object,HZA-XQR30-PSO-J036-03,XQR30-PSO-J036-03_mazzucchelli23,HZA-XQR30-PSO-J036-03,PSO J036+03,xqr30_mazzucchelli23,luminous_quasar_comparison,6.5405,2.0,30.0,0.1,1.0,moderate_super_eddington,2.0,0.0,1.167363001837297,0.5836815009186485,0.5745497205787425,0.5781129959445234,0.5836719032549883,0.5897882105673633,0.5939431232961143,0.0,True,0.66,True,0.5653768356211691,True,10000,20260808,True,split_normal_in_log_mbh,0.08,0.07,False
v3-shared-science,v3-dataset-catalogue,physical_object,HZA-XQR30-PSO-J036-03,XQR30-PSO-J036-03_mazzucchelli23,HZA-XQR30-PSO-J036-03,PSO J036+03,xqr30_mazzucchelli23,luminous_quasar_comparison,6.5405,2.0,30.0,0.1,1.0,strong_super_eddington,3.0,0.0,1.167363001837297,0.3891210006124323,0.383033147052495,0.3854086639630156,0.38911460216999216,0.39319214037824224,0.3959620821974095,0.0,True,0.66,True,0.5653768356211691,True,10000,20260808,True,split_normal_in_log_mbh,0.08,0.07,False
v3-shared-science,v3-dataset-catalogue,physical_object,HZA-XQR30-PSO-J060-24,XQR30-PSO-J060-24_mazzucchelli23,HZA-XQR30-PSO-J060-24,PSO J060+24,xqr30_mazzucchelli23,luminous_quasar_comparison,6.18,2.0,30.0,0.1,1.0,eddington,1.0,0.0,1.0382810313804367,1.0382810313804367,1.0163956762817916,1.0250531868459598,1.0382590061023893,1.0482858385326579,1.0548699301955555,0.9984,False,1.01,True,0.9727616796168992,True,10000,20260808,True,split_normal_in_log_mbh,0.07,0.09,False
v3-shared-science,v3-dataset-catalogue,physical_object,HZA-XQR30-PSO-J060-24,XQR30-PSO-J060-24_mazzucchelli23,HZA-XQR30-PSO-J060-24,PSO J060+24,xqr30_mazzucchelli23,luminous_quasar_comparison,6.18,2.0,30.0,0.1,1.0,moderate_super_eddington,2.0,0.0,1.0382810313804367,0.5191405156902184,0.5081978381408958,0.5125265934229799,0.5191295030511947,0.5241429192663289,0.5274349650977778,0.0,True,1.01,True,0.9727616796168992,True,10000,20260808,True,split_normal_in_log_mbh,0.07,0.09,False
v3-shared-science,v3-dataset-catalogue,physical_object,HZA-XQR30-PSO-J060-24,XQR30-PSO-J060-24_mazzucchelli23,HZA-XQR30-PSO-J060-24,PSO J060+24,xqr30_mazzucchelli23,luminous_quasar_comparison,6.18,2.0,30.0,0.1,1.0,strong_super_eddington,3.0,0.0,1.0382810313804367,0.3460936771268122,0.3387985587605972,0.3416843956153199,0.346086335367463,0.3494286128442193,0.3516233100651852,0.0,True,1.01,True,0.9727616796168992,True,10000,20260808,True,split_normal_in_log_mbh,0.07,0.09,False
v3-shared-science,v3-dataset-catalogue,physical_object,HZA-XQR30-PSO-J065-01,XQR30-PSO-J065-01_mazzucchelli23,HZA-XQR30-PSO-J065-01,PSO J065+01,xqr30_mazzucchelli23,luminous_quasar_comparison,5.79,2.0,30.0,0.1,1.0,eddington,1.0,0.0,1.000799618780409,1.000799618780409,0.9641536302111121,0.9783725654114109,1.0009466457758431,1.0164559033029816,1.0269469616469065,0.5147,False,0.31,True,0.3097523162306668,True,10000,20260808,True,split_normal_in_log_mbh,0.12,0.17,False
v3-shared-science,v3-dataset-catalogue,physical_object,HZA-XQR30-PSO-J065-01,XQR30-PSO-J065-01_mazzucchelli23,HZA-XQR30-PSO-J065-01,PSO J065+01,xqr30_mazzucchelli23,luminous_quasar_comparison,5.79,2.0,30.0,0.1,1.0,moderate_super_eddington,2.0,0.0,1.000799618780409,0.5003998093902045,0.48207681510555606,0.48918628270570547,0.5004733228879216,0.5082279516514908,0.5134734808234532,0.0,True,0.31,True,0.3097523162306668,True,10000,20260808,True,split_normal_in_log_mbh,0.12,0.17,False
v3-shared-science,v3-dataset-catalogue,physical_object,HZA-XQR30-PSO-J065-01,XQR30-PSO-J065-01_mazzucchelli23,HZA-XQR30-PSO-J065-01,PSO J065+01,xqr30_mazzucchelli23,luminous_quasar_comparison,5.79,2.0,30.0,0.1,1.0,strong_super_eddington,3.0,0.0,1.000799618780409,0.333599872926803,0.3213845434037041,0.32612418847047026,0.3336488819252811,0.3388186344343272,0.3423156538823022,0.0,True,0.31,True,0.3097523162306668,True,10000,20260808,True,split_normal_in_log_mbh,0.12,0.17,False
v3-shared-science,v3-dataset-catalogue,physical_object,HZA-XQR30-PSO-J065-26,XQR30-PSO-J065-26_mazzucchelli23,HZA-XQR30-PSO-J065-26,PSO J065-26,xqr30_mazzucchelli23,luminous_quasar_comparison,6.1871,2.0,30.0,0.1,1.0,eddington,1.0,0.0,1.0950542948983313,1.0950542948983313,1.0526561357800257,1.069371507680771,1.095052700944473,1.1140368512839702,1.1267417905942336,0.9999,False,0.48,True,0.4383344298417321,True,10000,20260808,True,split_normal_in_log_mbh,0.13,0.18,False
v3-shared-science,v3-dataset-catalogue,physical_object,HZA-XQR30-PSO-J065-26,XQR30-PSO-J065-26_mazzucchelli23,HZA-XQR30-PSO-J065-26,PSO J065-26,xqr30_mazzucchelli23,luminous_quasar_comparison,6.1871,2.0,30.0,0.1,1.0,moderate_super_eddington,2.0,0.0,1.0950542948983313,0.5475271474491656,0.5263280678900129,0.5346857538403855,0.5475263504722365,0.5570184256419851,0.5633708952971168,0.0,True,0.48,True,0.4383344298417321,True,10000,20260808,True,split_normal_in_log_mbh,0.13,0.18,False
v3-shared-science,v3-dataset-catalogue,physical_object,HZA-XQR30-PSO-J065-26,XQR30-PSO-J065-26_mazzucchelli23,HZA-XQR30-PSO-J065-26,PSO J065-26,xqr30_mazzucchelli23,luminous_quasar_comparison,6.1871,2.0,30.0,0.1,1.0,strong_super_eddington,3.0,0.0,1.0950542948983313,0.36501809829944376,0.35088537859334185,0.35645716922692366,0.36501756698149107,0.37134561709465674,0.37558059686474454,0.0,True,0.48,True,0.4383344298417321,True,10000,20260808,True,split_normal_in_log_mbh,0.13,0.18,False
v3-shared-science,v3-dataset-catalogue,physical_object,HZA-XQR30-PSO-J089-15,XQR30-PSO-J089-15_mazzucchelli23,HZA-XQR30-PSO-J089-15,PSO J089-15,xqr30_mazzucchelli23,luminous_quasar_comparison,5.957,2.0,30.0,0.1,1.0,eddington,1.0,0.0,1.0381638168161522,1.0381638168161522,1.0155948994636987,1.024705337751753,1.0382427265014285,1.0490311556955236,1.0558034349009395,0.9966,False,0.77,True,0.7416941214166385,True,10000,20260808,True,split_normal_in_log_mbh,0.08,0.1,False
v3-shared-science,v3-dataset-catalogue,physical_object,HZA-XQR30-PSO-J089-15,XQR30-PSO-J089-15_mazzucchelli23,HZA-XQR30-PSO-J089-15,PSO J089-15,xqr30_mazzucchelli23,luminous_quasar_comparison,5.957,2.0,30.0,0.1,1.0,moderate_super_eddington,2.0,0.0,1.0381638168161522,0.5190819084080761,0.5077974497318494,0.5123526688758765,0.5191213632507142,0.5245155778477618,0.5279017174504698,0.0,True,0.77,True,0.7416941214166385,True,10000,20260808,True,split_normal_in_log_mbh,0.08,0.1,False
v3-shared-science,v3-dataset-catalogue,physical_object,HZA-XQR30-PSO-J089-15,XQR30-PSO-J089-15_mazzucchelli23,HZA-XQR30-PSO-J089-15,PSO J089-15,xqr30_mazzucchelli23,luminous_quasar_comparison,5.957,2.0,30.0,0.1,1.0,strong_super_eddington,3.0,0.0,1.0381638168161522,0.3460546056053841,0.33853163315456625,0.34156844591725105,0.3460809088338095,0.34967705189850784,0.3519344783003132,0.0,True,0.77,True,0.7416941214166385,True,10000,20260808,True,split_normal_in_log_mbh,0.08,0.1,False
v3-shared-science,v3-dataset-catalogue,physical_object,HZA-XQR30-PSO-J108-08,XQR30-PSO-J108-08_mazzucchelli23,HZA-XQR30-PSO-J108-08,PSO J108+08,xqr30_mazzucchelli23,luminous_quasar_comparison,5.9485,2.0,30.0,0.1,1.0,eddington,1.0,0.0,1.0250913513225375,1.0250913513225375,1.0024919387295155,1.0114677042333609,1.024968093908369,1.03592657563746,1.0428974850650172,0.9646,False,0.72,True,0.7023764263263765,True,10000,20260808,True,split_normal_in_log_mbh,0.08,0.1,False
v3-shared-science,v3-dataset-catalogue,physical_object,HZA-XQR30-PSO-J108-08,XQR30-PSO-J108-08_mazzucchelli23,HZA-XQR30-PSO-J108-08,PSO J108+08,xqr30_mazzucchelli23,luminous_quasar_comparison,5.9485,2.0,30.0,0.1,1.0,moderate_super_eddington,2.0,0.0,1.0250913513225375,0.5125456756612687,0.5012459693647577,0.5057338521166804,0.5124840469541845,0.51796328781873,0.5214487425325086,0.0,True,0.72,True,0.7023764263263765,True,10000,20260808,True,split_normal_in_log_mbh,0.08,0.1,False
v3-shared-science,v3-dataset-catalogue,physical_object,HZA-XQR30-PSO-J108-08,XQR30-PSO-J108-08_mazzucchelli23,HZA-XQR30-PSO-J108-08,PSO J108+08,xqr30_mazzucchelli23,luminous_quasar_comparison,5.9485,2.0,30.0,0.1,1.0,strong_super_eddington,3.0,0.0,1.0250913513225375,0.3416971171075125,0.3341639795765052,0.3371559014111203,0.34165603130278965,0.34530885854582005,0.3476324950216724,0.0,True,0.72,True,0.7023764263263765,True,10000,20260808,True,split_normal_in_log_mbh,0.08,0.1,False
v3-shared-science,v3-dataset-catalogue,physical_object,HZA-XQR30-PSO-J158-14,XQR30-PSO-J158-14_mazzucchelli23,HZA-XQR30-PSO-J158-14,PSO J158-14,xqr30_mazzucchelli23,luminous_quasar_comparison,6.0685,2.0,30.0,0.1,1.0,eddington,1.0,0.0,1.0296063861890885,1.0296063861890885,1.0089796539745608,1.0172444277844592,1.0296077532013028,1.039404507203848,1.0461824654375584,0.9895,False,1.37,True,1.330605577409849,True,10000,20260808,True,split_normal_in_log_mbh,0.07,0.09,False
v3-shared-science,v3-dataset-catalogue,physical_object,HZA-XQR30-PSO-J158-14,XQR30-PSO-J158-14_mazzucchelli23,HZA-XQR30-PSO-J158-14,PSO J158-14,xqr30_mazzucchelli23,luminous_quasar_comparison,6.0685,2.0,30.0,0.1,1.0,moderate_super_eddington,2.0,0.0,1.0296063861890885,0.5148031930945443,0.5044898269872804,0.5086222138922296,0.5148038766006514,0.519702253601924,0.5230912327187792,0.0,True,1.37,True,1.330605577409849,True,10000,20260808,True,split_normal_in_log_mbh,0.07,0.09,False
v3-shared-science,v3-dataset-catalogue,physical_object,HZA-XQR30-PSO-J158-14,XQR30-PSO-J158-14_mazzucchelli23,HZA-XQR30-PSO-J158-14,PSO J158-14,xqr30_mazzucchelli23,luminous_quasar_comparison,6.0685,2.0,30.0,0.1,1.0,strong_super_eddington,3.0,0.0,1.0296063861890885,0.3432021287296962,0.3363265513248536,0.3390814759281531,0.3432025844004343,0.34646816906794936,0.3487274884791862,0.0,True,1.37,True,1.330605577409849,True,10000,20260808,True,split_normal_in_log_mbh,0.07,0.09,False
v3-shared-science,v3-dataset-catalogue,physical_object,HZA-XQR30-PSO-J183-05,XQR30-PSO-J183-05_mazzucchelli23,HZA-XQR30-PSO-J183-05,PSO J183+05,xqr30_mazzucchelli23,luminous_quasar_comparison,6.4386,2.0,30.0,0.1,1.0,eddington,1.0,0.0,1.1376107476989064,1.1376107476989064,1.034895928028786,1.0741996858419092,1.137764489510475,1.1694745608378625,1.1908169065197074,0.9866,False,0.48,True,0.42193694193810705,True,10000,20260808,True,split_normal_in_log_mbh,0.21,0.41,False
v3-shared-science,v3-dataset-catalogue,physical_object,HZA-XQR30-PSO-J183-05,XQR30-PSO-J183-05_mazzucchelli23,HZA-XQR30-PSO-J183-05,PSO J183+05,xqr30_mazzucchelli23,luminous_quasar_comparison,6.4386,2.0,30.0,0.1,1.0,moderate_super_eddington,2.0,0.0,1.1376107476989064,0.5688053738494532,0.517447964014393,0.5370998429209546,0.5688822447552375,0.5847372804189312,0.5954084532598537,0.0,True,0.48,True,0.42193694193810705,True,10000,20260808,True,split_normal_in_log_mbh,0.21,0.41,False
v3-shared-science,v3-dataset-catalogue,physical_object,HZA-XQR30-PSO-J183-05,XQR30-PSO-J183-05_mazzucchelli23,HZA-XQR30-PSO-J183-05,PSO J183+05,xqr30_mazzucchelli23,luminous_quasar_comparison,6.4386,2.0,30.0,0.1,1.0,strong_super_eddington,3.0,0.0,1.1376107476989064,0.3792035825663021,0.3449653093429286,0.3580665619473031,0.379254829836825,0.38982485361262087,0.39693896883990243,0.0,True,0.48,True,0.42193694193810705,True,10000,20260808,True,split_normal_in_log_mbh,0.21,0.41,False
v3-shared-science,v3-dataset-catalogue,physical_object,HZA-XQR30-PSO-J183-12,XQR30-PSO-J183-12_mazzucchelli23,HZA-XQR30-PSO-J183-12,PSO J183-12,xqr30_mazzucchelli23,luminous_quasar_comparison,5.86,2.0,30.0,0.1,1.0,eddington,1.0,0.0,0.9671771639310505,0.9671771639310505,0.9294589134635978,0.9442022907689381,0.9667631176898549,0.9832716187514499,0.9935563127294647,0.0202,True,1.19,True,1.2303847158294097,True,10000,20260808,True,split_normal_in_log_mbh,0.12,0.17,False
v3-shared-science,v3-dataset-catalogue,physical_object,HZA-XQR30-PSO-J183-12,XQR30-PSO-J183-12_mazzucchelli23,HZA-XQR30-PSO-J183-12,PSO J183-12,xqr30_mazzucchelli23,luminous_quasar_comparison,5.86,2.0,30.0,0.1,1.0,moderate_super_eddington,2.0,0.0,0.9671771639310505,0.48358858196552523,0.4647294567317989,0.47210114538446907,0.48338155884492745,0.49163580937572493,0.4967781563647323,0.0,True,1.19,True,1.2303847158294097,True,10000,20260808,True,split_normal_in_log_mbh,0.12,0.17,False
v3-shared-science,v3-dataset-catalogue,physical_object,HZA-XQR30-PSO-J183-12,XQR30-PSO-J183-12_mazzucchelli23,HZA-XQR30-PSO-J183-12,PSO J183-12,xqr30_mazzucchelli23,luminous_quasar_comparison,5.86,2.0,30.0,0.1,1.0,strong_super_eddington,3.0,0.0,0.9671771639310505,0.3223923879770168,0.30981963782119926,0.3147340969229794,0.32225437256328493,0.3277572062504833,0.3311854375764882,0.0,True,1.19,True,1.2303847158294097,True,10000,20260808,True,split_normal_in_log_mbh,0.12,0.17,False
v3-shared-science,v3-dataset-catalogue,physical_object,HZA-XQR30-PSO-J217-07,XQR30-PSO-J217-07_mazzucchelli23,HZA-XQR30-PSO-J217-07,PSO J217-07,xqr30_mazzucchelli23,luminous_quasar_comparison,6.1663,2.0,30.0,0.1,1.0,eddington,1.0,0.0,0.9945854775540028,0.9945854775540028,0.9325943562758949,0.9561795358507476,0.9942306903582048,1.0176405369085464,1.0324309250729673,0.4015,True,1.3,True,1.3070771988317256,True,10000,20260808,True,split_normal_in_log_mbh,0.16,0.27,False
v3-shared-science,v3-dataset-catalogue,physical_object,HZA-XQR30-PSO-J217-07,XQR30-PSO-J217-07_mazzucchelli23,HZA-XQR30-PSO-J217-07,PSO J217-07,xqr30_mazzucchelli23,luminous_quasar_comparison,6.1663,2.0,30.0,0.1,1.0,moderate_super_eddington,2.0,0.0,0.9945854775540028,0.4972927387770014,0.46629717813794747,0.4780897679253738,0.4971153451791024,0.5088202684542732,0.5162154625364836,0.0,True,1.3,True,1.3070771988317256,True,10000,20260808,True,split_normal_in_log_mbh,0.16,0.27,False
v3-shared-science,v3-dataset-catalogue,physical_object,HZA-XQR30-PSO-J217-07,XQR30-PSO-J217-07_mazzucchelli23,HZA-XQR30-PSO-J217-07,PSO J217-07,xqr30_mazzucchelli23,luminous_quasar_comparison,6.1663,2.0,30.0,0.1,1.0,strong_super_eddington,3.0,0.0,0.9945854775540028,0.33152849251800093,0.31086478542529833,0.3187265119502492,0.33141023011940157,0.3392135123028488,0.3441436416909891,0.0,True,1.3,True,1.3070771988317256,True,10000,20260808,True,split_normal_in_log_mbh,0.16,0.27,False
v3-shared-science,v3-dataset-catalogue,physical_object,HZA-XQR30-PSO-J217-16,XQR30-PSO-J217-16_mazzucchelli23,HZA-XQR30-PSO-J217-16,PSO J217-16,xqr30_mazzucchelli23,luminous_quasar_comparison,6.1498,2.0,30.0,0.1,1.0,eddington,1.0,0.0,1.0079621111653354,1.0079621111653354,0.929530793172451,0.9591859109955633,1.0068660663896898,1.03542374026425,1.0533374722536177,0.5576,False,1.34,True,1.3294150495902923,True,10000,20260808,True,split_normal_in_log_mbh,0.19,0.34,False
v3-shared-science,v3-dataset-catalogue,physical_object,HZA-XQR30-PSO-J217-16,XQR30-PSO-J217-16_mazzucchelli23,HZA-XQR30-PSO-J217-16,PSO J217-16,xqr30_mazzucchelli23,luminous_quasar_comparison,6.1498,2.0,30.0,0.1,1.0,moderate_super_eddington,2.0,0.0,1.0079621111653354,0.5039810555826677,0.4647653965862255,0.47959295549778164,0.5034330331948449,0.517711870132125,0.5266687361268089,0.0,True,1.34,True,1.3294150495902923,True,10000,20260808,True,split_normal_in_log_mbh,0.19,0.34,False
v3-shared-science,v3-dataset-catalogue,physical_object,HZA-XQR30-PSO-J217-16,XQR30-PSO-J217-16_mazzucchelli23,HZA-XQR30-PSO-J217-16,PSO J217-16,xqr30_mazzucchelli23,luminous_quasar_comparison,6.1498,2.0,30.0,0.1,1.0,strong_super_eddington,3.0,0.0,1.0079621111653354,0.3359873703884451,0.3098435977241503,0.3197286369985211,0.33562202212989656,0.34514124675475005,0.35111249075120593,0.0,True,1.34,True,1.3294150495902923,True,10000,20260808,True,split_normal_in_log_mbh,0.19,0.34,False
v3-shared-science,v3-dataset-catalogue,physical_object,HZA-XQR30-PSO-J231-20,XQR30-PSO-J231-20_mazzucchelli23,HZA-XQR30-PSO-J231-20,PSO J231-20,xqr30_mazzucchelli23,luminous_quasar_comparison,6.5869,2.0,30.0,0.1,1.0,eddington,1.0,0.0,1.193910686630459,1.193910686630459,1.1834360669951027,1.1877122951563348,1.1939968007831343,1.200425813730773,1.2043862281047057,1.0,False,0.53,True,0.44391930312291983,True,10000,20260808,True,split_normal_in_log_mbh,0.04,0.04,False
v3-shared-science,v3-dataset-catalogue,physical_object,HZA-XQR30-PSO-J231-20,XQR30-PSO-J231-20_mazzucchelli23,HZA-XQR30-PSO-J231-20,PSO J231-20,xqr30_mazzucchelli23,luminous_quasar_comparison,6.5869,2.0,30.0,0.1,1.0,moderate_super_eddington,2.0,0.0,1.193910686630459,0.5969553433152295,0.5917180334975514,0.5938561475781674,0.5969984003915672,0.6002129068653865,0.6021931140523529,0.0,True,0.53,True,0.44391930312291983,True,10000,20260808,True,split_normal_in_log_mbh,0.04,0.04,False
v3-shared-science,v3-dataset-catalogue,physical_object,HZA-XQR30-PSO-J231-20,XQR30-PSO-J231-20_mazzucchelli23,HZA-XQR30-PSO-J231-20,PSO J231-20,xqr30_mazzucchelli23,luminous_quasar_comparison,6.5869,2.0,30.0,0.1,1.0,strong_super_eddington,3.0,0.0,1.193910686630459,0.39797022887681965,0.3944786889983676,0.3959040983854449,0.3979989335943781,0.40014193791025765,0.4014620760349019,0.0,True,0.53,True,0.44391930312291983,True,10000,20260808,True,split_normal_in_log_mbh,0.04,0.04,False
v3-shared-science,v3-dataset-catalogue,physical_object,HZA-XQR30-PSO-J239-07,XQR30-PSO-J239-07_mazzucchelli23,HZA-XQR30-PSO-J239-07,PSO J239-07,xqr30_mazzucchelli23,luminous_quasar_comparison,6.1102,2.0,30.0,0.1,1.0,eddington,1.0,0.0,1.0554846349957794,1.0554846349957794,1.0412667541897773,1.0467253476397245,1.055370604853887,1.0626763173604512,1.0673716120744516,1.0,False,0.83,True,0.7863686239291574,True,10000,20260808,True,split_normal_in_log_mbh,0.05,0.06,False
v3-shared-science,v3-dataset-catalogue,physical_object,HZA-XQR30-PSO-J239-07,XQR30-PSO-J239-07_mazzucchelli23,HZA-XQR30-PSO-J239-07,PSO J239-07,xqr30_mazzucchelli23,luminous_quasar_comparison,6.1102,2.0,30.0,0.1,1.0,moderate_super_eddington,2.0,0.0,1.0554846349957794,0.5277423174978897,0.5206333770948887,0.5233626738198622,0.5276853024269434,0.5313381586802256,0.5336858060372258,0.0,True,0.83,True,0.7863686239291574,True,10000,20260808,True,split_normal_in_log_mbh,0.05,0.06,False
v3-shared-science,v3-dataset-catalogue,physical_object,HZA-XQR30-PSO-J239-07,XQR30-PSO-J239-07_mazzucchelli23,HZA-XQR30-PSO-J239-07,PSO J239-07,xqr30_mazzucchelli23,luminous_quasar_comparison,6.1102,2.0,30.0,0.1,1.0,strong_super_eddington,3.0,0.0,1.0554846349957794,0.3518282116652598,0.3470889180632591,0.3489084492132415,0.3517902016179624,0.3542254391201504,0.3557905373581506,0.0,True,0.83,True,0.7863686239291574,True,10000,20260808,True,split_normal_in_log_mbh,0.05,0.06,False
v3-shared-science,v3-dataset-catalogue,physical_object,HZA-XQR30-PSO-J242-12,XQR30-PSO-J242-12_mazzucchelli23,HZA-XQR30-PSO-J242-12,PSO J242-12,xqr30_mazzucchelli23,luminous_quasar_comparison,5.83,2.0,30.0,0.1,1.0,eddington,1.0,0.0,0.998688101860806,0.998688101860806,0.9703600888207233,0.98166661052343,0.9986695955588567,1.0120506806072254,1.0210846191984317,0.4624,True,0.43,True,0.4305648572350089,True,10000,20260808,True,split_normal_in_log_mbh,0.1,0.13,False
v3-shared-science,v3-dataset-catalogue,physical_object,HZA-XQR30-PSO-J242-12,XQR30-PSO-J242-12_mazzucchelli23,HZA-XQR30-PSO-J242-12,PSO J242-12,xqr30_mazzucchelli23,luminous_quasar_comparison,5.83,2.0,30.0,0.1,1.0,moderate_super_eddington,2.0,0.0,0.998688101860806,0.499344050930403,0.48518004441036167,0.490833305261715,0.49933479777942835,0.5060253403036127,0.5105423095992159,0.0,True,0.43,True,0.4305648572350089,True,10000,20260808,True,split_normal_in_log_mbh,0.1,0.13,False
v3-shared-science,v3-dataset-catalogue,physical_object,HZA-XQR30-PSO-J242-12,XQR30-PSO-J242-12_mazzucchelli23,HZA-XQR30-PSO-J242-12,PSO J242-12,xqr30_mazzucchelli23,luminous_quasar_comparison,5.83,2.0,30.0,0.1,1.0,strong_super_eddington,3.0,0.0,0.998688101860806,0.332896033953602,0.32345336294024113,0.32722220350781,0.33288986518628555,0.3373502268690751,0.3403615397328106,0.0,True,0.43,True,0.4305648572350089,True,10000,20260808,True,split_normal_in_log_mbh,0.1,0.13,False
v3-shared-science,v3-dataset-catalogue,physical_object,HZA-XQR30-PSO-J308-27,XQR30-PSO-J308-27_mazzucchelli23,HZA-XQR30-PSO-J308-27,PSO J308-27,xqr30_mazzucchelli23,luminous_quasar_comparison,5.7985,2.0,30.0,0.1,1.0,eddington,1.0,0.0,0.9355908784399009,0.9355908784399009,0.9246970645658884,0.9288936963561768,0.9355964118537636,0.9419574146494375,0.9460461934060694,0.0,True,1.4,True,1.4963805572094737,True,10000,20260808,True,split_normal_in_log_mbh,0.05,0.05,False
v3-shared-science,v3-dataset-catalogue,physical_object,HZA-XQR30-PSO-J308-27,XQR30-PSO-J308-27_mazzucchelli23,HZA-XQR30-PSO-J308-27,PSO J308-27,xqr30_mazzucchelli23,luminous_quasar_comparison,5.7985,2.0,30.0,0.1,1.0,moderate_super_eddington,2.0,0.0,0.9355908784399009,0.4677954392199504,0.4623485322829442,0.4644468481780884,0.4677982059268818,0.47097870732471875,0.4730230967030347,0.0,True,1.4,True,1.4963805572094737,True,10000,20260808,True,split_normal_in_log_mbh,0.05,0.05,False
v3-shared-science,v3-dataset-catalogue,physical_object,HZA-XQR30-PSO-J308-27,XQR30-PSO-J308-27_mazzucchelli23,HZA-XQR30-PSO-J308-27,PSO J308-27,xqr30_mazzucchelli23,luminous_quasar_comparison,5.7985,2.0,30.0,0.1,1.0,strong_super_eddington,3.0,0.0,0.9355908784399009,0.3118636261466336,0.30823235485529615,0.30963123211872556,0.3118654706179212,0.31398580488314587,0.3153487311353565,0.0,True,1.4,True,1.4963805572094737,True,10000,20260808,True,split_normal_in_log_mbh,0.05,0.05,False
v3-shared-science,v3-dataset-catalogue,physical_object,HZA-XQR30-PSO-J323-12,XQR30-PSO-J323-12_mazzucchelli23,HZA-XQR30-PSO-J323-12,PSO J323+12,xqr30_mazzucchelli23,luminous_quasar_comparison,6.5872,2.0,30.0,0.1,1.0,eddington,1.0,0.0,1.0987258829488402,1.0987258829488402,1.0672807047421418,1.0799046622141568,1.0986087454146185,1.1127951069407145,1.1221847456475122,1.0,False,1.73,True,1.5745510566811265,True,10000,20260808,True,split_normal_in_log_mbh,0.09,0.12,False
v3-shared-science,v3-dataset-catalogue,physical_object,HZA-XQR30-PSO-J323-12,XQR30-PSO-J323-12_mazzucchelli23,HZA-XQR30-PSO-J323-12,PSO J323+12,xqr30_mazzucchelli23,luminous_quasar_comparison,6.5872,2.0,30.0,0.1,1.0,moderate_super_eddington,2.0,0.0,1.0987258829488402,0.5493629414744201,0.5336403523710709,0.5399523311070784,0.5493043727073093,0.5563975534703572,0.5610923728237561,0.0,True,1.73,True,1.5745510566811265,True,10000,20260808,True,split_normal_in_log_mbh,0.09,0.12,False
v3-shared-science,v3-dataset-catalogue,physical_object,HZA-XQR30-PSO-J323-12,XQR30-PSO-J323-12_mazzucchelli23,HZA-XQR30-PSO-J323-12,PSO J323+12,xqr30_mazzucchelli23,luminous_quasar_comparison,6.5872,2.0,30.0,0.1,1.0,strong_super_eddington,3.0,0.0,1.0987258829488402,0.36624196098294676,0.3557602349140473,0.3599682207380523,0.36620291513820613,0.37093170231357153,0.3740615818825041,0.0,True,1.73,True,1.5745510566811265,True,10000,20260808,True,split_normal_in_log_mbh,0.09,0.12,False
v3-shared-science,v3-dataset-catalogue,physical_object,HZA-XQR30-PSO-J359-06,XQR30-PSO-J359-06_mazzucchelli23,HZA-XQR30-PSO-J359-06,PSO J359-06,xqr30_mazzucchelli23,luminous_quasar_comparison,6.1722,2.0,30.0,0.1,1.0,eddington,1.0,0.0,1.010399562464717,1.010399562464717,0.9814419766843638,0.9929800359490394,1.0105015475361978,1.023367265523861,1.0315148761430888,0.7255,False,1.53,True,1.514252437192071,True,10000,20260808,True,split_normal_in_log_mbh,0.09,0.12,False
v3-shared-science,v3-dataset-catalogue,physical_object,HZA-XQR30-PSO-J359-06,XQR30-PSO-J359-06_mazzucchelli23,HZA-XQR30-PSO-J359-06,PSO J359-06,xqr30_mazzucchelli23,luminous_quasar_comparison,6.1722,2.0,30.0,0.1,1.0,moderate_super_eddington,2.0,0.0,1.010399562464717,0.5051997812323585,0.4907209883421819,0.4964900179745197,0.5052507737680989,0.5116836327619305,0.5157574380715444,0.0,True,1.53,True,1.514252437192071,True,10000,20260808,True,split_normal_in_log_mbh,0.09,0.12,False
v3-shared-science,v3-dataset-catalogue,physical_object,HZA-XQR30-PSO-J359-06,XQR30-PSO-J359-06_mazzucchelli23,HZA-XQR30-PSO-J359-06,PSO J359-06,xqr30_mazzucchelli23,luminous_quasar_comparison,6.1722,2.0,30.0,0.1,1.0,strong_super_eddington,3.0,0.0,1.010399562464717,0.3367998541549057,0.3271473255614546,0.33099334531634644,0.3368338491787326,0.341122421841287,0.3438382920476962,0.0,True,1.53,True,1.514252437192071,True,10000,20260808,True,split_normal_in_log_mbh,0.09,0.12,False
v3-shared-science,v3-dataset-catalogue,physical_object,HZA-XQR30-SDSS-J0100-2802,XQR30-SDSS-J0100-2802_mazzucchelli23,HZA-XQR30-SDSS-J0100-2802,SDSS J0100+2802,xqr30_mazzucchelli23,luminous_quasar_comparison,6.3268,2.0,30.0,0.1,1.0,eddington,1.0,0.0,1.212039102186527,1.212039102186527,1.1872397823698828,1.1974644122847764,1.2119696845739498,1.2419620396664315,1.2611202551573426,1.0,False,0.77,True,0.6352930351924411,True,10000,20260808,True,split_normal_in_log_mbh,0.2,0.1,False
v3-shared-science,v3-dataset-catalogue,physical_object,HZA-XQR30-SDSS-J0100-2802,XQR30-SDSS-J0100-2802_mazzucchelli23,HZA-XQR30-SDSS-J0100-2802,SDSS J0100+2802,xqr30_mazzucchelli23,luminous_quasar_comparison,6.3268,2.0,30.0,0.1,1.0,moderate_super_eddington,2.0,0.0,1.212039102186527,0.6060195510932636,0.5936198911849414,0.5987322061423882,0.6059848422869749,0.6209810198332157,0.6305601275786713,0.0,True,0.77,True,0.6352930351924411,True,10000,20260808,True,split_normal_in_log_mbh,0.2,0.1,False
v3-shared-science,v3-dataset-catalogue,physical_object,HZA-XQR30-SDSS-J0100-2802,XQR30-SDSS-J0100-2802_mazzucchelli23,HZA-XQR30-SDSS-J0100-2802,SDSS J0100+2802,xqr30_mazzucchelli23,luminous_quasar_comparison,6.3268,2.0,30.0,0.1,1.0,strong_super_eddington,3.0,0.0,1.212039102186527,0.4040130340621757,0.39574659412329427,0.39915480409492543,0.40398989485798326,0.41398734655547714,0.4203734183857809,0.0,True,0.77,True,0.6352930351924411,True,10000,20260808,True,split_normal_in_log_mbh,0.2,0.1,False
v3-shared-science,v3-dataset-catalogue,physical_object,HZA-XQR30-SDSS-J0818-1722,XQR30-SDSS-J0818-1722_mazzucchelli23,HZA-XQR30-SDSS-J0818-1722,SDSS J0818+1722,xqr30_mazzucchelli23,luminous_quasar_comparison,5.96,2.0,30.0,0.1,1.0,eddington,1.0,0.0,1.0649896178013099,1.0649896178013099,1.0494620181717338,1.0556257824702557,1.064999636582191,1.0731291955140854,1.0785514538745011,1.0,False,0.6,True,0.5633857738807921,True,10000,20260808,True,split_normal_in_log_mbh,0.06,0.07,False
v3-shared-science,v3-dataset-catalogue,physical_object,HZA-XQR30-SDSS-J0818-1722,XQR30-SDSS-J0818-1722_mazzucchelli23,HZA-XQR30-SDSS-J0818-1722,SDSS J0818+1722,xqr30_mazzucchelli23,luminous_quasar_comparison,5.96,2.0,30.0,0.1,1.0,moderate_super_eddington,2.0,0.0,1.0649896178013099,0.5324948089006549,0.5247310090858669,0.5278128912351279,0.5324998182910955,0.5365645977570427,0.5392757269372506,0.0,True,0.6,True,0.5633857738807921,True,10000,20260808,True,split_normal_in_log_mbh,0.06,0.07,False
v3-shared-science,v3-dataset-catalogue,physical_object,HZA-XQR30-SDSS-J0818-1722,XQR30-SDSS-J0818-1722_mazzucchelli23,HZA-XQR30-SDSS-J0818-1722,SDSS J0818+1722,xqr30_mazzucchelli23,luminous_quasar_comparison,5.96,2.0,30.0,0.1,1.0,strong_super_eddington,3.0,0.0,1.0649896178013099,0.3549965392671033,0.34982067272391126,0.3518752608234186,0.3549998788607303,0.35770973183802846,0.35951715129150036,0.0,True,0.6,True,0.5633857738807921,True,10000,20260808,True,split_normal_in_log_mbh,0.06,0.07,False
v3-shared-science,v3-dataset-catalogue,physical_object,HZA-XQR30-SDSS-J0836-0054,XQR30-SDSS-J0836-0054_mazzucchelli23,HZA-XQR30-SDSS-J0836-0054,SDSS J0836+0054,xqr30_mazzucchelli23,luminous_quasar_comparison,5.773,2.0,30.0,0.1,1.0,eddington,1.0,0.0,0.9953139794521272,0.9953139794521272,0.9779417257269019,0.9848606800418954,0.9950990482996946,1.011855577151491,1.0233349494681065,0.3863,True,1.72,True,1.7280979022788143,True,10000,20260808,True,split_normal_in_log_mbh,0.13,0.08,False
v3-shared-science,v3-dataset-catalogue,physical_object,HZA-XQR30-SDSS-J0836-0054,XQR30-SDSS-J0836-0054_mazzucchelli23,HZA-XQR30-SDSS-J0836-0054,SDSS J0836+0054,xqr30_mazzucchelli23,luminous_quasar_comparison,5.773,2.0,30.0,0.1,1.0,moderate_super_eddington,2.0,0.0,0.9953139794521272,0.4976569897260636,0.48897086286345093,0.4924303400209477,0.4975495241498473,0.5059277885757455,0.5116674747340533,0.0,True,1.72,True,1.7280979022788143,True,10000,20260808,True,split_normal_in_log_mbh,0.13,0.08,False
v3-shared-science,v3-dataset-catalogue,physical_object,HZA-XQR30-SDSS-J0836-0054,XQR30-SDSS-J0836-0054_mazzucchelli23,HZA-XQR30-SDSS-J0836-0054,SDSS J0836+0054,xqr30_mazzucchelli23,luminous_quasar_comparison,5.773,2.0,30.0,0.1,1.0,strong_super_eddington,3.0,0.0,0.9953139794521272,0.3317713264840424,0.3259805752423006,0.3282868933472985,0.3316996827665649,0.33728519238383037,0.3411116498227022,0.0,True,1.72,True,1.7280979022788143,True,10000,20260808,True,split_normal_in_log_mbh,0.13,0.08,False
v3-shared-science,v3-dataset-catalogue,physical_object,HZA-XQR30-SDSS-J0842-1218,XQR30-SDSS-J0842-1218_mazzucchelli23,HZA-XQR30-SDSS-J0842-1218,SDSS J0842+1218,xqr30_mazzucchelli23,luminous_quasar_comparison,6.0754,2.0,30.0,0.1,1.0,eddington,1.0,0.0,1.029884850265535,1.029884850265535,1.008730970031534,1.017287079145483,1.029789630292391,1.039725985717955,1.0462483128917983,0.9901,False,0.68,True,0.6602679899841967,True,10000,20260808,True,split_normal_in_log_mbh,0.07,0.09,False
v3-shared-science,v3-dataset-catalogue,physical_object,HZA-XQR30-SDSS-J0842-1218,XQR30-SDSS-J0842-1218_mazzucchelli23,HZA-XQR30-SDSS-J0842-1218,SDSS J0842+1218,xqr30_mazzucchelli23,luminous_quasar_comparison,6.0754,2.0,30.0,0.1,1.0,moderate_super_eddington,2.0,0.0,1.029884850265535,0.5149424251327674,0.504365485015767,0.5086435395727416,0.5148948151461955,0.5198629928589775,0.5231241564458992,0.0,True,0.68,True,0.6602679899841967,True,10000,20260808,True,split_normal_in_log_mbh,0.07,0.09,False
v3-shared-science,v3-dataset-catalogue,physical_object,HZA-XQR30-SDSS-J0842-1218,XQR30-SDSS-J0842-1218_mazzucchelli23,HZA-XQR30-SDSS-J0842-1218,SDSS J0842+1218,xqr30_mazzucchelli23,luminous_quasar_comparison,6.0754,2.0,30.0,0.1,1.0,strong_super_eddington,3.0,0.0,1.029884850265535,0.34329495008851163,0.336243656677178,0.33909569304849435,0.34326321009746363,0.3465753285726517,0.34874943763059946,0.0,True,0.68,True,0.6602679899841967,True,10000,20260808,True,split_normal_in_log_mbh,0.07,0.09,False
v3-shared-science,v3-dataset-catalogue,physical_object,HZA-XQR30-SDSS-J0927-2001,XQR30-SDSS-J0927-2001_mazzucchelli23,HZA-XQR30-SDSS-J0927-2001,SDSS J0927+2001,xqr30_mazzucchelli23,luminous_quasar_comparison,5.7722,2.0,30.0,0.1,1.0,eddington,1.0,0.0,0.9321856534592414,0.9321856534592414,0.9131420031897468,0.9204567283651437,0.9321021847294826,0.9448336850672973,0.953514708455015,0.0,True,1.01,True,1.0834751599662555,True,10000,20260808,True,split_normal_in_log_mbh,0.1,0.09,False
v3-shared-science,v3-dataset-catalogue,physical_object,HZA-XQR30-SDSS-J0927-2001,XQR30-SDSS-J0927-2001_mazzucchelli23,HZA-XQR30-SDSS-J0927-2001,SDSS J0927+2001,xqr30_mazzucchelli23,luminous_quasar_comparison,5.7722,2.0,30.0,0.1,1.0,moderate_super_eddington,2.0,0.0,0.9321856534592414,0.4660928267296207,0.4565710015948734,0.46022836418257185,0.4660510923647413,0.47241684253364863,0.4767573542275075,0.0,True,1.01,True,1.0834751599662555,True,10000,20260808,True,split_normal_in_log_mbh,0.1,0.09,False
v3-shared-science,v3-dataset-catalogue,physical_object,HZA-XQR30-SDSS-J0927-2001,XQR30-SDSS-J0927-2001_mazzucchelli23,HZA-XQR30-SDSS-J0927-2001,SDSS J0927+2001,xqr30_mazzucchelli23,luminous_quasar_comparison,5.7722,2.0,30.0,0.1,1.0,strong_super_eddington,3.0,0.0,0.9321856534592414,0.31072855115308046,0.30438066772991557,0.3068189094550479,0.31070072824316086,0.31494456168909907,0.3178382361516716,0.0,True,1.01,True,1.0834751599662555,True,10000,20260808,True,split_normal_in_log_mbh,0.1,0.09,False
v3-shared-science,v3-dataset-catalogue,physical_object,HZA-XQR30-SDSS-J1030-0524,XQR30-SDSS-J1030-0524_mazzucchelli23,HZA-XQR30-SDSS-J1030-0524,SDSS J1030+0524,xqr30_mazzucchelli23,luminous_quasar_comparison,6.304,2.0,30.0,0.1,1.0,eddington,1.0,0.0,1.0821232774901999,1.0821232774901999,1.0603784260377778,1.0690683621085233,1.0824460981251416,1.0955245525575257,1.1043749130875757,1.0,False,0.57,True,0.52674220382914,True,10000,20260808,True,split_normal_in_log_mbh,0.09,0.09,False
v3-shared-science,v3-dataset-catalogue,physical_object,HZA-XQR30-SDSS-J1030-0524,XQR30-SDSS-J1030-0524_mazzucchelli23,HZA-XQR30-SDSS-J1030-0524,SDSS J1030+0524,xqr30_mazzucchelli23,luminous_quasar_comparison,6.304,2.0,30.0,0.1,1.0,moderate_super_eddington,2.0,0.0,1.0821232774901999,0.5410616387450999,0.5301892130188889,0.5345341810542616,0.5412230490625708,0.5477622762787628,0.5521874565437879,0.0,True,0.57,True,0.52674220382914,True,10000,20260808,True,split_normal_in_log_mbh,0.09,0.09,False
v3-shared-science,v3-dataset-catalogue,physical_object,HZA-XQR30-SDSS-J1030-0524,XQR30-SDSS-J1030-0524_mazzucchelli23,HZA-XQR30-SDSS-J1030-0524,SDSS J1030+0524,xqr30_mazzucchelli23,luminous_quasar_comparison,6.304,2.0,30.0,0.1,1.0,strong_super_eddington,3.0,0.0,1.0821232774901999,0.3607077591634,0.3534594753459259,0.35635612070284106,0.3608153660417138,0.36517485085250856,0.3681249710291919,0.0,True,0.57,True,0.52674220382914,True,10000,20260808,True,split_normal_in_log_mbh,0.09,0.09,False
v3-shared-science,v3-dataset-catalogue,physical_object,HZA-XQR30-SDSS-J1306-0356,XQR30-SDSS-J1306-0356_mazzucchelli23,HZA-XQR30-SDSS-J1306-0356,SDSS J1306+0356,xqr30_mazzucchelli23,luminous_quasar_comparison,6.033,2.0,30.0,0.1,1.0,eddington,1.0,0.0,1.0181446072106533,1.0181446072106533,0.9769601045413493,0.993226285811846,1.0179965586471664,1.0303873534642423,1.0383193279469491,0.7671,False,0.48,True,0.4714458011176092,True,10000,20260808,True,split_normal_in_log_mbh,0.09,0.18,False
v3-shared-science,v3-dataset-catalogue,physical_object,HZA-XQR30-SDSS-J1306-0356,XQR30-SDSS-J1306-0356_mazzucchelli23,HZA-XQR30-SDSS-J1306-0356,SDSS J1306+0356,xqr30_mazzucchelli23,luminous_quasar_comparison,6.033,2.0,30.0,0.1,1.0,moderate_super_eddington,2.0,0.0,1.0181446072106533,0.5090723036053266,0.48848005227067465,0.496613142905923,0.5089982793235832,0.5151936767321211,0.5191596639734746,0.0,True,0.48,True,0.4714458011176092,True,10000,20260808,True,split_normal_in_log_mbh,0.09,0.18,False
v3-shared-science,v3-dataset-catalogue,physical_object,HZA-XQR30-SDSS-J1306-0356,XQR30-SDSS-J1306-0356_mazzucchelli23,HZA-XQR30-SDSS-J1306-0356,SDSS J1306+0356,xqr30_mazzucchelli23,luminous_quasar_comparison,6.033,2.0,30.0,0.1,1.0,strong_super_eddington,3.0,0.0,1.0181446072106533,0.3393815357368844,0.32565336818044976,0.3310754286039487,0.33933218621572214,0.3434624511547474,0.346106442648983,0.0,True,0.48,True,0.4714458011176092,True,10000,20260808,True,split_normal_in_log_mbh,0.09,0.18,False
v3-shared-science,v3-dataset-catalogue,physical_object,HZA-XQR30-SDSS-J2310-1855,XQR30-SDSS-J2310-1855_mazzucchelli23,HZA-XQR30-SDSS-J2310-1855,SDSS J2310+1855,xqr30_mazzucchelli23,luminous_quasar_comparison,6.0031,2.0,30.0,0.1,1.0,eddington,1.0,0.0,1.0635867587616736,1.0635867587616736,1.0452927210657623,1.0527382729057277,1.0634253518137848,1.0717355471925,1.0772272075459541,1.0,False,0.51,True,0.47950954240328203,True,10000,20260808,True,split_normal_in_log_mbh,0.06,0.08,False
v3-shared-science,v3-dataset-catalogue,physical_object,HZA-XQR30-SDSS-J2310-1855,XQR30-SDSS-J2310-1855_mazzucchelli23,HZA-XQR30-SDSS-J2310-1855,SDSS J2310+1855,xqr30_mazzucchelli23,luminous_quasar_comparison,6.0031,2.0,30.0,0.1,1.0,moderate_super_eddington,2.0,0.0,1.0635867587616736,0.5317933793808368,0.5226463605328812,0.5263691364528639,0.5317126759068924,0.53586777359625,0.5386136037729771,0.0,True,0.51,True,0.47950954240328203,True,10000,20260808,True,split_normal_in_log_mbh,0.06,0.08,False
v3-shared-science,v3-dataset-catalogue,physical_object,HZA-XQR30-SDSS-J2310-1855,XQR30-SDSS-J2310-1855_mazzucchelli23,HZA-XQR30-SDSS-J2310-1855,SDSS J2310+1855,xqr30_mazzucchelli23,luminous_quasar_comparison,6.0031,2.0,30.0,0.1,1.0,strong_super_eddington,3.0,0.0,1.0635867587616736,0.35452891958722454,0.3484309070219208,0.3509127576352426,0.3544751172712616,0.3572451823975001,0.3590757358486514,0.0,True,0.51,True,0.47950954240328203,True,10000,20260808,True,split_normal_in_log_mbh,0.06,0.08,False
v3-shared-science,v3-dataset-catalogue,physical_object,HZA-XQR30-ULAS-J0148-0600,XQR30-ULAS-J0148-0600_mazzucchelli23,HZA-XQR30-ULAS-J0148-0600,ULAS J0148+0600,xqr30_mazzucchelli23,luminous_quasar_comparison,5.977,2.0,30.0,0.1,1.0,eddington,1.0,0.0,1.0445472637176638,1.0445472637176638,1.0308053325880244,1.0365341392053025,1.0446094117301428,1.0557452395776625,1.062990094125405,1.0,False,0.68,True,0.6509997427783228,True,10000,20260808,True,split_normal_in_log_mbh,0.08,0.06,False
v3-shared-science,v3-dataset-catalogue,physical_object,HZA-XQR30-ULAS-J0148-0600,XQR30-ULAS-J0148-0600_mazzucchelli23,HZA-XQR30-ULAS-J0148-0600,ULAS J0148+0600,xqr30_mazzucchelli23,luminous_quasar_comparison,5.977,2.0,30.0,0.1,1.0,moderate_super_eddington,2.0,0.0,1.0445472637176638,0.5222736318588319,0.5154026662940122,0.5182670696026512,0.5223047058650714,0.5278726197888313,0.5314950470627025,0.0,True,0.68,True,0.6509997427783228,True,10000,20260808,True,split_normal_in_log_mbh,0.08,0.06,False
v3-shared-science,v3-dataset-catalogue,physical_object,HZA-XQR30-ULAS-J0148-0600,XQR30-ULAS-J0148-0600_mazzucchelli23,HZA-XQR30-ULAS-J0148-0600,ULAS J0148+0600,xqr30_mazzucchelli23,luminous_quasar_comparison,5.977,2.0,30.0,0.1,1.0,strong_super_eddington,3.0,0.0,1.0445472637176638,0.3481824212392213,0.34360177752934146,0.3455113797351008,0.3482031372433809,0.3519150798592209,0.35433003137513497,0.0,True,0.68,True,0.6509997427783228,True,10000,20260808,True,split_normal_in_log_mbh,0.08,0.06,False
v3-shared-science,v3-dataset-catalogue,physical_object,HZA-XQR30-ULAS-J1319-0950,XQR30-ULAS-J1319-0950_mazzucchelli23,HZA-XQR30-ULAS-J1319-0950,ULAS J1319+0950,xqr30_mazzucchelli23,luminous_quasar_comparison,6.1347,2.0,30.0,0.1,1.0,eddington,1.0,0.0,1.0773490607558267,1.0773490607558267,1.0506236464902738,1.0613823143438612,1.0771321985518063,1.0844757833462704,1.0888964914035169,1.0,False,0.13,False,,True,10000,20260808,True,split_normal_in_log_mbh,0.05,0.11,False
v3-shared-science,v3-dataset-catalogue,physical_object,HZA-XQR30-ULAS-J1319-0950,XQR30-ULAS-J1319-0950_mazzucchelli23,HZA-XQR30-ULAS-J1319-0950,ULAS J1319+0950,xqr30_mazzucchelli23,luminous_quasar_comparison,6.1347,2.0,30.0,0.1,1.0,moderate_super_eddington,2.0,0.0,1.0773490607558267,0.5386745303779134,0.5253118232451369,0.5306911571719306,0.5385660992759032,0.5422378916731352,0.5444482457017584,0.0,True,0.13,False,,True,10000,20260808,True,split_normal_in_log_mbh,0.05,0.11,False
v3-shared-science,v3-dataset-catalogue,physical_object,HZA-XQR30-ULAS-J1319-0950,XQR30-ULAS-J1319-0950_mazzucchelli23,HZA-XQR30-ULAS-J1319-0950,ULAS J1319+0950,xqr30_mazzucchelli23,luminous_quasar_comparison,6.1347,2.0,30.0,0.1,1.0,strong_super_eddington,3.0,0.0,1.0773490607558267,0.35911635358527555,0.35020788216342463,0.3537941047812871,0.3590440661839355,0.3614919277820901,0.36296549713450565,0.0,True,0.13,False,,True,10000,20260808,True,split_normal_in_log_mbh,0.05,0.11,False
v3-shared-science,v3-dataset-catalogue,physical_object,HZA-XQR30-VDES-J0224-4711,XQR30-VDES-J0224-4711_mazzucchelli23,HZA-XQR30-VDES-J0224-4711,VDES J0224-4711,xqr30_mazzucchelli23,luminous_quasar_comparison,6.526,2.0,30.0,0.1,1.0,eddington,1.0,0.0,1.1259619134839471,1.1259619134839471,1.1049478371253545,1.1132409244415762,1.1257102059330206,1.135116009544313,1.1407652704549278,1.0,False,1.72,True,1.5275827533792705,True,10000,20260808,True,split_normal_in_log_mbh,0.06,0.08,False
v3-shared-science,v3-dataset-catalogue,physical_object,HZA-XQR30-VDES-J0224-4711,XQR30-VDES-J0224-4711_mazzucchelli23,HZA-XQR30-VDES-J0224-4711,VDES J0224-4711,xqr30_mazzucchelli23,luminous_quasar_comparison,6.526,2.0,30.0,0.1,1.0,moderate_super_eddington,2.0,0.0,1.1259619134839471,0.5629809567419736,0.5524739185626772,0.5566204622207881,0.5628551029665103,0.5675580047721565,0.5703826352274639,0.0,True,1.72,True,1.5275827533792705,True,10000,20260808,True,split_normal_in_log_mbh,0.06,0.08,False
v3-shared-science,v3-dataset-catalogue,physical_object,HZA-XQR30-VDES-J0224-4711,XQR30-VDES-J0224-4711_mazzucchelli23,HZA-XQR30-VDES-J0224-4711,VDES J0224-4711,xqr30_mazzucchelli23,luminous_quasar_comparison,6.526,2.0,30.0,0.1,1.0,strong_super_eddington,3.0,0.0,1.1259619134839471,0.37532063782798236,0.36831594570845144,0.37108030814719206,0.3752367353110069,0.3783720031814376,0.3802550901516426,0.0,True,1.72,True,1.5275827533792705,True,10000,20260808,True,split_normal_in_log_mbh,0.06,0.08,False
v3-shared-science,v3-dataset-catalogue,physical_object,HZA-XQR30-VDES-J0408-5632,XQR30-VDES-J0408-5632_mazzucchelli23,HZA-XQR30-VDES-J0408-5632,VDES J0408-5632,xqr30_mazzucchelli23,luminous_quasar_comparison,6.0345,2.0,30.0,0.1,1.0,eddington,1.0,0.0,1.0213033801847264,1.0213033801847264,1.0008247724136572,1.0089037321544079,1.02134620374283,1.032501782843148,1.0395507308331466,0.9566,False,0.57,True,0.5581103627571489,True,10000,20260808,True,split_normal_in_log_mbh,0.08,0.09,False
v3-shared-science,v3-dataset-catalogue,physical_object,HZA-XQR30-VDES-J0408-5632,XQR30-VDES-J0408-5632_mazzucchelli23,HZA-XQR30-VDES-J0408-5632,VDES J0408-5632,xqr30_mazzucchelli23,luminous_quasar_comparison,6.0345,2.0,30.0,0.1,1.0,moderate_super_eddington,2.0,0.0,1.0213033801847264,0.5106516900923632,0.5004123862068286,0.5044518660772039,0.510673101871415,0.516250891421574,0.5197753654165733,0.0,True,0.57,True,0.5581103627571489,True,10000,20260808,True,split_normal_in_log_mbh,0.08,0.09,False
v3-shared-science,v3-dataset-catalogue,physical_object,HZA-XQR30-VDES-J0408-5632,XQR30-VDES-J0408-5632_mazzucchelli23,HZA-XQR30-VDES-J0408-5632,VDES J0408-5632,xqr30_mazzucchelli23,luminous_quasar_comparison,6.0345,2.0,30.0,0.1,1.0,strong_super_eddington,3.0,0.0,1.0213033801847264,0.34043446006157546,0.333608257471219,0.3363012440514693,0.3404487345809434,0.34416726094771605,0.34651691027771553,0.0,True,0.57,True,0.5581103627571489,True,10000,20260808,True,split_normal_in_log_mbh,0.08,0.09,False
v3-shared-science,v3-dataset-catalogue,physical_object,HZA-XQR30-VDES-J2211-3206,XQR30-VDES-J2211-3206_mazzucchelli23,HZA-XQR30-VDES-J2211-3206,VDES J2211-3206,xqr30_mazzucchelli23,luminous_quasar_comparison,6.3394,2.0,30.0,0.1,1.0,eddington,1.0,0.0,1.095512049029781,1.095512049029781,1.036483779888041,1.0592079514069705,1.0952650061550004,1.1176779315240817,1.1323792525756484,0.9965,False,1.06,True,0.9675840634877257,True,10000,20260808,True,split_normal_in_log_mbh,0.15,0.24,False
v3-shared-science,v3-dataset-catalogue,physical_object,HZA-XQR30-VDES-J2211-3206,XQR30-VDES-J2211-3206_mazzucchelli23,HZA-XQR30-VDES-J2211-3206,VDES J2211-3206,xqr30_mazzucchelli23,luminous_quasar_comparison,6.3394,2.0,30.0,0.1,1.0,moderate_super_eddington,2.0,0.0,1.095512049029781,0.5477560245148905,0.5182418899440205,0.5296039757034853,0.5476325030775002,0.5588389657620408,0.5661896262878242,0.0,True,1.06,True,0.9675840634877257,True,10000,20260808,True,split_normal_in_log_mbh,0.15,0.24,False
v3-shared-science,v3-dataset-catalogue,physical_object,HZA-XQR30-VDES-J2211-3206,XQR30-VDES-J2211-3206_mazzucchelli23,HZA-XQR30-VDES-J2211-3206,VDES J2211-3206,xqr30_mazzucchelli23,luminous_quasar_comparison,6.3394,2.0,30.0,0.1,1.0,strong_super_eddington,3.0,0.0,1.095512049029781,0.365170683009927,0.3454945932960137,0.35306931713565687,0.3650883353850002,0.3725593105080272,0.37745975085854955,0.0,True,1.06,True,0.9675840634877257,True,10000,20260808,True,split_normal_in_log_mbh,0.15,0.24,False
v3-shared-science,v3-dataset-catalogue,physical_object,HZA-XQR30-VDES-J2250-5015,XQR30-VDES-J2250-5015_mazzucchelli23,HZA-XQR30-VDES-J2250-5015,VDES J2250-5015,xqr30_mazzucchelli23,luminous_quasar_comparison,5.9767,2.0,30.0,0.1,1.0,eddington,1.0,0.0,1.0554954428968102,1.0554954428968102,0.9620244121404474,1.0000676222224523,1.0547911529947347,1.1118567944533018,1.1491411307951473,0.8403,False,0.46,True,0.43581429280028794,True,10000,20260808,True,split_normal_in_log_mbh,0.41,0.41,False
v3-shared-science,v3-dataset-catalogue,physical_object,HZA-XQR30-VDES-J2250-5015,XQR30-VDES-J2250-5015_mazzucchelli23,HZA-XQR30-VDES-J2250-5015,VDES J2250-5015,xqr30_mazzucchelli23,luminous_quasar_comparison,5.9767,2.0,30.0,0.1,1.0,moderate_super_eddington,2.0,0.0,1.0554954428968102,0.5277477214484051,0.4810122060702237,0.5000338111112261,0.5273955764973673,0.5559283972266509,0.5745705653975737,0.0,True,0.46,True,0.43581429280028794,True,10000,20260808,True,split_normal_in_log_mbh,0.41,0.41,False
v3-shared-science,v3-dataset-catalogue,physical_object,HZA-XQR30-VDES-J2250-5015,XQR30-VDES-J2250-5015_mazzucchelli23,HZA-XQR30-VDES-J2250-5015,VDES J2250-5015,xqr30_mazzucchelli23,luminous_quasar_comparison,5.9767,2.0,30.0,0.1,1.0,strong_super_eddington,3.0,0.0,1.0554954428968102,0.35183181429893673,0.3206748040468158,0.33335587407415074,0.3515970509982449,0.370618931484434,0.38304704359838243,0.0,True,0.46,True,0.43581429280028794,True,10000,20260808,True,split_normal_in_log_mbh,0.41,0.41,False
v3-shared-science,v3-dataset-catalogue,physical_object,HZA-XQR30-VST-ATLAS-J025-33,XQR30-VST-ATLAS-J025-33_mazzucchelli23,HZA-XQR30-VST-ATLAS-J025-33,VST-ATLAS J025-33,xqr30_mazzucchelli23,luminous_quasar_comparison,6.3373,2.0,30.0,0.1,1.0,eddington,1.0,0.0,1.1054814486879054,1.1054814486879054,1.0809993563507836,1.0905818810515857,1.1054336185185996,1.1310141278764925,1.1467899324164135,1.0,False,0.21,False,,True,10000,20260808,True,split_normal_in_log_mbh,0.17,0.1,False
v3-shared-science,v3-dataset-catalogue,physical_object,HZA-XQR30-VST-ATLAS-J025-33,XQR30-VST-ATLAS-J025-33_mazzucchelli23,HZA-XQR30-VST-ATLAS-J025-33,VST-ATLAS J025-33,xqr30_mazzucchelli23,luminous_quasar_comparison,6.3373,2.0,30.0,0.1,1.0,moderate_super_eddington,2.0,0.0,1.1054814486879054,0.5527407243439527,0.5404996781753918,0.5452909405257929,0.5527168092592998,0.5655070639382462,0.5733949662082067,0.0,True,0.21,False,,True,10000,20260808,True,split_normal_in_log_mbh,0.17,0.1,False
v3-shared-science,v3-dataset-catalogue,physical_object,HZA-XQR30-VST-ATLAS-J025-33,XQR30-VST-ATLAS-J025-33_mazzucchelli23,HZA-XQR30-VST-ATLAS-J025-33,VST-ATLAS J025-33,xqr30_mazzucchelli23,luminous_quasar_comparison,6.3373,2.0,30.0,0.1,1.0,strong_super_eddington,3.0,0.0,1.1054814486879054,0.36849381622930183,0.3603331187835946,0.3635272936838619,0.36847787283953315,0.3770047092921642,0.38226331080547116,0.0,True,0.21,False,,True,10000,20260808,True,split_normal_in_log_mbh,0.17,0.1,False
v3-shared-science,v3-dataset-catalogue,physical_object,HZA-XQR30-VST-ATLAS-J029-36,XQR30-VST-ATLAS-J029-36_mazzucchelli23,HZA-XQR30-VST-ATLAS-J029-36,VST-ATLAS J029-36,xqr30_mazzucchelli23,luminous_quasar_comparison,6.02,2.0,30.0,0.1,1.0,eddington,1.0,0.0,1.0024576262175404,1.0024576262175404,0.9865108295552933,0.992740691998137,1.0024113718137033,1.0107269815630098,1.0160254205140562,0.6001,False,0.6,True,0.5985290393409564,True,10000,20260808,True,split_normal_in_log_mbh,0.06,0.07,False
v3-shared-science,v3-dataset-catalogue,physical_object,HZA-XQR30-VST-ATLAS-J029-36,XQR30-VST-ATLAS-J029-36_mazzucchelli23,HZA-XQR30-VST-ATLAS-J029-36,VST-ATLAS J029-36,xqr30_mazzucchelli23,luminous_quasar_comparison,6.02,2.0,30.0,0.1,1.0,moderate_super_eddington,2.0,0.0,1.0024576262175404,0.5012288131087702,0.4932554147776467,0.4963703459990685,0.5012056859068517,0.5053634907815049,0.5080127102570281,0.0,True,0.6,True,0.5985290393409564,True,10000,20260808,True,split_normal_in_log_mbh,0.06,0.07,False
v3-shared-science,v3-dataset-catalogue,physical_object,HZA-XQR30-VST-ATLAS-J029-36,XQR30-VST-ATLAS-J029-36_mazzucchelli23,HZA-XQR30-VST-ATLAS-J029-36,VST-ATLAS J029-36,xqr30_mazzucchelli23,luminous_quasar_comparison,6.02,2.0,30.0,0.1,1.0,strong_super_eddington,3.0,0.0,1.0024576262175404,0.3341525420725135,0.32883694318509776,0.330913563999379,0.3341371239379012,0.33690899385433665,0.3386751401713521,0.0,True,0.6,True,0.5985290393409564,True,10000,20260808,True,split_normal_in_log_mbh,0.06,0.07,False
