science_release,input_catalogue_release,physical_object_id,object_id,object_class,source_key,growth_ranking_eligible_flag,primary_growth_ranking_flag,growth_product_status,growth_product_status_reason,parameter_map_path,seed_redshift_map_path,growth_track_path,compatibility_scope,demographic_inference_allowed
v7.4-growth-visualization,v7.4-accreting-atlas-catalogue,HZA-CEERS-00717,CEERS-00717,broad_line_agn,harikane23_nirspec_blagn,True,True,complete,eligible_canonical_numeric_mbh,results/releases/v7_4/galleries/per_object/parameter_maps/broad_line_agn/v7_4_parameter_map_hza-ceers-00717.png,results/releases/v7_4/galleries/per_object/seed_redshift_maps/broad_line_agn/v7_4_seed_redshift_map_hza-ceers-00717.png,results/releases/v7_4/galleries/per_object/growth_tracks/broad_line_agn/v7_4_growth_track_hza-ceers-00717.png,object_class=broad_line_agn,False
v7.4-growth-visualization,v7.4-accreting-atlas-catalogue,HZA-CEERS-01236,CEERS-01236,broad_line_agn,harikane23_nirspec_blagn,True,True,complete,eligible_canonical_numeric_mbh,results/releases/v7_4/galleries/per_object/parameter_maps/broad_line_agn/v7_4_parameter_map_hza-ceers-01236.png,results/releases/v7_4/galleries/per_object/seed_redshift_maps/broad_line_agn/v7_4_seed_redshift_map_hza-ceers-01236.png,results/releases/v7_4/galleries/per_object/growth_tracks/broad_line_agn/v7_4_growth_track_hza-ceers-01236.png,object_class=broad_line_agn,False
v7.4-growth-visualization,v7.4-accreting-atlas-catalogue,HZA-CEERS-01665,CEERS-01665,broad_line_agn,harikane23_nirspec_blagn,True,True,complete,eligible_canonical_numeric_mbh,results/releases/v7_4/galleries/per_object/parameter_maps/broad_line_agn/v7_4_parameter_map_hza-ceers-01665.png,results/releases/v7_4/galleries/per_object/seed_redshift_maps/broad_line_agn/v7_4_seed_redshift_map_hza-ceers-01665.png,results/releases/v7_4/galleries/per_object/growth_tracks/broad_line_agn/v7_4_growth_track_hza-ceers-01665.png,object_class=broad_line_agn,False
v7.4-growth-visualization,v7.4-accreting-atlas-catalogue,HZA-CEERS-1244,CEERS-1244,broad_line_agn,taylor24_ceers_rubies_blagn,True,True,complete,eligible_canonical_numeric_mbh,results/releases/v7_4/galleries/per_object/parameter_maps/broad_line_agn/v7_4_parameter_map_hza-ceers-1244.png,results/releases/v7_4/galleries/per_object/seed_redshift_maps/broad_line_agn/v7_4_seed_redshift_map_hza-ceers-1244.png,results/releases/v7_4/galleries/per_object/growth_tracks/broad_line_agn/v7_4_growth_track_hza-ceers-1244.png,object_class=broad_line_agn,False
v7.4-growth-visualization,v7.4-accreting-atlas-catalogue,HZA-CEERS-2782,RUBIES-EGS-50052,broad_line_agn,taylor24_ceers_rubies_blagn,True,True,complete,eligible_canonical_numeric_mbh,results/releases/v7_4/galleries/per_object/parameter_maps/broad_line_agn/v7_4_parameter_map_hza-ceers-2782.png,results/releases/v7_4/galleries/per_object/seed_redshift_maps/broad_line_agn/v7_4_seed_redshift_map_hza-ceers-2782.png,results/releases/v7_4/galleries/per_object/growth_tracks/broad_line_agn/v7_4_growth_track_hza-ceers-2782.png,object_class=broad_line_agn,False
v7.4-growth-visualization,v7.4-accreting-atlas-catalogue,HZA-CEERS-397,CEERS-397,broad_line_agn,taylor24_ceers_rubies_blagn,True,True,complete,eligible_canonical_numeric_mbh,results/releases/v7_4/galleries/per_object/parameter_maps/broad_line_agn/v7_4_parameter_map_hza-ceers-397.png,results/releases/v7_4/galleries/per_object/seed_redshift_maps/broad_line_agn/v7_4_seed_redshift_map_hza-ceers-397.png,results/releases/v7_4/galleries/per_object/growth_tracks/broad_line_agn/v7_4_growth_track_hza-ceers-397.png,object_class=broad_line_agn,False
v7.4-growth-visualization,v7.4-accreting-atlas-catalogue,HZA-CEERS-672,CEERS-672,broad_line_agn,taylor24_ceers_rubies_blagn,True,True,complete,eligible_canonical_numeric_mbh,results/releases/v7_4/galleries/per_object/parameter_maps/broad_line_agn/v7_4_parameter_map_hza-ceers-672.png,results/releases/v7_4/galleries/per_object/seed_redshift_maps/broad_line_agn/v7_4_seed_redshift_map_hza-ceers-672.png,results/releases/v7_4/galleries/per_object/growth_tracks/broad_line_agn/v7_4_growth_track_hza-ceers-672.png,object_class=broad_line_agn,False
v7.4-growth-visualization,v7.4-accreting-atlas-catalogue,HZA-CEERS-746,CEERS-746,broad_line_agn,taylor24_ceers_rubies_blagn,True,True,complete,eligible_canonical_numeric_mbh,results/releases/v7_4/galleries/per_object/parameter_maps/broad_line_agn/v7_4_parameter_map_hza-ceers-746.png,results/releases/v7_4/galleries/per_object/seed_redshift_maps/broad_line_agn/v7_4_seed_redshift_map_hza-ceers-746.png,results/releases/v7_4/galleries/per_object/growth_tracks/broad_line_agn/v7_4_growth_track_hza-ceers-746.png,object_class=broad_line_agn,False
v7.4-growth-visualization,v7.4-accreting-atlas-catalogue,HZA-DC-417567,DC_417567,broad_line_agn,ren25_alpine_cristal_jwst_blagn_candidates,True,False,complete,eligible_canonical_numeric_mbh,results/releases/v7_4/galleries/per_object/parameter_maps/broad_line_agn/v7_4_parameter_map_hza-dc-417567.png,results/releases/v7_4/galleries/per_object/seed_redshift_maps/broad_line_agn/v7_4_seed_redshift_map_hza-dc-417567.png,results/releases/v7_4/galleries/per_object/growth_tracks/broad_line_agn/v7_4_growth_track_hza-dc-417567.png,object_class=broad_line_agn,False
v7.4-growth-visualization,v7.4-accreting-atlas-catalogue,HZA-DC-519281,DC_519281,broad_line_agn,ren25_alpine_cristal_jwst_blagn_candidates,True,False,complete,eligible_canonical_numeric_mbh,results/releases/v7_4/galleries/per_object/parameter_maps/broad_line_agn/v7_4_parameter_map_hza-dc-519281.png,results/releases/v7_4/galleries/per_object/seed_redshift_maps/broad_line_agn/v7_4_seed_redshift_map_hza-dc-519281.png,results/releases/v7_4/galleries/per_object/growth_tracks/broad_line_agn/v7_4_growth_track_hza-dc-519281.png,object_class=broad_line_agn,False
v7.4-growth-visualization,v7.4-accreting-atlas-catalogue,HZA-DC-536534,DC_536534,broad_line_agn,ren25_alpine_cristal_jwst_blagn_candidates,True,True,complete,eligible_canonical_numeric_mbh,results/releases/v7_4/galleries/per_object/parameter_maps/broad_line_agn/v7_4_parameter_map_hza-dc-536534.png,results/releases/v7_4/galleries/per_object/seed_redshift_maps/broad_line_agn/v7_4_seed_redshift_map_hza-dc-536534.png,results/releases/v7_4/galleries/per_object/growth_tracks/broad_line_agn/v7_4_growth_track_hza-dc-536534.png,object_class=broad_line_agn,False
v7.4-growth-visualization,v7.4-accreting-atlas-catalogue,HZA-DC-683613,DC_683613,broad_line_agn,ren25_alpine_cristal_jwst_blagn_candidates,True,False,complete,eligible_canonical_numeric_mbh,results/releases/v7_4/galleries/per_object/parameter_maps/broad_line_agn/v7_4_parameter_map_hza-dc-683613.png,results/releases/v7_4/galleries/per_object/seed_redshift_maps/broad_line_agn/v7_4_seed_redshift_map_hza-dc-683613.png,results/releases/v7_4/galleries/per_object/growth_tracks/broad_line_agn/v7_4_growth_track_hza-dc-683613.png,object_class=broad_line_agn,False
v7.4-growth-visualization,v7.4-accreting-atlas-catalogue,HZA-DC-848185-A,DC_848185_a,broad_line_agn,ren25_alpine_cristal_jwst_blagn_candidates,True,False,complete,eligible_canonical_numeric_mbh,results/releases/v7_4/galleries/per_object/parameter_maps/broad_line_agn/v7_4_parameter_map_hza-dc-848185-a.png,results/releases/v7_4/galleries/per_object/seed_redshift_maps/broad_line_agn/v7_4_seed_redshift_map_hza-dc-848185-a.png,results/releases/v7_4/galleries/per_object/growth_tracks/broad_line_agn/v7_4_growth_track_hza-dc-848185-a.png,object_class=broad_line_agn,False
v7.4-growth-visualization,v7.4-accreting-atlas-catalogue,HZA-DC-848185-B,DC_848185_b,broad_line_agn,ren25_alpine_cristal_jwst_blagn_candidates,True,False,complete,eligible_canonical_numeric_mbh,results/releases/v7_4/galleries/per_object/parameter_maps/broad_line_agn/v7_4_parameter_map_hza-dc-848185-b.png,results/releases/v7_4/galleries/per_object/seed_redshift_maps/broad_line_agn/v7_4_seed_redshift_map_hza-dc-848185-b.png,results/releases/v7_4/galleries/per_object/growth_tracks/broad_line_agn/v7_4_growth_track_hza-dc-848185-b.png,object_class=broad_line_agn,False
v7.4-growth-visualization,v7.4-accreting-atlas-catalogue,HZA-DC-873321,DC_873321,broad_line_agn,ren25_alpine_cristal_jwst_blagn_candidates,True,False,complete,eligible_canonical_numeric_mbh,results/releases/v7_4/galleries/per_object/parameter_maps/broad_line_agn/v7_4_parameter_map_hza-dc-873321.png,results/releases/v7_4/galleries/per_object/seed_redshift_maps/broad_line_agn/v7_4_seed_redshift_map_hza-dc-873321.png,results/releases/v7_4/galleries/per_object/growth_tracks/broad_line_agn/v7_4_growth_track_hza-dc-873321.png,object_class=broad_line_agn,False
v7.4-growth-visualization,v7.4-accreting-atlas-catalogue,HZA-GLASS-150029,GLASS-150029,broad_line_agn,harikane23_nirspec_blagn,True,True,complete,eligible_canonical_numeric_mbh,results/releases/v7_4/galleries/per_object/parameter_maps/broad_line_agn/v7_4_parameter_map_hza-glass-150029.png,results/releases/v7_4/galleries/per_object/seed_redshift_maps/broad_line_agn/v7_4_seed_redshift_map_hza-glass-150029.png,results/releases/v7_4/galleries/per_object/growth_tracks/broad_line_agn/v7_4_growth_track_hza-glass-150029.png,object_class=broad_line_agn,False
v7.4-growth-visualization,v7.4-accreting-atlas-catalogue,HZA-GLASS-160133,GLASS-160133,broad_line_agn,harikane23_nirspec_blagn,True,True,complete,eligible_canonical_numeric_mbh,results/releases/v7_4/galleries/per_object/parameter_maps/broad_line_agn/v7_4_parameter_map_hza-glass-160133.png,results/releases/v7_4/galleries/per_object/seed_redshift_maps/broad_line_agn/v7_4_seed_redshift_map_hza-glass-160133.png,results/releases/v7_4/galleries/per_object/growth_tracks/broad_line_agn/v7_4_growth_track_hza-glass-160133.png,object_class=broad_line_agn,False
v7.4-growth-visualization,v7.4-accreting-atlas-catalogue,HZA-GN-1093,GN-1093,broad_line_agn,juodzbalis25_jades_blagn,True,True,complete,eligible_canonical_numeric_mbh,results/releases/v7_4/galleries/per_object/parameter_maps/broad_line_agn/v7_4_parameter_map_hza-gn-1093.png,results/releases/v7_4/galleries/per_object/seed_redshift_maps/broad_line_agn/v7_4_seed_redshift_map_hza-gn-1093.png,results/releases/v7_4/galleries/per_object/growth_tracks/broad_line_agn/v7_4_growth_track_hza-gn-1093.png,object_class=broad_line_agn,False
v7.4-growth-visualization,v7.4-accreting-atlas-catalogue,HZA-GN-11836,GN-11836,broad_line_agn,juodzbalis25_jades_blagn,True,True,complete,eligible_canonical_numeric_mbh,results/releases/v7_4/galleries/per_object/parameter_maps/broad_line_agn/v7_4_parameter_map_hza-gn-11836.png,results/releases/v7_4/galleries/per_object/seed_redshift_maps/broad_line_agn/v7_4_seed_redshift_map_hza-gn-11836.png,results/releases/v7_4/galleries/per_object/growth_tracks/broad_line_agn/v7_4_growth_track_hza-gn-11836.png,object_class=broad_line_agn,False
v7.4-growth-visualization,v7.4-accreting-atlas-catalogue,HZA-GN-20621,GN-20621,broad_line_agn,juodzbalis25_jades_blagn,True,True,complete,eligible_canonical_numeric_mbh,results/releases/v7_4/galleries/per_object/parameter_maps/broad_line_agn/v7_4_parameter_map_hza-gn-20621.png,results/releases/v7_4/galleries/per_object/seed_redshift_maps/broad_line_agn/v7_4_seed_redshift_map_hza-gn-20621.png,results/releases/v7_4/galleries/per_object/growth_tracks/broad_line_agn/v7_4_growth_track_hza-gn-20621.png,object_class=broad_line_agn,False
v7.4-growth-visualization,v7.4-accreting-atlas-catalogue,HZA-GN-38509,GN-38509,broad_line_agn,juodzbalis25_jades_blagn,True,True,complete,eligible_canonical_numeric_mbh,results/releases/v7_4/galleries/per_object/parameter_maps/broad_line_agn/v7_4_parameter_map_hza-gn-38509.png,results/releases/v7_4/galleries/per_object/seed_redshift_maps/broad_line_agn/v7_4_seed_redshift_map_hza-gn-38509.png,results/releases/v7_4/galleries/per_object/growth_tracks/broad_line_agn/v7_4_growth_track_hza-gn-38509.png,object_class=broad_line_agn,False
v7.4-growth-visualization,v7.4-accreting-atlas-catalogue,HZA-GN-4685,GN-4685,broad_line_agn,juodzbalis25_jades_blagn,True,True,complete,eligible_canonical_numeric_mbh,results/releases/v7_4/galleries/per_object/parameter_maps/broad_line_agn/v7_4_parameter_map_hza-gn-4685.png,results/releases/v7_4/galleries/per_object/seed_redshift_maps/broad_line_agn/v7_4_seed_redshift_map_hza-gn-4685.png,results/releases/v7_4/galleries/per_object/growth_tracks/broad_line_agn/v7_4_growth_track_hza-gn-4685.png,object_class=broad_line_agn,False
v7.4-growth-visualization,v7.4-accreting-atlas-catalogue,HZA-GN-53757,GN-53757,broad_line_agn,juodzbalis25_jades_blagn,True,True,complete,eligible_canonical_numeric_mbh,results/releases/v7_4/galleries/per_object/parameter_maps/broad_line_agn/v7_4_parameter_map_hza-gn-53757.png,results/releases/v7_4/galleries/per_object/seed_redshift_maps/broad_line_agn/v7_4_seed_redshift_map_hza-gn-53757.png,results/releases/v7_4/galleries/per_object/growth_tracks/broad_line_agn/v7_4_growth_track_hza-gn-53757.png,object_class=broad_line_agn,False
v7.4-growth-visualization,v7.4-accreting-atlas-catalogue,HZA-GN-61888,GN-61888,broad_line_agn,juodzbalis25_jades_blagn,True,True,complete,eligible_canonical_numeric_mbh,results/releases/v7_4/galleries/per_object/parameter_maps/broad_line_agn/v7_4_parameter_map_hza-gn-61888.png,results/releases/v7_4/galleries/per_object/seed_redshift_maps/broad_line_agn/v7_4_seed_redshift_map_hza-gn-61888.png,results/releases/v7_4/galleries/per_object/growth_tracks/broad_line_agn/v7_4_growth_track_hza-gn-61888.png,object_class=broad_line_agn,False
v7.4-growth-visualization,v7.4-accreting-atlas-catalogue,HZA-GN-62309,GN-62309,broad_line_agn,juodzbalis25_jades_blagn,True,True,complete,eligible_canonical_numeric_mbh,results/releases/v7_4/galleries/per_object/parameter_maps/broad_line_agn/v7_4_parameter_map_hza-gn-62309.png,results/releases/v7_4/galleries/per_object/seed_redshift_maps/broad_line_agn/v7_4_seed_redshift_map_hza-gn-62309.png,results/releases/v7_4/galleries/per_object/growth_tracks/broad_line_agn/v7_4_growth_track_hza-gn-62309.png,object_class=broad_line_agn,False
v7.4-growth-visualization,v7.4-accreting-atlas-catalogue,HZA-GN-73488,GN-73488,broad_line_agn,juodzbalis25_jades_blagn,True,True,complete,eligible_canonical_numeric_mbh,results/releases/v7_4/galleries/per_object/parameter_maps/broad_line_agn/v7_4_parameter_map_hza-gn-73488.png,results/releases/v7_4/galleries/per_object/seed_redshift_maps/broad_line_agn/v7_4_seed_redshift_map_hza-gn-73488.png,results/releases/v7_4/galleries/per_object/growth_tracks/broad_line_agn/v7_4_growth_track_hza-gn-73488.png,object_class=broad_line_agn,False
v7.4-growth-visualization,v7.4-accreting-atlas-catalogue,HZA-GN-77652,GN-77652,broad_line_agn,juodzbalis25_jades_blagn,True,True,complete,eligible_canonical_numeric_mbh,results/releases/v7_4/galleries/per_object/parameter_maps/broad_line_agn/v7_4_parameter_map_hza-gn-77652.png,results/releases/v7_4/galleries/per_object/seed_redshift_maps/broad_line_agn/v7_4_seed_redshift_map_hza-gn-77652.png,results/releases/v7_4/galleries/per_object/growth_tracks/broad_line_agn/v7_4_growth_track_hza-gn-77652.png,object_class=broad_line_agn,False
v7.4-growth-visualization,v7.4-accreting-atlas-catalogue,HZA-GN-954,GN-954,broad_line_agn,juodzbalis25_jades_blagn,True,True,complete,eligible_canonical_numeric_mbh,results/releases/v7_4/galleries/per_object/parameter_maps/broad_line_agn/v7_4_parameter_map_hza-gn-954.png,results/releases/v7_4/galleries/per_object/seed_redshift_maps/broad_line_agn/v7_4_seed_redshift_map_hza-gn-954.png,results/releases/v7_4/galleries/per_object/growth_tracks/broad_line_agn/v7_4_growth_track_hza-gn-954.png,object_class=broad_line_agn,False
v7.4-growth-visualization,v7.4-accreting-atlas-catalogue,HZA-GOODS-N-12839,GOODS-N-12839,broad_line_agn,matthee23_eiger_fresco_blagn,True,True,complete,eligible_canonical_numeric_mbh,results/releases/v7_4/galleries/per_object/parameter_maps/broad_line_agn/v7_4_parameter_map_hza-goods-n-12839.png,results/releases/v7_4/galleries/per_object/seed_redshift_maps/broad_line_agn/v7_4_seed_redshift_map_hza-goods-n-12839.png,results/releases/v7_4/galleries/per_object/growth_tracks/broad_line_agn/v7_4_growth_track_hza-goods-n-12839.png,object_class=broad_line_agn,False
v7.4-growth-visualization,v7.4-accreting-atlas-catalogue,HZA-GOODS-N-13733,GOODS-N-13733,broad_line_agn,matthee23_eiger_fresco_blagn,True,True,complete,eligible_canonical_numeric_mbh,results/releases/v7_4/galleries/per_object/parameter_maps/broad_line_agn/v7_4_parameter_map_hza-goods-n-13733.png,results/releases/v7_4/galleries/per_object/seed_redshift_maps/broad_line_agn/v7_4_seed_redshift_map_hza-goods-n-13733.png,results/releases/v7_4/galleries/per_object/growth_tracks/broad_line_agn/v7_4_growth_track_hza-goods-n-13733.png,object_class=broad_line_agn,False
v7.4-growth-visualization,v7.4-accreting-atlas-catalogue,HZA-GOODS-N-14409,GOODS-N-14409,broad_line_agn,matthee23_eiger_fresco_blagn,True,True,complete,eligible_canonical_numeric_mbh,results/releases/v7_4/galleries/per_object/parameter_maps/broad_line_agn/v7_4_parameter_map_hza-goods-n-14409.png,results/releases/v7_4/galleries/per_object/seed_redshift_maps/broad_line_agn/v7_4_seed_redshift_map_hza-goods-n-14409.png,results/releases/v7_4/galleries/per_object/growth_tracks/broad_line_agn/v7_4_growth_track_hza-goods-n-14409.png,object_class=broad_line_agn,False
v7.4-growth-visualization,v7.4-accreting-atlas-catalogue,HZA-GOODS-N-15498,GOODS-N-15498,broad_line_agn,matthee23_eiger_fresco_blagn,True,True,complete,eligible_canonical_numeric_mbh,results/releases/v7_4/galleries/per_object/parameter_maps/broad_line_agn/v7_4_parameter_map_hza-goods-n-15498.png,results/releases/v7_4/galleries/per_object/seed_redshift_maps/broad_line_agn/v7_4_seed_redshift_map_hza-goods-n-15498.png,results/releases/v7_4/galleries/per_object/growth_tracks/broad_line_agn/v7_4_growth_track_hza-goods-n-15498.png,object_class=broad_line_agn,False
v7.4-growth-visualization,v7.4-accreting-atlas-catalogue,HZA-GOODS-N-16813,GOODS-N-16813,broad_line_agn,matthee23_eiger_fresco_blagn,True,True,complete,eligible_canonical_numeric_mbh,results/releases/v7_4/galleries/per_object/parameter_maps/broad_line_agn/v7_4_parameter_map_hza-goods-n-16813.png,results/releases/v7_4/galleries/per_object/seed_redshift_maps/broad_line_agn/v7_4_seed_redshift_map_hza-goods-n-16813.png,results/releases/v7_4/galleries/per_object/growth_tracks/broad_line_agn/v7_4_growth_track_hza-goods-n-16813.png,object_class=broad_line_agn,False
v7.4-growth-visualization,v7.4-accreting-atlas-catalogue,HZA-GOODS-N-4014,GOODS-N-4014,broad_line_agn,matthee23_eiger_fresco_blagn,True,True,complete,eligible_canonical_numeric_mbh,results/releases/v7_4/galleries/per_object/parameter_maps/broad_line_agn/v7_4_parameter_map_hza-goods-n-4014.png,results/releases/v7_4/galleries/per_object/seed_redshift_maps/broad_line_agn/v7_4_seed_redshift_map_hza-goods-n-4014.png,results/releases/v7_4/galleries/per_object/growth_tracks/broad_line_agn/v7_4_growth_track_hza-goods-n-4014.png,object_class=broad_line_agn,False
v7.4-growth-visualization,v7.4-accreting-atlas-catalogue,HZA-GOODS-N-9771,GOODS-N-9771,broad_line_agn,matthee23_eiger_fresco_blagn,True,True,complete,eligible_canonical_numeric_mbh,results/releases/v7_4/galleries/per_object/parameter_maps/broad_line_agn/v7_4_parameter_map_hza-goods-n-9771.png,results/releases/v7_4/galleries/per_object/seed_redshift_maps/broad_line_agn/v7_4_seed_redshift_map_hza-goods-n-9771.png,results/releases/v7_4/galleries/per_object/growth_tracks/broad_line_agn/v7_4_growth_track_hza-goods-n-9771.png,object_class=broad_line_agn,False
v7.4-growth-visualization,v7.4-accreting-atlas-catalogue,HZA-GS-10013704,GS-10013704,broad_line_agn,juodzbalis25_jades_blagn,True,True,complete,eligible_canonical_numeric_mbh,results/releases/v7_4/galleries/per_object/parameter_maps/broad_line_agn/v7_4_parameter_map_hza-gs-10013704.png,results/releases/v7_4/galleries/per_object/seed_redshift_maps/broad_line_agn/v7_4_seed_redshift_map_hza-gs-10013704.png,results/releases/v7_4/galleries/per_object/growth_tracks/broad_line_agn/v7_4_growth_track_hza-gs-10013704.png,object_class=broad_line_agn,False
v7.4-growth-visualization,v7.4-accreting-atlas-catalogue,HZA-GS-159717,GS-159717,broad_line_agn,juodzbalis25_jades_blagn,True,True,complete,eligible_canonical_numeric_mbh,results/releases/v7_4/galleries/per_object/parameter_maps/broad_line_agn/v7_4_parameter_map_hza-gs-159717.png,results/releases/v7_4/galleries/per_object/seed_redshift_maps/broad_line_agn/v7_4_seed_redshift_map_hza-gs-159717.png,results/releases/v7_4/galleries/per_object/growth_tracks/broad_line_agn/v7_4_growth_track_hza-gs-159717.png,object_class=broad_line_agn,False
v7.4-growth-visualization,v7.4-accreting-atlas-catalogue,HZA-GS-164055,GS-164055,broad_line_agn,juodzbalis25_jades_blagn,True,True,complete,eligible_canonical_numeric_mbh,results/releases/v7_4/galleries/per_object/parameter_maps/broad_line_agn/v7_4_parameter_map_hza-gs-164055.png,results/releases/v7_4/galleries/per_object/seed_redshift_maps/broad_line_agn/v7_4_seed_redshift_map_hza-gs-164055.png,results/releases/v7_4/galleries/per_object/growth_tracks/broad_line_agn/v7_4_growth_track_hza-gs-164055.png,object_class=broad_line_agn,False
v7.4-growth-visualization,v7.4-accreting-atlas-catalogue,HZA-GS-172975,GS-172975,broad_line_agn,juodzbalis25_jades_blagn,True,True,complete,eligible_canonical_numeric_mbh,results/releases/v7_4/galleries/per_object/parameter_maps/broad_line_agn/v7_4_parameter_map_hza-gs-172975.png,results/releases/v7_4/galleries/per_object/seed_redshift_maps/broad_line_agn/v7_4_seed_redshift_map_hza-gs-172975.png,results/releases/v7_4/galleries/per_object/growth_tracks/broad_line_agn/v7_4_growth_track_hza-gs-172975.png,object_class=broad_line_agn,False
v7.4-growth-visualization,v7.4-accreting-atlas-catalogue,HZA-GS-20030333,GS-20030333,broad_line_agn,juodzbalis25_jades_blagn,True,True,complete,eligible_canonical_numeric_mbh,results/releases/v7_4/galleries/per_object/parameter_maps/broad_line_agn/v7_4_parameter_map_hza-gs-20030333.png,results/releases/v7_4/galleries/per_object/seed_redshift_maps/broad_line_agn/v7_4_seed_redshift_map_hza-gs-20030333.png,results/releases/v7_4/galleries/per_object/growth_tracks/broad_line_agn/v7_4_growth_track_hza-gs-20030333.png,object_class=broad_line_agn,False
v7.4-growth-visualization,v7.4-accreting-atlas-catalogue,HZA-GS-20057765,GS-20057765,broad_line_agn,juodzbalis25_jades_blagn,True,True,complete,eligible_canonical_numeric_mbh,results/releases/v7_4/galleries/per_object/parameter_maps/broad_line_agn/v7_4_parameter_map_hza-gs-20057765.png,results/releases/v7_4/galleries/per_object/seed_redshift_maps/broad_line_agn/v7_4_seed_redshift_map_hza-gs-20057765.png,results/releases/v7_4/galleries/per_object/growth_tracks/broad_line_agn/v7_4_growth_track_hza-gs-20057765.png,object_class=broad_line_agn,False
v7.4-growth-visualization,v7.4-accreting-atlas-catalogue,HZA-GS-200679,GS-200679,broad_line_agn,juodzbalis25_jades_blagn,True,True,complete,eligible_canonical_numeric_mbh,results/releases/v7_4/galleries/per_object/parameter_maps/broad_line_agn/v7_4_parameter_map_hza-gs-200679.png,results/releases/v7_4/galleries/per_object/seed_redshift_maps/broad_line_agn/v7_4_seed_redshift_map_hza-gs-200679.png,results/releases/v7_4/galleries/per_object/growth_tracks/broad_line_agn/v7_4_growth_track_hza-gs-200679.png,object_class=broad_line_agn,False
v7.4-growth-visualization,v7.4-accreting-atlas-catalogue,HZA-GS-204851,GS-204851,broad_line_agn,juodzbalis25_jades_blagn,True,True,complete,eligible_canonical_numeric_mbh,results/releases/v7_4/galleries/per_object/parameter_maps/broad_line_agn/v7_4_parameter_map_hza-gs-204851.png,results/releases/v7_4/galleries/per_object/seed_redshift_maps/broad_line_agn/v7_4_seed_redshift_map_hza-gs-204851.png,results/releases/v7_4/galleries/per_object/growth_tracks/broad_line_agn/v7_4_growth_track_hza-gs-204851.png,object_class=broad_line_agn,False
v7.4-growth-visualization,v7.4-accreting-atlas-catalogue,HZA-GS-210600,GS-210600,broad_line_agn,juodzbalis25_jades_blagn,True,True,complete,eligible_canonical_numeric_mbh,results/releases/v7_4/galleries/per_object/parameter_maps/broad_line_agn/v7_4_parameter_map_hza-gs-210600.png,results/releases/v7_4/galleries/per_object/seed_redshift_maps/broad_line_agn/v7_4_seed_redshift_map_hza-gs-210600.png,results/releases/v7_4/galleries/per_object/growth_tracks/broad_line_agn/v7_4_growth_track_hza-gs-210600.png,object_class=broad_line_agn,False
v7.4-growth-visualization,v7.4-accreting-atlas-catalogue,HZA-GS-30148179,GS-30148179,broad_line_agn,juodzbalis25_jades_blagn,True,True,complete,eligible_canonical_numeric_mbh,results/releases/v7_4/galleries/per_object/parameter_maps/broad_line_agn/v7_4_parameter_map_hza-gs-30148179.png,results/releases/v7_4/galleries/per_object/seed_redshift_maps/broad_line_agn/v7_4_seed_redshift_map_hza-gs-30148179.png,results/releases/v7_4/galleries/per_object/growth_tracks/broad_line_agn/v7_4_growth_track_hza-gs-30148179.png,object_class=broad_line_agn,False
v7.4-growth-visualization,v7.4-accreting-atlas-catalogue,HZA-GS-38562,GS-38562,broad_line_agn,juodzbalis25_jades_blagn,True,True,complete,eligible_canonical_numeric_mbh,results/releases/v7_4/galleries/per_object/parameter_maps/broad_line_agn/v7_4_parameter_map_hza-gs-38562.png,results/releases/v7_4/galleries/per_object/seed_redshift_maps/broad_line_agn/v7_4_seed_redshift_map_hza-gs-38562.png,results/releases/v7_4/galleries/per_object/growth_tracks/broad_line_agn/v7_4_growth_track_hza-gs-38562.png,object_class=broad_line_agn,False
v7.4-growth-visualization,v7.4-accreting-atlas-catalogue,HZA-GS-8083,GS-8083,broad_line_agn,juodzbalis25_jades_blagn,True,False,complete,eligible_canonical_numeric_mbh,results/releases/v7_4/galleries/per_object/parameter_maps/broad_line_agn/v7_4_parameter_map_hza-gs-8083.png,results/releases/v7_4/galleries/per_object/seed_redshift_maps/broad_line_agn/v7_4_seed_redshift_map_hza-gs-8083.png,results/releases/v7_4/galleries/per_object/growth_tracks/broad_line_agn/v7_4_growth_track_hza-gs-8083.png,object_class=broad_line_agn,False
v7.4-growth-visualization,v7.4-accreting-atlas-catalogue,HZA-J0100-12446,J0100-12446,broad_line_agn,matthee23_eiger_fresco_blagn,True,True,complete,eligible_canonical_numeric_mbh,results/releases/v7_4/galleries/per_object/parameter_maps/broad_line_agn/v7_4_parameter_map_hza-j0100-12446.png,results/releases/v7_4/galleries/per_object/seed_redshift_maps/broad_line_agn/v7_4_seed_redshift_map_hza-j0100-12446.png,results/releases/v7_4/galleries/per_object/growth_tracks/broad_line_agn/v7_4_growth_track_hza-j0100-12446.png,object_class=broad_line_agn,False
v7.4-growth-visualization,v7.4-accreting-atlas-catalogue,HZA-J0100-15157,J0100-15157,broad_line_agn,matthee23_eiger_fresco_blagn,True,True,complete,eligible_canonical_numeric_mbh,results/releases/v7_4/galleries/per_object/parameter_maps/broad_line_agn/v7_4_parameter_map_hza-j0100-15157.png,results/releases/v7_4/galleries/per_object/seed_redshift_maps/broad_line_agn/v7_4_seed_redshift_map_hza-j0100-15157.png,results/releases/v7_4/galleries/per_object/growth_tracks/broad_line_agn/v7_4_growth_track_hza-j0100-15157.png,object_class=broad_line_agn,False
v7.4-growth-visualization,v7.4-accreting-atlas-catalogue,HZA-J0100-16221,J0100-16221,broad_line_agn,matthee23_eiger_fresco_blagn,True,True,complete,eligible_canonical_numeric_mbh,results/releases/v7_4/galleries/per_object/parameter_maps/broad_line_agn/v7_4_parameter_map_hza-j0100-16221.png,results/releases/v7_4/galleries/per_object/seed_redshift_maps/broad_line_agn/v7_4_seed_redshift_map_hza-j0100-16221.png,results/releases/v7_4/galleries/per_object/growth_tracks/broad_line_agn/v7_4_growth_track_hza-j0100-16221.png,object_class=broad_line_agn,False
v7.4-growth-visualization,v7.4-accreting-atlas-catalogue,HZA-J0100-2017,J0100-2017,broad_line_agn,matthee23_eiger_fresco_blagn,True,True,complete,eligible_canonical_numeric_mbh,results/releases/v7_4/galleries/per_object/parameter_maps/broad_line_agn/v7_4_parameter_map_hza-j0100-2017.png,results/releases/v7_4/galleries/per_object/seed_redshift_maps/broad_line_agn/v7_4_seed_redshift_map_hza-j0100-2017.png,results/releases/v7_4/galleries/per_object/growth_tracks/broad_line_agn/v7_4_growth_track_hza-j0100-2017.png,object_class=broad_line_agn,False
v7.4-growth-visualization,v7.4-accreting-atlas-catalogue,HZA-J0109M3047-BHAE-1,J0109M3047-BHAE-1,broad_line_agn,lin24_aspire_blagn,True,True,complete,eligible_canonical_numeric_mbh,results/releases/v7_4/galleries/per_object/parameter_maps/broad_line_agn/v7_4_parameter_map_hza-j0109m3047-bhae-1.png,results/releases/v7_4/galleries/per_object/seed_redshift_maps/broad_line_agn/v7_4_seed_redshift_map_hza-j0109m3047-bhae-1.png,results/releases/v7_4/galleries/per_object/growth_tracks/broad_line_agn/v7_4_growth_track_hza-j0109m3047-bhae-1.png,object_class=broad_line_agn,False
v7.4-growth-visualization,v7.4-accreting-atlas-catalogue,HZA-J0148-12884,J0148-12884,broad_line_agn,matthee23_eiger_fresco_blagn,True,True,complete,eligible_canonical_numeric_mbh,results/releases/v7_4/galleries/per_object/parameter_maps/broad_line_agn/v7_4_parameter_map_hza-j0148-12884.png,results/releases/v7_4/galleries/per_object/seed_redshift_maps/broad_line_agn/v7_4_seed_redshift_map_hza-j0148-12884.png,results/releases/v7_4/galleries/per_object/growth_tracks/broad_line_agn/v7_4_growth_track_hza-j0148-12884.png,object_class=broad_line_agn,False
v7.4-growth-visualization,v7.4-accreting-atlas-catalogue,HZA-J0148-4214,J0148-4214,broad_line_agn,matthee23_eiger_fresco_blagn,True,True,complete,eligible_canonical_numeric_mbh,results/releases/v7_4/galleries/per_object/parameter_maps/broad_line_agn/v7_4_parameter_map_hza-j0148-4214.png,results/releases/v7_4/galleries/per_object/seed_redshift_maps/broad_line_agn/v7_4_seed_redshift_map_hza-j0148-4214.png,results/releases/v7_4/galleries/per_object/growth_tracks/broad_line_agn/v7_4_growth_track_hza-j0148-4214.png,object_class=broad_line_agn,False
v7.4-growth-visualization,v7.4-accreting-atlas-catalogue,HZA-J0148-976,J0148-976,broad_line_agn,matthee23_eiger_fresco_blagn,True,True,complete,eligible_canonical_numeric_mbh,results/releases/v7_4/galleries/per_object/parameter_maps/broad_line_agn/v7_4_parameter_map_hza-j0148-976.png,results/releases/v7_4/galleries/per_object/seed_redshift_maps/broad_line_agn/v7_4_seed_redshift_map_hza-j0148-976.png,results/releases/v7_4/galleries/per_object/growth_tracks/broad_line_agn/v7_4_growth_track_hza-j0148-976.png,object_class=broad_line_agn,False
v7.4-growth-visualization,v7.4-accreting-atlas-catalogue,HZA-J0218P0007-BHAE-1,J0218P0007-BHAE-1,broad_line_agn,lin24_aspire_blagn,True,True,complete,eligible_canonical_numeric_mbh,results/releases/v7_4/galleries/per_object/parameter_maps/broad_line_agn/v7_4_parameter_map_hza-j0218p0007-bhae-1.png,results/releases/v7_4/galleries/per_object/seed_redshift_maps/broad_line_agn/v7_4_seed_redshift_map_hza-j0218p0007-bhae-1.png,results/releases/v7_4/galleries/per_object/growth_tracks/broad_line_agn/v7_4_growth_track_hza-j0218p0007-bhae-1.png,object_class=broad_line_agn,False
v7.4-growth-visualization,v7.4-accreting-atlas-catalogue,HZA-J0224M4711-BHAE-1,J0224M4711-BHAE-1,broad_line_agn,lin24_aspire_blagn,True,True,complete,eligible_canonical_numeric_mbh,results/releases/v7_4/galleries/per_object/parameter_maps/broad_line_agn/v7_4_parameter_map_hza-j0224m4711-bhae-1.png,results/releases/v7_4/galleries/per_object/seed_redshift_maps/broad_line_agn/v7_4_seed_redshift_map_hza-j0224m4711-bhae-1.png,results/releases/v7_4/galleries/per_object/growth_tracks/broad_line_agn/v7_4_growth_track_hza-j0224m4711-bhae-1.png,object_class=broad_line_agn,False
v7.4-growth-visualization,v7.4-accreting-atlas-catalogue,HZA-J0229M0808-BHAE-1,J0229M0808-BHAE-1,broad_line_agn,lin24_aspire_blagn,True,True,complete,eligible_canonical_numeric_mbh,results/releases/v7_4/galleries/per_object/parameter_maps/broad_line_agn/v7_4_parameter_map_hza-j0229m0808-bhae-1.png,results/releases/v7_4/galleries/per_object/seed_redshift_maps/broad_line_agn/v7_4_seed_redshift_map_hza-j0229m0808-bhae-1.png,results/releases/v7_4/galleries/per_object/growth_tracks/broad_line_agn/v7_4_growth_track_hza-j0229m0808-bhae-1.png,object_class=broad_line_agn,False
v7.4-growth-visualization,v7.4-accreting-atlas-catalogue,HZA-J0229M0808-BHAE-2,J0229M0808-BHAE-2,broad_line_agn,lin24_aspire_blagn,True,True,complete,eligible_canonical_numeric_mbh,results/releases/v7_4/galleries/per_object/parameter_maps/broad_line_agn/v7_4_parameter_map_hza-j0229m0808-bhae-2.png,results/releases/v7_4/galleries/per_object/seed_redshift_maps/broad_line_agn/v7_4_seed_redshift_map_hza-j0229m0808-bhae-2.png,results/releases/v7_4/galleries/per_object/growth_tracks/broad_line_agn/v7_4_growth_track_hza-j0229m0808-bhae-2.png,object_class=broad_line_agn,False
v7.4-growth-visualization,v7.4-accreting-atlas-catalogue,HZA-J0430M1445-BHAE-1,J0430M1445-BHAE-1,broad_line_agn,lin24_aspire_blagn,True,True,complete,eligible_canonical_numeric_mbh,results/releases/v7_4/galleries/per_object/parameter_maps/broad_line_agn/v7_4_parameter_map_hza-j0430m1445-bhae-1.png,results/releases/v7_4/galleries/per_object/seed_redshift_maps/broad_line_agn/v7_4_seed_redshift_map_hza-j0430m1445-bhae-1.png,results/releases/v7_4/galleries/per_object/growth_tracks/broad_line_agn/v7_4_growth_track_hza-j0430m1445-bhae-1.png,object_class=broad_line_agn,False
v7.4-growth-visualization,v7.4-accreting-atlas-catalogue,HZA-J0910M0414-BHAE-1,J0910M0414-BHAE-1,broad_line_agn,lin24_aspire_blagn,True,True,complete,eligible_canonical_numeric_mbh,results/releases/v7_4/galleries/per_object/parameter_maps/broad_line_agn/v7_4_parameter_map_hza-j0910m0414-bhae-1.png,results/releases/v7_4/galleries/per_object/seed_redshift_maps/broad_line_agn/v7_4_seed_redshift_map_hza-j0910m0414-bhae-1.png,results/releases/v7_4/galleries/per_object/growth_tracks/broad_line_agn/v7_4_growth_track_hza-j0910m0414-bhae-1.png,object_class=broad_line_agn,False
v7.4-growth-visualization,v7.4-accreting-atlas-catalogue,HZA-J0923P0402-BHAE-1,J0923P0402-BHAE-1,broad_line_agn,lin24_aspire_blagn,True,True,complete,eligible_canonical_numeric_mbh,results/releases/v7_4/galleries/per_object/parameter_maps/broad_line_agn/v7_4_parameter_map_hza-j0923p0402-bhae-1.png,results/releases/v7_4/galleries/per_object/seed_redshift_maps/broad_line_agn/v7_4_seed_redshift_map_hza-j0923p0402-bhae-1.png,results/releases/v7_4/galleries/per_object/growth_tracks/broad_line_agn/v7_4_growth_track_hza-j0923p0402-bhae-1.png,object_class=broad_line_agn,False
v7.4-growth-visualization,v7.4-accreting-atlas-catalogue,HZA-J1120-14389,J1120-14389,broad_line_agn,matthee23_eiger_fresco_blagn,True,True,complete,eligible_canonical_numeric_mbh,results/releases/v7_4/galleries/per_object/parameter_maps/broad_line_agn/v7_4_parameter_map_hza-j1120-14389.png,results/releases/v7_4/galleries/per_object/seed_redshift_maps/broad_line_agn/v7_4_seed_redshift_map_hza-j1120-14389.png,results/releases/v7_4/galleries/per_object/growth_tracks/broad_line_agn/v7_4_growth_track_hza-j1120-14389.png,object_class=broad_line_agn,False
v7.4-growth-visualization,v7.4-accreting-atlas-catalogue,HZA-J1120-7546,J1120-7546,broad_line_agn,matthee23_eiger_fresco_blagn,True,True,complete,eligible_canonical_numeric_mbh,results/releases/v7_4/galleries/per_object/parameter_maps/broad_line_agn/v7_4_parameter_map_hza-j1120-7546.png,results/releases/v7_4/galleries/per_object/seed_redshift_maps/broad_line_agn/v7_4_seed_redshift_map_hza-j1120-7546.png,results/releases/v7_4/galleries/per_object/growth_tracks/broad_line_agn/v7_4_growth_track_hza-j1120-7546.png,object_class=broad_line_agn,False
v7.4-growth-visualization,v7.4-accreting-atlas-catalogue,HZA-J1148-18404,J1148-18404,broad_line_agn,matthee23_eiger_fresco_blagn,True,True,complete,eligible_canonical_numeric_mbh,results/releases/v7_4/galleries/per_object/parameter_maps/broad_line_agn/v7_4_parameter_map_hza-j1148-18404.png,results/releases/v7_4/galleries/per_object/seed_redshift_maps/broad_line_agn/v7_4_seed_redshift_map_hza-j1148-18404.png,results/releases/v7_4/galleries/per_object/growth_tracks/broad_line_agn/v7_4_growth_track_hza-j1148-18404.png,object_class=broad_line_agn,False
v7.4-growth-visualization,v7.4-accreting-atlas-catalogue,HZA-J1148-21787,J1148-21787,broad_line_agn,matthee23_eiger_fresco_blagn,True,True,complete,eligible_canonical_numeric_mbh,results/releases/v7_4/galleries/per_object/parameter_maps/broad_line_agn/v7_4_parameter_map_hza-j1148-21787.png,results/releases/v7_4/galleries/per_object/seed_redshift_maps/broad_line_agn/v7_4_seed_redshift_map_hza-j1148-21787.png,results/releases/v7_4/galleries/per_object/growth_tracks/broad_line_agn/v7_4_growth_track_hza-j1148-21787.png,object_class=broad_line_agn,False
v7.4-growth-visualization,v7.4-accreting-atlas-catalogue,HZA-J1148-7111,J1148-7111,broad_line_agn,matthee23_eiger_fresco_blagn,True,True,complete,eligible_canonical_numeric_mbh,results/releases/v7_4/galleries/per_object/parameter_maps/broad_line_agn/v7_4_parameter_map_hza-j1148-7111.png,results/releases/v7_4/galleries/per_object/seed_redshift_maps/broad_line_agn/v7_4_seed_redshift_map_hza-j1148-7111.png,results/releases/v7_4/galleries/per_object/growth_tracks/broad_line_agn/v7_4_growth_track_hza-j1148-7111.png,object_class=broad_line_agn,False
v7.4-growth-visualization,v7.4-accreting-atlas-catalogue,HZA-J1526M2050-BHAE-1,J1526M2050-BHAE-1,broad_line_agn,lin24_aspire_blagn,True,True,complete,eligible_canonical_numeric_mbh,results/releases/v7_4/galleries/per_object/parameter_maps/broad_line_agn/v7_4_parameter_map_hza-j1526m2050-bhae-1.png,results/releases/v7_4/galleries/per_object/seed_redshift_maps/broad_line_agn/v7_4_seed_redshift_map_hza-j1526m2050-bhae-1.png,results/releases/v7_4/galleries/per_object/growth_tracks/broad_line_agn/v7_4_growth_track_hza-j1526m2050-bhae-1.png,object_class=broad_line_agn,False
v7.4-growth-visualization,v7.4-accreting-atlas-catalogue,HZA-J1526M2050-BHAE-2,J1526M2050-BHAE-2,broad_line_agn,lin24_aspire_blagn,True,True,complete,eligible_canonical_numeric_mbh,results/releases/v7_4/galleries/per_object/parameter_maps/broad_line_agn/v7_4_parameter_map_hza-j1526m2050-bhae-2.png,results/releases/v7_4/galleries/per_object/seed_redshift_maps/broad_line_agn/v7_4_seed_redshift_map_hza-j1526m2050-bhae-2.png,results/releases/v7_4/galleries/per_object/growth_tracks/broad_line_agn/v7_4_growth_track_hza-j1526m2050-bhae-2.png,object_class=broad_line_agn,False
v7.4-growth-visualization,v7.4-accreting-atlas-catalogue,HZA-J1526M2050-BHAE-3,J1526M2050-BHAE-3,broad_line_agn,lin24_aspire_blagn,True,True,complete,eligible_canonical_numeric_mbh,results/releases/v7_4/galleries/per_object/parameter_maps/broad_line_agn/v7_4_parameter_map_hza-j1526m2050-bhae-3.png,results/releases/v7_4/galleries/per_object/seed_redshift_maps/broad_line_agn/v7_4_seed_redshift_map_hza-j1526m2050-bhae-3.png,results/releases/v7_4/galleries/per_object/growth_tracks/broad_line_agn/v7_4_growth_track_hza-j1526m2050-bhae-3.png,object_class=broad_line_agn,False
v7.4-growth-visualization,v7.4-accreting-atlas-catalogue,HZA-J2002M3013-BHAE-1,J2002M3013-BHAE-1,broad_line_agn,lin24_aspire_blagn,True,True,complete,eligible_canonical_numeric_mbh,results/releases/v7_4/galleries/per_object/parameter_maps/broad_line_agn/v7_4_parameter_map_hza-j2002m3013-bhae-1.png,results/releases/v7_4/galleries/per_object/seed_redshift_maps/broad_line_agn/v7_4_seed_redshift_map_hza-j2002m3013-bhae-1.png,results/releases/v7_4/galleries/per_object/growth_tracks/broad_line_agn/v7_4_growth_track_hza-j2002m3013-bhae-1.png,object_class=broad_line_agn,False
v7.4-growth-visualization,v7.4-accreting-atlas-catalogue,HZA-J2132P1217-BHAE-1,J2132P1217-BHAE-1,broad_line_agn,lin24_aspire_blagn,True,True,complete,eligible_canonical_numeric_mbh,results/releases/v7_4/galleries/per_object/parameter_maps/broad_line_agn/v7_4_parameter_map_hza-j2132p1217-bhae-1.png,results/releases/v7_4/galleries/per_object/seed_redshift_maps/broad_line_agn/v7_4_seed_redshift_map_hza-j2132p1217-bhae-1.png,results/releases/v7_4/galleries/per_object/growth_tracks/broad_line_agn/v7_4_growth_track_hza-j2132p1217-bhae-1.png,object_class=broad_line_agn,False
v7.4-growth-visualization,v7.4-accreting-atlas-catalogue,HZA-J2232P2930-BHAE-1,J2232P2930-BHAE-1,broad_line_agn,lin24_aspire_blagn,True,True,complete,eligible_canonical_numeric_mbh,results/releases/v7_4/galleries/per_object/parameter_maps/broad_line_agn/v7_4_parameter_map_hza-j2232p2930-bhae-1.png,results/releases/v7_4/galleries/per_object/seed_redshift_maps/broad_line_agn/v7_4_seed_redshift_map_hza-j2232p2930-bhae-1.png,results/releases/v7_4/galleries/per_object/growth_tracks/broad_line_agn/v7_4_growth_track_hza-j2232p2930-bhae-1.png,object_class=broad_line_agn,False
v7.4-growth-visualization,v7.4-accreting-atlas-catalogue,HZA-J2232P2930-BHAE-2,J2232P2930-BHAE-2,broad_line_agn,lin24_aspire_blagn,True,True,complete,eligible_canonical_numeric_mbh,results/releases/v7_4/galleries/per_object/parameter_maps/broad_line_agn/v7_4_parameter_map_hza-j2232p2930-bhae-2.png,results/releases/v7_4/galleries/per_object/seed_redshift_maps/broad_line_agn/v7_4_seed_redshift_map_hza-j2232p2930-bhae-2.png,results/releases/v7_4/galleries/per_object/growth_tracks/broad_line_agn/v7_4_growth_track_hza-j2232p2930-bhae-2.png,object_class=broad_line_agn,False
v7.4-growth-visualization,v7.4-accreting-atlas-catalogue,HZA-J2232P2930-BHAE-3,J2232P2930-BHAE-3,broad_line_agn,lin24_aspire_blagn,True,True,complete,eligible_canonical_numeric_mbh,results/releases/v7_4/galleries/per_object/parameter_maps/broad_line_agn/v7_4_parameter_map_hza-j2232p2930-bhae-3.png,results/releases/v7_4/galleries/per_object/seed_redshift_maps/broad_line_agn/v7_4_seed_redshift_map_hza-j2232p2930-bhae-3.png,results/releases/v7_4/galleries/per_object/growth_tracks/broad_line_agn/v7_4_growth_track_hza-j2232p2930-bhae-3.png,object_class=broad_line_agn,False
v7.4-growth-visualization,v7.4-accreting-atlas-catalogue,HZA-RUBIES-EGS-13872,RUBIES-EGS-13872,broad_line_agn,taylor24_ceers_rubies_blagn,True,True,complete,eligible_canonical_numeric_mbh,results/releases/v7_4/galleries/per_object/parameter_maps/broad_line_agn/v7_4_parameter_map_hza-rubies-egs-13872.png,results/releases/v7_4/galleries/per_object/seed_redshift_maps/broad_line_agn/v7_4_seed_redshift_map_hza-rubies-egs-13872.png,results/releases/v7_4/galleries/per_object/growth_tracks/broad_line_agn/v7_4_growth_track_hza-rubies-egs-13872.png,object_class=broad_line_agn,False
v7.4-growth-visualization,v7.4-accreting-atlas-catalogue,HZA-RUBIES-EGS-17146,RUBIES-EGS-17146,broad_line_agn,taylor24_ceers_rubies_blagn,True,True,complete,eligible_canonical_numeric_mbh,results/releases/v7_4/galleries/per_object/parameter_maps/broad_line_agn/v7_4_parameter_map_hza-rubies-egs-17146.png,results/releases/v7_4/galleries/per_object/seed_redshift_maps/broad_line_agn/v7_4_seed_redshift_map_hza-rubies-egs-17146.png,results/releases/v7_4/galleries/per_object/growth_tracks/broad_line_agn/v7_4_growth_track_hza-rubies-egs-17146.png,object_class=broad_line_agn,False
v7.4-growth-visualization,v7.4-accreting-atlas-catalogue,HZA-RUBIES-EGS-28812,RUBIES-EGS-28812,broad_line_agn,taylor24_ceers_rubies_blagn,True,True,complete,eligible_canonical_numeric_mbh,results/releases/v7_4/galleries/per_object/parameter_maps/broad_line_agn/v7_4_parameter_map_hza-rubies-egs-28812.png,results/releases/v7_4/galleries/per_object/seed_redshift_maps/broad_line_agn/v7_4_seed_redshift_map_hza-rubies-egs-28812.png,results/releases/v7_4/galleries/per_object/growth_tracks/broad_line_agn/v7_4_growth_track_hza-rubies-egs-28812.png,object_class=broad_line_agn,False
v7.4-growth-visualization,v7.4-accreting-atlas-catalogue,HZA-RUBIES-EGS-29489,RUBIES-EGS-29489,broad_line_agn,taylor24_ceers_rubies_blagn,True,True,complete,eligible_canonical_numeric_mbh,results/releases/v7_4/galleries/per_object/parameter_maps/broad_line_agn/v7_4_parameter_map_hza-rubies-egs-29489.png,results/releases/v7_4/galleries/per_object/seed_redshift_maps/broad_line_agn/v7_4_seed_redshift_map_hza-rubies-egs-29489.png,results/releases/v7_4/galleries/per_object/growth_tracks/broad_line_agn/v7_4_growth_track_hza-rubies-egs-29489.png,object_class=broad_line_agn,False
v7.4-growth-visualization,v7.4-accreting-atlas-catalogue,HZA-RUBIES-EGS-37124,RUBIES-EGS-37124,broad_line_agn,taylor24_ceers_rubies_blagn,True,True,complete,eligible_canonical_numeric_mbh,results/releases/v7_4/galleries/per_object/parameter_maps/broad_line_agn/v7_4_parameter_map_hza-rubies-egs-37124.png,results/releases/v7_4/galleries/per_object/seed_redshift_maps/broad_line_agn/v7_4_seed_redshift_map_hza-rubies-egs-37124.png,results/releases/v7_4/galleries/per_object/growth_tracks/broad_line_agn/v7_4_growth_track_hza-rubies-egs-37124.png,object_class=broad_line_agn,False
v7.4-growth-visualization,v7.4-accreting-atlas-catalogue,HZA-RUBIES-EGS-42046,RUBIES-EGS-42046,broad_line_agn,taylor24_ceers_rubies_blagn,True,True,complete,eligible_canonical_numeric_mbh,results/releases/v7_4/galleries/per_object/parameter_maps/broad_line_agn/v7_4_parameter_map_hza-rubies-egs-42046.png,results/releases/v7_4/galleries/per_object/seed_redshift_maps/broad_line_agn/v7_4_seed_redshift_map_hza-rubies-egs-42046.png,results/releases/v7_4/galleries/per_object/growth_tracks/broad_line_agn/v7_4_growth_track_hza-rubies-egs-42046.png,object_class=broad_line_agn,False
v7.4-growth-visualization,v7.4-accreting-atlas-catalogue,HZA-RUBIES-EGS-42232,RUBIES-EGS-42232,broad_line_agn,taylor24_ceers_rubies_blagn,True,True,complete,eligible_canonical_numeric_mbh,results/releases/v7_4/galleries/per_object/parameter_maps/broad_line_agn/v7_4_parameter_map_hza-rubies-egs-42232.png,results/releases/v7_4/galleries/per_object/seed_redshift_maps/broad_line_agn/v7_4_seed_redshift_map_hza-rubies-egs-42232.png,results/releases/v7_4/galleries/per_object/growth_tracks/broad_line_agn/v7_4_growth_track_hza-rubies-egs-42232.png,object_class=broad_line_agn,False
v7.4-growth-visualization,v7.4-accreting-atlas-catalogue,HZA-RUBIES-EGS-45599,RUBIES-EGS-45599,broad_line_agn,taylor24_ceers_rubies_blagn,True,True,complete,eligible_canonical_numeric_mbh,results/releases/v7_4/galleries/per_object/parameter_maps/broad_line_agn/v7_4_parameter_map_hza-rubies-egs-45599.png,results/releases/v7_4/galleries/per_object/seed_redshift_maps/broad_line_agn/v7_4_seed_redshift_map_hza-rubies-egs-45599.png,results/releases/v7_4/galleries/per_object/growth_tracks/broad_line_agn/v7_4_growth_track_hza-rubies-egs-45599.png,object_class=broad_line_agn,False
v7.4-growth-visualization,v7.4-accreting-atlas-catalogue,HZA-RUBIES-EGS-46985,RUBIES-EGS-46985,broad_line_agn,taylor24_ceers_rubies_blagn,True,True,complete,eligible_canonical_numeric_mbh,results/releases/v7_4/galleries/per_object/parameter_maps/broad_line_agn/v7_4_parameter_map_hza-rubies-egs-46985.png,results/releases/v7_4/galleries/per_object/seed_redshift_maps/broad_line_agn/v7_4_seed_redshift_map_hza-rubies-egs-46985.png,results/releases/v7_4/galleries/per_object/growth_tracks/broad_line_agn/v7_4_growth_track_hza-rubies-egs-46985.png,object_class=broad_line_agn,False
v7.4-growth-visualization,v7.4-accreting-atlas-catalogue,HZA-RUBIES-EGS-49140,RUBIES-EGS-49140,broad_line_agn,taylor24_ceers_rubies_blagn,True,False,complete,eligible_canonical_numeric_mbh,results/releases/v7_4/galleries/per_object/parameter_maps/broad_line_agn/v7_4_parameter_map_hza-rubies-egs-49140.png,results/releases/v7_4/galleries/per_object/seed_redshift_maps/broad_line_agn/v7_4_seed_redshift_map_hza-rubies-egs-49140.png,results/releases/v7_4/galleries/per_object/growth_tracks/broad_line_agn/v7_4_growth_track_hza-rubies-egs-49140.png,object_class=broad_line_agn,False
v7.4-growth-visualization,v7.4-accreting-atlas-catalogue,HZA-RUBIES-EGS-60935,RUBIES-EGS-60935,broad_line_agn,taylor24_ceers_rubies_blagn,True,True,complete,eligible_canonical_numeric_mbh,results/releases/v7_4/galleries/per_object/parameter_maps/broad_line_agn/v7_4_parameter_map_hza-rubies-egs-60935.png,results/releases/v7_4/galleries/per_object/seed_redshift_maps/broad_line_agn/v7_4_seed_redshift_map_hza-rubies-egs-60935.png,results/releases/v7_4/galleries/per_object/growth_tracks/broad_line_agn/v7_4_growth_track_hza-rubies-egs-60935.png,object_class=broad_line_agn,False
v7.4-growth-visualization,v7.4-accreting-atlas-catalogue,HZA-RUBIES-EGS-6411,RUBIES-EGS-6411,broad_line_agn,taylor24_ceers_rubies_blagn,True,True,complete,eligible_canonical_numeric_mbh,results/releases/v7_4/galleries/per_object/parameter_maps/broad_line_agn/v7_4_parameter_map_hza-rubies-egs-6411.png,results/releases/v7_4/galleries/per_object/seed_redshift_maps/broad_line_agn/v7_4_seed_redshift_map_hza-rubies-egs-6411.png,results/releases/v7_4/galleries/per_object/growth_tracks/broad_line_agn/v7_4_growth_track_hza-rubies-egs-6411.png,object_class=broad_line_agn,False
v7.4-growth-visualization,v7.4-accreting-atlas-catalogue,HZA-RUBIES-EGS-926125,RUBIES-EGS-926125,broad_line_agn,taylor24_ceers_rubies_blagn,True,True,complete,eligible_canonical_numeric_mbh,results/releases/v7_4/galleries/per_object/parameter_maps/broad_line_agn/v7_4_parameter_map_hza-rubies-egs-926125.png,results/releases/v7_4/galleries/per_object/seed_redshift_maps/broad_line_agn/v7_4_seed_redshift_map_hza-rubies-egs-926125.png,results/releases/v7_4/galleries/per_object/growth_tracks/broad_line_agn/v7_4_growth_track_hza-rubies-egs-926125.png,object_class=broad_line_agn,False
v7.4-growth-visualization,v7.4-accreting-atlas-catalogue,HZA-RUBIES-UDS-119957,RUBIES-UDS-119957,broad_line_agn,taylor24_ceers_rubies_blagn,True,True,complete,eligible_canonical_numeric_mbh,results/releases/v7_4/galleries/per_object/parameter_maps/broad_line_agn/v7_4_parameter_map_hza-rubies-uds-119957.png,results/releases/v7_4/galleries/per_object/seed_redshift_maps/broad_line_agn/v7_4_seed_redshift_map_hza-rubies-uds-119957.png,results/releases/v7_4/galleries/per_object/growth_tracks/broad_line_agn/v7_4_growth_track_hza-rubies-uds-119957.png,object_class=broad_line_agn,False
v7.4-growth-visualization,v7.4-accreting-atlas-catalogue,HZA-RUBIES-UDS-139709,RUBIES-UDS-139709,broad_line_agn,taylor24_ceers_rubies_blagn,True,True,complete,eligible_canonical_numeric_mbh,results/releases/v7_4/galleries/per_object/parameter_maps/broad_line_agn/v7_4_parameter_map_hza-rubies-uds-139709.png,results/releases/v7_4/galleries/per_object/seed_redshift_maps/broad_line_agn/v7_4_seed_redshift_map_hza-rubies-uds-139709.png,results/releases/v7_4/galleries/per_object/growth_tracks/broad_line_agn/v7_4_growth_track_hza-rubies-uds-139709.png,object_class=broad_line_agn,False
v7.4-growth-visualization,v7.4-accreting-atlas-catalogue,HZA-RUBIES-UDS-143683,RUBIES-UDS-143683,broad_line_agn,taylor24_ceers_rubies_blagn,True,True,complete,eligible_canonical_numeric_mbh,results/releases/v7_4/galleries/per_object/parameter_maps/broad_line_agn/v7_4_parameter_map_hza-rubies-uds-143683.png,results/releases/v7_4/galleries/per_object/seed_redshift_maps/broad_line_agn/v7_4_seed_redshift_map_hza-rubies-uds-143683.png,results/releases/v7_4/galleries/per_object/growth_tracks/broad_line_agn/v7_4_growth_track_hza-rubies-uds-143683.png,object_class=broad_line_agn,False
v7.4-growth-visualization,v7.4-accreting-atlas-catalogue,HZA-RUBIES-UDS-155916,RUBIES-UDS-155916,broad_line_agn,taylor24_ceers_rubies_blagn,True,True,complete,eligible_canonical_numeric_mbh,results/releases/v7_4/galleries/per_object/parameter_maps/broad_line_agn/v7_4_parameter_map_hza-rubies-uds-155916.png,results/releases/v7_4/galleries/per_object/seed_redshift_maps/broad_line_agn/v7_4_seed_redshift_map_hza-rubies-uds-155916.png,results/releases/v7_4/galleries/per_object/growth_tracks/broad_line_agn/v7_4_growth_track_hza-rubies-uds-155916.png,object_class=broad_line_agn,False
v7.4-growth-visualization,v7.4-accreting-atlas-catalogue,HZA-RUBIES-UDS-172350,RUBIES-UDS-172350,broad_line_agn,taylor24_ceers_rubies_blagn,True,True,complete,eligible_canonical_numeric_mbh,results/releases/v7_4/galleries/per_object/parameter_maps/broad_line_agn/v7_4_parameter_map_hza-rubies-uds-172350.png,results/releases/v7_4/galleries/per_object/seed_redshift_maps/broad_line_agn/v7_4_seed_redshift_map_hza-rubies-uds-172350.png,results/releases/v7_4/galleries/per_object/growth_tracks/broad_line_agn/v7_4_growth_track_hza-rubies-uds-172350.png,object_class=broad_line_agn,False
v7.4-growth-visualization,v7.4-accreting-atlas-catalogue,HZA-RUBIES-UDS-174752,RUBIES-UDS-174752,broad_line_agn,taylor24_ceers_rubies_blagn,True,True,complete,eligible_canonical_numeric_mbh,results/releases/v7_4/galleries/per_object/parameter_maps/broad_line_agn/v7_4_parameter_map_hza-rubies-uds-174752.png,results/releases/v7_4/galleries/per_object/seed_redshift_maps/broad_line_agn/v7_4_seed_redshift_map_hza-rubies-uds-174752.png,results/releases/v7_4/galleries/per_object/growth_tracks/broad_line_agn/v7_4_growth_track_hza-rubies-uds-174752.png,object_class=broad_line_agn,False
v7.4-growth-visualization,v7.4-accreting-atlas-catalogue,HZA-RUBIES-UDS-182791,RUBIES-UDS-182791,broad_line_agn,taylor24_ceers_rubies_blagn,True,True,complete,eligible_canonical_numeric_mbh,results/releases/v7_4/galleries/per_object/parameter_maps/broad_line_agn/v7_4_parameter_map_hza-rubies-uds-182791.png,results/releases/v7_4/galleries/per_object/seed_redshift_maps/broad_line_agn/v7_4_seed_redshift_map_hza-rubies-uds-182791.png,results/releases/v7_4/galleries/per_object/growth_tracks/broad_line_agn/v7_4_growth_track_hza-rubies-uds-182791.png,object_class=broad_line_agn,False
v7.4-growth-visualization,v7.4-accreting-atlas-catalogue,HZA-RUBIES-UDS-19484,RUBIES-UDS-19484,broad_line_agn,taylor24_ceers_rubies_blagn,True,True,complete,eligible_canonical_numeric_mbh,results/releases/v7_4/galleries/per_object/parameter_maps/broad_line_agn/v7_4_parameter_map_hza-rubies-uds-19484.png,results/releases/v7_4/galleries/per_object/seed_redshift_maps/broad_line_agn/v7_4_seed_redshift_map_hza-rubies-uds-19484.png,results/releases/v7_4/galleries/per_object/growth_tracks/broad_line_agn/v7_4_growth_track_hza-rubies-uds-19484.png,object_class=broad_line_agn,False
v7.4-growth-visualization,v7.4-accreting-atlas-catalogue,HZA-RUBIES-UDS-19521,RUBIES-UDS-19521,broad_line_agn,taylor24_ceers_rubies_blagn,True,True,complete,eligible_canonical_numeric_mbh,results/releases/v7_4/galleries/per_object/parameter_maps/broad_line_agn/v7_4_parameter_map_hza-rubies-uds-19521.png,results/releases/v7_4/galleries/per_object/seed_redshift_maps/broad_line_agn/v7_4_seed_redshift_map_hza-rubies-uds-19521.png,results/releases/v7_4/galleries/per_object/growth_tracks/broad_line_agn/v7_4_growth_track_hza-rubies-uds-19521.png,object_class=broad_line_agn,False
v7.4-growth-visualization,v7.4-accreting-atlas-catalogue,HZA-RUBIES-UDS-29813,RUBIES-UDS-29813,broad_line_agn,taylor24_ceers_rubies_blagn,True,True,complete,eligible_canonical_numeric_mbh,results/releases/v7_4/galleries/per_object/parameter_maps/broad_line_agn/v7_4_parameter_map_hza-rubies-uds-29813.png,results/releases/v7_4/galleries/per_object/seed_redshift_maps/broad_line_agn/v7_4_seed_redshift_map_hza-rubies-uds-29813.png,results/releases/v7_4/galleries/per_object/growth_tracks/broad_line_agn/v7_4_growth_track_hza-rubies-uds-29813.png,object_class=broad_line_agn,False
v7.4-growth-visualization,v7.4-accreting-atlas-catalogue,HZA-RUBIES-UDS-30969,RUBIES-UDS-30969,broad_line_agn,taylor24_ceers_rubies_blagn,True,True,complete,eligible_canonical_numeric_mbh,results/releases/v7_4/galleries/per_object/parameter_maps/broad_line_agn/v7_4_parameter_map_hza-rubies-uds-30969.png,results/releases/v7_4/galleries/per_object/seed_redshift_maps/broad_line_agn/v7_4_seed_redshift_map_hza-rubies-uds-30969.png,results/releases/v7_4/galleries/per_object/growth_tracks/broad_line_agn/v7_4_growth_track_hza-rubies-uds-30969.png,object_class=broad_line_agn,False
v7.4-growth-visualization,v7.4-accreting-atlas-catalogue,HZA-RUBIES-UDS-31747,RUBIES-UDS-31747,broad_line_agn,taylor24_ceers_rubies_blagn,True,True,complete,eligible_canonical_numeric_mbh,results/releases/v7_4/galleries/per_object/parameter_maps/broad_line_agn/v7_4_parameter_map_hza-rubies-uds-31747.png,results/releases/v7_4/galleries/per_object/seed_redshift_maps/broad_line_agn/v7_4_seed_redshift_map_hza-rubies-uds-31747.png,results/releases/v7_4/galleries/per_object/growth_tracks/broad_line_agn/v7_4_growth_track_hza-rubies-uds-31747.png,object_class=broad_line_agn,False
v7.4-growth-visualization,v7.4-accreting-atlas-catalogue,HZA-RUBIES-UDS-35974,RUBIES-UDS-35974,broad_line_agn,taylor24_ceers_rubies_blagn,True,True,complete,eligible_canonical_numeric_mbh,results/releases/v7_4/galleries/per_object/parameter_maps/broad_line_agn/v7_4_parameter_map_hza-rubies-uds-35974.png,results/releases/v7_4/galleries/per_object/seed_redshift_maps/broad_line_agn/v7_4_seed_redshift_map_hza-rubies-uds-35974.png,results/releases/v7_4/galleries/per_object/growth_tracks/broad_line_agn/v7_4_growth_track_hza-rubies-uds-35974.png,object_class=broad_line_agn,False
v7.4-growth-visualization,v7.4-accreting-atlas-catalogue,HZA-RUBIES-UDS-47509,RUBIES-UDS-47509,broad_line_agn,taylor24_ceers_rubies_blagn,True,True,complete,eligible_canonical_numeric_mbh,results/releases/v7_4/galleries/per_object/parameter_maps/broad_line_agn/v7_4_parameter_map_hza-rubies-uds-47509.png,results/releases/v7_4/galleries/per_object/seed_redshift_maps/broad_line_agn/v7_4_seed_redshift_map_hza-rubies-uds-47509.png,results/releases/v7_4/galleries/per_object/growth_tracks/broad_line_agn/v7_4_growth_track_hza-rubies-uds-47509.png,object_class=broad_line_agn,False
v7.4-growth-visualization,v7.4-accreting-atlas-catalogue,HZA-RUBIES-UDS-48507,RUBIES-UDS-48507,broad_line_agn,taylor24_ceers_rubies_blagn,True,True,complete,eligible_canonical_numeric_mbh,results/releases/v7_4/galleries/per_object/parameter_maps/broad_line_agn/v7_4_parameter_map_hza-rubies-uds-48507.png,results/releases/v7_4/galleries/per_object/seed_redshift_maps/broad_line_agn/v7_4_seed_redshift_map_hza-rubies-uds-48507.png,results/releases/v7_4/galleries/per_object/growth_tracks/broad_line_agn/v7_4_growth_track_hza-rubies-uds-48507.png,object_class=broad_line_agn,False
v7.4-growth-visualization,v7.4-accreting-atlas-catalogue,HZA-RUBIES-UDS-63139,RUBIES-UDS-63139,broad_line_agn,taylor24_ceers_rubies_blagn,True,True,complete,eligible_canonical_numeric_mbh,results/releases/v7_4/galleries/per_object/parameter_maps/broad_line_agn/v7_4_parameter_map_hza-rubies-uds-63139.png,results/releases/v7_4/galleries/per_object/seed_redshift_maps/broad_line_agn/v7_4_seed_redshift_map_hza-rubies-uds-63139.png,results/releases/v7_4/galleries/per_object/growth_tracks/broad_line_agn/v7_4_growth_track_hza-rubies-uds-63139.png,object_class=broad_line_agn,False
v7.4-growth-visualization,v7.4-accreting-atlas-catalogue,HZA-RUBIES-UDS-807469,RUBIES-UDS-807469,broad_line_agn,taylor24_ceers_rubies_blagn,True,True,complete,eligible_canonical_numeric_mbh,results/releases/v7_4/galleries/per_object/parameter_maps/broad_line_agn/v7_4_parameter_map_hza-rubies-uds-807469.png,results/releases/v7_4/galleries/per_object/seed_redshift_maps/broad_line_agn/v7_4_seed_redshift_map_hza-rubies-uds-807469.png,results/releases/v7_4/galleries/per_object/growth_tracks/broad_line_agn/v7_4_growth_track_hza-rubies-uds-807469.png,object_class=broad_line_agn,False
v7.4-growth-visualization,v7.4-accreting-atlas-catalogue,HZA-RUBIES-UDS-970351,RUBIES-UDS-970351,broad_line_agn,taylor24_ceers_rubies_blagn,True,True,complete,eligible_canonical_numeric_mbh,results/releases/v7_4/galleries/per_object/parameter_maps/broad_line_agn/v7_4_parameter_map_hza-rubies-uds-970351.png,results/releases/v7_4/galleries/per_object/seed_redshift_maps/broad_line_agn/v7_4_seed_redshift_map_hza-rubies-uds-970351.png,results/releases/v7_4/galleries/per_object/growth_tracks/broad_line_agn/v7_4_growth_track_hza-rubies-uds-970351.png,object_class=broad_line_agn,False
v7.4-growth-visualization,v7.4-accreting-atlas-catalogue,HZA-THRILS-101567,THRILS-101567,broad_line_agn,davis26_thrils_blagn,True,True,complete,eligible_canonical_numeric_mbh,results/releases/v7_4/galleries/per_object/parameter_maps/broad_line_agn/v7_4_parameter_map_hza-thrils-101567.png,results/releases/v7_4/galleries/per_object/seed_redshift_maps/broad_line_agn/v7_4_seed_redshift_map_hza-thrils-101567.png,results/releases/v7_4/galleries/per_object/growth_tracks/broad_line_agn/v7_4_growth_track_hza-thrils-101567.png,object_class=broad_line_agn,False
v7.4-growth-visualization,v7.4-accreting-atlas-catalogue,HZA-THRILS-24975,THRILS-24975,broad_line_agn,davis26_thrils_blagn,True,True,complete,eligible_canonical_numeric_mbh,results/releases/v7_4/galleries/per_object/parameter_maps/broad_line_agn/v7_4_parameter_map_hza-thrils-24975.png,results/releases/v7_4/galleries/per_object/seed_redshift_maps/broad_line_agn/v7_4_seed_redshift_map_hza-thrils-24975.png,results/releases/v7_4/galleries/per_object/growth_tracks/broad_line_agn/v7_4_growth_track_hza-thrils-24975.png,object_class=broad_line_agn,False
v7.4-growth-visualization,v7.4-accreting-atlas-catalogue,HZA-THRILS-25501,THRILS-25501,broad_line_agn,davis26_thrils_blagn,True,True,complete,eligible_canonical_numeric_mbh,results/releases/v7_4/galleries/per_object/parameter_maps/broad_line_agn/v7_4_parameter_map_hza-thrils-25501.png,results/releases/v7_4/galleries/per_object/seed_redshift_maps/broad_line_agn/v7_4_seed_redshift_map_hza-thrils-25501.png,results/releases/v7_4/galleries/per_object/growth_tracks/broad_line_agn/v7_4_growth_track_hza-thrils-25501.png,object_class=broad_line_agn,False
v7.4-growth-visualization,v7.4-accreting-atlas-catalogue,HZA-THRILS-40467,THRILS-40467,broad_line_agn,davis26_thrils_blagn,True,True,complete,eligible_canonical_numeric_mbh,results/releases/v7_4/galleries/per_object/parameter_maps/broad_line_agn/v7_4_parameter_map_hza-thrils-40467.png,results/releases/v7_4/galleries/per_object/seed_redshift_maps/broad_line_agn/v7_4_seed_redshift_map_hza-thrils-40467.png,results/releases/v7_4/galleries/per_object/growth_tracks/broad_line_agn/v7_4_growth_track_hza-thrils-40467.png,object_class=broad_line_agn,False
v7.4-growth-visualization,v7.4-accreting-atlas-catalogue,HZA-THRILS-44774,THRILS-44774,broad_line_agn,davis26_thrils_blagn,True,True,complete,eligible_canonical_numeric_mbh,results/releases/v7_4/galleries/per_object/parameter_maps/broad_line_agn/v7_4_parameter_map_hza-thrils-44774.png,results/releases/v7_4/galleries/per_object/seed_redshift_maps/broad_line_agn/v7_4_seed_redshift_map_hza-thrils-44774.png,results/releases/v7_4/galleries/per_object/growth_tracks/broad_line_agn/v7_4_growth_track_hza-thrils-44774.png,object_class=broad_line_agn,False
v7.4-growth-visualization,v7.4-accreting-atlas-catalogue,HZA-THRILS-49400,THRILS-49400,broad_line_agn,davis26_thrils_blagn,True,True,complete,eligible_canonical_numeric_mbh,results/releases/v7_4/galleries/per_object/parameter_maps/broad_line_agn/v7_4_parameter_map_hza-thrils-49400.png,results/releases/v7_4/galleries/per_object/seed_redshift_maps/broad_line_agn/v7_4_seed_redshift_map_hza-thrils-49400.png,results/releases/v7_4/galleries/per_object/growth_tracks/broad_line_agn/v7_4_growth_track_hza-thrils-49400.png,object_class=broad_line_agn,False
v7.4-growth-visualization,v7.4-accreting-atlas-catalogue,HZA-GNIRS50-J0002-2550,J0002+2550,luminous_quasar_comparison,shen19_gnirs50,True,False,complete,eligible_canonical_numeric_mbh,results/releases/v7_4/galleries/per_object/parameter_maps/luminous_quasar_comparison/v7_4_parameter_map_hza-gnirs50-j0002-2550.png,results/releases/v7_4/galleries/per_object/seed_redshift_maps/luminous_quasar_comparison/v7_4_seed_redshift_map_hza-gnirs50-j0002-2550.png,results/releases/v7_4/galleries/per_object/growth_tracks/luminous_quasar_comparison/v7_4_growth_track_hza-gnirs50-j0002-2550.png,object_class=luminous_quasar_comparison,False
v7.4-growth-visualization,v7.4-accreting-atlas-catalogue,HZA-GNIRS50-J0008-0626,J0008-0626,luminous_quasar_comparison,shen19_gnirs50,True,True,complete,eligible_canonical_numeric_mbh,results/releases/v7_4/galleries/per_object/parameter_maps/luminous_quasar_comparison/v7_4_parameter_map_hza-gnirs50-j0008-0626.png,results/releases/v7_4/galleries/per_object/seed_redshift_maps/luminous_quasar_comparison/v7_4_seed_redshift_map_hza-gnirs50-j0008-0626.png,results/releases/v7_4/galleries/per_object/growth_tracks/luminous_quasar_comparison/v7_4_growth_track_hza-gnirs50-j0008-0626.png,object_class=luminous_quasar_comparison,False
v7.4-growth-visualization,v7.4-accreting-atlas-catalogue,HZA-GNIRS50-J0033-0125,J0033-0125,luminous_quasar_comparison,shen19_gnirs50,True,True,complete,eligible_canonical_numeric_mbh,results/releases/v7_4/galleries/per_object/parameter_maps/luminous_quasar_comparison/v7_4_parameter_map_hza-gnirs50-j0033-0125.png,results/releases/v7_4/galleries/per_object/seed_redshift_maps/luminous_quasar_comparison/v7_4_seed_redshift_map_hza-gnirs50-j0033-0125.png,results/releases/v7_4/galleries/per_object/growth_tracks/luminous_quasar_comparison/v7_4_growth_track_hza-gnirs50-j0033-0125.png,object_class=luminous_quasar_comparison,False
v7.4-growth-visualization,v7.4-accreting-atlas-catalogue,HZA-GNIRS50-J0050-3445,J0050+3445,luminous_quasar_comparison,shen19_gnirs50,True,True,complete,eligible_canonical_numeric_mbh,results/releases/v7_4/galleries/per_object/parameter_maps/luminous_quasar_comparison/v7_4_parameter_map_hza-gnirs50-j0050-3445.png,results/releases/v7_4/galleries/per_object/seed_redshift_maps/luminous_quasar_comparison/v7_4_seed_redshift_map_hza-gnirs50-j0050-3445.png,results/releases/v7_4/galleries/per_object/growth_tracks/luminous_quasar_comparison/v7_4_growth_track_hza-gnirs50-j0050-3445.png,object_class=luminous_quasar_comparison,False
v7.4-growth-visualization,v7.4-accreting-atlas-catalogue,HZA-GNIRS50-J0055-0146,J0055+0146,luminous_quasar_comparison,shen19_gnirs50,False,False,unavailable,missing_numeric_mbh,,,,not_calculated,False
v7.4-growth-visualization,v7.4-accreting-atlas-catalogue,HZA-GNIRS50-J0136-0226,J0136+0226,luminous_quasar_comparison,shen19_gnirs50,True,True,complete,eligible_canonical_numeric_mbh,results/releases/v7_4/galleries/per_object/parameter_maps/luminous_quasar_comparison/v7_4_parameter_map_hza-gnirs50-j0136-0226.png,results/releases/v7_4/galleries/per_object/seed_redshift_maps/luminous_quasar_comparison/v7_4_seed_redshift_map_hza-gnirs50-j0136-0226.png,results/releases/v7_4/galleries/per_object/growth_tracks/luminous_quasar_comparison/v7_4_growth_track_hza-gnirs50-j0136-0226.png,object_class=luminous_quasar_comparison,False
v7.4-growth-visualization,v7.4-accreting-atlas-catalogue,HZA-GNIRS50-J0203-0012,J0203+0012,luminous_quasar_comparison,shen19_gnirs50,True,False,complete,eligible_canonical_numeric_mbh,results/releases/v7_4/galleries/per_object/parameter_maps/luminous_quasar_comparison/v7_4_parameter_map_hza-gnirs50-j0203-0012.png,results/releases/v7_4/galleries/per_object/seed_redshift_maps/luminous_quasar_comparison/v7_4_seed_redshift_map_hza-gnirs50-j0203-0012.png,results/releases/v7_4/galleries/per_object/growth_tracks/luminous_quasar_comparison/v7_4_growth_track_hza-gnirs50-j0203-0012.png,object_class=luminous_quasar_comparison,False
v7.4-growth-visualization,v7.4-accreting-atlas-catalogue,HZA-GNIRS50-J0221-0802,J0221-0802,luminous_quasar_comparison,shen19_gnirs50,True,True,complete,eligible_canonical_numeric_mbh,results/releases/v7_4/galleries/per_object/parameter_maps/luminous_quasar_comparison/v7_4_parameter_map_hza-gnirs50-j0221-0802.png,results/releases/v7_4/galleries/per_object/seed_redshift_maps/luminous_quasar_comparison/v7_4_seed_redshift_map_hza-gnirs50-j0221-0802.png,results/releases/v7_4/galleries/per_object/growth_tracks/luminous_quasar_comparison/v7_4_growth_track_hza-gnirs50-j0221-0802.png,object_class=luminous_quasar_comparison,False
v7.4-growth-visualization,v7.4-accreting-atlas-catalogue,HZA-GNIRS50-J0227-0605,J0227-0605,luminous_quasar_comparison,shen19_gnirs50,True,True,complete,eligible_canonical_numeric_mbh,results/releases/v7_4/galleries/per_object/parameter_maps/luminous_quasar_comparison/v7_4_parameter_map_hza-gnirs50-j0227-0605.png,results/releases/v7_4/galleries/per_object/seed_redshift_maps/luminous_quasar_comparison/v7_4_seed_redshift_map_hza-gnirs50-j0227-0605.png,results/releases/v7_4/galleries/per_object/growth_tracks/luminous_quasar_comparison/v7_4_growth_track_hza-gnirs50-j0227-0605.png,object_class=luminous_quasar_comparison,False
v7.4-growth-visualization,v7.4-accreting-atlas-catalogue,HZA-GNIRS50-J0300-2232,J0300-2232,luminous_quasar_comparison,shen19_gnirs50,True,False,complete,eligible_canonical_numeric_mbh,results/releases/v7_4/galleries/per_object/parameter_maps/luminous_quasar_comparison/v7_4_parameter_map_hza-gnirs50-j0300-2232.png,results/releases/v7_4/galleries/per_object/seed_redshift_maps/luminous_quasar_comparison/v7_4_seed_redshift_map_hza-gnirs50-j0300-2232.png,results/releases/v7_4/galleries/per_object/growth_tracks/luminous_quasar_comparison/v7_4_growth_track_hza-gnirs50-j0300-2232.png,object_class=luminous_quasar_comparison,False
v7.4-growth-visualization,v7.4-accreting-atlas-catalogue,HZA-GNIRS50-J0353-0104,J0353+0104,luminous_quasar_comparison,shen19_gnirs50,True,True,complete,eligible_canonical_numeric_mbh,results/releases/v7_4/galleries/per_object/parameter_maps/luminous_quasar_comparison/v7_4_parameter_map_hza-gnirs50-j0353-0104.png,results/releases/v7_4/galleries/per_object/seed_redshift_maps/luminous_quasar_comparison/v7_4_seed_redshift_map_hza-gnirs50-j0353-0104.png,results/releases/v7_4/galleries/per_object/growth_tracks/luminous_quasar_comparison/v7_4_growth_track_hza-gnirs50-j0353-0104.png,object_class=luminous_quasar_comparison,False
v7.4-growth-visualization,v7.4-accreting-atlas-catalogue,HZA-GNIRS50-J0810-5105,J0810+5105,luminous_quasar_comparison,shen19_gnirs50,True,False,complete,eligible_canonical_numeric_mbh,results/releases/v7_4/galleries/per_object/parameter_maps/luminous_quasar_comparison/v7_4_parameter_map_hza-gnirs50-j0810-5105.png,results/releases/v7_4/galleries/per_object/seed_redshift_maps/luminous_quasar_comparison/v7_4_seed_redshift_map_hza-gnirs50-j0810-5105.png,results/releases/v7_4/galleries/per_object/growth_tracks/luminous_quasar_comparison/v7_4_growth_track_hza-gnirs50-j0810-5105.png,object_class=luminous_quasar_comparison,False
v7.4-growth-visualization,v7.4-accreting-atlas-catalogue,HZA-GNIRS50-J0835-3217,J0835+3217,luminous_quasar_comparison,shen19_gnirs50,True,False,complete,eligible_canonical_numeric_mbh,results/releases/v7_4/galleries/per_object/parameter_maps/luminous_quasar_comparison/v7_4_parameter_map_hza-gnirs50-j0835-3217.png,results/releases/v7_4/galleries/per_object/seed_redshift_maps/luminous_quasar_comparison/v7_4_seed_redshift_map_hza-gnirs50-j0835-3217.png,results/releases/v7_4/galleries/per_object/growth_tracks/luminous_quasar_comparison/v7_4_growth_track_hza-gnirs50-j0835-3217.png,object_class=luminous_quasar_comparison,False
v7.4-growth-visualization,v7.4-accreting-atlas-catalogue,HZA-GNIRS50-J0840-5624,J0840+5624,luminous_quasar_comparison,shen19_gnirs50,True,False,complete,eligible_canonical_numeric_mbh,results/releases/v7_4/galleries/per_object/parameter_maps/luminous_quasar_comparison/v7_4_parameter_map_hza-gnirs50-j0840-5624.png,results/releases/v7_4/galleries/per_object/seed_redshift_maps/luminous_quasar_comparison/v7_4_seed_redshift_map_hza-gnirs50-j0840-5624.png,results/releases/v7_4/galleries/per_object/growth_tracks/luminous_quasar_comparison/v7_4_growth_track_hza-gnirs50-j0840-5624.png,object_class=luminous_quasar_comparison,False
v7.4-growth-visualization,v7.4-accreting-atlas-catalogue,HZA-GNIRS50-J0841-2905,J0841+2905,luminous_quasar_comparison,shen19_gnirs50,True,True,complete,eligible_canonical_numeric_mbh,results/releases/v7_4/galleries/per_object/parameter_maps/luminous_quasar_comparison/v7_4_parameter_map_hza-gnirs50-j0841-2905.png,results/releases/v7_4/galleries/per_object/seed_redshift_maps/luminous_quasar_comparison/v7_4_seed_redshift_map_hza-gnirs50-j0841-2905.png,results/releases/v7_4/galleries/per_object/growth_tracks/luminous_quasar_comparison/v7_4_growth_track_hza-gnirs50-j0841-2905.png,object_class=luminous_quasar_comparison,False
v7.4-growth-visualization,v7.4-accreting-atlas-catalogue,HZA-GNIRS50-J0850-3246,J0850+3246,luminous_quasar_comparison,shen19_gnirs50,True,False,complete,eligible_canonical_numeric_mbh,results/releases/v7_4/galleries/per_object/parameter_maps/luminous_quasar_comparison/v7_4_parameter_map_hza-gnirs50-j0850-3246.png,results/releases/v7_4/galleries/per_object/seed_redshift_maps/luminous_quasar_comparison/v7_4_seed_redshift_map_hza-gnirs50-j0850-3246.png,results/releases/v7_4/galleries/per_object/growth_tracks/luminous_quasar_comparison/v7_4_growth_track_hza-gnirs50-j0850-3246.png,object_class=luminous_quasar_comparison,False
v7.4-growth-visualization,v7.4-accreting-atlas-catalogue,HZA-GNIRS50-J1044-0125,J1044-0125,luminous_quasar_comparison,shen19_gnirs50,True,False,complete,eligible_canonical_numeric_mbh,results/releases/v7_4/galleries/per_object/parameter_maps/luminous_quasar_comparison/v7_4_parameter_map_hza-gnirs50-j1044-0125.png,results/releases/v7_4/galleries/per_object/seed_redshift_maps/luminous_quasar_comparison/v7_4_seed_redshift_map_hza-gnirs50-j1044-0125.png,results/releases/v7_4/galleries/per_object/growth_tracks/luminous_quasar_comparison/v7_4_growth_track_hza-gnirs50-j1044-0125.png,object_class=luminous_quasar_comparison,False
v7.4-growth-visualization,v7.4-accreting-atlas-catalogue,HZA-GNIRS50-J1137-3549,J1137+3549,luminous_quasar_comparison,shen19_gnirs50,True,True,complete,eligible_canonical_numeric_mbh,results/releases/v7_4/galleries/per_object/parameter_maps/luminous_quasar_comparison/v7_4_parameter_map_hza-gnirs50-j1137-3549.png,results/releases/v7_4/galleries/per_object/seed_redshift_maps/luminous_quasar_comparison/v7_4_seed_redshift_map_hza-gnirs50-j1137-3549.png,results/releases/v7_4/galleries/per_object/growth_tracks/luminous_quasar_comparison/v7_4_growth_track_hza-gnirs50-j1137-3549.png,object_class=luminous_quasar_comparison,False
v7.4-growth-visualization,v7.4-accreting-atlas-catalogue,HZA-GNIRS50-J1143-3808,J1143+3808,luminous_quasar_comparison,shen19_gnirs50,True,False,complete,eligible_canonical_numeric_mbh,results/releases/v7_4/galleries/per_object/parameter_maps/luminous_quasar_comparison/v7_4_parameter_map_hza-gnirs50-j1143-3808.png,results/releases/v7_4/galleries/per_object/seed_redshift_maps/luminous_quasar_comparison/v7_4_seed_redshift_map_hza-gnirs50-j1143-3808.png,results/releases/v7_4/galleries/per_object/growth_tracks/luminous_quasar_comparison/v7_4_growth_track_hza-gnirs50-j1143-3808.png,object_class=luminous_quasar_comparison,False
v7.4-growth-visualization,v7.4-accreting-atlas-catalogue,HZA-GNIRS50-J1148-0702,J1148+0702,luminous_quasar_comparison,shen19_gnirs50,True,True,complete,eligible_canonical_numeric_mbh,results/releases/v7_4/galleries/per_object/parameter_maps/luminous_quasar_comparison/v7_4_parameter_map_hza-gnirs50-j1148-0702.png,results/releases/v7_4/galleries/per_object/seed_redshift_maps/luminous_quasar_comparison/v7_4_seed_redshift_map_hza-gnirs50-j1148-0702.png,results/releases/v7_4/galleries/per_object/growth_tracks/luminous_quasar_comparison/v7_4_growth_track_hza-gnirs50-j1148-0702.png,object_class=luminous_quasar_comparison,False
v7.4-growth-visualization,v7.4-accreting-atlas-catalogue,HZA-GNIRS50-J1148-5251,J1148+5251,luminous_quasar_comparison,shen19_gnirs50,True,True,complete,eligible_canonical_numeric_mbh,results/releases/v7_4/galleries/per_object/parameter_maps/luminous_quasar_comparison/v7_4_parameter_map_hza-gnirs50-j1148-5251.png,results/releases/v7_4/galleries/per_object/seed_redshift_maps/luminous_quasar_comparison/v7_4_seed_redshift_map_hza-gnirs50-j1148-5251.png,results/releases/v7_4/galleries/per_object/growth_tracks/luminous_quasar_comparison/v7_4_growth_track_hza-gnirs50-j1148-5251.png,object_class=luminous_quasar_comparison,False
v7.4-growth-visualization,v7.4-accreting-atlas-catalogue,HZA-GNIRS50-J1207-0630,J1207+0630,luminous_quasar_comparison,shen19_gnirs50,True,True,complete,eligible_canonical_numeric_mbh,results/releases/v7_4/galleries/per_object/parameter_maps/luminous_quasar_comparison/v7_4_parameter_map_hza-gnirs50-j1207-0630.png,results/releases/v7_4/galleries/per_object/seed_redshift_maps/luminous_quasar_comparison/v7_4_seed_redshift_map_hza-gnirs50-j1207-0630.png,results/releases/v7_4/galleries/per_object/growth_tracks/luminous_quasar_comparison/v7_4_growth_track_hza-gnirs50-j1207-0630.png,object_class=luminous_quasar_comparison,False
v7.4-growth-visualization,v7.4-accreting-atlas-catalogue,HZA-GNIRS50-J1243-2529,J1243+2529,luminous_quasar_comparison,shen19_gnirs50,True,False,complete,eligible_canonical_numeric_mbh,results/releases/v7_4/galleries/per_object/parameter_maps/luminous_quasar_comparison/v7_4_parameter_map_hza-gnirs50-j1243-2529.png,results/releases/v7_4/galleries/per_object/seed_redshift_maps/luminous_quasar_comparison/v7_4_seed_redshift_map_hza-gnirs50-j1243-2529.png,results/releases/v7_4/galleries/per_object/growth_tracks/luminous_quasar_comparison/v7_4_growth_track_hza-gnirs50-j1243-2529.png,object_class=luminous_quasar_comparison,False
v7.4-growth-visualization,v7.4-accreting-atlas-catalogue,HZA-GNIRS50-J1250-3130,J1250+3130,luminous_quasar_comparison,shen19_gnirs50,True,True,complete,eligible_canonical_numeric_mbh,results/releases/v7_4/galleries/per_object/parameter_maps/luminous_quasar_comparison/v7_4_parameter_map_hza-gnirs50-j1250-3130.png,results/releases/v7_4/galleries/per_object/seed_redshift_maps/luminous_quasar_comparison/v7_4_seed_redshift_map_hza-gnirs50-j1250-3130.png,results/releases/v7_4/galleries/per_object/growth_tracks/luminous_quasar_comparison/v7_4_growth_track_hza-gnirs50-j1250-3130.png,object_class=luminous_quasar_comparison,False
v7.4-growth-visualization,v7.4-accreting-atlas-catalogue,HZA-GNIRS50-J1257-6349,J1257+6349,luminous_quasar_comparison,shen19_gnirs50,True,True,complete,eligible_canonical_numeric_mbh,results/releases/v7_4/galleries/per_object/parameter_maps/luminous_quasar_comparison/v7_4_parameter_map_hza-gnirs50-j1257-6349.png,results/releases/v7_4/galleries/per_object/seed_redshift_maps/luminous_quasar_comparison/v7_4_seed_redshift_map_hza-gnirs50-j1257-6349.png,results/releases/v7_4/galleries/per_object/growth_tracks/luminous_quasar_comparison/v7_4_growth_track_hza-gnirs50-j1257-6349.png,object_class=luminous_quasar_comparison,False
v7.4-growth-visualization,v7.4-accreting-atlas-catalogue,HZA-GNIRS50-J1335-3533,J1335+3533,luminous_quasar_comparison,shen19_gnirs50,True,True,complete,eligible_canonical_numeric_mbh,results/releases/v7_4/galleries/per_object/parameter_maps/luminous_quasar_comparison/v7_4_parameter_map_hza-gnirs50-j1335-3533.png,results/releases/v7_4/galleries/per_object/seed_redshift_maps/luminous_quasar_comparison/v7_4_seed_redshift_map_hza-gnirs50-j1335-3533.png,results/releases/v7_4/galleries/per_object/growth_tracks/luminous_quasar_comparison/v7_4_growth_track_hza-gnirs50-j1335-3533.png,object_class=luminous_quasar_comparison,False
v7.4-growth-visualization,v7.4-accreting-atlas-catalogue,HZA-GNIRS50-J1403-0902,J1403+0902,luminous_quasar_comparison,shen19_gnirs50,True,False,complete,eligible_canonical_numeric_mbh,results/releases/v7_4/galleries/per_object/parameter_maps/luminous_quasar_comparison/v7_4_parameter_map_hza-gnirs50-j1403-0902.png,results/releases/v7_4/galleries/per_object/seed_redshift_maps/luminous_quasar_comparison/v7_4_seed_redshift_map_hza-gnirs50-j1403-0902.png,results/releases/v7_4/galleries/per_object/growth_tracks/luminous_quasar_comparison/v7_4_growth_track_hza-gnirs50-j1403-0902.png,object_class=luminous_quasar_comparison,False
v7.4-growth-visualization,v7.4-accreting-atlas-catalogue,HZA-GNIRS50-J1425-3254,J1425+3254,luminous_quasar_comparison,shen19_gnirs50,True,False,complete,eligible_canonical_numeric_mbh,results/releases/v7_4/galleries/per_object/parameter_maps/luminous_quasar_comparison/v7_4_parameter_map_hza-gnirs50-j1425-3254.png,results/releases/v7_4/galleries/per_object/seed_redshift_maps/luminous_quasar_comparison/v7_4_seed_redshift_map_hza-gnirs50-j1425-3254.png,results/releases/v7_4/galleries/per_object/growth_tracks/luminous_quasar_comparison/v7_4_growth_track_hza-gnirs50-j1425-3254.png,object_class=luminous_quasar_comparison,False
v7.4-growth-visualization,v7.4-accreting-atlas-catalogue,HZA-GNIRS50-J1427-3312,J1427+3312,luminous_quasar_comparison,shen19_gnirs50,True,True,complete,eligible_canonical_numeric_mbh,results/releases/v7_4/galleries/per_object/parameter_maps/luminous_quasar_comparison/v7_4_parameter_map_hza-gnirs50-j1427-3312.png,results/releases/v7_4/galleries/per_object/seed_redshift_maps/luminous_quasar_comparison/v7_4_seed_redshift_map_hza-gnirs50-j1427-3312.png,results/releases/v7_4/galleries/per_object/growth_tracks/luminous_quasar_comparison/v7_4_growth_track_hza-gnirs50-j1427-3312.png,object_class=luminous_quasar_comparison,False
v7.4-growth-visualization,v7.4-accreting-atlas-catalogue,HZA-GNIRS50-J1429-5447,J1429+5447,luminous_quasar_comparison,shen19_gnirs50,True,True,complete,eligible_canonical_numeric_mbh,results/releases/v7_4/galleries/per_object/parameter_maps/luminous_quasar_comparison/v7_4_parameter_map_hza-gnirs50-j1429-5447.png,results/releases/v7_4/galleries/per_object/seed_redshift_maps/luminous_quasar_comparison/v7_4_seed_redshift_map_hza-gnirs50-j1429-5447.png,results/releases/v7_4/galleries/per_object/growth_tracks/luminous_quasar_comparison/v7_4_growth_track_hza-gnirs50-j1429-5447.png,object_class=luminous_quasar_comparison,False
v7.4-growth-visualization,v7.4-accreting-atlas-catalogue,HZA-GNIRS50-J1436-5007,J1436+5007,luminous_quasar_comparison,shen19_gnirs50,True,False,complete,eligible_canonical_numeric_mbh,results/releases/v7_4/galleries/per_object/parameter_maps/luminous_quasar_comparison/v7_4_parameter_map_hza-gnirs50-j1436-5007.png,results/releases/v7_4/galleries/per_object/seed_redshift_maps/luminous_quasar_comparison/v7_4_seed_redshift_map_hza-gnirs50-j1436-5007.png,results/releases/v7_4/galleries/per_object/growth_tracks/luminous_quasar_comparison/v7_4_growth_track_hza-gnirs50-j1436-5007.png,object_class=luminous_quasar_comparison,False
v7.4-growth-visualization,v7.4-accreting-atlas-catalogue,HZA-GNIRS50-J1545-6028,J1545+6028,luminous_quasar_comparison,shen19_gnirs50,True,False,complete,eligible_canonical_numeric_mbh,results/releases/v7_4/galleries/per_object/parameter_maps/luminous_quasar_comparison/v7_4_parameter_map_hza-gnirs50-j1545-6028.png,results/releases/v7_4/galleries/per_object/seed_redshift_maps/luminous_quasar_comparison/v7_4_seed_redshift_map_hza-gnirs50-j1545-6028.png,results/releases/v7_4/galleries/per_object/growth_tracks/luminous_quasar_comparison/v7_4_growth_track_hza-gnirs50-j1545-6028.png,object_class=luminous_quasar_comparison,False
v7.4-growth-visualization,v7.4-accreting-atlas-catalogue,HZA-GNIRS50-J1602-4228,J1602+4228,luminous_quasar_comparison,shen19_gnirs50,True,True,complete,eligible_canonical_numeric_mbh,results/releases/v7_4/galleries/per_object/parameter_maps/luminous_quasar_comparison/v7_4_parameter_map_hza-gnirs50-j1602-4228.png,results/releases/v7_4/galleries/per_object/seed_redshift_maps/luminous_quasar_comparison/v7_4_seed_redshift_map_hza-gnirs50-j1602-4228.png,results/releases/v7_4/galleries/per_object/growth_tracks/luminous_quasar_comparison/v7_4_growth_track_hza-gnirs50-j1602-4228.png,object_class=luminous_quasar_comparison,False
v7.4-growth-visualization,v7.4-accreting-atlas-catalogue,HZA-GNIRS50-J1609-3041,J1609+3041,luminous_quasar_comparison,shen19_gnirs50,True,True,complete,eligible_canonical_numeric_mbh,results/releases/v7_4/galleries/per_object/parameter_maps/luminous_quasar_comparison/v7_4_parameter_map_hza-gnirs50-j1609-3041.png,results/releases/v7_4/galleries/per_object/seed_redshift_maps/luminous_quasar_comparison/v7_4_seed_redshift_map_hza-gnirs50-j1609-3041.png,results/releases/v7_4/galleries/per_object/growth_tracks/luminous_quasar_comparison/v7_4_growth_track_hza-gnirs50-j1609-3041.png,object_class=luminous_quasar_comparison,False
v7.4-growth-visualization,v7.4-accreting-atlas-catalogue,HZA-GNIRS50-J1621-5155,J1621+5155,luminous_quasar_comparison,shen19_gnirs50,True,False,complete,eligible_canonical_numeric_mbh,results/releases/v7_4/galleries/per_object/parameter_maps/luminous_quasar_comparison/v7_4_parameter_map_hza-gnirs50-j1621-5155.png,results/releases/v7_4/galleries/per_object/seed_redshift_maps/luminous_quasar_comparison/v7_4_seed_redshift_map_hza-gnirs50-j1621-5155.png,results/releases/v7_4/galleries/per_object/growth_tracks/luminous_quasar_comparison/v7_4_growth_track_hza-gnirs50-j1621-5155.png,object_class=luminous_quasar_comparison,False
v7.4-growth-visualization,v7.4-accreting-atlas-catalogue,HZA-GNIRS50-J1623-3112,J1623+3112,luminous_quasar_comparison,shen19_gnirs50,True,True,complete,eligible_canonical_numeric_mbh,results/releases/v7_4/galleries/per_object/parameter_maps/luminous_quasar_comparison/v7_4_parameter_map_hza-gnirs50-j1623-3112.png,results/releases/v7_4/galleries/per_object/seed_redshift_maps/luminous_quasar_comparison/v7_4_seed_redshift_map_hza-gnirs50-j1623-3112.png,results/releases/v7_4/galleries/per_object/growth_tracks/luminous_quasar_comparison/v7_4_growth_track_hza-gnirs50-j1623-3112.png,object_class=luminous_quasar_comparison,False
v7.4-growth-visualization,v7.4-accreting-atlas-catalogue,HZA-GNIRS50-J1630-4012,J1630+4012,luminous_quasar_comparison,shen19_gnirs50,True,True,complete,eligible_canonical_numeric_mbh,results/releases/v7_4/galleries/per_object/parameter_maps/luminous_quasar_comparison/v7_4_parameter_map_hza-gnirs50-j1630-4012.png,results/releases/v7_4/galleries/per_object/seed_redshift_maps/luminous_quasar_comparison/v7_4_seed_redshift_map_hza-gnirs50-j1630-4012.png,results/releases/v7_4/galleries/per_object/growth_tracks/luminous_quasar_comparison/v7_4_growth_track_hza-gnirs50-j1630-4012.png,object_class=luminous_quasar_comparison,False
v7.4-growth-visualization,v7.4-accreting-atlas-catalogue,HZA-GNIRS50-J2307-0031,J2307+0031,luminous_quasar_comparison,shen19_gnirs50,True,False,complete,eligible_canonical_numeric_mbh,results/releases/v7_4/galleries/per_object/parameter_maps/luminous_quasar_comparison/v7_4_parameter_map_hza-gnirs50-j2307-0031.png,results/releases/v7_4/galleries/per_object/seed_redshift_maps/luminous_quasar_comparison/v7_4_seed_redshift_map_hza-gnirs50-j2307-0031.png,results/releases/v7_4/galleries/per_object/growth_tracks/luminous_quasar_comparison/v7_4_growth_track_hza-gnirs50-j2307-0031.png,object_class=luminous_quasar_comparison,False
v7.4-growth-visualization,v7.4-accreting-atlas-catalogue,HZA-GNIRS50-J2329-0403,J2329-0403,luminous_quasar_comparison,shen19_gnirs50,True,True,complete,eligible_canonical_numeric_mbh,results/releases/v7_4/galleries/per_object/parameter_maps/luminous_quasar_comparison/v7_4_parameter_map_hza-gnirs50-j2329-0403.png,results/releases/v7_4/galleries/per_object/seed_redshift_maps/luminous_quasar_comparison/v7_4_seed_redshift_map_hza-gnirs50-j2329-0403.png,results/releases/v7_4/galleries/per_object/growth_tracks/luminous_quasar_comparison/v7_4_growth_track_hza-gnirs50-j2329-0403.png,object_class=luminous_quasar_comparison,False
v7.4-growth-visualization,v7.4-accreting-atlas-catalogue,HZA-GNIRS50-J2356-0023,J2356+0023,luminous_quasar_comparison,shen19_gnirs50,True,True,complete,eligible_canonical_numeric_mbh,results/releases/v7_4/galleries/per_object/parameter_maps/luminous_quasar_comparison/v7_4_parameter_map_hza-gnirs50-j2356-0023.png,results/releases/v7_4/galleries/per_object/seed_redshift_maps/luminous_quasar_comparison/v7_4_seed_redshift_map_hza-gnirs50-j2356-0023.png,results/releases/v7_4/galleries/per_object/growth_tracks/luminous_quasar_comparison/v7_4_growth_track_hza-gnirs50-j2356-0023.png,object_class=luminous_quasar_comparison,False
v7.4-growth-visualization,v7.4-accreting-atlas-catalogue,HZA-GNIRS50-P000-26,P000+26,luminous_quasar_comparison,shen19_gnirs50,True,False,complete,eligible_canonical_numeric_mbh,results/releases/v7_4/galleries/per_object/parameter_maps/luminous_quasar_comparison/v7_4_parameter_map_hza-gnirs50-p000-26.png,results/releases/v7_4/galleries/per_object/seed_redshift_maps/luminous_quasar_comparison/v7_4_seed_redshift_map_hza-gnirs50-p000-26.png,results/releases/v7_4/galleries/per_object/growth_tracks/luminous_quasar_comparison/v7_4_growth_track_hza-gnirs50-p000-26.png,object_class=luminous_quasar_comparison,False
v7.4-growth-visualization,v7.4-accreting-atlas-catalogue,HZA-GNIRS50-P210-27,P210+27,luminous_quasar_comparison,shen19_gnirs50,True,True,complete,eligible_canonical_numeric_mbh,results/releases/v7_4/galleries/per_object/parameter_maps/luminous_quasar_comparison/v7_4_parameter_map_hza-gnirs50-p210-27.png,results/releases/v7_4/galleries/per_object/seed_redshift_maps/luminous_quasar_comparison/v7_4_seed_redshift_map_hza-gnirs50-p210-27.png,results/releases/v7_4/galleries/per_object/growth_tracks/luminous_quasar_comparison/v7_4_growth_track_hza-gnirs50-p210-27.png,object_class=luminous_quasar_comparison,False
v7.4-growth-visualization,v7.4-accreting-atlas-catalogue,HZA-GNIRS50-P228-21,P228+21,luminous_quasar_comparison,shen19_gnirs50,True,False,complete,eligible_canonical_numeric_mbh,results/releases/v7_4/galleries/per_object/parameter_maps/luminous_quasar_comparison/v7_4_parameter_map_hza-gnirs50-p228-21.png,results/releases/v7_4/galleries/per_object/seed_redshift_maps/luminous_quasar_comparison/v7_4_seed_redshift_map_hza-gnirs50-p228-21.png,results/releases/v7_4/galleries/per_object/growth_tracks/luminous_quasar_comparison/v7_4_growth_track_hza-gnirs50-p228-21.png,object_class=luminous_quasar_comparison,False
v7.4-growth-visualization,v7.4-accreting-atlas-catalogue,HZA-GNIRS50-P333-26,P333+26,luminous_quasar_comparison,shen19_gnirs50,True,True,complete,eligible_canonical_numeric_mbh,results/releases/v7_4/galleries/per_object/parameter_maps/luminous_quasar_comparison/v7_4_parameter_map_hza-gnirs50-p333-26.png,results/releases/v7_4/galleries/per_object/seed_redshift_maps/luminous_quasar_comparison/v7_4_seed_redshift_map_hza-gnirs50-p333-26.png,results/releases/v7_4/galleries/per_object/growth_tracks/luminous_quasar_comparison/v7_4_growth_track_hza-gnirs50-p333-26.png,object_class=luminous_quasar_comparison,False
v7.4-growth-visualization,v7.4-accreting-atlas-catalogue,HZA-XQR30-CFHQS-J1509-1749,CFHQS J1509-1749,luminous_quasar_comparison,xqr30_mazzucchelli23,True,True,complete,eligible_canonical_numeric_mbh,results/releases/v7_4/galleries/per_object/parameter_maps/luminous_quasar_comparison/v7_4_parameter_map_hza-xqr30-cfhqs-j1509-1749.png,results/releases/v7_4/galleries/per_object/seed_redshift_maps/luminous_quasar_comparison/v7_4_seed_redshift_map_hza-xqr30-cfhqs-j1509-1749.png,results/releases/v7_4/galleries/per_object/growth_tracks/luminous_quasar_comparison/v7_4_growth_track_hza-xqr30-cfhqs-j1509-1749.png,object_class=luminous_quasar_comparison,False
v7.4-growth-visualization,v7.4-accreting-atlas-catalogue,HZA-XQR30-DELS-J0923-0402,DELS J0923+0402,luminous_quasar_comparison,xqr30_mazzucchelli23,True,True,complete,eligible_canonical_numeric_mbh,results/releases/v7_4/galleries/per_object/parameter_maps/luminous_quasar_comparison/v7_4_parameter_map_hza-xqr30-dels-j0923-0402.png,results/releases/v7_4/galleries/per_object/seed_redshift_maps/luminous_quasar_comparison/v7_4_seed_redshift_map_hza-xqr30-dels-j0923-0402.png,results/releases/v7_4/galleries/per_object/growth_tracks/luminous_quasar_comparison/v7_4_growth_track_hza-xqr30-dels-j0923-0402.png,object_class=luminous_quasar_comparison,False
v7.4-growth-visualization,v7.4-accreting-atlas-catalogue,HZA-XQR30-DELS-J1535-1943,DELS J1535+1943,luminous_quasar_comparison,xqr30_mazzucchelli23,True,True,complete,eligible_canonical_numeric_mbh,results/releases/v7_4/galleries/per_object/parameter_maps/luminous_quasar_comparison/v7_4_parameter_map_hza-xqr30-dels-j1535-1943.png,results/releases/v7_4/galleries/per_object/seed_redshift_maps/luminous_quasar_comparison/v7_4_seed_redshift_map_hza-xqr30-dels-j1535-1943.png,results/releases/v7_4/galleries/per_object/growth_tracks/luminous_quasar_comparison/v7_4_growth_track_hza-xqr30-dels-j1535-1943.png,object_class=luminous_quasar_comparison,False
v7.4-growth-visualization,v7.4-accreting-atlas-catalogue,HZA-XQR30-PSO-J007-04,PSO J007+04,luminous_quasar_comparison,xqr30_mazzucchelli23,True,True,complete,eligible_canonical_numeric_mbh,results/releases/v7_4/galleries/per_object/parameter_maps/luminous_quasar_comparison/v7_4_parameter_map_hza-xqr30-pso-j007-04.png,results/releases/v7_4/galleries/per_object/seed_redshift_maps/luminous_quasar_comparison/v7_4_seed_redshift_map_hza-xqr30-pso-j007-04.png,results/releases/v7_4/galleries/per_object/growth_tracks/luminous_quasar_comparison/v7_4_growth_track_hza-xqr30-pso-j007-04.png,object_class=luminous_quasar_comparison,False
v7.4-growth-visualization,v7.4-accreting-atlas-catalogue,HZA-XQR30-PSO-J009-10,PSO J009-10,luminous_quasar_comparison,xqr30_mazzucchelli23,True,True,complete,eligible_canonical_numeric_mbh,results/releases/v7_4/galleries/per_object/parameter_maps/luminous_quasar_comparison/v7_4_parameter_map_hza-xqr30-pso-j009-10.png,results/releases/v7_4/galleries/per_object/seed_redshift_maps/luminous_quasar_comparison/v7_4_seed_redshift_map_hza-xqr30-pso-j009-10.png,results/releases/v7_4/galleries/per_object/growth_tracks/luminous_quasar_comparison/v7_4_growth_track_hza-xqr30-pso-j009-10.png,object_class=luminous_quasar_comparison,False
v7.4-growth-visualization,v7.4-accreting-atlas-catalogue,HZA-XQR30-PSO-J023-02,PSO J023-02,luminous_quasar_comparison,xqr30_mazzucchelli23,True,True,complete,eligible_canonical_numeric_mbh,results/releases/v7_4/galleries/per_object/parameter_maps/luminous_quasar_comparison/v7_4_parameter_map_hza-xqr30-pso-j023-02.png,results/releases/v7_4/galleries/per_object/seed_redshift_maps/luminous_quasar_comparison/v7_4_seed_redshift_map_hza-xqr30-pso-j023-02.png,results/releases/v7_4/galleries/per_object/growth_tracks/luminous_quasar_comparison/v7_4_growth_track_hza-xqr30-pso-j023-02.png,object_class=luminous_quasar_comparison,False
v7.4-growth-visualization,v7.4-accreting-atlas-catalogue,HZA-XQR30-PSO-J025-11,PSO J025-11,luminous_quasar_comparison,xqr30_mazzucchelli23,True,True,complete,eligible_canonical_numeric_mbh,results/releases/v7_4/galleries/per_object/parameter_maps/luminous_quasar_comparison/v7_4_parameter_map_hza-xqr30-pso-j025-11.png,results/releases/v7_4/galleries/per_object/seed_redshift_maps/luminous_quasar_comparison/v7_4_seed_redshift_map_hza-xqr30-pso-j025-11.png,results/releases/v7_4/galleries/per_object/growth_tracks/luminous_quasar_comparison/v7_4_growth_track_hza-xqr30-pso-j025-11.png,object_class=luminous_quasar_comparison,False
v7.4-growth-visualization,v7.4-accreting-atlas-catalogue,HZA-XQR30-PSO-J029-29,PSO J029-29,luminous_quasar_comparison,xqr30_mazzucchelli23,True,True,complete,eligible_canonical_numeric_mbh,results/releases/v7_4/galleries/per_object/parameter_maps/luminous_quasar_comparison/v7_4_parameter_map_hza-xqr30-pso-j029-29.png,results/releases/v7_4/galleries/per_object/seed_redshift_maps/luminous_quasar_comparison/v7_4_seed_redshift_map_hza-xqr30-pso-j029-29.png,results/releases/v7_4/galleries/per_object/growth_tracks/luminous_quasar_comparison/v7_4_growth_track_hza-xqr30-pso-j029-29.png,object_class=luminous_quasar_comparison,False
v7.4-growth-visualization,v7.4-accreting-atlas-catalogue,HZA-XQR30-PSO-J036-03,PSO J036+03,luminous_quasar_comparison,xqr30_mazzucchelli23,True,True,complete,eligible_canonical_numeric_mbh,results/releases/v7_4/galleries/per_object/parameter_maps/luminous_quasar_comparison/v7_4_parameter_map_hza-xqr30-pso-j036-03.png,results/releases/v7_4/galleries/per_object/seed_redshift_maps/luminous_quasar_comparison/v7_4_seed_redshift_map_hza-xqr30-pso-j036-03.png,results/releases/v7_4/galleries/per_object/growth_tracks/luminous_quasar_comparison/v7_4_growth_track_hza-xqr30-pso-j036-03.png,object_class=luminous_quasar_comparison,False
v7.4-growth-visualization,v7.4-accreting-atlas-catalogue,HZA-XQR30-PSO-J060-24,PSO J060+24,luminous_quasar_comparison,xqr30_mazzucchelli23,True,True,complete,eligible_canonical_numeric_mbh,results/releases/v7_4/galleries/per_object/parameter_maps/luminous_quasar_comparison/v7_4_parameter_map_hza-xqr30-pso-j060-24.png,results/releases/v7_4/galleries/per_object/seed_redshift_maps/luminous_quasar_comparison/v7_4_seed_redshift_map_hza-xqr30-pso-j060-24.png,results/releases/v7_4/galleries/per_object/growth_tracks/luminous_quasar_comparison/v7_4_growth_track_hza-xqr30-pso-j060-24.png,object_class=luminous_quasar_comparison,False
v7.4-growth-visualization,v7.4-accreting-atlas-catalogue,HZA-XQR30-PSO-J065-01,PSO J065+01,luminous_quasar_comparison,xqr30_mazzucchelli23,True,True,complete,eligible_canonical_numeric_mbh,results/releases/v7_4/galleries/per_object/parameter_maps/luminous_quasar_comparison/v7_4_parameter_map_hza-xqr30-pso-j065-01.png,results/releases/v7_4/galleries/per_object/seed_redshift_maps/luminous_quasar_comparison/v7_4_seed_redshift_map_hza-xqr30-pso-j065-01.png,results/releases/v7_4/galleries/per_object/growth_tracks/luminous_quasar_comparison/v7_4_growth_track_hza-xqr30-pso-j065-01.png,object_class=luminous_quasar_comparison,False
v7.4-growth-visualization,v7.4-accreting-atlas-catalogue,HZA-XQR30-PSO-J065-26,PSO J065-26,luminous_quasar_comparison,xqr30_mazzucchelli23,True,True,complete,eligible_canonical_numeric_mbh,results/releases/v7_4/galleries/per_object/parameter_maps/luminous_quasar_comparison/v7_4_parameter_map_hza-xqr30-pso-j065-26.png,results/releases/v7_4/galleries/per_object/seed_redshift_maps/luminous_quasar_comparison/v7_4_seed_redshift_map_hza-xqr30-pso-j065-26.png,results/releases/v7_4/galleries/per_object/growth_tracks/luminous_quasar_comparison/v7_4_growth_track_hza-xqr30-pso-j065-26.png,object_class=luminous_quasar_comparison,False
v7.4-growth-visualization,v7.4-accreting-atlas-catalogue,HZA-XQR30-PSO-J089-15,PSO J089-15,luminous_quasar_comparison,xqr30_mazzucchelli23,True,True,complete,eligible_canonical_numeric_mbh,results/releases/v7_4/galleries/per_object/parameter_maps/luminous_quasar_comparison/v7_4_parameter_map_hza-xqr30-pso-j089-15.png,results/releases/v7_4/galleries/per_object/seed_redshift_maps/luminous_quasar_comparison/v7_4_seed_redshift_map_hza-xqr30-pso-j089-15.png,results/releases/v7_4/galleries/per_object/growth_tracks/luminous_quasar_comparison/v7_4_growth_track_hza-xqr30-pso-j089-15.png,object_class=luminous_quasar_comparison,False
v7.4-growth-visualization,v7.4-accreting-atlas-catalogue,HZA-XQR30-PSO-J108-08,PSO J108+08,luminous_quasar_comparison,xqr30_mazzucchelli23,True,True,complete,eligible_canonical_numeric_mbh,results/releases/v7_4/galleries/per_object/parameter_maps/luminous_quasar_comparison/v7_4_parameter_map_hza-xqr30-pso-j108-08.png,results/releases/v7_4/galleries/per_object/seed_redshift_maps/luminous_quasar_comparison/v7_4_seed_redshift_map_hza-xqr30-pso-j108-08.png,results/releases/v7_4/galleries/per_object/growth_tracks/luminous_quasar_comparison/v7_4_growth_track_hza-xqr30-pso-j108-08.png,object_class=luminous_quasar_comparison,False
v7.4-growth-visualization,v7.4-accreting-atlas-catalogue,HZA-XQR30-PSO-J158-14,PSO J158-14,luminous_quasar_comparison,xqr30_mazzucchelli23,True,True,complete,eligible_canonical_numeric_mbh,results/releases/v7_4/galleries/per_object/parameter_maps/luminous_quasar_comparison/v7_4_parameter_map_hza-xqr30-pso-j158-14.png,results/releases/v7_4/galleries/per_object/seed_redshift_maps/luminous_quasar_comparison/v7_4_seed_redshift_map_hza-xqr30-pso-j158-14.png,results/releases/v7_4/galleries/per_object/growth_tracks/luminous_quasar_comparison/v7_4_growth_track_hza-xqr30-pso-j158-14.png,object_class=luminous_quasar_comparison,False
v7.4-growth-visualization,v7.4-accreting-atlas-catalogue,HZA-XQR30-PSO-J183-05,PSO J183+05,luminous_quasar_comparison,xqr30_mazzucchelli23,True,True,complete,eligible_canonical_numeric_mbh,results/releases/v7_4/galleries/per_object/parameter_maps/luminous_quasar_comparison/v7_4_parameter_map_hza-xqr30-pso-j183-05.png,results/releases/v7_4/galleries/per_object/seed_redshift_maps/luminous_quasar_comparison/v7_4_seed_redshift_map_hza-xqr30-pso-j183-05.png,results/releases/v7_4/galleries/per_object/growth_tracks/luminous_quasar_comparison/v7_4_growth_track_hza-xqr30-pso-j183-05.png,object_class=luminous_quasar_comparison,False
v7.4-growth-visualization,v7.4-accreting-atlas-catalogue,HZA-XQR30-PSO-J183-12,PSO J183-12,luminous_quasar_comparison,xqr30_mazzucchelli23,True,True,complete,eligible_canonical_numeric_mbh,results/releases/v7_4/galleries/per_object/parameter_maps/luminous_quasar_comparison/v7_4_parameter_map_hza-xqr30-pso-j183-12.png,results/releases/v7_4/galleries/per_object/seed_redshift_maps/luminous_quasar_comparison/v7_4_seed_redshift_map_hza-xqr30-pso-j183-12.png,results/releases/v7_4/galleries/per_object/growth_tracks/luminous_quasar_comparison/v7_4_growth_track_hza-xqr30-pso-j183-12.png,object_class=luminous_quasar_comparison,False
v7.4-growth-visualization,v7.4-accreting-atlas-catalogue,HZA-XQR30-PSO-J217-07,PSO J217-07,luminous_quasar_comparison,xqr30_mazzucchelli23,True,True,complete,eligible_canonical_numeric_mbh,results/releases/v7_4/galleries/per_object/parameter_maps/luminous_quasar_comparison/v7_4_parameter_map_hza-xqr30-pso-j217-07.png,results/releases/v7_4/galleries/per_object/seed_redshift_maps/luminous_quasar_comparison/v7_4_seed_redshift_map_hza-xqr30-pso-j217-07.png,results/releases/v7_4/galleries/per_object/growth_tracks/luminous_quasar_comparison/v7_4_growth_track_hza-xqr30-pso-j217-07.png,object_class=luminous_quasar_comparison,False
v7.4-growth-visualization,v7.4-accreting-atlas-catalogue,HZA-XQR30-PSO-J217-16,PSO J217-16,luminous_quasar_comparison,xqr30_mazzucchelli23,True,True,complete,eligible_canonical_numeric_mbh,results/releases/v7_4/galleries/per_object/parameter_maps/luminous_quasar_comparison/v7_4_parameter_map_hza-xqr30-pso-j217-16.png,results/releases/v7_4/galleries/per_object/seed_redshift_maps/luminous_quasar_comparison/v7_4_seed_redshift_map_hza-xqr30-pso-j217-16.png,results/releases/v7_4/galleries/per_object/growth_tracks/luminous_quasar_comparison/v7_4_growth_track_hza-xqr30-pso-j217-16.png,object_class=luminous_quasar_comparison,False
v7.4-growth-visualization,v7.4-accreting-atlas-catalogue,HZA-XQR30-PSO-J231-20,PSO J231-20,luminous_quasar_comparison,xqr30_mazzucchelli23,True,True,complete,eligible_canonical_numeric_mbh,results/releases/v7_4/galleries/per_object/parameter_maps/luminous_quasar_comparison/v7_4_parameter_map_hza-xqr30-pso-j231-20.png,results/releases/v7_4/galleries/per_object/seed_redshift_maps/luminous_quasar_comparison/v7_4_seed_redshift_map_hza-xqr30-pso-j231-20.png,results/releases/v7_4/galleries/per_object/growth_tracks/luminous_quasar_comparison/v7_4_growth_track_hza-xqr30-pso-j231-20.png,object_class=luminous_quasar_comparison,False
v7.4-growth-visualization,v7.4-accreting-atlas-catalogue,HZA-XQR30-PSO-J239-07,PSO J239-07,luminous_quasar_comparison,xqr30_mazzucchelli23,True,True,complete,eligible_canonical_numeric_mbh,results/releases/v7_4/galleries/per_object/parameter_maps/luminous_quasar_comparison/v7_4_parameter_map_hza-xqr30-pso-j239-07.png,results/releases/v7_4/galleries/per_object/seed_redshift_maps/luminous_quasar_comparison/v7_4_seed_redshift_map_hza-xqr30-pso-j239-07.png,results/releases/v7_4/galleries/per_object/growth_tracks/luminous_quasar_comparison/v7_4_growth_track_hza-xqr30-pso-j239-07.png,object_class=luminous_quasar_comparison,False
v7.4-growth-visualization,v7.4-accreting-atlas-catalogue,HZA-XQR30-PSO-J242-12,PSO J242-12,luminous_quasar_comparison,xqr30_mazzucchelli23,True,True,complete,eligible_canonical_numeric_mbh,results/releases/v7_4/galleries/per_object/parameter_maps/luminous_quasar_comparison/v7_4_parameter_map_hza-xqr30-pso-j242-12.png,results/releases/v7_4/galleries/per_object/seed_redshift_maps/luminous_quasar_comparison/v7_4_seed_redshift_map_hza-xqr30-pso-j242-12.png,results/releases/v7_4/galleries/per_object/growth_tracks/luminous_quasar_comparison/v7_4_growth_track_hza-xqr30-pso-j242-12.png,object_class=luminous_quasar_comparison,False
v7.4-growth-visualization,v7.4-accreting-atlas-catalogue,HZA-XQR30-PSO-J308-27,PSO J308-27,luminous_quasar_comparison,xqr30_mazzucchelli23,True,True,complete,eligible_canonical_numeric_mbh,results/releases/v7_4/galleries/per_object/parameter_maps/luminous_quasar_comparison/v7_4_parameter_map_hza-xqr30-pso-j308-27.png,results/releases/v7_4/galleries/per_object/seed_redshift_maps/luminous_quasar_comparison/v7_4_seed_redshift_map_hza-xqr30-pso-j308-27.png,results/releases/v7_4/galleries/per_object/growth_tracks/luminous_quasar_comparison/v7_4_growth_track_hza-xqr30-pso-j308-27.png,object_class=luminous_quasar_comparison,False
v7.4-growth-visualization,v7.4-accreting-atlas-catalogue,HZA-XQR30-PSO-J323-12,PSO J323+12,luminous_quasar_comparison,xqr30_mazzucchelli23,True,True,complete,eligible_canonical_numeric_mbh,results/releases/v7_4/galleries/per_object/parameter_maps/luminous_quasar_comparison/v7_4_parameter_map_hza-xqr30-pso-j323-12.png,results/releases/v7_4/galleries/per_object/seed_redshift_maps/luminous_quasar_comparison/v7_4_seed_redshift_map_hza-xqr30-pso-j323-12.png,results/releases/v7_4/galleries/per_object/growth_tracks/luminous_quasar_comparison/v7_4_growth_track_hza-xqr30-pso-j323-12.png,object_class=luminous_quasar_comparison,False
v7.4-growth-visualization,v7.4-accreting-atlas-catalogue,HZA-XQR30-PSO-J359-06,PSO J359-06,luminous_quasar_comparison,xqr30_mazzucchelli23,True,True,complete,eligible_canonical_numeric_mbh,results/releases/v7_4/galleries/per_object/parameter_maps/luminous_quasar_comparison/v7_4_parameter_map_hza-xqr30-pso-j359-06.png,results/releases/v7_4/galleries/per_object/seed_redshift_maps/luminous_quasar_comparison/v7_4_seed_redshift_map_hza-xqr30-pso-j359-06.png,results/releases/v7_4/galleries/per_object/growth_tracks/luminous_quasar_comparison/v7_4_growth_track_hza-xqr30-pso-j359-06.png,object_class=luminous_quasar_comparison,False
v7.4-growth-visualization,v7.4-accreting-atlas-catalogue,HZA-XQR30-SDSS-J0100-2802,SDSS J0100+2802,luminous_quasar_comparison,xqr30_mazzucchelli23,True,True,complete,eligible_canonical_numeric_mbh,results/releases/v7_4/galleries/per_object/parameter_maps/luminous_quasar_comparison/v7_4_parameter_map_hza-xqr30-sdss-j0100-2802.png,results/releases/v7_4/galleries/per_object/seed_redshift_maps/luminous_quasar_comparison/v7_4_seed_redshift_map_hza-xqr30-sdss-j0100-2802.png,results/releases/v7_4/galleries/per_object/growth_tracks/luminous_quasar_comparison/v7_4_growth_track_hza-xqr30-sdss-j0100-2802.png,object_class=luminous_quasar_comparison,False
v7.4-growth-visualization,v7.4-accreting-atlas-catalogue,HZA-XQR30-SDSS-J0818-1722,SDSS J0818+1722,luminous_quasar_comparison,xqr30_mazzucchelli23,True,True,complete,eligible_canonical_numeric_mbh,results/releases/v7_4/galleries/per_object/parameter_maps/luminous_quasar_comparison/v7_4_parameter_map_hza-xqr30-sdss-j0818-1722.png,results/releases/v7_4/galleries/per_object/seed_redshift_maps/luminous_quasar_comparison/v7_4_seed_redshift_map_hza-xqr30-sdss-j0818-1722.png,results/releases/v7_4/galleries/per_object/growth_tracks/luminous_quasar_comparison/v7_4_growth_track_hza-xqr30-sdss-j0818-1722.png,object_class=luminous_quasar_comparison,False
v7.4-growth-visualization,v7.4-accreting-atlas-catalogue,HZA-XQR30-SDSS-J0836-0054,SDSS J0836+0054,luminous_quasar_comparison,xqr30_mazzucchelli23,True,True,complete,eligible_canonical_numeric_mbh,results/releases/v7_4/galleries/per_object/parameter_maps/luminous_quasar_comparison/v7_4_parameter_map_hza-xqr30-sdss-j0836-0054.png,results/releases/v7_4/galleries/per_object/seed_redshift_maps/luminous_quasar_comparison/v7_4_seed_redshift_map_hza-xqr30-sdss-j0836-0054.png,results/releases/v7_4/galleries/per_object/growth_tracks/luminous_quasar_comparison/v7_4_growth_track_hza-xqr30-sdss-j0836-0054.png,object_class=luminous_quasar_comparison,False
v7.4-growth-visualization,v7.4-accreting-atlas-catalogue,HZA-XQR30-SDSS-J0842-1218,SDSS J0842+1218,luminous_quasar_comparison,xqr30_mazzucchelli23,True,True,complete,eligible_canonical_numeric_mbh,results/releases/v7_4/galleries/per_object/parameter_maps/luminous_quasar_comparison/v7_4_parameter_map_hza-xqr30-sdss-j0842-1218.png,results/releases/v7_4/galleries/per_object/seed_redshift_maps/luminous_quasar_comparison/v7_4_seed_redshift_map_hza-xqr30-sdss-j0842-1218.png,results/releases/v7_4/galleries/per_object/growth_tracks/luminous_quasar_comparison/v7_4_growth_track_hza-xqr30-sdss-j0842-1218.png,object_class=luminous_quasar_comparison,False
v7.4-growth-visualization,v7.4-accreting-atlas-catalogue,HZA-XQR30-SDSS-J0927-2001,SDSS J0927+2001,luminous_quasar_comparison,xqr30_mazzucchelli23,True,True,complete,eligible_canonical_numeric_mbh,results/releases/v7_4/galleries/per_object/parameter_maps/luminous_quasar_comparison/v7_4_parameter_map_hza-xqr30-sdss-j0927-2001.png,results/releases/v7_4/galleries/per_object/seed_redshift_maps/luminous_quasar_comparison/v7_4_seed_redshift_map_hza-xqr30-sdss-j0927-2001.png,results/releases/v7_4/galleries/per_object/growth_tracks/luminous_quasar_comparison/v7_4_growth_track_hza-xqr30-sdss-j0927-2001.png,object_class=luminous_quasar_comparison,False
v7.4-growth-visualization,v7.4-accreting-atlas-catalogue,HZA-XQR30-SDSS-J1030-0524,SDSS J1030+0524,luminous_quasar_comparison,xqr30_mazzucchelli23,True,True,complete,eligible_canonical_numeric_mbh,results/releases/v7_4/galleries/per_object/parameter_maps/luminous_quasar_comparison/v7_4_parameter_map_hza-xqr30-sdss-j1030-0524.png,results/releases/v7_4/galleries/per_object/seed_redshift_maps/luminous_quasar_comparison/v7_4_seed_redshift_map_hza-xqr30-sdss-j1030-0524.png,results/releases/v7_4/galleries/per_object/growth_tracks/luminous_quasar_comparison/v7_4_growth_track_hza-xqr30-sdss-j1030-0524.png,object_class=luminous_quasar_comparison,False
v7.4-growth-visualization,v7.4-accreting-atlas-catalogue,HZA-XQR30-SDSS-J1306-0356,SDSS J1306+0356,luminous_quasar_comparison,xqr30_mazzucchelli23,True,True,complete,eligible_canonical_numeric_mbh,results/releases/v7_4/galleries/per_object/parameter_maps/luminous_quasar_comparison/v7_4_parameter_map_hza-xqr30-sdss-j1306-0356.png,results/releases/v7_4/galleries/per_object/seed_redshift_maps/luminous_quasar_comparison/v7_4_seed_redshift_map_hza-xqr30-sdss-j1306-0356.png,results/releases/v7_4/galleries/per_object/growth_tracks/luminous_quasar_comparison/v7_4_growth_track_hza-xqr30-sdss-j1306-0356.png,object_class=luminous_quasar_comparison,False
v7.4-growth-visualization,v7.4-accreting-atlas-catalogue,HZA-XQR30-SDSS-J2310-1855,SDSS J2310+1855,luminous_quasar_comparison,xqr30_mazzucchelli23,True,True,complete,eligible_canonical_numeric_mbh,results/releases/v7_4/galleries/per_object/parameter_maps/luminous_quasar_comparison/v7_4_parameter_map_hza-xqr30-sdss-j2310-1855.png,results/releases/v7_4/galleries/per_object/seed_redshift_maps/luminous_quasar_comparison/v7_4_seed_redshift_map_hza-xqr30-sdss-j2310-1855.png,results/releases/v7_4/galleries/per_object/growth_tracks/luminous_quasar_comparison/v7_4_growth_track_hza-xqr30-sdss-j2310-1855.png,object_class=luminous_quasar_comparison,False
v7.4-growth-visualization,v7.4-accreting-atlas-catalogue,HZA-XQR30-ULAS-J0148-0600,ULAS J0148+0600,luminous_quasar_comparison,xqr30_mazzucchelli23,True,True,complete,eligible_canonical_numeric_mbh,results/releases/v7_4/galleries/per_object/parameter_maps/luminous_quasar_comparison/v7_4_parameter_map_hza-xqr30-ulas-j0148-0600.png,results/releases/v7_4/galleries/per_object/seed_redshift_maps/luminous_quasar_comparison/v7_4_seed_redshift_map_hza-xqr30-ulas-j0148-0600.png,results/releases/v7_4/galleries/per_object/growth_tracks/luminous_quasar_comparison/v7_4_growth_track_hza-xqr30-ulas-j0148-0600.png,object_class=luminous_quasar_comparison,False
v7.4-growth-visualization,v7.4-accreting-atlas-catalogue,HZA-XQR30-ULAS-J1319-0950,ULAS J1319+0950,luminous_quasar_comparison,xqr30_mazzucchelli23,True,True,complete,eligible_canonical_numeric_mbh,results/releases/v7_4/galleries/per_object/parameter_maps/luminous_quasar_comparison/v7_4_parameter_map_hza-xqr30-ulas-j1319-0950.png,results/releases/v7_4/galleries/per_object/seed_redshift_maps/luminous_quasar_comparison/v7_4_seed_redshift_map_hza-xqr30-ulas-j1319-0950.png,results/releases/v7_4/galleries/per_object/growth_tracks/luminous_quasar_comparison/v7_4_growth_track_hza-xqr30-ulas-j1319-0950.png,object_class=luminous_quasar_comparison,False
v7.4-growth-visualization,v7.4-accreting-atlas-catalogue,HZA-XQR30-VDES-J0224-4711,VDES J0224-4711,luminous_quasar_comparison,xqr30_mazzucchelli23,True,True,complete,eligible_canonical_numeric_mbh,results/releases/v7_4/galleries/per_object/parameter_maps/luminous_quasar_comparison/v7_4_parameter_map_hza-xqr30-vdes-j0224-4711.png,results/releases/v7_4/galleries/per_object/seed_redshift_maps/luminous_quasar_comparison/v7_4_seed_redshift_map_hza-xqr30-vdes-j0224-4711.png,results/releases/v7_4/galleries/per_object/growth_tracks/luminous_quasar_comparison/v7_4_growth_track_hza-xqr30-vdes-j0224-4711.png,object_class=luminous_quasar_comparison,False
v7.4-growth-visualization,v7.4-accreting-atlas-catalogue,HZA-XQR30-VDES-J0408-5632,VDES J0408-5632,luminous_quasar_comparison,xqr30_mazzucchelli23,True,True,complete,eligible_canonical_numeric_mbh,results/releases/v7_4/galleries/per_object/parameter_maps/luminous_quasar_comparison/v7_4_parameter_map_hza-xqr30-vdes-j0408-5632.png,results/releases/v7_4/galleries/per_object/seed_redshift_maps/luminous_quasar_comparison/v7_4_seed_redshift_map_hza-xqr30-vdes-j0408-5632.png,results/releases/v7_4/galleries/per_object/growth_tracks/luminous_quasar_comparison/v7_4_growth_track_hza-xqr30-vdes-j0408-5632.png,object_class=luminous_quasar_comparison,False
v7.4-growth-visualization,v7.4-accreting-atlas-catalogue,HZA-XQR30-VDES-J2211-3206,VDES J2211-3206,luminous_quasar_comparison,xqr30_mazzucchelli23,True,True,complete,eligible_canonical_numeric_mbh,results/releases/v7_4/galleries/per_object/parameter_maps/luminous_quasar_comparison/v7_4_parameter_map_hza-xqr30-vdes-j2211-3206.png,results/releases/v7_4/galleries/per_object/seed_redshift_maps/luminous_quasar_comparison/v7_4_seed_redshift_map_hza-xqr30-vdes-j2211-3206.png,results/releases/v7_4/galleries/per_object/growth_tracks/luminous_quasar_comparison/v7_4_growth_track_hza-xqr30-vdes-j2211-3206.png,object_class=luminous_quasar_comparison,False
v7.4-growth-visualization,v7.4-accreting-atlas-catalogue,HZA-XQR30-VDES-J2250-5015,VDES J2250-5015,luminous_quasar_comparison,xqr30_mazzucchelli23,True,True,complete,eligible_canonical_numeric_mbh,results/releases/v7_4/galleries/per_object/parameter_maps/luminous_quasar_comparison/v7_4_parameter_map_hza-xqr30-vdes-j2250-5015.png,results/releases/v7_4/galleries/per_object/seed_redshift_maps/luminous_quasar_comparison/v7_4_seed_redshift_map_hza-xqr30-vdes-j2250-5015.png,results/releases/v7_4/galleries/per_object/growth_tracks/luminous_quasar_comparison/v7_4_growth_track_hza-xqr30-vdes-j2250-5015.png,object_class=luminous_quasar_comparison,False
v7.4-growth-visualization,v7.4-accreting-atlas-catalogue,HZA-XQR30-VST-ATLAS-J025-33,VST-ATLAS J025-33,luminous_quasar_comparison,xqr30_mazzucchelli23,True,True,complete,eligible_canonical_numeric_mbh,results/releases/v7_4/galleries/per_object/parameter_maps/luminous_quasar_comparison/v7_4_parameter_map_hza-xqr30-vst-atlas-j025-33.png,results/releases/v7_4/galleries/per_object/seed_redshift_maps/luminous_quasar_comparison/v7_4_seed_redshift_map_hza-xqr30-vst-atlas-j025-33.png,results/releases/v7_4/galleries/per_object/growth_tracks/luminous_quasar_comparison/v7_4_growth_track_hza-xqr30-vst-atlas-j025-33.png,object_class=luminous_quasar_comparison,False
v7.4-growth-visualization,v7.4-accreting-atlas-catalogue,HZA-XQR30-VST-ATLAS-J029-36,VST-ATLAS J029-36,luminous_quasar_comparison,xqr30_mazzucchelli23,True,True,complete,eligible_canonical_numeric_mbh,results/releases/v7_4/galleries/per_object/parameter_maps/luminous_quasar_comparison/v7_4_parameter_map_hza-xqr30-vst-atlas-j029-36.png,results/releases/v7_4/galleries/per_object/seed_redshift_maps/luminous_quasar_comparison/v7_4_seed_redshift_map_hza-xqr30-vst-atlas-j029-36.png,results/releases/v7_4/galleries/per_object/growth_tracks/luminous_quasar_comparison/v7_4_growth_track_hza-xqr30-vst-atlas-j029-36.png,object_class=luminous_quasar_comparison,False
v7.4-growth-visualization,v7.4-accreting-atlas-catalogue,HZA-XQR30-WISEA-J0439-1634,WISEA J0439+1634,luminous_quasar_comparison,xqr30_mazzucchelli23,False,False,unavailable,lensing_correction_not_applied,,,,not_calculated,False
v7.4-growth-visualization,v7.4-accreting-atlas-catalogue,HZA-JADES-NS-GS00004902,JADES-NS-GS00004902,narrow_line_agn_candidate,scholtz25_jades_narrow_line_agn,False,False,unavailable,missing_numeric_mbh,,,,not_calculated,False
v7.4-growth-visualization,v7.4-accreting-atlas-catalogue,HZA-JADES-NS-GS00007762,JADES-NS-GS00007762,narrow_line_agn_candidate,scholtz25_jades_narrow_line_agn,False,False,unavailable,missing_numeric_mbh,,,,not_calculated,False
v7.4-growth-visualization,v7.4-accreting-atlas-catalogue,HZA-JADES-NS-GS00009422,JADES-NS-GS00009422,narrow_line_agn_candidate,scholtz25_jades_narrow_line_agn,False,False,unavailable,missing_numeric_mbh,,,,not_calculated,False
v7.4-growth-visualization,v7.4-accreting-atlas-catalogue,HZA-JADES-NS-GS00009452,JADES-NS-GS00009452,narrow_line_agn_candidate,scholtz25_jades_narrow_line_agn,False,False,unavailable,missing_numeric_mbh,,,,not_calculated,False
v7.4-growth-visualization,v7.4-accreting-atlas-catalogue,HZA-JADES-NS-GS00016745,JADES-NS-GS00016745,narrow_line_agn_candidate,scholtz25_jades_narrow_line_agn,False,False,unavailable,missing_numeric_mbh,,,,not_calculated,False
v7.4-growth-visualization,v7.4-accreting-atlas-catalogue,HZA-JADES-NS-GS00017072,JADES-NS-GS00017072,narrow_line_agn_candidate,scholtz25_jades_narrow_line_agn,False,False,unavailable,missing_numeric_mbh,,,,not_calculated,False
v7.4-growth-visualization,v7.4-accreting-atlas-catalogue,HZA-JADES-NS-GS00021842,JADES-NS-GS00021842,narrow_line_agn_candidate,scholtz25_jades_narrow_line_agn,False,False,unavailable,missing_numeric_mbh,,,,not_calculated,False
v7.4-growth-visualization,v7.4-accreting-atlas-catalogue,HZA-JADES-NS-GS00022251,JADES-NS-GS00022251,narrow_line_agn_candidate,scholtz25_jades_narrow_line_agn,False,False,unavailable,missing_numeric_mbh,,,,not_calculated,False
v7.4-growth-visualization,v7.4-accreting-atlas-catalogue,HZA-JADES-NS-GS00095256,JADES-NS-GS00095256,narrow_line_agn_candidate,scholtz25_jades_narrow_line_agn,False,False,unavailable,missing_numeric_mbh,,,,not_calculated,False
v7.4-growth-visualization,v7.4-accreting-atlas-catalogue,HZA-JADES-NS-GS00111091,JADES-NS-GS00111091,narrow_line_agn_candidate,scholtz25_jades_narrow_line_agn,False,False,unavailable,missing_numeric_mbh,,,,not_calculated,False
v7.4-growth-visualization,v7.4-accreting-atlas-catalogue,HZA-JADES-NS-GS00201127,JADES-NS-GS00201127,narrow_line_agn_candidate,scholtz25_jades_narrow_line_agn,False,False,unavailable,missing_numeric_mbh,,,,not_calculated,False
v7.4-growth-visualization,v7.4-accreting-atlas-catalogue,HZA-JADES-NS-GS00202208,JADES-NS-GS00202208,narrow_line_agn_candidate,scholtz25_jades_narrow_line_agn,False,False,unavailable,missing_numeric_mbh,,,,not_calculated,False
v7.4-growth-visualization,v7.4-accreting-atlas-catalogue,HZA-JADES-NS-GS00208643,JADES-NS-GS00208643,narrow_line_agn_candidate,scholtz25_jades_narrow_line_agn,False,False,unavailable,missing_numeric_mbh,,,,not_calculated,False
v7.4-growth-visualization,v7.4-accreting-atlas-catalogue,HZA-JADES-NS-GS10000626,JADES-NS-GS10000626,narrow_line_agn_candidate,scholtz25_jades_narrow_line_agn,False,False,unavailable,missing_numeric_mbh,,,,not_calculated,False
v7.4-growth-visualization,v7.4-accreting-atlas-catalogue,HZA-JADES-NS-GS10013609,JADES-NS-GS10013609,narrow_line_agn_candidate,scholtz25_jades_narrow_line_agn,False,False,unavailable,missing_numeric_mbh,,,,not_calculated,False
v7.4-growth-visualization,v7.4-accreting-atlas-catalogue,HZA-JADES-NS-GS10013905,JADES-NS-GS10013905,narrow_line_agn_candidate,scholtz25_jades_narrow_line_agn,False,False,unavailable,missing_numeric_mbh,,,,not_calculated,False
v7.4-growth-visualization,v7.4-accreting-atlas-catalogue,HZA-JADES-NS-GS10015338,JADES-NS-GS10015338,narrow_line_agn_candidate,scholtz25_jades_narrow_line_agn,False,False,unavailable,missing_numeric_mbh,,,,not_calculated,False
v7.4-growth-visualization,v7.4-accreting-atlas-catalogue,HZA-JADES-NS-GS10056849,JADES-NS-GS10056849,narrow_line_agn_candidate,scholtz25_jades_narrow_line_agn,False,False,unavailable,missing_numeric_mbh,,,,not_calculated,False
v7.4-growth-visualization,v7.4-accreting-atlas-catalogue,HZA-JADES-NS-GS10058975,JADES-NS-GS10058975,narrow_line_agn_candidate,scholtz25_jades_narrow_line_agn,False,False,unavailable,missing_numeric_mbh,,,,not_calculated,False
v7.4-growth-visualization,v7.4-accreting-atlas-catalogue,HZA-UHZ1,UHZ1 / UNCOVER-26185,xray_agn_candidate,uhz1_xray_evidence_history,False,False,unavailable,missing_numeric_mbh,,,,not_calculated,False
