catalogue_release,catalogue_view,ranking_id,measurement_id,physical_object_id,object_id,n_measurements,available_measurement_ids,preferred_measurement_flag,preferred_measurement_reason,redshift,cosmic_time_gyr,survey,field,object_class,quality_flag,detection_evidence,source_key,source_table,source_paper_version,source_url,source_doi,mbh_method,lrd_flag,lrd_status,halpha_absorption_fit_flag,source_caveat_tags,notes,n_samples,random_seed,z_seed,epsilon,merger_boost,reported_statistical_errors_sampled,statistical_error_model,log_mbh_err_plus_reported,log_mbh_err_minus_reported,log_mbh_sigma_plus_used,log_mbh_sigma_minus_used,mbh_uncertainty_mode,systematic_combined_with_statistical_error,scenario,scenario_label,scenario_kind,scenario_scope,mbh_delta_dex,log_mbh_sample_p5,log_mbh_sample_p16,log_mbh_sample_p50,log_mbh_sample_p84,log_mbh_sample_p95,seed_mass_short,log_mseed_assumption,mseed_assumption_msun,required_fedd_p5,required_fedd_p16,required_fedd_p50,required_fedd_p84,required_fedd_p95,prob_required_fedd_gt_1
expanded-blagn-v1,measurement,CEERS1244_taylor24,CEERS1244_taylor24,HZA-CEERS-1244,CEERS-1244,1,CEERS1244_taylor24,True,only catalogue measurement in this release,4.478,1.3430711764202312,CEERS,EGS,broad-line-agn,robust,individual_robust,taylor24_ceers_rubies_blagn,Table 1 (Sample of BLAGN),The Astrophysical Journal 986:165 (2025); arXiv:2409.06772v2,https://iopscience.iop.org/article/10.3847/1538-4357/add15b,10.3847/1538-4357/add15b,single-epoch-virial-halpha-reines2013,0.0,non_lrd,0.0,formal_mbh_errors_exclude_virial_systematic;nominal_mass_uncorrected_for_dust,Nominal Table 1 mass and Halpha flux are uncorrected for dust; formal MBH errors exclude the approximately 0.5 dex virial-calibration systematic.,10000,20260808,30.0,0.1,1.0,True,split-normal-in-log-mbh,0.03,0.02,0.03,0.02,asymmetric,False,baseline,reported MBH,none,all_sources,0.0,7.787260984525316,7.800518019868346,7.819978998118041,7.85004536218596,7.869049355513198,seed1e2,2.0,100.0,0.5359912614396892,0.5372190711264236,0.5390214633649622,0.541806080897636,0.543566149154985,0.0
expanded-blagn-v1,measurement,CEERS1244_taylor24,CEERS1244_taylor24,HZA-CEERS-1244,CEERS-1244,1,CEERS1244_taylor24,True,only catalogue measurement in this release,4.478,1.3430711764202312,CEERS,EGS,broad-line-agn,robust,individual_robust,taylor24_ceers_rubies_blagn,Table 1 (Sample of BLAGN),The Astrophysical Journal 986:165 (2025); arXiv:2409.06772v2,https://iopscience.iop.org/article/10.3847/1538-4357/add15b,10.3847/1538-4357/add15b,single-epoch-virial-halpha-reines2013,0.0,non_lrd,0.0,formal_mbh_errors_exclude_virial_systematic;nominal_mass_uncorrected_for_dust,Nominal Table 1 mass and Halpha flux are uncorrected for dust; formal MBH errors exclude the approximately 0.5 dex virial-calibration systematic.,10000,20260808,30.0,0.1,1.0,True,split-normal-in-log-mbh,0.03,0.02,0.03,0.02,asymmetric,False,baseline,reported MBH,none,all_sources,0.0,7.787260984525316,7.800518019868346,7.819978998118041,7.85004536218596,7.869049355513198,seed1e4,4.0,10000.0,0.3507598495946427,0.35198765928137715,0.3537900515199156,0.35657466905258944,0.35833473730993853,0.0
expanded-blagn-v1,measurement,CEERS1244_taylor24,CEERS1244_taylor24,HZA-CEERS-1244,CEERS-1244,1,CEERS1244_taylor24,True,only catalogue measurement in this release,4.478,1.3430711764202312,CEERS,EGS,broad-line-agn,robust,individual_robust,taylor24_ceers_rubies_blagn,Table 1 (Sample of BLAGN),The Astrophysical Journal 986:165 (2025); arXiv:2409.06772v2,https://iopscience.iop.org/article/10.3847/1538-4357/add15b,10.3847/1538-4357/add15b,single-epoch-virial-halpha-reines2013,0.0,non_lrd,0.0,formal_mbh_errors_exclude_virial_systematic;nominal_mass_uncorrected_for_dust,Nominal Table 1 mass and Halpha flux are uncorrected for dust; formal MBH errors exclude the approximately 0.5 dex virial-calibration systematic.,10000,20260808,30.0,0.1,1.0,True,split-normal-in-log-mbh,0.03,0.02,0.03,0.02,asymmetric,False,baseline,reported MBH,none,all_sources,0.0,7.787260984525316,7.800518019868346,7.819978998118041,7.85004536218596,7.869049355513198,seed1e5,5.0,100000.0,0.2581441436721194,0.25937195335885393,0.26117434559739233,0.26395896313006617,0.26571903138741526,0.0
expanded-blagn-v1,measurement,CEERS1244_taylor24,CEERS1244_taylor24,HZA-CEERS-1244,CEERS-1244,1,CEERS1244_taylor24,True,only catalogue measurement in this release,4.478,1.3430711764202312,CEERS,EGS,broad-line-agn,robust,individual_robust,taylor24_ceers_rubies_blagn,Table 1 (Sample of BLAGN),The Astrophysical Journal 986:165 (2025); arXiv:2409.06772v2,https://iopscience.iop.org/article/10.3847/1538-4357/add15b,10.3847/1538-4357/add15b,single-epoch-virial-halpha-reines2013,0.0,non_lrd,0.0,formal_mbh_errors_exclude_virial_systematic;nominal_mass_uncorrected_for_dust,Nominal Table 1 mass and Halpha flux are uncorrected for dust; formal MBH errors exclude the approximately 0.5 dex virial-calibration systematic.,10000,20260808,30.0,0.1,1.0,True,split-normal-in-log-mbh,0.03,0.02,0.03,0.02,asymmetric,False,mbh_minus_0p3dex,MBH -0.3 dex,global_comparison,all_sources,-0.3,7.487260984525316,7.5005180198683465,7.519978998118042,7.55004536218596,7.569049355513198,seed1e2,2.0,100.0,0.5082065496629323,0.5094343593496667,0.5112367515882051,0.514021369120879,0.515781437378228,0.0
expanded-blagn-v1,measurement,CEERS1244_taylor24,CEERS1244_taylor24,HZA-CEERS-1244,CEERS-1244,1,CEERS1244_taylor24,True,only catalogue measurement in this release,4.478,1.3430711764202312,CEERS,EGS,broad-line-agn,robust,individual_robust,taylor24_ceers_rubies_blagn,Table 1 (Sample of BLAGN),The Astrophysical Journal 986:165 (2025); arXiv:2409.06772v2,https://iopscience.iop.org/article/10.3847/1538-4357/add15b,10.3847/1538-4357/add15b,single-epoch-virial-halpha-reines2013,0.0,non_lrd,0.0,formal_mbh_errors_exclude_virial_systematic;nominal_mass_uncorrected_for_dust,Nominal Table 1 mass and Halpha flux are uncorrected for dust; formal MBH errors exclude the approximately 0.5 dex virial-calibration systematic.,10000,20260808,30.0,0.1,1.0,True,split-normal-in-log-mbh,0.03,0.02,0.03,0.02,asymmetric,False,mbh_minus_0p3dex,MBH -0.3 dex,global_comparison,all_sources,-0.3,7.487260984525316,7.5005180198683465,7.519978998118042,7.55004536218596,7.569049355513198,seed1e4,4.0,10000.0,0.3229751378178858,0.32420294750462025,0.32600533974315865,0.3287899572758325,0.33055002553318164,0.0
expanded-blagn-v1,measurement,CEERS1244_taylor24,CEERS1244_taylor24,HZA-CEERS-1244,CEERS-1244,1,CEERS1244_taylor24,True,only catalogue measurement in this release,4.478,1.3430711764202312,CEERS,EGS,broad-line-agn,robust,individual_robust,taylor24_ceers_rubies_blagn,Table 1 (Sample of BLAGN),The Astrophysical Journal 986:165 (2025); arXiv:2409.06772v2,https://iopscience.iop.org/article/10.3847/1538-4357/add15b,10.3847/1538-4357/add15b,single-epoch-virial-halpha-reines2013,0.0,non_lrd,0.0,formal_mbh_errors_exclude_virial_systematic;nominal_mass_uncorrected_for_dust,Nominal Table 1 mass and Halpha flux are uncorrected for dust; formal MBH errors exclude the approximately 0.5 dex virial-calibration systematic.,10000,20260808,30.0,0.1,1.0,True,split-normal-in-log-mbh,0.03,0.02,0.03,0.02,asymmetric,False,mbh_minus_0p3dex,MBH -0.3 dex,global_comparison,all_sources,-0.3,7.487260984525316,7.5005180198683465,7.519978998118042,7.55004536218596,7.569049355513198,seed1e5,5.0,100000.0,0.23035943189536248,0.23158724158209698,0.23338963382063538,0.23617425135330922,0.2379343196106583,0.0
expanded-blagn-v1,measurement,CEERS1244_taylor24,CEERS1244_taylor24,HZA-CEERS-1244,CEERS-1244,1,CEERS1244_taylor24,True,only catalogue measurement in this release,4.478,1.3430711764202312,CEERS,EGS,broad-line-agn,robust,individual_robust,taylor24_ceers_rubies_blagn,Table 1 (Sample of BLAGN),The Astrophysical Journal 986:165 (2025); arXiv:2409.06772v2,https://iopscience.iop.org/article/10.3847/1538-4357/add15b,10.3847/1538-4357/add15b,single-epoch-virial-halpha-reines2013,0.0,non_lrd,0.0,formal_mbh_errors_exclude_virial_systematic;nominal_mass_uncorrected_for_dust,Nominal Table 1 mass and Halpha flux are uncorrected for dust; formal MBH errors exclude the approximately 0.5 dex virial-calibration systematic.,10000,20260808,30.0,0.1,1.0,True,split-normal-in-log-mbh,0.03,0.02,0.03,0.02,asymmetric,False,mbh_plus_0p3dex,MBH +0.3 dex,global_comparison,all_sources,0.3,8.087260984525317,8.100518019868346,8.119978998118041,8.15004536218596,8.169049355513199,seed1e2,2.0,100.0,0.5637759732164465,0.5650037829031808,0.5668061751417192,0.5695907926743932,0.5713508609317421,0.0
expanded-blagn-v1,measurement,CEERS1244_taylor24,CEERS1244_taylor24,HZA-CEERS-1244,CEERS-1244,1,CEERS1244_taylor24,True,only catalogue measurement in this release,4.478,1.3430711764202312,CEERS,EGS,broad-line-agn,robust,individual_robust,taylor24_ceers_rubies_blagn,Table 1 (Sample of BLAGN),The Astrophysical Journal 986:165 (2025); arXiv:2409.06772v2,https://iopscience.iop.org/article/10.3847/1538-4357/add15b,10.3847/1538-4357/add15b,single-epoch-virial-halpha-reines2013,0.0,non_lrd,0.0,formal_mbh_errors_exclude_virial_systematic;nominal_mass_uncorrected_for_dust,Nominal Table 1 mass and Halpha flux are uncorrected for dust; formal MBH errors exclude the approximately 0.5 dex virial-calibration systematic.,10000,20260808,30.0,0.1,1.0,True,split-normal-in-log-mbh,0.03,0.02,0.03,0.02,asymmetric,False,mbh_plus_0p3dex,MBH +0.3 dex,global_comparison,all_sources,0.3,8.087260984525317,8.100518019868346,8.119978998118041,8.15004536218596,8.169049355513199,seed1e4,4.0,10000.0,0.37854456137139975,0.3797723710581343,0.3815747632966726,0.38435938082934656,0.3861194490866956,0.0
expanded-blagn-v1,measurement,CEERS1244_taylor24,CEERS1244_taylor24,HZA-CEERS-1244,CEERS-1244,1,CEERS1244_taylor24,True,only catalogue measurement in this release,4.478,1.3430711764202312,CEERS,EGS,broad-line-agn,robust,individual_robust,taylor24_ceers_rubies_blagn,Table 1 (Sample of BLAGN),The Astrophysical Journal 986:165 (2025); arXiv:2409.06772v2,https://iopscience.iop.org/article/10.3847/1538-4357/add15b,10.3847/1538-4357/add15b,single-epoch-virial-halpha-reines2013,0.0,non_lrd,0.0,formal_mbh_errors_exclude_virial_systematic;nominal_mass_uncorrected_for_dust,Nominal Table 1 mass and Halpha flux are uncorrected for dust; formal MBH errors exclude the approximately 0.5 dex virial-calibration systematic.,10000,20260808,30.0,0.1,1.0,True,split-normal-in-log-mbh,0.03,0.02,0.03,0.02,asymmetric,False,mbh_plus_0p3dex,MBH +0.3 dex,global_comparison,all_sources,0.3,8.087260984525317,8.100518019868346,8.119978998118041,8.15004536218596,8.169049355513199,seed1e5,5.0,100000.0,0.2859288554488765,0.287156665135611,0.2889590573741493,0.2917436749068233,0.2935037431641723,0.0
expanded-blagn-v1,measurement,CEERS1244_taylor24,CEERS1244_taylor24,HZA-CEERS-1244,CEERS-1244,1,CEERS1244_taylor24,True,only catalogue measurement in this release,4.478,1.3430711764202312,CEERS,EGS,broad-line-agn,robust,individual_robust,taylor24_ceers_rubies_blagn,Table 1 (Sample of BLAGN),The Astrophysical Journal 986:165 (2025); arXiv:2409.06772v2,https://iopscience.iop.org/article/10.3847/1538-4357/add15b,10.3847/1538-4357/add15b,single-epoch-virial-halpha-reines2013,0.0,non_lrd,0.0,formal_mbh_errors_exclude_virial_systematic;nominal_mass_uncorrected_for_dust,Nominal Table 1 mass and Halpha flux are uncorrected for dust; formal MBH errors exclude the approximately 0.5 dex virial-calibration systematic.,10000,20260808,30.0,0.1,1.0,True,split-normal-in-log-mbh,0.03,0.02,0.03,0.02,asymmetric,False,taylor_virial_minus_0p5dex,Taylor virial calibration sensitivity: MBH -0.5 dex,taylor_virial_calibration_sensitivity,taylor24_ceers_rubies_blagn_only,-0.5,7.287260984525316,7.300518019868346,7.319978998118041,7.35004536218596,7.369049355513198,seed1e2,2.0,100.0,0.4896834084784275,0.49091121816516214,0.49271361040370054,0.4954982279363744,0.4972582961937234,0.0
expanded-blagn-v1,measurement,CEERS1244_taylor24,CEERS1244_taylor24,HZA-CEERS-1244,CEERS-1244,1,CEERS1244_taylor24,True,only catalogue measurement in this release,4.478,1.3430711764202312,CEERS,EGS,broad-line-agn,robust,individual_robust,taylor24_ceers_rubies_blagn,Table 1 (Sample of BLAGN),The Astrophysical Journal 986:165 (2025); arXiv:2409.06772v2,https://iopscience.iop.org/article/10.3847/1538-4357/add15b,10.3847/1538-4357/add15b,single-epoch-virial-halpha-reines2013,0.0,non_lrd,0.0,formal_mbh_errors_exclude_virial_systematic;nominal_mass_uncorrected_for_dust,Nominal Table 1 mass and Halpha flux are uncorrected for dust; formal MBH errors exclude the approximately 0.5 dex virial-calibration systematic.,10000,20260808,30.0,0.1,1.0,True,split-normal-in-log-mbh,0.03,0.02,0.03,0.02,asymmetric,False,taylor_virial_minus_0p5dex,Taylor virial calibration sensitivity: MBH -0.5 dex,taylor_virial_calibration_sensitivity,taylor24_ceers_rubies_blagn_only,-0.5,7.287260984525316,7.300518019868346,7.319978998118041,7.35004536218596,7.369049355513198,seed1e4,4.0,10000.0,0.3044519966333811,0.30567980632011554,0.307482198558654,0.31026681609132784,0.31202688434867687,0.0
expanded-blagn-v1,measurement,CEERS1244_taylor24,CEERS1244_taylor24,HZA-CEERS-1244,CEERS-1244,1,CEERS1244_taylor24,True,only catalogue measurement in this release,4.478,1.3430711764202312,CEERS,EGS,broad-line-agn,robust,individual_robust,taylor24_ceers_rubies_blagn,Table 1 (Sample of BLAGN),The Astrophysical Journal 986:165 (2025); arXiv:2409.06772v2,https://iopscience.iop.org/article/10.3847/1538-4357/add15b,10.3847/1538-4357/add15b,single-epoch-virial-halpha-reines2013,0.0,non_lrd,0.0,formal_mbh_errors_exclude_virial_systematic;nominal_mass_uncorrected_for_dust,Nominal Table 1 mass and Halpha flux are uncorrected for dust; formal MBH errors exclude the approximately 0.5 dex virial-calibration systematic.,10000,20260808,30.0,0.1,1.0,True,split-normal-in-log-mbh,0.03,0.02,0.03,0.02,asymmetric,False,taylor_virial_minus_0p5dex,Taylor virial calibration sensitivity: MBH -0.5 dex,taylor_virial_calibration_sensitivity,taylor24_ceers_rubies_blagn_only,-0.5,7.287260984525316,7.300518019868346,7.319978998118041,7.35004536218596,7.369049355513198,seed1e5,5.0,100000.0,0.21183629071085783,0.2130641003975923,0.21486649263613072,0.2176511101688046,0.21941117842615362,0.0
expanded-blagn-v1,measurement,CEERS1244_taylor24,CEERS1244_taylor24,HZA-CEERS-1244,CEERS-1244,1,CEERS1244_taylor24,True,only catalogue measurement in this release,4.478,1.3430711764202312,CEERS,EGS,broad-line-agn,robust,individual_robust,taylor24_ceers_rubies_blagn,Table 1 (Sample of BLAGN),The Astrophysical Journal 986:165 (2025); arXiv:2409.06772v2,https://iopscience.iop.org/article/10.3847/1538-4357/add15b,10.3847/1538-4357/add15b,single-epoch-virial-halpha-reines2013,0.0,non_lrd,0.0,formal_mbh_errors_exclude_virial_systematic;nominal_mass_uncorrected_for_dust,Nominal Table 1 mass and Halpha flux are uncorrected for dust; formal MBH errors exclude the approximately 0.5 dex virial-calibration systematic.,10000,20260808,30.0,0.1,1.0,True,split-normal-in-log-mbh,0.03,0.02,0.03,0.02,asymmetric,False,taylor_virial_plus_0p5dex,Taylor virial calibration sensitivity: MBH +0.5 dex,taylor_virial_calibration_sensitivity,taylor24_ceers_rubies_blagn_only,0.5,8.287260984525316,8.300518019868345,8.319978998118042,8.35004536218596,8.369049355513198,seed1e2,2.0,100.0,0.582299114400951,0.5835269240876854,0.5853293163262239,0.5881139338588977,0.5898740021162467,0.0
expanded-blagn-v1,measurement,CEERS1244_taylor24,CEERS1244_taylor24,HZA-CEERS-1244,CEERS-1244,1,CEERS1244_taylor24,True,only catalogue measurement in this release,4.478,1.3430711764202312,CEERS,EGS,broad-line-agn,robust,individual_robust,taylor24_ceers_rubies_blagn,Table 1 (Sample of BLAGN),The Astrophysical Journal 986:165 (2025); arXiv:2409.06772v2,https://iopscience.iop.org/article/10.3847/1538-4357/add15b,10.3847/1538-4357/add15b,single-epoch-virial-halpha-reines2013,0.0,non_lrd,0.0,formal_mbh_errors_exclude_virial_systematic;nominal_mass_uncorrected_for_dust,Nominal Table 1 mass and Halpha flux are uncorrected for dust; formal MBH errors exclude the approximately 0.5 dex virial-calibration systematic.,10000,20260808,30.0,0.1,1.0,True,split-normal-in-log-mbh,0.03,0.02,0.03,0.02,asymmetric,False,taylor_virial_plus_0p5dex,Taylor virial calibration sensitivity: MBH +0.5 dex,taylor_virial_calibration_sensitivity,taylor24_ceers_rubies_blagn_only,0.5,8.287260984525316,8.300518019868345,8.319978998118042,8.35004536218596,8.369049355513198,seed1e4,4.0,10000.0,0.39706770255590434,0.3982955122426388,0.4000979044811773,0.4028825220138511,0.40464259027120014,0.0
expanded-blagn-v1,measurement,CEERS1244_taylor24,CEERS1244_taylor24,HZA-CEERS-1244,CEERS-1244,1,CEERS1244_taylor24,True,only catalogue measurement in this release,4.478,1.3430711764202312,CEERS,EGS,broad-line-agn,robust,individual_robust,taylor24_ceers_rubies_blagn,Table 1 (Sample of BLAGN),The Astrophysical Journal 986:165 (2025); arXiv:2409.06772v2,https://iopscience.iop.org/article/10.3847/1538-4357/add15b,10.3847/1538-4357/add15b,single-epoch-virial-halpha-reines2013,0.0,non_lrd,0.0,formal_mbh_errors_exclude_virial_systematic;nominal_mass_uncorrected_for_dust,Nominal Table 1 mass and Halpha flux are uncorrected for dust; formal MBH errors exclude the approximately 0.5 dex virial-calibration systematic.,10000,20260808,30.0,0.1,1.0,True,split-normal-in-log-mbh,0.03,0.02,0.03,0.02,asymmetric,False,taylor_virial_plus_0p5dex,Taylor virial calibration sensitivity: MBH +0.5 dex,taylor_virial_calibration_sensitivity,taylor24_ceers_rubies_blagn_only,0.5,8.287260984525316,8.300518019868345,8.319978998118042,8.35004536218596,8.369049355513198,seed1e5,5.0,100000.0,0.3044519966333811,0.30567980632011554,0.3074821985586541,0.31026681609132784,0.31202688434867687,0.0
expanded-blagn-v1,measurement,CEERS2782_taylor24,CEERS2782_taylor24,HZA-CEERS-2782,CEERS-2782,1,CEERS2782_taylor24,False,nonpreferred duplicate: severe spatial slit loss; Taylor et al. adopt RUBIES-EGS-50052,5.24,1.1055092521207228,CEERS,EGS,broad-line-agn,robust,individual_robust,taylor24_ceers_rubies_blagn,Table 1 (Sample of BLAGN),The Astrophysical Journal 986:165 (2025); arXiv:2409.06772v2,https://iopscience.iop.org/article/10.3847/1538-4357/add15b,10.3847/1538-4357/add15b,single-epoch-virial-halpha-reines2013,0.0,non_lrd,0.0,formal_mbh_errors_exclude_virial_systematic;nominal_mass_uncorrected_for_dust;duplicate_observation;severe_spatially_dependent_slit_loss;source_nonpreferred_duplicate_measurement,Nominal Table 1 mass and Halpha flux are uncorrected for dust; formal MBH errors exclude the approximately 0.5 dex virial-calibration systematic. Same physical object as RUBIES-EGS-50052; severe spatially dependent slit loss makes this the non-preferred source measurement.,10000,20260808,30.0,0.1,1.0,True,split-normal-in-log-mbh,0.14,0.13,0.14,0.13,asymmetric,False,baseline,reported MBH,none,all_sources,0.0,6.943110173395594,7.028577540058794,7.156847669545818,7.29839467380048,7.3857832299427875,seed1e2,2.0,100.0,0.5659703271941198,0.5757560677052529,0.5904425878531812,0.6066492677573693,0.6166549783278273,0.0
expanded-blagn-v1,measurement,CEERS2782_taylor24,CEERS2782_taylor24,HZA-CEERS-2782,CEERS-2782,1,CEERS2782_taylor24,False,nonpreferred duplicate: severe spatial slit loss; Taylor et al. adopt RUBIES-EGS-50052,5.24,1.1055092521207228,CEERS,EGS,broad-line-agn,robust,individual_robust,taylor24_ceers_rubies_blagn,Table 1 (Sample of BLAGN),The Astrophysical Journal 986:165 (2025); arXiv:2409.06772v2,https://iopscience.iop.org/article/10.3847/1538-4357/add15b,10.3847/1538-4357/add15b,single-epoch-virial-halpha-reines2013,0.0,non_lrd,0.0,formal_mbh_errors_exclude_virial_systematic;nominal_mass_uncorrected_for_dust;duplicate_observation;severe_spatially_dependent_slit_loss;source_nonpreferred_duplicate_measurement,Nominal Table 1 mass and Halpha flux are uncorrected for dust; formal MBH errors exclude the approximately 0.5 dex virial-calibration systematic. Same physical object as RUBIES-EGS-50052; severe spatially dependent slit loss makes this the non-preferred source measurement.,10000,20260808,30.0,0.1,1.0,True,split-normal-in-log-mbh,0.14,0.13,0.14,0.13,asymmetric,False,baseline,reported MBH,none,all_sources,0.0,6.943110173395594,7.028577540058794,7.156847669545818,7.29839467380048,7.3857832299427875,seed1e4,4.0,10000.0,0.33697671493751297,0.34676245544864603,0.3614489755965742,0.3776556555007624,0.3876613660712205,0.0
expanded-blagn-v1,measurement,CEERS2782_taylor24,CEERS2782_taylor24,HZA-CEERS-2782,CEERS-2782,1,CEERS2782_taylor24,False,nonpreferred duplicate: severe spatial slit loss; Taylor et al. adopt RUBIES-EGS-50052,5.24,1.1055092521207228,CEERS,EGS,broad-line-agn,robust,individual_robust,taylor24_ceers_rubies_blagn,Table 1 (Sample of BLAGN),The Astrophysical Journal 986:165 (2025); arXiv:2409.06772v2,https://iopscience.iop.org/article/10.3847/1538-4357/add15b,10.3847/1538-4357/add15b,single-epoch-virial-halpha-reines2013,0.0,non_lrd,0.0,formal_mbh_errors_exclude_virial_systematic;nominal_mass_uncorrected_for_dust;duplicate_observation;severe_spatially_dependent_slit_loss;source_nonpreferred_duplicate_measurement,Nominal Table 1 mass and Halpha flux are uncorrected for dust; formal MBH errors exclude the approximately 0.5 dex virial-calibration systematic. Same physical object as RUBIES-EGS-50052; severe spatially dependent slit loss makes this the non-preferred source measurement.,10000,20260808,30.0,0.1,1.0,True,split-normal-in-log-mbh,0.14,0.13,0.14,0.13,asymmetric,False,baseline,reported MBH,none,all_sources,0.0,6.943110173395594,7.028577540058794,7.156847669545818,7.29839467380048,7.3857832299427875,seed1e5,5.0,100000.0,0.22247990880920945,0.23226564932034252,0.24695216946827067,0.26315884937245887,0.273164559942917,0.0
expanded-blagn-v1,measurement,CEERS2782_taylor24,CEERS2782_taylor24,HZA-CEERS-2782,CEERS-2782,1,CEERS2782_taylor24,False,nonpreferred duplicate: severe spatial slit loss; Taylor et al. adopt RUBIES-EGS-50052,5.24,1.1055092521207228,CEERS,EGS,broad-line-agn,robust,individual_robust,taylor24_ceers_rubies_blagn,Table 1 (Sample of BLAGN),The Astrophysical Journal 986:165 (2025); arXiv:2409.06772v2,https://iopscience.iop.org/article/10.3847/1538-4357/add15b,10.3847/1538-4357/add15b,single-epoch-virial-halpha-reines2013,0.0,non_lrd,0.0,formal_mbh_errors_exclude_virial_systematic;nominal_mass_uncorrected_for_dust;duplicate_observation;severe_spatially_dependent_slit_loss;source_nonpreferred_duplicate_measurement,Nominal Table 1 mass and Halpha flux are uncorrected for dust; formal MBH errors exclude the approximately 0.5 dex virial-calibration systematic. Same physical object as RUBIES-EGS-50052; severe spatially dependent slit loss makes this the non-preferred source measurement.,10000,20260808,30.0,0.1,1.0,True,split-normal-in-log-mbh,0.14,0.13,0.14,0.13,asymmetric,False,mbh_minus_0p3dex,MBH -0.3 dex,global_comparison,all_sources,-0.3,6.643110173395594,6.728577540058795,6.856847669545818,6.9983946738004805,7.085783229942788,seed1e2,2.0,100.0,0.5316212853556288,0.5414070258667618,0.5560935460146901,0.5723002259188783,0.5823059364893364,0.0
expanded-blagn-v1,measurement,CEERS2782_taylor24,CEERS2782_taylor24,HZA-CEERS-2782,CEERS-2782,1,CEERS2782_taylor24,False,nonpreferred duplicate: severe spatial slit loss; Taylor et al. adopt RUBIES-EGS-50052,5.24,1.1055092521207228,CEERS,EGS,broad-line-agn,robust,individual_robust,taylor24_ceers_rubies_blagn,Table 1 (Sample of BLAGN),The Astrophysical Journal 986:165 (2025); arXiv:2409.06772v2,https://iopscience.iop.org/article/10.3847/1538-4357/add15b,10.3847/1538-4357/add15b,single-epoch-virial-halpha-reines2013,0.0,non_lrd,0.0,formal_mbh_errors_exclude_virial_systematic;nominal_mass_uncorrected_for_dust;duplicate_observation;severe_spatially_dependent_slit_loss;source_nonpreferred_duplicate_measurement,Nominal Table 1 mass and Halpha flux are uncorrected for dust; formal MBH errors exclude the approximately 0.5 dex virial-calibration systematic. Same physical object as RUBIES-EGS-50052; severe spatially dependent slit loss makes this the non-preferred source measurement.,10000,20260808,30.0,0.1,1.0,True,split-normal-in-log-mbh,0.14,0.13,0.14,0.13,asymmetric,False,mbh_minus_0p3dex,MBH -0.3 dex,global_comparison,all_sources,-0.3,6.643110173395594,6.728577540058795,6.856847669545818,6.9983946738004805,7.085783229942788,seed1e4,4.0,10000.0,0.30262767309902194,0.312413413610155,0.3270999337580831,0.34330661366227133,0.3533123242327294,0.0
expanded-blagn-v1,measurement,CEERS2782_taylor24,CEERS2782_taylor24,HZA-CEERS-2782,CEERS-2782,1,CEERS2782_taylor24,False,nonpreferred duplicate: severe spatial slit loss; Taylor et al. adopt RUBIES-EGS-50052,5.24,1.1055092521207228,CEERS,EGS,broad-line-agn,robust,individual_robust,taylor24_ceers_rubies_blagn,Table 1 (Sample of BLAGN),The Astrophysical Journal 986:165 (2025); arXiv:2409.06772v2,https://iopscience.iop.org/article/10.3847/1538-4357/add15b,10.3847/1538-4357/add15b,single-epoch-virial-halpha-reines2013,0.0,non_lrd,0.0,formal_mbh_errors_exclude_virial_systematic;nominal_mass_uncorrected_for_dust;duplicate_observation;severe_spatially_dependent_slit_loss;source_nonpreferred_duplicate_measurement,Nominal Table 1 mass and Halpha flux are uncorrected for dust; formal MBH errors exclude the approximately 0.5 dex virial-calibration systematic. Same physical object as RUBIES-EGS-50052; severe spatially dependent slit loss makes this the non-preferred source measurement.,10000,20260808,30.0,0.1,1.0,True,split-normal-in-log-mbh,0.14,0.13,0.14,0.13,asymmetric,False,mbh_minus_0p3dex,MBH -0.3 dex,global_comparison,all_sources,-0.3,6.643110173395594,6.728577540058795,6.856847669545818,6.9983946738004805,7.085783229942788,seed1e5,5.0,100000.0,0.18813086697071843,0.1979166074818515,0.21260312762977965,0.22880980753396787,0.23881551810442594,0.0
expanded-blagn-v1,measurement,CEERS2782_taylor24,CEERS2782_taylor24,HZA-CEERS-2782,CEERS-2782,1,CEERS2782_taylor24,False,nonpreferred duplicate: severe spatial slit loss; Taylor et al. adopt RUBIES-EGS-50052,5.24,1.1055092521207228,CEERS,EGS,broad-line-agn,robust,individual_robust,taylor24_ceers_rubies_blagn,Table 1 (Sample of BLAGN),The Astrophysical Journal 986:165 (2025); arXiv:2409.06772v2,https://iopscience.iop.org/article/10.3847/1538-4357/add15b,10.3847/1538-4357/add15b,single-epoch-virial-halpha-reines2013,0.0,non_lrd,0.0,formal_mbh_errors_exclude_virial_systematic;nominal_mass_uncorrected_for_dust;duplicate_observation;severe_spatially_dependent_slit_loss;source_nonpreferred_duplicate_measurement,Nominal Table 1 mass and Halpha flux are uncorrected for dust; formal MBH errors exclude the approximately 0.5 dex virial-calibration systematic. Same physical object as RUBIES-EGS-50052; severe spatially dependent slit loss makes this the non-preferred source measurement.,10000,20260808,30.0,0.1,1.0,True,split-normal-in-log-mbh,0.14,0.13,0.14,0.13,asymmetric,False,mbh_plus_0p3dex,MBH +0.3 dex,global_comparison,all_sources,0.3,7.243110173395594,7.328577540058794,7.456847669545818,7.59839467380048,7.685783229942787,seed1e2,2.0,100.0,0.600319369032611,0.610105109543744,0.624791629691672,0.6409983095958603,0.6510040201663184,0.0
expanded-blagn-v1,measurement,CEERS2782_taylor24,CEERS2782_taylor24,HZA-CEERS-2782,CEERS-2782,1,CEERS2782_taylor24,False,nonpreferred duplicate: severe spatial slit loss; Taylor et al. adopt RUBIES-EGS-50052,5.24,1.1055092521207228,CEERS,EGS,broad-line-agn,robust,individual_robust,taylor24_ceers_rubies_blagn,Table 1 (Sample of BLAGN),The Astrophysical Journal 986:165 (2025); arXiv:2409.06772v2,https://iopscience.iop.org/article/10.3847/1538-4357/add15b,10.3847/1538-4357/add15b,single-epoch-virial-halpha-reines2013,0.0,non_lrd,0.0,formal_mbh_errors_exclude_virial_systematic;nominal_mass_uncorrected_for_dust;duplicate_observation;severe_spatially_dependent_slit_loss;source_nonpreferred_duplicate_measurement,Nominal Table 1 mass and Halpha flux are uncorrected for dust; formal MBH errors exclude the approximately 0.5 dex virial-calibration systematic. Same physical object as RUBIES-EGS-50052; severe spatially dependent slit loss makes this the non-preferred source measurement.,10000,20260808,30.0,0.1,1.0,True,split-normal-in-log-mbh,0.14,0.13,0.14,0.13,asymmetric,False,mbh_plus_0p3dex,MBH +0.3 dex,global_comparison,all_sources,0.3,7.243110173395594,7.328577540058794,7.456847669545818,7.59839467380048,7.685783229942787,seed1e4,4.0,10000.0,0.37132575677600393,0.38111149728713706,0.39579801743506515,0.4120046973392534,0.42201040790971145,0.0
expanded-blagn-v1,measurement,CEERS2782_taylor24,CEERS2782_taylor24,HZA-CEERS-2782,CEERS-2782,1,CEERS2782_taylor24,False,nonpreferred duplicate: severe spatial slit loss; Taylor et al. adopt RUBIES-EGS-50052,5.24,1.1055092521207228,CEERS,EGS,broad-line-agn,robust,individual_robust,taylor24_ceers_rubies_blagn,Table 1 (Sample of BLAGN),The Astrophysical Journal 986:165 (2025); arXiv:2409.06772v2,https://iopscience.iop.org/article/10.3847/1538-4357/add15b,10.3847/1538-4357/add15b,single-epoch-virial-halpha-reines2013,0.0,non_lrd,0.0,formal_mbh_errors_exclude_virial_systematic;nominal_mass_uncorrected_for_dust;duplicate_observation;severe_spatially_dependent_slit_loss;source_nonpreferred_duplicate_measurement,Nominal Table 1 mass and Halpha flux are uncorrected for dust; formal MBH errors exclude the approximately 0.5 dex virial-calibration systematic. Same physical object as RUBIES-EGS-50052; severe spatially dependent slit loss makes this the non-preferred source measurement.,10000,20260808,30.0,0.1,1.0,True,split-normal-in-log-mbh,0.14,0.13,0.14,0.13,asymmetric,False,mbh_plus_0p3dex,MBH +0.3 dex,global_comparison,all_sources,0.3,7.243110173395594,7.328577540058794,7.456847669545818,7.59839467380048,7.685783229942787,seed1e5,5.0,100000.0,0.2568289506477005,0.2666146911588335,0.28130121130676167,0.2975078912109499,0.30751360178140796,0.0
expanded-blagn-v1,measurement,CEERS2782_taylor24,CEERS2782_taylor24,HZA-CEERS-2782,CEERS-2782,1,CEERS2782_taylor24,False,nonpreferred duplicate: severe spatial slit loss; Taylor et al. adopt RUBIES-EGS-50052,5.24,1.1055092521207228,CEERS,EGS,broad-line-agn,robust,individual_robust,taylor24_ceers_rubies_blagn,Table 1 (Sample of BLAGN),The Astrophysical Journal 986:165 (2025); arXiv:2409.06772v2,https://iopscience.iop.org/article/10.3847/1538-4357/add15b,10.3847/1538-4357/add15b,single-epoch-virial-halpha-reines2013,0.0,non_lrd,0.0,formal_mbh_errors_exclude_virial_systematic;nominal_mass_uncorrected_for_dust;duplicate_observation;severe_spatially_dependent_slit_loss;source_nonpreferred_duplicate_measurement,Nominal Table 1 mass and Halpha flux are uncorrected for dust; formal MBH errors exclude the approximately 0.5 dex virial-calibration systematic. Same physical object as RUBIES-EGS-50052; severe spatially dependent slit loss makes this the non-preferred source measurement.,10000,20260808,30.0,0.1,1.0,True,split-normal-in-log-mbh,0.14,0.13,0.14,0.13,asymmetric,False,taylor_virial_minus_0p5dex,Taylor virial calibration sensitivity: MBH -0.5 dex,taylor_virial_calibration_sensitivity,taylor24_ceers_rubies_blagn_only,-0.5,6.443110173395594,6.528577540058794,6.656847669545818,6.79839467380048,6.8857832299427875,seed1e2,2.0,100.0,0.5087219241299682,0.5185076646411012,0.5331941847890294,0.5494008646932176,0.5594065752636757,0.0
expanded-blagn-v1,measurement,CEERS2782_taylor24,CEERS2782_taylor24,HZA-CEERS-2782,CEERS-2782,1,CEERS2782_taylor24,False,nonpreferred duplicate: severe spatial slit loss; Taylor et al. adopt RUBIES-EGS-50052,5.24,1.1055092521207228,CEERS,EGS,broad-line-agn,robust,individual_robust,taylor24_ceers_rubies_blagn,Table 1 (Sample of BLAGN),The Astrophysical Journal 986:165 (2025); arXiv:2409.06772v2,https://iopscience.iop.org/article/10.3847/1538-4357/add15b,10.3847/1538-4357/add15b,single-epoch-virial-halpha-reines2013,0.0,non_lrd,0.0,formal_mbh_errors_exclude_virial_systematic;nominal_mass_uncorrected_for_dust;duplicate_observation;severe_spatially_dependent_slit_loss;source_nonpreferred_duplicate_measurement,Nominal Table 1 mass and Halpha flux are uncorrected for dust; formal MBH errors exclude the approximately 0.5 dex virial-calibration systematic. Same physical object as RUBIES-EGS-50052; severe spatially dependent slit loss makes this the non-preferred source measurement.,10000,20260808,30.0,0.1,1.0,True,split-normal-in-log-mbh,0.14,0.13,0.14,0.13,asymmetric,False,taylor_virial_minus_0p5dex,Taylor virial calibration sensitivity: MBH -0.5 dex,taylor_virial_calibration_sensitivity,taylor24_ceers_rubies_blagn_only,-0.5,6.443110173395594,6.528577540058794,6.656847669545818,6.79839467380048,6.8857832299427875,seed1e4,4.0,10000.0,0.27972831187336117,0.28951405238449424,0.3042005725324224,0.3204072524366106,0.33041296300706874,0.0
expanded-blagn-v1,measurement,CEERS2782_taylor24,CEERS2782_taylor24,HZA-CEERS-2782,CEERS-2782,1,CEERS2782_taylor24,False,nonpreferred duplicate: severe spatial slit loss; Taylor et al. adopt RUBIES-EGS-50052,5.24,1.1055092521207228,CEERS,EGS,broad-line-agn,robust,individual_robust,taylor24_ceers_rubies_blagn,Table 1 (Sample of BLAGN),The Astrophysical Journal 986:165 (2025); arXiv:2409.06772v2,https://iopscience.iop.org/article/10.3847/1538-4357/add15b,10.3847/1538-4357/add15b,single-epoch-virial-halpha-reines2013,0.0,non_lrd,0.0,formal_mbh_errors_exclude_virial_systematic;nominal_mass_uncorrected_for_dust;duplicate_observation;severe_spatially_dependent_slit_loss;source_nonpreferred_duplicate_measurement,Nominal Table 1 mass and Halpha flux are uncorrected for dust; formal MBH errors exclude the approximately 0.5 dex virial-calibration systematic. Same physical object as RUBIES-EGS-50052; severe spatially dependent slit loss makes this the non-preferred source measurement.,10000,20260808,30.0,0.1,1.0,True,split-normal-in-log-mbh,0.14,0.13,0.14,0.13,asymmetric,False,taylor_virial_minus_0p5dex,Taylor virial calibration sensitivity: MBH -0.5 dex,taylor_virial_calibration_sensitivity,taylor24_ceers_rubies_blagn_only,-0.5,6.443110173395594,6.528577540058794,6.656847669545818,6.79839467380048,6.8857832299427875,seed1e5,5.0,100000.0,0.16523150574505774,0.1750172462561908,0.18970376640411893,0.20591044630830715,0.2159161568787652,0.0
expanded-blagn-v1,measurement,CEERS2782_taylor24,CEERS2782_taylor24,HZA-CEERS-2782,CEERS-2782,1,CEERS2782_taylor24,False,nonpreferred duplicate: severe spatial slit loss; Taylor et al. adopt RUBIES-EGS-50052,5.24,1.1055092521207228,CEERS,EGS,broad-line-agn,robust,individual_robust,taylor24_ceers_rubies_blagn,Table 1 (Sample of BLAGN),The Astrophysical Journal 986:165 (2025); arXiv:2409.06772v2,https://iopscience.iop.org/article/10.3847/1538-4357/add15b,10.3847/1538-4357/add15b,single-epoch-virial-halpha-reines2013,0.0,non_lrd,0.0,formal_mbh_errors_exclude_virial_systematic;nominal_mass_uncorrected_for_dust;duplicate_observation;severe_spatially_dependent_slit_loss;source_nonpreferred_duplicate_measurement,Nominal Table 1 mass and Halpha flux are uncorrected for dust; formal MBH errors exclude the approximately 0.5 dex virial-calibration systematic. Same physical object as RUBIES-EGS-50052; severe spatially dependent slit loss makes this the non-preferred source measurement.,10000,20260808,30.0,0.1,1.0,True,split-normal-in-log-mbh,0.14,0.13,0.14,0.13,asymmetric,False,taylor_virial_plus_0p5dex,Taylor virial calibration sensitivity: MBH +0.5 dex,taylor_virial_calibration_sensitivity,taylor24_ceers_rubies_blagn_only,0.5,7.443110173395594,7.528577540058794,7.656847669545818,7.79839467380048,7.8857832299427875,seed1e2,2.0,100.0,0.6232187302582717,0.6330044707694047,0.6476909909173327,0.6638976708215211,0.6739033813919791,0.0
expanded-blagn-v1,measurement,CEERS2782_taylor24,CEERS2782_taylor24,HZA-CEERS-2782,CEERS-2782,1,CEERS2782_taylor24,False,nonpreferred duplicate: severe spatial slit loss; Taylor et al. adopt RUBIES-EGS-50052,5.24,1.1055092521207228,CEERS,EGS,broad-line-agn,robust,individual_robust,taylor24_ceers_rubies_blagn,Table 1 (Sample of BLAGN),The Astrophysical Journal 986:165 (2025); arXiv:2409.06772v2,https://iopscience.iop.org/article/10.3847/1538-4357/add15b,10.3847/1538-4357/add15b,single-epoch-virial-halpha-reines2013,0.0,non_lrd,0.0,formal_mbh_errors_exclude_virial_systematic;nominal_mass_uncorrected_for_dust;duplicate_observation;severe_spatially_dependent_slit_loss;source_nonpreferred_duplicate_measurement,Nominal Table 1 mass and Halpha flux are uncorrected for dust; formal MBH errors exclude the approximately 0.5 dex virial-calibration systematic. Same physical object as RUBIES-EGS-50052; severe spatially dependent slit loss makes this the non-preferred source measurement.,10000,20260808,30.0,0.1,1.0,True,split-normal-in-log-mbh,0.14,0.13,0.14,0.13,asymmetric,False,taylor_virial_plus_0p5dex,Taylor virial calibration sensitivity: MBH +0.5 dex,taylor_virial_calibration_sensitivity,taylor24_ceers_rubies_blagn_only,0.5,7.443110173395594,7.528577540058794,7.656847669545818,7.79839467380048,7.8857832299427875,seed1e4,4.0,10000.0,0.3942251180016647,0.4040108585127977,0.41869737866072587,0.4349040585649141,0.44490976913537217,0.0
expanded-blagn-v1,measurement,CEERS2782_taylor24,CEERS2782_taylor24,HZA-CEERS-2782,CEERS-2782,1,CEERS2782_taylor24,False,nonpreferred duplicate: severe spatial slit loss; Taylor et al. adopt RUBIES-EGS-50052,5.24,1.1055092521207228,CEERS,EGS,broad-line-agn,robust,individual_robust,taylor24_ceers_rubies_blagn,Table 1 (Sample of BLAGN),The Astrophysical Journal 986:165 (2025); arXiv:2409.06772v2,https://iopscience.iop.org/article/10.3847/1538-4357/add15b,10.3847/1538-4357/add15b,single-epoch-virial-halpha-reines2013,0.0,non_lrd,0.0,formal_mbh_errors_exclude_virial_systematic;nominal_mass_uncorrected_for_dust;duplicate_observation;severe_spatially_dependent_slit_loss;source_nonpreferred_duplicate_measurement,Nominal Table 1 mass and Halpha flux are uncorrected for dust; formal MBH errors exclude the approximately 0.5 dex virial-calibration systematic. Same physical object as RUBIES-EGS-50052; severe spatially dependent slit loss makes this the non-preferred source measurement.,10000,20260808,30.0,0.1,1.0,True,split-normal-in-log-mbh,0.14,0.13,0.14,0.13,asymmetric,False,taylor_virial_plus_0p5dex,Taylor virial calibration sensitivity: MBH +0.5 dex,taylor_virial_calibration_sensitivity,taylor24_ceers_rubies_blagn_only,0.5,7.443110173395594,7.528577540058794,7.656847669545818,7.79839467380048,7.8857832299427875,seed1e5,5.0,100000.0,0.27972831187336117,0.28951405238449424,0.3042005725324224,0.3204072524366106,0.33041296300706874,0.0
expanded-blagn-v1,measurement,CEERS397_taylor24,CEERS397_taylor24,HZA-CEERS-397,CEERS-397,1,CEERS397_taylor24,True,only catalogue measurement in this release,6.0,0.9308508079920488,CEERS,EGS,broad-line-agn,robust,individual_robust,taylor24_ceers_rubies_blagn,Table 1 (Sample of BLAGN),The Astrophysical Journal 986:165 (2025); arXiv:2409.06772v2,https://iopscience.iop.org/article/10.3847/1538-4357/add15b,10.3847/1538-4357/add15b,single-epoch-virial-halpha-reines2013,0.0,non_lrd,0.0,formal_mbh_errors_exclude_virial_systematic;nominal_mass_uncorrected_for_dust,Nominal Table 1 mass and Halpha flux are uncorrected for dust; formal MBH errors exclude the approximately 0.5 dex virial-calibration systematic.,10000,20260808,30.0,0.1,1.0,True,split-normal-in-log-mbh,0.23,0.18,0.23,0.18,asymmetric,False,baseline,reported MBH,none,all_sources,0.0,7.2965439326702555,7.417258678760177,7.599268705962336,7.825388293905989,7.973220101646835,seed1e2,2.0,100.0,0.7339182072760642,0.7506451052624336,0.7758654139332486,0.807197785518042,0.8276821724493602,0.0
expanded-blagn-v1,measurement,CEERS397_taylor24,CEERS397_taylor24,HZA-CEERS-397,CEERS-397,1,CEERS397_taylor24,True,only catalogue measurement in this release,6.0,0.9308508079920488,CEERS,EGS,broad-line-agn,robust,individual_robust,taylor24_ceers_rubies_blagn,Table 1 (Sample of BLAGN),The Astrophysical Journal 986:165 (2025); arXiv:2409.06772v2,https://iopscience.iop.org/article/10.3847/1538-4357/add15b,10.3847/1538-4357/add15b,single-epoch-virial-halpha-reines2013,0.0,non_lrd,0.0,formal_mbh_errors_exclude_virial_systematic;nominal_mass_uncorrected_for_dust,Nominal Table 1 mass and Halpha flux are uncorrected for dust; formal MBH errors exclude the approximately 0.5 dex virial-calibration systematic.,10000,20260808,30.0,0.1,1.0,True,split-normal-in-log-mbh,0.23,0.18,0.23,0.18,asymmetric,False,baseline,reported MBH,none,all_sources,0.0,7.2965439326702555,7.417258678760177,7.599268705962336,7.825388293905989,7.973220101646835,seed1e4,4.0,10000.0,0.45678722654385706,0.4735141245302268,0.49873443320104177,0.5300668047858351,0.5505511917171532,0.0
expanded-blagn-v1,measurement,CEERS397_taylor24,CEERS397_taylor24,HZA-CEERS-397,CEERS-397,1,CEERS397_taylor24,True,only catalogue measurement in this release,6.0,0.9308508079920488,CEERS,EGS,broad-line-agn,robust,individual_robust,taylor24_ceers_rubies_blagn,Table 1 (Sample of BLAGN),The Astrophysical Journal 986:165 (2025); arXiv:2409.06772v2,https://iopscience.iop.org/article/10.3847/1538-4357/add15b,10.3847/1538-4357/add15b,single-epoch-virial-halpha-reines2013,0.0,non_lrd,0.0,formal_mbh_errors_exclude_virial_systematic;nominal_mass_uncorrected_for_dust,Nominal Table 1 mass and Halpha flux are uncorrected for dust; formal MBH errors exclude the approximately 0.5 dex virial-calibration systematic.,10000,20260808,30.0,0.1,1.0,True,split-normal-in-log-mbh,0.23,0.18,0.23,0.18,asymmetric,False,baseline,reported MBH,none,all_sources,0.0,7.2965439326702555,7.417258678760177,7.599268705962336,7.825388293905989,7.973220101646835,seed1e5,5.0,100000.0,0.3182217361777536,0.3349486341641233,0.36016894283493833,0.3915013144197317,0.4119857013510498,0.0
expanded-blagn-v1,measurement,CEERS397_taylor24,CEERS397_taylor24,HZA-CEERS-397,CEERS-397,1,CEERS397_taylor24,True,only catalogue measurement in this release,6.0,0.9308508079920488,CEERS,EGS,broad-line-agn,robust,individual_robust,taylor24_ceers_rubies_blagn,Table 1 (Sample of BLAGN),The Astrophysical Journal 986:165 (2025); arXiv:2409.06772v2,https://iopscience.iop.org/article/10.3847/1538-4357/add15b,10.3847/1538-4357/add15b,single-epoch-virial-halpha-reines2013,0.0,non_lrd,0.0,formal_mbh_errors_exclude_virial_systematic;nominal_mass_uncorrected_for_dust,Nominal Table 1 mass and Halpha flux are uncorrected for dust; formal MBH errors exclude the approximately 0.5 dex virial-calibration systematic.,10000,20260808,30.0,0.1,1.0,True,split-normal-in-log-mbh,0.23,0.18,0.23,0.18,asymmetric,False,mbh_minus_0p3dex,MBH -0.3 dex,global_comparison,all_sources,-0.3,6.996543932670256,7.1172586787601775,7.299268705962337,7.525388293905989,7.6732201016468355,seed1e2,2.0,100.0,0.692348560166233,0.7090754581526026,0.7342957668234176,0.765628138408211,0.7861125253395291,0.0
expanded-blagn-v1,measurement,CEERS397_taylor24,CEERS397_taylor24,HZA-CEERS-397,CEERS-397,1,CEERS397_taylor24,True,only catalogue measurement in this release,6.0,0.9308508079920488,CEERS,EGS,broad-line-agn,robust,individual_robust,taylor24_ceers_rubies_blagn,Table 1 (Sample of BLAGN),The Astrophysical Journal 986:165 (2025); arXiv:2409.06772v2,https://iopscience.iop.org/article/10.3847/1538-4357/add15b,10.3847/1538-4357/add15b,single-epoch-virial-halpha-reines2013,0.0,non_lrd,0.0,formal_mbh_errors_exclude_virial_systematic;nominal_mass_uncorrected_for_dust,Nominal Table 1 mass and Halpha flux are uncorrected for dust; formal MBH errors exclude the approximately 0.5 dex virial-calibration systematic.,10000,20260808,30.0,0.1,1.0,True,split-normal-in-log-mbh,0.23,0.18,0.23,0.18,asymmetric,False,mbh_minus_0p3dex,MBH -0.3 dex,global_comparison,all_sources,-0.3,6.996543932670256,7.1172586787601775,7.299268705962337,7.525388293905989,7.6732201016468355,seed1e4,4.0,10000.0,0.41521757943402604,0.43194447742039577,0.4571647860912108,0.48849715767600416,0.5089815446073223,0.0
expanded-blagn-v1,measurement,CEERS397_taylor24,CEERS397_taylor24,HZA-CEERS-397,CEERS-397,1,CEERS397_taylor24,True,only catalogue measurement in this release,6.0,0.9308508079920488,CEERS,EGS,broad-line-agn,robust,individual_robust,taylor24_ceers_rubies_blagn,Table 1 (Sample of BLAGN),The Astrophysical Journal 986:165 (2025); arXiv:2409.06772v2,https://iopscience.iop.org/article/10.3847/1538-4357/add15b,10.3847/1538-4357/add15b,single-epoch-virial-halpha-reines2013,0.0,non_lrd,0.0,formal_mbh_errors_exclude_virial_systematic;nominal_mass_uncorrected_for_dust,Nominal Table 1 mass and Halpha flux are uncorrected for dust; formal MBH errors exclude the approximately 0.5 dex virial-calibration systematic.,10000,20260808,30.0,0.1,1.0,True,split-normal-in-log-mbh,0.23,0.18,0.23,0.18,asymmetric,False,mbh_minus_0p3dex,MBH -0.3 dex,global_comparison,all_sources,-0.3,6.996543932670256,7.1172586787601775,7.299268705962337,7.525388293905989,7.6732201016468355,seed1e5,5.0,100000.0,0.27665208906792266,0.2933789870542923,0.3185992957251073,0.34993166730990066,0.3704160542412187,0.0
expanded-blagn-v1,measurement,CEERS397_taylor24,CEERS397_taylor24,HZA-CEERS-397,CEERS-397,1,CEERS397_taylor24,True,only catalogue measurement in this release,6.0,0.9308508079920488,CEERS,EGS,broad-line-agn,robust,individual_robust,taylor24_ceers_rubies_blagn,Table 1 (Sample of BLAGN),The Astrophysical Journal 986:165 (2025); arXiv:2409.06772v2,https://iopscience.iop.org/article/10.3847/1538-4357/add15b,10.3847/1538-4357/add15b,single-epoch-virial-halpha-reines2013,0.0,non_lrd,0.0,formal_mbh_errors_exclude_virial_systematic;nominal_mass_uncorrected_for_dust,Nominal Table 1 mass and Halpha flux are uncorrected for dust; formal MBH errors exclude the approximately 0.5 dex virial-calibration systematic.,10000,20260808,30.0,0.1,1.0,True,split-normal-in-log-mbh,0.23,0.18,0.23,0.18,asymmetric,False,mbh_plus_0p3dex,MBH +0.3 dex,global_comparison,all_sources,0.3,7.596543932670255,7.717258678760177,7.899268705962337,8.125388293905988,8.273220101646835,seed1e2,2.0,100.0,0.7754878543858948,0.7922147523722646,0.8174350610430797,0.8487674326278732,0.8692518195591911,0.0
expanded-blagn-v1,measurement,CEERS397_taylor24,CEERS397_taylor24,HZA-CEERS-397,CEERS-397,1,CEERS397_taylor24,True,only catalogue measurement in this release,6.0,0.9308508079920488,CEERS,EGS,broad-line-agn,robust,individual_robust,taylor24_ceers_rubies_blagn,Table 1 (Sample of BLAGN),The Astrophysical Journal 986:165 (2025); arXiv:2409.06772v2,https://iopscience.iop.org/article/10.3847/1538-4357/add15b,10.3847/1538-4357/add15b,single-epoch-virial-halpha-reines2013,0.0,non_lrd,0.0,formal_mbh_errors_exclude_virial_systematic;nominal_mass_uncorrected_for_dust,Nominal Table 1 mass and Halpha flux are uncorrected for dust; formal MBH errors exclude the approximately 0.5 dex virial-calibration systematic.,10000,20260808,30.0,0.1,1.0,True,split-normal-in-log-mbh,0.23,0.18,0.23,0.18,asymmetric,False,mbh_plus_0p3dex,MBH +0.3 dex,global_comparison,all_sources,0.3,7.596543932670255,7.717258678760177,7.899268705962337,8.125388293905988,8.273220101646835,seed1e4,4.0,10000.0,0.4983568736536881,0.5150837716400577,0.5403040803108727,0.5716364518956663,0.5921208388269842,0.0
expanded-blagn-v1,measurement,CEERS397_taylor24,CEERS397_taylor24,HZA-CEERS-397,CEERS-397,1,CEERS397_taylor24,True,only catalogue measurement in this release,6.0,0.9308508079920488,CEERS,EGS,broad-line-agn,robust,individual_robust,taylor24_ceers_rubies_blagn,Table 1 (Sample of BLAGN),The Astrophysical Journal 986:165 (2025); arXiv:2409.06772v2,https://iopscience.iop.org/article/10.3847/1538-4357/add15b,10.3847/1538-4357/add15b,single-epoch-virial-halpha-reines2013,0.0,non_lrd,0.0,formal_mbh_errors_exclude_virial_systematic;nominal_mass_uncorrected_for_dust,Nominal Table 1 mass and Halpha flux are uncorrected for dust; formal MBH errors exclude the approximately 0.5 dex virial-calibration systematic.,10000,20260808,30.0,0.1,1.0,True,split-normal-in-log-mbh,0.23,0.18,0.23,0.18,asymmetric,False,mbh_plus_0p3dex,MBH +0.3 dex,global_comparison,all_sources,0.3,7.596543932670255,7.717258678760177,7.899268705962337,8.125388293905988,8.273220101646835,seed1e5,5.0,100000.0,0.35979138328758464,0.3765182812739543,0.4017385899447693,0.43307096152956287,0.45355534846088075,0.0
expanded-blagn-v1,measurement,CEERS397_taylor24,CEERS397_taylor24,HZA-CEERS-397,CEERS-397,1,CEERS397_taylor24,True,only catalogue measurement in this release,6.0,0.9308508079920488,CEERS,EGS,broad-line-agn,robust,individual_robust,taylor24_ceers_rubies_blagn,Table 1 (Sample of BLAGN),The Astrophysical Journal 986:165 (2025); arXiv:2409.06772v2,https://iopscience.iop.org/article/10.3847/1538-4357/add15b,10.3847/1538-4357/add15b,single-epoch-virial-halpha-reines2013,0.0,non_lrd,0.0,formal_mbh_errors_exclude_virial_systematic;nominal_mass_uncorrected_for_dust,Nominal Table 1 mass and Halpha flux are uncorrected for dust; formal MBH errors exclude the approximately 0.5 dex virial-calibration systematic.,10000,20260808,30.0,0.1,1.0,True,split-normal-in-log-mbh,0.23,0.18,0.23,0.18,asymmetric,False,taylor_virial_minus_0p5dex,Taylor virial calibration sensitivity: MBH -0.5 dex,taylor_virial_calibration_sensitivity,taylor24_ceers_rubies_blagn_only,-0.5,6.7965439326702555,6.917258678760177,7.099268705962336,7.325388293905989,7.473220101646835,seed1e2,2.0,100.0,0.6646354620930123,0.6813623600793819,0.706582668750197,0.7379150403349903,0.7583994272663084,0.0
expanded-blagn-v1,measurement,CEERS397_taylor24,CEERS397_taylor24,HZA-CEERS-397,CEERS-397,1,CEERS397_taylor24,True,only catalogue measurement in this release,6.0,0.9308508079920488,CEERS,EGS,broad-line-agn,robust,individual_robust,taylor24_ceers_rubies_blagn,Table 1 (Sample of BLAGN),The Astrophysical Journal 986:165 (2025); arXiv:2409.06772v2,https://iopscience.iop.org/article/10.3847/1538-4357/add15b,10.3847/1538-4357/add15b,single-epoch-virial-halpha-reines2013,0.0,non_lrd,0.0,formal_mbh_errors_exclude_virial_systematic;nominal_mass_uncorrected_for_dust,Nominal Table 1 mass and Halpha flux are uncorrected for dust; formal MBH errors exclude the approximately 0.5 dex virial-calibration systematic.,10000,20260808,30.0,0.1,1.0,True,split-normal-in-log-mbh,0.23,0.18,0.23,0.18,asymmetric,False,taylor_virial_minus_0p5dex,Taylor virial calibration sensitivity: MBH -0.5 dex,taylor_virial_calibration_sensitivity,taylor24_ceers_rubies_blagn_only,-0.5,6.7965439326702555,6.917258678760177,7.099268705962336,7.325388293905989,7.473220101646835,seed1e4,4.0,10000.0,0.38750448136080534,0.404231379347175,0.42945168801799005,0.4607840596027834,0.4812684465341015,0.0
expanded-blagn-v1,measurement,CEERS397_taylor24,CEERS397_taylor24,HZA-CEERS-397,CEERS-397,1,CEERS397_taylor24,True,only catalogue measurement in this release,6.0,0.9308508079920488,CEERS,EGS,broad-line-agn,robust,individual_robust,taylor24_ceers_rubies_blagn,Table 1 (Sample of BLAGN),The Astrophysical Journal 986:165 (2025); arXiv:2409.06772v2,https://iopscience.iop.org/article/10.3847/1538-4357/add15b,10.3847/1538-4357/add15b,single-epoch-virial-halpha-reines2013,0.0,non_lrd,0.0,formal_mbh_errors_exclude_virial_systematic;nominal_mass_uncorrected_for_dust,Nominal Table 1 mass and Halpha flux are uncorrected for dust; formal MBH errors exclude the approximately 0.5 dex virial-calibration systematic.,10000,20260808,30.0,0.1,1.0,True,split-normal-in-log-mbh,0.23,0.18,0.23,0.18,asymmetric,False,taylor_virial_minus_0p5dex,Taylor virial calibration sensitivity: MBH -0.5 dex,taylor_virial_calibration_sensitivity,taylor24_ceers_rubies_blagn_only,-0.5,6.7965439326702555,6.917258678760177,7.099268705962336,7.325388293905989,7.473220101646835,seed1e5,5.0,100000.0,0.2489389909947019,0.2656658889810715,0.2908861976518866,0.32221856923667996,0.34270295616799806,0.0
expanded-blagn-v1,measurement,CEERS397_taylor24,CEERS397_taylor24,HZA-CEERS-397,CEERS-397,1,CEERS397_taylor24,True,only catalogue measurement in this release,6.0,0.9308508079920488,CEERS,EGS,broad-line-agn,robust,individual_robust,taylor24_ceers_rubies_blagn,Table 1 (Sample of BLAGN),The Astrophysical Journal 986:165 (2025); arXiv:2409.06772v2,https://iopscience.iop.org/article/10.3847/1538-4357/add15b,10.3847/1538-4357/add15b,single-epoch-virial-halpha-reines2013,0.0,non_lrd,0.0,formal_mbh_errors_exclude_virial_systematic;nominal_mass_uncorrected_for_dust,Nominal Table 1 mass and Halpha flux are uncorrected for dust; formal MBH errors exclude the approximately 0.5 dex virial-calibration systematic.,10000,20260808,30.0,0.1,1.0,True,split-normal-in-log-mbh,0.23,0.18,0.23,0.18,asymmetric,False,taylor_virial_plus_0p5dex,Taylor virial calibration sensitivity: MBH +0.5 dex,taylor_virial_calibration_sensitivity,taylor24_ceers_rubies_blagn_only,0.5,7.7965439326702555,7.917258678760177,8.099268705962336,8.325388293905988,8.473220101646836,seed1e2,2.0,100.0,0.8032009524591158,0.8199278504454854,0.8451481591163004,0.8764805307010938,0.896964917632412,0.0
expanded-blagn-v1,measurement,CEERS397_taylor24,CEERS397_taylor24,HZA-CEERS-397,CEERS-397,1,CEERS397_taylor24,True,only catalogue measurement in this release,6.0,0.9308508079920488,CEERS,EGS,broad-line-agn,robust,individual_robust,taylor24_ceers_rubies_blagn,Table 1 (Sample of BLAGN),The Astrophysical Journal 986:165 (2025); arXiv:2409.06772v2,https://iopscience.iop.org/article/10.3847/1538-4357/add15b,10.3847/1538-4357/add15b,single-epoch-virial-halpha-reines2013,0.0,non_lrd,0.0,formal_mbh_errors_exclude_virial_systematic;nominal_mass_uncorrected_for_dust,Nominal Table 1 mass and Halpha flux are uncorrected for dust; formal MBH errors exclude the approximately 0.5 dex virial-calibration systematic.,10000,20260808,30.0,0.1,1.0,True,split-normal-in-log-mbh,0.23,0.18,0.23,0.18,asymmetric,False,taylor_virial_plus_0p5dex,Taylor virial calibration sensitivity: MBH +0.5 dex,taylor_virial_calibration_sensitivity,taylor24_ceers_rubies_blagn_only,0.5,7.7965439326702555,7.917258678760177,8.099268705962336,8.325388293905988,8.473220101646836,seed1e4,4.0,10000.0,0.526069971726909,0.5427968697132785,0.5680171783840934,0.5993495499688869,0.6198339369002052,0.0
expanded-blagn-v1,measurement,CEERS397_taylor24,CEERS397_taylor24,HZA-CEERS-397,CEERS-397,1,CEERS397_taylor24,True,only catalogue measurement in this release,6.0,0.9308508079920488,CEERS,EGS,broad-line-agn,robust,individual_robust,taylor24_ceers_rubies_blagn,Table 1 (Sample of BLAGN),The Astrophysical Journal 986:165 (2025); arXiv:2409.06772v2,https://iopscience.iop.org/article/10.3847/1538-4357/add15b,10.3847/1538-4357/add15b,single-epoch-virial-halpha-reines2013,0.0,non_lrd,0.0,formal_mbh_errors_exclude_virial_systematic;nominal_mass_uncorrected_for_dust,Nominal Table 1 mass and Halpha flux are uncorrected for dust; formal MBH errors exclude the approximately 0.5 dex virial-calibration systematic.,10000,20260808,30.0,0.1,1.0,True,split-normal-in-log-mbh,0.23,0.18,0.23,0.18,asymmetric,False,taylor_virial_plus_0p5dex,Taylor virial calibration sensitivity: MBH +0.5 dex,taylor_virial_calibration_sensitivity,taylor24_ceers_rubies_blagn_only,0.5,7.7965439326702555,7.917258678760177,8.099268705962336,8.325388293905988,8.473220101646836,seed1e5,5.0,100000.0,0.38750448136080534,0.404231379347175,0.42945168801799,0.4607840596027834,0.4812684465341016,0.0
expanded-blagn-v1,measurement,CEERS672_taylor24,CEERS672_taylor24,HZA-CEERS-672,CEERS-672,1,CEERS672_taylor24,True,only catalogue measurement in this release,5.666,1.0015140448397233,CEERS,EGS,broad-line-agn,robust,individual_robust,taylor24_ceers_rubies_blagn,Table 1 (Sample of BLAGN),The Astrophysical Journal 986:165 (2025); arXiv:2409.06772v2,https://iopscience.iop.org/article/10.3847/1538-4357/add15b,10.3847/1538-4357/add15b,single-epoch-virial-halpha-reines2013,1.0,lrd,0.0,formal_mbh_errors_exclude_virial_systematic;nominal_mass_uncorrected_for_dust,Nominal Table 1 mass and Halpha flux are uncorrected for dust; formal MBH errors exclude the approximately 0.5 dex virial-calibration systematic.,10000,20260808,30.0,0.1,1.0,True,split-normal-in-log-mbh,0.29,0.26,0.29,0.26,asymmetric,False,baseline,reported MBH,none,all_sources,0.0,6.323596660194439,6.488910225985999,6.750169211647094,7.031439146848634,7.22172426716475,seed1e2,2.0,100.0,0.5521427806152138,0.5732540680602048,0.6066180180631497,0.6425374565148058,0.6668377240231804,0.0
expanded-blagn-v1,measurement,CEERS672_taylor24,CEERS672_taylor24,HZA-CEERS-672,CEERS-672,1,CEERS672_taylor24,True,only catalogue measurement in this release,5.666,1.0015140448397233,CEERS,EGS,broad-line-agn,robust,individual_robust,taylor24_ceers_rubies_blagn,Table 1 (Sample of BLAGN),The Astrophysical Journal 986:165 (2025); arXiv:2409.06772v2,https://iopscience.iop.org/article/10.3847/1538-4357/add15b,10.3847/1538-4357/add15b,single-epoch-virial-halpha-reines2013,1.0,lrd,0.0,formal_mbh_errors_exclude_virial_systematic;nominal_mass_uncorrected_for_dust,Nominal Table 1 mass and Halpha flux are uncorrected for dust; formal MBH errors exclude the approximately 0.5 dex virial-calibration systematic.,10000,20260808,30.0,0.1,1.0,True,split-normal-in-log-mbh,0.29,0.26,0.29,0.26,asymmetric,False,baseline,reported MBH,none,all_sources,0.0,6.323596660194439,6.488910225985999,6.750169211647094,7.031439146848634,7.22172426716475,seed1e4,4.0,10000.0,0.2967337663107282,0.31784505375571925,0.35120900375866426,0.3871284422103203,0.41142870971869505,0.0
expanded-blagn-v1,measurement,CEERS672_taylor24,CEERS672_taylor24,HZA-CEERS-672,CEERS-672,1,CEERS672_taylor24,True,only catalogue measurement in this release,5.666,1.0015140448397233,CEERS,EGS,broad-line-agn,robust,individual_robust,taylor24_ceers_rubies_blagn,Table 1 (Sample of BLAGN),The Astrophysical Journal 986:165 (2025); arXiv:2409.06772v2,https://iopscience.iop.org/article/10.3847/1538-4357/add15b,10.3847/1538-4357/add15b,single-epoch-virial-halpha-reines2013,1.0,lrd,0.0,formal_mbh_errors_exclude_virial_systematic;nominal_mass_uncorrected_for_dust,Nominal Table 1 mass and Halpha flux are uncorrected for dust; formal MBH errors exclude the approximately 0.5 dex virial-calibration systematic.,10000,20260808,30.0,0.1,1.0,True,split-normal-in-log-mbh,0.29,0.26,0.29,0.26,asymmetric,False,baseline,reported MBH,none,all_sources,0.0,6.323596660194439,6.488910225985999,6.750169211647094,7.031439146848634,7.22172426716475,seed1e5,5.0,100000.0,0.16902925915848543,0.19014054660347646,0.22350449660642147,0.2594239350580775,0.2837242025664522,0.0
expanded-blagn-v1,measurement,CEERS672_taylor24,CEERS672_taylor24,HZA-CEERS-672,CEERS-672,1,CEERS672_taylor24,True,only catalogue measurement in this release,5.666,1.0015140448397233,CEERS,EGS,broad-line-agn,robust,individual_robust,taylor24_ceers_rubies_blagn,Table 1 (Sample of BLAGN),The Astrophysical Journal 986:165 (2025); arXiv:2409.06772v2,https://iopscience.iop.org/article/10.3847/1538-4357/add15b,10.3847/1538-4357/add15b,single-epoch-virial-halpha-reines2013,1.0,lrd,0.0,formal_mbh_errors_exclude_virial_systematic;nominal_mass_uncorrected_for_dust,Nominal Table 1 mass and Halpha flux are uncorrected for dust; formal MBH errors exclude the approximately 0.5 dex virial-calibration systematic.,10000,20260808,30.0,0.1,1.0,True,split-normal-in-log-mbh,0.29,0.26,0.29,0.26,asymmetric,False,mbh_minus_0p3dex,MBH -0.3 dex,global_comparison,all_sources,-0.3,6.023596660194439,6.188910225986,6.450169211647094,6.7314391468486345,6.92172426716475,seed1e2,2.0,100.0,0.513831428469541,0.534942715914532,0.5683066659174769,0.6042261043691329,0.6285263718775077,0.0
expanded-blagn-v1,measurement,CEERS672_taylor24,CEERS672_taylor24,HZA-CEERS-672,CEERS-672,1,CEERS672_taylor24,True,only catalogue measurement in this release,5.666,1.0015140448397233,CEERS,EGS,broad-line-agn,robust,individual_robust,taylor24_ceers_rubies_blagn,Table 1 (Sample of BLAGN),The Astrophysical Journal 986:165 (2025); arXiv:2409.06772v2,https://iopscience.iop.org/article/10.3847/1538-4357/add15b,10.3847/1538-4357/add15b,single-epoch-virial-halpha-reines2013,1.0,lrd,0.0,formal_mbh_errors_exclude_virial_systematic;nominal_mass_uncorrected_for_dust,Nominal Table 1 mass and Halpha flux are uncorrected for dust; formal MBH errors exclude the approximately 0.5 dex virial-calibration systematic.,10000,20260808,30.0,0.1,1.0,True,split-normal-in-log-mbh,0.29,0.26,0.29,0.26,asymmetric,False,mbh_minus_0p3dex,MBH -0.3 dex,global_comparison,all_sources,-0.3,6.023596660194439,6.188910225986,6.450169211647094,6.7314391468486345,6.92172426716475,seed1e4,4.0,10000.0,0.2584224141650554,0.27953370161004637,0.31289765161299143,0.3488170900646474,0.37311735757302217,0.0
expanded-blagn-v1,measurement,CEERS672_taylor24,CEERS672_taylor24,HZA-CEERS-672,CEERS-672,1,CEERS672_taylor24,True,only catalogue measurement in this release,5.666,1.0015140448397233,CEERS,EGS,broad-line-agn,robust,individual_robust,taylor24_ceers_rubies_blagn,Table 1 (Sample of BLAGN),The Astrophysical Journal 986:165 (2025); arXiv:2409.06772v2,https://iopscience.iop.org/article/10.3847/1538-4357/add15b,10.3847/1538-4357/add15b,single-epoch-virial-halpha-reines2013,1.0,lrd,0.0,formal_mbh_errors_exclude_virial_systematic;nominal_mass_uncorrected_for_dust,Nominal Table 1 mass and Halpha flux are uncorrected for dust; formal MBH errors exclude the approximately 0.5 dex virial-calibration systematic.,10000,20260808,30.0,0.1,1.0,True,split-normal-in-log-mbh,0.29,0.26,0.29,0.26,asymmetric,False,mbh_minus_0p3dex,MBH -0.3 dex,global_comparison,all_sources,-0.3,6.023596660194439,6.188910225986,6.450169211647094,6.7314391468486345,6.92172426716475,seed1e5,5.0,100000.0,0.1307179070128126,0.15182919445780363,0.18519314446074864,0.22111258291240463,0.2454128504207794,0.0
expanded-blagn-v1,measurement,CEERS672_taylor24,CEERS672_taylor24,HZA-CEERS-672,CEERS-672,1,CEERS672_taylor24,True,only catalogue measurement in this release,5.666,1.0015140448397233,CEERS,EGS,broad-line-agn,robust,individual_robust,taylor24_ceers_rubies_blagn,Table 1 (Sample of BLAGN),The Astrophysical Journal 986:165 (2025); arXiv:2409.06772v2,https://iopscience.iop.org/article/10.3847/1538-4357/add15b,10.3847/1538-4357/add15b,single-epoch-virial-halpha-reines2013,1.0,lrd,0.0,formal_mbh_errors_exclude_virial_systematic;nominal_mass_uncorrected_for_dust,Nominal Table 1 mass and Halpha flux are uncorrected for dust; formal MBH errors exclude the approximately 0.5 dex virial-calibration systematic.,10000,20260808,30.0,0.1,1.0,True,split-normal-in-log-mbh,0.29,0.26,0.29,0.26,asymmetric,False,mbh_plus_0p3dex,MBH +0.3 dex,global_comparison,all_sources,0.3,6.623596660194439,6.788910225985999,7.050169211647094,7.331439146848634,7.52172426716475,seed1e2,2.0,100.0,0.5904541327608865,0.6115654202058776,0.6449293702088226,0.6808488086604786,0.7051490761688534,0.0
expanded-blagn-v1,measurement,CEERS672_taylor24,CEERS672_taylor24,HZA-CEERS-672,CEERS-672,1,CEERS672_taylor24,True,only catalogue measurement in this release,5.666,1.0015140448397233,CEERS,EGS,broad-line-agn,robust,individual_robust,taylor24_ceers_rubies_blagn,Table 1 (Sample of BLAGN),The Astrophysical Journal 986:165 (2025); arXiv:2409.06772v2,https://iopscience.iop.org/article/10.3847/1538-4357/add15b,10.3847/1538-4357/add15b,single-epoch-virial-halpha-reines2013,1.0,lrd,0.0,formal_mbh_errors_exclude_virial_systematic;nominal_mass_uncorrected_for_dust,Nominal Table 1 mass and Halpha flux are uncorrected for dust; formal MBH errors exclude the approximately 0.5 dex virial-calibration systematic.,10000,20260808,30.0,0.1,1.0,True,split-normal-in-log-mbh,0.29,0.26,0.29,0.26,asymmetric,False,mbh_plus_0p3dex,MBH +0.3 dex,global_comparison,all_sources,0.3,6.623596660194439,6.788910225985999,7.050169211647094,7.331439146848634,7.52172426716475,seed1e4,4.0,10000.0,0.335045118456401,0.35615640590139197,0.3895203559043371,0.42543979435599305,0.44974006186436777,0.0
expanded-blagn-v1,measurement,CEERS672_taylor24,CEERS672_taylor24,HZA-CEERS-672,CEERS-672,1,CEERS672_taylor24,True,only catalogue measurement in this release,5.666,1.0015140448397233,CEERS,EGS,broad-line-agn,robust,individual_robust,taylor24_ceers_rubies_blagn,Table 1 (Sample of BLAGN),The Astrophysical Journal 986:165 (2025); arXiv:2409.06772v2,https://iopscience.iop.org/article/10.3847/1538-4357/add15b,10.3847/1538-4357/add15b,single-epoch-virial-halpha-reines2013,1.0,lrd,0.0,formal_mbh_errors_exclude_virial_systematic;nominal_mass_uncorrected_for_dust,Nominal Table 1 mass and Halpha flux are uncorrected for dust; formal MBH errors exclude the approximately 0.5 dex virial-calibration systematic.,10000,20260808,30.0,0.1,1.0,True,split-normal-in-log-mbh,0.29,0.26,0.29,0.26,asymmetric,False,mbh_plus_0p3dex,MBH +0.3 dex,global_comparison,all_sources,0.3,6.623596660194439,6.788910225985999,7.050169211647094,7.331439146848634,7.52172426716475,seed1e5,5.0,100000.0,0.2073406113041582,0.22845189874914928,0.2618158487520943,0.2977352872037503,0.322035554712125,0.0
expanded-blagn-v1,measurement,CEERS672_taylor24,CEERS672_taylor24,HZA-CEERS-672,CEERS-672,1,CEERS672_taylor24,True,only catalogue measurement in this release,5.666,1.0015140448397233,CEERS,EGS,broad-line-agn,robust,individual_robust,taylor24_ceers_rubies_blagn,Table 1 (Sample of BLAGN),The Astrophysical Journal 986:165 (2025); arXiv:2409.06772v2,https://iopscience.iop.org/article/10.3847/1538-4357/add15b,10.3847/1538-4357/add15b,single-epoch-virial-halpha-reines2013,1.0,lrd,0.0,formal_mbh_errors_exclude_virial_systematic;nominal_mass_uncorrected_for_dust,Nominal Table 1 mass and Halpha flux are uncorrected for dust; formal MBH errors exclude the approximately 0.5 dex virial-calibration systematic.,10000,20260808,30.0,0.1,1.0,True,split-normal-in-log-mbh,0.29,0.26,0.29,0.26,asymmetric,False,taylor_virial_minus_0p5dex,Taylor virial calibration sensitivity: MBH -0.5 dex,taylor_virial_calibration_sensitivity,taylor24_ceers_rubies_blagn_only,-0.5,5.823596660194439,5.988910225985999,6.250169211647094,6.531439146848634,6.72172426716475,seed1e2,2.0,100.0,0.48829052703909237,0.5094018144840834,0.5427657644870284,0.5786852029386844,0.6029854704470592,0.0
expanded-blagn-v1,measurement,CEERS672_taylor24,CEERS672_taylor24,HZA-CEERS-672,CEERS-672,1,CEERS672_taylor24,True,only catalogue measurement in this release,5.666,1.0015140448397233,CEERS,EGS,broad-line-agn,robust,individual_robust,taylor24_ceers_rubies_blagn,Table 1 (Sample of BLAGN),The Astrophysical Journal 986:165 (2025); arXiv:2409.06772v2,https://iopscience.iop.org/article/10.3847/1538-4357/add15b,10.3847/1538-4357/add15b,single-epoch-virial-halpha-reines2013,1.0,lrd,0.0,formal_mbh_errors_exclude_virial_systematic;nominal_mass_uncorrected_for_dust,Nominal Table 1 mass and Halpha flux are uncorrected for dust; formal MBH errors exclude the approximately 0.5 dex virial-calibration systematic.,10000,20260808,30.0,0.1,1.0,True,split-normal-in-log-mbh,0.29,0.26,0.29,0.26,asymmetric,False,taylor_virial_minus_0p5dex,Taylor virial calibration sensitivity: MBH -0.5 dex,taylor_virial_calibration_sensitivity,taylor24_ceers_rubies_blagn_only,-0.5,5.823596660194439,5.988910225985999,6.250169211647094,6.531439146848634,6.72172426716475,seed1e4,4.0,10000.0,0.23288151273460683,0.2539928001795978,0.2873567501825428,0.3232761886341988,0.3475764561425736,0.0
expanded-blagn-v1,measurement,CEERS672_taylor24,CEERS672_taylor24,HZA-CEERS-672,CEERS-672,1,CEERS672_taylor24,True,only catalogue measurement in this release,5.666,1.0015140448397233,CEERS,EGS,broad-line-agn,robust,individual_robust,taylor24_ceers_rubies_blagn,Table 1 (Sample of BLAGN),The Astrophysical Journal 986:165 (2025); arXiv:2409.06772v2,https://iopscience.iop.org/article/10.3847/1538-4357/add15b,10.3847/1538-4357/add15b,single-epoch-virial-halpha-reines2013,1.0,lrd,0.0,formal_mbh_errors_exclude_virial_systematic;nominal_mass_uncorrected_for_dust,Nominal Table 1 mass and Halpha flux are uncorrected for dust; formal MBH errors exclude the approximately 0.5 dex virial-calibration systematic.,10000,20260808,30.0,0.1,1.0,True,split-normal-in-log-mbh,0.29,0.26,0.29,0.26,asymmetric,False,taylor_virial_minus_0p5dex,Taylor virial calibration sensitivity: MBH -0.5 dex,taylor_virial_calibration_sensitivity,taylor24_ceers_rubies_blagn_only,-0.5,5.823596660194439,5.988910225985999,6.250169211647094,6.531439146848634,6.72172426716475,seed1e5,5.0,100000.0,0.10517700558236402,0.12628829302735506,0.15965224303030007,0.19557168148195606,0.2198719489903308,0.0
expanded-blagn-v1,measurement,CEERS672_taylor24,CEERS672_taylor24,HZA-CEERS-672,CEERS-672,1,CEERS672_taylor24,True,only catalogue measurement in this release,5.666,1.0015140448397233,CEERS,EGS,broad-line-agn,robust,individual_robust,taylor24_ceers_rubies_blagn,Table 1 (Sample of BLAGN),The Astrophysical Journal 986:165 (2025); arXiv:2409.06772v2,https://iopscience.iop.org/article/10.3847/1538-4357/add15b,10.3847/1538-4357/add15b,single-epoch-virial-halpha-reines2013,1.0,lrd,0.0,formal_mbh_errors_exclude_virial_systematic;nominal_mass_uncorrected_for_dust,Nominal Table 1 mass and Halpha flux are uncorrected for dust; formal MBH errors exclude the approximately 0.5 dex virial-calibration systematic.,10000,20260808,30.0,0.1,1.0,True,split-normal-in-log-mbh,0.29,0.26,0.29,0.26,asymmetric,False,taylor_virial_plus_0p5dex,Taylor virial calibration sensitivity: MBH +0.5 dex,taylor_virial_calibration_sensitivity,taylor24_ceers_rubies_blagn_only,0.5,6.823596660194439,6.988910225985999,7.250169211647094,7.531439146848634,7.72172426716475,seed1e2,2.0,100.0,0.6159950341913352,0.6371063216363263,0.6704702716392712,0.7063897100909272,0.730689977599302,0.0
expanded-blagn-v1,measurement,CEERS672_taylor24,CEERS672_taylor24,HZA-CEERS-672,CEERS-672,1,CEERS672_taylor24,True,only catalogue measurement in this release,5.666,1.0015140448397233,CEERS,EGS,broad-line-agn,robust,individual_robust,taylor24_ceers_rubies_blagn,Table 1 (Sample of BLAGN),The Astrophysical Journal 986:165 (2025); arXiv:2409.06772v2,https://iopscience.iop.org/article/10.3847/1538-4357/add15b,10.3847/1538-4357/add15b,single-epoch-virial-halpha-reines2013,1.0,lrd,0.0,formal_mbh_errors_exclude_virial_systematic;nominal_mass_uncorrected_for_dust,Nominal Table 1 mass and Halpha flux are uncorrected for dust; formal MBH errors exclude the approximately 0.5 dex virial-calibration systematic.,10000,20260808,30.0,0.1,1.0,True,split-normal-in-log-mbh,0.29,0.26,0.29,0.26,asymmetric,False,taylor_virial_plus_0p5dex,Taylor virial calibration sensitivity: MBH +0.5 dex,taylor_virial_calibration_sensitivity,taylor24_ceers_rubies_blagn_only,0.5,6.823596660194439,6.988910225985999,7.250169211647094,7.531439146848634,7.72172426716475,seed1e4,4.0,10000.0,0.3605860198868496,0.38169730733184054,0.41506125733478566,0.4509806957864416,0.47528096329481645,0.0
expanded-blagn-v1,measurement,CEERS672_taylor24,CEERS672_taylor24,HZA-CEERS-672,CEERS-672,1,CEERS672_taylor24,True,only catalogue measurement in this release,5.666,1.0015140448397233,CEERS,EGS,broad-line-agn,robust,individual_robust,taylor24_ceers_rubies_blagn,Table 1 (Sample of BLAGN),The Astrophysical Journal 986:165 (2025); arXiv:2409.06772v2,https://iopscience.iop.org/article/10.3847/1538-4357/add15b,10.3847/1538-4357/add15b,single-epoch-virial-halpha-reines2013,1.0,lrd,0.0,formal_mbh_errors_exclude_virial_systematic;nominal_mass_uncorrected_for_dust,Nominal Table 1 mass and Halpha flux are uncorrected for dust; formal MBH errors exclude the approximately 0.5 dex virial-calibration systematic.,10000,20260808,30.0,0.1,1.0,True,split-normal-in-log-mbh,0.29,0.26,0.29,0.26,asymmetric,False,taylor_virial_plus_0p5dex,Taylor virial calibration sensitivity: MBH +0.5 dex,taylor_virial_calibration_sensitivity,taylor24_ceers_rubies_blagn_only,0.5,6.823596660194439,6.988910225985999,7.250169211647094,7.531439146848634,7.72172426716475,seed1e5,5.0,100000.0,0.23288151273460683,0.2539928001795978,0.2873567501825428,0.3232761886341988,0.3475764561425736,0.0
expanded-blagn-v1,measurement,CEERS746_taylor24,CEERS746_taylor24,HZA-CEERS-746,CEERS-746,1,CEERS746_taylor24,True,only catalogue measurement in this release,5.623,1.011259266287056,CEERS,EGS,broad-line-agn,robust,individual_robust,taylor24_ceers_rubies_blagn,Table 1 (Sample of BLAGN),The Astrophysical Journal 986:165 (2025); arXiv:2409.06772v2,https://iopscience.iop.org/article/10.3847/1538-4357/add15b,10.3847/1538-4357/add15b,single-epoch-virial-halpha-reines2013,1.0,lrd,0.0,formal_mbh_errors_exclude_virial_systematic;nominal_mass_uncorrected_for_dust,Nominal Table 1 mass and Halpha flux are uncorrected for dust; formal MBH errors exclude the approximately 0.5 dex virial-calibration systematic.,10000,20260808,30.0,0.1,1.0,True,split-normal-in-log-mbh,0.16,0.14,0.16,0.14,asymmetric,False,baseline,reported MBH,none,all_sources,0.0,7.060555663620944,7.149736882385946,7.2893278598236595,7.447367100251113,7.556287969860756,seed1e2,2.0,100.0,0.639344665136503,0.6506117156814977,0.6682474759928729,0.6882139682055523,0.7019749030782902,0.0
expanded-blagn-v1,measurement,CEERS746_taylor24,CEERS746_taylor24,HZA-CEERS-746,CEERS-746,1,CEERS746_taylor24,True,only catalogue measurement in this release,5.623,1.011259266287056,CEERS,EGS,broad-line-agn,robust,individual_robust,taylor24_ceers_rubies_blagn,Table 1 (Sample of BLAGN),The Astrophysical Journal 986:165 (2025); arXiv:2409.06772v2,https://iopscience.iop.org/article/10.3847/1538-4357/add15b,10.3847/1538-4357/add15b,single-epoch-virial-halpha-reines2013,1.0,lrd,0.0,formal_mbh_errors_exclude_virial_systematic;nominal_mass_uncorrected_for_dust,Nominal Table 1 mass and Halpha flux are uncorrected for dust; formal MBH errors exclude the approximately 0.5 dex virial-calibration systematic.,10000,20260808,30.0,0.1,1.0,True,split-normal-in-log-mbh,0.16,0.14,0.16,0.14,asymmetric,False,baseline,reported MBH,none,all_sources,0.0,7.060555663620944,7.149736882385946,7.2893278598236595,7.447367100251113,7.556287969860756,seed1e4,4.0,10000.0,0.3866670116793579,0.39793406222435246,0.4155698225357277,0.4355363147484071,0.44929724962114514,0.0
expanded-blagn-v1,measurement,CEERS746_taylor24,CEERS746_taylor24,HZA-CEERS-746,CEERS-746,1,CEERS746_taylor24,True,only catalogue measurement in this release,5.623,1.011259266287056,CEERS,EGS,broad-line-agn,robust,individual_robust,taylor24_ceers_rubies_blagn,Table 1 (Sample of BLAGN),The Astrophysical Journal 986:165 (2025); arXiv:2409.06772v2,https://iopscience.iop.org/article/10.3847/1538-4357/add15b,10.3847/1538-4357/add15b,single-epoch-virial-halpha-reines2013,1.0,lrd,0.0,formal_mbh_errors_exclude_virial_systematic;nominal_mass_uncorrected_for_dust,Nominal Table 1 mass and Halpha flux are uncorrected for dust; formal MBH errors exclude the approximately 0.5 dex virial-calibration systematic.,10000,20260808,30.0,0.1,1.0,True,split-normal-in-log-mbh,0.16,0.14,0.16,0.14,asymmetric,False,baseline,reported MBH,none,all_sources,0.0,7.060555663620944,7.149736882385946,7.2893278598236595,7.447367100251113,7.556287969860756,seed1e5,5.0,100000.0,0.2603281849507853,0.2715952354957799,0.28923099580715517,0.3091974880198345,0.32295842289257265,0.0
expanded-blagn-v1,measurement,CEERS746_taylor24,CEERS746_taylor24,HZA-CEERS-746,CEERS-746,1,CEERS746_taylor24,True,only catalogue measurement in this release,5.623,1.011259266287056,CEERS,EGS,broad-line-agn,robust,individual_robust,taylor24_ceers_rubies_blagn,Table 1 (Sample of BLAGN),The Astrophysical Journal 986:165 (2025); arXiv:2409.06772v2,https://iopscience.iop.org/article/10.3847/1538-4357/add15b,10.3847/1538-4357/add15b,single-epoch-virial-halpha-reines2013,1.0,lrd,0.0,formal_mbh_errors_exclude_virial_systematic;nominal_mass_uncorrected_for_dust,Nominal Table 1 mass and Halpha flux are uncorrected for dust; formal MBH errors exclude the approximately 0.5 dex virial-calibration systematic.,10000,20260808,30.0,0.1,1.0,True,split-normal-in-log-mbh,0.16,0.14,0.16,0.14,asymmetric,False,mbh_minus_0p3dex,MBH -0.3 dex,global_comparison,all_sources,-0.3,6.760555663620944,6.849736882385947,6.989327859823659,7.147367100251113,7.2562879698607565,seed1e2,2.0,100.0,0.6014430171179312,0.612710067662926,0.630345827974301,0.6503123201869804,0.6640732550597186,0.0
expanded-blagn-v1,measurement,CEERS746_taylor24,CEERS746_taylor24,HZA-CEERS-746,CEERS-746,1,CEERS746_taylor24,True,only catalogue measurement in this release,5.623,1.011259266287056,CEERS,EGS,broad-line-agn,robust,individual_robust,taylor24_ceers_rubies_blagn,Table 1 (Sample of BLAGN),The Astrophysical Journal 986:165 (2025); arXiv:2409.06772v2,https://iopscience.iop.org/article/10.3847/1538-4357/add15b,10.3847/1538-4357/add15b,single-epoch-virial-halpha-reines2013,1.0,lrd,0.0,formal_mbh_errors_exclude_virial_systematic;nominal_mass_uncorrected_for_dust,Nominal Table 1 mass and Halpha flux are uncorrected for dust; formal MBH errors exclude the approximately 0.5 dex virial-calibration systematic.,10000,20260808,30.0,0.1,1.0,True,split-normal-in-log-mbh,0.16,0.14,0.16,0.14,asymmetric,False,mbh_minus_0p3dex,MBH -0.3 dex,global_comparison,all_sources,-0.3,6.760555663620944,6.849736882385947,6.989327859823659,7.147367100251113,7.2562879698607565,seed1e4,4.0,10000.0,0.34876536366078614,0.3600324142057807,0.377668174517156,0.39763466672983533,0.41139560160257344,0.0
expanded-blagn-v1,measurement,CEERS746_taylor24,CEERS746_taylor24,HZA-CEERS-746,CEERS-746,1,CEERS746_taylor24,True,only catalogue measurement in this release,5.623,1.011259266287056,CEERS,EGS,broad-line-agn,robust,individual_robust,taylor24_ceers_rubies_blagn,Table 1 (Sample of BLAGN),The Astrophysical Journal 986:165 (2025); arXiv:2409.06772v2,https://iopscience.iop.org/article/10.3847/1538-4357/add15b,10.3847/1538-4357/add15b,single-epoch-virial-halpha-reines2013,1.0,lrd,0.0,formal_mbh_errors_exclude_virial_systematic;nominal_mass_uncorrected_for_dust,Nominal Table 1 mass and Halpha flux are uncorrected for dust; formal MBH errors exclude the approximately 0.5 dex virial-calibration systematic.,10000,20260808,30.0,0.1,1.0,True,split-normal-in-log-mbh,0.16,0.14,0.16,0.14,asymmetric,False,mbh_minus_0p3dex,MBH -0.3 dex,global_comparison,all_sources,-0.3,6.760555663620944,6.849736882385947,6.989327859823659,7.147367100251113,7.2562879698607565,seed1e5,5.0,100000.0,0.2224265369322136,0.23369358747720814,0.2513293477885834,0.2712958400012628,0.28505677487400083,0.0
expanded-blagn-v1,measurement,CEERS746_taylor24,CEERS746_taylor24,HZA-CEERS-746,CEERS-746,1,CEERS746_taylor24,True,only catalogue measurement in this release,5.623,1.011259266287056,CEERS,EGS,broad-line-agn,robust,individual_robust,taylor24_ceers_rubies_blagn,Table 1 (Sample of BLAGN),The Astrophysical Journal 986:165 (2025); arXiv:2409.06772v2,https://iopscience.iop.org/article/10.3847/1538-4357/add15b,10.3847/1538-4357/add15b,single-epoch-virial-halpha-reines2013,1.0,lrd,0.0,formal_mbh_errors_exclude_virial_systematic;nominal_mass_uncorrected_for_dust,Nominal Table 1 mass and Halpha flux are uncorrected for dust; formal MBH errors exclude the approximately 0.5 dex virial-calibration systematic.,10000,20260808,30.0,0.1,1.0,True,split-normal-in-log-mbh,0.16,0.14,0.16,0.14,asymmetric,False,mbh_plus_0p3dex,MBH +0.3 dex,global_comparison,all_sources,0.3,7.360555663620944,7.449736882385946,7.589327859823658,7.747367100251113,7.856287969860756,seed1e2,2.0,100.0,0.6772463131550748,0.6885133637000693,0.7061491240114447,0.7261156162241239,0.7398765510968621,0.0
expanded-blagn-v1,measurement,CEERS746_taylor24,CEERS746_taylor24,HZA-CEERS-746,CEERS-746,1,CEERS746_taylor24,True,only catalogue measurement in this release,5.623,1.011259266287056,CEERS,EGS,broad-line-agn,robust,individual_robust,taylor24_ceers_rubies_blagn,Table 1 (Sample of BLAGN),The Astrophysical Journal 986:165 (2025); arXiv:2409.06772v2,https://iopscience.iop.org/article/10.3847/1538-4357/add15b,10.3847/1538-4357/add15b,single-epoch-virial-halpha-reines2013,1.0,lrd,0.0,formal_mbh_errors_exclude_virial_systematic;nominal_mass_uncorrected_for_dust,Nominal Table 1 mass and Halpha flux are uncorrected for dust; formal MBH errors exclude the approximately 0.5 dex virial-calibration systematic.,10000,20260808,30.0,0.1,1.0,True,split-normal-in-log-mbh,0.16,0.14,0.16,0.14,asymmetric,False,mbh_plus_0p3dex,MBH +0.3 dex,global_comparison,all_sources,0.3,7.360555663620944,7.449736882385946,7.589327859823658,7.747367100251113,7.856287969860756,seed1e4,4.0,10000.0,0.4245686596979297,0.4358357102429243,0.4534714705542995,0.4734379627669788,0.48719889763971697,0.0
expanded-blagn-v1,measurement,CEERS746_taylor24,CEERS746_taylor24,HZA-CEERS-746,CEERS-746,1,CEERS746_taylor24,True,only catalogue measurement in this release,5.623,1.011259266287056,CEERS,EGS,broad-line-agn,robust,individual_robust,taylor24_ceers_rubies_blagn,Table 1 (Sample of BLAGN),The Astrophysical Journal 986:165 (2025); arXiv:2409.06772v2,https://iopscience.iop.org/article/10.3847/1538-4357/add15b,10.3847/1538-4357/add15b,single-epoch-virial-halpha-reines2013,1.0,lrd,0.0,formal_mbh_errors_exclude_virial_systematic;nominal_mass_uncorrected_for_dust,Nominal Table 1 mass and Halpha flux are uncorrected for dust; formal MBH errors exclude the approximately 0.5 dex virial-calibration systematic.,10000,20260808,30.0,0.1,1.0,True,split-normal-in-log-mbh,0.16,0.14,0.16,0.14,asymmetric,False,mbh_plus_0p3dex,MBH +0.3 dex,global_comparison,all_sources,0.3,7.360555663620944,7.449736882385946,7.589327859823658,7.747367100251113,7.856287969860756,seed1e5,5.0,100000.0,0.2982298329693571,0.3094968835143516,0.3271326438257269,0.34709913603840625,0.36086007091114436,0.0
expanded-blagn-v1,measurement,CEERS746_taylor24,CEERS746_taylor24,HZA-CEERS-746,CEERS-746,1,CEERS746_taylor24,True,only catalogue measurement in this release,5.623,1.011259266287056,CEERS,EGS,broad-line-agn,robust,individual_robust,taylor24_ceers_rubies_blagn,Table 1 (Sample of BLAGN),The Astrophysical Journal 986:165 (2025); arXiv:2409.06772v2,https://iopscience.iop.org/article/10.3847/1538-4357/add15b,10.3847/1538-4357/add15b,single-epoch-virial-halpha-reines2013,1.0,lrd,0.0,formal_mbh_errors_exclude_virial_systematic;nominal_mass_uncorrected_for_dust,Nominal Table 1 mass and Halpha flux are uncorrected for dust; formal MBH errors exclude the approximately 0.5 dex virial-calibration systematic.,10000,20260808,30.0,0.1,1.0,True,split-normal-in-log-mbh,0.16,0.14,0.16,0.14,asymmetric,False,taylor_virial_minus_0p5dex,Taylor virial calibration sensitivity: MBH -0.5 dex,taylor_virial_calibration_sensitivity,taylor24_ceers_rubies_blagn_only,-0.5,6.560555663620944,6.649736882385946,6.7893278598236595,6.947367100251113,7.056287969860756,seed1e2,2.0,100.0,0.5761752517722167,0.5874423023172114,0.6050780626285865,0.625044554841266,0.6388054897140041,0.0
expanded-blagn-v1,measurement,CEERS746_taylor24,CEERS746_taylor24,HZA-CEERS-746,CEERS-746,1,CEERS746_taylor24,True,only catalogue measurement in this release,5.623,1.011259266287056,CEERS,EGS,broad-line-agn,robust,individual_robust,taylor24_ceers_rubies_blagn,Table 1 (Sample of BLAGN),The Astrophysical Journal 986:165 (2025); arXiv:2409.06772v2,https://iopscience.iop.org/article/10.3847/1538-4357/add15b,10.3847/1538-4357/add15b,single-epoch-virial-halpha-reines2013,1.0,lrd,0.0,formal_mbh_errors_exclude_virial_systematic;nominal_mass_uncorrected_for_dust,Nominal Table 1 mass and Halpha flux are uncorrected for dust; formal MBH errors exclude the approximately 0.5 dex virial-calibration systematic.,10000,20260808,30.0,0.1,1.0,True,split-normal-in-log-mbh,0.16,0.14,0.16,0.14,asymmetric,False,taylor_virial_minus_0p5dex,Taylor virial calibration sensitivity: MBH -0.5 dex,taylor_virial_calibration_sensitivity,taylor24_ceers_rubies_blagn_only,-0.5,6.560555663620944,6.649736882385946,6.7893278598236595,6.947367100251113,7.056287969860756,seed1e4,4.0,10000.0,0.32349759831507163,0.3347646488600662,0.35240040917144144,0.3723669013841208,0.38612783625685887,0.0
expanded-blagn-v1,measurement,CEERS746_taylor24,CEERS746_taylor24,HZA-CEERS-746,CEERS-746,1,CEERS746_taylor24,True,only catalogue measurement in this release,5.623,1.011259266287056,CEERS,EGS,broad-line-agn,robust,individual_robust,taylor24_ceers_rubies_blagn,Table 1 (Sample of BLAGN),The Astrophysical Journal 986:165 (2025); arXiv:2409.06772v2,https://iopscience.iop.org/article/10.3847/1538-4357/add15b,10.3847/1538-4357/add15b,single-epoch-virial-halpha-reines2013,1.0,lrd,0.0,formal_mbh_errors_exclude_virial_systematic;nominal_mass_uncorrected_for_dust,Nominal Table 1 mass and Halpha flux are uncorrected for dust; formal MBH errors exclude the approximately 0.5 dex virial-calibration systematic.,10000,20260808,30.0,0.1,1.0,True,split-normal-in-log-mbh,0.16,0.14,0.16,0.14,asymmetric,False,taylor_virial_minus_0p5dex,Taylor virial calibration sensitivity: MBH -0.5 dex,taylor_virial_calibration_sensitivity,taylor24_ceers_rubies_blagn_only,-0.5,6.560555663620944,6.649736882385946,6.7893278598236595,6.947367100251113,7.056287969860756,seed1e5,5.0,100000.0,0.19715877158649903,0.2084258221314936,0.22606158244286884,0.2460280746555482,0.2597890095282863,0.0
expanded-blagn-v1,measurement,CEERS746_taylor24,CEERS746_taylor24,HZA-CEERS-746,CEERS-746,1,CEERS746_taylor24,True,only catalogue measurement in this release,5.623,1.011259266287056,CEERS,EGS,broad-line-agn,robust,individual_robust,taylor24_ceers_rubies_blagn,Table 1 (Sample of BLAGN),The Astrophysical Journal 986:165 (2025); arXiv:2409.06772v2,https://iopscience.iop.org/article/10.3847/1538-4357/add15b,10.3847/1538-4357/add15b,single-epoch-virial-halpha-reines2013,1.0,lrd,0.0,formal_mbh_errors_exclude_virial_systematic;nominal_mass_uncorrected_for_dust,Nominal Table 1 mass and Halpha flux are uncorrected for dust; formal MBH errors exclude the approximately 0.5 dex virial-calibration systematic.,10000,20260808,30.0,0.1,1.0,True,split-normal-in-log-mbh,0.16,0.14,0.16,0.14,asymmetric,False,taylor_virial_plus_0p5dex,Taylor virial calibration sensitivity: MBH +0.5 dex,taylor_virial_calibration_sensitivity,taylor24_ceers_rubies_blagn_only,0.5,7.560555663620944,7.649736882385946,7.7893278598236595,7.947367100251113,8.056287969860756,seed1e2,2.0,100.0,0.7025140785007894,0.713781129045784,0.7314168893571591,0.7513833815698384,0.7651443164425767,0.0
expanded-blagn-v1,measurement,CEERS746_taylor24,CEERS746_taylor24,HZA-CEERS-746,CEERS-746,1,CEERS746_taylor24,True,only catalogue measurement in this release,5.623,1.011259266287056,CEERS,EGS,broad-line-agn,robust,individual_robust,taylor24_ceers_rubies_blagn,Table 1 (Sample of BLAGN),The Astrophysical Journal 986:165 (2025); arXiv:2409.06772v2,https://iopscience.iop.org/article/10.3847/1538-4357/add15b,10.3847/1538-4357/add15b,single-epoch-virial-halpha-reines2013,1.0,lrd,0.0,formal_mbh_errors_exclude_virial_systematic;nominal_mass_uncorrected_for_dust,Nominal Table 1 mass and Halpha flux are uncorrected for dust; formal MBH errors exclude the approximately 0.5 dex virial-calibration systematic.,10000,20260808,30.0,0.1,1.0,True,split-normal-in-log-mbh,0.16,0.14,0.16,0.14,asymmetric,False,taylor_virial_plus_0p5dex,Taylor virial calibration sensitivity: MBH +0.5 dex,taylor_virial_calibration_sensitivity,taylor24_ceers_rubies_blagn_only,0.5,7.560555663620944,7.649736882385946,7.7893278598236595,7.947367100251113,8.056287969860756,seed1e4,4.0,10000.0,0.44983642504364424,0.46110347558863873,0.478739235900014,0.4987057281126933,0.5124666629854315,0.0
expanded-blagn-v1,measurement,CEERS746_taylor24,CEERS746_taylor24,HZA-CEERS-746,CEERS-746,1,CEERS746_taylor24,True,only catalogue measurement in this release,5.623,1.011259266287056,CEERS,EGS,broad-line-agn,robust,individual_robust,taylor24_ceers_rubies_blagn,Table 1 (Sample of BLAGN),The Astrophysical Journal 986:165 (2025); arXiv:2409.06772v2,https://iopscience.iop.org/article/10.3847/1538-4357/add15b,10.3847/1538-4357/add15b,single-epoch-virial-halpha-reines2013,1.0,lrd,0.0,formal_mbh_errors_exclude_virial_systematic;nominal_mass_uncorrected_for_dust,Nominal Table 1 mass and Halpha flux are uncorrected for dust; formal MBH errors exclude the approximately 0.5 dex virial-calibration systematic.,10000,20260808,30.0,0.1,1.0,True,split-normal-in-log-mbh,0.16,0.14,0.16,0.14,asymmetric,False,taylor_virial_plus_0p5dex,Taylor virial calibration sensitivity: MBH +0.5 dex,taylor_virial_calibration_sensitivity,taylor24_ceers_rubies_blagn_only,0.5,7.560555663620944,7.649736882385946,7.7893278598236595,7.947367100251113,8.056287969860756,seed1e5,5.0,100000.0,0.32349759831507163,0.3347646488600662,0.35240040917144144,0.3723669013841208,0.3861278362568591,0.0
expanded-blagn-v1,measurement,GN1093_juodzbalis25,GN1093_juodzbalis25,HZA-GN-1093,GN-1093,1,GN1093_juodzbalis25,True,only catalogue measurement in this release,5.594,1.017921041692968,JADES,,broad-line-agn,robust,individual_robust,juodzbalis25_jades_blagn,"Table 2 (BH/Lbol/lambda_Edd), Table 5 (Mstar)",,,,single-epoch-virial-halpha,,not_reported_by_source,,,Robust sample; Mstar uses BEAGLE value.,10000,20260808,30.0,0.1,1.0,True,split-normal-in-log-mbh,0.34,0.33,0.34,0.33,asymmetric,False,baseline,reported MBH,none,all_sources,0.0,6.602574742626167,6.811695441489577,7.138522273198806,7.471502363922182,7.692802438621459,seed1e2,2.0,100.0,0.5772638632407153,0.6034921874418363,0.6444834434307705,0.6862464531159849,0.7140023382889592,0.0
expanded-blagn-v1,measurement,GN1093_juodzbalis25,GN1093_juodzbalis25,HZA-GN-1093,GN-1093,1,GN1093_juodzbalis25,True,only catalogue measurement in this release,5.594,1.017921041692968,JADES,,broad-line-agn,robust,individual_robust,juodzbalis25_jades_blagn,"Table 2 (BH/Lbol/lambda_Edd), Table 5 (Mstar)",,,,single-epoch-virial-halpha,,not_reported_by_source,,,Robust sample; Mstar uses BEAGLE value.,10000,20260808,30.0,0.1,1.0,True,split-normal-in-log-mbh,0.34,0.33,0.34,0.33,asymmetric,False,baseline,reported MBH,none,all_sources,0.0,6.602574742626167,6.811695441489577,7.138522273198806,7.471502363922182,7.692802438621459,seed1e4,4.0,10000.0,0.32641997888422297,0.35264830308534395,0.39363955907427817,0.4354025687594927,0.4631584539324669,0.0
expanded-blagn-v1,measurement,GN1093_juodzbalis25,GN1093_juodzbalis25,HZA-GN-1093,GN-1093,1,GN1093_juodzbalis25,True,only catalogue measurement in this release,5.594,1.017921041692968,JADES,,broad-line-agn,robust,individual_robust,juodzbalis25_jades_blagn,"Table 2 (BH/Lbol/lambda_Edd), Table 5 (Mstar)",,,,single-epoch-virial-halpha,,not_reported_by_source,,,Robust sample; Mstar uses BEAGLE value.,10000,20260808,30.0,0.1,1.0,True,split-normal-in-log-mbh,0.34,0.33,0.34,0.33,asymmetric,False,baseline,reported MBH,none,all_sources,0.0,6.602574742626167,6.811695441489577,7.138522273198806,7.471502363922182,7.692802438621459,seed1e5,5.0,100000.0,0.20099803670597682,0.2272263609070978,0.2682176168960321,0.3099806265812466,0.3377365117542208,0.0
expanded-blagn-v1,measurement,GN1093_juodzbalis25,GN1093_juodzbalis25,HZA-GN-1093,GN-1093,1,GN1093_juodzbalis25,True,only catalogue measurement in this release,5.594,1.017921041692968,JADES,,broad-line-agn,robust,individual_robust,juodzbalis25_jades_blagn,"Table 2 (BH/Lbol/lambda_Edd), Table 5 (Mstar)",,,,single-epoch-virial-halpha,,not_reported_by_source,,,Robust sample; Mstar uses BEAGLE value.,10000,20260808,30.0,0.1,1.0,True,split-normal-in-log-mbh,0.34,0.33,0.34,0.33,asymmetric,False,mbh_minus_0p3dex,MBH -0.3 dex,global_comparison,all_sources,-0.3,6.302574742626168,6.511695441489577,6.838522273198805,7.171502363922182,7.392802438621459,seed1e2,2.0,100.0,0.5396372805872415,0.5658656047883625,0.6068568607772966,0.6486198704625112,0.6763757556354854,0.0
expanded-blagn-v1,measurement,GN1093_juodzbalis25,GN1093_juodzbalis25,HZA-GN-1093,GN-1093,1,GN1093_juodzbalis25,True,only catalogue measurement in this release,5.594,1.017921041692968,JADES,,broad-line-agn,robust,individual_robust,juodzbalis25_jades_blagn,"Table 2 (BH/Lbol/lambda_Edd), Table 5 (Mstar)",,,,single-epoch-virial-halpha,,not_reported_by_source,,,Robust sample; Mstar uses BEAGLE value.,10000,20260808,30.0,0.1,1.0,True,split-normal-in-log-mbh,0.34,0.33,0.34,0.33,asymmetric,False,mbh_minus_0p3dex,MBH -0.3 dex,global_comparison,all_sources,-0.3,6.302574742626168,6.511695441489577,6.838522273198805,7.171502363922182,7.392802438621459,seed1e4,4.0,10000.0,0.2887933962307491,0.3150217204318701,0.3560129764208043,0.3977759861060189,0.42553187127899306,0.0
expanded-blagn-v1,measurement,GN1093_juodzbalis25,GN1093_juodzbalis25,HZA-GN-1093,GN-1093,1,GN1093_juodzbalis25,True,only catalogue measurement in this release,5.594,1.017921041692968,JADES,,broad-line-agn,robust,individual_robust,juodzbalis25_jades_blagn,"Table 2 (BH/Lbol/lambda_Edd), Table 5 (Mstar)",,,,single-epoch-virial-halpha,,not_reported_by_source,,,Robust sample; Mstar uses BEAGLE value.,10000,20260808,30.0,0.1,1.0,True,split-normal-in-log-mbh,0.34,0.33,0.34,0.33,asymmetric,False,mbh_minus_0p3dex,MBH -0.3 dex,global_comparison,all_sources,-0.3,6.302574742626168,6.511695441489577,6.838522273198805,7.171502363922182,7.392802438621459,seed1e5,5.0,100000.0,0.16337145405250297,0.189599778253624,0.23059103424255822,0.27235404392777274,0.30010992910074696,0.0
expanded-blagn-v1,measurement,GN1093_juodzbalis25,GN1093_juodzbalis25,HZA-GN-1093,GN-1093,1,GN1093_juodzbalis25,True,only catalogue measurement in this release,5.594,1.017921041692968,JADES,,broad-line-agn,robust,individual_robust,juodzbalis25_jades_blagn,"Table 2 (BH/Lbol/lambda_Edd), Table 5 (Mstar)",,,,single-epoch-virial-halpha,,not_reported_by_source,,,Robust sample; Mstar uses BEAGLE value.,10000,20260808,30.0,0.1,1.0,True,split-normal-in-log-mbh,0.34,0.33,0.34,0.33,asymmetric,False,mbh_plus_0p3dex,MBH +0.3 dex,global_comparison,all_sources,0.3,6.902574742626167,7.1116954414895766,7.438522273198805,7.771502363922182,7.9928024386214584,seed1e2,2.0,100.0,0.6148904458941891,0.64111877009531,0.6821100260842442,0.7238730357694587,0.7516289209424332,0.0
expanded-blagn-v1,measurement,GN1093_juodzbalis25,GN1093_juodzbalis25,HZA-GN-1093,GN-1093,1,GN1093_juodzbalis25,True,only catalogue measurement in this release,5.594,1.017921041692968,JADES,,broad-line-agn,robust,individual_robust,juodzbalis25_jades_blagn,"Table 2 (BH/Lbol/lambda_Edd), Table 5 (Mstar)",,,,single-epoch-virial-halpha,,not_reported_by_source,,,Robust sample; Mstar uses BEAGLE value.,10000,20260808,30.0,0.1,1.0,True,split-normal-in-log-mbh,0.34,0.33,0.34,0.33,asymmetric,False,mbh_plus_0p3dex,MBH +0.3 dex,global_comparison,all_sources,0.3,6.902574742626167,7.1116954414895766,7.438522273198805,7.771502363922182,7.9928024386214584,seed1e4,4.0,10000.0,0.36404656153769677,0.39027488573881775,0.431266141727752,0.4730291514129666,0.5007850365859409,0.0
expanded-blagn-v1,measurement,GN1093_juodzbalis25,GN1093_juodzbalis25,HZA-GN-1093,GN-1093,1,GN1093_juodzbalis25,True,only catalogue measurement in this release,5.594,1.017921041692968,JADES,,broad-line-agn,robust,individual_robust,juodzbalis25_jades_blagn,"Table 2 (BH/Lbol/lambda_Edd), Table 5 (Mstar)",,,,single-epoch-virial-halpha,,not_reported_by_source,,,Robust sample; Mstar uses BEAGLE value.,10000,20260808,30.0,0.1,1.0,True,split-normal-in-log-mbh,0.34,0.33,0.34,0.33,asymmetric,False,mbh_plus_0p3dex,MBH +0.3 dex,global_comparison,all_sources,0.3,6.902574742626167,7.1116954414895766,7.438522273198805,7.771502363922182,7.9928024386214584,seed1e5,5.0,100000.0,0.23862461935945062,0.2648529435605716,0.3058441995495059,0.3476072092347204,0.37536309440769466,0.0
expanded-blagn-v1,measurement,GN11836_juodzbalis25,GN11836_juodzbalis25,HZA-GN-11836,GN-11836,1,GN11836_juodzbalis25,True,only catalogue measurement in this release,4.409,1.3687364986748385,JADES,,broad-line-agn,robust,individual_robust,juodzbalis25_jades_blagn,"Table 2 (BH/Lbol/lambda_Edd), Table 5 (Mstar)",,,,single-epoch-virial-halpha,,not_reported_by_source,,,Robust sample; Mstar uses BEAGLE value; published Table 2 MBH/Lbol/lambda_Edd triplet is internally inconsistent and is preserved verbatim pending source clarification.,10000,20260808,30.0,0.1,1.0,True,split-normal-in-log-mbh,0.32,0.32,0.32,0.32,symmetric_reported,False,baseline,reported MBH,none,all_sources,0.0,5.532445425648882,5.737382962327552,6.058034278388423,6.3761700709218605,6.594797475807034,seed1e2,2.0,100.0,0.32054187073818546,0.3391383537622337,0.3682349597447401,0.39710330158719365,0.41694203337557084,0.0
expanded-blagn-v1,measurement,GN11836_juodzbalis25,GN11836_juodzbalis25,HZA-GN-11836,GN-11836,1,GN11836_juodzbalis25,True,only catalogue measurement in this release,4.409,1.3687364986748385,JADES,,broad-line-agn,robust,individual_robust,juodzbalis25_jades_blagn,"Table 2 (BH/Lbol/lambda_Edd), Table 5 (Mstar)",,,,single-epoch-virial-halpha,,not_reported_by_source,,,Robust sample; Mstar uses BEAGLE value; published Table 2 MBH/Lbol/lambda_Edd triplet is internally inconsistent and is preserved verbatim pending source clarification.,10000,20260808,30.0,0.1,1.0,True,split-normal-in-log-mbh,0.32,0.32,0.32,0.32,symmetric_reported,False,baseline,reported MBH,none,all_sources,0.0,5.532445425648882,5.737382962327552,6.058034278388423,6.3761700709218605,6.594797475807034,seed1e4,4.0,10000.0,0.13905746992579107,0.1576539529498393,0.18675055893234574,0.21561890077479925,0.2354576325631764,0.0
expanded-blagn-v1,measurement,GN11836_juodzbalis25,GN11836_juodzbalis25,HZA-GN-11836,GN-11836,1,GN11836_juodzbalis25,True,only catalogue measurement in this release,4.409,1.3687364986748385,JADES,,broad-line-agn,robust,individual_robust,juodzbalis25_jades_blagn,"Table 2 (BH/Lbol/lambda_Edd), Table 5 (Mstar)",,,,single-epoch-virial-halpha,,not_reported_by_source,,,Robust sample; Mstar uses BEAGLE value; published Table 2 MBH/Lbol/lambda_Edd triplet is internally inconsistent and is preserved verbatim pending source clarification.,10000,20260808,30.0,0.1,1.0,True,split-normal-in-log-mbh,0.32,0.32,0.32,0.32,symmetric_reported,False,baseline,reported MBH,none,all_sources,0.0,5.532445425648882,5.737382962327552,6.058034278388423,6.3761700709218605,6.594797475807034,seed1e5,5.0,100000.0,0.048315269519593855,0.0669117525436421,0.09600835852614853,0.12487670036860209,0.14471543215697924,0.0
expanded-blagn-v1,measurement,GN11836_juodzbalis25,GN11836_juodzbalis25,HZA-GN-11836,GN-11836,1,GN11836_juodzbalis25,True,only catalogue measurement in this release,4.409,1.3687364986748385,JADES,,broad-line-agn,robust,individual_robust,juodzbalis25_jades_blagn,"Table 2 (BH/Lbol/lambda_Edd), Table 5 (Mstar)",,,,single-epoch-virial-halpha,,not_reported_by_source,,,Robust sample; Mstar uses BEAGLE value; published Table 2 MBH/Lbol/lambda_Edd triplet is internally inconsistent and is preserved verbatim pending source clarification.,10000,20260808,30.0,0.1,1.0,True,split-normal-in-log-mbh,0.32,0.32,0.32,0.32,symmetric_reported,False,mbh_minus_0p3dex,MBH -0.3 dex,global_comparison,all_sources,-0.3,5.232445425648883,5.437382962327552,5.758034278388424,6.076170070921861,6.294797475807034,seed1e2,2.0,100.0,0.2933192106163263,0.3119156936403745,0.34101229962288093,0.36988064146533456,0.3897193732537117,0.0
expanded-blagn-v1,measurement,GN11836_juodzbalis25,GN11836_juodzbalis25,HZA-GN-11836,GN-11836,1,GN11836_juodzbalis25,True,only catalogue measurement in this release,4.409,1.3687364986748385,JADES,,broad-line-agn,robust,individual_robust,juodzbalis25_jades_blagn,"Table 2 (BH/Lbol/lambda_Edd), Table 5 (Mstar)",,,,single-epoch-virial-halpha,,not_reported_by_source,,,Robust sample; Mstar uses BEAGLE value; published Table 2 MBH/Lbol/lambda_Edd triplet is internally inconsistent and is preserved verbatim pending source clarification.,10000,20260808,30.0,0.1,1.0,True,split-normal-in-log-mbh,0.32,0.32,0.32,0.32,symmetric_reported,False,mbh_minus_0p3dex,MBH -0.3 dex,global_comparison,all_sources,-0.3,5.232445425648883,5.437382962327552,5.758034278388424,6.076170070921861,6.294797475807034,seed1e4,4.0,10000.0,0.1118348098039319,0.13043129282798016,0.15952789881048657,0.18839624065294014,0.20823497244131728,0.0
expanded-blagn-v1,measurement,GN11836_juodzbalis25,GN11836_juodzbalis25,HZA-GN-11836,GN-11836,1,GN11836_juodzbalis25,True,only catalogue measurement in this release,4.409,1.3687364986748385,JADES,,broad-line-agn,robust,individual_robust,juodzbalis25_jades_blagn,"Table 2 (BH/Lbol/lambda_Edd), Table 5 (Mstar)",,,,single-epoch-virial-halpha,,not_reported_by_source,,,Robust sample; Mstar uses BEAGLE value; published Table 2 MBH/Lbol/lambda_Edd triplet is internally inconsistent and is preserved verbatim pending source clarification.,10000,20260808,30.0,0.1,1.0,True,split-normal-in-log-mbh,0.32,0.32,0.32,0.32,symmetric_reported,False,mbh_minus_0p3dex,MBH -0.3 dex,global_comparison,all_sources,-0.3,5.232445425648883,5.437382962327552,5.758034278388424,6.076170070921861,6.294797475807034,seed1e5,5.0,100000.0,0.0210926093977347,0.039689092421782944,0.06878569840428939,0.09765404024674293,0.1174927720351201,0.0
expanded-blagn-v1,measurement,GN11836_juodzbalis25,GN11836_juodzbalis25,HZA-GN-11836,GN-11836,1,GN11836_juodzbalis25,True,only catalogue measurement in this release,4.409,1.3687364986748385,JADES,,broad-line-agn,robust,individual_robust,juodzbalis25_jades_blagn,"Table 2 (BH/Lbol/lambda_Edd), Table 5 (Mstar)",,,,single-epoch-virial-halpha,,not_reported_by_source,,,Robust sample; Mstar uses BEAGLE value; published Table 2 MBH/Lbol/lambda_Edd triplet is internally inconsistent and is preserved verbatim pending source clarification.,10000,20260808,30.0,0.1,1.0,True,split-normal-in-log-mbh,0.32,0.32,0.32,0.32,symmetric_reported,False,mbh_plus_0p3dex,MBH +0.3 dex,global_comparison,all_sources,0.3,5.832445425648882,6.037382962327552,6.358034278388423,6.67617007092186,6.894797475807033,seed1e2,2.0,100.0,0.34776453086004455,0.36636101388409276,0.39545761986659933,0.42432596170905285,0.44416469349742993,0.0
expanded-blagn-v1,measurement,GN11836_juodzbalis25,GN11836_juodzbalis25,HZA-GN-11836,GN-11836,1,GN11836_juodzbalis25,True,only catalogue measurement in this release,4.409,1.3687364986748385,JADES,,broad-line-agn,robust,individual_robust,juodzbalis25_jades_blagn,"Table 2 (BH/Lbol/lambda_Edd), Table 5 (Mstar)",,,,single-epoch-virial-halpha,,not_reported_by_source,,,Robust sample; Mstar uses BEAGLE value; published Table 2 MBH/Lbol/lambda_Edd triplet is internally inconsistent and is preserved verbatim pending source clarification.,10000,20260808,30.0,0.1,1.0,True,split-normal-in-log-mbh,0.32,0.32,0.32,0.32,symmetric_reported,False,mbh_plus_0p3dex,MBH +0.3 dex,global_comparison,all_sources,0.3,5.832445425648882,6.037382962327552,6.358034278388423,6.67617007092186,6.894797475807033,seed1e4,4.0,10000.0,0.16628013004765022,0.18487661307169845,0.21397321905420488,0.24284156089665843,0.26268029268503557,0.0
expanded-blagn-v1,measurement,GN11836_juodzbalis25,GN11836_juodzbalis25,HZA-GN-11836,GN-11836,1,GN11836_juodzbalis25,True,only catalogue measurement in this release,4.409,1.3687364986748385,JADES,,broad-line-agn,robust,individual_robust,juodzbalis25_jades_blagn,"Table 2 (BH/Lbol/lambda_Edd), Table 5 (Mstar)",,,,single-epoch-virial-halpha,,not_reported_by_source,,,Robust sample; Mstar uses BEAGLE value; published Table 2 MBH/Lbol/lambda_Edd triplet is internally inconsistent and is preserved verbatim pending source clarification.,10000,20260808,30.0,0.1,1.0,True,split-normal-in-log-mbh,0.32,0.32,0.32,0.32,symmetric_reported,False,mbh_plus_0p3dex,MBH +0.3 dex,global_comparison,all_sources,0.3,5.832445425648882,6.037382962327552,6.358034278388423,6.67617007092186,6.894797475807033,seed1e5,5.0,100000.0,0.07553792964145299,0.09413441266550124,0.12323101864800767,0.1520993604904612,0.17193809227883838,0.0
expanded-blagn-v1,measurement,GN20621_juodzbalis25,GN20621_juodzbalis25,HZA-GN-20621,GN-20621,1,GN20621_juodzbalis25,True,only catalogue measurement in this release,4.682,1.2716827949057186,JADES,,broad-line-agn,robust,individual_robust,juodzbalis25_jades_blagn,"Table 2 (BH/Lbol/lambda_Edd), Table 5 (Mstar)",,,,single-epoch-virial-halpha,,not_reported_by_source,,,Robust sample; Mstar uses BEAGLE value.,10000,20260808,30.0,0.1,1.0,True,split-normal-in-log-mbh,0.35,0.34,0.35,0.34,asymmetric,False,baseline,reported MBH,none,all_sources,0.0,6.489481181098866,6.715144119555977,7.0509955843366505,7.398826812626034,7.622333121991758,seed1e2,2.0,100.0,0.4411298359222284,0.46330314526461164,0.4963034175848702,0.5304808038962137,0.5524422060273063,0.0
expanded-blagn-v1,measurement,GN20621_juodzbalis25,GN20621_juodzbalis25,HZA-GN-20621,GN-20621,1,GN20621_juodzbalis25,True,only catalogue measurement in this release,4.682,1.2716827949057186,JADES,,broad-line-agn,robust,individual_robust,juodzbalis25_jades_blagn,"Table 2 (BH/Lbol/lambda_Edd), Table 5 (Mstar)",,,,single-epoch-virial-halpha,,not_reported_by_source,,,Robust sample; Mstar uses BEAGLE value.,10000,20260808,30.0,0.1,1.0,True,split-normal-in-log-mbh,0.35,0.34,0.35,0.34,asymmetric,False,baseline,reported MBH,none,all_sources,0.0,6.489481181098866,6.715144119555977,7.0509955843366505,7.398826812626034,7.622333121991758,seed1e4,4.0,10000.0,0.2446127694160022,0.26678607875838545,0.29978635107864393,0.3339637373899875,0.35592513952108007,0.0
expanded-blagn-v1,measurement,GN20621_juodzbalis25,GN20621_juodzbalis25,HZA-GN-20621,GN-20621,1,GN20621_juodzbalis25,True,only catalogue measurement in this release,4.682,1.2716827949057186,JADES,,broad-line-agn,robust,individual_robust,juodzbalis25_jades_blagn,"Table 2 (BH/Lbol/lambda_Edd), Table 5 (Mstar)",,,,single-epoch-virial-halpha,,not_reported_by_source,,,Robust sample; Mstar uses BEAGLE value.,10000,20260808,30.0,0.1,1.0,True,split-normal-in-log-mbh,0.35,0.34,0.35,0.34,asymmetric,False,baseline,reported MBH,none,all_sources,0.0,6.489481181098866,6.715144119555977,7.0509955843366505,7.398826812626034,7.622333121991758,seed1e5,5.0,100000.0,0.1463542361628891,0.16852754550527238,0.20152781782553092,0.2357052041368744,0.257666606267967,0.0
expanded-blagn-v1,measurement,GN20621_juodzbalis25,GN20621_juodzbalis25,HZA-GN-20621,GN-20621,1,GN20621_juodzbalis25,True,only catalogue measurement in this release,4.682,1.2716827949057186,JADES,,broad-line-agn,robust,individual_robust,juodzbalis25_jades_blagn,"Table 2 (BH/Lbol/lambda_Edd), Table 5 (Mstar)",,,,single-epoch-virial-halpha,,not_reported_by_source,,,Robust sample; Mstar uses BEAGLE value.,10000,20260808,30.0,0.1,1.0,True,split-normal-in-log-mbh,0.35,0.34,0.35,0.34,asymmetric,False,mbh_minus_0p3dex,MBH -0.3 dex,global_comparison,all_sources,-0.3,6.189481181098866,6.415144119555977,6.750995584336651,7.098826812626034,7.3223331219917585,seed1e2,2.0,100.0,0.41165227594629444,0.4338255852886777,0.46682585760893625,0.5010032439202797,0.5229646460513725,0.0
expanded-blagn-v1,measurement,GN20621_juodzbalis25,GN20621_juodzbalis25,HZA-GN-20621,GN-20621,1,GN20621_juodzbalis25,True,only catalogue measurement in this release,4.682,1.2716827949057186,JADES,,broad-line-agn,robust,individual_robust,juodzbalis25_jades_blagn,"Table 2 (BH/Lbol/lambda_Edd), Table 5 (Mstar)",,,,single-epoch-virial-halpha,,not_reported_by_source,,,Robust sample; Mstar uses BEAGLE value.,10000,20260808,30.0,0.1,1.0,True,split-normal-in-log-mbh,0.35,0.34,0.35,0.34,asymmetric,False,mbh_minus_0p3dex,MBH -0.3 dex,global_comparison,all_sources,-0.3,6.189481181098866,6.415144119555977,6.750995584336651,7.098826812626034,7.3223331219917585,seed1e4,4.0,10000.0,0.21513520944006828,0.23730851878245152,0.2703087911027101,0.3044861774140536,0.32644757954514614,0.0
expanded-blagn-v1,measurement,GN20621_juodzbalis25,GN20621_juodzbalis25,HZA-GN-20621,GN-20621,1,GN20621_juodzbalis25,True,only catalogue measurement in this release,4.682,1.2716827949057186,JADES,,broad-line-agn,robust,individual_robust,juodzbalis25_jades_blagn,"Table 2 (BH/Lbol/lambda_Edd), Table 5 (Mstar)",,,,single-epoch-virial-halpha,,not_reported_by_source,,,Robust sample; Mstar uses BEAGLE value.,10000,20260808,30.0,0.1,1.0,True,split-normal-in-log-mbh,0.35,0.34,0.35,0.34,asymmetric,False,mbh_minus_0p3dex,MBH -0.3 dex,global_comparison,all_sources,-0.3,6.189481181098866,6.415144119555977,6.750995584336651,7.098826812626034,7.3223331219917585,seed1e5,5.0,100000.0,0.11687667618695521,0.13904998552933845,0.172050257849597,0.20622764416094047,0.22818904629203307,0.0
expanded-blagn-v1,measurement,GN20621_juodzbalis25,GN20621_juodzbalis25,HZA-GN-20621,GN-20621,1,GN20621_juodzbalis25,True,only catalogue measurement in this release,4.682,1.2716827949057186,JADES,,broad-line-agn,robust,individual_robust,juodzbalis25_jades_blagn,"Table 2 (BH/Lbol/lambda_Edd), Table 5 (Mstar)",,,,single-epoch-virial-halpha,,not_reported_by_source,,,Robust sample; Mstar uses BEAGLE value.,10000,20260808,30.0,0.1,1.0,True,split-normal-in-log-mbh,0.35,0.34,0.35,0.34,asymmetric,False,mbh_plus_0p3dex,MBH +0.3 dex,global_comparison,all_sources,0.3,6.789481181098866,7.015144119555977,7.35099558433665,7.6988268126260335,7.922333121991758,seed1e2,2.0,100.0,0.4706073958981623,0.49278070524054546,0.525780977560804,0.5599583638721476,0.5819197660032402,0.0
expanded-blagn-v1,measurement,GN20621_juodzbalis25,GN20621_juodzbalis25,HZA-GN-20621,GN-20621,1,GN20621_juodzbalis25,True,only catalogue measurement in this release,4.682,1.2716827949057186,JADES,,broad-line-agn,robust,individual_robust,juodzbalis25_jades_blagn,"Table 2 (BH/Lbol/lambda_Edd), Table 5 (Mstar)",,,,single-epoch-virial-halpha,,not_reported_by_source,,,Robust sample; Mstar uses BEAGLE value.,10000,20260808,30.0,0.1,1.0,True,split-normal-in-log-mbh,0.35,0.34,0.35,0.34,asymmetric,False,mbh_plus_0p3dex,MBH +0.3 dex,global_comparison,all_sources,0.3,6.789481181098866,7.015144119555977,7.35099558433665,7.6988268126260335,7.922333121991758,seed1e4,4.0,10000.0,0.2740903293919361,0.2962636387343194,0.32926391105457786,0.3634412973659214,0.385402699497014,0.0
expanded-blagn-v1,measurement,GN20621_juodzbalis25,GN20621_juodzbalis25,HZA-GN-20621,GN-20621,1,GN20621_juodzbalis25,True,only catalogue measurement in this release,4.682,1.2716827949057186,JADES,,broad-line-agn,robust,individual_robust,juodzbalis25_jades_blagn,"Table 2 (BH/Lbol/lambda_Edd), Table 5 (Mstar)",,,,single-epoch-virial-halpha,,not_reported_by_source,,,Robust sample; Mstar uses BEAGLE value.,10000,20260808,30.0,0.1,1.0,True,split-normal-in-log-mbh,0.35,0.34,0.35,0.34,asymmetric,False,mbh_plus_0p3dex,MBH +0.3 dex,global_comparison,all_sources,0.3,6.789481181098866,7.015144119555977,7.35099558433665,7.6988268126260335,7.922333121991758,seed1e5,5.0,100000.0,0.17583179613882302,0.1980051054812063,0.23100537780146482,0.26518276411280833,0.28714416624390093,0.0
expanded-blagn-v1,measurement,GN38509_juodzbalis25,GN38509_juodzbalis25,HZA-GN-38509,GN-38509,1,GN38509_juodzbalis25,True,only catalogue measurement in this release,6.678,0.8105236210227595,JADES,,broad-line-agn,robust,individual_robust,juodzbalis25_jades_blagn,"Table 2 (BH/Lbol/lambda_Edd), Table 5 (Mstar)",,,,single-epoch-virial-halpha,,not_reported_by_source,,,Robust sample; Mstar uses BEAGLE value.,10000,20260808,30.0,0.1,1.0,True,split-normal-in-log-mbh,0.37,0.38,0.37,0.38,asymmetric,False,baseline,reported MBH,none,all_sources,0.0,7.943703696463549,8.186450479505087,8.56898282638672,8.934019912763638,9.167269397657785,seed1e2,2.0,100.0,0.9630647325471645,1.002397256109145,1.064379385628723,1.123526739183806,1.1613204052644353,0.8508
expanded-blagn-v1,measurement,GN38509_juodzbalis25,GN38509_juodzbalis25,HZA-GN-38509,GN-38509,1,GN38509_juodzbalis25,True,only catalogue measurement in this release,6.678,0.8105236210227595,JADES,,broad-line-agn,robust,individual_robust,juodzbalis25_jades_blagn,"Table 2 (BH/Lbol/lambda_Edd), Table 5 (Mstar)",,,,single-epoch-virial-halpha,,not_reported_by_source,,,Robust sample; Mstar uses BEAGLE value.,10000,20260808,30.0,0.1,1.0,True,split-normal-in-log-mbh,0.37,0.38,0.37,0.38,asymmetric,False,baseline,reported MBH,none,all_sources,0.0,7.943703696463549,8.186450479505087,8.56898282638672,8.934019912763638,9.167269397657785,seed1e4,4.0,10000.0,0.6390025714000066,0.678335094961987,0.740317224481565,0.7994645780366482,0.8372582441172775,0.0
expanded-blagn-v1,measurement,GN38509_juodzbalis25,GN38509_juodzbalis25,HZA-GN-38509,GN-38509,1,GN38509_juodzbalis25,True,only catalogue measurement in this release,6.678,0.8105236210227595,JADES,,broad-line-agn,robust,individual_robust,juodzbalis25_jades_blagn,"Table 2 (BH/Lbol/lambda_Edd), Table 5 (Mstar)",,,,single-epoch-virial-halpha,,not_reported_by_source,,,Robust sample; Mstar uses BEAGLE value.,10000,20260808,30.0,0.1,1.0,True,split-normal-in-log-mbh,0.37,0.38,0.37,0.38,asymmetric,False,baseline,reported MBH,none,all_sources,0.0,7.943703696463549,8.186450479505087,8.56898282638672,8.934019912763638,9.167269397657785,seed1e5,5.0,100000.0,0.4769714908264276,0.516304014388408,0.578286143907986,0.6374334974630691,0.6752271635436985,0.0
expanded-blagn-v1,measurement,GN38509_juodzbalis25,GN38509_juodzbalis25,HZA-GN-38509,GN-38509,1,GN38509_juodzbalis25,True,only catalogue measurement in this release,6.678,0.8105236210227595,JADES,,broad-line-agn,robust,individual_robust,juodzbalis25_jades_blagn,"Table 2 (BH/Lbol/lambda_Edd), Table 5 (Mstar)",,,,single-epoch-virial-halpha,,not_reported_by_source,,,Robust sample; Mstar uses BEAGLE value.,10000,20260808,30.0,0.1,1.0,True,split-normal-in-log-mbh,0.37,0.38,0.37,0.38,asymmetric,False,mbh_minus_0p3dex,MBH -0.3 dex,global_comparison,all_sources,-0.3,7.643703696463549,7.886450479505087,8.268982826386718,8.634019912763637,8.867269397657784,seed1e2,2.0,100.0,0.9144554083750908,0.9537879319370713,1.015770061456649,1.0749174150117322,1.1127110810923613,0.6029
expanded-blagn-v1,measurement,GN38509_juodzbalis25,GN38509_juodzbalis25,HZA-GN-38509,GN-38509,1,GN38509_juodzbalis25,True,only catalogue measurement in this release,6.678,0.8105236210227595,JADES,,broad-line-agn,robust,individual_robust,juodzbalis25_jades_blagn,"Table 2 (BH/Lbol/lambda_Edd), Table 5 (Mstar)",,,,single-epoch-virial-halpha,,not_reported_by_source,,,Robust sample; Mstar uses BEAGLE value.,10000,20260808,30.0,0.1,1.0,True,split-normal-in-log-mbh,0.37,0.38,0.37,0.38,asymmetric,False,mbh_minus_0p3dex,MBH -0.3 dex,global_comparison,all_sources,-0.3,7.643703696463549,7.886450479505087,8.268982826386718,8.634019912763637,8.867269397657784,seed1e4,4.0,10000.0,0.5903932472279328,0.6297257707899133,0.6917079003094913,0.7508552538645743,0.7886489199452035,0.0
expanded-blagn-v1,measurement,GN38509_juodzbalis25,GN38509_juodzbalis25,HZA-GN-38509,GN-38509,1,GN38509_juodzbalis25,True,only catalogue measurement in this release,6.678,0.8105236210227595,JADES,,broad-line-agn,robust,individual_robust,juodzbalis25_jades_blagn,"Table 2 (BH/Lbol/lambda_Edd), Table 5 (Mstar)",,,,single-epoch-virial-halpha,,not_reported_by_source,,,Robust sample; Mstar uses BEAGLE value.,10000,20260808,30.0,0.1,1.0,True,split-normal-in-log-mbh,0.37,0.38,0.37,0.38,asymmetric,False,mbh_minus_0p3dex,MBH -0.3 dex,global_comparison,all_sources,-0.3,7.643703696463549,7.886450479505087,8.268982826386718,8.634019912763637,8.867269397657784,seed1e5,5.0,100000.0,0.42836216665435395,0.46769469021633436,0.5296768197359123,0.5888241732909955,0.6266178393716247,0.0
expanded-blagn-v1,measurement,GN38509_juodzbalis25,GN38509_juodzbalis25,HZA-GN-38509,GN-38509,1,GN38509_juodzbalis25,True,only catalogue measurement in this release,6.678,0.8105236210227595,JADES,,broad-line-agn,robust,individual_robust,juodzbalis25_jades_blagn,"Table 2 (BH/Lbol/lambda_Edd), Table 5 (Mstar)",,,,single-epoch-virial-halpha,,not_reported_by_source,,,Robust sample; Mstar uses BEAGLE value.,10000,20260808,30.0,0.1,1.0,True,split-normal-in-log-mbh,0.37,0.38,0.37,0.38,asymmetric,False,mbh_plus_0p3dex,MBH +0.3 dex,global_comparison,all_sources,0.3,8.24370369646355,8.486450479505088,8.86898282638672,9.234019912763639,9.467269397657786,seed1e2,2.0,100.0,1.0116740567192382,1.0510065802812187,1.1129887098007967,1.17213606335588,1.209929729436509,0.9663
expanded-blagn-v1,measurement,GN38509_juodzbalis25,GN38509_juodzbalis25,HZA-GN-38509,GN-38509,1,GN38509_juodzbalis25,True,only catalogue measurement in this release,6.678,0.8105236210227595,JADES,,broad-line-agn,robust,individual_robust,juodzbalis25_jades_blagn,"Table 2 (BH/Lbol/lambda_Edd), Table 5 (Mstar)",,,,single-epoch-virial-halpha,,not_reported_by_source,,,Robust sample; Mstar uses BEAGLE value.,10000,20260808,30.0,0.1,1.0,True,split-normal-in-log-mbh,0.37,0.38,0.37,0.38,asymmetric,False,mbh_plus_0p3dex,MBH +0.3 dex,global_comparison,all_sources,0.3,8.24370369646355,8.486450479505088,8.86898282638672,9.234019912763639,9.467269397657786,seed1e4,4.0,10000.0,0.6876118955720802,0.7269444191340608,0.7889265486536388,0.8480739022087218,0.8858675682893511,0.0001
expanded-blagn-v1,measurement,GN38509_juodzbalis25,GN38509_juodzbalis25,HZA-GN-38509,GN-38509,1,GN38509_juodzbalis25,True,only catalogue measurement in this release,6.678,0.8105236210227595,JADES,,broad-line-agn,robust,individual_robust,juodzbalis25_jades_blagn,"Table 2 (BH/Lbol/lambda_Edd), Table 5 (Mstar)",,,,single-epoch-virial-halpha,,not_reported_by_source,,,Robust sample; Mstar uses BEAGLE value.,10000,20260808,30.0,0.1,1.0,True,split-normal-in-log-mbh,0.37,0.38,0.37,0.38,asymmetric,False,mbh_plus_0p3dex,MBH +0.3 dex,global_comparison,all_sources,0.3,8.24370369646355,8.486450479505088,8.86898282638672,9.234019912763639,9.467269397657786,seed1e5,5.0,100000.0,0.5255808149985014,0.5649133385604818,0.6268954680800598,0.686042821635143,0.7238364877157721,0.0
expanded-blagn-v1,measurement,GN4685_juodzbalis25,GN4685_juodzbalis25,HZA-GN-4685,GN-4685,1,GN4685_juodzbalis25,True,only catalogue measurement in this release,7.415,0.7065452811411209,JADES,,broad-line-agn,tentative,stack_supported_tentative_hbeta,juodzbalis25_jades_blagn,"Table 2 (BH/Lbol/lambda_Edd), Table 5 (Mstar)",,,,single-epoch-virial-hbeta,,not_reported_by_source,,,Tentative broad-Hbeta sample; individual detection not formally significant; stack-supported; Mstar uses BEAGLE value.,10000,20260808,30.0,0.1,1.0,True,split-normal-in-log-mbh,0.45,0.42,0.45,0.42,asymmetric,False,baseline,reported MBH,none,all_sources,0.0,6.671778873625382,6.936329060824924,7.357263475307851,7.809916034816988,8.094211638712796,seed1e2,2.0,100.0,0.8867360861758659,0.9369495495995686,1.0168458258001727,1.1027624262802675,1.1567237069690395,0.5824
expanded-blagn-v1,measurement,GN4685_juodzbalis25,GN4685_juodzbalis25,HZA-GN-4685,GN-4685,1,GN4685_juodzbalis25,True,only catalogue measurement in this release,7.415,0.7065452811411209,JADES,,broad-line-agn,tentative,stack_supported_tentative_hbeta,juodzbalis25_jades_blagn,"Table 2 (BH/Lbol/lambda_Edd), Table 5 (Mstar)",,,,single-epoch-virial-hbeta,,not_reported_by_source,,,Tentative broad-Hbeta sample; individual detection not formally significant; stack-supported; Mstar uses BEAGLE value.,10000,20260808,30.0,0.1,1.0,True,split-normal-in-log-mbh,0.45,0.42,0.45,0.42,asymmetric,False,baseline,reported MBH,none,all_sources,0.0,6.671778873625382,6.936329060824924,7.357263475307851,7.809916034816988,8.094211638712796,seed1e4,4.0,10000.0,0.5071221916989883,0.557335655122691,0.637231931323295,0.72314853180339,0.7771098124921617,0.0
expanded-blagn-v1,measurement,GN4685_juodzbalis25,GN4685_juodzbalis25,HZA-GN-4685,GN-4685,1,GN4685_juodzbalis25,True,only catalogue measurement in this release,7.415,0.7065452811411209,JADES,,broad-line-agn,tentative,stack_supported_tentative_hbeta,juodzbalis25_jades_blagn,"Table 2 (BH/Lbol/lambda_Edd), Table 5 (Mstar)",,,,single-epoch-virial-hbeta,,not_reported_by_source,,,Tentative broad-Hbeta sample; individual detection not formally significant; stack-supported; Mstar uses BEAGLE value.,10000,20260808,30.0,0.1,1.0,True,split-normal-in-log-mbh,0.45,0.42,0.45,0.42,asymmetric,False,baseline,reported MBH,none,all_sources,0.0,6.671778873625382,6.936329060824924,7.357263475307851,7.809916034816988,8.094211638712796,seed1e5,5.0,100000.0,0.31731524446054954,0.3675287078842521,0.4474249840848563,0.5333415845649512,0.5873028652537231,0.0
expanded-blagn-v1,measurement,GN4685_juodzbalis25,GN4685_juodzbalis25,HZA-GN-4685,GN-4685,1,GN4685_juodzbalis25,True,only catalogue measurement in this release,7.415,0.7065452811411209,JADES,,broad-line-agn,tentative,stack_supported_tentative_hbeta,juodzbalis25_jades_blagn,"Table 2 (BH/Lbol/lambda_Edd), Table 5 (Mstar)",,,,single-epoch-virial-hbeta,,not_reported_by_source,,,Tentative broad-Hbeta sample; individual detection not formally significant; stack-supported; Mstar uses BEAGLE value.,10000,20260808,30.0,0.1,1.0,True,split-normal-in-log-mbh,0.45,0.42,0.45,0.42,asymmetric,False,mbh_minus_0p3dex,MBH -0.3 dex,global_comparison,all_sources,-0.3,6.371778873625382,6.636329060824925,7.0572634753078525,7.509916034816988,7.794211638712796,seed1e2,2.0,100.0,0.8297940020043344,0.880007465428037,0.9599037416286411,1.045820342108736,1.099781622797508,0.3208
expanded-blagn-v1,measurement,GN4685_juodzbalis25,GN4685_juodzbalis25,HZA-GN-4685,GN-4685,1,GN4685_juodzbalis25,True,only catalogue measurement in this release,7.415,0.7065452811411209,JADES,,broad-line-agn,tentative,stack_supported_tentative_hbeta,juodzbalis25_jades_blagn,"Table 2 (BH/Lbol/lambda_Edd), Table 5 (Mstar)",,,,single-epoch-virial-hbeta,,not_reported_by_source,,,Tentative broad-Hbeta sample; individual detection not formally significant; stack-supported; Mstar uses BEAGLE value.,10000,20260808,30.0,0.1,1.0,True,split-normal-in-log-mbh,0.45,0.42,0.45,0.42,asymmetric,False,mbh_minus_0p3dex,MBH -0.3 dex,global_comparison,all_sources,-0.3,6.371778873625382,6.636329060824925,7.0572634753078525,7.509916034816988,7.794211638712796,seed1e4,4.0,10000.0,0.45018010752745674,0.5003935709511593,0.5802898471517636,0.6662064476318584,0.7201677283206301,0.0
expanded-blagn-v1,measurement,GN4685_juodzbalis25,GN4685_juodzbalis25,HZA-GN-4685,GN-4685,1,GN4685_juodzbalis25,True,only catalogue measurement in this release,7.415,0.7065452811411209,JADES,,broad-line-agn,tentative,stack_supported_tentative_hbeta,juodzbalis25_jades_blagn,"Table 2 (BH/Lbol/lambda_Edd), Table 5 (Mstar)",,,,single-epoch-virial-hbeta,,not_reported_by_source,,,Tentative broad-Hbeta sample; individual detection not formally significant; stack-supported; Mstar uses BEAGLE value.,10000,20260808,30.0,0.1,1.0,True,split-normal-in-log-mbh,0.45,0.42,0.45,0.42,asymmetric,False,mbh_minus_0p3dex,MBH -0.3 dex,global_comparison,all_sources,-0.3,6.371778873625382,6.636329060824925,7.0572634753078525,7.509916034816988,7.794211638712796,seed1e5,5.0,100000.0,0.26037316028901786,0.3105866237127205,0.39048289991332474,0.4763995003934195,0.5303607810821914,0.0
expanded-blagn-v1,measurement,GN4685_juodzbalis25,GN4685_juodzbalis25,HZA-GN-4685,GN-4685,1,GN4685_juodzbalis25,True,only catalogue measurement in this release,7.415,0.7065452811411209,JADES,,broad-line-agn,tentative,stack_supported_tentative_hbeta,juodzbalis25_jades_blagn,"Table 2 (BH/Lbol/lambda_Edd), Table 5 (Mstar)",,,,single-epoch-virial-hbeta,,not_reported_by_source,,,Tentative broad-Hbeta sample; individual detection not formally significant; stack-supported; Mstar uses BEAGLE value.,10000,20260808,30.0,0.1,1.0,True,split-normal-in-log-mbh,0.45,0.42,0.45,0.42,asymmetric,False,mbh_plus_0p3dex,MBH +0.3 dex,global_comparison,all_sources,0.3,6.971778873625381,7.236329060824924,7.657263475307852,8.109916034816987,8.394211638712797,seed1e2,2.0,100.0,0.9436781703473974,0.9938916337711002,1.0737879099717045,1.1597045104517991,1.2136657911405713,0.82
expanded-blagn-v1,measurement,GN4685_juodzbalis25,GN4685_juodzbalis25,HZA-GN-4685,GN-4685,1,GN4685_juodzbalis25,True,only catalogue measurement in this release,7.415,0.7065452811411209,JADES,,broad-line-agn,tentative,stack_supported_tentative_hbeta,juodzbalis25_jades_blagn,"Table 2 (BH/Lbol/lambda_Edd), Table 5 (Mstar)",,,,single-epoch-virial-hbeta,,not_reported_by_source,,,Tentative broad-Hbeta sample; individual detection not formally significant; stack-supported; Mstar uses BEAGLE value.,10000,20260808,30.0,0.1,1.0,True,split-normal-in-log-mbh,0.45,0.42,0.45,0.42,asymmetric,False,mbh_plus_0p3dex,MBH +0.3 dex,global_comparison,all_sources,0.3,6.971778873625381,7.236329060824924,7.657263475307852,8.109916034816987,8.394211638712797,seed1e4,4.0,10000.0,0.5640642758705199,0.6142777392942226,0.6941740154948267,0.7800906159749216,0.8340518966636935,0.0002
expanded-blagn-v1,measurement,GN4685_juodzbalis25,GN4685_juodzbalis25,HZA-GN-4685,GN-4685,1,GN4685_juodzbalis25,True,only catalogue measurement in this release,7.415,0.7065452811411209,JADES,,broad-line-agn,tentative,stack_supported_tentative_hbeta,juodzbalis25_jades_blagn,"Table 2 (BH/Lbol/lambda_Edd), Table 5 (Mstar)",,,,single-epoch-virial-hbeta,,not_reported_by_source,,,Tentative broad-Hbeta sample; individual detection not formally significant; stack-supported; Mstar uses BEAGLE value.,10000,20260808,30.0,0.1,1.0,True,split-normal-in-log-mbh,0.45,0.42,0.45,0.42,asymmetric,False,mbh_plus_0p3dex,MBH +0.3 dex,global_comparison,all_sources,0.3,6.971778873625381,7.236329060824924,7.657263475307852,8.109916034816987,8.394211638712797,seed1e5,5.0,100000.0,0.3742573286320811,0.42447079205578375,0.5043670682563879,0.5902836687364827,0.6442449494252548,0.0
expanded-blagn-v1,measurement,GN53757_juodzbalis25,GN53757_juodzbalis25,HZA-GN-53757,GN-53757,1,GN53757_juodzbalis25,True,only catalogue measurement in this release,4.447,1.354502233183852,JADES,,broad-line-agn,robust,individual_robust,juodzbalis25_jades_blagn,"Table 2 (BH/Lbol/lambda_Edd), Table 5 (Mstar)",,,,single-epoch-virial-halpha,,not_reported_by_source,,,Robust sample; Mstar uses BEAGLE value.,10000,20260808,30.0,0.1,1.0,True,split-normal-in-log-mbh,0.31,0.31,0.31,0.31,symmetric_reported,False,baseline,reported MBH,none,all_sources,0.0,6.8248366747904425,7.02405546835862,7.326606925553489,7.636850179216499,7.828497733695161,seed1e2,2.0,100.0,0.44278394129013887,0.4610666083607326,0.48883229986274335,0.5173038813638001,0.5348917222028611,0.0
expanded-blagn-v1,measurement,GN53757_juodzbalis25,GN53757_juodzbalis25,HZA-GN-53757,GN-53757,1,GN53757_juodzbalis25,True,only catalogue measurement in this release,4.447,1.354502233183852,JADES,,broad-line-agn,robust,individual_robust,juodzbalis25_jades_blagn,"Table 2 (BH/Lbol/lambda_Edd), Table 5 (Mstar)",,,,single-epoch-virial-halpha,,not_reported_by_source,,,Robust sample; Mstar uses BEAGLE value.,10000,20260808,30.0,0.1,1.0,True,split-normal-in-log-mbh,0.31,0.31,0.31,0.31,symmetric_reported,False,baseline,reported MBH,none,all_sources,0.0,6.8248366747904425,7.02405546835862,7.326606925553489,7.636850179216499,7.828497733695161,seed1e4,4.0,10000.0,0.25924034338819724,0.277523010458791,0.3052887019608018,0.3337602834618586,0.3513481243009196,0.0
expanded-blagn-v1,measurement,GN53757_juodzbalis25,GN53757_juodzbalis25,HZA-GN-53757,GN-53757,1,GN53757_juodzbalis25,True,only catalogue measurement in this release,4.447,1.354502233183852,JADES,,broad-line-agn,robust,individual_robust,juodzbalis25_jades_blagn,"Table 2 (BH/Lbol/lambda_Edd), Table 5 (Mstar)",,,,single-epoch-virial-halpha,,not_reported_by_source,,,Robust sample; Mstar uses BEAGLE value.,10000,20260808,30.0,0.1,1.0,True,split-normal-in-log-mbh,0.31,0.31,0.31,0.31,symmetric_reported,False,baseline,reported MBH,none,all_sources,0.0,6.8248366747904425,7.02405546835862,7.326606925553489,7.636850179216499,7.828497733695161,seed1e5,5.0,100000.0,0.16746854443722656,0.18575121150782026,0.213516903009831,0.2419884845108878,0.2595763253499489,0.0
expanded-blagn-v1,measurement,GN53757_juodzbalis25,GN53757_juodzbalis25,HZA-GN-53757,GN-53757,1,GN53757_juodzbalis25,True,only catalogue measurement in this release,4.447,1.354502233183852,JADES,,broad-line-agn,robust,individual_robust,juodzbalis25_jades_blagn,"Table 2 (BH/Lbol/lambda_Edd), Table 5 (Mstar)",,,,single-epoch-virial-halpha,,not_reported_by_source,,,Robust sample; Mstar uses BEAGLE value.,10000,20260808,30.0,0.1,1.0,True,split-normal-in-log-mbh,0.31,0.31,0.31,0.31,symmetric_reported,False,mbh_minus_0p3dex,MBH -0.3 dex,global_comparison,all_sources,-0.3,6.524836674790443,6.72405546835862,7.026606925553489,7.3368501792164995,7.528497733695161,seed1e2,2.0,100.0,0.4152524016048476,0.43353506867544134,0.4613007601774521,0.48977234167850897,0.50736018251757,0.0
expanded-blagn-v1,measurement,GN53757_juodzbalis25,GN53757_juodzbalis25,HZA-GN-53757,GN-53757,1,GN53757_juodzbalis25,True,only catalogue measurement in this release,4.447,1.354502233183852,JADES,,broad-line-agn,robust,individual_robust,juodzbalis25_jades_blagn,"Table 2 (BH/Lbol/lambda_Edd), Table 5 (Mstar)",,,,single-epoch-virial-halpha,,not_reported_by_source,,,Robust sample; Mstar uses BEAGLE value.,10000,20260808,30.0,0.1,1.0,True,split-normal-in-log-mbh,0.31,0.31,0.31,0.31,symmetric_reported,False,mbh_minus_0p3dex,MBH -0.3 dex,global_comparison,all_sources,-0.3,6.524836674790443,6.72405546835862,7.026606925553489,7.3368501792164995,7.528497733695161,seed1e4,4.0,10000.0,0.2317088037029061,0.24999147077349979,0.27775716227551056,0.30622874377656745,0.3238165846156284,0.0
expanded-blagn-v1,measurement,GN53757_juodzbalis25,GN53757_juodzbalis25,HZA-GN-53757,GN-53757,1,GN53757_juodzbalis25,True,only catalogue measurement in this release,4.447,1.354502233183852,JADES,,broad-line-agn,robust,individual_robust,juodzbalis25_jades_blagn,"Table 2 (BH/Lbol/lambda_Edd), Table 5 (Mstar)",,,,single-epoch-virial-halpha,,not_reported_by_source,,,Robust sample; Mstar uses BEAGLE value.,10000,20260808,30.0,0.1,1.0,True,split-normal-in-log-mbh,0.31,0.31,0.31,0.31,symmetric_reported,False,mbh_minus_0p3dex,MBH -0.3 dex,global_comparison,all_sources,-0.3,6.524836674790443,6.72405546835862,7.026606925553489,7.3368501792164995,7.528497733695161,seed1e5,5.0,100000.0,0.13993700475193532,0.15821967182252908,0.1859853633245398,0.21445694482559663,0.2320447856646576,0.0
expanded-blagn-v1,measurement,GN53757_juodzbalis25,GN53757_juodzbalis25,HZA-GN-53757,GN-53757,1,GN53757_juodzbalis25,True,only catalogue measurement in this release,4.447,1.354502233183852,JADES,,broad-line-agn,robust,individual_robust,juodzbalis25_jades_blagn,"Table 2 (BH/Lbol/lambda_Edd), Table 5 (Mstar)",,,,single-epoch-virial-halpha,,not_reported_by_source,,,Robust sample; Mstar uses BEAGLE value.,10000,20260808,30.0,0.1,1.0,True,split-normal-in-log-mbh,0.31,0.31,0.31,0.31,symmetric_reported,False,mbh_plus_0p3dex,MBH +0.3 dex,global_comparison,all_sources,0.3,7.124836674790442,7.32405546835862,7.626606925553489,7.936850179216499,8.128497733695163,seed1e2,2.0,100.0,0.47031548097542997,0.48859814804602375,0.5163638395480346,0.5448354210490914,0.5624232618881523,0.0
expanded-blagn-v1,measurement,GN53757_juodzbalis25,GN53757_juodzbalis25,HZA-GN-53757,GN-53757,1,GN53757_juodzbalis25,True,only catalogue measurement in this release,4.447,1.354502233183852,JADES,,broad-line-agn,robust,individual_robust,juodzbalis25_jades_blagn,"Table 2 (BH/Lbol/lambda_Edd), Table 5 (Mstar)",,,,single-epoch-virial-halpha,,not_reported_by_source,,,Robust sample; Mstar uses BEAGLE value.,10000,20260808,30.0,0.1,1.0,True,split-normal-in-log-mbh,0.31,0.31,0.31,0.31,symmetric_reported,False,mbh_plus_0p3dex,MBH +0.3 dex,global_comparison,all_sources,0.3,7.124836674790442,7.32405546835862,7.626606925553489,7.936850179216499,8.128497733695163,seed1e4,4.0,10000.0,0.2867718830734885,0.3050545501440822,0.332820241646093,0.36129182314714975,0.3788796639862109,0.0
expanded-blagn-v1,measurement,GN53757_juodzbalis25,GN53757_juodzbalis25,HZA-GN-53757,GN-53757,1,GN53757_juodzbalis25,True,only catalogue measurement in this release,4.447,1.354502233183852,JADES,,broad-line-agn,robust,individual_robust,juodzbalis25_jades_blagn,"Table 2 (BH/Lbol/lambda_Edd), Table 5 (Mstar)",,,,single-epoch-virial-halpha,,not_reported_by_source,,,Robust sample; Mstar uses BEAGLE value.,10000,20260808,30.0,0.1,1.0,True,split-normal-in-log-mbh,0.31,0.31,0.31,0.31,symmetric_reported,False,mbh_plus_0p3dex,MBH +0.3 dex,global_comparison,all_sources,0.3,7.124836674790442,7.32405546835862,7.626606925553489,7.936850179216499,8.128497733695163,seed1e5,5.0,100000.0,0.19500008412251774,0.21328275119311146,0.24104844269512227,0.26952002419617904,0.2871078650352401,0.0
expanded-blagn-v1,measurement,GN61888_juodzbalis25,GN61888_juodzbalis25,HZA-GN-61888,GN-61888,1,GN61888_juodzbalis25,True,only catalogue measurement in this release,5.874,0.9565050566273134,JADES,,broad-line-agn,robust,individual_robust,juodzbalis25_jades_blagn,"Table 2 (BH/Lbol/lambda_Edd), Table 5 (Mstar)",,,,single-epoch-virial-halpha,,not_reported_by_source,,,Robust sample; Mstar uses BEAGLE value.,10000,20260808,30.0,0.1,1.0,True,split-normal-in-log-mbh,0.33,0.32,0.33,0.32,asymmetric,False,baseline,reported MBH,none,all_sources,0.0,6.504475640810435,6.713602444492182,7.037134603150292,7.367811465882652,7.577532677101122,seed1e2,2.0,100.0,0.6054700530397784,0.6335798769158478,0.6770675209577095,0.7215155219200518,0.7497052432118217,0.0
expanded-blagn-v1,measurement,GN61888_juodzbalis25,GN61888_juodzbalis25,HZA-GN-61888,GN-61888,1,GN61888_juodzbalis25,True,only catalogue measurement in this release,5.874,0.9565050566273134,JADES,,broad-line-agn,robust,individual_robust,juodzbalis25_jades_blagn,"Table 2 (BH/Lbol/lambda_Edd), Table 5 (Mstar)",,,,single-epoch-virial-halpha,,not_reported_by_source,,,Robust sample; Mstar uses BEAGLE value.,10000,20260808,30.0,0.1,1.0,True,split-normal-in-log-mbh,0.33,0.32,0.33,0.32,asymmetric,False,baseline,reported MBH,none,all_sources,0.0,6.504475640810435,6.713602444492182,7.037134603150292,7.367811465882652,7.577532677101122,seed1e4,4.0,10000.0,0.3366396268946195,0.36474945077068893,0.4082370948125506,0.4526850957748928,0.48087481706666296,0.0
expanded-blagn-v1,measurement,GN61888_juodzbalis25,GN61888_juodzbalis25,HZA-GN-61888,GN-61888,1,GN61888_juodzbalis25,True,only catalogue measurement in this release,5.874,0.9565050566273134,JADES,,broad-line-agn,robust,individual_robust,juodzbalis25_jades_blagn,"Table 2 (BH/Lbol/lambda_Edd), Table 5 (Mstar)",,,,single-epoch-virial-halpha,,not_reported_by_source,,,Robust sample; Mstar uses BEAGLE value.,10000,20260808,30.0,0.1,1.0,True,split-normal-in-log-mbh,0.33,0.32,0.33,0.32,asymmetric,False,baseline,reported MBH,none,all_sources,0.0,6.504475640810435,6.713602444492182,7.037134603150292,7.367811465882652,7.577532677101122,seed1e5,5.0,100000.0,0.20222441382204018,0.2303342376981095,0.27382188173997113,0.3182698827023133,0.3464596039940835,0.0
expanded-blagn-v1,measurement,GN61888_juodzbalis25,GN61888_juodzbalis25,HZA-GN-61888,GN-61888,1,GN61888_juodzbalis25,True,only catalogue measurement in this release,5.874,0.9565050566273134,JADES,,broad-line-agn,robust,individual_robust,juodzbalis25_jades_blagn,"Table 2 (BH/Lbol/lambda_Edd), Table 5 (Mstar)",,,,single-epoch-virial-halpha,,not_reported_by_source,,,Robust sample; Mstar uses BEAGLE value.,10000,20260808,30.0,0.1,1.0,True,split-normal-in-log-mbh,0.33,0.32,0.33,0.32,asymmetric,False,mbh_minus_0p3dex,MBH -0.3 dex,global_comparison,all_sources,-0.3,6.204475640810435,6.413602444492182,6.737134603150293,7.067811465882652,7.277532677101123,seed1e2,2.0,100.0,0.5651454891180047,0.5932553129940741,0.6367429570359358,0.6811909579982779,0.709380679290048,0.0
expanded-blagn-v1,measurement,GN61888_juodzbalis25,GN61888_juodzbalis25,HZA-GN-61888,GN-61888,1,GN61888_juodzbalis25,True,only catalogue measurement in this release,5.874,0.9565050566273134,JADES,,broad-line-agn,robust,individual_robust,juodzbalis25_jades_blagn,"Table 2 (BH/Lbol/lambda_Edd), Table 5 (Mstar)",,,,single-epoch-virial-halpha,,not_reported_by_source,,,Robust sample; Mstar uses BEAGLE value.,10000,20260808,30.0,0.1,1.0,True,split-normal-in-log-mbh,0.33,0.32,0.33,0.32,asymmetric,False,mbh_minus_0p3dex,MBH -0.3 dex,global_comparison,all_sources,-0.3,6.204475640810435,6.413602444492182,6.737134603150293,7.067811465882652,7.277532677101123,seed1e4,4.0,10000.0,0.29631506297284577,0.32442488684891513,0.3679125308907768,0.41236053185311894,0.4405502531448891,0.0
expanded-blagn-v1,measurement,GN61888_juodzbalis25,GN61888_juodzbalis25,HZA-GN-61888,GN-61888,1,GN61888_juodzbalis25,True,only catalogue measurement in this release,5.874,0.9565050566273134,JADES,,broad-line-agn,robust,individual_robust,juodzbalis25_jades_blagn,"Table 2 (BH/Lbol/lambda_Edd), Table 5 (Mstar)",,,,single-epoch-virial-halpha,,not_reported_by_source,,,Robust sample; Mstar uses BEAGLE value.,10000,20260808,30.0,0.1,1.0,True,split-normal-in-log-mbh,0.33,0.32,0.33,0.32,asymmetric,False,mbh_minus_0p3dex,MBH -0.3 dex,global_comparison,all_sources,-0.3,6.204475640810435,6.413602444492182,6.737134603150293,7.067811465882652,7.277532677101123,seed1e5,5.0,100000.0,0.16189984990026635,0.19000967377633568,0.23349731781819735,0.2779453187805395,0.3061350400723097,0.0
expanded-blagn-v1,measurement,GN61888_juodzbalis25,GN61888_juodzbalis25,HZA-GN-61888,GN-61888,1,GN61888_juodzbalis25,True,only catalogue measurement in this release,5.874,0.9565050566273134,JADES,,broad-line-agn,robust,individual_robust,juodzbalis25_jades_blagn,"Table 2 (BH/Lbol/lambda_Edd), Table 5 (Mstar)",,,,single-epoch-virial-halpha,,not_reported_by_source,,,Robust sample; Mstar uses BEAGLE value.,10000,20260808,30.0,0.1,1.0,True,split-normal-in-log-mbh,0.33,0.32,0.33,0.32,asymmetric,False,mbh_plus_0p3dex,MBH +0.3 dex,global_comparison,all_sources,0.3,6.804475640810435,7.013602444492181,7.337134603150293,7.667811465882652,7.877532677101122,seed1e2,2.0,100.0,0.6457946169615522,0.6739044408376217,0.7173920848794832,0.7618400858418254,0.7900298071335956,0.0
expanded-blagn-v1,measurement,GN61888_juodzbalis25,GN61888_juodzbalis25,HZA-GN-61888,GN-61888,1,GN61888_juodzbalis25,True,only catalogue measurement in this release,5.874,0.9565050566273134,JADES,,broad-line-agn,robust,individual_robust,juodzbalis25_jades_blagn,"Table 2 (BH/Lbol/lambda_Edd), Table 5 (Mstar)",,,,single-epoch-virial-halpha,,not_reported_by_source,,,Robust sample; Mstar uses BEAGLE value.,10000,20260808,30.0,0.1,1.0,True,split-normal-in-log-mbh,0.33,0.32,0.33,0.32,asymmetric,False,mbh_plus_0p3dex,MBH +0.3 dex,global_comparison,all_sources,0.3,6.804475640810435,7.013602444492181,7.337134603150293,7.667811465882652,7.877532677101122,seed1e4,4.0,10000.0,0.3769641908163934,0.4050740146924628,0.4485616587343244,0.49300965969666655,0.5211993809884367,0.0
expanded-blagn-v1,measurement,GN61888_juodzbalis25,GN61888_juodzbalis25,HZA-GN-61888,GN-61888,1,GN61888_juodzbalis25,True,only catalogue measurement in this release,5.874,0.9565050566273134,JADES,,broad-line-agn,robust,individual_robust,juodzbalis25_jades_blagn,"Table 2 (BH/Lbol/lambda_Edd), Table 5 (Mstar)",,,,single-epoch-virial-halpha,,not_reported_by_source,,,Robust sample; Mstar uses BEAGLE value.,10000,20260808,30.0,0.1,1.0,True,split-normal-in-log-mbh,0.33,0.32,0.33,0.32,asymmetric,False,mbh_plus_0p3dex,MBH +0.3 dex,global_comparison,all_sources,0.3,6.804475640810435,7.013602444492181,7.337134603150293,7.667811465882652,7.877532677101122,seed1e5,5.0,100000.0,0.24254897774381395,0.2706588016198833,0.314146445661745,0.35859444662408707,0.3867841679158573,0.0
expanded-blagn-v1,measurement,GN62309_juodzbalis25,GN62309_juodzbalis25,HZA-GN-62309,GN-62309,1,GN62309_juodzbalis25,True,only catalogue measurement in this release,5.172,1.123773752688261,JADES,,broad-line-agn,robust,individual_robust,juodzbalis25_jades_blagn,"Table 2 (BH/Lbol/lambda_Edd), Table 5 (Mstar)",,,,single-epoch-virial-halpha,,not_reported_by_source,,,Robust sample; Mstar uses BEAGLE value.,10000,20260808,30.0,0.1,1.0,True,split-normal-in-log-mbh,0.36,0.33,0.36,0.33,asymmetric,False,baseline,reported MBH,none,all_sources,0.0,5.745270438530786,5.967212717186108,6.288191260904693,6.643472888634192,6.889708405163536,seed1e2,2.0,100.0,0.4211712779705798,0.44612961266793566,0.4822249883364879,0.5221778888402497,0.5498680994353202,0.0
expanded-blagn-v1,measurement,GN62309_juodzbalis25,GN62309_juodzbalis25,HZA-GN-62309,GN-62309,1,GN62309_juodzbalis25,True,only catalogue measurement in this release,5.172,1.123773752688261,JADES,,broad-line-agn,robust,individual_robust,juodzbalis25_jades_blagn,"Table 2 (BH/Lbol/lambda_Edd), Table 5 (Mstar)",,,,single-epoch-virial-halpha,,not_reported_by_source,,,Robust sample; Mstar uses BEAGLE value.,10000,20260808,30.0,0.1,1.0,True,split-normal-in-log-mbh,0.36,0.33,0.36,0.33,asymmetric,False,baseline,reported MBH,none,all_sources,0.0,5.745270438530786,5.967212717186108,6.288191260904693,6.643472888634192,6.889708405163536,seed1e4,4.0,10000.0,0.19626293830162966,0.2212212729989857,0.25731664866753784,0.2972695491712997,0.32495975976637026,0.0
expanded-blagn-v1,measurement,GN62309_juodzbalis25,GN62309_juodzbalis25,HZA-GN-62309,GN-62309,1,GN62309_juodzbalis25,True,only catalogue measurement in this release,5.172,1.123773752688261,JADES,,broad-line-agn,robust,individual_robust,juodzbalis25_jades_blagn,"Table 2 (BH/Lbol/lambda_Edd), Table 5 (Mstar)",,,,single-epoch-virial-halpha,,not_reported_by_source,,,Robust sample; Mstar uses BEAGLE value.,10000,20260808,30.0,0.1,1.0,True,split-normal-in-log-mbh,0.36,0.33,0.36,0.33,asymmetric,False,baseline,reported MBH,none,all_sources,0.0,5.745270438530786,5.967212717186108,6.288191260904693,6.643472888634192,6.889708405163536,seed1e5,5.0,100000.0,0.08380876846715464,0.10876710316451065,0.1448624788330628,0.1848153793368247,0.21250558993189525,0.0
expanded-blagn-v1,measurement,GN62309_juodzbalis25,GN62309_juodzbalis25,HZA-GN-62309,GN-62309,1,GN62309_juodzbalis25,True,only catalogue measurement in this release,5.172,1.123773752688261,JADES,,broad-line-agn,robust,individual_robust,juodzbalis25_jades_blagn,"Table 2 (BH/Lbol/lambda_Edd), Table 5 (Mstar)",,,,single-epoch-virial-halpha,,not_reported_by_source,,,Robust sample; Mstar uses BEAGLE value.,10000,20260808,30.0,0.1,1.0,True,split-normal-in-log-mbh,0.36,0.33,0.36,0.33,asymmetric,False,mbh_minus_0p3dex,MBH -0.3 dex,global_comparison,all_sources,-0.3,5.445270438530786,5.667212717186108,5.988191260904692,6.343472888634192,6.589708405163536,seed1e2,2.0,100.0,0.38743502702023724,0.4123933617175933,0.4484887373861454,0.48844163788990735,0.5161318484849778,0.0
expanded-blagn-v1,measurement,GN62309_juodzbalis25,GN62309_juodzbalis25,HZA-GN-62309,GN-62309,1,GN62309_juodzbalis25,True,only catalogue measurement in this release,5.172,1.123773752688261,JADES,,broad-line-agn,robust,individual_robust,juodzbalis25_jades_blagn,"Table 2 (BH/Lbol/lambda_Edd), Table 5 (Mstar)",,,,single-epoch-virial-halpha,,not_reported_by_source,,,Robust sample; Mstar uses BEAGLE value.,10000,20260808,30.0,0.1,1.0,True,split-normal-in-log-mbh,0.36,0.33,0.36,0.33,asymmetric,False,mbh_minus_0p3dex,MBH -0.3 dex,global_comparison,all_sources,-0.3,5.445270438530786,5.667212717186108,5.988191260904692,6.343472888634192,6.589708405163536,seed1e4,4.0,10000.0,0.1625266873512872,0.1874850220486432,0.22358039771719532,0.2635332982209572,0.2912235088160277,0.0
expanded-blagn-v1,measurement,GN62309_juodzbalis25,GN62309_juodzbalis25,HZA-GN-62309,GN-62309,1,GN62309_juodzbalis25,True,only catalogue measurement in this release,5.172,1.123773752688261,JADES,,broad-line-agn,robust,individual_robust,juodzbalis25_jades_blagn,"Table 2 (BH/Lbol/lambda_Edd), Table 5 (Mstar)",,,,single-epoch-virial-halpha,,not_reported_by_source,,,Robust sample; Mstar uses BEAGLE value.,10000,20260808,30.0,0.1,1.0,True,split-normal-in-log-mbh,0.36,0.33,0.36,0.33,asymmetric,False,mbh_minus_0p3dex,MBH -0.3 dex,global_comparison,all_sources,-0.3,5.445270438530786,5.667212717186108,5.988191260904692,6.343472888634192,6.589708405163536,seed1e5,5.0,100000.0,0.050072517516812146,0.07503085221416816,0.11112622788272034,0.1510791283864822,0.17876933898155273,0.0
expanded-blagn-v1,measurement,GN62309_juodzbalis25,GN62309_juodzbalis25,HZA-GN-62309,GN-62309,1,GN62309_juodzbalis25,True,only catalogue measurement in this release,5.172,1.123773752688261,JADES,,broad-line-agn,robust,individual_robust,juodzbalis25_jades_blagn,"Table 2 (BH/Lbol/lambda_Edd), Table 5 (Mstar)",,,,single-epoch-virial-halpha,,not_reported_by_source,,,Robust sample; Mstar uses BEAGLE value.,10000,20260808,30.0,0.1,1.0,True,split-normal-in-log-mbh,0.36,0.33,0.36,0.33,asymmetric,False,mbh_plus_0p3dex,MBH +0.3 dex,global_comparison,all_sources,0.3,6.045270438530785,6.267212717186108,6.588191260904692,6.943472888634192,7.189708405163536,seed1e2,2.0,100.0,0.45490752892092223,0.4798658636182782,0.5159612392868305,0.5559141397905922,0.5836043503856627,0.0
expanded-blagn-v1,measurement,GN62309_juodzbalis25,GN62309_juodzbalis25,HZA-GN-62309,GN-62309,1,GN62309_juodzbalis25,True,only catalogue measurement in this release,5.172,1.123773752688261,JADES,,broad-line-agn,robust,individual_robust,juodzbalis25_jades_blagn,"Table 2 (BH/Lbol/lambda_Edd), Table 5 (Mstar)",,,,single-epoch-virial-halpha,,not_reported_by_source,,,Robust sample; Mstar uses BEAGLE value.,10000,20260808,30.0,0.1,1.0,True,split-normal-in-log-mbh,0.36,0.33,0.36,0.33,asymmetric,False,mbh_plus_0p3dex,MBH +0.3 dex,global_comparison,all_sources,0.3,6.045270438530785,6.267212717186108,6.588191260904692,6.943472888634192,7.189708405163536,seed1e4,4.0,10000.0,0.22999918925197219,0.25495752394932814,0.29105289961788033,0.3310058001216422,0.3586960107167127,0.0
expanded-blagn-v1,measurement,GN62309_juodzbalis25,GN62309_juodzbalis25,HZA-GN-62309,GN-62309,1,GN62309_juodzbalis25,True,only catalogue measurement in this release,5.172,1.123773752688261,JADES,,broad-line-agn,robust,individual_robust,juodzbalis25_jades_blagn,"Table 2 (BH/Lbol/lambda_Edd), Table 5 (Mstar)",,,,single-epoch-virial-halpha,,not_reported_by_source,,,Robust sample; Mstar uses BEAGLE value.,10000,20260808,30.0,0.1,1.0,True,split-normal-in-log-mbh,0.36,0.33,0.36,0.33,asymmetric,False,mbh_plus_0p3dex,MBH +0.3 dex,global_comparison,all_sources,0.3,6.045270438530785,6.267212717186108,6.588191260904692,6.943472888634192,7.189708405163536,seed1e5,5.0,100000.0,0.11754501941749712,0.14250335411485313,0.1785987297834053,0.2185516302871672,0.24624184088223772,0.0
expanded-blagn-v1,measurement,GN73488_juodzbalis25,GN73488_juodzbalis25,HZA-GN-73488,GN-73488,1,GN73488_juodzbalis25,True,only catalogue measurement in this release,4.133,1.4800317329113224,JADES,,broad-line-agn,robust,individual_robust,juodzbalis25_jades_blagn,"Table 2 (BH/Lbol/lambda_Edd), Table 5 (Mstar)",,,,single-epoch-virial-halpha,,not_reported_by_source,,,Robust sample; Mstar uses BEAGLE value.,10000,20260808,30.0,0.1,1.0,True,split-normal-in-log-mbh,0.3,0.3,0.3,0.3,symmetric_reported,False,baseline,reported MBH,none,all_sources,0.0,7.338063057734711,7.531387332659719,7.826159160592072,8.128407944967003,8.326260426586858,seed1e2,2.0,100.0,0.445323656475372,0.4614515800431368,0.4860426848729231,0.5112575488352458,0.5277632344378193,0.0
expanded-blagn-v1,measurement,GN73488_juodzbalis25,GN73488_juodzbalis25,HZA-GN-73488,GN-73488,1,GN73488_juodzbalis25,True,only catalogue measurement in this release,4.133,1.4800317329113224,JADES,,broad-line-agn,robust,individual_robust,juodzbalis25_jades_blagn,"Table 2 (BH/Lbol/lambda_Edd), Table 5 (Mstar)",,,,single-epoch-virial-halpha,,not_reported_by_source,,,Robust sample; Mstar uses BEAGLE value.,10000,20260808,30.0,0.1,1.0,True,split-normal-in-log-mbh,0.3,0.3,0.3,0.3,symmetric_reported,False,baseline,reported MBH,none,all_sources,0.0,7.338063057734711,7.531387332659719,7.826159160592072,8.128407944967003,8.326260426586858,seed1e4,4.0,10000.0,0.2784752503554368,0.2946031739232017,0.319194278752988,0.3444091427153107,0.360914828317884,0.0
expanded-blagn-v1,measurement,GN73488_juodzbalis25,GN73488_juodzbalis25,HZA-GN-73488,GN-73488,1,GN73488_juodzbalis25,True,only catalogue measurement in this release,4.133,1.4800317329113224,JADES,,broad-line-agn,robust,individual_robust,juodzbalis25_jades_blagn,"Table 2 (BH/Lbol/lambda_Edd), Table 5 (Mstar)",,,,single-epoch-virial-halpha,,not_reported_by_source,,,Robust sample; Mstar uses BEAGLE value.,10000,20260808,30.0,0.1,1.0,True,split-normal-in-log-mbh,0.3,0.3,0.3,0.3,symmetric_reported,False,baseline,reported MBH,none,all_sources,0.0,7.338063057734711,7.531387332659719,7.826159160592072,8.128407944967003,8.326260426586858,seed1e5,5.0,100000.0,0.19505104729546924,0.2111789708632341,0.23577007569302044,0.26098493965534314,0.2774906252579164,0.0
expanded-blagn-v1,measurement,GN73488_juodzbalis25,GN73488_juodzbalis25,HZA-GN-73488,GN-73488,1,GN73488_juodzbalis25,True,only catalogue measurement in this release,4.133,1.4800317329113224,JADES,,broad-line-agn,robust,individual_robust,juodzbalis25_jades_blagn,"Table 2 (BH/Lbol/lambda_Edd), Table 5 (Mstar)",,,,single-epoch-virial-halpha,,not_reported_by_source,,,Robust sample; Mstar uses BEAGLE value.,10000,20260808,30.0,0.1,1.0,True,split-normal-in-log-mbh,0.3,0.3,0.3,0.3,symmetric_reported,False,mbh_minus_0p3dex,MBH -0.3 dex,global_comparison,all_sources,-0.3,7.038063057734711,7.231387332659719,7.526159160592071,7.828407944967004,8.026260426586857,seed1e2,2.0,100.0,0.42029639555738163,0.4364243191251465,0.4610154239549329,0.48623028791725553,0.5027359735198289,0.0
expanded-blagn-v1,measurement,GN73488_juodzbalis25,GN73488_juodzbalis25,HZA-GN-73488,GN-73488,1,GN73488_juodzbalis25,True,only catalogue measurement in this release,4.133,1.4800317329113224,JADES,,broad-line-agn,robust,individual_robust,juodzbalis25_jades_blagn,"Table 2 (BH/Lbol/lambda_Edd), Table 5 (Mstar)",,,,single-epoch-virial-halpha,,not_reported_by_source,,,Robust sample; Mstar uses BEAGLE value.,10000,20260808,30.0,0.1,1.0,True,split-normal-in-log-mbh,0.3,0.3,0.3,0.3,symmetric_reported,False,mbh_minus_0p3dex,MBH -0.3 dex,global_comparison,all_sources,-0.3,7.038063057734711,7.231387332659719,7.526159160592071,7.828407944967004,8.026260426586857,seed1e4,4.0,10000.0,0.25344798943744656,0.2695759130052114,0.29416701783499777,0.3193818817973204,0.33588756739989367,0.0
expanded-blagn-v1,measurement,GN73488_juodzbalis25,GN73488_juodzbalis25,HZA-GN-73488,GN-73488,1,GN73488_juodzbalis25,True,only catalogue measurement in this release,4.133,1.4800317329113224,JADES,,broad-line-agn,robust,individual_robust,juodzbalis25_jades_blagn,"Table 2 (BH/Lbol/lambda_Edd), Table 5 (Mstar)",,,,single-epoch-virial-halpha,,not_reported_by_source,,,Robust sample; Mstar uses BEAGLE value.,10000,20260808,30.0,0.1,1.0,True,split-normal-in-log-mbh,0.3,0.3,0.3,0.3,symmetric_reported,False,mbh_minus_0p3dex,MBH -0.3 dex,global_comparison,all_sources,-0.3,7.038063057734711,7.231387332659719,7.526159160592071,7.828407944967004,8.026260426586857,seed1e5,5.0,100000.0,0.17002378637747897,0.18615170994524383,0.2107428147750302,0.2359576787373529,0.2524633643399261,0.0
expanded-blagn-v1,measurement,GN73488_juodzbalis25,GN73488_juodzbalis25,HZA-GN-73488,GN-73488,1,GN73488_juodzbalis25,True,only catalogue measurement in this release,4.133,1.4800317329113224,JADES,,broad-line-agn,robust,individual_robust,juodzbalis25_jades_blagn,"Table 2 (BH/Lbol/lambda_Edd), Table 5 (Mstar)",,,,single-epoch-virial-halpha,,not_reported_by_source,,,Robust sample; Mstar uses BEAGLE value.,10000,20260808,30.0,0.1,1.0,True,split-normal-in-log-mbh,0.3,0.3,0.3,0.3,symmetric_reported,False,mbh_plus_0p3dex,MBH +0.3 dex,global_comparison,all_sources,0.3,7.638063057734711,7.831387332659719,8.12615916059207,8.428407944967004,8.626260426586859,seed1e2,2.0,100.0,0.47035091739336216,0.48647884096112703,0.5110699457909135,0.5362848097532361,0.5527904953558094,0.0
expanded-blagn-v1,measurement,GN73488_juodzbalis25,GN73488_juodzbalis25,HZA-GN-73488,GN-73488,1,GN73488_juodzbalis25,True,only catalogue measurement in this release,4.133,1.4800317329113224,JADES,,broad-line-agn,robust,individual_robust,juodzbalis25_jades_blagn,"Table 2 (BH/Lbol/lambda_Edd), Table 5 (Mstar)",,,,single-epoch-virial-halpha,,not_reported_by_source,,,Robust sample; Mstar uses BEAGLE value.,10000,20260808,30.0,0.1,1.0,True,split-normal-in-log-mbh,0.3,0.3,0.3,0.3,symmetric_reported,False,mbh_plus_0p3dex,MBH +0.3 dex,global_comparison,all_sources,0.3,7.638063057734711,7.831387332659719,8.12615916059207,8.428407944967004,8.626260426586859,seed1e4,4.0,10000.0,0.30350251127342703,0.31963043484119186,0.3442215396709783,0.36943640363330105,0.38594208923587425,0.0
expanded-blagn-v1,measurement,GN73488_juodzbalis25,GN73488_juodzbalis25,HZA-GN-73488,GN-73488,1,GN73488_juodzbalis25,True,only catalogue measurement in this release,4.133,1.4800317329113224,JADES,,broad-line-agn,robust,individual_robust,juodzbalis25_jades_blagn,"Table 2 (BH/Lbol/lambda_Edd), Table 5 (Mstar)",,,,single-epoch-virial-halpha,,not_reported_by_source,,,Robust sample; Mstar uses BEAGLE value.,10000,20260808,30.0,0.1,1.0,True,split-normal-in-log-mbh,0.3,0.3,0.3,0.3,symmetric_reported,False,mbh_plus_0p3dex,MBH +0.3 dex,global_comparison,all_sources,0.3,7.638063057734711,7.831387332659719,8.12615916059207,8.428407944967004,8.626260426586859,seed1e5,5.0,100000.0,0.22007830821345947,0.23620623178122432,0.26079733661101073,0.2860122005733335,0.30251788617590675,0.0
expanded-blagn-v1,measurement,GN77652_juodzbalis25,GN77652_juodzbalis25,HZA-GN-77652,GN-77652,1,GN77652_juodzbalis25,True,only catalogue measurement in this release,5.229,1.108430210684669,JADES,,broad-line-agn,robust,individual_robust,juodzbalis25_jades_blagn,"Table 2 (BH/Lbol/lambda_Edd), Table 5 (Mstar)",,,,single-epoch-virial-halpha,,not_reported_by_source,,,Robust sample; Mstar uses BEAGLE value.,10000,20260808,30.0,0.1,1.0,True,split-normal-in-log-mbh,0.34,0.32,0.34,0.32,asymmetric,False,baseline,reported MBH,none,all_sources,0.0,6.0941595214099795,6.303301542607382,6.621660340032852,6.965526582691136,7.181599864137997,seed1e2,2.0,100.0,0.46741040259733624,0.49128713622647263,0.5276326212758182,0.566890168051912,0.5915582101600572,0.0
expanded-blagn-v1,measurement,GN77652_juodzbalis25,GN77652_juodzbalis25,HZA-GN-77652,GN-77652,1,GN77652_juodzbalis25,True,only catalogue measurement in this release,5.229,1.108430210684669,JADES,,broad-line-agn,robust,individual_robust,juodzbalis25_jades_blagn,"Table 2 (BH/Lbol/lambda_Edd), Table 5 (Mstar)",,,,single-epoch-virial-halpha,,not_reported_by_source,,,Robust sample; Mstar uses BEAGLE value.,10000,20260808,30.0,0.1,1.0,True,split-normal-in-log-mbh,0.34,0.32,0.34,0.32,asymmetric,False,baseline,reported MBH,none,all_sources,0.0,6.0941595214099795,6.303301542607382,6.621660340032852,6.965526582691136,7.181599864137997,seed1e4,4.0,10000.0,0.23908007000865106,0.26295680363778756,0.2993022886871331,0.33855983546322693,0.3632278775713721,0.0
expanded-blagn-v1,measurement,GN77652_juodzbalis25,GN77652_juodzbalis25,HZA-GN-77652,GN-77652,1,GN77652_juodzbalis25,True,only catalogue measurement in this release,5.229,1.108430210684669,JADES,,broad-line-agn,robust,individual_robust,juodzbalis25_jades_blagn,"Table 2 (BH/Lbol/lambda_Edd), Table 5 (Mstar)",,,,single-epoch-virial-halpha,,not_reported_by_source,,,Robust sample; Mstar uses BEAGLE value.,10000,20260808,30.0,0.1,1.0,True,split-normal-in-log-mbh,0.34,0.32,0.34,0.32,asymmetric,False,baseline,reported MBH,none,all_sources,0.0,6.0941595214099795,6.303301542607382,6.621660340032852,6.965526582691136,7.181599864137997,seed1e5,5.0,100000.0,0.12491490371430854,0.148791637343445,0.18513712239279057,0.2243946691688844,0.2490627112770295,0.0
expanded-blagn-v1,measurement,GN77652_juodzbalis25,GN77652_juodzbalis25,HZA-GN-77652,GN-77652,1,GN77652_juodzbalis25,True,only catalogue measurement in this release,5.229,1.108430210684669,JADES,,broad-line-agn,robust,individual_robust,juodzbalis25_jades_blagn,"Table 2 (BH/Lbol/lambda_Edd), Table 5 (Mstar)",,,,single-epoch-virial-halpha,,not_reported_by_source,,,Robust sample; Mstar uses BEAGLE value.,10000,20260808,30.0,0.1,1.0,True,split-normal-in-log-mbh,0.34,0.32,0.34,0.32,asymmetric,False,mbh_minus_0p3dex,MBH -0.3 dex,global_comparison,all_sources,-0.3,5.79415952140998,6.003301542607383,6.321660340032851,6.665526582691136,6.881599864137997,seed1e2,2.0,100.0,0.43316085270903343,0.45703758633816993,0.49338307138751547,0.5326406181636093,0.5573086602717544,0.0
expanded-blagn-v1,measurement,GN77652_juodzbalis25,GN77652_juodzbalis25,HZA-GN-77652,GN-77652,1,GN77652_juodzbalis25,True,only catalogue measurement in this release,5.229,1.108430210684669,JADES,,broad-line-agn,robust,individual_robust,juodzbalis25_jades_blagn,"Table 2 (BH/Lbol/lambda_Edd), Table 5 (Mstar)",,,,single-epoch-virial-halpha,,not_reported_by_source,,,Robust sample; Mstar uses BEAGLE value.,10000,20260808,30.0,0.1,1.0,True,split-normal-in-log-mbh,0.34,0.32,0.34,0.32,asymmetric,False,mbh_minus_0p3dex,MBH -0.3 dex,global_comparison,all_sources,-0.3,5.79415952140998,6.003301542607383,6.321660340032851,6.665526582691136,6.881599864137997,seed1e4,4.0,10000.0,0.2048305201203483,0.22870725374948483,0.26505273879883035,0.3043102855749242,0.32897832768306934,0.0
expanded-blagn-v1,measurement,GN77652_juodzbalis25,GN77652_juodzbalis25,HZA-GN-77652,GN-77652,1,GN77652_juodzbalis25,True,only catalogue measurement in this release,5.229,1.108430210684669,JADES,,broad-line-agn,robust,individual_robust,juodzbalis25_jades_blagn,"Table 2 (BH/Lbol/lambda_Edd), Table 5 (Mstar)",,,,single-epoch-virial-halpha,,not_reported_by_source,,,Robust sample; Mstar uses BEAGLE value.,10000,20260808,30.0,0.1,1.0,True,split-normal-in-log-mbh,0.34,0.32,0.34,0.32,asymmetric,False,mbh_minus_0p3dex,MBH -0.3 dex,global_comparison,all_sources,-0.3,5.79415952140998,6.003301542607383,6.321660340032851,6.665526582691136,6.881599864137997,seed1e5,5.0,100000.0,0.0906653538260058,0.11454208745514229,0.1508875725044878,0.19014511928058164,0.21481316138872678,0.0
expanded-blagn-v1,measurement,GN77652_juodzbalis25,GN77652_juodzbalis25,HZA-GN-77652,GN-77652,1,GN77652_juodzbalis25,True,only catalogue measurement in this release,5.229,1.108430210684669,JADES,,broad-line-agn,robust,individual_robust,juodzbalis25_jades_blagn,"Table 2 (BH/Lbol/lambda_Edd), Table 5 (Mstar)",,,,single-epoch-virial-halpha,,not_reported_by_source,,,Robust sample; Mstar uses BEAGLE value.,10000,20260808,30.0,0.1,1.0,True,split-normal-in-log-mbh,0.34,0.32,0.34,0.32,asymmetric,False,mbh_plus_0p3dex,MBH +0.3 dex,global_comparison,all_sources,0.3,6.394159521409979,6.603301542607382,6.921660340032851,7.265526582691136,7.481599864137997,seed1e2,2.0,100.0,0.501659952485639,0.5255366861147754,0.5618821711641209,0.6011397179402147,0.6258077600483599,0.0
expanded-blagn-v1,measurement,GN77652_juodzbalis25,GN77652_juodzbalis25,HZA-GN-77652,GN-77652,1,GN77652_juodzbalis25,True,only catalogue measurement in this release,5.229,1.108430210684669,JADES,,broad-line-agn,robust,individual_robust,juodzbalis25_jades_blagn,"Table 2 (BH/Lbol/lambda_Edd), Table 5 (Mstar)",,,,single-epoch-virial-halpha,,not_reported_by_source,,,Robust sample; Mstar uses BEAGLE value.,10000,20260808,30.0,0.1,1.0,True,split-normal-in-log-mbh,0.34,0.32,0.34,0.32,asymmetric,False,mbh_plus_0p3dex,MBH +0.3 dex,global_comparison,all_sources,0.3,6.394159521409979,6.603301542607382,6.921660340032851,7.265526582691136,7.481599864137997,seed1e4,4.0,10000.0,0.2733296198969538,0.29720635352609026,0.3335518385754359,0.37280938535152974,0.39747742745967485,0.0
expanded-blagn-v1,measurement,GN77652_juodzbalis25,GN77652_juodzbalis25,HZA-GN-77652,GN-77652,1,GN77652_juodzbalis25,True,only catalogue measurement in this release,5.229,1.108430210684669,JADES,,broad-line-agn,robust,individual_robust,juodzbalis25_jades_blagn,"Table 2 (BH/Lbol/lambda_Edd), Table 5 (Mstar)",,,,single-epoch-virial-halpha,,not_reported_by_source,,,Robust sample; Mstar uses BEAGLE value.,10000,20260808,30.0,0.1,1.0,True,split-normal-in-log-mbh,0.34,0.32,0.34,0.32,asymmetric,False,mbh_plus_0p3dex,MBH +0.3 dex,global_comparison,all_sources,0.3,6.394159521409979,6.603301542607382,6.921660340032851,7.265526582691136,7.481599864137997,seed1e5,5.0,100000.0,0.15916445360261128,0.18304118723174778,0.21938667228109332,0.25864421905718715,0.2833122611653323,0.0
expanded-blagn-v1,measurement,GN954_juodzbalis25,GN954_juodzbalis25,HZA-GN-954,GN-954,1,GN954_juodzbalis25,True,only catalogue measurement in this release,6.759,0.7978843566184635,JADES,,broad-line-agn,robust,individual_robust,juodzbalis25_jades_blagn,"Table 2 (BH/Lbol/lambda_Edd), Table 5 (Mstar)",,,,single-epoch-virial-halpha,,not_reported_by_source,,,Robust sample; Mstar uses BEAGLE value.,10000,20260808,30.0,0.1,1.0,True,split-normal-in-log-mbh,0.31,0.32,0.31,0.32,asymmetric,False,baseline,reported MBH,none,all_sources,0.0,7.15423895211061,7.37436479536994,7.6996154166067345,8.00201138800949,8.196891273150333,seed1e2,2.0,100.0,0.8502717963604898,0.8865849742927692,0.9402401176720123,0.9901250314693267,1.0222734963644937,0.1199
expanded-blagn-v1,measurement,GN954_juodzbalis25,GN954_juodzbalis25,HZA-GN-954,GN-954,1,GN954_juodzbalis25,True,only catalogue measurement in this release,6.759,0.7978843566184635,JADES,,broad-line-agn,robust,individual_robust,juodzbalis25_jades_blagn,"Table 2 (BH/Lbol/lambda_Edd), Table 5 (Mstar)",,,,single-epoch-virial-halpha,,not_reported_by_source,,,Robust sample; Mstar uses BEAGLE value.,10000,20260808,30.0,0.1,1.0,True,split-normal-in-log-mbh,0.31,0.32,0.31,0.32,asymmetric,False,baseline,reported MBH,none,all_sources,0.0,7.15423895211061,7.37436479536994,7.6996154166067345,8.00201138800949,8.196891273150333,seed1e4,4.0,10000.0,0.5203407224383885,0.5566539003706679,0.610309043749911,0.6601939575472253,0.6923424224423924,0.0
expanded-blagn-v1,measurement,GN954_juodzbalis25,GN954_juodzbalis25,HZA-GN-954,GN-954,1,GN954_juodzbalis25,True,only catalogue measurement in this release,6.759,0.7978843566184635,JADES,,broad-line-agn,robust,individual_robust,juodzbalis25_jades_blagn,"Table 2 (BH/Lbol/lambda_Edd), Table 5 (Mstar)",,,,single-epoch-virial-halpha,,not_reported_by_source,,,Robust sample; Mstar uses BEAGLE value.,10000,20260808,30.0,0.1,1.0,True,split-normal-in-log-mbh,0.31,0.32,0.31,0.32,asymmetric,False,baseline,reported MBH,none,all_sources,0.0,7.15423895211061,7.37436479536994,7.6996154166067345,8.00201138800949,8.196891273150333,seed1e5,5.0,100000.0,0.3553751854773379,0.3916883634096173,0.44534350678886037,0.4952284205861747,0.5273768854813417,0.0
expanded-blagn-v1,measurement,GN954_juodzbalis25,GN954_juodzbalis25,HZA-GN-954,GN-954,1,GN954_juodzbalis25,True,only catalogue measurement in this release,6.759,0.7978843566184635,JADES,,broad-line-agn,robust,individual_robust,juodzbalis25_jades_blagn,"Table 2 (BH/Lbol/lambda_Edd), Table 5 (Mstar)",,,,single-epoch-virial-halpha,,not_reported_by_source,,,Robust sample; Mstar uses BEAGLE value.,10000,20260808,30.0,0.1,1.0,True,split-normal-in-log-mbh,0.31,0.32,0.31,0.32,asymmetric,False,mbh_minus_0p3dex,MBH -0.3 dex,global_comparison,all_sources,-0.3,6.85423895211061,7.07436479536994,7.399615416606734,7.702011388009491,7.8968912731503345,seed1e2,2.0,100.0,0.8007821352721746,0.8370953132044541,0.8907504565836972,0.9406353703810113,0.9727838352761787,0.0155
expanded-blagn-v1,measurement,GN954_juodzbalis25,GN954_juodzbalis25,HZA-GN-954,GN-954,1,GN954_juodzbalis25,True,only catalogue measurement in this release,6.759,0.7978843566184635,JADES,,broad-line-agn,robust,individual_robust,juodzbalis25_jades_blagn,"Table 2 (BH/Lbol/lambda_Edd), Table 5 (Mstar)",,,,single-epoch-virial-halpha,,not_reported_by_source,,,Robust sample; Mstar uses BEAGLE value.,10000,20260808,30.0,0.1,1.0,True,split-normal-in-log-mbh,0.31,0.32,0.31,0.32,asymmetric,False,mbh_minus_0p3dex,MBH -0.3 dex,global_comparison,all_sources,-0.3,6.85423895211061,7.07436479536994,7.399615416606734,7.702011388009491,7.8968912731503345,seed1e4,4.0,10000.0,0.4708510613500733,0.5071642392823528,0.5608193826615959,0.6107042964589101,0.6428527613540773,0.0
expanded-blagn-v1,measurement,GN954_juodzbalis25,GN954_juodzbalis25,HZA-GN-954,GN-954,1,GN954_juodzbalis25,True,only catalogue measurement in this release,6.759,0.7978843566184635,JADES,,broad-line-agn,robust,individual_robust,juodzbalis25_jades_blagn,"Table 2 (BH/Lbol/lambda_Edd), Table 5 (Mstar)",,,,single-epoch-virial-halpha,,not_reported_by_source,,,Robust sample; Mstar uses BEAGLE value.,10000,20260808,30.0,0.1,1.0,True,split-normal-in-log-mbh,0.31,0.32,0.31,0.32,asymmetric,False,mbh_minus_0p3dex,MBH -0.3 dex,global_comparison,all_sources,-0.3,6.85423895211061,7.07436479536994,7.399615416606734,7.702011388009491,7.8968912731503345,seed1e5,5.0,100000.0,0.30588552438902267,0.3421987023213021,0.39585384570054516,0.44573875949785957,0.47788722439302656,0.0
expanded-blagn-v1,measurement,GN954_juodzbalis25,GN954_juodzbalis25,HZA-GN-954,GN-954,1,GN954_juodzbalis25,True,only catalogue measurement in this release,6.759,0.7978843566184635,JADES,,broad-line-agn,robust,individual_robust,juodzbalis25_jades_blagn,"Table 2 (BH/Lbol/lambda_Edd), Table 5 (Mstar)",,,,single-epoch-virial-halpha,,not_reported_by_source,,,Robust sample; Mstar uses BEAGLE value.,10000,20260808,30.0,0.1,1.0,True,split-normal-in-log-mbh,0.31,0.32,0.31,0.32,asymmetric,False,mbh_plus_0p3dex,MBH +0.3 dex,global_comparison,all_sources,0.3,7.45423895211061,7.674364795369939,7.9996154166067335,8.302011388009491,8.496891273150334,seed1e2,2.0,100.0,0.899761457448805,0.9360746353810844,0.9897297787603275,1.039614692557642,1.071763157452809,0.4192
expanded-blagn-v1,measurement,GN954_juodzbalis25,GN954_juodzbalis25,HZA-GN-954,GN-954,1,GN954_juodzbalis25,True,only catalogue measurement in this release,6.759,0.7978843566184635,JADES,,broad-line-agn,robust,individual_robust,juodzbalis25_jades_blagn,"Table 2 (BH/Lbol/lambda_Edd), Table 5 (Mstar)",,,,single-epoch-virial-halpha,,not_reported_by_source,,,Robust sample; Mstar uses BEAGLE value.,10000,20260808,30.0,0.1,1.0,True,split-normal-in-log-mbh,0.31,0.32,0.31,0.32,asymmetric,False,mbh_plus_0p3dex,MBH +0.3 dex,global_comparison,all_sources,0.3,7.45423895211061,7.674364795369939,7.9996154166067335,8.302011388009491,8.496891273150334,seed1e4,4.0,10000.0,0.5698303835267038,0.6061435614589832,0.6597987048382261,0.7096836186355406,0.7418320835307076,0.0
expanded-blagn-v1,measurement,GN954_juodzbalis25,GN954_juodzbalis25,HZA-GN-954,GN-954,1,GN954_juodzbalis25,True,only catalogue measurement in this release,6.759,0.7978843566184635,JADES,,broad-line-agn,robust,individual_robust,juodzbalis25_jades_blagn,"Table 2 (BH/Lbol/lambda_Edd), Table 5 (Mstar)",,,,single-epoch-virial-halpha,,not_reported_by_source,,,Robust sample; Mstar uses BEAGLE value.,10000,20260808,30.0,0.1,1.0,True,split-normal-in-log-mbh,0.31,0.32,0.31,0.32,asymmetric,False,mbh_plus_0p3dex,MBH +0.3 dex,global_comparison,all_sources,0.3,7.45423895211061,7.674364795369939,7.9996154166067335,8.302011388009491,8.496891273150334,seed1e5,5.0,100000.0,0.40486484656565297,0.4411780244979324,0.4948331678771755,0.54471808167449,0.576866546569657,0.0
expanded-blagn-v1,measurement,GS10013704_juodzbalis25,GS10013704_juodzbalis25,HZA-GS-10013704,GS-10013704,1,GS10013704_juodzbalis25,True,only catalogue measurement in this release,5.919,0.947209215281436,JADES,,broad-line-agn,robust,individual_robust,juodzbalis25_jades_blagn,"Table 2 (BH/Lbol/lambda_Edd), Table 5 (Mstar)",,,,single-epoch-virial-halpha,,not_reported_by_source,,,Robust sample; Mstar uses BEAGLE value.,10000,20260808,30.0,0.1,1.0,True,split-normal-in-log-mbh,0.31,0.31,0.31,0.31,symmetric_reported,False,baseline,reported MBH,none,all_sources,0.0,6.935316361831824,7.132210544768035,7.440258241594713,7.7505802953302325,7.959333108158971,seed1e2,2.0,100.0,0.6706603039820063,0.6974162610269312,0.7392768727584264,0.7814465469256436,0.8098139735796984,0.0
expanded-blagn-v1,measurement,GS10013704_juodzbalis25,GS10013704_juodzbalis25,HZA-GS-10013704,GS-10013704,1,GS10013704_juodzbalis25,True,only catalogue measurement in this release,5.919,0.947209215281436,JADES,,broad-line-agn,robust,individual_robust,juodzbalis25_jades_blagn,"Table 2 (BH/Lbol/lambda_Edd), Table 5 (Mstar)",,,,single-epoch-virial-halpha,,not_reported_by_source,,,Robust sample; Mstar uses BEAGLE value.,10000,20260808,30.0,0.1,1.0,True,split-normal-in-log-mbh,0.31,0.31,0.31,0.31,symmetric_reported,False,baseline,reported MBH,none,all_sources,0.0,6.935316361831824,7.132210544768035,7.440258241594713,7.7505802953302325,7.959333108158971,seed1e4,4.0,10000.0,0.3988802376954027,0.42563619474032766,0.4674968064718228,0.5096664806390401,0.5380339072930947,0.0
expanded-blagn-v1,measurement,GS10013704_juodzbalis25,GS10013704_juodzbalis25,HZA-GS-10013704,GS-10013704,1,GS10013704_juodzbalis25,True,only catalogue measurement in this release,5.919,0.947209215281436,JADES,,broad-line-agn,robust,individual_robust,juodzbalis25_jades_blagn,"Table 2 (BH/Lbol/lambda_Edd), Table 5 (Mstar)",,,,single-epoch-virial-halpha,,not_reported_by_source,,,Robust sample; Mstar uses BEAGLE value.,10000,20260808,30.0,0.1,1.0,True,split-normal-in-log-mbh,0.31,0.31,0.31,0.31,symmetric_reported,False,baseline,reported MBH,none,all_sources,0.0,6.935316361831824,7.132210544768035,7.440258241594713,7.7505802953302325,7.959333108158971,seed1e5,5.0,100000.0,0.26299020455210087,0.2897461615970258,0.331606773328521,0.3737764474957382,0.40214387414979286,0.0
expanded-blagn-v1,measurement,GS10013704_juodzbalis25,GS10013704_juodzbalis25,HZA-GS-10013704,GS-10013704,1,GS10013704_juodzbalis25,True,only catalogue measurement in this release,5.919,0.947209215281436,JADES,,broad-line-agn,robust,individual_robust,juodzbalis25_jades_blagn,"Table 2 (BH/Lbol/lambda_Edd), Table 5 (Mstar)",,,,single-epoch-virial-halpha,,not_reported_by_source,,,Robust sample; Mstar uses BEAGLE value.,10000,20260808,30.0,0.1,1.0,True,split-normal-in-log-mbh,0.31,0.31,0.31,0.31,symmetric_reported,False,mbh_minus_0p3dex,MBH -0.3 dex,global_comparison,all_sources,-0.3,6.6353163618318245,6.832210544768035,7.140258241594713,7.450580295330233,7.659333108158971,seed1e2,2.0,100.0,0.629893294039016,0.6566492510839408,0.6985098628154358,0.7406795369826532,0.7690469636367078,0.0
expanded-blagn-v1,measurement,GS10013704_juodzbalis25,GS10013704_juodzbalis25,HZA-GS-10013704,GS-10013704,1,GS10013704_juodzbalis25,True,only catalogue measurement in this release,5.919,0.947209215281436,JADES,,broad-line-agn,robust,individual_robust,juodzbalis25_jades_blagn,"Table 2 (BH/Lbol/lambda_Edd), Table 5 (Mstar)",,,,single-epoch-virial-halpha,,not_reported_by_source,,,Robust sample; Mstar uses BEAGLE value.,10000,20260808,30.0,0.1,1.0,True,split-normal-in-log-mbh,0.31,0.31,0.31,0.31,symmetric_reported,False,mbh_minus_0p3dex,MBH -0.3 dex,global_comparison,all_sources,-0.3,6.6353163618318245,6.832210544768035,7.140258241594713,7.450580295330233,7.659333108158971,seed1e4,4.0,10000.0,0.3581132277524122,0.3848691847973371,0.42672979652883225,0.4688994706960494,0.4972668973501041,0.0
expanded-blagn-v1,measurement,GS10013704_juodzbalis25,GS10013704_juodzbalis25,HZA-GS-10013704,GS-10013704,1,GS10013704_juodzbalis25,True,only catalogue measurement in this release,5.919,0.947209215281436,JADES,,broad-line-agn,robust,individual_robust,juodzbalis25_jades_blagn,"Table 2 (BH/Lbol/lambda_Edd), Table 5 (Mstar)",,,,single-epoch-virial-halpha,,not_reported_by_source,,,Robust sample; Mstar uses BEAGLE value.,10000,20260808,30.0,0.1,1.0,True,split-normal-in-log-mbh,0.31,0.31,0.31,0.31,symmetric_reported,False,mbh_minus_0p3dex,MBH -0.3 dex,global_comparison,all_sources,-0.3,6.6353163618318245,6.832210544768035,7.140258241594713,7.450580295330233,7.659333108158971,seed1e5,5.0,100000.0,0.22222319460911036,0.2489791516540353,0.2908397633855304,0.3330094375527476,0.3613768642068024,0.0
expanded-blagn-v1,measurement,GS10013704_juodzbalis25,GS10013704_juodzbalis25,HZA-GS-10013704,GS-10013704,1,GS10013704_juodzbalis25,True,only catalogue measurement in this release,5.919,0.947209215281436,JADES,,broad-line-agn,robust,individual_robust,juodzbalis25_jades_blagn,"Table 2 (BH/Lbol/lambda_Edd), Table 5 (Mstar)",,,,single-epoch-virial-halpha,,not_reported_by_source,,,Robust sample; Mstar uses BEAGLE value.,10000,20260808,30.0,0.1,1.0,True,split-normal-in-log-mbh,0.31,0.31,0.31,0.31,symmetric_reported,False,mbh_plus_0p3dex,MBH +0.3 dex,global_comparison,all_sources,0.3,7.235316361831824,7.432210544768035,7.740258241594713,8.050580295330233,8.259333108158971,seed1e2,2.0,100.0,0.7114273139249969,0.7381832709699218,0.7800438827014169,0.8222135568686342,0.850580983522689,0.0
expanded-blagn-v1,measurement,GS10013704_juodzbalis25,GS10013704_juodzbalis25,HZA-GS-10013704,GS-10013704,1,GS10013704_juodzbalis25,True,only catalogue measurement in this release,5.919,0.947209215281436,JADES,,broad-line-agn,robust,individual_robust,juodzbalis25_jades_blagn,"Table 2 (BH/Lbol/lambda_Edd), Table 5 (Mstar)",,,,single-epoch-virial-halpha,,not_reported_by_source,,,Robust sample; Mstar uses BEAGLE value.,10000,20260808,30.0,0.1,1.0,True,split-normal-in-log-mbh,0.31,0.31,0.31,0.31,symmetric_reported,False,mbh_plus_0p3dex,MBH +0.3 dex,global_comparison,all_sources,0.3,7.235316361831824,7.432210544768035,7.740258241594713,8.050580295330233,8.259333108158971,seed1e4,4.0,10000.0,0.43964724763839325,0.4664032046833182,0.5082638164148132,0.5504334905820306,0.5788009172360853,0.0
expanded-blagn-v1,measurement,GS10013704_juodzbalis25,GS10013704_juodzbalis25,HZA-GS-10013704,GS-10013704,1,GS10013704_juodzbalis25,True,only catalogue measurement in this release,5.919,0.947209215281436,JADES,,broad-line-agn,robust,individual_robust,juodzbalis25_jades_blagn,"Table 2 (BH/Lbol/lambda_Edd), Table 5 (Mstar)",,,,single-epoch-virial-halpha,,not_reported_by_source,,,Robust sample; Mstar uses BEAGLE value.,10000,20260808,30.0,0.1,1.0,True,split-normal-in-log-mbh,0.31,0.31,0.31,0.31,symmetric_reported,False,mbh_plus_0p3dex,MBH +0.3 dex,global_comparison,all_sources,0.3,7.235316361831824,7.432210544768035,7.740258241594713,8.050580295330233,8.259333108158971,seed1e5,5.0,100000.0,0.30375721449509147,0.3305131715400163,0.3723737832715115,0.4145434574387287,0.4429108840927835,0.0
expanded-blagn-v1,measurement,GS159717_juodzbalis25,GS159717_juodzbalis25,HZA-GS-159717,GS-159717,1,GS159717_juodzbalis25,True,only catalogue measurement in this release,5.077,1.1501440446728537,JADES,,broad-line-agn,robust,individual_robust,juodzbalis25_jades_blagn,"Table 2 (BH/Lbol/lambda_Edd), Table 5 (Mstar)",,,,single-epoch-virial-halpha,,not_reported_by_source,,,Robust sample; BEAGLE Mstar unavailable in Table 5.,10000,20260808,30.0,0.1,1.0,True,split-normal-in-log-mbh,0.3,0.3,0.3,0.3,symmetric_reported,False,baseline,reported MBH,none,all_sources,0.0,6.9403764414873566,7.151887093678091,7.447122549269937,7.741895380558478,7.938978475519319,seed1e2,2.0,100.0,0.5416152414535017,0.5648032301246209,0.5971699990257111,0.629486050258481,0.6510923406551462,0.0
expanded-blagn-v1,measurement,GS159717_juodzbalis25,GS159717_juodzbalis25,HZA-GS-159717,GS-159717,1,GS159717_juodzbalis25,True,only catalogue measurement in this release,5.077,1.1501440446728537,JADES,,broad-line-agn,robust,individual_robust,juodzbalis25_jades_blagn,"Table 2 (BH/Lbol/lambda_Edd), Table 5 (Mstar)",,,,single-epoch-virial-halpha,,not_reported_by_source,,,Robust sample; BEAGLE Mstar unavailable in Table 5.,10000,20260808,30.0,0.1,1.0,True,split-normal-in-log-mbh,0.3,0.3,0.3,0.3,symmetric_reported,False,baseline,reported MBH,none,all_sources,0.0,6.9403764414873566,7.151887093678091,7.447122549269937,7.741895380558478,7.938978475519319,seed1e4,4.0,10000.0,0.3223545240291257,0.3455425127002449,0.3779092816013351,0.410225332834105,0.4318316232307702,0.0
expanded-blagn-v1,measurement,GS159717_juodzbalis25,GS159717_juodzbalis25,HZA-GS-159717,GS-159717,1,GS159717_juodzbalis25,True,only catalogue measurement in this release,5.077,1.1501440446728537,JADES,,broad-line-agn,robust,individual_robust,juodzbalis25_jades_blagn,"Table 2 (BH/Lbol/lambda_Edd), Table 5 (Mstar)",,,,single-epoch-virial-halpha,,not_reported_by_source,,,Robust sample; BEAGLE Mstar unavailable in Table 5.,10000,20260808,30.0,0.1,1.0,True,split-normal-in-log-mbh,0.3,0.3,0.3,0.3,symmetric_reported,False,baseline,reported MBH,none,all_sources,0.0,6.9403764414873566,7.151887093678091,7.447122549269937,7.741895380558478,7.938978475519319,seed1e5,5.0,100000.0,0.21272416531693772,0.23591215398805687,0.2682789228891471,0.30059497412191705,0.3222012645185822,0.0
expanded-blagn-v1,measurement,GS159717_juodzbalis25,GS159717_juodzbalis25,HZA-GS-159717,GS-159717,1,GS159717_juodzbalis25,True,only catalogue measurement in this release,5.077,1.1501440446728537,JADES,,broad-line-agn,robust,individual_robust,juodzbalis25_jades_blagn,"Table 2 (BH/Lbol/lambda_Edd), Table 5 (Mstar)",,,,single-epoch-virial-halpha,,not_reported_by_source,,,Robust sample; BEAGLE Mstar unavailable in Table 5.,10000,20260808,30.0,0.1,1.0,True,split-normal-in-log-mbh,0.3,0.3,0.3,0.3,symmetric_reported,False,mbh_minus_0p3dex,MBH -0.3 dex,global_comparison,all_sources,-0.3,6.640376441487357,6.851887093678092,7.1471225492699375,7.441895380558478,7.638978475519319,seed1e2,2.0,100.0,0.5087261338398452,0.5319141225109644,0.5642808914120547,0.5965969426448247,0.6182032330414899,0.0
expanded-blagn-v1,measurement,GS159717_juodzbalis25,GS159717_juodzbalis25,HZA-GS-159717,GS-159717,1,GS159717_juodzbalis25,True,only catalogue measurement in this release,5.077,1.1501440446728537,JADES,,broad-line-agn,robust,individual_robust,juodzbalis25_jades_blagn,"Table 2 (BH/Lbol/lambda_Edd), Table 5 (Mstar)",,,,single-epoch-virial-halpha,,not_reported_by_source,,,Robust sample; BEAGLE Mstar unavailable in Table 5.,10000,20260808,30.0,0.1,1.0,True,split-normal-in-log-mbh,0.3,0.3,0.3,0.3,symmetric_reported,False,mbh_minus_0p3dex,MBH -0.3 dex,global_comparison,all_sources,-0.3,6.640376441487357,6.851887093678092,7.1471225492699375,7.441895380558478,7.638978475519319,seed1e4,4.0,10000.0,0.2894654164154693,0.3126534050865885,0.3450201739876787,0.3773362252204486,0.3989425156171139,0.0
expanded-blagn-v1,measurement,GS159717_juodzbalis25,GS159717_juodzbalis25,HZA-GS-159717,GS-159717,1,GS159717_juodzbalis25,True,only catalogue measurement in this release,5.077,1.1501440446728537,JADES,,broad-line-agn,robust,individual_robust,juodzbalis25_jades_blagn,"Table 2 (BH/Lbol/lambda_Edd), Table 5 (Mstar)",,,,single-epoch-virial-halpha,,not_reported_by_source,,,Robust sample; BEAGLE Mstar unavailable in Table 5.,10000,20260808,30.0,0.1,1.0,True,split-normal-in-log-mbh,0.3,0.3,0.3,0.3,symmetric_reported,False,mbh_minus_0p3dex,MBH -0.3 dex,global_comparison,all_sources,-0.3,6.640376441487357,6.851887093678092,7.1471225492699375,7.441895380558478,7.638978475519319,seed1e5,5.0,100000.0,0.17983505770328134,0.20302304637440047,0.23538981527549074,0.2677058665082606,0.28931215690492584,0.0
expanded-blagn-v1,measurement,GS159717_juodzbalis25,GS159717_juodzbalis25,HZA-GS-159717,GS-159717,1,GS159717_juodzbalis25,True,only catalogue measurement in this release,5.077,1.1501440446728537,JADES,,broad-line-agn,robust,individual_robust,juodzbalis25_jades_blagn,"Table 2 (BH/Lbol/lambda_Edd), Table 5 (Mstar)",,,,single-epoch-virial-halpha,,not_reported_by_source,,,Robust sample; BEAGLE Mstar unavailable in Table 5.,10000,20260808,30.0,0.1,1.0,True,split-normal-in-log-mbh,0.3,0.3,0.3,0.3,symmetric_reported,False,mbh_plus_0p3dex,MBH +0.3 dex,global_comparison,all_sources,0.3,7.240376441487356,7.451887093678091,7.747122549269937,8.041895380558477,8.238978475519318,seed1e2,2.0,100.0,0.5745043490671581,0.5976923377382771,0.6300591066393675,0.6623751578721375,0.6839814482688026,0.0
expanded-blagn-v1,measurement,GS159717_juodzbalis25,GS159717_juodzbalis25,HZA-GS-159717,GS-159717,1,GS159717_juodzbalis25,True,only catalogue measurement in this release,5.077,1.1501440446728537,JADES,,broad-line-agn,robust,individual_robust,juodzbalis25_jades_blagn,"Table 2 (BH/Lbol/lambda_Edd), Table 5 (Mstar)",,,,single-epoch-virial-halpha,,not_reported_by_source,,,Robust sample; BEAGLE Mstar unavailable in Table 5.,10000,20260808,30.0,0.1,1.0,True,split-normal-in-log-mbh,0.3,0.3,0.3,0.3,symmetric_reported,False,mbh_plus_0p3dex,MBH +0.3 dex,global_comparison,all_sources,0.3,7.240376441487356,7.451887093678091,7.747122549269937,8.041895380558477,8.238978475519318,seed1e4,4.0,10000.0,0.35524363164278205,0.37843162031390115,0.41079838921499146,0.44311444044776155,0.46472073084442667,0.0
expanded-blagn-v1,measurement,GS159717_juodzbalis25,GS159717_juodzbalis25,HZA-GS-159717,GS-159717,1,GS159717_juodzbalis25,True,only catalogue measurement in this release,5.077,1.1501440446728537,JADES,,broad-line-agn,robust,individual_robust,juodzbalis25_jades_blagn,"Table 2 (BH/Lbol/lambda_Edd), Table 5 (Mstar)",,,,single-epoch-virial-halpha,,not_reported_by_source,,,Robust sample; BEAGLE Mstar unavailable in Table 5.,10000,20260808,30.0,0.1,1.0,True,split-normal-in-log-mbh,0.3,0.3,0.3,0.3,symmetric_reported,False,mbh_plus_0p3dex,MBH +0.3 dex,global_comparison,all_sources,0.3,7.240376441487356,7.451887093678091,7.747122549269937,8.041895380558477,8.238978475519318,seed1e5,5.0,100000.0,0.2456132729305941,0.2688012616017132,0.3011680305028035,0.3334840817355735,0.3550903721322386,0.0
expanded-blagn-v1,measurement,GS164055_juodzbalis25,GS164055_juodzbalis25,HZA-GS-164055,GS-164055,1,GS164055_juodzbalis25,True,only catalogue measurement in this release,7.397,0.7088155769811714,JADES,,broad-line-agn,tentative,stack_supported_tentative_hbeta,juodzbalis25_jades_blagn,"Table 2 (BH/Lbol/lambda_Edd), Table 5 (Mstar)",,,,single-epoch-virial-hbeta,,not_reported_by_source,,,Tentative broad-Hbeta sample; individual detection not formally significant; stack-supported; source-adopted CIGALE Mstar used because the host is significantly extended.,10000,20260808,30.0,0.1,1.0,True,split-normal-in-log-mbh,0.59,0.66,0.59,0.66,asymmetric,False,baseline,reported MBH,none,all_sources,0.0,6.579019445077022,6.990884899839855,7.655420622398573,8.225984904553949,8.619413765206625,seed1e2,2.0,100.0,0.8658887623871779,0.943772176767093,1.06943532829336,1.1773285587248234,1.2517256285176148,0.7069
expanded-blagn-v1,measurement,GS164055_juodzbalis25,GS164055_juodzbalis25,HZA-GS-164055,GS-164055,1,GS164055_juodzbalis25,True,only catalogue measurement in this release,7.397,0.7088155769811714,JADES,,broad-line-agn,tentative,stack_supported_tentative_hbeta,juodzbalis25_jades_blagn,"Table 2 (BH/Lbol/lambda_Edd), Table 5 (Mstar)",,,,single-epoch-virial-hbeta,,not_reported_by_source,,,Tentative broad-Hbeta sample; individual detection not formally significant; stack-supported; source-adopted CIGALE Mstar used because the host is significantly extended.,10000,20260808,30.0,0.1,1.0,True,split-normal-in-log-mbh,0.59,0.66,0.59,0.66,asymmetric,False,baseline,reported MBH,none,all_sources,0.0,6.579019445077022,6.990884899839855,7.655420622398573,8.225984904553949,8.619413765206625,seed1e4,4.0,10000.0,0.48769042854166045,0.5655738429215755,0.6912369944478426,0.799130224879306,0.8735272946720972,0.0022
expanded-blagn-v1,measurement,GS164055_juodzbalis25,GS164055_juodzbalis25,HZA-GS-164055,GS-164055,1,GS164055_juodzbalis25,True,only catalogue measurement in this release,7.397,0.7088155769811714,JADES,,broad-line-agn,tentative,stack_supported_tentative_hbeta,juodzbalis25_jades_blagn,"Table 2 (BH/Lbol/lambda_Edd), Table 5 (Mstar)",,,,single-epoch-virial-hbeta,,not_reported_by_source,,,Tentative broad-Hbeta sample; individual detection not formally significant; stack-supported; source-adopted CIGALE Mstar used because the host is significantly extended.,10000,20260808,30.0,0.1,1.0,True,split-normal-in-log-mbh,0.59,0.66,0.59,0.66,asymmetric,False,baseline,reported MBH,none,all_sources,0.0,6.579019445077022,6.990884899839855,7.655420622398573,8.225984904553949,8.619413765206625,seed1e5,5.0,100000.0,0.2985912616189016,0.3764746759988168,0.5021378275250838,0.6100310579565472,0.6844281277493384,0.0
expanded-blagn-v1,measurement,GS164055_juodzbalis25,GS164055_juodzbalis25,HZA-GS-164055,GS-164055,1,GS164055_juodzbalis25,True,only catalogue measurement in this release,7.397,0.7088155769811714,JADES,,broad-line-agn,tentative,stack_supported_tentative_hbeta,juodzbalis25_jades_blagn,"Table 2 (BH/Lbol/lambda_Edd), Table 5 (Mstar)",,,,single-epoch-virial-hbeta,,not_reported_by_source,,,Tentative broad-Hbeta sample; individual detection not formally significant; stack-supported; source-adopted CIGALE Mstar used because the host is significantly extended.,10000,20260808,30.0,0.1,1.0,True,split-normal-in-log-mbh,0.59,0.66,0.59,0.66,asymmetric,False,mbh_minus_0p3dex,MBH -0.3 dex,global_comparison,all_sources,-0.3,6.279019445077022,6.690884899839856,7.355420622398574,7.925984904553949,8.319413765206624,seed1e2,2.0,100.0,0.8091590123103505,0.8870424266902657,1.0127055782165326,1.120598808647996,1.194995878440787,0.5416
expanded-blagn-v1,measurement,GS164055_juodzbalis25,GS164055_juodzbalis25,HZA-GS-164055,GS-164055,1,GS164055_juodzbalis25,True,only catalogue measurement in this release,7.397,0.7088155769811714,JADES,,broad-line-agn,tentative,stack_supported_tentative_hbeta,juodzbalis25_jades_blagn,"Table 2 (BH/Lbol/lambda_Edd), Table 5 (Mstar)",,,,single-epoch-virial-hbeta,,not_reported_by_source,,,Tentative broad-Hbeta sample; individual detection not formally significant; stack-supported; source-adopted CIGALE Mstar used because the host is significantly extended.,10000,20260808,30.0,0.1,1.0,True,split-normal-in-log-mbh,0.59,0.66,0.59,0.66,asymmetric,False,mbh_minus_0p3dex,MBH -0.3 dex,global_comparison,all_sources,-0.3,6.279019445077022,6.690884899839856,7.355420622398574,7.925984904553949,8.319413765206624,seed1e4,4.0,10000.0,0.4309606784648328,0.5088440928447479,0.634507244371015,0.7424004748024785,0.8167975445952693,0.0002
expanded-blagn-v1,measurement,GS164055_juodzbalis25,GS164055_juodzbalis25,HZA-GS-164055,GS-164055,1,GS164055_juodzbalis25,True,only catalogue measurement in this release,7.397,0.7088155769811714,JADES,,broad-line-agn,tentative,stack_supported_tentative_hbeta,juodzbalis25_jades_blagn,"Table 2 (BH/Lbol/lambda_Edd), Table 5 (Mstar)",,,,single-epoch-virial-hbeta,,not_reported_by_source,,,Tentative broad-Hbeta sample; individual detection not formally significant; stack-supported; source-adopted CIGALE Mstar used because the host is significantly extended.,10000,20260808,30.0,0.1,1.0,True,split-normal-in-log-mbh,0.59,0.66,0.59,0.66,asymmetric,False,mbh_minus_0p3dex,MBH -0.3 dex,global_comparison,all_sources,-0.3,6.279019445077022,6.690884899839856,7.355420622398574,7.925984904553949,8.319413765206624,seed1e5,5.0,100000.0,0.24186151154207408,0.3197449259219892,0.4454080774482563,0.5533013078797198,0.6276983776725107,0.0
expanded-blagn-v1,measurement,GS164055_juodzbalis25,GS164055_juodzbalis25,HZA-GS-164055,GS-164055,1,GS164055_juodzbalis25,True,only catalogue measurement in this release,7.397,0.7088155769811714,JADES,,broad-line-agn,tentative,stack_supported_tentative_hbeta,juodzbalis25_jades_blagn,"Table 2 (BH/Lbol/lambda_Edd), Table 5 (Mstar)",,,,single-epoch-virial-hbeta,,not_reported_by_source,,,Tentative broad-Hbeta sample; individual detection not formally significant; stack-supported; source-adopted CIGALE Mstar used because the host is significantly extended.,10000,20260808,30.0,0.1,1.0,True,split-normal-in-log-mbh,0.59,0.66,0.59,0.66,asymmetric,False,mbh_plus_0p3dex,MBH +0.3 dex,global_comparison,all_sources,0.3,6.879019445077022,7.290884899839855,7.955420622398574,8.52598490455395,8.919413765206626,seed1e2,2.0,100.0,0.9226185124640056,1.0005019268439206,1.126165078370188,1.2340583088016515,1.3084553785944426,0.841
expanded-blagn-v1,measurement,GS164055_juodzbalis25,GS164055_juodzbalis25,HZA-GS-164055,GS-164055,1,GS164055_juodzbalis25,True,only catalogue measurement in this release,7.397,0.7088155769811714,JADES,,broad-line-agn,tentative,stack_supported_tentative_hbeta,juodzbalis25_jades_blagn,"Table 2 (BH/Lbol/lambda_Edd), Table 5 (Mstar)",,,,single-epoch-virial-hbeta,,not_reported_by_source,,,Tentative broad-Hbeta sample; individual detection not formally significant; stack-supported; source-adopted CIGALE Mstar used because the host is significantly extended.,10000,20260808,30.0,0.1,1.0,True,split-normal-in-log-mbh,0.59,0.66,0.59,0.66,asymmetric,False,mbh_plus_0p3dex,MBH +0.3 dex,global_comparison,all_sources,0.3,6.879019445077022,7.290884899839855,7.955420622398574,8.52598490455395,8.919413765206626,seed1e4,4.0,10000.0,0.5444201786184881,0.6223035929984032,0.7479667445246703,0.8558599749561338,0.9302570447489249,0.0116
expanded-blagn-v1,measurement,GS164055_juodzbalis25,GS164055_juodzbalis25,HZA-GS-164055,GS-164055,1,GS164055_juodzbalis25,True,only catalogue measurement in this release,7.397,0.7088155769811714,JADES,,broad-line-agn,tentative,stack_supported_tentative_hbeta,juodzbalis25_jades_blagn,"Table 2 (BH/Lbol/lambda_Edd), Table 5 (Mstar)",,,,single-epoch-virial-hbeta,,not_reported_by_source,,,Tentative broad-Hbeta sample; individual detection not formally significant; stack-supported; source-adopted CIGALE Mstar used because the host is significantly extended.,10000,20260808,30.0,0.1,1.0,True,split-normal-in-log-mbh,0.59,0.66,0.59,0.66,asymmetric,False,mbh_plus_0p3dex,MBH +0.3 dex,global_comparison,all_sources,0.3,6.879019445077022,7.290884899839855,7.955420622398574,8.52598490455395,8.919413765206626,seed1e5,5.0,100000.0,0.3553210116957292,0.4332044260756444,0.5588675776019115,0.6667608080333751,0.7411578778261662,0.0
expanded-blagn-v1,measurement,GS172975_juodzbalis25,GS172975_juodzbalis25,HZA-GS-172975,GS-172975,1,GS172975_juodzbalis25,True,only catalogue measurement in this release,4.741,1.2522045591007307,JADES,,broad-line-agn,robust,individual_robust,juodzbalis25_jades_blagn,"Table 2 (BH/Lbol/lambda_Edd), Table 5 (Mstar)",,,,single-epoch-virial-halpha,,not_reported_by_source,,,Robust sample; Mstar uses BEAGLE value.,10000,20260808,30.0,0.1,1.0,True,split-normal-in-log-mbh,0.32,0.32,0.32,0.32,symmetric_reported,False,baseline,reported MBH,none,all_sources,0.0,6.727957389219493,6.934766041428806,7.247449625899942,7.561418700785763,7.760681655840775,seed1e2,2.0,100.0,0.47241557079743646,0.4930798068377362,0.5243230228560823,0.5556946845514966,0.5756049576148157,0.0
expanded-blagn-v1,measurement,GS172975_juodzbalis25,GS172975_juodzbalis25,HZA-GS-172975,GS-172975,1,GS172975_juodzbalis25,True,only catalogue measurement in this release,4.741,1.2522045591007307,JADES,,broad-line-agn,robust,individual_robust,juodzbalis25_jades_blagn,"Table 2 (BH/Lbol/lambda_Edd), Table 5 (Mstar)",,,,single-epoch-virial-halpha,,not_reported_by_source,,,Robust sample; Mstar uses BEAGLE value.,10000,20260808,30.0,0.1,1.0,True,split-normal-in-log-mbh,0.32,0.32,0.32,0.32,symmetric_reported,False,baseline,reported MBH,none,all_sources,0.0,6.727957389219493,6.934766041428806,7.247449625899942,7.561418700785763,7.760681655840775,seed1e4,4.0,10000.0,0.2725763878662957,0.29324062390659544,0.32448383992494156,0.3558555016203559,0.37576577468367495,0.0
expanded-blagn-v1,measurement,GS172975_juodzbalis25,GS172975_juodzbalis25,HZA-GS-172975,GS-172975,1,GS172975_juodzbalis25,True,only catalogue measurement in this release,4.741,1.2522045591007307,JADES,,broad-line-agn,robust,individual_robust,juodzbalis25_jades_blagn,"Table 2 (BH/Lbol/lambda_Edd), Table 5 (Mstar)",,,,single-epoch-virial-halpha,,not_reported_by_source,,,Robust sample; Mstar uses BEAGLE value.,10000,20260808,30.0,0.1,1.0,True,split-normal-in-log-mbh,0.32,0.32,0.32,0.32,symmetric_reported,False,baseline,reported MBH,none,all_sources,0.0,6.727957389219493,6.934766041428806,7.247449625899942,7.561418700785763,7.760681655840775,seed1e5,5.0,100000.0,0.17265679640072532,0.1933210324410251,0.22456424845937117,0.2559359101547855,0.2758461832181046,0.0
expanded-blagn-v1,measurement,GS172975_juodzbalis25,GS172975_juodzbalis25,HZA-GS-172975,GS-172975,1,GS172975_juodzbalis25,True,only catalogue measurement in this release,4.741,1.2522045591007307,JADES,,broad-line-agn,robust,individual_robust,juodzbalis25_jades_blagn,"Table 2 (BH/Lbol/lambda_Edd), Table 5 (Mstar)",,,,single-epoch-virial-halpha,,not_reported_by_source,,,Robust sample; Mstar uses BEAGLE value.,10000,20260808,30.0,0.1,1.0,True,split-normal-in-log-mbh,0.32,0.32,0.32,0.32,symmetric_reported,False,mbh_minus_0p3dex,MBH -0.3 dex,global_comparison,all_sources,-0.3,6.427957389219493,6.634766041428806,6.947449625899942,7.261418700785764,7.460681655840776,seed1e2,2.0,100.0,0.44243969335776534,0.4631039293980651,0.4943471454164112,0.5257188071118255,0.5456290801751447,0.0
expanded-blagn-v1,measurement,GS172975_juodzbalis25,GS172975_juodzbalis25,HZA-GS-172975,GS-172975,1,GS172975_juodzbalis25,True,only catalogue measurement in this release,4.741,1.2522045591007307,JADES,,broad-line-agn,robust,individual_robust,juodzbalis25_jades_blagn,"Table 2 (BH/Lbol/lambda_Edd), Table 5 (Mstar)",,,,single-epoch-virial-halpha,,not_reported_by_source,,,Robust sample; Mstar uses BEAGLE value.,10000,20260808,30.0,0.1,1.0,True,split-normal-in-log-mbh,0.32,0.32,0.32,0.32,symmetric_reported,False,mbh_minus_0p3dex,MBH -0.3 dex,global_comparison,all_sources,-0.3,6.427957389219493,6.634766041428806,6.947449625899942,7.261418700785764,7.460681655840776,seed1e4,4.0,10000.0,0.24260051042662462,0.26326474646692444,0.29450796248527045,0.3258796241806847,0.3457898972440039,0.0
expanded-blagn-v1,measurement,GS172975_juodzbalis25,GS172975_juodzbalis25,HZA-GS-172975,GS-172975,1,GS172975_juodzbalis25,True,only catalogue measurement in this release,4.741,1.2522045591007307,JADES,,broad-line-agn,robust,individual_robust,juodzbalis25_jades_blagn,"Table 2 (BH/Lbol/lambda_Edd), Table 5 (Mstar)",,,,single-epoch-virial-halpha,,not_reported_by_source,,,Robust sample; Mstar uses BEAGLE value.,10000,20260808,30.0,0.1,1.0,True,split-normal-in-log-mbh,0.32,0.32,0.32,0.32,symmetric_reported,False,mbh_minus_0p3dex,MBH -0.3 dex,global_comparison,all_sources,-0.3,6.427957389219493,6.634766041428806,6.947449625899942,7.261418700785764,7.460681655840776,seed1e5,5.0,100000.0,0.14268091896105423,0.163345155001354,0.1945883710197001,0.22596003271511436,0.24587030577843352,0.0
expanded-blagn-v1,measurement,GS172975_juodzbalis25,GS172975_juodzbalis25,HZA-GS-172975,GS-172975,1,GS172975_juodzbalis25,True,only catalogue measurement in this release,4.741,1.2522045591007307,JADES,,broad-line-agn,robust,individual_robust,juodzbalis25_jades_blagn,"Table 2 (BH/Lbol/lambda_Edd), Table 5 (Mstar)",,,,single-epoch-virial-halpha,,not_reported_by_source,,,Robust sample; Mstar uses BEAGLE value.,10000,20260808,30.0,0.1,1.0,True,split-normal-in-log-mbh,0.32,0.32,0.32,0.32,symmetric_reported,False,mbh_plus_0p3dex,MBH +0.3 dex,global_comparison,all_sources,0.3,7.027957389219493,7.234766041428806,7.547449625899942,7.861418700785763,8.060681655840776,seed1e2,2.0,100.0,0.5023914482371075,0.5230556842774073,0.5542989002957535,0.5856705619911677,0.6055808350544869,0.0
expanded-blagn-v1,measurement,GS172975_juodzbalis25,GS172975_juodzbalis25,HZA-GS-172975,GS-172975,1,GS172975_juodzbalis25,True,only catalogue measurement in this release,4.741,1.2522045591007307,JADES,,broad-line-agn,robust,individual_robust,juodzbalis25_jades_blagn,"Table 2 (BH/Lbol/lambda_Edd), Table 5 (Mstar)",,,,single-epoch-virial-halpha,,not_reported_by_source,,,Robust sample; Mstar uses BEAGLE value.,10000,20260808,30.0,0.1,1.0,True,split-normal-in-log-mbh,0.32,0.32,0.32,0.32,symmetric_reported,False,mbh_plus_0p3dex,MBH +0.3 dex,global_comparison,all_sources,0.3,7.027957389219493,7.234766041428806,7.547449625899942,7.861418700785763,8.060681655840776,seed1e4,4.0,10000.0,0.3025522653059668,0.3232165013462665,0.3544597173646126,0.3858313790600269,0.4057416521233461,0.0
expanded-blagn-v1,measurement,GS172975_juodzbalis25,GS172975_juodzbalis25,HZA-GS-172975,GS-172975,1,GS172975_juodzbalis25,True,only catalogue measurement in this release,4.741,1.2522045591007307,JADES,,broad-line-agn,robust,individual_robust,juodzbalis25_jades_blagn,"Table 2 (BH/Lbol/lambda_Edd), Table 5 (Mstar)",,,,single-epoch-virial-halpha,,not_reported_by_source,,,Robust sample; Mstar uses BEAGLE value.,10000,20260808,30.0,0.1,1.0,True,split-normal-in-log-mbh,0.32,0.32,0.32,0.32,symmetric_reported,False,mbh_plus_0p3dex,MBH +0.3 dex,global_comparison,all_sources,0.3,7.027957389219493,7.234766041428806,7.547449625899942,7.861418700785763,8.060681655840776,seed1e5,5.0,100000.0,0.2026326738403964,0.22329690988069614,0.2545401258990423,0.2859117875944565,0.3058220606577757,0.0
expanded-blagn-v1,measurement,GS20030333_juodzbalis25,GS20030333_juodzbalis25,HZA-GS-20030333,GS-20030333,1,GS20030333_juodzbalis25,True,only catalogue measurement in this release,7.891,0.6506319125565291,JADES,,broad-line-agn,tentative,stack_supported_tentative_hbeta,juodzbalis25_jades_blagn,"Table 2 (BH/Lbol/lambda_Edd), Table 5 (Mstar)",,,,single-epoch-virial-hbeta,,not_reported_by_source,,,Tentative broad-Hbeta sample; individual detection not formally significant; stack-supported; source-adopted CIGALE Mstar used because BEAGLE Mstar is unavailable.,10000,20260808,30.0,0.1,1.0,True,split-normal-in-log-mbh,0.65,0.48,0.65,0.48,asymmetric,False,baseline,reported MBH,none,all_sources,0.0,6.630086533302705,6.941626805345717,7.4136582958012305,8.063870731605915,8.492799966843506,seed1e2,2.0,100.0,0.968059409074141,1.033196310833432,1.1318887483133855,1.2678352931242338,1.3575159025495909,0.9083
expanded-blagn-v1,measurement,GS20030333_juodzbalis25,GS20030333_juodzbalis25,HZA-GS-20030333,GS-20030333,1,GS20030333_juodzbalis25,True,only catalogue measurement in this release,7.891,0.6506319125565291,JADES,,broad-line-agn,tentative,stack_supported_tentative_hbeta,juodzbalis25_jades_blagn,"Table 2 (BH/Lbol/lambda_Edd), Table 5 (Mstar)",,,,single-epoch-virial-hbeta,,not_reported_by_source,,,Tentative broad-Hbeta sample; individual detection not formally significant; stack-supported; source-adopted CIGALE Mstar used because BEAGLE Mstar is unavailable.,10000,20260808,30.0,0.1,1.0,True,split-normal-in-log-mbh,0.65,0.48,0.65,0.48,asymmetric,False,baseline,reported MBH,none,all_sources,0.0,6.630086533302705,6.941626805345717,7.4136582958012305,8.063870731605915,8.492799966843506,seed1e4,4.0,10000.0,0.5498990131026167,0.6150359148619077,0.7137283523418609,0.8496748971527093,0.9393555065780664,0.017
expanded-blagn-v1,measurement,GS20030333_juodzbalis25,GS20030333_juodzbalis25,HZA-GS-20030333,GS-20030333,1,GS20030333_juodzbalis25,True,only catalogue measurement in this release,7.891,0.6506319125565291,JADES,,broad-line-agn,tentative,stack_supported_tentative_hbeta,juodzbalis25_jades_blagn,"Table 2 (BH/Lbol/lambda_Edd), Table 5 (Mstar)",,,,single-epoch-virial-hbeta,,not_reported_by_source,,,Tentative broad-Hbeta sample; individual detection not formally significant; stack-supported; source-adopted CIGALE Mstar used because BEAGLE Mstar is unavailable.,10000,20260808,30.0,0.1,1.0,True,split-normal-in-log-mbh,0.65,0.48,0.65,0.48,asymmetric,False,baseline,reported MBH,none,all_sources,0.0,6.630086533302705,6.941626805345717,7.4136582958012305,8.063870731605915,8.492799966843506,seed1e5,5.0,100000.0,0.3408188151168543,0.40595571687614546,0.5046481543560987,0.6405946991669471,0.7302753085923042,0.0001
expanded-blagn-v1,measurement,GS20030333_juodzbalis25,GS20030333_juodzbalis25,HZA-GS-20030333,GS-20030333,1,GS20030333_juodzbalis25,True,only catalogue measurement in this release,7.891,0.6506319125565291,JADES,,broad-line-agn,tentative,stack_supported_tentative_hbeta,juodzbalis25_jades_blagn,"Table 2 (BH/Lbol/lambda_Edd), Table 5 (Mstar)",,,,single-epoch-virial-hbeta,,not_reported_by_source,,,Tentative broad-Hbeta sample; individual detection not formally significant; stack-supported; source-adopted CIGALE Mstar used because BEAGLE Mstar is unavailable.,10000,20260808,30.0,0.1,1.0,True,split-normal-in-log-mbh,0.65,0.48,0.65,0.48,asymmetric,False,mbh_minus_0p3dex,MBH -0.3 dex,global_comparison,all_sources,-0.3,6.330086533302705,6.641626805345717,7.11365829580123,7.763870731605915,8.192799966843506,seed1e2,2.0,100.0,0.9053353496784124,0.9704722514377037,1.069164688917657,1.2051112337285053,1.294791843153862,0.7591
expanded-blagn-v1,measurement,GS20030333_juodzbalis25,GS20030333_juodzbalis25,HZA-GS-20030333,GS-20030333,1,GS20030333_juodzbalis25,True,only catalogue measurement in this release,7.891,0.6506319125565291,JADES,,broad-line-agn,tentative,stack_supported_tentative_hbeta,juodzbalis25_jades_blagn,"Table 2 (BH/Lbol/lambda_Edd), Table 5 (Mstar)",,,,single-epoch-virial-hbeta,,not_reported_by_source,,,Tentative broad-Hbeta sample; individual detection not formally significant; stack-supported; source-adopted CIGALE Mstar used because BEAGLE Mstar is unavailable.,10000,20260808,30.0,0.1,1.0,True,split-normal-in-log-mbh,0.65,0.48,0.65,0.48,asymmetric,False,mbh_minus_0p3dex,MBH -0.3 dex,global_comparison,all_sources,-0.3,6.330086533302705,6.641626805345717,7.11365829580123,7.763870731605915,8.192799966843506,seed1e4,4.0,10000.0,0.4871749537068879,0.552311855466179,0.6510042929461324,0.7869508377569808,0.8766314471823377,0.0046
expanded-blagn-v1,measurement,GS20030333_juodzbalis25,GS20030333_juodzbalis25,HZA-GS-20030333,GS-20030333,1,GS20030333_juodzbalis25,True,only catalogue measurement in this release,7.891,0.6506319125565291,JADES,,broad-line-agn,tentative,stack_supported_tentative_hbeta,juodzbalis25_jades_blagn,"Table 2 (BH/Lbol/lambda_Edd), Table 5 (Mstar)",,,,single-epoch-virial-hbeta,,not_reported_by_source,,,Tentative broad-Hbeta sample; individual detection not formally significant; stack-supported; source-adopted CIGALE Mstar used because BEAGLE Mstar is unavailable.,10000,20260808,30.0,0.1,1.0,True,split-normal-in-log-mbh,0.65,0.48,0.65,0.48,asymmetric,False,mbh_minus_0p3dex,MBH -0.3 dex,global_comparison,all_sources,-0.3,6.330086533302705,6.641626805345717,7.11365829580123,7.763870731605915,8.192799966843506,seed1e5,5.0,100000.0,0.2780947557211257,0.34323165748041684,0.4419240949603701,0.5778706397712184,0.6675512491965754,0.0
expanded-blagn-v1,measurement,GS20030333_juodzbalis25,GS20030333_juodzbalis25,HZA-GS-20030333,GS-20030333,1,GS20030333_juodzbalis25,True,only catalogue measurement in this release,7.891,0.6506319125565291,JADES,,broad-line-agn,tentative,stack_supported_tentative_hbeta,juodzbalis25_jades_blagn,"Table 2 (BH/Lbol/lambda_Edd), Table 5 (Mstar)",,,,single-epoch-virial-hbeta,,not_reported_by_source,,,Tentative broad-Hbeta sample; individual detection not formally significant; stack-supported; source-adopted CIGALE Mstar used because BEAGLE Mstar is unavailable.,10000,20260808,30.0,0.1,1.0,True,split-normal-in-log-mbh,0.65,0.48,0.65,0.48,asymmetric,False,mbh_plus_0p3dex,MBH +0.3 dex,global_comparison,all_sources,0.3,6.930086533302704,7.2416268053457165,7.713658295801229,8.363870731605916,8.792799966843507,seed1e2,2.0,100.0,1.0307834684698696,1.095920370229161,1.194612807709114,1.3305593525199628,1.4202399619453199,0.9743
expanded-blagn-v1,measurement,GS20030333_juodzbalis25,GS20030333_juodzbalis25,HZA-GS-20030333,GS-20030333,1,GS20030333_juodzbalis25,True,only catalogue measurement in this release,7.891,0.6506319125565291,JADES,,broad-line-agn,tentative,stack_supported_tentative_hbeta,juodzbalis25_jades_blagn,"Table 2 (BH/Lbol/lambda_Edd), Table 5 (Mstar)",,,,single-epoch-virial-hbeta,,not_reported_by_source,,,Tentative broad-Hbeta sample; individual detection not formally significant; stack-supported; source-adopted CIGALE Mstar used because BEAGLE Mstar is unavailable.,10000,20260808,30.0,0.1,1.0,True,split-normal-in-log-mbh,0.65,0.48,0.65,0.48,asymmetric,False,mbh_plus_0p3dex,MBH +0.3 dex,global_comparison,all_sources,0.3,6.930086533302704,7.2416268053457165,7.713658295801229,8.363870731605916,8.792799966843507,seed1e4,4.0,10000.0,0.6126230724983452,0.6777599742576363,0.7764524117375896,0.9123989565484383,1.0020795659737953,0.0517
expanded-blagn-v1,measurement,GS20030333_juodzbalis25,GS20030333_juodzbalis25,HZA-GS-20030333,GS-20030333,1,GS20030333_juodzbalis25,True,only catalogue measurement in this release,7.891,0.6506319125565291,JADES,,broad-line-agn,tentative,stack_supported_tentative_hbeta,juodzbalis25_jades_blagn,"Table 2 (BH/Lbol/lambda_Edd), Table 5 (Mstar)",,,,single-epoch-virial-hbeta,,not_reported_by_source,,,Tentative broad-Hbeta sample; individual detection not formally significant; stack-supported; source-adopted CIGALE Mstar used because BEAGLE Mstar is unavailable.,10000,20260808,30.0,0.1,1.0,True,split-normal-in-log-mbh,0.65,0.48,0.65,0.48,asymmetric,False,mbh_plus_0p3dex,MBH +0.3 dex,global_comparison,all_sources,0.3,6.930086533302704,7.2416268053457165,7.713658295801229,8.363870731605916,8.792799966843507,seed1e5,5.0,100000.0,0.40354287451258297,0.46867977627187407,0.5673722137518273,0.7033187585626759,0.7929993679880329,0.0004
expanded-blagn-v1,measurement,GS20057765_juodzbalis25,GS20057765_juodzbalis25,HZA-GS-20057765,GS-20057765,1,GS20057765_juodzbalis25,True,only catalogue measurement in this release,8.913,0.5527336017822919,JADES,,broad-line-agn,tentative,stack_supported_tentative_hbeta,juodzbalis25_jades_blagn,"Table 2 (BH/Lbol/lambda_Edd), Table 5 (Mstar)",,,,single-epoch-virial-hbeta,,not_reported_by_source,,,Tentative broad-Hbeta sample; individual detection not formally significant; stack-supported; Mstar uses BEAGLE value.,10000,20260808,30.0,0.1,1.0,True,split-normal-in-log-mbh,0.62,0.7,0.62,0.7,asymmetric,False,baseline,reported MBH,none,all_sources,0.0,6.1760113683971785,6.6454624486941025,7.335766842530532,7.9614086037126555,8.350404337328053,seed1e2,2.0,100.0,1.0619174468025894,1.1812941075943357,1.3568315318855784,1.515925902814601,1.6148435828247758,0.975
expanded-blagn-v1,measurement,GS20057765_juodzbalis25,GS20057765_juodzbalis25,HZA-GS-20057765,GS-20057765,1,GS20057765_juodzbalis25,True,only catalogue measurement in this release,8.913,0.5527336017822919,JADES,,broad-line-agn,tentative,stack_supported_tentative_hbeta,juodzbalis25_jades_blagn,"Table 2 (BH/Lbol/lambda_Edd), Table 5 (Mstar)",,,,single-epoch-virial-hbeta,,not_reported_by_source,,,Tentative broad-Hbeta sample; individual detection not formally significant; stack-supported; Mstar uses BEAGLE value.,10000,20260808,30.0,0.1,1.0,True,split-normal-in-log-mbh,0.62,0.7,0.62,0.7,asymmetric,False,baseline,reported MBH,none,all_sources,0.0,6.1760113683971785,6.6454624486941025,7.335766842530532,7.9614086037126555,8.350404337328053,seed1e4,4.0,10000.0,0.5533376786348744,0.6727143394266208,0.8482517637178637,1.0073461346468864,1.106263814657061,0.1737
expanded-blagn-v1,measurement,GS20057765_juodzbalis25,GS20057765_juodzbalis25,HZA-GS-20057765,GS-20057765,1,GS20057765_juodzbalis25,True,only catalogue measurement in this release,8.913,0.5527336017822919,JADES,,broad-line-agn,tentative,stack_supported_tentative_hbeta,juodzbalis25_jades_blagn,"Table 2 (BH/Lbol/lambda_Edd), Table 5 (Mstar)",,,,single-epoch-virial-hbeta,,not_reported_by_source,,,Tentative broad-Hbeta sample; individual detection not formally significant; stack-supported; Mstar uses BEAGLE value.,10000,20260808,30.0,0.1,1.0,True,split-normal-in-log-mbh,0.62,0.7,0.62,0.7,asymmetric,False,baseline,reported MBH,none,all_sources,0.0,6.1760113683971785,6.6454624486941025,7.335766842530532,7.9614086037126555,8.350404337328053,seed1e5,5.0,100000.0,0.29904779455101704,0.41842445534276357,0.5939618796340063,0.7530562505630292,0.8519739305732035,0.0048
expanded-blagn-v1,measurement,GS20057765_juodzbalis25,GS20057765_juodzbalis25,HZA-GS-20057765,GS-20057765,1,GS20057765_juodzbalis25,True,only catalogue measurement in this release,8.913,0.5527336017822919,JADES,,broad-line-agn,tentative,stack_supported_tentative_hbeta,juodzbalis25_jades_blagn,"Table 2 (BH/Lbol/lambda_Edd), Table 5 (Mstar)",,,,single-epoch-virial-hbeta,,not_reported_by_source,,,Tentative broad-Hbeta sample; individual detection not formally significant; stack-supported; Mstar uses BEAGLE value.,10000,20260808,30.0,0.1,1.0,True,split-normal-in-log-mbh,0.62,0.7,0.62,0.7,asymmetric,False,mbh_minus_0p3dex,MBH -0.3 dex,global_comparison,all_sources,-0.3,5.876011368397179,6.345462448694103,7.035766842530531,7.661408603712656,8.050404337328052,seed1e2,2.0,100.0,0.985630481577432,1.1050071423691785,1.2805445666604214,1.439638937589444,1.5385566175996184,0.9415
expanded-blagn-v1,measurement,GS20057765_juodzbalis25,GS20057765_juodzbalis25,HZA-GS-20057765,GS-20057765,1,GS20057765_juodzbalis25,True,only catalogue measurement in this release,8.913,0.5527336017822919,JADES,,broad-line-agn,tentative,stack_supported_tentative_hbeta,juodzbalis25_jades_blagn,"Table 2 (BH/Lbol/lambda_Edd), Table 5 (Mstar)",,,,single-epoch-virial-hbeta,,not_reported_by_source,,,Tentative broad-Hbeta sample; individual detection not formally significant; stack-supported; Mstar uses BEAGLE value.,10000,20260808,30.0,0.1,1.0,True,split-normal-in-log-mbh,0.62,0.7,0.62,0.7,asymmetric,False,mbh_minus_0p3dex,MBH -0.3 dex,global_comparison,all_sources,-0.3,5.876011368397179,6.345462448694103,7.035766842530531,7.661408603712656,8.050404337328052,seed1e4,4.0,10000.0,0.47705071340971716,0.5964273742014637,0.7719647984927065,0.9310591694217294,1.0299768494319037,0.0744
expanded-blagn-v1,measurement,GS20057765_juodzbalis25,GS20057765_juodzbalis25,HZA-GS-20057765,GS-20057765,1,GS20057765_juodzbalis25,True,only catalogue measurement in this release,8.913,0.5527336017822919,JADES,,broad-line-agn,tentative,stack_supported_tentative_hbeta,juodzbalis25_jades_blagn,"Table 2 (BH/Lbol/lambda_Edd), Table 5 (Mstar)",,,,single-epoch-virial-hbeta,,not_reported_by_source,,,Tentative broad-Hbeta sample; individual detection not formally significant; stack-supported; Mstar uses BEAGLE value.,10000,20260808,30.0,0.1,1.0,True,split-normal-in-log-mbh,0.62,0.7,0.62,0.7,asymmetric,False,mbh_minus_0p3dex,MBH -0.3 dex,global_comparison,all_sources,-0.3,5.876011368397179,6.345462448694103,7.035766842530531,7.661408603712656,8.050404337328052,seed1e5,5.0,100000.0,0.22276082932585986,0.3421374901176063,0.5176749144088492,0.676769285337872,0.7756869653480462,0.0008
expanded-blagn-v1,measurement,GS20057765_juodzbalis25,GS20057765_juodzbalis25,HZA-GS-20057765,GS-20057765,1,GS20057765_juodzbalis25,True,only catalogue measurement in this release,8.913,0.5527336017822919,JADES,,broad-line-agn,tentative,stack_supported_tentative_hbeta,juodzbalis25_jades_blagn,"Table 2 (BH/Lbol/lambda_Edd), Table 5 (Mstar)",,,,single-epoch-virial-hbeta,,not_reported_by_source,,,Tentative broad-Hbeta sample; individual detection not formally significant; stack-supported; Mstar uses BEAGLE value.,10000,20260808,30.0,0.1,1.0,True,split-normal-in-log-mbh,0.62,0.7,0.62,0.7,asymmetric,False,mbh_plus_0p3dex,MBH +0.3 dex,global_comparison,all_sources,0.3,6.476011368397178,6.945462448694102,7.635766842530531,8.261408603712656,8.650404337328053,seed1e2,2.0,100.0,1.1382044120277461,1.2575810728194927,1.4331184971107356,1.5922128680397587,1.6911305480499332,0.9916
expanded-blagn-v1,measurement,GS20057765_juodzbalis25,GS20057765_juodzbalis25,HZA-GS-20057765,GS-20057765,1,GS20057765_juodzbalis25,True,only catalogue measurement in this release,8.913,0.5527336017822919,JADES,,broad-line-agn,tentative,stack_supported_tentative_hbeta,juodzbalis25_jades_blagn,"Table 2 (BH/Lbol/lambda_Edd), Table 5 (Mstar)",,,,single-epoch-virial-hbeta,,not_reported_by_source,,,Tentative broad-Hbeta sample; individual detection not formally significant; stack-supported; Mstar uses BEAGLE value.,10000,20260808,30.0,0.1,1.0,True,split-normal-in-log-mbh,0.62,0.7,0.62,0.7,asymmetric,False,mbh_plus_0p3dex,MBH +0.3 dex,global_comparison,all_sources,0.3,6.476011368397178,6.945462448694102,7.635766842530531,8.261408603712656,8.650404337328053,seed1e4,4.0,10000.0,0.6296246438600316,0.749001304651778,0.9245387289430209,1.0836330998720438,1.1825507798822184,0.3196
expanded-blagn-v1,measurement,GS20057765_juodzbalis25,GS20057765_juodzbalis25,HZA-GS-20057765,GS-20057765,1,GS20057765_juodzbalis25,True,only catalogue measurement in this release,8.913,0.5527336017822919,JADES,,broad-line-agn,tentative,stack_supported_tentative_hbeta,juodzbalis25_jades_blagn,"Table 2 (BH/Lbol/lambda_Edd), Table 5 (Mstar)",,,,single-epoch-virial-hbeta,,not_reported_by_source,,,Tentative broad-Hbeta sample; individual detection not formally significant; stack-supported; Mstar uses BEAGLE value.,10000,20260808,30.0,0.1,1.0,True,split-normal-in-log-mbh,0.62,0.7,0.62,0.7,asymmetric,False,mbh_plus_0p3dex,MBH +0.3 dex,global_comparison,all_sources,0.3,6.476011368397178,6.945462448694102,7.635766842530531,8.261408603712656,8.650404337328053,seed1e5,5.0,100000.0,0.3753347597761742,0.4947114205679206,0.6702488448591635,0.8293432157881866,0.9282608957983608,0.0172
expanded-blagn-v1,measurement,GS200679_juodzbalis25,GS200679_juodzbalis25,HZA-GS-200679,GS-200679,1,GS200679_juodzbalis25,True,only catalogue measurement in this release,4.547,1.318195361019195,JADES,,broad-line-agn,tentative,individual_tentative,juodzbalis25_jades_blagn,"Table 2 (BH/Lbol/lambda_Edd), Table 5 (Mstar)",,,,single-epoch-virial-halpha,,not_reported_by_source,,,Tentative sample; source-adopted CIGALE Mstar used because the host is significantly extended.,10000,20260808,30.0,0.1,1.0,True,split-normal-in-log-mbh,0.6,0.3,0.6,0.3,asymmetric,False,baseline,reported MBH,none,all_sources,0.0,5.690555124851289,5.879698524916071,6.185461249643543,6.790452786177368,7.164845316074932,seed1e2,2.0,100.0,0.34878298467783486,0.36665834417659493,0.39555503644263246,0.45273092101246365,0.48811360453870406,0.0
expanded-blagn-v1,measurement,GS200679_juodzbalis25,GS200679_juodzbalis25,HZA-GS-200679,GS-200679,1,GS200679_juodzbalis25,True,only catalogue measurement in this release,4.547,1.318195361019195,JADES,,broad-line-agn,tentative,individual_tentative,juodzbalis25_jades_blagn,"Table 2 (BH/Lbol/lambda_Edd), Table 5 (Mstar)",,,,single-epoch-virial-halpha,,not_reported_by_source,,,Tentative sample; source-adopted CIGALE Mstar used because the host is significantly extended.,10000,20260808,30.0,0.1,1.0,True,split-normal-in-log-mbh,0.6,0.3,0.6,0.3,asymmetric,False,baseline,reported MBH,none,all_sources,0.0,5.690555124851289,5.879698524916071,6.185461249643543,6.790452786177368,7.164845316074932,seed1e4,4.0,10000.0,0.15976915186487067,0.1776445113636308,0.20654120362966827,0.2637170881994995,0.2990997717257399,0.0
expanded-blagn-v1,measurement,GS200679_juodzbalis25,GS200679_juodzbalis25,HZA-GS-200679,GS-200679,1,GS200679_juodzbalis25,True,only catalogue measurement in this release,4.547,1.318195361019195,JADES,,broad-line-agn,tentative,individual_tentative,juodzbalis25_jades_blagn,"Table 2 (BH/Lbol/lambda_Edd), Table 5 (Mstar)",,,,single-epoch-virial-halpha,,not_reported_by_source,,,Tentative sample; source-adopted CIGALE Mstar used because the host is significantly extended.,10000,20260808,30.0,0.1,1.0,True,split-normal-in-log-mbh,0.6,0.3,0.6,0.3,asymmetric,False,baseline,reported MBH,none,all_sources,0.0,5.690555124851289,5.879698524916071,6.185461249643543,6.790452786177368,7.164845316074932,seed1e5,5.0,100000.0,0.0652622354583886,0.08313759495714873,0.11203428722318616,0.16921017179301742,0.20459285531925783,0.0
expanded-blagn-v1,measurement,GS200679_juodzbalis25,GS200679_juodzbalis25,HZA-GS-200679,GS-200679,1,GS200679_juodzbalis25,True,only catalogue measurement in this release,4.547,1.318195361019195,JADES,,broad-line-agn,tentative,individual_tentative,juodzbalis25_jades_blagn,"Table 2 (BH/Lbol/lambda_Edd), Table 5 (Mstar)",,,,single-epoch-virial-halpha,,not_reported_by_source,,,Tentative sample; source-adopted CIGALE Mstar used because the host is significantly extended.,10000,20260808,30.0,0.1,1.0,True,split-normal-in-log-mbh,0.6,0.3,0.6,0.3,asymmetric,False,mbh_minus_0p3dex,MBH -0.3 dex,global_comparison,all_sources,-0.3,5.390555124851289,5.579698524916071,5.885461249643544,6.490452786177368,6.864845316074932,seed1e2,2.0,100.0,0.3204309097558903,0.33830626925465035,0.36720296152068777,0.424378846090519,0.4597615296167595,0.0
expanded-blagn-v1,measurement,GS200679_juodzbalis25,GS200679_juodzbalis25,HZA-GS-200679,GS-200679,1,GS200679_juodzbalis25,True,only catalogue measurement in this release,4.547,1.318195361019195,JADES,,broad-line-agn,tentative,individual_tentative,juodzbalis25_jades_blagn,"Table 2 (BH/Lbol/lambda_Edd), Table 5 (Mstar)",,,,single-epoch-virial-halpha,,not_reported_by_source,,,Tentative sample; source-adopted CIGALE Mstar used because the host is significantly extended.,10000,20260808,30.0,0.1,1.0,True,split-normal-in-log-mbh,0.6,0.3,0.6,0.3,asymmetric,False,mbh_minus_0p3dex,MBH -0.3 dex,global_comparison,all_sources,-0.3,5.390555124851289,5.579698524916071,5.885461249643544,6.490452786177368,6.864845316074932,seed1e4,4.0,10000.0,0.1314170769429261,0.14929243644168622,0.17818912870772363,0.2353650132775549,0.2707476968037953,0.0
expanded-blagn-v1,measurement,GS200679_juodzbalis25,GS200679_juodzbalis25,HZA-GS-200679,GS-200679,1,GS200679_juodzbalis25,True,only catalogue measurement in this release,4.547,1.318195361019195,JADES,,broad-line-agn,tentative,individual_tentative,juodzbalis25_jades_blagn,"Table 2 (BH/Lbol/lambda_Edd), Table 5 (Mstar)",,,,single-epoch-virial-halpha,,not_reported_by_source,,,Tentative sample; source-adopted CIGALE Mstar used because the host is significantly extended.,10000,20260808,30.0,0.1,1.0,True,split-normal-in-log-mbh,0.6,0.3,0.6,0.3,asymmetric,False,mbh_minus_0p3dex,MBH -0.3 dex,global_comparison,all_sources,-0.3,5.390555124851289,5.579698524916071,5.885461249643544,6.490452786177368,6.864845316074932,seed1e5,5.0,100000.0,0.036910160536444005,0.05478552003520412,0.08368221230124157,0.1408580968710728,0.17624078039731325,0.0
expanded-blagn-v1,measurement,GS200679_juodzbalis25,GS200679_juodzbalis25,HZA-GS-200679,GS-200679,1,GS200679_juodzbalis25,True,only catalogue measurement in this release,4.547,1.318195361019195,JADES,,broad-line-agn,tentative,individual_tentative,juodzbalis25_jades_blagn,"Table 2 (BH/Lbol/lambda_Edd), Table 5 (Mstar)",,,,single-epoch-virial-halpha,,not_reported_by_source,,,Tentative sample; source-adopted CIGALE Mstar used because the host is significantly extended.,10000,20260808,30.0,0.1,1.0,True,split-normal-in-log-mbh,0.6,0.3,0.6,0.3,asymmetric,False,mbh_plus_0p3dex,MBH +0.3 dex,global_comparison,all_sources,0.3,5.990555124851289,6.179698524916071,6.485461249643544,7.090452786177368,7.464845316074932,seed1e2,2.0,100.0,0.3771350595997795,0.3950104190985395,0.42390711136457704,0.48108299593440823,0.5164656794606487,0.0
expanded-blagn-v1,measurement,GS200679_juodzbalis25,GS200679_juodzbalis25,HZA-GS-200679,GS-200679,1,GS200679_juodzbalis25,True,only catalogue measurement in this release,4.547,1.318195361019195,JADES,,broad-line-agn,tentative,individual_tentative,juodzbalis25_jades_blagn,"Table 2 (BH/Lbol/lambda_Edd), Table 5 (Mstar)",,,,single-epoch-virial-halpha,,not_reported_by_source,,,Tentative sample; source-adopted CIGALE Mstar used because the host is significantly extended.,10000,20260808,30.0,0.1,1.0,True,split-normal-in-log-mbh,0.6,0.3,0.6,0.3,asymmetric,False,mbh_plus_0p3dex,MBH +0.3 dex,global_comparison,all_sources,0.3,5.990555124851289,6.179698524916071,6.485461249643544,7.090452786177368,7.464845316074932,seed1e4,4.0,10000.0,0.18812122678681528,0.20599658628557543,0.23489327855161285,0.29206916312144404,0.3274518466476845,0.0
expanded-blagn-v1,measurement,GS200679_juodzbalis25,GS200679_juodzbalis25,HZA-GS-200679,GS-200679,1,GS200679_juodzbalis25,True,only catalogue measurement in this release,4.547,1.318195361019195,JADES,,broad-line-agn,tentative,individual_tentative,juodzbalis25_jades_blagn,"Table 2 (BH/Lbol/lambda_Edd), Table 5 (Mstar)",,,,single-epoch-virial-halpha,,not_reported_by_source,,,Tentative sample; source-adopted CIGALE Mstar used because the host is significantly extended.,10000,20260808,30.0,0.1,1.0,True,split-normal-in-log-mbh,0.6,0.3,0.6,0.3,asymmetric,False,mbh_plus_0p3dex,MBH +0.3 dex,global_comparison,all_sources,0.3,5.990555124851289,6.179698524916071,6.485461249643544,7.090452786177368,7.464845316074932,seed1e5,5.0,100000.0,0.09361431038033322,0.11148966987909334,0.14038636214513078,0.197562246714962,0.23294493024120247,0.0
expanded-blagn-v1,measurement,GS204851_juodzbalis25,GS204851_juodzbalis25,HZA-GS-204851,GS-204851,1,GS204851_juodzbalis25,True,only catalogue measurement in this release,5.48,1.044830104321813,JADES,,broad-line-agn,robust,individual_robust,juodzbalis25_jades_blagn,"Table 2 (BH/Lbol/lambda_Edd), Table 5 (Mstar)",,,,single-epoch-virial-halpha,,not_reported_by_source,,,Robust sample; Mstar uses BEAGLE value.,10000,20260808,30.0,0.1,1.0,True,split-normal-in-log-mbh,0.32,0.31,0.32,0.31,asymmetric,False,baseline,reported MBH,none,all_sources,0.0,7.161458833217435,7.370370823703223,7.6792004774797435,7.992102316886712,8.200989157903887,seed1e2,2.0,100.0,0.6289234490300584,0.6543793625315817,0.6920102373078925,0.7301373076588553,0.7555901566991374,0.0
expanded-blagn-v1,measurement,GS204851_juodzbalis25,GS204851_juodzbalis25,HZA-GS-204851,GS-204851,1,GS204851_juodzbalis25,True,only catalogue measurement in this release,5.48,1.044830104321813,JADES,,broad-line-agn,robust,individual_robust,juodzbalis25_jades_blagn,"Table 2 (BH/Lbol/lambda_Edd), Table 5 (Mstar)",,,,single-epoch-virial-halpha,,not_reported_by_source,,,Robust sample; Mstar uses BEAGLE value.,10000,20260808,30.0,0.1,1.0,True,split-normal-in-log-mbh,0.32,0.31,0.32,0.31,asymmetric,False,baseline,reported MBH,none,all_sources,0.0,7.161458833217435,7.370370823703223,7.6792004774797435,7.992102316886712,8.200989157903887,seed1e4,4.0,10000.0,0.3852235690726649,0.41067948257418835,0.44831035735049896,0.4864374277014618,0.511890276741744,0.0
expanded-blagn-v1,measurement,GS204851_juodzbalis25,GS204851_juodzbalis25,HZA-GS-204851,GS-204851,1,GS204851_juodzbalis25,True,only catalogue measurement in this release,5.48,1.044830104321813,JADES,,broad-line-agn,robust,individual_robust,juodzbalis25_jades_blagn,"Table 2 (BH/Lbol/lambda_Edd), Table 5 (Mstar)",,,,single-epoch-virial-halpha,,not_reported_by_source,,,Robust sample; Mstar uses BEAGLE value.,10000,20260808,30.0,0.1,1.0,True,split-normal-in-log-mbh,0.32,0.31,0.32,0.31,asymmetric,False,baseline,reported MBH,none,all_sources,0.0,7.161458833217435,7.370370823703223,7.6792004774797435,7.992102316886712,8.200989157903887,seed1e5,5.0,100000.0,0.26337362909396816,0.28882954259549165,0.3264604173718023,0.3645874877227651,0.39004033676304745,0.0
expanded-blagn-v1,measurement,GS204851_juodzbalis25,GS204851_juodzbalis25,HZA-GS-204851,GS-204851,1,GS204851_juodzbalis25,True,only catalogue measurement in this release,5.48,1.044830104321813,JADES,,broad-line-agn,robust,individual_robust,juodzbalis25_jades_blagn,"Table 2 (BH/Lbol/lambda_Edd), Table 5 (Mstar)",,,,single-epoch-virial-halpha,,not_reported_by_source,,,Robust sample; Mstar uses BEAGLE value.,10000,20260808,30.0,0.1,1.0,True,split-normal-in-log-mbh,0.32,0.31,0.32,0.31,asymmetric,False,mbh_minus_0p3dex,MBH -0.3 dex,global_comparison,all_sources,-0.3,6.861458833217435,7.0703708237032235,7.379200477479744,7.692102316886712,7.9009891579038865,seed1e2,2.0,100.0,0.5923684670364494,0.6178243805379727,0.6554552553142834,0.6935823256652462,0.7190351747055286,0.0
expanded-blagn-v1,measurement,GS204851_juodzbalis25,GS204851_juodzbalis25,HZA-GS-204851,GS-204851,1,GS204851_juodzbalis25,True,only catalogue measurement in this release,5.48,1.044830104321813,JADES,,broad-line-agn,robust,individual_robust,juodzbalis25_jades_blagn,"Table 2 (BH/Lbol/lambda_Edd), Table 5 (Mstar)",,,,single-epoch-virial-halpha,,not_reported_by_source,,,Robust sample; Mstar uses BEAGLE value.,10000,20260808,30.0,0.1,1.0,True,split-normal-in-log-mbh,0.32,0.31,0.32,0.31,asymmetric,False,mbh_minus_0p3dex,MBH -0.3 dex,global_comparison,all_sources,-0.3,6.861458833217435,7.0703708237032235,7.379200477479744,7.692102316886712,7.9009891579038865,seed1e4,4.0,10000.0,0.34866858707905596,0.3741245005805794,0.41175537535689005,0.44988244570785274,0.47533529474813524,0.0
expanded-blagn-v1,measurement,GS204851_juodzbalis25,GS204851_juodzbalis25,HZA-GS-204851,GS-204851,1,GS204851_juodzbalis25,True,only catalogue measurement in this release,5.48,1.044830104321813,JADES,,broad-line-agn,robust,individual_robust,juodzbalis25_jades_blagn,"Table 2 (BH/Lbol/lambda_Edd), Table 5 (Mstar)",,,,single-epoch-virial-halpha,,not_reported_by_source,,,Robust sample; Mstar uses BEAGLE value.,10000,20260808,30.0,0.1,1.0,True,split-normal-in-log-mbh,0.32,0.31,0.32,0.31,asymmetric,False,mbh_minus_0p3dex,MBH -0.3 dex,global_comparison,all_sources,-0.3,6.861458833217435,7.0703708237032235,7.379200477479744,7.692102316886712,7.9009891579038865,seed1e5,5.0,100000.0,0.22681864710035926,0.2522745606018827,0.2899054353781933,0.3280325057291561,0.3534853547694385,0.0
expanded-blagn-v1,measurement,GS204851_juodzbalis25,GS204851_juodzbalis25,HZA-GS-204851,GS-204851,1,GS204851_juodzbalis25,True,only catalogue measurement in this release,5.48,1.044830104321813,JADES,,broad-line-agn,robust,individual_robust,juodzbalis25_jades_blagn,"Table 2 (BH/Lbol/lambda_Edd), Table 5 (Mstar)",,,,single-epoch-virial-halpha,,not_reported_by_source,,,Robust sample; Mstar uses BEAGLE value.,10000,20260808,30.0,0.1,1.0,True,split-normal-in-log-mbh,0.32,0.31,0.32,0.31,asymmetric,False,mbh_plus_0p3dex,MBH +0.3 dex,global_comparison,all_sources,0.3,7.461458833217435,7.670370823703223,7.979200477479743,8.29210231688671,8.500989157903888,seed1e2,2.0,100.0,0.6654784310236673,0.6909343445251908,0.7285652193015014,0.7666922896524642,0.7921451386927466,0.0
expanded-blagn-v1,measurement,GS204851_juodzbalis25,GS204851_juodzbalis25,HZA-GS-204851,GS-204851,1,GS204851_juodzbalis25,True,only catalogue measurement in this release,5.48,1.044830104321813,JADES,,broad-line-agn,robust,individual_robust,juodzbalis25_jades_blagn,"Table 2 (BH/Lbol/lambda_Edd), Table 5 (Mstar)",,,,single-epoch-virial-halpha,,not_reported_by_source,,,Robust sample; Mstar uses BEAGLE value.,10000,20260808,30.0,0.1,1.0,True,split-normal-in-log-mbh,0.32,0.31,0.32,0.31,asymmetric,False,mbh_plus_0p3dex,MBH +0.3 dex,global_comparison,all_sources,0.3,7.461458833217435,7.670370823703223,7.979200477479743,8.29210231688671,8.500989157903888,seed1e4,4.0,10000.0,0.4217785510662739,0.4472344645677973,0.48486533934410797,0.5229924096950708,0.5484452587353532,0.0
expanded-blagn-v1,measurement,GS204851_juodzbalis25,GS204851_juodzbalis25,HZA-GS-204851,GS-204851,1,GS204851_juodzbalis25,True,only catalogue measurement in this release,5.48,1.044830104321813,JADES,,broad-line-agn,robust,individual_robust,juodzbalis25_jades_blagn,"Table 2 (BH/Lbol/lambda_Edd), Table 5 (Mstar)",,,,single-epoch-virial-halpha,,not_reported_by_source,,,Robust sample; Mstar uses BEAGLE value.,10000,20260808,30.0,0.1,1.0,True,split-normal-in-log-mbh,0.32,0.31,0.32,0.31,asymmetric,False,mbh_plus_0p3dex,MBH +0.3 dex,global_comparison,all_sources,0.3,7.461458833217435,7.670370823703223,7.979200477479743,8.29210231688671,8.500989157903888,seed1e5,5.0,100000.0,0.2999286110875772,0.3253845245891006,0.3630153993654113,0.4011424697163742,0.4265953187566565,0.0
expanded-blagn-v1,measurement,GS210600_juodzbalis25,GS210600_juodzbalis25,HZA-GS-210600,GS-210600,1,GS210600_juodzbalis25,True,only catalogue measurement in this release,6.306,0.8730973651000311,JADES,,broad-line-agn,robust,individual_robust,juodzbalis25_jades_blagn,"Table 2 (BH/Lbol/lambda_Edd), Table 5 (Mstar)",,,,single-epoch-virial-halpha,,not_reported_by_source,,,Robust sample; Mstar uses BEAGLE value.,10000,20260808,30.0,0.1,1.0,True,split-normal-in-log-mbh,0.33,0.34,0.33,0.34,asymmetric,False,baseline,reported MBH,none,all_sources,0.0,6.84801999450213,7.069102614653395,7.403483659371362,7.732055568414607,7.954685192590588,seed1e2,2.0,100.0,0.7219510855680615,0.754873977346446,0.804668895375102,0.8535987361533889,0.8867520026489338,0.0
expanded-blagn-v1,measurement,GS210600_juodzbalis25,GS210600_juodzbalis25,HZA-GS-210600,GS-210600,1,GS210600_juodzbalis25,True,only catalogue measurement in this release,6.306,0.8730973651000311,JADES,,broad-line-agn,robust,individual_robust,juodzbalis25_jades_blagn,"Table 2 (BH/Lbol/lambda_Edd), Table 5 (Mstar)",,,,single-epoch-virial-halpha,,not_reported_by_source,,,Robust sample; Mstar uses BEAGLE value.,10000,20260808,30.0,0.1,1.0,True,split-normal-in-log-mbh,0.33,0.34,0.33,0.34,asymmetric,False,baseline,reported MBH,none,all_sources,0.0,6.84801999450213,7.069102614653395,7.403483659371362,7.732055568414607,7.954685192590588,seed1e4,4.0,10000.0,0.4241177076584053,0.4570405994367896,0.5068355174654455,0.5557653582437325,0.5889186247392774,0.0
expanded-blagn-v1,measurement,GS210600_juodzbalis25,GS210600_juodzbalis25,HZA-GS-210600,GS-210600,1,GS210600_juodzbalis25,True,only catalogue measurement in this release,6.306,0.8730973651000311,JADES,,broad-line-agn,robust,individual_robust,juodzbalis25_jades_blagn,"Table 2 (BH/Lbol/lambda_Edd), Table 5 (Mstar)",,,,single-epoch-virial-halpha,,not_reported_by_source,,,Robust sample; Mstar uses BEAGLE value.,10000,20260808,30.0,0.1,1.0,True,split-normal-in-log-mbh,0.33,0.34,0.33,0.34,asymmetric,False,baseline,reported MBH,none,all_sources,0.0,6.84801999450213,7.069102614653395,7.403483659371362,7.732055568414607,7.954685192590588,seed1e5,5.0,100000.0,0.2752010187035771,0.3081239104819614,0.3579188285106173,0.4068486692889043,0.4400019357844492,0.0
expanded-blagn-v1,measurement,GS210600_juodzbalis25,GS210600_juodzbalis25,HZA-GS-210600,GS-210600,1,GS210600_juodzbalis25,True,only catalogue measurement in this release,6.306,0.8730973651000311,JADES,,broad-line-agn,robust,individual_robust,juodzbalis25_jades_blagn,"Table 2 (BH/Lbol/lambda_Edd), Table 5 (Mstar)",,,,single-epoch-virial-halpha,,not_reported_by_source,,,Robust sample; Mstar uses BEAGLE value.,10000,20260808,30.0,0.1,1.0,True,split-normal-in-log-mbh,0.33,0.34,0.33,0.34,asymmetric,False,mbh_minus_0p3dex,MBH -0.3 dex,global_comparison,all_sources,-0.3,6.5480199945021305,6.769102614653395,7.103483659371362,7.432055568414607,7.6546851925905885,seed1e2,2.0,100.0,0.6772760788816132,0.7101989706599976,0.7599938886886534,0.8089237294669405,0.8420769959624853,0.0
expanded-blagn-v1,measurement,GS210600_juodzbalis25,GS210600_juodzbalis25,HZA-GS-210600,GS-210600,1,GS210600_juodzbalis25,True,only catalogue measurement in this release,6.306,0.8730973651000311,JADES,,broad-line-agn,robust,individual_robust,juodzbalis25_jades_blagn,"Table 2 (BH/Lbol/lambda_Edd), Table 5 (Mstar)",,,,single-epoch-virial-halpha,,not_reported_by_source,,,Robust sample; Mstar uses BEAGLE value.,10000,20260808,30.0,0.1,1.0,True,split-normal-in-log-mbh,0.33,0.34,0.33,0.34,asymmetric,False,mbh_minus_0p3dex,MBH -0.3 dex,global_comparison,all_sources,-0.3,6.5480199945021305,6.769102614653395,7.103483659371362,7.432055568414607,7.6546851925905885,seed1e4,4.0,10000.0,0.37944270097195687,0.41236559275034124,0.4621605107789971,0.5110903515572841,0.544243618052829,0.0
expanded-blagn-v1,measurement,GS210600_juodzbalis25,GS210600_juodzbalis25,HZA-GS-210600,GS-210600,1,GS210600_juodzbalis25,True,only catalogue measurement in this release,6.306,0.8730973651000311,JADES,,broad-line-agn,robust,individual_robust,juodzbalis25_jades_blagn,"Table 2 (BH/Lbol/lambda_Edd), Table 5 (Mstar)",,,,single-epoch-virial-halpha,,not_reported_by_source,,,Robust sample; Mstar uses BEAGLE value.,10000,20260808,30.0,0.1,1.0,True,split-normal-in-log-mbh,0.33,0.34,0.33,0.34,asymmetric,False,mbh_minus_0p3dex,MBH -0.3 dex,global_comparison,all_sources,-0.3,6.5480199945021305,6.769102614653395,7.103483659371362,7.432055568414607,7.6546851925905885,seed1e5,5.0,100000.0,0.23052601201712866,0.263448903795513,0.31324382182416893,0.36217366260245587,0.3953269290980007,0.0
expanded-blagn-v1,measurement,GS210600_juodzbalis25,GS210600_juodzbalis25,HZA-GS-210600,GS-210600,1,GS210600_juodzbalis25,True,only catalogue measurement in this release,6.306,0.8730973651000311,JADES,,broad-line-agn,robust,individual_robust,juodzbalis25_jades_blagn,"Table 2 (BH/Lbol/lambda_Edd), Table 5 (Mstar)",,,,single-epoch-virial-halpha,,not_reported_by_source,,,Robust sample; Mstar uses BEAGLE value.,10000,20260808,30.0,0.1,1.0,True,split-normal-in-log-mbh,0.33,0.34,0.33,0.34,asymmetric,False,mbh_plus_0p3dex,MBH +0.3 dex,global_comparison,all_sources,0.3,7.14801999450213,7.369102614653395,7.703483659371361,8.032055568414608,8.254685192590587,seed1e2,2.0,100.0,0.7666260922545101,0.7995489840328944,0.8493439020615503,0.8982737428398375,0.9314270093353821,0.0014
expanded-blagn-v1,measurement,GS210600_juodzbalis25,GS210600_juodzbalis25,HZA-GS-210600,GS-210600,1,GS210600_juodzbalis25,True,only catalogue measurement in this release,6.306,0.8730973651000311,JADES,,broad-line-agn,robust,individual_robust,juodzbalis25_jades_blagn,"Table 2 (BH/Lbol/lambda_Edd), Table 5 (Mstar)",,,,single-epoch-virial-halpha,,not_reported_by_source,,,Robust sample; Mstar uses BEAGLE value.,10000,20260808,30.0,0.1,1.0,True,split-normal-in-log-mbh,0.33,0.34,0.33,0.34,asymmetric,False,mbh_plus_0p3dex,MBH +0.3 dex,global_comparison,all_sources,0.3,7.14801999450213,7.369102614653395,7.703483659371361,8.032055568414608,8.254685192590587,seed1e4,4.0,10000.0,0.46879271434485376,0.501715606123238,0.5515105241518939,0.6004403649301812,0.6335936314257258,0.0
expanded-blagn-v1,measurement,GS210600_juodzbalis25,GS210600_juodzbalis25,HZA-GS-210600,GS-210600,1,GS210600_juodzbalis25,True,only catalogue measurement in this release,6.306,0.8730973651000311,JADES,,broad-line-agn,robust,individual_robust,juodzbalis25_jades_blagn,"Table 2 (BH/Lbol/lambda_Edd), Table 5 (Mstar)",,,,single-epoch-virial-halpha,,not_reported_by_source,,,Robust sample; Mstar uses BEAGLE value.,10000,20260808,30.0,0.1,1.0,True,split-normal-in-log-mbh,0.33,0.34,0.33,0.34,asymmetric,False,mbh_plus_0p3dex,MBH +0.3 dex,global_comparison,all_sources,0.3,7.14801999450213,7.369102614653395,7.703483659371361,8.032055568414608,8.254685192590587,seed1e5,5.0,100000.0,0.3198760253900256,0.3527989171684098,0.40259383519706576,0.45152367597535287,0.48467694247089765,0.0
expanded-blagn-v1,measurement,GS30148179_juodzbalis25,GS30148179_juodzbalis25,HZA-GS-30148179,GS-30148179,1,GS30148179_juodzbalis25,True,only catalogue measurement in this release,5.922,0.9465948399109976,JADES,,broad-line-agn,robust,individual_robust,juodzbalis25_jades_blagn,"Table 2 (BH/Lbol/lambda_Edd), Table 5 (Mstar)",,,,single-epoch-virial-halpha,,not_reported_by_source,,,Robust sample; Mstar uses BEAGLE value.,10000,20260808,30.0,0.1,1.0,True,split-normal-in-log-mbh,0.34,0.35,0.34,0.35,asymmetric,False,baseline,reported MBH,none,all_sources,0.0,6.541656755858524,6.766183916130761,7.12309872724019,7.4561710272063735,7.680685070124732,seed1e2,2.0,100.0,0.617613757798387,0.6481469025598574,0.6966832648507424,0.7419773163079137,0.7725086772581767,0.0
expanded-blagn-v1,measurement,GS30148179_juodzbalis25,GS30148179_juodzbalis25,HZA-GS-30148179,GS-30148179,1,GS30148179_juodzbalis25,True,only catalogue measurement in this release,5.922,0.9465948399109976,JADES,,broad-line-agn,robust,individual_robust,juodzbalis25_jades_blagn,"Table 2 (BH/Lbol/lambda_Edd), Table 5 (Mstar)",,,,single-epoch-virial-halpha,,not_reported_by_source,,,Robust sample; Mstar uses BEAGLE value.,10000,20260808,30.0,0.1,1.0,True,split-normal-in-log-mbh,0.34,0.35,0.34,0.35,asymmetric,False,baseline,reported MBH,none,all_sources,0.0,6.541656755858524,6.766183916130761,7.12309872724019,7.4561710272063735,7.680685070124732,seed1e4,4.0,10000.0,0.3456364636086866,0.3761696083701569,0.4247059706610421,0.47000002211821335,0.5005313830684761,0.0
expanded-blagn-v1,measurement,GS30148179_juodzbalis25,GS30148179_juodzbalis25,HZA-GS-30148179,GS-30148179,1,GS30148179_juodzbalis25,True,only catalogue measurement in this release,5.922,0.9465948399109976,JADES,,broad-line-agn,robust,individual_robust,juodzbalis25_jades_blagn,"Table 2 (BH/Lbol/lambda_Edd), Table 5 (Mstar)",,,,single-epoch-virial-halpha,,not_reported_by_source,,,Robust sample; Mstar uses BEAGLE value.,10000,20260808,30.0,0.1,1.0,True,split-normal-in-log-mbh,0.34,0.35,0.34,0.35,asymmetric,False,baseline,reported MBH,none,all_sources,0.0,6.541656755858524,6.766183916130761,7.12309872724019,7.4561710272063735,7.680685070124732,seed1e5,5.0,100000.0,0.2096478165138364,0.24018096127530664,0.28871732356619184,0.33401137502336314,0.36454273597362596,0.0
expanded-blagn-v1,measurement,GS30148179_juodzbalis25,GS30148179_juodzbalis25,HZA-GS-30148179,GS-30148179,1,GS30148179_juodzbalis25,True,only catalogue measurement in this release,5.922,0.9465948399109976,JADES,,broad-line-agn,robust,individual_robust,juodzbalis25_jades_blagn,"Table 2 (BH/Lbol/lambda_Edd), Table 5 (Mstar)",,,,single-epoch-virial-halpha,,not_reported_by_source,,,Robust sample; Mstar uses BEAGLE value.,10000,20260808,30.0,0.1,1.0,True,split-normal-in-log-mbh,0.34,0.35,0.34,0.35,asymmetric,False,mbh_minus_0p3dex,MBH -0.3 dex,global_comparison,all_sources,-0.3,6.241656755858524,6.4661839161307615,6.82309872724019,7.156171027206374,7.380685070124732,seed1e2,2.0,100.0,0.5768171636699319,0.6073503084314021,0.6558866707222873,0.7011807221794588,0.7317120831297215,0.0
expanded-blagn-v1,measurement,GS30148179_juodzbalis25,GS30148179_juodzbalis25,HZA-GS-30148179,GS-30148179,1,GS30148179_juodzbalis25,True,only catalogue measurement in this release,5.922,0.9465948399109976,JADES,,broad-line-agn,robust,individual_robust,juodzbalis25_jades_blagn,"Table 2 (BH/Lbol/lambda_Edd), Table 5 (Mstar)",,,,single-epoch-virial-halpha,,not_reported_by_source,,,Robust sample; Mstar uses BEAGLE value.,10000,20260808,30.0,0.1,1.0,True,split-normal-in-log-mbh,0.34,0.35,0.34,0.35,asymmetric,False,mbh_minus_0p3dex,MBH -0.3 dex,global_comparison,all_sources,-0.3,6.241656755858524,6.4661839161307615,6.82309872724019,7.156171027206374,7.380685070124732,seed1e4,4.0,10000.0,0.30483986948023156,0.33537301424170185,0.383909376532587,0.4292034279897584,0.4597347889400212,0.0
expanded-blagn-v1,measurement,GS30148179_juodzbalis25,GS30148179_juodzbalis25,HZA-GS-30148179,GS-30148179,1,GS30148179_juodzbalis25,True,only catalogue measurement in this release,5.922,0.9465948399109976,JADES,,broad-line-agn,robust,individual_robust,juodzbalis25_jades_blagn,"Table 2 (BH/Lbol/lambda_Edd), Table 5 (Mstar)",,,,single-epoch-virial-halpha,,not_reported_by_source,,,Robust sample; Mstar uses BEAGLE value.,10000,20260808,30.0,0.1,1.0,True,split-normal-in-log-mbh,0.34,0.35,0.34,0.35,asymmetric,False,mbh_minus_0p3dex,MBH -0.3 dex,global_comparison,all_sources,-0.3,6.241656755858524,6.4661839161307615,6.82309872724019,7.156171027206374,7.380685070124732,seed1e5,5.0,100000.0,0.16885122238538136,0.1993843671468516,0.24792072943773685,0.2932147808949082,0.3237461418451709,0.0
expanded-blagn-v1,measurement,GS30148179_juodzbalis25,GS30148179_juodzbalis25,HZA-GS-30148179,GS-30148179,1,GS30148179_juodzbalis25,True,only catalogue measurement in this release,5.922,0.9465948399109976,JADES,,broad-line-agn,robust,individual_robust,juodzbalis25_jades_blagn,"Table 2 (BH/Lbol/lambda_Edd), Table 5 (Mstar)",,,,single-epoch-virial-halpha,,not_reported_by_source,,,Robust sample; Mstar uses BEAGLE value.,10000,20260808,30.0,0.1,1.0,True,split-normal-in-log-mbh,0.34,0.35,0.34,0.35,asymmetric,False,mbh_plus_0p3dex,MBH +0.3 dex,global_comparison,all_sources,0.3,6.841656755858524,7.066183916130761,7.423098727240189,7.756171027206373,7.980685070124732,seed1e2,2.0,100.0,0.658410351926842,0.6889434966883123,0.7374798589791975,0.7827739104363689,0.8133052713866317,0.0
expanded-blagn-v1,measurement,GS30148179_juodzbalis25,GS30148179_juodzbalis25,HZA-GS-30148179,GS-30148179,1,GS30148179_juodzbalis25,True,only catalogue measurement in this release,5.922,0.9465948399109976,JADES,,broad-line-agn,robust,individual_robust,juodzbalis25_jades_blagn,"Table 2 (BH/Lbol/lambda_Edd), Table 5 (Mstar)",,,,single-epoch-virial-halpha,,not_reported_by_source,,,Robust sample; Mstar uses BEAGLE value.,10000,20260808,30.0,0.1,1.0,True,split-normal-in-log-mbh,0.34,0.35,0.34,0.35,asymmetric,False,mbh_plus_0p3dex,MBH +0.3 dex,global_comparison,all_sources,0.3,6.841656755858524,7.066183916130761,7.423098727240189,7.756171027206373,7.980685070124732,seed1e4,4.0,10000.0,0.3864330577371416,0.4169662024986119,0.46550256478949714,0.5107966162466685,0.5413279771969313,0.0
expanded-blagn-v1,measurement,GS30148179_juodzbalis25,GS30148179_juodzbalis25,HZA-GS-30148179,GS-30148179,1,GS30148179_juodzbalis25,True,only catalogue measurement in this release,5.922,0.9465948399109976,JADES,,broad-line-agn,robust,individual_robust,juodzbalis25_jades_blagn,"Table 2 (BH/Lbol/lambda_Edd), Table 5 (Mstar)",,,,single-epoch-virial-halpha,,not_reported_by_source,,,Robust sample; Mstar uses BEAGLE value.,10000,20260808,30.0,0.1,1.0,True,split-normal-in-log-mbh,0.34,0.35,0.34,0.35,asymmetric,False,mbh_plus_0p3dex,MBH +0.3 dex,global_comparison,all_sources,0.3,6.841656755858524,7.066183916130761,7.423098727240189,7.756171027206373,7.980685070124732,seed1e5,5.0,100000.0,0.25044441064229145,0.2809775554037617,0.3295139176946469,0.3748079691518182,0.405339330102081,0.0
expanded-blagn-v1,measurement,GS38562_juodzbalis25,GS38562_juodzbalis25,HZA-GS-38562,GS-38562,1,GS38562_juodzbalis25,True,only catalogue measurement in this release,4.822,1.226259143973555,JADES,,broad-line-agn,robust,individual_robust,juodzbalis25_jades_blagn,"Table 2 (BH/Lbol/lambda_Edd), Table 5 (Mstar)",,,,single-epoch-virial-halpha,,not_reported_by_source,,,Robust sample; Mstar uses BEAGLE value.,10000,20260808,30.0,0.1,1.0,True,split-normal-in-log-mbh,0.3,0.31,0.3,0.31,asymmetric,False,baseline,reported MBH,none,all_sources,0.0,6.998385201001241,7.197541008547654,7.505969006243173,7.807017427744453,8.001155053217989,seed1e2,2.0,100.0,0.5109418844498472,0.5312998679815111,0.5628278067102177,0.5936013949006005,0.613446412884048,0.0
expanded-blagn-v1,measurement,GS38562_juodzbalis25,GS38562_juodzbalis25,HZA-GS-38562,GS-38562,1,GS38562_juodzbalis25,True,only catalogue measurement in this release,4.822,1.226259143973555,JADES,,broad-line-agn,robust,individual_robust,juodzbalis25_jades_blagn,"Table 2 (BH/Lbol/lambda_Edd), Table 5 (Mstar)",,,,single-epoch-virial-halpha,,not_reported_by_source,,,Robust sample; Mstar uses BEAGLE value.,10000,20260808,30.0,0.1,1.0,True,split-normal-in-log-mbh,0.3,0.31,0.3,0.31,asymmetric,False,baseline,reported MBH,none,all_sources,0.0,6.998385201001241,7.197541008547654,7.505969006243173,7.807017427744453,8.001155053217989,seed1e4,4.0,10000.0,0.30649910387043167,0.32685708740209557,0.35838502613080225,0.389158614321185,0.40900363230463244,0.0
expanded-blagn-v1,measurement,GS38562_juodzbalis25,GS38562_juodzbalis25,HZA-GS-38562,GS-38562,1,GS38562_juodzbalis25,True,only catalogue measurement in this release,4.822,1.226259143973555,JADES,,broad-line-agn,robust,individual_robust,juodzbalis25_jades_blagn,"Table 2 (BH/Lbol/lambda_Edd), Table 5 (Mstar)",,,,single-epoch-virial-halpha,,not_reported_by_source,,,Robust sample; Mstar uses BEAGLE value.,10000,20260808,30.0,0.1,1.0,True,split-normal-in-log-mbh,0.3,0.31,0.3,0.31,asymmetric,False,baseline,reported MBH,none,all_sources,0.0,6.998385201001241,7.197541008547654,7.505969006243173,7.807017427744453,8.001155053217989,seed1e5,5.0,100000.0,0.2042777135807239,0.22463569711238782,0.2561636358410945,0.2869372240314772,0.30678224201492477,0.0
expanded-blagn-v1,measurement,GS38562_juodzbalis25,GS38562_juodzbalis25,HZA-GS-38562,GS-38562,1,GS38562_juodzbalis25,True,only catalogue measurement in this release,4.822,1.226259143973555,JADES,,broad-line-agn,robust,individual_robust,juodzbalis25_jades_blagn,"Table 2 (BH/Lbol/lambda_Edd), Table 5 (Mstar)",,,,single-epoch-virial-halpha,,not_reported_by_source,,,Robust sample; Mstar uses BEAGLE value.,10000,20260808,30.0,0.1,1.0,True,split-normal-in-log-mbh,0.3,0.31,0.3,0.31,asymmetric,False,mbh_minus_0p3dex,MBH -0.3 dex,global_comparison,all_sources,-0.3,6.6983852010012415,6.8975410085476545,7.205969006243173,7.5070174277444535,7.701155053217989,seed1e2,2.0,100.0,0.48027546736293486,0.5006334508945987,0.5321613896233055,0.5629349778136882,0.5827799957971356,0.0
expanded-blagn-v1,measurement,GS38562_juodzbalis25,GS38562_juodzbalis25,HZA-GS-38562,GS-38562,1,GS38562_juodzbalis25,True,only catalogue measurement in this release,4.822,1.226259143973555,JADES,,broad-line-agn,robust,individual_robust,juodzbalis25_jades_blagn,"Table 2 (BH/Lbol/lambda_Edd), Table 5 (Mstar)",,,,single-epoch-virial-halpha,,not_reported_by_source,,,Robust sample; Mstar uses BEAGLE value.,10000,20260808,30.0,0.1,1.0,True,split-normal-in-log-mbh,0.3,0.31,0.3,0.31,asymmetric,False,mbh_minus_0p3dex,MBH -0.3 dex,global_comparison,all_sources,-0.3,6.6983852010012415,6.8975410085476545,7.205969006243173,7.5070174277444535,7.701155053217989,seed1e4,4.0,10000.0,0.27583268678351935,0.2961906703151833,0.3277186090438899,0.3584921972342727,0.37833721521772007,0.0
expanded-blagn-v1,measurement,GS38562_juodzbalis25,GS38562_juodzbalis25,HZA-GS-38562,GS-38562,1,GS38562_juodzbalis25,True,only catalogue measurement in this release,4.822,1.226259143973555,JADES,,broad-line-agn,robust,individual_robust,juodzbalis25_jades_blagn,"Table 2 (BH/Lbol/lambda_Edd), Table 5 (Mstar)",,,,single-epoch-virial-halpha,,not_reported_by_source,,,Robust sample; Mstar uses BEAGLE value.,10000,20260808,30.0,0.1,1.0,True,split-normal-in-log-mbh,0.3,0.31,0.3,0.31,asymmetric,False,mbh_minus_0p3dex,MBH -0.3 dex,global_comparison,all_sources,-0.3,6.6983852010012415,6.8975410085476545,7.205969006243173,7.5070174277444535,7.701155053217989,seed1e5,5.0,100000.0,0.17361129649381163,0.1939692800254755,0.22549721875418216,0.25627080694456494,0.2761158249280124,0.0
expanded-blagn-v1,measurement,GS38562_juodzbalis25,GS38562_juodzbalis25,HZA-GS-38562,GS-38562,1,GS38562_juodzbalis25,True,only catalogue measurement in this release,4.822,1.226259143973555,JADES,,broad-line-agn,robust,individual_robust,juodzbalis25_jades_blagn,"Table 2 (BH/Lbol/lambda_Edd), Table 5 (Mstar)",,,,single-epoch-virial-halpha,,not_reported_by_source,,,Robust sample; Mstar uses BEAGLE value.,10000,20260808,30.0,0.1,1.0,True,split-normal-in-log-mbh,0.3,0.31,0.3,0.31,asymmetric,False,mbh_plus_0p3dex,MBH +0.3 dex,global_comparison,all_sources,0.3,7.298385201001241,7.497541008547654,7.805969006243172,8.107017427744454,8.30115505321799,seed1e2,2.0,100.0,0.5416083015367594,0.5619662850684234,0.5934942237971299,0.6242678119875129,0.6441128299709603,0.0
expanded-blagn-v1,measurement,GS38562_juodzbalis25,GS38562_juodzbalis25,HZA-GS-38562,GS-38562,1,GS38562_juodzbalis25,True,only catalogue measurement in this release,4.822,1.226259143973555,JADES,,broad-line-agn,robust,individual_robust,juodzbalis25_jades_blagn,"Table 2 (BH/Lbol/lambda_Edd), Table 5 (Mstar)",,,,single-epoch-virial-halpha,,not_reported_by_source,,,Robust sample; Mstar uses BEAGLE value.,10000,20260808,30.0,0.1,1.0,True,split-normal-in-log-mbh,0.3,0.31,0.3,0.31,asymmetric,False,mbh_plus_0p3dex,MBH +0.3 dex,global_comparison,all_sources,0.3,7.298385201001241,7.497541008547654,7.805969006243172,8.107017427744454,8.30115505321799,seed1e4,4.0,10000.0,0.337165520957344,0.3575235044890079,0.3890514432177145,0.41982503140809735,0.4396700493915448,0.0
expanded-blagn-v1,measurement,GS38562_juodzbalis25,GS38562_juodzbalis25,HZA-GS-38562,GS-38562,1,GS38562_juodzbalis25,True,only catalogue measurement in this release,4.822,1.226259143973555,JADES,,broad-line-agn,robust,individual_robust,juodzbalis25_jades_blagn,"Table 2 (BH/Lbol/lambda_Edd), Table 5 (Mstar)",,,,single-epoch-virial-halpha,,not_reported_by_source,,,Robust sample; Mstar uses BEAGLE value.,10000,20260808,30.0,0.1,1.0,True,split-normal-in-log-mbh,0.3,0.31,0.3,0.31,asymmetric,False,mbh_plus_0p3dex,MBH +0.3 dex,global_comparison,all_sources,0.3,7.298385201001241,7.497541008547654,7.805969006243172,8.107017427744454,8.30115505321799,seed1e5,5.0,100000.0,0.2349441306676362,0.2553021141993001,0.28683005292800673,0.3176036411183896,0.3374486591018371,0.0
expanded-blagn-v1,measurement,GS8083_juodzbalis25,GS8083_juodzbalis25,HZA-GS-8083,GS-8083,1,GS8083_juodzbalis25,True,only catalogue measurement in this release,4.753,1.2483035089057362,JADES,,broad-line-agn,robust,individual_robust,juodzbalis25_jades_blagn,"Table 2 (BH/Lbol/lambda_Edd), Table 5 (Mstar)",,,,single-epoch-virial-halpha,,not_reported_by_source,,,Robust sample; Mstar uses BEAGLE value.,10000,20260808,30.0,0.1,1.0,True,split-normal-in-log-mbh,0.31,0.31,0.31,0.31,symmetric_reported,False,baseline,reported MBH,none,all_sources,0.0,6.587257789709228,6.790853317984855,7.095702817875751,7.4092973829348985,7.607193123952511,seed1e2,2.0,100.0,0.4599140481944854,0.48032633978481126,0.5108902570556944,0.5423309461383289,0.5621717825473999,0.0
expanded-blagn-v1,measurement,GS8083_juodzbalis25,GS8083_juodzbalis25,HZA-GS-8083,GS-8083,1,GS8083_juodzbalis25,True,only catalogue measurement in this release,4.753,1.2483035089057362,JADES,,broad-line-agn,robust,individual_robust,juodzbalis25_jades_blagn,"Table 2 (BH/Lbol/lambda_Edd), Table 5 (Mstar)",,,,single-epoch-virial-halpha,,not_reported_by_source,,,Robust sample; Mstar uses BEAGLE value.,10000,20260808,30.0,0.1,1.0,True,split-normal-in-log-mbh,0.31,0.31,0.31,0.31,symmetric_reported,False,baseline,reported MBH,none,all_sources,0.0,6.587257789709228,6.790853317984855,7.095702817875751,7.4092973829348985,7.607193123952511,seed1e4,4.0,10000.0,0.25939597431329725,0.2798082659036231,0.31037218317450616,0.34181287225714074,0.36165370866621177,0.0
expanded-blagn-v1,measurement,GS8083_juodzbalis25,GS8083_juodzbalis25,HZA-GS-8083,GS-8083,1,GS8083_juodzbalis25,True,only catalogue measurement in this release,4.753,1.2483035089057362,JADES,,broad-line-agn,robust,individual_robust,juodzbalis25_jades_blagn,"Table 2 (BH/Lbol/lambda_Edd), Table 5 (Mstar)",,,,single-epoch-virial-halpha,,not_reported_by_source,,,Robust sample; Mstar uses BEAGLE value.,10000,20260808,30.0,0.1,1.0,True,split-normal-in-log-mbh,0.31,0.31,0.31,0.31,symmetric_reported,False,baseline,reported MBH,none,all_sources,0.0,6.587257789709228,6.790853317984855,7.095702817875751,7.4092973829348985,7.607193123952511,seed1e5,5.0,100000.0,0.15913693737270315,0.179549228963029,0.21011314623391206,0.24155383531654664,0.26139467172561764,0.0
expanded-blagn-v1,measurement,GS8083_juodzbalis25,GS8083_juodzbalis25,HZA-GS-8083,GS-8083,1,GS8083_juodzbalis25,True,only catalogue measurement in this release,4.753,1.2483035089057362,JADES,,broad-line-agn,robust,individual_robust,juodzbalis25_jades_blagn,"Table 2 (BH/Lbol/lambda_Edd), Table 5 (Mstar)",,,,single-epoch-virial-halpha,,not_reported_by_source,,,Robust sample; Mstar uses BEAGLE value.,10000,20260808,30.0,0.1,1.0,True,split-normal-in-log-mbh,0.31,0.31,0.31,0.31,symmetric_reported,False,mbh_minus_0p3dex,MBH -0.3 dex,global_comparison,all_sources,-0.3,6.287257789709228,6.490853317984855,6.7957028178757515,7.109297382934899,7.307193123952511,seed1e2,2.0,100.0,0.42983633711230723,0.4502486287026331,0.48081254597351614,0.5122532350561506,0.5320940714652217,0.0
expanded-blagn-v1,measurement,GS8083_juodzbalis25,GS8083_juodzbalis25,HZA-GS-8083,GS-8083,1,GS8083_juodzbalis25,True,only catalogue measurement in this release,4.753,1.2483035089057362,JADES,,broad-line-agn,robust,individual_robust,juodzbalis25_jades_blagn,"Table 2 (BH/Lbol/lambda_Edd), Table 5 (Mstar)",,,,single-epoch-virial-halpha,,not_reported_by_source,,,Robust sample; Mstar uses BEAGLE value.,10000,20260808,30.0,0.1,1.0,True,split-normal-in-log-mbh,0.31,0.31,0.31,0.31,symmetric_reported,False,mbh_minus_0p3dex,MBH -0.3 dex,global_comparison,all_sources,-0.3,6.287257789709228,6.490853317984855,6.7957028178757515,7.109297382934899,7.307193123952511,seed1e4,4.0,10000.0,0.22931826323111898,0.24973055482144485,0.28029447209232794,0.31173516117496247,0.3315759975840335,0.0
expanded-blagn-v1,measurement,GS8083_juodzbalis25,GS8083_juodzbalis25,HZA-GS-8083,GS-8083,1,GS8083_juodzbalis25,True,only catalogue measurement in this release,4.753,1.2483035089057362,JADES,,broad-line-agn,robust,individual_robust,juodzbalis25_jades_blagn,"Table 2 (BH/Lbol/lambda_Edd), Table 5 (Mstar)",,,,single-epoch-virial-halpha,,not_reported_by_source,,,Robust sample; Mstar uses BEAGLE value.,10000,20260808,30.0,0.1,1.0,True,split-normal-in-log-mbh,0.31,0.31,0.31,0.31,symmetric_reported,False,mbh_minus_0p3dex,MBH -0.3 dex,global_comparison,all_sources,-0.3,6.287257789709228,6.490853317984855,6.7957028178757515,7.109297382934899,7.307193123952511,seed1e5,5.0,100000.0,0.12905922629052494,0.14947151788085078,0.18003543515173384,0.21147612423436843,0.2313169606434394,0.0
expanded-blagn-v1,measurement,GS8083_juodzbalis25,GS8083_juodzbalis25,HZA-GS-8083,GS-8083,1,GS8083_juodzbalis25,True,only catalogue measurement in this release,4.753,1.2483035089057362,JADES,,broad-line-agn,robust,individual_robust,juodzbalis25_jades_blagn,"Table 2 (BH/Lbol/lambda_Edd), Table 5 (Mstar)",,,,single-epoch-virial-halpha,,not_reported_by_source,,,Robust sample; Mstar uses BEAGLE value.,10000,20260808,30.0,0.1,1.0,True,split-normal-in-log-mbh,0.31,0.31,0.31,0.31,symmetric_reported,False,mbh_plus_0p3dex,MBH +0.3 dex,global_comparison,all_sources,0.3,6.887257789709228,7.0908533179848545,7.395702817875751,7.709297382934898,7.907193123952511,seed1e2,2.0,100.0,0.48999175927666355,0.5104040508669894,0.5409679681378725,0.572408657220507,0.5922494936295781,0.0
expanded-blagn-v1,measurement,GS8083_juodzbalis25,GS8083_juodzbalis25,HZA-GS-8083,GS-8083,1,GS8083_juodzbalis25,True,only catalogue measurement in this release,4.753,1.2483035089057362,JADES,,broad-line-agn,robust,individual_robust,juodzbalis25_jades_blagn,"Table 2 (BH/Lbol/lambda_Edd), Table 5 (Mstar)",,,,single-epoch-virial-halpha,,not_reported_by_source,,,Robust sample; Mstar uses BEAGLE value.,10000,20260808,30.0,0.1,1.0,True,split-normal-in-log-mbh,0.31,0.31,0.31,0.31,symmetric_reported,False,mbh_plus_0p3dex,MBH +0.3 dex,global_comparison,all_sources,0.3,6.887257789709228,7.0908533179848545,7.395702817875751,7.709297382934898,7.907193123952511,seed1e4,4.0,10000.0,0.28947368539547547,0.30988597698580134,0.3404498942566843,0.3718905833393189,0.3917314197483899,0.0
expanded-blagn-v1,measurement,GS8083_juodzbalis25,GS8083_juodzbalis25,HZA-GS-8083,GS-8083,1,GS8083_juodzbalis25,True,only catalogue measurement in this release,4.753,1.2483035089057362,JADES,,broad-line-agn,robust,individual_robust,juodzbalis25_jades_blagn,"Table 2 (BH/Lbol/lambda_Edd), Table 5 (Mstar)",,,,single-epoch-virial-halpha,,not_reported_by_source,,,Robust sample; Mstar uses BEAGLE value.,10000,20260808,30.0,0.1,1.0,True,split-normal-in-log-mbh,0.31,0.31,0.31,0.31,symmetric_reported,False,mbh_plus_0p3dex,MBH +0.3 dex,global_comparison,all_sources,0.3,6.887257789709228,7.0908533179848545,7.395702817875751,7.709297382934898,7.907193123952511,seed1e5,5.0,100000.0,0.18921464845488134,0.2096269400452072,0.24019085731609024,0.2716315463987247,0.29147238280779586,0.0
expanded-blagn-v1,measurement,RUBIESEGS13872_taylor24,RUBIESEGS13872_taylor24,HZA-RUBIES-EGS-13872,RUBIES-EGS-13872,1,RUBIESEGS13872_taylor24,True,only catalogue measurement in this release,5.262,1.0997055860002432,RUBIES,EGS,broad-line-agn,robust,individual_robust,taylor24_ceers_rubies_blagn,Table 1 (Sample of BLAGN),The Astrophysical Journal 986:165 (2025); arXiv:2409.06772v2,https://iopscience.iop.org/article/10.3847/1538-4357/add15b,10.3847/1538-4357/add15b,single-epoch-virial-halpha-reines2013,0.0,non_lrd,0.0,formal_mbh_errors_exclude_virial_systematic;nominal_mass_uncorrected_for_dust,Nominal Table 1 mass and Halpha flux are uncorrected for dust; formal MBH errors exclude the approximately 0.5 dex virial-calibration systematic.,10000,20260808,30.0,0.1,1.0,True,split-normal-in-log-mbh,0.23,0.28,0.23,0.28,asymmetric,False,baseline,reported MBH,none,all_sources,0.0,6.27724328464267,6.460270950805498,6.739996920063499,6.971388959542748,7.11894600858075,seed1e2,2.0,100.0,0.49257372445826125,0.5136514638340937,0.5458651242073127,0.57251257704347,0.5895054671780304,0.0
expanded-blagn-v1,measurement,RUBIESEGS13872_taylor24,RUBIESEGS13872_taylor24,HZA-RUBIES-EGS-13872,RUBIES-EGS-13872,1,RUBIESEGS13872_taylor24,True,only catalogue measurement in this release,5.262,1.0997055860002432,RUBIES,EGS,broad-line-agn,robust,individual_robust,taylor24_ceers_rubies_blagn,Table 1 (Sample of BLAGN),The Astrophysical Journal 986:165 (2025); arXiv:2409.06772v2,https://iopscience.iop.org/article/10.3847/1538-4357/add15b,10.3847/1538-4357/add15b,single-epoch-virial-halpha-reines2013,0.0,non_lrd,0.0,formal_mbh_errors_exclude_virial_systematic;nominal_mass_uncorrected_for_dust,Nominal Table 1 mass and Halpha flux are uncorrected for dust; formal MBH errors exclude the approximately 0.5 dex virial-calibration systematic.,10000,20260808,30.0,0.1,1.0,True,split-normal-in-log-mbh,0.23,0.28,0.23,0.28,asymmetric,False,baseline,reported MBH,none,all_sources,0.0,6.27724328464267,6.460270950805498,6.739996920063499,6.971388959542748,7.11894600858075,seed1e4,4.0,10000.0,0.2622507375817213,0.2833284769575536,0.31554213733077263,0.3421895901669302,0.3591824803014904,0.0
expanded-blagn-v1,measurement,RUBIESEGS13872_taylor24,RUBIESEGS13872_taylor24,HZA-RUBIES-EGS-13872,RUBIES-EGS-13872,1,RUBIESEGS13872_taylor24,True,only catalogue measurement in this release,5.262,1.0997055860002432,RUBIES,EGS,broad-line-agn,robust,individual_robust,taylor24_ceers_rubies_blagn,Table 1 (Sample of BLAGN),The Astrophysical Journal 986:165 (2025); arXiv:2409.06772v2,https://iopscience.iop.org/article/10.3847/1538-4357/add15b,10.3847/1538-4357/add15b,single-epoch-virial-halpha-reines2013,0.0,non_lrd,0.0,formal_mbh_errors_exclude_virial_systematic;nominal_mass_uncorrected_for_dust,Nominal Table 1 mass and Halpha flux are uncorrected for dust; formal MBH errors exclude the approximately 0.5 dex virial-calibration systematic.,10000,20260808,30.0,0.1,1.0,True,split-normal-in-log-mbh,0.23,0.28,0.23,0.28,asymmetric,False,baseline,reported MBH,none,all_sources,0.0,6.27724328464267,6.460270950805498,6.739996920063499,6.971388959542748,7.11894600858075,seed1e5,5.0,100000.0,0.14708924414345126,0.16816698351928358,0.2003806438925026,0.22702809672866014,0.24402098686322038,0.0
expanded-blagn-v1,measurement,RUBIESEGS13872_taylor24,RUBIESEGS13872_taylor24,HZA-RUBIES-EGS-13872,RUBIES-EGS-13872,1,RUBIESEGS13872_taylor24,True,only catalogue measurement in this release,5.262,1.0997055860002432,RUBIES,EGS,broad-line-agn,robust,individual_robust,taylor24_ceers_rubies_blagn,Table 1 (Sample of BLAGN),The Astrophysical Journal 986:165 (2025); arXiv:2409.06772v2,https://iopscience.iop.org/article/10.3847/1538-4357/add15b,10.3847/1538-4357/add15b,single-epoch-virial-halpha-reines2013,0.0,non_lrd,0.0,formal_mbh_errors_exclude_virial_systematic;nominal_mass_uncorrected_for_dust,Nominal Table 1 mass and Halpha flux are uncorrected for dust; formal MBH errors exclude the approximately 0.5 dex virial-calibration systematic.,10000,20260808,30.0,0.1,1.0,True,split-normal-in-log-mbh,0.23,0.28,0.23,0.28,asymmetric,False,mbh_minus_0p3dex,MBH -0.3 dex,global_comparison,all_sources,-0.3,5.97724328464267,6.160270950805498,6.439996920063498,6.671388959542748,6.81894600858075,seed1e2,2.0,100.0,0.4580252764267803,0.47910301580261266,0.5113166761758317,0.5379641290119892,0.5549570191465495,0.0
expanded-blagn-v1,measurement,RUBIESEGS13872_taylor24,RUBIESEGS13872_taylor24,HZA-RUBIES-EGS-13872,RUBIES-EGS-13872,1,RUBIESEGS13872_taylor24,True,only catalogue measurement in this release,5.262,1.0997055860002432,RUBIES,EGS,broad-line-agn,robust,individual_robust,taylor24_ceers_rubies_blagn,Table 1 (Sample of BLAGN),The Astrophysical Journal 986:165 (2025); arXiv:2409.06772v2,https://iopscience.iop.org/article/10.3847/1538-4357/add15b,10.3847/1538-4357/add15b,single-epoch-virial-halpha-reines2013,0.0,non_lrd,0.0,formal_mbh_errors_exclude_virial_systematic;nominal_mass_uncorrected_for_dust,Nominal Table 1 mass and Halpha flux are uncorrected for dust; formal MBH errors exclude the approximately 0.5 dex virial-calibration systematic.,10000,20260808,30.0,0.1,1.0,True,split-normal-in-log-mbh,0.23,0.28,0.23,0.28,asymmetric,False,mbh_minus_0p3dex,MBH -0.3 dex,global_comparison,all_sources,-0.3,5.97724328464267,6.160270950805498,6.439996920063498,6.671388959542748,6.81894600858075,seed1e4,4.0,10000.0,0.22770228955024027,0.2487800289260726,0.2809936892992916,0.30764114213544913,0.32463403227000937,0.0
expanded-blagn-v1,measurement,RUBIESEGS13872_taylor24,RUBIESEGS13872_taylor24,HZA-RUBIES-EGS-13872,RUBIES-EGS-13872,1,RUBIESEGS13872_taylor24,True,only catalogue measurement in this release,5.262,1.0997055860002432,RUBIES,EGS,broad-line-agn,robust,individual_robust,taylor24_ceers_rubies_blagn,Table 1 (Sample of BLAGN),The Astrophysical Journal 986:165 (2025); arXiv:2409.06772v2,https://iopscience.iop.org/article/10.3847/1538-4357/add15b,10.3847/1538-4357/add15b,single-epoch-virial-halpha-reines2013,0.0,non_lrd,0.0,formal_mbh_errors_exclude_virial_systematic;nominal_mass_uncorrected_for_dust,Nominal Table 1 mass and Halpha flux are uncorrected for dust; formal MBH errors exclude the approximately 0.5 dex virial-calibration systematic.,10000,20260808,30.0,0.1,1.0,True,split-normal-in-log-mbh,0.23,0.28,0.23,0.28,asymmetric,False,mbh_minus_0p3dex,MBH -0.3 dex,global_comparison,all_sources,-0.3,5.97724328464267,6.160270950805498,6.439996920063498,6.671388959542748,6.81894600858075,seed1e5,5.0,100000.0,0.11254079611197028,0.13361853548780261,0.1658321958610216,0.19247964869717915,0.2094725388317394,0.0
expanded-blagn-v1,measurement,RUBIESEGS13872_taylor24,RUBIESEGS13872_taylor24,HZA-RUBIES-EGS-13872,RUBIES-EGS-13872,1,RUBIESEGS13872_taylor24,True,only catalogue measurement in this release,5.262,1.0997055860002432,RUBIES,EGS,broad-line-agn,robust,individual_robust,taylor24_ceers_rubies_blagn,Table 1 (Sample of BLAGN),The Astrophysical Journal 986:165 (2025); arXiv:2409.06772v2,https://iopscience.iop.org/article/10.3847/1538-4357/add15b,10.3847/1538-4357/add15b,single-epoch-virial-halpha-reines2013,0.0,non_lrd,0.0,formal_mbh_errors_exclude_virial_systematic;nominal_mass_uncorrected_for_dust,Nominal Table 1 mass and Halpha flux are uncorrected for dust; formal MBH errors exclude the approximately 0.5 dex virial-calibration systematic.,10000,20260808,30.0,0.1,1.0,True,split-normal-in-log-mbh,0.23,0.28,0.23,0.28,asymmetric,False,mbh_plus_0p3dex,MBH +0.3 dex,global_comparison,all_sources,0.3,6.57724328464267,6.760270950805498,7.039996920063498,7.271388959542747,7.4189460085807495,seed1e2,2.0,100.0,0.5271221724897421,0.5481999118655745,0.5804135722387936,0.6070610250749512,0.6240539152095115,0.0
expanded-blagn-v1,measurement,RUBIESEGS13872_taylor24,RUBIESEGS13872_taylor24,HZA-RUBIES-EGS-13872,RUBIES-EGS-13872,1,RUBIESEGS13872_taylor24,True,only catalogue measurement in this release,5.262,1.0997055860002432,RUBIES,EGS,broad-line-agn,robust,individual_robust,taylor24_ceers_rubies_blagn,Table 1 (Sample of BLAGN),The Astrophysical Journal 986:165 (2025); arXiv:2409.06772v2,https://iopscience.iop.org/article/10.3847/1538-4357/add15b,10.3847/1538-4357/add15b,single-epoch-virial-halpha-reines2013,0.0,non_lrd,0.0,formal_mbh_errors_exclude_virial_systematic;nominal_mass_uncorrected_for_dust,Nominal Table 1 mass and Halpha flux are uncorrected for dust; formal MBH errors exclude the approximately 0.5 dex virial-calibration systematic.,10000,20260808,30.0,0.1,1.0,True,split-normal-in-log-mbh,0.23,0.28,0.23,0.28,asymmetric,False,mbh_plus_0p3dex,MBH +0.3 dex,global_comparison,all_sources,0.3,6.57724328464267,6.760270950805498,7.039996920063498,7.271388959542747,7.4189460085807495,seed1e4,4.0,10000.0,0.29679918561320223,0.3178769249890346,0.35009058536225357,0.37673803819841106,0.39373092833297135,0.0
expanded-blagn-v1,measurement,RUBIESEGS13872_taylor24,RUBIESEGS13872_taylor24,HZA-RUBIES-EGS-13872,RUBIES-EGS-13872,1,RUBIESEGS13872_taylor24,True,only catalogue measurement in this release,5.262,1.0997055860002432,RUBIES,EGS,broad-line-agn,robust,individual_robust,taylor24_ceers_rubies_blagn,Table 1 (Sample of BLAGN),The Astrophysical Journal 986:165 (2025); arXiv:2409.06772v2,https://iopscience.iop.org/article/10.3847/1538-4357/add15b,10.3847/1538-4357/add15b,single-epoch-virial-halpha-reines2013,0.0,non_lrd,0.0,formal_mbh_errors_exclude_virial_systematic;nominal_mass_uncorrected_for_dust,Nominal Table 1 mass and Halpha flux are uncorrected for dust; formal MBH errors exclude the approximately 0.5 dex virial-calibration systematic.,10000,20260808,30.0,0.1,1.0,True,split-normal-in-log-mbh,0.23,0.28,0.23,0.28,asymmetric,False,mbh_plus_0p3dex,MBH +0.3 dex,global_comparison,all_sources,0.3,6.57724328464267,6.760270950805498,7.039996920063498,7.271388959542747,7.4189460085807495,seed1e5,5.0,100000.0,0.18163769217493225,0.20271543155076457,0.2349290919239836,0.2615765447601411,0.2785694348947014,0.0
expanded-blagn-v1,measurement,RUBIESEGS13872_taylor24,RUBIESEGS13872_taylor24,HZA-RUBIES-EGS-13872,RUBIES-EGS-13872,1,RUBIESEGS13872_taylor24,True,only catalogue measurement in this release,5.262,1.0997055860002432,RUBIES,EGS,broad-line-agn,robust,individual_robust,taylor24_ceers_rubies_blagn,Table 1 (Sample of BLAGN),The Astrophysical Journal 986:165 (2025); arXiv:2409.06772v2,https://iopscience.iop.org/article/10.3847/1538-4357/add15b,10.3847/1538-4357/add15b,single-epoch-virial-halpha-reines2013,0.0,non_lrd,0.0,formal_mbh_errors_exclude_virial_systematic;nominal_mass_uncorrected_for_dust,Nominal Table 1 mass and Halpha flux are uncorrected for dust; formal MBH errors exclude the approximately 0.5 dex virial-calibration systematic.,10000,20260808,30.0,0.1,1.0,True,split-normal-in-log-mbh,0.23,0.28,0.23,0.28,asymmetric,False,taylor_virial_minus_0p5dex,Taylor virial calibration sensitivity: MBH -0.5 dex,taylor_virial_calibration_sensitivity,taylor24_ceers_rubies_blagn_only,-0.5,5.77724328464267,5.960270950805498,6.239996920063499,6.471388959542748,6.61894600858075,seed1e2,2.0,100.0,0.43499297773912626,0.4560707171149586,0.48828437748817755,0.5149318303243352,0.5319247204588955,0.0
expanded-blagn-v1,measurement,RUBIESEGS13872_taylor24,RUBIESEGS13872_taylor24,HZA-RUBIES-EGS-13872,RUBIES-EGS-13872,1,RUBIESEGS13872_taylor24,True,only catalogue measurement in this release,5.262,1.0997055860002432,RUBIES,EGS,broad-line-agn,robust,individual_robust,taylor24_ceers_rubies_blagn,Table 1 (Sample of BLAGN),The Astrophysical Journal 986:165 (2025); arXiv:2409.06772v2,https://iopscience.iop.org/article/10.3847/1538-4357/add15b,10.3847/1538-4357/add15b,single-epoch-virial-halpha-reines2013,0.0,non_lrd,0.0,formal_mbh_errors_exclude_virial_systematic;nominal_mass_uncorrected_for_dust,Nominal Table 1 mass and Halpha flux are uncorrected for dust; formal MBH errors exclude the approximately 0.5 dex virial-calibration systematic.,10000,20260808,30.0,0.1,1.0,True,split-normal-in-log-mbh,0.23,0.28,0.23,0.28,asymmetric,False,taylor_virial_minus_0p5dex,Taylor virial calibration sensitivity: MBH -0.5 dex,taylor_virial_calibration_sensitivity,taylor24_ceers_rubies_blagn_only,-0.5,5.77724328464267,5.960270950805498,6.239996920063499,6.471388959542748,6.61894600858075,seed1e4,4.0,10000.0,0.20466999086258625,0.2257477302384186,0.2579613906116376,0.2846088434477951,0.3016017335823554,0.0
expanded-blagn-v1,measurement,RUBIESEGS13872_taylor24,RUBIESEGS13872_taylor24,HZA-RUBIES-EGS-13872,RUBIES-EGS-13872,1,RUBIESEGS13872_taylor24,True,only catalogue measurement in this release,5.262,1.0997055860002432,RUBIES,EGS,broad-line-agn,robust,individual_robust,taylor24_ceers_rubies_blagn,Table 1 (Sample of BLAGN),The Astrophysical Journal 986:165 (2025); arXiv:2409.06772v2,https://iopscience.iop.org/article/10.3847/1538-4357/add15b,10.3847/1538-4357/add15b,single-epoch-virial-halpha-reines2013,0.0,non_lrd,0.0,formal_mbh_errors_exclude_virial_systematic;nominal_mass_uncorrected_for_dust,Nominal Table 1 mass and Halpha flux are uncorrected for dust; formal MBH errors exclude the approximately 0.5 dex virial-calibration systematic.,10000,20260808,30.0,0.1,1.0,True,split-normal-in-log-mbh,0.23,0.28,0.23,0.28,asymmetric,False,taylor_virial_minus_0p5dex,Taylor virial calibration sensitivity: MBH -0.5 dex,taylor_virial_calibration_sensitivity,taylor24_ceers_rubies_blagn_only,-0.5,5.77724328464267,5.960270950805498,6.239996920063499,6.471388959542748,6.61894600858075,seed1e5,5.0,100000.0,0.08950849742431626,0.11058623680014859,0.14279989717336758,0.1694473500095251,0.18644024014408536,0.0
expanded-blagn-v1,measurement,RUBIESEGS13872_taylor24,RUBIESEGS13872_taylor24,HZA-RUBIES-EGS-13872,RUBIES-EGS-13872,1,RUBIESEGS13872_taylor24,True,only catalogue measurement in this release,5.262,1.0997055860002432,RUBIES,EGS,broad-line-agn,robust,individual_robust,taylor24_ceers_rubies_blagn,Table 1 (Sample of BLAGN),The Astrophysical Journal 986:165 (2025); arXiv:2409.06772v2,https://iopscience.iop.org/article/10.3847/1538-4357/add15b,10.3847/1538-4357/add15b,single-epoch-virial-halpha-reines2013,0.0,non_lrd,0.0,formal_mbh_errors_exclude_virial_systematic;nominal_mass_uncorrected_for_dust,Nominal Table 1 mass and Halpha flux are uncorrected for dust; formal MBH errors exclude the approximately 0.5 dex virial-calibration systematic.,10000,20260808,30.0,0.1,1.0,True,split-normal-in-log-mbh,0.23,0.28,0.23,0.28,asymmetric,False,taylor_virial_plus_0p5dex,Taylor virial calibration sensitivity: MBH +0.5 dex,taylor_virial_calibration_sensitivity,taylor24_ceers_rubies_blagn_only,0.5,6.77724328464267,6.960270950805498,7.239996920063499,7.471388959542748,7.61894600858075,seed1e2,2.0,100.0,0.5501544711773962,0.5712322105532286,0.6034458709264476,0.6300933237626052,0.6470862138971654,0.0
expanded-blagn-v1,measurement,RUBIESEGS13872_taylor24,RUBIESEGS13872_taylor24,HZA-RUBIES-EGS-13872,RUBIES-EGS-13872,1,RUBIESEGS13872_taylor24,True,only catalogue measurement in this release,5.262,1.0997055860002432,RUBIES,EGS,broad-line-agn,robust,individual_robust,taylor24_ceers_rubies_blagn,Table 1 (Sample of BLAGN),The Astrophysical Journal 986:165 (2025); arXiv:2409.06772v2,https://iopscience.iop.org/article/10.3847/1538-4357/add15b,10.3847/1538-4357/add15b,single-epoch-virial-halpha-reines2013,0.0,non_lrd,0.0,formal_mbh_errors_exclude_virial_systematic;nominal_mass_uncorrected_for_dust,Nominal Table 1 mass and Halpha flux are uncorrected for dust; formal MBH errors exclude the approximately 0.5 dex virial-calibration systematic.,10000,20260808,30.0,0.1,1.0,True,split-normal-in-log-mbh,0.23,0.28,0.23,0.28,asymmetric,False,taylor_virial_plus_0p5dex,Taylor virial calibration sensitivity: MBH +0.5 dex,taylor_virial_calibration_sensitivity,taylor24_ceers_rubies_blagn_only,0.5,6.77724328464267,6.960270950805498,7.239996920063499,7.471388959542748,7.61894600858075,seed1e4,4.0,10000.0,0.3198314843008563,0.3409092236766886,0.37312288404990757,0.3997703368860651,0.4167632270206254,0.0
expanded-blagn-v1,measurement,RUBIESEGS13872_taylor24,RUBIESEGS13872_taylor24,HZA-RUBIES-EGS-13872,RUBIES-EGS-13872,1,RUBIESEGS13872_taylor24,True,only catalogue measurement in this release,5.262,1.0997055860002432,RUBIES,EGS,broad-line-agn,robust,individual_robust,taylor24_ceers_rubies_blagn,Table 1 (Sample of BLAGN),The Astrophysical Journal 986:165 (2025); arXiv:2409.06772v2,https://iopscience.iop.org/article/10.3847/1538-4357/add15b,10.3847/1538-4357/add15b,single-epoch-virial-halpha-reines2013,0.0,non_lrd,0.0,formal_mbh_errors_exclude_virial_systematic;nominal_mass_uncorrected_for_dust,Nominal Table 1 mass and Halpha flux are uncorrected for dust; formal MBH errors exclude the approximately 0.5 dex virial-calibration systematic.,10000,20260808,30.0,0.1,1.0,True,split-normal-in-log-mbh,0.23,0.28,0.23,0.28,asymmetric,False,taylor_virial_plus_0p5dex,Taylor virial calibration sensitivity: MBH +0.5 dex,taylor_virial_calibration_sensitivity,taylor24_ceers_rubies_blagn_only,0.5,6.77724328464267,6.960270950805498,7.239996920063499,7.471388959542748,7.61894600858075,seed1e5,5.0,100000.0,0.20466999086258625,0.2257477302384186,0.2579613906116376,0.2846088434477951,0.3016017335823554,0.0
expanded-blagn-v1,measurement,RUBIESEGS17146_taylor24,RUBIESEGS17146_taylor24,HZA-RUBIES-EGS-17146,RUBIES-EGS-17146,1,RUBIESEGS17146_taylor24,True,only catalogue measurement in this release,5.0,1.1722819008829126,RUBIES,EGS,broad-line-agn,robust,individual_robust,taylor24_ceers_rubies_blagn,Table 1 (Sample of BLAGN),The Astrophysical Journal 986:165 (2025); arXiv:2409.06772v2,https://iopscience.iop.org/article/10.3847/1538-4357/add15b,10.3847/1538-4357/add15b,single-epoch-virial-halpha-reines2013,0.0,non_lrd,0.0,formal_mbh_errors_exclude_virial_systematic;nominal_mass_uncorrected_for_dust,Nominal Table 1 mass and Halpha flux are uncorrected for dust; formal MBH errors exclude the approximately 0.5 dex virial-calibration systematic.,10000,20260808,30.0,0.1,1.0,True,split-normal-in-log-mbh,0.25,0.15,0.25,0.15,asymmetric,False,baseline,reported MBH,none,all_sources,0.0,6.35529248447841,6.452533103240222,6.601038869003429,6.845827888905091,7.016948547618072,seed1e2,2.0,100.0,0.46761472967186446,0.4780551641128306,0.4939997840802751,0.5202820491120493,0.538654762506274,0.0
expanded-blagn-v1,measurement,RUBIESEGS17146_taylor24,RUBIESEGS17146_taylor24,HZA-RUBIES-EGS-17146,RUBIES-EGS-17146,1,RUBIESEGS17146_taylor24,True,only catalogue measurement in this release,5.0,1.1722819008829126,RUBIES,EGS,broad-line-agn,robust,individual_robust,taylor24_ceers_rubies_blagn,Table 1 (Sample of BLAGN),The Astrophysical Journal 986:165 (2025); arXiv:2409.06772v2,https://iopscience.iop.org/article/10.3847/1538-4357/add15b,10.3847/1538-4357/add15b,single-epoch-virial-halpha-reines2013,0.0,non_lrd,0.0,formal_mbh_errors_exclude_virial_systematic;nominal_mass_uncorrected_for_dust,Nominal Table 1 mass and Halpha flux are uncorrected for dust; formal MBH errors exclude the approximately 0.5 dex virial-calibration systematic.,10000,20260808,30.0,0.1,1.0,True,split-normal-in-log-mbh,0.25,0.15,0.25,0.15,asymmetric,False,baseline,reported MBH,none,all_sources,0.0,6.35529248447841,6.452533103240222,6.601038869003429,6.845827888905091,7.016948547618072,seed1e4,4.0,10000.0,0.2528807106187831,0.2633211450597492,0.2792657650271938,0.30554803005896797,0.3239207434531926,0.0
expanded-blagn-v1,measurement,RUBIESEGS17146_taylor24,RUBIESEGS17146_taylor24,HZA-RUBIES-EGS-17146,RUBIES-EGS-17146,1,RUBIESEGS17146_taylor24,True,only catalogue measurement in this release,5.0,1.1722819008829126,RUBIES,EGS,broad-line-agn,robust,individual_robust,taylor24_ceers_rubies_blagn,Table 1 (Sample of BLAGN),The Astrophysical Journal 986:165 (2025); arXiv:2409.06772v2,https://iopscience.iop.org/article/10.3847/1538-4357/add15b,10.3847/1538-4357/add15b,single-epoch-virial-halpha-reines2013,0.0,non_lrd,0.0,formal_mbh_errors_exclude_virial_systematic;nominal_mass_uncorrected_for_dust,Nominal Table 1 mass and Halpha flux are uncorrected for dust; formal MBH errors exclude the approximately 0.5 dex virial-calibration systematic.,10000,20260808,30.0,0.1,1.0,True,split-normal-in-log-mbh,0.25,0.15,0.25,0.15,asymmetric,False,baseline,reported MBH,none,all_sources,0.0,6.35529248447841,6.452533103240222,6.601038869003429,6.845827888905091,7.016948547618072,seed1e5,5.0,100000.0,0.1455137010922424,0.15595413553320853,0.1718987555006531,0.19818102053242734,0.2165537339266519,0.0
expanded-blagn-v1,measurement,RUBIESEGS17146_taylor24,RUBIESEGS17146_taylor24,HZA-RUBIES-EGS-17146,RUBIES-EGS-17146,1,RUBIESEGS17146_taylor24,True,only catalogue measurement in this release,5.0,1.1722819008829126,RUBIES,EGS,broad-line-agn,robust,individual_robust,taylor24_ceers_rubies_blagn,Table 1 (Sample of BLAGN),The Astrophysical Journal 986:165 (2025); arXiv:2409.06772v2,https://iopscience.iop.org/article/10.3847/1538-4357/add15b,10.3847/1538-4357/add15b,single-epoch-virial-halpha-reines2013,0.0,non_lrd,0.0,formal_mbh_errors_exclude_virial_systematic;nominal_mass_uncorrected_for_dust,Nominal Table 1 mass and Halpha flux are uncorrected for dust; formal MBH errors exclude the approximately 0.5 dex virial-calibration systematic.,10000,20260808,30.0,0.1,1.0,True,split-normal-in-log-mbh,0.25,0.15,0.25,0.15,asymmetric,False,mbh_minus_0p3dex,MBH -0.3 dex,global_comparison,all_sources,-0.3,6.05529248447841,6.152533103240222,6.301038869003429,6.545827888905091,6.716948547618072,seed1e2,2.0,100.0,0.4354046268139023,0.44584506125486834,0.4617896812223129,0.4880719462540872,0.5064446596483118,0.0
expanded-blagn-v1,measurement,RUBIESEGS17146_taylor24,RUBIESEGS17146_taylor24,HZA-RUBIES-EGS-17146,RUBIES-EGS-17146,1,RUBIESEGS17146_taylor24,True,only catalogue measurement in this release,5.0,1.1722819008829126,RUBIES,EGS,broad-line-agn,robust,individual_robust,taylor24_ceers_rubies_blagn,Table 1 (Sample of BLAGN),The Astrophysical Journal 986:165 (2025); arXiv:2409.06772v2,https://iopscience.iop.org/article/10.3847/1538-4357/add15b,10.3847/1538-4357/add15b,single-epoch-virial-halpha-reines2013,0.0,non_lrd,0.0,formal_mbh_errors_exclude_virial_systematic;nominal_mass_uncorrected_for_dust,Nominal Table 1 mass and Halpha flux are uncorrected for dust; formal MBH errors exclude the approximately 0.5 dex virial-calibration systematic.,10000,20260808,30.0,0.1,1.0,True,split-normal-in-log-mbh,0.25,0.15,0.25,0.15,asymmetric,False,mbh_minus_0p3dex,MBH -0.3 dex,global_comparison,all_sources,-0.3,6.05529248447841,6.152533103240222,6.301038869003429,6.545827888905091,6.716948547618072,seed1e4,4.0,10000.0,0.2206706077608209,0.23111104220178702,0.24705566216923158,0.2733379272010058,0.29171064059523033,0.0
expanded-blagn-v1,measurement,RUBIESEGS17146_taylor24,RUBIESEGS17146_taylor24,HZA-RUBIES-EGS-17146,RUBIES-EGS-17146,1,RUBIESEGS17146_taylor24,True,only catalogue measurement in this release,5.0,1.1722819008829126,RUBIES,EGS,broad-line-agn,robust,individual_robust,taylor24_ceers_rubies_blagn,Table 1 (Sample of BLAGN),The Astrophysical Journal 986:165 (2025); arXiv:2409.06772v2,https://iopscience.iop.org/article/10.3847/1538-4357/add15b,10.3847/1538-4357/add15b,single-epoch-virial-halpha-reines2013,0.0,non_lrd,0.0,formal_mbh_errors_exclude_virial_systematic;nominal_mass_uncorrected_for_dust,Nominal Table 1 mass and Halpha flux are uncorrected for dust; formal MBH errors exclude the approximately 0.5 dex virial-calibration systematic.,10000,20260808,30.0,0.1,1.0,True,split-normal-in-log-mbh,0.25,0.15,0.25,0.15,asymmetric,False,mbh_minus_0p3dex,MBH -0.3 dex,global_comparison,all_sources,-0.3,6.05529248447841,6.152533103240222,6.301038869003429,6.545827888905091,6.716948547618072,seed1e5,5.0,100000.0,0.11330359823428023,0.12374403267524635,0.1396886526426909,0.16597091767446515,0.18434363106868967,0.0
expanded-blagn-v1,measurement,RUBIESEGS17146_taylor24,RUBIESEGS17146_taylor24,HZA-RUBIES-EGS-17146,RUBIES-EGS-17146,1,RUBIESEGS17146_taylor24,True,only catalogue measurement in this release,5.0,1.1722819008829126,RUBIES,EGS,broad-line-agn,robust,individual_robust,taylor24_ceers_rubies_blagn,Table 1 (Sample of BLAGN),The Astrophysical Journal 986:165 (2025); arXiv:2409.06772v2,https://iopscience.iop.org/article/10.3847/1538-4357/add15b,10.3847/1538-4357/add15b,single-epoch-virial-halpha-reines2013,0.0,non_lrd,0.0,formal_mbh_errors_exclude_virial_systematic;nominal_mass_uncorrected_for_dust,Nominal Table 1 mass and Halpha flux are uncorrected for dust; formal MBH errors exclude the approximately 0.5 dex virial-calibration systematic.,10000,20260808,30.0,0.1,1.0,True,split-normal-in-log-mbh,0.25,0.15,0.25,0.15,asymmetric,False,mbh_plus_0p3dex,MBH +0.3 dex,global_comparison,all_sources,0.3,6.65529248447841,6.752533103240221,6.901038869003429,7.145827888905091,7.316948547618072,seed1e2,2.0,100.0,0.4998248325298266,0.5102652669707928,0.5262098869382373,0.5524921519700114,0.5708648653642361,0.0
expanded-blagn-v1,measurement,RUBIESEGS17146_taylor24,RUBIESEGS17146_taylor24,HZA-RUBIES-EGS-17146,RUBIES-EGS-17146,1,RUBIESEGS17146_taylor24,True,only catalogue measurement in this release,5.0,1.1722819008829126,RUBIES,EGS,broad-line-agn,robust,individual_robust,taylor24_ceers_rubies_blagn,Table 1 (Sample of BLAGN),The Astrophysical Journal 986:165 (2025); arXiv:2409.06772v2,https://iopscience.iop.org/article/10.3847/1538-4357/add15b,10.3847/1538-4357/add15b,single-epoch-virial-halpha-reines2013,0.0,non_lrd,0.0,formal_mbh_errors_exclude_virial_systematic;nominal_mass_uncorrected_for_dust,Nominal Table 1 mass and Halpha flux are uncorrected for dust; formal MBH errors exclude the approximately 0.5 dex virial-calibration systematic.,10000,20260808,30.0,0.1,1.0,True,split-normal-in-log-mbh,0.25,0.15,0.25,0.15,asymmetric,False,mbh_plus_0p3dex,MBH +0.3 dex,global_comparison,all_sources,0.3,6.65529248447841,6.752533103240221,6.901038869003429,7.145827888905091,7.316948547618072,seed1e4,4.0,10000.0,0.2850908134767452,0.29553124791771135,0.31147586788515597,0.33775813291693013,0.35613084631115477,0.0
expanded-blagn-v1,measurement,RUBIESEGS17146_taylor24,RUBIESEGS17146_taylor24,HZA-RUBIES-EGS-17146,RUBIES-EGS-17146,1,RUBIESEGS17146_taylor24,True,only catalogue measurement in this release,5.0,1.1722819008829126,RUBIES,EGS,broad-line-agn,robust,individual_robust,taylor24_ceers_rubies_blagn,Table 1 (Sample of BLAGN),The Astrophysical Journal 986:165 (2025); arXiv:2409.06772v2,https://iopscience.iop.org/article/10.3847/1538-4357/add15b,10.3847/1538-4357/add15b,single-epoch-virial-halpha-reines2013,0.0,non_lrd,0.0,formal_mbh_errors_exclude_virial_systematic;nominal_mass_uncorrected_for_dust,Nominal Table 1 mass and Halpha flux are uncorrected for dust; formal MBH errors exclude the approximately 0.5 dex virial-calibration systematic.,10000,20260808,30.0,0.1,1.0,True,split-normal-in-log-mbh,0.25,0.15,0.25,0.15,asymmetric,False,mbh_plus_0p3dex,MBH +0.3 dex,global_comparison,all_sources,0.3,6.65529248447841,6.752533103240221,6.901038869003429,7.145827888905091,7.316948547618072,seed1e5,5.0,100000.0,0.17772380395020462,0.1881642383911707,0.20410885835861525,0.2303911233903895,0.24876383678461406,0.0
expanded-blagn-v1,measurement,RUBIESEGS17146_taylor24,RUBIESEGS17146_taylor24,HZA-RUBIES-EGS-17146,RUBIES-EGS-17146,1,RUBIESEGS17146_taylor24,True,only catalogue measurement in this release,5.0,1.1722819008829126,RUBIES,EGS,broad-line-agn,robust,individual_robust,taylor24_ceers_rubies_blagn,Table 1 (Sample of BLAGN),The Astrophysical Journal 986:165 (2025); arXiv:2409.06772v2,https://iopscience.iop.org/article/10.3847/1538-4357/add15b,10.3847/1538-4357/add15b,single-epoch-virial-halpha-reines2013,0.0,non_lrd,0.0,formal_mbh_errors_exclude_virial_systematic;nominal_mass_uncorrected_for_dust,Nominal Table 1 mass and Halpha flux are uncorrected for dust; formal MBH errors exclude the approximately 0.5 dex virial-calibration systematic.,10000,20260808,30.0,0.1,1.0,True,split-normal-in-log-mbh,0.25,0.15,0.25,0.15,asymmetric,False,taylor_virial_minus_0p5dex,Taylor virial calibration sensitivity: MBH -0.5 dex,taylor_virial_calibration_sensitivity,taylor24_ceers_rubies_blagn_only,-0.5,5.85529248447841,5.952533103240222,6.101038869003429,6.345827888905091,6.516948547618072,seed1e2,2.0,100.0,0.4139312249085941,0.4243716593495602,0.4403162793170048,0.46659854434877907,0.48497125774300354,0.0
expanded-blagn-v1,measurement,RUBIESEGS17146_taylor24,RUBIESEGS17146_taylor24,HZA-RUBIES-EGS-17146,RUBIES-EGS-17146,1,RUBIESEGS17146_taylor24,True,only catalogue measurement in this release,5.0,1.1722819008829126,RUBIES,EGS,broad-line-agn,robust,individual_robust,taylor24_ceers_rubies_blagn,Table 1 (Sample of BLAGN),The Astrophysical Journal 986:165 (2025); arXiv:2409.06772v2,https://iopscience.iop.org/article/10.3847/1538-4357/add15b,10.3847/1538-4357/add15b,single-epoch-virial-halpha-reines2013,0.0,non_lrd,0.0,formal_mbh_errors_exclude_virial_systematic;nominal_mass_uncorrected_for_dust,Nominal Table 1 mass and Halpha flux are uncorrected for dust; formal MBH errors exclude the approximately 0.5 dex virial-calibration systematic.,10000,20260808,30.0,0.1,1.0,True,split-normal-in-log-mbh,0.25,0.15,0.25,0.15,asymmetric,False,taylor_virial_minus_0p5dex,Taylor virial calibration sensitivity: MBH -0.5 dex,taylor_virial_calibration_sensitivity,taylor24_ceers_rubies_blagn_only,-0.5,5.85529248447841,5.952533103240222,6.101038869003429,6.345827888905091,6.516948547618072,seed1e4,4.0,10000.0,0.19919720585551273,0.20963764029647888,0.22558226026392347,0.25186452529569764,0.27023723868992217,0.0
expanded-blagn-v1,measurement,RUBIESEGS17146_taylor24,RUBIESEGS17146_taylor24,HZA-RUBIES-EGS-17146,RUBIES-EGS-17146,1,RUBIESEGS17146_taylor24,True,only catalogue measurement in this release,5.0,1.1722819008829126,RUBIES,EGS,broad-line-agn,robust,individual_robust,taylor24_ceers_rubies_blagn,Table 1 (Sample of BLAGN),The Astrophysical Journal 986:165 (2025); arXiv:2409.06772v2,https://iopscience.iop.org/article/10.3847/1538-4357/add15b,10.3847/1538-4357/add15b,single-epoch-virial-halpha-reines2013,0.0,non_lrd,0.0,formal_mbh_errors_exclude_virial_systematic;nominal_mass_uncorrected_for_dust,Nominal Table 1 mass and Halpha flux are uncorrected for dust; formal MBH errors exclude the approximately 0.5 dex virial-calibration systematic.,10000,20260808,30.0,0.1,1.0,True,split-normal-in-log-mbh,0.25,0.15,0.25,0.15,asymmetric,False,taylor_virial_minus_0p5dex,Taylor virial calibration sensitivity: MBH -0.5 dex,taylor_virial_calibration_sensitivity,taylor24_ceers_rubies_blagn_only,-0.5,5.85529248447841,5.952533103240222,6.101038869003429,6.345827888905091,6.516948547618072,seed1e5,5.0,100000.0,0.09183019632897206,0.1022706307699382,0.11821525073738276,0.144497515769157,0.16287022916338154,0.0
expanded-blagn-v1,measurement,RUBIESEGS17146_taylor24,RUBIESEGS17146_taylor24,HZA-RUBIES-EGS-17146,RUBIES-EGS-17146,1,RUBIESEGS17146_taylor24,True,only catalogue measurement in this release,5.0,1.1722819008829126,RUBIES,EGS,broad-line-agn,robust,individual_robust,taylor24_ceers_rubies_blagn,Table 1 (Sample of BLAGN),The Astrophysical Journal 986:165 (2025); arXiv:2409.06772v2,https://iopscience.iop.org/article/10.3847/1538-4357/add15b,10.3847/1538-4357/add15b,single-epoch-virial-halpha-reines2013,0.0,non_lrd,0.0,formal_mbh_errors_exclude_virial_systematic;nominal_mass_uncorrected_for_dust,Nominal Table 1 mass and Halpha flux are uncorrected for dust; formal MBH errors exclude the approximately 0.5 dex virial-calibration systematic.,10000,20260808,30.0,0.1,1.0,True,split-normal-in-log-mbh,0.25,0.15,0.25,0.15,asymmetric,False,taylor_virial_plus_0p5dex,Taylor virial calibration sensitivity: MBH +0.5 dex,taylor_virial_calibration_sensitivity,taylor24_ceers_rubies_blagn_only,0.5,6.85529248447841,6.952533103240222,7.101038869003429,7.345827888905091,7.516948547618072,seed1e2,2.0,100.0,0.5212982344351347,0.531738668876101,0.5476832888435454,0.5739655538753196,0.5923382672695443,0.0
expanded-blagn-v1,measurement,RUBIESEGS17146_taylor24,RUBIESEGS17146_taylor24,HZA-RUBIES-EGS-17146,RUBIES-EGS-17146,1,RUBIESEGS17146_taylor24,True,only catalogue measurement in this release,5.0,1.1722819008829126,RUBIES,EGS,broad-line-agn,robust,individual_robust,taylor24_ceers_rubies_blagn,Table 1 (Sample of BLAGN),The Astrophysical Journal 986:165 (2025); arXiv:2409.06772v2,https://iopscience.iop.org/article/10.3847/1538-4357/add15b,10.3847/1538-4357/add15b,single-epoch-virial-halpha-reines2013,0.0,non_lrd,0.0,formal_mbh_errors_exclude_virial_systematic;nominal_mass_uncorrected_for_dust,Nominal Table 1 mass and Halpha flux are uncorrected for dust; formal MBH errors exclude the approximately 0.5 dex virial-calibration systematic.,10000,20260808,30.0,0.1,1.0,True,split-normal-in-log-mbh,0.25,0.15,0.25,0.15,asymmetric,False,taylor_virial_plus_0p5dex,Taylor virial calibration sensitivity: MBH +0.5 dex,taylor_virial_calibration_sensitivity,taylor24_ceers_rubies_blagn_only,0.5,6.85529248447841,6.952533103240222,7.101038869003429,7.345827888905091,7.516948547618072,seed1e4,4.0,10000.0,0.30656421538205336,0.31700464982301957,0.33294926979046413,0.35923153482223835,0.37760424821646293,0.0
expanded-blagn-v1,measurement,RUBIESEGS17146_taylor24,RUBIESEGS17146_taylor24,HZA-RUBIES-EGS-17146,RUBIES-EGS-17146,1,RUBIESEGS17146_taylor24,True,only catalogue measurement in this release,5.0,1.1722819008829126,RUBIES,EGS,broad-line-agn,robust,individual_robust,taylor24_ceers_rubies_blagn,Table 1 (Sample of BLAGN),The Astrophysical Journal 986:165 (2025); arXiv:2409.06772v2,https://iopscience.iop.org/article/10.3847/1538-4357/add15b,10.3847/1538-4357/add15b,single-epoch-virial-halpha-reines2013,0.0,non_lrd,0.0,formal_mbh_errors_exclude_virial_systematic;nominal_mass_uncorrected_for_dust,Nominal Table 1 mass and Halpha flux are uncorrected for dust; formal MBH errors exclude the approximately 0.5 dex virial-calibration systematic.,10000,20260808,30.0,0.1,1.0,True,split-normal-in-log-mbh,0.25,0.15,0.25,0.15,asymmetric,False,taylor_virial_plus_0p5dex,Taylor virial calibration sensitivity: MBH +0.5 dex,taylor_virial_calibration_sensitivity,taylor24_ceers_rubies_blagn_only,0.5,6.85529248447841,6.952533103240222,7.101038869003429,7.345827888905091,7.516948547618072,seed1e5,5.0,100000.0,0.19919720585551273,0.20963764029647888,0.22558226026392347,0.25186452529569764,0.27023723868992217,0.0
expanded-blagn-v1,measurement,RUBIESEGS28812_taylor24,RUBIESEGS28812_taylor24,HZA-RUBIES-EGS-28812,RUBIES-EGS-28812,1,RUBIESEGS28812_taylor24,True,only catalogue measurement in this release,4.222,1.442548613560481,RUBIES,EGS,broad-line-agn,robust,individual_robust,taylor24_ceers_rubies_blagn,Table 1 (Sample of BLAGN),The Astrophysical Journal 986:165 (2025); arXiv:2409.06772v2,https://iopscience.iop.org/article/10.3847/1538-4357/add15b,10.3847/1538-4357/add15b,single-epoch-virial-halpha-reines2013,0.0,non_lrd,1.0,formal_mbh_errors_exclude_virial_systematic;nominal_mass_uncorrected_for_dust;halpha_absorption_component_fit,Nominal Table 1 mass and Halpha flux are uncorrected for dust; formal MBH errors exclude the approximately 0.5 dex virial-calibration systematic. Halpha line fit includes the source-specific narrow absorption component described in Section 3.2.,10000,20260808,30.0,0.1,1.0,True,split-normal-in-log-mbh,0.04,0.04,0.04,0.04,symmetric_reported,False,baseline,reported MBH,none,all_sources,0.0,7.283418616390407,7.310454668805472,7.34978289085224,7.389542148529932,7.416037594078819,seed1e2,2.0,100.0,0.4530707382262177,0.4553891697410736,0.4587616957303218,0.4621711844601141,0.4644432571361703,0.0
expanded-blagn-v1,measurement,RUBIESEGS28812_taylor24,RUBIESEGS28812_taylor24,HZA-RUBIES-EGS-28812,RUBIES-EGS-28812,1,RUBIESEGS28812_taylor24,True,only catalogue measurement in this release,4.222,1.442548613560481,RUBIES,EGS,broad-line-agn,robust,individual_robust,taylor24_ceers_rubies_blagn,Table 1 (Sample of BLAGN),The Astrophysical Journal 986:165 (2025); arXiv:2409.06772v2,https://iopscience.iop.org/article/10.3847/1538-4357/add15b,10.3847/1538-4357/add15b,single-epoch-virial-halpha-reines2013,0.0,non_lrd,1.0,formal_mbh_errors_exclude_virial_systematic;nominal_mass_uncorrected_for_dust;halpha_absorption_component_fit,Nominal Table 1 mass and Halpha flux are uncorrected for dust; formal MBH errors exclude the approximately 0.5 dex virial-calibration systematic. Halpha line fit includes the source-specific narrow absorption component described in Section 3.2.,10000,20260808,30.0,0.1,1.0,True,split-normal-in-log-mbh,0.04,0.04,0.04,0.04,symmetric_reported,False,baseline,reported MBH,none,all_sources,0.0,7.283418616390407,7.310454668805472,7.34978289085224,7.389542148529932,7.416037594078819,seed1e4,4.0,10000.0,0.2815640789504656,0.2838825104653215,0.2872550364545696,0.2906645251843619,0.29293659786041815,0.0
expanded-blagn-v1,measurement,RUBIESEGS28812_taylor24,RUBIESEGS28812_taylor24,HZA-RUBIES-EGS-28812,RUBIES-EGS-28812,1,RUBIESEGS28812_taylor24,True,only catalogue measurement in this release,4.222,1.442548613560481,RUBIES,EGS,broad-line-agn,robust,individual_robust,taylor24_ceers_rubies_blagn,Table 1 (Sample of BLAGN),The Astrophysical Journal 986:165 (2025); arXiv:2409.06772v2,https://iopscience.iop.org/article/10.3847/1538-4357/add15b,10.3847/1538-4357/add15b,single-epoch-virial-halpha-reines2013,0.0,non_lrd,1.0,formal_mbh_errors_exclude_virial_systematic;nominal_mass_uncorrected_for_dust;halpha_absorption_component_fit,Nominal Table 1 mass and Halpha flux are uncorrected for dust; formal MBH errors exclude the approximately 0.5 dex virial-calibration systematic. Halpha line fit includes the source-specific narrow absorption component described in Section 3.2.,10000,20260808,30.0,0.1,1.0,True,split-normal-in-log-mbh,0.04,0.04,0.04,0.04,symmetric_reported,False,baseline,reported MBH,none,all_sources,0.0,7.283418616390407,7.310454668805472,7.34978289085224,7.389542148529932,7.416037594078819,seed1e5,5.0,100000.0,0.19581074931258952,0.1981291808274454,0.20150170681669352,0.2049111955464859,0.20718326822254204,0.0
expanded-blagn-v1,measurement,RUBIESEGS28812_taylor24,RUBIESEGS28812_taylor24,HZA-RUBIES-EGS-28812,RUBIES-EGS-28812,1,RUBIESEGS28812_taylor24,True,only catalogue measurement in this release,4.222,1.442548613560481,RUBIES,EGS,broad-line-agn,robust,individual_robust,taylor24_ceers_rubies_blagn,Table 1 (Sample of BLAGN),The Astrophysical Journal 986:165 (2025); arXiv:2409.06772v2,https://iopscience.iop.org/article/10.3847/1538-4357/add15b,10.3847/1538-4357/add15b,single-epoch-virial-halpha-reines2013,0.0,non_lrd,1.0,formal_mbh_errors_exclude_virial_systematic;nominal_mass_uncorrected_for_dust;halpha_absorption_component_fit,Nominal Table 1 mass and Halpha flux are uncorrected for dust; formal MBH errors exclude the approximately 0.5 dex virial-calibration systematic. Halpha line fit includes the source-specific narrow absorption component described in Section 3.2.,10000,20260808,30.0,0.1,1.0,True,split-normal-in-log-mbh,0.04,0.04,0.04,0.04,symmetric_reported,False,mbh_minus_0p3dex,MBH -0.3 dex,global_comparison,all_sources,-0.3,6.9834186163904075,7.0104546688054725,7.04978289085224,7.089542148529932,7.116037594078819,seed1e2,2.0,100.0,0.42734473933485495,0.4296631708497109,0.43303569683895893,0.4364451855687513,0.43871725824480745,0.0
expanded-blagn-v1,measurement,RUBIESEGS28812_taylor24,RUBIESEGS28812_taylor24,HZA-RUBIES-EGS-28812,RUBIES-EGS-28812,1,RUBIESEGS28812_taylor24,True,only catalogue measurement in this release,4.222,1.442548613560481,RUBIES,EGS,broad-line-agn,robust,individual_robust,taylor24_ceers_rubies_blagn,Table 1 (Sample of BLAGN),The Astrophysical Journal 986:165 (2025); arXiv:2409.06772v2,https://iopscience.iop.org/article/10.3847/1538-4357/add15b,10.3847/1538-4357/add15b,single-epoch-virial-halpha-reines2013,0.0,non_lrd,1.0,formal_mbh_errors_exclude_virial_systematic;nominal_mass_uncorrected_for_dust;halpha_absorption_component_fit,Nominal Table 1 mass and Halpha flux are uncorrected for dust; formal MBH errors exclude the approximately 0.5 dex virial-calibration systematic. Halpha line fit includes the source-specific narrow absorption component described in Section 3.2.,10000,20260808,30.0,0.1,1.0,True,split-normal-in-log-mbh,0.04,0.04,0.04,0.04,symmetric_reported,False,mbh_minus_0p3dex,MBH -0.3 dex,global_comparison,all_sources,-0.3,6.9834186163904075,7.0104546688054725,7.04978289085224,7.089542148529932,7.116037594078819,seed1e4,4.0,10000.0,0.25583808005910275,0.2581565115739587,0.26152903756320683,0.26493852629299913,0.26721059896905536,0.0
expanded-blagn-v1,measurement,RUBIESEGS28812_taylor24,RUBIESEGS28812_taylor24,HZA-RUBIES-EGS-28812,RUBIES-EGS-28812,1,RUBIESEGS28812_taylor24,True,only catalogue measurement in this release,4.222,1.442548613560481,RUBIES,EGS,broad-line-agn,robust,individual_robust,taylor24_ceers_rubies_blagn,Table 1 (Sample of BLAGN),The Astrophysical Journal 986:165 (2025); arXiv:2409.06772v2,https://iopscience.iop.org/article/10.3847/1538-4357/add15b,10.3847/1538-4357/add15b,single-epoch-virial-halpha-reines2013,0.0,non_lrd,1.0,formal_mbh_errors_exclude_virial_systematic;nominal_mass_uncorrected_for_dust;halpha_absorption_component_fit,Nominal Table 1 mass and Halpha flux are uncorrected for dust; formal MBH errors exclude the approximately 0.5 dex virial-calibration systematic. Halpha line fit includes the source-specific narrow absorption component described in Section 3.2.,10000,20260808,30.0,0.1,1.0,True,split-normal-in-log-mbh,0.04,0.04,0.04,0.04,symmetric_reported,False,mbh_minus_0p3dex,MBH -0.3 dex,global_comparison,all_sources,-0.3,6.9834186163904075,7.0104546688054725,7.04978289085224,7.089542148529932,7.116037594078819,seed1e5,5.0,100000.0,0.1700847504212267,0.1724031819360826,0.17577570792533073,0.1791851966551231,0.18145726933117923,0.0
expanded-blagn-v1,measurement,RUBIESEGS28812_taylor24,RUBIESEGS28812_taylor24,HZA-RUBIES-EGS-28812,RUBIES-EGS-28812,1,RUBIESEGS28812_taylor24,True,only catalogue measurement in this release,4.222,1.442548613560481,RUBIES,EGS,broad-line-agn,robust,individual_robust,taylor24_ceers_rubies_blagn,Table 1 (Sample of BLAGN),The Astrophysical Journal 986:165 (2025); arXiv:2409.06772v2,https://iopscience.iop.org/article/10.3847/1538-4357/add15b,10.3847/1538-4357/add15b,single-epoch-virial-halpha-reines2013,0.0,non_lrd,1.0,formal_mbh_errors_exclude_virial_systematic;nominal_mass_uncorrected_for_dust;halpha_absorption_component_fit,Nominal Table 1 mass and Halpha flux are uncorrected for dust; formal MBH errors exclude the approximately 0.5 dex virial-calibration systematic. Halpha line fit includes the source-specific narrow absorption component described in Section 3.2.,10000,20260808,30.0,0.1,1.0,True,split-normal-in-log-mbh,0.04,0.04,0.04,0.04,symmetric_reported,False,mbh_plus_0p3dex,MBH +0.3 dex,global_comparison,all_sources,0.3,7.583418616390407,7.610454668805472,7.64978289085224,7.689542148529932,7.716037594078819,seed1e2,2.0,100.0,0.4787967371175805,0.4811151686324364,0.4844876946216845,0.48789718335147686,0.4901692560275331,0.0
expanded-blagn-v1,measurement,RUBIESEGS28812_taylor24,RUBIESEGS28812_taylor24,HZA-RUBIES-EGS-28812,RUBIES-EGS-28812,1,RUBIESEGS28812_taylor24,True,only catalogue measurement in this release,4.222,1.442548613560481,RUBIES,EGS,broad-line-agn,robust,individual_robust,taylor24_ceers_rubies_blagn,Table 1 (Sample of BLAGN),The Astrophysical Journal 986:165 (2025); arXiv:2409.06772v2,https://iopscience.iop.org/article/10.3847/1538-4357/add15b,10.3847/1538-4357/add15b,single-epoch-virial-halpha-reines2013,0.0,non_lrd,1.0,formal_mbh_errors_exclude_virial_systematic;nominal_mass_uncorrected_for_dust;halpha_absorption_component_fit,Nominal Table 1 mass and Halpha flux are uncorrected for dust; formal MBH errors exclude the approximately 0.5 dex virial-calibration systematic. Halpha line fit includes the source-specific narrow absorption component described in Section 3.2.,10000,20260808,30.0,0.1,1.0,True,split-normal-in-log-mbh,0.04,0.04,0.04,0.04,symmetric_reported,False,mbh_plus_0p3dex,MBH +0.3 dex,global_comparison,all_sources,0.3,7.583418616390407,7.610454668805472,7.64978289085224,7.689542148529932,7.716037594078819,seed1e4,4.0,10000.0,0.3072900778418284,0.30960850935668427,0.3129810353459324,0.31639052407572477,0.31866259675178094,0.0
expanded-blagn-v1,measurement,RUBIESEGS28812_taylor24,RUBIESEGS28812_taylor24,HZA-RUBIES-EGS-28812,RUBIES-EGS-28812,1,RUBIESEGS28812_taylor24,True,only catalogue measurement in this release,4.222,1.442548613560481,RUBIES,EGS,broad-line-agn,robust,individual_robust,taylor24_ceers_rubies_blagn,Table 1 (Sample of BLAGN),The Astrophysical Journal 986:165 (2025); arXiv:2409.06772v2,https://iopscience.iop.org/article/10.3847/1538-4357/add15b,10.3847/1538-4357/add15b,single-epoch-virial-halpha-reines2013,0.0,non_lrd,1.0,formal_mbh_errors_exclude_virial_systematic;nominal_mass_uncorrected_for_dust;halpha_absorption_component_fit,Nominal Table 1 mass and Halpha flux are uncorrected for dust; formal MBH errors exclude the approximately 0.5 dex virial-calibration systematic. Halpha line fit includes the source-specific narrow absorption component described in Section 3.2.,10000,20260808,30.0,0.1,1.0,True,split-normal-in-log-mbh,0.04,0.04,0.04,0.04,symmetric_reported,False,mbh_plus_0p3dex,MBH +0.3 dex,global_comparison,all_sources,0.3,7.583418616390407,7.610454668805472,7.64978289085224,7.689542148529932,7.716037594078819,seed1e5,5.0,100000.0,0.22153674820395233,0.22385517971880825,0.22722770570805634,0.23063719443784872,0.23290926711390483,0.0
expanded-blagn-v1,measurement,RUBIESEGS28812_taylor24,RUBIESEGS28812_taylor24,HZA-RUBIES-EGS-28812,RUBIES-EGS-28812,1,RUBIESEGS28812_taylor24,True,only catalogue measurement in this release,4.222,1.442548613560481,RUBIES,EGS,broad-line-agn,robust,individual_robust,taylor24_ceers_rubies_blagn,Table 1 (Sample of BLAGN),The Astrophysical Journal 986:165 (2025); arXiv:2409.06772v2,https://iopscience.iop.org/article/10.3847/1538-4357/add15b,10.3847/1538-4357/add15b,single-epoch-virial-halpha-reines2013,0.0,non_lrd,1.0,formal_mbh_errors_exclude_virial_systematic;nominal_mass_uncorrected_for_dust;halpha_absorption_component_fit,Nominal Table 1 mass and Halpha flux are uncorrected for dust; formal MBH errors exclude the approximately 0.5 dex virial-calibration systematic. Halpha line fit includes the source-specific narrow absorption component described in Section 3.2.,10000,20260808,30.0,0.1,1.0,True,split-normal-in-log-mbh,0.04,0.04,0.04,0.04,symmetric_reported,False,taylor_virial_minus_0p5dex,Taylor virial calibration sensitivity: MBH -0.5 dex,taylor_virial_calibration_sensitivity,taylor24_ceers_rubies_blagn_only,-0.5,6.783418616390407,6.810454668805472,6.84978289085224,6.889542148529932,6.916037594078819,seed1e2,2.0,100.0,0.4101940734072797,0.4125125049221356,0.41588503091138374,0.4192945196411761,0.42156659231723226,0.0
expanded-blagn-v1,measurement,RUBIESEGS28812_taylor24,RUBIESEGS28812_taylor24,HZA-RUBIES-EGS-28812,RUBIES-EGS-28812,1,RUBIESEGS28812_taylor24,True,only catalogue measurement in this release,4.222,1.442548613560481,RUBIES,EGS,broad-line-agn,robust,individual_robust,taylor24_ceers_rubies_blagn,Table 1 (Sample of BLAGN),The Astrophysical Journal 986:165 (2025); arXiv:2409.06772v2,https://iopscience.iop.org/article/10.3847/1538-4357/add15b,10.3847/1538-4357/add15b,single-epoch-virial-halpha-reines2013,0.0,non_lrd,1.0,formal_mbh_errors_exclude_virial_systematic;nominal_mass_uncorrected_for_dust;halpha_absorption_component_fit,Nominal Table 1 mass and Halpha flux are uncorrected for dust; formal MBH errors exclude the approximately 0.5 dex virial-calibration systematic. Halpha line fit includes the source-specific narrow absorption component described in Section 3.2.,10000,20260808,30.0,0.1,1.0,True,split-normal-in-log-mbh,0.04,0.04,0.04,0.04,symmetric_reported,False,taylor_virial_minus_0p5dex,Taylor virial calibration sensitivity: MBH -0.5 dex,taylor_virial_calibration_sensitivity,taylor24_ceers_rubies_blagn_only,-0.5,6.783418616390407,6.810454668805472,6.84978289085224,6.889542148529932,6.916037594078819,seed1e4,4.0,10000.0,0.23868741413152758,0.24100584564638344,0.24437837163563156,0.24778786036542394,0.2500599330414801,0.0
expanded-blagn-v1,measurement,RUBIESEGS28812_taylor24,RUBIESEGS28812_taylor24,HZA-RUBIES-EGS-28812,RUBIES-EGS-28812,1,RUBIESEGS28812_taylor24,True,only catalogue measurement in this release,4.222,1.442548613560481,RUBIES,EGS,broad-line-agn,robust,individual_robust,taylor24_ceers_rubies_blagn,Table 1 (Sample of BLAGN),The Astrophysical Journal 986:165 (2025); arXiv:2409.06772v2,https://iopscience.iop.org/article/10.3847/1538-4357/add15b,10.3847/1538-4357/add15b,single-epoch-virial-halpha-reines2013,0.0,non_lrd,1.0,formal_mbh_errors_exclude_virial_systematic;nominal_mass_uncorrected_for_dust;halpha_absorption_component_fit,Nominal Table 1 mass and Halpha flux are uncorrected for dust; formal MBH errors exclude the approximately 0.5 dex virial-calibration systematic. Halpha line fit includes the source-specific narrow absorption component described in Section 3.2.,10000,20260808,30.0,0.1,1.0,True,split-normal-in-log-mbh,0.04,0.04,0.04,0.04,symmetric_reported,False,taylor_virial_minus_0p5dex,Taylor virial calibration sensitivity: MBH -0.5 dex,taylor_virial_calibration_sensitivity,taylor24_ceers_rubies_blagn_only,-0.5,6.783418616390407,6.810454668805472,6.84978289085224,6.889542148529932,6.916037594078819,seed1e5,5.0,100000.0,0.15293408449365145,0.1552525160085074,0.1586250419977555,0.1620345307275479,0.164306603403604,0.0
expanded-blagn-v1,measurement,RUBIESEGS28812_taylor24,RUBIESEGS28812_taylor24,HZA-RUBIES-EGS-28812,RUBIES-EGS-28812,1,RUBIESEGS28812_taylor24,True,only catalogue measurement in this release,4.222,1.442548613560481,RUBIES,EGS,broad-line-agn,robust,individual_robust,taylor24_ceers_rubies_blagn,Table 1 (Sample of BLAGN),The Astrophysical Journal 986:165 (2025); arXiv:2409.06772v2,https://iopscience.iop.org/article/10.3847/1538-4357/add15b,10.3847/1538-4357/add15b,single-epoch-virial-halpha-reines2013,0.0,non_lrd,1.0,formal_mbh_errors_exclude_virial_systematic;nominal_mass_uncorrected_for_dust;halpha_absorption_component_fit,Nominal Table 1 mass and Halpha flux are uncorrected for dust; formal MBH errors exclude the approximately 0.5 dex virial-calibration systematic. Halpha line fit includes the source-specific narrow absorption component described in Section 3.2.,10000,20260808,30.0,0.1,1.0,True,split-normal-in-log-mbh,0.04,0.04,0.04,0.04,symmetric_reported,False,taylor_virial_plus_0p5dex,Taylor virial calibration sensitivity: MBH +0.5 dex,taylor_virial_calibration_sensitivity,taylor24_ceers_rubies_blagn_only,0.5,7.783418616390407,7.810454668805472,7.84978289085224,7.889542148529932,7.916037594078819,seed1e2,2.0,100.0,0.4959474030451557,0.4982658345600117,0.5016383605492598,0.5050478492790521,0.5073199219551083,0.0
expanded-blagn-v1,measurement,RUBIESEGS28812_taylor24,RUBIESEGS28812_taylor24,HZA-RUBIES-EGS-28812,RUBIES-EGS-28812,1,RUBIESEGS28812_taylor24,True,only catalogue measurement in this release,4.222,1.442548613560481,RUBIES,EGS,broad-line-agn,robust,individual_robust,taylor24_ceers_rubies_blagn,Table 1 (Sample of BLAGN),The Astrophysical Journal 986:165 (2025); arXiv:2409.06772v2,https://iopscience.iop.org/article/10.3847/1538-4357/add15b,10.3847/1538-4357/add15b,single-epoch-virial-halpha-reines2013,0.0,non_lrd,1.0,formal_mbh_errors_exclude_virial_systematic;nominal_mass_uncorrected_for_dust;halpha_absorption_component_fit,Nominal Table 1 mass and Halpha flux are uncorrected for dust; formal MBH errors exclude the approximately 0.5 dex virial-calibration systematic. Halpha line fit includes the source-specific narrow absorption component described in Section 3.2.,10000,20260808,30.0,0.1,1.0,True,split-normal-in-log-mbh,0.04,0.04,0.04,0.04,symmetric_reported,False,taylor_virial_plus_0p5dex,Taylor virial calibration sensitivity: MBH +0.5 dex,taylor_virial_calibration_sensitivity,taylor24_ceers_rubies_blagn_only,0.5,7.783418616390407,7.810454668805472,7.84978289085224,7.889542148529932,7.916037594078819,seed1e4,4.0,10000.0,0.32444074376940363,0.3267591752842595,0.33013170127350766,0.3335411900032999,0.3358132626793562,0.0
expanded-blagn-v1,measurement,RUBIESEGS28812_taylor24,RUBIESEGS28812_taylor24,HZA-RUBIES-EGS-28812,RUBIES-EGS-28812,1,RUBIESEGS28812_taylor24,True,only catalogue measurement in this release,4.222,1.442548613560481,RUBIES,EGS,broad-line-agn,robust,individual_robust,taylor24_ceers_rubies_blagn,Table 1 (Sample of BLAGN),The Astrophysical Journal 986:165 (2025); arXiv:2409.06772v2,https://iopscience.iop.org/article/10.3847/1538-4357/add15b,10.3847/1538-4357/add15b,single-epoch-virial-halpha-reines2013,0.0,non_lrd,1.0,formal_mbh_errors_exclude_virial_systematic;nominal_mass_uncorrected_for_dust;halpha_absorption_component_fit,Nominal Table 1 mass and Halpha flux are uncorrected for dust; formal MBH errors exclude the approximately 0.5 dex virial-calibration systematic. Halpha line fit includes the source-specific narrow absorption component described in Section 3.2.,10000,20260808,30.0,0.1,1.0,True,split-normal-in-log-mbh,0.04,0.04,0.04,0.04,symmetric_reported,False,taylor_virial_plus_0p5dex,Taylor virial calibration sensitivity: MBH +0.5 dex,taylor_virial_calibration_sensitivity,taylor24_ceers_rubies_blagn_only,0.5,7.783418616390407,7.810454668805472,7.84978289085224,7.889542148529932,7.916037594078819,seed1e5,5.0,100000.0,0.23868741413152758,0.24100584564638344,0.24437837163563156,0.24778786036542394,0.2500599330414801,0.0
expanded-blagn-v1,measurement,RUBIESEGS29489_taylor24,RUBIESEGS29489_taylor24,HZA-RUBIES-EGS-29489,RUBIES-EGS-29489,1,RUBIESEGS29489_taylor24,True,only catalogue measurement in this release,4.543,1.319616479433939,RUBIES,EGS,broad-line-agn,robust,individual_robust,taylor24_ceers_rubies_blagn,Table 1 (Sample of BLAGN),The Astrophysical Journal 986:165 (2025); arXiv:2409.06772v2,https://iopscience.iop.org/article/10.3847/1538-4357/add15b,10.3847/1538-4357/add15b,single-epoch-virial-halpha-reines2013,1.0,lrd,0.0,formal_mbh_errors_exclude_virial_systematic;nominal_mass_uncorrected_for_dust,Nominal Table 1 mass and Halpha flux are uncorrected for dust; formal MBH errors exclude the approximately 0.5 dex virial-calibration systematic.,10000,20260808,30.0,0.1,1.0,True,split-normal-in-log-mbh,0.08,0.09,0.08,0.09,asymmetric,False,baseline,reported MBH,none,all_sources,0.0,7.2395720301093265,7.298154932109423,7.388965223241074,7.468528053422682,7.522958202839105,seed1e2,2.0,100.0,0.49459881521827265,0.5001288535028481,0.5087010540843533,0.5162115303822457,0.5213495621258334,0.0
expanded-blagn-v1,measurement,RUBIESEGS29489_taylor24,RUBIESEGS29489_taylor24,HZA-RUBIES-EGS-29489,RUBIES-EGS-29489,1,RUBIESEGS29489_taylor24,True,only catalogue measurement in this release,4.543,1.319616479433939,RUBIES,EGS,broad-line-agn,robust,individual_robust,taylor24_ceers_rubies_blagn,Table 1 (Sample of BLAGN),The Astrophysical Journal 986:165 (2025); arXiv:2409.06772v2,https://iopscience.iop.org/article/10.3847/1538-4357/add15b,10.3847/1538-4357/add15b,single-epoch-virial-halpha-reines2013,1.0,lrd,0.0,formal_mbh_errors_exclude_virial_systematic;nominal_mass_uncorrected_for_dust,Nominal Table 1 mass and Halpha flux are uncorrected for dust; formal MBH errors exclude the approximately 0.5 dex virial-calibration systematic.,10000,20260808,30.0,0.1,1.0,True,split-normal-in-log-mbh,0.08,0.09,0.08,0.09,asymmetric,False,baseline,reported MBH,none,all_sources,0.0,7.2395720301093265,7.298154932109423,7.388965223241074,7.468528053422682,7.522958202839105,seed1e4,4.0,10000.0,0.30580522201025917,0.31133526029483466,0.31990746087633987,0.3274179371742323,0.33255596891781997,0.0
expanded-blagn-v1,measurement,RUBIESEGS29489_taylor24,RUBIESEGS29489_taylor24,HZA-RUBIES-EGS-29489,RUBIES-EGS-29489,1,RUBIESEGS29489_taylor24,True,only catalogue measurement in this release,4.543,1.319616479433939,RUBIES,EGS,broad-line-agn,robust,individual_robust,taylor24_ceers_rubies_blagn,Table 1 (Sample of BLAGN),The Astrophysical Journal 986:165 (2025); arXiv:2409.06772v2,https://iopscience.iop.org/article/10.3847/1538-4357/add15b,10.3847/1538-4357/add15b,single-epoch-virial-halpha-reines2013,1.0,lrd,0.0,formal_mbh_errors_exclude_virial_systematic;nominal_mass_uncorrected_for_dust,Nominal Table 1 mass and Halpha flux are uncorrected for dust; formal MBH errors exclude the approximately 0.5 dex virial-calibration systematic.,10000,20260808,30.0,0.1,1.0,True,split-normal-in-log-mbh,0.08,0.09,0.08,0.09,asymmetric,False,baseline,reported MBH,none,all_sources,0.0,7.2395720301093265,7.298154932109423,7.388965223241074,7.468528053422682,7.522958202839105,seed1e5,5.0,100000.0,0.2114084254062525,0.216938463690828,0.22551066427233318,0.23302114057022558,0.23815917231381323,0.0
expanded-blagn-v1,measurement,RUBIESEGS29489_taylor24,RUBIESEGS29489_taylor24,HZA-RUBIES-EGS-29489,RUBIES-EGS-29489,1,RUBIESEGS29489_taylor24,True,only catalogue measurement in this release,4.543,1.319616479433939,RUBIES,EGS,broad-line-agn,robust,individual_robust,taylor24_ceers_rubies_blagn,Table 1 (Sample of BLAGN),The Astrophysical Journal 986:165 (2025); arXiv:2409.06772v2,https://iopscience.iop.org/article/10.3847/1538-4357/add15b,10.3847/1538-4357/add15b,single-epoch-virial-halpha-reines2013,1.0,lrd,0.0,formal_mbh_errors_exclude_virial_systematic;nominal_mass_uncorrected_for_dust,Nominal Table 1 mass and Halpha flux are uncorrected for dust; formal MBH errors exclude the approximately 0.5 dex virial-calibration systematic.,10000,20260808,30.0,0.1,1.0,True,split-normal-in-log-mbh,0.08,0.09,0.08,0.09,asymmetric,False,mbh_minus_0p3dex,MBH -0.3 dex,global_comparison,all_sources,-0.3,6.939572030109327,6.998154932109423,7.0889652232410745,7.1685280534226825,7.222958202839105,seed1e2,2.0,100.0,0.4662797762370706,0.47180981452164605,0.48038201510315126,0.48789249140104374,0.4930305231446313,0.0
expanded-blagn-v1,measurement,RUBIESEGS29489_taylor24,RUBIESEGS29489_taylor24,HZA-RUBIES-EGS-29489,RUBIES-EGS-29489,1,RUBIESEGS29489_taylor24,True,only catalogue measurement in this release,4.543,1.319616479433939,RUBIES,EGS,broad-line-agn,robust,individual_robust,taylor24_ceers_rubies_blagn,Table 1 (Sample of BLAGN),The Astrophysical Journal 986:165 (2025); arXiv:2409.06772v2,https://iopscience.iop.org/article/10.3847/1538-4357/add15b,10.3847/1538-4357/add15b,single-epoch-virial-halpha-reines2013,1.0,lrd,0.0,formal_mbh_errors_exclude_virial_systematic;nominal_mass_uncorrected_for_dust,Nominal Table 1 mass and Halpha flux are uncorrected for dust; formal MBH errors exclude the approximately 0.5 dex virial-calibration systematic.,10000,20260808,30.0,0.1,1.0,True,split-normal-in-log-mbh,0.08,0.09,0.08,0.09,asymmetric,False,mbh_minus_0p3dex,MBH -0.3 dex,global_comparison,all_sources,-0.3,6.939572030109327,6.998154932109423,7.0889652232410745,7.1685280534226825,7.222958202839105,seed1e4,4.0,10000.0,0.2774861830290572,0.28301622131363274,0.2915884218951379,0.29909889819303026,0.304236929936618,0.0
expanded-blagn-v1,measurement,RUBIESEGS29489_taylor24,RUBIESEGS29489_taylor24,HZA-RUBIES-EGS-29489,RUBIES-EGS-29489,1,RUBIESEGS29489_taylor24,True,only catalogue measurement in this release,4.543,1.319616479433939,RUBIES,EGS,broad-line-agn,robust,individual_robust,taylor24_ceers_rubies_blagn,Table 1 (Sample of BLAGN),The Astrophysical Journal 986:165 (2025); arXiv:2409.06772v2,https://iopscience.iop.org/article/10.3847/1538-4357/add15b,10.3847/1538-4357/add15b,single-epoch-virial-halpha-reines2013,1.0,lrd,0.0,formal_mbh_errors_exclude_virial_systematic;nominal_mass_uncorrected_for_dust,Nominal Table 1 mass and Halpha flux are uncorrected for dust; formal MBH errors exclude the approximately 0.5 dex virial-calibration systematic.,10000,20260808,30.0,0.1,1.0,True,split-normal-in-log-mbh,0.08,0.09,0.08,0.09,asymmetric,False,mbh_minus_0p3dex,MBH -0.3 dex,global_comparison,all_sources,-0.3,6.939572030109327,6.998154932109423,7.0889652232410745,7.1685280534226825,7.222958202839105,seed1e5,5.0,100000.0,0.18308938642505046,0.18861942470962603,0.19719162529113116,0.20470210158902355,0.20984013333261126,0.0
expanded-blagn-v1,measurement,RUBIESEGS29489_taylor24,RUBIESEGS29489_taylor24,HZA-RUBIES-EGS-29489,RUBIES-EGS-29489,1,RUBIESEGS29489_taylor24,True,only catalogue measurement in this release,4.543,1.319616479433939,RUBIES,EGS,broad-line-agn,robust,individual_robust,taylor24_ceers_rubies_blagn,Table 1 (Sample of BLAGN),The Astrophysical Journal 986:165 (2025); arXiv:2409.06772v2,https://iopscience.iop.org/article/10.3847/1538-4357/add15b,10.3847/1538-4357/add15b,single-epoch-virial-halpha-reines2013,1.0,lrd,0.0,formal_mbh_errors_exclude_virial_systematic;nominal_mass_uncorrected_for_dust,Nominal Table 1 mass and Halpha flux are uncorrected for dust; formal MBH errors exclude the approximately 0.5 dex virial-calibration systematic.,10000,20260808,30.0,0.1,1.0,True,split-normal-in-log-mbh,0.08,0.09,0.08,0.09,asymmetric,False,mbh_plus_0p3dex,MBH +0.3 dex,global_comparison,all_sources,0.3,7.539572030109326,7.598154932109423,7.688965223241074,7.768528053422682,7.8229582028391045,seed1e2,2.0,100.0,0.5229178541994746,0.5284478924840501,0.5370200930655553,0.5445305693634476,0.5496686011070354,0.0
expanded-blagn-v1,measurement,RUBIESEGS29489_taylor24,RUBIESEGS29489_taylor24,HZA-RUBIES-EGS-29489,RUBIES-EGS-29489,1,RUBIESEGS29489_taylor24,True,only catalogue measurement in this release,4.543,1.319616479433939,RUBIES,EGS,broad-line-agn,robust,individual_robust,taylor24_ceers_rubies_blagn,Table 1 (Sample of BLAGN),The Astrophysical Journal 986:165 (2025); arXiv:2409.06772v2,https://iopscience.iop.org/article/10.3847/1538-4357/add15b,10.3847/1538-4357/add15b,single-epoch-virial-halpha-reines2013,1.0,lrd,0.0,formal_mbh_errors_exclude_virial_systematic;nominal_mass_uncorrected_for_dust,Nominal Table 1 mass and Halpha flux are uncorrected for dust; formal MBH errors exclude the approximately 0.5 dex virial-calibration systematic.,10000,20260808,30.0,0.1,1.0,True,split-normal-in-log-mbh,0.08,0.09,0.08,0.09,asymmetric,False,mbh_plus_0p3dex,MBH +0.3 dex,global_comparison,all_sources,0.3,7.539572030109326,7.598154932109423,7.688965223241074,7.768528053422682,7.8229582028391045,seed1e4,4.0,10000.0,0.3341242609914612,0.3396542992760367,0.34822649985754184,0.35573697615543426,0.360875007899022,0.0
expanded-blagn-v1,measurement,RUBIESEGS29489_taylor24,RUBIESEGS29489_taylor24,HZA-RUBIES-EGS-29489,RUBIES-EGS-29489,1,RUBIESEGS29489_taylor24,True,only catalogue measurement in this release,4.543,1.319616479433939,RUBIES,EGS,broad-line-agn,robust,individual_robust,taylor24_ceers_rubies_blagn,Table 1 (Sample of BLAGN),The Astrophysical Journal 986:165 (2025); arXiv:2409.06772v2,https://iopscience.iop.org/article/10.3847/1538-4357/add15b,10.3847/1538-4357/add15b,single-epoch-virial-halpha-reines2013,1.0,lrd,0.0,formal_mbh_errors_exclude_virial_systematic;nominal_mass_uncorrected_for_dust,Nominal Table 1 mass and Halpha flux are uncorrected for dust; formal MBH errors exclude the approximately 0.5 dex virial-calibration systematic.,10000,20260808,30.0,0.1,1.0,True,split-normal-in-log-mbh,0.08,0.09,0.08,0.09,asymmetric,False,mbh_plus_0p3dex,MBH +0.3 dex,global_comparison,all_sources,0.3,7.539572030109326,7.598154932109423,7.688965223241074,7.768528053422682,7.8229582028391045,seed1e5,5.0,100000.0,0.23972746438745443,0.24525750267202995,0.25382970325353515,0.2613401795514275,0.26647821129501525,0.0
expanded-blagn-v1,measurement,RUBIESEGS29489_taylor24,RUBIESEGS29489_taylor24,HZA-RUBIES-EGS-29489,RUBIES-EGS-29489,1,RUBIESEGS29489_taylor24,True,only catalogue measurement in this release,4.543,1.319616479433939,RUBIES,EGS,broad-line-agn,robust,individual_robust,taylor24_ceers_rubies_blagn,Table 1 (Sample of BLAGN),The Astrophysical Journal 986:165 (2025); arXiv:2409.06772v2,https://iopscience.iop.org/article/10.3847/1538-4357/add15b,10.3847/1538-4357/add15b,single-epoch-virial-halpha-reines2013,1.0,lrd,0.0,formal_mbh_errors_exclude_virial_systematic;nominal_mass_uncorrected_for_dust,Nominal Table 1 mass and Halpha flux are uncorrected for dust; formal MBH errors exclude the approximately 0.5 dex virial-calibration systematic.,10000,20260808,30.0,0.1,1.0,True,split-normal-in-log-mbh,0.08,0.09,0.08,0.09,asymmetric,False,taylor_virial_minus_0p5dex,Taylor virial calibration sensitivity: MBH -0.5 dex,taylor_virial_calibration_sensitivity,taylor24_ceers_rubies_blagn_only,-0.5,6.7395720301093265,6.798154932109423,6.888965223241074,6.968528053422682,7.022958202839105,seed1e2,2.0,100.0,0.44740041691626925,0.45293045520084474,0.46150265578234995,0.4690131320802423,0.47415116382383,0.0
expanded-blagn-v1,measurement,RUBIESEGS29489_taylor24,RUBIESEGS29489_taylor24,HZA-RUBIES-EGS-29489,RUBIES-EGS-29489,1,RUBIESEGS29489_taylor24,True,only catalogue measurement in this release,4.543,1.319616479433939,RUBIES,EGS,broad-line-agn,robust,individual_robust,taylor24_ceers_rubies_blagn,Table 1 (Sample of BLAGN),The Astrophysical Journal 986:165 (2025); arXiv:2409.06772v2,https://iopscience.iop.org/article/10.3847/1538-4357/add15b,10.3847/1538-4357/add15b,single-epoch-virial-halpha-reines2013,1.0,lrd,0.0,formal_mbh_errors_exclude_virial_systematic;nominal_mass_uncorrected_for_dust,Nominal Table 1 mass and Halpha flux are uncorrected for dust; formal MBH errors exclude the approximately 0.5 dex virial-calibration systematic.,10000,20260808,30.0,0.1,1.0,True,split-normal-in-log-mbh,0.08,0.09,0.08,0.09,asymmetric,False,taylor_virial_minus_0p5dex,Taylor virial calibration sensitivity: MBH -0.5 dex,taylor_virial_calibration_sensitivity,taylor24_ceers_rubies_blagn_only,-0.5,6.7395720301093265,6.798154932109423,6.888965223241074,6.968528053422682,7.022958202839105,seed1e4,4.0,10000.0,0.2586068237082559,0.2641368619928314,0.2727090625743365,0.2802195388722289,0.2853575706158166,0.0
expanded-blagn-v1,measurement,RUBIESEGS29489_taylor24,RUBIESEGS29489_taylor24,HZA-RUBIES-EGS-29489,RUBIES-EGS-29489,1,RUBIESEGS29489_taylor24,True,only catalogue measurement in this release,4.543,1.319616479433939,RUBIES,EGS,broad-line-agn,robust,individual_robust,taylor24_ceers_rubies_blagn,Table 1 (Sample of BLAGN),The Astrophysical Journal 986:165 (2025); arXiv:2409.06772v2,https://iopscience.iop.org/article/10.3847/1538-4357/add15b,10.3847/1538-4357/add15b,single-epoch-virial-halpha-reines2013,1.0,lrd,0.0,formal_mbh_errors_exclude_virial_systematic;nominal_mass_uncorrected_for_dust,Nominal Table 1 mass and Halpha flux are uncorrected for dust; formal MBH errors exclude the approximately 0.5 dex virial-calibration systematic.,10000,20260808,30.0,0.1,1.0,True,split-normal-in-log-mbh,0.08,0.09,0.08,0.09,asymmetric,False,taylor_virial_minus_0p5dex,Taylor virial calibration sensitivity: MBH -0.5 dex,taylor_virial_calibration_sensitivity,taylor24_ceers_rubies_blagn_only,-0.5,6.7395720301093265,6.798154932109423,6.888965223241074,6.968528053422682,7.022958202839105,seed1e5,5.0,100000.0,0.16421002710424912,0.16974006538882463,0.17831226597032984,0.18582274226822218,0.19096077401180986,0.0
expanded-blagn-v1,measurement,RUBIESEGS29489_taylor24,RUBIESEGS29489_taylor24,HZA-RUBIES-EGS-29489,RUBIES-EGS-29489,1,RUBIESEGS29489_taylor24,True,only catalogue measurement in this release,4.543,1.319616479433939,RUBIES,EGS,broad-line-agn,robust,individual_robust,taylor24_ceers_rubies_blagn,Table 1 (Sample of BLAGN),The Astrophysical Journal 986:165 (2025); arXiv:2409.06772v2,https://iopscience.iop.org/article/10.3847/1538-4357/add15b,10.3847/1538-4357/add15b,single-epoch-virial-halpha-reines2013,1.0,lrd,0.0,formal_mbh_errors_exclude_virial_systematic;nominal_mass_uncorrected_for_dust,Nominal Table 1 mass and Halpha flux are uncorrected for dust; formal MBH errors exclude the approximately 0.5 dex virial-calibration systematic.,10000,20260808,30.0,0.1,1.0,True,split-normal-in-log-mbh,0.08,0.09,0.08,0.09,asymmetric,False,taylor_virial_plus_0p5dex,Taylor virial calibration sensitivity: MBH +0.5 dex,taylor_virial_calibration_sensitivity,taylor24_ceers_rubies_blagn_only,0.5,7.7395720301093265,7.798154932109423,7.888965223241074,7.968528053422682,8.022958202839105,seed1e2,2.0,100.0,0.5417972135202759,0.5473272518048514,0.5558994523863565,0.5634099286842491,0.5685479604278367,0.0
expanded-blagn-v1,measurement,RUBIESEGS29489_taylor24,RUBIESEGS29489_taylor24,HZA-RUBIES-EGS-29489,RUBIES-EGS-29489,1,RUBIESEGS29489_taylor24,True,only catalogue measurement in this release,4.543,1.319616479433939,RUBIES,EGS,broad-line-agn,robust,individual_robust,taylor24_ceers_rubies_blagn,Table 1 (Sample of BLAGN),The Astrophysical Journal 986:165 (2025); arXiv:2409.06772v2,https://iopscience.iop.org/article/10.3847/1538-4357/add15b,10.3847/1538-4357/add15b,single-epoch-virial-halpha-reines2013,1.0,lrd,0.0,formal_mbh_errors_exclude_virial_systematic;nominal_mass_uncorrected_for_dust,Nominal Table 1 mass and Halpha flux are uncorrected for dust; formal MBH errors exclude the approximately 0.5 dex virial-calibration systematic.,10000,20260808,30.0,0.1,1.0,True,split-normal-in-log-mbh,0.08,0.09,0.08,0.09,asymmetric,False,taylor_virial_plus_0p5dex,Taylor virial calibration sensitivity: MBH +0.5 dex,taylor_virial_calibration_sensitivity,taylor24_ceers_rubies_blagn_only,0.5,7.7395720301093265,7.798154932109423,7.888965223241074,7.968528053422682,8.022958202839105,seed1e4,4.0,10000.0,0.3530036203122625,0.358533658596838,0.36710585917834326,0.37461633547623563,0.3797543672198233,0.0
expanded-blagn-v1,measurement,RUBIESEGS29489_taylor24,RUBIESEGS29489_taylor24,HZA-RUBIES-EGS-29489,RUBIES-EGS-29489,1,RUBIESEGS29489_taylor24,True,only catalogue measurement in this release,4.543,1.319616479433939,RUBIES,EGS,broad-line-agn,robust,individual_robust,taylor24_ceers_rubies_blagn,Table 1 (Sample of BLAGN),The Astrophysical Journal 986:165 (2025); arXiv:2409.06772v2,https://iopscience.iop.org/article/10.3847/1538-4357/add15b,10.3847/1538-4357/add15b,single-epoch-virial-halpha-reines2013,1.0,lrd,0.0,formal_mbh_errors_exclude_virial_systematic;nominal_mass_uncorrected_for_dust,Nominal Table 1 mass and Halpha flux are uncorrected for dust; formal MBH errors exclude the approximately 0.5 dex virial-calibration systematic.,10000,20260808,30.0,0.1,1.0,True,split-normal-in-log-mbh,0.08,0.09,0.08,0.09,asymmetric,False,taylor_virial_plus_0p5dex,Taylor virial calibration sensitivity: MBH +0.5 dex,taylor_virial_calibration_sensitivity,taylor24_ceers_rubies_blagn_only,0.5,7.7395720301093265,7.798154932109423,7.888965223241074,7.968528053422682,8.022958202839105,seed1e5,5.0,100000.0,0.2586068237082559,0.2641368619928314,0.2727090625743365,0.2802195388722289,0.2853575706158166,0.0
expanded-blagn-v1,measurement,RUBIESEGS37124_taylor24,RUBIESEGS37124_taylor24,HZA-RUBIES-EGS-37124,RUBIES-EGS-37124,1,RUBIESEGS37124_taylor24,True,only catalogue measurement in this release,5.682,0.997927725671223,RUBIES,EGS,broad-line-agn,robust,individual_robust,taylor24_ceers_rubies_blagn,Table 1 (Sample of BLAGN),The Astrophysical Journal 986:165 (2025); arXiv:2409.06772v2,https://iopscience.iop.org/article/10.3847/1538-4357/add15b,10.3847/1538-4357/add15b,single-epoch-virial-halpha-reines2013,1.0,lrd,0.0,formal_mbh_errors_exclude_virial_systematic;nominal_mass_uncorrected_for_dust,Nominal Table 1 mass and Halpha flux are uncorrected for dust; formal MBH errors exclude the approximately 0.5 dex virial-calibration systematic.,10000,20260808,30.0,0.1,1.0,True,split-normal-in-log-mbh,0.12,0.11,0.12,0.11,asymmetric,False,baseline,reported MBH,none,all_sources,0.0,7.000124872967987,7.069085250089105,7.178455726505011,7.297570421006653,7.37547963858402,seed1e2,2.0,100.0,0.6410887612407522,0.6499304849709501,0.663953371403417,0.679225608374231,0.689214703657818,0.0
expanded-blagn-v1,measurement,RUBIESEGS37124_taylor24,RUBIESEGS37124_taylor24,HZA-RUBIES-EGS-37124,RUBIES-EGS-37124,1,RUBIESEGS37124_taylor24,True,only catalogue measurement in this release,5.682,0.997927725671223,RUBIES,EGS,broad-line-agn,robust,individual_robust,taylor24_ceers_rubies_blagn,Table 1 (Sample of BLAGN),The Astrophysical Journal 986:165 (2025); arXiv:2409.06772v2,https://iopscience.iop.org/article/10.3847/1538-4357/add15b,10.3847/1538-4357/add15b,single-epoch-virial-halpha-reines2013,1.0,lrd,0.0,formal_mbh_errors_exclude_virial_systematic;nominal_mass_uncorrected_for_dust,Nominal Table 1 mass and Halpha flux are uncorrected for dust; formal MBH errors exclude the approximately 0.5 dex virial-calibration systematic.,10000,20260808,30.0,0.1,1.0,True,split-normal-in-log-mbh,0.12,0.11,0.12,0.11,asymmetric,False,baseline,reported MBH,none,all_sources,0.0,7.000124872967987,7.069085250089105,7.178455726505011,7.297570421006653,7.37547963858402,seed1e4,4.0,10000.0,0.3846596609570176,0.39350138468721524,0.4075242711196823,0.42279650809049624,0.4327856033740832,0.0
expanded-blagn-v1,measurement,RUBIESEGS37124_taylor24,RUBIESEGS37124_taylor24,HZA-RUBIES-EGS-37124,RUBIES-EGS-37124,1,RUBIESEGS37124_taylor24,True,only catalogue measurement in this release,5.682,0.997927725671223,RUBIES,EGS,broad-line-agn,robust,individual_robust,taylor24_ceers_rubies_blagn,Table 1 (Sample of BLAGN),The Astrophysical Journal 986:165 (2025); arXiv:2409.06772v2,https://iopscience.iop.org/article/10.3847/1538-4357/add15b,10.3847/1538-4357/add15b,single-epoch-virial-halpha-reines2013,1.0,lrd,0.0,formal_mbh_errors_exclude_virial_systematic;nominal_mass_uncorrected_for_dust,Nominal Table 1 mass and Halpha flux are uncorrected for dust; formal MBH errors exclude the approximately 0.5 dex virial-calibration systematic.,10000,20260808,30.0,0.1,1.0,True,split-normal-in-log-mbh,0.12,0.11,0.12,0.11,asymmetric,False,baseline,reported MBH,none,all_sources,0.0,7.000124872967987,7.069085250089105,7.178455726505011,7.297570421006653,7.37547963858402,seed1e5,5.0,100000.0,0.25644511081515015,0.26528683454534785,0.2793097209778149,0.29458195794862885,0.30457105323221584,0.0
expanded-blagn-v1,measurement,RUBIESEGS37124_taylor24,RUBIESEGS37124_taylor24,HZA-RUBIES-EGS-37124,RUBIES-EGS-37124,1,RUBIESEGS37124_taylor24,True,only catalogue measurement in this release,5.682,0.997927725671223,RUBIES,EGS,broad-line-agn,robust,individual_robust,taylor24_ceers_rubies_blagn,Table 1 (Sample of BLAGN),The Astrophysical Journal 986:165 (2025); arXiv:2409.06772v2,https://iopscience.iop.org/article/10.3847/1538-4357/add15b,10.3847/1538-4357/add15b,single-epoch-virial-halpha-reines2013,1.0,lrd,0.0,formal_mbh_errors_exclude_virial_systematic;nominal_mass_uncorrected_for_dust,Nominal Table 1 mass and Halpha flux are uncorrected for dust; formal MBH errors exclude the approximately 0.5 dex virial-calibration systematic.,10000,20260808,30.0,0.1,1.0,True,split-normal-in-log-mbh,0.12,0.11,0.12,0.11,asymmetric,False,mbh_minus_0p3dex,MBH -0.3 dex,global_comparison,all_sources,-0.3,6.700124872967987,6.769085250089105,6.8784557265050115,6.997570421006653,7.07547963858402,seed1e2,2.0,100.0,0.6026243961981921,0.6114661199283898,0.6254890063608569,0.6407612433316708,0.6507503386152579,0.0
expanded-blagn-v1,measurement,RUBIESEGS37124_taylor24,RUBIESEGS37124_taylor24,HZA-RUBIES-EGS-37124,RUBIES-EGS-37124,1,RUBIESEGS37124_taylor24,True,only catalogue measurement in this release,5.682,0.997927725671223,RUBIES,EGS,broad-line-agn,robust,individual_robust,taylor24_ceers_rubies_blagn,Table 1 (Sample of BLAGN),The Astrophysical Journal 986:165 (2025); arXiv:2409.06772v2,https://iopscience.iop.org/article/10.3847/1538-4357/add15b,10.3847/1538-4357/add15b,single-epoch-virial-halpha-reines2013,1.0,lrd,0.0,formal_mbh_errors_exclude_virial_systematic;nominal_mass_uncorrected_for_dust,Nominal Table 1 mass and Halpha flux are uncorrected for dust; formal MBH errors exclude the approximately 0.5 dex virial-calibration systematic.,10000,20260808,30.0,0.1,1.0,True,split-normal-in-log-mbh,0.12,0.11,0.12,0.11,asymmetric,False,mbh_minus_0p3dex,MBH -0.3 dex,global_comparison,all_sources,-0.3,6.700124872967987,6.769085250089105,6.8784557265050115,6.997570421006653,7.07547963858402,seed1e4,4.0,10000.0,0.3461952959144574,0.35503701964465506,0.36905990607712214,0.38433214304793606,0.394321238331523,0.0
expanded-blagn-v1,measurement,RUBIESEGS37124_taylor24,RUBIESEGS37124_taylor24,HZA-RUBIES-EGS-37124,RUBIES-EGS-37124,1,RUBIESEGS37124_taylor24,True,only catalogue measurement in this release,5.682,0.997927725671223,RUBIES,EGS,broad-line-agn,robust,individual_robust,taylor24_ceers_rubies_blagn,Table 1 (Sample of BLAGN),The Astrophysical Journal 986:165 (2025); arXiv:2409.06772v2,https://iopscience.iop.org/article/10.3847/1538-4357/add15b,10.3847/1538-4357/add15b,single-epoch-virial-halpha-reines2013,1.0,lrd,0.0,formal_mbh_errors_exclude_virial_systematic;nominal_mass_uncorrected_for_dust,Nominal Table 1 mass and Halpha flux are uncorrected for dust; formal MBH errors exclude the approximately 0.5 dex virial-calibration systematic.,10000,20260808,30.0,0.1,1.0,True,split-normal-in-log-mbh,0.12,0.11,0.12,0.11,asymmetric,False,mbh_minus_0p3dex,MBH -0.3 dex,global_comparison,all_sources,-0.3,6.700124872967987,6.769085250089105,6.8784557265050115,6.997570421006653,7.07547963858402,seed1e5,5.0,100000.0,0.21798074577258997,0.22682246950278767,0.2408453559352547,0.2561175929060686,0.2661066881896556,0.0
expanded-blagn-v1,measurement,RUBIESEGS37124_taylor24,RUBIESEGS37124_taylor24,HZA-RUBIES-EGS-37124,RUBIES-EGS-37124,1,RUBIESEGS37124_taylor24,True,only catalogue measurement in this release,5.682,0.997927725671223,RUBIES,EGS,broad-line-agn,robust,individual_robust,taylor24_ceers_rubies_blagn,Table 1 (Sample of BLAGN),The Astrophysical Journal 986:165 (2025); arXiv:2409.06772v2,https://iopscience.iop.org/article/10.3847/1538-4357/add15b,10.3847/1538-4357/add15b,single-epoch-virial-halpha-reines2013,1.0,lrd,0.0,formal_mbh_errors_exclude_virial_systematic;nominal_mass_uncorrected_for_dust,Nominal Table 1 mass and Halpha flux are uncorrected for dust; formal MBH errors exclude the approximately 0.5 dex virial-calibration systematic.,10000,20260808,30.0,0.1,1.0,True,split-normal-in-log-mbh,0.12,0.11,0.12,0.11,asymmetric,False,mbh_plus_0p3dex,MBH +0.3 dex,global_comparison,all_sources,0.3,7.300124872967987,7.369085250089105,7.478455726505011,7.597570421006653,7.67547963858402,seed1e2,2.0,100.0,0.6795531262833124,0.6883948500135102,0.7024177364459774,0.7176899734167912,0.7276790687003781,0.0
expanded-blagn-v1,measurement,RUBIESEGS37124_taylor24,RUBIESEGS37124_taylor24,HZA-RUBIES-EGS-37124,RUBIES-EGS-37124,1,RUBIESEGS37124_taylor24,True,only catalogue measurement in this release,5.682,0.997927725671223,RUBIES,EGS,broad-line-agn,robust,individual_robust,taylor24_ceers_rubies_blagn,Table 1 (Sample of BLAGN),The Astrophysical Journal 986:165 (2025); arXiv:2409.06772v2,https://iopscience.iop.org/article/10.3847/1538-4357/add15b,10.3847/1538-4357/add15b,single-epoch-virial-halpha-reines2013,1.0,lrd,0.0,formal_mbh_errors_exclude_virial_systematic;nominal_mass_uncorrected_for_dust,Nominal Table 1 mass and Halpha flux are uncorrected for dust; formal MBH errors exclude the approximately 0.5 dex virial-calibration systematic.,10000,20260808,30.0,0.1,1.0,True,split-normal-in-log-mbh,0.12,0.11,0.12,0.11,asymmetric,False,mbh_plus_0p3dex,MBH +0.3 dex,global_comparison,all_sources,0.3,7.300124872967987,7.369085250089105,7.478455726505011,7.597570421006653,7.67547963858402,seed1e4,4.0,10000.0,0.42312402599957777,0.4319657497297754,0.4459886361622425,0.4612608731330564,0.47124996841664346,0.0
expanded-blagn-v1,measurement,RUBIESEGS37124_taylor24,RUBIESEGS37124_taylor24,HZA-RUBIES-EGS-37124,RUBIES-EGS-37124,1,RUBIESEGS37124_taylor24,True,only catalogue measurement in this release,5.682,0.997927725671223,RUBIES,EGS,broad-line-agn,robust,individual_robust,taylor24_ceers_rubies_blagn,Table 1 (Sample of BLAGN),The Astrophysical Journal 986:165 (2025); arXiv:2409.06772v2,https://iopscience.iop.org/article/10.3847/1538-4357/add15b,10.3847/1538-4357/add15b,single-epoch-virial-halpha-reines2013,1.0,lrd,0.0,formal_mbh_errors_exclude_virial_systematic;nominal_mass_uncorrected_for_dust,Nominal Table 1 mass and Halpha flux are uncorrected for dust; formal MBH errors exclude the approximately 0.5 dex virial-calibration systematic.,10000,20260808,30.0,0.1,1.0,True,split-normal-in-log-mbh,0.12,0.11,0.12,0.11,asymmetric,False,mbh_plus_0p3dex,MBH +0.3 dex,global_comparison,all_sources,0.3,7.300124872967987,7.369085250089105,7.478455726505011,7.597570421006653,7.67547963858402,seed1e5,5.0,100000.0,0.2949094758577103,0.303751199587908,0.3177740860203751,0.3330463229911891,0.343035418274776,0.0
expanded-blagn-v1,measurement,RUBIESEGS37124_taylor24,RUBIESEGS37124_taylor24,HZA-RUBIES-EGS-37124,RUBIES-EGS-37124,1,RUBIESEGS37124_taylor24,True,only catalogue measurement in this release,5.682,0.997927725671223,RUBIES,EGS,broad-line-agn,robust,individual_robust,taylor24_ceers_rubies_blagn,Table 1 (Sample of BLAGN),The Astrophysical Journal 986:165 (2025); arXiv:2409.06772v2,https://iopscience.iop.org/article/10.3847/1538-4357/add15b,10.3847/1538-4357/add15b,single-epoch-virial-halpha-reines2013,1.0,lrd,0.0,formal_mbh_errors_exclude_virial_systematic;nominal_mass_uncorrected_for_dust,Nominal Table 1 mass and Halpha flux are uncorrected for dust; formal MBH errors exclude the approximately 0.5 dex virial-calibration systematic.,10000,20260808,30.0,0.1,1.0,True,split-normal-in-log-mbh,0.12,0.11,0.12,0.11,asymmetric,False,taylor_virial_minus_0p5dex,Taylor virial calibration sensitivity: MBH -0.5 dex,taylor_virial_calibration_sensitivity,taylor24_ceers_rubies_blagn_only,-0.5,6.500124872967987,6.569085250089105,6.678455726505011,6.797570421006653,6.87547963858402,seed1e2,2.0,100.0,0.5769814861698186,0.5858232099000164,0.5998460963324834,0.6151183333032973,0.6251074285868843,0.0
expanded-blagn-v1,measurement,RUBIESEGS37124_taylor24,RUBIESEGS37124_taylor24,HZA-RUBIES-EGS-37124,RUBIES-EGS-37124,1,RUBIESEGS37124_taylor24,True,only catalogue measurement in this release,5.682,0.997927725671223,RUBIES,EGS,broad-line-agn,robust,individual_robust,taylor24_ceers_rubies_blagn,Table 1 (Sample of BLAGN),The Astrophysical Journal 986:165 (2025); arXiv:2409.06772v2,https://iopscience.iop.org/article/10.3847/1538-4357/add15b,10.3847/1538-4357/add15b,single-epoch-virial-halpha-reines2013,1.0,lrd,0.0,formal_mbh_errors_exclude_virial_systematic;nominal_mass_uncorrected_for_dust,Nominal Table 1 mass and Halpha flux are uncorrected for dust; formal MBH errors exclude the approximately 0.5 dex virial-calibration systematic.,10000,20260808,30.0,0.1,1.0,True,split-normal-in-log-mbh,0.12,0.11,0.12,0.11,asymmetric,False,taylor_virial_minus_0p5dex,Taylor virial calibration sensitivity: MBH -0.5 dex,taylor_virial_calibration_sensitivity,taylor24_ceers_rubies_blagn_only,-0.5,6.500124872967987,6.569085250089105,6.678455726505011,6.797570421006653,6.87547963858402,seed1e4,4.0,10000.0,0.3205523858860839,0.3293941096162815,0.3434169960487486,0.3586892330195625,0.36867832830314956,0.0
expanded-blagn-v1,measurement,RUBIESEGS37124_taylor24,RUBIESEGS37124_taylor24,HZA-RUBIES-EGS-37124,RUBIES-EGS-37124,1,RUBIESEGS37124_taylor24,True,only catalogue measurement in this release,5.682,0.997927725671223,RUBIES,EGS,broad-line-agn,robust,individual_robust,taylor24_ceers_rubies_blagn,Table 1 (Sample of BLAGN),The Astrophysical Journal 986:165 (2025); arXiv:2409.06772v2,https://iopscience.iop.org/article/10.3847/1538-4357/add15b,10.3847/1538-4357/add15b,single-epoch-virial-halpha-reines2013,1.0,lrd,0.0,formal_mbh_errors_exclude_virial_systematic;nominal_mass_uncorrected_for_dust,Nominal Table 1 mass and Halpha flux are uncorrected for dust; formal MBH errors exclude the approximately 0.5 dex virial-calibration systematic.,10000,20260808,30.0,0.1,1.0,True,split-normal-in-log-mbh,0.12,0.11,0.12,0.11,asymmetric,False,taylor_virial_minus_0p5dex,Taylor virial calibration sensitivity: MBH -0.5 dex,taylor_virial_calibration_sensitivity,taylor24_ceers_rubies_blagn_only,-0.5,6.500124872967987,6.569085250089105,6.678455726505011,6.797570421006653,6.87547963858402,seed1e5,5.0,100000.0,0.19233783574421645,0.20117955947441413,0.21520244590688126,0.23047468287769515,0.24046377816128212,0.0
expanded-blagn-v1,measurement,RUBIESEGS37124_taylor24,RUBIESEGS37124_taylor24,HZA-RUBIES-EGS-37124,RUBIES-EGS-37124,1,RUBIESEGS37124_taylor24,True,only catalogue measurement in this release,5.682,0.997927725671223,RUBIES,EGS,broad-line-agn,robust,individual_robust,taylor24_ceers_rubies_blagn,Table 1 (Sample of BLAGN),The Astrophysical Journal 986:165 (2025); arXiv:2409.06772v2,https://iopscience.iop.org/article/10.3847/1538-4357/add15b,10.3847/1538-4357/add15b,single-epoch-virial-halpha-reines2013,1.0,lrd,0.0,formal_mbh_errors_exclude_virial_systematic;nominal_mass_uncorrected_for_dust,Nominal Table 1 mass and Halpha flux are uncorrected for dust; formal MBH errors exclude the approximately 0.5 dex virial-calibration systematic.,10000,20260808,30.0,0.1,1.0,True,split-normal-in-log-mbh,0.12,0.11,0.12,0.11,asymmetric,False,taylor_virial_plus_0p5dex,Taylor virial calibration sensitivity: MBH +0.5 dex,taylor_virial_calibration_sensitivity,taylor24_ceers_rubies_blagn_only,0.5,7.500124872967987,7.569085250089105,7.678455726505011,7.797570421006653,7.87547963858402,seed1e2,2.0,100.0,0.7051960363116859,0.7140377600418836,0.7280606464743509,0.7433328834451648,0.7533219787287517,0.0
expanded-blagn-v1,measurement,RUBIESEGS37124_taylor24,RUBIESEGS37124_taylor24,HZA-RUBIES-EGS-37124,RUBIES-EGS-37124,1,RUBIESEGS37124_taylor24,True,only catalogue measurement in this release,5.682,0.997927725671223,RUBIES,EGS,broad-line-agn,robust,individual_robust,taylor24_ceers_rubies_blagn,Table 1 (Sample of BLAGN),The Astrophysical Journal 986:165 (2025); arXiv:2409.06772v2,https://iopscience.iop.org/article/10.3847/1538-4357/add15b,10.3847/1538-4357/add15b,single-epoch-virial-halpha-reines2013,1.0,lrd,0.0,formal_mbh_errors_exclude_virial_systematic;nominal_mass_uncorrected_for_dust,Nominal Table 1 mass and Halpha flux are uncorrected for dust; formal MBH errors exclude the approximately 0.5 dex virial-calibration systematic.,10000,20260808,30.0,0.1,1.0,True,split-normal-in-log-mbh,0.12,0.11,0.12,0.11,asymmetric,False,taylor_virial_plus_0p5dex,Taylor virial calibration sensitivity: MBH +0.5 dex,taylor_virial_calibration_sensitivity,taylor24_ceers_rubies_blagn_only,0.5,7.500124872967987,7.569085250089105,7.678455726505011,7.797570421006653,7.87547963858402,seed1e4,4.0,10000.0,0.44876693602795126,0.4576086597581489,0.471631546190616,0.4869037831614299,0.49689287844501684,0.0
expanded-blagn-v1,measurement,RUBIESEGS37124_taylor24,RUBIESEGS37124_taylor24,HZA-RUBIES-EGS-37124,RUBIES-EGS-37124,1,RUBIESEGS37124_taylor24,True,only catalogue measurement in this release,5.682,0.997927725671223,RUBIES,EGS,broad-line-agn,robust,individual_robust,taylor24_ceers_rubies_blagn,Table 1 (Sample of BLAGN),The Astrophysical Journal 986:165 (2025); arXiv:2409.06772v2,https://iopscience.iop.org/article/10.3847/1538-4357/add15b,10.3847/1538-4357/add15b,single-epoch-virial-halpha-reines2013,1.0,lrd,0.0,formal_mbh_errors_exclude_virial_systematic;nominal_mass_uncorrected_for_dust,Nominal Table 1 mass and Halpha flux are uncorrected for dust; formal MBH errors exclude the approximately 0.5 dex virial-calibration systematic.,10000,20260808,30.0,0.1,1.0,True,split-normal-in-log-mbh,0.12,0.11,0.12,0.11,asymmetric,False,taylor_virial_plus_0p5dex,Taylor virial calibration sensitivity: MBH +0.5 dex,taylor_virial_calibration_sensitivity,taylor24_ceers_rubies_blagn_only,0.5,7.500124872967987,7.569085250089105,7.678455726505011,7.797570421006653,7.87547963858402,seed1e5,5.0,100000.0,0.3205523858860839,0.3293941096162815,0.3434169960487486,0.3586892330195625,0.36867832830314956,0.0
expanded-blagn-v1,measurement,RUBIESEGS42046_taylor24,RUBIESEGS42046_taylor24,HZA-RUBIES-EGS-42046,RUBIES-EGS-42046,1,RUBIESEGS42046_taylor24,True,only catalogue measurement in this release,5.276,1.0960386684020111,RUBIES,EGS,broad-line-agn,robust,individual_robust,taylor24_ceers_rubies_blagn,Table 1 (Sample of BLAGN),The Astrophysical Journal 986:165 (2025); arXiv:2409.06772v2,https://iopscience.iop.org/article/10.3847/1538-4357/add15b,10.3847/1538-4357/add15b,single-epoch-virial-halpha-reines2013,1.0,lrd,1.0,formal_mbh_errors_exclude_virial_systematic;nominal_mass_uncorrected_for_dust;halpha_absorption_component_fit,Nominal Table 1 mass and Halpha flux are uncorrected for dust; formal MBH errors exclude the approximately 0.5 dex virial-calibration systematic. Halpha line fit includes the source-specific narrow absorption component described in Section 3.2.,10000,20260808,30.0,0.1,1.0,True,split-normal-in-log-mbh,0.02,0.02,0.02,0.02,symmetric_reported,False,baseline,reported MBH,none,all_sources,0.0,8.26666029205024,8.279929274607527,8.299999771699854,8.319645709894834,8.332819898052808,seed1e2,2.0,100.0,0.7243347778077497,0.7258684791868658,0.7281883367145354,0.7304591214091098,0.7319818659345008,0.0
expanded-blagn-v1,measurement,RUBIESEGS42046_taylor24,RUBIESEGS42046_taylor24,HZA-RUBIES-EGS-42046,RUBIES-EGS-42046,1,RUBIESEGS42046_taylor24,True,only catalogue measurement in this release,5.276,1.0960386684020111,RUBIES,EGS,broad-line-agn,robust,individual_robust,taylor24_ceers_rubies_blagn,Table 1 (Sample of BLAGN),The Astrophysical Journal 986:165 (2025); arXiv:2409.06772v2,https://iopscience.iop.org/article/10.3847/1538-4357/add15b,10.3847/1538-4357/add15b,single-epoch-virial-halpha-reines2013,1.0,lrd,1.0,formal_mbh_errors_exclude_virial_systematic;nominal_mass_uncorrected_for_dust;halpha_absorption_component_fit,Nominal Table 1 mass and Halpha flux are uncorrected for dust; formal MBH errors exclude the approximately 0.5 dex virial-calibration systematic. Halpha line fit includes the source-specific narrow absorption component described in Section 3.2.,10000,20260808,30.0,0.1,1.0,True,split-normal-in-log-mbh,0.02,0.02,0.02,0.02,symmetric_reported,False,baseline,reported MBH,none,all_sources,0.0,8.26666029205024,8.279929274607527,8.299999771699854,8.319645709894834,8.332819898052808,seed1e4,4.0,10000.0,0.4931638688862541,0.49469757026537,0.49701742779303965,0.4992882124876142,0.5008109570130052,0.0
expanded-blagn-v1,measurement,RUBIESEGS42046_taylor24,RUBIESEGS42046_taylor24,HZA-RUBIES-EGS-42046,RUBIES-EGS-42046,1,RUBIESEGS42046_taylor24,True,only catalogue measurement in this release,5.276,1.0960386684020111,RUBIES,EGS,broad-line-agn,robust,individual_robust,taylor24_ceers_rubies_blagn,Table 1 (Sample of BLAGN),The Astrophysical Journal 986:165 (2025); arXiv:2409.06772v2,https://iopscience.iop.org/article/10.3847/1538-4357/add15b,10.3847/1538-4357/add15b,single-epoch-virial-halpha-reines2013,1.0,lrd,1.0,formal_mbh_errors_exclude_virial_systematic;nominal_mass_uncorrected_for_dust;halpha_absorption_component_fit,Nominal Table 1 mass and Halpha flux are uncorrected for dust; formal MBH errors exclude the approximately 0.5 dex virial-calibration systematic. Halpha line fit includes the source-specific narrow absorption component described in Section 3.2.,10000,20260808,30.0,0.1,1.0,True,split-normal-in-log-mbh,0.02,0.02,0.02,0.02,symmetric_reported,False,baseline,reported MBH,none,all_sources,0.0,8.26666029205024,8.279929274607527,8.299999771699854,8.319645709894834,8.332819898052808,seed1e5,5.0,100000.0,0.37757841442550627,0.3791121158046221,0.3814319733322918,0.3837027580268664,0.3852255025522572,0.0
expanded-blagn-v1,measurement,RUBIESEGS42046_taylor24,RUBIESEGS42046_taylor24,HZA-RUBIES-EGS-42046,RUBIES-EGS-42046,1,RUBIESEGS42046_taylor24,True,only catalogue measurement in this release,5.276,1.0960386684020111,RUBIES,EGS,broad-line-agn,robust,individual_robust,taylor24_ceers_rubies_blagn,Table 1 (Sample of BLAGN),The Astrophysical Journal 986:165 (2025); arXiv:2409.06772v2,https://iopscience.iop.org/article/10.3847/1538-4357/add15b,10.3847/1538-4357/add15b,single-epoch-virial-halpha-reines2013,1.0,lrd,1.0,formal_mbh_errors_exclude_virial_systematic;nominal_mass_uncorrected_for_dust;halpha_absorption_component_fit,Nominal Table 1 mass and Halpha flux are uncorrected for dust; formal MBH errors exclude the approximately 0.5 dex virial-calibration systematic. Halpha line fit includes the source-specific narrow absorption component described in Section 3.2.,10000,20260808,30.0,0.1,1.0,True,split-normal-in-log-mbh,0.02,0.02,0.02,0.02,symmetric_reported,False,mbh_minus_0p3dex,MBH -0.3 dex,global_comparison,all_sources,-0.3,7.96666029205024,7.979929274607528,7.999999771699853,8.019645709894833,8.032819898052807,seed1e2,2.0,100.0,0.6896591414695254,0.6911928428486412,0.6935127003763109,0.6957834850708855,0.6973062295962764,0.0
expanded-blagn-v1,measurement,RUBIESEGS42046_taylor24,RUBIESEGS42046_taylor24,HZA-RUBIES-EGS-42046,RUBIES-EGS-42046,1,RUBIESEGS42046_taylor24,True,only catalogue measurement in this release,5.276,1.0960386684020111,RUBIES,EGS,broad-line-agn,robust,individual_robust,taylor24_ceers_rubies_blagn,Table 1 (Sample of BLAGN),The Astrophysical Journal 986:165 (2025); arXiv:2409.06772v2,https://iopscience.iop.org/article/10.3847/1538-4357/add15b,10.3847/1538-4357/add15b,single-epoch-virial-halpha-reines2013,1.0,lrd,1.0,formal_mbh_errors_exclude_virial_systematic;nominal_mass_uncorrected_for_dust;halpha_absorption_component_fit,Nominal Table 1 mass and Halpha flux are uncorrected for dust; formal MBH errors exclude the approximately 0.5 dex virial-calibration systematic. Halpha line fit includes the source-specific narrow absorption component described in Section 3.2.,10000,20260808,30.0,0.1,1.0,True,split-normal-in-log-mbh,0.02,0.02,0.02,0.02,symmetric_reported,False,mbh_minus_0p3dex,MBH -0.3 dex,global_comparison,all_sources,-0.3,7.96666029205024,7.979929274607528,7.999999771699853,8.019645709894833,8.032819898052807,seed1e4,4.0,10000.0,0.45848823254802984,0.4600219339271456,0.4623417914548152,0.4646125761493898,0.46613532067478064,0.0
expanded-blagn-v1,measurement,RUBIESEGS42046_taylor24,RUBIESEGS42046_taylor24,HZA-RUBIES-EGS-42046,RUBIES-EGS-42046,1,RUBIESEGS42046_taylor24,True,only catalogue measurement in this release,5.276,1.0960386684020111,RUBIES,EGS,broad-line-agn,robust,individual_robust,taylor24_ceers_rubies_blagn,Table 1 (Sample of BLAGN),The Astrophysical Journal 986:165 (2025); arXiv:2409.06772v2,https://iopscience.iop.org/article/10.3847/1538-4357/add15b,10.3847/1538-4357/add15b,single-epoch-virial-halpha-reines2013,1.0,lrd,1.0,formal_mbh_errors_exclude_virial_systematic;nominal_mass_uncorrected_for_dust;halpha_absorption_component_fit,Nominal Table 1 mass and Halpha flux are uncorrected for dust; formal MBH errors exclude the approximately 0.5 dex virial-calibration systematic. Halpha line fit includes the source-specific narrow absorption component described in Section 3.2.,10000,20260808,30.0,0.1,1.0,True,split-normal-in-log-mbh,0.02,0.02,0.02,0.02,symmetric_reported,False,mbh_minus_0p3dex,MBH -0.3 dex,global_comparison,all_sources,-0.3,7.96666029205024,7.979929274607528,7.999999771699853,8.019645709894833,8.032819898052807,seed1e5,5.0,100000.0,0.342902778087282,0.3444364794663979,0.3467563369940674,0.349027121688642,0.3505498662140328,0.0
expanded-blagn-v1,measurement,RUBIESEGS42046_taylor24,RUBIESEGS42046_taylor24,HZA-RUBIES-EGS-42046,RUBIES-EGS-42046,1,RUBIESEGS42046_taylor24,True,only catalogue measurement in this release,5.276,1.0960386684020111,RUBIES,EGS,broad-line-agn,robust,individual_robust,taylor24_ceers_rubies_blagn,Table 1 (Sample of BLAGN),The Astrophysical Journal 986:165 (2025); arXiv:2409.06772v2,https://iopscience.iop.org/article/10.3847/1538-4357/add15b,10.3847/1538-4357/add15b,single-epoch-virial-halpha-reines2013,1.0,lrd,1.0,formal_mbh_errors_exclude_virial_systematic;nominal_mass_uncorrected_for_dust;halpha_absorption_component_fit,Nominal Table 1 mass and Halpha flux are uncorrected for dust; formal MBH errors exclude the approximately 0.5 dex virial-calibration systematic. Halpha line fit includes the source-specific narrow absorption component described in Section 3.2.,10000,20260808,30.0,0.1,1.0,True,split-normal-in-log-mbh,0.02,0.02,0.02,0.02,symmetric_reported,False,mbh_plus_0p3dex,MBH +0.3 dex,global_comparison,all_sources,0.3,8.56666029205024,8.579929274607528,8.599999771699855,8.619645709894835,8.632819898052809,seed1e2,2.0,100.0,0.7590104141459743,0.7605441155250902,0.7628639730527597,0.7651347577473342,0.7666575022727251,0.0
expanded-blagn-v1,measurement,RUBIESEGS42046_taylor24,RUBIESEGS42046_taylor24,HZA-RUBIES-EGS-42046,RUBIES-EGS-42046,1,RUBIESEGS42046_taylor24,True,only catalogue measurement in this release,5.276,1.0960386684020111,RUBIES,EGS,broad-line-agn,robust,individual_robust,taylor24_ceers_rubies_blagn,Table 1 (Sample of BLAGN),The Astrophysical Journal 986:165 (2025); arXiv:2409.06772v2,https://iopscience.iop.org/article/10.3847/1538-4357/add15b,10.3847/1538-4357/add15b,single-epoch-virial-halpha-reines2013,1.0,lrd,1.0,formal_mbh_errors_exclude_virial_systematic;nominal_mass_uncorrected_for_dust;halpha_absorption_component_fit,Nominal Table 1 mass and Halpha flux are uncorrected for dust; formal MBH errors exclude the approximately 0.5 dex virial-calibration systematic. Halpha line fit includes the source-specific narrow absorption component described in Section 3.2.,10000,20260808,30.0,0.1,1.0,True,split-normal-in-log-mbh,0.02,0.02,0.02,0.02,symmetric_reported,False,mbh_plus_0p3dex,MBH +0.3 dex,global_comparison,all_sources,0.3,8.56666029205024,8.579929274607528,8.599999771699855,8.619645709894835,8.632819898052809,seed1e4,4.0,10000.0,0.5278395052244785,0.5293732066035944,0.531693064131264,0.5339638488258386,0.5354865933512295,0.0
expanded-blagn-v1,measurement,RUBIESEGS42046_taylor24,RUBIESEGS42046_taylor24,HZA-RUBIES-EGS-42046,RUBIES-EGS-42046,1,RUBIESEGS42046_taylor24,True,only catalogue measurement in this release,5.276,1.0960386684020111,RUBIES,EGS,broad-line-agn,robust,individual_robust,taylor24_ceers_rubies_blagn,Table 1 (Sample of BLAGN),The Astrophysical Journal 986:165 (2025); arXiv:2409.06772v2,https://iopscience.iop.org/article/10.3847/1538-4357/add15b,10.3847/1538-4357/add15b,single-epoch-virial-halpha-reines2013,1.0,lrd,1.0,formal_mbh_errors_exclude_virial_systematic;nominal_mass_uncorrected_for_dust;halpha_absorption_component_fit,Nominal Table 1 mass and Halpha flux are uncorrected for dust; formal MBH errors exclude the approximately 0.5 dex virial-calibration systematic. Halpha line fit includes the source-specific narrow absorption component described in Section 3.2.,10000,20260808,30.0,0.1,1.0,True,split-normal-in-log-mbh,0.02,0.02,0.02,0.02,symmetric_reported,False,mbh_plus_0p3dex,MBH +0.3 dex,global_comparison,all_sources,0.3,8.56666029205024,8.579929274607528,8.599999771699855,8.619645709894835,8.632819898052809,seed1e5,5.0,100000.0,0.41225405076373073,0.4137877521428466,0.4161076096705162,0.4183783943650908,0.4199011388904817,0.0
expanded-blagn-v1,measurement,RUBIESEGS42046_taylor24,RUBIESEGS42046_taylor24,HZA-RUBIES-EGS-42046,RUBIES-EGS-42046,1,RUBIESEGS42046_taylor24,True,only catalogue measurement in this release,5.276,1.0960386684020111,RUBIES,EGS,broad-line-agn,robust,individual_robust,taylor24_ceers_rubies_blagn,Table 1 (Sample of BLAGN),The Astrophysical Journal 986:165 (2025); arXiv:2409.06772v2,https://iopscience.iop.org/article/10.3847/1538-4357/add15b,10.3847/1538-4357/add15b,single-epoch-virial-halpha-reines2013,1.0,lrd,1.0,formal_mbh_errors_exclude_virial_systematic;nominal_mass_uncorrected_for_dust;halpha_absorption_component_fit,Nominal Table 1 mass and Halpha flux are uncorrected for dust; formal MBH errors exclude the approximately 0.5 dex virial-calibration systematic. Halpha line fit includes the source-specific narrow absorption component described in Section 3.2.,10000,20260808,30.0,0.1,1.0,True,split-normal-in-log-mbh,0.02,0.02,0.02,0.02,symmetric_reported,False,taylor_virial_minus_0p5dex,Taylor virial calibration sensitivity: MBH -0.5 dex,taylor_virial_calibration_sensitivity,taylor24_ceers_rubies_blagn_only,-0.5,7.76666029205024,7.779929274607528,7.799999771699854,7.819645709894835,7.832819898052809,seed1e2,2.0,100.0,0.6665420505773759,0.6680757519564917,0.6703956094841614,0.6726663941787361,0.6741891387041268,0.0
expanded-blagn-v1,measurement,RUBIESEGS42046_taylor24,RUBIESEGS42046_taylor24,HZA-RUBIES-EGS-42046,RUBIES-EGS-42046,1,RUBIESEGS42046_taylor24,True,only catalogue measurement in this release,5.276,1.0960386684020111,RUBIES,EGS,broad-line-agn,robust,individual_robust,taylor24_ceers_rubies_blagn,Table 1 (Sample of BLAGN),The Astrophysical Journal 986:165 (2025); arXiv:2409.06772v2,https://iopscience.iop.org/article/10.3847/1538-4357/add15b,10.3847/1538-4357/add15b,single-epoch-virial-halpha-reines2013,1.0,lrd,1.0,formal_mbh_errors_exclude_virial_systematic;nominal_mass_uncorrected_for_dust;halpha_absorption_component_fit,Nominal Table 1 mass and Halpha flux are uncorrected for dust; formal MBH errors exclude the approximately 0.5 dex virial-calibration systematic. Halpha line fit includes the source-specific narrow absorption component described in Section 3.2.,10000,20260808,30.0,0.1,1.0,True,split-normal-in-log-mbh,0.02,0.02,0.02,0.02,symmetric_reported,False,taylor_virial_minus_0p5dex,Taylor virial calibration sensitivity: MBH -0.5 dex,taylor_virial_calibration_sensitivity,taylor24_ceers_rubies_blagn_only,-0.5,7.76666029205024,7.779929274607528,7.799999771699854,7.819645709894835,7.832819898052809,seed1e4,4.0,10000.0,0.43537114165588015,0.43690484303499605,0.43922470056266566,0.4414954852572403,0.44301822978263117,0.0
expanded-blagn-v1,measurement,RUBIESEGS42046_taylor24,RUBIESEGS42046_taylor24,HZA-RUBIES-EGS-42046,RUBIES-EGS-42046,1,RUBIESEGS42046_taylor24,True,only catalogue measurement in this release,5.276,1.0960386684020111,RUBIES,EGS,broad-line-agn,robust,individual_robust,taylor24_ceers_rubies_blagn,Table 1 (Sample of BLAGN),The Astrophysical Journal 986:165 (2025); arXiv:2409.06772v2,https://iopscience.iop.org/article/10.3847/1538-4357/add15b,10.3847/1538-4357/add15b,single-epoch-virial-halpha-reines2013,1.0,lrd,1.0,formal_mbh_errors_exclude_virial_systematic;nominal_mass_uncorrected_for_dust;halpha_absorption_component_fit,Nominal Table 1 mass and Halpha flux are uncorrected for dust; formal MBH errors exclude the approximately 0.5 dex virial-calibration systematic. Halpha line fit includes the source-specific narrow absorption component described in Section 3.2.,10000,20260808,30.0,0.1,1.0,True,split-normal-in-log-mbh,0.02,0.02,0.02,0.02,symmetric_reported,False,taylor_virial_minus_0p5dex,Taylor virial calibration sensitivity: MBH -0.5 dex,taylor_virial_calibration_sensitivity,taylor24_ceers_rubies_blagn_only,-0.5,7.76666029205024,7.779929274607528,7.799999771699854,7.819645709894835,7.832819898052809,seed1e5,5.0,100000.0,0.31978568719513234,0.32131938857424824,0.32363924610191785,0.32591003079649244,0.3274327753218833,0.0
expanded-blagn-v1,measurement,RUBIESEGS42046_taylor24,RUBIESEGS42046_taylor24,HZA-RUBIES-EGS-42046,RUBIES-EGS-42046,1,RUBIESEGS42046_taylor24,True,only catalogue measurement in this release,5.276,1.0960386684020111,RUBIES,EGS,broad-line-agn,robust,individual_robust,taylor24_ceers_rubies_blagn,Table 1 (Sample of BLAGN),The Astrophysical Journal 986:165 (2025); arXiv:2409.06772v2,https://iopscience.iop.org/article/10.3847/1538-4357/add15b,10.3847/1538-4357/add15b,single-epoch-virial-halpha-reines2013,1.0,lrd,1.0,formal_mbh_errors_exclude_virial_systematic;nominal_mass_uncorrected_for_dust;halpha_absorption_component_fit,Nominal Table 1 mass and Halpha flux are uncorrected for dust; formal MBH errors exclude the approximately 0.5 dex virial-calibration systematic. Halpha line fit includes the source-specific narrow absorption component described in Section 3.2.,10000,20260808,30.0,0.1,1.0,True,split-normal-in-log-mbh,0.02,0.02,0.02,0.02,symmetric_reported,False,taylor_virial_plus_0p5dex,Taylor virial calibration sensitivity: MBH +0.5 dex,taylor_virial_calibration_sensitivity,taylor24_ceers_rubies_blagn_only,0.5,8.76666029205024,8.779929274607527,8.799999771699854,8.819645709894834,8.832819898052808,seed1e2,2.0,100.0,0.7821275050381238,0.7836612064172396,0.7859810639449092,0.7882518486394838,0.7897745931648745,0.0
expanded-blagn-v1,measurement,RUBIESEGS42046_taylor24,RUBIESEGS42046_taylor24,HZA-RUBIES-EGS-42046,RUBIES-EGS-42046,1,RUBIESEGS42046_taylor24,True,only catalogue measurement in this release,5.276,1.0960386684020111,RUBIES,EGS,broad-line-agn,robust,individual_robust,taylor24_ceers_rubies_blagn,Table 1 (Sample of BLAGN),The Astrophysical Journal 986:165 (2025); arXiv:2409.06772v2,https://iopscience.iop.org/article/10.3847/1538-4357/add15b,10.3847/1538-4357/add15b,single-epoch-virial-halpha-reines2013,1.0,lrd,1.0,formal_mbh_errors_exclude_virial_systematic;nominal_mass_uncorrected_for_dust;halpha_absorption_component_fit,Nominal Table 1 mass and Halpha flux are uncorrected for dust; formal MBH errors exclude the approximately 0.5 dex virial-calibration systematic. Halpha line fit includes the source-specific narrow absorption component described in Section 3.2.,10000,20260808,30.0,0.1,1.0,True,split-normal-in-log-mbh,0.02,0.02,0.02,0.02,symmetric_reported,False,taylor_virial_plus_0p5dex,Taylor virial calibration sensitivity: MBH +0.5 dex,taylor_virial_calibration_sensitivity,taylor24_ceers_rubies_blagn_only,0.5,8.76666029205024,8.779929274607527,8.799999771699854,8.819645709894834,8.832819898052808,seed1e4,4.0,10000.0,0.5509565961166281,0.5524902974957439,0.5548101550234136,0.5570809397179881,0.5586036842433789,0.0
expanded-blagn-v1,measurement,RUBIESEGS42046_taylor24,RUBIESEGS42046_taylor24,HZA-RUBIES-EGS-42046,RUBIES-EGS-42046,1,RUBIESEGS42046_taylor24,True,only catalogue measurement in this release,5.276,1.0960386684020111,RUBIES,EGS,broad-line-agn,robust,individual_robust,taylor24_ceers_rubies_blagn,Table 1 (Sample of BLAGN),The Astrophysical Journal 986:165 (2025); arXiv:2409.06772v2,https://iopscience.iop.org/article/10.3847/1538-4357/add15b,10.3847/1538-4357/add15b,single-epoch-virial-halpha-reines2013,1.0,lrd,1.0,formal_mbh_errors_exclude_virial_systematic;nominal_mass_uncorrected_for_dust;halpha_absorption_component_fit,Nominal Table 1 mass and Halpha flux are uncorrected for dust; formal MBH errors exclude the approximately 0.5 dex virial-calibration systematic. Halpha line fit includes the source-specific narrow absorption component described in Section 3.2.,10000,20260808,30.0,0.1,1.0,True,split-normal-in-log-mbh,0.02,0.02,0.02,0.02,symmetric_reported,False,taylor_virial_plus_0p5dex,Taylor virial calibration sensitivity: MBH +0.5 dex,taylor_virial_calibration_sensitivity,taylor24_ceers_rubies_blagn_only,0.5,8.76666029205024,8.779929274607527,8.799999771699854,8.819645709894834,8.832819898052808,seed1e5,5.0,100000.0,0.43537114165588015,0.43690484303499605,0.43922470056266566,0.4414954852572403,0.44301822978263117,0.0
expanded-blagn-v1,measurement,RUBIESEGS42232_taylor24,RUBIESEGS42232_taylor24,HZA-RUBIES-EGS-42232,RUBIES-EGS-42232,1,RUBIESEGS42232_taylor24,True,only catalogue measurement in this release,4.954,1.1858473713401363,RUBIES,EGS,broad-line-agn,robust,individual_robust,taylor24_ceers_rubies_blagn,Table 1 (Sample of BLAGN),The Astrophysical Journal 986:165 (2025); arXiv:2409.06772v2,https://iopscience.iop.org/article/10.3847/1538-4357/add15b,10.3847/1538-4357/add15b,single-epoch-virial-halpha-reines2013,1.0,lrd,0.0,formal_mbh_errors_exclude_virial_systematic;nominal_mass_uncorrected_for_dust,Nominal Table 1 mass and Halpha flux are uncorrected for dust; formal MBH errors exclude the approximately 0.5 dex virial-calibration systematic.,10000,20260808,30.0,0.1,1.0,True,split-normal-in-log-mbh,0.04,0.03,0.04,0.03,asymmetric,False,baseline,reported MBH,none,all_sources,0.0,7.620594749826122,7.640584185302216,7.670535438832317,7.7103379697421985,7.736058129528475,seed1e2,2.0,100.0,0.5959274556859584,0.59804684944304,0.6012224518668494,0.6054425428057525,0.6081695405815211,0.0
expanded-blagn-v1,measurement,RUBIESEGS42232_taylor24,RUBIESEGS42232_taylor24,HZA-RUBIES-EGS-42232,RUBIES-EGS-42232,1,RUBIESEGS42232_taylor24,True,only catalogue measurement in this release,4.954,1.1858473713401363,RUBIES,EGS,broad-line-agn,robust,individual_robust,taylor24_ceers_rubies_blagn,Table 1 (Sample of BLAGN),The Astrophysical Journal 986:165 (2025); arXiv:2409.06772v2,https://iopscience.iop.org/article/10.3847/1538-4357/add15b,10.3847/1538-4357/add15b,single-epoch-virial-halpha-reines2013,1.0,lrd,0.0,formal_mbh_errors_exclude_virial_systematic;nominal_mass_uncorrected_for_dust,Nominal Table 1 mass and Halpha flux are uncorrected for dust; formal MBH errors exclude the approximately 0.5 dex virial-calibration systematic.,10000,20260808,30.0,0.1,1.0,True,split-normal-in-log-mbh,0.04,0.03,0.04,0.03,asymmetric,False,baseline,reported MBH,none,all_sources,0.0,7.620594749826122,7.640584185302216,7.670535438832317,7.7103379697421985,7.736058129528475,seed1e4,4.0,10000.0,0.3838760688805339,0.3859954626376156,0.38917106506142496,0.39339115600032803,0.39611815377609655,0.0
expanded-blagn-v1,measurement,RUBIESEGS42232_taylor24,RUBIESEGS42232_taylor24,HZA-RUBIES-EGS-42232,RUBIES-EGS-42232,1,RUBIESEGS42232_taylor24,True,only catalogue measurement in this release,4.954,1.1858473713401363,RUBIES,EGS,broad-line-agn,robust,individual_robust,taylor24_ceers_rubies_blagn,Table 1 (Sample of BLAGN),The Astrophysical Journal 986:165 (2025); arXiv:2409.06772v2,https://iopscience.iop.org/article/10.3847/1538-4357/add15b,10.3847/1538-4357/add15b,single-epoch-virial-halpha-reines2013,1.0,lrd,0.0,formal_mbh_errors_exclude_virial_systematic;nominal_mass_uncorrected_for_dust,Nominal Table 1 mass and Halpha flux are uncorrected for dust; formal MBH errors exclude the approximately 0.5 dex virial-calibration systematic.,10000,20260808,30.0,0.1,1.0,True,split-normal-in-log-mbh,0.04,0.03,0.04,0.03,asymmetric,False,baseline,reported MBH,none,all_sources,0.0,7.620594749826122,7.640584185302216,7.670535438832317,7.7103379697421985,7.736058129528475,seed1e5,5.0,100000.0,0.2778503754778217,0.2799697692349034,0.2831453716587128,0.2873654625976158,0.2900924603733844,0.0
expanded-blagn-v1,measurement,RUBIESEGS42232_taylor24,RUBIESEGS42232_taylor24,HZA-RUBIES-EGS-42232,RUBIES-EGS-42232,1,RUBIESEGS42232_taylor24,True,only catalogue measurement in this release,4.954,1.1858473713401363,RUBIES,EGS,broad-line-agn,robust,individual_robust,taylor24_ceers_rubies_blagn,Table 1 (Sample of BLAGN),The Astrophysical Journal 986:165 (2025); arXiv:2409.06772v2,https://iopscience.iop.org/article/10.3847/1538-4357/add15b,10.3847/1538-4357/add15b,single-epoch-virial-halpha-reines2013,1.0,lrd,0.0,formal_mbh_errors_exclude_virial_systematic;nominal_mass_uncorrected_for_dust,Nominal Table 1 mass and Halpha flux are uncorrected for dust; formal MBH errors exclude the approximately 0.5 dex virial-calibration systematic.,10000,20260808,30.0,0.1,1.0,True,split-normal-in-log-mbh,0.04,0.03,0.04,0.03,asymmetric,False,mbh_minus_0p3dex,MBH -0.3 dex,global_comparison,all_sources,-0.3,7.320594749826122,7.340584185302216,7.3705354388323165,7.410337969742199,7.436058129528475,seed1e2,2.0,100.0,0.5641197476651447,0.5662391414222264,0.5694147438460357,0.5736348347849388,0.5763618325607075,0.0
expanded-blagn-v1,measurement,RUBIESEGS42232_taylor24,RUBIESEGS42232_taylor24,HZA-RUBIES-EGS-42232,RUBIES-EGS-42232,1,RUBIESEGS42232_taylor24,True,only catalogue measurement in this release,4.954,1.1858473713401363,RUBIES,EGS,broad-line-agn,robust,individual_robust,taylor24_ceers_rubies_blagn,Table 1 (Sample of BLAGN),The Astrophysical Journal 986:165 (2025); arXiv:2409.06772v2,https://iopscience.iop.org/article/10.3847/1538-4357/add15b,10.3847/1538-4357/add15b,single-epoch-virial-halpha-reines2013,1.0,lrd,0.0,formal_mbh_errors_exclude_virial_systematic;nominal_mass_uncorrected_for_dust,Nominal Table 1 mass and Halpha flux are uncorrected for dust; formal MBH errors exclude the approximately 0.5 dex virial-calibration systematic.,10000,20260808,30.0,0.1,1.0,True,split-normal-in-log-mbh,0.04,0.03,0.04,0.03,asymmetric,False,mbh_minus_0p3dex,MBH -0.3 dex,global_comparison,all_sources,-0.3,7.320594749826122,7.340584185302216,7.3705354388323165,7.410337969742199,7.436058129528475,seed1e4,4.0,10000.0,0.3520683608597202,0.35418775461680196,0.3573633570406113,0.3615834479795144,0.36431044575528293,0.0
expanded-blagn-v1,measurement,RUBIESEGS42232_taylor24,RUBIESEGS42232_taylor24,HZA-RUBIES-EGS-42232,RUBIES-EGS-42232,1,RUBIESEGS42232_taylor24,True,only catalogue measurement in this release,4.954,1.1858473713401363,RUBIES,EGS,broad-line-agn,robust,individual_robust,taylor24_ceers_rubies_blagn,Table 1 (Sample of BLAGN),The Astrophysical Journal 986:165 (2025); arXiv:2409.06772v2,https://iopscience.iop.org/article/10.3847/1538-4357/add15b,10.3847/1538-4357/add15b,single-epoch-virial-halpha-reines2013,1.0,lrd,0.0,formal_mbh_errors_exclude_virial_systematic;nominal_mass_uncorrected_for_dust,Nominal Table 1 mass and Halpha flux are uncorrected for dust; formal MBH errors exclude the approximately 0.5 dex virial-calibration systematic.,10000,20260808,30.0,0.1,1.0,True,split-normal-in-log-mbh,0.04,0.03,0.04,0.03,asymmetric,False,mbh_minus_0p3dex,MBH -0.3 dex,global_comparison,all_sources,-0.3,7.320594749826122,7.340584185302216,7.3705354388323165,7.410337969742199,7.436058129528475,seed1e5,5.0,100000.0,0.24604266745700804,0.2481620612140897,0.2513376636378991,0.2555577545768022,0.2582847523525707,0.0
expanded-blagn-v1,measurement,RUBIESEGS42232_taylor24,RUBIESEGS42232_taylor24,HZA-RUBIES-EGS-42232,RUBIES-EGS-42232,1,RUBIESEGS42232_taylor24,True,only catalogue measurement in this release,4.954,1.1858473713401363,RUBIES,EGS,broad-line-agn,robust,individual_robust,taylor24_ceers_rubies_blagn,Table 1 (Sample of BLAGN),The Astrophysical Journal 986:165 (2025); arXiv:2409.06772v2,https://iopscience.iop.org/article/10.3847/1538-4357/add15b,10.3847/1538-4357/add15b,single-epoch-virial-halpha-reines2013,1.0,lrd,0.0,formal_mbh_errors_exclude_virial_systematic;nominal_mass_uncorrected_for_dust,Nominal Table 1 mass and Halpha flux are uncorrected for dust; formal MBH errors exclude the approximately 0.5 dex virial-calibration systematic.,10000,20260808,30.0,0.1,1.0,True,split-normal-in-log-mbh,0.04,0.03,0.04,0.03,asymmetric,False,mbh_plus_0p3dex,MBH +0.3 dex,global_comparison,all_sources,0.3,7.9205947498261216,7.940584185302216,7.970535438832316,8.010337969742197,8.036058129528476,seed1e2,2.0,100.0,0.6277351637067721,0.6298545574638537,0.6330301598876631,0.6372502508265661,0.6399772486023348,0.0
expanded-blagn-v1,measurement,RUBIESEGS42232_taylor24,RUBIESEGS42232_taylor24,HZA-RUBIES-EGS-42232,RUBIES-EGS-42232,1,RUBIESEGS42232_taylor24,True,only catalogue measurement in this release,4.954,1.1858473713401363,RUBIES,EGS,broad-line-agn,robust,individual_robust,taylor24_ceers_rubies_blagn,Table 1 (Sample of BLAGN),The Astrophysical Journal 986:165 (2025); arXiv:2409.06772v2,https://iopscience.iop.org/article/10.3847/1538-4357/add15b,10.3847/1538-4357/add15b,single-epoch-virial-halpha-reines2013,1.0,lrd,0.0,formal_mbh_errors_exclude_virial_systematic;nominal_mass_uncorrected_for_dust,Nominal Table 1 mass and Halpha flux are uncorrected for dust; formal MBH errors exclude the approximately 0.5 dex virial-calibration systematic.,10000,20260808,30.0,0.1,1.0,True,split-normal-in-log-mbh,0.04,0.03,0.04,0.03,asymmetric,False,mbh_plus_0p3dex,MBH +0.3 dex,global_comparison,all_sources,0.3,7.9205947498261216,7.940584185302216,7.970535438832316,8.010337969742197,8.036058129528476,seed1e4,4.0,10000.0,0.4156837769013476,0.41780317065842926,0.42097877308223863,0.42519886402114165,0.4279258617969104,0.0
expanded-blagn-v1,measurement,RUBIESEGS42232_taylor24,RUBIESEGS42232_taylor24,HZA-RUBIES-EGS-42232,RUBIES-EGS-42232,1,RUBIESEGS42232_taylor24,True,only catalogue measurement in this release,4.954,1.1858473713401363,RUBIES,EGS,broad-line-agn,robust,individual_robust,taylor24_ceers_rubies_blagn,Table 1 (Sample of BLAGN),The Astrophysical Journal 986:165 (2025); arXiv:2409.06772v2,https://iopscience.iop.org/article/10.3847/1538-4357/add15b,10.3847/1538-4357/add15b,single-epoch-virial-halpha-reines2013,1.0,lrd,0.0,formal_mbh_errors_exclude_virial_systematic;nominal_mass_uncorrected_for_dust,Nominal Table 1 mass and Halpha flux are uncorrected for dust; formal MBH errors exclude the approximately 0.5 dex virial-calibration systematic.,10000,20260808,30.0,0.1,1.0,True,split-normal-in-log-mbh,0.04,0.03,0.04,0.03,asymmetric,False,mbh_plus_0p3dex,MBH +0.3 dex,global_comparison,all_sources,0.3,7.9205947498261216,7.940584185302216,7.970535438832316,8.010337969742197,8.036058129528476,seed1e5,5.0,100000.0,0.30965808349863533,0.31177747725571703,0.3149530796795264,0.31917317061842954,0.3219001683941981,0.0
expanded-blagn-v1,measurement,RUBIESEGS42232_taylor24,RUBIESEGS42232_taylor24,HZA-RUBIES-EGS-42232,RUBIES-EGS-42232,1,RUBIESEGS42232_taylor24,True,only catalogue measurement in this release,4.954,1.1858473713401363,RUBIES,EGS,broad-line-agn,robust,individual_robust,taylor24_ceers_rubies_blagn,Table 1 (Sample of BLAGN),The Astrophysical Journal 986:165 (2025); arXiv:2409.06772v2,https://iopscience.iop.org/article/10.3847/1538-4357/add15b,10.3847/1538-4357/add15b,single-epoch-virial-halpha-reines2013,1.0,lrd,0.0,formal_mbh_errors_exclude_virial_systematic;nominal_mass_uncorrected_for_dust,Nominal Table 1 mass and Halpha flux are uncorrected for dust; formal MBH errors exclude the approximately 0.5 dex virial-calibration systematic.,10000,20260808,30.0,0.1,1.0,True,split-normal-in-log-mbh,0.04,0.03,0.04,0.03,asymmetric,False,taylor_virial_minus_0p5dex,Taylor virial calibration sensitivity: MBH -0.5 dex,taylor_virial_calibration_sensitivity,taylor24_ceers_rubies_blagn_only,-0.5,7.120594749826122,7.140584185302216,7.170535438832317,7.2103379697421985,7.236058129528475,seed1e2,2.0,100.0,0.5429146089846023,0.5450340027416838,0.5482096051654932,0.5524296961043964,0.555156693880165,0.0
expanded-blagn-v1,measurement,RUBIESEGS42232_taylor24,RUBIESEGS42232_taylor24,HZA-RUBIES-EGS-42232,RUBIES-EGS-42232,1,RUBIESEGS42232_taylor24,True,only catalogue measurement in this release,4.954,1.1858473713401363,RUBIES,EGS,broad-line-agn,robust,individual_robust,taylor24_ceers_rubies_blagn,Table 1 (Sample of BLAGN),The Astrophysical Journal 986:165 (2025); arXiv:2409.06772v2,https://iopscience.iop.org/article/10.3847/1538-4357/add15b,10.3847/1538-4357/add15b,single-epoch-virial-halpha-reines2013,1.0,lrd,0.0,formal_mbh_errors_exclude_virial_systematic;nominal_mass_uncorrected_for_dust,Nominal Table 1 mass and Halpha flux are uncorrected for dust; formal MBH errors exclude the approximately 0.5 dex virial-calibration systematic.,10000,20260808,30.0,0.1,1.0,True,split-normal-in-log-mbh,0.04,0.03,0.04,0.03,asymmetric,False,taylor_virial_minus_0p5dex,Taylor virial calibration sensitivity: MBH -0.5 dex,taylor_virial_calibration_sensitivity,taylor24_ceers_rubies_blagn_only,-0.5,7.120594749826122,7.140584185302216,7.170535438832317,7.2103379697421985,7.236058129528475,seed1e4,4.0,10000.0,0.3308632221791778,0.3329826159362595,0.33615821836006887,0.34037830929897195,0.34310530707474046,0.0
expanded-blagn-v1,measurement,RUBIESEGS42232_taylor24,RUBIESEGS42232_taylor24,HZA-RUBIES-EGS-42232,RUBIES-EGS-42232,1,RUBIESEGS42232_taylor24,True,only catalogue measurement in this release,4.954,1.1858473713401363,RUBIES,EGS,broad-line-agn,robust,individual_robust,taylor24_ceers_rubies_blagn,Table 1 (Sample of BLAGN),The Astrophysical Journal 986:165 (2025); arXiv:2409.06772v2,https://iopscience.iop.org/article/10.3847/1538-4357/add15b,10.3847/1538-4357/add15b,single-epoch-virial-halpha-reines2013,1.0,lrd,0.0,formal_mbh_errors_exclude_virial_systematic;nominal_mass_uncorrected_for_dust,Nominal Table 1 mass and Halpha flux are uncorrected for dust; formal MBH errors exclude the approximately 0.5 dex virial-calibration systematic.,10000,20260808,30.0,0.1,1.0,True,split-normal-in-log-mbh,0.04,0.03,0.04,0.03,asymmetric,False,taylor_virial_minus_0p5dex,Taylor virial calibration sensitivity: MBH -0.5 dex,taylor_virial_calibration_sensitivity,taylor24_ceers_rubies_blagn_only,-0.5,7.120594749826122,7.140584185302216,7.170535438832317,7.2103379697421985,7.236058129528475,seed1e5,5.0,100000.0,0.2248375287764656,0.22695692253354724,0.23013252495735664,0.23435261589625972,0.23707961367202826,0.0
expanded-blagn-v1,measurement,RUBIESEGS42232_taylor24,RUBIESEGS42232_taylor24,HZA-RUBIES-EGS-42232,RUBIES-EGS-42232,1,RUBIESEGS42232_taylor24,True,only catalogue measurement in this release,4.954,1.1858473713401363,RUBIES,EGS,broad-line-agn,robust,individual_robust,taylor24_ceers_rubies_blagn,Table 1 (Sample of BLAGN),The Astrophysical Journal 986:165 (2025); arXiv:2409.06772v2,https://iopscience.iop.org/article/10.3847/1538-4357/add15b,10.3847/1538-4357/add15b,single-epoch-virial-halpha-reines2013,1.0,lrd,0.0,formal_mbh_errors_exclude_virial_systematic;nominal_mass_uncorrected_for_dust,Nominal Table 1 mass and Halpha flux are uncorrected for dust; formal MBH errors exclude the approximately 0.5 dex virial-calibration systematic.,10000,20260808,30.0,0.1,1.0,True,split-normal-in-log-mbh,0.04,0.03,0.04,0.03,asymmetric,False,taylor_virial_plus_0p5dex,Taylor virial calibration sensitivity: MBH +0.5 dex,taylor_virial_calibration_sensitivity,taylor24_ceers_rubies_blagn_only,0.5,8.12059474982612,8.140584185302215,8.170535438832317,8.210337969742199,8.236058129528475,seed1e2,2.0,100.0,0.6489403023873144,0.6510596961443962,0.6542352985682056,0.6584553895071087,0.6611823872828773,0.0
expanded-blagn-v1,measurement,RUBIESEGS42232_taylor24,RUBIESEGS42232_taylor24,HZA-RUBIES-EGS-42232,RUBIES-EGS-42232,1,RUBIESEGS42232_taylor24,True,only catalogue measurement in this release,4.954,1.1858473713401363,RUBIES,EGS,broad-line-agn,robust,individual_robust,taylor24_ceers_rubies_blagn,Table 1 (Sample of BLAGN),The Astrophysical Journal 986:165 (2025); arXiv:2409.06772v2,https://iopscience.iop.org/article/10.3847/1538-4357/add15b,10.3847/1538-4357/add15b,single-epoch-virial-halpha-reines2013,1.0,lrd,0.0,formal_mbh_errors_exclude_virial_systematic;nominal_mass_uncorrected_for_dust,Nominal Table 1 mass and Halpha flux are uncorrected for dust; formal MBH errors exclude the approximately 0.5 dex virial-calibration systematic.,10000,20260808,30.0,0.1,1.0,True,split-normal-in-log-mbh,0.04,0.03,0.04,0.03,asymmetric,False,taylor_virial_plus_0p5dex,Taylor virial calibration sensitivity: MBH +0.5 dex,taylor_virial_calibration_sensitivity,taylor24_ceers_rubies_blagn_only,0.5,8.12059474982612,8.140584185302215,8.170535438832317,8.210337969742199,8.236058129528475,seed1e4,4.0,10000.0,0.43688891558188997,0.4390083093389717,0.44218391176278116,0.44640400270168423,0.44913100047745275,0.0
expanded-blagn-v1,measurement,RUBIESEGS42232_taylor24,RUBIESEGS42232_taylor24,HZA-RUBIES-EGS-42232,RUBIES-EGS-42232,1,RUBIESEGS42232_taylor24,True,only catalogue measurement in this release,4.954,1.1858473713401363,RUBIES,EGS,broad-line-agn,robust,individual_robust,taylor24_ceers_rubies_blagn,Table 1 (Sample of BLAGN),The Astrophysical Journal 986:165 (2025); arXiv:2409.06772v2,https://iopscience.iop.org/article/10.3847/1538-4357/add15b,10.3847/1538-4357/add15b,single-epoch-virial-halpha-reines2013,1.0,lrd,0.0,formal_mbh_errors_exclude_virial_systematic;nominal_mass_uncorrected_for_dust,Nominal Table 1 mass and Halpha flux are uncorrected for dust; formal MBH errors exclude the approximately 0.5 dex virial-calibration systematic.,10000,20260808,30.0,0.1,1.0,True,split-normal-in-log-mbh,0.04,0.03,0.04,0.03,asymmetric,False,taylor_virial_plus_0p5dex,Taylor virial calibration sensitivity: MBH +0.5 dex,taylor_virial_calibration_sensitivity,taylor24_ceers_rubies_blagn_only,0.5,8.12059474982612,8.140584185302215,8.170535438832317,8.210337969742199,8.236058129528475,seed1e5,5.0,100000.0,0.33086322217917774,0.3329826159362595,0.3361582183600689,0.34037830929897206,0.34310530707474046,0.0
expanded-blagn-v1,measurement,RUBIESEGS45599_taylor24,RUBIESEGS45599_taylor24,HZA-RUBIES-EGS-45599,RUBIES-EGS-45599,1,RUBIESEGS45599_taylor24,True,only catalogue measurement in this release,4.862,1.2137742718438405,RUBIES,EGS,broad-line-agn,robust,individual_robust,taylor24_ceers_rubies_blagn,Table 1 (Sample of BLAGN),The Astrophysical Journal 986:165 (2025); arXiv:2409.06772v2,https://iopscience.iop.org/article/10.3847/1538-4357/add15b,10.3847/1538-4357/add15b,single-epoch-virial-halpha-reines2013,0.0,non_lrd,0.0,formal_mbh_errors_exclude_virial_systematic;nominal_mass_uncorrected_for_dust,Nominal Table 1 mass and Halpha flux are uncorrected for dust; formal MBH errors exclude the approximately 0.5 dex virial-calibration systematic.,10000,20260808,30.0,0.1,1.0,True,split-normal-in-log-mbh,0.13,0.13,0.13,0.13,symmetric_reported,False,baseline,reported MBH,none,all_sources,0.0,6.643826851697714,6.728201180543568,6.86177550799658,6.990855938058589,7.073427529860912,seed1e2,2.0,100.0,0.4800195083264488,0.4887410488018769,0.5025482567440915,0.5158909429707066,0.5244261395153825,0.0
expanded-blagn-v1,measurement,RUBIESEGS45599_taylor24,RUBIESEGS45599_taylor24,HZA-RUBIES-EGS-45599,RUBIES-EGS-45599,1,RUBIESEGS45599_taylor24,True,only catalogue measurement in this release,4.862,1.2137742718438405,RUBIES,EGS,broad-line-agn,robust,individual_robust,taylor24_ceers_rubies_blagn,Table 1 (Sample of BLAGN),The Astrophysical Journal 986:165 (2025); arXiv:2409.06772v2,https://iopscience.iop.org/article/10.3847/1538-4357/add15b,10.3847/1538-4357/add15b,single-epoch-virial-halpha-reines2013,0.0,non_lrd,0.0,formal_mbh_errors_exclude_virial_systematic;nominal_mass_uncorrected_for_dust,Nominal Table 1 mass and Halpha flux are uncorrected for dust; formal MBH errors exclude the approximately 0.5 dex virial-calibration systematic.,10000,20260808,30.0,0.1,1.0,True,split-normal-in-log-mbh,0.13,0.13,0.13,0.13,symmetric_reported,False,baseline,reported MBH,none,all_sources,0.0,6.643826851697714,6.728201180543568,6.86177550799658,6.990855938058589,7.073427529860912,seed1e4,4.0,10000.0,0.27328505260445696,0.282006593079885,0.29581380102209975,0.30915648724871486,0.3176916837933907,0.0
expanded-blagn-v1,measurement,RUBIESEGS45599_taylor24,RUBIESEGS45599_taylor24,HZA-RUBIES-EGS-45599,RUBIES-EGS-45599,1,RUBIESEGS45599_taylor24,True,only catalogue measurement in this release,4.862,1.2137742718438405,RUBIES,EGS,broad-line-agn,robust,individual_robust,taylor24_ceers_rubies_blagn,Table 1 (Sample of BLAGN),The Astrophysical Journal 986:165 (2025); arXiv:2409.06772v2,https://iopscience.iop.org/article/10.3847/1538-4357/add15b,10.3847/1538-4357/add15b,single-epoch-virial-halpha-reines2013,0.0,non_lrd,0.0,formal_mbh_errors_exclude_virial_systematic;nominal_mass_uncorrected_for_dust,Nominal Table 1 mass and Halpha flux are uncorrected for dust; formal MBH errors exclude the approximately 0.5 dex virial-calibration systematic.,10000,20260808,30.0,0.1,1.0,True,split-normal-in-log-mbh,0.13,0.13,0.13,0.13,symmetric_reported,False,baseline,reported MBH,none,all_sources,0.0,6.643826851697714,6.728201180543568,6.86177550799658,6.990855938058589,7.073427529860912,seed1e5,5.0,100000.0,0.1699178247434611,0.1786393652188891,0.1924465731611038,0.20578925938771894,0.2143244559323948,0.0
expanded-blagn-v1,measurement,RUBIESEGS45599_taylor24,RUBIESEGS45599_taylor24,HZA-RUBIES-EGS-45599,RUBIES-EGS-45599,1,RUBIESEGS45599_taylor24,True,only catalogue measurement in this release,4.862,1.2137742718438405,RUBIES,EGS,broad-line-agn,robust,individual_robust,taylor24_ceers_rubies_blagn,Table 1 (Sample of BLAGN),The Astrophysical Journal 986:165 (2025); arXiv:2409.06772v2,https://iopscience.iop.org/article/10.3847/1538-4357/add15b,10.3847/1538-4357/add15b,single-epoch-virial-halpha-reines2013,0.0,non_lrd,0.0,formal_mbh_errors_exclude_virial_systematic;nominal_mass_uncorrected_for_dust,Nominal Table 1 mass and Halpha flux are uncorrected for dust; formal MBH errors exclude the approximately 0.5 dex virial-calibration systematic.,10000,20260808,30.0,0.1,1.0,True,split-normal-in-log-mbh,0.13,0.13,0.13,0.13,symmetric_reported,False,mbh_minus_0p3dex,MBH -0.3 dex,global_comparison,all_sources,-0.3,6.343826851697714,6.428201180543568,6.561775507996579,6.690855938058589,6.773427529860912,seed1e2,2.0,100.0,0.44900933996815007,0.4577308804435782,0.4715380883857928,0.4848807746124079,0.4934159711570837,0.0
expanded-blagn-v1,measurement,RUBIESEGS45599_taylor24,RUBIESEGS45599_taylor24,HZA-RUBIES-EGS-45599,RUBIES-EGS-45599,1,RUBIESEGS45599_taylor24,True,only catalogue measurement in this release,4.862,1.2137742718438405,RUBIES,EGS,broad-line-agn,robust,individual_robust,taylor24_ceers_rubies_blagn,Table 1 (Sample of BLAGN),The Astrophysical Journal 986:165 (2025); arXiv:2409.06772v2,https://iopscience.iop.org/article/10.3847/1538-4357/add15b,10.3847/1538-4357/add15b,single-epoch-virial-halpha-reines2013,0.0,non_lrd,0.0,formal_mbh_errors_exclude_virial_systematic;nominal_mass_uncorrected_for_dust,Nominal Table 1 mass and Halpha flux are uncorrected for dust; formal MBH errors exclude the approximately 0.5 dex virial-calibration systematic.,10000,20260808,30.0,0.1,1.0,True,split-normal-in-log-mbh,0.13,0.13,0.13,0.13,symmetric_reported,False,mbh_minus_0p3dex,MBH -0.3 dex,global_comparison,all_sources,-0.3,6.343826851697714,6.428201180543568,6.561775507996579,6.690855938058589,6.773427529860912,seed1e4,4.0,10000.0,0.24227488424615826,0.2509964247215863,0.26480363266380097,0.278146318890416,0.28668151543509196,0.0
expanded-blagn-v1,measurement,RUBIESEGS45599_taylor24,RUBIESEGS45599_taylor24,HZA-RUBIES-EGS-45599,RUBIES-EGS-45599,1,RUBIESEGS45599_taylor24,True,only catalogue measurement in this release,4.862,1.2137742718438405,RUBIES,EGS,broad-line-agn,robust,individual_robust,taylor24_ceers_rubies_blagn,Table 1 (Sample of BLAGN),The Astrophysical Journal 986:165 (2025); arXiv:2409.06772v2,https://iopscience.iop.org/article/10.3847/1538-4357/add15b,10.3847/1538-4357/add15b,single-epoch-virial-halpha-reines2013,0.0,non_lrd,0.0,formal_mbh_errors_exclude_virial_systematic;nominal_mass_uncorrected_for_dust,Nominal Table 1 mass and Halpha flux are uncorrected for dust; formal MBH errors exclude the approximately 0.5 dex virial-calibration systematic.,10000,20260808,30.0,0.1,1.0,True,split-normal-in-log-mbh,0.13,0.13,0.13,0.13,symmetric_reported,False,mbh_minus_0p3dex,MBH -0.3 dex,global_comparison,all_sources,-0.3,6.343826851697714,6.428201180543568,6.561775507996579,6.690855938058589,6.773427529860912,seed1e5,5.0,100000.0,0.13890765638516234,0.14762919686059034,0.16143640480280508,0.17477909102942016,0.18331428757409604,0.0
expanded-blagn-v1,measurement,RUBIESEGS45599_taylor24,RUBIESEGS45599_taylor24,HZA-RUBIES-EGS-45599,RUBIES-EGS-45599,1,RUBIESEGS45599_taylor24,True,only catalogue measurement in this release,4.862,1.2137742718438405,RUBIES,EGS,broad-line-agn,robust,individual_robust,taylor24_ceers_rubies_blagn,Table 1 (Sample of BLAGN),The Astrophysical Journal 986:165 (2025); arXiv:2409.06772v2,https://iopscience.iop.org/article/10.3847/1538-4357/add15b,10.3847/1538-4357/add15b,single-epoch-virial-halpha-reines2013,0.0,non_lrd,0.0,formal_mbh_errors_exclude_virial_systematic;nominal_mass_uncorrected_for_dust,Nominal Table 1 mass and Halpha flux are uncorrected for dust; formal MBH errors exclude the approximately 0.5 dex virial-calibration systematic.,10000,20260808,30.0,0.1,1.0,True,split-normal-in-log-mbh,0.13,0.13,0.13,0.13,symmetric_reported,False,mbh_plus_0p3dex,MBH +0.3 dex,global_comparison,all_sources,0.3,6.943826851697714,7.028201180543568,7.161775507996579,7.290855938058589,7.373427529860912,seed1e2,2.0,100.0,0.5110296766847475,0.5197512171601755,0.5335584251023904,0.5469011113290054,0.5554363078736813,0.0
expanded-blagn-v1,measurement,RUBIESEGS45599_taylor24,RUBIESEGS45599_taylor24,HZA-RUBIES-EGS-45599,RUBIES-EGS-45599,1,RUBIESEGS45599_taylor24,True,only catalogue measurement in this release,4.862,1.2137742718438405,RUBIES,EGS,broad-line-agn,robust,individual_robust,taylor24_ceers_rubies_blagn,Table 1 (Sample of BLAGN),The Astrophysical Journal 986:165 (2025); arXiv:2409.06772v2,https://iopscience.iop.org/article/10.3847/1538-4357/add15b,10.3847/1538-4357/add15b,single-epoch-virial-halpha-reines2013,0.0,non_lrd,0.0,formal_mbh_errors_exclude_virial_systematic;nominal_mass_uncorrected_for_dust,Nominal Table 1 mass and Halpha flux are uncorrected for dust; formal MBH errors exclude the approximately 0.5 dex virial-calibration systematic.,10000,20260808,30.0,0.1,1.0,True,split-normal-in-log-mbh,0.13,0.13,0.13,0.13,symmetric_reported,False,mbh_plus_0p3dex,MBH +0.3 dex,global_comparison,all_sources,0.3,6.943826851697714,7.028201180543568,7.161775507996579,7.290855938058589,7.373427529860912,seed1e4,4.0,10000.0,0.3042952209627557,0.31301676143818374,0.3268239693803985,0.34016665560701365,0.3487018521516895,0.0
expanded-blagn-v1,measurement,RUBIESEGS45599_taylor24,RUBIESEGS45599_taylor24,HZA-RUBIES-EGS-45599,RUBIES-EGS-45599,1,RUBIESEGS45599_taylor24,True,only catalogue measurement in this release,4.862,1.2137742718438405,RUBIES,EGS,broad-line-agn,robust,individual_robust,taylor24_ceers_rubies_blagn,Table 1 (Sample of BLAGN),The Astrophysical Journal 986:165 (2025); arXiv:2409.06772v2,https://iopscience.iop.org/article/10.3847/1538-4357/add15b,10.3847/1538-4357/add15b,single-epoch-virial-halpha-reines2013,0.0,non_lrd,0.0,formal_mbh_errors_exclude_virial_systematic;nominal_mass_uncorrected_for_dust,Nominal Table 1 mass and Halpha flux are uncorrected for dust; formal MBH errors exclude the approximately 0.5 dex virial-calibration systematic.,10000,20260808,30.0,0.1,1.0,True,split-normal-in-log-mbh,0.13,0.13,0.13,0.13,symmetric_reported,False,mbh_plus_0p3dex,MBH +0.3 dex,global_comparison,all_sources,0.3,6.943826851697714,7.028201180543568,7.161775507996579,7.290855938058589,7.373427529860912,seed1e5,5.0,100000.0,0.20092799310175982,0.20964953357718785,0.2234567415194026,0.2367994277460177,0.24533462429069355,0.0
expanded-blagn-v1,measurement,RUBIESEGS45599_taylor24,RUBIESEGS45599_taylor24,HZA-RUBIES-EGS-45599,RUBIES-EGS-45599,1,RUBIESEGS45599_taylor24,True,only catalogue measurement in this release,4.862,1.2137742718438405,RUBIES,EGS,broad-line-agn,robust,individual_robust,taylor24_ceers_rubies_blagn,Table 1 (Sample of BLAGN),The Astrophysical Journal 986:165 (2025); arXiv:2409.06772v2,https://iopscience.iop.org/article/10.3847/1538-4357/add15b,10.3847/1538-4357/add15b,single-epoch-virial-halpha-reines2013,0.0,non_lrd,0.0,formal_mbh_errors_exclude_virial_systematic;nominal_mass_uncorrected_for_dust,Nominal Table 1 mass and Halpha flux are uncorrected for dust; formal MBH errors exclude the approximately 0.5 dex virial-calibration systematic.,10000,20260808,30.0,0.1,1.0,True,split-normal-in-log-mbh,0.13,0.13,0.13,0.13,symmetric_reported,False,taylor_virial_minus_0p5dex,Taylor virial calibration sensitivity: MBH -0.5 dex,taylor_virial_calibration_sensitivity,taylor24_ceers_rubies_blagn_only,-0.5,6.143826851697714,6.228201180543568,6.36177550799658,6.490855938058589,6.573427529860912,seed1e2,2.0,100.0,0.4283358943959509,0.4370574348713789,0.4508646428135936,0.4642073290402087,0.47274252558488455,0.0
expanded-blagn-v1,measurement,RUBIESEGS45599_taylor24,RUBIESEGS45599_taylor24,HZA-RUBIES-EGS-45599,RUBIES-EGS-45599,1,RUBIESEGS45599_taylor24,True,only catalogue measurement in this release,4.862,1.2137742718438405,RUBIES,EGS,broad-line-agn,robust,individual_robust,taylor24_ceers_rubies_blagn,Table 1 (Sample of BLAGN),The Astrophysical Journal 986:165 (2025); arXiv:2409.06772v2,https://iopscience.iop.org/article/10.3847/1538-4357/add15b,10.3847/1538-4357/add15b,single-epoch-virial-halpha-reines2013,0.0,non_lrd,0.0,formal_mbh_errors_exclude_virial_systematic;nominal_mass_uncorrected_for_dust,Nominal Table 1 mass and Halpha flux are uncorrected for dust; formal MBH errors exclude the approximately 0.5 dex virial-calibration systematic.,10000,20260808,30.0,0.1,1.0,True,split-normal-in-log-mbh,0.13,0.13,0.13,0.13,symmetric_reported,False,taylor_virial_minus_0p5dex,Taylor virial calibration sensitivity: MBH -0.5 dex,taylor_virial_calibration_sensitivity,taylor24_ceers_rubies_blagn_only,-0.5,6.143826851697714,6.228201180543568,6.36177550799658,6.490855938058589,6.573427529860912,seed1e4,4.0,10000.0,0.221601438673959,0.23032297914938707,0.24413018709160178,0.25747287331821683,0.26600806986289277,0.0
expanded-blagn-v1,measurement,RUBIESEGS45599_taylor24,RUBIESEGS45599_taylor24,HZA-RUBIES-EGS-45599,RUBIES-EGS-45599,1,RUBIESEGS45599_taylor24,True,only catalogue measurement in this release,4.862,1.2137742718438405,RUBIES,EGS,broad-line-agn,robust,individual_robust,taylor24_ceers_rubies_blagn,Table 1 (Sample of BLAGN),The Astrophysical Journal 986:165 (2025); arXiv:2409.06772v2,https://iopscience.iop.org/article/10.3847/1538-4357/add15b,10.3847/1538-4357/add15b,single-epoch-virial-halpha-reines2013,0.0,non_lrd,0.0,formal_mbh_errors_exclude_virial_systematic;nominal_mass_uncorrected_for_dust,Nominal Table 1 mass and Halpha flux are uncorrected for dust; formal MBH errors exclude the approximately 0.5 dex virial-calibration systematic.,10000,20260808,30.0,0.1,1.0,True,split-normal-in-log-mbh,0.13,0.13,0.13,0.13,symmetric_reported,False,taylor_virial_minus_0p5dex,Taylor virial calibration sensitivity: MBH -0.5 dex,taylor_virial_calibration_sensitivity,taylor24_ceers_rubies_blagn_only,-0.5,6.143826851697714,6.228201180543568,6.36177550799658,6.490855938058589,6.573427529860912,seed1e5,5.0,100000.0,0.11823421081296313,0.12695575128839115,0.14076295923060586,0.154105645457221,0.16264084200189685,0.0
expanded-blagn-v1,measurement,RUBIESEGS45599_taylor24,RUBIESEGS45599_taylor24,HZA-RUBIES-EGS-45599,RUBIES-EGS-45599,1,RUBIESEGS45599_taylor24,True,only catalogue measurement in this release,4.862,1.2137742718438405,RUBIES,EGS,broad-line-agn,robust,individual_robust,taylor24_ceers_rubies_blagn,Table 1 (Sample of BLAGN),The Astrophysical Journal 986:165 (2025); arXiv:2409.06772v2,https://iopscience.iop.org/article/10.3847/1538-4357/add15b,10.3847/1538-4357/add15b,single-epoch-virial-halpha-reines2013,0.0,non_lrd,0.0,formal_mbh_errors_exclude_virial_systematic;nominal_mass_uncorrected_for_dust,Nominal Table 1 mass and Halpha flux are uncorrected for dust; formal MBH errors exclude the approximately 0.5 dex virial-calibration systematic.,10000,20260808,30.0,0.1,1.0,True,split-normal-in-log-mbh,0.13,0.13,0.13,0.13,symmetric_reported,False,taylor_virial_plus_0p5dex,Taylor virial calibration sensitivity: MBH +0.5 dex,taylor_virial_calibration_sensitivity,taylor24_ceers_rubies_blagn_only,0.5,7.143826851697714,7.228201180543568,7.36177550799658,7.490855938058589,7.573427529860912,seed1e2,2.0,100.0,0.5317031222569468,0.5404246627323748,0.5542318706745895,0.5675745569012046,0.5761097534458804,0.0
expanded-blagn-v1,measurement,RUBIESEGS45599_taylor24,RUBIESEGS45599_taylor24,HZA-RUBIES-EGS-45599,RUBIES-EGS-45599,1,RUBIESEGS45599_taylor24,True,only catalogue measurement in this release,4.862,1.2137742718438405,RUBIES,EGS,broad-line-agn,robust,individual_robust,taylor24_ceers_rubies_blagn,Table 1 (Sample of BLAGN),The Astrophysical Journal 986:165 (2025); arXiv:2409.06772v2,https://iopscience.iop.org/article/10.3847/1538-4357/add15b,10.3847/1538-4357/add15b,single-epoch-virial-halpha-reines2013,0.0,non_lrd,0.0,formal_mbh_errors_exclude_virial_systematic;nominal_mass_uncorrected_for_dust,Nominal Table 1 mass and Halpha flux are uncorrected for dust; formal MBH errors exclude the approximately 0.5 dex virial-calibration systematic.,10000,20260808,30.0,0.1,1.0,True,split-normal-in-log-mbh,0.13,0.13,0.13,0.13,symmetric_reported,False,taylor_virial_plus_0p5dex,Taylor virial calibration sensitivity: MBH +0.5 dex,taylor_virial_calibration_sensitivity,taylor24_ceers_rubies_blagn_only,0.5,7.143826851697714,7.228201180543568,7.36177550799658,7.490855938058589,7.573427529860912,seed1e4,4.0,10000.0,0.32496866653495493,0.33369020701038304,0.34749741495259767,0.3608401011792127,0.36937529772388866,0.0
expanded-blagn-v1,measurement,RUBIESEGS45599_taylor24,RUBIESEGS45599_taylor24,HZA-RUBIES-EGS-45599,RUBIES-EGS-45599,1,RUBIESEGS45599_taylor24,True,only catalogue measurement in this release,4.862,1.2137742718438405,RUBIES,EGS,broad-line-agn,robust,individual_robust,taylor24_ceers_rubies_blagn,Table 1 (Sample of BLAGN),The Astrophysical Journal 986:165 (2025); arXiv:2409.06772v2,https://iopscience.iop.org/article/10.3847/1538-4357/add15b,10.3847/1538-4357/add15b,single-epoch-virial-halpha-reines2013,0.0,non_lrd,0.0,formal_mbh_errors_exclude_virial_systematic;nominal_mass_uncorrected_for_dust,Nominal Table 1 mass and Halpha flux are uncorrected for dust; formal MBH errors exclude the approximately 0.5 dex virial-calibration systematic.,10000,20260808,30.0,0.1,1.0,True,split-normal-in-log-mbh,0.13,0.13,0.13,0.13,symmetric_reported,False,taylor_virial_plus_0p5dex,Taylor virial calibration sensitivity: MBH +0.5 dex,taylor_virial_calibration_sensitivity,taylor24_ceers_rubies_blagn_only,0.5,7.143826851697714,7.228201180543568,7.36177550799658,7.490855938058589,7.573427529860912,seed1e5,5.0,100000.0,0.221601438673959,0.23032297914938707,0.24413018709160178,0.25747287331821683,0.26600806986289277,0.0
expanded-blagn-v1,measurement,RUBIESEGS46985_taylor24,RUBIESEGS46985_taylor24,HZA-RUBIES-EGS-46985,RUBIES-EGS-46985,1,RUBIESEGS46985_taylor24,True,only catalogue measurement in this release,4.963,1.1831727889131478,RUBIES,EGS,broad-line-agn,robust,individual_robust,taylor24_ceers_rubies_blagn,Table 1 (Sample of BLAGN),The Astrophysical Journal 986:165 (2025); arXiv:2409.06772v2,https://iopscience.iop.org/article/10.3847/1538-4357/add15b,10.3847/1538-4357/add15b,single-epoch-virial-halpha-reines2013,0.0,non_lrd,0.0,formal_mbh_errors_exclude_virial_systematic;nominal_mass_uncorrected_for_dust,Nominal Table 1 mass and Halpha flux are uncorrected for dust; formal MBH errors exclude the approximately 0.5 dex virial-calibration systematic.,10000,20260808,30.0,0.1,1.0,True,split-normal-in-log-mbh,0.21,0.2,0.21,0.2,asymmetric,False,baseline,reported MBH,none,all_sources,0.0,6.573434751993038,6.700810284964566,6.9028505042835535,7.113190444367187,7.251448840365108,seed1e2,2.0,100.0,0.4860988992766896,0.499637324930463,0.5211116726682943,0.5434681768917384,0.558163314737766,0.0
expanded-blagn-v1,measurement,RUBIESEGS46985_taylor24,RUBIESEGS46985_taylor24,HZA-RUBIES-EGS-46985,RUBIES-EGS-46985,1,RUBIESEGS46985_taylor24,True,only catalogue measurement in this release,4.963,1.1831727889131478,RUBIES,EGS,broad-line-agn,robust,individual_robust,taylor24_ceers_rubies_blagn,Table 1 (Sample of BLAGN),The Astrophysical Journal 986:165 (2025); arXiv:2409.06772v2,https://iopscience.iop.org/article/10.3847/1538-4357/add15b,10.3847/1538-4357/add15b,single-epoch-virial-halpha-reines2013,0.0,non_lrd,0.0,formal_mbh_errors_exclude_virial_systematic;nominal_mass_uncorrected_for_dust,Nominal Table 1 mass and Halpha flux are uncorrected for dust; formal MBH errors exclude the approximately 0.5 dex virial-calibration systematic.,10000,20260808,30.0,0.1,1.0,True,split-normal-in-log-mbh,0.21,0.2,0.21,0.2,asymmetric,False,baseline,reported MBH,none,all_sources,0.0,6.573434751993038,6.700810284964566,6.9028505042835535,7.113190444367187,7.251448840365108,seed1e4,4.0,10000.0,0.27352391979770846,0.28706234545148185,0.3085366931893132,0.3308931974127574,0.3455883352587849,0.0
expanded-blagn-v1,measurement,RUBIESEGS46985_taylor24,RUBIESEGS46985_taylor24,HZA-RUBIES-EGS-46985,RUBIES-EGS-46985,1,RUBIESEGS46985_taylor24,True,only catalogue measurement in this release,4.963,1.1831727889131478,RUBIES,EGS,broad-line-agn,robust,individual_robust,taylor24_ceers_rubies_blagn,Table 1 (Sample of BLAGN),The Astrophysical Journal 986:165 (2025); arXiv:2409.06772v2,https://iopscience.iop.org/article/10.3847/1538-4357/add15b,10.3847/1538-4357/add15b,single-epoch-virial-halpha-reines2013,0.0,non_lrd,0.0,formal_mbh_errors_exclude_virial_systematic;nominal_mass_uncorrected_for_dust,Nominal Table 1 mass and Halpha flux are uncorrected for dust; formal MBH errors exclude the approximately 0.5 dex virial-calibration systematic.,10000,20260808,30.0,0.1,1.0,True,split-normal-in-log-mbh,0.21,0.2,0.21,0.2,asymmetric,False,baseline,reported MBH,none,all_sources,0.0,6.573434751993038,6.700810284964566,6.9028505042835535,7.113190444367187,7.251448840365108,seed1e5,5.0,100000.0,0.1672364300582179,0.18077485571199134,0.20224920344982264,0.22460570767326685,0.23930084551929437,0.0
expanded-blagn-v1,measurement,RUBIESEGS46985_taylor24,RUBIESEGS46985_taylor24,HZA-RUBIES-EGS-46985,RUBIES-EGS-46985,1,RUBIESEGS46985_taylor24,True,only catalogue measurement in this release,4.963,1.1831727889131478,RUBIES,EGS,broad-line-agn,robust,individual_robust,taylor24_ceers_rubies_blagn,Table 1 (Sample of BLAGN),The Astrophysical Journal 986:165 (2025); arXiv:2409.06772v2,https://iopscience.iop.org/article/10.3847/1538-4357/add15b,10.3847/1538-4357/add15b,single-epoch-virial-halpha-reines2013,0.0,non_lrd,0.0,formal_mbh_errors_exclude_virial_systematic;nominal_mass_uncorrected_for_dust,Nominal Table 1 mass and Halpha flux are uncorrected for dust; formal MBH errors exclude the approximately 0.5 dex virial-calibration systematic.,10000,20260808,30.0,0.1,1.0,True,split-normal-in-log-mbh,0.21,0.2,0.21,0.2,asymmetric,False,mbh_minus_0p3dex,MBH -0.3 dex,global_comparison,all_sources,-0.3,6.2734347519930385,6.4008102849645665,6.602850504283554,6.813190444367187,6.951448840365108,seed1e2,2.0,100.0,0.4542126523548424,0.4677510780086159,0.4892254257464472,0.5115819299698913,0.526277067815919,0.0
expanded-blagn-v1,measurement,RUBIESEGS46985_taylor24,RUBIESEGS46985_taylor24,HZA-RUBIES-EGS-46985,RUBIES-EGS-46985,1,RUBIESEGS46985_taylor24,True,only catalogue measurement in this release,4.963,1.1831727889131478,RUBIES,EGS,broad-line-agn,robust,individual_robust,taylor24_ceers_rubies_blagn,Table 1 (Sample of BLAGN),The Astrophysical Journal 986:165 (2025); arXiv:2409.06772v2,https://iopscience.iop.org/article/10.3847/1538-4357/add15b,10.3847/1538-4357/add15b,single-epoch-virial-halpha-reines2013,0.0,non_lrd,0.0,formal_mbh_errors_exclude_virial_systematic;nominal_mass_uncorrected_for_dust,Nominal Table 1 mass and Halpha flux are uncorrected for dust; formal MBH errors exclude the approximately 0.5 dex virial-calibration systematic.,10000,20260808,30.0,0.1,1.0,True,split-normal-in-log-mbh,0.21,0.2,0.21,0.2,asymmetric,False,mbh_minus_0p3dex,MBH -0.3 dex,global_comparison,all_sources,-0.3,6.2734347519930385,6.4008102849645665,6.602850504283554,6.813190444367187,6.951448840365108,seed1e4,4.0,10000.0,0.2416376728758613,0.25517609852963474,0.27665044626746604,0.2990069504909102,0.31370208833693786,0.0
expanded-blagn-v1,measurement,RUBIESEGS46985_taylor24,RUBIESEGS46985_taylor24,HZA-RUBIES-EGS-46985,RUBIES-EGS-46985,1,RUBIESEGS46985_taylor24,True,only catalogue measurement in this release,4.963,1.1831727889131478,RUBIES,EGS,broad-line-agn,robust,individual_robust,taylor24_ceers_rubies_blagn,Table 1 (Sample of BLAGN),The Astrophysical Journal 986:165 (2025); arXiv:2409.06772v2,https://iopscience.iop.org/article/10.3847/1538-4357/add15b,10.3847/1538-4357/add15b,single-epoch-virial-halpha-reines2013,0.0,non_lrd,0.0,formal_mbh_errors_exclude_virial_systematic;nominal_mass_uncorrected_for_dust,Nominal Table 1 mass and Halpha flux are uncorrected for dust; formal MBH errors exclude the approximately 0.5 dex virial-calibration systematic.,10000,20260808,30.0,0.1,1.0,True,split-normal-in-log-mbh,0.21,0.2,0.21,0.2,asymmetric,False,mbh_minus_0p3dex,MBH -0.3 dex,global_comparison,all_sources,-0.3,6.2734347519930385,6.4008102849645665,6.602850504283554,6.813190444367187,6.951448840365108,seed1e5,5.0,100000.0,0.13535018313637073,0.14888860879014418,0.17036295652797548,0.19271946075141969,0.20741459859744726,0.0
expanded-blagn-v1,measurement,RUBIESEGS46985_taylor24,RUBIESEGS46985_taylor24,HZA-RUBIES-EGS-46985,RUBIES-EGS-46985,1,RUBIESEGS46985_taylor24,True,only catalogue measurement in this release,4.963,1.1831727889131478,RUBIES,EGS,broad-line-agn,robust,individual_robust,taylor24_ceers_rubies_blagn,Table 1 (Sample of BLAGN),The Astrophysical Journal 986:165 (2025); arXiv:2409.06772v2,https://iopscience.iop.org/article/10.3847/1538-4357/add15b,10.3847/1538-4357/add15b,single-epoch-virial-halpha-reines2013,0.0,non_lrd,0.0,formal_mbh_errors_exclude_virial_systematic;nominal_mass_uncorrected_for_dust,Nominal Table 1 mass and Halpha flux are uncorrected for dust; formal MBH errors exclude the approximately 0.5 dex virial-calibration systematic.,10000,20260808,30.0,0.1,1.0,True,split-normal-in-log-mbh,0.21,0.2,0.21,0.2,asymmetric,False,mbh_plus_0p3dex,MBH +0.3 dex,global_comparison,all_sources,0.3,6.873434751993038,7.000810284964566,7.202850504283553,7.413190444367187,7.551448840365108,seed1e2,2.0,100.0,0.5179851461985368,0.5315235718523101,0.5529979195901413,0.5753544238135856,0.5900495616596132,0.0
expanded-blagn-v1,measurement,RUBIESEGS46985_taylor24,RUBIESEGS46985_taylor24,HZA-RUBIES-EGS-46985,RUBIES-EGS-46985,1,RUBIESEGS46985_taylor24,True,only catalogue measurement in this release,4.963,1.1831727889131478,RUBIES,EGS,broad-line-agn,robust,individual_robust,taylor24_ceers_rubies_blagn,Table 1 (Sample of BLAGN),The Astrophysical Journal 986:165 (2025); arXiv:2409.06772v2,https://iopscience.iop.org/article/10.3847/1538-4357/add15b,10.3847/1538-4357/add15b,single-epoch-virial-halpha-reines2013,0.0,non_lrd,0.0,formal_mbh_errors_exclude_virial_systematic;nominal_mass_uncorrected_for_dust,Nominal Table 1 mass and Halpha flux are uncorrected for dust; formal MBH errors exclude the approximately 0.5 dex virial-calibration systematic.,10000,20260808,30.0,0.1,1.0,True,split-normal-in-log-mbh,0.21,0.2,0.21,0.2,asymmetric,False,mbh_plus_0p3dex,MBH +0.3 dex,global_comparison,all_sources,0.3,6.873434751993038,7.000810284964566,7.202850504283553,7.413190444367187,7.551448840365108,seed1e4,4.0,10000.0,0.30541016671955556,0.31894859237332907,0.34042294011116037,0.3627794443346046,0.3774745821806322,0.0
expanded-blagn-v1,measurement,RUBIESEGS46985_taylor24,RUBIESEGS46985_taylor24,HZA-RUBIES-EGS-46985,RUBIES-EGS-46985,1,RUBIESEGS46985_taylor24,True,only catalogue measurement in this release,4.963,1.1831727889131478,RUBIES,EGS,broad-line-agn,robust,individual_robust,taylor24_ceers_rubies_blagn,Table 1 (Sample of BLAGN),The Astrophysical Journal 986:165 (2025); arXiv:2409.06772v2,https://iopscience.iop.org/article/10.3847/1538-4357/add15b,10.3847/1538-4357/add15b,single-epoch-virial-halpha-reines2013,0.0,non_lrd,0.0,formal_mbh_errors_exclude_virial_systematic;nominal_mass_uncorrected_for_dust,Nominal Table 1 mass and Halpha flux are uncorrected for dust; formal MBH errors exclude the approximately 0.5 dex virial-calibration systematic.,10000,20260808,30.0,0.1,1.0,True,split-normal-in-log-mbh,0.21,0.2,0.21,0.2,asymmetric,False,mbh_plus_0p3dex,MBH +0.3 dex,global_comparison,all_sources,0.3,6.873434751993038,7.000810284964566,7.202850504283553,7.413190444367187,7.551448840365108,seed1e5,5.0,100000.0,0.19912267698006503,0.21266110263383847,0.23413545037166977,0.256491954595114,0.27118709244114153,0.0
expanded-blagn-v1,measurement,RUBIESEGS46985_taylor24,RUBIESEGS46985_taylor24,HZA-RUBIES-EGS-46985,RUBIES-EGS-46985,1,RUBIESEGS46985_taylor24,True,only catalogue measurement in this release,4.963,1.1831727889131478,RUBIES,EGS,broad-line-agn,robust,individual_robust,taylor24_ceers_rubies_blagn,Table 1 (Sample of BLAGN),The Astrophysical Journal 986:165 (2025); arXiv:2409.06772v2,https://iopscience.iop.org/article/10.3847/1538-4357/add15b,10.3847/1538-4357/add15b,single-epoch-virial-halpha-reines2013,0.0,non_lrd,0.0,formal_mbh_errors_exclude_virial_systematic;nominal_mass_uncorrected_for_dust,Nominal Table 1 mass and Halpha flux are uncorrected for dust; formal MBH errors exclude the approximately 0.5 dex virial-calibration systematic.,10000,20260808,30.0,0.1,1.0,True,split-normal-in-log-mbh,0.21,0.2,0.21,0.2,asymmetric,False,taylor_virial_minus_0p5dex,Taylor virial calibration sensitivity: MBH -0.5 dex,taylor_virial_calibration_sensitivity,taylor24_ceers_rubies_blagn_only,-0.5,6.073434751993038,6.200810284964566,6.4028505042835535,6.613190444367187,6.751448840365108,seed1e2,2.0,100.0,0.4329551544069443,0.4464935800607177,0.467967927798549,0.4903244320219933,0.5050195698680208,0.0
expanded-blagn-v1,measurement,RUBIESEGS46985_taylor24,RUBIESEGS46985_taylor24,HZA-RUBIES-EGS-46985,RUBIES-EGS-46985,1,RUBIESEGS46985_taylor24,True,only catalogue measurement in this release,4.963,1.1831727889131478,RUBIES,EGS,broad-line-agn,robust,individual_robust,taylor24_ceers_rubies_blagn,Table 1 (Sample of BLAGN),The Astrophysical Journal 986:165 (2025); arXiv:2409.06772v2,https://iopscience.iop.org/article/10.3847/1538-4357/add15b,10.3847/1538-4357/add15b,single-epoch-virial-halpha-reines2013,0.0,non_lrd,0.0,formal_mbh_errors_exclude_virial_systematic;nominal_mass_uncorrected_for_dust,Nominal Table 1 mass and Halpha flux are uncorrected for dust; formal MBH errors exclude the approximately 0.5 dex virial-calibration systematic.,10000,20260808,30.0,0.1,1.0,True,split-normal-in-log-mbh,0.21,0.2,0.21,0.2,asymmetric,False,taylor_virial_minus_0p5dex,Taylor virial calibration sensitivity: MBH -0.5 dex,taylor_virial_calibration_sensitivity,taylor24_ceers_rubies_blagn_only,-0.5,6.073434751993038,6.200810284964566,6.4028505042835535,6.613190444367187,6.751448840365108,seed1e4,4.0,10000.0,0.2203801749279632,0.23391860058173658,0.2553929483195679,0.27774945254301214,0.29244459038903964,0.0
expanded-blagn-v1,measurement,RUBIESEGS46985_taylor24,RUBIESEGS46985_taylor24,HZA-RUBIES-EGS-46985,RUBIES-EGS-46985,1,RUBIESEGS46985_taylor24,True,only catalogue measurement in this release,4.963,1.1831727889131478,RUBIES,EGS,broad-line-agn,robust,individual_robust,taylor24_ceers_rubies_blagn,Table 1 (Sample of BLAGN),The Astrophysical Journal 986:165 (2025); arXiv:2409.06772v2,https://iopscience.iop.org/article/10.3847/1538-4357/add15b,10.3847/1538-4357/add15b,single-epoch-virial-halpha-reines2013,0.0,non_lrd,0.0,formal_mbh_errors_exclude_virial_systematic;nominal_mass_uncorrected_for_dust,Nominal Table 1 mass and Halpha flux are uncorrected for dust; formal MBH errors exclude the approximately 0.5 dex virial-calibration systematic.,10000,20260808,30.0,0.1,1.0,True,split-normal-in-log-mbh,0.21,0.2,0.21,0.2,asymmetric,False,taylor_virial_minus_0p5dex,Taylor virial calibration sensitivity: MBH -0.5 dex,taylor_virial_calibration_sensitivity,taylor24_ceers_rubies_blagn_only,-0.5,6.073434751993038,6.200810284964566,6.4028505042835535,6.613190444367187,6.751448840365108,seed1e5,5.0,100000.0,0.11409268518847263,0.12763111084224607,0.14910545858007734,0.17146196280352158,0.18615710064954913,0.0
expanded-blagn-v1,measurement,RUBIESEGS46985_taylor24,RUBIESEGS46985_taylor24,HZA-RUBIES-EGS-46985,RUBIES-EGS-46985,1,RUBIESEGS46985_taylor24,True,only catalogue measurement in this release,4.963,1.1831727889131478,RUBIES,EGS,broad-line-agn,robust,individual_robust,taylor24_ceers_rubies_blagn,Table 1 (Sample of BLAGN),The Astrophysical Journal 986:165 (2025); arXiv:2409.06772v2,https://iopscience.iop.org/article/10.3847/1538-4357/add15b,10.3847/1538-4357/add15b,single-epoch-virial-halpha-reines2013,0.0,non_lrd,0.0,formal_mbh_errors_exclude_virial_systematic;nominal_mass_uncorrected_for_dust,Nominal Table 1 mass and Halpha flux are uncorrected for dust; formal MBH errors exclude the approximately 0.5 dex virial-calibration systematic.,10000,20260808,30.0,0.1,1.0,True,split-normal-in-log-mbh,0.21,0.2,0.21,0.2,asymmetric,False,taylor_virial_plus_0p5dex,Taylor virial calibration sensitivity: MBH +0.5 dex,taylor_virial_calibration_sensitivity,taylor24_ceers_rubies_blagn_only,0.5,7.073434751993038,7.200810284964566,7.4028505042835535,7.613190444367187,7.751448840365108,seed1e2,2.0,100.0,0.5392426441464349,0.5527810698002084,0.5742554175380397,0.5966119217614837,0.6113070596075113,0.0
expanded-blagn-v1,measurement,RUBIESEGS46985_taylor24,RUBIESEGS46985_taylor24,HZA-RUBIES-EGS-46985,RUBIES-EGS-46985,1,RUBIESEGS46985_taylor24,True,only catalogue measurement in this release,4.963,1.1831727889131478,RUBIES,EGS,broad-line-agn,robust,individual_robust,taylor24_ceers_rubies_blagn,Table 1 (Sample of BLAGN),The Astrophysical Journal 986:165 (2025); arXiv:2409.06772v2,https://iopscience.iop.org/article/10.3847/1538-4357/add15b,10.3847/1538-4357/add15b,single-epoch-virial-halpha-reines2013,0.0,non_lrd,0.0,formal_mbh_errors_exclude_virial_systematic;nominal_mass_uncorrected_for_dust,Nominal Table 1 mass and Halpha flux are uncorrected for dust; formal MBH errors exclude the approximately 0.5 dex virial-calibration systematic.,10000,20260808,30.0,0.1,1.0,True,split-normal-in-log-mbh,0.21,0.2,0.21,0.2,asymmetric,False,taylor_virial_plus_0p5dex,Taylor virial calibration sensitivity: MBH +0.5 dex,taylor_virial_calibration_sensitivity,taylor24_ceers_rubies_blagn_only,0.5,7.073434751993038,7.200810284964566,7.4028505042835535,7.613190444367187,7.751448840365108,seed1e4,4.0,10000.0,0.3266676646674538,0.3402060903212271,0.3616804380590585,0.3840369422825027,0.3987320801285302,0.0
expanded-blagn-v1,measurement,RUBIESEGS46985_taylor24,RUBIESEGS46985_taylor24,HZA-RUBIES-EGS-46985,RUBIES-EGS-46985,1,RUBIESEGS46985_taylor24,True,only catalogue measurement in this release,4.963,1.1831727889131478,RUBIES,EGS,broad-line-agn,robust,individual_robust,taylor24_ceers_rubies_blagn,Table 1 (Sample of BLAGN),The Astrophysical Journal 986:165 (2025); arXiv:2409.06772v2,https://iopscience.iop.org/article/10.3847/1538-4357/add15b,10.3847/1538-4357/add15b,single-epoch-virial-halpha-reines2013,0.0,non_lrd,0.0,formal_mbh_errors_exclude_virial_systematic;nominal_mass_uncorrected_for_dust,Nominal Table 1 mass and Halpha flux are uncorrected for dust; formal MBH errors exclude the approximately 0.5 dex virial-calibration systematic.,10000,20260808,30.0,0.1,1.0,True,split-normal-in-log-mbh,0.21,0.2,0.21,0.2,asymmetric,False,taylor_virial_plus_0p5dex,Taylor virial calibration sensitivity: MBH +0.5 dex,taylor_virial_calibration_sensitivity,taylor24_ceers_rubies_blagn_only,0.5,7.073434751993038,7.200810284964566,7.4028505042835535,7.613190444367187,7.751448840365108,seed1e5,5.0,100000.0,0.2203801749279632,0.23391860058173658,0.2553929483195679,0.27774945254301214,0.29244459038903964,0.0
expanded-blagn-v1,measurement,RUBIESEGS49140_taylor24,RUBIESEGS49140_taylor24,HZA-RUBIES-EGS-49140,RUBIES-EGS-49140,1,RUBIESEGS49140_taylor24,True,only catalogue measurement in this release,6.685,0.8094182196919075,RUBIES,EGS,broad-line-agn,robust,individual_robust,taylor24_ceers_rubies_blagn,Table 1 (Sample of BLAGN),The Astrophysical Journal 986:165 (2025); arXiv:2409.06772v2,https://iopscience.iop.org/article/10.3847/1538-4357/add15b,10.3847/1538-4357/add15b,single-epoch-virial-halpha-reines2013,1.0,lrd,1.0,formal_mbh_errors_exclude_virial_systematic;nominal_mass_uncorrected_for_dust;halpha_absorption_component_fit;alternative_non_agn_compact_galaxy_broadening,Nominal Table 1 mass and Halpha flux are uncorrected for dust; formal MBH errors exclude the approximately 0.5 dex virial-calibration systematic. Halpha line fit includes the source-specific narrow absorption component described in Section 3.2. The paper retains this source as BLAGN while noting a published compact-galaxy alternative for its broad lines.,10000,20260808,30.0,0.1,1.0,True,split-normal-in-log-mbh,0.02,0.01,0.02,0.01,asymmetric,False,baseline,reported MBH,none,all_sources,0.0,8.243464600515763,8.250167938126344,8.260048679899047,8.279932608210888,8.293006847503461,seed1e2,2.0,100.0,1.01321159358008,1.014299434997834,1.0159029168397022,1.0191297512946953,1.0212514852478884,1.0
expanded-blagn-v1,measurement,RUBIESEGS49140_taylor24,RUBIESEGS49140_taylor24,HZA-RUBIES-EGS-49140,RUBIES-EGS-49140,1,RUBIESEGS49140_taylor24,True,only catalogue measurement in this release,6.685,0.8094182196919075,RUBIES,EGS,broad-line-agn,robust,individual_robust,taylor24_ceers_rubies_blagn,Table 1 (Sample of BLAGN),The Astrophysical Journal 986:165 (2025); arXiv:2409.06772v2,https://iopscience.iop.org/article/10.3847/1538-4357/add15b,10.3847/1538-4357/add15b,single-epoch-virial-halpha-reines2013,1.0,lrd,1.0,formal_mbh_errors_exclude_virial_systematic;nominal_mass_uncorrected_for_dust;halpha_absorption_component_fit;alternative_non_agn_compact_galaxy_broadening,Nominal Table 1 mass and Halpha flux are uncorrected for dust; formal MBH errors exclude the approximately 0.5 dex virial-calibration systematic. Halpha line fit includes the source-specific narrow absorption component described in Section 3.2. The paper retains this source as BLAGN while noting a published compact-galaxy alternative for its broad lines.,10000,20260808,30.0,0.1,1.0,True,split-normal-in-log-mbh,0.02,0.01,0.02,0.01,asymmetric,False,baseline,reported MBH,none,all_sources,0.0,8.243464600515763,8.250167938126344,8.260048679899047,8.279932608210888,8.293006847503461,seed1e4,4.0,10000.0,0.6886444955312242,0.6897323369489783,0.6913358187908465,0.6945626532458394,0.6966843871990326,0.0
expanded-blagn-v1,measurement,RUBIESEGS49140_taylor24,RUBIESEGS49140_taylor24,HZA-RUBIES-EGS-49140,RUBIES-EGS-49140,1,RUBIESEGS49140_taylor24,True,only catalogue measurement in this release,6.685,0.8094182196919075,RUBIES,EGS,broad-line-agn,robust,individual_robust,taylor24_ceers_rubies_blagn,Table 1 (Sample of BLAGN),The Astrophysical Journal 986:165 (2025); arXiv:2409.06772v2,https://iopscience.iop.org/article/10.3847/1538-4357/add15b,10.3847/1538-4357/add15b,single-epoch-virial-halpha-reines2013,1.0,lrd,1.0,formal_mbh_errors_exclude_virial_systematic;nominal_mass_uncorrected_for_dust;halpha_absorption_component_fit;alternative_non_agn_compact_galaxy_broadening,Nominal Table 1 mass and Halpha flux are uncorrected for dust; formal MBH errors exclude the approximately 0.5 dex virial-calibration systematic. Halpha line fit includes the source-specific narrow absorption component described in Section 3.2. The paper retains this source as BLAGN while noting a published compact-galaxy alternative for its broad lines.,10000,20260808,30.0,0.1,1.0,True,split-normal-in-log-mbh,0.02,0.01,0.02,0.01,asymmetric,False,baseline,reported MBH,none,all_sources,0.0,8.243464600515763,8.250167938126344,8.260048679899047,8.279932608210888,8.293006847503461,seed1e5,5.0,100000.0,0.5263609465067964,0.5274487879245503,0.5290522697664186,0.5322791042214116,0.5344008381746046,0.0
expanded-blagn-v1,measurement,RUBIESEGS49140_taylor24,RUBIESEGS49140_taylor24,HZA-RUBIES-EGS-49140,RUBIES-EGS-49140,1,RUBIESEGS49140_taylor24,True,only catalogue measurement in this release,6.685,0.8094182196919075,RUBIES,EGS,broad-line-agn,robust,individual_robust,taylor24_ceers_rubies_blagn,Table 1 (Sample of BLAGN),The Astrophysical Journal 986:165 (2025); arXiv:2409.06772v2,https://iopscience.iop.org/article/10.3847/1538-4357/add15b,10.3847/1538-4357/add15b,single-epoch-virial-halpha-reines2013,1.0,lrd,1.0,formal_mbh_errors_exclude_virial_systematic;nominal_mass_uncorrected_for_dust;halpha_absorption_component_fit;alternative_non_agn_compact_galaxy_broadening,Nominal Table 1 mass and Halpha flux are uncorrected for dust; formal MBH errors exclude the approximately 0.5 dex virial-calibration systematic. Halpha line fit includes the source-specific narrow absorption component described in Section 3.2. The paper retains this source as BLAGN while noting a published compact-galaxy alternative for its broad lines.,10000,20260808,30.0,0.1,1.0,True,split-normal-in-log-mbh,0.02,0.01,0.02,0.01,asymmetric,False,mbh_minus_0p3dex,MBH -0.3 dex,global_comparison,all_sources,-0.3,7.943464600515764,7.950167938126344,7.960048679899048,7.9799326082108895,7.9930068475034615,seed1e2,2.0,100.0,0.9645265288727518,0.9656143702905058,0.967217852132374,0.9704446865873668,0.9725664205405601,0.0
expanded-blagn-v1,measurement,RUBIESEGS49140_taylor24,RUBIESEGS49140_taylor24,HZA-RUBIES-EGS-49140,RUBIES-EGS-49140,1,RUBIESEGS49140_taylor24,True,only catalogue measurement in this release,6.685,0.8094182196919075,RUBIES,EGS,broad-line-agn,robust,individual_robust,taylor24_ceers_rubies_blagn,Table 1 (Sample of BLAGN),The Astrophysical Journal 986:165 (2025); arXiv:2409.06772v2,https://iopscience.iop.org/article/10.3847/1538-4357/add15b,10.3847/1538-4357/add15b,single-epoch-virial-halpha-reines2013,1.0,lrd,1.0,formal_mbh_errors_exclude_virial_systematic;nominal_mass_uncorrected_for_dust;halpha_absorption_component_fit;alternative_non_agn_compact_galaxy_broadening,Nominal Table 1 mass and Halpha flux are uncorrected for dust; formal MBH errors exclude the approximately 0.5 dex virial-calibration systematic. Halpha line fit includes the source-specific narrow absorption component described in Section 3.2. The paper retains this source as BLAGN while noting a published compact-galaxy alternative for its broad lines.,10000,20260808,30.0,0.1,1.0,True,split-normal-in-log-mbh,0.02,0.01,0.02,0.01,asymmetric,False,mbh_minus_0p3dex,MBH -0.3 dex,global_comparison,all_sources,-0.3,7.943464600515764,7.950167938126344,7.960048679899048,7.9799326082108895,7.9930068475034615,seed1e4,4.0,10000.0,0.639959430823896,0.64104727224165,0.642650754083518,0.6458775885385111,0.6479993224917043,0.0
expanded-blagn-v1,measurement,RUBIESEGS49140_taylor24,RUBIESEGS49140_taylor24,HZA-RUBIES-EGS-49140,RUBIES-EGS-49140,1,RUBIESEGS49140_taylor24,True,only catalogue measurement in this release,6.685,0.8094182196919075,RUBIES,EGS,broad-line-agn,robust,individual_robust,taylor24_ceers_rubies_blagn,Table 1 (Sample of BLAGN),The Astrophysical Journal 986:165 (2025); arXiv:2409.06772v2,https://iopscience.iop.org/article/10.3847/1538-4357/add15b,10.3847/1538-4357/add15b,single-epoch-virial-halpha-reines2013,1.0,lrd,1.0,formal_mbh_errors_exclude_virial_systematic;nominal_mass_uncorrected_for_dust;halpha_absorption_component_fit;alternative_non_agn_compact_galaxy_broadening,Nominal Table 1 mass and Halpha flux are uncorrected for dust; formal MBH errors exclude the approximately 0.5 dex virial-calibration systematic. Halpha line fit includes the source-specific narrow absorption component described in Section 3.2. The paper retains this source as BLAGN while noting a published compact-galaxy alternative for its broad lines.,10000,20260808,30.0,0.1,1.0,True,split-normal-in-log-mbh,0.02,0.01,0.02,0.01,asymmetric,False,mbh_minus_0p3dex,MBH -0.3 dex,global_comparison,all_sources,-0.3,7.943464600515764,7.950167938126344,7.960048679899048,7.9799326082108895,7.9930068475034615,seed1e5,5.0,100000.0,0.477675881799468,0.47876372321722205,0.4803672050590903,0.48359403951408314,0.48571577346727635,0.0
expanded-blagn-v1,measurement,RUBIESEGS49140_taylor24,RUBIESEGS49140_taylor24,HZA-RUBIES-EGS-49140,RUBIES-EGS-49140,1,RUBIESEGS49140_taylor24,True,only catalogue measurement in this release,6.685,0.8094182196919075,RUBIES,EGS,broad-line-agn,robust,individual_robust,taylor24_ceers_rubies_blagn,Table 1 (Sample of BLAGN),The Astrophysical Journal 986:165 (2025); arXiv:2409.06772v2,https://iopscience.iop.org/article/10.3847/1538-4357/add15b,10.3847/1538-4357/add15b,single-epoch-virial-halpha-reines2013,1.0,lrd,1.0,formal_mbh_errors_exclude_virial_systematic;nominal_mass_uncorrected_for_dust;halpha_absorption_component_fit;alternative_non_agn_compact_galaxy_broadening,Nominal Table 1 mass and Halpha flux are uncorrected for dust; formal MBH errors exclude the approximately 0.5 dex virial-calibration systematic. Halpha line fit includes the source-specific narrow absorption component described in Section 3.2. The paper retains this source as BLAGN while noting a published compact-galaxy alternative for its broad lines.,10000,20260808,30.0,0.1,1.0,True,split-normal-in-log-mbh,0.02,0.01,0.02,0.01,asymmetric,False,mbh_plus_0p3dex,MBH +0.3 dex,global_comparison,all_sources,0.3,8.543464600515764,8.550167938126345,8.560048679899047,8.579932608210889,8.593006847503462,seed1e2,2.0,100.0,1.0618966582874085,1.0629844997051627,1.0645879815470307,1.0678148160020238,1.069936549955217,1.0
expanded-blagn-v1,measurement,RUBIESEGS49140_taylor24,RUBIESEGS49140_taylor24,HZA-RUBIES-EGS-49140,RUBIES-EGS-49140,1,RUBIESEGS49140_taylor24,True,only catalogue measurement in this release,6.685,0.8094182196919075,RUBIES,EGS,broad-line-agn,robust,individual_robust,taylor24_ceers_rubies_blagn,Table 1 (Sample of BLAGN),The Astrophysical Journal 986:165 (2025); arXiv:2409.06772v2,https://iopscience.iop.org/article/10.3847/1538-4357/add15b,10.3847/1538-4357/add15b,single-epoch-virial-halpha-reines2013,1.0,lrd,1.0,formal_mbh_errors_exclude_virial_systematic;nominal_mass_uncorrected_for_dust;halpha_absorption_component_fit;alternative_non_agn_compact_galaxy_broadening,Nominal Table 1 mass and Halpha flux are uncorrected for dust; formal MBH errors exclude the approximately 0.5 dex virial-calibration systematic. Halpha line fit includes the source-specific narrow absorption component described in Section 3.2. The paper retains this source as BLAGN while noting a published compact-galaxy alternative for its broad lines.,10000,20260808,30.0,0.1,1.0,True,split-normal-in-log-mbh,0.02,0.01,0.02,0.01,asymmetric,False,mbh_plus_0p3dex,MBH +0.3 dex,global_comparison,all_sources,0.3,8.543464600515764,8.550167938126345,8.560048679899047,8.579932608210889,8.593006847503462,seed1e4,4.0,10000.0,0.7373295602385528,0.7384174016563068,0.740020883498175,0.7432477179531679,0.7453694519063611,0.0
expanded-blagn-v1,measurement,RUBIESEGS49140_taylor24,RUBIESEGS49140_taylor24,HZA-RUBIES-EGS-49140,RUBIES-EGS-49140,1,RUBIESEGS49140_taylor24,True,only catalogue measurement in this release,6.685,0.8094182196919075,RUBIES,EGS,broad-line-agn,robust,individual_robust,taylor24_ceers_rubies_blagn,Table 1 (Sample of BLAGN),The Astrophysical Journal 986:165 (2025); arXiv:2409.06772v2,https://iopscience.iop.org/article/10.3847/1538-4357/add15b,10.3847/1538-4357/add15b,single-epoch-virial-halpha-reines2013,1.0,lrd,1.0,formal_mbh_errors_exclude_virial_systematic;nominal_mass_uncorrected_for_dust;halpha_absorption_component_fit;alternative_non_agn_compact_galaxy_broadening,Nominal Table 1 mass and Halpha flux are uncorrected for dust; formal MBH errors exclude the approximately 0.5 dex virial-calibration systematic. Halpha line fit includes the source-specific narrow absorption component described in Section 3.2. The paper retains this source as BLAGN while noting a published compact-galaxy alternative for its broad lines.,10000,20260808,30.0,0.1,1.0,True,split-normal-in-log-mbh,0.02,0.01,0.02,0.01,asymmetric,False,mbh_plus_0p3dex,MBH +0.3 dex,global_comparison,all_sources,0.3,8.543464600515764,8.550167938126345,8.560048679899047,8.579932608210889,8.593006847503462,seed1e5,5.0,100000.0,0.5750460112141248,0.5761338526318789,0.5777373344737471,0.5809641689287399,0.5830859028819332,0.0
expanded-blagn-v1,measurement,RUBIESEGS49140_taylor24,RUBIESEGS49140_taylor24,HZA-RUBIES-EGS-49140,RUBIES-EGS-49140,1,RUBIESEGS49140_taylor24,True,only catalogue measurement in this release,6.685,0.8094182196919075,RUBIES,EGS,broad-line-agn,robust,individual_robust,taylor24_ceers_rubies_blagn,Table 1 (Sample of BLAGN),The Astrophysical Journal 986:165 (2025); arXiv:2409.06772v2,https://iopscience.iop.org/article/10.3847/1538-4357/add15b,10.3847/1538-4357/add15b,single-epoch-virial-halpha-reines2013,1.0,lrd,1.0,formal_mbh_errors_exclude_virial_systematic;nominal_mass_uncorrected_for_dust;halpha_absorption_component_fit;alternative_non_agn_compact_galaxy_broadening,Nominal Table 1 mass and Halpha flux are uncorrected for dust; formal MBH errors exclude the approximately 0.5 dex virial-calibration systematic. Halpha line fit includes the source-specific narrow absorption component described in Section 3.2. The paper retains this source as BLAGN while noting a published compact-galaxy alternative for its broad lines.,10000,20260808,30.0,0.1,1.0,True,split-normal-in-log-mbh,0.02,0.01,0.02,0.01,asymmetric,False,taylor_virial_minus_0p5dex,Taylor virial calibration sensitivity: MBH -0.5 dex,taylor_virial_calibration_sensitivity,taylor24_ceers_rubies_blagn_only,-0.5,7.743464600515764,7.750167938126344,7.760048679899048,7.779932608210889,7.793006847503461,seed1e2,2.0,100.0,0.9320698190678661,0.9331576604856201,0.9347611423274884,0.9379879767824812,0.9401097107356746,0.0
expanded-blagn-v1,measurement,RUBIESEGS49140_taylor24,RUBIESEGS49140_taylor24,HZA-RUBIES-EGS-49140,RUBIES-EGS-49140,1,RUBIESEGS49140_taylor24,True,only catalogue measurement in this release,6.685,0.8094182196919075,RUBIES,EGS,broad-line-agn,robust,individual_robust,taylor24_ceers_rubies_blagn,Table 1 (Sample of BLAGN),The Astrophysical Journal 986:165 (2025); arXiv:2409.06772v2,https://iopscience.iop.org/article/10.3847/1538-4357/add15b,10.3847/1538-4357/add15b,single-epoch-virial-halpha-reines2013,1.0,lrd,1.0,formal_mbh_errors_exclude_virial_systematic;nominal_mass_uncorrected_for_dust;halpha_absorption_component_fit;alternative_non_agn_compact_galaxy_broadening,Nominal Table 1 mass and Halpha flux are uncorrected for dust; formal MBH errors exclude the approximately 0.5 dex virial-calibration systematic. Halpha line fit includes the source-specific narrow absorption component described in Section 3.2. The paper retains this source as BLAGN while noting a published compact-galaxy alternative for its broad lines.,10000,20260808,30.0,0.1,1.0,True,split-normal-in-log-mbh,0.02,0.01,0.02,0.01,asymmetric,False,taylor_virial_minus_0p5dex,Taylor virial calibration sensitivity: MBH -0.5 dex,taylor_virial_calibration_sensitivity,taylor24_ceers_rubies_blagn_only,-0.5,7.743464600515764,7.750167938126344,7.760048679899048,7.779932608210889,7.793006847503461,seed1e4,4.0,10000.0,0.6075027210190104,0.6085905624367643,0.6101940442786326,0.6134208787336254,0.6155426126868185,0.0
expanded-blagn-v1,measurement,RUBIESEGS49140_taylor24,RUBIESEGS49140_taylor24,HZA-RUBIES-EGS-49140,RUBIES-EGS-49140,1,RUBIESEGS49140_taylor24,True,only catalogue measurement in this release,6.685,0.8094182196919075,RUBIES,EGS,broad-line-agn,robust,individual_robust,taylor24_ceers_rubies_blagn,Table 1 (Sample of BLAGN),The Astrophysical Journal 986:165 (2025); arXiv:2409.06772v2,https://iopscience.iop.org/article/10.3847/1538-4357/add15b,10.3847/1538-4357/add15b,single-epoch-virial-halpha-reines2013,1.0,lrd,1.0,formal_mbh_errors_exclude_virial_systematic;nominal_mass_uncorrected_for_dust;halpha_absorption_component_fit;alternative_non_agn_compact_galaxy_broadening,Nominal Table 1 mass and Halpha flux are uncorrected for dust; formal MBH errors exclude the approximately 0.5 dex virial-calibration systematic. Halpha line fit includes the source-specific narrow absorption component described in Section 3.2. The paper retains this source as BLAGN while noting a published compact-galaxy alternative for its broad lines.,10000,20260808,30.0,0.1,1.0,True,split-normal-in-log-mbh,0.02,0.01,0.02,0.01,asymmetric,False,taylor_virial_minus_0p5dex,Taylor virial calibration sensitivity: MBH -0.5 dex,taylor_virial_calibration_sensitivity,taylor24_ceers_rubies_blagn_only,-0.5,7.743464600515764,7.750167938126344,7.760048679899048,7.779932608210889,7.793006847503461,seed1e5,5.0,100000.0,0.44521917199458244,0.4463070134123365,0.4479104952542046,0.45113732970919745,0.4532590636623907,0.0
expanded-blagn-v1,measurement,RUBIESEGS49140_taylor24,RUBIESEGS49140_taylor24,HZA-RUBIES-EGS-49140,RUBIES-EGS-49140,1,RUBIESEGS49140_taylor24,True,only catalogue measurement in this release,6.685,0.8094182196919075,RUBIES,EGS,broad-line-agn,robust,individual_robust,taylor24_ceers_rubies_blagn,Table 1 (Sample of BLAGN),The Astrophysical Journal 986:165 (2025); arXiv:2409.06772v2,https://iopscience.iop.org/article/10.3847/1538-4357/add15b,10.3847/1538-4357/add15b,single-epoch-virial-halpha-reines2013,1.0,lrd,1.0,formal_mbh_errors_exclude_virial_systematic;nominal_mass_uncorrected_for_dust;halpha_absorption_component_fit;alternative_non_agn_compact_galaxy_broadening,Nominal Table 1 mass and Halpha flux are uncorrected for dust; formal MBH errors exclude the approximately 0.5 dex virial-calibration systematic. Halpha line fit includes the source-specific narrow absorption component described in Section 3.2. The paper retains this source as BLAGN while noting a published compact-galaxy alternative for its broad lines.,10000,20260808,30.0,0.1,1.0,True,split-normal-in-log-mbh,0.02,0.01,0.02,0.01,asymmetric,False,taylor_virial_plus_0p5dex,Taylor virial calibration sensitivity: MBH +0.5 dex,taylor_virial_calibration_sensitivity,taylor24_ceers_rubies_blagn_only,0.5,8.743464600515763,8.750167938126344,8.760048679899047,8.779932608210888,8.793006847503461,seed1e2,2.0,100.0,1.094353368092294,1.095441209510048,1.0970446913519165,1.1002715258069093,1.1023932597601023,1.0
expanded-blagn-v1,measurement,RUBIESEGS49140_taylor24,RUBIESEGS49140_taylor24,HZA-RUBIES-EGS-49140,RUBIES-EGS-49140,1,RUBIESEGS49140_taylor24,True,only catalogue measurement in this release,6.685,0.8094182196919075,RUBIES,EGS,broad-line-agn,robust,individual_robust,taylor24_ceers_rubies_blagn,Table 1 (Sample of BLAGN),The Astrophysical Journal 986:165 (2025); arXiv:2409.06772v2,https://iopscience.iop.org/article/10.3847/1538-4357/add15b,10.3847/1538-4357/add15b,single-epoch-virial-halpha-reines2013,1.0,lrd,1.0,formal_mbh_errors_exclude_virial_systematic;nominal_mass_uncorrected_for_dust;halpha_absorption_component_fit;alternative_non_agn_compact_galaxy_broadening,Nominal Table 1 mass and Halpha flux are uncorrected for dust; formal MBH errors exclude the approximately 0.5 dex virial-calibration systematic. Halpha line fit includes the source-specific narrow absorption component described in Section 3.2. The paper retains this source as BLAGN while noting a published compact-galaxy alternative for its broad lines.,10000,20260808,30.0,0.1,1.0,True,split-normal-in-log-mbh,0.02,0.01,0.02,0.01,asymmetric,False,taylor_virial_plus_0p5dex,Taylor virial calibration sensitivity: MBH +0.5 dex,taylor_virial_calibration_sensitivity,taylor24_ceers_rubies_blagn_only,0.5,8.743464600515763,8.750167938126344,8.760048679899047,8.779932608210888,8.793006847503461,seed1e4,4.0,10000.0,0.7697862700434382,0.7708741114611922,0.7724775933030605,0.7757044277580535,0.7778261617112465,0.0
expanded-blagn-v1,measurement,RUBIESEGS49140_taylor24,RUBIESEGS49140_taylor24,HZA-RUBIES-EGS-49140,RUBIES-EGS-49140,1,RUBIESEGS49140_taylor24,True,only catalogue measurement in this release,6.685,0.8094182196919075,RUBIES,EGS,broad-line-agn,robust,individual_robust,taylor24_ceers_rubies_blagn,Table 1 (Sample of BLAGN),The Astrophysical Journal 986:165 (2025); arXiv:2409.06772v2,https://iopscience.iop.org/article/10.3847/1538-4357/add15b,10.3847/1538-4357/add15b,single-epoch-virial-halpha-reines2013,1.0,lrd,1.0,formal_mbh_errors_exclude_virial_systematic;nominal_mass_uncorrected_for_dust;halpha_absorption_component_fit;alternative_non_agn_compact_galaxy_broadening,Nominal Table 1 mass and Halpha flux are uncorrected for dust; formal MBH errors exclude the approximately 0.5 dex virial-calibration systematic. Halpha line fit includes the source-specific narrow absorption component described in Section 3.2. The paper retains this source as BLAGN while noting a published compact-galaxy alternative for its broad lines.,10000,20260808,30.0,0.1,1.0,True,split-normal-in-log-mbh,0.02,0.01,0.02,0.01,asymmetric,False,taylor_virial_plus_0p5dex,Taylor virial calibration sensitivity: MBH +0.5 dex,taylor_virial_calibration_sensitivity,taylor24_ceers_rubies_blagn_only,0.5,8.743464600515763,8.750167938126344,8.760048679899047,8.779932608210888,8.793006847503461,seed1e5,5.0,100000.0,0.6075027210190104,0.6085905624367643,0.6101940442786326,0.6134208787336254,0.6155426126868185,0.0
expanded-blagn-v1,measurement,RUBIESEGS50052_taylor24,RUBIESEGS50052_taylor24,HZA-CEERS-2782,RUBIES-EGS-50052,1,RUBIESEGS50052_taylor24,True,preferred duplicate: higher-S/N RUBIES spectrum adopted by Taylor et al.,5.24,1.1055092521207228,RUBIES,EGS,broad-line-agn,robust,individual_robust,taylor24_ceers_rubies_blagn,Table 1 (Sample of BLAGN),The Astrophysical Journal 986:165 (2025); arXiv:2409.06772v2,https://iopscience.iop.org/article/10.3847/1538-4357/add15b,10.3847/1538-4357/add15b,single-epoch-virial-halpha-reines2013,0.0,non_lrd,0.0,formal_mbh_errors_exclude_virial_systematic;nominal_mass_uncorrected_for_dust;duplicate_observation;possible_outflow_contribution;source_preferred_duplicate_measurement,"Nominal Table 1 mass and Halpha flux are uncorrected for dust; formal MBH errors exclude the approximately 0.5 dex virial-calibration systematic. Same physical object as CEERS-2782; Taylor et al. use this higher-S/N RUBIES observation. A possible outflow contribution is discussed, but the source is retained as BLAGN.",10000,20260808,30.0,0.1,1.0,True,split-normal-in-log-mbh,0.03,0.03,0.03,0.03,symmetric_reported,False,baseline,reported MBH,none,all_sources,0.0,7.530791903092853,7.550277767527611,7.5799051567771745,7.609773975765561,7.629103016714697,seed1e2,2.0,100.0,0.6332580082644128,0.6354890775068418,0.6388813189498368,0.6423012033268316,0.6445143167810309,0.0
expanded-blagn-v1,measurement,RUBIESEGS50052_taylor24,RUBIESEGS50052_taylor24,HZA-CEERS-2782,RUBIES-EGS-50052,1,RUBIESEGS50052_taylor24,True,preferred duplicate: higher-S/N RUBIES spectrum adopted by Taylor et al.,5.24,1.1055092521207228,RUBIES,EGS,broad-line-agn,robust,individual_robust,taylor24_ceers_rubies_blagn,Table 1 (Sample of BLAGN),The Astrophysical Journal 986:165 (2025); arXiv:2409.06772v2,https://iopscience.iop.org/article/10.3847/1538-4357/add15b,10.3847/1538-4357/add15b,single-epoch-virial-halpha-reines2013,0.0,non_lrd,0.0,formal_mbh_errors_exclude_virial_systematic;nominal_mass_uncorrected_for_dust;duplicate_observation;possible_outflow_contribution;source_preferred_duplicate_measurement,"Nominal Table 1 mass and Halpha flux are uncorrected for dust; formal MBH errors exclude the approximately 0.5 dex virial-calibration systematic. Same physical object as CEERS-2782; Taylor et al. use this higher-S/N RUBIES observation. A possible outflow contribution is discussed, but the source is retained as BLAGN.",10000,20260808,30.0,0.1,1.0,True,split-normal-in-log-mbh,0.03,0.03,0.03,0.03,symmetric_reported,False,baseline,reported MBH,none,all_sources,0.0,7.530791903092853,7.550277767527611,7.5799051567771745,7.609773975765561,7.629103016714697,seed1e4,4.0,10000.0,0.40426439600780595,0.40649546525023483,0.40988770669322994,0.4133075910702247,0.41552070452442397,0.0
expanded-blagn-v1,measurement,RUBIESEGS50052_taylor24,RUBIESEGS50052_taylor24,HZA-CEERS-2782,RUBIES-EGS-50052,1,RUBIESEGS50052_taylor24,True,preferred duplicate: higher-S/N RUBIES spectrum adopted by Taylor et al.,5.24,1.1055092521207228,RUBIES,EGS,broad-line-agn,robust,individual_robust,taylor24_ceers_rubies_blagn,Table 1 (Sample of BLAGN),The Astrophysical Journal 986:165 (2025); arXiv:2409.06772v2,https://iopscience.iop.org/article/10.3847/1538-4357/add15b,10.3847/1538-4357/add15b,single-epoch-virial-halpha-reines2013,0.0,non_lrd,0.0,formal_mbh_errors_exclude_virial_systematic;nominal_mass_uncorrected_for_dust;duplicate_observation;possible_outflow_contribution;source_preferred_duplicate_measurement,"Nominal Table 1 mass and Halpha flux are uncorrected for dust; formal MBH errors exclude the approximately 0.5 dex virial-calibration systematic. Same physical object as CEERS-2782; Taylor et al. use this higher-S/N RUBIES observation. A possible outflow contribution is discussed, but the source is retained as BLAGN.",10000,20260808,30.0,0.1,1.0,True,split-normal-in-log-mbh,0.03,0.03,0.03,0.03,symmetric_reported,False,baseline,reported MBH,none,all_sources,0.0,7.530791903092853,7.550277767527611,7.5799051567771745,7.609773975765561,7.629103016714697,seed1e5,5.0,100000.0,0.2897675898795025,0.29199865912193135,0.29539090056492645,0.2988107849419212,0.3010238983961205,0.0
expanded-blagn-v1,measurement,RUBIESEGS50052_taylor24,RUBIESEGS50052_taylor24,HZA-CEERS-2782,RUBIES-EGS-50052,1,RUBIESEGS50052_taylor24,True,preferred duplicate: higher-S/N RUBIES spectrum adopted by Taylor et al.,5.24,1.1055092521207228,RUBIES,EGS,broad-line-agn,robust,individual_robust,taylor24_ceers_rubies_blagn,Table 1 (Sample of BLAGN),The Astrophysical Journal 986:165 (2025); arXiv:2409.06772v2,https://iopscience.iop.org/article/10.3847/1538-4357/add15b,10.3847/1538-4357/add15b,single-epoch-virial-halpha-reines2013,0.0,non_lrd,0.0,formal_mbh_errors_exclude_virial_systematic;nominal_mass_uncorrected_for_dust;duplicate_observation;possible_outflow_contribution;source_preferred_duplicate_measurement,"Nominal Table 1 mass and Halpha flux are uncorrected for dust; formal MBH errors exclude the approximately 0.5 dex virial-calibration systematic. Same physical object as CEERS-2782; Taylor et al. use this higher-S/N RUBIES observation. A possible outflow contribution is discussed, but the source is retained as BLAGN.",10000,20260808,30.0,0.1,1.0,True,split-normal-in-log-mbh,0.03,0.03,0.03,0.03,symmetric_reported,False,mbh_minus_0p3dex,MBH -0.3 dex,global_comparison,all_sources,-0.3,7.230791903092853,7.250277767527611,7.279905156777174,7.3097739757655615,7.329103016714697,seed1e2,2.0,100.0,0.5989089664259218,0.6011400356683508,0.6045322771113459,0.6079521614883406,0.6101652749425399,0.0
expanded-blagn-v1,measurement,RUBIESEGS50052_taylor24,RUBIESEGS50052_taylor24,HZA-CEERS-2782,RUBIES-EGS-50052,1,RUBIESEGS50052_taylor24,True,preferred duplicate: higher-S/N RUBIES spectrum adopted by Taylor et al.,5.24,1.1055092521207228,RUBIES,EGS,broad-line-agn,robust,individual_robust,taylor24_ceers_rubies_blagn,Table 1 (Sample of BLAGN),The Astrophysical Journal 986:165 (2025); arXiv:2409.06772v2,https://iopscience.iop.org/article/10.3847/1538-4357/add15b,10.3847/1538-4357/add15b,single-epoch-virial-halpha-reines2013,0.0,non_lrd,0.0,formal_mbh_errors_exclude_virial_systematic;nominal_mass_uncorrected_for_dust;duplicate_observation;possible_outflow_contribution;source_preferred_duplicate_measurement,"Nominal Table 1 mass and Halpha flux are uncorrected for dust; formal MBH errors exclude the approximately 0.5 dex virial-calibration systematic. Same physical object as CEERS-2782; Taylor et al. use this higher-S/N RUBIES observation. A possible outflow contribution is discussed, but the source is retained as BLAGN.",10000,20260808,30.0,0.1,1.0,True,split-normal-in-log-mbh,0.03,0.03,0.03,0.03,symmetric_reported,False,mbh_minus_0p3dex,MBH -0.3 dex,global_comparison,all_sources,-0.3,7.230791903092853,7.250277767527611,7.279905156777174,7.3097739757655615,7.329103016714697,seed1e4,4.0,10000.0,0.369915354169315,0.3721464234117439,0.37553866485473886,0.37895854923173367,0.38117166268593294,0.0
expanded-blagn-v1,measurement,RUBIESEGS50052_taylor24,RUBIESEGS50052_taylor24,HZA-CEERS-2782,RUBIES-EGS-50052,1,RUBIESEGS50052_taylor24,True,preferred duplicate: higher-S/N RUBIES spectrum adopted by Taylor et al.,5.24,1.1055092521207228,RUBIES,EGS,broad-line-agn,robust,individual_robust,taylor24_ceers_rubies_blagn,Table 1 (Sample of BLAGN),The Astrophysical Journal 986:165 (2025); arXiv:2409.06772v2,https://iopscience.iop.org/article/10.3847/1538-4357/add15b,10.3847/1538-4357/add15b,single-epoch-virial-halpha-reines2013,0.0,non_lrd,0.0,formal_mbh_errors_exclude_virial_systematic;nominal_mass_uncorrected_for_dust;duplicate_observation;possible_outflow_contribution;source_preferred_duplicate_measurement,"Nominal Table 1 mass and Halpha flux are uncorrected for dust; formal MBH errors exclude the approximately 0.5 dex virial-calibration systematic. Same physical object as CEERS-2782; Taylor et al. use this higher-S/N RUBIES observation. A possible outflow contribution is discussed, but the source is retained as BLAGN.",10000,20260808,30.0,0.1,1.0,True,split-normal-in-log-mbh,0.03,0.03,0.03,0.03,symmetric_reported,False,mbh_minus_0p3dex,MBH -0.3 dex,global_comparison,all_sources,-0.3,7.230791903092853,7.250277767527611,7.279905156777174,7.3097739757655615,7.329103016714697,seed1e5,5.0,100000.0,0.2554185480410115,0.2576496172834404,0.2610418587264354,0.2644617431034302,0.26667485655762946,0.0
expanded-blagn-v1,measurement,RUBIESEGS50052_taylor24,RUBIESEGS50052_taylor24,HZA-CEERS-2782,RUBIES-EGS-50052,1,RUBIESEGS50052_taylor24,True,preferred duplicate: higher-S/N RUBIES spectrum adopted by Taylor et al.,5.24,1.1055092521207228,RUBIES,EGS,broad-line-agn,robust,individual_robust,taylor24_ceers_rubies_blagn,Table 1 (Sample of BLAGN),The Astrophysical Journal 986:165 (2025); arXiv:2409.06772v2,https://iopscience.iop.org/article/10.3847/1538-4357/add15b,10.3847/1538-4357/add15b,single-epoch-virial-halpha-reines2013,0.0,non_lrd,0.0,formal_mbh_errors_exclude_virial_systematic;nominal_mass_uncorrected_for_dust;duplicate_observation;possible_outflow_contribution;source_preferred_duplicate_measurement,"Nominal Table 1 mass and Halpha flux are uncorrected for dust; formal MBH errors exclude the approximately 0.5 dex virial-calibration systematic. Same physical object as CEERS-2782; Taylor et al. use this higher-S/N RUBIES observation. A possible outflow contribution is discussed, but the source is retained as BLAGN.",10000,20260808,30.0,0.1,1.0,True,split-normal-in-log-mbh,0.03,0.03,0.03,0.03,symmetric_reported,False,mbh_plus_0p3dex,MBH +0.3 dex,global_comparison,all_sources,0.3,7.830791903092853,7.8502777675276105,7.879905156777173,7.909773975765561,7.929103016714697,seed1e2,2.0,100.0,0.6676070501029039,0.669838119345333,0.6732303607883279,0.6766502451653227,0.6788633586195219,0.0
expanded-blagn-v1,measurement,RUBIESEGS50052_taylor24,RUBIESEGS50052_taylor24,HZA-CEERS-2782,RUBIES-EGS-50052,1,RUBIESEGS50052_taylor24,True,preferred duplicate: higher-S/N RUBIES spectrum adopted by Taylor et al.,5.24,1.1055092521207228,RUBIES,EGS,broad-line-agn,robust,individual_robust,taylor24_ceers_rubies_blagn,Table 1 (Sample of BLAGN),The Astrophysical Journal 986:165 (2025); arXiv:2409.06772v2,https://iopscience.iop.org/article/10.3847/1538-4357/add15b,10.3847/1538-4357/add15b,single-epoch-virial-halpha-reines2013,0.0,non_lrd,0.0,formal_mbh_errors_exclude_virial_systematic;nominal_mass_uncorrected_for_dust;duplicate_observation;possible_outflow_contribution;source_preferred_duplicate_measurement,"Nominal Table 1 mass and Halpha flux are uncorrected for dust; formal MBH errors exclude the approximately 0.5 dex virial-calibration systematic. Same physical object as CEERS-2782; Taylor et al. use this higher-S/N RUBIES observation. A possible outflow contribution is discussed, but the source is retained as BLAGN.",10000,20260808,30.0,0.1,1.0,True,split-normal-in-log-mbh,0.03,0.03,0.03,0.03,symmetric_reported,False,mbh_plus_0p3dex,MBH +0.3 dex,global_comparison,all_sources,0.3,7.830791903092853,7.8502777675276105,7.879905156777173,7.909773975765561,7.929103016714697,seed1e4,4.0,10000.0,0.43861343784629697,0.44084450708872597,0.44423674853172096,0.44765663290871577,0.44986974636291494,0.0
expanded-blagn-v1,measurement,RUBIESEGS50052_taylor24,RUBIESEGS50052_taylor24,HZA-CEERS-2782,RUBIES-EGS-50052,1,RUBIESEGS50052_taylor24,True,preferred duplicate: higher-S/N RUBIES spectrum adopted by Taylor et al.,5.24,1.1055092521207228,RUBIES,EGS,broad-line-agn,robust,individual_robust,taylor24_ceers_rubies_blagn,Table 1 (Sample of BLAGN),The Astrophysical Journal 986:165 (2025); arXiv:2409.06772v2,https://iopscience.iop.org/article/10.3847/1538-4357/add15b,10.3847/1538-4357/add15b,single-epoch-virial-halpha-reines2013,0.0,non_lrd,0.0,formal_mbh_errors_exclude_virial_systematic;nominal_mass_uncorrected_for_dust;duplicate_observation;possible_outflow_contribution;source_preferred_duplicate_measurement,"Nominal Table 1 mass and Halpha flux are uncorrected for dust; formal MBH errors exclude the approximately 0.5 dex virial-calibration systematic. Same physical object as CEERS-2782; Taylor et al. use this higher-S/N RUBIES observation. A possible outflow contribution is discussed, but the source is retained as BLAGN.",10000,20260808,30.0,0.1,1.0,True,split-normal-in-log-mbh,0.03,0.03,0.03,0.03,symmetric_reported,False,mbh_plus_0p3dex,MBH +0.3 dex,global_comparison,all_sources,0.3,7.830791903092853,7.8502777675276105,7.879905156777173,7.909773975765561,7.929103016714697,seed1e5,5.0,100000.0,0.3241166317179935,0.3263477009604224,0.3297399424034175,0.3331598267804122,0.3353729402346115,0.0
expanded-blagn-v1,measurement,RUBIESEGS50052_taylor24,RUBIESEGS50052_taylor24,HZA-CEERS-2782,RUBIES-EGS-50052,1,RUBIESEGS50052_taylor24,True,preferred duplicate: higher-S/N RUBIES spectrum adopted by Taylor et al.,5.24,1.1055092521207228,RUBIES,EGS,broad-line-agn,robust,individual_robust,taylor24_ceers_rubies_blagn,Table 1 (Sample of BLAGN),The Astrophysical Journal 986:165 (2025); arXiv:2409.06772v2,https://iopscience.iop.org/article/10.3847/1538-4357/add15b,10.3847/1538-4357/add15b,single-epoch-virial-halpha-reines2013,0.0,non_lrd,0.0,formal_mbh_errors_exclude_virial_systematic;nominal_mass_uncorrected_for_dust;duplicate_observation;possible_outflow_contribution;source_preferred_duplicate_measurement,"Nominal Table 1 mass and Halpha flux are uncorrected for dust; formal MBH errors exclude the approximately 0.5 dex virial-calibration systematic. Same physical object as CEERS-2782; Taylor et al. use this higher-S/N RUBIES observation. A possible outflow contribution is discussed, but the source is retained as BLAGN.",10000,20260808,30.0,0.1,1.0,True,split-normal-in-log-mbh,0.03,0.03,0.03,0.03,symmetric_reported,False,taylor_virial_minus_0p5dex,Taylor virial calibration sensitivity: MBH -0.5 dex,taylor_virial_calibration_sensitivity,taylor24_ceers_rubies_blagn_only,-0.5,7.030791903092853,7.050277767527611,7.0799051567771745,7.109773975765561,7.129103016714697,seed1e2,2.0,100.0,0.5760096052002611,0.57824067444269,0.5816329158856851,0.5850528002626799,0.5872659137168791,0.0
expanded-blagn-v1,measurement,RUBIESEGS50052_taylor24,RUBIESEGS50052_taylor24,HZA-CEERS-2782,RUBIES-EGS-50052,1,RUBIESEGS50052_taylor24,True,preferred duplicate: higher-S/N RUBIES spectrum adopted by Taylor et al.,5.24,1.1055092521207228,RUBIES,EGS,broad-line-agn,robust,individual_robust,taylor24_ceers_rubies_blagn,Table 1 (Sample of BLAGN),The Astrophysical Journal 986:165 (2025); arXiv:2409.06772v2,https://iopscience.iop.org/article/10.3847/1538-4357/add15b,10.3847/1538-4357/add15b,single-epoch-virial-halpha-reines2013,0.0,non_lrd,0.0,formal_mbh_errors_exclude_virial_systematic;nominal_mass_uncorrected_for_dust;duplicate_observation;possible_outflow_contribution;source_preferred_duplicate_measurement,"Nominal Table 1 mass and Halpha flux are uncorrected for dust; formal MBH errors exclude the approximately 0.5 dex virial-calibration systematic. Same physical object as CEERS-2782; Taylor et al. use this higher-S/N RUBIES observation. A possible outflow contribution is discussed, but the source is retained as BLAGN.",10000,20260808,30.0,0.1,1.0,True,split-normal-in-log-mbh,0.03,0.03,0.03,0.03,symmetric_reported,False,taylor_virial_minus_0p5dex,Taylor virial calibration sensitivity: MBH -0.5 dex,taylor_virial_calibration_sensitivity,taylor24_ceers_rubies_blagn_only,-0.5,7.030791903092853,7.050277767527611,7.0799051567771745,7.109773975765561,7.129103016714697,seed1e4,4.0,10000.0,0.3470159929436542,0.34924706218608315,0.35263930362907825,0.356059188006073,0.3582723014602723,0.0
expanded-blagn-v1,measurement,RUBIESEGS50052_taylor24,RUBIESEGS50052_taylor24,HZA-CEERS-2782,RUBIES-EGS-50052,1,RUBIESEGS50052_taylor24,True,preferred duplicate: higher-S/N RUBIES spectrum adopted by Taylor et al.,5.24,1.1055092521207228,RUBIES,EGS,broad-line-agn,robust,individual_robust,taylor24_ceers_rubies_blagn,Table 1 (Sample of BLAGN),The Astrophysical Journal 986:165 (2025); arXiv:2409.06772v2,https://iopscience.iop.org/article/10.3847/1538-4357/add15b,10.3847/1538-4357/add15b,single-epoch-virial-halpha-reines2013,0.0,non_lrd,0.0,formal_mbh_errors_exclude_virial_systematic;nominal_mass_uncorrected_for_dust;duplicate_observation;possible_outflow_contribution;source_preferred_duplicate_measurement,"Nominal Table 1 mass and Halpha flux are uncorrected for dust; formal MBH errors exclude the approximately 0.5 dex virial-calibration systematic. Same physical object as CEERS-2782; Taylor et al. use this higher-S/N RUBIES observation. A possible outflow contribution is discussed, but the source is retained as BLAGN.",10000,20260808,30.0,0.1,1.0,True,split-normal-in-log-mbh,0.03,0.03,0.03,0.03,symmetric_reported,False,taylor_virial_minus_0p5dex,Taylor virial calibration sensitivity: MBH -0.5 dex,taylor_virial_calibration_sensitivity,taylor24_ceers_rubies_blagn_only,-0.5,7.030791903092853,7.050277767527611,7.0799051567771745,7.109773975765561,7.129103016714697,seed1e5,5.0,100000.0,0.23251918681535075,0.2347502560577797,0.23814249750077474,0.24156238187776952,0.24377549533196877,0.0
expanded-blagn-v1,measurement,RUBIESEGS50052_taylor24,RUBIESEGS50052_taylor24,HZA-CEERS-2782,RUBIES-EGS-50052,1,RUBIESEGS50052_taylor24,True,preferred duplicate: higher-S/N RUBIES spectrum adopted by Taylor et al.,5.24,1.1055092521207228,RUBIES,EGS,broad-line-agn,robust,individual_robust,taylor24_ceers_rubies_blagn,Table 1 (Sample of BLAGN),The Astrophysical Journal 986:165 (2025); arXiv:2409.06772v2,https://iopscience.iop.org/article/10.3847/1538-4357/add15b,10.3847/1538-4357/add15b,single-epoch-virial-halpha-reines2013,0.0,non_lrd,0.0,formal_mbh_errors_exclude_virial_systematic;nominal_mass_uncorrected_for_dust;duplicate_observation;possible_outflow_contribution;source_preferred_duplicate_measurement,"Nominal Table 1 mass and Halpha flux are uncorrected for dust; formal MBH errors exclude the approximately 0.5 dex virial-calibration systematic. Same physical object as CEERS-2782; Taylor et al. use this higher-S/N RUBIES observation. A possible outflow contribution is discussed, but the source is retained as BLAGN.",10000,20260808,30.0,0.1,1.0,True,split-normal-in-log-mbh,0.03,0.03,0.03,0.03,symmetric_reported,False,taylor_virial_plus_0p5dex,Taylor virial calibration sensitivity: MBH +0.5 dex,taylor_virial_calibration_sensitivity,taylor24_ceers_rubies_blagn_only,0.5,8.030791903092853,8.05027776752761,8.079905156777174,8.109773975765561,8.129103016714698,seed1e2,2.0,100.0,0.6905064113285646,0.6927374805709935,0.6961297220139887,0.6995496063909835,0.7017627198451828,0.0
expanded-blagn-v1,measurement,RUBIESEGS50052_taylor24,RUBIESEGS50052_taylor24,HZA-CEERS-2782,RUBIES-EGS-50052,1,RUBIESEGS50052_taylor24,True,preferred duplicate: higher-S/N RUBIES spectrum adopted by Taylor et al.,5.24,1.1055092521207228,RUBIES,EGS,broad-line-agn,robust,individual_robust,taylor24_ceers_rubies_blagn,Table 1 (Sample of BLAGN),The Astrophysical Journal 986:165 (2025); arXiv:2409.06772v2,https://iopscience.iop.org/article/10.3847/1538-4357/add15b,10.3847/1538-4357/add15b,single-epoch-virial-halpha-reines2013,0.0,non_lrd,0.0,formal_mbh_errors_exclude_virial_systematic;nominal_mass_uncorrected_for_dust;duplicate_observation;possible_outflow_contribution;source_preferred_duplicate_measurement,"Nominal Table 1 mass and Halpha flux are uncorrected for dust; formal MBH errors exclude the approximately 0.5 dex virial-calibration systematic. Same physical object as CEERS-2782; Taylor et al. use this higher-S/N RUBIES observation. A possible outflow contribution is discussed, but the source is retained as BLAGN.",10000,20260808,30.0,0.1,1.0,True,split-normal-in-log-mbh,0.03,0.03,0.03,0.03,symmetric_reported,False,taylor_virial_plus_0p5dex,Taylor virial calibration sensitivity: MBH +0.5 dex,taylor_virial_calibration_sensitivity,taylor24_ceers_rubies_blagn_only,0.5,8.030791903092853,8.05027776752761,8.079905156777174,8.109773975765561,8.129103016714698,seed1e4,4.0,10000.0,0.46151279907195764,0.46374386831438663,0.46713610975738173,0.4705559941343765,0.4727691075885759,0.0
expanded-blagn-v1,measurement,RUBIESEGS50052_taylor24,RUBIESEGS50052_taylor24,HZA-CEERS-2782,RUBIES-EGS-50052,1,RUBIESEGS50052_taylor24,True,preferred duplicate: higher-S/N RUBIES spectrum adopted by Taylor et al.,5.24,1.1055092521207228,RUBIES,EGS,broad-line-agn,robust,individual_robust,taylor24_ceers_rubies_blagn,Table 1 (Sample of BLAGN),The Astrophysical Journal 986:165 (2025); arXiv:2409.06772v2,https://iopscience.iop.org/article/10.3847/1538-4357/add15b,10.3847/1538-4357/add15b,single-epoch-virial-halpha-reines2013,0.0,non_lrd,0.0,formal_mbh_errors_exclude_virial_systematic;nominal_mass_uncorrected_for_dust;duplicate_observation;possible_outflow_contribution;source_preferred_duplicate_measurement,"Nominal Table 1 mass and Halpha flux are uncorrected for dust; formal MBH errors exclude the approximately 0.5 dex virial-calibration systematic. Same physical object as CEERS-2782; Taylor et al. use this higher-S/N RUBIES observation. A possible outflow contribution is discussed, but the source is retained as BLAGN.",10000,20260808,30.0,0.1,1.0,True,split-normal-in-log-mbh,0.03,0.03,0.03,0.03,symmetric_reported,False,taylor_virial_plus_0p5dex,Taylor virial calibration sensitivity: MBH +0.5 dex,taylor_virial_calibration_sensitivity,taylor24_ceers_rubies_blagn_only,0.5,8.030791903092853,8.05027776752761,8.079905156777174,8.109773975765561,8.129103016714698,seed1e5,5.0,100000.0,0.3470159929436542,0.3492470621860831,0.35263930362907825,0.356059188006073,0.35827230146027234,0.0
expanded-blagn-v1,measurement,RUBIESEGS60935_taylor24,RUBIESEGS60935_taylor24,HZA-RUBIES-EGS-60935,RUBIES-EGS-60935,1,RUBIESEGS60935_taylor24,True,only catalogue measurement in this release,5.287,1.0931717582379288,RUBIES,EGS,broad-line-agn,robust,individual_robust,taylor24_ceers_rubies_blagn,Table 1 (Sample of BLAGN),The Astrophysical Journal 986:165 (2025); arXiv:2409.06772v2,https://iopscience.iop.org/article/10.3847/1538-4357/add15b,10.3847/1538-4357/add15b,single-epoch-virial-halpha-reines2013,1.0,lrd,0.0,formal_mbh_errors_exclude_virial_systematic;nominal_mass_uncorrected_for_dust,Nominal Table 1 mass and Halpha flux are uncorrected for dust; formal MBH errors exclude the approximately 0.5 dex virial-calibration systematic.,10000,20260808,30.0,0.1,1.0,True,split-normal-in-log-mbh,0.04,0.04,0.04,0.04,symmetric_reported,False,baseline,reported MBH,none,all_sources,0.0,7.503729091808501,7.53006743071786,7.569895373766377,7.6097855294878505,7.634493112722298,seed1e2,2.0,100.0,0.6379873282837139,0.6410404448510286,0.6456572642025439,0.650281295191177,0.6531453760267606,0.0
expanded-blagn-v1,measurement,RUBIESEGS60935_taylor24,RUBIESEGS60935_taylor24,HZA-RUBIES-EGS-60935,RUBIES-EGS-60935,1,RUBIESEGS60935_taylor24,True,only catalogue measurement in this release,5.287,1.0931717582379288,RUBIES,EGS,broad-line-agn,robust,individual_robust,taylor24_ceers_rubies_blagn,Table 1 (Sample of BLAGN),The Astrophysical Journal 986:165 (2025); arXiv:2409.06772v2,https://iopscience.iop.org/article/10.3847/1538-4357/add15b,10.3847/1538-4357/add15b,single-epoch-virial-halpha-reines2013,1.0,lrd,0.0,formal_mbh_errors_exclude_virial_systematic;nominal_mass_uncorrected_for_dust,Nominal Table 1 mass and Halpha flux are uncorrected for dust; formal MBH errors exclude the approximately 0.5 dex virial-calibration systematic.,10000,20260808,30.0,0.1,1.0,True,split-normal-in-log-mbh,0.04,0.04,0.04,0.04,symmetric_reported,False,baseline,reported MBH,none,all_sources,0.0,7.503729091808501,7.53006743071786,7.569895373766377,7.6097855294878505,7.634493112722298,seed1e4,4.0,10000.0,0.40614912635140404,0.4092022429187188,0.413819062270234,0.4184430932588672,0.42130717409445084,0.0
expanded-blagn-v1,measurement,RUBIESEGS60935_taylor24,RUBIESEGS60935_taylor24,HZA-RUBIES-EGS-60935,RUBIES-EGS-60935,1,RUBIESEGS60935_taylor24,True,only catalogue measurement in this release,5.287,1.0931717582379288,RUBIES,EGS,broad-line-agn,robust,individual_robust,taylor24_ceers_rubies_blagn,Table 1 (Sample of BLAGN),The Astrophysical Journal 986:165 (2025); arXiv:2409.06772v2,https://iopscience.iop.org/article/10.3847/1538-4357/add15b,10.3847/1538-4357/add15b,single-epoch-virial-halpha-reines2013,1.0,lrd,0.0,formal_mbh_errors_exclude_virial_systematic;nominal_mass_uncorrected_for_dust,Nominal Table 1 mass and Halpha flux are uncorrected for dust; formal MBH errors exclude the approximately 0.5 dex virial-calibration systematic.,10000,20260808,30.0,0.1,1.0,True,split-normal-in-log-mbh,0.04,0.04,0.04,0.04,symmetric_reported,False,baseline,reported MBH,none,all_sources,0.0,7.503729091808501,7.53006743071786,7.569895373766377,7.6097855294878505,7.634493112722298,seed1e5,5.0,100000.0,0.2902300253852491,0.2932831419525639,0.29789996130407914,0.3025239922927122,0.30538807312829586,0.0
expanded-blagn-v1,measurement,RUBIESEGS60935_taylor24,RUBIESEGS60935_taylor24,HZA-RUBIES-EGS-60935,RUBIES-EGS-60935,1,RUBIESEGS60935_taylor24,True,only catalogue measurement in this release,5.287,1.0931717582379288,RUBIES,EGS,broad-line-agn,robust,individual_robust,taylor24_ceers_rubies_blagn,Table 1 (Sample of BLAGN),The Astrophysical Journal 986:165 (2025); arXiv:2409.06772v2,https://iopscience.iop.org/article/10.3847/1538-4357/add15b,10.3847/1538-4357/add15b,single-epoch-virial-halpha-reines2013,1.0,lrd,0.0,formal_mbh_errors_exclude_virial_systematic;nominal_mass_uncorrected_for_dust,Nominal Table 1 mass and Halpha flux are uncorrected for dust; formal MBH errors exclude the approximately 0.5 dex virial-calibration systematic.,10000,20260808,30.0,0.1,1.0,True,split-normal-in-log-mbh,0.04,0.04,0.04,0.04,symmetric_reported,False,mbh_minus_0p3dex,MBH -0.3 dex,global_comparison,all_sources,-0.3,7.203729091808501,7.2300674307178605,7.269895373766378,7.309785529487851,7.334493112722298,seed1e2,2.0,100.0,0.6032115979938674,0.6062647145611821,0.6108815339126975,0.6155055649013306,0.6183696457369141,0.0
expanded-blagn-v1,measurement,RUBIESEGS60935_taylor24,RUBIESEGS60935_taylor24,HZA-RUBIES-EGS-60935,RUBIES-EGS-60935,1,RUBIESEGS60935_taylor24,True,only catalogue measurement in this release,5.287,1.0931717582379288,RUBIES,EGS,broad-line-agn,robust,individual_robust,taylor24_ceers_rubies_blagn,Table 1 (Sample of BLAGN),The Astrophysical Journal 986:165 (2025); arXiv:2409.06772v2,https://iopscience.iop.org/article/10.3847/1538-4357/add15b,10.3847/1538-4357/add15b,single-epoch-virial-halpha-reines2013,1.0,lrd,0.0,formal_mbh_errors_exclude_virial_systematic;nominal_mass_uncorrected_for_dust,Nominal Table 1 mass and Halpha flux are uncorrected for dust; formal MBH errors exclude the approximately 0.5 dex virial-calibration systematic.,10000,20260808,30.0,0.1,1.0,True,split-normal-in-log-mbh,0.04,0.04,0.04,0.04,symmetric_reported,False,mbh_minus_0p3dex,MBH -0.3 dex,global_comparison,all_sources,-0.3,7.203729091808501,7.2300674307178605,7.269895373766378,7.309785529487851,7.334493112722298,seed1e4,4.0,10000.0,0.37137339606155756,0.37442651262887233,0.37904333198038764,0.38366736296902065,0.38653144380460436,0.0
expanded-blagn-v1,measurement,RUBIESEGS60935_taylor24,RUBIESEGS60935_taylor24,HZA-RUBIES-EGS-60935,RUBIES-EGS-60935,1,RUBIESEGS60935_taylor24,True,only catalogue measurement in this release,5.287,1.0931717582379288,RUBIES,EGS,broad-line-agn,robust,individual_robust,taylor24_ceers_rubies_blagn,Table 1 (Sample of BLAGN),The Astrophysical Journal 986:165 (2025); arXiv:2409.06772v2,https://iopscience.iop.org/article/10.3847/1538-4357/add15b,10.3847/1538-4357/add15b,single-epoch-virial-halpha-reines2013,1.0,lrd,0.0,formal_mbh_errors_exclude_virial_systematic;nominal_mass_uncorrected_for_dust,Nominal Table 1 mass and Halpha flux are uncorrected for dust; formal MBH errors exclude the approximately 0.5 dex virial-calibration systematic.,10000,20260808,30.0,0.1,1.0,True,split-normal-in-log-mbh,0.04,0.04,0.04,0.04,symmetric_reported,False,mbh_minus_0p3dex,MBH -0.3 dex,global_comparison,all_sources,-0.3,7.203729091808501,7.2300674307178605,7.269895373766378,7.309785529487851,7.334493112722298,seed1e5,5.0,100000.0,0.25545429509540263,0.2585074116627174,0.26312423101423266,0.2677482620028657,0.27061234283844937,0.0
expanded-blagn-v1,measurement,RUBIESEGS60935_taylor24,RUBIESEGS60935_taylor24,HZA-RUBIES-EGS-60935,RUBIES-EGS-60935,1,RUBIESEGS60935_taylor24,True,only catalogue measurement in this release,5.287,1.0931717582379288,RUBIES,EGS,broad-line-agn,robust,individual_robust,taylor24_ceers_rubies_blagn,Table 1 (Sample of BLAGN),The Astrophysical Journal 986:165 (2025); arXiv:2409.06772v2,https://iopscience.iop.org/article/10.3847/1538-4357/add15b,10.3847/1538-4357/add15b,single-epoch-virial-halpha-reines2013,1.0,lrd,0.0,formal_mbh_errors_exclude_virial_systematic;nominal_mass_uncorrected_for_dust,Nominal Table 1 mass and Halpha flux are uncorrected for dust; formal MBH errors exclude the approximately 0.5 dex virial-calibration systematic.,10000,20260808,30.0,0.1,1.0,True,split-normal-in-log-mbh,0.04,0.04,0.04,0.04,symmetric_reported,False,mbh_plus_0p3dex,MBH +0.3 dex,global_comparison,all_sources,0.3,7.803729091808501,7.83006743071786,7.8698953737663775,7.90978552948785,7.934493112722298,seed1e2,2.0,100.0,0.6727630585735603,0.6758161751408751,0.6804329944923904,0.6850570254810235,0.687921106316607,0.0
expanded-blagn-v1,measurement,RUBIESEGS60935_taylor24,RUBIESEGS60935_taylor24,HZA-RUBIES-EGS-60935,RUBIES-EGS-60935,1,RUBIESEGS60935_taylor24,True,only catalogue measurement in this release,5.287,1.0931717582379288,RUBIES,EGS,broad-line-agn,robust,individual_robust,taylor24_ceers_rubies_blagn,Table 1 (Sample of BLAGN),The Astrophysical Journal 986:165 (2025); arXiv:2409.06772v2,https://iopscience.iop.org/article/10.3847/1538-4357/add15b,10.3847/1538-4357/add15b,single-epoch-virial-halpha-reines2013,1.0,lrd,0.0,formal_mbh_errors_exclude_virial_systematic;nominal_mass_uncorrected_for_dust,Nominal Table 1 mass and Halpha flux are uncorrected for dust; formal MBH errors exclude the approximately 0.5 dex virial-calibration systematic.,10000,20260808,30.0,0.1,1.0,True,split-normal-in-log-mbh,0.04,0.04,0.04,0.04,symmetric_reported,False,mbh_plus_0p3dex,MBH +0.3 dex,global_comparison,all_sources,0.3,7.803729091808501,7.83006743071786,7.8698953737663775,7.90978552948785,7.934493112722298,seed1e4,4.0,10000.0,0.4409248566412505,0.44397797320856525,0.4485947925600805,0.4532188235487136,0.4560829043842972,0.0
expanded-blagn-v1,measurement,RUBIESEGS60935_taylor24,RUBIESEGS60935_taylor24,HZA-RUBIES-EGS-60935,RUBIES-EGS-60935,1,RUBIESEGS60935_taylor24,True,only catalogue measurement in this release,5.287,1.0931717582379288,RUBIES,EGS,broad-line-agn,robust,individual_robust,taylor24_ceers_rubies_blagn,Table 1 (Sample of BLAGN),The Astrophysical Journal 986:165 (2025); arXiv:2409.06772v2,https://iopscience.iop.org/article/10.3847/1538-4357/add15b,10.3847/1538-4357/add15b,single-epoch-virial-halpha-reines2013,1.0,lrd,0.0,formal_mbh_errors_exclude_virial_systematic;nominal_mass_uncorrected_for_dust,Nominal Table 1 mass and Halpha flux are uncorrected for dust; formal MBH errors exclude the approximately 0.5 dex virial-calibration systematic.,10000,20260808,30.0,0.1,1.0,True,split-normal-in-log-mbh,0.04,0.04,0.04,0.04,symmetric_reported,False,mbh_plus_0p3dex,MBH +0.3 dex,global_comparison,all_sources,0.3,7.803729091808501,7.83006743071786,7.8698953737663775,7.90978552948785,7.934493112722298,seed1e5,5.0,100000.0,0.3250057556750955,0.3280588722424103,0.33267569159392557,0.3372997225825587,0.34016380341814234,0.0
expanded-blagn-v1,measurement,RUBIESEGS60935_taylor24,RUBIESEGS60935_taylor24,HZA-RUBIES-EGS-60935,RUBIES-EGS-60935,1,RUBIESEGS60935_taylor24,True,only catalogue measurement in this release,5.287,1.0931717582379288,RUBIES,EGS,broad-line-agn,robust,individual_robust,taylor24_ceers_rubies_blagn,Table 1 (Sample of BLAGN),The Astrophysical Journal 986:165 (2025); arXiv:2409.06772v2,https://iopscience.iop.org/article/10.3847/1538-4357/add15b,10.3847/1538-4357/add15b,single-epoch-virial-halpha-reines2013,1.0,lrd,0.0,formal_mbh_errors_exclude_virial_systematic;nominal_mass_uncorrected_for_dust,Nominal Table 1 mass and Halpha flux are uncorrected for dust; formal MBH errors exclude the approximately 0.5 dex virial-calibration systematic.,10000,20260808,30.0,0.1,1.0,True,split-normal-in-log-mbh,0.04,0.04,0.04,0.04,symmetric_reported,False,taylor_virial_minus_0p5dex,Taylor virial calibration sensitivity: MBH -0.5 dex,taylor_virial_calibration_sensitivity,taylor24_ceers_rubies_blagn_only,-0.5,7.003729091808501,7.03006743071786,7.069895373766377,7.1097855294878505,7.134493112722298,seed1e2,2.0,100.0,0.5800277778006364,0.5830808943679512,0.5876977137194664,0.5923217447080996,0.5951858255436832,0.0
expanded-blagn-v1,measurement,RUBIESEGS60935_taylor24,RUBIESEGS60935_taylor24,HZA-RUBIES-EGS-60935,RUBIES-EGS-60935,1,RUBIESEGS60935_taylor24,True,only catalogue measurement in this release,5.287,1.0931717582379288,RUBIES,EGS,broad-line-agn,robust,individual_robust,taylor24_ceers_rubies_blagn,Table 1 (Sample of BLAGN),The Astrophysical Journal 986:165 (2025); arXiv:2409.06772v2,https://iopscience.iop.org/article/10.3847/1538-4357/add15b,10.3847/1538-4357/add15b,single-epoch-virial-halpha-reines2013,1.0,lrd,0.0,formal_mbh_errors_exclude_virial_systematic;nominal_mass_uncorrected_for_dust,Nominal Table 1 mass and Halpha flux are uncorrected for dust; formal MBH errors exclude the approximately 0.5 dex virial-calibration systematic.,10000,20260808,30.0,0.1,1.0,True,split-normal-in-log-mbh,0.04,0.04,0.04,0.04,symmetric_reported,False,taylor_virial_minus_0p5dex,Taylor virial calibration sensitivity: MBH -0.5 dex,taylor_virial_calibration_sensitivity,taylor24_ceers_rubies_blagn_only,-0.5,7.003729091808501,7.03006743071786,7.069895373766377,7.1097855294878505,7.134493112722298,seed1e4,4.0,10000.0,0.3481895758683266,0.3512426924356413,0.3558595117871566,0.3604835427757897,0.36334762361137335,0.0
expanded-blagn-v1,measurement,RUBIESEGS60935_taylor24,RUBIESEGS60935_taylor24,HZA-RUBIES-EGS-60935,RUBIES-EGS-60935,1,RUBIESEGS60935_taylor24,True,only catalogue measurement in this release,5.287,1.0931717582379288,RUBIES,EGS,broad-line-agn,robust,individual_robust,taylor24_ceers_rubies_blagn,Table 1 (Sample of BLAGN),The Astrophysical Journal 986:165 (2025); arXiv:2409.06772v2,https://iopscience.iop.org/article/10.3847/1538-4357/add15b,10.3847/1538-4357/add15b,single-epoch-virial-halpha-reines2013,1.0,lrd,0.0,formal_mbh_errors_exclude_virial_systematic;nominal_mass_uncorrected_for_dust,Nominal Table 1 mass and Halpha flux are uncorrected for dust; formal MBH errors exclude the approximately 0.5 dex virial-calibration systematic.,10000,20260808,30.0,0.1,1.0,True,split-normal-in-log-mbh,0.04,0.04,0.04,0.04,symmetric_reported,False,taylor_virial_minus_0p5dex,Taylor virial calibration sensitivity: MBH -0.5 dex,taylor_virial_calibration_sensitivity,taylor24_ceers_rubies_blagn_only,-0.5,7.003729091808501,7.03006743071786,7.069895373766377,7.1097855294878505,7.134493112722298,seed1e5,5.0,100000.0,0.2322704749021716,0.2353235914694864,0.23994041082100168,0.2445644418096348,0.24742852264521842,0.0
expanded-blagn-v1,measurement,RUBIESEGS60935_taylor24,RUBIESEGS60935_taylor24,HZA-RUBIES-EGS-60935,RUBIES-EGS-60935,1,RUBIESEGS60935_taylor24,True,only catalogue measurement in this release,5.287,1.0931717582379288,RUBIES,EGS,broad-line-agn,robust,individual_robust,taylor24_ceers_rubies_blagn,Table 1 (Sample of BLAGN),The Astrophysical Journal 986:165 (2025); arXiv:2409.06772v2,https://iopscience.iop.org/article/10.3847/1538-4357/add15b,10.3847/1538-4357/add15b,single-epoch-virial-halpha-reines2013,1.0,lrd,0.0,formal_mbh_errors_exclude_virial_systematic;nominal_mass_uncorrected_for_dust,Nominal Table 1 mass and Halpha flux are uncorrected for dust; formal MBH errors exclude the approximately 0.5 dex virial-calibration systematic.,10000,20260808,30.0,0.1,1.0,True,split-normal-in-log-mbh,0.04,0.04,0.04,0.04,symmetric_reported,False,taylor_virial_plus_0p5dex,Taylor virial calibration sensitivity: MBH +0.5 dex,taylor_virial_calibration_sensitivity,taylor24_ceers_rubies_blagn_only,0.5,8.0037290918085,8.03006743071786,8.069895373766377,8.10978552948785,8.134493112722298,seed1e2,2.0,100.0,0.6959468787667912,0.6989999953341061,0.7036168146856214,0.7082408456742545,0.7111049265098379,0.0
expanded-blagn-v1,measurement,RUBIESEGS60935_taylor24,RUBIESEGS60935_taylor24,HZA-RUBIES-EGS-60935,RUBIES-EGS-60935,1,RUBIESEGS60935_taylor24,True,only catalogue measurement in this release,5.287,1.0931717582379288,RUBIES,EGS,broad-line-agn,robust,individual_robust,taylor24_ceers_rubies_blagn,Table 1 (Sample of BLAGN),The Astrophysical Journal 986:165 (2025); arXiv:2409.06772v2,https://iopscience.iop.org/article/10.3847/1538-4357/add15b,10.3847/1538-4357/add15b,single-epoch-virial-halpha-reines2013,1.0,lrd,0.0,formal_mbh_errors_exclude_virial_systematic;nominal_mass_uncorrected_for_dust,Nominal Table 1 mass and Halpha flux are uncorrected for dust; formal MBH errors exclude the approximately 0.5 dex virial-calibration systematic.,10000,20260808,30.0,0.1,1.0,True,split-normal-in-log-mbh,0.04,0.04,0.04,0.04,symmetric_reported,False,taylor_virial_plus_0p5dex,Taylor virial calibration sensitivity: MBH +0.5 dex,taylor_virial_calibration_sensitivity,taylor24_ceers_rubies_blagn_only,0.5,8.0037290918085,8.03006743071786,8.069895373766377,8.10978552948785,8.134493112722298,seed1e4,4.0,10000.0,0.4641086768344813,0.46716179340179625,0.47177861275331157,0.4764026437419446,0.47926672457752817,0.0
expanded-blagn-v1,measurement,RUBIESEGS60935_taylor24,RUBIESEGS60935_taylor24,HZA-RUBIES-EGS-60935,RUBIES-EGS-60935,1,RUBIESEGS60935_taylor24,True,only catalogue measurement in this release,5.287,1.0931717582379288,RUBIES,EGS,broad-line-agn,robust,individual_robust,taylor24_ceers_rubies_blagn,Table 1 (Sample of BLAGN),The Astrophysical Journal 986:165 (2025); arXiv:2409.06772v2,https://iopscience.iop.org/article/10.3847/1538-4357/add15b,10.3847/1538-4357/add15b,single-epoch-virial-halpha-reines2013,1.0,lrd,0.0,formal_mbh_errors_exclude_virial_systematic;nominal_mass_uncorrected_for_dust,Nominal Table 1 mass and Halpha flux are uncorrected for dust; formal MBH errors exclude the approximately 0.5 dex virial-calibration systematic.,10000,20260808,30.0,0.1,1.0,True,split-normal-in-log-mbh,0.04,0.04,0.04,0.04,symmetric_reported,False,taylor_virial_plus_0p5dex,Taylor virial calibration sensitivity: MBH +0.5 dex,taylor_virial_calibration_sensitivity,taylor24_ceers_rubies_blagn_only,0.5,8.0037290918085,8.03006743071786,8.069895373766377,8.10978552948785,8.134493112722298,seed1e5,5.0,100000.0,0.3481895758683264,0.3512426924356413,0.3558595117871566,0.3604835427757897,0.36334762361137335,0.0
expanded-blagn-v1,measurement,RUBIESEGS6411_taylor24,RUBIESEGS6411_taylor24,HZA-RUBIES-EGS-6411,RUBIES-EGS-6411,1,RUBIESEGS6411_taylor24,True,only catalogue measurement in this release,4.88,1.2082248338162374,RUBIES,EGS,broad-line-agn,robust,individual_robust,taylor24_ceers_rubies_blagn,Table 1 (Sample of BLAGN),The Astrophysical Journal 986:165 (2025); arXiv:2409.06772v2,https://iopscience.iop.org/article/10.3847/1538-4357/add15b,10.3847/1538-4357/add15b,single-epoch-virial-halpha-reines2013,0.0,non_lrd,0.0,formal_mbh_errors_exclude_virial_systematic;nominal_mass_uncorrected_for_dust,Nominal Table 1 mass and Halpha flux are uncorrected for dust; formal MBH errors exclude the approximately 0.5 dex virial-calibration systematic.,10000,20260808,30.0,0.1,1.0,True,split-normal-in-log-mbh,0.16,0.16,0.16,0.16,symmetric_reported,False,baseline,reported MBH,none,all_sources,0.0,6.22184054263297,6.326417626109772,6.488608447149731,6.646959765842657,6.750241905832785,seed1e2,2.0,100.0,0.4385851984527699,0.4494491712738941,0.46629833758292405,0.48274863783298544,0.49347808566664203,0.0
expanded-blagn-v1,measurement,RUBIESEGS6411_taylor24,RUBIESEGS6411_taylor24,HZA-RUBIES-EGS-6411,RUBIES-EGS-6411,1,RUBIESEGS6411_taylor24,True,only catalogue measurement in this release,4.88,1.2082248338162374,RUBIES,EGS,broad-line-agn,robust,individual_robust,taylor24_ceers_rubies_blagn,Table 1 (Sample of BLAGN),The Astrophysical Journal 986:165 (2025); arXiv:2409.06772v2,https://iopscience.iop.org/article/10.3847/1538-4357/add15b,10.3847/1538-4357/add15b,single-epoch-virial-halpha-reines2013,0.0,non_lrd,0.0,formal_mbh_errors_exclude_virial_systematic;nominal_mass_uncorrected_for_dust,Nominal Table 1 mass and Halpha flux are uncorrected for dust; formal MBH errors exclude the approximately 0.5 dex virial-calibration systematic.,10000,20260808,30.0,0.1,1.0,True,split-normal-in-log-mbh,0.16,0.16,0.16,0.16,symmetric_reported,False,baseline,reported MBH,none,all_sources,0.0,6.22184054263297,6.326417626109772,6.488608447149731,6.646959765842657,6.750241905832785,seed1e4,4.0,10000.0,0.23081553305501226,0.24167950587613646,0.2585286721851664,0.27497897243522784,0.2857084202688845,0.0
expanded-blagn-v1,measurement,RUBIESEGS6411_taylor24,RUBIESEGS6411_taylor24,HZA-RUBIES-EGS-6411,RUBIES-EGS-6411,1,RUBIESEGS6411_taylor24,True,only catalogue measurement in this release,4.88,1.2082248338162374,RUBIES,EGS,broad-line-agn,robust,individual_robust,taylor24_ceers_rubies_blagn,Table 1 (Sample of BLAGN),The Astrophysical Journal 986:165 (2025); arXiv:2409.06772v2,https://iopscience.iop.org/article/10.3847/1538-4357/add15b,10.3847/1538-4357/add15b,single-epoch-virial-halpha-reines2013,0.0,non_lrd,0.0,formal_mbh_errors_exclude_virial_systematic;nominal_mass_uncorrected_for_dust,Nominal Table 1 mass and Halpha flux are uncorrected for dust; formal MBH errors exclude the approximately 0.5 dex virial-calibration systematic.,10000,20260808,30.0,0.1,1.0,True,split-normal-in-log-mbh,0.16,0.16,0.16,0.16,symmetric_reported,False,baseline,reported MBH,none,all_sources,0.0,6.22184054263297,6.326417626109772,6.488608447149731,6.646959765842657,6.750241905832785,seed1e5,5.0,100000.0,0.1269307003561334,0.1377946731772577,0.15464383948628757,0.17109413973634902,0.1818235875700056,0.0
expanded-blagn-v1,measurement,RUBIESEGS6411_taylor24,RUBIESEGS6411_taylor24,HZA-RUBIES-EGS-6411,RUBIES-EGS-6411,1,RUBIESEGS6411_taylor24,True,only catalogue measurement in this release,4.88,1.2082248338162374,RUBIES,EGS,broad-line-agn,robust,individual_robust,taylor24_ceers_rubies_blagn,Table 1 (Sample of BLAGN),The Astrophysical Journal 986:165 (2025); arXiv:2409.06772v2,https://iopscience.iop.org/article/10.3847/1538-4357/add15b,10.3847/1538-4357/add15b,single-epoch-virial-halpha-reines2013,0.0,non_lrd,0.0,formal_mbh_errors_exclude_virial_systematic;nominal_mass_uncorrected_for_dust,Nominal Table 1 mass and Halpha flux are uncorrected for dust; formal MBH errors exclude the approximately 0.5 dex virial-calibration systematic.,10000,20260808,30.0,0.1,1.0,True,split-normal-in-log-mbh,0.16,0.16,0.16,0.16,symmetric_reported,False,mbh_minus_0p3dex,MBH -0.3 dex,global_comparison,all_sources,-0.3,5.92184054263297,6.026417626109772,6.188608447149731,6.346959765842657,6.450241905832785,seed1e2,2.0,100.0,0.40741974864310626,0.4182837214642305,0.4351328877732604,0.45158318802332187,0.46231263585697857,0.0
expanded-blagn-v1,measurement,RUBIESEGS6411_taylor24,RUBIESEGS6411_taylor24,HZA-RUBIES-EGS-6411,RUBIES-EGS-6411,1,RUBIESEGS6411_taylor24,True,only catalogue measurement in this release,4.88,1.2082248338162374,RUBIES,EGS,broad-line-agn,robust,individual_robust,taylor24_ceers_rubies_blagn,Table 1 (Sample of BLAGN),The Astrophysical Journal 986:165 (2025); arXiv:2409.06772v2,https://iopscience.iop.org/article/10.3847/1538-4357/add15b,10.3847/1538-4357/add15b,single-epoch-virial-halpha-reines2013,0.0,non_lrd,0.0,formal_mbh_errors_exclude_virial_systematic;nominal_mass_uncorrected_for_dust,Nominal Table 1 mass and Halpha flux are uncorrected for dust; formal MBH errors exclude the approximately 0.5 dex virial-calibration systematic.,10000,20260808,30.0,0.1,1.0,True,split-normal-in-log-mbh,0.16,0.16,0.16,0.16,symmetric_reported,False,mbh_minus_0p3dex,MBH -0.3 dex,global_comparison,all_sources,-0.3,5.92184054263297,6.026417626109772,6.188608447149731,6.346959765842657,6.450241905832785,seed1e4,4.0,10000.0,0.19965008324534858,0.21051405606647283,0.22736322237550277,0.2438135226255642,0.25454297045922086,0.0
expanded-blagn-v1,measurement,RUBIESEGS6411_taylor24,RUBIESEGS6411_taylor24,HZA-RUBIES-EGS-6411,RUBIES-EGS-6411,1,RUBIESEGS6411_taylor24,True,only catalogue measurement in this release,4.88,1.2082248338162374,RUBIES,EGS,broad-line-agn,robust,individual_robust,taylor24_ceers_rubies_blagn,Table 1 (Sample of BLAGN),The Astrophysical Journal 986:165 (2025); arXiv:2409.06772v2,https://iopscience.iop.org/article/10.3847/1538-4357/add15b,10.3847/1538-4357/add15b,single-epoch-virial-halpha-reines2013,0.0,non_lrd,0.0,formal_mbh_errors_exclude_virial_systematic;nominal_mass_uncorrected_for_dust,Nominal Table 1 mass and Halpha flux are uncorrected for dust; formal MBH errors exclude the approximately 0.5 dex virial-calibration systematic.,10000,20260808,30.0,0.1,1.0,True,split-normal-in-log-mbh,0.16,0.16,0.16,0.16,symmetric_reported,False,mbh_minus_0p3dex,MBH -0.3 dex,global_comparison,all_sources,-0.3,5.92184054263297,6.026417626109772,6.188608447149731,6.346959765842657,6.450241905832785,seed1e5,5.0,100000.0,0.09576525054646977,0.106629223367594,0.12347838967662395,0.1399286899266854,0.150658137760342,0.0
expanded-blagn-v1,measurement,RUBIESEGS6411_taylor24,RUBIESEGS6411_taylor24,HZA-RUBIES-EGS-6411,RUBIES-EGS-6411,1,RUBIESEGS6411_taylor24,True,only catalogue measurement in this release,4.88,1.2082248338162374,RUBIES,EGS,broad-line-agn,robust,individual_robust,taylor24_ceers_rubies_blagn,Table 1 (Sample of BLAGN),The Astrophysical Journal 986:165 (2025); arXiv:2409.06772v2,https://iopscience.iop.org/article/10.3847/1538-4357/add15b,10.3847/1538-4357/add15b,single-epoch-virial-halpha-reines2013,0.0,non_lrd,0.0,formal_mbh_errors_exclude_virial_systematic;nominal_mass_uncorrected_for_dust,Nominal Table 1 mass and Halpha flux are uncorrected for dust; formal MBH errors exclude the approximately 0.5 dex virial-calibration systematic.,10000,20260808,30.0,0.1,1.0,True,split-normal-in-log-mbh,0.16,0.16,0.16,0.16,symmetric_reported,False,mbh_plus_0p3dex,MBH +0.3 dex,global_comparison,all_sources,0.3,6.52184054263297,6.626417626109772,6.7886084471497306,6.9469597658426565,7.0502419058327845,seed1e2,2.0,100.0,0.4697506482624335,0.48061462108355774,0.4974637873925877,0.513914087642649,0.5246435354763058,0.0
expanded-blagn-v1,measurement,RUBIESEGS6411_taylor24,RUBIESEGS6411_taylor24,HZA-RUBIES-EGS-6411,RUBIES-EGS-6411,1,RUBIESEGS6411_taylor24,True,only catalogue measurement in this release,4.88,1.2082248338162374,RUBIES,EGS,broad-line-agn,robust,individual_robust,taylor24_ceers_rubies_blagn,Table 1 (Sample of BLAGN),The Astrophysical Journal 986:165 (2025); arXiv:2409.06772v2,https://iopscience.iop.org/article/10.3847/1538-4357/add15b,10.3847/1538-4357/add15b,single-epoch-virial-halpha-reines2013,0.0,non_lrd,0.0,formal_mbh_errors_exclude_virial_systematic;nominal_mass_uncorrected_for_dust,Nominal Table 1 mass and Halpha flux are uncorrected for dust; formal MBH errors exclude the approximately 0.5 dex virial-calibration systematic.,10000,20260808,30.0,0.1,1.0,True,split-normal-in-log-mbh,0.16,0.16,0.16,0.16,symmetric_reported,False,mbh_plus_0p3dex,MBH +0.3 dex,global_comparison,all_sources,0.3,6.52184054263297,6.626417626109772,6.7886084471497306,6.9469597658426565,7.0502419058327845,seed1e4,4.0,10000.0,0.2619809828646759,0.2728449556858001,0.28969412199483,0.30614442224489147,0.31687387007854806,0.0
expanded-blagn-v1,measurement,RUBIESEGS6411_taylor24,RUBIESEGS6411_taylor24,HZA-RUBIES-EGS-6411,RUBIES-EGS-6411,1,RUBIESEGS6411_taylor24,True,only catalogue measurement in this release,4.88,1.2082248338162374,RUBIES,EGS,broad-line-agn,robust,individual_robust,taylor24_ceers_rubies_blagn,Table 1 (Sample of BLAGN),The Astrophysical Journal 986:165 (2025); arXiv:2409.06772v2,https://iopscience.iop.org/article/10.3847/1538-4357/add15b,10.3847/1538-4357/add15b,single-epoch-virial-halpha-reines2013,0.0,non_lrd,0.0,formal_mbh_errors_exclude_virial_systematic;nominal_mass_uncorrected_for_dust,Nominal Table 1 mass and Halpha flux are uncorrected for dust; formal MBH errors exclude the approximately 0.5 dex virial-calibration systematic.,10000,20260808,30.0,0.1,1.0,True,split-normal-in-log-mbh,0.16,0.16,0.16,0.16,symmetric_reported,False,mbh_plus_0p3dex,MBH +0.3 dex,global_comparison,all_sources,0.3,6.52184054263297,6.626417626109772,6.7886084471497306,6.9469597658426565,7.0502419058327845,seed1e5,5.0,100000.0,0.158096150165797,0.16896012298692129,0.1858092892959512,0.20225958954601267,0.21298903737966926,0.0
expanded-blagn-v1,measurement,RUBIESEGS6411_taylor24,RUBIESEGS6411_taylor24,HZA-RUBIES-EGS-6411,RUBIES-EGS-6411,1,RUBIESEGS6411_taylor24,True,only catalogue measurement in this release,4.88,1.2082248338162374,RUBIES,EGS,broad-line-agn,robust,individual_robust,taylor24_ceers_rubies_blagn,Table 1 (Sample of BLAGN),The Astrophysical Journal 986:165 (2025); arXiv:2409.06772v2,https://iopscience.iop.org/article/10.3847/1538-4357/add15b,10.3847/1538-4357/add15b,single-epoch-virial-halpha-reines2013,0.0,non_lrd,0.0,formal_mbh_errors_exclude_virial_systematic;nominal_mass_uncorrected_for_dust,Nominal Table 1 mass and Halpha flux are uncorrected for dust; formal MBH errors exclude the approximately 0.5 dex virial-calibration systematic.,10000,20260808,30.0,0.1,1.0,True,split-normal-in-log-mbh,0.16,0.16,0.16,0.16,symmetric_reported,False,taylor_virial_minus_0p5dex,Taylor virial calibration sensitivity: MBH -0.5 dex,taylor_virial_calibration_sensitivity,taylor24_ceers_rubies_blagn_only,-0.5,5.72184054263297,5.826417626109772,5.988608447149731,6.146959765842657,6.250241905832785,seed1e2,2.0,100.0,0.3866427821033305,0.3975067549244547,0.41435592123348464,0.4308062214835461,0.4415356693172027,0.0
expanded-blagn-v1,measurement,RUBIESEGS6411_taylor24,RUBIESEGS6411_taylor24,HZA-RUBIES-EGS-6411,RUBIES-EGS-6411,1,RUBIESEGS6411_taylor24,True,only catalogue measurement in this release,4.88,1.2082248338162374,RUBIES,EGS,broad-line-agn,robust,individual_robust,taylor24_ceers_rubies_blagn,Table 1 (Sample of BLAGN),The Astrophysical Journal 986:165 (2025); arXiv:2409.06772v2,https://iopscience.iop.org/article/10.3847/1538-4357/add15b,10.3847/1538-4357/add15b,single-epoch-virial-halpha-reines2013,0.0,non_lrd,0.0,formal_mbh_errors_exclude_virial_systematic;nominal_mass_uncorrected_for_dust,Nominal Table 1 mass and Halpha flux are uncorrected for dust; formal MBH errors exclude the approximately 0.5 dex virial-calibration systematic.,10000,20260808,30.0,0.1,1.0,True,split-normal-in-log-mbh,0.16,0.16,0.16,0.16,symmetric_reported,False,taylor_virial_minus_0p5dex,Taylor virial calibration sensitivity: MBH -0.5 dex,taylor_virial_calibration_sensitivity,taylor24_ceers_rubies_blagn_only,-0.5,5.72184054263297,5.826417626109772,5.988608447149731,6.146959765842657,6.250241905832785,seed1e4,4.0,10000.0,0.17887311670557285,0.1897370895266971,0.20658625583572698,0.22303655608578843,0.23376600391944502,0.0
expanded-blagn-v1,measurement,RUBIESEGS6411_taylor24,RUBIESEGS6411_taylor24,HZA-RUBIES-EGS-6411,RUBIES-EGS-6411,1,RUBIESEGS6411_taylor24,True,only catalogue measurement in this release,4.88,1.2082248338162374,RUBIES,EGS,broad-line-agn,robust,individual_robust,taylor24_ceers_rubies_blagn,Table 1 (Sample of BLAGN),The Astrophysical Journal 986:165 (2025); arXiv:2409.06772v2,https://iopscience.iop.org/article/10.3847/1538-4357/add15b,10.3847/1538-4357/add15b,single-epoch-virial-halpha-reines2013,0.0,non_lrd,0.0,formal_mbh_errors_exclude_virial_systematic;nominal_mass_uncorrected_for_dust,Nominal Table 1 mass and Halpha flux are uncorrected for dust; formal MBH errors exclude the approximately 0.5 dex virial-calibration systematic.,10000,20260808,30.0,0.1,1.0,True,split-normal-in-log-mbh,0.16,0.16,0.16,0.16,symmetric_reported,False,taylor_virial_minus_0p5dex,Taylor virial calibration sensitivity: MBH -0.5 dex,taylor_virial_calibration_sensitivity,taylor24_ceers_rubies_blagn_only,-0.5,5.72184054263297,5.826417626109772,5.988608447149731,6.146959765842657,6.250241905832785,seed1e5,5.0,100000.0,0.074988284006694,0.08585225682781823,0.10270142313684817,0.1191517233869096,0.12988117122056622,0.0
expanded-blagn-v1,measurement,RUBIESEGS6411_taylor24,RUBIESEGS6411_taylor24,HZA-RUBIES-EGS-6411,RUBIES-EGS-6411,1,RUBIESEGS6411_taylor24,True,only catalogue measurement in this release,4.88,1.2082248338162374,RUBIES,EGS,broad-line-agn,robust,individual_robust,taylor24_ceers_rubies_blagn,Table 1 (Sample of BLAGN),The Astrophysical Journal 986:165 (2025); arXiv:2409.06772v2,https://iopscience.iop.org/article/10.3847/1538-4357/add15b,10.3847/1538-4357/add15b,single-epoch-virial-halpha-reines2013,0.0,non_lrd,0.0,formal_mbh_errors_exclude_virial_systematic;nominal_mass_uncorrected_for_dust,Nominal Table 1 mass and Halpha flux are uncorrected for dust; formal MBH errors exclude the approximately 0.5 dex virial-calibration systematic.,10000,20260808,30.0,0.1,1.0,True,split-normal-in-log-mbh,0.16,0.16,0.16,0.16,symmetric_reported,False,taylor_virial_plus_0p5dex,Taylor virial calibration sensitivity: MBH +0.5 dex,taylor_virial_calibration_sensitivity,taylor24_ceers_rubies_blagn_only,0.5,6.72184054263297,6.826417626109772,6.988608447149731,7.146959765842657,7.250241905832785,seed1e2,2.0,100.0,0.4905276148022093,0.5013915876233336,0.5182407539323635,0.5346910541824249,0.5454205020160815,0.0
expanded-blagn-v1,measurement,RUBIESEGS6411_taylor24,RUBIESEGS6411_taylor24,HZA-RUBIES-EGS-6411,RUBIES-EGS-6411,1,RUBIESEGS6411_taylor24,True,only catalogue measurement in this release,4.88,1.2082248338162374,RUBIES,EGS,broad-line-agn,robust,individual_robust,taylor24_ceers_rubies_blagn,Table 1 (Sample of BLAGN),The Astrophysical Journal 986:165 (2025); arXiv:2409.06772v2,https://iopscience.iop.org/article/10.3847/1538-4357/add15b,10.3847/1538-4357/add15b,single-epoch-virial-halpha-reines2013,0.0,non_lrd,0.0,formal_mbh_errors_exclude_virial_systematic;nominal_mass_uncorrected_for_dust,Nominal Table 1 mass and Halpha flux are uncorrected for dust; formal MBH errors exclude the approximately 0.5 dex virial-calibration systematic.,10000,20260808,30.0,0.1,1.0,True,split-normal-in-log-mbh,0.16,0.16,0.16,0.16,symmetric_reported,False,taylor_virial_plus_0p5dex,Taylor virial calibration sensitivity: MBH +0.5 dex,taylor_virial_calibration_sensitivity,taylor24_ceers_rubies_blagn_only,0.5,6.72184054263297,6.826417626109772,6.988608447149731,7.146959765842657,7.250241905832785,seed1e4,4.0,10000.0,0.28275794940445165,0.29362192222557587,0.3104710885346058,0.32692138878466726,0.3376508366183239,0.0
expanded-blagn-v1,measurement,RUBIESEGS6411_taylor24,RUBIESEGS6411_taylor24,HZA-RUBIES-EGS-6411,RUBIES-EGS-6411,1,RUBIESEGS6411_taylor24,True,only catalogue measurement in this release,4.88,1.2082248338162374,RUBIES,EGS,broad-line-agn,robust,individual_robust,taylor24_ceers_rubies_blagn,Table 1 (Sample of BLAGN),The Astrophysical Journal 986:165 (2025); arXiv:2409.06772v2,https://iopscience.iop.org/article/10.3847/1538-4357/add15b,10.3847/1538-4357/add15b,single-epoch-virial-halpha-reines2013,0.0,non_lrd,0.0,formal_mbh_errors_exclude_virial_systematic;nominal_mass_uncorrected_for_dust,Nominal Table 1 mass and Halpha flux are uncorrected for dust; formal MBH errors exclude the approximately 0.5 dex virial-calibration systematic.,10000,20260808,30.0,0.1,1.0,True,split-normal-in-log-mbh,0.16,0.16,0.16,0.16,symmetric_reported,False,taylor_virial_plus_0p5dex,Taylor virial calibration sensitivity: MBH +0.5 dex,taylor_virial_calibration_sensitivity,taylor24_ceers_rubies_blagn_only,0.5,6.72184054263297,6.826417626109772,6.988608447149731,7.146959765842657,7.250241905832785,seed1e5,5.0,100000.0,0.17887311670557285,0.1897370895266971,0.20658625583572698,0.22303655608578843,0.23376600391944502,0.0
expanded-blagn-v1,measurement,RUBIESEGS926125_taylor24,RUBIESEGS926125_taylor24,HZA-RUBIES-EGS-926125,RUBIES-EGS-926125,1,RUBIESEGS926125_taylor24,True,only catalogue measurement in this release,5.284,1.093952405152135,RUBIES,EGS,broad-line-agn,robust,individual_robust,taylor24_ceers_rubies_blagn,Table 1 (Sample of BLAGN),The Astrophysical Journal 986:165 (2025); arXiv:2409.06772v2,https://iopscience.iop.org/article/10.3847/1538-4357/add15b,10.3847/1538-4357/add15b,single-epoch-virial-halpha-reines2013,1.0,lrd,0.0,formal_mbh_errors_exclude_virial_systematic;nominal_mass_uncorrected_for_dust,Nominal Table 1 mass and Halpha flux are uncorrected for dust; formal MBH errors exclude the approximately 0.5 dex virial-calibration systematic.,10000,20260808,30.0,0.1,1.0,True,split-normal-in-log-mbh,0.05,0.05,0.05,0.05,symmetric_reported,False,baseline,reported MBH,none,all_sources,0.0,7.2788576690101,7.311430851653807,7.360651149963283,7.41001510523718,7.442222667383057,seed1e2,2.0,100.0,0.6114398418411938,0.6152127303888154,0.6209138220455197,0.6266315532096915,0.630362092644421,0.0
expanded-blagn-v1,measurement,RUBIESEGS926125_taylor24,RUBIESEGS926125_taylor24,HZA-RUBIES-EGS-926125,RUBIES-EGS-926125,1,RUBIESEGS926125_taylor24,True,only catalogue measurement in this release,5.284,1.093952405152135,RUBIES,EGS,broad-line-agn,robust,individual_robust,taylor24_ceers_rubies_blagn,Table 1 (Sample of BLAGN),The Astrophysical Journal 986:165 (2025); arXiv:2409.06772v2,https://iopscience.iop.org/article/10.3847/1538-4357/add15b,10.3847/1538-4357/add15b,single-epoch-virial-halpha-reines2013,1.0,lrd,0.0,formal_mbh_errors_exclude_virial_systematic;nominal_mass_uncorrected_for_dust,Nominal Table 1 mass and Halpha flux are uncorrected for dust; formal MBH errors exclude the approximately 0.5 dex virial-calibration systematic.,10000,20260808,30.0,0.1,1.0,True,split-normal-in-log-mbh,0.05,0.05,0.05,0.05,symmetric_reported,False,baseline,reported MBH,none,all_sources,0.0,7.2788576690101,7.311430851653807,7.360651149963283,7.41001510523718,7.442222667383057,seed1e4,4.0,10000.0,0.37978372221111034,0.3835566107587319,0.3892577024154361,0.3949754335796081,0.3987059730143374,0.0
expanded-blagn-v1,measurement,RUBIESEGS926125_taylor24,RUBIESEGS926125_taylor24,HZA-RUBIES-EGS-926125,RUBIES-EGS-926125,1,RUBIESEGS926125_taylor24,True,only catalogue measurement in this release,5.284,1.093952405152135,RUBIES,EGS,broad-line-agn,robust,individual_robust,taylor24_ceers_rubies_blagn,Table 1 (Sample of BLAGN),The Astrophysical Journal 986:165 (2025); arXiv:2409.06772v2,https://iopscience.iop.org/article/10.3847/1538-4357/add15b,10.3847/1538-4357/add15b,single-epoch-virial-halpha-reines2013,1.0,lrd,0.0,formal_mbh_errors_exclude_virial_systematic;nominal_mass_uncorrected_for_dust,Nominal Table 1 mass and Halpha flux are uncorrected for dust; formal MBH errors exclude the approximately 0.5 dex virial-calibration systematic.,10000,20260808,30.0,0.1,1.0,True,split-normal-in-log-mbh,0.05,0.05,0.05,0.05,symmetric_reported,False,baseline,reported MBH,none,all_sources,0.0,7.2788576690101,7.311430851653807,7.360651149963283,7.41001510523718,7.442222667383057,seed1e5,5.0,100000.0,0.26395566239606855,0.2677285509436901,0.2734296426003944,0.2791473737645664,0.2828779131992956,0.0
expanded-blagn-v1,measurement,RUBIESEGS926125_taylor24,RUBIESEGS926125_taylor24,HZA-RUBIES-EGS-926125,RUBIES-EGS-926125,1,RUBIESEGS926125_taylor24,True,only catalogue measurement in this release,5.284,1.093952405152135,RUBIES,EGS,broad-line-agn,robust,individual_robust,taylor24_ceers_rubies_blagn,Table 1 (Sample of BLAGN),The Astrophysical Journal 986:165 (2025); arXiv:2409.06772v2,https://iopscience.iop.org/article/10.3847/1538-4357/add15b,10.3847/1538-4357/add15b,single-epoch-virial-halpha-reines2013,1.0,lrd,0.0,formal_mbh_errors_exclude_virial_systematic;nominal_mass_uncorrected_for_dust,Nominal Table 1 mass and Halpha flux are uncorrected for dust; formal MBH errors exclude the approximately 0.5 dex virial-calibration systematic.,10000,20260808,30.0,0.1,1.0,True,split-normal-in-log-mbh,0.05,0.05,0.05,0.05,symmetric_reported,False,mbh_minus_0p3dex,MBH -0.3 dex,global_comparison,all_sources,-0.3,6.9788576690101,7.011430851653807,7.060651149963284,7.1100151052371805,7.1422226673830576,seed1e2,2.0,100.0,0.5766914238966813,0.580464312444303,0.5861654041010071,0.5918831352651792,0.5956136746999084,0.0
expanded-blagn-v1,measurement,RUBIESEGS926125_taylor24,RUBIESEGS926125_taylor24,HZA-RUBIES-EGS-926125,RUBIES-EGS-926125,1,RUBIESEGS926125_taylor24,True,only catalogue measurement in this release,5.284,1.093952405152135,RUBIES,EGS,broad-line-agn,robust,individual_robust,taylor24_ceers_rubies_blagn,Table 1 (Sample of BLAGN),The Astrophysical Journal 986:165 (2025); arXiv:2409.06772v2,https://iopscience.iop.org/article/10.3847/1538-4357/add15b,10.3847/1538-4357/add15b,single-epoch-virial-halpha-reines2013,1.0,lrd,0.0,formal_mbh_errors_exclude_virial_systematic;nominal_mass_uncorrected_for_dust,Nominal Table 1 mass and Halpha flux are uncorrected for dust; formal MBH errors exclude the approximately 0.5 dex virial-calibration systematic.,10000,20260808,30.0,0.1,1.0,True,split-normal-in-log-mbh,0.05,0.05,0.05,0.05,symmetric_reported,False,mbh_minus_0p3dex,MBH -0.3 dex,global_comparison,all_sources,-0.3,6.9788576690101,7.011430851653807,7.060651149963284,7.1100151052371805,7.1422226673830576,seed1e4,4.0,10000.0,0.34503530426659784,0.3488081928142194,0.3545092844709236,0.3602270156350956,0.3639575550698249,0.0
expanded-blagn-v1,measurement,RUBIESEGS926125_taylor24,RUBIESEGS926125_taylor24,HZA-RUBIES-EGS-926125,RUBIES-EGS-926125,1,RUBIESEGS926125_taylor24,True,only catalogue measurement in this release,5.284,1.093952405152135,RUBIES,EGS,broad-line-agn,robust,individual_robust,taylor24_ceers_rubies_blagn,Table 1 (Sample of BLAGN),The Astrophysical Journal 986:165 (2025); arXiv:2409.06772v2,https://iopscience.iop.org/article/10.3847/1538-4357/add15b,10.3847/1538-4357/add15b,single-epoch-virial-halpha-reines2013,1.0,lrd,0.0,formal_mbh_errors_exclude_virial_systematic;nominal_mass_uncorrected_for_dust,Nominal Table 1 mass and Halpha flux are uncorrected for dust; formal MBH errors exclude the approximately 0.5 dex virial-calibration systematic.,10000,20260808,30.0,0.1,1.0,True,split-normal-in-log-mbh,0.05,0.05,0.05,0.05,symmetric_reported,False,mbh_minus_0p3dex,MBH -0.3 dex,global_comparison,all_sources,-0.3,6.9788576690101,7.011430851653807,7.060651149963284,7.1100151052371805,7.1422226673830576,seed1e5,5.0,100000.0,0.22920724445155602,0.23298013299917758,0.23868122465588182,0.24439895582005386,0.24812949525478317,0.0
expanded-blagn-v1,measurement,RUBIESEGS926125_taylor24,RUBIESEGS926125_taylor24,HZA-RUBIES-EGS-926125,RUBIES-EGS-926125,1,RUBIESEGS926125_taylor24,True,only catalogue measurement in this release,5.284,1.093952405152135,RUBIES,EGS,broad-line-agn,robust,individual_robust,taylor24_ceers_rubies_blagn,Table 1 (Sample of BLAGN),The Astrophysical Journal 986:165 (2025); arXiv:2409.06772v2,https://iopscience.iop.org/article/10.3847/1538-4357/add15b,10.3847/1538-4357/add15b,single-epoch-virial-halpha-reines2013,1.0,lrd,0.0,formal_mbh_errors_exclude_virial_systematic;nominal_mass_uncorrected_for_dust,Nominal Table 1 mass and Halpha flux are uncorrected for dust; formal MBH errors exclude the approximately 0.5 dex virial-calibration systematic.,10000,20260808,30.0,0.1,1.0,True,split-normal-in-log-mbh,0.05,0.05,0.05,0.05,symmetric_reported,False,mbh_plus_0p3dex,MBH +0.3 dex,global_comparison,all_sources,0.3,7.5788576690101,7.6114308516538065,7.660651149963283,7.71001510523718,7.742222667383057,seed1e2,2.0,100.0,0.6461882597857063,0.649961148333328,0.6556622399900321,0.6613799711542043,0.6651105105889336,0.0
expanded-blagn-v1,measurement,RUBIESEGS926125_taylor24,RUBIESEGS926125_taylor24,HZA-RUBIES-EGS-926125,RUBIES-EGS-926125,1,RUBIESEGS926125_taylor24,True,only catalogue measurement in this release,5.284,1.093952405152135,RUBIES,EGS,broad-line-agn,robust,individual_robust,taylor24_ceers_rubies_blagn,Table 1 (Sample of BLAGN),The Astrophysical Journal 986:165 (2025); arXiv:2409.06772v2,https://iopscience.iop.org/article/10.3847/1538-4357/add15b,10.3847/1538-4357/add15b,single-epoch-virial-halpha-reines2013,1.0,lrd,0.0,formal_mbh_errors_exclude_virial_systematic;nominal_mass_uncorrected_for_dust,Nominal Table 1 mass and Halpha flux are uncorrected for dust; formal MBH errors exclude the approximately 0.5 dex virial-calibration systematic.,10000,20260808,30.0,0.1,1.0,True,split-normal-in-log-mbh,0.05,0.05,0.05,0.05,symmetric_reported,False,mbh_plus_0p3dex,MBH +0.3 dex,global_comparison,all_sources,0.3,7.5788576690101,7.6114308516538065,7.660651149963283,7.71001510523718,7.742222667383057,seed1e4,4.0,10000.0,0.41453214015562284,0.41830502870324443,0.42400612035994867,0.4297238515241207,0.4334543909588499,0.0
expanded-blagn-v1,measurement,RUBIESEGS926125_taylor24,RUBIESEGS926125_taylor24,HZA-RUBIES-EGS-926125,RUBIES-EGS-926125,1,RUBIESEGS926125_taylor24,True,only catalogue measurement in this release,5.284,1.093952405152135,RUBIES,EGS,broad-line-agn,robust,individual_robust,taylor24_ceers_rubies_blagn,Table 1 (Sample of BLAGN),The Astrophysical Journal 986:165 (2025); arXiv:2409.06772v2,https://iopscience.iop.org/article/10.3847/1538-4357/add15b,10.3847/1538-4357/add15b,single-epoch-virial-halpha-reines2013,1.0,lrd,0.0,formal_mbh_errors_exclude_virial_systematic;nominal_mass_uncorrected_for_dust,Nominal Table 1 mass and Halpha flux are uncorrected for dust; formal MBH errors exclude the approximately 0.5 dex virial-calibration systematic.,10000,20260808,30.0,0.1,1.0,True,split-normal-in-log-mbh,0.05,0.05,0.05,0.05,symmetric_reported,False,mbh_plus_0p3dex,MBH +0.3 dex,global_comparison,all_sources,0.3,7.5788576690101,7.6114308516538065,7.660651149963283,7.71001510523718,7.742222667383057,seed1e5,5.0,100000.0,0.2987040803405811,0.3024769688882026,0.3081780605449069,0.31389579170907883,0.31762633114380817,0.0
expanded-blagn-v1,measurement,RUBIESEGS926125_taylor24,RUBIESEGS926125_taylor24,HZA-RUBIES-EGS-926125,RUBIES-EGS-926125,1,RUBIESEGS926125_taylor24,True,only catalogue measurement in this release,5.284,1.093952405152135,RUBIES,EGS,broad-line-agn,robust,individual_robust,taylor24_ceers_rubies_blagn,Table 1 (Sample of BLAGN),The Astrophysical Journal 986:165 (2025); arXiv:2409.06772v2,https://iopscience.iop.org/article/10.3847/1538-4357/add15b,10.3847/1538-4357/add15b,single-epoch-virial-halpha-reines2013,1.0,lrd,0.0,formal_mbh_errors_exclude_virial_systematic;nominal_mass_uncorrected_for_dust,Nominal Table 1 mass and Halpha flux are uncorrected for dust; formal MBH errors exclude the approximately 0.5 dex virial-calibration systematic.,10000,20260808,30.0,0.1,1.0,True,split-normal-in-log-mbh,0.05,0.05,0.05,0.05,symmetric_reported,False,taylor_virial_minus_0p5dex,Taylor virial calibration sensitivity: MBH -0.5 dex,taylor_virial_calibration_sensitivity,taylor24_ceers_rubies_blagn_only,-0.5,6.7788576690101,6.811430851653807,6.860651149963283,6.91001510523718,6.942222667383057,seed1e2,2.0,100.0,0.5535258119336729,0.5572987004812946,0.5629997921379988,0.5687175233021708,0.5724480627369001,0.0
expanded-blagn-v1,measurement,RUBIESEGS926125_taylor24,RUBIESEGS926125_taylor24,HZA-RUBIES-EGS-926125,RUBIES-EGS-926125,1,RUBIESEGS926125_taylor24,True,only catalogue measurement in this release,5.284,1.093952405152135,RUBIES,EGS,broad-line-agn,robust,individual_robust,taylor24_ceers_rubies_blagn,Table 1 (Sample of BLAGN),The Astrophysical Journal 986:165 (2025); arXiv:2409.06772v2,https://iopscience.iop.org/article/10.3847/1538-4357/add15b,10.3847/1538-4357/add15b,single-epoch-virial-halpha-reines2013,1.0,lrd,0.0,formal_mbh_errors_exclude_virial_systematic;nominal_mass_uncorrected_for_dust,Nominal Table 1 mass and Halpha flux are uncorrected for dust; formal MBH errors exclude the approximately 0.5 dex virial-calibration systematic.,10000,20260808,30.0,0.1,1.0,True,split-normal-in-log-mbh,0.05,0.05,0.05,0.05,symmetric_reported,False,taylor_virial_minus_0p5dex,Taylor virial calibration sensitivity: MBH -0.5 dex,taylor_virial_calibration_sensitivity,taylor24_ceers_rubies_blagn_only,-0.5,6.7788576690101,6.811430851653807,6.860651149963283,6.91001510523718,6.942222667383057,seed1e4,4.0,10000.0,0.32186969230358936,0.325642580851211,0.33134367250791524,0.3370614036720872,0.34079194310681654,0.0
expanded-blagn-v1,measurement,RUBIESEGS926125_taylor24,RUBIESEGS926125_taylor24,HZA-RUBIES-EGS-926125,RUBIES-EGS-926125,1,RUBIESEGS926125_taylor24,True,only catalogue measurement in this release,5.284,1.093952405152135,RUBIES,EGS,broad-line-agn,robust,individual_robust,taylor24_ceers_rubies_blagn,Table 1 (Sample of BLAGN),The Astrophysical Journal 986:165 (2025); arXiv:2409.06772v2,https://iopscience.iop.org/article/10.3847/1538-4357/add15b,10.3847/1538-4357/add15b,single-epoch-virial-halpha-reines2013,1.0,lrd,0.0,formal_mbh_errors_exclude_virial_systematic;nominal_mass_uncorrected_for_dust,Nominal Table 1 mass and Halpha flux are uncorrected for dust; formal MBH errors exclude the approximately 0.5 dex virial-calibration systematic.,10000,20260808,30.0,0.1,1.0,True,split-normal-in-log-mbh,0.05,0.05,0.05,0.05,symmetric_reported,False,taylor_virial_minus_0p5dex,Taylor virial calibration sensitivity: MBH -0.5 dex,taylor_virial_calibration_sensitivity,taylor24_ceers_rubies_blagn_only,-0.5,6.7788576690101,6.811430851653807,6.860651149963283,6.91001510523718,6.942222667383057,seed1e5,5.0,100000.0,0.20604163248854765,0.2098145210361692,0.21551561269287345,0.22123334385704543,0.22496388329177475,0.0
expanded-blagn-v1,measurement,RUBIESEGS926125_taylor24,RUBIESEGS926125_taylor24,HZA-RUBIES-EGS-926125,RUBIES-EGS-926125,1,RUBIESEGS926125_taylor24,True,only catalogue measurement in this release,5.284,1.093952405152135,RUBIES,EGS,broad-line-agn,robust,individual_robust,taylor24_ceers_rubies_blagn,Table 1 (Sample of BLAGN),The Astrophysical Journal 986:165 (2025); arXiv:2409.06772v2,https://iopscience.iop.org/article/10.3847/1538-4357/add15b,10.3847/1538-4357/add15b,single-epoch-virial-halpha-reines2013,1.0,lrd,0.0,formal_mbh_errors_exclude_virial_systematic;nominal_mass_uncorrected_for_dust,Nominal Table 1 mass and Halpha flux are uncorrected for dust; formal MBH errors exclude the approximately 0.5 dex virial-calibration systematic.,10000,20260808,30.0,0.1,1.0,True,split-normal-in-log-mbh,0.05,0.05,0.05,0.05,symmetric_reported,False,taylor_virial_plus_0p5dex,Taylor virial calibration sensitivity: MBH +0.5 dex,taylor_virial_calibration_sensitivity,taylor24_ceers_rubies_blagn_only,0.5,7.7788576690101,7.811430851653807,7.860651149963283,7.91001510523718,7.942222667383057,seed1e2,2.0,100.0,0.6693538717487147,0.6731267602963362,0.6788278519530406,0.6845455831172125,0.6882761225519419,0.0
expanded-blagn-v1,measurement,RUBIESEGS926125_taylor24,RUBIESEGS926125_taylor24,HZA-RUBIES-EGS-926125,RUBIES-EGS-926125,1,RUBIESEGS926125_taylor24,True,only catalogue measurement in this release,5.284,1.093952405152135,RUBIES,EGS,broad-line-agn,robust,individual_robust,taylor24_ceers_rubies_blagn,Table 1 (Sample of BLAGN),The Astrophysical Journal 986:165 (2025); arXiv:2409.06772v2,https://iopscience.iop.org/article/10.3847/1538-4357/add15b,10.3847/1538-4357/add15b,single-epoch-virial-halpha-reines2013,1.0,lrd,0.0,formal_mbh_errors_exclude_virial_systematic;nominal_mass_uncorrected_for_dust,Nominal Table 1 mass and Halpha flux are uncorrected for dust; formal MBH errors exclude the approximately 0.5 dex virial-calibration systematic.,10000,20260808,30.0,0.1,1.0,True,split-normal-in-log-mbh,0.05,0.05,0.05,0.05,symmetric_reported,False,taylor_virial_plus_0p5dex,Taylor virial calibration sensitivity: MBH +0.5 dex,taylor_virial_calibration_sensitivity,taylor24_ceers_rubies_blagn_only,0.5,7.7788576690101,7.811430851653807,7.860651149963283,7.91001510523718,7.942222667383057,seed1e4,4.0,10000.0,0.4376977521186312,0.4414706406662528,0.447171732322957,0.45288946348712905,0.45662000292185834,0.0
expanded-blagn-v1,measurement,RUBIESEGS926125_taylor24,RUBIESEGS926125_taylor24,HZA-RUBIES-EGS-926125,RUBIES-EGS-926125,1,RUBIESEGS926125_taylor24,True,only catalogue measurement in this release,5.284,1.093952405152135,RUBIES,EGS,broad-line-agn,robust,individual_robust,taylor24_ceers_rubies_blagn,Table 1 (Sample of BLAGN),The Astrophysical Journal 986:165 (2025); arXiv:2409.06772v2,https://iopscience.iop.org/article/10.3847/1538-4357/add15b,10.3847/1538-4357/add15b,single-epoch-virial-halpha-reines2013,1.0,lrd,0.0,formal_mbh_errors_exclude_virial_systematic;nominal_mass_uncorrected_for_dust,Nominal Table 1 mass and Halpha flux are uncorrected for dust; formal MBH errors exclude the approximately 0.5 dex virial-calibration systematic.,10000,20260808,30.0,0.1,1.0,True,split-normal-in-log-mbh,0.05,0.05,0.05,0.05,symmetric_reported,False,taylor_virial_plus_0p5dex,Taylor virial calibration sensitivity: MBH +0.5 dex,taylor_virial_calibration_sensitivity,taylor24_ceers_rubies_blagn_only,0.5,7.7788576690101,7.811430851653807,7.860651149963283,7.91001510523718,7.942222667383057,seed1e5,5.0,100000.0,0.32186969230358936,0.325642580851211,0.33134367250791524,0.3370614036720872,0.34079194310681654,0.0
expanded-blagn-v1,measurement,RUBIESUDS119957_taylor24,RUBIESUDS119957_taylor24,HZA-RUBIES-UDS-119957,RUBIES-UDS-119957,1,RUBIESUDS119957_taylor24,True,only catalogue measurement in this release,4.149,1.4731747837496332,RUBIES,UDS,broad-line-agn,robust,individual_robust,taylor24_ceers_rubies_blagn,Table 1 (Sample of BLAGN),The Astrophysical Journal 986:165 (2025); arXiv:2409.06772v2,https://iopscience.iop.org/article/10.3847/1538-4357/add15b,10.3847/1538-4357/add15b,single-epoch-virial-halpha-reines2013,1.0,lrd,0.0,formal_mbh_errors_exclude_virial_systematic;nominal_mass_uncorrected_for_dust,Nominal Table 1 mass and Halpha flux are uncorrected for dust; formal MBH errors exclude the approximately 0.5 dex virial-calibration systematic.,10000,20260808,30.0,0.1,1.0,True,split-normal-in-log-mbh,0.06,0.05,0.06,0.05,asymmetric,False,baseline,reported MBH,none,all_sources,0.0,7.1069069767272195,7.1394333816410365,7.1897148377932325,7.249161354234722,7.288966910757017,seed1e2,2.0,100.0,0.4281670514555175,0.4308940905321764,0.43510972690888844,0.44009376906592146,0.4434310978728423,0.0
expanded-blagn-v1,measurement,RUBIESUDS119957_taylor24,RUBIESUDS119957_taylor24,HZA-RUBIES-UDS-119957,RUBIES-UDS-119957,1,RUBIESUDS119957_taylor24,True,only catalogue measurement in this release,4.149,1.4731747837496332,RUBIES,UDS,broad-line-agn,robust,individual_robust,taylor24_ceers_rubies_blagn,Table 1 (Sample of BLAGN),The Astrophysical Journal 986:165 (2025); arXiv:2409.06772v2,https://iopscience.iop.org/article/10.3847/1538-4357/add15b,10.3847/1538-4357/add15b,single-epoch-virial-halpha-reines2013,1.0,lrd,0.0,formal_mbh_errors_exclude_virial_systematic;nominal_mass_uncorrected_for_dust,Nominal Table 1 mass and Halpha flux are uncorrected for dust; formal MBH errors exclude the approximately 0.5 dex virial-calibration systematic.,10000,20260808,30.0,0.1,1.0,True,split-normal-in-log-mbh,0.06,0.05,0.06,0.05,asymmetric,False,baseline,reported MBH,none,all_sources,0.0,7.1069069767272195,7.1394333816410365,7.1897148377932325,7.249161354234722,7.288966910757017,seed1e4,4.0,10000.0,0.2604854964921216,0.26321253556878066,0.2674281719454925,0.27241221410252564,0.27574954290944653,0.0
expanded-blagn-v1,measurement,RUBIESUDS119957_taylor24,RUBIESUDS119957_taylor24,HZA-RUBIES-UDS-119957,RUBIES-UDS-119957,1,RUBIESUDS119957_taylor24,True,only catalogue measurement in this release,4.149,1.4731747837496332,RUBIES,UDS,broad-line-agn,robust,individual_robust,taylor24_ceers_rubies_blagn,Table 1 (Sample of BLAGN),The Astrophysical Journal 986:165 (2025); arXiv:2409.06772v2,https://iopscience.iop.org/article/10.3847/1538-4357/add15b,10.3847/1538-4357/add15b,single-epoch-virial-halpha-reines2013,1.0,lrd,0.0,formal_mbh_errors_exclude_virial_systematic;nominal_mass_uncorrected_for_dust,Nominal Table 1 mass and Halpha flux are uncorrected for dust; formal MBH errors exclude the approximately 0.5 dex virial-calibration systematic.,10000,20260808,30.0,0.1,1.0,True,split-normal-in-log-mbh,0.06,0.05,0.06,0.05,asymmetric,False,baseline,reported MBH,none,all_sources,0.0,7.1069069767272195,7.1394333816410365,7.1897148377932325,7.249161354234722,7.288966910757017,seed1e5,5.0,100000.0,0.17664471901042367,0.1793717580870827,0.18358739446379463,0.1885714366208277,0.19190876542774862,0.0
expanded-blagn-v1,measurement,RUBIESUDS119957_taylor24,RUBIESUDS119957_taylor24,HZA-RUBIES-UDS-119957,RUBIES-UDS-119957,1,RUBIESUDS119957_taylor24,True,only catalogue measurement in this release,4.149,1.4731747837496332,RUBIES,UDS,broad-line-agn,robust,individual_robust,taylor24_ceers_rubies_blagn,Table 1 (Sample of BLAGN),The Astrophysical Journal 986:165 (2025); arXiv:2409.06772v2,https://iopscience.iop.org/article/10.3847/1538-4357/add15b,10.3847/1538-4357/add15b,single-epoch-virial-halpha-reines2013,1.0,lrd,0.0,formal_mbh_errors_exclude_virial_systematic;nominal_mass_uncorrected_for_dust,Nominal Table 1 mass and Halpha flux are uncorrected for dust; formal MBH errors exclude the approximately 0.5 dex virial-calibration systematic.,10000,20260808,30.0,0.1,1.0,True,split-normal-in-log-mbh,0.06,0.05,0.06,0.05,asymmetric,False,mbh_minus_0p3dex,MBH -0.3 dex,global_comparison,all_sources,-0.3,6.80690697672722,6.839433381641037,6.889714837793232,6.949161354234723,6.988966910757017,seed1e2,2.0,100.0,0.4030148182110081,0.40574185728766715,0.40995749366437906,0.41494153582141213,0.4182788646283329,0.0
expanded-blagn-v1,measurement,RUBIESUDS119957_taylor24,RUBIESUDS119957_taylor24,HZA-RUBIES-UDS-119957,RUBIES-UDS-119957,1,RUBIESUDS119957_taylor24,True,only catalogue measurement in this release,4.149,1.4731747837496332,RUBIES,UDS,broad-line-agn,robust,individual_robust,taylor24_ceers_rubies_blagn,Table 1 (Sample of BLAGN),The Astrophysical Journal 986:165 (2025); arXiv:2409.06772v2,https://iopscience.iop.org/article/10.3847/1538-4357/add15b,10.3847/1538-4357/add15b,single-epoch-virial-halpha-reines2013,1.0,lrd,0.0,formal_mbh_errors_exclude_virial_systematic;nominal_mass_uncorrected_for_dust,Nominal Table 1 mass and Halpha flux are uncorrected for dust; formal MBH errors exclude the approximately 0.5 dex virial-calibration systematic.,10000,20260808,30.0,0.1,1.0,True,split-normal-in-log-mbh,0.06,0.05,0.06,0.05,asymmetric,False,mbh_minus_0p3dex,MBH -0.3 dex,global_comparison,all_sources,-0.3,6.80690697672722,6.839433381641037,6.889714837793232,6.949161354234723,6.988966910757017,seed1e4,4.0,10000.0,0.23533326324761225,0.23806030232427122,0.2422759387009832,0.2472599808580163,0.25059730966493715,0.0
expanded-blagn-v1,measurement,RUBIESUDS119957_taylor24,RUBIESUDS119957_taylor24,HZA-RUBIES-UDS-119957,RUBIES-UDS-119957,1,RUBIESUDS119957_taylor24,True,only catalogue measurement in this release,4.149,1.4731747837496332,RUBIES,UDS,broad-line-agn,robust,individual_robust,taylor24_ceers_rubies_blagn,Table 1 (Sample of BLAGN),The Astrophysical Journal 986:165 (2025); arXiv:2409.06772v2,https://iopscience.iop.org/article/10.3847/1538-4357/add15b,10.3847/1538-4357/add15b,single-epoch-virial-halpha-reines2013,1.0,lrd,0.0,formal_mbh_errors_exclude_virial_systematic;nominal_mass_uncorrected_for_dust,Nominal Table 1 mass and Halpha flux are uncorrected for dust; formal MBH errors exclude the approximately 0.5 dex virial-calibration systematic.,10000,20260808,30.0,0.1,1.0,True,split-normal-in-log-mbh,0.06,0.05,0.06,0.05,asymmetric,False,mbh_minus_0p3dex,MBH -0.3 dex,global_comparison,all_sources,-0.3,6.80690697672722,6.839433381641037,6.889714837793232,6.949161354234723,6.988966910757017,seed1e5,5.0,100000.0,0.15149248576591431,0.1542195248425733,0.1584351612192853,0.16341920337631835,0.16675653218323924,0.0
expanded-blagn-v1,measurement,RUBIESUDS119957_taylor24,RUBIESUDS119957_taylor24,HZA-RUBIES-UDS-119957,RUBIES-UDS-119957,1,RUBIESUDS119957_taylor24,True,only catalogue measurement in this release,4.149,1.4731747837496332,RUBIES,UDS,broad-line-agn,robust,individual_robust,taylor24_ceers_rubies_blagn,Table 1 (Sample of BLAGN),The Astrophysical Journal 986:165 (2025); arXiv:2409.06772v2,https://iopscience.iop.org/article/10.3847/1538-4357/add15b,10.3847/1538-4357/add15b,single-epoch-virial-halpha-reines2013,1.0,lrd,0.0,formal_mbh_errors_exclude_virial_systematic;nominal_mass_uncorrected_for_dust,Nominal Table 1 mass and Halpha flux are uncorrected for dust; formal MBH errors exclude the approximately 0.5 dex virial-calibration systematic.,10000,20260808,30.0,0.1,1.0,True,split-normal-in-log-mbh,0.06,0.05,0.06,0.05,asymmetric,False,mbh_plus_0p3dex,MBH +0.3 dex,global_comparison,all_sources,0.3,7.406906976727219,7.439433381641036,7.489714837793231,7.549161354234722,7.588966910757017,seed1e2,2.0,100.0,0.4533192847000268,0.45604632377668586,0.4602619601533978,0.46524600231043084,0.46858333111735173,0.0
expanded-blagn-v1,measurement,RUBIESUDS119957_taylor24,RUBIESUDS119957_taylor24,HZA-RUBIES-UDS-119957,RUBIES-UDS-119957,1,RUBIESUDS119957_taylor24,True,only catalogue measurement in this release,4.149,1.4731747837496332,RUBIES,UDS,broad-line-agn,robust,individual_robust,taylor24_ceers_rubies_blagn,Table 1 (Sample of BLAGN),The Astrophysical Journal 986:165 (2025); arXiv:2409.06772v2,https://iopscience.iop.org/article/10.3847/1538-4357/add15b,10.3847/1538-4357/add15b,single-epoch-virial-halpha-reines2013,1.0,lrd,0.0,formal_mbh_errors_exclude_virial_systematic;nominal_mass_uncorrected_for_dust,Nominal Table 1 mass and Halpha flux are uncorrected for dust; formal MBH errors exclude the approximately 0.5 dex virial-calibration systematic.,10000,20260808,30.0,0.1,1.0,True,split-normal-in-log-mbh,0.06,0.05,0.06,0.05,asymmetric,False,mbh_plus_0p3dex,MBH +0.3 dex,global_comparison,all_sources,0.3,7.406906976727219,7.439433381641036,7.489714837793231,7.549161354234722,7.588966910757017,seed1e4,4.0,10000.0,0.28563772973663104,0.28836476881329,0.2925804051900019,0.29756444734703497,0.30090177615395586,0.0
expanded-blagn-v1,measurement,RUBIESUDS119957_taylor24,RUBIESUDS119957_taylor24,HZA-RUBIES-UDS-119957,RUBIES-UDS-119957,1,RUBIESUDS119957_taylor24,True,only catalogue measurement in this release,4.149,1.4731747837496332,RUBIES,UDS,broad-line-agn,robust,individual_robust,taylor24_ceers_rubies_blagn,Table 1 (Sample of BLAGN),The Astrophysical Journal 986:165 (2025); arXiv:2409.06772v2,https://iopscience.iop.org/article/10.3847/1538-4357/add15b,10.3847/1538-4357/add15b,single-epoch-virial-halpha-reines2013,1.0,lrd,0.0,formal_mbh_errors_exclude_virial_systematic;nominal_mass_uncorrected_for_dust,Nominal Table 1 mass and Halpha flux are uncorrected for dust; formal MBH errors exclude the approximately 0.5 dex virial-calibration systematic.,10000,20260808,30.0,0.1,1.0,True,split-normal-in-log-mbh,0.06,0.05,0.06,0.05,asymmetric,False,mbh_plus_0p3dex,MBH +0.3 dex,global_comparison,all_sources,0.3,7.406906976727219,7.439433381641036,7.489714837793231,7.549161354234722,7.588966910757017,seed1e5,5.0,100000.0,0.20179695225493305,0.20452399133159202,0.208739627708304,0.21372366986533708,0.2170609986722579,0.0
expanded-blagn-v1,measurement,RUBIESUDS119957_taylor24,RUBIESUDS119957_taylor24,HZA-RUBIES-UDS-119957,RUBIES-UDS-119957,1,RUBIESUDS119957_taylor24,True,only catalogue measurement in this release,4.149,1.4731747837496332,RUBIES,UDS,broad-line-agn,robust,individual_robust,taylor24_ceers_rubies_blagn,Table 1 (Sample of BLAGN),The Astrophysical Journal 986:165 (2025); arXiv:2409.06772v2,https://iopscience.iop.org/article/10.3847/1538-4357/add15b,10.3847/1538-4357/add15b,single-epoch-virial-halpha-reines2013,1.0,lrd,0.0,formal_mbh_errors_exclude_virial_systematic;nominal_mass_uncorrected_for_dust,Nominal Table 1 mass and Halpha flux are uncorrected for dust; formal MBH errors exclude the approximately 0.5 dex virial-calibration systematic.,10000,20260808,30.0,0.1,1.0,True,split-normal-in-log-mbh,0.06,0.05,0.06,0.05,asymmetric,False,taylor_virial_minus_0p5dex,Taylor virial calibration sensitivity: MBH -0.5 dex,taylor_virial_calibration_sensitivity,taylor24_ceers_rubies_blagn_only,-0.5,6.6069069767272195,6.6394333816410365,6.6897148377932325,6.749161354234722,6.788966910757017,seed1e2,2.0,100.0,0.38624666271466845,0.3889737017913275,0.39318933816803947,0.3981733803250725,0.40151070913199344,0.0
expanded-blagn-v1,measurement,RUBIESUDS119957_taylor24,RUBIESUDS119957_taylor24,HZA-RUBIES-UDS-119957,RUBIES-UDS-119957,1,RUBIESUDS119957_taylor24,True,only catalogue measurement in this release,4.149,1.4731747837496332,RUBIES,UDS,broad-line-agn,robust,individual_robust,taylor24_ceers_rubies_blagn,Table 1 (Sample of BLAGN),The Astrophysical Journal 986:165 (2025); arXiv:2409.06772v2,https://iopscience.iop.org/article/10.3847/1538-4357/add15b,10.3847/1538-4357/add15b,single-epoch-virial-halpha-reines2013,1.0,lrd,0.0,formal_mbh_errors_exclude_virial_systematic;nominal_mass_uncorrected_for_dust,Nominal Table 1 mass and Halpha flux are uncorrected for dust; formal MBH errors exclude the approximately 0.5 dex virial-calibration systematic.,10000,20260808,30.0,0.1,1.0,True,split-normal-in-log-mbh,0.06,0.05,0.06,0.05,asymmetric,False,taylor_virial_minus_0p5dex,Taylor virial calibration sensitivity: MBH -0.5 dex,taylor_virial_calibration_sensitivity,taylor24_ceers_rubies_blagn_only,-0.5,6.6069069767272195,6.6394333816410365,6.6897148377932325,6.749161354234722,6.788966910757017,seed1e4,4.0,10000.0,0.2185651077512727,0.2212921468279317,0.2255077832046436,0.23049182536167664,0.23382915416859754,0.0
expanded-blagn-v1,measurement,RUBIESUDS119957_taylor24,RUBIESUDS119957_taylor24,HZA-RUBIES-UDS-119957,RUBIES-UDS-119957,1,RUBIESUDS119957_taylor24,True,only catalogue measurement in this release,4.149,1.4731747837496332,RUBIES,UDS,broad-line-agn,robust,individual_robust,taylor24_ceers_rubies_blagn,Table 1 (Sample of BLAGN),The Astrophysical Journal 986:165 (2025); arXiv:2409.06772v2,https://iopscience.iop.org/article/10.3847/1538-4357/add15b,10.3847/1538-4357/add15b,single-epoch-virial-halpha-reines2013,1.0,lrd,0.0,formal_mbh_errors_exclude_virial_systematic;nominal_mass_uncorrected_for_dust,Nominal Table 1 mass and Halpha flux are uncorrected for dust; formal MBH errors exclude the approximately 0.5 dex virial-calibration systematic.,10000,20260808,30.0,0.1,1.0,True,split-normal-in-log-mbh,0.06,0.05,0.06,0.05,asymmetric,False,taylor_virial_minus_0p5dex,Taylor virial calibration sensitivity: MBH -0.5 dex,taylor_virial_calibration_sensitivity,taylor24_ceers_rubies_blagn_only,-0.5,6.6069069767272195,6.6394333816410365,6.6897148377932325,6.749161354234722,6.788966910757017,seed1e5,5.0,100000.0,0.1347243302695747,0.13745136934623373,0.1416670057229457,0.14665104787997874,0.1499883766868996,0.0
expanded-blagn-v1,measurement,RUBIESUDS119957_taylor24,RUBIESUDS119957_taylor24,HZA-RUBIES-UDS-119957,RUBIES-UDS-119957,1,RUBIESUDS119957_taylor24,True,only catalogue measurement in this release,4.149,1.4731747837496332,RUBIES,UDS,broad-line-agn,robust,individual_robust,taylor24_ceers_rubies_blagn,Table 1 (Sample of BLAGN),The Astrophysical Journal 986:165 (2025); arXiv:2409.06772v2,https://iopscience.iop.org/article/10.3847/1538-4357/add15b,10.3847/1538-4357/add15b,single-epoch-virial-halpha-reines2013,1.0,lrd,0.0,formal_mbh_errors_exclude_virial_systematic;nominal_mass_uncorrected_for_dust,Nominal Table 1 mass and Halpha flux are uncorrected for dust; formal MBH errors exclude the approximately 0.5 dex virial-calibration systematic.,10000,20260808,30.0,0.1,1.0,True,split-normal-in-log-mbh,0.06,0.05,0.06,0.05,asymmetric,False,taylor_virial_plus_0p5dex,Taylor virial calibration sensitivity: MBH +0.5 dex,taylor_virial_calibration_sensitivity,taylor24_ceers_rubies_blagn_only,0.5,7.6069069767272195,7.6394333816410365,7.6897148377932325,7.749161354234722,7.788966910757017,seed1e2,2.0,100.0,0.47008744019636645,0.4728144792730254,0.47703011564973735,0.4820141578067705,0.4853514866136914,0.0
expanded-blagn-v1,measurement,RUBIESUDS119957_taylor24,RUBIESUDS119957_taylor24,HZA-RUBIES-UDS-119957,RUBIES-UDS-119957,1,RUBIESUDS119957_taylor24,True,only catalogue measurement in this release,4.149,1.4731747837496332,RUBIES,UDS,broad-line-agn,robust,individual_robust,taylor24_ceers_rubies_blagn,Table 1 (Sample of BLAGN),The Astrophysical Journal 986:165 (2025); arXiv:2409.06772v2,https://iopscience.iop.org/article/10.3847/1538-4357/add15b,10.3847/1538-4357/add15b,single-epoch-virial-halpha-reines2013,1.0,lrd,0.0,formal_mbh_errors_exclude_virial_systematic;nominal_mass_uncorrected_for_dust,Nominal Table 1 mass and Halpha flux are uncorrected for dust; formal MBH errors exclude the approximately 0.5 dex virial-calibration systematic.,10000,20260808,30.0,0.1,1.0,True,split-normal-in-log-mbh,0.06,0.05,0.06,0.05,asymmetric,False,taylor_virial_plus_0p5dex,Taylor virial calibration sensitivity: MBH +0.5 dex,taylor_virial_calibration_sensitivity,taylor24_ceers_rubies_blagn_only,0.5,7.6069069767272195,7.6394333816410365,7.6897148377932325,7.749161354234722,7.788966910757017,seed1e4,4.0,10000.0,0.30240588523297063,0.3051329243096296,0.30934856068634153,0.31433260284337455,0.3176699316502955,0.0
expanded-blagn-v1,measurement,RUBIESUDS119957_taylor24,RUBIESUDS119957_taylor24,HZA-RUBIES-UDS-119957,RUBIES-UDS-119957,1,RUBIESUDS119957_taylor24,True,only catalogue measurement in this release,4.149,1.4731747837496332,RUBIES,UDS,broad-line-agn,robust,individual_robust,taylor24_ceers_rubies_blagn,Table 1 (Sample of BLAGN),The Astrophysical Journal 986:165 (2025); arXiv:2409.06772v2,https://iopscience.iop.org/article/10.3847/1538-4357/add15b,10.3847/1538-4357/add15b,single-epoch-virial-halpha-reines2013,1.0,lrd,0.0,formal_mbh_errors_exclude_virial_systematic;nominal_mass_uncorrected_for_dust,Nominal Table 1 mass and Halpha flux are uncorrected for dust; formal MBH errors exclude the approximately 0.5 dex virial-calibration systematic.,10000,20260808,30.0,0.1,1.0,True,split-normal-in-log-mbh,0.06,0.05,0.06,0.05,asymmetric,False,taylor_virial_plus_0p5dex,Taylor virial calibration sensitivity: MBH +0.5 dex,taylor_virial_calibration_sensitivity,taylor24_ceers_rubies_blagn_only,0.5,7.6069069767272195,7.6394333816410365,7.6897148377932325,7.749161354234722,7.788966910757017,seed1e5,5.0,100000.0,0.2185651077512727,0.2212921468279317,0.2255077832046436,0.23049182536167664,0.23382915416859754,0.0
expanded-blagn-v1,measurement,RUBIESUDS139709_taylor24,RUBIESUDS139709_taylor24,HZA-RUBIES-UDS-139709,RUBIES-UDS-139709,1,RUBIESUDS139709_taylor24,True,only catalogue measurement in this release,5.685,0.9972576687755248,RUBIES,UDS,broad-line-agn,robust,individual_robust,taylor24_ceers_rubies_blagn,Table 1 (Sample of BLAGN),The Astrophysical Journal 986:165 (2025); arXiv:2409.06772v2,https://iopscience.iop.org/article/10.3847/1538-4357/add15b,10.3847/1538-4357/add15b,single-epoch-virial-halpha-reines2013,1.0,lrd,0.0,formal_mbh_errors_exclude_virial_systematic;nominal_mass_uncorrected_for_dust,Nominal Table 1 mass and Halpha flux are uncorrected for dust; formal MBH errors exclude the approximately 0.5 dex virial-calibration systematic.,10000,20260808,30.0,0.1,1.0,True,split-normal-in-log-mbh,0.07,0.07,0.07,0.07,symmetric_reported,False,baseline,reported MBH,none,all_sources,0.0,7.766805786334892,7.809309987934692,7.877985711922628,7.947788370773734,7.994743477768469,seed1e2,2.0,100.0,0.7399405635412992,0.7453942902749365,0.7542060928207504,0.7631624927136266,0.7691873164406814,0.0
expanded-blagn-v1,measurement,RUBIESUDS139709_taylor24,RUBIESUDS139709_taylor24,HZA-RUBIES-UDS-139709,RUBIES-UDS-139709,1,RUBIESUDS139709_taylor24,True,only catalogue measurement in this release,5.685,0.9972576687755248,RUBIES,UDS,broad-line-agn,robust,individual_robust,taylor24_ceers_rubies_blagn,Table 1 (Sample of BLAGN),The Astrophysical Journal 986:165 (2025); arXiv:2409.06772v2,https://iopscience.iop.org/article/10.3847/1538-4357/add15b,10.3847/1538-4357/add15b,single-epoch-virial-halpha-reines2013,1.0,lrd,0.0,formal_mbh_errors_exclude_virial_systematic;nominal_mass_uncorrected_for_dust,Nominal Table 1 mass and Halpha flux are uncorrected for dust; formal MBH errors exclude the approximately 0.5 dex virial-calibration systematic.,10000,20260808,30.0,0.1,1.0,True,split-normal-in-log-mbh,0.07,0.07,0.07,0.07,symmetric_reported,False,baseline,reported MBH,none,all_sources,0.0,7.766805786334892,7.809309987934692,7.877985711922628,7.947788370773734,7.994743477768469,seed1e4,4.0,10000.0,0.48331996941805916,0.48877369615169647,0.49758549869751034,0.5065418985903867,0.5125667223174414,0.0
expanded-blagn-v1,measurement,RUBIESUDS139709_taylor24,RUBIESUDS139709_taylor24,HZA-RUBIES-UDS-139709,RUBIES-UDS-139709,1,RUBIESUDS139709_taylor24,True,only catalogue measurement in this release,5.685,0.9972576687755248,RUBIES,UDS,broad-line-agn,robust,individual_robust,taylor24_ceers_rubies_blagn,Table 1 (Sample of BLAGN),The Astrophysical Journal 986:165 (2025); arXiv:2409.06772v2,https://iopscience.iop.org/article/10.3847/1538-4357/add15b,10.3847/1538-4357/add15b,single-epoch-virial-halpha-reines2013,1.0,lrd,0.0,formal_mbh_errors_exclude_virial_systematic;nominal_mass_uncorrected_for_dust,Nominal Table 1 mass and Halpha flux are uncorrected for dust; formal MBH errors exclude the approximately 0.5 dex virial-calibration systematic.,10000,20260808,30.0,0.1,1.0,True,split-normal-in-log-mbh,0.07,0.07,0.07,0.07,symmetric_reported,False,baseline,reported MBH,none,all_sources,0.0,7.766805786334892,7.809309987934692,7.877985711922628,7.947788370773734,7.994743477768469,seed1e5,5.0,100000.0,0.35500967235643915,0.36046339909007635,0.36927520163589045,0.3782316015287666,0.3842564252558213,0.0
expanded-blagn-v1,measurement,RUBIESUDS139709_taylor24,RUBIESUDS139709_taylor24,HZA-RUBIES-UDS-139709,RUBIES-UDS-139709,1,RUBIESUDS139709_taylor24,True,only catalogue measurement in this release,5.685,0.9972576687755248,RUBIES,UDS,broad-line-agn,robust,individual_robust,taylor24_ceers_rubies_blagn,Table 1 (Sample of BLAGN),The Astrophysical Journal 986:165 (2025); arXiv:2409.06772v2,https://iopscience.iop.org/article/10.3847/1538-4357/add15b,10.3847/1538-4357/add15b,single-epoch-virial-halpha-reines2013,1.0,lrd,0.0,formal_mbh_errors_exclude_virial_systematic;nominal_mass_uncorrected_for_dust,Nominal Table 1 mass and Halpha flux are uncorrected for dust; formal MBH errors exclude the approximately 0.5 dex virial-calibration systematic.,10000,20260808,30.0,0.1,1.0,True,split-normal-in-log-mbh,0.07,0.07,0.07,0.07,symmetric_reported,False,mbh_minus_0p3dex,MBH -0.3 dex,global_comparison,all_sources,-0.3,7.466805786334892,7.509309987934692,7.577985711922629,7.647788370773734,7.694743477768469,seed1e2,2.0,100.0,0.7014474744228132,0.7069012011564505,0.7157130037022645,0.7246694035951406,0.7306942273221952,0.0
expanded-blagn-v1,measurement,RUBIESUDS139709_taylor24,RUBIESUDS139709_taylor24,HZA-RUBIES-UDS-139709,RUBIES-UDS-139709,1,RUBIESUDS139709_taylor24,True,only catalogue measurement in this release,5.685,0.9972576687755248,RUBIES,UDS,broad-line-agn,robust,individual_robust,taylor24_ceers_rubies_blagn,Table 1 (Sample of BLAGN),The Astrophysical Journal 986:165 (2025); arXiv:2409.06772v2,https://iopscience.iop.org/article/10.3847/1538-4357/add15b,10.3847/1538-4357/add15b,single-epoch-virial-halpha-reines2013,1.0,lrd,0.0,formal_mbh_errors_exclude_virial_systematic;nominal_mass_uncorrected_for_dust,Nominal Table 1 mass and Halpha flux are uncorrected for dust; formal MBH errors exclude the approximately 0.5 dex virial-calibration systematic.,10000,20260808,30.0,0.1,1.0,True,split-normal-in-log-mbh,0.07,0.07,0.07,0.07,symmetric_reported,False,mbh_minus_0p3dex,MBH -0.3 dex,global_comparison,all_sources,-0.3,7.466805786334892,7.509309987934692,7.577985711922629,7.647788370773734,7.694743477768469,seed1e4,4.0,10000.0,0.4448268802995731,0.45028060703321054,0.4590924095790245,0.4680488094719006,0.47407363319895535,0.0
expanded-blagn-v1,measurement,RUBIESUDS139709_taylor24,RUBIESUDS139709_taylor24,HZA-RUBIES-UDS-139709,RUBIES-UDS-139709,1,RUBIESUDS139709_taylor24,True,only catalogue measurement in this release,5.685,0.9972576687755248,RUBIES,UDS,broad-line-agn,robust,individual_robust,taylor24_ceers_rubies_blagn,Table 1 (Sample of BLAGN),The Astrophysical Journal 986:165 (2025); arXiv:2409.06772v2,https://iopscience.iop.org/article/10.3847/1538-4357/add15b,10.3847/1538-4357/add15b,single-epoch-virial-halpha-reines2013,1.0,lrd,0.0,formal_mbh_errors_exclude_virial_systematic;nominal_mass_uncorrected_for_dust,Nominal Table 1 mass and Halpha flux are uncorrected for dust; formal MBH errors exclude the approximately 0.5 dex virial-calibration systematic.,10000,20260808,30.0,0.1,1.0,True,split-normal-in-log-mbh,0.07,0.07,0.07,0.07,symmetric_reported,False,mbh_minus_0p3dex,MBH -0.3 dex,global_comparison,all_sources,-0.3,7.466805786334892,7.509309987934692,7.577985711922629,7.647788370773734,7.694743477768469,seed1e5,5.0,100000.0,0.3165165832379532,0.3219703099715905,0.3307821125174044,0.3397385124102806,0.3457633361373353,0.0
expanded-blagn-v1,measurement,RUBIESUDS139709_taylor24,RUBIESUDS139709_taylor24,HZA-RUBIES-UDS-139709,RUBIES-UDS-139709,1,RUBIESUDS139709_taylor24,True,only catalogue measurement in this release,5.685,0.9972576687755248,RUBIES,UDS,broad-line-agn,robust,individual_robust,taylor24_ceers_rubies_blagn,Table 1 (Sample of BLAGN),The Astrophysical Journal 986:165 (2025); arXiv:2409.06772v2,https://iopscience.iop.org/article/10.3847/1538-4357/add15b,10.3847/1538-4357/add15b,single-epoch-virial-halpha-reines2013,1.0,lrd,0.0,formal_mbh_errors_exclude_virial_systematic;nominal_mass_uncorrected_for_dust,Nominal Table 1 mass and Halpha flux are uncorrected for dust; formal MBH errors exclude the approximately 0.5 dex virial-calibration systematic.,10000,20260808,30.0,0.1,1.0,True,split-normal-in-log-mbh,0.07,0.07,0.07,0.07,symmetric_reported,False,mbh_plus_0p3dex,MBH +0.3 dex,global_comparison,all_sources,0.3,8.066805786334893,8.109309987934692,8.177985711922629,8.247788370773733,8.29474347776847,seed1e2,2.0,100.0,0.7784336526597853,0.7838873793934226,0.7926991819392366,0.8016555818321127,0.8076804055591674,0.0
expanded-blagn-v1,measurement,RUBIESUDS139709_taylor24,RUBIESUDS139709_taylor24,HZA-RUBIES-UDS-139709,RUBIES-UDS-139709,1,RUBIESUDS139709_taylor24,True,only catalogue measurement in this release,5.685,0.9972576687755248,RUBIES,UDS,broad-line-agn,robust,individual_robust,taylor24_ceers_rubies_blagn,Table 1 (Sample of BLAGN),The Astrophysical Journal 986:165 (2025); arXiv:2409.06772v2,https://iopscience.iop.org/article/10.3847/1538-4357/add15b,10.3847/1538-4357/add15b,single-epoch-virial-halpha-reines2013,1.0,lrd,0.0,formal_mbh_errors_exclude_virial_systematic;nominal_mass_uncorrected_for_dust,Nominal Table 1 mass and Halpha flux are uncorrected for dust; formal MBH errors exclude the approximately 0.5 dex virial-calibration systematic.,10000,20260808,30.0,0.1,1.0,True,split-normal-in-log-mbh,0.07,0.07,0.07,0.07,symmetric_reported,False,mbh_plus_0p3dex,MBH +0.3 dex,global_comparison,all_sources,0.3,8.066805786334893,8.109309987934692,8.177985711922629,8.247788370773733,8.29474347776847,seed1e4,4.0,10000.0,0.5218130585365452,0.5272667852701824,0.5360785878159965,0.5450349877088727,0.5510598114359274,0.0
expanded-blagn-v1,measurement,RUBIESUDS139709_taylor24,RUBIESUDS139709_taylor24,HZA-RUBIES-UDS-139709,RUBIES-UDS-139709,1,RUBIESUDS139709_taylor24,True,only catalogue measurement in this release,5.685,0.9972576687755248,RUBIES,UDS,broad-line-agn,robust,individual_robust,taylor24_ceers_rubies_blagn,Table 1 (Sample of BLAGN),The Astrophysical Journal 986:165 (2025); arXiv:2409.06772v2,https://iopscience.iop.org/article/10.3847/1538-4357/add15b,10.3847/1538-4357/add15b,single-epoch-virial-halpha-reines2013,1.0,lrd,0.0,formal_mbh_errors_exclude_virial_systematic;nominal_mass_uncorrected_for_dust,Nominal Table 1 mass and Halpha flux are uncorrected for dust; formal MBH errors exclude the approximately 0.5 dex virial-calibration systematic.,10000,20260808,30.0,0.1,1.0,True,split-normal-in-log-mbh,0.07,0.07,0.07,0.07,symmetric_reported,False,mbh_plus_0p3dex,MBH +0.3 dex,global_comparison,all_sources,0.3,8.066805786334893,8.109309987934692,8.177985711922629,8.247788370773733,8.29474347776847,seed1e5,5.0,100000.0,0.3935027614749252,0.39895648820856255,0.4077682907543765,0.41672469064725265,0.42274951437430736,0.0
expanded-blagn-v1,measurement,RUBIESUDS139709_taylor24,RUBIESUDS139709_taylor24,HZA-RUBIES-UDS-139709,RUBIES-UDS-139709,1,RUBIESUDS139709_taylor24,True,only catalogue measurement in this release,5.685,0.9972576687755248,RUBIES,UDS,broad-line-agn,robust,individual_robust,taylor24_ceers_rubies_blagn,Table 1 (Sample of BLAGN),The Astrophysical Journal 986:165 (2025); arXiv:2409.06772v2,https://iopscience.iop.org/article/10.3847/1538-4357/add15b,10.3847/1538-4357/add15b,single-epoch-virial-halpha-reines2013,1.0,lrd,0.0,formal_mbh_errors_exclude_virial_systematic;nominal_mass_uncorrected_for_dust,Nominal Table 1 mass and Halpha flux are uncorrected for dust; formal MBH errors exclude the approximately 0.5 dex virial-calibration systematic.,10000,20260808,30.0,0.1,1.0,True,split-normal-in-log-mbh,0.07,0.07,0.07,0.07,symmetric_reported,False,taylor_virial_minus_0p5dex,Taylor virial calibration sensitivity: MBH -0.5 dex,taylor_virial_calibration_sensitivity,taylor24_ceers_rubies_blagn_only,-0.5,7.266805786334892,7.309309987934692,7.377985711922628,7.447788370773734,7.494743477768469,seed1e2,2.0,100.0,0.6757854150104892,0.6812391417441265,0.6900509442899405,0.6990073441828166,0.7050321679098714,0.0
expanded-blagn-v1,measurement,RUBIESUDS139709_taylor24,RUBIESUDS139709_taylor24,HZA-RUBIES-UDS-139709,RUBIES-UDS-139709,1,RUBIESUDS139709_taylor24,True,only catalogue measurement in this release,5.685,0.9972576687755248,RUBIES,UDS,broad-line-agn,robust,individual_robust,taylor24_ceers_rubies_blagn,Table 1 (Sample of BLAGN),The Astrophysical Journal 986:165 (2025); arXiv:2409.06772v2,https://iopscience.iop.org/article/10.3847/1538-4357/add15b,10.3847/1538-4357/add15b,single-epoch-virial-halpha-reines2013,1.0,lrd,0.0,formal_mbh_errors_exclude_virial_systematic;nominal_mass_uncorrected_for_dust,Nominal Table 1 mass and Halpha flux are uncorrected for dust; formal MBH errors exclude the approximately 0.5 dex virial-calibration systematic.,10000,20260808,30.0,0.1,1.0,True,split-normal-in-log-mbh,0.07,0.07,0.07,0.07,symmetric_reported,False,taylor_virial_minus_0p5dex,Taylor virial calibration sensitivity: MBH -0.5 dex,taylor_virial_calibration_sensitivity,taylor24_ceers_rubies_blagn_only,-0.5,7.266805786334892,7.309309987934692,7.377985711922628,7.447788370773734,7.494743477768469,seed1e4,4.0,10000.0,0.41916482088724916,0.42461854762088647,0.4334303501667004,0.44238675005957656,0.44841157378663127,0.0
expanded-blagn-v1,measurement,RUBIESUDS139709_taylor24,RUBIESUDS139709_taylor24,HZA-RUBIES-UDS-139709,RUBIES-UDS-139709,1,RUBIESUDS139709_taylor24,True,only catalogue measurement in this release,5.685,0.9972576687755248,RUBIES,UDS,broad-line-agn,robust,individual_robust,taylor24_ceers_rubies_blagn,Table 1 (Sample of BLAGN),The Astrophysical Journal 986:165 (2025); arXiv:2409.06772v2,https://iopscience.iop.org/article/10.3847/1538-4357/add15b,10.3847/1538-4357/add15b,single-epoch-virial-halpha-reines2013,1.0,lrd,0.0,formal_mbh_errors_exclude_virial_systematic;nominal_mass_uncorrected_for_dust,Nominal Table 1 mass and Halpha flux are uncorrected for dust; formal MBH errors exclude the approximately 0.5 dex virial-calibration systematic.,10000,20260808,30.0,0.1,1.0,True,split-normal-in-log-mbh,0.07,0.07,0.07,0.07,symmetric_reported,False,taylor_virial_minus_0p5dex,Taylor virial calibration sensitivity: MBH -0.5 dex,taylor_virial_calibration_sensitivity,taylor24_ceers_rubies_blagn_only,-0.5,7.266805786334892,7.309309987934692,7.377985711922628,7.447788370773734,7.494743477768469,seed1e5,5.0,100000.0,0.29085452382562915,0.2963082505592664,0.3051200531050804,0.31407645299795656,0.32010127672501126,0.0
expanded-blagn-v1,measurement,RUBIESUDS139709_taylor24,RUBIESUDS139709_taylor24,HZA-RUBIES-UDS-139709,RUBIES-UDS-139709,1,RUBIESUDS139709_taylor24,True,only catalogue measurement in this release,5.685,0.9972576687755248,RUBIES,UDS,broad-line-agn,robust,individual_robust,taylor24_ceers_rubies_blagn,Table 1 (Sample of BLAGN),The Astrophysical Journal 986:165 (2025); arXiv:2409.06772v2,https://iopscience.iop.org/article/10.3847/1538-4357/add15b,10.3847/1538-4357/add15b,single-epoch-virial-halpha-reines2013,1.0,lrd,0.0,formal_mbh_errors_exclude_virial_systematic;nominal_mass_uncorrected_for_dust,Nominal Table 1 mass and Halpha flux are uncorrected for dust; formal MBH errors exclude the approximately 0.5 dex virial-calibration systematic.,10000,20260808,30.0,0.1,1.0,True,split-normal-in-log-mbh,0.07,0.07,0.07,0.07,symmetric_reported,False,taylor_virial_plus_0p5dex,Taylor virial calibration sensitivity: MBH +0.5 dex,taylor_virial_calibration_sensitivity,taylor24_ceers_rubies_blagn_only,0.5,8.266805786334892,8.309309987934691,8.37798571192263,8.447788370773733,8.49474347776847,seed1e2,2.0,100.0,0.8040957120721093,0.8095494388057464,0.8183612413515606,0.8273176412444366,0.8333424649714914,0.0
expanded-blagn-v1,measurement,RUBIESUDS139709_taylor24,RUBIESUDS139709_taylor24,HZA-RUBIES-UDS-139709,RUBIES-UDS-139709,1,RUBIESUDS139709_taylor24,True,only catalogue measurement in this release,5.685,0.9972576687755248,RUBIES,UDS,broad-line-agn,robust,individual_robust,taylor24_ceers_rubies_blagn,Table 1 (Sample of BLAGN),The Astrophysical Journal 986:165 (2025); arXiv:2409.06772v2,https://iopscience.iop.org/article/10.3847/1538-4357/add15b,10.3847/1538-4357/add15b,single-epoch-virial-halpha-reines2013,1.0,lrd,0.0,formal_mbh_errors_exclude_virial_systematic;nominal_mass_uncorrected_for_dust,Nominal Table 1 mass and Halpha flux are uncorrected for dust; formal MBH errors exclude the approximately 0.5 dex virial-calibration systematic.,10000,20260808,30.0,0.1,1.0,True,split-normal-in-log-mbh,0.07,0.07,0.07,0.07,symmetric_reported,False,taylor_virial_plus_0p5dex,Taylor virial calibration sensitivity: MBH +0.5 dex,taylor_virial_calibration_sensitivity,taylor24_ceers_rubies_blagn_only,0.5,8.266805786334892,8.309309987934691,8.37798571192263,8.447788370773733,8.49474347776847,seed1e4,4.0,10000.0,0.5474751179488693,0.5529288446825064,0.5617406472283205,0.5706970471211966,0.5767218708482514,0.0
expanded-blagn-v1,measurement,RUBIESUDS139709_taylor24,RUBIESUDS139709_taylor24,HZA-RUBIES-UDS-139709,RUBIES-UDS-139709,1,RUBIESUDS139709_taylor24,True,only catalogue measurement in this release,5.685,0.9972576687755248,RUBIES,UDS,broad-line-agn,robust,individual_robust,taylor24_ceers_rubies_blagn,Table 1 (Sample of BLAGN),The Astrophysical Journal 986:165 (2025); arXiv:2409.06772v2,https://iopscience.iop.org/article/10.3847/1538-4357/add15b,10.3847/1538-4357/add15b,single-epoch-virial-halpha-reines2013,1.0,lrd,0.0,formal_mbh_errors_exclude_virial_systematic;nominal_mass_uncorrected_for_dust,Nominal Table 1 mass and Halpha flux are uncorrected for dust; formal MBH errors exclude the approximately 0.5 dex virial-calibration systematic.,10000,20260808,30.0,0.1,1.0,True,split-normal-in-log-mbh,0.07,0.07,0.07,0.07,symmetric_reported,False,taylor_virial_plus_0p5dex,Taylor virial calibration sensitivity: MBH +0.5 dex,taylor_virial_calibration_sensitivity,taylor24_ceers_rubies_blagn_only,0.5,8.266805786334892,8.309309987934691,8.37798571192263,8.447788370773733,8.49474347776847,seed1e5,5.0,100000.0,0.4191648208872491,0.42461854762088647,0.4334303501667005,0.44238675005957656,0.44841157378663127,0.0
expanded-blagn-v1,measurement,RUBIESUDS143683_taylor24,RUBIESUDS143683_taylor24,HZA-RUBIES-UDS-143683,RUBIES-UDS-143683,1,RUBIESUDS143683_taylor24,True,only catalogue measurement in this release,4.226,1.4409010539259417,RUBIES,UDS,broad-line-agn,robust,individual_robust,taylor24_ceers_rubies_blagn,Table 1 (Sample of BLAGN),The Astrophysical Journal 986:165 (2025); arXiv:2409.06772v2,https://iopscience.iop.org/article/10.3847/1538-4357/add15b,10.3847/1538-4357/add15b,single-epoch-virial-halpha-reines2013,0.0,non_lrd,0.0,formal_mbh_errors_exclude_virial_systematic;nominal_mass_uncorrected_for_dust,Nominal Table 1 mass and Halpha flux are uncorrected for dust; formal MBH errors exclude the approximately 0.5 dex virial-calibration systematic.,10000,20260808,30.0,0.1,1.0,True,split-normal-in-log-mbh,0.16,0.19,0.16,0.19,asymmetric,False,baseline,reported MBH,none,all_sources,0.0,6.504215456382934,6.6241128841705095,6.811298160482249,6.969629248758439,7.072480750180326,seed1e2,2.0,100.0,0.38672605327304793,0.39702028974883025,0.41309177297157007,0.4266858733143295,0.43551656882684725,0.0
expanded-blagn-v1,measurement,RUBIESUDS143683_taylor24,RUBIESUDS143683_taylor24,HZA-RUBIES-UDS-143683,RUBIES-UDS-143683,1,RUBIESUDS143683_taylor24,True,only catalogue measurement in this release,4.226,1.4409010539259417,RUBIES,UDS,broad-line-agn,robust,individual_robust,taylor24_ceers_rubies_blagn,Table 1 (Sample of BLAGN),The Astrophysical Journal 986:165 (2025); arXiv:2409.06772v2,https://iopscience.iop.org/article/10.3847/1538-4357/add15b,10.3847/1538-4357/add15b,single-epoch-virial-halpha-reines2013,0.0,non_lrd,0.0,formal_mbh_errors_exclude_virial_systematic;nominal_mass_uncorrected_for_dust,Nominal Table 1 mass and Halpha flux are uncorrected for dust; formal MBH errors exclude the approximately 0.5 dex virial-calibration systematic.,10000,20260808,30.0,0.1,1.0,True,split-normal-in-log-mbh,0.16,0.19,0.16,0.19,asymmetric,False,baseline,reported MBH,none,all_sources,0.0,6.504215456382934,6.6241128841705095,6.811298160482249,6.969629248758439,7.072480750180326,seed1e4,4.0,10000.0,0.2150086667412747,0.22530290321705693,0.24137438643979678,0.25496848678255624,0.263799182295074,0.0
expanded-blagn-v1,measurement,RUBIESUDS143683_taylor24,RUBIESUDS143683_taylor24,HZA-RUBIES-UDS-143683,RUBIES-UDS-143683,1,RUBIESUDS143683_taylor24,True,only catalogue measurement in this release,4.226,1.4409010539259417,RUBIES,UDS,broad-line-agn,robust,individual_robust,taylor24_ceers_rubies_blagn,Table 1 (Sample of BLAGN),The Astrophysical Journal 986:165 (2025); arXiv:2409.06772v2,https://iopscience.iop.org/article/10.3847/1538-4357/add15b,10.3847/1538-4357/add15b,single-epoch-virial-halpha-reines2013,0.0,non_lrd,0.0,formal_mbh_errors_exclude_virial_systematic;nominal_mass_uncorrected_for_dust,Nominal Table 1 mass and Halpha flux are uncorrected for dust; formal MBH errors exclude the approximately 0.5 dex virial-calibration systematic.,10000,20260808,30.0,0.1,1.0,True,split-normal-in-log-mbh,0.16,0.19,0.16,0.19,asymmetric,False,baseline,reported MBH,none,all_sources,0.0,6.504215456382934,6.6241128841705095,6.811298160482249,6.969629248758439,7.072480750180326,seed1e5,5.0,100000.0,0.12914997347538804,0.1394442099511703,0.15551569317391015,0.16910979351666958,0.17794048902918733,0.0
expanded-blagn-v1,measurement,RUBIESUDS143683_taylor24,RUBIESUDS143683_taylor24,HZA-RUBIES-UDS-143683,RUBIES-UDS-143683,1,RUBIESUDS143683_taylor24,True,only catalogue measurement in this release,4.226,1.4409010539259417,RUBIES,UDS,broad-line-agn,robust,individual_robust,taylor24_ceers_rubies_blagn,Table 1 (Sample of BLAGN),The Astrophysical Journal 986:165 (2025); arXiv:2409.06772v2,https://iopscience.iop.org/article/10.3847/1538-4357/add15b,10.3847/1538-4357/add15b,single-epoch-virial-halpha-reines2013,0.0,non_lrd,0.0,formal_mbh_errors_exclude_virial_systematic;nominal_mass_uncorrected_for_dust,Nominal Table 1 mass and Halpha flux are uncorrected for dust; formal MBH errors exclude the approximately 0.5 dex virial-calibration systematic.,10000,20260808,30.0,0.1,1.0,True,split-normal-in-log-mbh,0.16,0.19,0.16,0.19,asymmetric,False,mbh_minus_0p3dex,MBH -0.3 dex,global_comparison,all_sources,-0.3,6.204215456382935,6.32411288417051,6.51129816048225,6.669629248758439,6.772480750180327,seed1e2,2.0,100.0,0.360968445293282,0.3712626817690643,0.38733416499180406,0.4009282653345635,0.40975896084708124,0.0
expanded-blagn-v1,measurement,RUBIESUDS143683_taylor24,RUBIESUDS143683_taylor24,HZA-RUBIES-UDS-143683,RUBIES-UDS-143683,1,RUBIESUDS143683_taylor24,True,only catalogue measurement in this release,4.226,1.4409010539259417,RUBIES,UDS,broad-line-agn,robust,individual_robust,taylor24_ceers_rubies_blagn,Table 1 (Sample of BLAGN),The Astrophysical Journal 986:165 (2025); arXiv:2409.06772v2,https://iopscience.iop.org/article/10.3847/1538-4357/add15b,10.3847/1538-4357/add15b,single-epoch-virial-halpha-reines2013,0.0,non_lrd,0.0,formal_mbh_errors_exclude_virial_systematic;nominal_mass_uncorrected_for_dust,Nominal Table 1 mass and Halpha flux are uncorrected for dust; formal MBH errors exclude the approximately 0.5 dex virial-calibration systematic.,10000,20260808,30.0,0.1,1.0,True,split-normal-in-log-mbh,0.16,0.19,0.16,0.19,asymmetric,False,mbh_minus_0p3dex,MBH -0.3 dex,global_comparison,all_sources,-0.3,6.204215456382935,6.32411288417051,6.51129816048225,6.669629248758439,6.772480750180327,seed1e4,4.0,10000.0,0.1892510587615087,0.19954529523729095,0.2156167784600308,0.22921087880279023,0.238041574315308,0.0
expanded-blagn-v1,measurement,RUBIESUDS143683_taylor24,RUBIESUDS143683_taylor24,HZA-RUBIES-UDS-143683,RUBIES-UDS-143683,1,RUBIESUDS143683_taylor24,True,only catalogue measurement in this release,4.226,1.4409010539259417,RUBIES,UDS,broad-line-agn,robust,individual_robust,taylor24_ceers_rubies_blagn,Table 1 (Sample of BLAGN),The Astrophysical Journal 986:165 (2025); arXiv:2409.06772v2,https://iopscience.iop.org/article/10.3847/1538-4357/add15b,10.3847/1538-4357/add15b,single-epoch-virial-halpha-reines2013,0.0,non_lrd,0.0,formal_mbh_errors_exclude_virial_systematic;nominal_mass_uncorrected_for_dust,Nominal Table 1 mass and Halpha flux are uncorrected for dust; formal MBH errors exclude the approximately 0.5 dex virial-calibration systematic.,10000,20260808,30.0,0.1,1.0,True,split-normal-in-log-mbh,0.16,0.19,0.16,0.19,asymmetric,False,mbh_minus_0p3dex,MBH -0.3 dex,global_comparison,all_sources,-0.3,6.204215456382935,6.32411288417051,6.51129816048225,6.669629248758439,6.772480750180327,seed1e5,5.0,100000.0,0.10339236549562206,0.1136866019714043,0.12975808519414417,0.1433521855369036,0.15218288104942135,0.0
expanded-blagn-v1,measurement,RUBIESUDS143683_taylor24,RUBIESUDS143683_taylor24,HZA-RUBIES-UDS-143683,RUBIES-UDS-143683,1,RUBIESUDS143683_taylor24,True,only catalogue measurement in this release,4.226,1.4409010539259417,RUBIES,UDS,broad-line-agn,robust,individual_robust,taylor24_ceers_rubies_blagn,Table 1 (Sample of BLAGN),The Astrophysical Journal 986:165 (2025); arXiv:2409.06772v2,https://iopscience.iop.org/article/10.3847/1538-4357/add15b,10.3847/1538-4357/add15b,single-epoch-virial-halpha-reines2013,0.0,non_lrd,0.0,formal_mbh_errors_exclude_virial_systematic;nominal_mass_uncorrected_for_dust,Nominal Table 1 mass and Halpha flux are uncorrected for dust; formal MBH errors exclude the approximately 0.5 dex virial-calibration systematic.,10000,20260808,30.0,0.1,1.0,True,split-normal-in-log-mbh,0.16,0.19,0.16,0.19,asymmetric,False,mbh_plus_0p3dex,MBH +0.3 dex,global_comparison,all_sources,0.3,6.804215456382934,6.924112884170509,7.111298160482249,7.269629248758439,7.372480750180326,seed1e2,2.0,100.0,0.4124836612528139,0.42277789772859614,0.438849380951336,0.4524434812940955,0.46127417680661326,0.0
expanded-blagn-v1,measurement,RUBIESUDS143683_taylor24,RUBIESUDS143683_taylor24,HZA-RUBIES-UDS-143683,RUBIES-UDS-143683,1,RUBIESUDS143683_taylor24,True,only catalogue measurement in this release,4.226,1.4409010539259417,RUBIES,UDS,broad-line-agn,robust,individual_robust,taylor24_ceers_rubies_blagn,Table 1 (Sample of BLAGN),The Astrophysical Journal 986:165 (2025); arXiv:2409.06772v2,https://iopscience.iop.org/article/10.3847/1538-4357/add15b,10.3847/1538-4357/add15b,single-epoch-virial-halpha-reines2013,0.0,non_lrd,0.0,formal_mbh_errors_exclude_virial_systematic;nominal_mass_uncorrected_for_dust,Nominal Table 1 mass and Halpha flux are uncorrected for dust; formal MBH errors exclude the approximately 0.5 dex virial-calibration systematic.,10000,20260808,30.0,0.1,1.0,True,split-normal-in-log-mbh,0.16,0.19,0.16,0.19,asymmetric,False,mbh_plus_0p3dex,MBH +0.3 dex,global_comparison,all_sources,0.3,6.804215456382934,6.924112884170509,7.111298160482249,7.269629248758439,7.372480750180326,seed1e4,4.0,10000.0,0.24076627472104067,0.25106051119682293,0.26713199441956276,0.28072609476232224,0.28955679027483994,0.0
expanded-blagn-v1,measurement,RUBIESUDS143683_taylor24,RUBIESUDS143683_taylor24,HZA-RUBIES-UDS-143683,RUBIES-UDS-143683,1,RUBIESUDS143683_taylor24,True,only catalogue measurement in this release,4.226,1.4409010539259417,RUBIES,UDS,broad-line-agn,robust,individual_robust,taylor24_ceers_rubies_blagn,Table 1 (Sample of BLAGN),The Astrophysical Journal 986:165 (2025); arXiv:2409.06772v2,https://iopscience.iop.org/article/10.3847/1538-4357/add15b,10.3847/1538-4357/add15b,single-epoch-virial-halpha-reines2013,0.0,non_lrd,0.0,formal_mbh_errors_exclude_virial_systematic;nominal_mass_uncorrected_for_dust,Nominal Table 1 mass and Halpha flux are uncorrected for dust; formal MBH errors exclude the approximately 0.5 dex virial-calibration systematic.,10000,20260808,30.0,0.1,1.0,True,split-normal-in-log-mbh,0.16,0.19,0.16,0.19,asymmetric,False,mbh_plus_0p3dex,MBH +0.3 dex,global_comparison,all_sources,0.3,6.804215456382934,6.924112884170509,7.111298160482249,7.269629248758439,7.372480750180326,seed1e5,5.0,100000.0,0.15490758145515401,0.16520181793093627,0.18127330115367613,0.19486740149643555,0.20369809700895328,0.0
expanded-blagn-v1,measurement,RUBIESUDS143683_taylor24,RUBIESUDS143683_taylor24,HZA-RUBIES-UDS-143683,RUBIES-UDS-143683,1,RUBIESUDS143683_taylor24,True,only catalogue measurement in this release,4.226,1.4409010539259417,RUBIES,UDS,broad-line-agn,robust,individual_robust,taylor24_ceers_rubies_blagn,Table 1 (Sample of BLAGN),The Astrophysical Journal 986:165 (2025); arXiv:2409.06772v2,https://iopscience.iop.org/article/10.3847/1538-4357/add15b,10.3847/1538-4357/add15b,single-epoch-virial-halpha-reines2013,0.0,non_lrd,0.0,formal_mbh_errors_exclude_virial_systematic;nominal_mass_uncorrected_for_dust,Nominal Table 1 mass and Halpha flux are uncorrected for dust; formal MBH errors exclude the approximately 0.5 dex virial-calibration systematic.,10000,20260808,30.0,0.1,1.0,True,split-normal-in-log-mbh,0.16,0.19,0.16,0.19,asymmetric,False,taylor_virial_minus_0p5dex,Taylor virial calibration sensitivity: MBH -0.5 dex,taylor_virial_calibration_sensitivity,taylor24_ceers_rubies_blagn_only,-0.5,6.004215456382934,6.1241128841705095,6.311298160482249,6.469629248758439,6.572480750180326,seed1e2,2.0,100.0,0.34379670664010464,0.3540909431158869,0.3701624263386268,0.38375652668138616,0.39258722219390396,0.0
expanded-blagn-v1,measurement,RUBIESUDS143683_taylor24,RUBIESUDS143683_taylor24,HZA-RUBIES-UDS-143683,RUBIES-UDS-143683,1,RUBIESUDS143683_taylor24,True,only catalogue measurement in this release,4.226,1.4409010539259417,RUBIES,UDS,broad-line-agn,robust,individual_robust,taylor24_ceers_rubies_blagn,Table 1 (Sample of BLAGN),The Astrophysical Journal 986:165 (2025); arXiv:2409.06772v2,https://iopscience.iop.org/article/10.3847/1538-4357/add15b,10.3847/1538-4357/add15b,single-epoch-virial-halpha-reines2013,0.0,non_lrd,0.0,formal_mbh_errors_exclude_virial_systematic;nominal_mass_uncorrected_for_dust,Nominal Table 1 mass and Halpha flux are uncorrected for dust; formal MBH errors exclude the approximately 0.5 dex virial-calibration systematic.,10000,20260808,30.0,0.1,1.0,True,split-normal-in-log-mbh,0.16,0.19,0.16,0.19,asymmetric,False,taylor_virial_minus_0p5dex,Taylor virial calibration sensitivity: MBH -0.5 dex,taylor_virial_calibration_sensitivity,taylor24_ceers_rubies_blagn_only,-0.5,6.004215456382934,6.1241128841705095,6.311298160482249,6.469629248758439,6.572480750180326,seed1e4,4.0,10000.0,0.17207932010833132,0.1823735565841136,0.1984450398068535,0.21203914014961295,0.22086983566213064,0.0
expanded-blagn-v1,measurement,RUBIESUDS143683_taylor24,RUBIESUDS143683_taylor24,HZA-RUBIES-UDS-143683,RUBIES-UDS-143683,1,RUBIESUDS143683_taylor24,True,only catalogue measurement in this release,4.226,1.4409010539259417,RUBIES,UDS,broad-line-agn,robust,individual_robust,taylor24_ceers_rubies_blagn,Table 1 (Sample of BLAGN),The Astrophysical Journal 986:165 (2025); arXiv:2409.06772v2,https://iopscience.iop.org/article/10.3847/1538-4357/add15b,10.3847/1538-4357/add15b,single-epoch-virial-halpha-reines2013,0.0,non_lrd,0.0,formal_mbh_errors_exclude_virial_systematic;nominal_mass_uncorrected_for_dust,Nominal Table 1 mass and Halpha flux are uncorrected for dust; formal MBH errors exclude the approximately 0.5 dex virial-calibration systematic.,10000,20260808,30.0,0.1,1.0,True,split-normal-in-log-mbh,0.16,0.19,0.16,0.19,asymmetric,False,taylor_virial_minus_0p5dex,Taylor virial calibration sensitivity: MBH -0.5 dex,taylor_virial_calibration_sensitivity,taylor24_ceers_rubies_blagn_only,-0.5,6.004215456382934,6.1241128841705095,6.311298160482249,6.469629248758439,6.572480750180326,seed1e5,5.0,100000.0,0.08622062684244472,0.09651486331822695,0.11258634654096683,0.12618044688372626,0.135011142396244,0.0
expanded-blagn-v1,measurement,RUBIESUDS143683_taylor24,RUBIESUDS143683_taylor24,HZA-RUBIES-UDS-143683,RUBIES-UDS-143683,1,RUBIESUDS143683_taylor24,True,only catalogue measurement in this release,4.226,1.4409010539259417,RUBIES,UDS,broad-line-agn,robust,individual_robust,taylor24_ceers_rubies_blagn,Table 1 (Sample of BLAGN),The Astrophysical Journal 986:165 (2025); arXiv:2409.06772v2,https://iopscience.iop.org/article/10.3847/1538-4357/add15b,10.3847/1538-4357/add15b,single-epoch-virial-halpha-reines2013,0.0,non_lrd,0.0,formal_mbh_errors_exclude_virial_systematic;nominal_mass_uncorrected_for_dust,Nominal Table 1 mass and Halpha flux are uncorrected for dust; formal MBH errors exclude the approximately 0.5 dex virial-calibration systematic.,10000,20260808,30.0,0.1,1.0,True,split-normal-in-log-mbh,0.16,0.19,0.16,0.19,asymmetric,False,taylor_virial_plus_0p5dex,Taylor virial calibration sensitivity: MBH +0.5 dex,taylor_virial_calibration_sensitivity,taylor24_ceers_rubies_blagn_only,0.5,7.004215456382934,7.1241128841705095,7.311298160482249,7.469629248758439,7.572480750180326,seed1e2,2.0,100.0,0.4296553999059913,0.4399496363817736,0.4560211196045134,0.46961521994727284,0.4784459154597906,0.0
expanded-blagn-v1,measurement,RUBIESUDS143683_taylor24,RUBIESUDS143683_taylor24,HZA-RUBIES-UDS-143683,RUBIES-UDS-143683,1,RUBIESUDS143683_taylor24,True,only catalogue measurement in this release,4.226,1.4409010539259417,RUBIES,UDS,broad-line-agn,robust,individual_robust,taylor24_ceers_rubies_blagn,Table 1 (Sample of BLAGN),The Astrophysical Journal 986:165 (2025); arXiv:2409.06772v2,https://iopscience.iop.org/article/10.3847/1538-4357/add15b,10.3847/1538-4357/add15b,single-epoch-virial-halpha-reines2013,0.0,non_lrd,0.0,formal_mbh_errors_exclude_virial_systematic;nominal_mass_uncorrected_for_dust,Nominal Table 1 mass and Halpha flux are uncorrected for dust; formal MBH errors exclude the approximately 0.5 dex virial-calibration systematic.,10000,20260808,30.0,0.1,1.0,True,split-normal-in-log-mbh,0.16,0.19,0.16,0.19,asymmetric,False,taylor_virial_plus_0p5dex,Taylor virial calibration sensitivity: MBH +0.5 dex,taylor_virial_calibration_sensitivity,taylor24_ceers_rubies_blagn_only,0.5,7.004215456382934,7.1241128841705095,7.311298160482249,7.469629248758439,7.572480750180326,seed1e4,4.0,10000.0,0.25793801337421796,0.26823224985000027,0.28430373307274015,0.2978978334154996,0.3067285289280173,0.0
expanded-blagn-v1,measurement,RUBIESUDS143683_taylor24,RUBIESUDS143683_taylor24,HZA-RUBIES-UDS-143683,RUBIES-UDS-143683,1,RUBIESUDS143683_taylor24,True,only catalogue measurement in this release,4.226,1.4409010539259417,RUBIES,UDS,broad-line-agn,robust,individual_robust,taylor24_ceers_rubies_blagn,Table 1 (Sample of BLAGN),The Astrophysical Journal 986:165 (2025); arXiv:2409.06772v2,https://iopscience.iop.org/article/10.3847/1538-4357/add15b,10.3847/1538-4357/add15b,single-epoch-virial-halpha-reines2013,0.0,non_lrd,0.0,formal_mbh_errors_exclude_virial_systematic;nominal_mass_uncorrected_for_dust,Nominal Table 1 mass and Halpha flux are uncorrected for dust; formal MBH errors exclude the approximately 0.5 dex virial-calibration systematic.,10000,20260808,30.0,0.1,1.0,True,split-normal-in-log-mbh,0.16,0.19,0.16,0.19,asymmetric,False,taylor_virial_plus_0p5dex,Taylor virial calibration sensitivity: MBH +0.5 dex,taylor_virial_calibration_sensitivity,taylor24_ceers_rubies_blagn_only,0.5,7.004215456382934,7.1241128841705095,7.311298160482249,7.469629248758439,7.572480750180326,seed1e5,5.0,100000.0,0.17207932010833132,0.1823735565841136,0.1984450398068535,0.21203914014961295,0.22086983566213064,0.0
expanded-blagn-v1,measurement,RUBIESUDS155916_taylor24,RUBIESUDS155916_taylor24,HZA-RUBIES-UDS-155916,RUBIES-UDS-155916,1,RUBIESUDS155916_taylor24,True,only catalogue measurement in this release,4.098,1.49521733830908,RUBIES,UDS,broad-line-agn,robust,individual_robust,taylor24_ceers_rubies_blagn,Table 1 (Sample of BLAGN),The Astrophysical Journal 986:165 (2025); arXiv:2409.06772v2,https://iopscience.iop.org/article/10.3847/1538-4357/add15b,10.3847/1538-4357/add15b,single-epoch-virial-halpha-reines2013,0.0,non_lrd,0.0,formal_mbh_errors_exclude_virial_systematic;nominal_mass_uncorrected_for_dust,Nominal Table 1 mass and Halpha flux are uncorrected for dust; formal MBH errors exclude the approximately 0.5 dex virial-calibration systematic.,10000,20260808,30.0,0.1,1.0,True,split-normal-in-log-mbh,0.11,0.13,0.11,0.13,asymmetric,False,baseline,reported MBH,none,all_sources,0.0,6.843539956244118,6.930979585613394,7.059394531788357,7.169187281201098,7.242373530376243,seed1e2,2.0,100.0,0.3996706079772094,0.4068857956595711,0.41748211159270265,0.4265417942433453,0.4325808468717216,0.0
expanded-blagn-v1,measurement,RUBIESUDS155916_taylor24,RUBIESUDS155916_taylor24,HZA-RUBIES-UDS-155916,RUBIES-UDS-155916,1,RUBIESUDS155916_taylor24,True,only catalogue measurement in this release,4.098,1.49521733830908,RUBIES,UDS,broad-line-agn,robust,individual_robust,taylor24_ceers_rubies_blagn,Table 1 (Sample of BLAGN),The Astrophysical Journal 986:165 (2025); arXiv:2409.06772v2,https://iopscience.iop.org/article/10.3847/1538-4357/add15b,10.3847/1538-4357/add15b,single-epoch-virial-halpha-reines2013,0.0,non_lrd,0.0,formal_mbh_errors_exclude_virial_systematic;nominal_mass_uncorrected_for_dust,Nominal Table 1 mass and Halpha flux are uncorrected for dust; formal MBH errors exclude the approximately 0.5 dex virial-calibration systematic.,10000,20260808,30.0,0.1,1.0,True,split-normal-in-log-mbh,0.11,0.13,0.11,0.13,asymmetric,False,baseline,reported MBH,none,all_sources,0.0,6.843539956244118,6.930979585613394,7.059394531788357,7.169187281201098,7.242373530376243,seed1e4,4.0,10000.0,0.23463816823777114,0.24185335592013296,0.2524496718532644,0.2615093545039071,0.2675484071322834,0.0
expanded-blagn-v1,measurement,RUBIESUDS155916_taylor24,RUBIESUDS155916_taylor24,HZA-RUBIES-UDS-155916,RUBIES-UDS-155916,1,RUBIESUDS155916_taylor24,True,only catalogue measurement in this release,4.098,1.49521733830908,RUBIES,UDS,broad-line-agn,robust,individual_robust,taylor24_ceers_rubies_blagn,Table 1 (Sample of BLAGN),The Astrophysical Journal 986:165 (2025); arXiv:2409.06772v2,https://iopscience.iop.org/article/10.3847/1538-4357/add15b,10.3847/1538-4357/add15b,single-epoch-virial-halpha-reines2013,0.0,non_lrd,0.0,formal_mbh_errors_exclude_virial_systematic;nominal_mass_uncorrected_for_dust,Nominal Table 1 mass and Halpha flux are uncorrected for dust; formal MBH errors exclude the approximately 0.5 dex virial-calibration systematic.,10000,20260808,30.0,0.1,1.0,True,split-normal-in-log-mbh,0.11,0.13,0.11,0.13,asymmetric,False,baseline,reported MBH,none,all_sources,0.0,6.843539956244118,6.930979585613394,7.059394531788357,7.169187281201098,7.242373530376243,seed1e5,5.0,100000.0,0.152121948368052,0.15933713605041389,0.16993345198354531,0.178993134634188,0.18503218726256432,0.0
expanded-blagn-v1,measurement,RUBIESUDS155916_taylor24,RUBIESUDS155916_taylor24,HZA-RUBIES-UDS-155916,RUBIES-UDS-155916,1,RUBIESUDS155916_taylor24,True,only catalogue measurement in this release,4.098,1.49521733830908,RUBIES,UDS,broad-line-agn,robust,individual_robust,taylor24_ceers_rubies_blagn,Table 1 (Sample of BLAGN),The Astrophysical Journal 986:165 (2025); arXiv:2409.06772v2,https://iopscience.iop.org/article/10.3847/1538-4357/add15b,10.3847/1538-4357/add15b,single-epoch-virial-halpha-reines2013,0.0,non_lrd,0.0,formal_mbh_errors_exclude_virial_systematic;nominal_mass_uncorrected_for_dust,Nominal Table 1 mass and Halpha flux are uncorrected for dust; formal MBH errors exclude the approximately 0.5 dex virial-calibration systematic.,10000,20260808,30.0,0.1,1.0,True,split-normal-in-log-mbh,0.11,0.13,0.11,0.13,asymmetric,False,mbh_minus_0p3dex,MBH -0.3 dex,global_comparison,all_sources,-0.3,6.5435399562441185,6.630979585613394,6.759394531788358,6.869187281201098,6.942373530376243,seed1e2,2.0,100.0,0.3749157420162937,0.3821309296986554,0.39272724563178696,0.40178692828242957,0.40782598091080596,0.0
expanded-blagn-v1,measurement,RUBIESUDS155916_taylor24,RUBIESUDS155916_taylor24,HZA-RUBIES-UDS-155916,RUBIES-UDS-155916,1,RUBIESUDS155916_taylor24,True,only catalogue measurement in this release,4.098,1.49521733830908,RUBIES,UDS,broad-line-agn,robust,individual_robust,taylor24_ceers_rubies_blagn,Table 1 (Sample of BLAGN),The Astrophysical Journal 986:165 (2025); arXiv:2409.06772v2,https://iopscience.iop.org/article/10.3847/1538-4357/add15b,10.3847/1538-4357/add15b,single-epoch-virial-halpha-reines2013,0.0,non_lrd,0.0,formal_mbh_errors_exclude_virial_systematic;nominal_mass_uncorrected_for_dust,Nominal Table 1 mass and Halpha flux are uncorrected for dust; formal MBH errors exclude the approximately 0.5 dex virial-calibration systematic.,10000,20260808,30.0,0.1,1.0,True,split-normal-in-log-mbh,0.11,0.13,0.11,0.13,asymmetric,False,mbh_minus_0p3dex,MBH -0.3 dex,global_comparison,all_sources,-0.3,6.5435399562441185,6.630979585613394,6.759394531788358,6.869187281201098,6.942373530376243,seed1e4,4.0,10000.0,0.2098833022768554,0.21709848995921724,0.22769480589234867,0.2367544885429914,0.24279354117136773,0.0
expanded-blagn-v1,measurement,RUBIESUDS155916_taylor24,RUBIESUDS155916_taylor24,HZA-RUBIES-UDS-155916,RUBIES-UDS-155916,1,RUBIESUDS155916_taylor24,True,only catalogue measurement in this release,4.098,1.49521733830908,RUBIES,UDS,broad-line-agn,robust,individual_robust,taylor24_ceers_rubies_blagn,Table 1 (Sample of BLAGN),The Astrophysical Journal 986:165 (2025); arXiv:2409.06772v2,https://iopscience.iop.org/article/10.3847/1538-4357/add15b,10.3847/1538-4357/add15b,single-epoch-virial-halpha-reines2013,0.0,non_lrd,0.0,formal_mbh_errors_exclude_virial_systematic;nominal_mass_uncorrected_for_dust,Nominal Table 1 mass and Halpha flux are uncorrected for dust; formal MBH errors exclude the approximately 0.5 dex virial-calibration systematic.,10000,20260808,30.0,0.1,1.0,True,split-normal-in-log-mbh,0.11,0.13,0.11,0.13,asymmetric,False,mbh_minus_0p3dex,MBH -0.3 dex,global_comparison,all_sources,-0.3,6.5435399562441185,6.630979585613394,6.759394531788358,6.869187281201098,6.942373530376243,seed1e5,5.0,100000.0,0.12736708240713632,0.13458227008949816,0.14517858602262956,0.15423826867327226,0.1602773213016486,0.0
expanded-blagn-v1,measurement,RUBIESUDS155916_taylor24,RUBIESUDS155916_taylor24,HZA-RUBIES-UDS-155916,RUBIES-UDS-155916,1,RUBIESUDS155916_taylor24,True,only catalogue measurement in this release,4.098,1.49521733830908,RUBIES,UDS,broad-line-agn,robust,individual_robust,taylor24_ceers_rubies_blagn,Table 1 (Sample of BLAGN),The Astrophysical Journal 986:165 (2025); arXiv:2409.06772v2,https://iopscience.iop.org/article/10.3847/1538-4357/add15b,10.3847/1538-4357/add15b,single-epoch-virial-halpha-reines2013,0.0,non_lrd,0.0,formal_mbh_errors_exclude_virial_systematic;nominal_mass_uncorrected_for_dust,Nominal Table 1 mass and Halpha flux are uncorrected for dust; formal MBH errors exclude the approximately 0.5 dex virial-calibration systematic.,10000,20260808,30.0,0.1,1.0,True,split-normal-in-log-mbh,0.11,0.13,0.11,0.13,asymmetric,False,mbh_plus_0p3dex,MBH +0.3 dex,global_comparison,all_sources,0.3,7.143539956244118,7.230979585613394,7.359394531788357,7.469187281201098,7.542373530376243,seed1e2,2.0,100.0,0.42442547393812496,0.4316406616204869,0.44223697755361835,0.45129666020426107,0.45733571283263735,0.0
expanded-blagn-v1,measurement,RUBIESUDS155916_taylor24,RUBIESUDS155916_taylor24,HZA-RUBIES-UDS-155916,RUBIES-UDS-155916,1,RUBIESUDS155916_taylor24,True,only catalogue measurement in this release,4.098,1.49521733830908,RUBIES,UDS,broad-line-agn,robust,individual_robust,taylor24_ceers_rubies_blagn,Table 1 (Sample of BLAGN),The Astrophysical Journal 986:165 (2025); arXiv:2409.06772v2,https://iopscience.iop.org/article/10.3847/1538-4357/add15b,10.3847/1538-4357/add15b,single-epoch-virial-halpha-reines2013,0.0,non_lrd,0.0,formal_mbh_errors_exclude_virial_systematic;nominal_mass_uncorrected_for_dust,Nominal Table 1 mass and Halpha flux are uncorrected for dust; formal MBH errors exclude the approximately 0.5 dex virial-calibration systematic.,10000,20260808,30.0,0.1,1.0,True,split-normal-in-log-mbh,0.11,0.13,0.11,0.13,asymmetric,False,mbh_plus_0p3dex,MBH +0.3 dex,global_comparison,all_sources,0.3,7.143539956244118,7.230979585613394,7.359394531788357,7.469187281201098,7.542373530376243,seed1e4,4.0,10000.0,0.2593930341986868,0.26660822188104866,0.27720453781418014,0.2862642204648228,0.2923032730931991,0.0
expanded-blagn-v1,measurement,RUBIESUDS155916_taylor24,RUBIESUDS155916_taylor24,HZA-RUBIES-UDS-155916,RUBIES-UDS-155916,1,RUBIESUDS155916_taylor24,True,only catalogue measurement in this release,4.098,1.49521733830908,RUBIES,UDS,broad-line-agn,robust,individual_robust,taylor24_ceers_rubies_blagn,Table 1 (Sample of BLAGN),The Astrophysical Journal 986:165 (2025); arXiv:2409.06772v2,https://iopscience.iop.org/article/10.3847/1538-4357/add15b,10.3847/1538-4357/add15b,single-epoch-virial-halpha-reines2013,0.0,non_lrd,0.0,formal_mbh_errors_exclude_virial_systematic;nominal_mass_uncorrected_for_dust,Nominal Table 1 mass and Halpha flux are uncorrected for dust; formal MBH errors exclude the approximately 0.5 dex virial-calibration systematic.,10000,20260808,30.0,0.1,1.0,True,split-normal-in-log-mbh,0.11,0.13,0.11,0.13,asymmetric,False,mbh_plus_0p3dex,MBH +0.3 dex,global_comparison,all_sources,0.3,7.143539956244118,7.230979585613394,7.359394531788357,7.469187281201098,7.542373530376243,seed1e5,5.0,100000.0,0.17687681432896774,0.1840920020113296,0.194688317944461,0.2037480005951037,0.20978705322348,0.0
expanded-blagn-v1,measurement,RUBIESUDS155916_taylor24,RUBIESUDS155916_taylor24,HZA-RUBIES-UDS-155916,RUBIES-UDS-155916,1,RUBIESUDS155916_taylor24,True,only catalogue measurement in this release,4.098,1.49521733830908,RUBIES,UDS,broad-line-agn,robust,individual_robust,taylor24_ceers_rubies_blagn,Table 1 (Sample of BLAGN),The Astrophysical Journal 986:165 (2025); arXiv:2409.06772v2,https://iopscience.iop.org/article/10.3847/1538-4357/add15b,10.3847/1538-4357/add15b,single-epoch-virial-halpha-reines2013,0.0,non_lrd,0.0,formal_mbh_errors_exclude_virial_systematic;nominal_mass_uncorrected_for_dust,Nominal Table 1 mass and Halpha flux are uncorrected for dust; formal MBH errors exclude the approximately 0.5 dex virial-calibration systematic.,10000,20260808,30.0,0.1,1.0,True,split-normal-in-log-mbh,0.11,0.13,0.11,0.13,asymmetric,False,taylor_virial_minus_0p5dex,Taylor virial calibration sensitivity: MBH -0.5 dex,taylor_virial_calibration_sensitivity,taylor24_ceers_rubies_blagn_only,-0.5,6.343539956244118,6.430979585613394,6.559394531788357,6.669187281201098,6.742373530376243,seed1e2,2.0,100.0,0.35841249804234976,0.3656276857247116,0.3762240016578431,0.3852836843084857,0.39132273693686204,0.0
expanded-blagn-v1,measurement,RUBIESUDS155916_taylor24,RUBIESUDS155916_taylor24,HZA-RUBIES-UDS-155916,RUBIES-UDS-155916,1,RUBIESUDS155916_taylor24,True,only catalogue measurement in this release,4.098,1.49521733830908,RUBIES,UDS,broad-line-agn,robust,individual_robust,taylor24_ceers_rubies_blagn,Table 1 (Sample of BLAGN),The Astrophysical Journal 986:165 (2025); arXiv:2409.06772v2,https://iopscience.iop.org/article/10.3847/1538-4357/add15b,10.3847/1538-4357/add15b,single-epoch-virial-halpha-reines2013,0.0,non_lrd,0.0,formal_mbh_errors_exclude_virial_systematic;nominal_mass_uncorrected_for_dust,Nominal Table 1 mass and Halpha flux are uncorrected for dust; formal MBH errors exclude the approximately 0.5 dex virial-calibration systematic.,10000,20260808,30.0,0.1,1.0,True,split-normal-in-log-mbh,0.11,0.13,0.11,0.13,asymmetric,False,taylor_virial_minus_0p5dex,Taylor virial calibration sensitivity: MBH -0.5 dex,taylor_virial_calibration_sensitivity,taylor24_ceers_rubies_blagn_only,-0.5,6.343539956244118,6.430979585613394,6.559394531788357,6.669187281201098,6.742373530376243,seed1e4,4.0,10000.0,0.1933800583029116,0.2005952459852734,0.21119156191840488,0.22025124456904754,0.22629029719742386,0.0
expanded-blagn-v1,measurement,RUBIESUDS155916_taylor24,RUBIESUDS155916_taylor24,HZA-RUBIES-UDS-155916,RUBIES-UDS-155916,1,RUBIESUDS155916_taylor24,True,only catalogue measurement in this release,4.098,1.49521733830908,RUBIES,UDS,broad-line-agn,robust,individual_robust,taylor24_ceers_rubies_blagn,Table 1 (Sample of BLAGN),The Astrophysical Journal 986:165 (2025); arXiv:2409.06772v2,https://iopscience.iop.org/article/10.3847/1538-4357/add15b,10.3847/1538-4357/add15b,single-epoch-virial-halpha-reines2013,0.0,non_lrd,0.0,formal_mbh_errors_exclude_virial_systematic;nominal_mass_uncorrected_for_dust,Nominal Table 1 mass and Halpha flux are uncorrected for dust; formal MBH errors exclude the approximately 0.5 dex virial-calibration systematic.,10000,20260808,30.0,0.1,1.0,True,split-normal-in-log-mbh,0.11,0.13,0.11,0.13,asymmetric,False,taylor_virial_minus_0p5dex,Taylor virial calibration sensitivity: MBH -0.5 dex,taylor_virial_calibration_sensitivity,taylor24_ceers_rubies_blagn_only,-0.5,6.343539956244118,6.430979585613394,6.559394531788357,6.669187281201098,6.742373530376243,seed1e5,5.0,100000.0,0.11086383843319247,0.11807902611555432,0.12867534204868575,0.13773502469932844,0.14377407732770478,0.0
expanded-blagn-v1,measurement,RUBIESUDS155916_taylor24,RUBIESUDS155916_taylor24,HZA-RUBIES-UDS-155916,RUBIES-UDS-155916,1,RUBIESUDS155916_taylor24,True,only catalogue measurement in this release,4.098,1.49521733830908,RUBIES,UDS,broad-line-agn,robust,individual_robust,taylor24_ceers_rubies_blagn,Table 1 (Sample of BLAGN),The Astrophysical Journal 986:165 (2025); arXiv:2409.06772v2,https://iopscience.iop.org/article/10.3847/1538-4357/add15b,10.3847/1538-4357/add15b,single-epoch-virial-halpha-reines2013,0.0,non_lrd,0.0,formal_mbh_errors_exclude_virial_systematic;nominal_mass_uncorrected_for_dust,Nominal Table 1 mass and Halpha flux are uncorrected for dust; formal MBH errors exclude the approximately 0.5 dex virial-calibration systematic.,10000,20260808,30.0,0.1,1.0,True,split-normal-in-log-mbh,0.11,0.13,0.11,0.13,asymmetric,False,taylor_virial_plus_0p5dex,Taylor virial calibration sensitivity: MBH +0.5 dex,taylor_virial_calibration_sensitivity,taylor24_ceers_rubies_blagn_only,0.5,7.343539956244118,7.430979585613394,7.559394531788357,7.669187281201098,7.742373530376243,seed1e2,2.0,100.0,0.44092871791206883,0.44814390559443074,0.4587402215275621,0.46779990417820483,0.4738389568065812,0.0
expanded-blagn-v1,measurement,RUBIESUDS155916_taylor24,RUBIESUDS155916_taylor24,HZA-RUBIES-UDS-155916,RUBIES-UDS-155916,1,RUBIESUDS155916_taylor24,True,only catalogue measurement in this release,4.098,1.49521733830908,RUBIES,UDS,broad-line-agn,robust,individual_robust,taylor24_ceers_rubies_blagn,Table 1 (Sample of BLAGN),The Astrophysical Journal 986:165 (2025); arXiv:2409.06772v2,https://iopscience.iop.org/article/10.3847/1538-4357/add15b,10.3847/1538-4357/add15b,single-epoch-virial-halpha-reines2013,0.0,non_lrd,0.0,formal_mbh_errors_exclude_virial_systematic;nominal_mass_uncorrected_for_dust,Nominal Table 1 mass and Halpha flux are uncorrected for dust; formal MBH errors exclude the approximately 0.5 dex virial-calibration systematic.,10000,20260808,30.0,0.1,1.0,True,split-normal-in-log-mbh,0.11,0.13,0.11,0.13,asymmetric,False,taylor_virial_plus_0p5dex,Taylor virial calibration sensitivity: MBH +0.5 dex,taylor_virial_calibration_sensitivity,taylor24_ceers_rubies_blagn_only,0.5,7.343539956244118,7.430979585613394,7.559394531788357,7.669187281201098,7.742373530376243,seed1e4,4.0,10000.0,0.27589627817263074,0.28311146585499253,0.29370778178812396,0.3027674644387667,0.30880651706714296,0.0
expanded-blagn-v1,measurement,RUBIESUDS155916_taylor24,RUBIESUDS155916_taylor24,HZA-RUBIES-UDS-155916,RUBIES-UDS-155916,1,RUBIESUDS155916_taylor24,True,only catalogue measurement in this release,4.098,1.49521733830908,RUBIES,UDS,broad-line-agn,robust,individual_robust,taylor24_ceers_rubies_blagn,Table 1 (Sample of BLAGN),The Astrophysical Journal 986:165 (2025); arXiv:2409.06772v2,https://iopscience.iop.org/article/10.3847/1538-4357/add15b,10.3847/1538-4357/add15b,single-epoch-virial-halpha-reines2013,0.0,non_lrd,0.0,formal_mbh_errors_exclude_virial_systematic;nominal_mass_uncorrected_for_dust,Nominal Table 1 mass and Halpha flux are uncorrected for dust; formal MBH errors exclude the approximately 0.5 dex virial-calibration systematic.,10000,20260808,30.0,0.1,1.0,True,split-normal-in-log-mbh,0.11,0.13,0.11,0.13,asymmetric,False,taylor_virial_plus_0p5dex,Taylor virial calibration sensitivity: MBH +0.5 dex,taylor_virial_calibration_sensitivity,taylor24_ceers_rubies_blagn_only,0.5,7.343539956244118,7.430979585613394,7.559394531788357,7.669187281201098,7.742373530376243,seed1e5,5.0,100000.0,0.1933800583029116,0.2005952459852734,0.21119156191840488,0.22025124456904754,0.22629029719742386,0.0
expanded-blagn-v1,measurement,RUBIESUDS172350_taylor24,RUBIESUDS172350_taylor24,HZA-RUBIES-UDS-172350,RUBIES-UDS-172350,1,RUBIESUDS172350_taylor24,True,only catalogue measurement in this release,5.58,1.0211632419950871,RUBIES,UDS,broad-line-agn,robust,individual_robust,taylor24_ceers_rubies_blagn,Table 1 (Sample of BLAGN),The Astrophysical Journal 986:165 (2025); arXiv:2409.06772v2,https://iopscience.iop.org/article/10.3847/1538-4357/add15b,10.3847/1538-4357/add15b,single-epoch-virial-halpha-reines2013,1.0,lrd,0.0,formal_mbh_errors_exclude_virial_systematic;nominal_mass_uncorrected_for_dust,Nominal Table 1 mass and Halpha flux are uncorrected for dust; formal MBH errors exclude the approximately 0.5 dex virial-calibration systematic.,10000,20260808,30.0,0.1,1.0,True,split-normal-in-log-mbh,0.04,0.04,0.04,0.04,symmetric_reported,False,baseline,reported MBH,none,all_sources,0.0,7.614120917661207,7.640281055952468,7.680402958877401,7.719914131803526,7.745539020577838,seed1e2,2.0,100.0,0.7016556615144763,0.7049251687814684,0.7099396244283804,0.7148777507322652,0.7180803622448909,0.0
expanded-blagn-v1,measurement,RUBIESUDS172350_taylor24,RUBIESUDS172350_taylor24,HZA-RUBIES-UDS-172350,RUBIES-UDS-172350,1,RUBIESUDS172350_taylor24,True,only catalogue measurement in this release,5.58,1.0211632419950871,RUBIES,UDS,broad-line-agn,robust,individual_robust,taylor24_ceers_rubies_blagn,Table 1 (Sample of BLAGN),The Astrophysical Journal 986:165 (2025); arXiv:2409.06772v2,https://iopscience.iop.org/article/10.3847/1538-4357/add15b,10.3847/1538-4357/add15b,single-epoch-virial-halpha-reines2013,1.0,lrd,0.0,formal_mbh_errors_exclude_virial_systematic;nominal_mass_uncorrected_for_dust,Nominal Table 1 mass and Halpha flux are uncorrected for dust; formal MBH errors exclude the approximately 0.5 dex virial-calibration systematic.,10000,20260808,30.0,0.1,1.0,True,split-normal-in-log-mbh,0.04,0.04,0.04,0.04,symmetric_reported,False,baseline,reported MBH,none,all_sources,0.0,7.614120917661207,7.640281055952468,7.680402958877401,7.719914131803526,7.745539020577838,seed1e4,4.0,10000.0,0.45169465361841554,0.4549641608854077,0.45997861653231964,0.46491674283620443,0.4681193543488303,0.0
expanded-blagn-v1,measurement,RUBIESUDS172350_taylor24,RUBIESUDS172350_taylor24,HZA-RUBIES-UDS-172350,RUBIES-UDS-172350,1,RUBIESUDS172350_taylor24,True,only catalogue measurement in this release,5.58,1.0211632419950871,RUBIES,UDS,broad-line-agn,robust,individual_robust,taylor24_ceers_rubies_blagn,Table 1 (Sample of BLAGN),The Astrophysical Journal 986:165 (2025); arXiv:2409.06772v2,https://iopscience.iop.org/article/10.3847/1538-4357/add15b,10.3847/1538-4357/add15b,single-epoch-virial-halpha-reines2013,1.0,lrd,0.0,formal_mbh_errors_exclude_virial_systematic;nominal_mass_uncorrected_for_dust,Nominal Table 1 mass and Halpha flux are uncorrected for dust; formal MBH errors exclude the approximately 0.5 dex virial-calibration systematic.,10000,20260808,30.0,0.1,1.0,True,split-normal-in-log-mbh,0.04,0.04,0.04,0.04,symmetric_reported,False,baseline,reported MBH,none,all_sources,0.0,7.614120917661207,7.640281055952468,7.680402958877401,7.719914131803526,7.745539020577838,seed1e5,5.0,100000.0,0.32671414967038526,0.3299836569373773,0.33499811258428924,0.3399362388881741,0.3431388504007999,0.0
expanded-blagn-v1,measurement,RUBIESUDS172350_taylor24,RUBIESUDS172350_taylor24,HZA-RUBIES-UDS-172350,RUBIES-UDS-172350,1,RUBIESUDS172350_taylor24,True,only catalogue measurement in this release,5.58,1.0211632419950871,RUBIES,UDS,broad-line-agn,robust,individual_robust,taylor24_ceers_rubies_blagn,Table 1 (Sample of BLAGN),The Astrophysical Journal 986:165 (2025); arXiv:2409.06772v2,https://iopscience.iop.org/article/10.3847/1538-4357/add15b,10.3847/1538-4357/add15b,single-epoch-virial-halpha-reines2013,1.0,lrd,0.0,formal_mbh_errors_exclude_virial_systematic;nominal_mass_uncorrected_for_dust,Nominal Table 1 mass and Halpha flux are uncorrected for dust; formal MBH errors exclude the approximately 0.5 dex virial-calibration systematic.,10000,20260808,30.0,0.1,1.0,True,split-normal-in-log-mbh,0.04,0.04,0.04,0.04,symmetric_reported,False,mbh_minus_0p3dex,MBH -0.3 dex,global_comparison,all_sources,-0.3,7.314120917661207,7.3402810559524685,7.380402958877401,7.419914131803526,7.445539020577838,seed1e2,2.0,100.0,0.6641615103300673,0.6674310175970593,0.6724454732439713,0.6773835995478561,0.6805862110604818,0.0
expanded-blagn-v1,measurement,RUBIESUDS172350_taylor24,RUBIESUDS172350_taylor24,HZA-RUBIES-UDS-172350,RUBIES-UDS-172350,1,RUBIESUDS172350_taylor24,True,only catalogue measurement in this release,5.58,1.0211632419950871,RUBIES,UDS,broad-line-agn,robust,individual_robust,taylor24_ceers_rubies_blagn,Table 1 (Sample of BLAGN),The Astrophysical Journal 986:165 (2025); arXiv:2409.06772v2,https://iopscience.iop.org/article/10.3847/1538-4357/add15b,10.3847/1538-4357/add15b,single-epoch-virial-halpha-reines2013,1.0,lrd,0.0,formal_mbh_errors_exclude_virial_systematic;nominal_mass_uncorrected_for_dust,Nominal Table 1 mass and Halpha flux are uncorrected for dust; formal MBH errors exclude the approximately 0.5 dex virial-calibration systematic.,10000,20260808,30.0,0.1,1.0,True,split-normal-in-log-mbh,0.04,0.04,0.04,0.04,symmetric_reported,False,mbh_minus_0p3dex,MBH -0.3 dex,global_comparison,all_sources,-0.3,7.314120917661207,7.3402810559524685,7.380402958877401,7.419914131803526,7.445539020577838,seed1e4,4.0,10000.0,0.4142005024340066,0.41747000970099857,0.4224844653479105,0.42742259165179536,0.4306252031644212,0.0
expanded-blagn-v1,measurement,RUBIESUDS172350_taylor24,RUBIESUDS172350_taylor24,HZA-RUBIES-UDS-172350,RUBIES-UDS-172350,1,RUBIESUDS172350_taylor24,True,only catalogue measurement in this release,5.58,1.0211632419950871,RUBIES,UDS,broad-line-agn,robust,individual_robust,taylor24_ceers_rubies_blagn,Table 1 (Sample of BLAGN),The Astrophysical Journal 986:165 (2025); arXiv:2409.06772v2,https://iopscience.iop.org/article/10.3847/1538-4357/add15b,10.3847/1538-4357/add15b,single-epoch-virial-halpha-reines2013,1.0,lrd,0.0,formal_mbh_errors_exclude_virial_systematic;nominal_mass_uncorrected_for_dust,Nominal Table 1 mass and Halpha flux are uncorrected for dust; formal MBH errors exclude the approximately 0.5 dex virial-calibration systematic.,10000,20260808,30.0,0.1,1.0,True,split-normal-in-log-mbh,0.04,0.04,0.04,0.04,symmetric_reported,False,mbh_minus_0p3dex,MBH -0.3 dex,global_comparison,all_sources,-0.3,7.314120917661207,7.3402810559524685,7.380402958877401,7.419914131803526,7.445539020577838,seed1e5,5.0,100000.0,0.28921999848597624,0.2924895057529682,0.2975039613998802,0.302442087703765,0.30564469921639087,0.0
expanded-blagn-v1,measurement,RUBIESUDS172350_taylor24,RUBIESUDS172350_taylor24,HZA-RUBIES-UDS-172350,RUBIES-UDS-172350,1,RUBIESUDS172350_taylor24,True,only catalogue measurement in this release,5.58,1.0211632419950871,RUBIES,UDS,broad-line-agn,robust,individual_robust,taylor24_ceers_rubies_blagn,Table 1 (Sample of BLAGN),The Astrophysical Journal 986:165 (2025); arXiv:2409.06772v2,https://iopscience.iop.org/article/10.3847/1538-4357/add15b,10.3847/1538-4357/add15b,single-epoch-virial-halpha-reines2013,1.0,lrd,0.0,formal_mbh_errors_exclude_virial_systematic;nominal_mass_uncorrected_for_dust,Nominal Table 1 mass and Halpha flux are uncorrected for dust; formal MBH errors exclude the approximately 0.5 dex virial-calibration systematic.,10000,20260808,30.0,0.1,1.0,True,split-normal-in-log-mbh,0.04,0.04,0.04,0.04,symmetric_reported,False,mbh_plus_0p3dex,MBH +0.3 dex,global_comparison,all_sources,0.3,7.914120917661207,7.940281055952468,7.9804029588774,8.019914131803525,8.045539020577838,seed1e2,2.0,100.0,0.7391498126988856,0.7424193199658775,0.7474337756127893,0.7523719019166744,0.7555745134293,0.0
expanded-blagn-v1,measurement,RUBIESUDS172350_taylor24,RUBIESUDS172350_taylor24,HZA-RUBIES-UDS-172350,RUBIES-UDS-172350,1,RUBIESUDS172350_taylor24,True,only catalogue measurement in this release,5.58,1.0211632419950871,RUBIES,UDS,broad-line-agn,robust,individual_robust,taylor24_ceers_rubies_blagn,Table 1 (Sample of BLAGN),The Astrophysical Journal 986:165 (2025); arXiv:2409.06772v2,https://iopscience.iop.org/article/10.3847/1538-4357/add15b,10.3847/1538-4357/add15b,single-epoch-virial-halpha-reines2013,1.0,lrd,0.0,formal_mbh_errors_exclude_virial_systematic;nominal_mass_uncorrected_for_dust,Nominal Table 1 mass and Halpha flux are uncorrected for dust; formal MBH errors exclude the approximately 0.5 dex virial-calibration systematic.,10000,20260808,30.0,0.1,1.0,True,split-normal-in-log-mbh,0.04,0.04,0.04,0.04,symmetric_reported,False,mbh_plus_0p3dex,MBH +0.3 dex,global_comparison,all_sources,0.3,7.914120917661207,7.940281055952468,7.9804029588774,8.019914131803525,8.045539020577838,seed1e4,4.0,10000.0,0.4891888048028248,0.4924583120698167,0.49747276771672866,0.5024108940206137,0.5056135055332394,0.0
expanded-blagn-v1,measurement,RUBIESUDS172350_taylor24,RUBIESUDS172350_taylor24,HZA-RUBIES-UDS-172350,RUBIES-UDS-172350,1,RUBIESUDS172350_taylor24,True,only catalogue measurement in this release,5.58,1.0211632419950871,RUBIES,UDS,broad-line-agn,robust,individual_robust,taylor24_ceers_rubies_blagn,Table 1 (Sample of BLAGN),The Astrophysical Journal 986:165 (2025); arXiv:2409.06772v2,https://iopscience.iop.org/article/10.3847/1538-4357/add15b,10.3847/1538-4357/add15b,single-epoch-virial-halpha-reines2013,1.0,lrd,0.0,formal_mbh_errors_exclude_virial_systematic;nominal_mass_uncorrected_for_dust,Nominal Table 1 mass and Halpha flux are uncorrected for dust; formal MBH errors exclude the approximately 0.5 dex virial-calibration systematic.,10000,20260808,30.0,0.1,1.0,True,split-normal-in-log-mbh,0.04,0.04,0.04,0.04,symmetric_reported,False,mbh_plus_0p3dex,MBH +0.3 dex,global_comparison,all_sources,0.3,7.914120917661207,7.940281055952468,7.9804029588774,8.019914131803525,8.045539020577838,seed1e5,5.0,100000.0,0.3642083008547944,0.3674778081217863,0.3724922637686984,0.3774303900725832,0.38063300158520896,0.0
expanded-blagn-v1,measurement,RUBIESUDS172350_taylor24,RUBIESUDS172350_taylor24,HZA-RUBIES-UDS-172350,RUBIES-UDS-172350,1,RUBIESUDS172350_taylor24,True,only catalogue measurement in this release,5.58,1.0211632419950871,RUBIES,UDS,broad-line-agn,robust,individual_robust,taylor24_ceers_rubies_blagn,Table 1 (Sample of BLAGN),The Astrophysical Journal 986:165 (2025); arXiv:2409.06772v2,https://iopscience.iop.org/article/10.3847/1538-4357/add15b,10.3847/1538-4357/add15b,single-epoch-virial-halpha-reines2013,1.0,lrd,0.0,formal_mbh_errors_exclude_virial_systematic;nominal_mass_uncorrected_for_dust,Nominal Table 1 mass and Halpha flux are uncorrected for dust; formal MBH errors exclude the approximately 0.5 dex virial-calibration systematic.,10000,20260808,30.0,0.1,1.0,True,split-normal-in-log-mbh,0.04,0.04,0.04,0.04,symmetric_reported,False,taylor_virial_minus_0p5dex,Taylor virial calibration sensitivity: MBH -0.5 dex,taylor_virial_calibration_sensitivity,taylor24_ceers_rubies_blagn_only,-0.5,7.114120917661207,7.140281055952468,7.180402958877401,7.219914131803526,7.245539020577838,seed1e2,2.0,100.0,0.6391654095404612,0.6424349168074531,0.6474493724543653,0.65238749875825,0.6555901102708758,0.0
expanded-blagn-v1,measurement,RUBIESUDS172350_taylor24,RUBIESUDS172350_taylor24,HZA-RUBIES-UDS-172350,RUBIES-UDS-172350,1,RUBIESUDS172350_taylor24,True,only catalogue measurement in this release,5.58,1.0211632419950871,RUBIES,UDS,broad-line-agn,robust,individual_robust,taylor24_ceers_rubies_blagn,Table 1 (Sample of BLAGN),The Astrophysical Journal 986:165 (2025); arXiv:2409.06772v2,https://iopscience.iop.org/article/10.3847/1538-4357/add15b,10.3847/1538-4357/add15b,single-epoch-virial-halpha-reines2013,1.0,lrd,0.0,formal_mbh_errors_exclude_virial_systematic;nominal_mass_uncorrected_for_dust,Nominal Table 1 mass and Halpha flux are uncorrected for dust; formal MBH errors exclude the approximately 0.5 dex virial-calibration systematic.,10000,20260808,30.0,0.1,1.0,True,split-normal-in-log-mbh,0.04,0.04,0.04,0.04,symmetric_reported,False,taylor_virial_minus_0p5dex,Taylor virial calibration sensitivity: MBH -0.5 dex,taylor_virial_calibration_sensitivity,taylor24_ceers_rubies_blagn_only,-0.5,7.114120917661207,7.140281055952468,7.180402958877401,7.219914131803526,7.245539020577838,seed1e4,4.0,10000.0,0.38920440164440046,0.39247390891139244,0.3974883645583045,0.4024264908621893,0.4056291023748151,0.0
expanded-blagn-v1,measurement,RUBIESUDS172350_taylor24,RUBIESUDS172350_taylor24,HZA-RUBIES-UDS-172350,RUBIES-UDS-172350,1,RUBIESUDS172350_taylor24,True,only catalogue measurement in this release,5.58,1.0211632419950871,RUBIES,UDS,broad-line-agn,robust,individual_robust,taylor24_ceers_rubies_blagn,Table 1 (Sample of BLAGN),The Astrophysical Journal 986:165 (2025); arXiv:2409.06772v2,https://iopscience.iop.org/article/10.3847/1538-4357/add15b,10.3847/1538-4357/add15b,single-epoch-virial-halpha-reines2013,1.0,lrd,0.0,formal_mbh_errors_exclude_virial_systematic;nominal_mass_uncorrected_for_dust,Nominal Table 1 mass and Halpha flux are uncorrected for dust; formal MBH errors exclude the approximately 0.5 dex virial-calibration systematic.,10000,20260808,30.0,0.1,1.0,True,split-normal-in-log-mbh,0.04,0.04,0.04,0.04,symmetric_reported,False,taylor_virial_minus_0p5dex,Taylor virial calibration sensitivity: MBH -0.5 dex,taylor_virial_calibration_sensitivity,taylor24_ceers_rubies_blagn_only,-0.5,7.114120917661207,7.140281055952468,7.180402958877401,7.219914131803526,7.245539020577838,seed1e5,5.0,100000.0,0.2642238976963701,0.2674934049633621,0.2725078606102741,0.2774459869141589,0.2806485984267847,0.0
expanded-blagn-v1,measurement,RUBIESUDS172350_taylor24,RUBIESUDS172350_taylor24,HZA-RUBIES-UDS-172350,RUBIES-UDS-172350,1,RUBIESUDS172350_taylor24,True,only catalogue measurement in this release,5.58,1.0211632419950871,RUBIES,UDS,broad-line-agn,robust,individual_robust,taylor24_ceers_rubies_blagn,Table 1 (Sample of BLAGN),The Astrophysical Journal 986:165 (2025); arXiv:2409.06772v2,https://iopscience.iop.org/article/10.3847/1538-4357/add15b,10.3847/1538-4357/add15b,single-epoch-virial-halpha-reines2013,1.0,lrd,0.0,formal_mbh_errors_exclude_virial_systematic;nominal_mass_uncorrected_for_dust,Nominal Table 1 mass and Halpha flux are uncorrected for dust; formal MBH errors exclude the approximately 0.5 dex virial-calibration systematic.,10000,20260808,30.0,0.1,1.0,True,split-normal-in-log-mbh,0.04,0.04,0.04,0.04,symmetric_reported,False,taylor_virial_plus_0p5dex,Taylor virial calibration sensitivity: MBH +0.5 dex,taylor_virial_calibration_sensitivity,taylor24_ceers_rubies_blagn_only,0.5,8.114120917661207,8.14028105595247,8.180402958877401,8.219914131803524,8.245539020577839,seed1e2,2.0,100.0,0.7641459134884916,0.7674154207554837,0.7724298764023955,0.7773680027062803,0.7805706142189061,0.0
expanded-blagn-v1,measurement,RUBIESUDS172350_taylor24,RUBIESUDS172350_taylor24,HZA-RUBIES-UDS-172350,RUBIES-UDS-172350,1,RUBIESUDS172350_taylor24,True,only catalogue measurement in this release,5.58,1.0211632419950871,RUBIES,UDS,broad-line-agn,robust,individual_robust,taylor24_ceers_rubies_blagn,Table 1 (Sample of BLAGN),The Astrophysical Journal 986:165 (2025); arXiv:2409.06772v2,https://iopscience.iop.org/article/10.3847/1538-4357/add15b,10.3847/1538-4357/add15b,single-epoch-virial-halpha-reines2013,1.0,lrd,0.0,formal_mbh_errors_exclude_virial_systematic;nominal_mass_uncorrected_for_dust,Nominal Table 1 mass and Halpha flux are uncorrected for dust; formal MBH errors exclude the approximately 0.5 dex virial-calibration systematic.,10000,20260808,30.0,0.1,1.0,True,split-normal-in-log-mbh,0.04,0.04,0.04,0.04,symmetric_reported,False,taylor_virial_plus_0p5dex,Taylor virial calibration sensitivity: MBH +0.5 dex,taylor_virial_calibration_sensitivity,taylor24_ceers_rubies_blagn_only,0.5,8.114120917661207,8.14028105595247,8.180402958877401,8.219914131803524,8.245539020577839,seed1e4,4.0,10000.0,0.5141849055924308,0.517454412859423,0.5224688685063348,0.5274069948102196,0.5306096063228454,0.0
expanded-blagn-v1,measurement,RUBIESUDS172350_taylor24,RUBIESUDS172350_taylor24,HZA-RUBIES-UDS-172350,RUBIES-UDS-172350,1,RUBIESUDS172350_taylor24,True,only catalogue measurement in this release,5.58,1.0211632419950871,RUBIES,UDS,broad-line-agn,robust,individual_robust,taylor24_ceers_rubies_blagn,Table 1 (Sample of BLAGN),The Astrophysical Journal 986:165 (2025); arXiv:2409.06772v2,https://iopscience.iop.org/article/10.3847/1538-4357/add15b,10.3847/1538-4357/add15b,single-epoch-virial-halpha-reines2013,1.0,lrd,0.0,formal_mbh_errors_exclude_virial_systematic;nominal_mass_uncorrected_for_dust,Nominal Table 1 mass and Halpha flux are uncorrected for dust; formal MBH errors exclude the approximately 0.5 dex virial-calibration systematic.,10000,20260808,30.0,0.1,1.0,True,split-normal-in-log-mbh,0.04,0.04,0.04,0.04,symmetric_reported,False,taylor_virial_plus_0p5dex,Taylor virial calibration sensitivity: MBH +0.5 dex,taylor_virial_calibration_sensitivity,taylor24_ceers_rubies_blagn_only,0.5,8.114120917661207,8.14028105595247,8.180402958877401,8.219914131803524,8.245539020577839,seed1e5,5.0,100000.0,0.38920440164440046,0.3924739089113926,0.3974883645583044,0.4024264908621892,0.4056291023748152,0.0
expanded-blagn-v1,measurement,RUBIESUDS174752_taylor24,RUBIESUDS174752_taylor24,HZA-RUBIES-UDS-174752,RUBIES-UDS-174752,1,RUBIESUDS174752_taylor24,True,only catalogue measurement in this release,6.039,0.923141431567787,RUBIES,UDS,broad-line-agn,robust,individual_robust,taylor24_ceers_rubies_blagn,Table 1 (Sample of BLAGN),The Astrophysical Journal 986:165 (2025); arXiv:2409.06772v2,https://iopscience.iop.org/article/10.3847/1538-4357/add15b,10.3847/1538-4357/add15b,single-epoch-virial-halpha-reines2013,0.0,non_lrd,0.0,formal_mbh_errors_exclude_virial_systematic;nominal_mass_uncorrected_for_dust,Nominal Table 1 mass and Halpha flux are uncorrected for dust; formal MBH errors exclude the approximately 0.5 dex virial-calibration systematic.,10000,20260808,30.0,0.1,1.0,True,split-normal-in-log-mbh,0.08,0.08,0.08,0.08,symmetric_reported,False,baseline,reported MBH,none,all_sources,0.0,7.128829562381854,7.180883371670049,7.261289206014155,7.339270409006692,7.39066851443814,seed1e2,2.0,100.0,0.7173347402831862,0.7246151549104092,0.735860975734624,0.746767679752615,0.75395638551136,0.0
expanded-blagn-v1,measurement,RUBIESUDS174752_taylor24,RUBIESUDS174752_taylor24,HZA-RUBIES-UDS-174752,RUBIES-UDS-174752,1,RUBIESUDS174752_taylor24,True,only catalogue measurement in this release,6.039,0.923141431567787,RUBIES,UDS,broad-line-agn,robust,individual_robust,taylor24_ceers_rubies_blagn,Table 1 (Sample of BLAGN),The Astrophysical Journal 986:165 (2025); arXiv:2409.06772v2,https://iopscience.iop.org/article/10.3847/1538-4357/add15b,10.3847/1538-4357/add15b,single-epoch-virial-halpha-reines2013,0.0,non_lrd,0.0,formal_mbh_errors_exclude_virial_systematic;nominal_mass_uncorrected_for_dust,Nominal Table 1 mass and Halpha flux are uncorrected for dust; formal MBH errors exclude the approximately 0.5 dex virial-calibration systematic.,10000,20260808,30.0,0.1,1.0,True,split-normal-in-log-mbh,0.08,0.08,0.08,0.08,symmetric_reported,False,baseline,reported MBH,none,all_sources,0.0,7.128829562381854,7.180883371670049,7.261289206014155,7.339270409006692,7.39066851443814,seed1e4,4.0,10000.0,0.43760825237468476,0.4448886670019077,0.4561344878261224,0.4670411918441135,0.47422989760285844,0.0
expanded-blagn-v1,measurement,RUBIESUDS174752_taylor24,RUBIESUDS174752_taylor24,HZA-RUBIES-UDS-174752,RUBIES-UDS-174752,1,RUBIESUDS174752_taylor24,True,only catalogue measurement in this release,6.039,0.923141431567787,RUBIES,UDS,broad-line-agn,robust,individual_robust,taylor24_ceers_rubies_blagn,Table 1 (Sample of BLAGN),The Astrophysical Journal 986:165 (2025); arXiv:2409.06772v2,https://iopscience.iop.org/article/10.3847/1538-4357/add15b,10.3847/1538-4357/add15b,single-epoch-virial-halpha-reines2013,0.0,non_lrd,0.0,formal_mbh_errors_exclude_virial_systematic;nominal_mass_uncorrected_for_dust,Nominal Table 1 mass and Halpha flux are uncorrected for dust; formal MBH errors exclude the approximately 0.5 dex virial-calibration systematic.,10000,20260808,30.0,0.1,1.0,True,split-normal-in-log-mbh,0.08,0.08,0.08,0.08,symmetric_reported,False,baseline,reported MBH,none,all_sources,0.0,7.128829562381854,7.180883371670049,7.261289206014155,7.339270409006692,7.39066851443814,seed1e5,5.0,100000.0,0.297745008420434,0.30502542304765695,0.31627124387187167,0.32717794788986276,0.3343666536486077,0.0
expanded-blagn-v1,measurement,RUBIESUDS174752_taylor24,RUBIESUDS174752_taylor24,HZA-RUBIES-UDS-174752,RUBIES-UDS-174752,1,RUBIESUDS174752_taylor24,True,only catalogue measurement in this release,6.039,0.923141431567787,RUBIES,UDS,broad-line-agn,robust,individual_robust,taylor24_ceers_rubies_blagn,Table 1 (Sample of BLAGN),The Astrophysical Journal 986:165 (2025); arXiv:2409.06772v2,https://iopscience.iop.org/article/10.3847/1538-4357/add15b,10.3847/1538-4357/add15b,single-epoch-virial-halpha-reines2013,0.0,non_lrd,0.0,formal_mbh_errors_exclude_virial_systematic;nominal_mass_uncorrected_for_dust,Nominal Table 1 mass and Halpha flux are uncorrected for dust; formal MBH errors exclude the approximately 0.5 dex virial-calibration systematic.,10000,20260808,30.0,0.1,1.0,True,split-normal-in-log-mbh,0.08,0.08,0.08,0.08,symmetric_reported,False,mbh_minus_0p3dex,MBH -0.3 dex,global_comparison,all_sources,-0.3,6.828829562381854,6.880883371670049,6.961289206014156,7.039270409006692,7.09066851443814,seed1e2,2.0,100.0,0.675375767096911,0.6826561817241339,0.6939020025483487,0.7048087065663398,0.7119974123250847,0.0
expanded-blagn-v1,measurement,RUBIESUDS174752_taylor24,RUBIESUDS174752_taylor24,HZA-RUBIES-UDS-174752,RUBIES-UDS-174752,1,RUBIESUDS174752_taylor24,True,only catalogue measurement in this release,6.039,0.923141431567787,RUBIES,UDS,broad-line-agn,robust,individual_robust,taylor24_ceers_rubies_blagn,Table 1 (Sample of BLAGN),The Astrophysical Journal 986:165 (2025); arXiv:2409.06772v2,https://iopscience.iop.org/article/10.3847/1538-4357/add15b,10.3847/1538-4357/add15b,single-epoch-virial-halpha-reines2013,0.0,non_lrd,0.0,formal_mbh_errors_exclude_virial_systematic;nominal_mass_uncorrected_for_dust,Nominal Table 1 mass and Halpha flux are uncorrected for dust; formal MBH errors exclude the approximately 0.5 dex virial-calibration systematic.,10000,20260808,30.0,0.1,1.0,True,split-normal-in-log-mbh,0.08,0.08,0.08,0.08,symmetric_reported,False,mbh_minus_0p3dex,MBH -0.3 dex,global_comparison,all_sources,-0.3,6.828829562381854,6.880883371670049,6.961289206014156,7.039270409006692,7.09066851443814,seed1e4,4.0,10000.0,0.3956492791884096,0.40292969381563254,0.41417551463984725,0.4250822186578383,0.43227092441658327,0.0
expanded-blagn-v1,measurement,RUBIESUDS174752_taylor24,RUBIESUDS174752_taylor24,HZA-RUBIES-UDS-174752,RUBIES-UDS-174752,1,RUBIESUDS174752_taylor24,True,only catalogue measurement in this release,6.039,0.923141431567787,RUBIES,UDS,broad-line-agn,robust,individual_robust,taylor24_ceers_rubies_blagn,Table 1 (Sample of BLAGN),The Astrophysical Journal 986:165 (2025); arXiv:2409.06772v2,https://iopscience.iop.org/article/10.3847/1538-4357/add15b,10.3847/1538-4357/add15b,single-epoch-virial-halpha-reines2013,0.0,non_lrd,0.0,formal_mbh_errors_exclude_virial_systematic;nominal_mass_uncorrected_for_dust,Nominal Table 1 mass and Halpha flux are uncorrected for dust; formal MBH errors exclude the approximately 0.5 dex virial-calibration systematic.,10000,20260808,30.0,0.1,1.0,True,split-normal-in-log-mbh,0.08,0.08,0.08,0.08,symmetric_reported,False,mbh_minus_0p3dex,MBH -0.3 dex,global_comparison,all_sources,-0.3,6.828829562381854,6.880883371670049,6.961289206014156,7.039270409006692,7.09066851443814,seed1e5,5.0,100000.0,0.2557860352341588,0.2630664498613818,0.2743122706855965,0.2852189747035876,0.29240768046233256,0.0
expanded-blagn-v1,measurement,RUBIESUDS174752_taylor24,RUBIESUDS174752_taylor24,HZA-RUBIES-UDS-174752,RUBIES-UDS-174752,1,RUBIESUDS174752_taylor24,True,only catalogue measurement in this release,6.039,0.923141431567787,RUBIES,UDS,broad-line-agn,robust,individual_robust,taylor24_ceers_rubies_blagn,Table 1 (Sample of BLAGN),The Astrophysical Journal 986:165 (2025); arXiv:2409.06772v2,https://iopscience.iop.org/article/10.3847/1538-4357/add15b,10.3847/1538-4357/add15b,single-epoch-virial-halpha-reines2013,0.0,non_lrd,0.0,formal_mbh_errors_exclude_virial_systematic;nominal_mass_uncorrected_for_dust,Nominal Table 1 mass and Halpha flux are uncorrected for dust; formal MBH errors exclude the approximately 0.5 dex virial-calibration systematic.,10000,20260808,30.0,0.1,1.0,True,split-normal-in-log-mbh,0.08,0.08,0.08,0.08,symmetric_reported,False,mbh_plus_0p3dex,MBH +0.3 dex,global_comparison,all_sources,0.3,7.428829562381853,7.480883371670049,7.561289206014155,7.639270409006691,7.69066851443814,seed1e2,2.0,100.0,0.7592937134694614,0.7665741280966842,0.777819948920899,0.7887266529388901,0.7959153586976351,0.0
expanded-blagn-v1,measurement,RUBIESUDS174752_taylor24,RUBIESUDS174752_taylor24,HZA-RUBIES-UDS-174752,RUBIES-UDS-174752,1,RUBIESUDS174752_taylor24,True,only catalogue measurement in this release,6.039,0.923141431567787,RUBIES,UDS,broad-line-agn,robust,individual_robust,taylor24_ceers_rubies_blagn,Table 1 (Sample of BLAGN),The Astrophysical Journal 986:165 (2025); arXiv:2409.06772v2,https://iopscience.iop.org/article/10.3847/1538-4357/add15b,10.3847/1538-4357/add15b,single-epoch-virial-halpha-reines2013,0.0,non_lrd,0.0,formal_mbh_errors_exclude_virial_systematic;nominal_mass_uncorrected_for_dust,Nominal Table 1 mass and Halpha flux are uncorrected for dust; formal MBH errors exclude the approximately 0.5 dex virial-calibration systematic.,10000,20260808,30.0,0.1,1.0,True,split-normal-in-log-mbh,0.08,0.08,0.08,0.08,symmetric_reported,False,mbh_plus_0p3dex,MBH +0.3 dex,global_comparison,all_sources,0.3,7.428829562381853,7.480883371670049,7.561289206014155,7.639270409006691,7.69066851443814,seed1e4,4.0,10000.0,0.47956722556095993,0.4868476401881829,0.4980934610123976,0.5090001650303887,0.5161888707891338,0.0
expanded-blagn-v1,measurement,RUBIESUDS174752_taylor24,RUBIESUDS174752_taylor24,HZA-RUBIES-UDS-174752,RUBIES-UDS-174752,1,RUBIESUDS174752_taylor24,True,only catalogue measurement in this release,6.039,0.923141431567787,RUBIES,UDS,broad-line-agn,robust,individual_robust,taylor24_ceers_rubies_blagn,Table 1 (Sample of BLAGN),The Astrophysical Journal 986:165 (2025); arXiv:2409.06772v2,https://iopscience.iop.org/article/10.3847/1538-4357/add15b,10.3847/1538-4357/add15b,single-epoch-virial-halpha-reines2013,0.0,non_lrd,0.0,formal_mbh_errors_exclude_virial_systematic;nominal_mass_uncorrected_for_dust,Nominal Table 1 mass and Halpha flux are uncorrected for dust; formal MBH errors exclude the approximately 0.5 dex virial-calibration systematic.,10000,20260808,30.0,0.1,1.0,True,split-normal-in-log-mbh,0.08,0.08,0.08,0.08,symmetric_reported,False,mbh_plus_0p3dex,MBH +0.3 dex,global_comparison,all_sources,0.3,7.428829562381853,7.480883371670049,7.561289206014155,7.639270409006691,7.69066851443814,seed1e5,5.0,100000.0,0.33970398160670917,0.3469843962339322,0.3582302170581469,0.369136921076138,0.3763256268348829,0.0
expanded-blagn-v1,measurement,RUBIESUDS174752_taylor24,RUBIESUDS174752_taylor24,HZA-RUBIES-UDS-174752,RUBIES-UDS-174752,1,RUBIESUDS174752_taylor24,True,only catalogue measurement in this release,6.039,0.923141431567787,RUBIES,UDS,broad-line-agn,robust,individual_robust,taylor24_ceers_rubies_blagn,Table 1 (Sample of BLAGN),The Astrophysical Journal 986:165 (2025); arXiv:2409.06772v2,https://iopscience.iop.org/article/10.3847/1538-4357/add15b,10.3847/1538-4357/add15b,single-epoch-virial-halpha-reines2013,0.0,non_lrd,0.0,formal_mbh_errors_exclude_virial_systematic;nominal_mass_uncorrected_for_dust,Nominal Table 1 mass and Halpha flux are uncorrected for dust; formal MBH errors exclude the approximately 0.5 dex virial-calibration systematic.,10000,20260808,30.0,0.1,1.0,True,split-normal-in-log-mbh,0.08,0.08,0.08,0.08,symmetric_reported,False,taylor_virial_minus_0p5dex,Taylor virial calibration sensitivity: MBH -0.5 dex,taylor_virial_calibration_sensitivity,taylor24_ceers_rubies_blagn_only,-0.5,6.628829562381854,6.680883371670049,6.761289206014155,6.839270409006692,6.89066851443814,seed1e2,2.0,100.0,0.6474031183060608,0.6546835329332839,0.6659293537574985,0.6768360577754896,0.6840247635342345,0.0
expanded-blagn-v1,measurement,RUBIESUDS174752_taylor24,RUBIESUDS174752_taylor24,HZA-RUBIES-UDS-174752,RUBIES-UDS-174752,1,RUBIESUDS174752_taylor24,True,only catalogue measurement in this release,6.039,0.923141431567787,RUBIES,UDS,broad-line-agn,robust,individual_robust,taylor24_ceers_rubies_blagn,Table 1 (Sample of BLAGN),The Astrophysical Journal 986:165 (2025); arXiv:2409.06772v2,https://iopscience.iop.org/article/10.3847/1538-4357/add15b,10.3847/1538-4357/add15b,single-epoch-virial-halpha-reines2013,0.0,non_lrd,0.0,formal_mbh_errors_exclude_virial_systematic;nominal_mass_uncorrected_for_dust,Nominal Table 1 mass and Halpha flux are uncorrected for dust; formal MBH errors exclude the approximately 0.5 dex virial-calibration systematic.,10000,20260808,30.0,0.1,1.0,True,split-normal-in-log-mbh,0.08,0.08,0.08,0.08,symmetric_reported,False,taylor_virial_minus_0p5dex,Taylor virial calibration sensitivity: MBH -0.5 dex,taylor_virial_calibration_sensitivity,taylor24_ceers_rubies_blagn_only,-0.5,6.628829562381854,6.680883371670049,6.761289206014155,6.839270409006692,6.89066851443814,seed1e4,4.0,10000.0,0.3676766303975594,0.3749570450247823,0.3862028658489971,0.39710956986698814,0.4042982756257331,0.0
expanded-blagn-v1,measurement,RUBIESUDS174752_taylor24,RUBIESUDS174752_taylor24,HZA-RUBIES-UDS-174752,RUBIES-UDS-174752,1,RUBIESUDS174752_taylor24,True,only catalogue measurement in this release,6.039,0.923141431567787,RUBIES,UDS,broad-line-agn,robust,individual_robust,taylor24_ceers_rubies_blagn,Table 1 (Sample of BLAGN),The Astrophysical Journal 986:165 (2025); arXiv:2409.06772v2,https://iopscience.iop.org/article/10.3847/1538-4357/add15b,10.3847/1538-4357/add15b,single-epoch-virial-halpha-reines2013,0.0,non_lrd,0.0,formal_mbh_errors_exclude_virial_systematic;nominal_mass_uncorrected_for_dust,Nominal Table 1 mass and Halpha flux are uncorrected for dust; formal MBH errors exclude the approximately 0.5 dex virial-calibration systematic.,10000,20260808,30.0,0.1,1.0,True,split-normal-in-log-mbh,0.08,0.08,0.08,0.08,symmetric_reported,False,taylor_virial_minus_0p5dex,Taylor virial calibration sensitivity: MBH -0.5 dex,taylor_virial_calibration_sensitivity,taylor24_ceers_rubies_blagn_only,-0.5,6.628829562381854,6.680883371670049,6.761289206014155,6.839270409006692,6.89066851443814,seed1e5,5.0,100000.0,0.22781338644330867,0.23509380107053165,0.2463396218947464,0.2572463259127374,0.26443503167148236,0.0
expanded-blagn-v1,measurement,RUBIESUDS174752_taylor24,RUBIESUDS174752_taylor24,HZA-RUBIES-UDS-174752,RUBIES-UDS-174752,1,RUBIESUDS174752_taylor24,True,only catalogue measurement in this release,6.039,0.923141431567787,RUBIES,UDS,broad-line-agn,robust,individual_robust,taylor24_ceers_rubies_blagn,Table 1 (Sample of BLAGN),The Astrophysical Journal 986:165 (2025); arXiv:2409.06772v2,https://iopscience.iop.org/article/10.3847/1538-4357/add15b,10.3847/1538-4357/add15b,single-epoch-virial-halpha-reines2013,0.0,non_lrd,0.0,formal_mbh_errors_exclude_virial_systematic;nominal_mass_uncorrected_for_dust,Nominal Table 1 mass and Halpha flux are uncorrected for dust; formal MBH errors exclude the approximately 0.5 dex virial-calibration systematic.,10000,20260808,30.0,0.1,1.0,True,split-normal-in-log-mbh,0.08,0.08,0.08,0.08,symmetric_reported,False,taylor_virial_plus_0p5dex,Taylor virial calibration sensitivity: MBH +0.5 dex,taylor_virial_calibration_sensitivity,taylor24_ceers_rubies_blagn_only,0.5,7.628829562381854,7.680883371670049,7.761289206014155,7.839270409006692,7.89066851443814,seed1e2,2.0,100.0,0.7872663622603117,0.7945467768875344,0.8057925977117492,0.8166993017297403,0.8238880074884853,0.0
expanded-blagn-v1,measurement,RUBIESUDS174752_taylor24,RUBIESUDS174752_taylor24,HZA-RUBIES-UDS-174752,RUBIES-UDS-174752,1,RUBIESUDS174752_taylor24,True,only catalogue measurement in this release,6.039,0.923141431567787,RUBIES,UDS,broad-line-agn,robust,individual_robust,taylor24_ceers_rubies_blagn,Table 1 (Sample of BLAGN),The Astrophysical Journal 986:165 (2025); arXiv:2409.06772v2,https://iopscience.iop.org/article/10.3847/1538-4357/add15b,10.3847/1538-4357/add15b,single-epoch-virial-halpha-reines2013,0.0,non_lrd,0.0,formal_mbh_errors_exclude_virial_systematic;nominal_mass_uncorrected_for_dust,Nominal Table 1 mass and Halpha flux are uncorrected for dust; formal MBH errors exclude the approximately 0.5 dex virial-calibration systematic.,10000,20260808,30.0,0.1,1.0,True,split-normal-in-log-mbh,0.08,0.08,0.08,0.08,symmetric_reported,False,taylor_virial_plus_0p5dex,Taylor virial calibration sensitivity: MBH +0.5 dex,taylor_virial_calibration_sensitivity,taylor24_ceers_rubies_blagn_only,0.5,7.628829562381854,7.680883371670049,7.761289206014155,7.839270409006692,7.89066851443814,seed1e4,4.0,10000.0,0.5075398743518101,0.514820288979033,0.5260661098032478,0.5369728138212388,0.5441615195799838,0.0
expanded-blagn-v1,measurement,RUBIESUDS174752_taylor24,RUBIESUDS174752_taylor24,HZA-RUBIES-UDS-174752,RUBIES-UDS-174752,1,RUBIESUDS174752_taylor24,True,only catalogue measurement in this release,6.039,0.923141431567787,RUBIES,UDS,broad-line-agn,robust,individual_robust,taylor24_ceers_rubies_blagn,Table 1 (Sample of BLAGN),The Astrophysical Journal 986:165 (2025); arXiv:2409.06772v2,https://iopscience.iop.org/article/10.3847/1538-4357/add15b,10.3847/1538-4357/add15b,single-epoch-virial-halpha-reines2013,0.0,non_lrd,0.0,formal_mbh_errors_exclude_virial_systematic;nominal_mass_uncorrected_for_dust,Nominal Table 1 mass and Halpha flux are uncorrected for dust; formal MBH errors exclude the approximately 0.5 dex virial-calibration systematic.,10000,20260808,30.0,0.1,1.0,True,split-normal-in-log-mbh,0.08,0.08,0.08,0.08,symmetric_reported,False,taylor_virial_plus_0p5dex,Taylor virial calibration sensitivity: MBH +0.5 dex,taylor_virial_calibration_sensitivity,taylor24_ceers_rubies_blagn_only,0.5,7.628829562381854,7.680883371670049,7.761289206014155,7.839270409006692,7.89066851443814,seed1e5,5.0,100000.0,0.3676766303975594,0.3749570450247823,0.3862028658489971,0.39710956986698814,0.4042982756257331,0.0
expanded-blagn-v1,measurement,RUBIESUDS182791_taylor24,RUBIESUDS182791_taylor24,HZA-RUBIES-UDS-182791,RUBIES-UDS-182791,1,RUBIESUDS182791_taylor24,True,only catalogue measurement in this release,4.718,1.2597384362661206,RUBIES,UDS,broad-line-agn,robust,individual_robust,taylor24_ceers_rubies_blagn,Table 1 (Sample of BLAGN),The Astrophysical Journal 986:165 (2025); arXiv:2409.06772v2,https://iopscience.iop.org/article/10.3847/1538-4357/add15b,10.3847/1538-4357/add15b,single-epoch-virial-halpha-reines2013,0.0,non_lrd,0.0,formal_mbh_errors_exclude_virial_systematic;nominal_mass_uncorrected_for_dust,Nominal Table 1 mass and Halpha flux are uncorrected for dust; formal MBH errors exclude the approximately 0.5 dex virial-calibration systematic.,10000,20260808,30.0,0.1,1.0,True,split-normal-in-log-mbh,0.03,0.03,0.03,0.03,symmetric_reported,False,baseline,reported MBH,none,all_sources,0.0,8.011074404972963,8.030419927292169,8.060585563557042,8.090336616543272,8.109190987713632,seed1e2,2.0,100.0,0.5967223813367709,0.598642821073296,0.6016373789665778,0.6045907809691434,0.6064624638839441,0.0
expanded-blagn-v1,measurement,RUBIESUDS182791_taylor24,RUBIESUDS182791_taylor24,HZA-RUBIES-UDS-182791,RUBIES-UDS-182791,1,RUBIESUDS182791_taylor24,True,only catalogue measurement in this release,4.718,1.2597384362661206,RUBIES,UDS,broad-line-agn,robust,individual_robust,taylor24_ceers_rubies_blagn,Table 1 (Sample of BLAGN),The Astrophysical Journal 986:165 (2025); arXiv:2409.06772v2,https://iopscience.iop.org/article/10.3847/1538-4357/add15b,10.3847/1538-4357/add15b,single-epoch-virial-halpha-reines2013,0.0,non_lrd,0.0,formal_mbh_errors_exclude_virial_systematic;nominal_mass_uncorrected_for_dust,Nominal Table 1 mass and Halpha flux are uncorrected for dust; formal MBH errors exclude the approximately 0.5 dex virial-calibration systematic.,10000,20260808,30.0,0.1,1.0,True,split-normal-in-log-mbh,0.03,0.03,0.03,0.03,symmetric_reported,False,baseline,reported MBH,none,all_sources,0.0,8.011074404972963,8.030419927292169,8.060585563557042,8.090336616543272,8.109190987713632,seed1e4,4.0,10000.0,0.3981813748095176,0.4001018145460429,0.40309637243932445,0.4060497744418902,0.407921457356691,0.0
expanded-blagn-v1,measurement,RUBIESUDS182791_taylor24,RUBIESUDS182791_taylor24,HZA-RUBIES-UDS-182791,RUBIES-UDS-182791,1,RUBIESUDS182791_taylor24,True,only catalogue measurement in this release,4.718,1.2597384362661206,RUBIES,UDS,broad-line-agn,robust,individual_robust,taylor24_ceers_rubies_blagn,Table 1 (Sample of BLAGN),The Astrophysical Journal 986:165 (2025); arXiv:2409.06772v2,https://iopscience.iop.org/article/10.3847/1538-4357/add15b,10.3847/1538-4357/add15b,single-epoch-virial-halpha-reines2013,0.0,non_lrd,0.0,formal_mbh_errors_exclude_virial_systematic;nominal_mass_uncorrected_for_dust,Nominal Table 1 mass and Halpha flux are uncorrected for dust; formal MBH errors exclude the approximately 0.5 dex virial-calibration systematic.,10000,20260808,30.0,0.1,1.0,True,split-normal-in-log-mbh,0.03,0.03,0.03,0.03,symmetric_reported,False,baseline,reported MBH,none,all_sources,0.0,8.011074404972963,8.030419927292169,8.060585563557042,8.090336616543272,8.109190987713632,seed1e5,5.0,100000.0,0.29891087154589097,0.30083131128241625,0.30382586917569787,0.30677927117826365,0.3086509540930644,0.0
expanded-blagn-v1,measurement,RUBIESUDS182791_taylor24,RUBIESUDS182791_taylor24,HZA-RUBIES-UDS-182791,RUBIES-UDS-182791,1,RUBIESUDS182791_taylor24,True,only catalogue measurement in this release,4.718,1.2597384362661206,RUBIES,UDS,broad-line-agn,robust,individual_robust,taylor24_ceers_rubies_blagn,Table 1 (Sample of BLAGN),The Astrophysical Journal 986:165 (2025); arXiv:2409.06772v2,https://iopscience.iop.org/article/10.3847/1538-4357/add15b,10.3847/1538-4357/add15b,single-epoch-virial-halpha-reines2013,0.0,non_lrd,0.0,formal_mbh_errors_exclude_virial_systematic;nominal_mass_uncorrected_for_dust,Nominal Table 1 mass and Halpha flux are uncorrected for dust; formal MBH errors exclude the approximately 0.5 dex virial-calibration systematic.,10000,20260808,30.0,0.1,1.0,True,split-normal-in-log-mbh,0.03,0.03,0.03,0.03,symmetric_reported,False,mbh_minus_0p3dex,MBH -0.3 dex,global_comparison,all_sources,-0.3,7.711074404972963,7.730419927292168,7.760585563557043,7.790336616543272,7.809190987713631,seed1e2,2.0,100.0,0.5669412303576828,0.5688616700942081,0.5718562279874897,0.5748096299900554,0.5766813129048562,0.0
expanded-blagn-v1,measurement,RUBIESUDS182791_taylor24,RUBIESUDS182791_taylor24,HZA-RUBIES-UDS-182791,RUBIES-UDS-182791,1,RUBIESUDS182791_taylor24,True,only catalogue measurement in this release,4.718,1.2597384362661206,RUBIES,UDS,broad-line-agn,robust,individual_robust,taylor24_ceers_rubies_blagn,Table 1 (Sample of BLAGN),The Astrophysical Journal 986:165 (2025); arXiv:2409.06772v2,https://iopscience.iop.org/article/10.3847/1538-4357/add15b,10.3847/1538-4357/add15b,single-epoch-virial-halpha-reines2013,0.0,non_lrd,0.0,formal_mbh_errors_exclude_virial_systematic;nominal_mass_uncorrected_for_dust,Nominal Table 1 mass and Halpha flux are uncorrected for dust; formal MBH errors exclude the approximately 0.5 dex virial-calibration systematic.,10000,20260808,30.0,0.1,1.0,True,split-normal-in-log-mbh,0.03,0.03,0.03,0.03,symmetric_reported,False,mbh_minus_0p3dex,MBH -0.3 dex,global_comparison,all_sources,-0.3,7.711074404972963,7.730419927292168,7.760585563557043,7.790336616543272,7.809190987713631,seed1e4,4.0,10000.0,0.3684002238304296,0.37032066356695487,0.3733152214602365,0.3762686234628023,0.3781403063776031,0.0
expanded-blagn-v1,measurement,RUBIESUDS182791_taylor24,RUBIESUDS182791_taylor24,HZA-RUBIES-UDS-182791,RUBIES-UDS-182791,1,RUBIESUDS182791_taylor24,True,only catalogue measurement in this release,4.718,1.2597384362661206,RUBIES,UDS,broad-line-agn,robust,individual_robust,taylor24_ceers_rubies_blagn,Table 1 (Sample of BLAGN),The Astrophysical Journal 986:165 (2025); arXiv:2409.06772v2,https://iopscience.iop.org/article/10.3847/1538-4357/add15b,10.3847/1538-4357/add15b,single-epoch-virial-halpha-reines2013,0.0,non_lrd,0.0,formal_mbh_errors_exclude_virial_systematic;nominal_mass_uncorrected_for_dust,Nominal Table 1 mass and Halpha flux are uncorrected for dust; formal MBH errors exclude the approximately 0.5 dex virial-calibration systematic.,10000,20260808,30.0,0.1,1.0,True,split-normal-in-log-mbh,0.03,0.03,0.03,0.03,symmetric_reported,False,mbh_minus_0p3dex,MBH -0.3 dex,global_comparison,all_sources,-0.3,7.711074404972963,7.730419927292168,7.760585563557043,7.790336616543272,7.809190987713631,seed1e5,5.0,100000.0,0.269129720566803,0.27105016030332824,0.27404471819660986,0.27699812019917563,0.27886980311397647,0.0
expanded-blagn-v1,measurement,RUBIESUDS182791_taylor24,RUBIESUDS182791_taylor24,HZA-RUBIES-UDS-182791,RUBIES-UDS-182791,1,RUBIESUDS182791_taylor24,True,only catalogue measurement in this release,4.718,1.2597384362661206,RUBIES,UDS,broad-line-agn,robust,individual_robust,taylor24_ceers_rubies_blagn,Table 1 (Sample of BLAGN),The Astrophysical Journal 986:165 (2025); arXiv:2409.06772v2,https://iopscience.iop.org/article/10.3847/1538-4357/add15b,10.3847/1538-4357/add15b,single-epoch-virial-halpha-reines2013,0.0,non_lrd,0.0,formal_mbh_errors_exclude_virial_systematic;nominal_mass_uncorrected_for_dust,Nominal Table 1 mass and Halpha flux are uncorrected for dust; formal MBH errors exclude the approximately 0.5 dex virial-calibration systematic.,10000,20260808,30.0,0.1,1.0,True,split-normal-in-log-mbh,0.03,0.03,0.03,0.03,symmetric_reported,False,mbh_plus_0p3dex,MBH +0.3 dex,global_comparison,all_sources,0.3,8.311074404972963,8.33041992729217,8.360585563557043,8.390336616543273,8.409190987713632,seed1e2,2.0,100.0,0.6265035323158589,0.6284239720523841,0.6314185299456657,0.6343719319482315,0.6362436148630323,0.0
expanded-blagn-v1,measurement,RUBIESUDS182791_taylor24,RUBIESUDS182791_taylor24,HZA-RUBIES-UDS-182791,RUBIES-UDS-182791,1,RUBIESUDS182791_taylor24,True,only catalogue measurement in this release,4.718,1.2597384362661206,RUBIES,UDS,broad-line-agn,robust,individual_robust,taylor24_ceers_rubies_blagn,Table 1 (Sample of BLAGN),The Astrophysical Journal 986:165 (2025); arXiv:2409.06772v2,https://iopscience.iop.org/article/10.3847/1538-4357/add15b,10.3847/1538-4357/add15b,single-epoch-virial-halpha-reines2013,0.0,non_lrd,0.0,formal_mbh_errors_exclude_virial_systematic;nominal_mass_uncorrected_for_dust,Nominal Table 1 mass and Halpha flux are uncorrected for dust; formal MBH errors exclude the approximately 0.5 dex virial-calibration systematic.,10000,20260808,30.0,0.1,1.0,True,split-normal-in-log-mbh,0.03,0.03,0.03,0.03,symmetric_reported,False,mbh_plus_0p3dex,MBH +0.3 dex,global_comparison,all_sources,0.3,8.311074404972963,8.33041992729217,8.360585563557043,8.390336616543273,8.409190987713632,seed1e4,4.0,10000.0,0.42796252578860566,0.4298829655251309,0.43287752341841257,0.4358309254209783,0.4377026083357791,0.0
expanded-blagn-v1,measurement,RUBIESUDS182791_taylor24,RUBIESUDS182791_taylor24,HZA-RUBIES-UDS-182791,RUBIES-UDS-182791,1,RUBIESUDS182791_taylor24,True,only catalogue measurement in this release,4.718,1.2597384362661206,RUBIES,UDS,broad-line-agn,robust,individual_robust,taylor24_ceers_rubies_blagn,Table 1 (Sample of BLAGN),The Astrophysical Journal 986:165 (2025); arXiv:2409.06772v2,https://iopscience.iop.org/article/10.3847/1538-4357/add15b,10.3847/1538-4357/add15b,single-epoch-virial-halpha-reines2013,0.0,non_lrd,0.0,formal_mbh_errors_exclude_virial_systematic;nominal_mass_uncorrected_for_dust,Nominal Table 1 mass and Halpha flux are uncorrected for dust; formal MBH errors exclude the approximately 0.5 dex virial-calibration systematic.,10000,20260808,30.0,0.1,1.0,True,split-normal-in-log-mbh,0.03,0.03,0.03,0.03,symmetric_reported,False,mbh_plus_0p3dex,MBH +0.3 dex,global_comparison,all_sources,0.3,8.311074404972963,8.33041992729217,8.360585563557043,8.390336616543273,8.409190987713632,seed1e5,5.0,100000.0,0.328692022524979,0.33061246226150426,0.33360702015478594,0.3365604221573517,0.3384321050721525,0.0
expanded-blagn-v1,measurement,RUBIESUDS182791_taylor24,RUBIESUDS182791_taylor24,HZA-RUBIES-UDS-182791,RUBIES-UDS-182791,1,RUBIESUDS182791_taylor24,True,only catalogue measurement in this release,4.718,1.2597384362661206,RUBIES,UDS,broad-line-agn,robust,individual_robust,taylor24_ceers_rubies_blagn,Table 1 (Sample of BLAGN),The Astrophysical Journal 986:165 (2025); arXiv:2409.06772v2,https://iopscience.iop.org/article/10.3847/1538-4357/add15b,10.3847/1538-4357/add15b,single-epoch-virial-halpha-reines2013,0.0,non_lrd,0.0,formal_mbh_errors_exclude_virial_systematic;nominal_mass_uncorrected_for_dust,Nominal Table 1 mass and Halpha flux are uncorrected for dust; formal MBH errors exclude the approximately 0.5 dex virial-calibration systematic.,10000,20260808,30.0,0.1,1.0,True,split-normal-in-log-mbh,0.03,0.03,0.03,0.03,symmetric_reported,False,taylor_virial_minus_0p5dex,Taylor virial calibration sensitivity: MBH -0.5 dex,taylor_virial_calibration_sensitivity,taylor24_ceers_rubies_blagn_only,-0.5,7.5110744049729625,7.530419927292168,7.5605855635570425,7.590336616543272,7.609190987713631,seed1e2,2.0,100.0,0.5470871297049575,0.5490075694414828,0.5520021273347643,0.5549555293373302,0.5568272122521308,0.0
expanded-blagn-v1,measurement,RUBIESUDS182791_taylor24,RUBIESUDS182791_taylor24,HZA-RUBIES-UDS-182791,RUBIES-UDS-182791,1,RUBIESUDS182791_taylor24,True,only catalogue measurement in this release,4.718,1.2597384362661206,RUBIES,UDS,broad-line-agn,robust,individual_robust,taylor24_ceers_rubies_blagn,Table 1 (Sample of BLAGN),The Astrophysical Journal 986:165 (2025); arXiv:2409.06772v2,https://iopscience.iop.org/article/10.3847/1538-4357/add15b,10.3847/1538-4357/add15b,single-epoch-virial-halpha-reines2013,0.0,non_lrd,0.0,formal_mbh_errors_exclude_virial_systematic;nominal_mass_uncorrected_for_dust,Nominal Table 1 mass and Halpha flux are uncorrected for dust; formal MBH errors exclude the approximately 0.5 dex virial-calibration systematic.,10000,20260808,30.0,0.1,1.0,True,split-normal-in-log-mbh,0.03,0.03,0.03,0.03,symmetric_reported,False,taylor_virial_minus_0p5dex,Taylor virial calibration sensitivity: MBH -0.5 dex,taylor_virial_calibration_sensitivity,taylor24_ceers_rubies_blagn_only,-0.5,7.5110744049729625,7.530419927292168,7.5605855635570425,7.590336616543272,7.609190987713631,seed1e4,4.0,10000.0,0.3485461231777042,0.35046656291422956,0.35346112080751113,0.35641452281007696,0.35828620572487774,0.0
expanded-blagn-v1,measurement,RUBIESUDS182791_taylor24,RUBIESUDS182791_taylor24,HZA-RUBIES-UDS-182791,RUBIES-UDS-182791,1,RUBIESUDS182791_taylor24,True,only catalogue measurement in this release,4.718,1.2597384362661206,RUBIES,UDS,broad-line-agn,robust,individual_robust,taylor24_ceers_rubies_blagn,Table 1 (Sample of BLAGN),The Astrophysical Journal 986:165 (2025); arXiv:2409.06772v2,https://iopscience.iop.org/article/10.3847/1538-4357/add15b,10.3847/1538-4357/add15b,single-epoch-virial-halpha-reines2013,0.0,non_lrd,0.0,formal_mbh_errors_exclude_virial_systematic;nominal_mass_uncorrected_for_dust,Nominal Table 1 mass and Halpha flux are uncorrected for dust; formal MBH errors exclude the approximately 0.5 dex virial-calibration systematic.,10000,20260808,30.0,0.1,1.0,True,split-normal-in-log-mbh,0.03,0.03,0.03,0.03,symmetric_reported,False,taylor_virial_minus_0p5dex,Taylor virial calibration sensitivity: MBH -0.5 dex,taylor_virial_calibration_sensitivity,taylor24_ceers_rubies_blagn_only,-0.5,7.5110744049729625,7.530419927292168,7.5605855635570425,7.590336616543272,7.609190987713631,seed1e5,5.0,100000.0,0.24927561991407765,0.251196059650603,0.2541906175438845,0.25714401954645033,0.2590157024612511,0.0
expanded-blagn-v1,measurement,RUBIESUDS182791_taylor24,RUBIESUDS182791_taylor24,HZA-RUBIES-UDS-182791,RUBIES-UDS-182791,1,RUBIESUDS182791_taylor24,True,only catalogue measurement in this release,4.718,1.2597384362661206,RUBIES,UDS,broad-line-agn,robust,individual_robust,taylor24_ceers_rubies_blagn,Table 1 (Sample of BLAGN),The Astrophysical Journal 986:165 (2025); arXiv:2409.06772v2,https://iopscience.iop.org/article/10.3847/1538-4357/add15b,10.3847/1538-4357/add15b,single-epoch-virial-halpha-reines2013,0.0,non_lrd,0.0,formal_mbh_errors_exclude_virial_systematic;nominal_mass_uncorrected_for_dust,Nominal Table 1 mass and Halpha flux are uncorrected for dust; formal MBH errors exclude the approximately 0.5 dex virial-calibration systematic.,10000,20260808,30.0,0.1,1.0,True,split-normal-in-log-mbh,0.03,0.03,0.03,0.03,symmetric_reported,False,taylor_virial_plus_0p5dex,Taylor virial calibration sensitivity: MBH +0.5 dex,taylor_virial_calibration_sensitivity,taylor24_ceers_rubies_blagn_only,0.5,8.511074404972963,8.530419927292169,8.560585563557042,8.590336616543272,8.609190987713632,seed1e2,2.0,100.0,0.6463576329685841,0.6482780727051094,0.6512726305983909,0.6542260326009567,0.6560977155157575,0.0
expanded-blagn-v1,measurement,RUBIESUDS182791_taylor24,RUBIESUDS182791_taylor24,HZA-RUBIES-UDS-182791,RUBIES-UDS-182791,1,RUBIESUDS182791_taylor24,True,only catalogue measurement in this release,4.718,1.2597384362661206,RUBIES,UDS,broad-line-agn,robust,individual_robust,taylor24_ceers_rubies_blagn,Table 1 (Sample of BLAGN),The Astrophysical Journal 986:165 (2025); arXiv:2409.06772v2,https://iopscience.iop.org/article/10.3847/1538-4357/add15b,10.3847/1538-4357/add15b,single-epoch-virial-halpha-reines2013,0.0,non_lrd,0.0,formal_mbh_errors_exclude_virial_systematic;nominal_mass_uncorrected_for_dust,Nominal Table 1 mass and Halpha flux are uncorrected for dust; formal MBH errors exclude the approximately 0.5 dex virial-calibration systematic.,10000,20260808,30.0,0.1,1.0,True,split-normal-in-log-mbh,0.03,0.03,0.03,0.03,symmetric_reported,False,taylor_virial_plus_0p5dex,Taylor virial calibration sensitivity: MBH +0.5 dex,taylor_virial_calibration_sensitivity,taylor24_ceers_rubies_blagn_only,0.5,8.511074404972963,8.530419927292169,8.560585563557042,8.590336616543272,8.609190987713632,seed1e4,4.0,10000.0,0.44781662644133086,0.4497370661778561,0.4527316240711378,0.4556850260737035,0.4575567089885043,0.0
expanded-blagn-v1,measurement,RUBIESUDS182791_taylor24,RUBIESUDS182791_taylor24,HZA-RUBIES-UDS-182791,RUBIES-UDS-182791,1,RUBIESUDS182791_taylor24,True,only catalogue measurement in this release,4.718,1.2597384362661206,RUBIES,UDS,broad-line-agn,robust,individual_robust,taylor24_ceers_rubies_blagn,Table 1 (Sample of BLAGN),The Astrophysical Journal 986:165 (2025); arXiv:2409.06772v2,https://iopscience.iop.org/article/10.3847/1538-4357/add15b,10.3847/1538-4357/add15b,single-epoch-virial-halpha-reines2013,0.0,non_lrd,0.0,formal_mbh_errors_exclude_virial_systematic;nominal_mass_uncorrected_for_dust,Nominal Table 1 mass and Halpha flux are uncorrected for dust; formal MBH errors exclude the approximately 0.5 dex virial-calibration systematic.,10000,20260808,30.0,0.1,1.0,True,split-normal-in-log-mbh,0.03,0.03,0.03,0.03,symmetric_reported,False,taylor_virial_plus_0p5dex,Taylor virial calibration sensitivity: MBH +0.5 dex,taylor_virial_calibration_sensitivity,taylor24_ceers_rubies_blagn_only,0.5,8.511074404972963,8.530419927292169,8.560585563557042,8.590336616543272,8.609190987713632,seed1e5,5.0,100000.0,0.3485461231777042,0.35046656291422956,0.35346112080751113,0.35641452281007696,0.35828620572487774,0.0
expanded-blagn-v1,measurement,RUBIESUDS19484_taylor24,RUBIESUDS19484_taylor24,HZA-RUBIES-UDS-19484,RUBIES-UDS-19484,1,RUBIESUDS19484_taylor24,True,only catalogue measurement in this release,4.656,1.2804267955067032,RUBIES,UDS,broad-line-agn,robust,individual_robust,taylor24_ceers_rubies_blagn,Table 1 (Sample of BLAGN),The Astrophysical Journal 986:165 (2025); arXiv:2409.06772v2,https://iopscience.iop.org/article/10.3847/1538-4357/add15b,10.3847/1538-4357/add15b,single-epoch-virial-halpha-reines2013,1.0,lrd,0.0,formal_mbh_errors_exclude_virial_systematic;nominal_mass_uncorrected_for_dust,Nominal Table 1 mass and Halpha flux are uncorrected for dust; formal MBH errors exclude the approximately 0.5 dex virial-calibration systematic.,10000,20260808,30.0,0.1,1.0,True,split-normal-in-log-mbh,0.19,0.22,0.19,0.22,asymmetric,False,baseline,reported MBH,none,all_sources,0.0,6.256044304310676,6.401153478219826,6.619623754566349,6.80952685645748,6.938062861772213,seed1e2,2.0,100.0,0.41509495042201155,0.4292475487134793,0.45055510616463,0.4690764872942027,0.48161269296751374,0.0
expanded-blagn-v1,measurement,RUBIESUDS19484_taylor24,RUBIESUDS19484_taylor24,HZA-RUBIES-UDS-19484,RUBIES-UDS-19484,1,RUBIESUDS19484_taylor24,True,only catalogue measurement in this release,4.656,1.2804267955067032,RUBIES,UDS,broad-line-agn,robust,individual_robust,taylor24_ceers_rubies_blagn,Table 1 (Sample of BLAGN),The Astrophysical Journal 986:165 (2025); arXiv:2409.06772v2,https://iopscience.iop.org/article/10.3847/1538-4357/add15b,10.3847/1538-4357/add15b,single-epoch-virial-halpha-reines2013,1.0,lrd,0.0,formal_mbh_errors_exclude_virial_systematic;nominal_mass_uncorrected_for_dust,Nominal Table 1 mass and Halpha flux are uncorrected for dust; formal MBH errors exclude the approximately 0.5 dex virial-calibration systematic.,10000,20260808,30.0,0.1,1.0,True,split-normal-in-log-mbh,0.19,0.22,0.19,0.22,asymmetric,False,baseline,reported MBH,none,all_sources,0.0,6.256044304310676,6.401153478219826,6.619623754566349,6.80952685645748,6.938062861772213,seed1e4,4.0,10000.0,0.22003356442958275,0.23418616272105033,0.2554937201722012,0.2740151013017739,0.2865513069750849,0.0
expanded-blagn-v1,measurement,RUBIESUDS19484_taylor24,RUBIESUDS19484_taylor24,HZA-RUBIES-UDS-19484,RUBIES-UDS-19484,1,RUBIESUDS19484_taylor24,True,only catalogue measurement in this release,4.656,1.2804267955067032,RUBIES,UDS,broad-line-agn,robust,individual_robust,taylor24_ceers_rubies_blagn,Table 1 (Sample of BLAGN),The Astrophysical Journal 986:165 (2025); arXiv:2409.06772v2,https://iopscience.iop.org/article/10.3847/1538-4357/add15b,10.3847/1538-4357/add15b,single-epoch-virial-halpha-reines2013,1.0,lrd,0.0,formal_mbh_errors_exclude_virial_systematic;nominal_mass_uncorrected_for_dust,Nominal Table 1 mass and Halpha flux are uncorrected for dust; formal MBH errors exclude the approximately 0.5 dex virial-calibration systematic.,10000,20260808,30.0,0.1,1.0,True,split-normal-in-log-mbh,0.19,0.22,0.19,0.22,asymmetric,False,baseline,reported MBH,none,all_sources,0.0,6.256044304310676,6.401153478219826,6.619623754566349,6.80952685645748,6.938062861772213,seed1e5,5.0,100000.0,0.12250287143336831,0.1366554697248359,0.15796302717598673,0.17648440830555945,0.18902061397887046,0.0
expanded-blagn-v1,measurement,RUBIESUDS19484_taylor24,RUBIESUDS19484_taylor24,HZA-RUBIES-UDS-19484,RUBIES-UDS-19484,1,RUBIESUDS19484_taylor24,True,only catalogue measurement in this release,4.656,1.2804267955067032,RUBIES,UDS,broad-line-agn,robust,individual_robust,taylor24_ceers_rubies_blagn,Table 1 (Sample of BLAGN),The Astrophysical Journal 986:165 (2025); arXiv:2409.06772v2,https://iopscience.iop.org/article/10.3847/1538-4357/add15b,10.3847/1538-4357/add15b,single-epoch-virial-halpha-reines2013,1.0,lrd,0.0,formal_mbh_errors_exclude_virial_systematic;nominal_mass_uncorrected_for_dust,Nominal Table 1 mass and Halpha flux are uncorrected for dust; formal MBH errors exclude the approximately 0.5 dex virial-calibration systematic.,10000,20260808,30.0,0.1,1.0,True,split-normal-in-log-mbh,0.19,0.22,0.19,0.22,asymmetric,False,mbh_minus_0p3dex,MBH -0.3 dex,global_comparison,all_sources,-0.3,5.9560443043106766,6.1011534782198265,6.319623754566349,6.50952685645748,6.638062861772213,seed1e2,2.0,100.0,0.3858357425231473,0.39998834081461493,0.42129589826576574,0.4398172793953384,0.4523534850686495,0.0
expanded-blagn-v1,measurement,RUBIESUDS19484_taylor24,RUBIESUDS19484_taylor24,HZA-RUBIES-UDS-19484,RUBIES-UDS-19484,1,RUBIESUDS19484_taylor24,True,only catalogue measurement in this release,4.656,1.2804267955067032,RUBIES,UDS,broad-line-agn,robust,individual_robust,taylor24_ceers_rubies_blagn,Table 1 (Sample of BLAGN),The Astrophysical Journal 986:165 (2025); arXiv:2409.06772v2,https://iopscience.iop.org/article/10.3847/1538-4357/add15b,10.3847/1538-4357/add15b,single-epoch-virial-halpha-reines2013,1.0,lrd,0.0,formal_mbh_errors_exclude_virial_systematic;nominal_mass_uncorrected_for_dust,Nominal Table 1 mass and Halpha flux are uncorrected for dust; formal MBH errors exclude the approximately 0.5 dex virial-calibration systematic.,10000,20260808,30.0,0.1,1.0,True,split-normal-in-log-mbh,0.19,0.22,0.19,0.22,asymmetric,False,mbh_minus_0p3dex,MBH -0.3 dex,global_comparison,all_sources,-0.3,5.9560443043106766,6.1011534782198265,6.319623754566349,6.50952685645748,6.638062861772213,seed1e4,4.0,10000.0,0.19077435653071845,0.20492695482218604,0.22623451227333685,0.24475589340290957,0.2572920990762205,0.0
expanded-blagn-v1,measurement,RUBIESUDS19484_taylor24,RUBIESUDS19484_taylor24,HZA-RUBIES-UDS-19484,RUBIES-UDS-19484,1,RUBIESUDS19484_taylor24,True,only catalogue measurement in this release,4.656,1.2804267955067032,RUBIES,UDS,broad-line-agn,robust,individual_robust,taylor24_ceers_rubies_blagn,Table 1 (Sample of BLAGN),The Astrophysical Journal 986:165 (2025); arXiv:2409.06772v2,https://iopscience.iop.org/article/10.3847/1538-4357/add15b,10.3847/1538-4357/add15b,single-epoch-virial-halpha-reines2013,1.0,lrd,0.0,formal_mbh_errors_exclude_virial_systematic;nominal_mass_uncorrected_for_dust,Nominal Table 1 mass and Halpha flux are uncorrected for dust; formal MBH errors exclude the approximately 0.5 dex virial-calibration systematic.,10000,20260808,30.0,0.1,1.0,True,split-normal-in-log-mbh,0.19,0.22,0.19,0.22,asymmetric,False,mbh_minus_0p3dex,MBH -0.3 dex,global_comparison,all_sources,-0.3,5.9560443043106766,6.1011534782198265,6.319623754566349,6.50952685645748,6.638062861772213,seed1e5,5.0,100000.0,0.09324366353450399,0.10739626182597159,0.1287038192771224,0.14722520040669515,0.15976140608000616,0.0
expanded-blagn-v1,measurement,RUBIESUDS19484_taylor24,RUBIESUDS19484_taylor24,HZA-RUBIES-UDS-19484,RUBIES-UDS-19484,1,RUBIESUDS19484_taylor24,True,only catalogue measurement in this release,4.656,1.2804267955067032,RUBIES,UDS,broad-line-agn,robust,individual_robust,taylor24_ceers_rubies_blagn,Table 1 (Sample of BLAGN),The Astrophysical Journal 986:165 (2025); arXiv:2409.06772v2,https://iopscience.iop.org/article/10.3847/1538-4357/add15b,10.3847/1538-4357/add15b,single-epoch-virial-halpha-reines2013,1.0,lrd,0.0,formal_mbh_errors_exclude_virial_systematic;nominal_mass_uncorrected_for_dust,Nominal Table 1 mass and Halpha flux are uncorrected for dust; formal MBH errors exclude the approximately 0.5 dex virial-calibration systematic.,10000,20260808,30.0,0.1,1.0,True,split-normal-in-log-mbh,0.19,0.22,0.19,0.22,asymmetric,False,mbh_plus_0p3dex,MBH +0.3 dex,global_comparison,all_sources,0.3,6.556044304310676,6.701153478219826,6.919623754566349,7.10952685645748,7.238062861772213,seed1e2,2.0,100.0,0.44435415832087594,0.4585067566123436,0.47981431406349434,0.4983356951930671,0.5108719008663781,0.0
expanded-blagn-v1,measurement,RUBIESUDS19484_taylor24,RUBIESUDS19484_taylor24,HZA-RUBIES-UDS-19484,RUBIES-UDS-19484,1,RUBIESUDS19484_taylor24,True,only catalogue measurement in this release,4.656,1.2804267955067032,RUBIES,UDS,broad-line-agn,robust,individual_robust,taylor24_ceers_rubies_blagn,Table 1 (Sample of BLAGN),The Astrophysical Journal 986:165 (2025); arXiv:2409.06772v2,https://iopscience.iop.org/article/10.3847/1538-4357/add15b,10.3847/1538-4357/add15b,single-epoch-virial-halpha-reines2013,1.0,lrd,0.0,formal_mbh_errors_exclude_virial_systematic;nominal_mass_uncorrected_for_dust,Nominal Table 1 mass and Halpha flux are uncorrected for dust; formal MBH errors exclude the approximately 0.5 dex virial-calibration systematic.,10000,20260808,30.0,0.1,1.0,True,split-normal-in-log-mbh,0.19,0.22,0.19,0.22,asymmetric,False,mbh_plus_0p3dex,MBH +0.3 dex,global_comparison,all_sources,0.3,6.556044304310676,6.701153478219826,6.919623754566349,7.10952685645748,7.238062861772213,seed1e4,4.0,10000.0,0.24929277232844704,0.2634453706199147,0.28475292807106545,0.3032743092006382,0.3158105148739492,0.0
expanded-blagn-v1,measurement,RUBIESUDS19484_taylor24,RUBIESUDS19484_taylor24,HZA-RUBIES-UDS-19484,RUBIES-UDS-19484,1,RUBIESUDS19484_taylor24,True,only catalogue measurement in this release,4.656,1.2804267955067032,RUBIES,UDS,broad-line-agn,robust,individual_robust,taylor24_ceers_rubies_blagn,Table 1 (Sample of BLAGN),The Astrophysical Journal 986:165 (2025); arXiv:2409.06772v2,https://iopscience.iop.org/article/10.3847/1538-4357/add15b,10.3847/1538-4357/add15b,single-epoch-virial-halpha-reines2013,1.0,lrd,0.0,formal_mbh_errors_exclude_virial_systematic;nominal_mass_uncorrected_for_dust,Nominal Table 1 mass and Halpha flux are uncorrected for dust; formal MBH errors exclude the approximately 0.5 dex virial-calibration systematic.,10000,20260808,30.0,0.1,1.0,True,split-normal-in-log-mbh,0.19,0.22,0.19,0.22,asymmetric,False,mbh_plus_0p3dex,MBH +0.3 dex,global_comparison,all_sources,0.3,6.556044304310676,6.701153478219826,6.919623754566349,7.10952685645748,7.238062861772213,seed1e5,5.0,100000.0,0.15176207933223262,0.1659146776237002,0.18722223507485103,0.20574361620442375,0.2182798218777348,0.0
expanded-blagn-v1,measurement,RUBIESUDS19484_taylor24,RUBIESUDS19484_taylor24,HZA-RUBIES-UDS-19484,RUBIES-UDS-19484,1,RUBIESUDS19484_taylor24,True,only catalogue measurement in this release,4.656,1.2804267955067032,RUBIES,UDS,broad-line-agn,robust,individual_robust,taylor24_ceers_rubies_blagn,Table 1 (Sample of BLAGN),The Astrophysical Journal 986:165 (2025); arXiv:2409.06772v2,https://iopscience.iop.org/article/10.3847/1538-4357/add15b,10.3847/1538-4357/add15b,single-epoch-virial-halpha-reines2013,1.0,lrd,0.0,formal_mbh_errors_exclude_virial_systematic;nominal_mass_uncorrected_for_dust,Nominal Table 1 mass and Halpha flux are uncorrected for dust; formal MBH errors exclude the approximately 0.5 dex virial-calibration systematic.,10000,20260808,30.0,0.1,1.0,True,split-normal-in-log-mbh,0.19,0.22,0.19,0.22,asymmetric,False,taylor_virial_minus_0p5dex,Taylor virial calibration sensitivity: MBH -0.5 dex,taylor_virial_calibration_sensitivity,taylor24_ceers_rubies_blagn_only,-0.5,5.756044304310676,5.901153478219826,6.119623754566349,6.30952685645748,6.438062861772213,seed1e2,2.0,100.0,0.3663296039239044,0.38048220221537205,0.40178975966652286,0.4203111407960956,0.4328473464694065,0.0
expanded-blagn-v1,measurement,RUBIESUDS19484_taylor24,RUBIESUDS19484_taylor24,HZA-RUBIES-UDS-19484,RUBIES-UDS-19484,1,RUBIESUDS19484_taylor24,True,only catalogue measurement in this release,4.656,1.2804267955067032,RUBIES,UDS,broad-line-agn,robust,individual_robust,taylor24_ceers_rubies_blagn,Table 1 (Sample of BLAGN),The Astrophysical Journal 986:165 (2025); arXiv:2409.06772v2,https://iopscience.iop.org/article/10.3847/1538-4357/add15b,10.3847/1538-4357/add15b,single-epoch-virial-halpha-reines2013,1.0,lrd,0.0,formal_mbh_errors_exclude_virial_systematic;nominal_mass_uncorrected_for_dust,Nominal Table 1 mass and Halpha flux are uncorrected for dust; formal MBH errors exclude the approximately 0.5 dex virial-calibration systematic.,10000,20260808,30.0,0.1,1.0,True,split-normal-in-log-mbh,0.19,0.22,0.19,0.22,asymmetric,False,taylor_virial_minus_0p5dex,Taylor virial calibration sensitivity: MBH -0.5 dex,taylor_virial_calibration_sensitivity,taylor24_ceers_rubies_blagn_only,-0.5,5.756044304310676,5.901153478219826,6.119623754566349,6.30952685645748,6.438062861772213,seed1e4,4.0,10000.0,0.17126821793147554,0.18542081622294312,0.2067283736740939,0.22524975480366666,0.23778596047697773,0.0
expanded-blagn-v1,measurement,RUBIESUDS19484_taylor24,RUBIESUDS19484_taylor24,HZA-RUBIES-UDS-19484,RUBIES-UDS-19484,1,RUBIESUDS19484_taylor24,True,only catalogue measurement in this release,4.656,1.2804267955067032,RUBIES,UDS,broad-line-agn,robust,individual_robust,taylor24_ceers_rubies_blagn,Table 1 (Sample of BLAGN),The Astrophysical Journal 986:165 (2025); arXiv:2409.06772v2,https://iopscience.iop.org/article/10.3847/1538-4357/add15b,10.3847/1538-4357/add15b,single-epoch-virial-halpha-reines2013,1.0,lrd,0.0,formal_mbh_errors_exclude_virial_systematic;nominal_mass_uncorrected_for_dust,Nominal Table 1 mass and Halpha flux are uncorrected for dust; formal MBH errors exclude the approximately 0.5 dex virial-calibration systematic.,10000,20260808,30.0,0.1,1.0,True,split-normal-in-log-mbh,0.19,0.22,0.19,0.22,asymmetric,False,taylor_virial_minus_0p5dex,Taylor virial calibration sensitivity: MBH -0.5 dex,taylor_virial_calibration_sensitivity,taylor24_ceers_rubies_blagn_only,-0.5,5.756044304310676,5.901153478219826,6.119623754566349,6.30952685645748,6.438062861772213,seed1e5,5.0,100000.0,0.07373752493526109,0.08789012322672869,0.10919768067787951,0.12771906180745224,0.14025526748076325,0.0
expanded-blagn-v1,measurement,RUBIESUDS19484_taylor24,RUBIESUDS19484_taylor24,HZA-RUBIES-UDS-19484,RUBIES-UDS-19484,1,RUBIESUDS19484_taylor24,True,only catalogue measurement in this release,4.656,1.2804267955067032,RUBIES,UDS,broad-line-agn,robust,individual_robust,taylor24_ceers_rubies_blagn,Table 1 (Sample of BLAGN),The Astrophysical Journal 986:165 (2025); arXiv:2409.06772v2,https://iopscience.iop.org/article/10.3847/1538-4357/add15b,10.3847/1538-4357/add15b,single-epoch-virial-halpha-reines2013,1.0,lrd,0.0,formal_mbh_errors_exclude_virial_systematic;nominal_mass_uncorrected_for_dust,Nominal Table 1 mass and Halpha flux are uncorrected for dust; formal MBH errors exclude the approximately 0.5 dex virial-calibration systematic.,10000,20260808,30.0,0.1,1.0,True,split-normal-in-log-mbh,0.19,0.22,0.19,0.22,asymmetric,False,taylor_virial_plus_0p5dex,Taylor virial calibration sensitivity: MBH +0.5 dex,taylor_virial_calibration_sensitivity,taylor24_ceers_rubies_blagn_only,0.5,6.756044304310676,6.901153478219826,7.119623754566349,7.30952685645748,7.438062861772213,seed1e2,2.0,100.0,0.4638602969201188,0.47801289521158646,0.4993204526627373,0.51784183379231,0.5303780394656211,0.0
expanded-blagn-v1,measurement,RUBIESUDS19484_taylor24,RUBIESUDS19484_taylor24,HZA-RUBIES-UDS-19484,RUBIES-UDS-19484,1,RUBIESUDS19484_taylor24,True,only catalogue measurement in this release,4.656,1.2804267955067032,RUBIES,UDS,broad-line-agn,robust,individual_robust,taylor24_ceers_rubies_blagn,Table 1 (Sample of BLAGN),The Astrophysical Journal 986:165 (2025); arXiv:2409.06772v2,https://iopscience.iop.org/article/10.3847/1538-4357/add15b,10.3847/1538-4357/add15b,single-epoch-virial-halpha-reines2013,1.0,lrd,0.0,formal_mbh_errors_exclude_virial_systematic;nominal_mass_uncorrected_for_dust,Nominal Table 1 mass and Halpha flux are uncorrected for dust; formal MBH errors exclude the approximately 0.5 dex virial-calibration systematic.,10000,20260808,30.0,0.1,1.0,True,split-normal-in-log-mbh,0.19,0.22,0.19,0.22,asymmetric,False,taylor_virial_plus_0p5dex,Taylor virial calibration sensitivity: MBH +0.5 dex,taylor_virial_calibration_sensitivity,taylor24_ceers_rubies_blagn_only,0.5,6.756044304310676,6.901153478219826,7.119623754566349,7.30952685645748,7.438062861772213,seed1e4,4.0,10000.0,0.2687989109276899,0.28295150921915757,0.3042590666703084,0.3227804477998811,0.33531665347319206,0.0
expanded-blagn-v1,measurement,RUBIESUDS19484_taylor24,RUBIESUDS19484_taylor24,HZA-RUBIES-UDS-19484,RUBIES-UDS-19484,1,RUBIESUDS19484_taylor24,True,only catalogue measurement in this release,4.656,1.2804267955067032,RUBIES,UDS,broad-line-agn,robust,individual_robust,taylor24_ceers_rubies_blagn,Table 1 (Sample of BLAGN),The Astrophysical Journal 986:165 (2025); arXiv:2409.06772v2,https://iopscience.iop.org/article/10.3847/1538-4357/add15b,10.3847/1538-4357/add15b,single-epoch-virial-halpha-reines2013,1.0,lrd,0.0,formal_mbh_errors_exclude_virial_systematic;nominal_mass_uncorrected_for_dust,Nominal Table 1 mass and Halpha flux are uncorrected for dust; formal MBH errors exclude the approximately 0.5 dex virial-calibration systematic.,10000,20260808,30.0,0.1,1.0,True,split-normal-in-log-mbh,0.19,0.22,0.19,0.22,asymmetric,False,taylor_virial_plus_0p5dex,Taylor virial calibration sensitivity: MBH +0.5 dex,taylor_virial_calibration_sensitivity,taylor24_ceers_rubies_blagn_only,0.5,6.756044304310676,6.901153478219826,7.119623754566349,7.30952685645748,7.438062861772213,seed1e5,5.0,100000.0,0.17126821793147554,0.18542081622294312,0.2067283736740939,0.22524975480366666,0.23778596047697773,0.0
expanded-blagn-v1,measurement,RUBIESUDS19521_taylor24,RUBIESUDS19521_taylor24,HZA-RUBIES-UDS-19521,RUBIES-UDS-19521,1,RUBIESUDS19521_taylor24,True,only catalogue measurement in this release,5.669,1.0008399784546649,RUBIES,UDS,broad-line-agn,robust,individual_robust,taylor24_ceers_rubies_blagn,Table 1 (Sample of BLAGN),The Astrophysical Journal 986:165 (2025); arXiv:2409.06772v2,https://iopscience.iop.org/article/10.3847/1538-4357/add15b,10.3847/1538-4357/add15b,single-epoch-virial-halpha-reines2013,0.0,non_lrd,0.0,formal_mbh_errors_exclude_virial_systematic;nominal_mass_uncorrected_for_dust,Nominal Table 1 mass and Halpha flux are uncorrected for dust; formal MBH errors exclude the approximately 0.5 dex virial-calibration systematic.,10000,20260808,30.0,0.1,1.0,True,split-normal-in-log-mbh,0.22,0.26,0.22,0.26,asymmetric,False,baseline,reported MBH,none,all_sources,0.0,6.737353120086924,6.916505510998755,7.174585470587388,7.395650304414849,7.538449401001969,seed1e2,2.0,100.0,0.605434024071304,0.6283297107981054,0.6613123457221068,0.6895644452663261,0.7078141787121836,0.0
expanded-blagn-v1,measurement,RUBIESUDS19521_taylor24,RUBIESUDS19521_taylor24,HZA-RUBIES-UDS-19521,RUBIES-UDS-19521,1,RUBIESUDS19521_taylor24,True,only catalogue measurement in this release,5.669,1.0008399784546649,RUBIES,UDS,broad-line-agn,robust,individual_robust,taylor24_ceers_rubies_blagn,Table 1 (Sample of BLAGN),The Astrophysical Journal 986:165 (2025); arXiv:2409.06772v2,https://iopscience.iop.org/article/10.3847/1538-4357/add15b,10.3847/1538-4357/add15b,single-epoch-virial-halpha-reines2013,0.0,non_lrd,0.0,formal_mbh_errors_exclude_virial_systematic;nominal_mass_uncorrected_for_dust,Nominal Table 1 mass and Halpha flux are uncorrected for dust; formal MBH errors exclude the approximately 0.5 dex virial-calibration systematic.,10000,20260808,30.0,0.1,1.0,True,split-normal-in-log-mbh,0.22,0.26,0.22,0.26,asymmetric,False,baseline,reported MBH,none,all_sources,0.0,6.737353120086924,6.916505510998755,7.174585470587388,7.395650304414849,7.538449401001969,seed1e4,4.0,10000.0,0.3498338993923165,0.37272958611911794,0.4057122210431193,0.4339643205873386,0.45221405403319603,0.0
expanded-blagn-v1,measurement,RUBIESUDS19521_taylor24,RUBIESUDS19521_taylor24,HZA-RUBIES-UDS-19521,RUBIES-UDS-19521,1,RUBIESUDS19521_taylor24,True,only catalogue measurement in this release,5.669,1.0008399784546649,RUBIES,UDS,broad-line-agn,robust,individual_robust,taylor24_ceers_rubies_blagn,Table 1 (Sample of BLAGN),The Astrophysical Journal 986:165 (2025); arXiv:2409.06772v2,https://iopscience.iop.org/article/10.3847/1538-4357/add15b,10.3847/1538-4357/add15b,single-epoch-virial-halpha-reines2013,0.0,non_lrd,0.0,formal_mbh_errors_exclude_virial_systematic;nominal_mass_uncorrected_for_dust,Nominal Table 1 mass and Halpha flux are uncorrected for dust; formal MBH errors exclude the approximately 0.5 dex virial-calibration systematic.,10000,20260808,30.0,0.1,1.0,True,split-normal-in-log-mbh,0.22,0.26,0.22,0.26,asymmetric,False,baseline,reported MBH,none,all_sources,0.0,6.737353120086924,6.916505510998755,7.174585470587388,7.395650304414849,7.538449401001969,seed1e5,5.0,100000.0,0.2220338370528228,0.2449295237796242,0.2779121587036256,0.3061642582478449,0.3244139916937022,0.0
expanded-blagn-v1,measurement,RUBIESUDS19521_taylor24,RUBIESUDS19521_taylor24,HZA-RUBIES-UDS-19521,RUBIES-UDS-19521,1,RUBIESUDS19521_taylor24,True,only catalogue measurement in this release,5.669,1.0008399784546649,RUBIES,UDS,broad-line-agn,robust,individual_robust,taylor24_ceers_rubies_blagn,Table 1 (Sample of BLAGN),The Astrophysical Journal 986:165 (2025); arXiv:2409.06772v2,https://iopscience.iop.org/article/10.3847/1538-4357/add15b,10.3847/1538-4357/add15b,single-epoch-virial-halpha-reines2013,0.0,non_lrd,0.0,formal_mbh_errors_exclude_virial_systematic;nominal_mass_uncorrected_for_dust,Nominal Table 1 mass and Halpha flux are uncorrected for dust; formal MBH errors exclude the approximately 0.5 dex virial-calibration systematic.,10000,20260808,30.0,0.1,1.0,True,split-normal-in-log-mbh,0.22,0.26,0.22,0.26,asymmetric,False,mbh_minus_0p3dex,MBH -0.3 dex,global_comparison,all_sources,-0.3,6.437353120086924,6.616505510998755,6.874585470587389,7.095650304414849,7.2384494010019695,seed1e2,2.0,100.0,0.5670940053694559,0.5899896920962574,0.6229723270202587,0.6512244265644781,0.6694741600103353,0.0
expanded-blagn-v1,measurement,RUBIESUDS19521_taylor24,RUBIESUDS19521_taylor24,HZA-RUBIES-UDS-19521,RUBIES-UDS-19521,1,RUBIESUDS19521_taylor24,True,only catalogue measurement in this release,5.669,1.0008399784546649,RUBIES,UDS,broad-line-agn,robust,individual_robust,taylor24_ceers_rubies_blagn,Table 1 (Sample of BLAGN),The Astrophysical Journal 986:165 (2025); arXiv:2409.06772v2,https://iopscience.iop.org/article/10.3847/1538-4357/add15b,10.3847/1538-4357/add15b,single-epoch-virial-halpha-reines2013,0.0,non_lrd,0.0,formal_mbh_errors_exclude_virial_systematic;nominal_mass_uncorrected_for_dust,Nominal Table 1 mass and Halpha flux are uncorrected for dust; formal MBH errors exclude the approximately 0.5 dex virial-calibration systematic.,10000,20260808,30.0,0.1,1.0,True,split-normal-in-log-mbh,0.22,0.26,0.22,0.26,asymmetric,False,mbh_minus_0p3dex,MBH -0.3 dex,global_comparison,all_sources,-0.3,6.437353120086924,6.616505510998755,6.874585470587389,7.095650304414849,7.2384494010019695,seed1e4,4.0,10000.0,0.31149388069046846,0.3343895674172698,0.3673722023412712,0.3956243018854905,0.4138740353313479,0.0
expanded-blagn-v1,measurement,RUBIESUDS19521_taylor24,RUBIESUDS19521_taylor24,HZA-RUBIES-UDS-19521,RUBIES-UDS-19521,1,RUBIESUDS19521_taylor24,True,only catalogue measurement in this release,5.669,1.0008399784546649,RUBIES,UDS,broad-line-agn,robust,individual_robust,taylor24_ceers_rubies_blagn,Table 1 (Sample of BLAGN),The Astrophysical Journal 986:165 (2025); arXiv:2409.06772v2,https://iopscience.iop.org/article/10.3847/1538-4357/add15b,10.3847/1538-4357/add15b,single-epoch-virial-halpha-reines2013,0.0,non_lrd,0.0,formal_mbh_errors_exclude_virial_systematic;nominal_mass_uncorrected_for_dust,Nominal Table 1 mass and Halpha flux are uncorrected for dust; formal MBH errors exclude the approximately 0.5 dex virial-calibration systematic.,10000,20260808,30.0,0.1,1.0,True,split-normal-in-log-mbh,0.22,0.26,0.22,0.26,asymmetric,False,mbh_minus_0p3dex,MBH -0.3 dex,global_comparison,all_sources,-0.3,6.437353120086924,6.616505510998755,6.874585470587389,7.095650304414849,7.2384494010019695,seed1e5,5.0,100000.0,0.1836938183509747,0.2065895050777761,0.23957214000177754,0.26782423954599677,0.2860739729918542,0.0
expanded-blagn-v1,measurement,RUBIESUDS19521_taylor24,RUBIESUDS19521_taylor24,HZA-RUBIES-UDS-19521,RUBIES-UDS-19521,1,RUBIESUDS19521_taylor24,True,only catalogue measurement in this release,5.669,1.0008399784546649,RUBIES,UDS,broad-line-agn,robust,individual_robust,taylor24_ceers_rubies_blagn,Table 1 (Sample of BLAGN),The Astrophysical Journal 986:165 (2025); arXiv:2409.06772v2,https://iopscience.iop.org/article/10.3847/1538-4357/add15b,10.3847/1538-4357/add15b,single-epoch-virial-halpha-reines2013,0.0,non_lrd,0.0,formal_mbh_errors_exclude_virial_systematic;nominal_mass_uncorrected_for_dust,Nominal Table 1 mass and Halpha flux are uncorrected for dust; formal MBH errors exclude the approximately 0.5 dex virial-calibration systematic.,10000,20260808,30.0,0.1,1.0,True,split-normal-in-log-mbh,0.22,0.26,0.22,0.26,asymmetric,False,mbh_plus_0p3dex,MBH +0.3 dex,global_comparison,all_sources,0.3,7.037353120086924,7.216505510998755,7.474585470587389,7.6956503044148485,7.838449401001969,seed1e2,2.0,100.0,0.6437740427731522,0.6666697294999535,0.699652364423955,0.7279044639681742,0.7461541974140316,0.0
expanded-blagn-v1,measurement,RUBIESUDS19521_taylor24,RUBIESUDS19521_taylor24,HZA-RUBIES-UDS-19521,RUBIES-UDS-19521,1,RUBIESUDS19521_taylor24,True,only catalogue measurement in this release,5.669,1.0008399784546649,RUBIES,UDS,broad-line-agn,robust,individual_robust,taylor24_ceers_rubies_blagn,Table 1 (Sample of BLAGN),The Astrophysical Journal 986:165 (2025); arXiv:2409.06772v2,https://iopscience.iop.org/article/10.3847/1538-4357/add15b,10.3847/1538-4357/add15b,single-epoch-virial-halpha-reines2013,0.0,non_lrd,0.0,formal_mbh_errors_exclude_virial_systematic;nominal_mass_uncorrected_for_dust,Nominal Table 1 mass and Halpha flux are uncorrected for dust; formal MBH errors exclude the approximately 0.5 dex virial-calibration systematic.,10000,20260808,30.0,0.1,1.0,True,split-normal-in-log-mbh,0.22,0.26,0.22,0.26,asymmetric,False,mbh_plus_0p3dex,MBH +0.3 dex,global_comparison,all_sources,0.3,7.037353120086924,7.216505510998755,7.474585470587389,7.6956503044148485,7.838449401001969,seed1e4,4.0,10000.0,0.3881739180941646,0.4110696048209661,0.4440522397449675,0.4723043392891868,0.4905540727350441,0.0
expanded-blagn-v1,measurement,RUBIESUDS19521_taylor24,RUBIESUDS19521_taylor24,HZA-RUBIES-UDS-19521,RUBIES-UDS-19521,1,RUBIESUDS19521_taylor24,True,only catalogue measurement in this release,5.669,1.0008399784546649,RUBIES,UDS,broad-line-agn,robust,individual_robust,taylor24_ceers_rubies_blagn,Table 1 (Sample of BLAGN),The Astrophysical Journal 986:165 (2025); arXiv:2409.06772v2,https://iopscience.iop.org/article/10.3847/1538-4357/add15b,10.3847/1538-4357/add15b,single-epoch-virial-halpha-reines2013,0.0,non_lrd,0.0,formal_mbh_errors_exclude_virial_systematic;nominal_mass_uncorrected_for_dust,Nominal Table 1 mass and Halpha flux are uncorrected for dust; formal MBH errors exclude the approximately 0.5 dex virial-calibration systematic.,10000,20260808,30.0,0.1,1.0,True,split-normal-in-log-mbh,0.22,0.26,0.22,0.26,asymmetric,False,mbh_plus_0p3dex,MBH +0.3 dex,global_comparison,all_sources,0.3,7.037353120086924,7.216505510998755,7.474585470587389,7.6956503044148485,7.838449401001969,seed1e5,5.0,100000.0,0.2603738557546709,0.2832695424814723,0.31625217740547373,0.344504276949693,0.3627540103955504,0.0
expanded-blagn-v1,measurement,RUBIESUDS19521_taylor24,RUBIESUDS19521_taylor24,HZA-RUBIES-UDS-19521,RUBIES-UDS-19521,1,RUBIESUDS19521_taylor24,True,only catalogue measurement in this release,5.669,1.0008399784546649,RUBIES,UDS,broad-line-agn,robust,individual_robust,taylor24_ceers_rubies_blagn,Table 1 (Sample of BLAGN),The Astrophysical Journal 986:165 (2025); arXiv:2409.06772v2,https://iopscience.iop.org/article/10.3847/1538-4357/add15b,10.3847/1538-4357/add15b,single-epoch-virial-halpha-reines2013,0.0,non_lrd,0.0,formal_mbh_errors_exclude_virial_systematic;nominal_mass_uncorrected_for_dust,Nominal Table 1 mass and Halpha flux are uncorrected for dust; formal MBH errors exclude the approximately 0.5 dex virial-calibration systematic.,10000,20260808,30.0,0.1,1.0,True,split-normal-in-log-mbh,0.22,0.26,0.22,0.26,asymmetric,False,taylor_virial_minus_0p5dex,Taylor virial calibration sensitivity: MBH -0.5 dex,taylor_virial_calibration_sensitivity,taylor24_ceers_rubies_blagn_only,-0.5,6.237353120086924,6.416505510998755,6.674585470587388,6.895650304414849,7.038449401001969,seed1e2,2.0,100.0,0.5415339929015571,0.5644296796283585,0.59741231455236,0.6256644140965792,0.6439141475424366,0.0
expanded-blagn-v1,measurement,RUBIESUDS19521_taylor24,RUBIESUDS19521_taylor24,HZA-RUBIES-UDS-19521,RUBIES-UDS-19521,1,RUBIESUDS19521_taylor24,True,only catalogue measurement in this release,5.669,1.0008399784546649,RUBIES,UDS,broad-line-agn,robust,individual_robust,taylor24_ceers_rubies_blagn,Table 1 (Sample of BLAGN),The Astrophysical Journal 986:165 (2025); arXiv:2409.06772v2,https://iopscience.iop.org/article/10.3847/1538-4357/add15b,10.3847/1538-4357/add15b,single-epoch-virial-halpha-reines2013,0.0,non_lrd,0.0,formal_mbh_errors_exclude_virial_systematic;nominal_mass_uncorrected_for_dust,Nominal Table 1 mass and Halpha flux are uncorrected for dust; formal MBH errors exclude the approximately 0.5 dex virial-calibration systematic.,10000,20260808,30.0,0.1,1.0,True,split-normal-in-log-mbh,0.22,0.26,0.22,0.26,asymmetric,False,taylor_virial_minus_0p5dex,Taylor virial calibration sensitivity: MBH -0.5 dex,taylor_virial_calibration_sensitivity,taylor24_ceers_rubies_blagn_only,-0.5,6.237353120086924,6.416505510998755,6.674585470587388,6.895650304414849,7.038449401001969,seed1e4,4.0,10000.0,0.2859338682225697,0.3088295549493711,0.3418121898733725,0.37006428941759173,0.3883140228634492,0.0
expanded-blagn-v1,measurement,RUBIESUDS19521_taylor24,RUBIESUDS19521_taylor24,HZA-RUBIES-UDS-19521,RUBIES-UDS-19521,1,RUBIESUDS19521_taylor24,True,only catalogue measurement in this release,5.669,1.0008399784546649,RUBIES,UDS,broad-line-agn,robust,individual_robust,taylor24_ceers_rubies_blagn,Table 1 (Sample of BLAGN),The Astrophysical Journal 986:165 (2025); arXiv:2409.06772v2,https://iopscience.iop.org/article/10.3847/1538-4357/add15b,10.3847/1538-4357/add15b,single-epoch-virial-halpha-reines2013,0.0,non_lrd,0.0,formal_mbh_errors_exclude_virial_systematic;nominal_mass_uncorrected_for_dust,Nominal Table 1 mass and Halpha flux are uncorrected for dust; formal MBH errors exclude the approximately 0.5 dex virial-calibration systematic.,10000,20260808,30.0,0.1,1.0,True,split-normal-in-log-mbh,0.22,0.26,0.22,0.26,asymmetric,False,taylor_virial_minus_0p5dex,Taylor virial calibration sensitivity: MBH -0.5 dex,taylor_virial_calibration_sensitivity,taylor24_ceers_rubies_blagn_only,-0.5,6.237353120086924,6.416505510998755,6.674585470587388,6.895650304414849,7.038449401001969,seed1e5,5.0,100000.0,0.15813380588307593,0.18102949260987736,0.21401212753387872,0.242264227078098,0.2605139605239554,0.0
expanded-blagn-v1,measurement,RUBIESUDS19521_taylor24,RUBIESUDS19521_taylor24,HZA-RUBIES-UDS-19521,RUBIES-UDS-19521,1,RUBIESUDS19521_taylor24,True,only catalogue measurement in this release,5.669,1.0008399784546649,RUBIES,UDS,broad-line-agn,robust,individual_robust,taylor24_ceers_rubies_blagn,Table 1 (Sample of BLAGN),The Astrophysical Journal 986:165 (2025); arXiv:2409.06772v2,https://iopscience.iop.org/article/10.3847/1538-4357/add15b,10.3847/1538-4357/add15b,single-epoch-virial-halpha-reines2013,0.0,non_lrd,0.0,formal_mbh_errors_exclude_virial_systematic;nominal_mass_uncorrected_for_dust,Nominal Table 1 mass and Halpha flux are uncorrected for dust; formal MBH errors exclude the approximately 0.5 dex virial-calibration systematic.,10000,20260808,30.0,0.1,1.0,True,split-normal-in-log-mbh,0.22,0.26,0.22,0.26,asymmetric,False,taylor_virial_plus_0p5dex,Taylor virial calibration sensitivity: MBH +0.5 dex,taylor_virial_calibration_sensitivity,taylor24_ceers_rubies_blagn_only,0.5,7.237353120086924,7.416505510998755,7.674585470587388,7.895650304414849,8.03844940100197,seed1e2,2.0,100.0,0.6693340552410508,0.6922297419678524,0.7252123768918537,0.753464476436073,0.7717142098819303,0.0
expanded-blagn-v1,measurement,RUBIESUDS19521_taylor24,RUBIESUDS19521_taylor24,HZA-RUBIES-UDS-19521,RUBIES-UDS-19521,1,RUBIESUDS19521_taylor24,True,only catalogue measurement in this release,5.669,1.0008399784546649,RUBIES,UDS,broad-line-agn,robust,individual_robust,taylor24_ceers_rubies_blagn,Table 1 (Sample of BLAGN),The Astrophysical Journal 986:165 (2025); arXiv:2409.06772v2,https://iopscience.iop.org/article/10.3847/1538-4357/add15b,10.3847/1538-4357/add15b,single-epoch-virial-halpha-reines2013,0.0,non_lrd,0.0,formal_mbh_errors_exclude_virial_systematic;nominal_mass_uncorrected_for_dust,Nominal Table 1 mass and Halpha flux are uncorrected for dust; formal MBH errors exclude the approximately 0.5 dex virial-calibration systematic.,10000,20260808,30.0,0.1,1.0,True,split-normal-in-log-mbh,0.22,0.26,0.22,0.26,asymmetric,False,taylor_virial_plus_0p5dex,Taylor virial calibration sensitivity: MBH +0.5 dex,taylor_virial_calibration_sensitivity,taylor24_ceers_rubies_blagn_only,0.5,7.237353120086924,7.416505510998755,7.674585470587388,7.895650304414849,8.03844940100197,seed1e4,4.0,10000.0,0.4137339305620634,0.4366296172888648,0.46961225221286623,0.4978643517570855,0.5161140852029429,0.0
expanded-blagn-v1,measurement,RUBIESUDS19521_taylor24,RUBIESUDS19521_taylor24,HZA-RUBIES-UDS-19521,RUBIES-UDS-19521,1,RUBIESUDS19521_taylor24,True,only catalogue measurement in this release,5.669,1.0008399784546649,RUBIES,UDS,broad-line-agn,robust,individual_robust,taylor24_ceers_rubies_blagn,Table 1 (Sample of BLAGN),The Astrophysical Journal 986:165 (2025); arXiv:2409.06772v2,https://iopscience.iop.org/article/10.3847/1538-4357/add15b,10.3847/1538-4357/add15b,single-epoch-virial-halpha-reines2013,0.0,non_lrd,0.0,formal_mbh_errors_exclude_virial_systematic;nominal_mass_uncorrected_for_dust,Nominal Table 1 mass and Halpha flux are uncorrected for dust; formal MBH errors exclude the approximately 0.5 dex virial-calibration systematic.,10000,20260808,30.0,0.1,1.0,True,split-normal-in-log-mbh,0.22,0.26,0.22,0.26,asymmetric,False,taylor_virial_plus_0p5dex,Taylor virial calibration sensitivity: MBH +0.5 dex,taylor_virial_calibration_sensitivity,taylor24_ceers_rubies_blagn_only,0.5,7.237353120086924,7.416505510998755,7.674585470587388,7.895650304414849,8.03844940100197,seed1e5,5.0,100000.0,0.2859338682225697,0.3088295549493711,0.3418121898733725,0.37006428941759173,0.3883140228634492,0.0
expanded-blagn-v1,measurement,RUBIESUDS29813_taylor24,RUBIESUDS29813_taylor24,HZA-RUBIES-UDS-29813,RUBIES-UDS-29813,1,RUBIESUDS29813_taylor24,True,only catalogue measurement in this release,5.44,1.0545534639492895,RUBIES,UDS,broad-line-agn,robust,individual_robust,taylor24_ceers_rubies_blagn,Table 1 (Sample of BLAGN),The Astrophysical Journal 986:165 (2025); arXiv:2409.06772v2,https://iopscience.iop.org/article/10.3847/1538-4357/add15b,10.3847/1538-4357/add15b,single-epoch-virial-halpha-reines2013,1.0,lrd,0.0,formal_mbh_errors_exclude_virial_systematic;nominal_mass_uncorrected_for_dust,Nominal Table 1 mass and Halpha flux are uncorrected for dust; formal MBH errors exclude the approximately 0.5 dex virial-calibration systematic.,10000,20260808,30.0,0.1,1.0,True,split-normal-in-log-mbh,0.09,0.09,0.09,0.09,symmetric_reported,False,baseline,reported MBH,none,all_sources,0.0,7.243061515290246,7.302095827016359,7.391529860898725,7.482331432522207,7.5383760242605655,seed1e2,2.0,100.0,0.6323591469781336,0.6394792021017859,0.6502657300133385,0.6612171949558437,0.6679766636595873,0.0
expanded-blagn-v1,measurement,RUBIESUDS29813_taylor24,RUBIESUDS29813_taylor24,HZA-RUBIES-UDS-29813,RUBIES-UDS-29813,1,RUBIESUDS29813_taylor24,True,only catalogue measurement in this release,5.44,1.0545534639492895,RUBIES,UDS,broad-line-agn,robust,individual_robust,taylor24_ceers_rubies_blagn,Table 1 (Sample of BLAGN),The Astrophysical Journal 986:165 (2025); arXiv:2409.06772v2,https://iopscience.iop.org/article/10.3847/1538-4357/add15b,10.3847/1538-4357/add15b,single-epoch-virial-halpha-reines2013,1.0,lrd,0.0,formal_mbh_errors_exclude_virial_systematic;nominal_mass_uncorrected_for_dust,Nominal Table 1 mass and Halpha flux are uncorrected for dust; formal MBH errors exclude the approximately 0.5 dex virial-calibration systematic.,10000,20260808,30.0,0.1,1.0,True,split-normal-in-log-mbh,0.09,0.09,0.09,0.09,symmetric_reported,False,baseline,reported MBH,none,all_sources,0.0,7.243061515290246,7.302095827016359,7.391529860898725,7.482331432522207,7.5383760242605655,seed1e4,4.0,10000.0,0.3911416273537706,0.39826168247742283,0.40904821038897554,0.41999967533148075,0.4267591440352243,0.0
expanded-blagn-v1,measurement,RUBIESUDS29813_taylor24,RUBIESUDS29813_taylor24,HZA-RUBIES-UDS-29813,RUBIES-UDS-29813,1,RUBIESUDS29813_taylor24,True,only catalogue measurement in this release,5.44,1.0545534639492895,RUBIES,UDS,broad-line-agn,robust,individual_robust,taylor24_ceers_rubies_blagn,Table 1 (Sample of BLAGN),The Astrophysical Journal 986:165 (2025); arXiv:2409.06772v2,https://iopscience.iop.org/article/10.3847/1538-4357/add15b,10.3847/1538-4357/add15b,single-epoch-virial-halpha-reines2013,1.0,lrd,0.0,formal_mbh_errors_exclude_virial_systematic;nominal_mass_uncorrected_for_dust,Nominal Table 1 mass and Halpha flux are uncorrected for dust; formal MBH errors exclude the approximately 0.5 dex virial-calibration systematic.,10000,20260808,30.0,0.1,1.0,True,split-normal-in-log-mbh,0.09,0.09,0.09,0.09,symmetric_reported,False,baseline,reported MBH,none,all_sources,0.0,7.243061515290246,7.302095827016359,7.391529860898725,7.482331432522207,7.5383760242605655,seed1e5,5.0,100000.0,0.2705328675415891,0.27765292266524133,0.2884394505767941,0.29939091551929925,0.30615038422304275,0.0
expanded-blagn-v1,measurement,RUBIESUDS29813_taylor24,RUBIESUDS29813_taylor24,HZA-RUBIES-UDS-29813,RUBIES-UDS-29813,1,RUBIESUDS29813_taylor24,True,only catalogue measurement in this release,5.44,1.0545534639492895,RUBIES,UDS,broad-line-agn,robust,individual_robust,taylor24_ceers_rubies_blagn,Table 1 (Sample of BLAGN),The Astrophysical Journal 986:165 (2025); arXiv:2409.06772v2,https://iopscience.iop.org/article/10.3847/1538-4357/add15b,10.3847/1538-4357/add15b,single-epoch-virial-halpha-reines2013,1.0,lrd,0.0,formal_mbh_errors_exclude_virial_systematic;nominal_mass_uncorrected_for_dust,Nominal Table 1 mass and Halpha flux are uncorrected for dust; formal MBH errors exclude the approximately 0.5 dex virial-calibration systematic.,10000,20260808,30.0,0.1,1.0,True,split-normal-in-log-mbh,0.09,0.09,0.09,0.09,symmetric_reported,False,mbh_minus_0p3dex,MBH -0.3 dex,global_comparison,all_sources,-0.3,6.943061515290246,7.002095827016359,7.091529860898724,7.182331432522207,7.238376024260566,seed1e2,2.0,100.0,0.5961765190344791,0.6032965741581315,0.6140831020696842,0.6250345670121893,0.631794035715933,0.0
expanded-blagn-v1,measurement,RUBIESUDS29813_taylor24,RUBIESUDS29813_taylor24,HZA-RUBIES-UDS-29813,RUBIES-UDS-29813,1,RUBIESUDS29813_taylor24,True,only catalogue measurement in this release,5.44,1.0545534639492895,RUBIES,UDS,broad-line-agn,robust,individual_robust,taylor24_ceers_rubies_blagn,Table 1 (Sample of BLAGN),The Astrophysical Journal 986:165 (2025); arXiv:2409.06772v2,https://iopscience.iop.org/article/10.3847/1538-4357/add15b,10.3847/1538-4357/add15b,single-epoch-virial-halpha-reines2013,1.0,lrd,0.0,formal_mbh_errors_exclude_virial_systematic;nominal_mass_uncorrected_for_dust,Nominal Table 1 mass and Halpha flux are uncorrected for dust; formal MBH errors exclude the approximately 0.5 dex virial-calibration systematic.,10000,20260808,30.0,0.1,1.0,True,split-normal-in-log-mbh,0.09,0.09,0.09,0.09,symmetric_reported,False,mbh_minus_0p3dex,MBH -0.3 dex,global_comparison,all_sources,-0.3,6.943061515290246,7.002095827016359,7.091529860898724,7.182331432522207,7.238376024260566,seed1e4,4.0,10000.0,0.35495899941011616,0.3620790545337685,0.3728655824453212,0.38381704738782635,0.3905765160915699,0.0
expanded-blagn-v1,measurement,RUBIESUDS29813_taylor24,RUBIESUDS29813_taylor24,HZA-RUBIES-UDS-29813,RUBIES-UDS-29813,1,RUBIESUDS29813_taylor24,True,only catalogue measurement in this release,5.44,1.0545534639492895,RUBIES,UDS,broad-line-agn,robust,individual_robust,taylor24_ceers_rubies_blagn,Table 1 (Sample of BLAGN),The Astrophysical Journal 986:165 (2025); arXiv:2409.06772v2,https://iopscience.iop.org/article/10.3847/1538-4357/add15b,10.3847/1538-4357/add15b,single-epoch-virial-halpha-reines2013,1.0,lrd,0.0,formal_mbh_errors_exclude_virial_systematic;nominal_mass_uncorrected_for_dust,Nominal Table 1 mass and Halpha flux are uncorrected for dust; formal MBH errors exclude the approximately 0.5 dex virial-calibration systematic.,10000,20260808,30.0,0.1,1.0,True,split-normal-in-log-mbh,0.09,0.09,0.09,0.09,symmetric_reported,False,mbh_minus_0p3dex,MBH -0.3 dex,global_comparison,all_sources,-0.3,6.943061515290246,7.002095827016359,7.091529860898724,7.182331432522207,7.238376024260566,seed1e5,5.0,100000.0,0.23435023959793463,0.24147029472158696,0.25225682263313975,0.26320828757564485,0.26996775627938835,0.0
expanded-blagn-v1,measurement,RUBIESUDS29813_taylor24,RUBIESUDS29813_taylor24,HZA-RUBIES-UDS-29813,RUBIES-UDS-29813,1,RUBIESUDS29813_taylor24,True,only catalogue measurement in this release,5.44,1.0545534639492895,RUBIES,UDS,broad-line-agn,robust,individual_robust,taylor24_ceers_rubies_blagn,Table 1 (Sample of BLAGN),The Astrophysical Journal 986:165 (2025); arXiv:2409.06772v2,https://iopscience.iop.org/article/10.3847/1538-4357/add15b,10.3847/1538-4357/add15b,single-epoch-virial-halpha-reines2013,1.0,lrd,0.0,formal_mbh_errors_exclude_virial_systematic;nominal_mass_uncorrected_for_dust,Nominal Table 1 mass and Halpha flux are uncorrected for dust; formal MBH errors exclude the approximately 0.5 dex virial-calibration systematic.,10000,20260808,30.0,0.1,1.0,True,split-normal-in-log-mbh,0.09,0.09,0.09,0.09,symmetric_reported,False,mbh_plus_0p3dex,MBH +0.3 dex,global_comparison,all_sources,0.3,7.543061515290246,7.602095827016359,7.691529860898724,7.782331432522207,7.838376024260565,seed1e2,2.0,100.0,0.6685417749217881,0.6756618300454403,0.6864483579569931,0.6973998228994982,0.7041592916032418,0.0
expanded-blagn-v1,measurement,RUBIESUDS29813_taylor24,RUBIESUDS29813_taylor24,HZA-RUBIES-UDS-29813,RUBIES-UDS-29813,1,RUBIESUDS29813_taylor24,True,only catalogue measurement in this release,5.44,1.0545534639492895,RUBIES,UDS,broad-line-agn,robust,individual_robust,taylor24_ceers_rubies_blagn,Table 1 (Sample of BLAGN),The Astrophysical Journal 986:165 (2025); arXiv:2409.06772v2,https://iopscience.iop.org/article/10.3847/1538-4357/add15b,10.3847/1538-4357/add15b,single-epoch-virial-halpha-reines2013,1.0,lrd,0.0,formal_mbh_errors_exclude_virial_systematic;nominal_mass_uncorrected_for_dust,Nominal Table 1 mass and Halpha flux are uncorrected for dust; formal MBH errors exclude the approximately 0.5 dex virial-calibration systematic.,10000,20260808,30.0,0.1,1.0,True,split-normal-in-log-mbh,0.09,0.09,0.09,0.09,symmetric_reported,False,mbh_plus_0p3dex,MBH +0.3 dex,global_comparison,all_sources,0.3,7.543061515290246,7.602095827016359,7.691529860898724,7.782331432522207,7.838376024260565,seed1e4,4.0,10000.0,0.42732425529742507,0.4344443104210773,0.44523083833263,0.45618230327513526,0.4629417719788787,0.0
expanded-blagn-v1,measurement,RUBIESUDS29813_taylor24,RUBIESUDS29813_taylor24,HZA-RUBIES-UDS-29813,RUBIES-UDS-29813,1,RUBIESUDS29813_taylor24,True,only catalogue measurement in this release,5.44,1.0545534639492895,RUBIES,UDS,broad-line-agn,robust,individual_robust,taylor24_ceers_rubies_blagn,Table 1 (Sample of BLAGN),The Astrophysical Journal 986:165 (2025); arXiv:2409.06772v2,https://iopscience.iop.org/article/10.3847/1538-4357/add15b,10.3847/1538-4357/add15b,single-epoch-virial-halpha-reines2013,1.0,lrd,0.0,formal_mbh_errors_exclude_virial_systematic;nominal_mass_uncorrected_for_dust,Nominal Table 1 mass and Halpha flux are uncorrected for dust; formal MBH errors exclude the approximately 0.5 dex virial-calibration systematic.,10000,20260808,30.0,0.1,1.0,True,split-normal-in-log-mbh,0.09,0.09,0.09,0.09,symmetric_reported,False,mbh_plus_0p3dex,MBH +0.3 dex,global_comparison,all_sources,0.3,7.543061515290246,7.602095827016359,7.691529860898724,7.782331432522207,7.838376024260565,seed1e5,5.0,100000.0,0.3067154954852435,0.3138355506088958,0.32462207852044844,0.33557354346295365,0.3423330121666972,0.0
expanded-blagn-v1,measurement,RUBIESUDS29813_taylor24,RUBIESUDS29813_taylor24,HZA-RUBIES-UDS-29813,RUBIES-UDS-29813,1,RUBIESUDS29813_taylor24,True,only catalogue measurement in this release,5.44,1.0545534639492895,RUBIES,UDS,broad-line-agn,robust,individual_robust,taylor24_ceers_rubies_blagn,Table 1 (Sample of BLAGN),The Astrophysical Journal 986:165 (2025); arXiv:2409.06772v2,https://iopscience.iop.org/article/10.3847/1538-4357/add15b,10.3847/1538-4357/add15b,single-epoch-virial-halpha-reines2013,1.0,lrd,0.0,formal_mbh_errors_exclude_virial_systematic;nominal_mass_uncorrected_for_dust,Nominal Table 1 mass and Halpha flux are uncorrected for dust; formal MBH errors exclude the approximately 0.5 dex virial-calibration systematic.,10000,20260808,30.0,0.1,1.0,True,split-normal-in-log-mbh,0.09,0.09,0.09,0.09,symmetric_reported,False,taylor_virial_minus_0p5dex,Taylor virial calibration sensitivity: MBH -0.5 dex,taylor_virial_calibration_sensitivity,taylor24_ceers_rubies_blagn_only,-0.5,6.743061515290246,6.802095827016359,6.891529860898725,6.982331432522207,7.0383760242605655,seed1e2,2.0,100.0,0.5720547670720428,0.579174822195695,0.5899613501072478,0.6009128150497529,0.6076722837534966,0.0
expanded-blagn-v1,measurement,RUBIESUDS29813_taylor24,RUBIESUDS29813_taylor24,HZA-RUBIES-UDS-29813,RUBIES-UDS-29813,1,RUBIESUDS29813_taylor24,True,only catalogue measurement in this release,5.44,1.0545534639492895,RUBIES,UDS,broad-line-agn,robust,individual_robust,taylor24_ceers_rubies_blagn,Table 1 (Sample of BLAGN),The Astrophysical Journal 986:165 (2025); arXiv:2409.06772v2,https://iopscience.iop.org/article/10.3847/1538-4357/add15b,10.3847/1538-4357/add15b,single-epoch-virial-halpha-reines2013,1.0,lrd,0.0,formal_mbh_errors_exclude_virial_systematic;nominal_mass_uncorrected_for_dust,Nominal Table 1 mass and Halpha flux are uncorrected for dust; formal MBH errors exclude the approximately 0.5 dex virial-calibration systematic.,10000,20260808,30.0,0.1,1.0,True,split-normal-in-log-mbh,0.09,0.09,0.09,0.09,symmetric_reported,False,taylor_virial_minus_0p5dex,Taylor virial calibration sensitivity: MBH -0.5 dex,taylor_virial_calibration_sensitivity,taylor24_ceers_rubies_blagn_only,-0.5,6.743061515290246,6.802095827016359,6.891529860898725,6.982331432522207,7.0383760242605655,seed1e4,4.0,10000.0,0.33083724744767995,0.3379573025713321,0.34874383048288493,0.35969529542539,0.3664547641291336,0.0
expanded-blagn-v1,measurement,RUBIESUDS29813_taylor24,RUBIESUDS29813_taylor24,HZA-RUBIES-UDS-29813,RUBIES-UDS-29813,1,RUBIESUDS29813_taylor24,True,only catalogue measurement in this release,5.44,1.0545534639492895,RUBIES,UDS,broad-line-agn,robust,individual_robust,taylor24_ceers_rubies_blagn,Table 1 (Sample of BLAGN),The Astrophysical Journal 986:165 (2025); arXiv:2409.06772v2,https://iopscience.iop.org/article/10.3847/1538-4357/add15b,10.3847/1538-4357/add15b,single-epoch-virial-halpha-reines2013,1.0,lrd,0.0,formal_mbh_errors_exclude_virial_systematic;nominal_mass_uncorrected_for_dust,Nominal Table 1 mass and Halpha flux are uncorrected for dust; formal MBH errors exclude the approximately 0.5 dex virial-calibration systematic.,10000,20260808,30.0,0.1,1.0,True,split-normal-in-log-mbh,0.09,0.09,0.09,0.09,symmetric_reported,False,taylor_virial_minus_0p5dex,Taylor virial calibration sensitivity: MBH -0.5 dex,taylor_virial_calibration_sensitivity,taylor24_ceers_rubies_blagn_only,-0.5,6.743061515290246,6.802095827016359,6.891529860898725,6.982331432522207,7.0383760242605655,seed1e5,5.0,100000.0,0.21022848763549837,0.2173485427591506,0.22813507067070335,0.23908653561320853,0.24584600431695208,0.0
expanded-blagn-v1,measurement,RUBIESUDS29813_taylor24,RUBIESUDS29813_taylor24,HZA-RUBIES-UDS-29813,RUBIES-UDS-29813,1,RUBIESUDS29813_taylor24,True,only catalogue measurement in this release,5.44,1.0545534639492895,RUBIES,UDS,broad-line-agn,robust,individual_robust,taylor24_ceers_rubies_blagn,Table 1 (Sample of BLAGN),The Astrophysical Journal 986:165 (2025); arXiv:2409.06772v2,https://iopscience.iop.org/article/10.3847/1538-4357/add15b,10.3847/1538-4357/add15b,single-epoch-virial-halpha-reines2013,1.0,lrd,0.0,formal_mbh_errors_exclude_virial_systematic;nominal_mass_uncorrected_for_dust,Nominal Table 1 mass and Halpha flux are uncorrected for dust; formal MBH errors exclude the approximately 0.5 dex virial-calibration systematic.,10000,20260808,30.0,0.1,1.0,True,split-normal-in-log-mbh,0.09,0.09,0.09,0.09,symmetric_reported,False,taylor_virial_plus_0p5dex,Taylor virial calibration sensitivity: MBH +0.5 dex,taylor_virial_calibration_sensitivity,taylor24_ceers_rubies_blagn_only,0.5,7.743061515290246,7.802095827016359,7.891529860898725,7.982331432522207,8.038376024260565,seed1e2,2.0,100.0,0.6926635268842244,0.6997835820078767,0.7105701099194293,0.7215215748619346,0.7282810435656779,0.0
expanded-blagn-v1,measurement,RUBIESUDS29813_taylor24,RUBIESUDS29813_taylor24,HZA-RUBIES-UDS-29813,RUBIES-UDS-29813,1,RUBIESUDS29813_taylor24,True,only catalogue measurement in this release,5.44,1.0545534639492895,RUBIES,UDS,broad-line-agn,robust,individual_robust,taylor24_ceers_rubies_blagn,Table 1 (Sample of BLAGN),The Astrophysical Journal 986:165 (2025); arXiv:2409.06772v2,https://iopscience.iop.org/article/10.3847/1538-4357/add15b,10.3847/1538-4357/add15b,single-epoch-virial-halpha-reines2013,1.0,lrd,0.0,formal_mbh_errors_exclude_virial_systematic;nominal_mass_uncorrected_for_dust,Nominal Table 1 mass and Halpha flux are uncorrected for dust; formal MBH errors exclude the approximately 0.5 dex virial-calibration systematic.,10000,20260808,30.0,0.1,1.0,True,split-normal-in-log-mbh,0.09,0.09,0.09,0.09,symmetric_reported,False,taylor_virial_plus_0p5dex,Taylor virial calibration sensitivity: MBH +0.5 dex,taylor_virial_calibration_sensitivity,taylor24_ceers_rubies_blagn_only,0.5,7.743061515290246,7.802095827016359,7.891529860898725,7.982331432522207,8.038376024260565,seed1e4,4.0,10000.0,0.45144600725986134,0.4585660623835136,0.4693525902950664,0.4803040552375715,0.48706352394131486,0.0
expanded-blagn-v1,measurement,RUBIESUDS29813_taylor24,RUBIESUDS29813_taylor24,HZA-RUBIES-UDS-29813,RUBIES-UDS-29813,1,RUBIESUDS29813_taylor24,True,only catalogue measurement in this release,5.44,1.0545534639492895,RUBIES,UDS,broad-line-agn,robust,individual_robust,taylor24_ceers_rubies_blagn,Table 1 (Sample of BLAGN),The Astrophysical Journal 986:165 (2025); arXiv:2409.06772v2,https://iopscience.iop.org/article/10.3847/1538-4357/add15b,10.3847/1538-4357/add15b,single-epoch-virial-halpha-reines2013,1.0,lrd,0.0,formal_mbh_errors_exclude_virial_systematic;nominal_mass_uncorrected_for_dust,Nominal Table 1 mass and Halpha flux are uncorrected for dust; formal MBH errors exclude the approximately 0.5 dex virial-calibration systematic.,10000,20260808,30.0,0.1,1.0,True,split-normal-in-log-mbh,0.09,0.09,0.09,0.09,symmetric_reported,False,taylor_virial_plus_0p5dex,Taylor virial calibration sensitivity: MBH +0.5 dex,taylor_virial_calibration_sensitivity,taylor24_ceers_rubies_blagn_only,0.5,7.743061515290246,7.802095827016359,7.891529860898725,7.982331432522207,8.038376024260565,seed1e5,5.0,100000.0,0.33083724744767995,0.3379573025713321,0.34874383048288493,0.35969529542539,0.36645476412913347,0.0
expanded-blagn-v1,measurement,RUBIESUDS30969_taylor24,RUBIESUDS30969_taylor24,HZA-RUBIES-UDS-30969,RUBIES-UDS-30969,1,RUBIESUDS30969_taylor24,True,only catalogue measurement in this release,4.0,1.539142050077643,RUBIES,UDS,broad-line-agn,robust,individual_robust,taylor24_ceers_rubies_blagn,Table 1 (Sample of BLAGN),The Astrophysical Journal 986:165 (2025); arXiv:2409.06772v2,https://iopscience.iop.org/article/10.3847/1538-4357/add15b,10.3847/1538-4357/add15b,single-epoch-virial-halpha-reines2013,0.0,non_lrd,0.0,formal_mbh_errors_exclude_virial_systematic;nominal_mass_uncorrected_for_dust,Nominal Table 1 mass and Halpha flux are uncorrected for dust; formal MBH errors exclude the approximately 0.5 dex virial-calibration systematic.,10000,20260808,30.0,0.1,1.0,True,split-normal-in-log-mbh,0.07,0.08,0.07,0.08,asymmetric,False,baseline,reported MBH,none,all_sources,0.0,6.609094420330148,6.659633499036041,6.740321867704706,6.8089689889306175,6.855950390780186,seed1e2,2.0,100.0,0.3687170907973529,0.37276010236809015,0.37921498869575254,0.384706602562109,0.3884650080604094,0.0
expanded-blagn-v1,measurement,RUBIESUDS30969_taylor24,RUBIESUDS30969_taylor24,HZA-RUBIES-UDS-30969,RUBIES-UDS-30969,1,RUBIESUDS30969_taylor24,True,only catalogue measurement in this release,4.0,1.539142050077643,RUBIES,UDS,broad-line-agn,robust,individual_robust,taylor24_ceers_rubies_blagn,Table 1 (Sample of BLAGN),The Astrophysical Journal 986:165 (2025); arXiv:2409.06772v2,https://iopscience.iop.org/article/10.3847/1538-4357/add15b,10.3847/1538-4357/add15b,single-epoch-virial-halpha-reines2013,0.0,non_lrd,0.0,formal_mbh_errors_exclude_virial_systematic;nominal_mass_uncorrected_for_dust,Nominal Table 1 mass and Halpha flux are uncorrected for dust; formal MBH errors exclude the approximately 0.5 dex virial-calibration systematic.,10000,20260808,30.0,0.1,1.0,True,split-normal-in-log-mbh,0.07,0.08,0.07,0.08,asymmetric,False,baseline,reported MBH,none,all_sources,0.0,6.609094420330148,6.659633499036041,6.740321867704706,6.8089689889306175,6.855950390780186,seed1e4,4.0,10000.0,0.20872163087750953,0.2127646424482468,0.21921952877590925,0.22471114264226572,0.22846954814056605,0.0
expanded-blagn-v1,measurement,RUBIESUDS30969_taylor24,RUBIESUDS30969_taylor24,HZA-RUBIES-UDS-30969,RUBIES-UDS-30969,1,RUBIESUDS30969_taylor24,True,only catalogue measurement in this release,4.0,1.539142050077643,RUBIES,UDS,broad-line-agn,robust,individual_robust,taylor24_ceers_rubies_blagn,Table 1 (Sample of BLAGN),The Astrophysical Journal 986:165 (2025); arXiv:2409.06772v2,https://iopscience.iop.org/article/10.3847/1538-4357/add15b,10.3847/1538-4357/add15b,single-epoch-virial-halpha-reines2013,0.0,non_lrd,0.0,formal_mbh_errors_exclude_virial_systematic;nominal_mass_uncorrected_for_dust,Nominal Table 1 mass and Halpha flux are uncorrected for dust; formal MBH errors exclude the approximately 0.5 dex virial-calibration systematic.,10000,20260808,30.0,0.1,1.0,True,split-normal-in-log-mbh,0.07,0.08,0.07,0.08,asymmetric,False,baseline,reported MBH,none,all_sources,0.0,6.609094420330148,6.659633499036041,6.740321867704706,6.8089689889306175,6.855950390780186,seed1e5,5.0,100000.0,0.12872390091758787,0.13276691248832517,0.13922179881598762,0.14471341268234408,0.1484718181806444,0.0
expanded-blagn-v1,measurement,RUBIESUDS30969_taylor24,RUBIESUDS30969_taylor24,HZA-RUBIES-UDS-30969,RUBIES-UDS-30969,1,RUBIESUDS30969_taylor24,True,only catalogue measurement in this release,4.0,1.539142050077643,RUBIES,UDS,broad-line-agn,robust,individual_robust,taylor24_ceers_rubies_blagn,Table 1 (Sample of BLAGN),The Astrophysical Journal 986:165 (2025); arXiv:2409.06772v2,https://iopscience.iop.org/article/10.3847/1538-4357/add15b,10.3847/1538-4357/add15b,single-epoch-virial-halpha-reines2013,0.0,non_lrd,0.0,formal_mbh_errors_exclude_virial_systematic;nominal_mass_uncorrected_for_dust,Nominal Table 1 mass and Halpha flux are uncorrected for dust; formal MBH errors exclude the approximately 0.5 dex virial-calibration systematic.,10000,20260808,30.0,0.1,1.0,True,split-normal-in-log-mbh,0.07,0.08,0.07,0.08,asymmetric,False,mbh_minus_0p3dex,MBH -0.3 dex,global_comparison,all_sources,-0.3,6.3090944203301484,6.3596334990360415,6.440321867704706,6.508968988930618,6.555950390780186,seed1e2,2.0,100.0,0.3447177718093764,0.3487607833801137,0.35521566970777607,0.36070728357413256,0.36446568907243293,0.0
expanded-blagn-v1,measurement,RUBIESUDS30969_taylor24,RUBIESUDS30969_taylor24,HZA-RUBIES-UDS-30969,RUBIES-UDS-30969,1,RUBIESUDS30969_taylor24,True,only catalogue measurement in this release,4.0,1.539142050077643,RUBIES,UDS,broad-line-agn,robust,individual_robust,taylor24_ceers_rubies_blagn,Table 1 (Sample of BLAGN),The Astrophysical Journal 986:165 (2025); arXiv:2409.06772v2,https://iopscience.iop.org/article/10.3847/1538-4357/add15b,10.3847/1538-4357/add15b,single-epoch-virial-halpha-reines2013,0.0,non_lrd,0.0,formal_mbh_errors_exclude_virial_systematic;nominal_mass_uncorrected_for_dust,Nominal Table 1 mass and Halpha flux are uncorrected for dust; formal MBH errors exclude the approximately 0.5 dex virial-calibration systematic.,10000,20260808,30.0,0.1,1.0,True,split-normal-in-log-mbh,0.07,0.08,0.07,0.08,asymmetric,False,mbh_minus_0p3dex,MBH -0.3 dex,global_comparison,all_sources,-0.3,6.3090944203301484,6.3596334990360415,6.440321867704706,6.508968988930618,6.555950390780186,seed1e4,4.0,10000.0,0.18472231188953303,0.18876532346027033,0.19522020978793278,0.20071182365428925,0.20447022915258958,0.0
expanded-blagn-v1,measurement,RUBIESUDS30969_taylor24,RUBIESUDS30969_taylor24,HZA-RUBIES-UDS-30969,RUBIES-UDS-30969,1,RUBIESUDS30969_taylor24,True,only catalogue measurement in this release,4.0,1.539142050077643,RUBIES,UDS,broad-line-agn,robust,individual_robust,taylor24_ceers_rubies_blagn,Table 1 (Sample of BLAGN),The Astrophysical Journal 986:165 (2025); arXiv:2409.06772v2,https://iopscience.iop.org/article/10.3847/1538-4357/add15b,10.3847/1538-4357/add15b,single-epoch-virial-halpha-reines2013,0.0,non_lrd,0.0,formal_mbh_errors_exclude_virial_systematic;nominal_mass_uncorrected_for_dust,Nominal Table 1 mass and Halpha flux are uncorrected for dust; formal MBH errors exclude the approximately 0.5 dex virial-calibration systematic.,10000,20260808,30.0,0.1,1.0,True,split-normal-in-log-mbh,0.07,0.08,0.07,0.08,asymmetric,False,mbh_minus_0p3dex,MBH -0.3 dex,global_comparison,all_sources,-0.3,6.3090944203301484,6.3596334990360415,6.440321867704706,6.508968988930618,6.555950390780186,seed1e5,5.0,100000.0,0.10472458192961136,0.10876759350034866,0.11522247982801112,0.12071409369436759,0.12447249919266792,0.0
expanded-blagn-v1,measurement,RUBIESUDS30969_taylor24,RUBIESUDS30969_taylor24,HZA-RUBIES-UDS-30969,RUBIES-UDS-30969,1,RUBIESUDS30969_taylor24,True,only catalogue measurement in this release,4.0,1.539142050077643,RUBIES,UDS,broad-line-agn,robust,individual_robust,taylor24_ceers_rubies_blagn,Table 1 (Sample of BLAGN),The Astrophysical Journal 986:165 (2025); arXiv:2409.06772v2,https://iopscience.iop.org/article/10.3847/1538-4357/add15b,10.3847/1538-4357/add15b,single-epoch-virial-halpha-reines2013,0.0,non_lrd,0.0,formal_mbh_errors_exclude_virial_systematic;nominal_mass_uncorrected_for_dust,Nominal Table 1 mass and Halpha flux are uncorrected for dust; formal MBH errors exclude the approximately 0.5 dex virial-calibration systematic.,10000,20260808,30.0,0.1,1.0,True,split-normal-in-log-mbh,0.07,0.08,0.07,0.08,asymmetric,False,mbh_plus_0p3dex,MBH +0.3 dex,global_comparison,all_sources,0.3,6.909094420330148,6.959633499036041,7.040321867704706,7.108968988930617,7.155950390780186,seed1e2,2.0,100.0,0.3927164097853293,0.3967594213560667,0.4032143076837291,0.4087059215500855,0.4124643270483859,0.0
expanded-blagn-v1,measurement,RUBIESUDS30969_taylor24,RUBIESUDS30969_taylor24,HZA-RUBIES-UDS-30969,RUBIES-UDS-30969,1,RUBIESUDS30969_taylor24,True,only catalogue measurement in this release,4.0,1.539142050077643,RUBIES,UDS,broad-line-agn,robust,individual_robust,taylor24_ceers_rubies_blagn,Table 1 (Sample of BLAGN),The Astrophysical Journal 986:165 (2025); arXiv:2409.06772v2,https://iopscience.iop.org/article/10.3847/1538-4357/add15b,10.3847/1538-4357/add15b,single-epoch-virial-halpha-reines2013,0.0,non_lrd,0.0,formal_mbh_errors_exclude_virial_systematic;nominal_mass_uncorrected_for_dust,Nominal Table 1 mass and Halpha flux are uncorrected for dust; formal MBH errors exclude the approximately 0.5 dex virial-calibration systematic.,10000,20260808,30.0,0.1,1.0,True,split-normal-in-log-mbh,0.07,0.08,0.07,0.08,asymmetric,False,mbh_plus_0p3dex,MBH +0.3 dex,global_comparison,all_sources,0.3,6.909094420330148,6.959633499036041,7.040321867704706,7.108968988930617,7.155950390780186,seed1e4,4.0,10000.0,0.232720949865486,0.23676396143622333,0.24321884776388575,0.24871046163024224,0.25246886712854255,0.0
expanded-blagn-v1,measurement,RUBIESUDS30969_taylor24,RUBIESUDS30969_taylor24,HZA-RUBIES-UDS-30969,RUBIES-UDS-30969,1,RUBIESUDS30969_taylor24,True,only catalogue measurement in this release,4.0,1.539142050077643,RUBIES,UDS,broad-line-agn,robust,individual_robust,taylor24_ceers_rubies_blagn,Table 1 (Sample of BLAGN),The Astrophysical Journal 986:165 (2025); arXiv:2409.06772v2,https://iopscience.iop.org/article/10.3847/1538-4357/add15b,10.3847/1538-4357/add15b,single-epoch-virial-halpha-reines2013,0.0,non_lrd,0.0,formal_mbh_errors_exclude_virial_systematic;nominal_mass_uncorrected_for_dust,Nominal Table 1 mass and Halpha flux are uncorrected for dust; formal MBH errors exclude the approximately 0.5 dex virial-calibration systematic.,10000,20260808,30.0,0.1,1.0,True,split-normal-in-log-mbh,0.07,0.08,0.07,0.08,asymmetric,False,mbh_plus_0p3dex,MBH +0.3 dex,global_comparison,all_sources,0.3,6.909094420330148,6.959633499036041,7.040321867704706,7.108968988930617,7.155950390780186,seed1e5,5.0,100000.0,0.15272321990556434,0.15676623147630167,0.1632211178039641,0.16871273167032055,0.1724711371686209,0.0
expanded-blagn-v1,measurement,RUBIESUDS30969_taylor24,RUBIESUDS30969_taylor24,HZA-RUBIES-UDS-30969,RUBIES-UDS-30969,1,RUBIESUDS30969_taylor24,True,only catalogue measurement in this release,4.0,1.539142050077643,RUBIES,UDS,broad-line-agn,robust,individual_robust,taylor24_ceers_rubies_blagn,Table 1 (Sample of BLAGN),The Astrophysical Journal 986:165 (2025); arXiv:2409.06772v2,https://iopscience.iop.org/article/10.3847/1538-4357/add15b,10.3847/1538-4357/add15b,single-epoch-virial-halpha-reines2013,0.0,non_lrd,0.0,formal_mbh_errors_exclude_virial_systematic;nominal_mass_uncorrected_for_dust,Nominal Table 1 mass and Halpha flux are uncorrected for dust; formal MBH errors exclude the approximately 0.5 dex virial-calibration systematic.,10000,20260808,30.0,0.1,1.0,True,split-normal-in-log-mbh,0.07,0.08,0.07,0.08,asymmetric,False,taylor_virial_minus_0p5dex,Taylor virial calibration sensitivity: MBH -0.5 dex,taylor_virial_calibration_sensitivity,taylor24_ceers_rubies_blagn_only,-0.5,6.109094420330148,6.159633499036041,6.240321867704706,6.3089689889306175,6.355950390780186,seed1e2,2.0,100.0,0.328718225817392,0.33276123738812935,0.3392161237157918,0.34470773758214823,0.34846614308044854,0.0
expanded-blagn-v1,measurement,RUBIESUDS30969_taylor24,RUBIESUDS30969_taylor24,HZA-RUBIES-UDS-30969,RUBIES-UDS-30969,1,RUBIESUDS30969_taylor24,True,only catalogue measurement in this release,4.0,1.539142050077643,RUBIES,UDS,broad-line-agn,robust,individual_robust,taylor24_ceers_rubies_blagn,Table 1 (Sample of BLAGN),The Astrophysical Journal 986:165 (2025); arXiv:2409.06772v2,https://iopscience.iop.org/article/10.3847/1538-4357/add15b,10.3847/1538-4357/add15b,single-epoch-virial-halpha-reines2013,0.0,non_lrd,0.0,formal_mbh_errors_exclude_virial_systematic;nominal_mass_uncorrected_for_dust,Nominal Table 1 mass and Halpha flux are uncorrected for dust; formal MBH errors exclude the approximately 0.5 dex virial-calibration systematic.,10000,20260808,30.0,0.1,1.0,True,split-normal-in-log-mbh,0.07,0.08,0.07,0.08,asymmetric,False,taylor_virial_minus_0p5dex,Taylor virial calibration sensitivity: MBH -0.5 dex,taylor_virial_calibration_sensitivity,taylor24_ceers_rubies_blagn_only,-0.5,6.109094420330148,6.159633499036041,6.240321867704706,6.3089689889306175,6.355950390780186,seed1e4,4.0,10000.0,0.16872276589754867,0.17276577746828597,0.17922066379594842,0.18471227766230489,0.18847068316060522,0.0
expanded-blagn-v1,measurement,RUBIESUDS30969_taylor24,RUBIESUDS30969_taylor24,HZA-RUBIES-UDS-30969,RUBIES-UDS-30969,1,RUBIESUDS30969_taylor24,True,only catalogue measurement in this release,4.0,1.539142050077643,RUBIES,UDS,broad-line-agn,robust,individual_robust,taylor24_ceers_rubies_blagn,Table 1 (Sample of BLAGN),The Astrophysical Journal 986:165 (2025); arXiv:2409.06772v2,https://iopscience.iop.org/article/10.3847/1538-4357/add15b,10.3847/1538-4357/add15b,single-epoch-virial-halpha-reines2013,0.0,non_lrd,0.0,formal_mbh_errors_exclude_virial_systematic;nominal_mass_uncorrected_for_dust,Nominal Table 1 mass and Halpha flux are uncorrected for dust; formal MBH errors exclude the approximately 0.5 dex virial-calibration systematic.,10000,20260808,30.0,0.1,1.0,True,split-normal-in-log-mbh,0.07,0.08,0.07,0.08,asymmetric,False,taylor_virial_minus_0p5dex,Taylor virial calibration sensitivity: MBH -0.5 dex,taylor_virial_calibration_sensitivity,taylor24_ceers_rubies_blagn_only,-0.5,6.109094420330148,6.159633499036041,6.240321867704706,6.3089689889306175,6.355950390780186,seed1e5,5.0,100000.0,0.08872503593762703,0.09276804750836432,0.09922293383602676,0.10471454770238324,0.10847295320068359,0.0
expanded-blagn-v1,measurement,RUBIESUDS30969_taylor24,RUBIESUDS30969_taylor24,HZA-RUBIES-UDS-30969,RUBIES-UDS-30969,1,RUBIESUDS30969_taylor24,True,only catalogue measurement in this release,4.0,1.539142050077643,RUBIES,UDS,broad-line-agn,robust,individual_robust,taylor24_ceers_rubies_blagn,Table 1 (Sample of BLAGN),The Astrophysical Journal 986:165 (2025); arXiv:2409.06772v2,https://iopscience.iop.org/article/10.3847/1538-4357/add15b,10.3847/1538-4357/add15b,single-epoch-virial-halpha-reines2013,0.0,non_lrd,0.0,formal_mbh_errors_exclude_virial_systematic;nominal_mass_uncorrected_for_dust,Nominal Table 1 mass and Halpha flux are uncorrected for dust; formal MBH errors exclude the approximately 0.5 dex virial-calibration systematic.,10000,20260808,30.0,0.1,1.0,True,split-normal-in-log-mbh,0.07,0.08,0.07,0.08,asymmetric,False,taylor_virial_plus_0p5dex,Taylor virial calibration sensitivity: MBH +0.5 dex,taylor_virial_calibration_sensitivity,taylor24_ceers_rubies_blagn_only,0.5,7.109094420330148,7.159633499036041,7.240321867704706,7.3089689889306175,7.355950390780186,seed1e2,2.0,100.0,0.4087159557773137,0.412758967348051,0.41921385367571345,0.4247054675420699,0.42846387304037026,0.0
expanded-blagn-v1,measurement,RUBIESUDS30969_taylor24,RUBIESUDS30969_taylor24,HZA-RUBIES-UDS-30969,RUBIES-UDS-30969,1,RUBIESUDS30969_taylor24,True,only catalogue measurement in this release,4.0,1.539142050077643,RUBIES,UDS,broad-line-agn,robust,individual_robust,taylor24_ceers_rubies_blagn,Table 1 (Sample of BLAGN),The Astrophysical Journal 986:165 (2025); arXiv:2409.06772v2,https://iopscience.iop.org/article/10.3847/1538-4357/add15b,10.3847/1538-4357/add15b,single-epoch-virial-halpha-reines2013,0.0,non_lrd,0.0,formal_mbh_errors_exclude_virial_systematic;nominal_mass_uncorrected_for_dust,Nominal Table 1 mass and Halpha flux are uncorrected for dust; formal MBH errors exclude the approximately 0.5 dex virial-calibration systematic.,10000,20260808,30.0,0.1,1.0,True,split-normal-in-log-mbh,0.07,0.08,0.07,0.08,asymmetric,False,taylor_virial_plus_0p5dex,Taylor virial calibration sensitivity: MBH +0.5 dex,taylor_virial_calibration_sensitivity,taylor24_ceers_rubies_blagn_only,0.5,7.109094420330148,7.159633499036041,7.240321867704706,7.3089689889306175,7.355950390780186,seed1e4,4.0,10000.0,0.24872049585747036,0.25276350742820763,0.2592183937558701,0.2647100076222266,0.26846841312052694,0.0
expanded-blagn-v1,measurement,RUBIESUDS30969_taylor24,RUBIESUDS30969_taylor24,HZA-RUBIES-UDS-30969,RUBIES-UDS-30969,1,RUBIESUDS30969_taylor24,True,only catalogue measurement in this release,4.0,1.539142050077643,RUBIES,UDS,broad-line-agn,robust,individual_robust,taylor24_ceers_rubies_blagn,Table 1 (Sample of BLAGN),The Astrophysical Journal 986:165 (2025); arXiv:2409.06772v2,https://iopscience.iop.org/article/10.3847/1538-4357/add15b,10.3847/1538-4357/add15b,single-epoch-virial-halpha-reines2013,0.0,non_lrd,0.0,formal_mbh_errors_exclude_virial_systematic;nominal_mass_uncorrected_for_dust,Nominal Table 1 mass and Halpha flux are uncorrected for dust; formal MBH errors exclude the approximately 0.5 dex virial-calibration systematic.,10000,20260808,30.0,0.1,1.0,True,split-normal-in-log-mbh,0.07,0.08,0.07,0.08,asymmetric,False,taylor_virial_plus_0p5dex,Taylor virial calibration sensitivity: MBH +0.5 dex,taylor_virial_calibration_sensitivity,taylor24_ceers_rubies_blagn_only,0.5,7.109094420330148,7.159633499036041,7.240321867704706,7.3089689889306175,7.355950390780186,seed1e5,5.0,100000.0,0.16872276589754867,0.17276577746828597,0.17922066379594842,0.18471227766230489,0.18847068316060522,0.0
expanded-blagn-v1,measurement,RUBIESUDS31747_taylor24,RUBIESUDS31747_taylor24,HZA-RUBIES-UDS-31747,RUBIES-UDS-31747,1,RUBIESUDS31747_taylor24,True,only catalogue measurement in this release,4.13,1.4813233087212372,RUBIES,UDS,broad-line-agn,robust,individual_robust,taylor24_ceers_rubies_blagn,Table 1 (Sample of BLAGN),The Astrophysical Journal 986:165 (2025); arXiv:2409.06772v2,https://iopscience.iop.org/article/10.3847/1538-4357/add15b,10.3847/1538-4357/add15b,single-epoch-virial-halpha-reines2013,1.0,lrd,0.0,formal_mbh_errors_exclude_virial_systematic;nominal_mass_uncorrected_for_dust,Nominal Table 1 mass and Halpha flux are uncorrected for dust; formal MBH errors exclude the approximately 0.5 dex virial-calibration systematic.,10000,20260808,30.0,0.1,1.0,True,split-normal-in-log-mbh,0.05,0.05,0.05,0.05,symmetric_reported,False,baseline,reported MBH,none,all_sources,0.0,7.0891164240353595,7.12159164423195,7.171089056701646,7.220162928967257,7.251887320773708,seed1e2,2.0,100.0,0.42415851489914574,0.4268652010941309,0.4309906223294048,0.4350807430981544,0.4377248506000286,0.0
expanded-blagn-v1,measurement,RUBIESUDS31747_taylor24,RUBIESUDS31747_taylor24,HZA-RUBIES-UDS-31747,RUBIES-UDS-31747,1,RUBIESUDS31747_taylor24,True,only catalogue measurement in this release,4.13,1.4813233087212372,RUBIES,UDS,broad-line-agn,robust,individual_robust,taylor24_ceers_rubies_blagn,Table 1 (Sample of BLAGN),The Astrophysical Journal 986:165 (2025); arXiv:2409.06772v2,https://iopscience.iop.org/article/10.3847/1538-4357/add15b,10.3847/1538-4357/add15b,single-epoch-virial-halpha-reines2013,1.0,lrd,0.0,formal_mbh_errors_exclude_virial_systematic;nominal_mass_uncorrected_for_dust,Nominal Table 1 mass and Halpha flux are uncorrected for dust; formal MBH errors exclude the approximately 0.5 dex virial-calibration systematic.,10000,20260808,30.0,0.1,1.0,True,split-normal-in-log-mbh,0.05,0.05,0.05,0.05,symmetric_reported,False,baseline,reported MBH,none,all_sources,0.0,7.0891164240353595,7.12159164423195,7.171089056701646,7.220162928967257,7.251887320773708,seed1e4,4.0,10000.0,0.2574661150570475,0.2601728012520326,0.2642982224873066,0.26838834325605615,0.2710324507579303,0.0
expanded-blagn-v1,measurement,RUBIESUDS31747_taylor24,RUBIESUDS31747_taylor24,HZA-RUBIES-UDS-31747,RUBIES-UDS-31747,1,RUBIESUDS31747_taylor24,True,only catalogue measurement in this release,4.13,1.4813233087212372,RUBIES,UDS,broad-line-agn,robust,individual_robust,taylor24_ceers_rubies_blagn,Table 1 (Sample of BLAGN),The Astrophysical Journal 986:165 (2025); arXiv:2409.06772v2,https://iopscience.iop.org/article/10.3847/1538-4357/add15b,10.3847/1538-4357/add15b,single-epoch-virial-halpha-reines2013,1.0,lrd,0.0,formal_mbh_errors_exclude_virial_systematic;nominal_mass_uncorrected_for_dust,Nominal Table 1 mass and Halpha flux are uncorrected for dust; formal MBH errors exclude the approximately 0.5 dex virial-calibration systematic.,10000,20260808,30.0,0.1,1.0,True,split-normal-in-log-mbh,0.05,0.05,0.05,0.05,symmetric_reported,False,baseline,reported MBH,none,all_sources,0.0,7.0891164240353595,7.12159164423195,7.171089056701646,7.220162928967257,7.251887320773708,seed1e5,5.0,100000.0,0.17411991513599834,0.1768266013309835,0.18095202256625742,0.18504214333500704,0.18768625083688115,0.0
expanded-blagn-v1,measurement,RUBIESUDS31747_taylor24,RUBIESUDS31747_taylor24,HZA-RUBIES-UDS-31747,RUBIES-UDS-31747,1,RUBIESUDS31747_taylor24,True,only catalogue measurement in this release,4.13,1.4813233087212372,RUBIES,UDS,broad-line-agn,robust,individual_robust,taylor24_ceers_rubies_blagn,Table 1 (Sample of BLAGN),The Astrophysical Journal 986:165 (2025); arXiv:2409.06772v2,https://iopscience.iop.org/article/10.3847/1538-4357/add15b,10.3847/1538-4357/add15b,single-epoch-virial-halpha-reines2013,1.0,lrd,0.0,formal_mbh_errors_exclude_virial_systematic;nominal_mass_uncorrected_for_dust,Nominal Table 1 mass and Halpha flux are uncorrected for dust; formal MBH errors exclude the approximately 0.5 dex virial-calibration systematic.,10000,20260808,30.0,0.1,1.0,True,split-normal-in-log-mbh,0.05,0.05,0.05,0.05,symmetric_reported,False,mbh_minus_0p3dex,MBH -0.3 dex,global_comparison,all_sources,-0.3,6.78911642403536,6.82159164423195,6.871089056701647,6.920162928967257,6.951887320773708,seed1e2,2.0,100.0,0.3991546549228311,0.4018613411178162,0.4059867623530901,0.41007688312183965,0.4127209906237138,0.0
expanded-blagn-v1,measurement,RUBIESUDS31747_taylor24,RUBIESUDS31747_taylor24,HZA-RUBIES-UDS-31747,RUBIES-UDS-31747,1,RUBIESUDS31747_taylor24,True,only catalogue measurement in this release,4.13,1.4813233087212372,RUBIES,UDS,broad-line-agn,robust,individual_robust,taylor24_ceers_rubies_blagn,Table 1 (Sample of BLAGN),The Astrophysical Journal 986:165 (2025); arXiv:2409.06772v2,https://iopscience.iop.org/article/10.3847/1538-4357/add15b,10.3847/1538-4357/add15b,single-epoch-virial-halpha-reines2013,1.0,lrd,0.0,formal_mbh_errors_exclude_virial_systematic;nominal_mass_uncorrected_for_dust,Nominal Table 1 mass and Halpha flux are uncorrected for dust; formal MBH errors exclude the approximately 0.5 dex virial-calibration systematic.,10000,20260808,30.0,0.1,1.0,True,split-normal-in-log-mbh,0.05,0.05,0.05,0.05,symmetric_reported,False,mbh_minus_0p3dex,MBH -0.3 dex,global_comparison,all_sources,-0.3,6.78911642403536,6.82159164423195,6.871089056701647,6.920162928967257,6.951887320773708,seed1e4,4.0,10000.0,0.23246225508073276,0.23516894127571789,0.23929436251099184,0.2433844832797414,0.2460285907816156,0.0
expanded-blagn-v1,measurement,RUBIESUDS31747_taylor24,RUBIESUDS31747_taylor24,HZA-RUBIES-UDS-31747,RUBIES-UDS-31747,1,RUBIESUDS31747_taylor24,True,only catalogue measurement in this release,4.13,1.4813233087212372,RUBIES,UDS,broad-line-agn,robust,individual_robust,taylor24_ceers_rubies_blagn,Table 1 (Sample of BLAGN),The Astrophysical Journal 986:165 (2025); arXiv:2409.06772v2,https://iopscience.iop.org/article/10.3847/1538-4357/add15b,10.3847/1538-4357/add15b,single-epoch-virial-halpha-reines2013,1.0,lrd,0.0,formal_mbh_errors_exclude_virial_systematic;nominal_mass_uncorrected_for_dust,Nominal Table 1 mass and Halpha flux are uncorrected for dust; formal MBH errors exclude the approximately 0.5 dex virial-calibration systematic.,10000,20260808,30.0,0.1,1.0,True,split-normal-in-log-mbh,0.05,0.05,0.05,0.05,symmetric_reported,False,mbh_minus_0p3dex,MBH -0.3 dex,global_comparison,all_sources,-0.3,6.78911642403536,6.82159164423195,6.871089056701647,6.920162928967257,6.951887320773708,seed1e5,5.0,100000.0,0.14911605515968362,0.15182274135466878,0.1559481625899427,0.16003828335869227,0.16268239086056646,0.0
expanded-blagn-v1,measurement,RUBIESUDS31747_taylor24,RUBIESUDS31747_taylor24,HZA-RUBIES-UDS-31747,RUBIES-UDS-31747,1,RUBIESUDS31747_taylor24,True,only catalogue measurement in this release,4.13,1.4813233087212372,RUBIES,UDS,broad-line-agn,robust,individual_robust,taylor24_ceers_rubies_blagn,Table 1 (Sample of BLAGN),The Astrophysical Journal 986:165 (2025); arXiv:2409.06772v2,https://iopscience.iop.org/article/10.3847/1538-4357/add15b,10.3847/1538-4357/add15b,single-epoch-virial-halpha-reines2013,1.0,lrd,0.0,formal_mbh_errors_exclude_virial_systematic;nominal_mass_uncorrected_for_dust,Nominal Table 1 mass and Halpha flux are uncorrected for dust; formal MBH errors exclude the approximately 0.5 dex virial-calibration systematic.,10000,20260808,30.0,0.1,1.0,True,split-normal-in-log-mbh,0.05,0.05,0.05,0.05,symmetric_reported,False,mbh_plus_0p3dex,MBH +0.3 dex,global_comparison,all_sources,0.3,7.389116424035359,7.42159164423195,7.471089056701647,7.520162928967257,7.551887320773708,seed1e2,2.0,100.0,0.4491623748754605,0.45186906107044567,0.4559944823057196,0.4600846030744691,0.4627287105763433,0.0
expanded-blagn-v1,measurement,RUBIESUDS31747_taylor24,RUBIESUDS31747_taylor24,HZA-RUBIES-UDS-31747,RUBIES-UDS-31747,1,RUBIESUDS31747_taylor24,True,only catalogue measurement in this release,4.13,1.4813233087212372,RUBIES,UDS,broad-line-agn,robust,individual_robust,taylor24_ceers_rubies_blagn,Table 1 (Sample of BLAGN),The Astrophysical Journal 986:165 (2025); arXiv:2409.06772v2,https://iopscience.iop.org/article/10.3847/1538-4357/add15b,10.3847/1538-4357/add15b,single-epoch-virial-halpha-reines2013,1.0,lrd,0.0,formal_mbh_errors_exclude_virial_systematic;nominal_mass_uncorrected_for_dust,Nominal Table 1 mass and Halpha flux are uncorrected for dust; formal MBH errors exclude the approximately 0.5 dex virial-calibration systematic.,10000,20260808,30.0,0.1,1.0,True,split-normal-in-log-mbh,0.05,0.05,0.05,0.05,symmetric_reported,False,mbh_plus_0p3dex,MBH +0.3 dex,global_comparison,all_sources,0.3,7.389116424035359,7.42159164423195,7.471089056701647,7.520162928967257,7.551887320773708,seed1e4,4.0,10000.0,0.28246997503336224,0.28517666122834734,0.2893020824636213,0.29339220323237086,0.296036310734245,0.0
expanded-blagn-v1,measurement,RUBIESUDS31747_taylor24,RUBIESUDS31747_taylor24,HZA-RUBIES-UDS-31747,RUBIES-UDS-31747,1,RUBIESUDS31747_taylor24,True,only catalogue measurement in this release,4.13,1.4813233087212372,RUBIES,UDS,broad-line-agn,robust,individual_robust,taylor24_ceers_rubies_blagn,Table 1 (Sample of BLAGN),The Astrophysical Journal 986:165 (2025); arXiv:2409.06772v2,https://iopscience.iop.org/article/10.3847/1538-4357/add15b,10.3847/1538-4357/add15b,single-epoch-virial-halpha-reines2013,1.0,lrd,0.0,formal_mbh_errors_exclude_virial_systematic;nominal_mass_uncorrected_for_dust,Nominal Table 1 mass and Halpha flux are uncorrected for dust; formal MBH errors exclude the approximately 0.5 dex virial-calibration systematic.,10000,20260808,30.0,0.1,1.0,True,split-normal-in-log-mbh,0.05,0.05,0.05,0.05,symmetric_reported,False,mbh_plus_0p3dex,MBH +0.3 dex,global_comparison,all_sources,0.3,7.389116424035359,7.42159164423195,7.471089056701647,7.520162928967257,7.551887320773708,seed1e5,5.0,100000.0,0.1991237751123131,0.20183046130729818,0.2059558825425722,0.21004600331132176,0.21269011081319583,0.0
expanded-blagn-v1,measurement,RUBIESUDS31747_taylor24,RUBIESUDS31747_taylor24,HZA-RUBIES-UDS-31747,RUBIES-UDS-31747,1,RUBIESUDS31747_taylor24,True,only catalogue measurement in this release,4.13,1.4813233087212372,RUBIES,UDS,broad-line-agn,robust,individual_robust,taylor24_ceers_rubies_blagn,Table 1 (Sample of BLAGN),The Astrophysical Journal 986:165 (2025); arXiv:2409.06772v2,https://iopscience.iop.org/article/10.3847/1538-4357/add15b,10.3847/1538-4357/add15b,single-epoch-virial-halpha-reines2013,1.0,lrd,0.0,formal_mbh_errors_exclude_virial_systematic;nominal_mass_uncorrected_for_dust,Nominal Table 1 mass and Halpha flux are uncorrected for dust; formal MBH errors exclude the approximately 0.5 dex virial-calibration systematic.,10000,20260808,30.0,0.1,1.0,True,split-normal-in-log-mbh,0.05,0.05,0.05,0.05,symmetric_reported,False,taylor_virial_minus_0p5dex,Taylor virial calibration sensitivity: MBH -0.5 dex,taylor_virial_calibration_sensitivity,taylor24_ceers_rubies_blagn_only,-0.5,6.5891164240353595,6.62159164423195,6.671089056701646,6.720162928967257,6.751887320773708,seed1e2,2.0,100.0,0.3824854149386212,0.3851921011336063,0.3893175223688803,0.3934076431376299,0.3960517506395041,0.0
expanded-blagn-v1,measurement,RUBIESUDS31747_taylor24,RUBIESUDS31747_taylor24,HZA-RUBIES-UDS-31747,RUBIES-UDS-31747,1,RUBIESUDS31747_taylor24,True,only catalogue measurement in this release,4.13,1.4813233087212372,RUBIES,UDS,broad-line-agn,robust,individual_robust,taylor24_ceers_rubies_blagn,Table 1 (Sample of BLAGN),The Astrophysical Journal 986:165 (2025); arXiv:2409.06772v2,https://iopscience.iop.org/article/10.3847/1538-4357/add15b,10.3847/1538-4357/add15b,single-epoch-virial-halpha-reines2013,1.0,lrd,0.0,formal_mbh_errors_exclude_virial_systematic;nominal_mass_uncorrected_for_dust,Nominal Table 1 mass and Halpha flux are uncorrected for dust; formal MBH errors exclude the approximately 0.5 dex virial-calibration systematic.,10000,20260808,30.0,0.1,1.0,True,split-normal-in-log-mbh,0.05,0.05,0.05,0.05,symmetric_reported,False,taylor_virial_minus_0p5dex,Taylor virial calibration sensitivity: MBH -0.5 dex,taylor_virial_calibration_sensitivity,taylor24_ceers_rubies_blagn_only,-0.5,6.5891164240353595,6.62159164423195,6.671089056701646,6.720162928967257,6.751887320773708,seed1e4,4.0,10000.0,0.21579301509652296,0.21849970129150803,0.22262512252678202,0.22671524329553158,0.22935935079740574,0.0
expanded-blagn-v1,measurement,RUBIESUDS31747_taylor24,RUBIESUDS31747_taylor24,HZA-RUBIES-UDS-31747,RUBIES-UDS-31747,1,RUBIESUDS31747_taylor24,True,only catalogue measurement in this release,4.13,1.4813233087212372,RUBIES,UDS,broad-line-agn,robust,individual_robust,taylor24_ceers_rubies_blagn,Table 1 (Sample of BLAGN),The Astrophysical Journal 986:165 (2025); arXiv:2409.06772v2,https://iopscience.iop.org/article/10.3847/1538-4357/add15b,10.3847/1538-4357/add15b,single-epoch-virial-halpha-reines2013,1.0,lrd,0.0,formal_mbh_errors_exclude_virial_systematic;nominal_mass_uncorrected_for_dust,Nominal Table 1 mass and Halpha flux are uncorrected for dust; formal MBH errors exclude the approximately 0.5 dex virial-calibration systematic.,10000,20260808,30.0,0.1,1.0,True,split-normal-in-log-mbh,0.05,0.05,0.05,0.05,symmetric_reported,False,taylor_virial_minus_0p5dex,Taylor virial calibration sensitivity: MBH -0.5 dex,taylor_virial_calibration_sensitivity,taylor24_ceers_rubies_blagn_only,-0.5,6.5891164240353595,6.62159164423195,6.671089056701646,6.720162928967257,6.751887320773708,seed1e5,5.0,100000.0,0.1324468151754738,0.1351535013704589,0.13927892260573285,0.14336904337448245,0.14601315087635658,0.0
expanded-blagn-v1,measurement,RUBIESUDS31747_taylor24,RUBIESUDS31747_taylor24,HZA-RUBIES-UDS-31747,RUBIES-UDS-31747,1,RUBIESUDS31747_taylor24,True,only catalogue measurement in this release,4.13,1.4813233087212372,RUBIES,UDS,broad-line-agn,robust,individual_robust,taylor24_ceers_rubies_blagn,Table 1 (Sample of BLAGN),The Astrophysical Journal 986:165 (2025); arXiv:2409.06772v2,https://iopscience.iop.org/article/10.3847/1538-4357/add15b,10.3847/1538-4357/add15b,single-epoch-virial-halpha-reines2013,1.0,lrd,0.0,formal_mbh_errors_exclude_virial_systematic;nominal_mass_uncorrected_for_dust,Nominal Table 1 mass and Halpha flux are uncorrected for dust; formal MBH errors exclude the approximately 0.5 dex virial-calibration systematic.,10000,20260808,30.0,0.1,1.0,True,split-normal-in-log-mbh,0.05,0.05,0.05,0.05,symmetric_reported,False,taylor_virial_plus_0p5dex,Taylor virial calibration sensitivity: MBH +0.5 dex,taylor_virial_calibration_sensitivity,taylor24_ceers_rubies_blagn_only,0.5,7.5891164240353595,7.62159164423195,7.671089056701646,7.720162928967257,7.751887320773708,seed1e2,2.0,100.0,0.4658316148596703,0.46853830105465544,0.4726637222899295,0.476753843058679,0.4793979505605531,0.0
expanded-blagn-v1,measurement,RUBIESUDS31747_taylor24,RUBIESUDS31747_taylor24,HZA-RUBIES-UDS-31747,RUBIES-UDS-31747,1,RUBIESUDS31747_taylor24,True,only catalogue measurement in this release,4.13,1.4813233087212372,RUBIES,UDS,broad-line-agn,robust,individual_robust,taylor24_ceers_rubies_blagn,Table 1 (Sample of BLAGN),The Astrophysical Journal 986:165 (2025); arXiv:2409.06772v2,https://iopscience.iop.org/article/10.3847/1538-4357/add15b,10.3847/1538-4357/add15b,single-epoch-virial-halpha-reines2013,1.0,lrd,0.0,formal_mbh_errors_exclude_virial_systematic;nominal_mass_uncorrected_for_dust,Nominal Table 1 mass and Halpha flux are uncorrected for dust; formal MBH errors exclude the approximately 0.5 dex virial-calibration systematic.,10000,20260808,30.0,0.1,1.0,True,split-normal-in-log-mbh,0.05,0.05,0.05,0.05,symmetric_reported,False,taylor_virial_plus_0p5dex,Taylor virial calibration sensitivity: MBH +0.5 dex,taylor_virial_calibration_sensitivity,taylor24_ceers_rubies_blagn_only,0.5,7.5891164240353595,7.62159164423195,7.671089056701646,7.720162928967257,7.751887320773708,seed1e4,4.0,10000.0,0.299139215017572,0.30184590121255717,0.30597132244783115,0.31006144321658075,0.31270555071845485,0.0
expanded-blagn-v1,measurement,RUBIESUDS31747_taylor24,RUBIESUDS31747_taylor24,HZA-RUBIES-UDS-31747,RUBIES-UDS-31747,1,RUBIESUDS31747_taylor24,True,only catalogue measurement in this release,4.13,1.4813233087212372,RUBIES,UDS,broad-line-agn,robust,individual_robust,taylor24_ceers_rubies_blagn,Table 1 (Sample of BLAGN),The Astrophysical Journal 986:165 (2025); arXiv:2409.06772v2,https://iopscience.iop.org/article/10.3847/1538-4357/add15b,10.3847/1538-4357/add15b,single-epoch-virial-halpha-reines2013,1.0,lrd,0.0,formal_mbh_errors_exclude_virial_systematic;nominal_mass_uncorrected_for_dust,Nominal Table 1 mass and Halpha flux are uncorrected for dust; formal MBH errors exclude the approximately 0.5 dex virial-calibration systematic.,10000,20260808,30.0,0.1,1.0,True,split-normal-in-log-mbh,0.05,0.05,0.05,0.05,symmetric_reported,False,taylor_virial_plus_0p5dex,Taylor virial calibration sensitivity: MBH +0.5 dex,taylor_virial_calibration_sensitivity,taylor24_ceers_rubies_blagn_only,0.5,7.5891164240353595,7.62159164423195,7.671089056701646,7.720162928967257,7.751887320773708,seed1e5,5.0,100000.0,0.21579301509652296,0.21849970129150803,0.22262512252678202,0.22671524329553158,0.22935935079740574,0.0
expanded-blagn-v1,measurement,RUBIESUDS35974_taylor24,RUBIESUDS35974_taylor24,HZA-RUBIES-UDS-35974,RUBIES-UDS-35974,1,RUBIESUDS35974_taylor24,True,only catalogue measurement in this release,4.367,1.384760384875935,RUBIES,UDS,broad-line-agn,robust,individual_robust,taylor24_ceers_rubies_blagn,Table 1 (Sample of BLAGN),The Astrophysical Journal 986:165 (2025); arXiv:2409.06772v2,https://iopscience.iop.org/article/10.3847/1538-4357/add15b,10.3847/1538-4357/add15b,single-epoch-virial-halpha-reines2013,0.0,non_lrd,0.0,formal_mbh_errors_exclude_virial_systematic;nominal_mass_uncorrected_for_dust,Nominal Table 1 mass and Halpha flux are uncorrected for dust; formal MBH errors exclude the approximately 0.5 dex virial-calibration systematic.,10000,20260808,30.0,0.1,1.0,True,split-normal-in-log-mbh,0.09,0.11,0.09,0.11,asymmetric,False,baseline,reported MBH,none,all_sources,0.0,6.617430669403117,6.690782009393635,6.8007320507537745,6.889207486436146,6.94711432873254,seed1e2,2.0,100.0,0.4137700464929862,0.4203430931787361,0.43019576601407533,0.43812408974146005,0.443313148017529,0.0
expanded-blagn-v1,measurement,RUBIESUDS35974_taylor24,RUBIESUDS35974_taylor24,HZA-RUBIES-UDS-35974,RUBIES-UDS-35974,1,RUBIESUDS35974_taylor24,True,only catalogue measurement in this release,4.367,1.384760384875935,RUBIES,UDS,broad-line-agn,robust,individual_robust,taylor24_ceers_rubies_blagn,Table 1 (Sample of BLAGN),The Astrophysical Journal 986:165 (2025); arXiv:2409.06772v2,https://iopscience.iop.org/article/10.3847/1538-4357/add15b,10.3847/1538-4357/add15b,single-epoch-virial-halpha-reines2013,0.0,non_lrd,0.0,formal_mbh_errors_exclude_virial_systematic;nominal_mass_uncorrected_for_dust,Nominal Table 1 mass and Halpha flux are uncorrected for dust; formal MBH errors exclude the approximately 0.5 dex virial-calibration systematic.,10000,20260808,30.0,0.1,1.0,True,split-normal-in-log-mbh,0.09,0.11,0.09,0.11,asymmetric,False,baseline,reported MBH,none,all_sources,0.0,6.617430669403117,6.690782009393635,6.8007320507537745,6.889207486436146,6.94711432873254,seed1e4,4.0,10000.0,0.2345491437364872,0.24112219042223698,0.25097486325757623,0.25890318698496095,0.26409224526102987,0.0
expanded-blagn-v1,measurement,RUBIESUDS35974_taylor24,RUBIESUDS35974_taylor24,HZA-RUBIES-UDS-35974,RUBIES-UDS-35974,1,RUBIESUDS35974_taylor24,True,only catalogue measurement in this release,4.367,1.384760384875935,RUBIES,UDS,broad-line-agn,robust,individual_robust,taylor24_ceers_rubies_blagn,Table 1 (Sample of BLAGN),The Astrophysical Journal 986:165 (2025); arXiv:2409.06772v2,https://iopscience.iop.org/article/10.3847/1538-4357/add15b,10.3847/1538-4357/add15b,single-epoch-virial-halpha-reines2013,0.0,non_lrd,0.0,formal_mbh_errors_exclude_virial_systematic;nominal_mass_uncorrected_for_dust,Nominal Table 1 mass and Halpha flux are uncorrected for dust; formal MBH errors exclude the approximately 0.5 dex virial-calibration systematic.,10000,20260808,30.0,0.1,1.0,True,split-normal-in-log-mbh,0.09,0.11,0.09,0.11,asymmetric,False,baseline,reported MBH,none,all_sources,0.0,6.617430669403117,6.690782009393635,6.8007320507537745,6.889207486436146,6.94711432873254,seed1e5,5.0,100000.0,0.14493869235823761,0.15151173904398738,0.16136441187932668,0.16929273560671135,0.17448179388278034,0.0
expanded-blagn-v1,measurement,RUBIESUDS35974_taylor24,RUBIESUDS35974_taylor24,HZA-RUBIES-UDS-35974,RUBIES-UDS-35974,1,RUBIESUDS35974_taylor24,True,only catalogue measurement in this release,4.367,1.384760384875935,RUBIES,UDS,broad-line-agn,robust,individual_robust,taylor24_ceers_rubies_blagn,Table 1 (Sample of BLAGN),The Astrophysical Journal 986:165 (2025); arXiv:2409.06772v2,https://iopscience.iop.org/article/10.3847/1538-4357/add15b,10.3847/1538-4357/add15b,single-epoch-virial-halpha-reines2013,0.0,non_lrd,0.0,formal_mbh_errors_exclude_virial_systematic;nominal_mass_uncorrected_for_dust,Nominal Table 1 mass and Halpha flux are uncorrected for dust; formal MBH errors exclude the approximately 0.5 dex virial-calibration systematic.,10000,20260808,30.0,0.1,1.0,True,split-normal-in-log-mbh,0.09,0.11,0.09,0.11,asymmetric,False,mbh_minus_0p3dex,MBH -0.3 dex,global_comparison,all_sources,-0.3,6.317430669403117,6.390782009393635,6.500732050753774,6.5892074864361465,6.64711432873254,seed1e2,2.0,100.0,0.3868869110795114,0.3934599577652612,0.4033126306006006,0.4112409543279852,0.41643001260405416,0.0
expanded-blagn-v1,measurement,RUBIESUDS35974_taylor24,RUBIESUDS35974_taylor24,HZA-RUBIES-UDS-35974,RUBIES-UDS-35974,1,RUBIESUDS35974_taylor24,True,only catalogue measurement in this release,4.367,1.384760384875935,RUBIES,UDS,broad-line-agn,robust,individual_robust,taylor24_ceers_rubies_blagn,Table 1 (Sample of BLAGN),The Astrophysical Journal 986:165 (2025); arXiv:2409.06772v2,https://iopscience.iop.org/article/10.3847/1538-4357/add15b,10.3847/1538-4357/add15b,single-epoch-virial-halpha-reines2013,0.0,non_lrd,0.0,formal_mbh_errors_exclude_virial_systematic;nominal_mass_uncorrected_for_dust,Nominal Table 1 mass and Halpha flux are uncorrected for dust; formal MBH errors exclude the approximately 0.5 dex virial-calibration systematic.,10000,20260808,30.0,0.1,1.0,True,split-normal-in-log-mbh,0.09,0.11,0.09,0.11,asymmetric,False,mbh_minus_0p3dex,MBH -0.3 dex,global_comparison,all_sources,-0.3,6.317430669403117,6.390782009393635,6.500732050753774,6.5892074864361465,6.64711432873254,seed1e4,4.0,10000.0,0.2076660083230123,0.21423905500876209,0.22409172784410136,0.23202005157148606,0.23720910984755503,0.0
expanded-blagn-v1,measurement,RUBIESUDS35974_taylor24,RUBIESUDS35974_taylor24,HZA-RUBIES-UDS-35974,RUBIES-UDS-35974,1,RUBIESUDS35974_taylor24,True,only catalogue measurement in this release,4.367,1.384760384875935,RUBIES,UDS,broad-line-agn,robust,individual_robust,taylor24_ceers_rubies_blagn,Table 1 (Sample of BLAGN),The Astrophysical Journal 986:165 (2025); arXiv:2409.06772v2,https://iopscience.iop.org/article/10.3847/1538-4357/add15b,10.3847/1538-4357/add15b,single-epoch-virial-halpha-reines2013,0.0,non_lrd,0.0,formal_mbh_errors_exclude_virial_systematic;nominal_mass_uncorrected_for_dust,Nominal Table 1 mass and Halpha flux are uncorrected for dust; formal MBH errors exclude the approximately 0.5 dex virial-calibration systematic.,10000,20260808,30.0,0.1,1.0,True,split-normal-in-log-mbh,0.09,0.11,0.09,0.11,asymmetric,False,mbh_minus_0p3dex,MBH -0.3 dex,global_comparison,all_sources,-0.3,6.317430669403117,6.390782009393635,6.500732050753774,6.5892074864361465,6.64711432873254,seed1e5,5.0,100000.0,0.11805555694476273,0.12462860363051252,0.13448127646585184,0.14240960019323648,0.1475986584693055,0.0
expanded-blagn-v1,measurement,RUBIESUDS35974_taylor24,RUBIESUDS35974_taylor24,HZA-RUBIES-UDS-35974,RUBIES-UDS-35974,1,RUBIESUDS35974_taylor24,True,only catalogue measurement in this release,4.367,1.384760384875935,RUBIES,UDS,broad-line-agn,robust,individual_robust,taylor24_ceers_rubies_blagn,Table 1 (Sample of BLAGN),The Astrophysical Journal 986:165 (2025); arXiv:2409.06772v2,https://iopscience.iop.org/article/10.3847/1538-4357/add15b,10.3847/1538-4357/add15b,single-epoch-virial-halpha-reines2013,0.0,non_lrd,0.0,formal_mbh_errors_exclude_virial_systematic;nominal_mass_uncorrected_for_dust,Nominal Table 1 mass and Halpha flux are uncorrected for dust; formal MBH errors exclude the approximately 0.5 dex virial-calibration systematic.,10000,20260808,30.0,0.1,1.0,True,split-normal-in-log-mbh,0.09,0.11,0.09,0.11,asymmetric,False,mbh_plus_0p3dex,MBH +0.3 dex,global_comparison,all_sources,0.3,6.9174306694031165,6.990782009393635,7.1007320507537734,7.189207486436146,7.24711432873254,seed1e2,2.0,100.0,0.4406531819064611,0.44722622859221095,0.45707890142755025,0.4650072251549349,0.47019628343100384,0.0
expanded-blagn-v1,measurement,RUBIESUDS35974_taylor24,RUBIESUDS35974_taylor24,HZA-RUBIES-UDS-35974,RUBIES-UDS-35974,1,RUBIESUDS35974_taylor24,True,only catalogue measurement in this release,4.367,1.384760384875935,RUBIES,UDS,broad-line-agn,robust,individual_robust,taylor24_ceers_rubies_blagn,Table 1 (Sample of BLAGN),The Astrophysical Journal 986:165 (2025); arXiv:2409.06772v2,https://iopscience.iop.org/article/10.3847/1538-4357/add15b,10.3847/1538-4357/add15b,single-epoch-virial-halpha-reines2013,0.0,non_lrd,0.0,formal_mbh_errors_exclude_virial_systematic;nominal_mass_uncorrected_for_dust,Nominal Table 1 mass and Halpha flux are uncorrected for dust; formal MBH errors exclude the approximately 0.5 dex virial-calibration systematic.,10000,20260808,30.0,0.1,1.0,True,split-normal-in-log-mbh,0.09,0.11,0.09,0.11,asymmetric,False,mbh_plus_0p3dex,MBH +0.3 dex,global_comparison,all_sources,0.3,6.9174306694031165,6.990782009393635,7.1007320507537734,7.189207486436146,7.24711432873254,seed1e4,4.0,10000.0,0.261432279149962,0.26800532583571185,0.2778579986710511,0.2857863223984358,0.29097538067450474,0.0
expanded-blagn-v1,measurement,RUBIESUDS35974_taylor24,RUBIESUDS35974_taylor24,HZA-RUBIES-UDS-35974,RUBIES-UDS-35974,1,RUBIESUDS35974_taylor24,True,only catalogue measurement in this release,4.367,1.384760384875935,RUBIES,UDS,broad-line-agn,robust,individual_robust,taylor24_ceers_rubies_blagn,Table 1 (Sample of BLAGN),The Astrophysical Journal 986:165 (2025); arXiv:2409.06772v2,https://iopscience.iop.org/article/10.3847/1538-4357/add15b,10.3847/1538-4357/add15b,single-epoch-virial-halpha-reines2013,0.0,non_lrd,0.0,formal_mbh_errors_exclude_virial_systematic;nominal_mass_uncorrected_for_dust,Nominal Table 1 mass and Halpha flux are uncorrected for dust; formal MBH errors exclude the approximately 0.5 dex virial-calibration systematic.,10000,20260808,30.0,0.1,1.0,True,split-normal-in-log-mbh,0.09,0.11,0.09,0.11,asymmetric,False,mbh_plus_0p3dex,MBH +0.3 dex,global_comparison,all_sources,0.3,6.9174306694031165,6.990782009393635,7.1007320507537734,7.189207486436146,7.24711432873254,seed1e5,5.0,100000.0,0.17182182777171248,0.17839487445746224,0.18824754729280155,0.19617587102018622,0.2013649292962552,0.0
expanded-blagn-v1,measurement,RUBIESUDS35974_taylor24,RUBIESUDS35974_taylor24,HZA-RUBIES-UDS-35974,RUBIES-UDS-35974,1,RUBIESUDS35974_taylor24,True,only catalogue measurement in this release,4.367,1.384760384875935,RUBIES,UDS,broad-line-agn,robust,individual_robust,taylor24_ceers_rubies_blagn,Table 1 (Sample of BLAGN),The Astrophysical Journal 986:165 (2025); arXiv:2409.06772v2,https://iopscience.iop.org/article/10.3847/1538-4357/add15b,10.3847/1538-4357/add15b,single-epoch-virial-halpha-reines2013,0.0,non_lrd,0.0,formal_mbh_errors_exclude_virial_systematic;nominal_mass_uncorrected_for_dust,Nominal Table 1 mass and Halpha flux are uncorrected for dust; formal MBH errors exclude the approximately 0.5 dex virial-calibration systematic.,10000,20260808,30.0,0.1,1.0,True,split-normal-in-log-mbh,0.09,0.11,0.09,0.11,asymmetric,False,taylor_virial_minus_0p5dex,Taylor virial calibration sensitivity: MBH -0.5 dex,taylor_virial_calibration_sensitivity,taylor24_ceers_rubies_blagn_only,-0.5,6.117430669403117,6.190782009393635,6.3007320507537745,6.389207486436146,6.44711432873254,seed1e2,2.0,100.0,0.36896482080386156,0.3755378674896113,0.38539054032495057,0.3933188640523353,0.39850792232840415,0.0
expanded-blagn-v1,measurement,RUBIESUDS35974_taylor24,RUBIESUDS35974_taylor24,HZA-RUBIES-UDS-35974,RUBIES-UDS-35974,1,RUBIESUDS35974_taylor24,True,only catalogue measurement in this release,4.367,1.384760384875935,RUBIES,UDS,broad-line-agn,robust,individual_robust,taylor24_ceers_rubies_blagn,Table 1 (Sample of BLAGN),The Astrophysical Journal 986:165 (2025); arXiv:2409.06772v2,https://iopscience.iop.org/article/10.3847/1538-4357/add15b,10.3847/1538-4357/add15b,single-epoch-virial-halpha-reines2013,0.0,non_lrd,0.0,formal_mbh_errors_exclude_virial_systematic;nominal_mass_uncorrected_for_dust,Nominal Table 1 mass and Halpha flux are uncorrected for dust; formal MBH errors exclude the approximately 0.5 dex virial-calibration systematic.,10000,20260808,30.0,0.1,1.0,True,split-normal-in-log-mbh,0.09,0.11,0.09,0.11,asymmetric,False,taylor_virial_minus_0p5dex,Taylor virial calibration sensitivity: MBH -0.5 dex,taylor_virial_calibration_sensitivity,taylor24_ceers_rubies_blagn_only,-0.5,6.117430669403117,6.190782009393635,6.3007320507537745,6.389207486436146,6.44711432873254,seed1e4,4.0,10000.0,0.18974391804736235,0.19631696473311216,0.2061696375684515,0.2140979612958361,0.21928701957190513,0.0
expanded-blagn-v1,measurement,RUBIESUDS35974_taylor24,RUBIESUDS35974_taylor24,HZA-RUBIES-UDS-35974,RUBIES-UDS-35974,1,RUBIESUDS35974_taylor24,True,only catalogue measurement in this release,4.367,1.384760384875935,RUBIES,UDS,broad-line-agn,robust,individual_robust,taylor24_ceers_rubies_blagn,Table 1 (Sample of BLAGN),The Astrophysical Journal 986:165 (2025); arXiv:2409.06772v2,https://iopscience.iop.org/article/10.3847/1538-4357/add15b,10.3847/1538-4357/add15b,single-epoch-virial-halpha-reines2013,0.0,non_lrd,0.0,formal_mbh_errors_exclude_virial_systematic;nominal_mass_uncorrected_for_dust,Nominal Table 1 mass and Halpha flux are uncorrected for dust; formal MBH errors exclude the approximately 0.5 dex virial-calibration systematic.,10000,20260808,30.0,0.1,1.0,True,split-normal-in-log-mbh,0.09,0.11,0.09,0.11,asymmetric,False,taylor_virial_minus_0p5dex,Taylor virial calibration sensitivity: MBH -0.5 dex,taylor_virial_calibration_sensitivity,taylor24_ceers_rubies_blagn_only,-0.5,6.117430669403117,6.190782009393635,6.3007320507537745,6.389207486436146,6.44711432873254,seed1e5,5.0,100000.0,0.1001334666691128,0.10670651335486259,0.11655918619020192,0.12448750991758659,0.12967656819365556,0.0
expanded-blagn-v1,measurement,RUBIESUDS35974_taylor24,RUBIESUDS35974_taylor24,HZA-RUBIES-UDS-35974,RUBIES-UDS-35974,1,RUBIESUDS35974_taylor24,True,only catalogue measurement in this release,4.367,1.384760384875935,RUBIES,UDS,broad-line-agn,robust,individual_robust,taylor24_ceers_rubies_blagn,Table 1 (Sample of BLAGN),The Astrophysical Journal 986:165 (2025); arXiv:2409.06772v2,https://iopscience.iop.org/article/10.3847/1538-4357/add15b,10.3847/1538-4357/add15b,single-epoch-virial-halpha-reines2013,0.0,non_lrd,0.0,formal_mbh_errors_exclude_virial_systematic;nominal_mass_uncorrected_for_dust,Nominal Table 1 mass and Halpha flux are uncorrected for dust; formal MBH errors exclude the approximately 0.5 dex virial-calibration systematic.,10000,20260808,30.0,0.1,1.0,True,split-normal-in-log-mbh,0.09,0.11,0.09,0.11,asymmetric,False,taylor_virial_plus_0p5dex,Taylor virial calibration sensitivity: MBH +0.5 dex,taylor_virial_calibration_sensitivity,taylor24_ceers_rubies_blagn_only,0.5,7.117430669403117,7.190782009393635,7.3007320507537745,7.389207486436146,7.44711432873254,seed1e2,2.0,100.0,0.4585752721821111,0.46514831886786084,0.4750009917032002,0.4829293154305848,0.48811837370665384,0.0
expanded-blagn-v1,measurement,RUBIESUDS35974_taylor24,RUBIESUDS35974_taylor24,HZA-RUBIES-UDS-35974,RUBIES-UDS-35974,1,RUBIESUDS35974_taylor24,True,only catalogue measurement in this release,4.367,1.384760384875935,RUBIES,UDS,broad-line-agn,robust,individual_robust,taylor24_ceers_rubies_blagn,Table 1 (Sample of BLAGN),The Astrophysical Journal 986:165 (2025); arXiv:2409.06772v2,https://iopscience.iop.org/article/10.3847/1538-4357/add15b,10.3847/1538-4357/add15b,single-epoch-virial-halpha-reines2013,0.0,non_lrd,0.0,formal_mbh_errors_exclude_virial_systematic;nominal_mass_uncorrected_for_dust,Nominal Table 1 mass and Halpha flux are uncorrected for dust; formal MBH errors exclude the approximately 0.5 dex virial-calibration systematic.,10000,20260808,30.0,0.1,1.0,True,split-normal-in-log-mbh,0.09,0.11,0.09,0.11,asymmetric,False,taylor_virial_plus_0p5dex,Taylor virial calibration sensitivity: MBH +0.5 dex,taylor_virial_calibration_sensitivity,taylor24_ceers_rubies_blagn_only,0.5,7.117430669403117,7.190782009393635,7.3007320507537745,7.389207486436146,7.44711432873254,seed1e4,4.0,10000.0,0.27935436942561187,0.28592741611136174,0.29578008894670105,0.3037084126740857,0.30889747095015463,0.0
expanded-blagn-v1,measurement,RUBIESUDS35974_taylor24,RUBIESUDS35974_taylor24,HZA-RUBIES-UDS-35974,RUBIES-UDS-35974,1,RUBIESUDS35974_taylor24,True,only catalogue measurement in this release,4.367,1.384760384875935,RUBIES,UDS,broad-line-agn,robust,individual_robust,taylor24_ceers_rubies_blagn,Table 1 (Sample of BLAGN),The Astrophysical Journal 986:165 (2025); arXiv:2409.06772v2,https://iopscience.iop.org/article/10.3847/1538-4357/add15b,10.3847/1538-4357/add15b,single-epoch-virial-halpha-reines2013,0.0,non_lrd,0.0,formal_mbh_errors_exclude_virial_systematic;nominal_mass_uncorrected_for_dust,Nominal Table 1 mass and Halpha flux are uncorrected for dust; formal MBH errors exclude the approximately 0.5 dex virial-calibration systematic.,10000,20260808,30.0,0.1,1.0,True,split-normal-in-log-mbh,0.09,0.11,0.09,0.11,asymmetric,False,taylor_virial_plus_0p5dex,Taylor virial calibration sensitivity: MBH +0.5 dex,taylor_virial_calibration_sensitivity,taylor24_ceers_rubies_blagn_only,0.5,7.117430669403117,7.190782009393635,7.3007320507537745,7.389207486436146,7.44711432873254,seed1e5,5.0,100000.0,0.18974391804736235,0.19631696473311216,0.2061696375684515,0.2140979612958361,0.21928701957190513,0.0
expanded-blagn-v1,measurement,RUBIESUDS47509_taylor24,RUBIESUDS47509_taylor24,HZA-RUBIES-UDS-47509,RUBIES-UDS-47509,1,RUBIESUDS47509_taylor24,True,only catalogue measurement in this release,5.673,0.9999423964678454,RUBIES,UDS,broad-line-agn,robust,individual_robust,taylor24_ceers_rubies_blagn,Table 1 (Sample of BLAGN),The Astrophysical Journal 986:165 (2025); arXiv:2409.06772v2,https://iopscience.iop.org/article/10.3847/1538-4357/add15b,10.3847/1538-4357/add15b,single-epoch-virial-halpha-reines2013,1.0,lrd,0.0,formal_mbh_errors_exclude_virial_systematic;nominal_mass_uncorrected_for_dust,Nominal Table 1 mass and Halpha flux are uncorrected for dust; formal MBH errors exclude the approximately 0.5 dex virial-calibration systematic.,10000,20260808,30.0,0.1,1.0,True,split-normal-in-log-mbh,0.07,0.07,0.07,0.07,symmetric_reported,False,baseline,reported MBH,none,all_sources,0.0,7.425071677101824,7.471750502635177,7.541046979326824,7.611100375205867,7.656397086515294,seed1e2,2.0,100.0,0.6940159934272077,0.6999875000547203,0.708852426819679,0.7178141843830216,0.7236088805583891,0.0
expanded-blagn-v1,measurement,RUBIESUDS47509_taylor24,RUBIESUDS47509_taylor24,HZA-RUBIES-UDS-47509,RUBIES-UDS-47509,1,RUBIESUDS47509_taylor24,True,only catalogue measurement in this release,5.673,0.9999423964678454,RUBIES,UDS,broad-line-agn,robust,individual_robust,taylor24_ceers_rubies_blagn,Table 1 (Sample of BLAGN),The Astrophysical Journal 986:165 (2025); arXiv:2409.06772v2,https://iopscience.iop.org/article/10.3847/1538-4357/add15b,10.3847/1538-4357/add15b,single-epoch-virial-halpha-reines2013,1.0,lrd,0.0,formal_mbh_errors_exclude_virial_systematic;nominal_mass_uncorrected_for_dust,Nominal Table 1 mass and Halpha flux are uncorrected for dust; formal MBH errors exclude the approximately 0.5 dex virial-calibration systematic.,10000,20260808,30.0,0.1,1.0,True,split-normal-in-log-mbh,0.07,0.07,0.07,0.07,symmetric_reported,False,baseline,reported MBH,none,all_sources,0.0,7.425071677101824,7.471750502635177,7.541046979326824,7.611100375205867,7.656397086515294,seed1e4,4.0,10000.0,0.43816094312196846,0.4441324497494812,0.4529973765144398,0.4619591340777825,0.46775383025315015,0.0
expanded-blagn-v1,measurement,RUBIESUDS47509_taylor24,RUBIESUDS47509_taylor24,HZA-RUBIES-UDS-47509,RUBIES-UDS-47509,1,RUBIESUDS47509_taylor24,True,only catalogue measurement in this release,5.673,0.9999423964678454,RUBIES,UDS,broad-line-agn,robust,individual_robust,taylor24_ceers_rubies_blagn,Table 1 (Sample of BLAGN),The Astrophysical Journal 986:165 (2025); arXiv:2409.06772v2,https://iopscience.iop.org/article/10.3847/1538-4357/add15b,10.3847/1538-4357/add15b,single-epoch-virial-halpha-reines2013,1.0,lrd,0.0,formal_mbh_errors_exclude_virial_systematic;nominal_mass_uncorrected_for_dust,Nominal Table 1 mass and Halpha flux are uncorrected for dust; formal MBH errors exclude the approximately 0.5 dex virial-calibration systematic.,10000,20260808,30.0,0.1,1.0,True,split-normal-in-log-mbh,0.07,0.07,0.07,0.07,symmetric_reported,False,baseline,reported MBH,none,all_sources,0.0,7.425071677101824,7.471750502635177,7.541046979326824,7.611100375205867,7.656397086515294,seed1e5,5.0,100000.0,0.31023341796934895,0.31620492459686167,0.3250698513618202,0.3340316089251629,0.3398263051005305,0.0
expanded-blagn-v1,measurement,RUBIESUDS47509_taylor24,RUBIESUDS47509_taylor24,HZA-RUBIES-UDS-47509,RUBIES-UDS-47509,1,RUBIESUDS47509_taylor24,True,only catalogue measurement in this release,5.673,0.9999423964678454,RUBIES,UDS,broad-line-agn,robust,individual_robust,taylor24_ceers_rubies_blagn,Table 1 (Sample of BLAGN),The Astrophysical Journal 986:165 (2025); arXiv:2409.06772v2,https://iopscience.iop.org/article/10.3847/1538-4357/add15b,10.3847/1538-4357/add15b,single-epoch-virial-halpha-reines2013,1.0,lrd,0.0,formal_mbh_errors_exclude_virial_systematic;nominal_mass_uncorrected_for_dust,Nominal Table 1 mass and Halpha flux are uncorrected for dust; formal MBH errors exclude the approximately 0.5 dex virial-calibration systematic.,10000,20260808,30.0,0.1,1.0,True,split-normal-in-log-mbh,0.07,0.07,0.07,0.07,symmetric_reported,False,mbh_minus_0p3dex,MBH -0.3 dex,global_comparison,all_sources,-0.3,7.1250716771018245,7.171750502635177,7.241046979326824,7.311100375205867,7.356397086515294,seed1e2,2.0,100.0,0.6556377358814218,0.6616092425089344,0.6704741692738931,0.6794359268372357,0.6852306230126034,0.0
expanded-blagn-v1,measurement,RUBIESUDS47509_taylor24,RUBIESUDS47509_taylor24,HZA-RUBIES-UDS-47509,RUBIES-UDS-47509,1,RUBIESUDS47509_taylor24,True,only catalogue measurement in this release,5.673,0.9999423964678454,RUBIES,UDS,broad-line-agn,robust,individual_robust,taylor24_ceers_rubies_blagn,Table 1 (Sample of BLAGN),The Astrophysical Journal 986:165 (2025); arXiv:2409.06772v2,https://iopscience.iop.org/article/10.3847/1538-4357/add15b,10.3847/1538-4357/add15b,single-epoch-virial-halpha-reines2013,1.0,lrd,0.0,formal_mbh_errors_exclude_virial_systematic;nominal_mass_uncorrected_for_dust,Nominal Table 1 mass and Halpha flux are uncorrected for dust; formal MBH errors exclude the approximately 0.5 dex virial-calibration systematic.,10000,20260808,30.0,0.1,1.0,True,split-normal-in-log-mbh,0.07,0.07,0.07,0.07,symmetric_reported,False,mbh_minus_0p3dex,MBH -0.3 dex,global_comparison,all_sources,-0.3,7.1250716771018245,7.171750502635177,7.241046979326824,7.311100375205867,7.356397086515294,seed1e4,4.0,10000.0,0.3997826855761826,0.40575419220369535,0.41461911896865394,0.42358087653199666,0.42937557270736415,0.0
expanded-blagn-v1,measurement,RUBIESUDS47509_taylor24,RUBIESUDS47509_taylor24,HZA-RUBIES-UDS-47509,RUBIES-UDS-47509,1,RUBIESUDS47509_taylor24,True,only catalogue measurement in this release,5.673,0.9999423964678454,RUBIES,UDS,broad-line-agn,robust,individual_robust,taylor24_ceers_rubies_blagn,Table 1 (Sample of BLAGN),The Astrophysical Journal 986:165 (2025); arXiv:2409.06772v2,https://iopscience.iop.org/article/10.3847/1538-4357/add15b,10.3847/1538-4357/add15b,single-epoch-virial-halpha-reines2013,1.0,lrd,0.0,formal_mbh_errors_exclude_virial_systematic;nominal_mass_uncorrected_for_dust,Nominal Table 1 mass and Halpha flux are uncorrected for dust; formal MBH errors exclude the approximately 0.5 dex virial-calibration systematic.,10000,20260808,30.0,0.1,1.0,True,split-normal-in-log-mbh,0.07,0.07,0.07,0.07,symmetric_reported,False,mbh_minus_0p3dex,MBH -0.3 dex,global_comparison,all_sources,-0.3,7.1250716771018245,7.171750502635177,7.241046979326824,7.311100375205867,7.356397086515294,seed1e5,5.0,100000.0,0.271855160423563,0.2778266670510758,0.2866915938160344,0.2956533513793771,0.30144804755474464,0.0
expanded-blagn-v1,measurement,RUBIESUDS47509_taylor24,RUBIESUDS47509_taylor24,HZA-RUBIES-UDS-47509,RUBIES-UDS-47509,1,RUBIESUDS47509_taylor24,True,only catalogue measurement in this release,5.673,0.9999423964678454,RUBIES,UDS,broad-line-agn,robust,individual_robust,taylor24_ceers_rubies_blagn,Table 1 (Sample of BLAGN),The Astrophysical Journal 986:165 (2025); arXiv:2409.06772v2,https://iopscience.iop.org/article/10.3847/1538-4357/add15b,10.3847/1538-4357/add15b,single-epoch-virial-halpha-reines2013,1.0,lrd,0.0,formal_mbh_errors_exclude_virial_systematic;nominal_mass_uncorrected_for_dust,Nominal Table 1 mass and Halpha flux are uncorrected for dust; formal MBH errors exclude the approximately 0.5 dex virial-calibration systematic.,10000,20260808,30.0,0.1,1.0,True,split-normal-in-log-mbh,0.07,0.07,0.07,0.07,symmetric_reported,False,mbh_plus_0p3dex,MBH +0.3 dex,global_comparison,all_sources,0.3,7.725071677101824,7.771750502635177,7.841046979326824,7.911100375205867,7.9563970865152935,seed1e2,2.0,100.0,0.7323942509729934,0.7383657576005062,0.7472306843654648,0.7561924419288075,0.7619871381041751,0.0
expanded-blagn-v1,measurement,RUBIESUDS47509_taylor24,RUBIESUDS47509_taylor24,HZA-RUBIES-UDS-47509,RUBIES-UDS-47509,1,RUBIESUDS47509_taylor24,True,only catalogue measurement in this release,5.673,0.9999423964678454,RUBIES,UDS,broad-line-agn,robust,individual_robust,taylor24_ceers_rubies_blagn,Table 1 (Sample of BLAGN),The Astrophysical Journal 986:165 (2025); arXiv:2409.06772v2,https://iopscience.iop.org/article/10.3847/1538-4357/add15b,10.3847/1538-4357/add15b,single-epoch-virial-halpha-reines2013,1.0,lrd,0.0,formal_mbh_errors_exclude_virial_systematic;nominal_mass_uncorrected_for_dust,Nominal Table 1 mass and Halpha flux are uncorrected for dust; formal MBH errors exclude the approximately 0.5 dex virial-calibration systematic.,10000,20260808,30.0,0.1,1.0,True,split-normal-in-log-mbh,0.07,0.07,0.07,0.07,symmetric_reported,False,mbh_plus_0p3dex,MBH +0.3 dex,global_comparison,all_sources,0.3,7.725071677101824,7.771750502635177,7.841046979326824,7.911100375205867,7.9563970865152935,seed1e4,4.0,10000.0,0.4765392006677543,0.48251070729526707,0.49137563406022566,0.5003373916235684,0.5061320877989358,0.0
expanded-blagn-v1,measurement,RUBIESUDS47509_taylor24,RUBIESUDS47509_taylor24,HZA-RUBIES-UDS-47509,RUBIES-UDS-47509,1,RUBIESUDS47509_taylor24,True,only catalogue measurement in this release,5.673,0.9999423964678454,RUBIES,UDS,broad-line-agn,robust,individual_robust,taylor24_ceers_rubies_blagn,Table 1 (Sample of BLAGN),The Astrophysical Journal 986:165 (2025); arXiv:2409.06772v2,https://iopscience.iop.org/article/10.3847/1538-4357/add15b,10.3847/1538-4357/add15b,single-epoch-virial-halpha-reines2013,1.0,lrd,0.0,formal_mbh_errors_exclude_virial_systematic;nominal_mass_uncorrected_for_dust,Nominal Table 1 mass and Halpha flux are uncorrected for dust; formal MBH errors exclude the approximately 0.5 dex virial-calibration systematic.,10000,20260808,30.0,0.1,1.0,True,split-normal-in-log-mbh,0.07,0.07,0.07,0.07,symmetric_reported,False,mbh_plus_0p3dex,MBH +0.3 dex,global_comparison,all_sources,0.3,7.725071677101824,7.771750502635177,7.841046979326824,7.911100375205867,7.9563970865152935,seed1e5,5.0,100000.0,0.3486116755151347,0.35458318214264745,0.36344810890760604,0.3724098664709488,0.3782045626463164,0.0
expanded-blagn-v1,measurement,RUBIESUDS47509_taylor24,RUBIESUDS47509_taylor24,HZA-RUBIES-UDS-47509,RUBIES-UDS-47509,1,RUBIESUDS47509_taylor24,True,only catalogue measurement in this release,5.673,0.9999423964678454,RUBIES,UDS,broad-line-agn,robust,individual_robust,taylor24_ceers_rubies_blagn,Table 1 (Sample of BLAGN),The Astrophysical Journal 986:165 (2025); arXiv:2409.06772v2,https://iopscience.iop.org/article/10.3847/1538-4357/add15b,10.3847/1538-4357/add15b,single-epoch-virial-halpha-reines2013,1.0,lrd,0.0,formal_mbh_errors_exclude_virial_systematic;nominal_mass_uncorrected_for_dust,Nominal Table 1 mass and Halpha flux are uncorrected for dust; formal MBH errors exclude the approximately 0.5 dex virial-calibration systematic.,10000,20260808,30.0,0.1,1.0,True,split-normal-in-log-mbh,0.07,0.07,0.07,0.07,symmetric_reported,False,taylor_virial_minus_0p5dex,Taylor virial calibration sensitivity: MBH -0.5 dex,taylor_virial_calibration_sensitivity,taylor24_ceers_rubies_blagn_only,-0.5,6.925071677101824,6.971750502635177,7.041046979326824,7.111100375205867,7.156397086515294,seed1e2,2.0,100.0,0.6300522308508978,0.6360237374784105,0.6448886642433691,0.6538504218067119,0.6596451179820794,0.0
expanded-blagn-v1,measurement,RUBIESUDS47509_taylor24,RUBIESUDS47509_taylor24,HZA-RUBIES-UDS-47509,RUBIES-UDS-47509,1,RUBIESUDS47509_taylor24,True,only catalogue measurement in this release,5.673,0.9999423964678454,RUBIES,UDS,broad-line-agn,robust,individual_robust,taylor24_ceers_rubies_blagn,Table 1 (Sample of BLAGN),The Astrophysical Journal 986:165 (2025); arXiv:2409.06772v2,https://iopscience.iop.org/article/10.3847/1538-4357/add15b,10.3847/1538-4357/add15b,single-epoch-virial-halpha-reines2013,1.0,lrd,0.0,formal_mbh_errors_exclude_virial_systematic;nominal_mass_uncorrected_for_dust,Nominal Table 1 mass and Halpha flux are uncorrected for dust; formal MBH errors exclude the approximately 0.5 dex virial-calibration systematic.,10000,20260808,30.0,0.1,1.0,True,split-normal-in-log-mbh,0.07,0.07,0.07,0.07,symmetric_reported,False,taylor_virial_minus_0p5dex,Taylor virial calibration sensitivity: MBH -0.5 dex,taylor_virial_calibration_sensitivity,taylor24_ceers_rubies_blagn_only,-0.5,6.925071677101824,6.971750502635177,7.041046979326824,7.111100375205867,7.156397086515294,seed1e4,4.0,10000.0,0.37419718054565876,0.3801686871731714,0.38903361393812996,0.39799537150147274,0.40379006767684034,0.0
expanded-blagn-v1,measurement,RUBIESUDS47509_taylor24,RUBIESUDS47509_taylor24,HZA-RUBIES-UDS-47509,RUBIES-UDS-47509,1,RUBIESUDS47509_taylor24,True,only catalogue measurement in this release,5.673,0.9999423964678454,RUBIES,UDS,broad-line-agn,robust,individual_robust,taylor24_ceers_rubies_blagn,Table 1 (Sample of BLAGN),The Astrophysical Journal 986:165 (2025); arXiv:2409.06772v2,https://iopscience.iop.org/article/10.3847/1538-4357/add15b,10.3847/1538-4357/add15b,single-epoch-virial-halpha-reines2013,1.0,lrd,0.0,formal_mbh_errors_exclude_virial_systematic;nominal_mass_uncorrected_for_dust,Nominal Table 1 mass and Halpha flux are uncorrected for dust; formal MBH errors exclude the approximately 0.5 dex virial-calibration systematic.,10000,20260808,30.0,0.1,1.0,True,split-normal-in-log-mbh,0.07,0.07,0.07,0.07,symmetric_reported,False,taylor_virial_minus_0p5dex,Taylor virial calibration sensitivity: MBH -0.5 dex,taylor_virial_calibration_sensitivity,taylor24_ceers_rubies_blagn_only,-0.5,6.925071677101824,6.971750502635177,7.041046979326824,7.111100375205867,7.156397086515294,seed1e5,5.0,100000.0,0.24626965539303913,0.25224116202055186,0.26110608878551045,0.27006784634885317,0.27586254252422077,0.0
expanded-blagn-v1,measurement,RUBIESUDS47509_taylor24,RUBIESUDS47509_taylor24,HZA-RUBIES-UDS-47509,RUBIES-UDS-47509,1,RUBIESUDS47509_taylor24,True,only catalogue measurement in this release,5.673,0.9999423964678454,RUBIES,UDS,broad-line-agn,robust,individual_robust,taylor24_ceers_rubies_blagn,Table 1 (Sample of BLAGN),The Astrophysical Journal 986:165 (2025); arXiv:2409.06772v2,https://iopscience.iop.org/article/10.3847/1538-4357/add15b,10.3847/1538-4357/add15b,single-epoch-virial-halpha-reines2013,1.0,lrd,0.0,formal_mbh_errors_exclude_virial_systematic;nominal_mass_uncorrected_for_dust,Nominal Table 1 mass and Halpha flux are uncorrected for dust; formal MBH errors exclude the approximately 0.5 dex virial-calibration systematic.,10000,20260808,30.0,0.1,1.0,True,split-normal-in-log-mbh,0.07,0.07,0.07,0.07,symmetric_reported,False,taylor_virial_plus_0p5dex,Taylor virial calibration sensitivity: MBH +0.5 dex,taylor_virial_calibration_sensitivity,taylor24_ceers_rubies_blagn_only,0.5,7.925071677101824,7.971750502635177,8.041046979326824,8.111100375205867,8.156397086515295,seed1e2,2.0,100.0,0.7579797560035174,0.7639512626310301,0.7728161893959888,0.7817779469593313,0.787572643134699,0.0
expanded-blagn-v1,measurement,RUBIESUDS47509_taylor24,RUBIESUDS47509_taylor24,HZA-RUBIES-UDS-47509,RUBIES-UDS-47509,1,RUBIESUDS47509_taylor24,True,only catalogue measurement in this release,5.673,0.9999423964678454,RUBIES,UDS,broad-line-agn,robust,individual_robust,taylor24_ceers_rubies_blagn,Table 1 (Sample of BLAGN),The Astrophysical Journal 986:165 (2025); arXiv:2409.06772v2,https://iopscience.iop.org/article/10.3847/1538-4357/add15b,10.3847/1538-4357/add15b,single-epoch-virial-halpha-reines2013,1.0,lrd,0.0,formal_mbh_errors_exclude_virial_systematic;nominal_mass_uncorrected_for_dust,Nominal Table 1 mass and Halpha flux are uncorrected for dust; formal MBH errors exclude the approximately 0.5 dex virial-calibration systematic.,10000,20260808,30.0,0.1,1.0,True,split-normal-in-log-mbh,0.07,0.07,0.07,0.07,symmetric_reported,False,taylor_virial_plus_0p5dex,Taylor virial calibration sensitivity: MBH +0.5 dex,taylor_virial_calibration_sensitivity,taylor24_ceers_rubies_blagn_only,0.5,7.925071677101824,7.971750502635177,8.041046979326824,8.111100375205867,8.156397086515295,seed1e4,4.0,10000.0,0.5021247056982783,0.5080962123257909,0.5169611390907496,0.5259228966540922,0.53171759282946,0.0
expanded-blagn-v1,measurement,RUBIESUDS47509_taylor24,RUBIESUDS47509_taylor24,HZA-RUBIES-UDS-47509,RUBIES-UDS-47509,1,RUBIESUDS47509_taylor24,True,only catalogue measurement in this release,5.673,0.9999423964678454,RUBIES,UDS,broad-line-agn,robust,individual_robust,taylor24_ceers_rubies_blagn,Table 1 (Sample of BLAGN),The Astrophysical Journal 986:165 (2025); arXiv:2409.06772v2,https://iopscience.iop.org/article/10.3847/1538-4357/add15b,10.3847/1538-4357/add15b,single-epoch-virial-halpha-reines2013,1.0,lrd,0.0,formal_mbh_errors_exclude_virial_systematic;nominal_mass_uncorrected_for_dust,Nominal Table 1 mass and Halpha flux are uncorrected for dust; formal MBH errors exclude the approximately 0.5 dex virial-calibration systematic.,10000,20260808,30.0,0.1,1.0,True,split-normal-in-log-mbh,0.07,0.07,0.07,0.07,symmetric_reported,False,taylor_virial_plus_0p5dex,Taylor virial calibration sensitivity: MBH +0.5 dex,taylor_virial_calibration_sensitivity,taylor24_ceers_rubies_blagn_only,0.5,7.925071677101824,7.971750502635177,8.041046979326824,8.111100375205867,8.156397086515295,seed1e5,5.0,100000.0,0.37419718054565876,0.3801686871731714,0.38903361393813,0.39799537150147263,0.40379006767684045,0.0
expanded-blagn-v1,measurement,RUBIESUDS48507_taylor24,RUBIESUDS48507_taylor24,HZA-RUBIES-UDS-48507,RUBIES-UDS-48507,1,RUBIESUDS48507_taylor24,True,only catalogue measurement in this release,4.468,1.346741054507491,RUBIES,UDS,broad-line-agn,robust,individual_robust,taylor24_ceers_rubies_blagn,Table 1 (Sample of BLAGN),The Astrophysical Journal 986:165 (2025); arXiv:2409.06772v2,https://iopscience.iop.org/article/10.3847/1538-4357/add15b,10.3847/1538-4357/add15b,single-epoch-virial-halpha-reines2013,0.0,non_lrd,0.0,formal_mbh_errors_exclude_virial_systematic;nominal_mass_uncorrected_for_dust,Nominal Table 1 mass and Halpha flux are uncorrected for dust; formal MBH errors exclude the approximately 0.5 dex virial-calibration systematic.,10000,20260808,30.0,0.1,1.0,True,split-normal-in-log-mbh,0.04,0.04,0.04,0.04,symmetric_reported,False,baseline,reported MBH,none,all_sources,0.0,6.364661969646883,6.390383128144982,6.429364906198028,6.469171629931482,6.494421484941316,seed1e2,2.0,100.0,0.4030463627823234,0.4054215339757171,0.40902123172283483,0.4126971075012167,0.41502875707528847,0.0
expanded-blagn-v1,measurement,RUBIESUDS48507_taylor24,RUBIESUDS48507_taylor24,HZA-RUBIES-UDS-48507,RUBIES-UDS-48507,1,RUBIESUDS48507_taylor24,True,only catalogue measurement in this release,4.468,1.346741054507491,RUBIES,UDS,broad-line-agn,robust,individual_robust,taylor24_ceers_rubies_blagn,Table 1 (Sample of BLAGN),The Astrophysical Journal 986:165 (2025); arXiv:2409.06772v2,https://iopscience.iop.org/article/10.3847/1538-4357/add15b,10.3847/1538-4357/add15b,single-epoch-virial-halpha-reines2013,0.0,non_lrd,0.0,formal_mbh_errors_exclude_virial_systematic;nominal_mass_uncorrected_for_dust,Nominal Table 1 mass and Halpha flux are uncorrected for dust; formal MBH errors exclude the approximately 0.5 dex virial-calibration systematic.,10000,20260808,30.0,0.1,1.0,True,split-normal-in-log-mbh,0.04,0.04,0.04,0.04,symmetric_reported,False,baseline,reported MBH,none,all_sources,0.0,6.364661969646883,6.390383128144982,6.429364906198028,6.469171629931482,6.494421484941316,seed1e4,4.0,10000.0,0.2183601875022106,0.2207353586956043,0.22433505644272198,0.22801093222110386,0.2303425817951757,0.0
expanded-blagn-v1,measurement,RUBIESUDS48507_taylor24,RUBIESUDS48507_taylor24,HZA-RUBIES-UDS-48507,RUBIES-UDS-48507,1,RUBIESUDS48507_taylor24,True,only catalogue measurement in this release,4.468,1.346741054507491,RUBIES,UDS,broad-line-agn,robust,individual_robust,taylor24_ceers_rubies_blagn,Table 1 (Sample of BLAGN),The Astrophysical Journal 986:165 (2025); arXiv:2409.06772v2,https://iopscience.iop.org/article/10.3847/1538-4357/add15b,10.3847/1538-4357/add15b,single-epoch-virial-halpha-reines2013,0.0,non_lrd,0.0,formal_mbh_errors_exclude_virial_systematic;nominal_mass_uncorrected_for_dust,Nominal Table 1 mass and Halpha flux are uncorrected for dust; formal MBH errors exclude the approximately 0.5 dex virial-calibration systematic.,10000,20260808,30.0,0.1,1.0,True,split-normal-in-log-mbh,0.04,0.04,0.04,0.04,symmetric_reported,False,baseline,reported MBH,none,all_sources,0.0,6.364661969646883,6.390383128144982,6.429364906198028,6.469171629931482,6.494421484941316,seed1e5,5.0,100000.0,0.12601709986215415,0.12839227105554785,0.13199196880266556,0.13566784458104741,0.13799949415511925,0.0
expanded-blagn-v1,measurement,RUBIESUDS48507_taylor24,RUBIESUDS48507_taylor24,HZA-RUBIES-UDS-48507,RUBIES-UDS-48507,1,RUBIESUDS48507_taylor24,True,only catalogue measurement in this release,4.468,1.346741054507491,RUBIES,UDS,broad-line-agn,robust,individual_robust,taylor24_ceers_rubies_blagn,Table 1 (Sample of BLAGN),The Astrophysical Journal 986:165 (2025); arXiv:2409.06772v2,https://iopscience.iop.org/article/10.3847/1538-4357/add15b,10.3847/1538-4357/add15b,single-epoch-virial-halpha-reines2013,0.0,non_lrd,0.0,formal_mbh_errors_exclude_virial_systematic;nominal_mass_uncorrected_for_dust,Nominal Table 1 mass and Halpha flux are uncorrected for dust; formal MBH errors exclude the approximately 0.5 dex virial-calibration systematic.,10000,20260808,30.0,0.1,1.0,True,split-normal-in-log-mbh,0.04,0.04,0.04,0.04,symmetric_reported,False,mbh_minus_0p3dex,MBH -0.3 dex,global_comparison,all_sources,-0.3,6.064661969646883,6.090383128144982,6.129364906198028,6.1691716299314825,6.194421484941317,seed1e2,2.0,100.0,0.3753434364903065,0.3777186076837002,0.38131830543081796,0.3849941812091998,0.3873258307832716,0.0
expanded-blagn-v1,measurement,RUBIESUDS48507_taylor24,RUBIESUDS48507_taylor24,HZA-RUBIES-UDS-48507,RUBIES-UDS-48507,1,RUBIESUDS48507_taylor24,True,only catalogue measurement in this release,4.468,1.346741054507491,RUBIES,UDS,broad-line-agn,robust,individual_robust,taylor24_ceers_rubies_blagn,Table 1 (Sample of BLAGN),The Astrophysical Journal 986:165 (2025); arXiv:2409.06772v2,https://iopscience.iop.org/article/10.3847/1538-4357/add15b,10.3847/1538-4357/add15b,single-epoch-virial-halpha-reines2013,0.0,non_lrd,0.0,formal_mbh_errors_exclude_virial_systematic;nominal_mass_uncorrected_for_dust,Nominal Table 1 mass and Halpha flux are uncorrected for dust; formal MBH errors exclude the approximately 0.5 dex virial-calibration systematic.,10000,20260808,30.0,0.1,1.0,True,split-normal-in-log-mbh,0.04,0.04,0.04,0.04,symmetric_reported,False,mbh_minus_0p3dex,MBH -0.3 dex,global_comparison,all_sources,-0.3,6.064661969646883,6.090383128144982,6.129364906198028,6.1691716299314825,6.194421484941317,seed1e4,4.0,10000.0,0.19065726121019366,0.19303243240358733,0.19663213015070508,0.20030800592908696,0.20263965550315874,0.0
expanded-blagn-v1,measurement,RUBIESUDS48507_taylor24,RUBIESUDS48507_taylor24,HZA-RUBIES-UDS-48507,RUBIES-UDS-48507,1,RUBIESUDS48507_taylor24,True,only catalogue measurement in this release,4.468,1.346741054507491,RUBIES,UDS,broad-line-agn,robust,individual_robust,taylor24_ceers_rubies_blagn,Table 1 (Sample of BLAGN),The Astrophysical Journal 986:165 (2025); arXiv:2409.06772v2,https://iopscience.iop.org/article/10.3847/1538-4357/add15b,10.3847/1538-4357/add15b,single-epoch-virial-halpha-reines2013,0.0,non_lrd,0.0,formal_mbh_errors_exclude_virial_systematic;nominal_mass_uncorrected_for_dust,Nominal Table 1 mass and Halpha flux are uncorrected for dust; formal MBH errors exclude the approximately 0.5 dex virial-calibration systematic.,10000,20260808,30.0,0.1,1.0,True,split-normal-in-log-mbh,0.04,0.04,0.04,0.04,symmetric_reported,False,mbh_minus_0p3dex,MBH -0.3 dex,global_comparison,all_sources,-0.3,6.064661969646883,6.090383128144982,6.129364906198028,6.1691716299314825,6.194421484941317,seed1e5,5.0,100000.0,0.09831417357013723,0.10068934476353092,0.10428904251064865,0.10796491828903049,0.11029656786310232,0.0
expanded-blagn-v1,measurement,RUBIESUDS48507_taylor24,RUBIESUDS48507_taylor24,HZA-RUBIES-UDS-48507,RUBIES-UDS-48507,1,RUBIESUDS48507_taylor24,True,only catalogue measurement in this release,4.468,1.346741054507491,RUBIES,UDS,broad-line-agn,robust,individual_robust,taylor24_ceers_rubies_blagn,Table 1 (Sample of BLAGN),The Astrophysical Journal 986:165 (2025); arXiv:2409.06772v2,https://iopscience.iop.org/article/10.3847/1538-4357/add15b,10.3847/1538-4357/add15b,single-epoch-virial-halpha-reines2013,0.0,non_lrd,0.0,formal_mbh_errors_exclude_virial_systematic;nominal_mass_uncorrected_for_dust,Nominal Table 1 mass and Halpha flux are uncorrected for dust; formal MBH errors exclude the approximately 0.5 dex virial-calibration systematic.,10000,20260808,30.0,0.1,1.0,True,split-normal-in-log-mbh,0.04,0.04,0.04,0.04,symmetric_reported,False,mbh_plus_0p3dex,MBH +0.3 dex,global_comparison,all_sources,0.3,6.6646619696468825,6.6903831281449815,6.729364906198028,6.769171629931482,6.794421484941316,seed1e2,2.0,100.0,0.43074928907434035,0.4331244602677341,0.43672415801485176,0.44040003379323356,0.44273168336730545,0.0
expanded-blagn-v1,measurement,RUBIESUDS48507_taylor24,RUBIESUDS48507_taylor24,HZA-RUBIES-UDS-48507,RUBIES-UDS-48507,1,RUBIESUDS48507_taylor24,True,only catalogue measurement in this release,4.468,1.346741054507491,RUBIES,UDS,broad-line-agn,robust,individual_robust,taylor24_ceers_rubies_blagn,Table 1 (Sample of BLAGN),The Astrophysical Journal 986:165 (2025); arXiv:2409.06772v2,https://iopscience.iop.org/article/10.3847/1538-4357/add15b,10.3847/1538-4357/add15b,single-epoch-virial-halpha-reines2013,0.0,non_lrd,0.0,formal_mbh_errors_exclude_virial_systematic;nominal_mass_uncorrected_for_dust,Nominal Table 1 mass and Halpha flux are uncorrected for dust; formal MBH errors exclude the approximately 0.5 dex virial-calibration systematic.,10000,20260808,30.0,0.1,1.0,True,split-normal-in-log-mbh,0.04,0.04,0.04,0.04,symmetric_reported,False,mbh_plus_0p3dex,MBH +0.3 dex,global_comparison,all_sources,0.3,6.6646619696468825,6.6903831281449815,6.729364906198028,6.769171629931482,6.794421484941316,seed1e4,4.0,10000.0,0.2460631137942275,0.24843828498762122,0.25203798273473893,0.25571385851312073,0.25804550808719257,0.0
expanded-blagn-v1,measurement,RUBIESUDS48507_taylor24,RUBIESUDS48507_taylor24,HZA-RUBIES-UDS-48507,RUBIES-UDS-48507,1,RUBIESUDS48507_taylor24,True,only catalogue measurement in this release,4.468,1.346741054507491,RUBIES,UDS,broad-line-agn,robust,individual_robust,taylor24_ceers_rubies_blagn,Table 1 (Sample of BLAGN),The Astrophysical Journal 986:165 (2025); arXiv:2409.06772v2,https://iopscience.iop.org/article/10.3847/1538-4357/add15b,10.3847/1538-4357/add15b,single-epoch-virial-halpha-reines2013,0.0,non_lrd,0.0,formal_mbh_errors_exclude_virial_systematic;nominal_mass_uncorrected_for_dust,Nominal Table 1 mass and Halpha flux are uncorrected for dust; formal MBH errors exclude the approximately 0.5 dex virial-calibration systematic.,10000,20260808,30.0,0.1,1.0,True,split-normal-in-log-mbh,0.04,0.04,0.04,0.04,symmetric_reported,False,mbh_plus_0p3dex,MBH +0.3 dex,global_comparison,all_sources,0.3,6.6646619696468825,6.6903831281449815,6.729364906198028,6.769171629931482,6.794421484941316,seed1e5,5.0,100000.0,0.15372002615417105,0.15609519734756477,0.1596948950946825,0.1633707708730643,0.16570242044713618,0.0
expanded-blagn-v1,measurement,RUBIESUDS48507_taylor24,RUBIESUDS48507_taylor24,HZA-RUBIES-UDS-48507,RUBIES-UDS-48507,1,RUBIESUDS48507_taylor24,True,only catalogue measurement in this release,4.468,1.346741054507491,RUBIES,UDS,broad-line-agn,robust,individual_robust,taylor24_ceers_rubies_blagn,Table 1 (Sample of BLAGN),The Astrophysical Journal 986:165 (2025); arXiv:2409.06772v2,https://iopscience.iop.org/article/10.3847/1538-4357/add15b,10.3847/1538-4357/add15b,single-epoch-virial-halpha-reines2013,0.0,non_lrd,0.0,formal_mbh_errors_exclude_virial_systematic;nominal_mass_uncorrected_for_dust,Nominal Table 1 mass and Halpha flux are uncorrected for dust; formal MBH errors exclude the approximately 0.5 dex virial-calibration systematic.,10000,20260808,30.0,0.1,1.0,True,split-normal-in-log-mbh,0.04,0.04,0.04,0.04,symmetric_reported,False,taylor_virial_minus_0p5dex,Taylor virial calibration sensitivity: MBH -0.5 dex,taylor_virial_calibration_sensitivity,taylor24_ceers_rubies_blagn_only,-0.5,5.864661969646883,5.890383128144982,5.929364906198028,5.969171629931482,5.994421484941316,seed1e2,2.0,100.0,0.3568748189622952,0.3592499901556889,0.36284968790280664,0.3665255636811885,0.36885721325526033,0.0
expanded-blagn-v1,measurement,RUBIESUDS48507_taylor24,RUBIESUDS48507_taylor24,HZA-RUBIES-UDS-48507,RUBIES-UDS-48507,1,RUBIESUDS48507_taylor24,True,only catalogue measurement in this release,4.468,1.346741054507491,RUBIES,UDS,broad-line-agn,robust,individual_robust,taylor24_ceers_rubies_blagn,Table 1 (Sample of BLAGN),The Astrophysical Journal 986:165 (2025); arXiv:2409.06772v2,https://iopscience.iop.org/article/10.3847/1538-4357/add15b,10.3847/1538-4357/add15b,single-epoch-virial-halpha-reines2013,0.0,non_lrd,0.0,formal_mbh_errors_exclude_virial_systematic;nominal_mass_uncorrected_for_dust,Nominal Table 1 mass and Halpha flux are uncorrected for dust; formal MBH errors exclude the approximately 0.5 dex virial-calibration systematic.,10000,20260808,30.0,0.1,1.0,True,split-normal-in-log-mbh,0.04,0.04,0.04,0.04,symmetric_reported,False,taylor_virial_minus_0p5dex,Taylor virial calibration sensitivity: MBH -0.5 dex,taylor_virial_calibration_sensitivity,taylor24_ceers_rubies_blagn_only,-0.5,5.864661969646883,5.890383128144982,5.929364906198028,5.969171629931482,5.994421484941316,seed1e4,4.0,10000.0,0.17218864368218234,0.17456381487557604,0.17816351262269378,0.18183938840107564,0.18417103797514747,0.0
expanded-blagn-v1,measurement,RUBIESUDS48507_taylor24,RUBIESUDS48507_taylor24,HZA-RUBIES-UDS-48507,RUBIES-UDS-48507,1,RUBIESUDS48507_taylor24,True,only catalogue measurement in this release,4.468,1.346741054507491,RUBIES,UDS,broad-line-agn,robust,individual_robust,taylor24_ceers_rubies_blagn,Table 1 (Sample of BLAGN),The Astrophysical Journal 986:165 (2025); arXiv:2409.06772v2,https://iopscience.iop.org/article/10.3847/1538-4357/add15b,10.3847/1538-4357/add15b,single-epoch-virial-halpha-reines2013,0.0,non_lrd,0.0,formal_mbh_errors_exclude_virial_systematic;nominal_mass_uncorrected_for_dust,Nominal Table 1 mass and Halpha flux are uncorrected for dust; formal MBH errors exclude the approximately 0.5 dex virial-calibration systematic.,10000,20260808,30.0,0.1,1.0,True,split-normal-in-log-mbh,0.04,0.04,0.04,0.04,symmetric_reported,False,taylor_virial_minus_0p5dex,Taylor virial calibration sensitivity: MBH -0.5 dex,taylor_virial_calibration_sensitivity,taylor24_ceers_rubies_blagn_only,-0.5,5.864661969646883,5.890383128144982,5.929364906198028,5.969171629931482,5.994421484941316,seed1e5,5.0,100000.0,0.07984555604212593,0.08222072723551964,0.08582042498263734,0.08949630076101919,0.09182795033509102,0.0
expanded-blagn-v1,measurement,RUBIESUDS48507_taylor24,RUBIESUDS48507_taylor24,HZA-RUBIES-UDS-48507,RUBIES-UDS-48507,1,RUBIESUDS48507_taylor24,True,only catalogue measurement in this release,4.468,1.346741054507491,RUBIES,UDS,broad-line-agn,robust,individual_robust,taylor24_ceers_rubies_blagn,Table 1 (Sample of BLAGN),The Astrophysical Journal 986:165 (2025); arXiv:2409.06772v2,https://iopscience.iop.org/article/10.3847/1538-4357/add15b,10.3847/1538-4357/add15b,single-epoch-virial-halpha-reines2013,0.0,non_lrd,0.0,formal_mbh_errors_exclude_virial_systematic;nominal_mass_uncorrected_for_dust,Nominal Table 1 mass and Halpha flux are uncorrected for dust; formal MBH errors exclude the approximately 0.5 dex virial-calibration systematic.,10000,20260808,30.0,0.1,1.0,True,split-normal-in-log-mbh,0.04,0.04,0.04,0.04,symmetric_reported,False,taylor_virial_plus_0p5dex,Taylor virial calibration sensitivity: MBH +0.5 dex,taylor_virial_calibration_sensitivity,taylor24_ceers_rubies_blagn_only,0.5,6.864661969646883,6.890383128144982,6.929364906198028,6.969171629931482,6.994421484941316,seed1e2,2.0,100.0,0.44921790660235167,0.45159307779574537,0.4551927755428631,0.4588686513212449,0.4612003008953167,0.0
expanded-blagn-v1,measurement,RUBIESUDS48507_taylor24,RUBIESUDS48507_taylor24,HZA-RUBIES-UDS-48507,RUBIES-UDS-48507,1,RUBIESUDS48507_taylor24,True,only catalogue measurement in this release,4.468,1.346741054507491,RUBIES,UDS,broad-line-agn,robust,individual_robust,taylor24_ceers_rubies_blagn,Table 1 (Sample of BLAGN),The Astrophysical Journal 986:165 (2025); arXiv:2409.06772v2,https://iopscience.iop.org/article/10.3847/1538-4357/add15b,10.3847/1538-4357/add15b,single-epoch-virial-halpha-reines2013,0.0,non_lrd,0.0,formal_mbh_errors_exclude_virial_systematic;nominal_mass_uncorrected_for_dust,Nominal Table 1 mass and Halpha flux are uncorrected for dust; formal MBH errors exclude the approximately 0.5 dex virial-calibration systematic.,10000,20260808,30.0,0.1,1.0,True,split-normal-in-log-mbh,0.04,0.04,0.04,0.04,symmetric_reported,False,taylor_virial_plus_0p5dex,Taylor virial calibration sensitivity: MBH +0.5 dex,taylor_virial_calibration_sensitivity,taylor24_ceers_rubies_blagn_only,0.5,6.864661969646883,6.890383128144982,6.929364906198028,6.969171629931482,6.994421484941316,seed1e4,4.0,10000.0,0.26453173132223873,0.2669069025156325,0.2705066002627502,0.27418247604113205,0.2765141256152039,0.0
expanded-blagn-v1,measurement,RUBIESUDS48507_taylor24,RUBIESUDS48507_taylor24,HZA-RUBIES-UDS-48507,RUBIES-UDS-48507,1,RUBIESUDS48507_taylor24,True,only catalogue measurement in this release,4.468,1.346741054507491,RUBIES,UDS,broad-line-agn,robust,individual_robust,taylor24_ceers_rubies_blagn,Table 1 (Sample of BLAGN),The Astrophysical Journal 986:165 (2025); arXiv:2409.06772v2,https://iopscience.iop.org/article/10.3847/1538-4357/add15b,10.3847/1538-4357/add15b,single-epoch-virial-halpha-reines2013,0.0,non_lrd,0.0,formal_mbh_errors_exclude_virial_systematic;nominal_mass_uncorrected_for_dust,Nominal Table 1 mass and Halpha flux are uncorrected for dust; formal MBH errors exclude the approximately 0.5 dex virial-calibration systematic.,10000,20260808,30.0,0.1,1.0,True,split-normal-in-log-mbh,0.04,0.04,0.04,0.04,symmetric_reported,False,taylor_virial_plus_0p5dex,Taylor virial calibration sensitivity: MBH +0.5 dex,taylor_virial_calibration_sensitivity,taylor24_ceers_rubies_blagn_only,0.5,6.864661969646883,6.890383128144982,6.929364906198028,6.969171629931482,6.994421484941316,seed1e5,5.0,100000.0,0.17218864368218234,0.17456381487557604,0.17816351262269378,0.18183938840107564,0.18417103797514747,0.0
expanded-blagn-v1,measurement,RUBIESUDS63139_taylor24,RUBIESUDS63139_taylor24,HZA-RUBIES-UDS-63139,RUBIES-UDS-63139,1,RUBIESUDS63139_taylor24,True,only catalogue measurement in this release,4.435,1.358970606803421,RUBIES,UDS,broad-line-agn,robust,individual_robust,taylor24_ceers_rubies_blagn,Table 1 (Sample of BLAGN),The Astrophysical Journal 986:165 (2025); arXiv:2409.06772v2,https://iopscience.iop.org/article/10.3847/1538-4357/add15b,10.3847/1538-4357/add15b,single-epoch-virial-halpha-reines2013,0.0,non_lrd,0.0,formal_mbh_errors_exclude_virial_systematic;nominal_mass_uncorrected_for_dust,Nominal Table 1 mass and Halpha flux are uncorrected for dust; formal MBH errors exclude the approximately 0.5 dex virial-calibration systematic.,10000,20260808,30.0,0.1,1.0,True,split-normal-in-log-mbh,0.09,0.09,0.09,0.09,symmetric_reported,False,baseline,reported MBH,none,all_sources,0.0,6.402318533324688,6.460056808623738,6.549325428018806,6.638079418407214,6.697435913340371,seed1e2,2.0,100.0,0.4025747889142493,0.40785472806786477,0.4160179937056412,0.42413419853621864,0.4295621175378814,0.0
expanded-blagn-v1,measurement,RUBIESUDS63139_taylor24,RUBIESUDS63139_taylor24,HZA-RUBIES-UDS-63139,RUBIES-UDS-63139,1,RUBIESUDS63139_taylor24,True,only catalogue measurement in this release,4.435,1.358970606803421,RUBIES,UDS,broad-line-agn,robust,individual_robust,taylor24_ceers_rubies_blagn,Table 1 (Sample of BLAGN),The Astrophysical Journal 986:165 (2025); arXiv:2409.06772v2,https://iopscience.iop.org/article/10.3847/1538-4357/add15b,10.3847/1538-4357/add15b,single-epoch-virial-halpha-reines2013,0.0,non_lrd,0.0,formal_mbh_errors_exclude_virial_systematic;nominal_mass_uncorrected_for_dust,Nominal Table 1 mass and Halpha flux are uncorrected for dust; formal MBH errors exclude the approximately 0.5 dex virial-calibration systematic.,10000,20260808,30.0,0.1,1.0,True,split-normal-in-log-mbh,0.09,0.09,0.09,0.09,symmetric_reported,False,baseline,reported MBH,none,all_sources,0.0,6.402318533324688,6.460056808623738,6.549325428018806,6.638079418407214,6.697435913340371,seed1e4,4.0,10000.0,0.2196826215861302,0.22496256073974571,0.2331258263775221,0.2412420312080996,0.24666995020976237,0.0
expanded-blagn-v1,measurement,RUBIESUDS63139_taylor24,RUBIESUDS63139_taylor24,HZA-RUBIES-UDS-63139,RUBIES-UDS-63139,1,RUBIESUDS63139_taylor24,True,only catalogue measurement in this release,4.435,1.358970606803421,RUBIES,UDS,broad-line-agn,robust,individual_robust,taylor24_ceers_rubies_blagn,Table 1 (Sample of BLAGN),The Astrophysical Journal 986:165 (2025); arXiv:2409.06772v2,https://iopscience.iop.org/article/10.3847/1538-4357/add15b,10.3847/1538-4357/add15b,single-epoch-virial-halpha-reines2013,0.0,non_lrd,0.0,formal_mbh_errors_exclude_virial_systematic;nominal_mass_uncorrected_for_dust,Nominal Table 1 mass and Halpha flux are uncorrected for dust; formal MBH errors exclude the approximately 0.5 dex virial-calibration systematic.,10000,20260808,30.0,0.1,1.0,True,split-normal-in-log-mbh,0.09,0.09,0.09,0.09,symmetric_reported,False,baseline,reported MBH,none,all_sources,0.0,6.402318533324688,6.460056808623738,6.549325428018806,6.638079418407214,6.697435913340371,seed1e5,5.0,100000.0,0.12823653792207065,0.13351647707568617,0.14167974271346256,0.1497959475440401,0.15522386654570283,0.0
expanded-blagn-v1,measurement,RUBIESUDS63139_taylor24,RUBIESUDS63139_taylor24,HZA-RUBIES-UDS-63139,RUBIES-UDS-63139,1,RUBIESUDS63139_taylor24,True,only catalogue measurement in this release,4.435,1.358970606803421,RUBIES,UDS,broad-line-agn,robust,individual_robust,taylor24_ceers_rubies_blagn,Table 1 (Sample of BLAGN),The Astrophysical Journal 986:165 (2025); arXiv:2409.06772v2,https://iopscience.iop.org/article/10.3847/1538-4357/add15b,10.3847/1538-4357/add15b,single-epoch-virial-halpha-reines2013,0.0,non_lrd,0.0,formal_mbh_errors_exclude_virial_systematic;nominal_mass_uncorrected_for_dust,Nominal Table 1 mass and Halpha flux are uncorrected for dust; formal MBH errors exclude the approximately 0.5 dex virial-calibration systematic.,10000,20260808,30.0,0.1,1.0,True,split-normal-in-log-mbh,0.09,0.09,0.09,0.09,symmetric_reported,False,mbh_minus_0p3dex,MBH -0.3 dex,global_comparison,all_sources,-0.3,6.102318533324688,6.160056808623739,6.249325428018806,6.338079418407214,6.397435913340371,seed1e2,2.0,100.0,0.37514096381503137,0.38042090296864695,0.3885841686064233,0.3967003734370008,0.4021282924386636,0.0
expanded-blagn-v1,measurement,RUBIESUDS63139_taylor24,RUBIESUDS63139_taylor24,HZA-RUBIES-UDS-63139,RUBIES-UDS-63139,1,RUBIESUDS63139_taylor24,True,only catalogue measurement in this release,4.435,1.358970606803421,RUBIES,UDS,broad-line-agn,robust,individual_robust,taylor24_ceers_rubies_blagn,Table 1 (Sample of BLAGN),The Astrophysical Journal 986:165 (2025); arXiv:2409.06772v2,https://iopscience.iop.org/article/10.3847/1538-4357/add15b,10.3847/1538-4357/add15b,single-epoch-virial-halpha-reines2013,0.0,non_lrd,0.0,formal_mbh_errors_exclude_virial_systematic;nominal_mass_uncorrected_for_dust,Nominal Table 1 mass and Halpha flux are uncorrected for dust; formal MBH errors exclude the approximately 0.5 dex virial-calibration systematic.,10000,20260808,30.0,0.1,1.0,True,split-normal-in-log-mbh,0.09,0.09,0.09,0.09,symmetric_reported,False,mbh_minus_0p3dex,MBH -0.3 dex,global_comparison,all_sources,-0.3,6.102318533324688,6.160056808623739,6.249325428018806,6.338079418407214,6.397435913340371,seed1e4,4.0,10000.0,0.19224879648691232,0.19752873564052786,0.20569200127830425,0.21380820610888174,0.21923612511054458,0.0
expanded-blagn-v1,measurement,RUBIESUDS63139_taylor24,RUBIESUDS63139_taylor24,HZA-RUBIES-UDS-63139,RUBIES-UDS-63139,1,RUBIESUDS63139_taylor24,True,only catalogue measurement in this release,4.435,1.358970606803421,RUBIES,UDS,broad-line-agn,robust,individual_robust,taylor24_ceers_rubies_blagn,Table 1 (Sample of BLAGN),The Astrophysical Journal 986:165 (2025); arXiv:2409.06772v2,https://iopscience.iop.org/article/10.3847/1538-4357/add15b,10.3847/1538-4357/add15b,single-epoch-virial-halpha-reines2013,0.0,non_lrd,0.0,formal_mbh_errors_exclude_virial_systematic;nominal_mass_uncorrected_for_dust,Nominal Table 1 mass and Halpha flux are uncorrected for dust; formal MBH errors exclude the approximately 0.5 dex virial-calibration systematic.,10000,20260808,30.0,0.1,1.0,True,split-normal-in-log-mbh,0.09,0.09,0.09,0.09,symmetric_reported,False,mbh_minus_0p3dex,MBH -0.3 dex,global_comparison,all_sources,-0.3,6.102318533324688,6.160056808623739,6.249325428018806,6.338079418407214,6.397435913340371,seed1e5,5.0,100000.0,0.10080271282285283,0.10608265197646832,0.11424591761424471,0.12236212244482222,0.127790041446485,0.0
expanded-blagn-v1,measurement,RUBIESUDS63139_taylor24,RUBIESUDS63139_taylor24,HZA-RUBIES-UDS-63139,RUBIES-UDS-63139,1,RUBIESUDS63139_taylor24,True,only catalogue measurement in this release,4.435,1.358970606803421,RUBIES,UDS,broad-line-agn,robust,individual_robust,taylor24_ceers_rubies_blagn,Table 1 (Sample of BLAGN),The Astrophysical Journal 986:165 (2025); arXiv:2409.06772v2,https://iopscience.iop.org/article/10.3847/1538-4357/add15b,10.3847/1538-4357/add15b,single-epoch-virial-halpha-reines2013,0.0,non_lrd,0.0,formal_mbh_errors_exclude_virial_systematic;nominal_mass_uncorrected_for_dust,Nominal Table 1 mass and Halpha flux are uncorrected for dust; formal MBH errors exclude the approximately 0.5 dex virial-calibration systematic.,10000,20260808,30.0,0.1,1.0,True,split-normal-in-log-mbh,0.09,0.09,0.09,0.09,symmetric_reported,False,mbh_plus_0p3dex,MBH +0.3 dex,global_comparison,all_sources,0.3,6.7023185333246875,6.760056808623738,6.849325428018806,6.938079418407214,6.997435913340371,seed1e2,2.0,100.0,0.430008614013467,0.4352885531670826,0.44345181880485895,0.45156802363543647,0.4569959426370993,0.0
expanded-blagn-v1,measurement,RUBIESUDS63139_taylor24,RUBIESUDS63139_taylor24,HZA-RUBIES-UDS-63139,RUBIES-UDS-63139,1,RUBIESUDS63139_taylor24,True,only catalogue measurement in this release,4.435,1.358970606803421,RUBIES,UDS,broad-line-agn,robust,individual_robust,taylor24_ceers_rubies_blagn,Table 1 (Sample of BLAGN),The Astrophysical Journal 986:165 (2025); arXiv:2409.06772v2,https://iopscience.iop.org/article/10.3847/1538-4357/add15b,10.3847/1538-4357/add15b,single-epoch-virial-halpha-reines2013,0.0,non_lrd,0.0,formal_mbh_errors_exclude_virial_systematic;nominal_mass_uncorrected_for_dust,Nominal Table 1 mass and Halpha flux are uncorrected for dust; formal MBH errors exclude the approximately 0.5 dex virial-calibration systematic.,10000,20260808,30.0,0.1,1.0,True,split-normal-in-log-mbh,0.09,0.09,0.09,0.09,symmetric_reported,False,mbh_plus_0p3dex,MBH +0.3 dex,global_comparison,all_sources,0.3,6.7023185333246875,6.760056808623738,6.849325428018806,6.938079418407214,6.997435913340371,seed1e4,4.0,10000.0,0.24711644668534805,0.2523963858389635,0.26055965147673993,0.26867585630731744,0.2741037753089802,0.0
expanded-blagn-v1,measurement,RUBIESUDS63139_taylor24,RUBIESUDS63139_taylor24,HZA-RUBIES-UDS-63139,RUBIES-UDS-63139,1,RUBIESUDS63139_taylor24,True,only catalogue measurement in this release,4.435,1.358970606803421,RUBIES,UDS,broad-line-agn,robust,individual_robust,taylor24_ceers_rubies_blagn,Table 1 (Sample of BLAGN),The Astrophysical Journal 986:165 (2025); arXiv:2409.06772v2,https://iopscience.iop.org/article/10.3847/1538-4357/add15b,10.3847/1538-4357/add15b,single-epoch-virial-halpha-reines2013,0.0,non_lrd,0.0,formal_mbh_errors_exclude_virial_systematic;nominal_mass_uncorrected_for_dust,Nominal Table 1 mass and Halpha flux are uncorrected for dust; formal MBH errors exclude the approximately 0.5 dex virial-calibration systematic.,10000,20260808,30.0,0.1,1.0,True,split-normal-in-log-mbh,0.09,0.09,0.09,0.09,symmetric_reported,False,mbh_plus_0p3dex,MBH +0.3 dex,global_comparison,all_sources,0.3,6.7023185333246875,6.760056808623738,6.849325428018806,6.938079418407214,6.997435913340371,seed1e5,5.0,100000.0,0.1556703630212885,0.16095030217490403,0.1691135678126804,0.17722977264325793,0.18265769164492068,0.0
expanded-blagn-v1,measurement,RUBIESUDS63139_taylor24,RUBIESUDS63139_taylor24,HZA-RUBIES-UDS-63139,RUBIES-UDS-63139,1,RUBIESUDS63139_taylor24,True,only catalogue measurement in this release,4.435,1.358970606803421,RUBIES,UDS,broad-line-agn,robust,individual_robust,taylor24_ceers_rubies_blagn,Table 1 (Sample of BLAGN),The Astrophysical Journal 986:165 (2025); arXiv:2409.06772v2,https://iopscience.iop.org/article/10.3847/1538-4357/add15b,10.3847/1538-4357/add15b,single-epoch-virial-halpha-reines2013,0.0,non_lrd,0.0,formal_mbh_errors_exclude_virial_systematic;nominal_mass_uncorrected_for_dust,Nominal Table 1 mass and Halpha flux are uncorrected for dust; formal MBH errors exclude the approximately 0.5 dex virial-calibration systematic.,10000,20260808,30.0,0.1,1.0,True,split-normal-in-log-mbh,0.09,0.09,0.09,0.09,symmetric_reported,False,taylor_virial_minus_0p5dex,Taylor virial calibration sensitivity: MBH -0.5 dex,taylor_virial_calibration_sensitivity,taylor24_ceers_rubies_blagn_only,-0.5,5.902318533324688,5.960056808623738,6.049325428018806,6.138079418407214,6.197435913340371,seed1e2,2.0,100.0,0.3568517470822195,0.36213168623583497,0.3702949518736114,0.3784111567041889,0.3838390757058517,0.0
expanded-blagn-v1,measurement,RUBIESUDS63139_taylor24,RUBIESUDS63139_taylor24,HZA-RUBIES-UDS-63139,RUBIES-UDS-63139,1,RUBIESUDS63139_taylor24,True,only catalogue measurement in this release,4.435,1.358970606803421,RUBIES,UDS,broad-line-agn,robust,individual_robust,taylor24_ceers_rubies_blagn,Table 1 (Sample of BLAGN),The Astrophysical Journal 986:165 (2025); arXiv:2409.06772v2,https://iopscience.iop.org/article/10.3847/1538-4357/add15b,10.3847/1538-4357/add15b,single-epoch-virial-halpha-reines2013,0.0,non_lrd,0.0,formal_mbh_errors_exclude_virial_systematic;nominal_mass_uncorrected_for_dust,Nominal Table 1 mass and Halpha flux are uncorrected for dust; formal MBH errors exclude the approximately 0.5 dex virial-calibration systematic.,10000,20260808,30.0,0.1,1.0,True,split-normal-in-log-mbh,0.09,0.09,0.09,0.09,symmetric_reported,False,taylor_virial_minus_0p5dex,Taylor virial calibration sensitivity: MBH -0.5 dex,taylor_virial_calibration_sensitivity,taylor24_ceers_rubies_blagn_only,-0.5,5.902318533324688,5.960056808623738,6.049325428018806,6.138079418407214,6.197435913340371,seed1e4,4.0,10000.0,0.17395957975410042,0.17923951890771594,0.1874027845454923,0.19551898937606982,0.2009469083777326,0.0
expanded-blagn-v1,measurement,RUBIESUDS63139_taylor24,RUBIESUDS63139_taylor24,HZA-RUBIES-UDS-63139,RUBIES-UDS-63139,1,RUBIESUDS63139_taylor24,True,only catalogue measurement in this release,4.435,1.358970606803421,RUBIES,UDS,broad-line-agn,robust,individual_robust,taylor24_ceers_rubies_blagn,Table 1 (Sample of BLAGN),The Astrophysical Journal 986:165 (2025); arXiv:2409.06772v2,https://iopscience.iop.org/article/10.3847/1538-4357/add15b,10.3847/1538-4357/add15b,single-epoch-virial-halpha-reines2013,0.0,non_lrd,0.0,formal_mbh_errors_exclude_virial_systematic;nominal_mass_uncorrected_for_dust,Nominal Table 1 mass and Halpha flux are uncorrected for dust; formal MBH errors exclude the approximately 0.5 dex virial-calibration systematic.,10000,20260808,30.0,0.1,1.0,True,split-normal-in-log-mbh,0.09,0.09,0.09,0.09,symmetric_reported,False,taylor_virial_minus_0p5dex,Taylor virial calibration sensitivity: MBH -0.5 dex,taylor_virial_calibration_sensitivity,taylor24_ceers_rubies_blagn_only,-0.5,5.902318533324688,5.960056808623738,6.049325428018806,6.138079418407214,6.197435913340371,seed1e5,5.0,100000.0,0.0825134960900409,0.08779343524365642,0.0959567008814328,0.10407290571201033,0.10950082471367306,0.0
expanded-blagn-v1,measurement,RUBIESUDS63139_taylor24,RUBIESUDS63139_taylor24,HZA-RUBIES-UDS-63139,RUBIES-UDS-63139,1,RUBIESUDS63139_taylor24,True,only catalogue measurement in this release,4.435,1.358970606803421,RUBIES,UDS,broad-line-agn,robust,individual_robust,taylor24_ceers_rubies_blagn,Table 1 (Sample of BLAGN),The Astrophysical Journal 986:165 (2025); arXiv:2409.06772v2,https://iopscience.iop.org/article/10.3847/1538-4357/add15b,10.3847/1538-4357/add15b,single-epoch-virial-halpha-reines2013,0.0,non_lrd,0.0,formal_mbh_errors_exclude_virial_systematic;nominal_mass_uncorrected_for_dust,Nominal Table 1 mass and Halpha flux are uncorrected for dust; formal MBH errors exclude the approximately 0.5 dex virial-calibration systematic.,10000,20260808,30.0,0.1,1.0,True,split-normal-in-log-mbh,0.09,0.09,0.09,0.09,symmetric_reported,False,taylor_virial_plus_0p5dex,Taylor virial calibration sensitivity: MBH +0.5 dex,taylor_virial_calibration_sensitivity,taylor24_ceers_rubies_blagn_only,0.5,6.902318533324688,6.960056808623738,7.049325428018806,7.138079418407214,7.197435913340371,seed1e2,2.0,100.0,0.44829783074627905,0.4535777698998945,0.4617410355376709,0.46985724036824833,0.47528515936991117,0.0
expanded-blagn-v1,measurement,RUBIESUDS63139_taylor24,RUBIESUDS63139_taylor24,HZA-RUBIES-UDS-63139,RUBIES-UDS-63139,1,RUBIESUDS63139_taylor24,True,only catalogue measurement in this release,4.435,1.358970606803421,RUBIES,UDS,broad-line-agn,robust,individual_robust,taylor24_ceers_rubies_blagn,Table 1 (Sample of BLAGN),The Astrophysical Journal 986:165 (2025); arXiv:2409.06772v2,https://iopscience.iop.org/article/10.3847/1538-4357/add15b,10.3847/1538-4357/add15b,single-epoch-virial-halpha-reines2013,0.0,non_lrd,0.0,formal_mbh_errors_exclude_virial_systematic;nominal_mass_uncorrected_for_dust,Nominal Table 1 mass and Halpha flux are uncorrected for dust; formal MBH errors exclude the approximately 0.5 dex virial-calibration systematic.,10000,20260808,30.0,0.1,1.0,True,split-normal-in-log-mbh,0.09,0.09,0.09,0.09,symmetric_reported,False,taylor_virial_plus_0p5dex,Taylor virial calibration sensitivity: MBH +0.5 dex,taylor_virial_calibration_sensitivity,taylor24_ceers_rubies_blagn_only,0.5,6.902318533324688,6.960056808623738,7.049325428018806,7.138079418407214,7.197435913340371,seed1e4,4.0,10000.0,0.26540566341815996,0.2706856025717755,0.27884886820955185,0.28696507304012936,0.29239299204179214,0.0
expanded-blagn-v1,measurement,RUBIESUDS63139_taylor24,RUBIESUDS63139_taylor24,HZA-RUBIES-UDS-63139,RUBIES-UDS-63139,1,RUBIESUDS63139_taylor24,True,only catalogue measurement in this release,4.435,1.358970606803421,RUBIES,UDS,broad-line-agn,robust,individual_robust,taylor24_ceers_rubies_blagn,Table 1 (Sample of BLAGN),The Astrophysical Journal 986:165 (2025); arXiv:2409.06772v2,https://iopscience.iop.org/article/10.3847/1538-4357/add15b,10.3847/1538-4357/add15b,single-epoch-virial-halpha-reines2013,0.0,non_lrd,0.0,formal_mbh_errors_exclude_virial_systematic;nominal_mass_uncorrected_for_dust,Nominal Table 1 mass and Halpha flux are uncorrected for dust; formal MBH errors exclude the approximately 0.5 dex virial-calibration systematic.,10000,20260808,30.0,0.1,1.0,True,split-normal-in-log-mbh,0.09,0.09,0.09,0.09,symmetric_reported,False,taylor_virial_plus_0p5dex,Taylor virial calibration sensitivity: MBH +0.5 dex,taylor_virial_calibration_sensitivity,taylor24_ceers_rubies_blagn_only,0.5,6.902318533324688,6.960056808623738,7.049325428018806,7.138079418407214,7.197435913340371,seed1e5,5.0,100000.0,0.17395957975410042,0.17923951890771594,0.1874027845454923,0.19551898937606982,0.2009469083777326,0.0
expanded-blagn-v1,measurement,RUBIESUDS807469_taylor24,RUBIESUDS807469_taylor24,HZA-RUBIES-UDS-807469,RUBIES-UDS-807469,1,RUBIESUDS807469_taylor24,True,only catalogue measurement in this release,6.778,0.7949670440338809,RUBIES,UDS,broad-line-agn,robust,individual_robust,taylor24_ceers_rubies_blagn,Table 1 (Sample of BLAGN),The Astrophysical Journal 986:165 (2025); arXiv:2409.06772v2,https://iopscience.iop.org/article/10.3847/1538-4357/add15b,10.3847/1538-4357/add15b,single-epoch-virial-halpha-reines2013,0.0,non_lrd,0.0,formal_mbh_errors_exclude_virial_systematic;nominal_mass_uncorrected_for_dust,Nominal Table 1 mass and Halpha flux are uncorrected for dust; formal MBH errors exclude the approximately 0.5 dex virial-calibration systematic.,10000,20260808,30.0,0.1,1.0,True,split-normal-in-log-mbh,0.13,0.11,0.13,0.11,asymmetric,False,baseline,reported MBH,none,all_sources,0.0,7.251579127114578,7.3201210829162555,7.429375721027254,7.555831093337823,7.642972740629982,seed1e2,2.0,100.0,0.8699661481302263,0.8813206721373436,0.8994195780820415,0.9203679234266626,0.9348036353147429,0.0
expanded-blagn-v1,measurement,RUBIESUDS807469_taylor24,RUBIESUDS807469_taylor24,HZA-RUBIES-UDS-807469,RUBIES-UDS-807469,1,RUBIESUDS807469_taylor24,True,only catalogue measurement in this release,6.778,0.7949670440338809,RUBIES,UDS,broad-line-agn,robust,individual_robust,taylor24_ceers_rubies_blagn,Table 1 (Sample of BLAGN),The Astrophysical Journal 986:165 (2025); arXiv:2409.06772v2,https://iopscience.iop.org/article/10.3847/1538-4357/add15b,10.3847/1538-4357/add15b,single-epoch-virial-halpha-reines2013,0.0,non_lrd,0.0,formal_mbh_errors_exclude_virial_systematic;nominal_mass_uncorrected_for_dust,Nominal Table 1 mass and Halpha flux are uncorrected for dust; formal MBH errors exclude the approximately 0.5 dex virial-calibration systematic.,10000,20260808,30.0,0.1,1.0,True,split-normal-in-log-mbh,0.13,0.11,0.13,0.11,asymmetric,False,baseline,reported MBH,none,all_sources,0.0,7.251579127114578,7.3201210829162555,7.429375721027254,7.555831093337823,7.642972740629982,seed1e4,4.0,10000.0,0.5386501279112871,0.5500046519184042,0.5681035578631024,0.5890519032077235,0.6034876150958037,0.0
expanded-blagn-v1,measurement,RUBIESUDS807469_taylor24,RUBIESUDS807469_taylor24,HZA-RUBIES-UDS-807469,RUBIES-UDS-807469,1,RUBIESUDS807469_taylor24,True,only catalogue measurement in this release,6.778,0.7949670440338809,RUBIES,UDS,broad-line-agn,robust,individual_robust,taylor24_ceers_rubies_blagn,Table 1 (Sample of BLAGN),The Astrophysical Journal 986:165 (2025); arXiv:2409.06772v2,https://iopscience.iop.org/article/10.3847/1538-4357/add15b,10.3847/1538-4357/add15b,single-epoch-virial-halpha-reines2013,0.0,non_lrd,0.0,formal_mbh_errors_exclude_virial_systematic;nominal_mass_uncorrected_for_dust,Nominal Table 1 mass and Halpha flux are uncorrected for dust; formal MBH errors exclude the approximately 0.5 dex virial-calibration systematic.,10000,20260808,30.0,0.1,1.0,True,split-normal-in-log-mbh,0.13,0.11,0.13,0.11,asymmetric,False,baseline,reported MBH,none,all_sources,0.0,7.251579127114578,7.3201210829162555,7.429375721027254,7.555831093337823,7.642972740629982,seed1e5,5.0,100000.0,0.37299211780181746,0.3843466418089347,0.40244554775363284,0.4233938930982539,0.4378296049863342,0.0
expanded-blagn-v1,measurement,RUBIESUDS807469_taylor24,RUBIESUDS807469_taylor24,HZA-RUBIES-UDS-807469,RUBIES-UDS-807469,1,RUBIESUDS807469_taylor24,True,only catalogue measurement in this release,6.778,0.7949670440338809,RUBIES,UDS,broad-line-agn,robust,individual_robust,taylor24_ceers_rubies_blagn,Table 1 (Sample of BLAGN),The Astrophysical Journal 986:165 (2025); arXiv:2409.06772v2,https://iopscience.iop.org/article/10.3847/1538-4357/add15b,10.3847/1538-4357/add15b,single-epoch-virial-halpha-reines2013,0.0,non_lrd,0.0,formal_mbh_errors_exclude_virial_systematic;nominal_mass_uncorrected_for_dust,Nominal Table 1 mass and Halpha flux are uncorrected for dust; formal MBH errors exclude the approximately 0.5 dex virial-calibration systematic.,10000,20260808,30.0,0.1,1.0,True,split-normal-in-log-mbh,0.13,0.11,0.13,0.11,asymmetric,False,mbh_minus_0p3dex,MBH -0.3 dex,global_comparison,all_sources,-0.3,6.951579127114578,7.020121082916256,7.1293757210272535,7.255831093337823,7.342972740629982,seed1e2,2.0,100.0,0.8202687450973855,0.8316232691045025,0.8497221750492008,0.8706705203938218,0.885106232281902,0.0
expanded-blagn-v1,measurement,RUBIESUDS807469_taylor24,RUBIESUDS807469_taylor24,HZA-RUBIES-UDS-807469,RUBIES-UDS-807469,1,RUBIESUDS807469_taylor24,True,only catalogue measurement in this release,6.778,0.7949670440338809,RUBIES,UDS,broad-line-agn,robust,individual_robust,taylor24_ceers_rubies_blagn,Table 1 (Sample of BLAGN),The Astrophysical Journal 986:165 (2025); arXiv:2409.06772v2,https://iopscience.iop.org/article/10.3847/1538-4357/add15b,10.3847/1538-4357/add15b,single-epoch-virial-halpha-reines2013,0.0,non_lrd,0.0,formal_mbh_errors_exclude_virial_systematic;nominal_mass_uncorrected_for_dust,Nominal Table 1 mass and Halpha flux are uncorrected for dust; formal MBH errors exclude the approximately 0.5 dex virial-calibration systematic.,10000,20260808,30.0,0.1,1.0,True,split-normal-in-log-mbh,0.13,0.11,0.13,0.11,asymmetric,False,mbh_minus_0p3dex,MBH -0.3 dex,global_comparison,all_sources,-0.3,6.951579127114578,7.020121082916256,7.1293757210272535,7.255831093337823,7.342972740629982,seed1e4,4.0,10000.0,0.4889527248784464,0.5003072488855634,0.5184061548302616,0.5393545001748827,0.5537902120629629,0.0
expanded-blagn-v1,measurement,RUBIESUDS807469_taylor24,RUBIESUDS807469_taylor24,HZA-RUBIES-UDS-807469,RUBIES-UDS-807469,1,RUBIESUDS807469_taylor24,True,only catalogue measurement in this release,6.778,0.7949670440338809,RUBIES,UDS,broad-line-agn,robust,individual_robust,taylor24_ceers_rubies_blagn,Table 1 (Sample of BLAGN),The Astrophysical Journal 986:165 (2025); arXiv:2409.06772v2,https://iopscience.iop.org/article/10.3847/1538-4357/add15b,10.3847/1538-4357/add15b,single-epoch-virial-halpha-reines2013,0.0,non_lrd,0.0,formal_mbh_errors_exclude_virial_systematic;nominal_mass_uncorrected_for_dust,Nominal Table 1 mass and Halpha flux are uncorrected for dust; formal MBH errors exclude the approximately 0.5 dex virial-calibration systematic.,10000,20260808,30.0,0.1,1.0,True,split-normal-in-log-mbh,0.13,0.11,0.13,0.11,asymmetric,False,mbh_minus_0p3dex,MBH -0.3 dex,global_comparison,all_sources,-0.3,6.951579127114578,7.020121082916256,7.1293757210272535,7.255831093337823,7.342972740629982,seed1e5,5.0,100000.0,0.3232947147689767,0.3346492387760938,0.35274814472079197,0.3736964900654131,0.3881322019534933,0.0
expanded-blagn-v1,measurement,RUBIESUDS807469_taylor24,RUBIESUDS807469_taylor24,HZA-RUBIES-UDS-807469,RUBIES-UDS-807469,1,RUBIESUDS807469_taylor24,True,only catalogue measurement in this release,6.778,0.7949670440338809,RUBIES,UDS,broad-line-agn,robust,individual_robust,taylor24_ceers_rubies_blagn,Table 1 (Sample of BLAGN),The Astrophysical Journal 986:165 (2025); arXiv:2409.06772v2,https://iopscience.iop.org/article/10.3847/1538-4357/add15b,10.3847/1538-4357/add15b,single-epoch-virial-halpha-reines2013,0.0,non_lrd,0.0,formal_mbh_errors_exclude_virial_systematic;nominal_mass_uncorrected_for_dust,Nominal Table 1 mass and Halpha flux are uncorrected for dust; formal MBH errors exclude the approximately 0.5 dex virial-calibration systematic.,10000,20260808,30.0,0.1,1.0,True,split-normal-in-log-mbh,0.13,0.11,0.13,0.11,asymmetric,False,mbh_plus_0p3dex,MBH +0.3 dex,global_comparison,all_sources,0.3,7.551579127114578,7.620121082916255,7.729375721027253,7.855831093337823,7.9429727406299815,seed1e2,2.0,100.0,0.9196635511630671,0.9310180751701843,0.9491169811148825,0.9700653264595036,0.9845010383475838,0.0091
expanded-blagn-v1,measurement,RUBIESUDS807469_taylor24,RUBIESUDS807469_taylor24,HZA-RUBIES-UDS-807469,RUBIES-UDS-807469,1,RUBIESUDS807469_taylor24,True,only catalogue measurement in this release,6.778,0.7949670440338809,RUBIES,UDS,broad-line-agn,robust,individual_robust,taylor24_ceers_rubies_blagn,Table 1 (Sample of BLAGN),The Astrophysical Journal 986:165 (2025); arXiv:2409.06772v2,https://iopscience.iop.org/article/10.3847/1538-4357/add15b,10.3847/1538-4357/add15b,single-epoch-virial-halpha-reines2013,0.0,non_lrd,0.0,formal_mbh_errors_exclude_virial_systematic;nominal_mass_uncorrected_for_dust,Nominal Table 1 mass and Halpha flux are uncorrected for dust; formal MBH errors exclude the approximately 0.5 dex virial-calibration systematic.,10000,20260808,30.0,0.1,1.0,True,split-normal-in-log-mbh,0.13,0.11,0.13,0.11,asymmetric,False,mbh_plus_0p3dex,MBH +0.3 dex,global_comparison,all_sources,0.3,7.551579127114578,7.620121082916255,7.729375721027253,7.855831093337823,7.9429727406299815,seed1e4,4.0,10000.0,0.588347530944128,0.5997020549512451,0.6178009608959433,0.6387493062405644,0.6531850181286446,0.0
expanded-blagn-v1,measurement,RUBIESUDS807469_taylor24,RUBIESUDS807469_taylor24,HZA-RUBIES-UDS-807469,RUBIES-UDS-807469,1,RUBIESUDS807469_taylor24,True,only catalogue measurement in this release,6.778,0.7949670440338809,RUBIES,UDS,broad-line-agn,robust,individual_robust,taylor24_ceers_rubies_blagn,Table 1 (Sample of BLAGN),The Astrophysical Journal 986:165 (2025); arXiv:2409.06772v2,https://iopscience.iop.org/article/10.3847/1538-4357/add15b,10.3847/1538-4357/add15b,single-epoch-virial-halpha-reines2013,0.0,non_lrd,0.0,formal_mbh_errors_exclude_virial_systematic;nominal_mass_uncorrected_for_dust,Nominal Table 1 mass and Halpha flux are uncorrected for dust; formal MBH errors exclude the approximately 0.5 dex virial-calibration systematic.,10000,20260808,30.0,0.1,1.0,True,split-normal-in-log-mbh,0.13,0.11,0.13,0.11,asymmetric,False,mbh_plus_0p3dex,MBH +0.3 dex,global_comparison,all_sources,0.3,7.551579127114578,7.620121082916255,7.729375721027253,7.855831093337823,7.9429727406299815,seed1e5,5.0,100000.0,0.4226895208346583,0.4340440448417755,0.4521429507864737,0.47309129613109474,0.48752700801917503,0.0
expanded-blagn-v1,measurement,RUBIESUDS807469_taylor24,RUBIESUDS807469_taylor24,HZA-RUBIES-UDS-807469,RUBIES-UDS-807469,1,RUBIESUDS807469_taylor24,True,only catalogue measurement in this release,6.778,0.7949670440338809,RUBIES,UDS,broad-line-agn,robust,individual_robust,taylor24_ceers_rubies_blagn,Table 1 (Sample of BLAGN),The Astrophysical Journal 986:165 (2025); arXiv:2409.06772v2,https://iopscience.iop.org/article/10.3847/1538-4357/add15b,10.3847/1538-4357/add15b,single-epoch-virial-halpha-reines2013,0.0,non_lrd,0.0,formal_mbh_errors_exclude_virial_systematic;nominal_mass_uncorrected_for_dust,Nominal Table 1 mass and Halpha flux are uncorrected for dust; formal MBH errors exclude the approximately 0.5 dex virial-calibration systematic.,10000,20260808,30.0,0.1,1.0,True,split-normal-in-log-mbh,0.13,0.11,0.13,0.11,asymmetric,False,taylor_virial_minus_0p5dex,Taylor virial calibration sensitivity: MBH -0.5 dex,taylor_virial_calibration_sensitivity,taylor24_ceers_rubies_blagn_only,-0.5,6.751579127114578,6.8201210829162555,6.929375721027254,7.055831093337823,7.142972740629982,seed1e2,2.0,100.0,0.7871371430754914,0.7984916670826085,0.8165905730273069,0.8375389183719278,0.8519746302600081,0.0
expanded-blagn-v1,measurement,RUBIESUDS807469_taylor24,RUBIESUDS807469_taylor24,HZA-RUBIES-UDS-807469,RUBIES-UDS-807469,1,RUBIESUDS807469_taylor24,True,only catalogue measurement in this release,6.778,0.7949670440338809,RUBIES,UDS,broad-line-agn,robust,individual_robust,taylor24_ceers_rubies_blagn,Table 1 (Sample of BLAGN),The Astrophysical Journal 986:165 (2025); arXiv:2409.06772v2,https://iopscience.iop.org/article/10.3847/1538-4357/add15b,10.3847/1538-4357/add15b,single-epoch-virial-halpha-reines2013,0.0,non_lrd,0.0,formal_mbh_errors_exclude_virial_systematic;nominal_mass_uncorrected_for_dust,Nominal Table 1 mass and Halpha flux are uncorrected for dust; formal MBH errors exclude the approximately 0.5 dex virial-calibration systematic.,10000,20260808,30.0,0.1,1.0,True,split-normal-in-log-mbh,0.13,0.11,0.13,0.11,asymmetric,False,taylor_virial_minus_0p5dex,Taylor virial calibration sensitivity: MBH -0.5 dex,taylor_virial_calibration_sensitivity,taylor24_ceers_rubies_blagn_only,-0.5,6.751579127114578,6.8201210829162555,6.929375721027254,7.055831093337823,7.142972740629982,seed1e4,4.0,10000.0,0.4558211228565523,0.46717564686366947,0.4852745528083676,0.5062228981529887,0.520658610041069,0.0
expanded-blagn-v1,measurement,RUBIESUDS807469_taylor24,RUBIESUDS807469_taylor24,HZA-RUBIES-UDS-807469,RUBIES-UDS-807469,1,RUBIESUDS807469_taylor24,True,only catalogue measurement in this release,6.778,0.7949670440338809,RUBIES,UDS,broad-line-agn,robust,individual_robust,taylor24_ceers_rubies_blagn,Table 1 (Sample of BLAGN),The Astrophysical Journal 986:165 (2025); arXiv:2409.06772v2,https://iopscience.iop.org/article/10.3847/1538-4357/add15b,10.3847/1538-4357/add15b,single-epoch-virial-halpha-reines2013,0.0,non_lrd,0.0,formal_mbh_errors_exclude_virial_systematic;nominal_mass_uncorrected_for_dust,Nominal Table 1 mass and Halpha flux are uncorrected for dust; formal MBH errors exclude the approximately 0.5 dex virial-calibration systematic.,10000,20260808,30.0,0.1,1.0,True,split-normal-in-log-mbh,0.13,0.11,0.13,0.11,asymmetric,False,taylor_virial_minus_0p5dex,Taylor virial calibration sensitivity: MBH -0.5 dex,taylor_virial_calibration_sensitivity,taylor24_ceers_rubies_blagn_only,-0.5,6.751579127114578,6.8201210829162555,6.929375721027254,7.055831093337823,7.142972740629982,seed1e5,5.0,100000.0,0.29016311274708273,0.30151763675419985,0.31961654269889794,0.3405648880435191,0.3550005999315994,0.0
expanded-blagn-v1,measurement,RUBIESUDS807469_taylor24,RUBIESUDS807469_taylor24,HZA-RUBIES-UDS-807469,RUBIES-UDS-807469,1,RUBIESUDS807469_taylor24,True,only catalogue measurement in this release,6.778,0.7949670440338809,RUBIES,UDS,broad-line-agn,robust,individual_robust,taylor24_ceers_rubies_blagn,Table 1 (Sample of BLAGN),The Astrophysical Journal 986:165 (2025); arXiv:2409.06772v2,https://iopscience.iop.org/article/10.3847/1538-4357/add15b,10.3847/1538-4357/add15b,single-epoch-virial-halpha-reines2013,0.0,non_lrd,0.0,formal_mbh_errors_exclude_virial_systematic;nominal_mass_uncorrected_for_dust,Nominal Table 1 mass and Halpha flux are uncorrected for dust; formal MBH errors exclude the approximately 0.5 dex virial-calibration systematic.,10000,20260808,30.0,0.1,1.0,True,split-normal-in-log-mbh,0.13,0.11,0.13,0.11,asymmetric,False,taylor_virial_plus_0p5dex,Taylor virial calibration sensitivity: MBH +0.5 dex,taylor_virial_calibration_sensitivity,taylor24_ceers_rubies_blagn_only,0.5,7.751579127114578,7.8201210829162555,7.929375721027254,8.055831093337822,8.142972740629983,seed1e2,2.0,100.0,0.952795153184961,0.9641496771920782,0.9822485831367764,1.0031969284813973,1.017632640369478,0.2013
expanded-blagn-v1,measurement,RUBIESUDS807469_taylor24,RUBIESUDS807469_taylor24,HZA-RUBIES-UDS-807469,RUBIES-UDS-807469,1,RUBIESUDS807469_taylor24,True,only catalogue measurement in this release,6.778,0.7949670440338809,RUBIES,UDS,broad-line-agn,robust,individual_robust,taylor24_ceers_rubies_blagn,Table 1 (Sample of BLAGN),The Astrophysical Journal 986:165 (2025); arXiv:2409.06772v2,https://iopscience.iop.org/article/10.3847/1538-4357/add15b,10.3847/1538-4357/add15b,single-epoch-virial-halpha-reines2013,0.0,non_lrd,0.0,formal_mbh_errors_exclude_virial_systematic;nominal_mass_uncorrected_for_dust,Nominal Table 1 mass and Halpha flux are uncorrected for dust; formal MBH errors exclude the approximately 0.5 dex virial-calibration systematic.,10000,20260808,30.0,0.1,1.0,True,split-normal-in-log-mbh,0.13,0.11,0.13,0.11,asymmetric,False,taylor_virial_plus_0p5dex,Taylor virial calibration sensitivity: MBH +0.5 dex,taylor_virial_calibration_sensitivity,taylor24_ceers_rubies_blagn_only,0.5,7.751579127114578,7.8201210829162555,7.929375721027254,8.055831093337822,8.142972740629983,seed1e4,4.0,10000.0,0.621479132966022,0.632833656973139,0.6509325629178373,0.6718809082624582,0.6863166201505386,0.0
expanded-blagn-v1,measurement,RUBIESUDS807469_taylor24,RUBIESUDS807469_taylor24,HZA-RUBIES-UDS-807469,RUBIES-UDS-807469,1,RUBIESUDS807469_taylor24,True,only catalogue measurement in this release,6.778,0.7949670440338809,RUBIES,UDS,broad-line-agn,robust,individual_robust,taylor24_ceers_rubies_blagn,Table 1 (Sample of BLAGN),The Astrophysical Journal 986:165 (2025); arXiv:2409.06772v2,https://iopscience.iop.org/article/10.3847/1538-4357/add15b,10.3847/1538-4357/add15b,single-epoch-virial-halpha-reines2013,0.0,non_lrd,0.0,formal_mbh_errors_exclude_virial_systematic;nominal_mass_uncorrected_for_dust,Nominal Table 1 mass and Halpha flux are uncorrected for dust; formal MBH errors exclude the approximately 0.5 dex virial-calibration systematic.,10000,20260808,30.0,0.1,1.0,True,split-normal-in-log-mbh,0.13,0.11,0.13,0.11,asymmetric,False,taylor_virial_plus_0p5dex,Taylor virial calibration sensitivity: MBH +0.5 dex,taylor_virial_calibration_sensitivity,taylor24_ceers_rubies_blagn_only,0.5,7.751579127114578,7.8201210829162555,7.929375721027254,8.055831093337822,8.142972740629983,seed1e5,5.0,100000.0,0.4558211228565523,0.46717564686366947,0.4852745528083676,0.5062228981529886,0.5206586100410691,0.0
expanded-blagn-v1,measurement,RUBIESUDS970351_taylor24,RUBIESUDS970351_taylor24,HZA-RUBIES-UDS-970351,RUBIES-UDS-970351,1,RUBIESUDS970351_taylor24,True,only catalogue measurement in this release,5.282,1.0944733515566631,RUBIES,UDS,broad-line-agn,robust,individual_robust,taylor24_ceers_rubies_blagn,Table 1 (Sample of BLAGN),The Astrophysical Journal 986:165 (2025); arXiv:2409.06772v2,https://iopscience.iop.org/article/10.3847/1538-4357/add15b,10.3847/1538-4357/add15b,single-epoch-virial-halpha-reines2013,1.0,lrd,0.0,formal_mbh_errors_exclude_virial_systematic;nominal_mass_uncorrected_for_dust,Nominal Table 1 mass and Halpha flux are uncorrected for dust; formal MBH errors exclude the approximately 0.5 dex virial-calibration systematic.,10000,20260808,30.0,0.1,1.0,True,split-normal-in-log-mbh,0.17,0.17,0.17,0.17,symmetric_reported,False,baseline,reported MBH,none,all_sources,0.0,6.8286973750734665,6.939982933110211,7.108161641490308,7.2780238349988995,7.393231165894468,seed1e2,2.0,100.0,0.5590056688130581,0.5718889068723946,0.5913585161801642,0.6110230181592053,0.6243602696075766,0.0
expanded-blagn-v1,measurement,RUBIESUDS970351_taylor24,RUBIESUDS970351_taylor24,HZA-RUBIES-UDS-970351,RUBIES-UDS-970351,1,RUBIESUDS970351_taylor24,True,only catalogue measurement in this release,5.282,1.0944733515566631,RUBIES,UDS,broad-line-agn,robust,individual_robust,taylor24_ceers_rubies_blagn,Table 1 (Sample of BLAGN),The Astrophysical Journal 986:165 (2025); arXiv:2409.06772v2,https://iopscience.iop.org/article/10.3847/1538-4357/add15b,10.3847/1538-4357/add15b,single-epoch-virial-halpha-reines2013,1.0,lrd,0.0,formal_mbh_errors_exclude_virial_systematic;nominal_mass_uncorrected_for_dust,Nominal Table 1 mass and Halpha flux are uncorrected for dust; formal MBH errors exclude the approximately 0.5 dex virial-calibration systematic.,10000,20260808,30.0,0.1,1.0,True,split-normal-in-log-mbh,0.17,0.17,0.17,0.17,symmetric_reported,False,baseline,reported MBH,none,all_sources,0.0,6.8286973750734665,6.939982933110211,7.108161641490308,7.2780238349988995,7.393231165894468,seed1e4,4.0,10000.0,0.3274708985047188,0.34035413656405533,0.35982374587182475,0.37948824785086593,0.3928254992992372,0.0
expanded-blagn-v1,measurement,RUBIESUDS970351_taylor24,RUBIESUDS970351_taylor24,HZA-RUBIES-UDS-970351,RUBIES-UDS-970351,1,RUBIESUDS970351_taylor24,True,only catalogue measurement in this release,5.282,1.0944733515566631,RUBIES,UDS,broad-line-agn,robust,individual_robust,taylor24_ceers_rubies_blagn,Table 1 (Sample of BLAGN),The Astrophysical Journal 986:165 (2025); arXiv:2409.06772v2,https://iopscience.iop.org/article/10.3847/1538-4357/add15b,10.3847/1538-4357/add15b,single-epoch-virial-halpha-reines2013,1.0,lrd,0.0,formal_mbh_errors_exclude_virial_systematic;nominal_mass_uncorrected_for_dust,Nominal Table 1 mass and Halpha flux are uncorrected for dust; formal MBH errors exclude the approximately 0.5 dex virial-calibration systematic.,10000,20260808,30.0,0.1,1.0,True,split-normal-in-log-mbh,0.17,0.17,0.17,0.17,symmetric_reported,False,baseline,reported MBH,none,all_sources,0.0,6.8286973750734665,6.939982933110211,7.108161641490308,7.2780238349988995,7.393231165894468,seed1e5,5.0,100000.0,0.2117035133505491,0.22458675140988563,0.24405636071765507,0.26372086269669626,0.27705811414506754,0.0
expanded-blagn-v1,measurement,RUBIESUDS970351_taylor24,RUBIESUDS970351_taylor24,HZA-RUBIES-UDS-970351,RUBIES-UDS-970351,1,RUBIESUDS970351_taylor24,True,only catalogue measurement in this release,5.282,1.0944733515566631,RUBIES,UDS,broad-line-agn,robust,individual_robust,taylor24_ceers_rubies_blagn,Table 1 (Sample of BLAGN),The Astrophysical Journal 986:165 (2025); arXiv:2409.06772v2,https://iopscience.iop.org/article/10.3847/1538-4357/add15b,10.3847/1538-4357/add15b,single-epoch-virial-halpha-reines2013,1.0,lrd,0.0,formal_mbh_errors_exclude_virial_systematic;nominal_mass_uncorrected_for_dust,Nominal Table 1 mass and Halpha flux are uncorrected for dust; formal MBH errors exclude the approximately 0.5 dex virial-calibration systematic.,10000,20260808,30.0,0.1,1.0,True,split-normal-in-log-mbh,0.17,0.17,0.17,0.17,symmetric_reported,False,mbh_minus_0p3dex,MBH -0.3 dex,global_comparison,all_sources,-0.3,6.528697375073467,6.639982933110211,6.808161641490308,6.9780238349989,7.093231165894468,seed1e2,2.0,100.0,0.5242754532668072,0.5371586913261439,0.5566283006339132,0.5762928026129545,0.5896300540613257,0.0
expanded-blagn-v1,measurement,RUBIESUDS970351_taylor24,RUBIESUDS970351_taylor24,HZA-RUBIES-UDS-970351,RUBIES-UDS-970351,1,RUBIESUDS970351_taylor24,True,only catalogue measurement in this release,5.282,1.0944733515566631,RUBIES,UDS,broad-line-agn,robust,individual_robust,taylor24_ceers_rubies_blagn,Table 1 (Sample of BLAGN),The Astrophysical Journal 986:165 (2025); arXiv:2409.06772v2,https://iopscience.iop.org/article/10.3847/1538-4357/add15b,10.3847/1538-4357/add15b,single-epoch-virial-halpha-reines2013,1.0,lrd,0.0,formal_mbh_errors_exclude_virial_systematic;nominal_mass_uncorrected_for_dust,Nominal Table 1 mass and Halpha flux are uncorrected for dust; formal MBH errors exclude the approximately 0.5 dex virial-calibration systematic.,10000,20260808,30.0,0.1,1.0,True,split-normal-in-log-mbh,0.17,0.17,0.17,0.17,symmetric_reported,False,mbh_minus_0p3dex,MBH -0.3 dex,global_comparison,all_sources,-0.3,6.528697375073467,6.639982933110211,6.808161641490308,6.9780238349989,7.093231165894468,seed1e4,4.0,10000.0,0.2927406829584679,0.3056239210178044,0.32509353032557387,0.34475803230461505,0.35809528375298627,0.0
expanded-blagn-v1,measurement,RUBIESUDS970351_taylor24,RUBIESUDS970351_taylor24,HZA-RUBIES-UDS-970351,RUBIES-UDS-970351,1,RUBIESUDS970351_taylor24,True,only catalogue measurement in this release,5.282,1.0944733515566631,RUBIES,UDS,broad-line-agn,robust,individual_robust,taylor24_ceers_rubies_blagn,Table 1 (Sample of BLAGN),The Astrophysical Journal 986:165 (2025); arXiv:2409.06772v2,https://iopscience.iop.org/article/10.3847/1538-4357/add15b,10.3847/1538-4357/add15b,single-epoch-virial-halpha-reines2013,1.0,lrd,0.0,formal_mbh_errors_exclude_virial_systematic;nominal_mass_uncorrected_for_dust,Nominal Table 1 mass and Halpha flux are uncorrected for dust; formal MBH errors exclude the approximately 0.5 dex virial-calibration systematic.,10000,20260808,30.0,0.1,1.0,True,split-normal-in-log-mbh,0.17,0.17,0.17,0.17,symmetric_reported,False,mbh_minus_0p3dex,MBH -0.3 dex,global_comparison,all_sources,-0.3,6.528697375073467,6.639982933110211,6.808161641490308,6.9780238349989,7.093231165894468,seed1e5,5.0,100000.0,0.17697329780429824,0.18985653586363477,0.2093261451714042,0.22899064715044537,0.2423278985988166,0.0
expanded-blagn-v1,measurement,RUBIESUDS970351_taylor24,RUBIESUDS970351_taylor24,HZA-RUBIES-UDS-970351,RUBIES-UDS-970351,1,RUBIESUDS970351_taylor24,True,only catalogue measurement in this release,5.282,1.0944733515566631,RUBIES,UDS,broad-line-agn,robust,individual_robust,taylor24_ceers_rubies_blagn,Table 1 (Sample of BLAGN),The Astrophysical Journal 986:165 (2025); arXiv:2409.06772v2,https://iopscience.iop.org/article/10.3847/1538-4357/add15b,10.3847/1538-4357/add15b,single-epoch-virial-halpha-reines2013,1.0,lrd,0.0,formal_mbh_errors_exclude_virial_systematic;nominal_mass_uncorrected_for_dust,Nominal Table 1 mass and Halpha flux are uncorrected for dust; formal MBH errors exclude the approximately 0.5 dex virial-calibration systematic.,10000,20260808,30.0,0.1,1.0,True,split-normal-in-log-mbh,0.17,0.17,0.17,0.17,symmetric_reported,False,mbh_plus_0p3dex,MBH +0.3 dex,global_comparison,all_sources,0.3,7.128697375073466,7.239982933110211,7.408161641490308,7.578023834998899,7.693231165894468,seed1e2,2.0,100.0,0.5937358843593091,0.6066191224186456,0.626088731726415,0.6457532337054563,0.6590904851538275,0.0
expanded-blagn-v1,measurement,RUBIESUDS970351_taylor24,RUBIESUDS970351_taylor24,HZA-RUBIES-UDS-970351,RUBIES-UDS-970351,1,RUBIESUDS970351_taylor24,True,only catalogue measurement in this release,5.282,1.0944733515566631,RUBIES,UDS,broad-line-agn,robust,individual_robust,taylor24_ceers_rubies_blagn,Table 1 (Sample of BLAGN),The Astrophysical Journal 986:165 (2025); arXiv:2409.06772v2,https://iopscience.iop.org/article/10.3847/1538-4357/add15b,10.3847/1538-4357/add15b,single-epoch-virial-halpha-reines2013,1.0,lrd,0.0,formal_mbh_errors_exclude_virial_systematic;nominal_mass_uncorrected_for_dust,Nominal Table 1 mass and Halpha flux are uncorrected for dust; formal MBH errors exclude the approximately 0.5 dex virial-calibration systematic.,10000,20260808,30.0,0.1,1.0,True,split-normal-in-log-mbh,0.17,0.17,0.17,0.17,symmetric_reported,False,mbh_plus_0p3dex,MBH +0.3 dex,global_comparison,all_sources,0.3,7.128697375073466,7.239982933110211,7.408161641490308,7.578023834998899,7.693231165894468,seed1e4,4.0,10000.0,0.36220111405096966,0.3750843521103062,0.39455396141807564,0.4142184633971168,0.42755571484548816,0.0
expanded-blagn-v1,measurement,RUBIESUDS970351_taylor24,RUBIESUDS970351_taylor24,HZA-RUBIES-UDS-970351,RUBIES-UDS-970351,1,RUBIESUDS970351_taylor24,True,only catalogue measurement in this release,5.282,1.0944733515566631,RUBIES,UDS,broad-line-agn,robust,individual_robust,taylor24_ceers_rubies_blagn,Table 1 (Sample of BLAGN),The Astrophysical Journal 986:165 (2025); arXiv:2409.06772v2,https://iopscience.iop.org/article/10.3847/1538-4357/add15b,10.3847/1538-4357/add15b,single-epoch-virial-halpha-reines2013,1.0,lrd,0.0,formal_mbh_errors_exclude_virial_systematic;nominal_mass_uncorrected_for_dust,Nominal Table 1 mass and Halpha flux are uncorrected for dust; formal MBH errors exclude the approximately 0.5 dex virial-calibration systematic.,10000,20260808,30.0,0.1,1.0,True,split-normal-in-log-mbh,0.17,0.17,0.17,0.17,symmetric_reported,False,mbh_plus_0p3dex,MBH +0.3 dex,global_comparison,all_sources,0.3,7.128697375073466,7.239982933110211,7.408161641490308,7.578023834998899,7.693231165894468,seed1e5,5.0,100000.0,0.24643372889680004,0.25931696695613654,0.27878657626390596,0.2984510782429471,0.31178832969131837,0.0
expanded-blagn-v1,measurement,RUBIESUDS970351_taylor24,RUBIESUDS970351_taylor24,HZA-RUBIES-UDS-970351,RUBIES-UDS-970351,1,RUBIESUDS970351_taylor24,True,only catalogue measurement in this release,5.282,1.0944733515566631,RUBIES,UDS,broad-line-agn,robust,individual_robust,taylor24_ceers_rubies_blagn,Table 1 (Sample of BLAGN),The Astrophysical Journal 986:165 (2025); arXiv:2409.06772v2,https://iopscience.iop.org/article/10.3847/1538-4357/add15b,10.3847/1538-4357/add15b,single-epoch-virial-halpha-reines2013,1.0,lrd,0.0,formal_mbh_errors_exclude_virial_systematic;nominal_mass_uncorrected_for_dust,Nominal Table 1 mass and Halpha flux are uncorrected for dust; formal MBH errors exclude the approximately 0.5 dex virial-calibration systematic.,10000,20260808,30.0,0.1,1.0,True,split-normal-in-log-mbh,0.17,0.17,0.17,0.17,symmetric_reported,False,taylor_virial_minus_0p5dex,Taylor virial calibration sensitivity: MBH -0.5 dex,taylor_virial_calibration_sensitivity,taylor24_ceers_rubies_blagn_only,-0.5,6.3286973750734665,6.439982933110211,6.608161641490308,6.7780238349988995,6.893231165894468,seed1e2,2.0,100.0,0.5011219762359733,0.5140052142953099,0.5334748236030793,0.5531393255821205,0.5664765770304917,0.0
expanded-blagn-v1,measurement,RUBIESUDS970351_taylor24,RUBIESUDS970351_taylor24,HZA-RUBIES-UDS-970351,RUBIES-UDS-970351,1,RUBIESUDS970351_taylor24,True,only catalogue measurement in this release,5.282,1.0944733515566631,RUBIES,UDS,broad-line-agn,robust,individual_robust,taylor24_ceers_rubies_blagn,Table 1 (Sample of BLAGN),The Astrophysical Journal 986:165 (2025); arXiv:2409.06772v2,https://iopscience.iop.org/article/10.3847/1538-4357/add15b,10.3847/1538-4357/add15b,single-epoch-virial-halpha-reines2013,1.0,lrd,0.0,formal_mbh_errors_exclude_virial_systematic;nominal_mass_uncorrected_for_dust,Nominal Table 1 mass and Halpha flux are uncorrected for dust; formal MBH errors exclude the approximately 0.5 dex virial-calibration systematic.,10000,20260808,30.0,0.1,1.0,True,split-normal-in-log-mbh,0.17,0.17,0.17,0.17,symmetric_reported,False,taylor_virial_minus_0p5dex,Taylor virial calibration sensitivity: MBH -0.5 dex,taylor_virial_calibration_sensitivity,taylor24_ceers_rubies_blagn_only,-0.5,6.3286973750734665,6.439982933110211,6.608161641490308,6.7780238349988995,6.893231165894468,seed1e4,4.0,10000.0,0.2695872059276339,0.28247044398697047,0.30194005329473994,0.32160455527378107,0.33494180672215235,0.0
expanded-blagn-v1,measurement,RUBIESUDS970351_taylor24,RUBIESUDS970351_taylor24,HZA-RUBIES-UDS-970351,RUBIES-UDS-970351,1,RUBIESUDS970351_taylor24,True,only catalogue measurement in this release,5.282,1.0944733515566631,RUBIES,UDS,broad-line-agn,robust,individual_robust,taylor24_ceers_rubies_blagn,Table 1 (Sample of BLAGN),The Astrophysical Journal 986:165 (2025); arXiv:2409.06772v2,https://iopscience.iop.org/article/10.3847/1538-4357/add15b,10.3847/1538-4357/add15b,single-epoch-virial-halpha-reines2013,1.0,lrd,0.0,formal_mbh_errors_exclude_virial_systematic;nominal_mass_uncorrected_for_dust,Nominal Table 1 mass and Halpha flux are uncorrected for dust; formal MBH errors exclude the approximately 0.5 dex virial-calibration systematic.,10000,20260808,30.0,0.1,1.0,True,split-normal-in-log-mbh,0.17,0.17,0.17,0.17,symmetric_reported,False,taylor_virial_minus_0p5dex,Taylor virial calibration sensitivity: MBH -0.5 dex,taylor_virial_calibration_sensitivity,taylor24_ceers_rubies_blagn_only,-0.5,6.3286973750734665,6.439982933110211,6.608161641490308,6.7780238349988995,6.893231165894468,seed1e5,5.0,100000.0,0.15381982077346426,0.1667030588328008,0.1861726681405702,0.20583717011961142,0.21917442156798267,0.0
expanded-blagn-v1,measurement,RUBIESUDS970351_taylor24,RUBIESUDS970351_taylor24,HZA-RUBIES-UDS-970351,RUBIES-UDS-970351,1,RUBIESUDS970351_taylor24,True,only catalogue measurement in this release,5.282,1.0944733515566631,RUBIES,UDS,broad-line-agn,robust,individual_robust,taylor24_ceers_rubies_blagn,Table 1 (Sample of BLAGN),The Astrophysical Journal 986:165 (2025); arXiv:2409.06772v2,https://iopscience.iop.org/article/10.3847/1538-4357/add15b,10.3847/1538-4357/add15b,single-epoch-virial-halpha-reines2013,1.0,lrd,0.0,formal_mbh_errors_exclude_virial_systematic;nominal_mass_uncorrected_for_dust,Nominal Table 1 mass and Halpha flux are uncorrected for dust; formal MBH errors exclude the approximately 0.5 dex virial-calibration systematic.,10000,20260808,30.0,0.1,1.0,True,split-normal-in-log-mbh,0.17,0.17,0.17,0.17,symmetric_reported,False,taylor_virial_plus_0p5dex,Taylor virial calibration sensitivity: MBH +0.5 dex,taylor_virial_calibration_sensitivity,taylor24_ceers_rubies_blagn_only,0.5,7.3286973750734665,7.439982933110211,7.608161641490308,7.7780238349988995,7.893231165894468,seed1e2,2.0,100.0,0.6168893613901429,0.6297725994494796,0.6492422087572489,0.66890671073629,0.6822439621846614,0.0
expanded-blagn-v1,measurement,RUBIESUDS970351_taylor24,RUBIESUDS970351_taylor24,HZA-RUBIES-UDS-970351,RUBIES-UDS-970351,1,RUBIESUDS970351_taylor24,True,only catalogue measurement in this release,5.282,1.0944733515566631,RUBIES,UDS,broad-line-agn,robust,individual_robust,taylor24_ceers_rubies_blagn,Table 1 (Sample of BLAGN),The Astrophysical Journal 986:165 (2025); arXiv:2409.06772v2,https://iopscience.iop.org/article/10.3847/1538-4357/add15b,10.3847/1538-4357/add15b,single-epoch-virial-halpha-reines2013,1.0,lrd,0.0,formal_mbh_errors_exclude_virial_systematic;nominal_mass_uncorrected_for_dust,Nominal Table 1 mass and Halpha flux are uncorrected for dust; formal MBH errors exclude the approximately 0.5 dex virial-calibration systematic.,10000,20260808,30.0,0.1,1.0,True,split-normal-in-log-mbh,0.17,0.17,0.17,0.17,symmetric_reported,False,taylor_virial_plus_0p5dex,Taylor virial calibration sensitivity: MBH +0.5 dex,taylor_virial_calibration_sensitivity,taylor24_ceers_rubies_blagn_only,0.5,7.3286973750734665,7.439982933110211,7.608161641490308,7.7780238349988995,7.893231165894468,seed1e4,4.0,10000.0,0.3853545910818036,0.39823782914114014,0.4177074384489097,0.43737194042795075,0.450709191876322,0.0
expanded-blagn-v1,measurement,RUBIESUDS970351_taylor24,RUBIESUDS970351_taylor24,HZA-RUBIES-UDS-970351,RUBIES-UDS-970351,1,RUBIESUDS970351_taylor24,True,only catalogue measurement in this release,5.282,1.0944733515566631,RUBIES,UDS,broad-line-agn,robust,individual_robust,taylor24_ceers_rubies_blagn,Table 1 (Sample of BLAGN),The Astrophysical Journal 986:165 (2025); arXiv:2409.06772v2,https://iopscience.iop.org/article/10.3847/1538-4357/add15b,10.3847/1538-4357/add15b,single-epoch-virial-halpha-reines2013,1.0,lrd,0.0,formal_mbh_errors_exclude_virial_systematic;nominal_mass_uncorrected_for_dust,Nominal Table 1 mass and Halpha flux are uncorrected for dust; formal MBH errors exclude the approximately 0.5 dex virial-calibration systematic.,10000,20260808,30.0,0.1,1.0,True,split-normal-in-log-mbh,0.17,0.17,0.17,0.17,symmetric_reported,False,taylor_virial_plus_0p5dex,Taylor virial calibration sensitivity: MBH +0.5 dex,taylor_virial_calibration_sensitivity,taylor24_ceers_rubies_blagn_only,0.5,7.3286973750734665,7.439982933110211,7.608161641490308,7.7780238349988995,7.893231165894468,seed1e5,5.0,100000.0,0.2695872059276339,0.28247044398697047,0.30194005329473994,0.32160455527378107,0.33494180672215235,0.0
