measurement_id,object_id,redshift,quality_flag,interpretation_variant,growth_config,seed_model,delta_t_gyr,log_mbh_eval,log_mstar_eval,log_mbh_mstar_ratio_eval,required_fedd,model_name,required_log_mseed,model_log_mseed_min,model_log_mseed_max,is_feasible
GS30148179_juodzbalis25,GS-30148179,5.922,robust,baseline,eddington_eps0p1,light_popiii,0.833981118354858,7.12,8.95,-1.8299999999999992,0.7758286091748399,light_popiii,-0.12386795426035135,1.0,2.0,False
GS30148179_juodzbalis25,GS-30148179,5.922,robust,baseline,eddington_eps0p1,intermediate_cluster,0.833981118354858,7.12,8.95,-1.8299999999999992,0.49973301872116016,intermediate_cluster,-0.12386795426035135,3.0,4.0,False
GS30148179_juodzbalis25,GS-30148179,5.922,robust,baseline,eddington_eps0p1,heavy_dcbh,0.833981118354858,7.12,8.95,-1.8299999999999992,0.29266132588090044,heavy_dcbh,-0.12386795426035135,4.0,6.0,False
GS30148179_juodzbalis25,GS-30148179,5.922,robust,baseline,eddington_eps0p1,pbh,0.833981118354858,7.12,8.95,-1.8299999999999992,0.4307091211077403,pbh,-0.12386795426035135,2.0,6.0,False
GS30148179_juodzbalis25,GS-30148179,5.922,robust,baseline,subeddington_eps0p1,light_popiii,0.833981118354858,7.12,8.95,-1.8299999999999992,0.7758286091748399,light_popiii,4.946839613721895,1.0,2.0,False
GS30148179_juodzbalis25,GS-30148179,5.922,robust,baseline,subeddington_eps0p1,intermediate_cluster,0.833981118354858,7.12,8.95,-1.8299999999999992,0.49973301872116016,intermediate_cluster,4.946839613721895,3.0,4.0,False
GS30148179_juodzbalis25,GS-30148179,5.922,robust,baseline,subeddington_eps0p1,heavy_dcbh,0.833981118354858,7.12,8.95,-1.8299999999999992,0.29266132588090044,heavy_dcbh,4.946839613721895,4.0,6.0,True
GS30148179_juodzbalis25,GS-30148179,5.922,robust,baseline,subeddington_eps0p1,pbh,0.833981118354858,7.12,8.95,-1.8299999999999992,0.4307091211077403,pbh,4.946839613721895,2.0,6.0,True
GS30148179_juodzbalis25,GS-30148179,5.922,robust,baseline,supercritical_eps0p05,light_popiii,0.833981118354858,7.12,8.95,-1.8299999999999992,0.3674977622407136,light_popiii,-23.465220251321483,1.0,2.0,False
GS30148179_juodzbalis25,GS-30148179,5.922,robust,baseline,supercritical_eps0p05,intermediate_cluster,0.833981118354858,7.12,8.95,-1.8299999999999992,0.23671564044686533,intermediate_cluster,-23.465220251321483,3.0,4.0,False
GS30148179_juodzbalis25,GS-30148179,5.922,robust,baseline,supercritical_eps0p05,heavy_dcbh,0.833981118354858,7.12,8.95,-1.8299999999999992,0.13862904910147916,heavy_dcbh,-23.465220251321483,4.0,6.0,False
GS30148179_juodzbalis25,GS-30148179,5.922,robust,baseline,supercritical_eps0p05,pbh,0.833981118354858,7.12,8.95,-1.8299999999999992,0.20402010999840328,pbh,-23.465220251321483,2.0,6.0,False
GS30148179_juodzbalis25,GS-30148179,5.922,robust,baseline,merger_boost_x2,light_popiii,0.833981118354858,7.12,8.95,-1.8299999999999992,0.7342720819762821,light_popiii,-0.42489794992433255,1.0,2.0,False
GS30148179_juodzbalis25,GS-30148179,5.922,robust,baseline,merger_boost_x2,intermediate_cluster,0.833981118354858,7.12,8.95,-1.8299999999999992,0.4581764915226024,intermediate_cluster,-0.42489794992433255,3.0,4.0,False
GS30148179_juodzbalis25,GS-30148179,5.922,robust,baseline,merger_boost_x2,heavy_dcbh,0.833981118354858,7.12,8.95,-1.8299999999999992,0.25110479868234264,heavy_dcbh,-0.42489794992433255,4.0,6.0,False
GS30148179_juodzbalis25,GS-30148179,5.922,robust,baseline,merger_boost_x2,pbh,0.833981118354858,7.12,8.95,-1.8299999999999992,0.3891525939091825,pbh,-0.42489794992433255,2.0,6.0,False
GS30148179_juodzbalis25,GS-30148179,5.922,robust,mbh_minus_0p3dex,eddington_eps0p1,light_popiii,0.833981118354858,6.82,8.95,-2.129999999999999,0.734414270606788,light_popiii,-0.4238679542603512,1.0,2.0,False
GS30148179_juodzbalis25,GS-30148179,5.922,robust,mbh_minus_0p3dex,eddington_eps0p1,intermediate_cluster,0.833981118354858,6.82,8.95,-2.129999999999999,0.4583186801531082,intermediate_cluster,-0.4238679542603512,3.0,4.0,False
GS30148179_juodzbalis25,GS-30148179,5.922,robust,mbh_minus_0p3dex,eddington_eps0p1,heavy_dcbh,0.833981118354858,6.82,8.95,-2.129999999999999,0.2512469873128485,heavy_dcbh,-0.4238679542603512,4.0,6.0,False
GS30148179_juodzbalis25,GS-30148179,5.922,robust,mbh_minus_0p3dex,eddington_eps0p1,pbh,0.833981118354858,6.82,8.95,-2.129999999999999,0.38929478253968836,pbh,-0.4238679542603512,2.0,6.0,False
GS30148179_juodzbalis25,GS-30148179,5.922,robust,mbh_minus_0p3dex,subeddington_eps0p1,light_popiii,0.833981118354858,6.82,8.95,-2.129999999999999,0.734414270606788,light_popiii,4.6468396137218955,1.0,2.0,False
GS30148179_juodzbalis25,GS-30148179,5.922,robust,mbh_minus_0p3dex,subeddington_eps0p1,intermediate_cluster,0.833981118354858,6.82,8.95,-2.129999999999999,0.4583186801531082,intermediate_cluster,4.6468396137218955,3.0,4.0,False
GS30148179_juodzbalis25,GS-30148179,5.922,robust,mbh_minus_0p3dex,subeddington_eps0p1,heavy_dcbh,0.833981118354858,6.82,8.95,-2.129999999999999,0.2512469873128485,heavy_dcbh,4.6468396137218955,4.0,6.0,True
GS30148179_juodzbalis25,GS-30148179,5.922,robust,mbh_minus_0p3dex,subeddington_eps0p1,pbh,0.833981118354858,6.82,8.95,-2.129999999999999,0.38929478253968836,pbh,4.6468396137218955,2.0,6.0,True
GS30148179_juodzbalis25,GS-30148179,5.922,robust,mbh_minus_0p3dex,supercritical_eps0p05,light_popiii,0.833981118354858,6.82,8.95,-2.129999999999999,0.34788044397163637,light_popiii,-23.765220251321484,1.0,2.0,False
GS30148179_juodzbalis25,GS-30148179,5.922,robust,mbh_minus_0p3dex,supercritical_eps0p05,intermediate_cluster,0.833981118354858,6.82,8.95,-2.129999999999999,0.2170983221777881,intermediate_cluster,-23.765220251321484,3.0,4.0,False
GS30148179_juodzbalis25,GS-30148179,5.922,robust,mbh_minus_0p3dex,supercritical_eps0p05,heavy_dcbh,0.833981118354858,6.82,8.95,-2.129999999999999,0.11901173083240194,heavy_dcbh,-23.765220251321484,4.0,6.0,False
GS30148179_juodzbalis25,GS-30148179,5.922,robust,mbh_minus_0p3dex,supercritical_eps0p05,pbh,0.833981118354858,6.82,8.95,-2.129999999999999,0.18440279172932605,pbh,-23.765220251321484,2.0,6.0,False
GS30148179_juodzbalis25,GS-30148179,5.922,robust,mbh_minus_0p3dex,merger_boost_x2,light_popiii,0.833981118354858,6.82,8.95,-2.129999999999999,0.6928577434082301,light_popiii,-0.7248979499243324,1.0,2.0,False
GS30148179_juodzbalis25,GS-30148179,5.922,robust,mbh_minus_0p3dex,merger_boost_x2,intermediate_cluster,0.833981118354858,6.82,8.95,-2.129999999999999,0.4167621529545505,intermediate_cluster,-0.7248979499243324,3.0,4.0,False
GS30148179_juodzbalis25,GS-30148179,5.922,robust,mbh_minus_0p3dex,merger_boost_x2,heavy_dcbh,0.833981118354858,6.82,8.95,-2.129999999999999,0.20969046011429077,heavy_dcbh,-0.7248979499243324,4.0,6.0,False
GS30148179_juodzbalis25,GS-30148179,5.922,robust,mbh_minus_0p3dex,merger_boost_x2,pbh,0.833981118354858,6.82,8.95,-2.129999999999999,0.34773825534113056,pbh,-0.7248979499243324,2.0,6.0,False
GS30148179_juodzbalis25,GS-30148179,5.922,robust,mbh_plus_0p3dex,eddington_eps0p1,light_popiii,0.833981118354858,7.42,8.95,-1.5299999999999994,0.8172429477428917,light_popiii,0.17613204573964847,1.0,2.0,False
GS30148179_juodzbalis25,GS-30148179,5.922,robust,mbh_plus_0p3dex,eddington_eps0p1,intermediate_cluster,0.833981118354858,7.42,8.95,-1.5299999999999994,0.541147357289212,intermediate_cluster,0.17613204573964847,3.0,4.0,False
GS30148179_juodzbalis25,GS-30148179,5.922,robust,mbh_plus_0p3dex,eddington_eps0p1,heavy_dcbh,0.833981118354858,7.42,8.95,-1.5299999999999994,0.3340756644489523,heavy_dcbh,0.17613204573964847,4.0,6.0,False
GS30148179_juodzbalis25,GS-30148179,5.922,robust,mbh_plus_0p3dex,eddington_eps0p1,pbh,0.833981118354858,7.42,8.95,-1.5299999999999994,0.47212345967579217,pbh,0.17613204573964847,2.0,6.0,False
GS30148179_juodzbalis25,GS-30148179,5.922,robust,mbh_plus_0p3dex,subeddington_eps0p1,light_popiii,0.833981118354858,7.42,8.95,-1.5299999999999994,0.8172429477428917,light_popiii,5.246839613721895,1.0,2.0,False
GS30148179_juodzbalis25,GS-30148179,5.922,robust,mbh_plus_0p3dex,subeddington_eps0p1,intermediate_cluster,0.833981118354858,7.42,8.95,-1.5299999999999994,0.541147357289212,intermediate_cluster,5.246839613721895,3.0,4.0,False
GS30148179_juodzbalis25,GS-30148179,5.922,robust,mbh_plus_0p3dex,subeddington_eps0p1,heavy_dcbh,0.833981118354858,7.42,8.95,-1.5299999999999994,0.3340756644489523,heavy_dcbh,5.246839613721895,4.0,6.0,True
GS30148179_juodzbalis25,GS-30148179,5.922,robust,mbh_plus_0p3dex,subeddington_eps0p1,pbh,0.833981118354858,7.42,8.95,-1.5299999999999994,0.47212345967579217,pbh,5.246839613721895,2.0,6.0,True
GS30148179_juodzbalis25,GS-30148179,5.922,robust,mbh_plus_0p3dex,supercritical_eps0p05,light_popiii,0.833981118354858,7.42,8.95,-1.5299999999999994,0.3871150805097908,light_popiii,-23.165220251321486,1.0,2.0,False
GS30148179_juodzbalis25,GS-30148179,5.922,robust,mbh_plus_0p3dex,supercritical_eps0p05,intermediate_cluster,0.833981118354858,7.42,8.95,-1.5299999999999994,0.2563329587159425,intermediate_cluster,-23.165220251321486,3.0,4.0,False
GS30148179_juodzbalis25,GS-30148179,5.922,robust,mbh_plus_0p3dex,supercritical_eps0p05,heavy_dcbh,0.833981118354858,7.42,8.95,-1.5299999999999994,0.15824636737055636,heavy_dcbh,-23.165220251321486,4.0,6.0,False
GS30148179_juodzbalis25,GS-30148179,5.922,robust,mbh_plus_0p3dex,supercritical_eps0p05,pbh,0.833981118354858,7.42,8.95,-1.5299999999999994,0.2236374282674805,pbh,-23.165220251321486,2.0,6.0,False
GS30148179_juodzbalis25,GS-30148179,5.922,robust,mbh_plus_0p3dex,merger_boost_x2,light_popiii,0.833981118354858,7.42,8.95,-1.5299999999999994,0.775686420544334,light_popiii,-0.12489794992433273,1.0,2.0,False
GS30148179_juodzbalis25,GS-30148179,5.922,robust,mbh_plus_0p3dex,merger_boost_x2,intermediate_cluster,0.833981118354858,7.42,8.95,-1.5299999999999994,0.49959083009065425,intermediate_cluster,-0.12489794992433273,3.0,4.0,False
GS30148179_juodzbalis25,GS-30148179,5.922,robust,mbh_plus_0p3dex,merger_boost_x2,heavy_dcbh,0.833981118354858,7.42,8.95,-1.5299999999999994,0.2925191372503946,heavy_dcbh,-0.12489794992433273,4.0,6.0,False
GS30148179_juodzbalis25,GS-30148179,5.922,robust,mbh_plus_0p3dex,merger_boost_x2,pbh,0.833981118354858,7.42,8.95,-1.5299999999999994,0.4305669324772344,pbh,-0.12489794992433273,2.0,6.0,False
GS30148179_juodzbalis25,GS-30148179,5.922,robust,mstar_agn_20pct,eddington_eps0p1,light_popiii,0.833981118354858,7.12,8.853089986991943,-1.733089986991943,0.7758286091748399,light_popiii,-0.12386795426035135,1.0,2.0,False
GS30148179_juodzbalis25,GS-30148179,5.922,robust,mstar_agn_20pct,eddington_eps0p1,intermediate_cluster,0.833981118354858,7.12,8.853089986991943,-1.733089986991943,0.49973301872116016,intermediate_cluster,-0.12386795426035135,3.0,4.0,False
GS30148179_juodzbalis25,GS-30148179,5.922,robust,mstar_agn_20pct,eddington_eps0p1,heavy_dcbh,0.833981118354858,7.12,8.853089986991943,-1.733089986991943,0.29266132588090044,heavy_dcbh,-0.12386795426035135,4.0,6.0,False
GS30148179_juodzbalis25,GS-30148179,5.922,robust,mstar_agn_20pct,eddington_eps0p1,pbh,0.833981118354858,7.12,8.853089986991943,-1.733089986991943,0.4307091211077403,pbh,-0.12386795426035135,2.0,6.0,False
GS30148179_juodzbalis25,GS-30148179,5.922,robust,mstar_agn_20pct,subeddington_eps0p1,light_popiii,0.833981118354858,7.12,8.853089986991943,-1.733089986991943,0.7758286091748399,light_popiii,4.946839613721895,1.0,2.0,False
GS30148179_juodzbalis25,GS-30148179,5.922,robust,mstar_agn_20pct,subeddington_eps0p1,intermediate_cluster,0.833981118354858,7.12,8.853089986991943,-1.733089986991943,0.49973301872116016,intermediate_cluster,4.946839613721895,3.0,4.0,False
GS30148179_juodzbalis25,GS-30148179,5.922,robust,mstar_agn_20pct,subeddington_eps0p1,heavy_dcbh,0.833981118354858,7.12,8.853089986991943,-1.733089986991943,0.29266132588090044,heavy_dcbh,4.946839613721895,4.0,6.0,True
GS30148179_juodzbalis25,GS-30148179,5.922,robust,mstar_agn_20pct,subeddington_eps0p1,pbh,0.833981118354858,7.12,8.853089986991943,-1.733089986991943,0.4307091211077403,pbh,4.946839613721895,2.0,6.0,True
GS30148179_juodzbalis25,GS-30148179,5.922,robust,mstar_agn_20pct,supercritical_eps0p05,light_popiii,0.833981118354858,7.12,8.853089986991943,-1.733089986991943,0.3674977622407136,light_popiii,-23.465220251321483,1.0,2.0,False
GS30148179_juodzbalis25,GS-30148179,5.922,robust,mstar_agn_20pct,supercritical_eps0p05,intermediate_cluster,0.833981118354858,7.12,8.853089986991943,-1.733089986991943,0.23671564044686533,intermediate_cluster,-23.465220251321483,3.0,4.0,False
GS30148179_juodzbalis25,GS-30148179,5.922,robust,mstar_agn_20pct,supercritical_eps0p05,heavy_dcbh,0.833981118354858,7.12,8.853089986991943,-1.733089986991943,0.13862904910147916,heavy_dcbh,-23.465220251321483,4.0,6.0,False
GS30148179_juodzbalis25,GS-30148179,5.922,robust,mstar_agn_20pct,supercritical_eps0p05,pbh,0.833981118354858,7.12,8.853089986991943,-1.733089986991943,0.20402010999840328,pbh,-23.465220251321483,2.0,6.0,False
GS30148179_juodzbalis25,GS-30148179,5.922,robust,mstar_agn_20pct,merger_boost_x2,light_popiii,0.833981118354858,7.12,8.853089986991943,-1.733089986991943,0.7342720819762821,light_popiii,-0.42489794992433255,1.0,2.0,False
GS30148179_juodzbalis25,GS-30148179,5.922,robust,mstar_agn_20pct,merger_boost_x2,intermediate_cluster,0.833981118354858,7.12,8.853089986991943,-1.733089986991943,0.4581764915226024,intermediate_cluster,-0.42489794992433255,3.0,4.0,False
GS30148179_juodzbalis25,GS-30148179,5.922,robust,mstar_agn_20pct,merger_boost_x2,heavy_dcbh,0.833981118354858,7.12,8.853089986991943,-1.733089986991943,0.25110479868234264,heavy_dcbh,-0.42489794992433255,4.0,6.0,False
GS30148179_juodzbalis25,GS-30148179,5.922,robust,mstar_agn_20pct,merger_boost_x2,pbh,0.833981118354858,7.12,8.853089986991943,-1.733089986991943,0.3891525939091825,pbh,-0.42489794992433255,2.0,6.0,False
GS10013704_juodzbalis25,GS-10013704,5.919,robust,baseline,eddington_eps0p1,light_popiii,0.8345862392935047,7.44,8.9,-1.46,0.8194093557043793,light_popiii,0.19087603204888204,1.0,2.0,False
GS10013704_juodzbalis25,GS-10013704,5.919,robust,baseline,eddington_eps0p1,intermediate_cluster,0.8345862392935047,7.44,8.9,-1.46,0.5435139497433089,intermediate_cluster,0.19087603204888204,3.0,4.0,False
GS10013704_juodzbalis25,GS-10013704,5.919,robust,baseline,eddington_eps0p1,heavy_dcbh,0.8345862392935047,7.44,8.9,-1.46,0.33659239527250606,heavy_dcbh,0.19087603204888204,4.0,6.0,False
GS10013704_juodzbalis25,GS-10013704,5.919,robust,baseline,eddington_eps0p1,pbh,0.8345862392935047,7.44,8.9,-1.46,0.4745400982530413,pbh,0.19087603204888204,2.0,6.0,False
GS10013704_juodzbalis25,GS-10013704,5.919,robust,baseline,subeddington_eps0p1,light_popiii,0.8345862392935047,7.44,8.9,-1.46,0.8194093557043793,light_popiii,5.265262809614665,1.0,2.0,False
GS10013704_juodzbalis25,GS-10013704,5.919,robust,baseline,subeddington_eps0p1,intermediate_cluster,0.8345862392935047,7.44,8.9,-1.46,0.5435139497433089,intermediate_cluster,5.265262809614665,3.0,4.0,False
GS10013704_juodzbalis25,GS-10013704,5.919,robust,baseline,subeddington_eps0p1,heavy_dcbh,0.8345862392935047,7.44,8.9,-1.46,0.33659239527250606,heavy_dcbh,5.265262809614665,4.0,6.0,True
GS10013704_juodzbalis25,GS-10013704,5.919,robust,baseline,subeddington_eps0p1,pbh,0.8345862392935047,7.44,8.9,-1.46,0.4745400982530413,pbh,5.265262809614665,2.0,6.0,True
GS10013704_juodzbalis25,GS-10013704,5.919,robust,baseline,supercritical_eps0p05,light_popiii,0.8345862392935047,7.44,8.9,-1.46,0.38814127375470603,light_popiii,-23.167412309126945,1.0,2.0,False
GS10013704_juodzbalis25,GS-10013704,5.919,robust,baseline,supercritical_eps0p05,intermediate_cluster,0.8345862392935047,7.44,8.9,-1.46,0.25745397619419896,intermediate_cluster,-23.167412309126945,3.0,4.0,False
GS10013704_juodzbalis25,GS-10013704,5.919,robust,baseline,supercritical_eps0p05,heavy_dcbh,0.8345862392935047,7.44,8.9,-1.46,0.15943850302381865,heavy_dcbh,-23.167412309126945,4.0,6.0,False
GS10013704_juodzbalis25,GS-10013704,5.919,robust,baseline,supercritical_eps0p05,pbh,0.8345862392935047,7.44,8.9,-1.46,0.22478215180407218,pbh,-23.167412309126945,2.0,6.0,False
GS10013704_juodzbalis25,GS-10013704,5.919,robust,baseline,merger_boost_x2,light_popiii,0.8345862392935047,7.44,8.9,-1.46,0.7778829592742927,light_popiii,-0.11015396361509916,1.0,2.0,False
GS10013704_juodzbalis25,GS-10013704,5.919,robust,baseline,merger_boost_x2,intermediate_cluster,0.8345862392935047,7.44,8.9,-1.46,0.5019875533132222,intermediate_cluster,-0.11015396361509916,3.0,4.0,False
GS10013704_juodzbalis25,GS-10013704,5.919,robust,baseline,merger_boost_x2,heavy_dcbh,0.8345862392935047,7.44,8.9,-1.46,0.29506599884241935,heavy_dcbh,-0.11015396361509916,4.0,6.0,False
GS10013704_juodzbalis25,GS-10013704,5.919,robust,baseline,merger_boost_x2,pbh,0.8345862392935047,7.44,8.9,-1.46,0.4330137018229546,pbh,-0.11015396361509916,2.0,6.0,False
GS10013704_juodzbalis25,GS-10013704,5.919,robust,mbh_minus_0p3dex,eddington_eps0p1,light_popiii,0.8345862392935047,7.140000000000001,8.9,-1.7599999999999998,0.7780250448102188,light_popiii,-0.10912396795111778,1.0,2.0,False
GS10013704_juodzbalis25,GS-10013704,5.919,robust,mbh_minus_0p3dex,eddington_eps0p1,intermediate_cluster,0.8345862392935047,7.140000000000001,8.9,-1.7599999999999998,0.5021296388491484,intermediate_cluster,-0.10912396795111778,3.0,4.0,False
GS10013704_juodzbalis25,GS-10013704,5.919,robust,mbh_minus_0p3dex,eddington_eps0p1,heavy_dcbh,0.8345862392935047,7.140000000000001,8.9,-1.7599999999999998,0.2952080843783455,heavy_dcbh,-0.10912396795111778,4.0,6.0,False
GS10013704_juodzbalis25,GS-10013704,5.919,robust,mbh_minus_0p3dex,eddington_eps0p1,pbh,0.8345862392935047,7.140000000000001,8.9,-1.7599999999999998,0.4331557873588808,pbh,-0.10912396795111778,2.0,6.0,False
GS10013704_juodzbalis25,GS-10013704,5.919,robust,mbh_minus_0p3dex,subeddington_eps0p1,light_popiii,0.8345862392935047,7.140000000000001,8.9,-1.7599999999999998,0.7780250448102188,light_popiii,4.965262809614665,1.0,2.0,False
GS10013704_juodzbalis25,GS-10013704,5.919,robust,mbh_minus_0p3dex,subeddington_eps0p1,intermediate_cluster,0.8345862392935047,7.140000000000001,8.9,-1.7599999999999998,0.5021296388491484,intermediate_cluster,4.965262809614665,3.0,4.0,False
GS10013704_juodzbalis25,GS-10013704,5.919,robust,mbh_minus_0p3dex,subeddington_eps0p1,heavy_dcbh,0.8345862392935047,7.140000000000001,8.9,-1.7599999999999998,0.2952080843783455,heavy_dcbh,4.965262809614665,4.0,6.0,True
GS10013704_juodzbalis25,GS-10013704,5.919,robust,mbh_minus_0p3dex,subeddington_eps0p1,pbh,0.8345862392935047,7.140000000000001,8.9,-1.7599999999999998,0.4331557873588808,pbh,4.965262809614665,2.0,6.0,True
GS10013704_juodzbalis25,GS-10013704,5.919,robust,mbh_minus_0p3dex,supercritical_eps0p05,light_popiii,0.8345862392935047,7.140000000000001,8.9,-1.7599999999999998,0.36853817912062997,light_popiii,-23.467412309126946,1.0,2.0,False
GS10013704_juodzbalis25,GS-10013704,5.919,robust,mbh_minus_0p3dex,supercritical_eps0p05,intermediate_cluster,0.8345862392935047,7.140000000000001,8.9,-1.7599999999999998,0.23785088156012293,intermediate_cluster,-23.467412309126946,3.0,4.0,False
GS10013704_juodzbalis25,GS-10013704,5.919,robust,mbh_minus_0p3dex,supercritical_eps0p05,heavy_dcbh,0.8345862392935047,7.140000000000001,8.9,-1.7599999999999998,0.1398354083897426,heavy_dcbh,-23.467412309126946,4.0,6.0,False
GS10013704_juodzbalis25,GS-10013704,5.919,robust,mbh_minus_0p3dex,supercritical_eps0p05,pbh,0.8345862392935047,7.140000000000001,8.9,-1.7599999999999998,0.20517905716999613,pbh,-23.467412309126946,2.0,6.0,False
GS10013704_juodzbalis25,GS-10013704,5.919,robust,mbh_minus_0p3dex,merger_boost_x2,light_popiii,0.8345862392935047,7.140000000000001,8.9,-1.7599999999999998,0.7364986483801321,light_popiii,-0.410153963615099,1.0,2.0,False
GS10013704_juodzbalis25,GS-10013704,5.919,robust,mbh_minus_0p3dex,merger_boost_x2,intermediate_cluster,0.8345862392935047,7.140000000000001,8.9,-1.7599999999999998,0.4606032424190617,intermediate_cluster,-0.410153963615099,3.0,4.0,False
GS10013704_juodzbalis25,GS-10013704,5.919,robust,mbh_minus_0p3dex,merger_boost_x2,heavy_dcbh,0.8345862392935047,7.140000000000001,8.9,-1.7599999999999998,0.2536816879482588,heavy_dcbh,-0.410153963615099,4.0,6.0,False
GS10013704_juodzbalis25,GS-10013704,5.919,robust,mbh_minus_0p3dex,merger_boost_x2,pbh,0.8345862392935047,7.140000000000001,8.9,-1.7599999999999998,0.39162939092879406,pbh,-0.410153963615099,2.0,6.0,False
GS10013704_juodzbalis25,GS-10013704,5.919,robust,mbh_plus_0p3dex,eddington_eps0p1,light_popiii,0.8345862392935047,7.74,8.9,-1.1600000000000001,0.8607936665985401,light_popiii,0.49087603204888186,1.0,2.0,False
GS10013704_juodzbalis25,GS-10013704,5.919,robust,mbh_plus_0p3dex,eddington_eps0p1,intermediate_cluster,0.8345862392935047,7.74,8.9,-1.1600000000000001,0.5848982606374695,intermediate_cluster,0.49087603204888186,3.0,4.0,False
GS10013704_juodzbalis25,GS-10013704,5.919,robust,mbh_plus_0p3dex,eddington_eps0p1,heavy_dcbh,0.8345862392935047,7.74,8.9,-1.1600000000000001,0.3779767061666666,heavy_dcbh,0.49087603204888186,4.0,6.0,False
GS10013704_juodzbalis25,GS-10013704,5.919,robust,mbh_plus_0p3dex,eddington_eps0p1,pbh,0.8345862392935047,7.74,8.9,-1.1600000000000001,0.5159244091472018,pbh,0.49087603204888186,2.0,6.0,False
GS10013704_juodzbalis25,GS-10013704,5.919,robust,mbh_plus_0p3dex,subeddington_eps0p1,light_popiii,0.8345862392935047,7.74,8.9,-1.1600000000000001,0.8607936665985401,light_popiii,5.565262809614665,1.0,2.0,False
GS10013704_juodzbalis25,GS-10013704,5.919,robust,mbh_plus_0p3dex,subeddington_eps0p1,intermediate_cluster,0.8345862392935047,7.74,8.9,-1.1600000000000001,0.5848982606374695,intermediate_cluster,5.565262809614665,3.0,4.0,False
GS10013704_juodzbalis25,GS-10013704,5.919,robust,mbh_plus_0p3dex,subeddington_eps0p1,heavy_dcbh,0.8345862392935047,7.74,8.9,-1.1600000000000001,0.3779767061666666,heavy_dcbh,5.565262809614665,4.0,6.0,True
GS10013704_juodzbalis25,GS-10013704,5.919,robust,mbh_plus_0p3dex,subeddington_eps0p1,pbh,0.8345862392935047,7.74,8.9,-1.1600000000000001,0.5159244091472018,pbh,5.565262809614665,2.0,6.0,True
GS10013704_juodzbalis25,GS-10013704,5.919,robust,mbh_plus_0p3dex,supercritical_eps0p05,light_popiii,0.8345862392935047,7.74,8.9,-1.1600000000000001,0.4077443683887821,light_popiii,-22.867412309126948,1.0,2.0,False
GS10013704_juodzbalis25,GS-10013704,5.919,robust,mbh_plus_0p3dex,supercritical_eps0p05,intermediate_cluster,0.8345862392935047,7.74,8.9,-1.1600000000000001,0.277057070828275,intermediate_cluster,-22.867412309126948,3.0,4.0,False
GS10013704_juodzbalis25,GS-10013704,5.919,robust,mbh_plus_0p3dex,supercritical_eps0p05,heavy_dcbh,0.8345862392935047,7.74,8.9,-1.1600000000000001,0.1790415976578947,heavy_dcbh,-22.867412309126948,4.0,6.0,False
GS10013704_juodzbalis25,GS-10013704,5.919,robust,mbh_plus_0p3dex,supercritical_eps0p05,pbh,0.8345862392935047,7.74,8.9,-1.1600000000000001,0.24438524643814824,pbh,-22.867412309126948,2.0,6.0,False
GS10013704_juodzbalis25,GS-10013704,5.919,robust,mbh_plus_0p3dex,merger_boost_x2,light_popiii,0.8345862392935047,7.74,8.9,-1.1600000000000001,0.8192672701684534,light_popiii,0.18984603638490066,1.0,2.0,False
GS10013704_juodzbalis25,GS-10013704,5.919,robust,mbh_plus_0p3dex,merger_boost_x2,intermediate_cluster,0.8345862392935047,7.74,8.9,-1.1600000000000001,0.5433718642073828,intermediate_cluster,0.18984603638490066,3.0,4.0,False
GS10013704_juodzbalis25,GS-10013704,5.919,robust,mbh_plus_0p3dex,merger_boost_x2,heavy_dcbh,0.8345862392935047,7.74,8.9,-1.1600000000000001,0.3364503097365799,heavy_dcbh,0.18984603638490066,4.0,6.0,False
GS10013704_juodzbalis25,GS-10013704,5.919,robust,mbh_plus_0p3dex,merger_boost_x2,pbh,0.8345862392935047,7.74,8.9,-1.1600000000000001,0.4743980127171151,pbh,0.18984603638490066,2.0,6.0,False
GS10013704_juodzbalis25,GS-10013704,5.919,robust,mstar_agn_20pct,eddington_eps0p1,light_popiii,0.8345862392935047,7.44,8.803089986991944,-1.3630899869919437,0.8194093557043793,light_popiii,0.19087603204888204,1.0,2.0,False
GS10013704_juodzbalis25,GS-10013704,5.919,robust,mstar_agn_20pct,eddington_eps0p1,intermediate_cluster,0.8345862392935047,7.44,8.803089986991944,-1.3630899869919437,0.5435139497433089,intermediate_cluster,0.19087603204888204,3.0,4.0,False
GS10013704_juodzbalis25,GS-10013704,5.919,robust,mstar_agn_20pct,eddington_eps0p1,heavy_dcbh,0.8345862392935047,7.44,8.803089986991944,-1.3630899869919437,0.33659239527250606,heavy_dcbh,0.19087603204888204,4.0,6.0,False
GS10013704_juodzbalis25,GS-10013704,5.919,robust,mstar_agn_20pct,eddington_eps0p1,pbh,0.8345862392935047,7.44,8.803089986991944,-1.3630899869919437,0.4745400982530413,pbh,0.19087603204888204,2.0,6.0,False
GS10013704_juodzbalis25,GS-10013704,5.919,robust,mstar_agn_20pct,subeddington_eps0p1,light_popiii,0.8345862392935047,7.44,8.803089986991944,-1.3630899869919437,0.8194093557043793,light_popiii,5.265262809614665,1.0,2.0,False
GS10013704_juodzbalis25,GS-10013704,5.919,robust,mstar_agn_20pct,subeddington_eps0p1,intermediate_cluster,0.8345862392935047,7.44,8.803089986991944,-1.3630899869919437,0.5435139497433089,intermediate_cluster,5.265262809614665,3.0,4.0,False
GS10013704_juodzbalis25,GS-10013704,5.919,robust,mstar_agn_20pct,subeddington_eps0p1,heavy_dcbh,0.8345862392935047,7.44,8.803089986991944,-1.3630899869919437,0.33659239527250606,heavy_dcbh,5.265262809614665,4.0,6.0,True
GS10013704_juodzbalis25,GS-10013704,5.919,robust,mstar_agn_20pct,subeddington_eps0p1,pbh,0.8345862392935047,7.44,8.803089986991944,-1.3630899869919437,0.4745400982530413,pbh,5.265262809614665,2.0,6.0,True
GS10013704_juodzbalis25,GS-10013704,5.919,robust,mstar_agn_20pct,supercritical_eps0p05,light_popiii,0.8345862392935047,7.44,8.803089986991944,-1.3630899869919437,0.38814127375470603,light_popiii,-23.167412309126945,1.0,2.0,False
GS10013704_juodzbalis25,GS-10013704,5.919,robust,mstar_agn_20pct,supercritical_eps0p05,intermediate_cluster,0.8345862392935047,7.44,8.803089986991944,-1.3630899869919437,0.25745397619419896,intermediate_cluster,-23.167412309126945,3.0,4.0,False
GS10013704_juodzbalis25,GS-10013704,5.919,robust,mstar_agn_20pct,supercritical_eps0p05,heavy_dcbh,0.8345862392935047,7.44,8.803089986991944,-1.3630899869919437,0.15943850302381865,heavy_dcbh,-23.167412309126945,4.0,6.0,False
GS10013704_juodzbalis25,GS-10013704,5.919,robust,mstar_agn_20pct,supercritical_eps0p05,pbh,0.8345862392935047,7.44,8.803089986991944,-1.3630899869919437,0.22478215180407218,pbh,-23.167412309126945,2.0,6.0,False
GS10013704_juodzbalis25,GS-10013704,5.919,robust,mstar_agn_20pct,merger_boost_x2,light_popiii,0.8345862392935047,7.44,8.803089986991944,-1.3630899869919437,0.7778829592742927,light_popiii,-0.11015396361509916,1.0,2.0,False
GS10013704_juodzbalis25,GS-10013704,5.919,robust,mstar_agn_20pct,merger_boost_x2,intermediate_cluster,0.8345862392935047,7.44,8.803089986991944,-1.3630899869919437,0.5019875533132222,intermediate_cluster,-0.11015396361509916,3.0,4.0,False
GS10013704_juodzbalis25,GS-10013704,5.919,robust,mstar_agn_20pct,merger_boost_x2,heavy_dcbh,0.8345862392935047,7.44,8.803089986991944,-1.3630899869919437,0.29506599884241935,heavy_dcbh,-0.11015396361509916,4.0,6.0,False
GS10013704_juodzbalis25,GS-10013704,5.919,robust,mstar_agn_20pct,merger_boost_x2,pbh,0.8345862392935047,7.44,8.803089986991944,-1.3630899869919437,0.4330137018229546,pbh,-0.11015396361509916,2.0,6.0,False
GS210600_juodzbalis25,GS-210600,6.306,robust,baseline,eddington_eps0p1,light_popiii,0.7615894403289469,7.41,8.4,-0.9900000000000002,0.8934129846730218,light_popiii,0.7949181717870504,1.0,2.0,False
GS210600_juodzbalis25,GS-210600,6.306,robust,baseline,eddington_eps0p1,intermediate_cluster,0.7615894403289469,7.41,8.4,-0.9900000000000002,0.5910735651559247,intermediate_cluster,0.7949181717870504,3.0,4.0,False
GS210600_juodzbalis25,GS-210600,6.306,robust,baseline,eddington_eps0p1,heavy_dcbh,0.7615894403289469,7.41,8.4,-0.9900000000000002,0.3643190005181019,heavy_dcbh,0.7949181717870504,4.0,6.0,False
GS210600_juodzbalis25,GS-210600,6.306,robust,baseline,eddington_eps0p1,pbh,0.7615894403289469,7.41,8.4,-0.9900000000000002,0.5154887102766504,pbh,0.7949181717870504,2.0,6.0,False
GS210600_juodzbalis25,GS-210600,6.306,robust,baseline,subeddington_eps0p1,light_popiii,0.7615894403289469,7.41,8.4,-0.9900000000000002,0.8934129846730218,light_popiii,5.425475451536116,1.0,2.0,False
GS210600_juodzbalis25,GS-210600,6.306,robust,baseline,subeddington_eps0p1,intermediate_cluster,0.7615894403289469,7.41,8.4,-0.9900000000000002,0.5910735651559247,intermediate_cluster,5.425475451536116,3.0,4.0,False
GS210600_juodzbalis25,GS-210600,6.306,robust,baseline,subeddington_eps0p1,heavy_dcbh,0.7615894403289469,7.41,8.4,-0.9900000000000002,0.3643190005181019,heavy_dcbh,5.425475451536116,4.0,6.0,True
GS210600_juodzbalis25,GS-210600,6.306,robust,baseline,subeddington_eps0p1,pbh,0.7615894403289469,7.41,8.4,-0.9900000000000002,0.5154887102766504,pbh,5.425475451536116,2.0,6.0,True
GS210600_juodzbalis25,GS-210600,6.306,robust,baseline,supercritical_eps0p05,light_popiii,0.7615894403289469,7.41,8.4,-0.9900000000000002,0.42319562431879976,light_popiii,-20.520345496899118,1.0,2.0,False
GS210600_juodzbalis25,GS-210600,6.306,robust,baseline,supercritical_eps0p05,intermediate_cluster,0.7615894403289469,7.41,8.4,-0.9900000000000002,0.27998221507385906,intermediate_cluster,-20.520345496899118,3.0,4.0,False
GS210600_juodzbalis25,GS-210600,6.306,robust,baseline,supercritical_eps0p05,heavy_dcbh,0.7615894403289469,7.41,8.4,-0.9900000000000002,0.17257215814015353,heavy_dcbh,-20.520345496899118,4.0,6.0,False
GS210600_juodzbalis25,GS-210600,6.306,robust,baseline,supercritical_eps0p05,pbh,0.7615894403289469,7.41,8.4,-0.9900000000000002,0.24417886276262388,pbh,-20.520345496899118,2.0,6.0,False
GS210600_juodzbalis25,GS-210600,6.306,robust,baseline,merger_boost_x2,light_popiii,0.7615894403289469,7.41,8.4,-0.9900000000000002,0.8479063675998806,light_popiii,0.4938881761230692,1.0,2.0,False
GS210600_juodzbalis25,GS-210600,6.306,robust,baseline,merger_boost_x2,intermediate_cluster,0.7615894403289469,7.41,8.4,-0.9900000000000002,0.5455669480827835,intermediate_cluster,0.4938881761230692,3.0,4.0,False
GS210600_juodzbalis25,GS-210600,6.306,robust,baseline,merger_boost_x2,heavy_dcbh,0.7615894403289469,7.41,8.4,-0.9900000000000002,0.31881238344496077,heavy_dcbh,0.4938881761230692,4.0,6.0,False
GS210600_juodzbalis25,GS-210600,6.306,robust,baseline,merger_boost_x2,pbh,0.7615894403289469,7.41,8.4,-0.9900000000000002,0.46998209320350925,pbh,0.4938881761230692,2.0,6.0,False
GS210600_juodzbalis25,GS-210600,6.306,robust,mbh_minus_0p3dex,eddington_eps0p1,light_popiii,0.7615894403289469,7.11,8.4,-1.29,0.8480620717454571,light_popiii,0.49491817178705055,1.0,2.0,False
GS210600_juodzbalis25,GS-210600,6.306,robust,mbh_minus_0p3dex,eddington_eps0p1,intermediate_cluster,0.7615894403289469,7.11,8.4,-1.29,0.5457226522283601,intermediate_cluster,0.49491817178705055,3.0,4.0,False
GS210600_juodzbalis25,GS-210600,6.306,robust,mbh_minus_0p3dex,eddington_eps0p1,heavy_dcbh,0.7615894403289469,7.11,8.4,-1.29,0.3189680875905374,heavy_dcbh,0.49491817178705055,4.0,6.0,False
GS210600_juodzbalis25,GS-210600,6.306,robust,mbh_minus_0p3dex,eddington_eps0p1,pbh,0.7615894403289469,7.11,8.4,-1.29,0.4701377973490859,pbh,0.49491817178705055,2.0,6.0,False
GS210600_juodzbalis25,GS-210600,6.306,robust,mbh_minus_0p3dex,subeddington_eps0p1,light_popiii,0.7615894403289469,7.11,8.4,-1.29,0.8480620717454571,light_popiii,5.125475451536116,1.0,2.0,False
GS210600_juodzbalis25,GS-210600,6.306,robust,mbh_minus_0p3dex,subeddington_eps0p1,intermediate_cluster,0.7615894403289469,7.11,8.4,-1.29,0.5457226522283601,intermediate_cluster,5.125475451536116,3.0,4.0,False
GS210600_juodzbalis25,GS-210600,6.306,robust,mbh_minus_0p3dex,subeddington_eps0p1,heavy_dcbh,0.7615894403289469,7.11,8.4,-1.29,0.3189680875905374,heavy_dcbh,5.125475451536116,4.0,6.0,True
GS210600_juodzbalis25,GS-210600,6.306,robust,mbh_minus_0p3dex,subeddington_eps0p1,pbh,0.7615894403289469,7.11,8.4,-1.29,0.4701377973490859,pbh,5.125475451536116,2.0,6.0,True
GS210600_juodzbalis25,GS-210600,6.306,robust,mbh_minus_0p3dex,supercritical_eps0p05,light_popiii,0.7615894403289469,7.11,8.4,-1.29,0.40171361293205865,light_popiii,-20.82034549689912,1.0,2.0,False
GS210600_juodzbalis25,GS-210600,6.306,robust,mbh_minus_0p3dex,supercritical_eps0p05,intermediate_cluster,0.7615894403289469,7.11,8.4,-1.29,0.25850020368711796,intermediate_cluster,-20.82034549689912,3.0,4.0,False
GS210600_juodzbalis25,GS-210600,6.306,robust,mbh_minus_0p3dex,supercritical_eps0p05,heavy_dcbh,0.7615894403289469,7.11,8.4,-1.29,0.15109014675341245,heavy_dcbh,-20.82034549689912,4.0,6.0,False
GS210600_juodzbalis25,GS-210600,6.306,robust,mbh_minus_0p3dex,supercritical_eps0p05,pbh,0.7615894403289469,7.11,8.4,-1.29,0.2226968513758828,pbh,-20.82034549689912,2.0,6.0,False
GS210600_juodzbalis25,GS-210600,6.306,robust,mbh_minus_0p3dex,merger_boost_x2,light_popiii,0.7615894403289469,7.11,8.4,-1.29,0.8025554546723159,light_popiii,0.19388817612306936,1.0,2.0,False
GS210600_juodzbalis25,GS-210600,6.306,robust,mbh_minus_0p3dex,merger_boost_x2,intermediate_cluster,0.7615894403289469,7.11,8.4,-1.29,0.500216035155219,intermediate_cluster,0.19388817612306936,3.0,4.0,False
GS210600_juodzbalis25,GS-210600,6.306,robust,mbh_minus_0p3dex,merger_boost_x2,heavy_dcbh,0.7615894403289469,7.11,8.4,-1.29,0.2734614705173962,heavy_dcbh,0.19388817612306936,4.0,6.0,False
GS210600_juodzbalis25,GS-210600,6.306,robust,mbh_minus_0p3dex,merger_boost_x2,pbh,0.7615894403289469,7.11,8.4,-1.29,0.42463118027594476,pbh,0.19388817612306936,2.0,6.0,False
GS210600_juodzbalis25,GS-210600,6.306,robust,mbh_plus_0p3dex,eddington_eps0p1,light_popiii,0.7615894403289469,7.71,8.4,-0.6900000000000004,0.9387638976005861,light_popiii,1.0949181717870502,1.0,2.0,True
GS210600_juodzbalis25,GS-210600,6.306,robust,mbh_plus_0p3dex,eddington_eps0p1,intermediate_cluster,0.7615894403289469,7.71,8.4,-0.6900000000000004,0.6364244780834892,intermediate_cluster,1.0949181717870502,3.0,4.0,False
GS210600_juodzbalis25,GS-210600,6.306,robust,mbh_plus_0p3dex,eddington_eps0p1,heavy_dcbh,0.7615894403289469,7.71,8.4,-0.6900000000000004,0.40966991344566644,heavy_dcbh,1.0949181717870502,4.0,6.0,False
GS210600_juodzbalis25,GS-210600,6.306,robust,mbh_plus_0p3dex,eddington_eps0p1,pbh,0.7615894403289469,7.71,8.4,-0.6900000000000004,0.5608396232042149,pbh,1.0949181717870502,2.0,6.0,False
GS210600_juodzbalis25,GS-210600,6.306,robust,mbh_plus_0p3dex,subeddington_eps0p1,light_popiii,0.7615894403289469,7.71,8.4,-0.6900000000000004,0.9387638976005861,light_popiii,5.7254754515361155,1.0,2.0,False
GS210600_juodzbalis25,GS-210600,6.306,robust,mbh_plus_0p3dex,subeddington_eps0p1,intermediate_cluster,0.7615894403289469,7.71,8.4,-0.6900000000000004,0.6364244780834892,intermediate_cluster,5.7254754515361155,3.0,4.0,False
GS210600_juodzbalis25,GS-210600,6.306,robust,mbh_plus_0p3dex,subeddington_eps0p1,heavy_dcbh,0.7615894403289469,7.71,8.4,-0.6900000000000004,0.40966991344566644,heavy_dcbh,5.7254754515361155,4.0,6.0,True
GS210600_juodzbalis25,GS-210600,6.306,robust,mbh_plus_0p3dex,subeddington_eps0p1,pbh,0.7615894403289469,7.71,8.4,-0.6900000000000004,0.5608396232042149,pbh,5.7254754515361155,2.0,6.0,True
GS210600_juodzbalis25,GS-210600,6.306,robust,mbh_plus_0p3dex,supercritical_eps0p05,light_popiii,0.7615894403289469,7.71,8.4,-0.6900000000000004,0.4446776357055408,light_popiii,-20.220345496899117,1.0,2.0,False
GS210600_juodzbalis25,GS-210600,6.306,robust,mbh_plus_0p3dex,supercritical_eps0p05,intermediate_cluster,0.7615894403289469,7.71,8.4,-0.6900000000000004,0.3014642264606001,intermediate_cluster,-20.220345496899117,3.0,4.0,False
GS210600_juodzbalis25,GS-210600,6.306,robust,mbh_plus_0p3dex,supercritical_eps0p05,heavy_dcbh,0.7615894403289469,7.71,8.4,-0.6900000000000004,0.1940541695268946,heavy_dcbh,-20.220345496899117,4.0,6.0,False
GS210600_juodzbalis25,GS-210600,6.306,robust,mbh_plus_0p3dex,supercritical_eps0p05,pbh,0.7615894403289469,7.71,8.4,-0.6900000000000004,0.26566087414936496,pbh,-20.220345496899117,2.0,6.0,False
GS210600_juodzbalis25,GS-210600,6.306,robust,mbh_plus_0p3dex,merger_boost_x2,light_popiii,0.7615894403289469,7.71,8.4,-0.6900000000000004,0.893257280527445,light_popiii,0.793888176123069,1.0,2.0,False
GS210600_juodzbalis25,GS-210600,6.306,robust,mbh_plus_0p3dex,merger_boost_x2,intermediate_cluster,0.7615894403289469,7.71,8.4,-0.6900000000000004,0.590917861010348,intermediate_cluster,0.793888176123069,3.0,4.0,False
GS210600_juodzbalis25,GS-210600,6.306,robust,mbh_plus_0p3dex,merger_boost_x2,heavy_dcbh,0.7615894403289469,7.71,8.4,-0.6900000000000004,0.3641632963725253,heavy_dcbh,0.793888176123069,4.0,6.0,False
GS210600_juodzbalis25,GS-210600,6.306,robust,mbh_plus_0p3dex,merger_boost_x2,pbh,0.7615894403289469,7.71,8.4,-0.6900000000000004,0.5153330061310738,pbh,0.793888176123069,2.0,6.0,False
GS210600_juodzbalis25,GS-210600,6.306,robust,mstar_agn_20pct,eddington_eps0p1,light_popiii,0.7615894403289469,7.41,8.303089986991944,-0.893089986991944,0.8934129846730218,light_popiii,0.7949181717870504,1.0,2.0,False
GS210600_juodzbalis25,GS-210600,6.306,robust,mstar_agn_20pct,eddington_eps0p1,intermediate_cluster,0.7615894403289469,7.41,8.303089986991944,-0.893089986991944,0.5910735651559247,intermediate_cluster,0.7949181717870504,3.0,4.0,False
GS210600_juodzbalis25,GS-210600,6.306,robust,mstar_agn_20pct,eddington_eps0p1,heavy_dcbh,0.7615894403289469,7.41,8.303089986991944,-0.893089986991944,0.3643190005181019,heavy_dcbh,0.7949181717870504,4.0,6.0,False
GS210600_juodzbalis25,GS-210600,6.306,robust,mstar_agn_20pct,eddington_eps0p1,pbh,0.7615894403289469,7.41,8.303089986991944,-0.893089986991944,0.5154887102766504,pbh,0.7949181717870504,2.0,6.0,False
GS210600_juodzbalis25,GS-210600,6.306,robust,mstar_agn_20pct,subeddington_eps0p1,light_popiii,0.7615894403289469,7.41,8.303089986991944,-0.893089986991944,0.8934129846730218,light_popiii,5.425475451536116,1.0,2.0,False
GS210600_juodzbalis25,GS-210600,6.306,robust,mstar_agn_20pct,subeddington_eps0p1,intermediate_cluster,0.7615894403289469,7.41,8.303089986991944,-0.893089986991944,0.5910735651559247,intermediate_cluster,5.425475451536116,3.0,4.0,False
GS210600_juodzbalis25,GS-210600,6.306,robust,mstar_agn_20pct,subeddington_eps0p1,heavy_dcbh,0.7615894403289469,7.41,8.303089986991944,-0.893089986991944,0.3643190005181019,heavy_dcbh,5.425475451536116,4.0,6.0,True
GS210600_juodzbalis25,GS-210600,6.306,robust,mstar_agn_20pct,subeddington_eps0p1,pbh,0.7615894403289469,7.41,8.303089986991944,-0.893089986991944,0.5154887102766504,pbh,5.425475451536116,2.0,6.0,True
GS210600_juodzbalis25,GS-210600,6.306,robust,mstar_agn_20pct,supercritical_eps0p05,light_popiii,0.7615894403289469,7.41,8.303089986991944,-0.893089986991944,0.42319562431879976,light_popiii,-20.520345496899118,1.0,2.0,False
GS210600_juodzbalis25,GS-210600,6.306,robust,mstar_agn_20pct,supercritical_eps0p05,intermediate_cluster,0.7615894403289469,7.41,8.303089986991944,-0.893089986991944,0.27998221507385906,intermediate_cluster,-20.520345496899118,3.0,4.0,False
GS210600_juodzbalis25,GS-210600,6.306,robust,mstar_agn_20pct,supercritical_eps0p05,heavy_dcbh,0.7615894403289469,7.41,8.303089986991944,-0.893089986991944,0.17257215814015353,heavy_dcbh,-20.520345496899118,4.0,6.0,False
GS210600_juodzbalis25,GS-210600,6.306,robust,mstar_agn_20pct,supercritical_eps0p05,pbh,0.7615894403289469,7.41,8.303089986991944,-0.893089986991944,0.24417886276262388,pbh,-20.520345496899118,2.0,6.0,False
GS210600_juodzbalis25,GS-210600,6.306,robust,mstar_agn_20pct,merger_boost_x2,light_popiii,0.7615894403289469,7.41,8.303089986991944,-0.893089986991944,0.8479063675998806,light_popiii,0.4938881761230692,1.0,2.0,False
GS210600_juodzbalis25,GS-210600,6.306,robust,mstar_agn_20pct,merger_boost_x2,intermediate_cluster,0.7615894403289469,7.41,8.303089986991944,-0.893089986991944,0.5455669480827835,intermediate_cluster,0.4938881761230692,3.0,4.0,False
GS210600_juodzbalis25,GS-210600,6.306,robust,mstar_agn_20pct,merger_boost_x2,heavy_dcbh,0.7615894403289469,7.41,8.303089986991944,-0.893089986991944,0.31881238344496077,heavy_dcbh,0.4938881761230692,4.0,6.0,False
GS210600_juodzbalis25,GS-210600,6.306,robust,mstar_agn_20pct,merger_boost_x2,pbh,0.7615894403289469,7.41,8.303089986991944,-0.893089986991944,0.46998209320350925,pbh,0.4938881761230692,2.0,6.0,False
GS204851_juodzbalis25,GS-204851,5.48,robust,baseline,eddington_eps0p1,light_popiii,0.9307342084270425,7.68,10.74,-3.0600000000000005,0.7644489557739647,light_popiii,-0.40425461676911034,1.0,2.0,False
GS204851_juodzbalis25,GS-204851,5.48,robust,baseline,eddington_eps0p1,intermediate_cluster,0.9307342084270425,7.68,10.74,-3.0600000000000005,0.5170544717047204,intermediate_cluster,-0.40425461676911034,3.0,4.0,False
GS204851_juodzbalis25,GS-204851,5.48,robust,baseline,eddington_eps0p1,heavy_dcbh,0.9307342084270425,7.68,10.74,-3.0600000000000005,0.33150860865278725,heavy_dcbh,-0.40425461676911034,4.0,6.0,False
GS204851_juodzbalis25,GS-204851,5.48,robust,baseline,eddington_eps0p1,pbh,0.9307342084270425,7.68,10.74,-3.0600000000000005,0.4552058506874094,pbh,-0.40425461676911034,2.0,6.0,False
GS204851_juodzbalis25,GS-204851,5.48,robust,baseline,subeddington_eps0p1,light_popiii,0.9307342084270425,7.68,10.74,-3.0600000000000005,0.7644489557739647,light_popiii,5.254723614969267,1.0,2.0,False
GS204851_juodzbalis25,GS-204851,5.48,robust,baseline,subeddington_eps0p1,intermediate_cluster,0.9307342084270425,7.68,10.74,-3.0600000000000005,0.5170544717047204,intermediate_cluster,5.254723614969267,3.0,4.0,False
GS204851_juodzbalis25,GS-204851,5.48,robust,baseline,subeddington_eps0p1,heavy_dcbh,0.9307342084270425,7.68,10.74,-3.0600000000000005,0.33150860865278725,heavy_dcbh,5.254723614969267,4.0,6.0,True
GS204851_juodzbalis25,GS-204851,5.48,robust,baseline,subeddington_eps0p1,pbh,0.9307342084270425,7.68,10.74,-3.0600000000000005,0.4552058506874094,pbh,5.254723614969267,2.0,6.0,True
GS204851_juodzbalis25,GS-204851,5.48,robust,baseline,supercritical_eps0p05,light_popiii,0.9307342084270425,7.68,10.74,-3.0600000000000005,0.36210740010345693,light_popiii,-26.453519493025134,1.0,2.0,False
GS204851_juodzbalis25,GS-204851,5.48,robust,baseline,supercritical_eps0p05,intermediate_cluster,0.9307342084270425,7.68,10.74,-3.0600000000000005,0.2449205392285518,intermediate_cluster,-26.453519493025134,3.0,4.0,False
GS204851_juodzbalis25,GS-204851,5.48,robust,baseline,supercritical_eps0p05,heavy_dcbh,0.9307342084270425,7.68,10.74,-3.0600000000000005,0.1570303935723729,heavy_dcbh,-26.453519493025134,4.0,6.0,False
GS204851_juodzbalis25,GS-204851,5.48,robust,baseline,supercritical_eps0p05,pbh,0.9307342084270425,7.68,10.74,-3.0600000000000005,0.2156238240098255,pbh,-26.453519493025134,2.0,6.0,False
GS204851_juodzbalis25,GS-204851,5.48,robust,baseline,merger_boost_x2,light_popiii,0.9307342084270425,7.68,10.74,-3.0600000000000005,0.727212375540636,light_popiii,-0.7052846124330916,1.0,2.0,False
GS204851_juodzbalis25,GS-204851,5.48,robust,baseline,merger_boost_x2,intermediate_cluster,0.9307342084270425,7.68,10.74,-3.0600000000000005,0.4798178914713917,intermediate_cluster,-0.7052846124330916,3.0,4.0,False
GS204851_juodzbalis25,GS-204851,5.48,robust,baseline,merger_boost_x2,heavy_dcbh,0.9307342084270425,7.68,10.74,-3.0600000000000005,0.2942720284194585,heavy_dcbh,-0.7052846124330916,4.0,6.0,False
GS204851_juodzbalis25,GS-204851,5.48,robust,baseline,merger_boost_x2,pbh,0.9307342084270425,7.68,10.74,-3.0600000000000005,0.4179692704540806,pbh,-0.7052846124330916,2.0,6.0,False
GS204851_juodzbalis25,GS-204851,5.48,robust,mbh_minus_0p3dex,eddington_eps0p1,light_popiii,0.9307342084270425,7.38,10.74,-3.3600000000000003,0.727339783163578,light_popiii,-0.7042546167691102,1.0,2.0,False
GS204851_juodzbalis25,GS-204851,5.48,robust,mbh_minus_0p3dex,eddington_eps0p1,intermediate_cluster,0.9307342084270425,7.38,10.74,-3.3600000000000003,0.4799452990943338,intermediate_cluster,-0.7042546167691102,3.0,4.0,False
GS204851_juodzbalis25,GS-204851,5.48,robust,mbh_minus_0p3dex,eddington_eps0p1,heavy_dcbh,0.9307342084270425,7.38,10.74,-3.3600000000000003,0.29439943604240065,heavy_dcbh,-0.7042546167691102,4.0,6.0,False
GS204851_juodzbalis25,GS-204851,5.48,robust,mbh_minus_0p3dex,eddington_eps0p1,pbh,0.9307342084270425,7.38,10.74,-3.3600000000000003,0.4180966780770228,pbh,-0.7042546167691102,2.0,6.0,False
GS204851_juodzbalis25,GS-204851,5.48,robust,mbh_minus_0p3dex,subeddington_eps0p1,light_popiii,0.9307342084270425,7.38,10.74,-3.3600000000000003,0.727339783163578,light_popiii,4.954723614969267,1.0,2.0,False
GS204851_juodzbalis25,GS-204851,5.48,robust,mbh_minus_0p3dex,subeddington_eps0p1,intermediate_cluster,0.9307342084270425,7.38,10.74,-3.3600000000000003,0.4799452990943338,intermediate_cluster,4.954723614969267,3.0,4.0,False
GS204851_juodzbalis25,GS-204851,5.48,robust,mbh_minus_0p3dex,subeddington_eps0p1,heavy_dcbh,0.9307342084270425,7.38,10.74,-3.3600000000000003,0.29439943604240065,heavy_dcbh,4.954723614969267,4.0,6.0,True
GS204851_juodzbalis25,GS-204851,5.48,robust,mbh_minus_0p3dex,subeddington_eps0p1,pbh,0.9307342084270425,7.38,10.74,-3.3600000000000003,0.4180966780770228,pbh,4.954723614969267,2.0,6.0,True
GS204851_juodzbalis25,GS-204851,5.48,robust,mbh_minus_0p3dex,supercritical_eps0p05,light_popiii,0.9307342084270425,7.38,10.74,-3.3600000000000003,0.3445293709722212,light_popiii,-26.753519493025134,1.0,2.0,False
GS204851_juodzbalis25,GS-204851,5.48,robust,mbh_minus_0p3dex,supercritical_eps0p05,intermediate_cluster,0.9307342084270425,7.38,10.74,-3.3600000000000003,0.22734251009731601,intermediate_cluster,-26.753519493025134,3.0,4.0,False
GS204851_juodzbalis25,GS-204851,5.48,robust,mbh_minus_0p3dex,supercritical_eps0p05,heavy_dcbh,0.9307342084270425,7.38,10.74,-3.3600000000000003,0.13945236444113715,heavy_dcbh,-26.753519493025134,4.0,6.0,False
GS204851_juodzbalis25,GS-204851,5.48,robust,mbh_minus_0p3dex,supercritical_eps0p05,pbh,0.9307342084270425,7.38,10.74,-3.3600000000000003,0.19804579487858973,pbh,-26.753519493025134,2.0,6.0,False
GS204851_juodzbalis25,GS-204851,5.48,robust,mbh_minus_0p3dex,merger_boost_x2,light_popiii,0.9307342084270425,7.38,10.74,-3.3600000000000003,0.6901032029302493,light_popiii,-1.0052846124330914,1.0,2.0,False
GS204851_juodzbalis25,GS-204851,5.48,robust,mbh_minus_0p3dex,merger_boost_x2,intermediate_cluster,0.9307342084270425,7.38,10.74,-3.3600000000000003,0.44270871886100505,intermediate_cluster,-1.0052846124330914,3.0,4.0,False
GS204851_juodzbalis25,GS-204851,5.48,robust,mbh_minus_0p3dex,merger_boost_x2,heavy_dcbh,0.9307342084270425,7.38,10.74,-3.3600000000000003,0.2571628558090719,heavy_dcbh,-1.0052846124330914,4.0,6.0,False
GS204851_juodzbalis25,GS-204851,5.48,robust,mbh_minus_0p3dex,merger_boost_x2,pbh,0.9307342084270425,7.38,10.74,-3.3600000000000003,0.380860097843694,pbh,-1.0052846124330914,2.0,6.0,False
GS204851_juodzbalis25,GS-204851,5.48,robust,mbh_plus_0p3dex,eddington_eps0p1,light_popiii,0.9307342084270425,7.9799999999999995,10.74,-2.7600000000000007,0.8015581283843513,light_popiii,-0.10425461676911052,1.0,2.0,False
GS204851_juodzbalis25,GS-204851,5.48,robust,mbh_plus_0p3dex,eddington_eps0p1,intermediate_cluster,0.9307342084270425,7.9799999999999995,10.74,-2.7600000000000007,0.554163644315107,intermediate_cluster,-0.10425461676911052,3.0,4.0,False
GS204851_juodzbalis25,GS-204851,5.48,robust,mbh_plus_0p3dex,eddington_eps0p1,heavy_dcbh,0.9307342084270425,7.9799999999999995,10.74,-2.7600000000000007,0.3686177812631739,heavy_dcbh,-0.10425461676911052,4.0,6.0,False
GS204851_juodzbalis25,GS-204851,5.48,robust,mbh_plus_0p3dex,eddington_eps0p1,pbh,0.9307342084270425,7.9799999999999995,10.74,-2.7600000000000007,0.492315023297796,pbh,-0.10425461676911052,2.0,6.0,False
GS204851_juodzbalis25,GS-204851,5.48,robust,mbh_plus_0p3dex,subeddington_eps0p1,light_popiii,0.9307342084270425,7.9799999999999995,10.74,-2.7600000000000007,0.8015581283843513,light_popiii,5.554723614969267,1.0,2.0,False
GS204851_juodzbalis25,GS-204851,5.48,robust,mbh_plus_0p3dex,subeddington_eps0p1,intermediate_cluster,0.9307342084270425,7.9799999999999995,10.74,-2.7600000000000007,0.554163644315107,intermediate_cluster,5.554723614969267,3.0,4.0,False
GS204851_juodzbalis25,GS-204851,5.48,robust,mbh_plus_0p3dex,subeddington_eps0p1,heavy_dcbh,0.9307342084270425,7.9799999999999995,10.74,-2.7600000000000007,0.3686177812631739,heavy_dcbh,5.554723614969267,4.0,6.0,True
GS204851_juodzbalis25,GS-204851,5.48,robust,mbh_plus_0p3dex,subeddington_eps0p1,pbh,0.9307342084270425,7.9799999999999995,10.74,-2.7600000000000007,0.492315023297796,pbh,5.554723614969267,2.0,6.0,True
GS204851_juodzbalis25,GS-204851,5.48,robust,mbh_plus_0p3dex,supercritical_eps0p05,light_popiii,0.9307342084270425,7.9799999999999995,10.74,-2.7600000000000007,0.37968542923469273,light_popiii,-26.153519493025133,1.0,2.0,False
GS204851_juodzbalis25,GS-204851,5.48,robust,mbh_plus_0p3dex,supercritical_eps0p05,intermediate_cluster,0.9307342084270425,7.9799999999999995,10.74,-2.7600000000000007,0.2624985683597875,intermediate_cluster,-26.153519493025133,3.0,4.0,False
GS204851_juodzbalis25,GS-204851,5.48,robust,mbh_plus_0p3dex,supercritical_eps0p05,heavy_dcbh,0.9307342084270425,7.9799999999999995,10.74,-2.7600000000000007,0.17460842270360866,heavy_dcbh,-26.153519493025133,4.0,6.0,False
GS204851_juodzbalis25,GS-204851,5.48,robust,mbh_plus_0p3dex,supercritical_eps0p05,pbh,0.9307342084270425,7.9799999999999995,10.74,-2.7600000000000007,0.23320185314106123,pbh,-26.153519493025133,2.0,6.0,False
GS204851_juodzbalis25,GS-204851,5.48,robust,mbh_plus_0p3dex,merger_boost_x2,light_popiii,0.9307342084270425,7.9799999999999995,10.74,-2.7600000000000007,0.7643215481510226,light_popiii,-0.4052846124330917,1.0,2.0,False
GS204851_juodzbalis25,GS-204851,5.48,robust,mbh_plus_0p3dex,merger_boost_x2,intermediate_cluster,0.9307342084270425,7.9799999999999995,10.74,-2.7600000000000007,0.5169270640817784,intermediate_cluster,-0.4052846124330917,3.0,4.0,False
GS204851_juodzbalis25,GS-204851,5.48,robust,mbh_plus_0p3dex,merger_boost_x2,heavy_dcbh,0.9307342084270425,7.9799999999999995,10.74,-2.7600000000000007,0.3313812010298451,heavy_dcbh,-0.4052846124330917,4.0,6.0,False
GS204851_juodzbalis25,GS-204851,5.48,robust,mbh_plus_0p3dex,merger_boost_x2,pbh,0.9307342084270425,7.9799999999999995,10.74,-2.7600000000000007,0.4550784430644672,pbh,-0.4052846124330917,2.0,6.0,False
GS204851_juodzbalis25,GS-204851,5.48,robust,mstar_agn_20pct,eddington_eps0p1,light_popiii,0.9307342084270425,7.68,10.643089986991944,-2.9630899869919443,0.7644489557739647,light_popiii,-0.40425461676911034,1.0,2.0,False
GS204851_juodzbalis25,GS-204851,5.48,robust,mstar_agn_20pct,eddington_eps0p1,intermediate_cluster,0.9307342084270425,7.68,10.643089986991944,-2.9630899869919443,0.5170544717047204,intermediate_cluster,-0.40425461676911034,3.0,4.0,False
GS204851_juodzbalis25,GS-204851,5.48,robust,mstar_agn_20pct,eddington_eps0p1,heavy_dcbh,0.9307342084270425,7.68,10.643089986991944,-2.9630899869919443,0.33150860865278725,heavy_dcbh,-0.40425461676911034,4.0,6.0,False
GS204851_juodzbalis25,GS-204851,5.48,robust,mstar_agn_20pct,eddington_eps0p1,pbh,0.9307342084270425,7.68,10.643089986991944,-2.9630899869919443,0.4552058506874094,pbh,-0.40425461676911034,2.0,6.0,False
GS204851_juodzbalis25,GS-204851,5.48,robust,mstar_agn_20pct,subeddington_eps0p1,light_popiii,0.9307342084270425,7.68,10.643089986991944,-2.9630899869919443,0.7644489557739647,light_popiii,5.254723614969267,1.0,2.0,False
GS204851_juodzbalis25,GS-204851,5.48,robust,mstar_agn_20pct,subeddington_eps0p1,intermediate_cluster,0.9307342084270425,7.68,10.643089986991944,-2.9630899869919443,0.5170544717047204,intermediate_cluster,5.254723614969267,3.0,4.0,False
GS204851_juodzbalis25,GS-204851,5.48,robust,mstar_agn_20pct,subeddington_eps0p1,heavy_dcbh,0.9307342084270425,7.68,10.643089986991944,-2.9630899869919443,0.33150860865278725,heavy_dcbh,5.254723614969267,4.0,6.0,True
GS204851_juodzbalis25,GS-204851,5.48,robust,mstar_agn_20pct,subeddington_eps0p1,pbh,0.9307342084270425,7.68,10.643089986991944,-2.9630899869919443,0.4552058506874094,pbh,5.254723614969267,2.0,6.0,True
GS204851_juodzbalis25,GS-204851,5.48,robust,mstar_agn_20pct,supercritical_eps0p05,light_popiii,0.9307342084270425,7.68,10.643089986991944,-2.9630899869919443,0.36210740010345693,light_popiii,-26.453519493025134,1.0,2.0,False
GS204851_juodzbalis25,GS-204851,5.48,robust,mstar_agn_20pct,supercritical_eps0p05,intermediate_cluster,0.9307342084270425,7.68,10.643089986991944,-2.9630899869919443,0.2449205392285518,intermediate_cluster,-26.453519493025134,3.0,4.0,False
GS204851_juodzbalis25,GS-204851,5.48,robust,mstar_agn_20pct,supercritical_eps0p05,heavy_dcbh,0.9307342084270425,7.68,10.643089986991944,-2.9630899869919443,0.1570303935723729,heavy_dcbh,-26.453519493025134,4.0,6.0,False
GS204851_juodzbalis25,GS-204851,5.48,robust,mstar_agn_20pct,supercritical_eps0p05,pbh,0.9307342084270425,7.68,10.643089986991944,-2.9630899869919443,0.2156238240098255,pbh,-26.453519493025134,2.0,6.0,False
GS204851_juodzbalis25,GS-204851,5.48,robust,mstar_agn_20pct,merger_boost_x2,light_popiii,0.9307342084270425,7.68,10.643089986991944,-2.9630899869919443,0.727212375540636,light_popiii,-0.7052846124330916,1.0,2.0,False
GS204851_juodzbalis25,GS-204851,5.48,robust,mstar_agn_20pct,merger_boost_x2,intermediate_cluster,0.9307342084270425,7.68,10.643089986991944,-2.9630899869919443,0.4798178914713917,intermediate_cluster,-0.7052846124330916,3.0,4.0,False
GS204851_juodzbalis25,GS-204851,5.48,robust,mstar_agn_20pct,merger_boost_x2,heavy_dcbh,0.9307342084270425,7.68,10.643089986991944,-2.9630899869919443,0.2942720284194585,heavy_dcbh,-0.7052846124330916,4.0,6.0,False
GS204851_juodzbalis25,GS-204851,5.48,robust,mstar_agn_20pct,merger_boost_x2,pbh,0.9307342084270425,7.68,10.643089986991944,-2.9630899869919443,0.4179692704540806,pbh,-0.7052846124330916,2.0,6.0,False
GS172975_juodzbalis25,GS-172975,4.741,robust,baseline,eddington_eps0p1,light_popiii,1.1349620291845366,7.25,8.98,-1.7300000000000004,0.5832734463472988,light_popiii,-2.608154928891233,1.0,2.0,False
GS172975_juodzbalis25,GS-172975,4.741,robust,baseline,eddington_eps0p1,intermediate_cluster,1.1349620291845366,7.25,8.98,-1.7300000000000004,0.3803957258786732,intermediate_cluster,-2.608154928891233,3.0,4.0,False
GS172975_juodzbalis25,GS-172975,4.741,robust,baseline,eddington_eps0p1,heavy_dcbh,1.1349620291845366,7.25,8.98,-1.7300000000000004,0.2282374355272039,heavy_dcbh,-2.608154928891233,4.0,6.0,False
GS172975_juodzbalis25,GS-172975,4.741,robust,baseline,eddington_eps0p1,pbh,1.1349620291845366,7.25,8.98,-1.7300000000000004,0.32967629576151675,pbh,-2.608154928891233,2.0,6.0,False
GS172975_juodzbalis25,GS-172975,4.741,robust,baseline,subeddington_eps0p1,light_popiii,1.1349620291845366,7.25,8.98,-1.7300000000000004,0.5832734463472988,light_popiii,4.29255352133263,1.0,2.0,False
GS172975_juodzbalis25,GS-172975,4.741,robust,baseline,subeddington_eps0p1,intermediate_cluster,1.1349620291845366,7.25,8.98,-1.7300000000000004,0.3803957258786732,intermediate_cluster,4.29255352133263,3.0,4.0,False
GS172975_juodzbalis25,GS-172975,4.741,robust,baseline,subeddington_eps0p1,heavy_dcbh,1.1349620291845366,7.25,8.98,-1.7300000000000004,0.2282374355272039,heavy_dcbh,4.29255352133263,4.0,6.0,True
GS172975_juodzbalis25,GS-172975,4.741,robust,baseline,subeddington_eps0p1,pbh,1.1349620291845366,7.25,8.98,-1.7300000000000004,0.32967629576151675,pbh,4.29255352133263,2.0,6.0,True
GS172975_juodzbalis25,GS-172975,4.741,robust,baseline,supercritical_eps0p05,light_popiii,1.1349620291845366,7.25,8.98,-1.7300000000000004,0.2762874219539837,light_popiii,-34.37332081087409,1.0,2.0,False
GS172975_juodzbalis25,GS-172975,4.741,robust,baseline,supercritical_eps0p05,intermediate_cluster,1.1349620291845366,7.25,8.98,-1.7300000000000004,0.18018744910042414,intermediate_cluster,-34.37332081087409,3.0,4.0,False
GS172975_juodzbalis25,GS-172975,4.741,robust,baseline,supercritical_eps0p05,heavy_dcbh,1.1349620291845366,7.25,8.98,-1.7300000000000004,0.10811246946025449,heavy_dcbh,-34.37332081087409,4.0,6.0,False
GS172975_juodzbalis25,GS-172975,4.741,robust,baseline,supercritical_eps0p05,pbh,1.1349620291845366,7.25,8.98,-1.7300000000000004,0.15616245588703426,pbh,-34.37332081087409,2.0,6.0,False
GS172975_juodzbalis25,GS-172975,4.741,robust,baseline,merger_boost_x2,light_popiii,1.1349620291845366,7.25,8.98,-1.7300000000000004,0.5527373066908045,light_popiii,-2.9091849245552144,1.0,2.0,False
GS172975_juodzbalis25,GS-172975,4.741,robust,baseline,merger_boost_x2,intermediate_cluster,1.1349620291845366,7.25,8.98,-1.7300000000000004,0.3498595862221788,intermediate_cluster,-2.9091849245552144,3.0,4.0,False
GS172975_juodzbalis25,GS-172975,4.741,robust,baseline,merger_boost_x2,heavy_dcbh,1.1349620291845366,7.25,8.98,-1.7300000000000004,0.1977012958707095,heavy_dcbh,-2.9091849245552144,4.0,6.0,False
GS172975_juodzbalis25,GS-172975,4.741,robust,baseline,merger_boost_x2,pbh,1.1349620291845366,7.25,8.98,-1.7300000000000004,0.29914015610502237,pbh,-2.9091849245552144,2.0,6.0,False
GS172975_juodzbalis25,GS-172975,4.741,robust,mbh_minus_0p3dex,eddington_eps0p1,light_popiii,1.1349620291845366,6.95,8.98,-2.0300000000000002,0.5528417882770049,light_popiii,-2.908154928891233,1.0,2.0,False
GS172975_juodzbalis25,GS-172975,4.741,robust,mbh_minus_0p3dex,eddington_eps0p1,intermediate_cluster,1.1349620291845366,6.95,8.98,-2.0300000000000002,0.3499640678083793,intermediate_cluster,-2.908154928891233,3.0,4.0,False
GS172975_juodzbalis25,GS-172975,4.741,robust,mbh_minus_0p3dex,eddington_eps0p1,heavy_dcbh,1.1349620291845366,6.95,8.98,-2.0300000000000002,0.19780577745691008,heavy_dcbh,-2.908154928891233,4.0,6.0,False
GS172975_juodzbalis25,GS-172975,4.741,robust,mbh_minus_0p3dex,eddington_eps0p1,pbh,1.1349620291845366,6.95,8.98,-2.0300000000000002,0.29924463769122295,pbh,-2.908154928891233,2.0,6.0,False
GS172975_juodzbalis25,GS-172975,4.741,robust,mbh_minus_0p3dex,subeddington_eps0p1,light_popiii,1.1349620291845366,6.95,8.98,-2.0300000000000002,0.5528417882770049,light_popiii,3.9925535213326304,1.0,2.0,False
GS172975_juodzbalis25,GS-172975,4.741,robust,mbh_minus_0p3dex,subeddington_eps0p1,intermediate_cluster,1.1349620291845366,6.95,8.98,-2.0300000000000002,0.3499640678083793,intermediate_cluster,3.9925535213326304,3.0,4.0,True
GS172975_juodzbalis25,GS-172975,4.741,robust,mbh_minus_0p3dex,subeddington_eps0p1,heavy_dcbh,1.1349620291845366,6.95,8.98,-2.0300000000000002,0.19780577745691008,heavy_dcbh,3.9925535213326304,4.0,6.0,False
GS172975_juodzbalis25,GS-172975,4.741,robust,mbh_minus_0p3dex,subeddington_eps0p1,pbh,1.1349620291845366,6.95,8.98,-2.0300000000000002,0.29924463769122295,pbh,3.9925535213326304,2.0,6.0,True
GS172975_juodzbalis25,GS-172975,4.741,robust,mbh_minus_0p3dex,supercritical_eps0p05,light_popiii,1.1349620291845366,6.95,8.98,-2.0300000000000002,0.26187242602594973,light_popiii,-34.67332081087409,1.0,2.0,False
GS172975_juodzbalis25,GS-172975,4.741,robust,mbh_minus_0p3dex,supercritical_eps0p05,intermediate_cluster,1.1349620291845366,6.95,8.98,-2.0300000000000002,0.1657724531723902,intermediate_cluster,-34.67332081087409,3.0,4.0,False
GS172975_juodzbalis25,GS-172975,4.741,robust,mbh_minus_0p3dex,supercritical_eps0p05,heavy_dcbh,1.1349620291845366,6.95,8.98,-2.0300000000000002,0.09369747353222055,heavy_dcbh,-34.67332081087409,4.0,6.0,False
GS172975_juodzbalis25,GS-172975,4.741,robust,mbh_minus_0p3dex,supercritical_eps0p05,pbh,1.1349620291845366,6.95,8.98,-2.0300000000000002,0.14174745995900032,pbh,-34.67332081087409,2.0,6.0,False
GS172975_juodzbalis25,GS-172975,4.741,robust,mbh_minus_0p3dex,merger_boost_x2,light_popiii,1.1349620291845366,6.95,8.98,-2.0300000000000002,0.5223056486205105,light_popiii,-3.209184924555214,1.0,2.0,False
GS172975_juodzbalis25,GS-172975,4.741,robust,mbh_minus_0p3dex,merger_boost_x2,intermediate_cluster,1.1349620291845366,6.95,8.98,-2.0300000000000002,0.3194279281518849,intermediate_cluster,-3.209184924555214,3.0,4.0,False
GS172975_juodzbalis25,GS-172975,4.741,robust,mbh_minus_0p3dex,merger_boost_x2,heavy_dcbh,1.1349620291845366,6.95,8.98,-2.0300000000000002,0.16726963780041568,heavy_dcbh,-3.209184924555214,4.0,6.0,False
GS172975_juodzbalis25,GS-172975,4.741,robust,mbh_minus_0p3dex,merger_boost_x2,pbh,1.1349620291845366,6.95,8.98,-2.0300000000000002,0.2687084980347285,pbh,-3.209184924555214,2.0,6.0,False
GS172975_juodzbalis25,GS-172975,4.741,robust,mbh_plus_0p3dex,eddington_eps0p1,light_popiii,1.1349620291845366,7.55,8.98,-1.4300000000000006,0.6137051044175927,light_popiii,-2.3081549288912333,1.0,2.0,False
GS172975_juodzbalis25,GS-172975,4.741,robust,mbh_plus_0p3dex,eddington_eps0p1,intermediate_cluster,1.1349620291845366,7.55,8.98,-1.4300000000000006,0.410827383948967,intermediate_cluster,-2.3081549288912333,3.0,4.0,False
GS172975_juodzbalis25,GS-172975,4.741,robust,mbh_plus_0p3dex,eddington_eps0p1,heavy_dcbh,1.1349620291845366,7.55,8.98,-1.4300000000000006,0.2586690935974978,heavy_dcbh,-2.3081549288912333,4.0,6.0,False
GS172975_juodzbalis25,GS-172975,4.741,robust,mbh_plus_0p3dex,eddington_eps0p1,pbh,1.1349620291845366,7.55,8.98,-1.4300000000000006,0.36010795383181055,pbh,-2.3081549288912333,2.0,6.0,False
GS172975_juodzbalis25,GS-172975,4.741,robust,mbh_plus_0p3dex,subeddington_eps0p1,light_popiii,1.1349620291845366,7.55,8.98,-1.4300000000000006,0.6137051044175927,light_popiii,4.59255352133263,1.0,2.0,False
GS172975_juodzbalis25,GS-172975,4.741,robust,mbh_plus_0p3dex,subeddington_eps0p1,intermediate_cluster,1.1349620291845366,7.55,8.98,-1.4300000000000006,0.410827383948967,intermediate_cluster,4.59255352133263,3.0,4.0,False
GS172975_juodzbalis25,GS-172975,4.741,robust,mbh_plus_0p3dex,subeddington_eps0p1,heavy_dcbh,1.1349620291845366,7.55,8.98,-1.4300000000000006,0.2586690935974978,heavy_dcbh,4.59255352133263,4.0,6.0,True
GS172975_juodzbalis25,GS-172975,4.741,robust,mbh_plus_0p3dex,subeddington_eps0p1,pbh,1.1349620291845366,7.55,8.98,-1.4300000000000006,0.36010795383181055,pbh,4.59255352133263,2.0,6.0,True
GS172975_juodzbalis25,GS-172975,4.741,robust,mbh_plus_0p3dex,supercritical_eps0p05,light_popiii,1.1349620291845366,7.55,8.98,-1.4300000000000006,0.29070241788201756,light_popiii,-34.073320810874094,1.0,2.0,False
GS172975_juodzbalis25,GS-172975,4.741,robust,mbh_plus_0p3dex,supercritical_eps0p05,intermediate_cluster,1.1349620291845366,7.55,8.98,-1.4300000000000006,0.19460244502845805,intermediate_cluster,-34.073320810874094,3.0,4.0,False
GS172975_juodzbalis25,GS-172975,4.741,robust,mbh_plus_0p3dex,supercritical_eps0p05,heavy_dcbh,1.1349620291845366,7.55,8.98,-1.4300000000000006,0.12252746538828839,heavy_dcbh,-34.073320810874094,4.0,6.0,False
GS172975_juodzbalis25,GS-172975,4.741,robust,mbh_plus_0p3dex,supercritical_eps0p05,pbh,1.1349620291845366,7.55,8.98,-1.4300000000000006,0.17057745181506814,pbh,-34.073320810874094,2.0,6.0,False
GS172975_juodzbalis25,GS-172975,4.741,robust,mbh_plus_0p3dex,merger_boost_x2,light_popiii,1.1349620291845366,7.55,8.98,-1.4300000000000006,0.5831689647610984,light_popiii,-2.6091849245552146,1.0,2.0,False
GS172975_juodzbalis25,GS-172975,4.741,robust,mbh_plus_0p3dex,merger_boost_x2,intermediate_cluster,1.1349620291845366,7.55,8.98,-1.4300000000000006,0.38029124429247263,intermediate_cluster,-2.6091849245552146,3.0,4.0,False
GS172975_juodzbalis25,GS-172975,4.741,robust,mbh_plus_0p3dex,merger_boost_x2,heavy_dcbh,1.1349620291845366,7.55,8.98,-1.4300000000000006,0.22813295394100333,heavy_dcbh,-2.6091849245552146,4.0,6.0,False
GS172975_juodzbalis25,GS-172975,4.741,robust,mbh_plus_0p3dex,merger_boost_x2,pbh,1.1349620291845366,7.55,8.98,-1.4300000000000006,0.32957181417531617,pbh,-2.6091849245552146,2.0,6.0,False
GS172975_juodzbalis25,GS-172975,4.741,robust,mstar_agn_20pct,eddington_eps0p1,light_popiii,1.1349620291845366,7.25,8.883089986991944,-1.6330899869919442,0.5832734463472988,light_popiii,-2.608154928891233,1.0,2.0,False
GS172975_juodzbalis25,GS-172975,4.741,robust,mstar_agn_20pct,eddington_eps0p1,intermediate_cluster,1.1349620291845366,7.25,8.883089986991944,-1.6330899869919442,0.3803957258786732,intermediate_cluster,-2.608154928891233,3.0,4.0,False
GS172975_juodzbalis25,GS-172975,4.741,robust,mstar_agn_20pct,eddington_eps0p1,heavy_dcbh,1.1349620291845366,7.25,8.883089986991944,-1.6330899869919442,0.2282374355272039,heavy_dcbh,-2.608154928891233,4.0,6.0,False
GS172975_juodzbalis25,GS-172975,4.741,robust,mstar_agn_20pct,eddington_eps0p1,pbh,1.1349620291845366,7.25,8.883089986991944,-1.6330899869919442,0.32967629576151675,pbh,-2.608154928891233,2.0,6.0,False
GS172975_juodzbalis25,GS-172975,4.741,robust,mstar_agn_20pct,subeddington_eps0p1,light_popiii,1.1349620291845366,7.25,8.883089986991944,-1.6330899869919442,0.5832734463472988,light_popiii,4.29255352133263,1.0,2.0,False
GS172975_juodzbalis25,GS-172975,4.741,robust,mstar_agn_20pct,subeddington_eps0p1,intermediate_cluster,1.1349620291845366,7.25,8.883089986991944,-1.6330899869919442,0.3803957258786732,intermediate_cluster,4.29255352133263,3.0,4.0,False
GS172975_juodzbalis25,GS-172975,4.741,robust,mstar_agn_20pct,subeddington_eps0p1,heavy_dcbh,1.1349620291845366,7.25,8.883089986991944,-1.6330899869919442,0.2282374355272039,heavy_dcbh,4.29255352133263,4.0,6.0,True
GS172975_juodzbalis25,GS-172975,4.741,robust,mstar_agn_20pct,subeddington_eps0p1,pbh,1.1349620291845366,7.25,8.883089986991944,-1.6330899869919442,0.32967629576151675,pbh,4.29255352133263,2.0,6.0,True
GS172975_juodzbalis25,GS-172975,4.741,robust,mstar_agn_20pct,supercritical_eps0p05,light_popiii,1.1349620291845366,7.25,8.883089986991944,-1.6330899869919442,0.2762874219539837,light_popiii,-34.37332081087409,1.0,2.0,False
GS172975_juodzbalis25,GS-172975,4.741,robust,mstar_agn_20pct,supercritical_eps0p05,intermediate_cluster,1.1349620291845366,7.25,8.883089986991944,-1.6330899869919442,0.18018744910042414,intermediate_cluster,-34.37332081087409,3.0,4.0,False
GS172975_juodzbalis25,GS-172975,4.741,robust,mstar_agn_20pct,supercritical_eps0p05,heavy_dcbh,1.1349620291845366,7.25,8.883089986991944,-1.6330899869919442,0.10811246946025449,heavy_dcbh,-34.37332081087409,4.0,6.0,False
GS172975_juodzbalis25,GS-172975,4.741,robust,mstar_agn_20pct,supercritical_eps0p05,pbh,1.1349620291845366,7.25,8.883089986991944,-1.6330899869919442,0.15616245588703426,pbh,-34.37332081087409,2.0,6.0,False
GS172975_juodzbalis25,GS-172975,4.741,robust,mstar_agn_20pct,merger_boost_x2,light_popiii,1.1349620291845366,7.25,8.883089986991944,-1.6330899869919442,0.5527373066908045,light_popiii,-2.9091849245552144,1.0,2.0,False
GS172975_juodzbalis25,GS-172975,4.741,robust,mstar_agn_20pct,merger_boost_x2,intermediate_cluster,1.1349620291845366,7.25,8.883089986991944,-1.6330899869919442,0.3498595862221788,intermediate_cluster,-2.9091849245552144,3.0,4.0,False
GS172975_juodzbalis25,GS-172975,4.741,robust,mstar_agn_20pct,merger_boost_x2,heavy_dcbh,1.1349620291845366,7.25,8.883089986991944,-1.6330899869919442,0.1977012958707095,heavy_dcbh,-2.9091849245552144,4.0,6.0,False
GS172975_juodzbalis25,GS-172975,4.741,robust,mstar_agn_20pct,merger_boost_x2,pbh,1.1349620291845366,7.25,8.883089986991944,-1.6330899869919442,0.29914015610502237,pbh,-2.9091849245552144,2.0,6.0,False
GS159717_juodzbalis25,GS-159717,5.077,robust,baseline,eddington_eps0p1,light_popiii,1.0344533460036003,7.44,,,0.661090976467151,light_popiii,-1.5451475991143768,1.0,2.0,False
GS159717_juodzbalis25,GS-159717,5.077,robust,baseline,eddington_eps0p1,intermediate_cluster,1.0344533460036003,7.44,,,0.4385014221011069,intermediate_cluster,-1.5451475991143768,3.0,4.0,False
GS159717_juodzbalis25,GS-159717,5.077,robust,baseline,eddington_eps0p1,heavy_dcbh,1.0344533460036003,7.44,,,0.27155925632657385,heavy_dcbh,-1.5451475991143768,4.0,6.0,False
GS159717_juodzbalis25,GS-159717,5.077,robust,baseline,eddington_eps0p1,pbh,1.0344533460036003,7.44,,,0.3828540335095959,pbh,-1.5451475991143768,2.0,6.0,False
GS159717_juodzbalis25,GS-159717,5.077,robust,baseline,subeddington_eps0p1,light_popiii,1.0344533460036003,7.44,,,0.661090976467151,light_popiii,4.744455720265687,1.0,2.0,False
GS159717_juodzbalis25,GS-159717,5.077,robust,baseline,subeddington_eps0p1,intermediate_cluster,1.0344533460036003,7.44,,,0.4385014221011069,intermediate_cluster,4.744455720265687,3.0,4.0,False
GS159717_juodzbalis25,GS-159717,5.077,robust,baseline,subeddington_eps0p1,heavy_dcbh,1.0344533460036003,7.44,,,0.27155925632657385,heavy_dcbh,4.744455720265687,4.0,6.0,True
GS159717_juodzbalis25,GS-159717,5.077,robust,baseline,subeddington_eps0p1,pbh,1.0344533460036003,7.44,,,0.3828540335095959,pbh,4.744455720265687,2.0,6.0,True
GS159717_juodzbalis25,GS-159717,5.077,robust,baseline,supercritical_eps0p05,light_popiii,1.0344533460036003,7.44,,,0.3131483572739136,light_popiii,-30.497289862927364,1.0,2.0,False
GS159717_juodzbalis25,GS-159717,5.077,robust,baseline,supercritical_eps0p05,intermediate_cluster,1.0344533460036003,7.44,,,0.20771119994262957,intermediate_cluster,-30.497289862927364,3.0,4.0,False
GS159717_juodzbalis25,GS-159717,5.077,robust,baseline,supercritical_eps0p05,heavy_dcbh,1.0344533460036003,7.44,,,0.12863333194416654,heavy_dcbh,-30.497289862927364,4.0,6.0,False
GS159717_juodzbalis25,GS-159717,5.077,robust,baseline,supercritical_eps0p05,pbh,1.0344533460036003,7.44,,,0.18135191060980857,pbh,-30.497289862927364,2.0,6.0,False
GS159717_juodzbalis25,GS-159717,5.077,robust,baseline,merger_boost_x2,light_popiii,1.0344533460036003,7.44,,,0.6275879101743221,light_popiii,-1.846177594778358,1.0,2.0,False
GS159717_juodzbalis25,GS-159717,5.077,robust,baseline,merger_boost_x2,intermediate_cluster,1.0344533460036003,7.44,,,0.404998355808278,intermediate_cluster,-1.846177594778358,3.0,4.0,False
GS159717_juodzbalis25,GS-159717,5.077,robust,baseline,merger_boost_x2,heavy_dcbh,1.0344533460036003,7.44,,,0.23805619003374495,heavy_dcbh,-1.846177594778358,4.0,6.0,False
GS159717_juodzbalis25,GS-159717,5.077,robust,baseline,merger_boost_x2,pbh,1.0344533460036003,7.44,,,0.349350967216767,pbh,-1.846177594778358,2.0,6.0,False
GS159717_juodzbalis25,GS-159717,5.077,robust,mbh_minus_0p3dex,eddington_eps0p1,light_popiii,1.0344533460036003,7.140000000000001,,,0.6277025433122444,light_popiii,-1.8451475991143766,1.0,2.0,False
GS159717_juodzbalis25,GS-159717,5.077,robust,mbh_minus_0p3dex,eddington_eps0p1,intermediate_cluster,1.0344533460036003,7.140000000000001,,,0.4051129889462003,intermediate_cluster,-1.8451475991143766,3.0,4.0,False
GS159717_juodzbalis25,GS-159717,5.077,robust,mbh_minus_0p3dex,eddington_eps0p1,heavy_dcbh,1.0344533460036003,7.140000000000001,,,0.23817082317166724,heavy_dcbh,-1.8451475991143766,4.0,6.0,False
GS159717_juodzbalis25,GS-159717,5.077,robust,mbh_minus_0p3dex,eddington_eps0p1,pbh,1.0344533460036003,7.140000000000001,,,0.3494656003546893,pbh,-1.8451475991143766,2.0,6.0,False
GS159717_juodzbalis25,GS-159717,5.077,robust,mbh_minus_0p3dex,subeddington_eps0p1,light_popiii,1.0344533460036003,7.140000000000001,,,0.6277025433122444,light_popiii,4.444455720265688,1.0,2.0,False
GS159717_juodzbalis25,GS-159717,5.077,robust,mbh_minus_0p3dex,subeddington_eps0p1,intermediate_cluster,1.0344533460036003,7.140000000000001,,,0.4051129889462003,intermediate_cluster,4.444455720265688,3.0,4.0,False
GS159717_juodzbalis25,GS-159717,5.077,robust,mbh_minus_0p3dex,subeddington_eps0p1,heavy_dcbh,1.0344533460036003,7.140000000000001,,,0.23817082317166724,heavy_dcbh,4.444455720265688,4.0,6.0,True
GS159717_juodzbalis25,GS-159717,5.077,robust,mbh_minus_0p3dex,subeddington_eps0p1,pbh,1.0344533460036003,7.140000000000001,,,0.3494656003546893,pbh,4.444455720265688,2.0,6.0,True
GS159717_juodzbalis25,GS-159717,5.077,robust,mbh_minus_0p3dex,supercritical_eps0p05,light_popiii,1.0344533460036003,7.140000000000001,,,0.29733278367422106,light_popiii,-30.797289862927364,1.0,2.0,False
GS159717_juodzbalis25,GS-159717,5.077,robust,mbh_minus_0p3dex,supercritical_eps0p05,intermediate_cluster,1.0344533460036003,7.140000000000001,,,0.191895626342937,intermediate_cluster,-30.797289862927364,3.0,4.0,False
GS159717_juodzbalis25,GS-159717,5.077,robust,mbh_minus_0p3dex,supercritical_eps0p05,heavy_dcbh,1.0344533460036003,7.140000000000001,,,0.11281775834447395,heavy_dcbh,-30.797289862927364,4.0,6.0,False
GS159717_juodzbalis25,GS-159717,5.077,robust,mbh_minus_0p3dex,supercritical_eps0p05,pbh,1.0344533460036003,7.140000000000001,,,0.16553633701011597,pbh,-30.797289862927364,2.0,6.0,False
GS159717_juodzbalis25,GS-159717,5.077,robust,mbh_minus_0p3dex,merger_boost_x2,light_popiii,1.0344533460036003,7.140000000000001,,,0.5941994770194156,light_popiii,-2.146177594778358,1.0,2.0,False
GS159717_juodzbalis25,GS-159717,5.077,robust,mbh_minus_0p3dex,merger_boost_x2,intermediate_cluster,1.0344533460036003,7.140000000000001,,,0.37160992265337145,intermediate_cluster,-2.146177594778358,3.0,4.0,False
GS159717_juodzbalis25,GS-159717,5.077,robust,mbh_minus_0p3dex,merger_boost_x2,heavy_dcbh,1.0344533460036003,7.140000000000001,,,0.20466775687883834,heavy_dcbh,-2.146177594778358,4.0,6.0,False
GS159717_juodzbalis25,GS-159717,5.077,robust,mbh_minus_0p3dex,merger_boost_x2,pbh,1.0344533460036003,7.140000000000001,,,0.3159625340618604,pbh,-2.146177594778358,2.0,6.0,False
GS159717_juodzbalis25,GS-159717,5.077,robust,mbh_plus_0p3dex,eddington_eps0p1,light_popiii,1.0344533460036003,7.74,,,0.6944794096220577,light_popiii,-1.245147599114377,1.0,2.0,False
GS159717_juodzbalis25,GS-159717,5.077,robust,mbh_plus_0p3dex,eddington_eps0p1,intermediate_cluster,1.0344533460036003,7.74,,,0.4718898552560135,intermediate_cluster,-1.245147599114377,3.0,4.0,False
GS159717_juodzbalis25,GS-159717,5.077,robust,mbh_plus_0p3dex,eddington_eps0p1,heavy_dcbh,1.0344533460036003,7.74,,,0.3049476894814805,heavy_dcbh,-1.245147599114377,4.0,6.0,False
GS159717_juodzbalis25,GS-159717,5.077,robust,mbh_plus_0p3dex,eddington_eps0p1,pbh,1.0344533460036003,7.74,,,0.4162424666645025,pbh,-1.245147599114377,2.0,6.0,False
GS159717_juodzbalis25,GS-159717,5.077,robust,mbh_plus_0p3dex,subeddington_eps0p1,light_popiii,1.0344533460036003,7.74,,,0.6944794096220577,light_popiii,5.044455720265687,1.0,2.0,False
GS159717_juodzbalis25,GS-159717,5.077,robust,mbh_plus_0p3dex,subeddington_eps0p1,intermediate_cluster,1.0344533460036003,7.74,,,0.4718898552560135,intermediate_cluster,5.044455720265687,3.0,4.0,False
GS159717_juodzbalis25,GS-159717,5.077,robust,mbh_plus_0p3dex,subeddington_eps0p1,heavy_dcbh,1.0344533460036003,7.74,,,0.3049476894814805,heavy_dcbh,5.044455720265687,4.0,6.0,True
GS159717_juodzbalis25,GS-159717,5.077,robust,mbh_plus_0p3dex,subeddington_eps0p1,pbh,1.0344533460036003,7.74,,,0.4162424666645025,pbh,5.044455720265687,2.0,6.0,True
GS159717_juodzbalis25,GS-159717,5.077,robust,mbh_plus_0p3dex,supercritical_eps0p05,light_popiii,1.0344533460036003,7.74,,,0.3289639308736062,light_popiii,-30.197289862927363,1.0,2.0,False
GS159717_juodzbalis25,GS-159717,5.077,robust,mbh_plus_0p3dex,supercritical_eps0p05,intermediate_cluster,1.0344533460036003,7.74,,,0.2235267735423222,intermediate_cluster,-30.197289862927363,3.0,4.0,False
GS159717_juodzbalis25,GS-159717,5.077,robust,mbh_plus_0p3dex,supercritical_eps0p05,heavy_dcbh,1.0344533460036003,7.74,,,0.14444890554385917,heavy_dcbh,-30.197289862927363,4.0,6.0,False
GS159717_juodzbalis25,GS-159717,5.077,robust,mbh_plus_0p3dex,supercritical_eps0p05,pbh,1.0344533460036003,7.74,,,0.19716748420950117,pbh,-30.197289862927363,2.0,6.0,False
GS159717_juodzbalis25,GS-159717,5.077,robust,mbh_plus_0p3dex,merger_boost_x2,light_popiii,1.0344533460036003,7.74,,,0.6609763433292288,light_popiii,-1.5461775947783583,1.0,2.0,False
GS159717_juodzbalis25,GS-159717,5.077,robust,mbh_plus_0p3dex,merger_boost_x2,intermediate_cluster,1.0344533460036003,7.74,,,0.4383867889631846,intermediate_cluster,-1.5461775947783583,3.0,4.0,False
GS159717_juodzbalis25,GS-159717,5.077,robust,mbh_plus_0p3dex,merger_boost_x2,heavy_dcbh,1.0344533460036003,7.74,,,0.27144462318865153,heavy_dcbh,-1.5461775947783583,4.0,6.0,False
GS159717_juodzbalis25,GS-159717,5.077,robust,mbh_plus_0p3dex,merger_boost_x2,pbh,1.0344533460036003,7.74,,,0.3827394003716736,pbh,-1.5461775947783583,2.0,6.0,False
GS159717_juodzbalis25,GS-159717,5.077,robust,mstar_agn_20pct,eddington_eps0p1,light_popiii,1.0344533460036003,7.44,,,0.661090976467151,light_popiii,-1.5451475991143768,1.0,2.0,False
GS159717_juodzbalis25,GS-159717,5.077,robust,mstar_agn_20pct,eddington_eps0p1,intermediate_cluster,1.0344533460036003,7.44,,,0.4385014221011069,intermediate_cluster,-1.5451475991143768,3.0,4.0,False
GS159717_juodzbalis25,GS-159717,5.077,robust,mstar_agn_20pct,eddington_eps0p1,heavy_dcbh,1.0344533460036003,7.44,,,0.27155925632657385,heavy_dcbh,-1.5451475991143768,4.0,6.0,False
GS159717_juodzbalis25,GS-159717,5.077,robust,mstar_agn_20pct,eddington_eps0p1,pbh,1.0344533460036003,7.44,,,0.3828540335095959,pbh,-1.5451475991143768,2.0,6.0,False
GS159717_juodzbalis25,GS-159717,5.077,robust,mstar_agn_20pct,subeddington_eps0p1,light_popiii,1.0344533460036003,7.44,,,0.661090976467151,light_popiii,4.744455720265687,1.0,2.0,False
GS159717_juodzbalis25,GS-159717,5.077,robust,mstar_agn_20pct,subeddington_eps0p1,intermediate_cluster,1.0344533460036003,7.44,,,0.4385014221011069,intermediate_cluster,4.744455720265687,3.0,4.0,False
GS159717_juodzbalis25,GS-159717,5.077,robust,mstar_agn_20pct,subeddington_eps0p1,heavy_dcbh,1.0344533460036003,7.44,,,0.27155925632657385,heavy_dcbh,4.744455720265687,4.0,6.0,True
GS159717_juodzbalis25,GS-159717,5.077,robust,mstar_agn_20pct,subeddington_eps0p1,pbh,1.0344533460036003,7.44,,,0.3828540335095959,pbh,4.744455720265687,2.0,6.0,True
GS159717_juodzbalis25,GS-159717,5.077,robust,mstar_agn_20pct,supercritical_eps0p05,light_popiii,1.0344533460036003,7.44,,,0.3131483572739136,light_popiii,-30.497289862927364,1.0,2.0,False
GS159717_juodzbalis25,GS-159717,5.077,robust,mstar_agn_20pct,supercritical_eps0p05,intermediate_cluster,1.0344533460036003,7.44,,,0.20771119994262957,intermediate_cluster,-30.497289862927364,3.0,4.0,False
GS159717_juodzbalis25,GS-159717,5.077,robust,mstar_agn_20pct,supercritical_eps0p05,heavy_dcbh,1.0344533460036003,7.44,,,0.12863333194416654,heavy_dcbh,-30.497289862927364,4.0,6.0,False
GS159717_juodzbalis25,GS-159717,5.077,robust,mstar_agn_20pct,supercritical_eps0p05,pbh,1.0344533460036003,7.44,,,0.18135191060980857,pbh,-30.497289862927364,2.0,6.0,False
GS159717_juodzbalis25,GS-159717,5.077,robust,mstar_agn_20pct,merger_boost_x2,light_popiii,1.0344533460036003,7.44,,,0.6275879101743221,light_popiii,-1.846177594778358,1.0,2.0,False
GS159717_juodzbalis25,GS-159717,5.077,robust,mstar_agn_20pct,merger_boost_x2,intermediate_cluster,1.0344533460036003,7.44,,,0.404998355808278,intermediate_cluster,-1.846177594778358,3.0,4.0,False
GS159717_juodzbalis25,GS-159717,5.077,robust,mstar_agn_20pct,merger_boost_x2,heavy_dcbh,1.0344533460036003,7.44,,,0.23805619003374495,heavy_dcbh,-1.846177594778358,4.0,6.0,False
GS159717_juodzbalis25,GS-159717,5.077,robust,mstar_agn_20pct,merger_boost_x2,pbh,1.0344533460036003,7.44,,,0.349350967216767,pbh,-1.846177594778358,2.0,6.0,False
GN77652_juodzbalis25,GN-77652,5.229,robust,baseline,eddington_eps0p1,light_popiii,0.9933719551751099,6.62,8.36,-1.7399999999999993,0.5933948313475051,light_popiii,-2.008319172199891,1.0,2.0,False
GN77652_juodzbalis25,GN-77652,5.229,robust,baseline,eddington_eps0p1,intermediate_cluster,0.9933719551751099,6.62,8.36,-1.7399999999999993,0.361599975352386,intermediate_cluster,-2.008319172199891,3.0,4.0,False
GN77652_juodzbalis25,GN-77652,5.229,robust,baseline,eddington_eps0p1,heavy_dcbh,0.9933719551751099,6.62,8.36,-1.7399999999999993,0.18775383335604656,heavy_dcbh,-2.008319172199891,4.0,6.0,False
GN77652_juodzbalis25,GN-77652,5.229,robust,baseline,eddington_eps0p1,pbh,0.9933719551751099,6.62,8.36,-1.7399999999999993,0.30365126135360615,pbh,-2.008319172199891,2.0,6.0,False
GN77652_juodzbalis25,GN-77652,5.229,robust,baseline,subeddington_eps0p1,light_popiii,0.9933719551751099,6.62,8.36,-1.7399999999999993,0.5933948313475051,light_popiii,4.031504248340033,1.0,2.0,False
GN77652_juodzbalis25,GN-77652,5.229,robust,baseline,subeddington_eps0p1,intermediate_cluster,0.9933719551751099,6.62,8.36,-1.7399999999999993,0.361599975352386,intermediate_cluster,4.031504248340033,3.0,4.0,False
GN77652_juodzbalis25,GN-77652,5.229,robust,baseline,subeddington_eps0p1,heavy_dcbh,0.9933719551751099,6.62,8.36,-1.7399999999999993,0.18775383335604656,heavy_dcbh,4.031504248340033,4.0,6.0,True
GN77652_juodzbalis25,GN-77652,5.229,robust,baseline,subeddington_eps0p1,pbh,0.9933719551751099,6.62,8.36,-1.7399999999999993,0.30365126135360615,pbh,4.031504248340033,2.0,6.0,True
GN77652_juodzbalis25,GN-77652,5.229,robust,baseline,supercritical_eps0p05,light_popiii,0.9933719551751099,6.62,8.36,-1.7399999999999993,0.2810817622172393,light_popiii,-29.81068094928843,1.0,2.0,False
GN77652_juodzbalis25,GN-77652,5.229,robust,baseline,supercritical_eps0p05,intermediate_cluster,0.9933719551751099,6.62,8.36,-1.7399999999999993,0.1712841988511302,intermediate_cluster,-29.81068094928843,3.0,4.0,False
GN77652_juodzbalis25,GN-77652,5.229,robust,baseline,supercritical_eps0p05,heavy_dcbh,0.9933719551751099,6.62,8.36,-1.7399999999999993,0.08893602632654837,heavy_dcbh,-29.81068094928843,4.0,6.0,False
GN77652_juodzbalis25,GN-77652,5.229,robust,baseline,supercritical_eps0p05,pbh,0.9933719551751099,6.62,8.36,-1.7399999999999993,0.1438348080096029,pbh,-29.81068094928843,2.0,6.0,False
GN77652_juodzbalis25,GN-77652,5.229,robust,baseline,merger_boost_x2,light_popiii,0.9933719551751099,6.62,8.36,-1.7399999999999993,0.5585062290999332,light_popiii,-2.3093491678638722,1.0,2.0,False
GN77652_juodzbalis25,GN-77652,5.229,robust,baseline,merger_boost_x2,intermediate_cluster,0.9933719551751099,6.62,8.36,-1.7399999999999993,0.326711373104814,intermediate_cluster,-2.3093491678638722,3.0,4.0,False
GN77652_juodzbalis25,GN-77652,5.229,robust,baseline,merger_boost_x2,heavy_dcbh,0.9933719551751099,6.62,8.36,-1.7399999999999993,0.15286523110847464,heavy_dcbh,-2.3093491678638722,4.0,6.0,False
GN77652_juodzbalis25,GN-77652,5.229,robust,baseline,merger_boost_x2,pbh,0.9933719551751099,6.62,8.36,-1.7399999999999993,0.26876265910603425,pbh,-2.3093491678638722,2.0,6.0,False
GN77652_juodzbalis25,GN-77652,5.229,robust,mbh_minus_0p3dex,eddington_eps0p1,light_popiii,0.9933719551751099,6.32,8.36,-2.039999999999999,0.5586256029482373,light_popiii,-2.308319172199891,1.0,2.0,False
GN77652_juodzbalis25,GN-77652,5.229,robust,mbh_minus_0p3dex,eddington_eps0p1,intermediate_cluster,0.9933719551751099,6.32,8.36,-2.039999999999999,0.3268307469531181,intermediate_cluster,-2.308319172199891,3.0,4.0,False
GN77652_juodzbalis25,GN-77652,5.229,robust,mbh_minus_0p3dex,eddington_eps0p1,heavy_dcbh,0.9933719551751099,6.32,8.36,-2.039999999999999,0.15298460495677874,heavy_dcbh,-2.308319172199891,4.0,6.0,False
GN77652_juodzbalis25,GN-77652,5.229,robust,mbh_minus_0p3dex,eddington_eps0p1,pbh,0.9933719551751099,6.32,8.36,-2.039999999999999,0.26888203295433827,pbh,-2.308319172199891,2.0,6.0,False
GN77652_juodzbalis25,GN-77652,5.229,robust,mbh_minus_0p3dex,subeddington_eps0p1,light_popiii,0.9933719551751099,6.32,8.36,-2.039999999999999,0.5586256029482373,light_popiii,3.731504248340033,1.0,2.0,False
GN77652_juodzbalis25,GN-77652,5.229,robust,mbh_minus_0p3dex,subeddington_eps0p1,intermediate_cluster,0.9933719551751099,6.32,8.36,-2.039999999999999,0.3268307469531181,intermediate_cluster,3.731504248340033,3.0,4.0,True
GN77652_juodzbalis25,GN-77652,5.229,robust,mbh_minus_0p3dex,subeddington_eps0p1,heavy_dcbh,0.9933719551751099,6.32,8.36,-2.039999999999999,0.15298460495677874,heavy_dcbh,3.731504248340033,4.0,6.0,False
GN77652_juodzbalis25,GN-77652,5.229,robust,mbh_minus_0p3dex,subeddington_eps0p1,pbh,0.9933719551751099,6.32,8.36,-2.039999999999999,0.26888203295433827,pbh,3.731504248340033,2.0,6.0,True
GN77652_juodzbalis25,GN-77652,5.229,robust,mbh_minus_0p3dex,supercritical_eps0p05,light_popiii,0.9933719551751099,6.32,8.36,-2.039999999999999,0.2646121277123229,light_popiii,-30.11068094928843,1.0,2.0,False
GN77652_juodzbalis25,GN-77652,5.229,robust,mbh_minus_0p3dex,supercritical_eps0p05,intermediate_cluster,0.9933719551751099,6.32,8.36,-2.039999999999999,0.15481456434621385,intermediate_cluster,-30.11068094928843,3.0,4.0,False
GN77652_juodzbalis25,GN-77652,5.229,robust,mbh_minus_0p3dex,supercritical_eps0p05,heavy_dcbh,0.9933719551751099,6.32,8.36,-2.039999999999999,0.07246639182163202,heavy_dcbh,-30.11068094928843,4.0,6.0,False
GN77652_juodzbalis25,GN-77652,5.229,robust,mbh_minus_0p3dex,supercritical_eps0p05,pbh,0.9933719551751099,6.32,8.36,-2.039999999999999,0.12736517350468654,pbh,-30.11068094928843,2.0,6.0,False
GN77652_juodzbalis25,GN-77652,5.229,robust,mbh_minus_0p3dex,merger_boost_x2,light_popiii,0.9933719551751099,6.32,8.36,-2.039999999999999,0.5237370007006653,light_popiii,-2.609349167863872,1.0,2.0,False
GN77652_juodzbalis25,GN-77652,5.229,robust,mbh_minus_0p3dex,merger_boost_x2,intermediate_cluster,0.9933719551751099,6.32,8.36,-2.039999999999999,0.2919421447055462,intermediate_cluster,-2.609349167863872,3.0,4.0,False
GN77652_juodzbalis25,GN-77652,5.229,robust,mbh_minus_0p3dex,merger_boost_x2,heavy_dcbh,0.9933719551751099,6.32,8.36,-2.039999999999999,0.11809600270920675,heavy_dcbh,-2.609349167863872,4.0,6.0,False
GN77652_juodzbalis25,GN-77652,5.229,robust,mbh_minus_0p3dex,merger_boost_x2,pbh,0.9933719551751099,6.32,8.36,-2.039999999999999,0.23399343070676634,pbh,-2.609349167863872,2.0,6.0,False
GN77652_juodzbalis25,GN-77652,5.229,robust,mbh_plus_0p3dex,eddington_eps0p1,light_popiii,0.9933719551751099,6.92,8.36,-1.4399999999999995,0.628164059746773,light_popiii,-1.7083191721998912,1.0,2.0,False
GN77652_juodzbalis25,GN-77652,5.229,robust,mbh_plus_0p3dex,eddington_eps0p1,intermediate_cluster,0.9933719551751099,6.92,8.36,-1.4399999999999995,0.3963692037516538,intermediate_cluster,-1.7083191721998912,3.0,4.0,False
GN77652_juodzbalis25,GN-77652,5.229,robust,mbh_plus_0p3dex,eddington_eps0p1,heavy_dcbh,0.9933719551751099,6.92,8.36,-1.4399999999999995,0.22252306175531442,heavy_dcbh,-1.7083191721998912,4.0,6.0,False
GN77652_juodzbalis25,GN-77652,5.229,robust,mbh_plus_0p3dex,eddington_eps0p1,pbh,0.9933719551751099,6.92,8.36,-1.4399999999999995,0.33842048975287403,pbh,-1.7083191721998912,2.0,6.0,False
GN77652_juodzbalis25,GN-77652,5.229,robust,mbh_plus_0p3dex,subeddington_eps0p1,light_popiii,0.9933719551751099,6.92,8.36,-1.4399999999999995,0.628164059746773,light_popiii,4.331504248340033,1.0,2.0,False
GN77652_juodzbalis25,GN-77652,5.229,robust,mbh_plus_0p3dex,subeddington_eps0p1,intermediate_cluster,0.9933719551751099,6.92,8.36,-1.4399999999999995,0.3963692037516538,intermediate_cluster,4.331504248340033,3.0,4.0,False
GN77652_juodzbalis25,GN-77652,5.229,robust,mbh_plus_0p3dex,subeddington_eps0p1,heavy_dcbh,0.9933719551751099,6.92,8.36,-1.4399999999999995,0.22252306175531442,heavy_dcbh,4.331504248340033,4.0,6.0,True
GN77652_juodzbalis25,GN-77652,5.229,robust,mbh_plus_0p3dex,subeddington_eps0p1,pbh,0.9933719551751099,6.92,8.36,-1.4399999999999995,0.33842048975287403,pbh,4.331504248340033,2.0,6.0,True
GN77652_juodzbalis25,GN-77652,5.229,robust,mbh_plus_0p3dex,supercritical_eps0p05,light_popiii,0.9933719551751099,6.92,8.36,-1.4399999999999995,0.29755139672215564,light_popiii,-29.510680949288428,1.0,2.0,False
GN77652_juodzbalis25,GN-77652,5.229,robust,mbh_plus_0p3dex,supercritical_eps0p05,intermediate_cluster,0.9933719551751099,6.92,8.36,-1.4399999999999995,0.18775383335604653,intermediate_cluster,-29.510680949288428,3.0,4.0,False
GN77652_juodzbalis25,GN-77652,5.229,robust,mbh_plus_0p3dex,supercritical_eps0p05,heavy_dcbh,0.9933719551751099,6.92,8.36,-1.4399999999999995,0.10540566083146473,heavy_dcbh,-29.510680949288428,4.0,6.0,False
GN77652_juodzbalis25,GN-77652,5.229,robust,mbh_plus_0p3dex,supercritical_eps0p05,pbh,0.9933719551751099,6.92,8.36,-1.4399999999999995,0.16030444251451928,pbh,-29.510680949288428,2.0,6.0,False
GN77652_juodzbalis25,GN-77652,5.229,robust,mbh_plus_0p3dex,merger_boost_x2,light_popiii,0.9933719551751099,6.92,8.36,-1.4399999999999995,0.5932754574992011,light_popiii,-2.0093491678638724,1.0,2.0,False
GN77652_juodzbalis25,GN-77652,5.229,robust,mbh_plus_0p3dex,merger_boost_x2,intermediate_cluster,0.9933719551751099,6.92,8.36,-1.4399999999999995,0.36148060150408184,intermediate_cluster,-2.0093491678638724,3.0,4.0,False
GN77652_juodzbalis25,GN-77652,5.229,robust,mbh_plus_0p3dex,merger_boost_x2,heavy_dcbh,0.9933719551751099,6.92,8.36,-1.4399999999999995,0.18763445950774246,heavy_dcbh,-2.0093491678638724,4.0,6.0,False
GN77652_juodzbalis25,GN-77652,5.229,robust,mbh_plus_0p3dex,merger_boost_x2,pbh,0.9933719551751099,6.92,8.36,-1.4399999999999995,0.3035318875053021,pbh,-2.0093491678638724,2.0,6.0,False
GN77652_juodzbalis25,GN-77652,5.229,robust,mstar_agn_20pct,eddington_eps0p1,light_popiii,0.9933719551751099,6.62,8.263089986991943,-1.643089986991943,0.5933948313475051,light_popiii,-2.008319172199891,1.0,2.0,False
GN77652_juodzbalis25,GN-77652,5.229,robust,mstar_agn_20pct,eddington_eps0p1,intermediate_cluster,0.9933719551751099,6.62,8.263089986991943,-1.643089986991943,0.361599975352386,intermediate_cluster,-2.008319172199891,3.0,4.0,False
GN77652_juodzbalis25,GN-77652,5.229,robust,mstar_agn_20pct,eddington_eps0p1,heavy_dcbh,0.9933719551751099,6.62,8.263089986991943,-1.643089986991943,0.18775383335604656,heavy_dcbh,-2.008319172199891,4.0,6.0,False
GN77652_juodzbalis25,GN-77652,5.229,robust,mstar_agn_20pct,eddington_eps0p1,pbh,0.9933719551751099,6.62,8.263089986991943,-1.643089986991943,0.30365126135360615,pbh,-2.008319172199891,2.0,6.0,False
GN77652_juodzbalis25,GN-77652,5.229,robust,mstar_agn_20pct,subeddington_eps0p1,light_popiii,0.9933719551751099,6.62,8.263089986991943,-1.643089986991943,0.5933948313475051,light_popiii,4.031504248340033,1.0,2.0,False
GN77652_juodzbalis25,GN-77652,5.229,robust,mstar_agn_20pct,subeddington_eps0p1,intermediate_cluster,0.9933719551751099,6.62,8.263089986991943,-1.643089986991943,0.361599975352386,intermediate_cluster,4.031504248340033,3.0,4.0,False
GN77652_juodzbalis25,GN-77652,5.229,robust,mstar_agn_20pct,subeddington_eps0p1,heavy_dcbh,0.9933719551751099,6.62,8.263089986991943,-1.643089986991943,0.18775383335604656,heavy_dcbh,4.031504248340033,4.0,6.0,True
GN77652_juodzbalis25,GN-77652,5.229,robust,mstar_agn_20pct,subeddington_eps0p1,pbh,0.9933719551751099,6.62,8.263089986991943,-1.643089986991943,0.30365126135360615,pbh,4.031504248340033,2.0,6.0,True
GN77652_juodzbalis25,GN-77652,5.229,robust,mstar_agn_20pct,supercritical_eps0p05,light_popiii,0.9933719551751099,6.62,8.263089986991943,-1.643089986991943,0.2810817622172393,light_popiii,-29.81068094928843,1.0,2.0,False
GN77652_juodzbalis25,GN-77652,5.229,robust,mstar_agn_20pct,supercritical_eps0p05,intermediate_cluster,0.9933719551751099,6.62,8.263089986991943,-1.643089986991943,0.1712841988511302,intermediate_cluster,-29.81068094928843,3.0,4.0,False
GN77652_juodzbalis25,GN-77652,5.229,robust,mstar_agn_20pct,supercritical_eps0p05,heavy_dcbh,0.9933719551751099,6.62,8.263089986991943,-1.643089986991943,0.08893602632654837,heavy_dcbh,-29.81068094928843,4.0,6.0,False
GN77652_juodzbalis25,GN-77652,5.229,robust,mstar_agn_20pct,supercritical_eps0p05,pbh,0.9933719551751099,6.62,8.263089986991943,-1.643089986991943,0.1438348080096029,pbh,-29.81068094928843,2.0,6.0,False
GN77652_juodzbalis25,GN-77652,5.229,robust,mstar_agn_20pct,merger_boost_x2,light_popiii,0.9933719551751099,6.62,8.263089986991943,-1.643089986991943,0.5585062290999332,light_popiii,-2.3093491678638722,1.0,2.0,False
GN77652_juodzbalis25,GN-77652,5.229,robust,mstar_agn_20pct,merger_boost_x2,intermediate_cluster,0.9933719551751099,6.62,8.263089986991943,-1.643089986991943,0.326711373104814,intermediate_cluster,-2.3093491678638722,3.0,4.0,False
GN77652_juodzbalis25,GN-77652,5.229,robust,mstar_agn_20pct,merger_boost_x2,heavy_dcbh,0.9933719551751099,6.62,8.263089986991943,-1.643089986991943,0.15286523110847464,heavy_dcbh,-2.3093491678638722,4.0,6.0,False
GN77652_juodzbalis25,GN-77652,5.229,robust,mstar_agn_20pct,merger_boost_x2,pbh,0.9933719551751099,6.62,8.263089986991943,-1.643089986991943,0.26876265910603425,pbh,-2.3093491678638722,2.0,6.0,False
GN73488_juodzbalis25,GN-73488,4.133,robust,baseline,eddington_eps0p1,light_popiii,1.3593000033223943,7.83,9.71,-1.8800000000000008,0.5361349077844214,light_popiii,-3.9767298138797536,1.0,2.0,False
GN73488_juodzbalis25,GN-73488,4.133,robust,baseline,eddington_eps0p1,intermediate_cluster,1.3593000033223943,7.83,9.71,-1.8800000000000008,0.3667399922127243,intermediate_cluster,-3.9767298138797536,3.0,4.0,False
GN73488_juodzbalis25,GN-73488,4.133,robust,baseline,eddington_eps0p1,heavy_dcbh,1.3593000033223943,7.83,9.71,-1.8800000000000008,0.23969380553395142,heavy_dcbh,-3.9767298138797536,4.0,6.0,False
GN73488_juodzbalis25,GN-73488,4.133,robust,baseline,eddington_eps0p1,pbh,1.3593000033223943,7.83,9.71,-1.8800000000000008,0.3243912633198,pbh,-3.9767298138797536,2.0,6.0,False
GN73488_juodzbalis25,GN-73488,4.133,robust,baseline,subeddington_eps0p1,light_popiii,1.3593000033223943,7.83,9.71,-1.8800000000000008,0.5361349077844214,light_popiii,4.287981055836075,1.0,2.0,False
GN73488_juodzbalis25,GN-73488,4.133,robust,baseline,subeddington_eps0p1,intermediate_cluster,1.3593000033223943,7.83,9.71,-1.8800000000000008,0.3667399922127243,intermediate_cluster,4.287981055836075,3.0,4.0,False
GN73488_juodzbalis25,GN-73488,4.133,robust,baseline,subeddington_eps0p1,heavy_dcbh,1.3593000033223943,7.83,9.71,-1.8800000000000008,0.23969380553395142,heavy_dcbh,4.287981055836075,4.0,6.0,True
GN73488_juodzbalis25,GN-73488,4.133,robust,baseline,subeddington_eps0p1,pbh,1.3593000033223943,7.83,9.71,-1.8800000000000008,0.3243912633198,pbh,4.287981055836075,2.0,6.0,True
GN73488_juodzbalis25,GN-73488,4.133,robust,baseline,supercritical_eps0p05,light_popiii,1.3593000033223943,7.83,9.71,-1.8800000000000008,0.25395864052946276,light_popiii,-42.02063699193673,1.0,2.0,False
GN73488_juodzbalis25,GN-73488,4.133,robust,baseline,supercritical_eps0p05,intermediate_cluster,1.3593000033223943,7.83,9.71,-1.8800000000000008,0.1737189436797115,intermediate_cluster,-42.02063699193673,3.0,4.0,False
GN73488_juodzbalis25,GN-73488,4.133,robust,baseline,supercritical_eps0p05,heavy_dcbh,1.3593000033223943,7.83,9.71,-1.8800000000000008,0.11353917104239805,heavy_dcbh,-42.02063699193673,4.0,6.0,False
GN73488_juodzbalis25,GN-73488,4.133,robust,baseline,supercritical_eps0p05,pbh,1.3593000033223943,7.83,9.71,-1.8800000000000008,0.15365901946727367,pbh,-42.02063699193673,2.0,6.0,False
GN73488_juodzbalis25,GN-73488,4.133,robust,baseline,merger_boost_x2,light_popiii,1.3593000033223943,7.83,9.71,-1.8800000000000008,0.5106384324343972,light_popiii,-4.277759809543735,1.0,2.0,False
GN73488_juodzbalis25,GN-73488,4.133,robust,baseline,merger_boost_x2,intermediate_cluster,1.3593000033223943,7.83,9.71,-1.8800000000000008,0.34124351686270005,intermediate_cluster,-4.277759809543735,3.0,4.0,False
GN73488_juodzbalis25,GN-73488,4.133,robust,baseline,merger_boost_x2,heavy_dcbh,1.3593000033223943,7.83,9.71,-1.8800000000000008,0.2141973301839272,heavy_dcbh,-4.277759809543735,4.0,6.0,False
GN73488_juodzbalis25,GN-73488,4.133,robust,baseline,merger_boost_x2,pbh,1.3593000033223943,7.83,9.71,-1.8800000000000008,0.29889478796977575,pbh,-4.277759809543735,2.0,6.0,False
GN73488_juodzbalis25,GN-73488,4.133,robust,mbh_minus_0p3dex,eddington_eps0p1,light_popiii,1.3593000033223943,7.53,9.71,-2.1800000000000006,0.5107256704486668,light_popiii,-4.276729813879753,1.0,2.0,False
GN73488_juodzbalis25,GN-73488,4.133,robust,mbh_minus_0p3dex,eddington_eps0p1,intermediate_cluster,1.3593000033223943,7.53,9.71,-2.1800000000000006,0.3413307548769697,intermediate_cluster,-4.276729813879753,3.0,4.0,False
GN73488_juodzbalis25,GN-73488,4.133,robust,mbh_minus_0p3dex,eddington_eps0p1,heavy_dcbh,1.3593000033223943,7.53,9.71,-2.1800000000000006,0.21428456819819686,heavy_dcbh,-4.276729813879753,4.0,6.0,False
GN73488_juodzbalis25,GN-73488,4.133,robust,mbh_minus_0p3dex,eddington_eps0p1,pbh,1.3593000033223943,7.53,9.71,-2.1800000000000006,0.29898202598404544,pbh,-4.276729813879753,2.0,6.0,False
GN73488_juodzbalis25,GN-73488,4.133,robust,mbh_minus_0p3dex,subeddington_eps0p1,light_popiii,1.3593000033223943,7.53,9.71,-2.1800000000000006,0.5107256704486668,light_popiii,3.987981055836075,1.0,2.0,False
GN73488_juodzbalis25,GN-73488,4.133,robust,mbh_minus_0p3dex,subeddington_eps0p1,intermediate_cluster,1.3593000033223943,7.53,9.71,-2.1800000000000006,0.3413307548769697,intermediate_cluster,3.987981055836075,3.0,4.0,True
GN73488_juodzbalis25,GN-73488,4.133,robust,mbh_minus_0p3dex,subeddington_eps0p1,heavy_dcbh,1.3593000033223943,7.53,9.71,-2.1800000000000006,0.21428456819819686,heavy_dcbh,3.987981055836075,4.0,6.0,False
GN73488_juodzbalis25,GN-73488,4.133,robust,mbh_minus_0p3dex,subeddington_eps0p1,pbh,1.3593000033223943,7.53,9.71,-2.1800000000000006,0.29898202598404544,pbh,3.987981055836075,2.0,6.0,True
GN73488_juodzbalis25,GN-73488,4.133,robust,mbh_minus_0p3dex,supercritical_eps0p05,light_popiii,1.3593000033223943,7.53,9.71,-2.1800000000000006,0.24192268600200006,light_popiii,-42.32063699193673,1.0,2.0,False
GN73488_juodzbalis25,GN-73488,4.133,robust,mbh_minus_0p3dex,supercritical_eps0p05,intermediate_cluster,1.3593000033223943,7.53,9.71,-2.1800000000000006,0.1616829891522488,intermediate_cluster,-42.32063699193673,3.0,4.0,False
GN73488_juodzbalis25,GN-73488,4.133,robust,mbh_minus_0p3dex,supercritical_eps0p05,heavy_dcbh,1.3593000033223943,7.53,9.71,-2.1800000000000006,0.10150321651493537,heavy_dcbh,-42.32063699193673,4.0,6.0,False
GN73488_juodzbalis25,GN-73488,4.133,robust,mbh_minus_0p3dex,supercritical_eps0p05,pbh,1.3593000033223943,7.53,9.71,-2.1800000000000006,0.141623064939811,pbh,-42.32063699193673,2.0,6.0,False
GN73488_juodzbalis25,GN-73488,4.133,robust,mbh_minus_0p3dex,merger_boost_x2,light_popiii,1.3593000033223943,7.53,9.71,-2.1800000000000006,0.4852291950986426,light_popiii,-4.577759809543735,1.0,2.0,False
GN73488_juodzbalis25,GN-73488,4.133,robust,mbh_minus_0p3dex,merger_boost_x2,intermediate_cluster,1.3593000033223943,7.53,9.71,-2.1800000000000006,0.3158342795269454,intermediate_cluster,-4.577759809543735,3.0,4.0,False
GN73488_juodzbalis25,GN-73488,4.133,robust,mbh_minus_0p3dex,merger_boost_x2,heavy_dcbh,1.3593000033223943,7.53,9.71,-2.1800000000000006,0.18878809284817263,heavy_dcbh,-4.577759809543735,4.0,6.0,False
GN73488_juodzbalis25,GN-73488,4.133,robust,mbh_minus_0p3dex,merger_boost_x2,pbh,1.3593000033223943,7.53,9.71,-2.1800000000000006,0.2734855506340212,pbh,-4.577759809543735,2.0,6.0,False
GN73488_juodzbalis25,GN-73488,4.133,robust,mbh_plus_0p3dex,eddington_eps0p1,light_popiii,1.3593000033223943,8.13,9.71,-1.58,0.5615441451201759,light_popiii,-3.676729813879753,1.0,2.0,False
GN73488_juodzbalis25,GN-73488,4.133,robust,mbh_plus_0p3dex,eddington_eps0p1,intermediate_cluster,1.3593000033223943,8.13,9.71,-1.58,0.39214922954847886,intermediate_cluster,-3.676729813879753,3.0,4.0,False
GN73488_juodzbalis25,GN-73488,4.133,robust,mbh_plus_0p3dex,eddington_eps0p1,heavy_dcbh,1.3593000033223943,8.13,9.71,-1.58,0.26510304286970604,heavy_dcbh,-3.676729813879753,4.0,6.0,False
GN73488_juodzbalis25,GN-73488,4.133,robust,mbh_plus_0p3dex,eddington_eps0p1,pbh,1.3593000033223943,8.13,9.71,-1.58,0.3498005006555547,pbh,-3.676729813879753,2.0,6.0,False
GN73488_juodzbalis25,GN-73488,4.133,robust,mbh_plus_0p3dex,subeddington_eps0p1,light_popiii,1.3593000033223943,8.13,9.71,-1.58,0.5615441451201759,light_popiii,4.587981055836075,1.0,2.0,False
GN73488_juodzbalis25,GN-73488,4.133,robust,mbh_plus_0p3dex,subeddington_eps0p1,intermediate_cluster,1.3593000033223943,8.13,9.71,-1.58,0.39214922954847886,intermediate_cluster,4.587981055836075,3.0,4.0,False
GN73488_juodzbalis25,GN-73488,4.133,robust,mbh_plus_0p3dex,subeddington_eps0p1,heavy_dcbh,1.3593000033223943,8.13,9.71,-1.58,0.26510304286970604,heavy_dcbh,4.587981055836075,4.0,6.0,True
GN73488_juodzbalis25,GN-73488,4.133,robust,mbh_plus_0p3dex,subeddington_eps0p1,pbh,1.3593000033223943,8.13,9.71,-1.58,0.3498005006555547,pbh,4.587981055836075,2.0,6.0,True
GN73488_juodzbalis25,GN-73488,4.133,robust,mbh_plus_0p3dex,supercritical_eps0p05,light_popiii,1.3593000033223943,8.13,9.71,-1.58,0.26599459505692546,light_popiii,-41.72063699193673,1.0,2.0,False
GN73488_juodzbalis25,GN-73488,4.133,robust,mbh_plus_0p3dex,supercritical_eps0p05,intermediate_cluster,1.3593000033223943,8.13,9.71,-1.58,0.1857548982071742,intermediate_cluster,-41.72063699193673,3.0,4.0,False
GN73488_juodzbalis25,GN-73488,4.133,robust,mbh_plus_0p3dex,supercritical_eps0p05,heavy_dcbh,1.3593000033223943,8.13,9.71,-1.58,0.12557512556986075,heavy_dcbh,-41.72063699193673,4.0,6.0,False
GN73488_juodzbalis25,GN-73488,4.133,robust,mbh_plus_0p3dex,supercritical_eps0p05,pbh,1.3593000033223943,8.13,9.71,-1.58,0.1656949739947364,pbh,-41.72063699193673,2.0,6.0,False
GN73488_juodzbalis25,GN-73488,4.133,robust,mbh_plus_0p3dex,merger_boost_x2,light_popiii,1.3593000033223943,8.13,9.71,-1.58,0.5360476697701517,light_popiii,-3.977759809543734,1.0,2.0,False
GN73488_juodzbalis25,GN-73488,4.133,robust,mbh_plus_0p3dex,merger_boost_x2,intermediate_cluster,1.3593000033223943,8.13,9.71,-1.58,0.36665275419845467,intermediate_cluster,-3.977759809543734,3.0,4.0,False
GN73488_juodzbalis25,GN-73488,4.133,robust,mbh_plus_0p3dex,merger_boost_x2,heavy_dcbh,1.3593000033223943,8.13,9.71,-1.58,0.23960656751968182,heavy_dcbh,-3.977759809543734,4.0,6.0,False
GN73488_juodzbalis25,GN-73488,4.133,robust,mbh_plus_0p3dex,merger_boost_x2,pbh,1.3593000033223943,8.13,9.71,-1.58,0.32430402530553043,pbh,-3.977759809543734,2.0,6.0,False
GN73488_juodzbalis25,GN-73488,4.133,robust,mstar_agn_20pct,eddington_eps0p1,light_popiii,1.3593000033223943,7.83,9.613089986991945,-1.7830899869919445,0.5361349077844214,light_popiii,-3.9767298138797536,1.0,2.0,False
GN73488_juodzbalis25,GN-73488,4.133,robust,mstar_agn_20pct,eddington_eps0p1,intermediate_cluster,1.3593000033223943,7.83,9.613089986991945,-1.7830899869919445,0.3667399922127243,intermediate_cluster,-3.9767298138797536,3.0,4.0,False
GN73488_juodzbalis25,GN-73488,4.133,robust,mstar_agn_20pct,eddington_eps0p1,heavy_dcbh,1.3593000033223943,7.83,9.613089986991945,-1.7830899869919445,0.23969380553395142,heavy_dcbh,-3.9767298138797536,4.0,6.0,False
GN73488_juodzbalis25,GN-73488,4.133,robust,mstar_agn_20pct,eddington_eps0p1,pbh,1.3593000033223943,7.83,9.613089986991945,-1.7830899869919445,0.3243912633198,pbh,-3.9767298138797536,2.0,6.0,False
GN73488_juodzbalis25,GN-73488,4.133,robust,mstar_agn_20pct,subeddington_eps0p1,light_popiii,1.3593000033223943,7.83,9.613089986991945,-1.7830899869919445,0.5361349077844214,light_popiii,4.287981055836075,1.0,2.0,False
GN73488_juodzbalis25,GN-73488,4.133,robust,mstar_agn_20pct,subeddington_eps0p1,intermediate_cluster,1.3593000033223943,7.83,9.613089986991945,-1.7830899869919445,0.3667399922127243,intermediate_cluster,4.287981055836075,3.0,4.0,False
GN73488_juodzbalis25,GN-73488,4.133,robust,mstar_agn_20pct,subeddington_eps0p1,heavy_dcbh,1.3593000033223943,7.83,9.613089986991945,-1.7830899869919445,0.23969380553395142,heavy_dcbh,4.287981055836075,4.0,6.0,True
GN73488_juodzbalis25,GN-73488,4.133,robust,mstar_agn_20pct,subeddington_eps0p1,pbh,1.3593000033223943,7.83,9.613089986991945,-1.7830899869919445,0.3243912633198,pbh,4.287981055836075,2.0,6.0,True
GN73488_juodzbalis25,GN-73488,4.133,robust,mstar_agn_20pct,supercritical_eps0p05,light_popiii,1.3593000033223943,7.83,9.613089986991945,-1.7830899869919445,0.25395864052946276,light_popiii,-42.02063699193673,1.0,2.0,False
GN73488_juodzbalis25,GN-73488,4.133,robust,mstar_agn_20pct,supercritical_eps0p05,intermediate_cluster,1.3593000033223943,7.83,9.613089986991945,-1.7830899869919445,0.1737189436797115,intermediate_cluster,-42.02063699193673,3.0,4.0,False
GN73488_juodzbalis25,GN-73488,4.133,robust,mstar_agn_20pct,supercritical_eps0p05,heavy_dcbh,1.3593000033223943,7.83,9.613089986991945,-1.7830899869919445,0.11353917104239805,heavy_dcbh,-42.02063699193673,4.0,6.0,False
GN73488_juodzbalis25,GN-73488,4.133,robust,mstar_agn_20pct,supercritical_eps0p05,pbh,1.3593000033223943,7.83,9.613089986991945,-1.7830899869919445,0.15365901946727367,pbh,-42.02063699193673,2.0,6.0,False
GN73488_juodzbalis25,GN-73488,4.133,robust,mstar_agn_20pct,merger_boost_x2,light_popiii,1.3593000033223943,7.83,9.613089986991945,-1.7830899869919445,0.5106384324343972,light_popiii,-4.277759809543735,1.0,2.0,False
GN73488_juodzbalis25,GN-73488,4.133,robust,mstar_agn_20pct,merger_boost_x2,intermediate_cluster,1.3593000033223943,7.83,9.613089986991945,-1.7830899869919445,0.34124351686270005,intermediate_cluster,-4.277759809543735,3.0,4.0,False
GN73488_juodzbalis25,GN-73488,4.133,robust,mstar_agn_20pct,merger_boost_x2,heavy_dcbh,1.3593000033223943,7.83,9.613089986991945,-1.7830899869919445,0.2141973301839272,heavy_dcbh,-4.277759809543735,4.0,6.0,False
GN73488_juodzbalis25,GN-73488,4.133,robust,mstar_agn_20pct,merger_boost_x2,pbh,1.3593000033223943,7.83,9.613089986991945,-1.7830899869919445,0.29889478796977575,pbh,-4.277759809543735,2.0,6.0,False
GN62309_juodzbalis25,GN-62309,5.172,robust,baseline,eddington_eps0p1,light_popiii,1.0084829846529864,6.29,7.78,-1.4900000000000002,0.5468303760839669,light_popiii,-2.4695719065622734,1.0,2.0,False
GN62309_juodzbalis25,GN-62309,5.172,robust,baseline,eddington_eps0p1,intermediate_cluster,1.0084829846529864,6.29,7.78,-1.4900000000000002,0.31850871592364677,intermediate_cluster,-2.4695719065622734,3.0,4.0,False
GN62309_juodzbalis25,GN-62309,5.172,robust,baseline,eddington_eps0p1,heavy_dcbh,1.0084829846529864,6.29,7.78,-1.4900000000000002,0.14726747080340655,heavy_dcbh,-2.4695719065622734,4.0,6.0,False
GN62309_juodzbalis25,GN-62309,5.172,robust,baseline,eddington_eps0p1,pbh,1.0084829846529864,6.29,7.78,-1.4900000000000002,0.26142830088356667,pbh,-2.4695719065622734,2.0,6.0,False
GN62309_juodzbalis25,GN-62309,5.172,robust,baseline,subeddington_eps0p1,light_popiii,1.0084829846529864,6.29,7.78,-1.4900000000000002,0.5468303760839669,light_popiii,3.662128428031318,1.0,2.0,False
GN62309_juodzbalis25,GN-62309,5.172,robust,baseline,subeddington_eps0p1,intermediate_cluster,1.0084829846529864,6.29,7.78,-1.4900000000000002,0.31850871592364677,intermediate_cluster,3.662128428031318,3.0,4.0,True
GN62309_juodzbalis25,GN-62309,5.172,robust,baseline,subeddington_eps0p1,heavy_dcbh,1.0084829846529864,6.29,7.78,-1.4900000000000002,0.14726747080340655,heavy_dcbh,3.662128428031318,4.0,6.0,False
GN62309_juodzbalis25,GN-62309,5.172,robust,baseline,subeddington_eps0p1,pbh,1.0084829846529864,6.29,7.78,-1.4900000000000002,0.26142830088356667,pbh,3.662128428031318,2.0,6.0,True
GN62309_juodzbalis25,GN-62309,5.172,robust,baseline,supercritical_eps0p05,light_popiii,1.0084829846529864,6.29,7.78,-1.4900000000000002,0.25902491498714225,light_popiii,-30.694859161040718,1.0,2.0,False
GN62309_juodzbalis25,GN-62309,5.172,robust,baseline,supercritical_eps0p05,intermediate_cluster,1.0084829846529864,6.29,7.78,-1.4900000000000002,0.1508725496480432,intermediate_cluster,-30.694859161040718,3.0,4.0,False
GN62309_juodzbalis25,GN-62309,5.172,robust,baseline,supercritical_eps0p05,heavy_dcbh,1.0084829846529864,6.29,7.78,-1.4900000000000002,0.0697582756437189,heavy_dcbh,-30.694859161040718,4.0,6.0,False
GN62309_juodzbalis25,GN-62309,5.172,robust,baseline,supercritical_eps0p05,pbh,1.0084829846529864,6.29,7.78,-1.4900000000000002,0.12383445831326842,pbh,-30.694859161040718,2.0,6.0,False
GN62309_juodzbalis25,GN-62309,5.172,robust,baseline,merger_boost_x2,light_popiii,1.0084829846529864,6.29,7.78,-1.4900000000000002,0.5124645418999398,light_popiii,-2.7706019022262547,1.0,2.0,False
GN62309_juodzbalis25,GN-62309,5.172,robust,baseline,merger_boost_x2,intermediate_cluster,1.0084829846529864,6.29,7.78,-1.4900000000000002,0.2841428817396196,intermediate_cluster,-2.7706019022262547,3.0,4.0,False
GN62309_juodzbalis25,GN-62309,5.172,robust,baseline,merger_boost_x2,heavy_dcbh,1.0084829846529864,6.29,7.78,-1.4900000000000002,0.11290163661937945,heavy_dcbh,-2.7706019022262547,4.0,6.0,False
GN62309_juodzbalis25,GN-62309,5.172,robust,baseline,merger_boost_x2,pbh,1.0084829846529864,6.29,7.78,-1.4900000000000002,0.22706246669953956,pbh,-2.7706019022262547,2.0,6.0,False
GN62309_juodzbalis25,GN-62309,5.172,robust,mbh_minus_0p3dex,eddington_eps0p1,light_popiii,1.0084829846529864,5.99,7.78,-1.79,0.5125821270599189,light_popiii,-2.7695719065622733,1.0,2.0,False
GN62309_juodzbalis25,GN-62309,5.172,robust,mbh_minus_0p3dex,eddington_eps0p1,intermediate_cluster,1.0084829846529864,5.99,7.78,-1.79,0.2842604668995987,intermediate_cluster,-2.7695719065622733,3.0,4.0,False
GN62309_juodzbalis25,GN-62309,5.172,robust,mbh_minus_0p3dex,eddington_eps0p1,heavy_dcbh,1.0084829846529864,5.99,7.78,-1.79,0.11301922177935855,heavy_dcbh,-2.7695719065622733,4.0,6.0,False
GN62309_juodzbalis25,GN-62309,5.172,robust,mbh_minus_0p3dex,eddington_eps0p1,pbh,1.0084829846529864,5.99,7.78,-1.79,0.22718005185951862,pbh,-2.7695719065622733,2.0,6.0,False
GN62309_juodzbalis25,GN-62309,5.172,robust,mbh_minus_0p3dex,subeddington_eps0p1,light_popiii,1.0084829846529864,5.99,7.78,-1.79,0.5125821270599189,light_popiii,3.362128428031318,1.0,2.0,False
GN62309_juodzbalis25,GN-62309,5.172,robust,mbh_minus_0p3dex,subeddington_eps0p1,intermediate_cluster,1.0084829846529864,5.99,7.78,-1.79,0.2842604668995987,intermediate_cluster,3.362128428031318,3.0,4.0,True
GN62309_juodzbalis25,GN-62309,5.172,robust,mbh_minus_0p3dex,subeddington_eps0p1,heavy_dcbh,1.0084829846529864,5.99,7.78,-1.79,0.11301922177935855,heavy_dcbh,3.362128428031318,4.0,6.0,False
GN62309_juodzbalis25,GN-62309,5.172,robust,mbh_minus_0p3dex,subeddington_eps0p1,pbh,1.0084829846529864,5.99,7.78,-1.79,0.22718005185951862,pbh,3.362128428031318,2.0,6.0,True
GN62309_juodzbalis25,GN-62309,5.172,robust,mbh_minus_0p3dex,supercritical_eps0p05,light_popiii,1.0084829846529864,5.99,7.78,-1.79,0.2428020601862774,light_popiii,-30.994859161040715,1.0,2.0,False
GN62309_juodzbalis25,GN-62309,5.172,robust,mbh_minus_0p3dex,supercritical_eps0p05,intermediate_cluster,1.0084829846529864,5.99,7.78,-1.79,0.13464969484717834,intermediate_cluster,-30.994859161040715,3.0,4.0,False
GN62309_juodzbalis25,GN-62309,5.172,robust,mbh_minus_0p3dex,supercritical_eps0p05,heavy_dcbh,1.0084829846529864,5.99,7.78,-1.79,0.05353542084285405,heavy_dcbh,-30.994859161040715,4.0,6.0,False
GN62309_juodzbalis25,GN-62309,5.172,robust,mbh_minus_0p3dex,supercritical_eps0p05,pbh,1.0084829846529864,5.99,7.78,-1.79,0.10761160351240356,pbh,-30.994859161040715,2.0,6.0,False
GN62309_juodzbalis25,GN-62309,5.172,robust,mbh_minus_0p3dex,merger_boost_x2,light_popiii,1.0084829846529864,5.99,7.78,-1.79,0.4782162928758919,light_popiii,-3.0706019022262545,1.0,2.0,False
GN62309_juodzbalis25,GN-62309,5.172,robust,mbh_minus_0p3dex,merger_boost_x2,intermediate_cluster,1.0084829846529864,5.99,7.78,-1.79,0.24989463271557164,intermediate_cluster,-3.0706019022262545,3.0,4.0,False
GN62309_juodzbalis25,GN-62309,5.172,robust,mbh_minus_0p3dex,merger_boost_x2,heavy_dcbh,1.0084829846529864,5.99,7.78,-1.79,0.07865338759533144,heavy_dcbh,-3.0706019022262545,4.0,6.0,False
GN62309_juodzbalis25,GN-62309,5.172,robust,mbh_minus_0p3dex,merger_boost_x2,pbh,1.0084829846529864,5.99,7.78,-1.79,0.19281421767549156,pbh,-3.0706019022262545,2.0,6.0,False
GN62309_juodzbalis25,GN-62309,5.172,robust,mbh_plus_0p3dex,eddington_eps0p1,light_popiii,1.0084829846529864,6.59,7.78,-1.1900000000000004,0.581078625108015,light_popiii,-2.1695719065622736,1.0,2.0,False
GN62309_juodzbalis25,GN-62309,5.172,robust,mbh_plus_0p3dex,eddington_eps0p1,intermediate_cluster,1.0084829846529864,6.59,7.78,-1.1900000000000004,0.35275696494769476,intermediate_cluster,-2.1695719065622736,3.0,4.0,False
GN62309_juodzbalis25,GN-62309,5.172,robust,mbh_plus_0p3dex,eddington_eps0p1,heavy_dcbh,1.0084829846529864,6.59,7.78,-1.1900000000000004,0.18151571982745457,heavy_dcbh,-2.1695719065622736,4.0,6.0,False
GN62309_juodzbalis25,GN-62309,5.172,robust,mbh_plus_0p3dex,eddington_eps0p1,pbh,1.0084829846529864,6.59,7.78,-1.1900000000000004,0.29567654990761466,pbh,-2.1695719065622736,2.0,6.0,False
GN62309_juodzbalis25,GN-62309,5.172,robust,mbh_plus_0p3dex,subeddington_eps0p1,light_popiii,1.0084829846529864,6.59,7.78,-1.1900000000000004,0.581078625108015,light_popiii,3.962128428031318,1.0,2.0,False
GN62309_juodzbalis25,GN-62309,5.172,robust,mbh_plus_0p3dex,subeddington_eps0p1,intermediate_cluster,1.0084829846529864,6.59,7.78,-1.1900000000000004,0.35275696494769476,intermediate_cluster,3.962128428031318,3.0,4.0,True
GN62309_juodzbalis25,GN-62309,5.172,robust,mbh_plus_0p3dex,subeddington_eps0p1,heavy_dcbh,1.0084829846529864,6.59,7.78,-1.1900000000000004,0.18151571982745457,heavy_dcbh,3.962128428031318,4.0,6.0,False
GN62309_juodzbalis25,GN-62309,5.172,robust,mbh_plus_0p3dex,subeddington_eps0p1,pbh,1.0084829846529864,6.59,7.78,-1.1900000000000004,0.29567654990761466,pbh,3.962128428031318,2.0,6.0,True
GN62309_juodzbalis25,GN-62309,5.172,robust,mbh_plus_0p3dex,supercritical_eps0p05,light_popiii,1.0084829846529864,6.59,7.78,-1.1900000000000004,0.2752477697880071,light_popiii,-30.394859161040717,1.0,2.0,False
GN62309_juodzbalis25,GN-62309,5.172,robust,mbh_plus_0p3dex,supercritical_eps0p05,intermediate_cluster,1.0084829846529864,6.59,7.78,-1.1900000000000004,0.16709540444890805,intermediate_cluster,-30.394859161040717,3.0,4.0,False
GN62309_juodzbalis25,GN-62309,5.172,robust,mbh_plus_0p3dex,supercritical_eps0p05,heavy_dcbh,1.0084829846529864,6.59,7.78,-1.1900000000000004,0.08598113044458373,heavy_dcbh,-30.394859161040717,4.0,6.0,False
GN62309_juodzbalis25,GN-62309,5.172,robust,mbh_plus_0p3dex,supercritical_eps0p05,pbh,1.0084829846529864,6.59,7.78,-1.1900000000000004,0.14005731311413325,pbh,-30.394859161040717,2.0,6.0,False
GN62309_juodzbalis25,GN-62309,5.172,robust,mbh_plus_0p3dex,merger_boost_x2,light_popiii,1.0084829846529864,6.59,7.78,-1.1900000000000004,0.546712790923988,light_popiii,-2.470601902226255,1.0,2.0,False
GN62309_juodzbalis25,GN-62309,5.172,robust,mbh_plus_0p3dex,merger_boost_x2,intermediate_cluster,1.0084829846529864,6.59,7.78,-1.1900000000000004,0.31839113076366765,intermediate_cluster,-2.470601902226255,3.0,4.0,False
GN62309_juodzbalis25,GN-62309,5.172,robust,mbh_plus_0p3dex,merger_boost_x2,heavy_dcbh,1.0084829846529864,6.59,7.78,-1.1900000000000004,0.14714988564342746,heavy_dcbh,-2.470601902226255,4.0,6.0,False
GN62309_juodzbalis25,GN-62309,5.172,robust,mbh_plus_0p3dex,merger_boost_x2,pbh,1.0084829846529864,6.59,7.78,-1.1900000000000004,0.2613107157235876,pbh,-2.470601902226255,2.0,6.0,False
GN62309_juodzbalis25,GN-62309,5.172,robust,mstar_agn_20pct,eddington_eps0p1,light_popiii,1.0084829846529864,6.29,7.683089986991944,-1.393089986991944,0.5468303760839669,light_popiii,-2.4695719065622734,1.0,2.0,False
GN62309_juodzbalis25,GN-62309,5.172,robust,mstar_agn_20pct,eddington_eps0p1,intermediate_cluster,1.0084829846529864,6.29,7.683089986991944,-1.393089986991944,0.31850871592364677,intermediate_cluster,-2.4695719065622734,3.0,4.0,False
GN62309_juodzbalis25,GN-62309,5.172,robust,mstar_agn_20pct,eddington_eps0p1,heavy_dcbh,1.0084829846529864,6.29,7.683089986991944,-1.393089986991944,0.14726747080340655,heavy_dcbh,-2.4695719065622734,4.0,6.0,False
GN62309_juodzbalis25,GN-62309,5.172,robust,mstar_agn_20pct,eddington_eps0p1,pbh,1.0084829846529864,6.29,7.683089986991944,-1.393089986991944,0.26142830088356667,pbh,-2.4695719065622734,2.0,6.0,False
GN62309_juodzbalis25,GN-62309,5.172,robust,mstar_agn_20pct,subeddington_eps0p1,light_popiii,1.0084829846529864,6.29,7.683089986991944,-1.393089986991944,0.5468303760839669,light_popiii,3.662128428031318,1.0,2.0,False
GN62309_juodzbalis25,GN-62309,5.172,robust,mstar_agn_20pct,subeddington_eps0p1,intermediate_cluster,1.0084829846529864,6.29,7.683089986991944,-1.393089986991944,0.31850871592364677,intermediate_cluster,3.662128428031318,3.0,4.0,True
GN62309_juodzbalis25,GN-62309,5.172,robust,mstar_agn_20pct,subeddington_eps0p1,heavy_dcbh,1.0084829846529864,6.29,7.683089986991944,-1.393089986991944,0.14726747080340655,heavy_dcbh,3.662128428031318,4.0,6.0,False
GN62309_juodzbalis25,GN-62309,5.172,robust,mstar_agn_20pct,subeddington_eps0p1,pbh,1.0084829846529864,6.29,7.683089986991944,-1.393089986991944,0.26142830088356667,pbh,3.662128428031318,2.0,6.0,True
GN62309_juodzbalis25,GN-62309,5.172,robust,mstar_agn_20pct,supercritical_eps0p05,light_popiii,1.0084829846529864,6.29,7.683089986991944,-1.393089986991944,0.25902491498714225,light_popiii,-30.694859161040718,1.0,2.0,False
GN62309_juodzbalis25,GN-62309,5.172,robust,mstar_agn_20pct,supercritical_eps0p05,intermediate_cluster,1.0084829846529864,6.29,7.683089986991944,-1.393089986991944,0.1508725496480432,intermediate_cluster,-30.694859161040718,3.0,4.0,False
GN62309_juodzbalis25,GN-62309,5.172,robust,mstar_agn_20pct,supercritical_eps0p05,heavy_dcbh,1.0084829846529864,6.29,7.683089986991944,-1.393089986991944,0.0697582756437189,heavy_dcbh,-30.694859161040718,4.0,6.0,False
GN62309_juodzbalis25,GN-62309,5.172,robust,mstar_agn_20pct,supercritical_eps0p05,pbh,1.0084829846529864,6.29,7.683089986991944,-1.393089986991944,0.12383445831326842,pbh,-30.694859161040718,2.0,6.0,False
GN62309_juodzbalis25,GN-62309,5.172,robust,mstar_agn_20pct,merger_boost_x2,light_popiii,1.0084829846529864,6.29,7.683089986991944,-1.393089986991944,0.5124645418999398,light_popiii,-2.7706019022262547,1.0,2.0,False
GN62309_juodzbalis25,GN-62309,5.172,robust,mstar_agn_20pct,merger_boost_x2,intermediate_cluster,1.0084829846529864,6.29,7.683089986991944,-1.393089986991944,0.2841428817396196,intermediate_cluster,-2.7706019022262547,3.0,4.0,False
GN62309_juodzbalis25,GN-62309,5.172,robust,mstar_agn_20pct,merger_boost_x2,heavy_dcbh,1.0084829846529864,6.29,7.683089986991944,-1.393089986991944,0.11290163661937945,heavy_dcbh,-2.7706019022262547,4.0,6.0,False
GN62309_juodzbalis25,GN-62309,5.172,robust,mstar_agn_20pct,merger_boost_x2,pbh,1.0084829846529864,6.29,7.683089986991944,-1.393089986991944,0.22706246669953956,pbh,-2.7706019022262547,2.0,6.0,False
GN61888_juodzbalis25,GN-61888,5.874,robust,baseline,eddington_eps0p1,light_popiii,0.8437420331739942,7.04,8.53,-1.4899999999999993,0.7559372956210445,light_popiii,-0.28865018314592117,1.0,2.0,False
GN61888_juodzbalis25,GN-61888,5.874,robust,baseline,eddington_eps0p1,intermediate_cluster,0.8437420331739942,7.04,8.53,-1.4899999999999993,0.4830357448553245,intermediate_cluster,-0.28865018314592117,3.0,4.0,False
GN61888_juodzbalis25,GN-61888,5.874,robust,baseline,eddington_eps0p1,heavy_dcbh,0.8437420331739942,7.04,8.53,-1.4899999999999993,0.2783595817810344,heavy_dcbh,-0.28865018314592117,4.0,6.0,False
GN61888_juodzbalis25,GN-61888,5.874,robust,baseline,eddington_eps0p1,pbh,0.8437420331739942,7.04,8.53,-1.4899999999999993,0.41481035716389447,pbh,-0.28865018314592117,2.0,6.0,False
GN61888_juodzbalis25,GN-61888,5.874,robust,baseline,subeddington_eps0p1,light_popiii,0.8437420331739942,7.04,8.53,-1.4899999999999993,0.7559372956210445,light_popiii,4.841404945056224,1.0,2.0,False
GN61888_juodzbalis25,GN-61888,5.874,robust,baseline,subeddington_eps0p1,intermediate_cluster,0.8437420331739942,7.04,8.53,-1.4899999999999993,0.4830357448553245,intermediate_cluster,4.841404945056224,3.0,4.0,False
GN61888_juodzbalis25,GN-61888,5.874,robust,baseline,subeddington_eps0p1,heavy_dcbh,0.8437420331739942,7.04,8.53,-1.4899999999999993,0.2783595817810344,heavy_dcbh,4.841404945056224,4.0,6.0,True
GN61888_juodzbalis25,GN-61888,5.874,robust,baseline,subeddington_eps0p1,pbh,0.8437420331739942,7.04,8.53,-1.4899999999999993,0.41481035716389447,pbh,4.841404945056224,2.0,6.0,True
GN61888_juodzbalis25,GN-61888,5.874,robust,baseline,supercritical_eps0p05,light_popiii,0.8437420331739942,7.04,8.53,-1.4899999999999993,0.3580755610836526,light_popiii,-23.90318966217167,1.0,2.0,False
GN61888_juodzbalis25,GN-61888,5.874,robust,baseline,supercritical_eps0p05,intermediate_cluster,0.8437420331739942,7.04,8.53,-1.4899999999999993,0.22880640545778527,intermediate_cluster,-23.90318966217167,3.0,4.0,False
GN61888_juodzbalis25,GN-61888,5.874,robust,baseline,supercritical_eps0p05,heavy_dcbh,0.8437420331739942,7.04,8.53,-1.4899999999999993,0.13185453873838474,heavy_dcbh,-23.90318966217167,4.0,6.0,False
GN61888_juodzbalis25,GN-61888,5.874,robust,baseline,supercritical_eps0p05,pbh,0.8437420331739942,7.04,8.53,-1.4899999999999993,0.19648911655131843,pbh,-23.90318966217167,2.0,6.0,False
GN61888_juodzbalis25,GN-61888,5.874,robust,baseline,merger_boost_x2,light_popiii,0.8437420331739942,7.04,8.53,-1.4899999999999993,0.7148615192991953,light_popiii,-0.5896801788099024,1.0,2.0,False
GN61888_juodzbalis25,GN-61888,5.874,robust,baseline,merger_boost_x2,intermediate_cluster,0.8437420331739942,7.04,8.53,-1.4899999999999993,0.4419599685334752,intermediate_cluster,-0.5896801788099024,3.0,4.0,False
GN61888_juodzbalis25,GN-61888,5.874,robust,baseline,merger_boost_x2,heavy_dcbh,0.8437420331739942,7.04,8.53,-1.4899999999999993,0.23728380545918515,heavy_dcbh,-0.5896801788099024,4.0,6.0,False
GN61888_juodzbalis25,GN-61888,5.874,robust,baseline,merger_boost_x2,pbh,0.8437420331739942,7.04,8.53,-1.4899999999999993,0.3737345808420452,pbh,-0.5896801788099024,2.0,6.0,False
GN61888_juodzbalis25,GN-61888,5.874,robust,mbh_minus_0p3dex,eddington_eps0p1,light_popiii,0.8437420331739942,6.74,8.53,-1.7899999999999991,0.7150020630061865,light_popiii,-0.588650183145921,1.0,2.0,False
GN61888_juodzbalis25,GN-61888,5.874,robust,mbh_minus_0p3dex,eddington_eps0p1,intermediate_cluster,0.8437420331739942,6.74,8.53,-1.7899999999999991,0.4421005122404665,intermediate_cluster,-0.588650183145921,3.0,4.0,False
GN61888_juodzbalis25,GN-61888,5.874,robust,mbh_minus_0p3dex,eddington_eps0p1,heavy_dcbh,0.8437420331739942,6.74,8.53,-1.7899999999999991,0.23742434916617644,heavy_dcbh,-0.588650183145921,4.0,6.0,False
GN61888_juodzbalis25,GN-61888,5.874,robust,mbh_minus_0p3dex,eddington_eps0p1,pbh,0.8437420331739942,6.74,8.53,-1.7899999999999991,0.3738751245490365,pbh,-0.588650183145921,2.0,6.0,False
GN61888_juodzbalis25,GN-61888,5.874,robust,mbh_minus_0p3dex,subeddington_eps0p1,light_popiii,0.8437420331739942,6.74,8.53,-1.7899999999999991,0.7150020630061865,light_popiii,4.5414049450562235,1.0,2.0,False
GN61888_juodzbalis25,GN-61888,5.874,robust,mbh_minus_0p3dex,subeddington_eps0p1,intermediate_cluster,0.8437420331739942,6.74,8.53,-1.7899999999999991,0.4421005122404665,intermediate_cluster,4.5414049450562235,3.0,4.0,False
GN61888_juodzbalis25,GN-61888,5.874,robust,mbh_minus_0p3dex,subeddington_eps0p1,heavy_dcbh,0.8437420331739942,6.74,8.53,-1.7899999999999991,0.23742434916617644,heavy_dcbh,4.5414049450562235,4.0,6.0,True
GN61888_juodzbalis25,GN-61888,5.874,robust,mbh_minus_0p3dex,subeddington_eps0p1,pbh,0.8437420331739942,6.74,8.53,-1.7899999999999991,0.3738751245490365,pbh,4.5414049450562235,2.0,6.0,True
GN61888_juodzbalis25,GN-61888,5.874,robust,mbh_minus_0p3dex,supercritical_eps0p05,light_popiii,0.8437420331739942,6.74,8.53,-1.7899999999999991,0.3386851877397725,light_popiii,-24.203189662171667,1.0,2.0,False
GN61888_juodzbalis25,GN-61888,5.874,robust,mbh_minus_0p3dex,supercritical_eps0p05,intermediate_cluster,0.8437420331739942,6.74,8.53,-1.7899999999999991,0.20941603211390517,intermediate_cluster,-24.203189662171667,3.0,4.0,False
GN61888_juodzbalis25,GN-61888,5.874,robust,mbh_minus_0p3dex,supercritical_eps0p05,heavy_dcbh,0.8437420331739942,6.74,8.53,-1.7899999999999991,0.11246416539450464,heavy_dcbh,-24.203189662171667,4.0,6.0,False
GN61888_juodzbalis25,GN-61888,5.874,robust,mbh_minus_0p3dex,supercritical_eps0p05,pbh,0.8437420331739942,6.74,8.53,-1.7899999999999991,0.17709874320743835,pbh,-24.203189662171667,2.0,6.0,False
GN61888_juodzbalis25,GN-61888,5.874,robust,mbh_minus_0p3dex,merger_boost_x2,light_popiii,0.8437420331739942,6.74,8.53,-1.7899999999999991,0.6739262866843373,light_popiii,-0.8896801788099022,1.0,2.0,False
GN61888_juodzbalis25,GN-61888,5.874,robust,mbh_minus_0p3dex,merger_boost_x2,intermediate_cluster,0.8437420331739942,6.74,8.53,-1.7899999999999991,0.40102473591861726,intermediate_cluster,-0.8896801788099022,3.0,4.0,False
GN61888_juodzbalis25,GN-61888,5.874,robust,mbh_minus_0p3dex,merger_boost_x2,heavy_dcbh,0.8437420331739942,6.74,8.53,-1.7899999999999991,0.1963485728443272,heavy_dcbh,-0.8896801788099022,4.0,6.0,False
GN61888_juodzbalis25,GN-61888,5.874,robust,mbh_minus_0p3dex,merger_boost_x2,pbh,0.8437420331739942,6.74,8.53,-1.7899999999999991,0.3327993482271872,pbh,-0.8896801788099022,2.0,6.0,False
GN61888_juodzbalis25,GN-61888,5.874,robust,mbh_plus_0p3dex,eddington_eps0p1,light_popiii,0.8437420331739942,7.34,8.53,-1.1899999999999995,0.7968725282359024,light_popiii,0.011349816854078654,1.0,2.0,False
GN61888_juodzbalis25,GN-61888,5.874,robust,mbh_plus_0p3dex,eddington_eps0p1,intermediate_cluster,0.8437420331739942,7.34,8.53,-1.1899999999999995,0.5239709774701824,intermediate_cluster,0.011349816854078654,3.0,4.0,False
GN61888_juodzbalis25,GN-61888,5.874,robust,mbh_plus_0p3dex,eddington_eps0p1,heavy_dcbh,0.8437420331739942,7.34,8.53,-1.1899999999999995,0.3192948143958924,heavy_dcbh,0.011349816854078654,4.0,6.0,False
GN61888_juodzbalis25,GN-61888,5.874,robust,mbh_plus_0p3dex,eddington_eps0p1,pbh,0.8437420331739942,7.34,8.53,-1.1899999999999995,0.4557455897787524,pbh,0.011349816854078654,2.0,6.0,False
GN61888_juodzbalis25,GN-61888,5.874,robust,mbh_plus_0p3dex,subeddington_eps0p1,light_popiii,0.8437420331739942,7.34,8.53,-1.1899999999999995,0.7968725282359024,light_popiii,5.141404945056223,1.0,2.0,False
GN61888_juodzbalis25,GN-61888,5.874,robust,mbh_plus_0p3dex,subeddington_eps0p1,intermediate_cluster,0.8437420331739942,7.34,8.53,-1.1899999999999995,0.5239709774701824,intermediate_cluster,5.141404945056223,3.0,4.0,False
GN61888_juodzbalis25,GN-61888,5.874,robust,mbh_plus_0p3dex,subeddington_eps0p1,heavy_dcbh,0.8437420331739942,7.34,8.53,-1.1899999999999995,0.3192948143958924,heavy_dcbh,5.141404945056223,4.0,6.0,True
GN61888_juodzbalis25,GN-61888,5.874,robust,mbh_plus_0p3dex,subeddington_eps0p1,pbh,0.8437420331739942,7.34,8.53,-1.1899999999999995,0.4557455897787524,pbh,5.141404945056223,2.0,6.0,True
GN61888_juodzbalis25,GN-61888,5.874,robust,mbh_plus_0p3dex,supercritical_eps0p05,light_popiii,0.8437420331739942,7.34,8.53,-1.1899999999999995,0.37746593442753273,light_popiii,-23.60318966217167,1.0,2.0,False
GN61888_juodzbalis25,GN-61888,5.874,robust,mbh_plus_0p3dex,supercritical_eps0p05,intermediate_cluster,0.8437420331739942,7.34,8.53,-1.1899999999999995,0.24819677880166535,intermediate_cluster,-23.60318966217167,3.0,4.0,False
GN61888_juodzbalis25,GN-61888,5.874,robust,mbh_plus_0p3dex,supercritical_eps0p05,heavy_dcbh,0.8437420331739942,7.34,8.53,-1.1899999999999995,0.1512449120822648,heavy_dcbh,-23.60318966217167,4.0,6.0,False
GN61888_juodzbalis25,GN-61888,5.874,robust,mbh_plus_0p3dex,supercritical_eps0p05,pbh,0.8437420331739942,7.34,8.53,-1.1899999999999995,0.21587948989519848,pbh,-23.60318966217167,2.0,6.0,False
GN61888_juodzbalis25,GN-61888,5.874,robust,mbh_plus_0p3dex,merger_boost_x2,light_popiii,0.8437420331739942,7.34,8.53,-1.1899999999999995,0.7557967519140532,light_popiii,-0.28968017880990254,1.0,2.0,False
GN61888_juodzbalis25,GN-61888,5.874,robust,mbh_plus_0p3dex,merger_boost_x2,intermediate_cluster,0.8437420331739942,7.34,8.53,-1.1899999999999995,0.4828952011483332,intermediate_cluster,-0.28968017880990254,3.0,4.0,False
GN61888_juodzbalis25,GN-61888,5.874,robust,mbh_plus_0p3dex,merger_boost_x2,heavy_dcbh,0.8437420331739942,7.34,8.53,-1.1899999999999995,0.27821903807404313,heavy_dcbh,-0.28968017880990254,4.0,6.0,False
GN61888_juodzbalis25,GN-61888,5.874,robust,mbh_plus_0p3dex,merger_boost_x2,pbh,0.8437420331739942,7.34,8.53,-1.1899999999999995,0.4146698134569032,pbh,-0.28968017880990254,2.0,6.0,False
GN61888_juodzbalis25,GN-61888,5.874,robust,mstar_agn_20pct,eddington_eps0p1,light_popiii,0.8437420331739942,7.04,8.433089986991943,-1.393089986991943,0.7559372956210445,light_popiii,-0.28865018314592117,1.0,2.0,False
GN61888_juodzbalis25,GN-61888,5.874,robust,mstar_agn_20pct,eddington_eps0p1,intermediate_cluster,0.8437420331739942,7.04,8.433089986991943,-1.393089986991943,0.4830357448553245,intermediate_cluster,-0.28865018314592117,3.0,4.0,False
GN61888_juodzbalis25,GN-61888,5.874,robust,mstar_agn_20pct,eddington_eps0p1,heavy_dcbh,0.8437420331739942,7.04,8.433089986991943,-1.393089986991943,0.2783595817810344,heavy_dcbh,-0.28865018314592117,4.0,6.0,False
GN61888_juodzbalis25,GN-61888,5.874,robust,mstar_agn_20pct,eddington_eps0p1,pbh,0.8437420331739942,7.04,8.433089986991943,-1.393089986991943,0.41481035716389447,pbh,-0.28865018314592117,2.0,6.0,False
GN61888_juodzbalis25,GN-61888,5.874,robust,mstar_agn_20pct,subeddington_eps0p1,light_popiii,0.8437420331739942,7.04,8.433089986991943,-1.393089986991943,0.7559372956210445,light_popiii,4.841404945056224,1.0,2.0,False
GN61888_juodzbalis25,GN-61888,5.874,robust,mstar_agn_20pct,subeddington_eps0p1,intermediate_cluster,0.8437420331739942,7.04,8.433089986991943,-1.393089986991943,0.4830357448553245,intermediate_cluster,4.841404945056224,3.0,4.0,False
GN61888_juodzbalis25,GN-61888,5.874,robust,mstar_agn_20pct,subeddington_eps0p1,heavy_dcbh,0.8437420331739942,7.04,8.433089986991943,-1.393089986991943,0.2783595817810344,heavy_dcbh,4.841404945056224,4.0,6.0,True
GN61888_juodzbalis25,GN-61888,5.874,robust,mstar_agn_20pct,subeddington_eps0p1,pbh,0.8437420331739942,7.04,8.433089986991943,-1.393089986991943,0.41481035716389447,pbh,4.841404945056224,2.0,6.0,True
GN61888_juodzbalis25,GN-61888,5.874,robust,mstar_agn_20pct,supercritical_eps0p05,light_popiii,0.8437420331739942,7.04,8.433089986991943,-1.393089986991943,0.3580755610836526,light_popiii,-23.90318966217167,1.0,2.0,False
GN61888_juodzbalis25,GN-61888,5.874,robust,mstar_agn_20pct,supercritical_eps0p05,intermediate_cluster,0.8437420331739942,7.04,8.433089986991943,-1.393089986991943,0.22880640545778527,intermediate_cluster,-23.90318966217167,3.0,4.0,False
GN61888_juodzbalis25,GN-61888,5.874,robust,mstar_agn_20pct,supercritical_eps0p05,heavy_dcbh,0.8437420331739942,7.04,8.433089986991943,-1.393089986991943,0.13185453873838474,heavy_dcbh,-23.90318966217167,4.0,6.0,False
GN61888_juodzbalis25,GN-61888,5.874,robust,mstar_agn_20pct,supercritical_eps0p05,pbh,0.8437420331739942,7.04,8.433089986991943,-1.393089986991943,0.19648911655131843,pbh,-23.90318966217167,2.0,6.0,False
GN61888_juodzbalis25,GN-61888,5.874,robust,mstar_agn_20pct,merger_boost_x2,light_popiii,0.8437420331739942,7.04,8.433089986991943,-1.393089986991943,0.7148615192991953,light_popiii,-0.5896801788099024,1.0,2.0,False
GN61888_juodzbalis25,GN-61888,5.874,robust,mstar_agn_20pct,merger_boost_x2,intermediate_cluster,0.8437420331739942,7.04,8.433089986991943,-1.393089986991943,0.4419599685334752,intermediate_cluster,-0.5896801788099024,3.0,4.0,False
GN61888_juodzbalis25,GN-61888,5.874,robust,mstar_agn_20pct,merger_boost_x2,heavy_dcbh,0.8437420331739942,7.04,8.433089986991943,-1.393089986991943,0.23728380545918515,heavy_dcbh,-0.5896801788099024,4.0,6.0,False
GN61888_juodzbalis25,GN-61888,5.874,robust,mstar_agn_20pct,merger_boost_x2,pbh,0.8437420331739942,7.04,8.433089986991943,-1.393089986991943,0.3737345808420452,pbh,-0.5896801788099024,2.0,6.0,False
GN53757_juodzbalis25,GN-53757,4.447,robust,baseline,eddington_eps0p1,light_popiii,1.2356975059286819,7.33,10.38,-3.0500000000000007,0.5431778824408364,light_popiii,-3.4031321625287454,1.0,2.0,False
GN53757_juodzbalis25,GN-53757,4.447,robust,baseline,eddington_eps0p1,intermediate_cluster,1.2356975059286819,7.33,10.38,-3.0500000000000007,0.3568389862347176,intermediate_cluster,-3.4031321625287454,3.0,4.0,False
GN53757_juodzbalis25,GN-53757,4.447,robust,baseline,eddington_eps0p1,heavy_dcbh,1.2356975059286819,7.33,10.38,-3.0500000000000007,0.2170848140801285,heavy_dcbh,-3.4031321625287454,4.0,6.0,False
GN53757_juodzbalis25,GN-53757,4.447,robust,baseline,eddington_eps0p1,pbh,1.2356975059286819,7.33,10.38,-3.0500000000000007,0.3102542621831879,pbh,-3.4031321625287454,2.0,6.0,False
GN53757_juodzbalis25,GN-53757,4.447,robust,baseline,subeddington_eps0p1,light_popiii,1.2356975059286819,7.33,10.38,-3.0500000000000007,0.5431778824408364,light_popiii,4.110060351241376,1.0,2.0,False
GN53757_juodzbalis25,GN-53757,4.447,robust,baseline,subeddington_eps0p1,intermediate_cluster,1.2356975059286819,7.33,10.38,-3.0500000000000007,0.3568389862347176,intermediate_cluster,4.110060351241376,3.0,4.0,False
GN53757_juodzbalis25,GN-53757,4.447,robust,baseline,subeddington_eps0p1,heavy_dcbh,1.2356975059286819,7.33,10.38,-3.0500000000000007,0.2170848140801285,heavy_dcbh,4.110060351241376,4.0,6.0,True
GN53757_juodzbalis25,GN-53757,4.447,robust,baseline,subeddington_eps0p1,pbh,1.2356975059286819,7.33,10.38,-3.0500000000000007,0.3102542621831879,pbh,4.110060351241376,2.0,6.0,True
GN53757_juodzbalis25,GN-53757,4.447,robust,baseline,supercritical_eps0p05,light_popiii,1.2356975059286819,7.33,10.38,-3.0500000000000007,0.25729478641934356,light_popiii,-37.98766913067693,1.0,2.0,False
GN53757_juodzbalis25,GN-53757,4.447,robust,baseline,supercritical_eps0p05,intermediate_cluster,1.2356975059286819,7.33,10.38,-3.0500000000000007,0.16902899347960307,intermediate_cluster,-37.98766913067693,3.0,4.0,False
GN53757_juodzbalis25,GN-53757,4.447,robust,baseline,supercritical_eps0p05,heavy_dcbh,1.2356975059286819,7.33,10.38,-3.0500000000000007,0.10282964877479771,heavy_dcbh,-37.98766913067693,4.0,6.0,False
GN53757_juodzbalis25,GN-53757,4.447,robust,baseline,supercritical_eps0p05,pbh,1.2356975059286819,7.33,10.38,-3.0500000000000007,0.14696254524466795,pbh,-37.98766913067693,2.0,6.0,False
GN53757_juodzbalis25,GN-53757,4.447,robust,baseline,merger_boost_x2,light_popiii,1.2356975059286819,7.33,10.38,-3.0500000000000007,0.515131083882357,light_popiii,-3.7041621581927267,1.0,2.0,False
GN53757_juodzbalis25,GN-53757,4.447,robust,baseline,merger_boost_x2,intermediate_cluster,1.2356975059286819,7.33,10.38,-3.0500000000000007,0.32879218767623813,intermediate_cluster,-3.7041621581927267,3.0,4.0,False
GN53757_juodzbalis25,GN-53757,4.447,robust,baseline,merger_boost_x2,heavy_dcbh,1.2356975059286819,7.33,10.38,-3.0500000000000007,0.189038015521649,heavy_dcbh,-3.7041621581927267,4.0,6.0,False
GN53757_juodzbalis25,GN-53757,4.447,robust,baseline,merger_boost_x2,pbh,1.2356975059286819,7.33,10.38,-3.0500000000000007,0.28220746362470844,pbh,-3.7041621581927267,2.0,6.0,False
GN53757_juodzbalis25,GN-53757,4.447,robust,mbh_minus_0p3dex,eddington_eps0p1,light_popiii,1.2356975059286819,7.03,10.38,-3.3500000000000005,0.5152270480099187,light_popiii,-3.703132162528745,1.0,2.0,False
GN53757_juodzbalis25,GN-53757,4.447,robust,mbh_minus_0p3dex,eddington_eps0p1,intermediate_cluster,1.2356975059286819,7.03,10.38,-3.3500000000000005,0.3288881518037998,intermediate_cluster,-3.703132162528745,3.0,4.0,False
GN53757_juodzbalis25,GN-53757,4.447,robust,mbh_minus_0p3dex,eddington_eps0p1,heavy_dcbh,1.2356975059286819,7.03,10.38,-3.3500000000000005,0.18913397964921067,heavy_dcbh,-3.703132162528745,4.0,6.0,False
GN53757_juodzbalis25,GN-53757,4.447,robust,mbh_minus_0p3dex,eddington_eps0p1,pbh,1.2356975059286819,7.03,10.38,-3.3500000000000005,0.2823034277522701,pbh,-3.703132162528745,2.0,6.0,False
GN53757_juodzbalis25,GN-53757,4.447,robust,mbh_minus_0p3dex,subeddington_eps0p1,light_popiii,1.2356975059286819,7.03,10.38,-3.3500000000000005,0.5152270480099187,light_popiii,3.8100603512413764,1.0,2.0,False
GN53757_juodzbalis25,GN-53757,4.447,robust,mbh_minus_0p3dex,subeddington_eps0p1,intermediate_cluster,1.2356975059286819,7.03,10.38,-3.3500000000000005,0.3288881518037998,intermediate_cluster,3.8100603512413764,3.0,4.0,True
GN53757_juodzbalis25,GN-53757,4.447,robust,mbh_minus_0p3dex,subeddington_eps0p1,heavy_dcbh,1.2356975059286819,7.03,10.38,-3.3500000000000005,0.18913397964921067,heavy_dcbh,3.8100603512413764,4.0,6.0,False
GN53757_juodzbalis25,GN-53757,4.447,robust,mbh_minus_0p3dex,subeddington_eps0p1,pbh,1.2356975059286819,7.03,10.38,-3.3500000000000005,0.2823034277522701,pbh,3.8100603512413764,2.0,6.0,True
GN53757_juodzbalis25,GN-53757,4.447,robust,mbh_minus_0p3dex,supercritical_eps0p05,light_popiii,1.2356975059286819,7.03,10.38,-3.3500000000000005,0.24405491747838254,light_popiii,-38.287669130676925,1.0,2.0,False
GN53757_juodzbalis25,GN-53757,4.447,robust,mbh_minus_0p3dex,supercritical_eps0p05,intermediate_cluster,1.2356975059286819,7.03,10.38,-3.3500000000000005,0.15578912453864202,intermediate_cluster,-38.287669130676925,3.0,4.0,False
GN53757_juodzbalis25,GN-53757,4.447,robust,mbh_minus_0p3dex,supercritical_eps0p05,heavy_dcbh,1.2356975059286819,7.03,10.38,-3.3500000000000005,0.08958977983383663,heavy_dcbh,-38.287669130676925,4.0,6.0,False
GN53757_juodzbalis25,GN-53757,4.447,robust,mbh_minus_0p3dex,supercritical_eps0p05,pbh,1.2356975059286819,7.03,10.38,-3.3500000000000005,0.13372267630370688,pbh,-38.287669130676925,2.0,6.0,False
GN53757_juodzbalis25,GN-53757,4.447,robust,mbh_minus_0p3dex,merger_boost_x2,light_popiii,1.2356975059286819,7.03,10.38,-3.3500000000000005,0.48718024945143923,light_popiii,-4.0041621581927265,1.0,2.0,False
GN53757_juodzbalis25,GN-53757,4.447,robust,mbh_minus_0p3dex,merger_boost_x2,intermediate_cluster,1.2356975059286819,7.03,10.38,-3.3500000000000005,0.3008413532453203,intermediate_cluster,-4.0041621581927265,3.0,4.0,False
GN53757_juodzbalis25,GN-53757,4.447,robust,mbh_minus_0p3dex,merger_boost_x2,heavy_dcbh,1.2356975059286819,7.03,10.38,-3.3500000000000005,0.16108718109073117,heavy_dcbh,-4.0041621581927265,4.0,6.0,False
GN53757_juodzbalis25,GN-53757,4.447,robust,mbh_minus_0p3dex,merger_boost_x2,pbh,1.2356975059286819,7.03,10.38,-3.3500000000000005,0.2542566291937906,pbh,-4.0041621581927265,2.0,6.0,False
GN53757_juodzbalis25,GN-53757,4.447,robust,mbh_plus_0p3dex,eddington_eps0p1,light_popiii,1.2356975059286819,7.63,10.38,-2.750000000000001,0.5711287168717544,light_popiii,-3.1031321625287456,1.0,2.0,False
GN53757_juodzbalis25,GN-53757,4.447,robust,mbh_plus_0p3dex,eddington_eps0p1,intermediate_cluster,1.2356975059286819,7.63,10.38,-2.750000000000001,0.3847898206656355,intermediate_cluster,-3.1031321625287456,3.0,4.0,False
GN53757_juodzbalis25,GN-53757,4.447,robust,mbh_plus_0p3dex,eddington_eps0p1,heavy_dcbh,1.2356975059286819,7.63,10.38,-2.750000000000001,0.24503564851104628,heavy_dcbh,-3.1031321625287456,4.0,6.0,False
GN53757_juodzbalis25,GN-53757,4.447,robust,mbh_plus_0p3dex,eddington_eps0p1,pbh,1.2356975059286819,7.63,10.38,-2.750000000000001,0.33820509661410575,pbh,-3.1031321625287456,2.0,6.0,False
GN53757_juodzbalis25,GN-53757,4.447,robust,mbh_plus_0p3dex,subeddington_eps0p1,light_popiii,1.2356975059286819,7.63,10.38,-2.750000000000001,0.5711287168717544,light_popiii,4.410060351241376,1.0,2.0,False
GN53757_juodzbalis25,GN-53757,4.447,robust,mbh_plus_0p3dex,subeddington_eps0p1,intermediate_cluster,1.2356975059286819,7.63,10.38,-2.750000000000001,0.3847898206656355,intermediate_cluster,4.410060351241376,3.0,4.0,False
GN53757_juodzbalis25,GN-53757,4.447,robust,mbh_plus_0p3dex,subeddington_eps0p1,heavy_dcbh,1.2356975059286819,7.63,10.38,-2.750000000000001,0.24503564851104628,heavy_dcbh,4.410060351241376,4.0,6.0,True
GN53757_juodzbalis25,GN-53757,4.447,robust,mbh_plus_0p3dex,subeddington_eps0p1,pbh,1.2356975059286819,7.63,10.38,-2.750000000000001,0.33820509661410575,pbh,4.410060351241376,2.0,6.0,True
GN53757_juodzbalis25,GN-53757,4.447,robust,mbh_plus_0p3dex,supercritical_eps0p05,light_popiii,1.2356975059286819,7.63,10.38,-2.750000000000001,0.2705346553603047,light_popiii,-37.68766913067692,1.0,2.0,False
GN53757_juodzbalis25,GN-53757,4.447,robust,mbh_plus_0p3dex,supercritical_eps0p05,intermediate_cluster,1.2356975059286819,7.63,10.38,-2.750000000000001,0.18226886242056417,intermediate_cluster,-37.68766913067692,3.0,4.0,False
GN53757_juodzbalis25,GN-53757,4.447,robust,mbh_plus_0p3dex,supercritical_eps0p05,heavy_dcbh,1.2356975059286819,7.63,10.38,-2.750000000000001,0.11606951771575878,heavy_dcbh,-37.68766913067692,4.0,6.0,False
GN53757_juodzbalis25,GN-53757,4.447,robust,mbh_plus_0p3dex,supercritical_eps0p05,pbh,1.2356975059286819,7.63,10.38,-2.750000000000001,0.16020241418562903,pbh,-37.68766913067692,2.0,6.0,False
GN53757_juodzbalis25,GN-53757,4.447,robust,mbh_plus_0p3dex,merger_boost_x2,light_popiii,1.2356975059286819,7.63,10.38,-2.750000000000001,0.5430819183132748,light_popiii,-3.404162158192727,1.0,2.0,False
GN53757_juodzbalis25,GN-53757,4.447,robust,mbh_plus_0p3dex,merger_boost_x2,intermediate_cluster,1.2356975059286819,7.63,10.38,-2.750000000000001,0.35674302210715597,intermediate_cluster,-3.404162158192727,3.0,4.0,False
GN53757_juodzbalis25,GN-53757,4.447,robust,mbh_plus_0p3dex,merger_boost_x2,heavy_dcbh,1.2356975059286819,7.63,10.38,-2.750000000000001,0.2169888499525668,heavy_dcbh,-3.404162158192727,4.0,6.0,False
GN53757_juodzbalis25,GN-53757,4.447,robust,mbh_plus_0p3dex,merger_boost_x2,pbh,1.2356975059286819,7.63,10.38,-2.750000000000001,0.3101582980556262,pbh,-3.404162158192727,2.0,6.0,False
GN53757_juodzbalis25,GN-53757,4.447,robust,mstar_agn_20pct,eddington_eps0p1,light_popiii,1.2356975059286819,7.33,10.283089986991945,-2.9530899869919445,0.5431778824408364,light_popiii,-3.4031321625287454,1.0,2.0,False
GN53757_juodzbalis25,GN-53757,4.447,robust,mstar_agn_20pct,eddington_eps0p1,intermediate_cluster,1.2356975059286819,7.33,10.283089986991945,-2.9530899869919445,0.3568389862347176,intermediate_cluster,-3.4031321625287454,3.0,4.0,False
GN53757_juodzbalis25,GN-53757,4.447,robust,mstar_agn_20pct,eddington_eps0p1,heavy_dcbh,1.2356975059286819,7.33,10.283089986991945,-2.9530899869919445,0.2170848140801285,heavy_dcbh,-3.4031321625287454,4.0,6.0,False
GN53757_juodzbalis25,GN-53757,4.447,robust,mstar_agn_20pct,eddington_eps0p1,pbh,1.2356975059286819,7.33,10.283089986991945,-2.9530899869919445,0.3102542621831879,pbh,-3.4031321625287454,2.0,6.0,False
GN53757_juodzbalis25,GN-53757,4.447,robust,mstar_agn_20pct,subeddington_eps0p1,light_popiii,1.2356975059286819,7.33,10.283089986991945,-2.9530899869919445,0.5431778824408364,light_popiii,4.110060351241376,1.0,2.0,False
GN53757_juodzbalis25,GN-53757,4.447,robust,mstar_agn_20pct,subeddington_eps0p1,intermediate_cluster,1.2356975059286819,7.33,10.283089986991945,-2.9530899869919445,0.3568389862347176,intermediate_cluster,4.110060351241376,3.0,4.0,False
GN53757_juodzbalis25,GN-53757,4.447,robust,mstar_agn_20pct,subeddington_eps0p1,heavy_dcbh,1.2356975059286819,7.33,10.283089986991945,-2.9530899869919445,0.2170848140801285,heavy_dcbh,4.110060351241376,4.0,6.0,True
GN53757_juodzbalis25,GN-53757,4.447,robust,mstar_agn_20pct,subeddington_eps0p1,pbh,1.2356975059286819,7.33,10.283089986991945,-2.9530899869919445,0.3102542621831879,pbh,4.110060351241376,2.0,6.0,True
GN53757_juodzbalis25,GN-53757,4.447,robust,mstar_agn_20pct,supercritical_eps0p05,light_popiii,1.2356975059286819,7.33,10.283089986991945,-2.9530899869919445,0.25729478641934356,light_popiii,-37.98766913067693,1.0,2.0,False
GN53757_juodzbalis25,GN-53757,4.447,robust,mstar_agn_20pct,supercritical_eps0p05,intermediate_cluster,1.2356975059286819,7.33,10.283089986991945,-2.9530899869919445,0.16902899347960307,intermediate_cluster,-37.98766913067693,3.0,4.0,False
GN53757_juodzbalis25,GN-53757,4.447,robust,mstar_agn_20pct,supercritical_eps0p05,heavy_dcbh,1.2356975059286819,7.33,10.283089986991945,-2.9530899869919445,0.10282964877479771,heavy_dcbh,-37.98766913067693,4.0,6.0,False
GN53757_juodzbalis25,GN-53757,4.447,robust,mstar_agn_20pct,supercritical_eps0p05,pbh,1.2356975059286819,7.33,10.283089986991945,-2.9530899869919445,0.14696254524466795,pbh,-37.98766913067693,2.0,6.0,False
GN53757_juodzbalis25,GN-53757,4.447,robust,mstar_agn_20pct,merger_boost_x2,light_popiii,1.2356975059286819,7.33,10.283089986991945,-2.9530899869919445,0.515131083882357,light_popiii,-3.7041621581927267,1.0,2.0,False
GN53757_juodzbalis25,GN-53757,4.447,robust,mstar_agn_20pct,merger_boost_x2,intermediate_cluster,1.2356975059286819,7.33,10.283089986991945,-2.9530899869919445,0.32879218767623813,intermediate_cluster,-3.7041621581927267,3.0,4.0,False
GN53757_juodzbalis25,GN-53757,4.447,robust,mstar_agn_20pct,merger_boost_x2,heavy_dcbh,1.2356975059286819,7.33,10.283089986991945,-2.9530899869919445,0.189038015521649,heavy_dcbh,-3.7041621581927267,4.0,6.0,False
GN53757_juodzbalis25,GN-53757,4.447,robust,mstar_agn_20pct,merger_boost_x2,pbh,1.2356975059286819,7.33,10.283089986991945,-2.9530899869919445,0.28220746362470844,pbh,-3.7041621581927267,2.0,6.0,False
GS38562_juodzbalis25,GS-38562,4.822,robust,baseline,eddington_eps0p1,light_popiii,1.1094117318812537,7.51,9.76,-2.25,0.6236880326399609,light_popiii,-2.1262278662951672,1.0,2.0,False
GS38562_juodzbalis25,GS-38562,4.822,robust,baseline,eddington_eps0p1,intermediate_cluster,1.1094117318812537,7.51,9.76,-2.25,0.4161379385834014,intermediate_cluster,-2.1262278662951672,3.0,4.0,False
GS38562_juodzbalis25,GS-38562,4.822,robust,baseline,eddington_eps0p1,heavy_dcbh,1.1094117318812537,7.51,9.76,-2.25,0.2604753680409819,heavy_dcbh,-2.1262278662951672,4.0,6.0,False
GS38562_juodzbalis25,GS-38562,4.822,robust,baseline,eddington_eps0p1,pbh,1.1094117318812537,7.51,9.76,-2.25,0.3642504150692616,pbh,-2.1262278662951672,2.0,6.0,False
GS38562_juodzbalis25,GS-38562,4.822,robust,baseline,subeddington_eps0p1,light_popiii,1.1094117318812537,7.51,9.76,-2.25,0.6236880326399609,light_popiii,4.6191316401114495,1.0,2.0,False
GS38562_juodzbalis25,GS-38562,4.822,robust,baseline,subeddington_eps0p1,intermediate_cluster,1.1094117318812537,7.51,9.76,-2.25,0.4161379385834014,intermediate_cluster,4.6191316401114495,3.0,4.0,False
GS38562_juodzbalis25,GS-38562,4.822,robust,baseline,subeddington_eps0p1,heavy_dcbh,1.1094117318812537,7.51,9.76,-2.25,0.2604753680409819,heavy_dcbh,4.6191316401114495,4.0,6.0,True
GS38562_juodzbalis25,GS-38562,4.822,robust,baseline,subeddington_eps0p1,pbh,1.1094117318812537,7.51,9.76,-2.25,0.3642504150692616,pbh,4.6191316401114495,2.0,6.0,True
GS38562_juodzbalis25,GS-38562,4.822,robust,baseline,supercritical_eps0p05,light_popiii,1.1094117318812537,7.51,9.76,-2.25,0.2954311733557709,light_popiii,-33.17629543546849,1.0,2.0,False
GS38562_juodzbalis25,GS-38562,4.822,robust,baseline,supercritical_eps0p05,intermediate_cluster,1.1094117318812537,7.51,9.76,-2.25,0.197117970907927,intermediate_cluster,-33.17629543546849,3.0,4.0,False
GS38562_juodzbalis25,GS-38562,4.822,robust,baseline,supercritical_eps0p05,heavy_dcbh,1.1094117318812537,7.51,9.76,-2.25,0.12338306907204408,heavy_dcbh,-33.17629543546849,4.0,6.0,False
GS38562_juodzbalis25,GS-38562,4.822,robust,baseline,supercritical_eps0p05,pbh,1.1094117318812537,7.51,9.76,-2.25,0.17253967029596604,pbh,-33.17629543546849,2.0,6.0,False
GS38562_juodzbalis25,GS-38562,4.822,robust,baseline,merger_boost_x2,light_popiii,1.1094117318812537,7.51,9.76,-2.25,0.5924486306830083,light_popiii,-2.4272578619591485,1.0,2.0,False
GS38562_juodzbalis25,GS-38562,4.822,robust,baseline,merger_boost_x2,intermediate_cluster,1.1094117318812537,7.51,9.76,-2.25,0.38489853662644896,intermediate_cluster,-2.4272578619591485,3.0,4.0,False
GS38562_juodzbalis25,GS-38562,4.822,robust,baseline,merger_boost_x2,heavy_dcbh,1.1094117318812537,7.51,9.76,-2.25,0.22923596608402944,heavy_dcbh,-2.4272578619591485,4.0,6.0,False
GS38562_juodzbalis25,GS-38562,4.822,robust,baseline,merger_boost_x2,pbh,1.1094117318812537,7.51,9.76,-2.25,0.33301101311230913,pbh,-2.4272578619591485,2.0,6.0,False
GS38562_juodzbalis25,GS-38562,4.822,robust,mbh_minus_0p3dex,eddington_eps0p1,light_popiii,1.1094117318812537,7.21,9.76,-2.55,0.5925555185314769,light_popiii,-2.426227866295167,1.0,2.0,False
GS38562_juodzbalis25,GS-38562,4.822,robust,mbh_minus_0p3dex,eddington_eps0p1,intermediate_cluster,1.1094117318812537,7.21,9.76,-2.55,0.38500542447491753,intermediate_cluster,-2.426227866295167,3.0,4.0,False
GS38562_juodzbalis25,GS-38562,4.822,robust,mbh_minus_0p3dex,eddington_eps0p1,heavy_dcbh,1.1094117318812537,7.21,9.76,-2.55,0.22934285393249806,heavy_dcbh,-2.426227866295167,4.0,6.0,False
GS38562_juodzbalis25,GS-38562,4.822,robust,mbh_minus_0p3dex,eddington_eps0p1,pbh,1.1094117318812537,7.21,9.76,-2.55,0.3331179009607777,pbh,-2.426227866295167,2.0,6.0,False
GS38562_juodzbalis25,GS-38562,4.822,robust,mbh_minus_0p3dex,subeddington_eps0p1,light_popiii,1.1094117318812537,7.21,9.76,-2.55,0.5925555185314769,light_popiii,4.31913164011145,1.0,2.0,False
GS38562_juodzbalis25,GS-38562,4.822,robust,mbh_minus_0p3dex,subeddington_eps0p1,intermediate_cluster,1.1094117318812537,7.21,9.76,-2.55,0.38500542447491753,intermediate_cluster,4.31913164011145,3.0,4.0,False
GS38562_juodzbalis25,GS-38562,4.822,robust,mbh_minus_0p3dex,subeddington_eps0p1,heavy_dcbh,1.1094117318812537,7.21,9.76,-2.55,0.22934285393249806,heavy_dcbh,4.31913164011145,4.0,6.0,True
GS38562_juodzbalis25,GS-38562,4.822,robust,mbh_minus_0p3dex,subeddington_eps0p1,pbh,1.1094117318812537,7.21,9.76,-2.55,0.3331179009607777,pbh,4.31913164011145,2.0,6.0,True
GS38562_juodzbalis25,GS-38562,4.822,robust,mbh_minus_0p3dex,supercritical_eps0p05,light_popiii,1.1094117318812537,7.21,9.76,-2.55,0.2806841929885943,light_popiii,-33.47629543546849,1.0,2.0,False
GS38562_juodzbalis25,GS-38562,4.822,robust,mbh_minus_0p3dex,supercritical_eps0p05,intermediate_cluster,1.1094117318812537,7.21,9.76,-2.55,0.1823709905407504,intermediate_cluster,-33.47629543546849,3.0,4.0,False
GS38562_juodzbalis25,GS-38562,4.822,robust,mbh_minus_0p3dex,supercritical_eps0p05,heavy_dcbh,1.1094117318812537,7.21,9.76,-2.55,0.10863608870486749,heavy_dcbh,-33.47629543546849,4.0,6.0,False
GS38562_juodzbalis25,GS-38562,4.822,robust,mbh_minus_0p3dex,supercritical_eps0p05,pbh,1.1094117318812537,7.21,9.76,-2.55,0.15779268992878942,pbh,-33.47629543546849,2.0,6.0,False
GS38562_juodzbalis25,GS-38562,4.822,robust,mbh_minus_0p3dex,merger_boost_x2,light_popiii,1.1094117318812537,7.21,9.76,-2.55,0.5613161165745244,light_popiii,-2.7272578619591483,1.0,2.0,False
GS38562_juodzbalis25,GS-38562,4.822,robust,mbh_minus_0p3dex,merger_boost_x2,intermediate_cluster,1.1094117318812537,7.21,9.76,-2.55,0.35376602251796513,intermediate_cluster,-2.7272578619591483,3.0,4.0,False
GS38562_juodzbalis25,GS-38562,4.822,robust,mbh_minus_0p3dex,merger_boost_x2,heavy_dcbh,1.1094117318812537,7.21,9.76,-2.55,0.19810345197554557,heavy_dcbh,-2.7272578619591483,4.0,6.0,False
GS38562_juodzbalis25,GS-38562,4.822,robust,mbh_minus_0p3dex,merger_boost_x2,pbh,1.1094117318812537,7.21,9.76,-2.55,0.30187849900382524,pbh,-2.7272578619591483,2.0,6.0,False
GS38562_juodzbalis25,GS-38562,4.822,robust,mbh_plus_0p3dex,eddington_eps0p1,light_popiii,1.1094117318812537,7.81,9.76,-1.9500000000000002,0.6548205467484446,light_popiii,-1.8262278662951674,1.0,2.0,False
GS38562_juodzbalis25,GS-38562,4.822,robust,mbh_plus_0p3dex,eddington_eps0p1,intermediate_cluster,1.1094117318812537,7.81,9.76,-1.9500000000000002,0.4472704526918853,intermediate_cluster,-1.8262278662951674,3.0,4.0,False
GS38562_juodzbalis25,GS-38562,4.822,robust,mbh_plus_0p3dex,eddington_eps0p1,heavy_dcbh,1.1094117318812537,7.81,9.76,-1.9500000000000002,0.2916078821494658,heavy_dcbh,-1.8262278662951674,4.0,6.0,False
GS38562_juodzbalis25,GS-38562,4.822,robust,mbh_plus_0p3dex,eddington_eps0p1,pbh,1.1094117318812537,7.81,9.76,-1.9500000000000002,0.3953829291777455,pbh,-1.8262278662951674,2.0,6.0,False
GS38562_juodzbalis25,GS-38562,4.822,robust,mbh_plus_0p3dex,subeddington_eps0p1,light_popiii,1.1094117318812537,7.81,9.76,-1.9500000000000002,0.6548205467484446,light_popiii,4.919131640111449,1.0,2.0,False
GS38562_juodzbalis25,GS-38562,4.822,robust,mbh_plus_0p3dex,subeddington_eps0p1,intermediate_cluster,1.1094117318812537,7.81,9.76,-1.9500000000000002,0.4472704526918853,intermediate_cluster,4.919131640111449,3.0,4.0,False
GS38562_juodzbalis25,GS-38562,4.822,robust,mbh_plus_0p3dex,subeddington_eps0p1,heavy_dcbh,1.1094117318812537,7.81,9.76,-1.9500000000000002,0.2916078821494658,heavy_dcbh,4.919131640111449,4.0,6.0,True
GS38562_juodzbalis25,GS-38562,4.822,robust,mbh_plus_0p3dex,subeddington_eps0p1,pbh,1.1094117318812537,7.81,9.76,-1.9500000000000002,0.3953829291777455,pbh,4.919131640111449,2.0,6.0,True
GS38562_juodzbalis25,GS-38562,4.822,robust,mbh_plus_0p3dex,supercritical_eps0p05,light_popiii,1.1094117318812537,7.81,9.76,-1.9500000000000002,0.31017815372294744,light_popiii,-32.876295435468485,1.0,2.0,False
GS38562_juodzbalis25,GS-38562,4.822,robust,mbh_plus_0p3dex,supercritical_eps0p05,intermediate_cluster,1.1094117318812537,7.81,9.76,-1.9500000000000002,0.21186495127510357,intermediate_cluster,-32.876295435468485,3.0,4.0,False
GS38562_juodzbalis25,GS-38562,4.822,robust,mbh_plus_0p3dex,supercritical_eps0p05,heavy_dcbh,1.1094117318812537,7.81,9.76,-1.9500000000000002,0.13813004943922066,heavy_dcbh,-32.876295435468485,4.0,6.0,False
GS38562_juodzbalis25,GS-38562,4.822,robust,mbh_plus_0p3dex,supercritical_eps0p05,pbh,1.1094117318812537,7.81,9.76,-1.9500000000000002,0.18728665066314257,pbh,-32.876295435468485,2.0,6.0,False
GS38562_juodzbalis25,GS-38562,4.822,robust,mbh_plus_0p3dex,merger_boost_x2,light_popiii,1.1094117318812537,7.81,9.76,-1.9500000000000002,0.6235811447914922,light_popiii,-2.1272578619591487,1.0,2.0,False
GS38562_juodzbalis25,GS-38562,4.822,robust,mbh_plus_0p3dex,merger_boost_x2,intermediate_cluster,1.1094117318812537,7.81,9.76,-1.9500000000000002,0.41603105073493285,intermediate_cluster,-2.1272578619591487,3.0,4.0,False
GS38562_juodzbalis25,GS-38562,4.822,robust,mbh_plus_0p3dex,merger_boost_x2,heavy_dcbh,1.1094117318812537,7.81,9.76,-1.9500000000000002,0.26036848019251335,heavy_dcbh,-2.1272578619591487,4.0,6.0,False
GS38562_juodzbalis25,GS-38562,4.822,robust,mbh_plus_0p3dex,merger_boost_x2,pbh,1.1094117318812537,7.81,9.76,-1.9500000000000002,0.36414352722079296,pbh,-2.1272578619591487,2.0,6.0,False
GS38562_juodzbalis25,GS-38562,4.822,robust,mstar_agn_20pct,eddington_eps0p1,light_popiii,1.1094117318812537,7.51,9.663089986991944,-2.1530899869919438,0.6236880326399609,light_popiii,-2.1262278662951672,1.0,2.0,False
GS38562_juodzbalis25,GS-38562,4.822,robust,mstar_agn_20pct,eddington_eps0p1,intermediate_cluster,1.1094117318812537,7.51,9.663089986991944,-2.1530899869919438,0.4161379385834014,intermediate_cluster,-2.1262278662951672,3.0,4.0,False
GS38562_juodzbalis25,GS-38562,4.822,robust,mstar_agn_20pct,eddington_eps0p1,heavy_dcbh,1.1094117318812537,7.51,9.663089986991944,-2.1530899869919438,0.2604753680409819,heavy_dcbh,-2.1262278662951672,4.0,6.0,False
GS38562_juodzbalis25,GS-38562,4.822,robust,mstar_agn_20pct,eddington_eps0p1,pbh,1.1094117318812537,7.51,9.663089986991944,-2.1530899869919438,0.3642504150692616,pbh,-2.1262278662951672,2.0,6.0,False
GS38562_juodzbalis25,GS-38562,4.822,robust,mstar_agn_20pct,subeddington_eps0p1,light_popiii,1.1094117318812537,7.51,9.663089986991944,-2.1530899869919438,0.6236880326399609,light_popiii,4.6191316401114495,1.0,2.0,False
GS38562_juodzbalis25,GS-38562,4.822,robust,mstar_agn_20pct,subeddington_eps0p1,intermediate_cluster,1.1094117318812537,7.51,9.663089986991944,-2.1530899869919438,0.4161379385834014,intermediate_cluster,4.6191316401114495,3.0,4.0,False
GS38562_juodzbalis25,GS-38562,4.822,robust,mstar_agn_20pct,subeddington_eps0p1,heavy_dcbh,1.1094117318812537,7.51,9.663089986991944,-2.1530899869919438,0.2604753680409819,heavy_dcbh,4.6191316401114495,4.0,6.0,True
GS38562_juodzbalis25,GS-38562,4.822,robust,mstar_agn_20pct,subeddington_eps0p1,pbh,1.1094117318812537,7.51,9.663089986991944,-2.1530899869919438,0.3642504150692616,pbh,4.6191316401114495,2.0,6.0,True
GS38562_juodzbalis25,GS-38562,4.822,robust,mstar_agn_20pct,supercritical_eps0p05,light_popiii,1.1094117318812537,7.51,9.663089986991944,-2.1530899869919438,0.2954311733557709,light_popiii,-33.17629543546849,1.0,2.0,False
GS38562_juodzbalis25,GS-38562,4.822,robust,mstar_agn_20pct,supercritical_eps0p05,intermediate_cluster,1.1094117318812537,7.51,9.663089986991944,-2.1530899869919438,0.197117970907927,intermediate_cluster,-33.17629543546849,3.0,4.0,False
GS38562_juodzbalis25,GS-38562,4.822,robust,mstar_agn_20pct,supercritical_eps0p05,heavy_dcbh,1.1094117318812537,7.51,9.663089986991944,-2.1530899869919438,0.12338306907204408,heavy_dcbh,-33.17629543546849,4.0,6.0,False
GS38562_juodzbalis25,GS-38562,4.822,robust,mstar_agn_20pct,supercritical_eps0p05,pbh,1.1094117318812537,7.51,9.663089986991944,-2.1530899869919438,0.17253967029596604,pbh,-33.17629543546849,2.0,6.0,False
GS38562_juodzbalis25,GS-38562,4.822,robust,mstar_agn_20pct,merger_boost_x2,light_popiii,1.1094117318812537,7.51,9.663089986991944,-2.1530899869919438,0.5924486306830083,light_popiii,-2.4272578619591485,1.0,2.0,False
GS38562_juodzbalis25,GS-38562,4.822,robust,mstar_agn_20pct,merger_boost_x2,intermediate_cluster,1.1094117318812537,7.51,9.663089986991944,-2.1530899869919438,0.38489853662644896,intermediate_cluster,-2.4272578619591485,3.0,4.0,False
GS38562_juodzbalis25,GS-38562,4.822,robust,mstar_agn_20pct,merger_boost_x2,heavy_dcbh,1.1094117318812537,7.51,9.663089986991944,-2.1530899869919438,0.22923596608402944,heavy_dcbh,-2.4272578619591485,4.0,6.0,False
GS38562_juodzbalis25,GS-38562,4.822,robust,mstar_agn_20pct,merger_boost_x2,pbh,1.1094117318812537,7.51,9.663089986991944,-2.1530899869919438,0.33301101311230913,pbh,-2.4272578619591485,2.0,6.0,False
GN38509_juodzbalis25,GN-38509,6.678,robust,baseline,eddington_eps0p1,light_popiii,0.6999551975409491,8.57,9.19,-0.6199999999999992,1.162879900360732,light_popiii,2.490266402569305,1.0,2.0,False
GN38509_juodzbalis25,GN-38509,6.678,robust,baseline,eddington_eps0p1,intermediate_cluster,0.6999551975409491,8.57,9.19,-0.6199999999999992,0.8339181180804681,intermediate_cluster,2.490266402569305,3.0,4.0,False
GN38509_juodzbalis25,GN-38509,6.678,robust,baseline,eddington_eps0p1,heavy_dcbh,0.6999551975409491,8.57,9.19,-0.6199999999999992,0.5871967813702705,heavy_dcbh,2.490266402569305,4.0,6.0,False
GN38509_juodzbalis25,GN-38509,6.678,robust,baseline,eddington_eps0p1,pbh,0.6999551975409491,8.57,9.19,-0.6199999999999992,0.7516776725104024,pbh,2.490266402569305,2.0,6.0,True
GN38509_juodzbalis25,GN-38509,6.678,robust,baseline,subeddington_eps0p1,light_popiii,0.6999551975409491,8.57,9.19,-0.6199999999999992,1.162879900360732,light_popiii,6.746079920770792,1.0,2.0,False
GN38509_juodzbalis25,GN-38509,6.678,robust,baseline,subeddington_eps0p1,intermediate_cluster,0.6999551975409491,8.57,9.19,-0.6199999999999992,0.8339181180804681,intermediate_cluster,6.746079920770792,3.0,4.0,False
GN38509_juodzbalis25,GN-38509,6.678,robust,baseline,subeddington_eps0p1,heavy_dcbh,0.6999551975409491,8.57,9.19,-0.6199999999999992,0.5871967813702705,heavy_dcbh,6.746079920770792,4.0,6.0,False
GN38509_juodzbalis25,GN-38509,6.678,robust,baseline,subeddington_eps0p1,pbh,0.6999551975409491,8.57,9.19,-0.6199999999999992,0.7516776725104024,pbh,6.746079920770792,2.0,6.0,False
GN38509_juodzbalis25,GN-38509,6.678,robust,baseline,supercritical_eps0p05,light_popiii,0.6999551975409491,8.57,9.19,-0.6199999999999992,0.550837847539294,light_popiii,-17.099986300262934,1.0,2.0,False
GN38509_juodzbalis25,GN-38509,6.678,robust,baseline,supercritical_eps0p05,intermediate_cluster,0.6999551975409491,8.57,9.19,-0.6199999999999992,0.39501384540653756,intermediate_cluster,-17.099986300262934,3.0,4.0,False
GN38509_juodzbalis25,GN-38509,6.678,robust,baseline,supercritical_eps0p05,heavy_dcbh,0.6999551975409491,8.57,9.19,-0.6199999999999992,0.27814584380697027,heavy_dcbh,-17.099986300262934,4.0,6.0,False
GN38509_juodzbalis25,GN-38509,6.678,robust,baseline,supercritical_eps0p05,pbh,0.6999551975409491,8.57,9.19,-0.6199999999999992,0.35605784487334846,pbh,-17.099986300262934,2.0,6.0,False
GN38509_juodzbalis25,GN-38509,6.678,robust,baseline,merger_boost_x2,light_popiii,0.6999551975409491,8.57,9.19,-0.6199999999999992,1.11336621841401,light_popiii,2.189236406905324,1.0,2.0,False
GN38509_juodzbalis25,GN-38509,6.678,robust,baseline,merger_boost_x2,intermediate_cluster,0.6999551975409491,8.57,9.19,-0.6199999999999992,0.7844044361337466,intermediate_cluster,2.189236406905324,3.0,4.0,False
GN38509_juodzbalis25,GN-38509,6.678,robust,baseline,merger_boost_x2,heavy_dcbh,0.6999551975409491,8.57,9.19,-0.6199999999999992,0.537683099423549,heavy_dcbh,2.189236406905324,4.0,6.0,False
GN38509_juodzbalis25,GN-38509,6.678,robust,baseline,merger_boost_x2,pbh,0.6999551975409491,8.57,9.19,-0.6199999999999992,0.7021639905636806,pbh,2.189236406905324,2.0,6.0,True
GN38509_juodzbalis25,GN-38509,6.678,robust,mbh_minus_0p3dex,eddington_eps0p1,light_popiii,0.6999551975409491,8.27,9.19,-0.9199999999999999,1.1135356330186923,light_popiii,2.1902664025693044,1.0,2.0,False
GN38509_juodzbalis25,GN-38509,6.678,robust,mbh_minus_0p3dex,eddington_eps0p1,intermediate_cluster,0.6999551975409491,8.27,9.19,-0.9199999999999999,0.7845738507384287,intermediate_cluster,2.1902664025693044,3.0,4.0,False
GN38509_juodzbalis25,GN-38509,6.678,robust,mbh_minus_0p3dex,eddington_eps0p1,heavy_dcbh,0.6999551975409491,8.27,9.19,-0.9199999999999999,0.537852514028231,heavy_dcbh,2.1902664025693044,4.0,6.0,False
GN38509_juodzbalis25,GN-38509,6.678,robust,mbh_minus_0p3dex,eddington_eps0p1,pbh,0.6999551975409491,8.27,9.19,-0.9199999999999999,0.7023334051683626,pbh,2.1902664025693044,2.0,6.0,True
GN38509_juodzbalis25,GN-38509,6.678,robust,mbh_minus_0p3dex,subeddington_eps0p1,light_popiii,0.6999551975409491,8.27,9.19,-0.9199999999999999,1.1135356330186923,light_popiii,6.446079920770791,1.0,2.0,False
GN38509_juodzbalis25,GN-38509,6.678,robust,mbh_minus_0p3dex,subeddington_eps0p1,intermediate_cluster,0.6999551975409491,8.27,9.19,-0.9199999999999999,0.7845738507384287,intermediate_cluster,6.446079920770791,3.0,4.0,False
GN38509_juodzbalis25,GN-38509,6.678,robust,mbh_minus_0p3dex,subeddington_eps0p1,heavy_dcbh,0.6999551975409491,8.27,9.19,-0.9199999999999999,0.537852514028231,heavy_dcbh,6.446079920770791,4.0,6.0,False
GN38509_juodzbalis25,GN-38509,6.678,robust,mbh_minus_0p3dex,subeddington_eps0p1,pbh,0.6999551975409491,8.27,9.19,-0.9199999999999999,0.7023334051683626,pbh,6.446079920770791,2.0,6.0,False
GN38509_juodzbalis25,GN-38509,6.678,robust,mbh_minus_0p3dex,supercritical_eps0p05,light_popiii,0.6999551975409491,8.27,9.19,-0.9199999999999999,0.5274642472193805,light_popiii,-17.399986300262935,1.0,2.0,False
GN38509_juodzbalis25,GN-38509,6.678,robust,mbh_minus_0p3dex,supercritical_eps0p05,intermediate_cluster,0.6999551975409491,8.27,9.19,-0.9199999999999999,0.3716402450866241,intermediate_cluster,-17.399986300262935,3.0,4.0,False
GN38509_juodzbalis25,GN-38509,6.678,robust,mbh_minus_0p3dex,supercritical_eps0p05,heavy_dcbh,0.6999551975409491,8.27,9.19,-0.9199999999999999,0.25477224348705674,heavy_dcbh,-17.399986300262935,4.0,6.0,False
GN38509_juodzbalis25,GN-38509,6.678,robust,mbh_minus_0p3dex,supercritical_eps0p05,pbh,0.6999551975409491,8.27,9.19,-0.9199999999999999,0.332684244553435,pbh,-17.399986300262935,2.0,6.0,False
GN38509_juodzbalis25,GN-38509,6.678,robust,mbh_minus_0p3dex,merger_boost_x2,light_popiii,0.6999551975409491,8.27,9.19,-0.9199999999999999,1.0640219510719706,light_popiii,1.8892364069053231,1.0,2.0,True
GN38509_juodzbalis25,GN-38509,6.678,robust,mbh_minus_0p3dex,merger_boost_x2,intermediate_cluster,0.6999551975409491,8.27,9.19,-0.9199999999999999,0.735060168791707,intermediate_cluster,1.8892364069053231,3.0,4.0,False
GN38509_juodzbalis25,GN-38509,6.678,robust,mbh_minus_0p3dex,merger_boost_x2,heavy_dcbh,0.6999551975409491,8.27,9.19,-0.9199999999999999,0.4883388320815093,heavy_dcbh,1.8892364069053231,4.0,6.0,False
GN38509_juodzbalis25,GN-38509,6.678,robust,mbh_minus_0p3dex,merger_boost_x2,pbh,0.6999551975409491,8.27,9.19,-0.9199999999999999,0.6528197232216411,pbh,1.8892364069053231,2.0,6.0,False
GN38509_juodzbalis25,GN-38509,6.678,robust,mbh_plus_0p3dex,eddington_eps0p1,light_popiii,0.6999551975409491,8.870000000000001,9.19,-0.3199999999999985,1.2122241677027716,light_popiii,2.790266402569306,1.0,2.0,False
GN38509_juodzbalis25,GN-38509,6.678,robust,mbh_plus_0p3dex,eddington_eps0p1,intermediate_cluster,0.6999551975409491,8.870000000000001,9.19,-0.3199999999999985,0.883262385422508,intermediate_cluster,2.790266402569306,3.0,4.0,False
GN38509_juodzbalis25,GN-38509,6.678,robust,mbh_plus_0p3dex,eddington_eps0p1,heavy_dcbh,0.6999551975409491,8.870000000000001,9.19,-0.3199999999999985,0.6365410487123102,heavy_dcbh,2.790266402569306,4.0,6.0,False
GN38509_juodzbalis25,GN-38509,6.678,robust,mbh_plus_0p3dex,eddington_eps0p1,pbh,0.6999551975409491,8.870000000000001,9.19,-0.3199999999999985,0.801021939852442,pbh,2.790266402569306,2.0,6.0,True
GN38509_juodzbalis25,GN-38509,6.678,robust,mbh_plus_0p3dex,subeddington_eps0p1,light_popiii,0.6999551975409491,8.870000000000001,9.19,-0.3199999999999985,1.2122241677027716,light_popiii,7.046079920770793,1.0,2.0,False
GN38509_juodzbalis25,GN-38509,6.678,robust,mbh_plus_0p3dex,subeddington_eps0p1,intermediate_cluster,0.6999551975409491,8.870000000000001,9.19,-0.3199999999999985,0.883262385422508,intermediate_cluster,7.046079920770793,3.0,4.0,False
GN38509_juodzbalis25,GN-38509,6.678,robust,mbh_plus_0p3dex,subeddington_eps0p1,heavy_dcbh,0.6999551975409491,8.870000000000001,9.19,-0.3199999999999985,0.6365410487123102,heavy_dcbh,7.046079920770793,4.0,6.0,False
GN38509_juodzbalis25,GN-38509,6.678,robust,mbh_plus_0p3dex,subeddington_eps0p1,pbh,0.6999551975409491,8.870000000000001,9.19,-0.3199999999999985,0.801021939852442,pbh,7.046079920770793,2.0,6.0,False
GN38509_juodzbalis25,GN-38509,6.678,robust,mbh_plus_0p3dex,supercritical_eps0p05,light_popiii,0.6999551975409491,8.870000000000001,9.19,-0.3199999999999985,0.5742114478592075,light_popiii,-16.799986300262933,1.0,2.0,False
GN38509_juodzbalis25,GN-38509,6.678,robust,mbh_plus_0p3dex,supercritical_eps0p05,intermediate_cluster,0.6999551975409491,8.870000000000001,9.19,-0.3199999999999985,0.4183874457264511,intermediate_cluster,-16.799986300262933,3.0,4.0,False
GN38509_juodzbalis25,GN-38509,6.678,robust,mbh_plus_0p3dex,supercritical_eps0p05,heavy_dcbh,0.6999551975409491,8.870000000000001,9.19,-0.3199999999999985,0.3015194441268838,heavy_dcbh,-16.799986300262933,4.0,6.0,False
GN38509_juodzbalis25,GN-38509,6.678,robust,mbh_plus_0p3dex,supercritical_eps0p05,pbh,0.6999551975409491,8.870000000000001,9.19,-0.3199999999999985,0.379431445193262,pbh,-16.799986300262933,2.0,6.0,False
GN38509_juodzbalis25,GN-38509,6.678,robust,mbh_plus_0p3dex,merger_boost_x2,light_popiii,0.6999551975409491,8.870000000000001,9.19,-0.3199999999999985,1.1627104857560497,light_popiii,2.4892364069053246,1.0,2.0,False
GN38509_juodzbalis25,GN-38509,6.678,robust,mbh_plus_0p3dex,merger_boost_x2,intermediate_cluster,0.6999551975409491,8.870000000000001,9.19,-0.3199999999999985,0.8337487034757863,intermediate_cluster,2.4892364069053246,3.0,4.0,False
GN38509_juodzbalis25,GN-38509,6.678,robust,mbh_plus_0p3dex,merger_boost_x2,heavy_dcbh,0.6999551975409491,8.870000000000001,9.19,-0.3199999999999985,0.5870273667655885,heavy_dcbh,2.4892364069053246,4.0,6.0,False
GN38509_juodzbalis25,GN-38509,6.678,robust,mbh_plus_0p3dex,merger_boost_x2,pbh,0.6999551975409491,8.870000000000001,9.19,-0.3199999999999985,0.7515082579057203,pbh,2.4892364069053246,2.0,6.0,True
GN38509_juodzbalis25,GN-38509,6.678,robust,mstar_agn_20pct,eddington_eps0p1,light_popiii,0.6999551975409491,8.57,9.093089986991943,-0.523089986991943,1.162879900360732,light_popiii,2.490266402569305,1.0,2.0,False
GN38509_juodzbalis25,GN-38509,6.678,robust,mstar_agn_20pct,eddington_eps0p1,intermediate_cluster,0.6999551975409491,8.57,9.093089986991943,-0.523089986991943,0.8339181180804681,intermediate_cluster,2.490266402569305,3.0,4.0,False
GN38509_juodzbalis25,GN-38509,6.678,robust,mstar_agn_20pct,eddington_eps0p1,heavy_dcbh,0.6999551975409491,8.57,9.093089986991943,-0.523089986991943,0.5871967813702705,heavy_dcbh,2.490266402569305,4.0,6.0,False
GN38509_juodzbalis25,GN-38509,6.678,robust,mstar_agn_20pct,eddington_eps0p1,pbh,0.6999551975409491,8.57,9.093089986991943,-0.523089986991943,0.7516776725104024,pbh,2.490266402569305,2.0,6.0,True
GN38509_juodzbalis25,GN-38509,6.678,robust,mstar_agn_20pct,subeddington_eps0p1,light_popiii,0.6999551975409491,8.57,9.093089986991943,-0.523089986991943,1.162879900360732,light_popiii,6.746079920770792,1.0,2.0,False
GN38509_juodzbalis25,GN-38509,6.678,robust,mstar_agn_20pct,subeddington_eps0p1,intermediate_cluster,0.6999551975409491,8.57,9.093089986991943,-0.523089986991943,0.8339181180804681,intermediate_cluster,6.746079920770792,3.0,4.0,False
GN38509_juodzbalis25,GN-38509,6.678,robust,mstar_agn_20pct,subeddington_eps0p1,heavy_dcbh,0.6999551975409491,8.57,9.093089986991943,-0.523089986991943,0.5871967813702705,heavy_dcbh,6.746079920770792,4.0,6.0,False
GN38509_juodzbalis25,GN-38509,6.678,robust,mstar_agn_20pct,subeddington_eps0p1,pbh,0.6999551975409491,8.57,9.093089986991943,-0.523089986991943,0.7516776725104024,pbh,6.746079920770792,2.0,6.0,False
GN38509_juodzbalis25,GN-38509,6.678,robust,mstar_agn_20pct,supercritical_eps0p05,light_popiii,0.6999551975409491,8.57,9.093089986991943,-0.523089986991943,0.550837847539294,light_popiii,-17.099986300262934,1.0,2.0,False
GN38509_juodzbalis25,GN-38509,6.678,robust,mstar_agn_20pct,supercritical_eps0p05,intermediate_cluster,0.6999551975409491,8.57,9.093089986991943,-0.523089986991943,0.39501384540653756,intermediate_cluster,-17.099986300262934,3.0,4.0,False
GN38509_juodzbalis25,GN-38509,6.678,robust,mstar_agn_20pct,supercritical_eps0p05,heavy_dcbh,0.6999551975409491,8.57,9.093089986991943,-0.523089986991943,0.27814584380697027,heavy_dcbh,-17.099986300262934,4.0,6.0,False
GN38509_juodzbalis25,GN-38509,6.678,robust,mstar_agn_20pct,supercritical_eps0p05,pbh,0.6999551975409491,8.57,9.093089986991943,-0.523089986991943,0.35605784487334846,pbh,-17.099986300262934,2.0,6.0,False
GN38509_juodzbalis25,GN-38509,6.678,robust,mstar_agn_20pct,merger_boost_x2,light_popiii,0.6999551975409491,8.57,9.093089986991943,-0.523089986991943,1.11336621841401,light_popiii,2.189236406905324,1.0,2.0,False
GN38509_juodzbalis25,GN-38509,6.678,robust,mstar_agn_20pct,merger_boost_x2,intermediate_cluster,0.6999551975409491,8.57,9.093089986991943,-0.523089986991943,0.7844044361337466,intermediate_cluster,2.189236406905324,3.0,4.0,False
GN38509_juodzbalis25,GN-38509,6.678,robust,mstar_agn_20pct,merger_boost_x2,heavy_dcbh,0.6999551975409491,8.57,9.093089986991943,-0.523089986991943,0.537683099423549,heavy_dcbh,2.189236406905324,4.0,6.0,False
GN38509_juodzbalis25,GN-38509,6.678,robust,mstar_agn_20pct,merger_boost_x2,pbh,0.6999551975409491,8.57,9.093089986991943,-0.523089986991943,0.7021639905636806,pbh,2.189236406905324,2.0,6.0,True
GN20621_juodzbalis25,GN-20621,4.682,robust,baseline,eddington_eps0p1,light_popiii,1.1541433489915518,7.05,8.41,-1.3600000000000003,0.5536291170972427,light_popiii,-2.974761755847397,1.0,2.0,False
GN20621_juodzbalis25,GN-20621,4.682,robust,baseline,eddington_eps0p1,intermediate_cluster,1.1541433489915518,7.05,8.41,-1.3600000000000003,0.3541231289540922,intermediate_cluster,-2.974761755847397,3.0,4.0,False
GN20621_juodzbalis25,GN-20621,4.682,robust,baseline,eddington_eps0p1,heavy_dcbh,1.1541433489915518,7.05,8.41,-1.3600000000000003,0.2044936378467293,heavy_dcbh,-2.974761755847397,4.0,6.0,False
GN20621_juodzbalis25,GN-20621,4.682,robust,baseline,eddington_eps0p1,pbh,1.1541433489915518,7.05,8.41,-1.3600000000000003,0.3042466319183046,pbh,-2.974761755847397,2.0,6.0,False
GN20621_juodzbalis25,GN-20621,4.682,robust,baseline,subeddington_eps0p1,light_popiii,1.1541433489915518,7.05,8.41,-1.3600000000000003,0.5536291170972427,light_popiii,4.042571473245781,1.0,2.0,False
GN20621_juodzbalis25,GN-20621,4.682,robust,baseline,subeddington_eps0p1,intermediate_cluster,1.1541433489915518,7.05,8.41,-1.3600000000000003,0.3541231289540922,intermediate_cluster,4.042571473245781,3.0,4.0,False
GN20621_juodzbalis25,GN-20621,4.682,robust,baseline,subeddington_eps0p1,heavy_dcbh,1.1541433489915518,7.05,8.41,-1.3600000000000003,0.2044936378467293,heavy_dcbh,4.042571473245781,4.0,6.0,True
GN20621_juodzbalis25,GN-20621,4.682,robust,baseline,subeddington_eps0p1,pbh,1.1541433489915518,7.05,8.41,-1.3600000000000003,0.3042466319183046,pbh,4.042571473245781,2.0,6.0,True
GN20621_juodzbalis25,GN-20621,4.682,robust,baseline,supercritical_eps0p05,light_popiii,1.1541433489915518,7.05,8.41,-1.3600000000000003,0.26224537125658864,light_popiii,-35.27677185802235,1.0,2.0,False
GN20621_juodzbalis25,GN-20621,4.682,robust,baseline,supercritical_eps0p05,intermediate_cluster,1.1541433489915518,7.05,8.41,-1.3600000000000003,0.16774253476772785,intermediate_cluster,-35.27677185802235,3.0,4.0,False
GN20621_juodzbalis25,GN-20621,4.682,robust,baseline,supercritical_eps0p05,heavy_dcbh,1.1541433489915518,7.05,8.41,-1.3600000000000003,0.0968654074010823,heavy_dcbh,-35.27677185802235,4.0,6.0,False
GN20621_juodzbalis25,GN-20621,4.682,robust,baseline,supercritical_eps0p05,pbh,1.1541433489915518,7.05,8.41,-1.3600000000000003,0.14411682564551268,pbh,-35.27677185802235,2.0,6.0,False
GN20621_juodzbalis25,GN-20621,4.682,robust,baseline,merger_boost_x2,light_popiii,1.1541433489915518,7.05,8.41,-1.3600000000000003,0.5236004737244072,light_popiii,-3.2757917515113784,1.0,2.0,False
GN20621_juodzbalis25,GN-20621,4.682,robust,baseline,merger_boost_x2,intermediate_cluster,1.1541433489915518,7.05,8.41,-1.3600000000000003,0.32409448558125675,intermediate_cluster,-3.2757917515113784,3.0,4.0,False
GN20621_juodzbalis25,GN-20621,4.682,robust,baseline,merger_boost_x2,heavy_dcbh,1.1541433489915518,7.05,8.41,-1.3600000000000003,0.17446499447389385,heavy_dcbh,-3.2757917515113784,4.0,6.0,False
GN20621_juodzbalis25,GN-20621,4.682,robust,baseline,merger_boost_x2,pbh,1.1541433489915518,7.05,8.41,-1.3600000000000003,0.27421798854546914,pbh,-3.2757917515113784,2.0,6.0,False
GN20621_juodzbalis25,GN-20621,4.682,robust,mbh_minus_0p3dex,eddington_eps0p1,light_popiii,1.1541433489915518,6.75,8.41,-1.6600000000000001,0.5237032188757702,light_popiii,-3.274761755847397,1.0,2.0,False
GN20621_juodzbalis25,GN-20621,4.682,robust,mbh_minus_0p3dex,eddington_eps0p1,intermediate_cluster,1.1541433489915518,6.75,8.41,-1.6600000000000001,0.32419723073261963,intermediate_cluster,-3.274761755847397,3.0,4.0,False
GN20621_juodzbalis25,GN-20621,4.682,robust,mbh_minus_0p3dex,eddington_eps0p1,heavy_dcbh,1.1541433489915518,6.75,8.41,-1.6600000000000001,0.17456773962525673,heavy_dcbh,-3.274761755847397,4.0,6.0,False
GN20621_juodzbalis25,GN-20621,4.682,robust,mbh_minus_0p3dex,eddington_eps0p1,pbh,1.1541433489915518,6.75,8.41,-1.6600000000000001,0.27432073369683196,pbh,-3.274761755847397,2.0,6.0,False
GN20621_juodzbalis25,GN-20621,4.682,robust,mbh_minus_0p3dex,subeddington_eps0p1,light_popiii,1.1541433489915518,6.75,8.41,-1.6600000000000001,0.5237032188757702,light_popiii,3.7425714732457807,1.0,2.0,False
GN20621_juodzbalis25,GN-20621,4.682,robust,mbh_minus_0p3dex,subeddington_eps0p1,intermediate_cluster,1.1541433489915518,6.75,8.41,-1.6600000000000001,0.32419723073261963,intermediate_cluster,3.7425714732457807,3.0,4.0,True
GN20621_juodzbalis25,GN-20621,4.682,robust,mbh_minus_0p3dex,subeddington_eps0p1,heavy_dcbh,1.1541433489915518,6.75,8.41,-1.6600000000000001,0.17456773962525673,heavy_dcbh,3.7425714732457807,4.0,6.0,False
GN20621_juodzbalis25,GN-20621,4.682,robust,mbh_minus_0p3dex,subeddington_eps0p1,pbh,1.1541433489915518,6.75,8.41,-1.6600000000000001,0.27432073369683196,pbh,3.7425714732457807,2.0,6.0,True
GN20621_juodzbalis25,GN-20621,4.682,robust,mbh_minus_0p3dex,supercritical_eps0p05,light_popiii,1.1541433489915518,6.75,8.41,-1.6600000000000001,0.24806994578325958,light_popiii,-35.57677185802235,1.0,2.0,False
GN20621_juodzbalis25,GN-20621,4.682,robust,mbh_minus_0p3dex,supercritical_eps0p05,intermediate_cluster,1.1541433489915518,6.75,8.41,-1.6600000000000001,0.1535671092943988,intermediate_cluster,-35.57677185802235,3.0,4.0,False
GN20621_juodzbalis25,GN-20621,4.682,robust,mbh_minus_0p3dex,supercritical_eps0p05,heavy_dcbh,1.1541433489915518,6.75,8.41,-1.6600000000000001,0.08268998192775318,heavy_dcbh,-35.57677185802235,4.0,6.0,False
GN20621_juodzbalis25,GN-20621,4.682,robust,mbh_minus_0p3dex,supercritical_eps0p05,pbh,1.1541433489915518,6.75,8.41,-1.6600000000000001,0.12994140017218356,pbh,-35.57677185802235,2.0,6.0,False
GN20621_juodzbalis25,GN-20621,4.682,robust,mbh_minus_0p3dex,merger_boost_x2,light_popiii,1.1541433489915518,6.75,8.41,-1.6600000000000001,0.4936745755029347,light_popiii,-3.575791751511378,1.0,2.0,False
GN20621_juodzbalis25,GN-20621,4.682,robust,mbh_minus_0p3dex,merger_boost_x2,intermediate_cluster,1.1541433489915518,6.75,8.41,-1.6600000000000001,0.2941685873597842,intermediate_cluster,-3.575791751511378,3.0,4.0,False
GN20621_juodzbalis25,GN-20621,4.682,robust,mbh_minus_0p3dex,merger_boost_x2,heavy_dcbh,1.1541433489915518,6.75,8.41,-1.6600000000000001,0.14453909625242128,heavy_dcbh,-3.575791751511378,4.0,6.0,False
GN20621_juodzbalis25,GN-20621,4.682,robust,mbh_minus_0p3dex,merger_boost_x2,pbh,1.1541433489915518,6.75,8.41,-1.6600000000000001,0.24429209032399654,pbh,-3.575791751511378,2.0,6.0,False
GN20621_juodzbalis25,GN-20621,4.682,robust,mbh_plus_0p3dex,eddington_eps0p1,light_popiii,1.1541433489915518,7.35,8.41,-1.0600000000000005,0.5835550153187153,light_popiii,-2.6747617558473973,1.0,2.0,False
GN20621_juodzbalis25,GN-20621,4.682,robust,mbh_plus_0p3dex,eddington_eps0p1,intermediate_cluster,1.1541433489915518,7.35,8.41,-1.0600000000000005,0.38404902717556477,intermediate_cluster,-2.6747617558473973,3.0,4.0,False
GN20621_juodzbalis25,GN-20621,4.682,robust,mbh_plus_0p3dex,eddington_eps0p1,heavy_dcbh,1.1541433489915518,7.35,8.41,-1.0600000000000005,0.23441953606820184,heavy_dcbh,-2.6747617558473973,4.0,6.0,False
GN20621_juodzbalis25,GN-20621,4.682,robust,mbh_plus_0p3dex,eddington_eps0p1,pbh,1.1541433489915518,7.35,8.41,-1.0600000000000005,0.33417253013977716,pbh,-2.6747617558473973,2.0,6.0,False
GN20621_juodzbalis25,GN-20621,4.682,robust,mbh_plus_0p3dex,subeddington_eps0p1,light_popiii,1.1541433489915518,7.35,8.41,-1.0600000000000005,0.5835550153187153,light_popiii,4.34257147324578,1.0,2.0,False
GN20621_juodzbalis25,GN-20621,4.682,robust,mbh_plus_0p3dex,subeddington_eps0p1,intermediate_cluster,1.1541433489915518,7.35,8.41,-1.0600000000000005,0.38404902717556477,intermediate_cluster,4.34257147324578,3.0,4.0,False
GN20621_juodzbalis25,GN-20621,4.682,robust,mbh_plus_0p3dex,subeddington_eps0p1,heavy_dcbh,1.1541433489915518,7.35,8.41,-1.0600000000000005,0.23441953606820184,heavy_dcbh,4.34257147324578,4.0,6.0,True
GN20621_juodzbalis25,GN-20621,4.682,robust,mbh_plus_0p3dex,subeddington_eps0p1,pbh,1.1541433489915518,7.35,8.41,-1.0600000000000005,0.33417253013977716,pbh,4.34257147324578,2.0,6.0,True
GN20621_juodzbalis25,GN-20621,4.682,robust,mbh_plus_0p3dex,supercritical_eps0p05,light_popiii,1.1541433489915518,7.35,8.41,-1.0600000000000005,0.2764207967299178,light_popiii,-34.976771858022346,1.0,2.0,False
GN20621_juodzbalis25,GN-20621,4.682,robust,mbh_plus_0p3dex,supercritical_eps0p05,intermediate_cluster,1.1541433489915518,7.35,8.41,-1.0600000000000005,0.181917960241057,intermediate_cluster,-34.976771858022346,3.0,4.0,False
GN20621_juodzbalis25,GN-20621,4.682,robust,mbh_plus_0p3dex,supercritical_eps0p05,heavy_dcbh,1.1541433489915518,7.35,8.41,-1.0600000000000005,0.11104083287441141,heavy_dcbh,-34.976771858022346,4.0,6.0,False
GN20621_juodzbalis25,GN-20621,4.682,robust,mbh_plus_0p3dex,supercritical_eps0p05,pbh,1.1541433489915518,7.35,8.41,-1.0600000000000005,0.15829225111884182,pbh,-34.976771858022346,2.0,6.0,False
GN20621_juodzbalis25,GN-20621,4.682,robust,mbh_plus_0p3dex,merger_boost_x2,light_popiii,1.1541433489915518,7.35,8.41,-1.0600000000000005,0.55352637194588,light_popiii,-2.9757917515113785,1.0,2.0,False
GN20621_juodzbalis25,GN-20621,4.682,robust,mbh_plus_0p3dex,merger_boost_x2,intermediate_cluster,1.1541433489915518,7.35,8.41,-1.0600000000000005,0.3540203838027294,intermediate_cluster,-2.9757917515113785,3.0,4.0,False
GN20621_juodzbalis25,GN-20621,4.682,robust,mbh_plus_0p3dex,merger_boost_x2,heavy_dcbh,1.1541433489915518,7.35,8.41,-1.0600000000000005,0.2043908926953664,heavy_dcbh,-2.9757917515113785,4.0,6.0,False
GN20621_juodzbalis25,GN-20621,4.682,robust,mbh_plus_0p3dex,merger_boost_x2,pbh,1.1541433489915518,7.35,8.41,-1.0600000000000005,0.3041438867669417,pbh,-2.9757917515113785,2.0,6.0,False
GN20621_juodzbalis25,GN-20621,4.682,robust,mstar_agn_20pct,eddington_eps0p1,light_popiii,1.1541433489915518,7.05,8.313089986991944,-1.263089986991944,0.5536291170972427,light_popiii,-2.974761755847397,1.0,2.0,False
GN20621_juodzbalis25,GN-20621,4.682,robust,mstar_agn_20pct,eddington_eps0p1,intermediate_cluster,1.1541433489915518,7.05,8.313089986991944,-1.263089986991944,0.3541231289540922,intermediate_cluster,-2.974761755847397,3.0,4.0,False
GN20621_juodzbalis25,GN-20621,4.682,robust,mstar_agn_20pct,eddington_eps0p1,heavy_dcbh,1.1541433489915518,7.05,8.313089986991944,-1.263089986991944,0.2044936378467293,heavy_dcbh,-2.974761755847397,4.0,6.0,False
GN20621_juodzbalis25,GN-20621,4.682,robust,mstar_agn_20pct,eddington_eps0p1,pbh,1.1541433489915518,7.05,8.313089986991944,-1.263089986991944,0.3042466319183046,pbh,-2.974761755847397,2.0,6.0,False
GN20621_juodzbalis25,GN-20621,4.682,robust,mstar_agn_20pct,subeddington_eps0p1,light_popiii,1.1541433489915518,7.05,8.313089986991944,-1.263089986991944,0.5536291170972427,light_popiii,4.042571473245781,1.0,2.0,False
GN20621_juodzbalis25,GN-20621,4.682,robust,mstar_agn_20pct,subeddington_eps0p1,intermediate_cluster,1.1541433489915518,7.05,8.313089986991944,-1.263089986991944,0.3541231289540922,intermediate_cluster,4.042571473245781,3.0,4.0,False
GN20621_juodzbalis25,GN-20621,4.682,robust,mstar_agn_20pct,subeddington_eps0p1,heavy_dcbh,1.1541433489915518,7.05,8.313089986991944,-1.263089986991944,0.2044936378467293,heavy_dcbh,4.042571473245781,4.0,6.0,True
GN20621_juodzbalis25,GN-20621,4.682,robust,mstar_agn_20pct,subeddington_eps0p1,pbh,1.1541433489915518,7.05,8.313089986991944,-1.263089986991944,0.3042466319183046,pbh,4.042571473245781,2.0,6.0,True
GN20621_juodzbalis25,GN-20621,4.682,robust,mstar_agn_20pct,supercritical_eps0p05,light_popiii,1.1541433489915518,7.05,8.313089986991944,-1.263089986991944,0.26224537125658864,light_popiii,-35.27677185802235,1.0,2.0,False
GN20621_juodzbalis25,GN-20621,4.682,robust,mstar_agn_20pct,supercritical_eps0p05,intermediate_cluster,1.1541433489915518,7.05,8.313089986991944,-1.263089986991944,0.16774253476772785,intermediate_cluster,-35.27677185802235,3.0,4.0,False
GN20621_juodzbalis25,GN-20621,4.682,robust,mstar_agn_20pct,supercritical_eps0p05,heavy_dcbh,1.1541433489915518,7.05,8.313089986991944,-1.263089986991944,0.0968654074010823,heavy_dcbh,-35.27677185802235,4.0,6.0,False
GN20621_juodzbalis25,GN-20621,4.682,robust,mstar_agn_20pct,supercritical_eps0p05,pbh,1.1541433489915518,7.05,8.313089986991944,-1.263089986991944,0.14411682564551268,pbh,-35.27677185802235,2.0,6.0,False
GN20621_juodzbalis25,GN-20621,4.682,robust,mstar_agn_20pct,merger_boost_x2,light_popiii,1.1541433489915518,7.05,8.313089986991944,-1.263089986991944,0.5236004737244072,light_popiii,-3.2757917515113784,1.0,2.0,False
GN20621_juodzbalis25,GN-20621,4.682,robust,mstar_agn_20pct,merger_boost_x2,intermediate_cluster,1.1541433489915518,7.05,8.313089986991944,-1.263089986991944,0.32409448558125675,intermediate_cluster,-3.2757917515113784,3.0,4.0,False
GN20621_juodzbalis25,GN-20621,4.682,robust,mstar_agn_20pct,merger_boost_x2,heavy_dcbh,1.1541433489915518,7.05,8.313089986991944,-1.263089986991944,0.17446499447389385,heavy_dcbh,-3.2757917515113784,4.0,6.0,False
GN20621_juodzbalis25,GN-20621,4.682,robust,mstar_agn_20pct,merger_boost_x2,pbh,1.1541433489915518,7.05,8.313089986991944,-1.263089986991944,0.27421798854546914,pbh,-3.2757917515113784,2.0,6.0,False
GN11836_juodzbalis25,GN-11836,4.409,robust,baseline,eddington_eps0p1,light_popiii,1.2497138321274495,6.06,8.17,-2.1100000000000003,0.42008769344332786,light_popiii,-4.794876425022362,1.0,2.0,False
GN11836_juodzbalis25,GN-11836,4.409,robust,baseline,eddington_eps0p1,intermediate_cluster,1.2497138321274495,6.06,8.17,-2.1100000000000003,0.23583870509099103,intermediate_cluster,-4.794876425022362,3.0,4.0,False
GN11836_juodzbalis25,GN-11836,4.409,robust,baseline,eddington_eps0p1,heavy_dcbh,1.2497138321274495,6.06,8.17,-2.1100000000000003,0.09765196382673845,heavy_dcbh,-4.794876425022362,4.0,6.0,False
GN11836_juodzbalis25,GN-11836,4.409,robust,baseline,eddington_eps0p1,pbh,1.2497138321274495,6.06,8.17,-2.1100000000000003,0.18977645800290688,pbh,-4.794876425022362,2.0,6.0,False
GN11836_juodzbalis25,GN-11836,4.409,robust,baseline,subeddington_eps0p1,light_popiii,1.2497138321274495,6.06,8.17,-2.1100000000000003,0.42008769344332786,light_popiii,2.8035370724932918,1.0,2.0,False
GN11836_juodzbalis25,GN-11836,4.409,robust,baseline,subeddington_eps0p1,intermediate_cluster,1.2497138321274495,6.06,8.17,-2.1100000000000003,0.23583870509099103,intermediate_cluster,2.8035370724932918,3.0,4.0,False
GN11836_juodzbalis25,GN-11836,4.409,robust,baseline,subeddington_eps0p1,heavy_dcbh,1.2497138321274495,6.06,8.17,-2.1100000000000003,0.09765196382673845,heavy_dcbh,2.8035370724932918,4.0,6.0,False
GN11836_juodzbalis25,GN-11836,4.409,robust,baseline,subeddington_eps0p1,pbh,1.2497138321274495,6.06,8.17,-2.1100000000000003,0.18977645800290688,pbh,2.8035370724932918,2.0,6.0,True
GN11836_juodzbalis25,GN-11836,4.409,robust,baseline,supercritical_eps0p05,light_popiii,1.2497138321274495,6.06,8.17,-2.1100000000000003,0.19898890742052372,light_popiii,-39.77170046120552,1.0,2.0,False
GN11836_juodzbalis25,GN-11836,4.409,robust,baseline,supercritical_eps0p05,intermediate_cluster,1.2497138321274495,6.06,8.17,-2.1100000000000003,0.1117130708325747,intermediate_cluster,-39.77170046120552,3.0,4.0,False
GN11836_juodzbalis25,GN-11836,4.409,robust,baseline,supercritical_eps0p05,heavy_dcbh,1.2497138321274495,6.06,8.17,-2.1100000000000003,0.04625619339161295,heavy_dcbh,-39.77170046120552,4.0,6.0,False
GN11836_juodzbalis25,GN-11836,4.409,robust,baseline,supercritical_eps0p05,pbh,1.2497138321274495,6.06,8.17,-2.1100000000000003,0.08989411168558746,pbh,-39.77170046120552,2.0,6.0,False
GN11836_juodzbalis25,GN-11836,4.409,robust,baseline,merger_boost_x2,light_popiii,1.2497138321274495,6.06,8.17,-2.1100000000000003,0.3923554573609294,light_popiii,-5.095906420686343,1.0,2.0,False
GN11836_juodzbalis25,GN-11836,4.409,robust,baseline,merger_boost_x2,intermediate_cluster,1.2497138321274495,6.06,8.17,-2.1100000000000003,0.2081064690085926,intermediate_cluster,-5.095906420686343,3.0,4.0,False
GN11836_juodzbalis25,GN-11836,4.409,robust,baseline,merger_boost_x2,heavy_dcbh,1.2497138321274495,6.06,8.17,-2.1100000000000003,0.06991972774434002,heavy_dcbh,-5.095906420686343,4.0,6.0,False
GN11836_juodzbalis25,GN-11836,4.409,robust,baseline,merger_boost_x2,pbh,1.2497138321274495,6.06,8.17,-2.1100000000000003,0.16204422192050844,pbh,-5.095906420686343,2.0,6.0,False
GN11836_juodzbalis25,GN-11836,4.409,robust,mbh_minus_0p3dex,eddington_eps0p1,light_popiii,1.2497138321274495,5.76,8.17,-2.41,0.39245034519047733,light_popiii,-5.0948764250223615,1.0,2.0,False
GN11836_juodzbalis25,GN-11836,4.409,robust,mbh_minus_0p3dex,eddington_eps0p1,intermediate_cluster,1.2497138321274495,5.76,8.17,-2.41,0.20820135683814053,intermediate_cluster,-5.0948764250223615,3.0,4.0,False
GN11836_juodzbalis25,GN-11836,4.409,robust,mbh_minus_0p3dex,eddington_eps0p1,heavy_dcbh,1.2497138321274495,5.76,8.17,-2.41,0.07001461557388797,heavy_dcbh,-5.0948764250223615,4.0,6.0,False
GN11836_juodzbalis25,GN-11836,4.409,robust,mbh_minus_0p3dex,eddington_eps0p1,pbh,1.2497138321274495,5.76,8.17,-2.41,0.16213910975005635,pbh,-5.0948764250223615,2.0,6.0,False
GN11836_juodzbalis25,GN-11836,4.409,robust,mbh_minus_0p3dex,subeddington_eps0p1,light_popiii,1.2497138321274495,5.76,8.17,-2.41,0.39245034519047733,light_popiii,2.503537072493292,1.0,2.0,False
GN11836_juodzbalis25,GN-11836,4.409,robust,mbh_minus_0p3dex,subeddington_eps0p1,intermediate_cluster,1.2497138321274495,5.76,8.17,-2.41,0.20820135683814053,intermediate_cluster,2.503537072493292,3.0,4.0,False
GN11836_juodzbalis25,GN-11836,4.409,robust,mbh_minus_0p3dex,subeddington_eps0p1,heavy_dcbh,1.2497138321274495,5.76,8.17,-2.41,0.07001461557388797,heavy_dcbh,2.503537072493292,4.0,6.0,False
GN11836_juodzbalis25,GN-11836,4.409,robust,mbh_minus_0p3dex,subeddington_eps0p1,pbh,1.2497138321274495,5.76,8.17,-2.41,0.16213910975005635,pbh,2.503537072493292,2.0,6.0,True
GN11836_juodzbalis25,GN-11836,4.409,robust,mbh_minus_0p3dex,supercritical_eps0p05,light_popiii,1.2497138321274495,5.76,8.17,-2.41,0.18589753193233136,light_popiii,-40.07170046120552,1.0,2.0,False
GN11836_juodzbalis25,GN-11836,4.409,robust,mbh_minus_0p3dex,supercritical_eps0p05,intermediate_cluster,1.2497138321274495,5.76,8.17,-2.41,0.09862169534438235,intermediate_cluster,-40.07170046120552,3.0,4.0,False
GN11836_juodzbalis25,GN-11836,4.409,robust,mbh_minus_0p3dex,supercritical_eps0p05,heavy_dcbh,1.2497138321274495,5.76,8.17,-2.41,0.03316481790342061,heavy_dcbh,-40.07170046120552,4.0,6.0,False
GN11836_juodzbalis25,GN-11836,4.409,robust,mbh_minus_0p3dex,supercritical_eps0p05,pbh,1.2497138321274495,5.76,8.17,-2.41,0.07680273619739511,pbh,-40.07170046120552,2.0,6.0,False
GN11836_juodzbalis25,GN-11836,4.409,robust,mbh_minus_0p3dex,merger_boost_x2,light_popiii,1.2497138321274495,5.76,8.17,-2.41,0.3647181091080789,light_popiii,-5.395906420686343,1.0,2.0,False
GN11836_juodzbalis25,GN-11836,4.409,robust,mbh_minus_0p3dex,merger_boost_x2,intermediate_cluster,1.2497138321274495,5.76,8.17,-2.41,0.1804691207557421,intermediate_cluster,-5.395906420686343,3.0,4.0,False
GN11836_juodzbalis25,GN-11836,4.409,robust,mbh_minus_0p3dex,merger_boost_x2,heavy_dcbh,1.2497138321274495,5.76,8.17,-2.41,0.042282379491489525,heavy_dcbh,-5.395906420686343,4.0,6.0,False
GN11836_juodzbalis25,GN-11836,4.409,robust,mbh_minus_0p3dex,merger_boost_x2,pbh,1.2497138321274495,5.76,8.17,-2.41,0.1344068736676579,pbh,-5.395906420686343,2.0,6.0,False
GN11836_juodzbalis25,GN-11836,4.409,robust,mbh_plus_0p3dex,eddington_eps0p1,light_popiii,1.2497138321274495,6.359999999999999,8.17,-1.8100000000000005,0.4477250416961783,light_popiii,-4.494876425022362,1.0,2.0,False
GN11836_juodzbalis25,GN-11836,4.409,robust,mbh_plus_0p3dex,eddington_eps0p1,intermediate_cluster,1.2497138321274495,6.359999999999999,8.17,-1.8100000000000005,0.26347605334384155,intermediate_cluster,-4.494876425022362,3.0,4.0,False
GN11836_juodzbalis25,GN-11836,4.409,robust,mbh_plus_0p3dex,eddington_eps0p1,heavy_dcbh,1.2497138321274495,6.359999999999999,8.17,-1.8100000000000005,0.12528931207958896,heavy_dcbh,-4.494876425022362,4.0,6.0,False
GN11836_juodzbalis25,GN-11836,4.409,robust,mbh_plus_0p3dex,eddington_eps0p1,pbh,1.2497138321274495,6.359999999999999,8.17,-1.8100000000000005,0.21741380625575732,pbh,-4.494876425022362,2.0,6.0,False
GN11836_juodzbalis25,GN-11836,4.409,robust,mbh_plus_0p3dex,subeddington_eps0p1,light_popiii,1.2497138321274495,6.359999999999999,8.17,-1.8100000000000005,0.4477250416961783,light_popiii,3.1035370724932916,1.0,2.0,False
GN11836_juodzbalis25,GN-11836,4.409,robust,mbh_plus_0p3dex,subeddington_eps0p1,intermediate_cluster,1.2497138321274495,6.359999999999999,8.17,-1.8100000000000005,0.26347605334384155,intermediate_cluster,3.1035370724932916,3.0,4.0,True
GN11836_juodzbalis25,GN-11836,4.409,robust,mbh_plus_0p3dex,subeddington_eps0p1,heavy_dcbh,1.2497138321274495,6.359999999999999,8.17,-1.8100000000000005,0.12528931207958896,heavy_dcbh,3.1035370724932916,4.0,6.0,False
GN11836_juodzbalis25,GN-11836,4.409,robust,mbh_plus_0p3dex,subeddington_eps0p1,pbh,1.2497138321274495,6.359999999999999,8.17,-1.8100000000000005,0.21741380625575732,pbh,3.1035370724932916,2.0,6.0,True
GN11836_juodzbalis25,GN-11836,4.409,robust,mbh_plus_0p3dex,supercritical_eps0p05,light_popiii,1.2497138321274495,6.359999999999999,8.17,-1.8100000000000005,0.21208028290871603,light_popiii,-39.47170046120552,1.0,2.0,False
GN11836_juodzbalis25,GN-11836,4.409,robust,mbh_plus_0p3dex,supercritical_eps0p05,intermediate_cluster,1.2497138321274495,6.359999999999999,8.17,-1.8100000000000005,0.12480444632076704,intermediate_cluster,-39.47170046120552,3.0,4.0,False
GN11836_juodzbalis25,GN-11836,4.409,robust,mbh_plus_0p3dex,supercritical_eps0p05,heavy_dcbh,1.2497138321274495,6.359999999999999,8.17,-1.8100000000000005,0.0593475688798053,heavy_dcbh,-39.47170046120552,4.0,6.0,False
GN11836_juodzbalis25,GN-11836,4.409,robust,mbh_plus_0p3dex,supercritical_eps0p05,pbh,1.2497138321274495,6.359999999999999,8.17,-1.8100000000000005,0.1029854871737798,pbh,-39.47170046120552,2.0,6.0,False
GN11836_juodzbalis25,GN-11836,4.409,robust,mbh_plus_0p3dex,merger_boost_x2,light_popiii,1.2497138321274495,6.359999999999999,8.17,-1.8100000000000005,0.4199928056137799,light_popiii,-4.795906420686343,1.0,2.0,False
GN11836_juodzbalis25,GN-11836,4.409,robust,mbh_plus_0p3dex,merger_boost_x2,intermediate_cluster,1.2497138321274495,6.359999999999999,8.17,-1.8100000000000005,0.2357438172614431,intermediate_cluster,-4.795906420686343,3.0,4.0,False
GN11836_juodzbalis25,GN-11836,4.409,robust,mbh_plus_0p3dex,merger_boost_x2,heavy_dcbh,1.2497138321274495,6.359999999999999,8.17,-1.8100000000000005,0.09755707599719053,heavy_dcbh,-4.795906420686343,4.0,6.0,False
GN11836_juodzbalis25,GN-11836,4.409,robust,mbh_plus_0p3dex,merger_boost_x2,pbh,1.2497138321274495,6.359999999999999,8.17,-1.8100000000000005,0.1896815701733589,pbh,-4.795906420686343,2.0,6.0,False
GN11836_juodzbalis25,GN-11836,4.409,robust,mstar_agn_20pct,eddington_eps0p1,light_popiii,1.2497138321274495,6.06,8.073089986991944,-2.013089986991944,0.42008769344332786,light_popiii,-4.794876425022362,1.0,2.0,False
GN11836_juodzbalis25,GN-11836,4.409,robust,mstar_agn_20pct,eddington_eps0p1,intermediate_cluster,1.2497138321274495,6.06,8.073089986991944,-2.013089986991944,0.23583870509099103,intermediate_cluster,-4.794876425022362,3.0,4.0,False
GN11836_juodzbalis25,GN-11836,4.409,robust,mstar_agn_20pct,eddington_eps0p1,heavy_dcbh,1.2497138321274495,6.06,8.073089986991944,-2.013089986991944,0.09765196382673845,heavy_dcbh,-4.794876425022362,4.0,6.0,False
GN11836_juodzbalis25,GN-11836,4.409,robust,mstar_agn_20pct,eddington_eps0p1,pbh,1.2497138321274495,6.06,8.073089986991944,-2.013089986991944,0.18977645800290688,pbh,-4.794876425022362,2.0,6.0,False
GN11836_juodzbalis25,GN-11836,4.409,robust,mstar_agn_20pct,subeddington_eps0p1,light_popiii,1.2497138321274495,6.06,8.073089986991944,-2.013089986991944,0.42008769344332786,light_popiii,2.8035370724932918,1.0,2.0,False
GN11836_juodzbalis25,GN-11836,4.409,robust,mstar_agn_20pct,subeddington_eps0p1,intermediate_cluster,1.2497138321274495,6.06,8.073089986991944,-2.013089986991944,0.23583870509099103,intermediate_cluster,2.8035370724932918,3.0,4.0,False
GN11836_juodzbalis25,GN-11836,4.409,robust,mstar_agn_20pct,subeddington_eps0p1,heavy_dcbh,1.2497138321274495,6.06,8.073089986991944,-2.013089986991944,0.09765196382673845,heavy_dcbh,2.8035370724932918,4.0,6.0,False
GN11836_juodzbalis25,GN-11836,4.409,robust,mstar_agn_20pct,subeddington_eps0p1,pbh,1.2497138321274495,6.06,8.073089986991944,-2.013089986991944,0.18977645800290688,pbh,2.8035370724932918,2.0,6.0,True
GN11836_juodzbalis25,GN-11836,4.409,robust,mstar_agn_20pct,supercritical_eps0p05,light_popiii,1.2497138321274495,6.06,8.073089986991944,-2.013089986991944,0.19898890742052372,light_popiii,-39.77170046120552,1.0,2.0,False
GN11836_juodzbalis25,GN-11836,4.409,robust,mstar_agn_20pct,supercritical_eps0p05,intermediate_cluster,1.2497138321274495,6.06,8.073089986991944,-2.013089986991944,0.1117130708325747,intermediate_cluster,-39.77170046120552,3.0,4.0,False
GN11836_juodzbalis25,GN-11836,4.409,robust,mstar_agn_20pct,supercritical_eps0p05,heavy_dcbh,1.2497138321274495,6.06,8.073089986991944,-2.013089986991944,0.04625619339161295,heavy_dcbh,-39.77170046120552,4.0,6.0,False
GN11836_juodzbalis25,GN-11836,4.409,robust,mstar_agn_20pct,supercritical_eps0p05,pbh,1.2497138321274495,6.06,8.073089986991944,-2.013089986991944,0.08989411168558746,pbh,-39.77170046120552,2.0,6.0,False
GN11836_juodzbalis25,GN-11836,4.409,robust,mstar_agn_20pct,merger_boost_x2,light_popiii,1.2497138321274495,6.06,8.073089986991944,-2.013089986991944,0.3923554573609294,light_popiii,-5.095906420686343,1.0,2.0,False
GN11836_juodzbalis25,GN-11836,4.409,robust,mstar_agn_20pct,merger_boost_x2,intermediate_cluster,1.2497138321274495,6.06,8.073089986991944,-2.013089986991944,0.2081064690085926,intermediate_cluster,-5.095906420686343,3.0,4.0,False
GN11836_juodzbalis25,GN-11836,4.409,robust,mstar_agn_20pct,merger_boost_x2,heavy_dcbh,1.2497138321274495,6.06,8.073089986991944,-2.013089986991944,0.06991972774434002,heavy_dcbh,-5.095906420686343,4.0,6.0,False
GN11836_juodzbalis25,GN-11836,4.409,robust,mstar_agn_20pct,merger_boost_x2,pbh,1.2497138321274495,6.06,8.073089986991944,-2.013089986991944,0.16204422192050844,pbh,-5.095906420686343,2.0,6.0,False
GS8083_juodzbalis25,GS-8083,4.753,robust,baseline,eddington_eps0p1,light_popiii,1.1311204149399743,7.1,8.27,-1.17,0.5699869063653551,light_popiii,-2.7247870915309456,1.0,2.0,False
GS8083_juodzbalis25,GS-8083,4.753,robust,baseline,eddington_eps0p1,intermediate_cluster,1.1311204149399743,7.1,8.27,-1.17,0.366420154092014,intermediate_cluster,-2.7247870915309456,3.0,4.0,False
GS8083_juodzbalis25,GS-8083,4.753,robust,baseline,eddington_eps0p1,heavy_dcbh,1.1311204149399743,7.1,8.27,-1.17,0.2137450898870082,heavy_dcbh,-2.7247870915309456,4.0,6.0,False
GS8083_juodzbalis25,GS-8083,4.753,robust,baseline,eddington_eps0p1,pbh,1.1311204149399743,7.1,8.27,-1.17,0.3155284660236788,pbh,-2.7247870915309456,2.0,6.0,False
GS8083_juodzbalis25,GS-8083,4.753,robust,baseline,subeddington_eps0p1,light_popiii,1.1311204149399743,7.1,8.27,-1.17,0.5699869063653551,light_popiii,4.152563872540716,1.0,2.0,False
GS8083_juodzbalis25,GS-8083,4.753,robust,baseline,subeddington_eps0p1,intermediate_cluster,1.1311204149399743,7.1,8.27,-1.17,0.366420154092014,intermediate_cluster,4.152563872540716,3.0,4.0,False
GS8083_juodzbalis25,GS-8083,4.753,robust,baseline,subeddington_eps0p1,heavy_dcbh,1.1311204149399743,7.1,8.27,-1.17,0.2137450898870082,heavy_dcbh,4.152563872540716,4.0,6.0,True
GS8083_juodzbalis25,GS-8083,4.753,robust,baseline,subeddington_eps0p1,pbh,1.1311204149399743,7.1,8.27,-1.17,0.3155284660236788,pbh,4.152563872540716,2.0,6.0,True
GS8083_juodzbalis25,GS-8083,4.753,robust,baseline,supercritical_eps0p05,light_popiii,1.1311204149399743,7.1,8.27,-1.17,0.2699937977520104,light_popiii,-34.38243438646399,1.0,2.0,False
GS8083_juodzbalis25,GS-8083,4.753,robust,baseline,supercritical_eps0p05,intermediate_cluster,1.1311204149399743,7.1,8.27,-1.17,0.17356744141200664,intermediate_cluster,-34.38243438646399,3.0,4.0,False
GS8083_juodzbalis25,GS-8083,4.753,robust,baseline,supercritical_eps0p05,heavy_dcbh,1.1311204149399743,7.1,8.27,-1.17,0.10124767415700386,heavy_dcbh,-34.38243438646399,4.0,6.0,False
GS8083_juodzbalis25,GS-8083,4.753,robust,baseline,supercritical_eps0p05,pbh,1.1311204149399743,7.1,8.27,-1.17,0.14946085232700573,pbh,-34.38243438646399,2.0,6.0,False
GS8083_juodzbalis25,GS-8083,4.753,robust,baseline,merger_boost_x2,light_popiii,1.1311204149399743,7.1,8.27,-1.17,0.5393470570882678,light_popiii,-3.025817087194927,1.0,2.0,False
GS8083_juodzbalis25,GS-8083,4.753,robust,baseline,merger_boost_x2,intermediate_cluster,1.1311204149399743,7.1,8.27,-1.17,0.33578030481492677,intermediate_cluster,-3.025817087194927,3.0,4.0,False
GS8083_juodzbalis25,GS-8083,4.753,robust,baseline,merger_boost_x2,heavy_dcbh,1.1311204149399743,7.1,8.27,-1.17,0.18310524060992087,heavy_dcbh,-3.025817087194927,4.0,6.0,False
GS8083_juodzbalis25,GS-8083,4.753,robust,baseline,merger_boost_x2,pbh,1.1311204149399743,7.1,8.27,-1.17,0.28488861674659144,pbh,-3.025817087194927,2.0,6.0,False
GS8083_juodzbalis25,GS-8083,4.753,robust,mbh_minus_0p3dex,eddington_eps0p1,light_popiii,1.1311204149399743,6.8,8.27,-1.4699999999999998,0.5394518935243541,light_popiii,-3.0247870915309454,1.0,2.0,False
GS8083_juodzbalis25,GS-8083,4.753,robust,mbh_minus_0p3dex,eddington_eps0p1,intermediate_cluster,1.1311204149399743,6.8,8.27,-1.4699999999999998,0.3358851412510129,intermediate_cluster,-3.0247870915309454,3.0,4.0,False
GS8083_juodzbalis25,GS-8083,4.753,robust,mbh_minus_0p3dex,eddington_eps0p1,heavy_dcbh,1.1311204149399743,6.8,8.27,-1.4699999999999998,0.183210077046007,heavy_dcbh,-3.0247870915309454,4.0,6.0,False
GS8083_juodzbalis25,GS-8083,4.753,robust,mbh_minus_0p3dex,eddington_eps0p1,pbh,1.1311204149399743,6.8,8.27,-1.4699999999999998,0.28499345318267755,pbh,-3.0247870915309454,2.0,6.0,False
GS8083_juodzbalis25,GS-8083,4.753,robust,mbh_minus_0p3dex,subeddington_eps0p1,light_popiii,1.1311204149399743,6.8,8.27,-1.4699999999999998,0.5394518935243541,light_popiii,3.852563872540716,1.0,2.0,False
GS8083_juodzbalis25,GS-8083,4.753,robust,mbh_minus_0p3dex,subeddington_eps0p1,intermediate_cluster,1.1311204149399743,6.8,8.27,-1.4699999999999998,0.3358851412510129,intermediate_cluster,3.852563872540716,3.0,4.0,True
GS8083_juodzbalis25,GS-8083,4.753,robust,mbh_minus_0p3dex,subeddington_eps0p1,heavy_dcbh,1.1311204149399743,6.8,8.27,-1.4699999999999998,0.183210077046007,heavy_dcbh,3.852563872540716,4.0,6.0,False
GS8083_juodzbalis25,GS-8083,4.753,robust,mbh_minus_0p3dex,subeddington_eps0p1,pbh,1.1311204149399743,6.8,8.27,-1.4699999999999998,0.28499345318267755,pbh,3.852563872540716,2.0,6.0,True
GS8083_juodzbalis25,GS-8083,4.753,robust,mbh_minus_0p3dex,supercritical_eps0p05,light_popiii,1.1311204149399743,6.8,8.27,-1.4699999999999998,0.25552984430100983,light_popiii,-34.682434386463996,1.0,2.0,False
GS8083_juodzbalis25,GS-8083,4.753,robust,mbh_minus_0p3dex,supercritical_eps0p05,intermediate_cluster,1.1311204149399743,6.8,8.27,-1.4699999999999998,0.1591034879610061,intermediate_cluster,-34.682434386463996,3.0,4.0,False
GS8083_juodzbalis25,GS-8083,4.753,robust,mbh_minus_0p3dex,supercritical_eps0p05,heavy_dcbh,1.1311204149399743,6.8,8.27,-1.4699999999999998,0.08678372070600332,heavy_dcbh,-34.682434386463996,4.0,6.0,False
GS8083_juodzbalis25,GS-8083,4.753,robust,mbh_minus_0p3dex,supercritical_eps0p05,pbh,1.1311204149399743,6.8,8.27,-1.4699999999999998,0.1349968988760052,pbh,-34.682434386463996,2.0,6.0,False
GS8083_juodzbalis25,GS-8083,4.753,robust,mbh_minus_0p3dex,merger_boost_x2,light_popiii,1.1311204149399743,6.8,8.27,-1.4699999999999998,0.5088120442472667,light_popiii,-3.3258170871949266,1.0,2.0,False
GS8083_juodzbalis25,GS-8083,4.753,robust,mbh_minus_0p3dex,merger_boost_x2,intermediate_cluster,1.1311204149399743,6.8,8.27,-1.4699999999999998,0.3052452919739256,intermediate_cluster,-3.3258170871949266,3.0,4.0,False
GS8083_juodzbalis25,GS-8083,4.753,robust,mbh_minus_0p3dex,merger_boost_x2,heavy_dcbh,1.1311204149399743,6.8,8.27,-1.4699999999999998,0.1525702277689197,heavy_dcbh,-3.3258170871949266,4.0,6.0,False
GS8083_juodzbalis25,GS-8083,4.753,robust,mbh_minus_0p3dex,merger_boost_x2,pbh,1.1311204149399743,6.8,8.27,-1.4699999999999998,0.25435360390559025,pbh,-3.3258170871949266,2.0,6.0,False
GS8083_juodzbalis25,GS-8083,4.753,robust,mbh_plus_0p3dex,eddington_eps0p1,light_popiii,1.1311204149399743,7.3999999999999995,8.27,-0.8700000000000001,0.6005219192063563,light_popiii,-2.4247870915309457,1.0,2.0,False
GS8083_juodzbalis25,GS-8083,4.753,robust,mbh_plus_0p3dex,eddington_eps0p1,intermediate_cluster,1.1311204149399743,7.3999999999999995,8.27,-0.8700000000000001,0.3969551669330152,intermediate_cluster,-2.4247870915309457,3.0,4.0,False
GS8083_juodzbalis25,GS-8083,4.753,robust,mbh_plus_0p3dex,eddington_eps0p1,heavy_dcbh,1.1311204149399743,7.3999999999999995,8.27,-0.8700000000000001,0.24428010272800932,heavy_dcbh,-2.4247870915309457,4.0,6.0,False
GS8083_juodzbalis25,GS-8083,4.753,robust,mbh_plus_0p3dex,eddington_eps0p1,pbh,1.1311204149399743,7.3999999999999995,8.27,-0.8700000000000001,0.3460634788646799,pbh,-2.4247870915309457,2.0,6.0,False
GS8083_juodzbalis25,GS-8083,4.753,robust,mbh_plus_0p3dex,subeddington_eps0p1,light_popiii,1.1311204149399743,7.3999999999999995,8.27,-0.8700000000000001,0.6005219192063563,light_popiii,4.452563872540716,1.0,2.0,False
GS8083_juodzbalis25,GS-8083,4.753,robust,mbh_plus_0p3dex,subeddington_eps0p1,intermediate_cluster,1.1311204149399743,7.3999999999999995,8.27,-0.8700000000000001,0.3969551669330152,intermediate_cluster,4.452563872540716,3.0,4.0,False
GS8083_juodzbalis25,GS-8083,4.753,robust,mbh_plus_0p3dex,subeddington_eps0p1,heavy_dcbh,1.1311204149399743,7.3999999999999995,8.27,-0.8700000000000001,0.24428010272800932,heavy_dcbh,4.452563872540716,4.0,6.0,True
GS8083_juodzbalis25,GS-8083,4.753,robust,mbh_plus_0p3dex,subeddington_eps0p1,pbh,1.1311204149399743,7.3999999999999995,8.27,-0.8700000000000001,0.3460634788646799,pbh,4.452563872540716,2.0,6.0,True
GS8083_juodzbalis25,GS-8083,4.753,robust,mbh_plus_0p3dex,supercritical_eps0p05,light_popiii,1.1311204149399743,7.3999999999999995,8.27,-0.8700000000000001,0.2844577512030109,light_popiii,-34.082434386463994,1.0,2.0,False
GS8083_juodzbalis25,GS-8083,4.753,robust,mbh_plus_0p3dex,supercritical_eps0p05,intermediate_cluster,1.1311204149399743,7.3999999999999995,8.27,-0.8700000000000001,0.1880313948630072,intermediate_cluster,-34.082434386463994,3.0,4.0,False
GS8083_juodzbalis25,GS-8083,4.753,robust,mbh_plus_0p3dex,supercritical_eps0p05,heavy_dcbh,1.1311204149399743,7.3999999999999995,8.27,-0.8700000000000001,0.11571162760800441,heavy_dcbh,-34.082434386463994,4.0,6.0,False
GS8083_juodzbalis25,GS-8083,4.753,robust,mbh_plus_0p3dex,supercritical_eps0p05,pbh,1.1311204149399743,7.3999999999999995,8.27,-0.8700000000000001,0.16392480577800628,pbh,-34.082434386463994,2.0,6.0,False
GS8083_juodzbalis25,GS-8083,4.753,robust,mbh_plus_0p3dex,merger_boost_x2,light_popiii,1.1311204149399743,7.3999999999999995,8.27,-0.8700000000000001,0.569882069929269,light_popiii,-2.725817087194927,1.0,2.0,False
GS8083_juodzbalis25,GS-8083,4.753,robust,mbh_plus_0p3dex,merger_boost_x2,intermediate_cluster,1.1311204149399743,7.3999999999999995,8.27,-0.8700000000000001,0.3663153176559279,intermediate_cluster,-2.725817087194927,3.0,4.0,False
GS8083_juodzbalis25,GS-8083,4.753,robust,mbh_plus_0p3dex,merger_boost_x2,heavy_dcbh,1.1311204149399743,7.3999999999999995,8.27,-0.8700000000000001,0.213640253450922,heavy_dcbh,-2.725817087194927,4.0,6.0,False
GS8083_juodzbalis25,GS-8083,4.753,robust,mbh_plus_0p3dex,merger_boost_x2,pbh,1.1311204149399743,7.3999999999999995,8.27,-0.8700000000000001,0.31542362958759257,pbh,-2.725817087194927,2.0,6.0,False
GS8083_juodzbalis25,GS-8083,4.753,robust,mstar_agn_20pct,eddington_eps0p1,light_popiii,1.1311204149399743,7.1,8.173089986991943,-1.0730899869919437,0.5699869063653551,light_popiii,-2.7247870915309456,1.0,2.0,False
GS8083_juodzbalis25,GS-8083,4.753,robust,mstar_agn_20pct,eddington_eps0p1,intermediate_cluster,1.1311204149399743,7.1,8.173089986991943,-1.0730899869919437,0.366420154092014,intermediate_cluster,-2.7247870915309456,3.0,4.0,False
GS8083_juodzbalis25,GS-8083,4.753,robust,mstar_agn_20pct,eddington_eps0p1,heavy_dcbh,1.1311204149399743,7.1,8.173089986991943,-1.0730899869919437,0.2137450898870082,heavy_dcbh,-2.7247870915309456,4.0,6.0,False
GS8083_juodzbalis25,GS-8083,4.753,robust,mstar_agn_20pct,eddington_eps0p1,pbh,1.1311204149399743,7.1,8.173089986991943,-1.0730899869919437,0.3155284660236788,pbh,-2.7247870915309456,2.0,6.0,False
GS8083_juodzbalis25,GS-8083,4.753,robust,mstar_agn_20pct,subeddington_eps0p1,light_popiii,1.1311204149399743,7.1,8.173089986991943,-1.0730899869919437,0.5699869063653551,light_popiii,4.152563872540716,1.0,2.0,False
GS8083_juodzbalis25,GS-8083,4.753,robust,mstar_agn_20pct,subeddington_eps0p1,intermediate_cluster,1.1311204149399743,7.1,8.173089986991943,-1.0730899869919437,0.366420154092014,intermediate_cluster,4.152563872540716,3.0,4.0,False
GS8083_juodzbalis25,GS-8083,4.753,robust,mstar_agn_20pct,subeddington_eps0p1,heavy_dcbh,1.1311204149399743,7.1,8.173089986991943,-1.0730899869919437,0.2137450898870082,heavy_dcbh,4.152563872540716,4.0,6.0,True
GS8083_juodzbalis25,GS-8083,4.753,robust,mstar_agn_20pct,subeddington_eps0p1,pbh,1.1311204149399743,7.1,8.173089986991943,-1.0730899869919437,0.3155284660236788,pbh,4.152563872540716,2.0,6.0,True
GS8083_juodzbalis25,GS-8083,4.753,robust,mstar_agn_20pct,supercritical_eps0p05,light_popiii,1.1311204149399743,7.1,8.173089986991943,-1.0730899869919437,0.2699937977520104,light_popiii,-34.38243438646399,1.0,2.0,False
GS8083_juodzbalis25,GS-8083,4.753,robust,mstar_agn_20pct,supercritical_eps0p05,intermediate_cluster,1.1311204149399743,7.1,8.173089986991943,-1.0730899869919437,0.17356744141200664,intermediate_cluster,-34.38243438646399,3.0,4.0,False
GS8083_juodzbalis25,GS-8083,4.753,robust,mstar_agn_20pct,supercritical_eps0p05,heavy_dcbh,1.1311204149399743,7.1,8.173089986991943,-1.0730899869919437,0.10124767415700386,heavy_dcbh,-34.38243438646399,4.0,6.0,False
GS8083_juodzbalis25,GS-8083,4.753,robust,mstar_agn_20pct,supercritical_eps0p05,pbh,1.1311204149399743,7.1,8.173089986991943,-1.0730899869919437,0.14946085232700573,pbh,-34.38243438646399,2.0,6.0,False
GS8083_juodzbalis25,GS-8083,4.753,robust,mstar_agn_20pct,merger_boost_x2,light_popiii,1.1311204149399743,7.1,8.173089986991943,-1.0730899869919437,0.5393470570882678,light_popiii,-3.025817087194927,1.0,2.0,False
GS8083_juodzbalis25,GS-8083,4.753,robust,mstar_agn_20pct,merger_boost_x2,intermediate_cluster,1.1311204149399743,7.1,8.173089986991943,-1.0730899869919437,0.33578030481492677,intermediate_cluster,-3.025817087194927,3.0,4.0,False
GS8083_juodzbalis25,GS-8083,4.753,robust,mstar_agn_20pct,merger_boost_x2,heavy_dcbh,1.1311204149399743,7.1,8.173089986991943,-1.0730899869919437,0.18310524060992087,heavy_dcbh,-3.025817087194927,4.0,6.0,False
GS8083_juodzbalis25,GS-8083,4.753,robust,mstar_agn_20pct,merger_boost_x2,pbh,1.1311204149399743,7.1,8.173089986991943,-1.0730899869919437,0.28488861674659144,pbh,-3.025817087194927,2.0,6.0,False
GN1093_juodzbalis25,GN-1093,5.594,robust,baseline,eddington_eps0p1,light_popiii,0.9042316500309358,7.14,8.43,-1.29,0.7181002746388119,light_popiii,-0.714056319414154,1.0,2.0,False
GN1093_juodzbalis25,GN-1093,5.594,robust,baseline,eddington_eps0p1,intermediate_cluster,0.9042316500309358,7.14,8.43,-1.29,0.4634547871782403,intermediate_cluster,-0.714056319414154,3.0,4.0,False
GN1093_juodzbalis25,GN-1093,5.594,robust,baseline,eddington_eps0p1,heavy_dcbh,0.9042316500309358,7.14,8.43,-1.29,0.2724706715828116,heavy_dcbh,-0.714056319414154,4.0,6.0,False
GN1093_juodzbalis25,GN-1093,5.594,robust,baseline,eddington_eps0p1,pbh,0.9042316500309358,7.14,8.43,-1.29,0.39979341531309737,pbh,-0.714056319414154,2.0,6.0,False
GN1093_juodzbalis25,GN-1093,5.594,robust,baseline,subeddington_eps0p1,light_popiii,0.9042316500309358,7.14,8.43,-1.29,0.7181002746388119,light_popiii,4.783783104175754,1.0,2.0,False
GN1093_juodzbalis25,GN-1093,5.594,robust,baseline,subeddington_eps0p1,intermediate_cluster,0.9042316500309358,7.14,8.43,-1.29,0.4634547871782403,intermediate_cluster,4.783783104175754,3.0,4.0,False
GN1093_juodzbalis25,GN-1093,5.594,robust,baseline,subeddington_eps0p1,heavy_dcbh,0.9042316500309358,7.14,8.43,-1.29,0.2724706715828116,heavy_dcbh,4.783783104175754,4.0,6.0,True
GN1093_juodzbalis25,GN-1093,5.594,robust,baseline,subeddington_eps0p1,pbh,0.9042316500309358,7.14,8.43,-1.29,0.39979341531309737,pbh,4.783783104175754,2.0,6.0,True
GN1093_juodzbalis25,GN-1093,5.594,robust,baseline,supercritical_eps0p05,light_popiii,0.9042316500309358,7.14,8.43,-1.29,0.3401527616710161,light_popiii,-26.021571126415317,1.0,2.0,False
GN1093_juodzbalis25,GN-1093,5.594,robust,baseline,supercritical_eps0p05,intermediate_cluster,0.9042316500309358,7.14,8.43,-1.29,0.21953121497916644,intermediate_cluster,-26.021571126415317,3.0,4.0,False
GN1093_juodzbalis25,GN-1093,5.594,robust,baseline,supercritical_eps0p05,heavy_dcbh,0.9042316500309358,7.14,8.43,-1.29,0.12906505496027915,heavy_dcbh,-26.021571126415317,4.0,6.0,False
GN1093_juodzbalis25,GN-1093,5.594,robust,baseline,supercritical_eps0p05,pbh,0.9042316500309358,7.14,8.43,-1.29,0.189375828306204,pbh,-26.021571126415317,2.0,6.0,False
GN1093_juodzbalis25,GN-1093,5.594,robust,baseline,merger_boost_x2,light_popiii,0.9042316500309358,7.14,8.43,-1.29,0.6797723096457577,light_popiii,-1.0150863150781353,1.0,2.0,False
GN1093_juodzbalis25,GN-1093,5.594,robust,baseline,merger_boost_x2,intermediate_cluster,0.9042316500309358,7.14,8.43,-1.29,0.4251268221851861,intermediate_cluster,-1.0150863150781353,3.0,4.0,False
GN1093_juodzbalis25,GN-1093,5.594,robust,baseline,merger_boost_x2,heavy_dcbh,0.9042316500309358,7.14,8.43,-1.29,0.23414270658975744,heavy_dcbh,-1.0150863150781353,4.0,6.0,False
GN1093_juodzbalis25,GN-1093,5.594,robust,baseline,merger_boost_x2,pbh,0.9042316500309358,7.14,8.43,-1.29,0.36146545032004324,pbh,-1.0150863150781353,2.0,6.0,False
GN1093_juodzbalis25,GN-1093,5.594,robust,mbh_minus_0p3dex,eddington_eps0p1,light_popiii,0.9042316500309358,6.84,8.43,-1.5899999999999999,0.6799034515197261,light_popiii,-1.0140563194141539,1.0,2.0,False
GN1093_juodzbalis25,GN-1093,5.594,robust,mbh_minus_0p3dex,eddington_eps0p1,intermediate_cluster,0.9042316500309358,6.84,8.43,-1.5899999999999999,0.42525796405915456,intermediate_cluster,-1.0140563194141539,3.0,4.0,False
GN1093_juodzbalis25,GN-1093,5.594,robust,mbh_minus_0p3dex,eddington_eps0p1,heavy_dcbh,0.9042316500309358,6.84,8.43,-1.5899999999999999,0.23427384846372584,heavy_dcbh,-1.0140563194141539,4.0,6.0,False
GN1093_juodzbalis25,GN-1093,5.594,robust,mbh_minus_0p3dex,eddington_eps0p1,pbh,0.9042316500309358,6.84,8.43,-1.5899999999999999,0.3615965921940117,pbh,-1.0140563194141539,2.0,6.0,False
GN1093_juodzbalis25,GN-1093,5.594,robust,mbh_minus_0p3dex,subeddington_eps0p1,light_popiii,0.9042316500309358,6.84,8.43,-1.5899999999999999,0.6799034515197261,light_popiii,4.483783104175753,1.0,2.0,False
GN1093_juodzbalis25,GN-1093,5.594,robust,mbh_minus_0p3dex,subeddington_eps0p1,intermediate_cluster,0.9042316500309358,6.84,8.43,-1.5899999999999999,0.42525796405915456,intermediate_cluster,4.483783104175753,3.0,4.0,False
GN1093_juodzbalis25,GN-1093,5.594,robust,mbh_minus_0p3dex,subeddington_eps0p1,heavy_dcbh,0.9042316500309358,6.84,8.43,-1.5899999999999999,0.23427384846372584,heavy_dcbh,4.483783104175753,4.0,6.0,True
GN1093_juodzbalis25,GN-1093,5.594,robust,mbh_minus_0p3dex,subeddington_eps0p1,pbh,0.9042316500309358,6.84,8.43,-1.5899999999999999,0.3615965921940117,pbh,4.483783104175753,2.0,6.0,True
GN1093_juodzbalis25,GN-1093,5.594,robust,mbh_minus_0p3dex,supercritical_eps0p05,light_popiii,0.9042316500309358,6.84,8.43,-1.5899999999999999,0.32205952966723866,light_popiii,-26.321571126415318,1.0,2.0,False
GN1093_juodzbalis25,GN-1093,5.594,robust,mbh_minus_0p3dex,supercritical_eps0p05,intermediate_cluster,0.9042316500309358,6.84,8.43,-1.5899999999999999,0.20143798297538898,intermediate_cluster,-26.321571126415318,3.0,4.0,False
GN1093_juodzbalis25,GN-1093,5.594,robust,mbh_minus_0p3dex,supercritical_eps0p05,heavy_dcbh,0.9042316500309358,6.84,8.43,-1.5899999999999999,0.11097182295650171,heavy_dcbh,-26.321571126415318,4.0,6.0,False
GN1093_juodzbalis25,GN-1093,5.594,robust,mbh_minus_0p3dex,supercritical_eps0p05,pbh,0.9042316500309358,6.84,8.43,-1.5899999999999999,0.17128259630242657,pbh,-26.321571126415318,2.0,6.0,False
GN1093_juodzbalis25,GN-1093,5.594,robust,mbh_minus_0p3dex,merger_boost_x2,light_popiii,0.9042316500309358,6.84,8.43,-1.5899999999999999,0.641575486526672,light_popiii,-1.3150863150781351,1.0,2.0,False
GN1093_juodzbalis25,GN-1093,5.594,robust,mbh_minus_0p3dex,merger_boost_x2,intermediate_cluster,0.9042316500309358,6.84,8.43,-1.5899999999999999,0.3869299990661004,intermediate_cluster,-1.3150863150781351,3.0,4.0,False
GN1093_juodzbalis25,GN-1093,5.594,robust,mbh_minus_0p3dex,merger_boost_x2,heavy_dcbh,0.9042316500309358,6.84,8.43,-1.5899999999999999,0.19594588347067168,heavy_dcbh,-1.3150863150781351,4.0,6.0,False
GN1093_juodzbalis25,GN-1093,5.594,robust,mbh_minus_0p3dex,merger_boost_x2,pbh,0.9042316500309358,6.84,8.43,-1.5899999999999999,0.3232686272009575,pbh,-1.3150863150781351,2.0,6.0,False
GN1093_juodzbalis25,GN-1093,5.594,robust,mbh_plus_0p3dex,eddington_eps0p1,light_popiii,0.9042316500309358,7.4399999999999995,8.43,-0.9900000000000002,0.7562970977578976,light_popiii,-0.4140563194141542,1.0,2.0,False
GN1093_juodzbalis25,GN-1093,5.594,robust,mbh_plus_0p3dex,eddington_eps0p1,intermediate_cluster,0.9042316500309358,7.4399999999999995,8.43,-0.9900000000000002,0.501651610297326,intermediate_cluster,-0.4140563194141542,3.0,4.0,False
GN1093_juodzbalis25,GN-1093,5.594,robust,mbh_plus_0p3dex,eddington_eps0p1,heavy_dcbh,0.9042316500309358,7.4399999999999995,8.43,-0.9900000000000002,0.31066749470189725,heavy_dcbh,-0.4140563194141542,4.0,6.0,False
GN1093_juodzbalis25,GN-1093,5.594,robust,mbh_plus_0p3dex,eddington_eps0p1,pbh,0.9042316500309358,7.4399999999999995,8.43,-0.9900000000000002,0.43799023843218304,pbh,-0.4140563194141542,2.0,6.0,False
GN1093_juodzbalis25,GN-1093,5.594,robust,mbh_plus_0p3dex,subeddington_eps0p1,light_popiii,0.9042316500309358,7.4399999999999995,8.43,-0.9900000000000002,0.7562970977578976,light_popiii,5.083783104175753,1.0,2.0,False
GN1093_juodzbalis25,GN-1093,5.594,robust,mbh_plus_0p3dex,subeddington_eps0p1,intermediate_cluster,0.9042316500309358,7.4399999999999995,8.43,-0.9900000000000002,0.501651610297326,intermediate_cluster,5.083783104175753,3.0,4.0,False
GN1093_juodzbalis25,GN-1093,5.594,robust,mbh_plus_0p3dex,subeddington_eps0p1,heavy_dcbh,0.9042316500309358,7.4399999999999995,8.43,-0.9900000000000002,0.31066749470189725,heavy_dcbh,5.083783104175753,4.0,6.0,True
GN1093_juodzbalis25,GN-1093,5.594,robust,mbh_plus_0p3dex,subeddington_eps0p1,pbh,0.9042316500309358,7.4399999999999995,8.43,-0.9900000000000002,0.43799023843218304,pbh,5.083783104175753,2.0,6.0,True
GN1093_juodzbalis25,GN-1093,5.594,robust,mbh_plus_0p3dex,supercritical_eps0p05,light_popiii,0.9042316500309358,7.4399999999999995,8.43,-0.9900000000000002,0.35824599367479354,light_popiii,-25.72157112641532,1.0,2.0,False
GN1093_juodzbalis25,GN-1093,5.594,robust,mbh_plus_0p3dex,supercritical_eps0p05,intermediate_cluster,0.9042316500309358,7.4399999999999995,8.43,-0.9900000000000002,0.23762444698294388,intermediate_cluster,-25.72157112641532,3.0,4.0,False
GN1093_juodzbalis25,GN-1093,5.594,robust,mbh_plus_0p3dex,supercritical_eps0p05,heavy_dcbh,0.9042316500309358,7.4399999999999995,8.43,-0.9900000000000002,0.1471582869640566,heavy_dcbh,-25.72157112641532,4.0,6.0,False
GN1093_juodzbalis25,GN-1093,5.594,robust,mbh_plus_0p3dex,supercritical_eps0p05,pbh,0.9042316500309358,7.4399999999999995,8.43,-0.9900000000000002,0.20746906030998147,pbh,-25.72157112641532,2.0,6.0,False
GN1093_juodzbalis25,GN-1093,5.594,robust,mbh_plus_0p3dex,merger_boost_x2,light_popiii,0.9042316500309358,7.4399999999999995,8.43,-0.9900000000000002,0.7179691327648434,light_popiii,-0.7150863150781355,1.0,2.0,False
GN1093_juodzbalis25,GN-1093,5.594,robust,mbh_plus_0p3dex,merger_boost_x2,intermediate_cluster,0.9042316500309358,7.4399999999999995,8.43,-0.9900000000000002,0.4633236453042718,intermediate_cluster,-0.7150863150781355,3.0,4.0,False
GN1093_juodzbalis25,GN-1093,5.594,robust,mbh_plus_0p3dex,merger_boost_x2,heavy_dcbh,0.9042316500309358,7.4399999999999995,8.43,-0.9900000000000002,0.2723395297088431,heavy_dcbh,-0.7150863150781355,4.0,6.0,False
GN1093_juodzbalis25,GN-1093,5.594,robust,mbh_plus_0p3dex,merger_boost_x2,pbh,0.9042316500309358,7.4399999999999995,8.43,-0.9900000000000002,0.3996622734391289,pbh,-0.7150863150781355,2.0,6.0,False
GN1093_juodzbalis25,GN-1093,5.594,robust,mstar_agn_20pct,eddington_eps0p1,light_popiii,0.9042316500309358,7.14,8.333089986991943,-1.1930899869919438,0.7181002746388119,light_popiii,-0.714056319414154,1.0,2.0,False
GN1093_juodzbalis25,GN-1093,5.594,robust,mstar_agn_20pct,eddington_eps0p1,intermediate_cluster,0.9042316500309358,7.14,8.333089986991943,-1.1930899869919438,0.4634547871782403,intermediate_cluster,-0.714056319414154,3.0,4.0,False
GN1093_juodzbalis25,GN-1093,5.594,robust,mstar_agn_20pct,eddington_eps0p1,heavy_dcbh,0.9042316500309358,7.14,8.333089986991943,-1.1930899869919438,0.2724706715828116,heavy_dcbh,-0.714056319414154,4.0,6.0,False
GN1093_juodzbalis25,GN-1093,5.594,robust,mstar_agn_20pct,eddington_eps0p1,pbh,0.9042316500309358,7.14,8.333089986991943,-1.1930899869919438,0.39979341531309737,pbh,-0.714056319414154,2.0,6.0,False
GN1093_juodzbalis25,GN-1093,5.594,robust,mstar_agn_20pct,subeddington_eps0p1,light_popiii,0.9042316500309358,7.14,8.333089986991943,-1.1930899869919438,0.7181002746388119,light_popiii,4.783783104175754,1.0,2.0,False
GN1093_juodzbalis25,GN-1093,5.594,robust,mstar_agn_20pct,subeddington_eps0p1,intermediate_cluster,0.9042316500309358,7.14,8.333089986991943,-1.1930899869919438,0.4634547871782403,intermediate_cluster,4.783783104175754,3.0,4.0,False
GN1093_juodzbalis25,GN-1093,5.594,robust,mstar_agn_20pct,subeddington_eps0p1,heavy_dcbh,0.9042316500309358,7.14,8.333089986991943,-1.1930899869919438,0.2724706715828116,heavy_dcbh,4.783783104175754,4.0,6.0,True
GN1093_juodzbalis25,GN-1093,5.594,robust,mstar_agn_20pct,subeddington_eps0p1,pbh,0.9042316500309358,7.14,8.333089986991943,-1.1930899869919438,0.39979341531309737,pbh,4.783783104175754,2.0,6.0,True
GN1093_juodzbalis25,GN-1093,5.594,robust,mstar_agn_20pct,supercritical_eps0p05,light_popiii,0.9042316500309358,7.14,8.333089986991943,-1.1930899869919438,0.3401527616710161,light_popiii,-26.021571126415317,1.0,2.0,False
GN1093_juodzbalis25,GN-1093,5.594,robust,mstar_agn_20pct,supercritical_eps0p05,intermediate_cluster,0.9042316500309358,7.14,8.333089986991943,-1.1930899869919438,0.21953121497916644,intermediate_cluster,-26.021571126415317,3.0,4.0,False
GN1093_juodzbalis25,GN-1093,5.594,robust,mstar_agn_20pct,supercritical_eps0p05,heavy_dcbh,0.9042316500309358,7.14,8.333089986991943,-1.1930899869919438,0.12906505496027915,heavy_dcbh,-26.021571126415317,4.0,6.0,False
GN1093_juodzbalis25,GN-1093,5.594,robust,mstar_agn_20pct,supercritical_eps0p05,pbh,0.9042316500309358,7.14,8.333089986991943,-1.1930899869919438,0.189375828306204,pbh,-26.021571126415317,2.0,6.0,False
GN1093_juodzbalis25,GN-1093,5.594,robust,mstar_agn_20pct,merger_boost_x2,light_popiii,0.9042316500309358,7.14,8.333089986991943,-1.1930899869919438,0.6797723096457577,light_popiii,-1.0150863150781353,1.0,2.0,False
GN1093_juodzbalis25,GN-1093,5.594,robust,mstar_agn_20pct,merger_boost_x2,intermediate_cluster,0.9042316500309358,7.14,8.333089986991943,-1.1930899869919438,0.4251268221851861,intermediate_cluster,-1.0150863150781353,3.0,4.0,False
GN1093_juodzbalis25,GN-1093,5.594,robust,mstar_agn_20pct,merger_boost_x2,heavy_dcbh,0.9042316500309358,7.14,8.333089986991943,-1.1930899869919438,0.23414270658975744,heavy_dcbh,-1.0150863150781353,4.0,6.0,False
GN1093_juodzbalis25,GN-1093,5.594,robust,mstar_agn_20pct,merger_boost_x2,pbh,0.9042316500309358,7.14,8.333089986991943,-1.1930899869919438,0.36146545032004324,pbh,-1.0150863150781353,2.0,6.0,False
GN954_juodzbalis25,GN-954,6.759,robust,baseline,eddington_eps0p1,light_popiii,0.6875054979589014,7.7,10.93,-3.2299999999999995,1.0382482481192097,light_popiii,1.7284031191660372,1.0,2.0,True
GN954_juodzbalis25,GN-954,6.759,robust,baseline,eddington_eps0p1,intermediate_cluster,0.6875054979589014,7.7,10.93,-3.2299999999999995,0.7033294584033356,intermediate_cluster,1.7284031191660372,3.0,4.0,False
GN954_juodzbalis25,GN-954,6.759,robust,baseline,eddington_eps0p1,heavy_dcbh,0.6875054979589014,7.7,10.93,-3.2299999999999995,0.45214036611643005,heavy_dcbh,1.7284031191660372,4.0,6.0,False
GN954_juodzbalis25,GN-954,6.759,robust,baseline,eddington_eps0p1,pbh,0.6875054979589014,7.7,10.93,-3.2299999999999995,0.6195997609743672,pbh,1.7284031191660372,2.0,6.0,False
GN954_juodzbalis25,GN-954,6.759,robust,baseline,subeddington_eps0p1,light_popiii,0.6875054979589014,7.7,10.93,-3.2299999999999995,1.0382482481192097,light_popiii,5.908520935749811,1.0,2.0,False
GN954_juodzbalis25,GN-954,6.759,robust,baseline,subeddington_eps0p1,intermediate_cluster,0.6875054979589014,7.7,10.93,-3.2299999999999995,0.7033294584033356,intermediate_cluster,5.908520935749811,3.0,4.0,False
GN954_juodzbalis25,GN-954,6.759,robust,baseline,subeddington_eps0p1,heavy_dcbh,0.6875054979589014,7.7,10.93,-3.2299999999999995,0.45214036611643005,heavy_dcbh,5.908520935749811,4.0,6.0,True
GN954_juodzbalis25,GN-954,6.759,robust,baseline,subeddington_eps0p1,pbh,0.6875054979589014,7.7,10.93,-3.2299999999999995,0.6195997609743672,pbh,5.908520935749811,2.0,6.0,True
GN954_juodzbalis25,GN-954,6.759,robust,baseline,supercritical_eps0p05,light_popiii,0.6875054979589014,7.7,10.93,-3.2299999999999995,0.49180180174067833,light_popiii,-17.513409052410072,1.0,2.0,False
GN954_juodzbalis25,GN-954,6.759,robust,baseline,supercritical_eps0p05,intermediate_cluster,0.6875054979589014,7.7,10.93,-3.2299999999999995,0.3331560592436853,intermediate_cluster,-17.513409052410072,3.0,4.0,False
GN954_juodzbalis25,GN-954,6.759,robust,baseline,supercritical_eps0p05,heavy_dcbh,0.6875054979589014,7.7,10.93,-3.2299999999999995,0.21417175237094055,heavy_dcbh,-17.513409052410072,4.0,6.0,False
GN954_juodzbalis25,GN-954,6.759,robust,baseline,supercritical_eps0p05,pbh,0.6875054979589014,7.7,10.93,-3.2299999999999995,0.29349462361943707,pbh,-17.513409052410072,2.0,6.0,False
GN954_juodzbalis25,GN-954,6.759,robust,baseline,merger_boost_x2,light_popiii,0.6875054979589014,7.7,10.93,-3.2299999999999995,0.9878379472112321,light_popiii,1.427373123502056,1.0,2.0,True
GN954_juodzbalis25,GN-954,6.759,robust,baseline,merger_boost_x2,intermediate_cluster,0.6875054979589014,7.7,10.93,-3.2299999999999995,0.6529191574953579,intermediate_cluster,1.427373123502056,3.0,4.0,False
GN954_juodzbalis25,GN-954,6.759,robust,baseline,merger_boost_x2,heavy_dcbh,0.6875054979589014,7.7,10.93,-3.2299999999999995,0.40173006520845234,heavy_dcbh,1.427373123502056,4.0,6.0,False
GN954_juodzbalis25,GN-954,6.759,robust,baseline,merger_boost_x2,pbh,0.6875054979589014,7.7,10.93,-3.2299999999999995,0.5691894600663894,pbh,1.427373123502056,2.0,6.0,False
GN954_juodzbalis25,GN-954,6.759,robust,mbh_minus_0p3dex,eddington_eps0p1,light_popiii,0.6875054979589014,7.4,10.93,-3.5299999999999994,0.9880104296618287,light_popiii,1.4284031191660373,1.0,2.0,True
GN954_juodzbalis25,GN-954,6.759,robust,mbh_minus_0p3dex,eddington_eps0p1,intermediate_cluster,0.6875054979589014,7.4,10.93,-3.5299999999999994,0.6530916399459546,intermediate_cluster,1.4284031191660373,3.0,4.0,False
GN954_juodzbalis25,GN-954,6.759,robust,mbh_minus_0p3dex,eddington_eps0p1,heavy_dcbh,0.6875054979589014,7.4,10.93,-3.5299999999999994,0.401902547659049,heavy_dcbh,1.4284031191660373,4.0,6.0,False
GN954_juodzbalis25,GN-954,6.759,robust,mbh_minus_0p3dex,eddington_eps0p1,pbh,0.6875054979589014,7.4,10.93,-3.5299999999999994,0.569361942516986,pbh,1.4284031191660373,2.0,6.0,False
GN954_juodzbalis25,GN-954,6.759,robust,mbh_minus_0p3dex,subeddington_eps0p1,light_popiii,0.6875054979589014,7.4,10.93,-3.5299999999999994,0.9880104296618287,light_popiii,5.608520935749811,1.0,2.0,False
GN954_juodzbalis25,GN-954,6.759,robust,mbh_minus_0p3dex,subeddington_eps0p1,intermediate_cluster,0.6875054979589014,7.4,10.93,-3.5299999999999994,0.6530916399459546,intermediate_cluster,5.608520935749811,3.0,4.0,False
GN954_juodzbalis25,GN-954,6.759,robust,mbh_minus_0p3dex,subeddington_eps0p1,heavy_dcbh,0.6875054979589014,7.4,10.93,-3.5299999999999994,0.401902547659049,heavy_dcbh,5.608520935749811,4.0,6.0,True
GN954_juodzbalis25,GN-954,6.759,robust,mbh_minus_0p3dex,subeddington_eps0p1,pbh,0.6875054979589014,7.4,10.93,-3.5299999999999994,0.569361942516986,pbh,5.608520935749811,2.0,6.0,True
GN954_juodzbalis25,GN-954,6.759,robust,mbh_minus_0p3dex,supercritical_eps0p05,light_popiii,0.6875054979589014,7.4,10.93,-3.5299999999999994,0.4680049403661294,light_popiii,-17.813409052410073,1.0,2.0,False
GN954_juodzbalis25,GN-954,6.759,robust,mbh_minus_0p3dex,supercritical_eps0p05,intermediate_cluster,0.6875054979589014,7.4,10.93,-3.5299999999999994,0.30935919786913635,intermediate_cluster,-17.813409052410073,3.0,4.0,False
GN954_juodzbalis25,GN-954,6.759,robust,mbh_minus_0p3dex,supercritical_eps0p05,heavy_dcbh,0.6875054979589014,7.4,10.93,-3.5299999999999994,0.19037489099639163,heavy_dcbh,-17.813409052410073,4.0,6.0,False
GN954_juodzbalis25,GN-954,6.759,robust,mbh_minus_0p3dex,supercritical_eps0p05,pbh,0.6875054979589014,7.4,10.93,-3.5299999999999994,0.2696977622448881,pbh,-17.813409052410073,2.0,6.0,False
GN954_juodzbalis25,GN-954,6.759,robust,mbh_minus_0p3dex,merger_boost_x2,light_popiii,0.6875054979589014,7.4,10.93,-3.5299999999999994,0.937600128753851,light_popiii,1.127373123502056,1.0,2.0,True
GN954_juodzbalis25,GN-954,6.759,robust,mbh_minus_0p3dex,merger_boost_x2,intermediate_cluster,0.6875054979589014,7.4,10.93,-3.5299999999999994,0.6026813390379769,intermediate_cluster,1.127373123502056,3.0,4.0,False
GN954_juodzbalis25,GN-954,6.759,robust,mbh_minus_0p3dex,merger_boost_x2,heavy_dcbh,0.6875054979589014,7.4,10.93,-3.5299999999999994,0.35149224675107127,heavy_dcbh,1.127373123502056,4.0,6.0,False
GN954_juodzbalis25,GN-954,6.759,robust,mbh_minus_0p3dex,merger_boost_x2,pbh,0.6875054979589014,7.4,10.93,-3.5299999999999994,0.5189516416090083,pbh,1.127373123502056,2.0,6.0,False
GN954_juodzbalis25,GN-954,6.759,robust,mbh_plus_0p3dex,eddington_eps0p1,light_popiii,0.6875054979589014,8.0,10.93,-2.9299999999999997,1.0884860665765907,light_popiii,2.028403119166037,1.0,2.0,False
GN954_juodzbalis25,GN-954,6.759,robust,mbh_plus_0p3dex,eddington_eps0p1,intermediate_cluster,0.6875054979589014,8.0,10.93,-2.9299999999999997,0.7535672768607168,intermediate_cluster,2.028403119166037,3.0,4.0,False
GN954_juodzbalis25,GN-954,6.759,robust,mbh_plus_0p3dex,eddington_eps0p1,heavy_dcbh,0.6875054979589014,8.0,10.93,-2.9299999999999997,0.5023781845738112,heavy_dcbh,2.028403119166037,4.0,6.0,False
GN954_juodzbalis25,GN-954,6.759,robust,mbh_plus_0p3dex,eddington_eps0p1,pbh,0.6875054979589014,8.0,10.93,-2.9299999999999997,0.6698375794317483,pbh,2.028403119166037,2.0,6.0,True
GN954_juodzbalis25,GN-954,6.759,robust,mbh_plus_0p3dex,subeddington_eps0p1,light_popiii,0.6875054979589014,8.0,10.93,-2.9299999999999997,1.0884860665765907,light_popiii,6.208520935749811,1.0,2.0,False
GN954_juodzbalis25,GN-954,6.759,robust,mbh_plus_0p3dex,subeddington_eps0p1,intermediate_cluster,0.6875054979589014,8.0,10.93,-2.9299999999999997,0.7535672768607168,intermediate_cluster,6.208520935749811,3.0,4.0,False
GN954_juodzbalis25,GN-954,6.759,robust,mbh_plus_0p3dex,subeddington_eps0p1,heavy_dcbh,0.6875054979589014,8.0,10.93,-2.9299999999999997,0.5023781845738112,heavy_dcbh,6.208520935749811,4.0,6.0,False
GN954_juodzbalis25,GN-954,6.759,robust,mbh_plus_0p3dex,subeddington_eps0p1,pbh,0.6875054979589014,8.0,10.93,-2.9299999999999997,0.6698375794317483,pbh,6.208520935749811,2.0,6.0,False
GN954_juodzbalis25,GN-954,6.759,robust,mbh_plus_0p3dex,supercritical_eps0p05,light_popiii,0.6875054979589014,8.0,10.93,-2.9299999999999997,0.5155986631152273,light_popiii,-17.21340905241007,1.0,2.0,False
GN954_juodzbalis25,GN-954,6.759,robust,mbh_plus_0p3dex,supercritical_eps0p05,intermediate_cluster,0.6875054979589014,8.0,10.93,-2.9299999999999997,0.35695292061823425,intermediate_cluster,-17.21340905241007,3.0,4.0,False
GN954_juodzbalis25,GN-954,6.759,robust,mbh_plus_0p3dex,supercritical_eps0p05,heavy_dcbh,0.6875054979589014,8.0,10.93,-2.9299999999999997,0.2379686137454895,heavy_dcbh,-17.21340905241007,4.0,6.0,False
GN954_juodzbalis25,GN-954,6.759,robust,mbh_plus_0p3dex,supercritical_eps0p05,pbh,0.6875054979589014,8.0,10.93,-2.9299999999999997,0.317291484993986,pbh,-17.21340905241007,2.0,6.0,False
GN954_juodzbalis25,GN-954,6.759,robust,mbh_plus_0p3dex,merger_boost_x2,light_popiii,0.6875054979589014,8.0,10.93,-2.9299999999999997,1.0380757656686133,light_popiii,1.7273731235020557,1.0,2.0,True
GN954_juodzbalis25,GN-954,6.759,robust,mbh_plus_0p3dex,merger_boost_x2,intermediate_cluster,0.6875054979589014,8.0,10.93,-2.9299999999999997,0.7031569759527391,intermediate_cluster,1.7273731235020557,3.0,4.0,False
GN954_juodzbalis25,GN-954,6.759,robust,mbh_plus_0p3dex,merger_boost_x2,heavy_dcbh,0.6875054979589014,8.0,10.93,-2.9299999999999997,0.45196788366583346,heavy_dcbh,1.7273731235020557,4.0,6.0,False
GN954_juodzbalis25,GN-954,6.759,robust,mbh_plus_0p3dex,merger_boost_x2,pbh,0.6875054979589014,8.0,10.93,-2.9299999999999997,0.6194272785237706,pbh,1.7273731235020557,2.0,6.0,False
GN954_juodzbalis25,GN-954,6.759,robust,mstar_agn_20pct,eddington_eps0p1,light_popiii,0.6875054979589014,7.7,10.833089986991943,-3.1330899869919433,1.0382482481192097,light_popiii,1.7284031191660372,1.0,2.0,True
GN954_juodzbalis25,GN-954,6.759,robust,mstar_agn_20pct,eddington_eps0p1,intermediate_cluster,0.6875054979589014,7.7,10.833089986991943,-3.1330899869919433,0.7033294584033356,intermediate_cluster,1.7284031191660372,3.0,4.0,False
GN954_juodzbalis25,GN-954,6.759,robust,mstar_agn_20pct,eddington_eps0p1,heavy_dcbh,0.6875054979589014,7.7,10.833089986991943,-3.1330899869919433,0.45214036611643005,heavy_dcbh,1.7284031191660372,4.0,6.0,False
GN954_juodzbalis25,GN-954,6.759,robust,mstar_agn_20pct,eddington_eps0p1,pbh,0.6875054979589014,7.7,10.833089986991943,-3.1330899869919433,0.6195997609743672,pbh,1.7284031191660372,2.0,6.0,False
GN954_juodzbalis25,GN-954,6.759,robust,mstar_agn_20pct,subeddington_eps0p1,light_popiii,0.6875054979589014,7.7,10.833089986991943,-3.1330899869919433,1.0382482481192097,light_popiii,5.908520935749811,1.0,2.0,False
GN954_juodzbalis25,GN-954,6.759,robust,mstar_agn_20pct,subeddington_eps0p1,intermediate_cluster,0.6875054979589014,7.7,10.833089986991943,-3.1330899869919433,0.7033294584033356,intermediate_cluster,5.908520935749811,3.0,4.0,False
GN954_juodzbalis25,GN-954,6.759,robust,mstar_agn_20pct,subeddington_eps0p1,heavy_dcbh,0.6875054979589014,7.7,10.833089986991943,-3.1330899869919433,0.45214036611643005,heavy_dcbh,5.908520935749811,4.0,6.0,True
GN954_juodzbalis25,GN-954,6.759,robust,mstar_agn_20pct,subeddington_eps0p1,pbh,0.6875054979589014,7.7,10.833089986991943,-3.1330899869919433,0.6195997609743672,pbh,5.908520935749811,2.0,6.0,True
GN954_juodzbalis25,GN-954,6.759,robust,mstar_agn_20pct,supercritical_eps0p05,light_popiii,0.6875054979589014,7.7,10.833089986991943,-3.1330899869919433,0.49180180174067833,light_popiii,-17.513409052410072,1.0,2.0,False
GN954_juodzbalis25,GN-954,6.759,robust,mstar_agn_20pct,supercritical_eps0p05,intermediate_cluster,0.6875054979589014,7.7,10.833089986991943,-3.1330899869919433,0.3331560592436853,intermediate_cluster,-17.513409052410072,3.0,4.0,False
GN954_juodzbalis25,GN-954,6.759,robust,mstar_agn_20pct,supercritical_eps0p05,heavy_dcbh,0.6875054979589014,7.7,10.833089986991943,-3.1330899869919433,0.21417175237094055,heavy_dcbh,-17.513409052410072,4.0,6.0,False
GN954_juodzbalis25,GN-954,6.759,robust,mstar_agn_20pct,supercritical_eps0p05,pbh,0.6875054979589014,7.7,10.833089986991943,-3.1330899869919433,0.29349462361943707,pbh,-17.513409052410072,2.0,6.0,False
GN954_juodzbalis25,GN-954,6.759,robust,mstar_agn_20pct,merger_boost_x2,light_popiii,0.6875054979589014,7.7,10.833089986991943,-3.1330899869919433,0.9878379472112321,light_popiii,1.427373123502056,1.0,2.0,True
GN954_juodzbalis25,GN-954,6.759,robust,mstar_agn_20pct,merger_boost_x2,intermediate_cluster,0.6875054979589014,7.7,10.833089986991943,-3.1330899869919433,0.6529191574953579,intermediate_cluster,1.427373123502056,3.0,4.0,False
GN954_juodzbalis25,GN-954,6.759,robust,mstar_agn_20pct,merger_boost_x2,heavy_dcbh,0.6875054979589014,7.7,10.833089986991943,-3.1330899869919433,0.40173006520845234,heavy_dcbh,1.427373123502056,4.0,6.0,False
GN954_juodzbalis25,GN-954,6.759,robust,mstar_agn_20pct,merger_boost_x2,pbh,0.6875054979589014,7.7,10.833089986991943,-3.1330899869919433,0.5691894600663894,pbh,1.427373123502056,2.0,6.0,False
GS200679_juodzbalis25,GS-200679,4.547,tentative,baseline,eddington_eps0p1,light_popiii,1.1999458876323048,6.19,,,0.44998379499639624,light_popiii,-4.232597551624187,1.0,2.0,False
GS200679_juodzbalis25,GS-200679,4.547,tentative,baseline,eddington_eps0p1,intermediate_cluster,1.1999458876323048,6.19,,,0.25809305086147255,intermediate_cluster,-4.232597551624187,3.0,4.0,False
GS200679_juodzbalis25,GS-200679,4.547,tentative,baseline,eddington_eps0p1,heavy_dcbh,1.1999458876323048,6.19,,,0.11417499276027968,heavy_dcbh,-4.232597551624187,4.0,6.0,False
GS200679_juodzbalis25,GS-200679,4.547,tentative,baseline,eddington_eps0p1,pbh,1.1999458876323048,6.19,,,0.2101203648277416,pbh,-4.232597551624187,2.0,6.0,False
GS200679_juodzbalis25,GS-200679,4.547,tentative,baseline,subeddington_eps0p1,light_popiii,1.1999458876323048,6.19,,,0.44998379499639624,light_popiii,3.0632207345127442,1.0,2.0,False
GS200679_juodzbalis25,GS-200679,4.547,tentative,baseline,subeddington_eps0p1,intermediate_cluster,1.1999458876323048,6.19,,,0.25809305086147255,intermediate_cluster,3.0632207345127442,3.0,4.0,True
GS200679_juodzbalis25,GS-200679,4.547,tentative,baseline,subeddington_eps0p1,heavy_dcbh,1.1999458876323048,6.19,,,0.11417499276027968,heavy_dcbh,3.0632207345127442,4.0,6.0,False
GS200679_juodzbalis25,GS-200679,4.547,tentative,baseline,subeddington_eps0p1,pbh,1.1999458876323048,6.19,,,0.2101203648277416,pbh,3.0632207345127442,2.0,6.0,True
GS200679_juodzbalis25,GS-200679,4.547,tentative,baseline,supercritical_eps0p05,light_popiii,1.1999458876323048,6.19,,,0.21315021868250347,light_popiii,-37.81652299574657,1.0,2.0,False
GS200679_juodzbalis25,GS-200679,4.547,tentative,baseline,supercritical_eps0p05,intermediate_cluster,1.1999458876323048,6.19,,,0.12225460303964487,intermediate_cluster,-37.81652299574657,3.0,4.0,False
GS200679_juodzbalis25,GS-200679,4.547,tentative,baseline,supercritical_eps0p05,heavy_dcbh,1.1999458876323048,6.19,,,0.05408289130750091,heavy_dcbh,-37.81652299574657,4.0,6.0,False
GS200679_juodzbalis25,GS-200679,4.547,tentative,baseline,supercritical_eps0p05,pbh,1.1999458876323048,6.19,,,0.09953069912893021,pbh,-37.81652299574657,2.0,6.0,False
GS200679_juodzbalis25,GS-200679,4.547,tentative,baseline,merger_boost_x2,light_popiii,1.1999458876323048,6.19,,,0.42110136005894916,light_popiii,-4.533627547288169,1.0,2.0,False
GS200679_juodzbalis25,GS-200679,4.547,tentative,baseline,merger_boost_x2,intermediate_cluster,1.1999458876323048,6.19,,,0.2292106159240254,intermediate_cluster,-4.533627547288169,3.0,4.0,False
GS200679_juodzbalis25,GS-200679,4.547,tentative,baseline,merger_boost_x2,heavy_dcbh,1.1999458876323048,6.19,,,0.08529255782283257,heavy_dcbh,-4.533627547288169,4.0,6.0,False
GS200679_juodzbalis25,GS-200679,4.547,tentative,baseline,merger_boost_x2,pbh,1.1999458876323048,6.19,,,0.18123792989029444,pbh,-4.533627547288169,2.0,6.0,False
GS200679_juodzbalis25,GS-200679,4.547,tentative,mbh_minus_0p3dex,eddington_eps0p1,light_popiii,1.1999458876323048,5.890000000000001,,,0.4212001833761577,light_popiii,-4.532597551624187,1.0,2.0,False
GS200679_juodzbalis25,GS-200679,4.547,tentative,mbh_minus_0p3dex,eddington_eps0p1,intermediate_cluster,1.1999458876323048,5.890000000000001,,,0.22930943924123398,intermediate_cluster,-4.532597551624187,3.0,4.0,False
GS200679_juodzbalis25,GS-200679,4.547,tentative,mbh_minus_0p3dex,eddington_eps0p1,heavy_dcbh,1.1999458876323048,5.890000000000001,,,0.08539138114004115,heavy_dcbh,-4.532597551624187,4.0,6.0,False
GS200679_juodzbalis25,GS-200679,4.547,tentative,mbh_minus_0p3dex,eddington_eps0p1,pbh,1.1999458876323048,5.890000000000001,,,0.181336753207503,pbh,-4.532597551624187,2.0,6.0,False
GS200679_juodzbalis25,GS-200679,4.547,tentative,mbh_minus_0p3dex,subeddington_eps0p1,light_popiii,1.1999458876323048,5.890000000000001,,,0.4212001833761577,light_popiii,2.7632207345127444,1.0,2.0,False
GS200679_juodzbalis25,GS-200679,4.547,tentative,mbh_minus_0p3dex,subeddington_eps0p1,intermediate_cluster,1.1999458876323048,5.890000000000001,,,0.22930943924123398,intermediate_cluster,2.7632207345127444,3.0,4.0,False
GS200679_juodzbalis25,GS-200679,4.547,tentative,mbh_minus_0p3dex,subeddington_eps0p1,heavy_dcbh,1.1999458876323048,5.890000000000001,,,0.08539138114004115,heavy_dcbh,2.7632207345127444,4.0,6.0,False
GS200679_juodzbalis25,GS-200679,4.547,tentative,mbh_minus_0p3dex,subeddington_eps0p1,pbh,1.1999458876323048,5.890000000000001,,,0.181336753207503,pbh,2.7632207345127444,2.0,6.0,True
GS200679_juodzbalis25,GS-200679,4.547,tentative,mbh_minus_0p3dex,supercritical_eps0p05,light_popiii,1.1999458876323048,5.890000000000001,,,0.19951587633607473,light_popiii,-38.116522995746564,1.0,2.0,False
GS200679_juodzbalis25,GS-200679,4.547,tentative,mbh_minus_0p3dex,supercritical_eps0p05,intermediate_cluster,1.1999458876323048,5.890000000000001,,,0.10862026069321609,intermediate_cluster,-38.116522995746564,3.0,4.0,False
GS200679_juodzbalis25,GS-200679,4.547,tentative,mbh_minus_0p3dex,supercritical_eps0p05,heavy_dcbh,1.1999458876323048,5.890000000000001,,,0.04044854896107212,heavy_dcbh,-38.116522995746564,4.0,6.0,False
GS200679_juodzbalis25,GS-200679,4.547,tentative,mbh_minus_0p3dex,supercritical_eps0p05,pbh,1.1999458876323048,5.890000000000001,,,0.08589635678250143,pbh,-38.116522995746564,2.0,6.0,False
GS200679_juodzbalis25,GS-200679,4.547,tentative,mbh_minus_0p3dex,merger_boost_x2,light_popiii,1.1999458876323048,5.890000000000001,,,0.39231774843871065,light_popiii,-4.8336275472881685,1.0,2.0,False
GS200679_juodzbalis25,GS-200679,4.547,tentative,mbh_minus_0p3dex,merger_boost_x2,intermediate_cluster,1.1999458876323048,5.890000000000001,,,0.20042700430378685,intermediate_cluster,-4.8336275472881685,3.0,4.0,False
GS200679_juodzbalis25,GS-200679,4.547,tentative,mbh_minus_0p3dex,merger_boost_x2,heavy_dcbh,1.1999458876323048,5.890000000000001,,,0.05650894620259402,heavy_dcbh,-4.8336275472881685,4.0,6.0,False
GS200679_juodzbalis25,GS-200679,4.547,tentative,mbh_minus_0p3dex,merger_boost_x2,pbh,1.1999458876323048,5.890000000000001,,,0.1524543182700559,pbh,-4.8336275472881685,2.0,6.0,False
GS200679_juodzbalis25,GS-200679,4.547,tentative,mbh_plus_0p3dex,eddington_eps0p1,light_popiii,1.1999458876323048,6.49,,,0.47876740661663486,light_popiii,-3.9325975516241876,1.0,2.0,False
GS200679_juodzbalis25,GS-200679,4.547,tentative,mbh_plus_0p3dex,eddington_eps0p1,intermediate_cluster,1.1999458876323048,6.49,,,0.28687666248171106,intermediate_cluster,-3.9325975516241876,3.0,4.0,False
GS200679_juodzbalis25,GS-200679,4.547,tentative,mbh_plus_0p3dex,eddington_eps0p1,heavy_dcbh,1.1999458876323048,6.49,,,0.14295860438051822,heavy_dcbh,-3.9325975516241876,4.0,6.0,False
GS200679_juodzbalis25,GS-200679,4.547,tentative,mbh_plus_0p3dex,eddington_eps0p1,pbh,1.1999458876323048,6.49,,,0.23890397644798012,pbh,-3.9325975516241876,2.0,6.0,False
GS200679_juodzbalis25,GS-200679,4.547,tentative,mbh_plus_0p3dex,subeddington_eps0p1,light_popiii,1.1999458876323048,6.49,,,0.47876740661663486,light_popiii,3.363220734512744,1.0,2.0,False
GS200679_juodzbalis25,GS-200679,4.547,tentative,mbh_plus_0p3dex,subeddington_eps0p1,intermediate_cluster,1.1999458876323048,6.49,,,0.28687666248171106,intermediate_cluster,3.363220734512744,3.0,4.0,True
GS200679_juodzbalis25,GS-200679,4.547,tentative,mbh_plus_0p3dex,subeddington_eps0p1,heavy_dcbh,1.1999458876323048,6.49,,,0.14295860438051822,heavy_dcbh,3.363220734512744,4.0,6.0,False
GS200679_juodzbalis25,GS-200679,4.547,tentative,mbh_plus_0p3dex,subeddington_eps0p1,pbh,1.1999458876323048,6.49,,,0.23890397644798012,pbh,3.363220734512744,2.0,6.0,True
GS200679_juodzbalis25,GS-200679,4.547,tentative,mbh_plus_0p3dex,supercritical_eps0p05,light_popiii,1.1999458876323048,6.49,,,0.2267845610289323,light_popiii,-37.51652299574656,1.0,2.0,False
GS200679_juodzbalis25,GS-200679,4.547,tentative,mbh_plus_0p3dex,supercritical_eps0p05,intermediate_cluster,1.1999458876323048,6.49,,,0.13588894538607366,intermediate_cluster,-37.51652299574656,3.0,4.0,False
GS200679_juodzbalis25,GS-200679,4.547,tentative,mbh_plus_0p3dex,supercritical_eps0p05,heavy_dcbh,1.1999458876323048,6.49,,,0.06771723365392969,heavy_dcbh,-37.51652299574656,4.0,6.0,False
GS200679_juodzbalis25,GS-200679,4.547,tentative,mbh_plus_0p3dex,supercritical_eps0p05,pbh,1.1999458876323048,6.49,,,0.11316504147535901,pbh,-37.51652299574656,2.0,6.0,False
GS200679_juodzbalis25,GS-200679,4.547,tentative,mbh_plus_0p3dex,merger_boost_x2,light_popiii,1.1999458876323048,6.49,,,0.4498849716791878,light_popiii,-4.233627547288169,1.0,2.0,False
GS200679_juodzbalis25,GS-200679,4.547,tentative,mbh_plus_0p3dex,merger_boost_x2,intermediate_cluster,1.1999458876323048,6.49,,,0.25799422754426393,intermediate_cluster,-4.233627547288169,3.0,4.0,False
GS200679_juodzbalis25,GS-200679,4.547,tentative,mbh_plus_0p3dex,merger_boost_x2,heavy_dcbh,1.1999458876323048,6.49,,,0.11407616944307111,heavy_dcbh,-4.233627547288169,4.0,6.0,False
GS200679_juodzbalis25,GS-200679,4.547,tentative,mbh_plus_0p3dex,merger_boost_x2,pbh,1.1999458876323048,6.49,,,0.210021541510533,pbh,-4.233627547288169,2.0,6.0,False
GS200679_juodzbalis25,GS-200679,4.547,tentative,mstar_agn_20pct,eddington_eps0p1,light_popiii,1.1999458876323048,6.19,,,0.44998379499639624,light_popiii,-4.232597551624187,1.0,2.0,False
GS200679_juodzbalis25,GS-200679,4.547,tentative,mstar_agn_20pct,eddington_eps0p1,intermediate_cluster,1.1999458876323048,6.19,,,0.25809305086147255,intermediate_cluster,-4.232597551624187,3.0,4.0,False
GS200679_juodzbalis25,GS-200679,4.547,tentative,mstar_agn_20pct,eddington_eps0p1,heavy_dcbh,1.1999458876323048,6.19,,,0.11417499276027968,heavy_dcbh,-4.232597551624187,4.0,6.0,False
GS200679_juodzbalis25,GS-200679,4.547,tentative,mstar_agn_20pct,eddington_eps0p1,pbh,1.1999458876323048,6.19,,,0.2101203648277416,pbh,-4.232597551624187,2.0,6.0,False
GS200679_juodzbalis25,GS-200679,4.547,tentative,mstar_agn_20pct,subeddington_eps0p1,light_popiii,1.1999458876323048,6.19,,,0.44998379499639624,light_popiii,3.0632207345127442,1.0,2.0,False
GS200679_juodzbalis25,GS-200679,4.547,tentative,mstar_agn_20pct,subeddington_eps0p1,intermediate_cluster,1.1999458876323048,6.19,,,0.25809305086147255,intermediate_cluster,3.0632207345127442,3.0,4.0,True
GS200679_juodzbalis25,GS-200679,4.547,tentative,mstar_agn_20pct,subeddington_eps0p1,heavy_dcbh,1.1999458876323048,6.19,,,0.11417499276027968,heavy_dcbh,3.0632207345127442,4.0,6.0,False
GS200679_juodzbalis25,GS-200679,4.547,tentative,mstar_agn_20pct,subeddington_eps0p1,pbh,1.1999458876323048,6.19,,,0.2101203648277416,pbh,3.0632207345127442,2.0,6.0,True
GS200679_juodzbalis25,GS-200679,4.547,tentative,mstar_agn_20pct,supercritical_eps0p05,light_popiii,1.1999458876323048,6.19,,,0.21315021868250347,light_popiii,-37.81652299574657,1.0,2.0,False
GS200679_juodzbalis25,GS-200679,4.547,tentative,mstar_agn_20pct,supercritical_eps0p05,intermediate_cluster,1.1999458876323048,6.19,,,0.12225460303964487,intermediate_cluster,-37.81652299574657,3.0,4.0,False
GS200679_juodzbalis25,GS-200679,4.547,tentative,mstar_agn_20pct,supercritical_eps0p05,heavy_dcbh,1.1999458876323048,6.19,,,0.05408289130750091,heavy_dcbh,-37.81652299574657,4.0,6.0,False
GS200679_juodzbalis25,GS-200679,4.547,tentative,mstar_agn_20pct,supercritical_eps0p05,pbh,1.1999458876323048,6.19,,,0.09953069912893021,pbh,-37.81652299574657,2.0,6.0,False
GS200679_juodzbalis25,GS-200679,4.547,tentative,mstar_agn_20pct,merger_boost_x2,light_popiii,1.1999458876323048,6.19,,,0.42110136005894916,light_popiii,-4.533627547288169,1.0,2.0,False
GS200679_juodzbalis25,GS-200679,4.547,tentative,mstar_agn_20pct,merger_boost_x2,intermediate_cluster,1.1999458876323048,6.19,,,0.2292106159240254,intermediate_cluster,-4.533627547288169,3.0,4.0,False
GS200679_juodzbalis25,GS-200679,4.547,tentative,mstar_agn_20pct,merger_boost_x2,heavy_dcbh,1.1999458876323048,6.19,,,0.08529255782283257,heavy_dcbh,-4.533627547288169,4.0,6.0,False
GS200679_juodzbalis25,GS-200679,4.547,tentative,mstar_agn_20pct,merger_boost_x2,pbh,1.1999458876323048,6.19,,,0.18123792989029444,pbh,-4.533627547288169,2.0,6.0,False
GS20057765_juodzbalis25,GS-20057765,8.913,tentative,baseline,eddington_eps0p1,light_popiii,0.4460196507767771,7.33,7.4,-0.07000000000000028,1.504874400575877,light_popiii,3.4559225369446063,1.0,2.0,False
GS20057765_juodzbalis25,GS-20057765,8.913,tentative,baseline,eddington_eps0p1,intermediate_cluster,0.4460196507767771,7.33,7.4,-0.07000000000000028,0.9886224621278918,intermediate_cluster,3.4559225369446063,3.0,4.0,True
GS20057765_juodzbalis25,GS-20057765,8.913,tentative,baseline,eddington_eps0p1,heavy_dcbh,0.4460196507767771,7.33,7.4,-0.07000000000000028,0.6014335082919029,heavy_dcbh,3.4559225369446063,4.0,6.0,False
GS20057765_juodzbalis25,GS-20057765,8.913,tentative,baseline,eddington_eps0p1,pbh,0.4460196507767771,7.33,7.4,-0.07000000000000028,0.8595594775158956,pbh,3.4559225369446063,2.0,6.0,True
GS20057765_juodzbalis25,GS-20057765,8.913,tentative,baseline,subeddington_eps0p1,light_popiii,0.4460196507767771,7.33,7.4,-0.07000000000000028,1.504874400575877,light_popiii,6.167776761083382,1.0,2.0,False
GS20057765_juodzbalis25,GS-20057765,8.913,tentative,baseline,subeddington_eps0p1,intermediate_cluster,0.4460196507767771,7.33,7.4,-0.07000000000000028,0.9886224621278918,intermediate_cluster,6.167776761083382,3.0,4.0,False
GS20057765_juodzbalis25,GS-20057765,8.913,tentative,baseline,subeddington_eps0p1,heavy_dcbh,0.4460196507767771,7.33,7.4,-0.07000000000000028,0.6014335082919029,heavy_dcbh,6.167776761083382,4.0,6.0,False
GS20057765_juodzbalis25,GS-20057765,8.913,tentative,baseline,subeddington_eps0p1,pbh,0.4460196507767771,7.33,7.4,-0.07000000000000028,0.8595594775158956,pbh,6.167776761083382,2.0,6.0,False
GS20057765_juodzbalis25,GS-20057765,8.913,tentative,baseline,supercritical_eps0p05,light_popiii,0.4460196507767771,7.33,7.4,-0.07000000000000028,0.712835242378047,light_popiii,-9.027215955122772,1.0,2.0,False
GS20057765_juodzbalis25,GS-20057765,8.913,tentative,baseline,supercritical_eps0p05,intermediate_cluster,0.4460196507767771,7.33,7.4,-0.07000000000000028,0.4682948504816329,intermediate_cluster,-9.027215955122772,3.0,4.0,False
GS20057765_juodzbalis25,GS-20057765,8.913,tentative,baseline,supercritical_eps0p05,heavy_dcbh,0.4460196507767771,7.33,7.4,-0.07000000000000028,0.2848895565593224,heavy_dcbh,-9.027215955122772,4.0,6.0,False
GS20057765_juodzbalis25,GS-20057765,8.913,tentative,baseline,supercritical_eps0p05,pbh,0.4460196507767771,7.33,7.4,-0.07000000000000028,0.4071597525075294,pbh,-9.027215955122772,2.0,6.0,False
GS20057765_juodzbalis25,GS-20057765,8.913,tentative,baseline,merger_boost_x2,light_popiii,0.4460196507767771,7.33,7.4,-0.07000000000000028,1.4271707411796175,light_popiii,3.154892541280625,1.0,2.0,False
GS20057765_juodzbalis25,GS-20057765,8.913,tentative,baseline,merger_boost_x2,intermediate_cluster,0.4460196507767771,7.33,7.4,-0.07000000000000028,0.9109188027316324,intermediate_cluster,3.154892541280625,3.0,4.0,True
GS20057765_juodzbalis25,GS-20057765,8.913,tentative,baseline,merger_boost_x2,heavy_dcbh,0.4460196507767771,7.33,7.4,-0.07000000000000028,0.5237298488956434,heavy_dcbh,3.154892541280625,4.0,6.0,False
GS20057765_juodzbalis25,GS-20057765,8.913,tentative,baseline,merger_boost_x2,pbh,0.4460196507767771,7.33,7.4,-0.07000000000000028,0.7818558181196361,pbh,3.154892541280625,2.0,6.0,True
GS20057765_juodzbalis25,GS-20057765,8.913,tentative,mbh_minus_0p3dex,eddington_eps0p1,light_popiii,0.4460196507767771,7.03,7.4,-0.3700000000000001,1.4274366098086795,light_popiii,3.1559225369446064,1.0,2.0,False
GS20057765_juodzbalis25,GS-20057765,8.913,tentative,mbh_minus_0p3dex,eddington_eps0p1,intermediate_cluster,0.4460196507767771,7.03,7.4,-0.3700000000000001,0.911184671360694,intermediate_cluster,3.1559225369446064,3.0,4.0,True
GS20057765_juodzbalis25,GS-20057765,8.913,tentative,mbh_minus_0p3dex,eddington_eps0p1,heavy_dcbh,0.4460196507767771,7.03,7.4,-0.3700000000000001,0.5239957175247051,heavy_dcbh,3.1559225369446064,4.0,6.0,False
GS20057765_juodzbalis25,GS-20057765,8.913,tentative,mbh_minus_0p3dex,eddington_eps0p1,pbh,0.4460196507767771,7.03,7.4,-0.3700000000000001,0.7821216867486978,pbh,3.1559225369446064,2.0,6.0,True
GS20057765_juodzbalis25,GS-20057765,8.913,tentative,mbh_minus_0p3dex,subeddington_eps0p1,light_popiii,0.4460196507767771,7.03,7.4,-0.3700000000000001,1.4274366098086795,light_popiii,5.867776761083382,1.0,2.0,False
GS20057765_juodzbalis25,GS-20057765,8.913,tentative,mbh_minus_0p3dex,subeddington_eps0p1,intermediate_cluster,0.4460196507767771,7.03,7.4,-0.3700000000000001,0.911184671360694,intermediate_cluster,5.867776761083382,3.0,4.0,False
GS20057765_juodzbalis25,GS-20057765,8.913,tentative,mbh_minus_0p3dex,subeddington_eps0p1,heavy_dcbh,0.4460196507767771,7.03,7.4,-0.3700000000000001,0.5239957175247051,heavy_dcbh,5.867776761083382,4.0,6.0,True
GS20057765_juodzbalis25,GS-20057765,8.913,tentative,mbh_minus_0p3dex,subeddington_eps0p1,pbh,0.4460196507767771,7.03,7.4,-0.3700000000000001,0.7821216867486978,pbh,5.867776761083382,2.0,6.0,True
GS20057765_juodzbalis25,GS-20057765,8.913,tentative,mbh_minus_0p3dex,supercritical_eps0p05,light_popiii,0.4460196507767771,7.03,7.4,-0.3700000000000001,0.676154183593585,light_popiii,-9.327215955122771,1.0,2.0,False
GS20057765_juodzbalis25,GS-20057765,8.913,tentative,mbh_minus_0p3dex,supercritical_eps0p05,intermediate_cluster,0.4460196507767771,7.03,7.4,-0.3700000000000001,0.4316137916971709,intermediate_cluster,-9.327215955122771,3.0,4.0,False
GS20057765_juodzbalis25,GS-20057765,8.913,tentative,mbh_minus_0p3dex,supercritical_eps0p05,heavy_dcbh,0.4460196507767771,7.03,7.4,-0.3700000000000001,0.24820849777486031,heavy_dcbh,-9.327215955122771,4.0,6.0,False
GS20057765_juodzbalis25,GS-20057765,8.913,tentative,mbh_minus_0p3dex,supercritical_eps0p05,pbh,0.4460196507767771,7.03,7.4,-0.3700000000000001,0.3704786937230673,pbh,-9.327215955122771,2.0,6.0,False
GS20057765_juodzbalis25,GS-20057765,8.913,tentative,mbh_minus_0p3dex,merger_boost_x2,light_popiii,0.4460196507767771,7.03,7.4,-0.3700000000000001,1.34973295041242,light_popiii,2.854892541280625,1.0,2.0,False
GS20057765_juodzbalis25,GS-20057765,8.913,tentative,mbh_minus_0p3dex,merger_boost_x2,intermediate_cluster,0.4460196507767771,7.03,7.4,-0.3700000000000001,0.8334810119644345,intermediate_cluster,2.854892541280625,3.0,4.0,False
GS20057765_juodzbalis25,GS-20057765,8.913,tentative,mbh_minus_0p3dex,merger_boost_x2,heavy_dcbh,0.4460196507767771,7.03,7.4,-0.3700000000000001,0.4462920581284457,heavy_dcbh,2.854892541280625,4.0,6.0,False
GS20057765_juodzbalis25,GS-20057765,8.913,tentative,mbh_minus_0p3dex,merger_boost_x2,pbh,0.4460196507767771,7.03,7.4,-0.3700000000000001,0.7044180273524383,pbh,2.854892541280625,2.0,6.0,True
GS20057765_juodzbalis25,GS-20057765,8.913,tentative,mbh_plus_0p3dex,eddington_eps0p1,light_popiii,0.4460196507767771,7.63,7.4,0.22999999999999954,1.5823121913430749,light_popiii,3.755922536944606,1.0,2.0,False
GS20057765_juodzbalis25,GS-20057765,8.913,tentative,mbh_plus_0p3dex,eddington_eps0p1,intermediate_cluster,0.4460196507767771,7.63,7.4,0.22999999999999954,1.0660602528950895,intermediate_cluster,3.755922536944606,3.0,4.0,True
GS20057765_juodzbalis25,GS-20057765,8.913,tentative,mbh_plus_0p3dex,eddington_eps0p1,heavy_dcbh,0.4460196507767771,7.63,7.4,0.22999999999999954,0.6788712990591006,heavy_dcbh,3.755922536944606,4.0,6.0,False
GS20057765_juodzbalis25,GS-20057765,8.913,tentative,mbh_plus_0p3dex,eddington_eps0p1,pbh,0.4460196507767771,7.63,7.4,0.22999999999999954,0.9369972682830933,pbh,3.755922536944606,2.0,6.0,True
GS20057765_juodzbalis25,GS-20057765,8.913,tentative,mbh_plus_0p3dex,subeddington_eps0p1,light_popiii,0.4460196507767771,7.63,7.4,0.22999999999999954,1.5823121913430749,light_popiii,6.467776761083382,1.0,2.0,False
GS20057765_juodzbalis25,GS-20057765,8.913,tentative,mbh_plus_0p3dex,subeddington_eps0p1,intermediate_cluster,0.4460196507767771,7.63,7.4,0.22999999999999954,1.0660602528950895,intermediate_cluster,6.467776761083382,3.0,4.0,False
GS20057765_juodzbalis25,GS-20057765,8.913,tentative,mbh_plus_0p3dex,subeddington_eps0p1,heavy_dcbh,0.4460196507767771,7.63,7.4,0.22999999999999954,0.6788712990591006,heavy_dcbh,6.467776761083382,4.0,6.0,False
GS20057765_juodzbalis25,GS-20057765,8.913,tentative,mbh_plus_0p3dex,subeddington_eps0p1,pbh,0.4460196507767771,7.63,7.4,0.22999999999999954,0.9369972682830933,pbh,6.467776761083382,2.0,6.0,False
GS20057765_juodzbalis25,GS-20057765,8.913,tentative,mbh_plus_0p3dex,supercritical_eps0p05,light_popiii,0.4460196507767771,7.63,7.4,0.22999999999999954,0.7495163011625091,light_popiii,-8.727215955122773,1.0,2.0,False
GS20057765_juodzbalis25,GS-20057765,8.913,tentative,mbh_plus_0p3dex,supercritical_eps0p05,intermediate_cluster,0.4460196507767771,7.63,7.4,0.22999999999999954,0.504975909266095,intermediate_cluster,-8.727215955122773,3.0,4.0,False
GS20057765_juodzbalis25,GS-20057765,8.913,tentative,mbh_plus_0p3dex,supercritical_eps0p05,heavy_dcbh,0.4460196507767771,7.63,7.4,0.22999999999999954,0.3215706153437845,heavy_dcbh,-8.727215955122773,4.0,6.0,False
GS20057765_juodzbalis25,GS-20057765,8.913,tentative,mbh_plus_0p3dex,supercritical_eps0p05,pbh,0.4460196507767771,7.63,7.4,0.22999999999999954,0.44384081129199154,pbh,-8.727215955122773,2.0,6.0,False
GS20057765_juodzbalis25,GS-20057765,8.913,tentative,mbh_plus_0p3dex,merger_boost_x2,light_popiii,0.4460196507767771,7.63,7.4,0.22999999999999954,1.5046085319468154,light_popiii,3.454892541280625,1.0,2.0,False
GS20057765_juodzbalis25,GS-20057765,8.913,tentative,mbh_plus_0p3dex,merger_boost_x2,intermediate_cluster,0.4460196507767771,7.63,7.4,0.22999999999999954,0.9883565934988302,intermediate_cluster,3.454892541280625,3.0,4.0,True
GS20057765_juodzbalis25,GS-20057765,8.913,tentative,mbh_plus_0p3dex,merger_boost_x2,heavy_dcbh,0.4460196507767771,7.63,7.4,0.22999999999999954,0.6011676396628411,heavy_dcbh,3.454892541280625,4.0,6.0,False
GS20057765_juodzbalis25,GS-20057765,8.913,tentative,mbh_plus_0p3dex,merger_boost_x2,pbh,0.4460196507767771,7.63,7.4,0.22999999999999954,0.8592936088868338,pbh,3.454892541280625,2.0,6.0,True
GS20057765_juodzbalis25,GS-20057765,8.913,tentative,mstar_agn_20pct,eddington_eps0p1,light_popiii,0.4460196507767771,7.33,7.303089986991944,0.026910013008055955,1.504874400575877,light_popiii,3.4559225369446063,1.0,2.0,False
GS20057765_juodzbalis25,GS-20057765,8.913,tentative,mstar_agn_20pct,eddington_eps0p1,intermediate_cluster,0.4460196507767771,7.33,7.303089986991944,0.026910013008055955,0.9886224621278918,intermediate_cluster,3.4559225369446063,3.0,4.0,True
GS20057765_juodzbalis25,GS-20057765,8.913,tentative,mstar_agn_20pct,eddington_eps0p1,heavy_dcbh,0.4460196507767771,7.33,7.303089986991944,0.026910013008055955,0.6014335082919029,heavy_dcbh,3.4559225369446063,4.0,6.0,False
GS20057765_juodzbalis25,GS-20057765,8.913,tentative,mstar_agn_20pct,eddington_eps0p1,pbh,0.4460196507767771,7.33,7.303089986991944,0.026910013008055955,0.8595594775158956,pbh,3.4559225369446063,2.0,6.0,True
GS20057765_juodzbalis25,GS-20057765,8.913,tentative,mstar_agn_20pct,subeddington_eps0p1,light_popiii,0.4460196507767771,7.33,7.303089986991944,0.026910013008055955,1.504874400575877,light_popiii,6.167776761083382,1.0,2.0,False
GS20057765_juodzbalis25,GS-20057765,8.913,tentative,mstar_agn_20pct,subeddington_eps0p1,intermediate_cluster,0.4460196507767771,7.33,7.303089986991944,0.026910013008055955,0.9886224621278918,intermediate_cluster,6.167776761083382,3.0,4.0,False
GS20057765_juodzbalis25,GS-20057765,8.913,tentative,mstar_agn_20pct,subeddington_eps0p1,heavy_dcbh,0.4460196507767771,7.33,7.303089986991944,0.026910013008055955,0.6014335082919029,heavy_dcbh,6.167776761083382,4.0,6.0,False
GS20057765_juodzbalis25,GS-20057765,8.913,tentative,mstar_agn_20pct,subeddington_eps0p1,pbh,0.4460196507767771,7.33,7.303089986991944,0.026910013008055955,0.8595594775158956,pbh,6.167776761083382,2.0,6.0,False
GS20057765_juodzbalis25,GS-20057765,8.913,tentative,mstar_agn_20pct,supercritical_eps0p05,light_popiii,0.4460196507767771,7.33,7.303089986991944,0.026910013008055955,0.712835242378047,light_popiii,-9.027215955122772,1.0,2.0,False
GS20057765_juodzbalis25,GS-20057765,8.913,tentative,mstar_agn_20pct,supercritical_eps0p05,intermediate_cluster,0.4460196507767771,7.33,7.303089986991944,0.026910013008055955,0.4682948504816329,intermediate_cluster,-9.027215955122772,3.0,4.0,False
GS20057765_juodzbalis25,GS-20057765,8.913,tentative,mstar_agn_20pct,supercritical_eps0p05,heavy_dcbh,0.4460196507767771,7.33,7.303089986991944,0.026910013008055955,0.2848895565593224,heavy_dcbh,-9.027215955122772,4.0,6.0,False
GS20057765_juodzbalis25,GS-20057765,8.913,tentative,mstar_agn_20pct,supercritical_eps0p05,pbh,0.4460196507767771,7.33,7.303089986991944,0.026910013008055955,0.4071597525075294,pbh,-9.027215955122772,2.0,6.0,False
GS20057765_juodzbalis25,GS-20057765,8.913,tentative,mstar_agn_20pct,merger_boost_x2,light_popiii,0.4460196507767771,7.33,7.303089986991944,0.026910013008055955,1.4271707411796175,light_popiii,3.154892541280625,1.0,2.0,False
GS20057765_juodzbalis25,GS-20057765,8.913,tentative,mstar_agn_20pct,merger_boost_x2,intermediate_cluster,0.4460196507767771,7.33,7.303089986991944,0.026910013008055955,0.9109188027316324,intermediate_cluster,3.154892541280625,3.0,4.0,True
GS20057765_juodzbalis25,GS-20057765,8.913,tentative,mstar_agn_20pct,merger_boost_x2,heavy_dcbh,0.4460196507767771,7.33,7.303089986991944,0.026910013008055955,0.5237298488956434,heavy_dcbh,3.154892541280625,4.0,6.0,False
GS20057765_juodzbalis25,GS-20057765,8.913,tentative,mstar_agn_20pct,merger_boost_x2,pbh,0.4460196507767771,7.33,7.303089986991944,0.026910013008055955,0.7818558181196361,pbh,3.154892541280625,2.0,6.0,True
GS20030333_juodzbalis25,GS-20030333,7.891,tentative,baseline,eddington_eps0p1,light_popiii,0.5424569327723399,7.42,,,1.2564411040761445,light_popiii,2.7082789485361918,1.0,2.0,False
GS20030333_juodzbalis25,GS-20030333,7.891,tentative,baseline,eddington_eps0p1,intermediate_cluster,0.5424569327723399,7.42,,,0.831967758104474,intermediate_cluster,2.7082789485361918,3.0,4.0,False
GS20030333_juodzbalis25,GS-20030333,7.891,tentative,baseline,eddington_eps0p1,heavy_dcbh,0.5424569327723399,7.42,,,0.5136127486257211,heavy_dcbh,2.7082789485361918,4.0,6.0,False
GS20030333_juodzbalis25,GS-20030333,7.891,tentative,baseline,eddington_eps0p1,pbh,0.5424569327723399,7.42,,,0.7258494216115564,pbh,2.7082789485361918,2.0,6.0,True
GS20030333_juodzbalis25,GS-20030333,7.891,tentative,baseline,subeddington_eps0p1,light_popiii,0.5424569327723399,7.42,,,1.2564411040761445,light_popiii,6.006483684560857,1.0,2.0,False
GS20030333_juodzbalis25,GS-20030333,7.891,tentative,baseline,subeddington_eps0p1,intermediate_cluster,0.5424569327723399,7.42,,,0.831967758104474,intermediate_cluster,6.006483684560857,3.0,4.0,False
GS20030333_juodzbalis25,GS-20030333,7.891,tentative,baseline,subeddington_eps0p1,heavy_dcbh,0.5424569327723399,7.42,,,0.5136127486257211,heavy_dcbh,6.006483684560857,4.0,6.0,False
GS20030333_juodzbalis25,GS-20030333,7.891,tentative,baseline,subeddington_eps0p1,pbh,0.5424569327723399,7.42,,,0.7258494216115564,pbh,6.006483684560857,2.0,6.0,False
GS20030333_juodzbalis25,GS-20030333,7.891,tentative,baseline,supercritical_eps0p05,light_popiii,0.5424569327723399,7.42,,,0.5951563124571211,light_popiii,-12.473933328402746,1.0,2.0,False
GS20030333_juodzbalis25,GS-20030333,7.891,tentative,baseline,supercritical_eps0p05,intermediate_cluster,0.5424569327723399,7.42,,,0.39408999068106665,intermediate_cluster,-12.473933328402746,3.0,4.0,False
GS20030333_juodzbalis25,GS-20030333,7.891,tentative,baseline,supercritical_eps0p05,heavy_dcbh,0.5424569327723399,7.42,,,0.24329024934902582,heavy_dcbh,-12.473933328402746,4.0,6.0,False
GS20030333_juodzbalis25,GS-20030333,7.891,tentative,baseline,supercritical_eps0p05,pbh,0.5424569327723399,7.42,,,0.34382341023705304,pbh,-12.473933328402746,2.0,6.0,False
GS20030333_juodzbalis25,GS-20030333,7.891,tentative,baseline,merger_boost_x2,light_popiii,0.5424569327723399,7.42,,,1.1925514993274808,light_popiii,2.4072489528722105,1.0,2.0,False
GS20030333_juodzbalis25,GS-20030333,7.891,tentative,baseline,merger_boost_x2,intermediate_cluster,0.5424569327723399,7.42,,,0.7680781533558102,intermediate_cluster,2.4072489528722105,3.0,4.0,False
GS20030333_juodzbalis25,GS-20030333,7.891,tentative,baseline,merger_boost_x2,heavy_dcbh,0.5424569327723399,7.42,,,0.4497231438770574,heavy_dcbh,2.4072489528722105,4.0,6.0,False
GS20030333_juodzbalis25,GS-20030333,7.891,tentative,baseline,merger_boost_x2,pbh,0.5424569327723399,7.42,,,0.6619598168628926,pbh,2.4072489528722105,2.0,6.0,True
GS20030333_juodzbalis25,GS-20030333,7.891,tentative,mbh_minus_0p3dex,eddington_eps0p1,light_popiii,0.5424569327723399,7.12,,,1.192770102180394,light_popiii,2.408278948536192,1.0,2.0,False
GS20030333_juodzbalis25,GS-20030333,7.891,tentative,mbh_minus_0p3dex,eddington_eps0p1,intermediate_cluster,0.5424569327723399,7.12,,,0.7682967562087236,intermediate_cluster,2.408278948536192,3.0,4.0,False
GS20030333_juodzbalis25,GS-20030333,7.891,tentative,mbh_minus_0p3dex,eddington_eps0p1,heavy_dcbh,0.5424569327723399,7.12,,,0.4499417467299707,heavy_dcbh,2.408278948536192,4.0,6.0,False
GS20030333_juodzbalis25,GS-20030333,7.891,tentative,mbh_minus_0p3dex,eddington_eps0p1,pbh,0.5424569327723399,7.12,,,0.662178419715806,pbh,2.408278948536192,2.0,6.0,True
GS20030333_juodzbalis25,GS-20030333,7.891,tentative,mbh_minus_0p3dex,subeddington_eps0p1,light_popiii,0.5424569327723399,7.12,,,1.192770102180394,light_popiii,5.706483684560858,1.0,2.0,False
GS20030333_juodzbalis25,GS-20030333,7.891,tentative,mbh_minus_0p3dex,subeddington_eps0p1,intermediate_cluster,0.5424569327723399,7.12,,,0.7682967562087236,intermediate_cluster,5.706483684560858,3.0,4.0,False
GS20030333_juodzbalis25,GS-20030333,7.891,tentative,mbh_minus_0p3dex,subeddington_eps0p1,heavy_dcbh,0.5424569327723399,7.12,,,0.4499417467299707,heavy_dcbh,5.706483684560858,4.0,6.0,True
GS20030333_juodzbalis25,GS-20030333,7.891,tentative,mbh_minus_0p3dex,subeddington_eps0p1,pbh,0.5424569327723399,7.12,,,0.662178419715806,pbh,5.706483684560858,2.0,6.0,True
GS20030333_juodzbalis25,GS-20030333,7.891,tentative,mbh_minus_0p3dex,supercritical_eps0p05,light_popiii,0.5424569327723399,7.12,,,0.564996364190713,light_popiii,-12.773933328402745,1.0,2.0,False
GS20030333_juodzbalis25,GS-20030333,7.891,tentative,mbh_minus_0p3dex,supercritical_eps0p05,intermediate_cluster,0.5424569327723399,7.12,,,0.3639300424146585,intermediate_cluster,-12.773933328402745,3.0,4.0,False
GS20030333_juodzbalis25,GS-20030333,7.891,tentative,mbh_minus_0p3dex,supercritical_eps0p05,heavy_dcbh,0.5424569327723399,7.12,,,0.2131303010826177,heavy_dcbh,-12.773933328402745,4.0,6.0,False
GS20030333_juodzbalis25,GS-20030333,7.891,tentative,mbh_minus_0p3dex,supercritical_eps0p05,pbh,0.5424569327723399,7.12,,,0.31366346197064493,pbh,-12.773933328402745,2.0,6.0,False
GS20030333_juodzbalis25,GS-20030333,7.891,tentative,mbh_minus_0p3dex,merger_boost_x2,light_popiii,0.5424569327723399,7.12,,,1.1288804974317304,light_popiii,2.1072489528722107,1.0,2.0,False
GS20030333_juodzbalis25,GS-20030333,7.891,tentative,mbh_minus_0p3dex,merger_boost_x2,intermediate_cluster,0.5424569327723399,7.12,,,0.7044071514600598,intermediate_cluster,2.1072489528722107,3.0,4.0,False
GS20030333_juodzbalis25,GS-20030333,7.891,tentative,mbh_minus_0p3dex,merger_boost_x2,heavy_dcbh,0.5424569327723399,7.12,,,0.3860521419813069,heavy_dcbh,2.1072489528722107,4.0,6.0,False
GS20030333_juodzbalis25,GS-20030333,7.891,tentative,mbh_minus_0p3dex,merger_boost_x2,pbh,0.5424569327723399,7.12,,,0.5982888149671421,pbh,2.1072489528722107,2.0,6.0,True
GS20030333_juodzbalis25,GS-20030333,7.891,tentative,mbh_plus_0p3dex,eddington_eps0p1,light_popiii,0.5424569327723399,7.72,,,1.320112105971895,light_popiii,3.0082789485361916,1.0,2.0,False
GS20030333_juodzbalis25,GS-20030333,7.891,tentative,mbh_plus_0p3dex,eddington_eps0p1,intermediate_cluster,0.5424569327723399,7.72,,,0.8956387600002246,intermediate_cluster,3.0082789485361916,3.0,4.0,True
GS20030333_juodzbalis25,GS-20030333,7.891,tentative,mbh_plus_0p3dex,eddington_eps0p1,heavy_dcbh,0.5424569327723399,7.72,,,0.5772837505214717,heavy_dcbh,3.0082789485361916,4.0,6.0,False
GS20030333_juodzbalis25,GS-20030333,7.891,tentative,mbh_plus_0p3dex,eddington_eps0p1,pbh,0.5424569327723399,7.72,,,0.789520423507307,pbh,3.0082789485361916,2.0,6.0,True
GS20030333_juodzbalis25,GS-20030333,7.891,tentative,mbh_plus_0p3dex,subeddington_eps0p1,light_popiii,0.5424569327723399,7.72,,,1.320112105971895,light_popiii,6.306483684560858,1.0,2.0,False
GS20030333_juodzbalis25,GS-20030333,7.891,tentative,mbh_plus_0p3dex,subeddington_eps0p1,intermediate_cluster,0.5424569327723399,7.72,,,0.8956387600002246,intermediate_cluster,6.306483684560858,3.0,4.0,False
GS20030333_juodzbalis25,GS-20030333,7.891,tentative,mbh_plus_0p3dex,subeddington_eps0p1,heavy_dcbh,0.5424569327723399,7.72,,,0.5772837505214717,heavy_dcbh,6.306483684560858,4.0,6.0,False
GS20030333_juodzbalis25,GS-20030333,7.891,tentative,mbh_plus_0p3dex,subeddington_eps0p1,pbh,0.5424569327723399,7.72,,,0.789520423507307,pbh,6.306483684560858,2.0,6.0,False
GS20030333_juodzbalis25,GS-20030333,7.891,tentative,mbh_plus_0p3dex,supercritical_eps0p05,light_popiii,0.5424569327723399,7.72,,,0.6253162607235292,light_popiii,-12.173933328402747,1.0,2.0,False
GS20030333_juodzbalis25,GS-20030333,7.891,tentative,mbh_plus_0p3dex,supercritical_eps0p05,intermediate_cluster,0.5424569327723399,7.72,,,0.4242499389474748,intermediate_cluster,-12.173933328402747,3.0,4.0,False
GS20030333_juodzbalis25,GS-20030333,7.891,tentative,mbh_plus_0p3dex,supercritical_eps0p05,heavy_dcbh,0.5424569327723399,7.72,,,0.273450197615434,heavy_dcbh,-12.173933328402747,4.0,6.0,False
GS20030333_juodzbalis25,GS-20030333,7.891,tentative,mbh_plus_0p3dex,supercritical_eps0p05,pbh,0.5424569327723399,7.72,,,0.3739833585034612,pbh,-12.173933328402747,2.0,6.0,False
GS20030333_juodzbalis25,GS-20030333,7.891,tentative,mbh_plus_0p3dex,merger_boost_x2,light_popiii,0.5424569327723399,7.72,,,1.2562225012232313,light_popiii,2.7072489528722103,1.0,2.0,False
GS20030333_juodzbalis25,GS-20030333,7.891,tentative,mbh_plus_0p3dex,merger_boost_x2,intermediate_cluster,0.5424569327723399,7.72,,,0.8317491552515608,intermediate_cluster,2.7072489528722103,3.0,4.0,False
GS20030333_juodzbalis25,GS-20030333,7.891,tentative,mbh_plus_0p3dex,merger_boost_x2,heavy_dcbh,0.5424569327723399,7.72,,,0.5133941457728081,heavy_dcbh,2.7072489528722103,4.0,6.0,False
GS20030333_juodzbalis25,GS-20030333,7.891,tentative,mbh_plus_0p3dex,merger_boost_x2,pbh,0.5424569327723399,7.72,,,0.7256308187586432,pbh,2.7072489528722103,2.0,6.0,True
GS20030333_juodzbalis25,GS-20030333,7.891,tentative,mstar_agn_20pct,eddington_eps0p1,light_popiii,0.5424569327723399,7.42,,,1.2564411040761445,light_popiii,2.7082789485361918,1.0,2.0,False
GS20030333_juodzbalis25,GS-20030333,7.891,tentative,mstar_agn_20pct,eddington_eps0p1,intermediate_cluster,0.5424569327723399,7.42,,,0.831967758104474,intermediate_cluster,2.7082789485361918,3.0,4.0,False
GS20030333_juodzbalis25,GS-20030333,7.891,tentative,mstar_agn_20pct,eddington_eps0p1,heavy_dcbh,0.5424569327723399,7.42,,,0.5136127486257211,heavy_dcbh,2.7082789485361918,4.0,6.0,False
GS20030333_juodzbalis25,GS-20030333,7.891,tentative,mstar_agn_20pct,eddington_eps0p1,pbh,0.5424569327723399,7.42,,,0.7258494216115564,pbh,2.7082789485361918,2.0,6.0,True
GS20030333_juodzbalis25,GS-20030333,7.891,tentative,mstar_agn_20pct,subeddington_eps0p1,light_popiii,0.5424569327723399,7.42,,,1.2564411040761445,light_popiii,6.006483684560857,1.0,2.0,False
GS20030333_juodzbalis25,GS-20030333,7.891,tentative,mstar_agn_20pct,subeddington_eps0p1,intermediate_cluster,0.5424569327723399,7.42,,,0.831967758104474,intermediate_cluster,6.006483684560857,3.0,4.0,False
GS20030333_juodzbalis25,GS-20030333,7.891,tentative,mstar_agn_20pct,subeddington_eps0p1,heavy_dcbh,0.5424569327723399,7.42,,,0.5136127486257211,heavy_dcbh,6.006483684560857,4.0,6.0,False
GS20030333_juodzbalis25,GS-20030333,7.891,tentative,mstar_agn_20pct,subeddington_eps0p1,pbh,0.5424569327723399,7.42,,,0.7258494216115564,pbh,6.006483684560857,2.0,6.0,False
GS20030333_juodzbalis25,GS-20030333,7.891,tentative,mstar_agn_20pct,supercritical_eps0p05,light_popiii,0.5424569327723399,7.42,,,0.5951563124571211,light_popiii,-12.473933328402746,1.0,2.0,False
GS20030333_juodzbalis25,GS-20030333,7.891,tentative,mstar_agn_20pct,supercritical_eps0p05,intermediate_cluster,0.5424569327723399,7.42,,,0.39408999068106665,intermediate_cluster,-12.473933328402746,3.0,4.0,False
GS20030333_juodzbalis25,GS-20030333,7.891,tentative,mstar_agn_20pct,supercritical_eps0p05,heavy_dcbh,0.5424569327723399,7.42,,,0.24329024934902582,heavy_dcbh,-12.473933328402746,4.0,6.0,False
GS20030333_juodzbalis25,GS-20030333,7.891,tentative,mstar_agn_20pct,supercritical_eps0p05,pbh,0.5424569327723399,7.42,,,0.34382341023705304,pbh,-12.473933328402746,2.0,6.0,False
GS20030333_juodzbalis25,GS-20030333,7.891,tentative,mstar_agn_20pct,merger_boost_x2,light_popiii,0.5424569327723399,7.42,,,1.1925514993274808,light_popiii,2.4072489528722105,1.0,2.0,False
GS20030333_juodzbalis25,GS-20030333,7.891,tentative,mstar_agn_20pct,merger_boost_x2,intermediate_cluster,0.5424569327723399,7.42,,,0.7680781533558102,intermediate_cluster,2.4072489528722105,3.0,4.0,False
GS20030333_juodzbalis25,GS-20030333,7.891,tentative,mstar_agn_20pct,merger_boost_x2,heavy_dcbh,0.5424569327723399,7.42,,,0.4497231438770574,heavy_dcbh,2.4072489528722105,4.0,6.0,False
GS20030333_juodzbalis25,GS-20030333,7.891,tentative,mstar_agn_20pct,merger_boost_x2,pbh,0.5424569327723399,7.42,,,0.6619598168628926,pbh,2.4072489528722105,2.0,6.0,True
GS164055_juodzbalis25,GS-164055,7.397,tentative,baseline,eddington_eps0p1,light_popiii,0.5997707544467428,7.63,,,1.176686802032696,light_popiii,2.4204574187365875,1.0,2.0,False
GS164055_juodzbalis25,GS-164055,7.397,tentative,baseline,eddington_eps0p1,intermediate_cluster,0.5997707544467428,7.63,,,0.7927759367691737,intermediate_cluster,2.4204574187365875,3.0,4.0,False
GS164055_juodzbalis25,GS-164055,7.397,tentative,baseline,eddington_eps0p1,heavy_dcbh,0.5997707544467428,7.63,,,0.5048427878215318,heavy_dcbh,2.4204574187365875,4.0,6.0,False
GS164055_juodzbalis25,GS-164055,7.397,tentative,baseline,eddington_eps0p1,pbh,0.5997707544467428,7.63,,,0.696798220453293,pbh,2.4204574187365875,2.0,6.0,True
GS164055_juodzbalis25,GS-164055,7.397,tentative,baseline,subeddington_eps0p1,light_popiii,0.5997707544467428,7.63,,,1.176686802032696,light_popiii,6.067137225620977,1.0,2.0,False
GS164055_juodzbalis25,GS-164055,7.397,tentative,baseline,subeddington_eps0p1,intermediate_cluster,0.5997707544467428,7.63,,,0.7927759367691737,intermediate_cluster,6.067137225620977,3.0,4.0,False
GS164055_juodzbalis25,GS-164055,7.397,tentative,baseline,subeddington_eps0p1,heavy_dcbh,0.5997707544467428,7.63,,,0.5048427878215318,heavy_dcbh,6.067137225620977,4.0,6.0,False
GS164055_juodzbalis25,GS-164055,7.397,tentative,baseline,subeddington_eps0p1,pbh,0.5997707544467428,7.63,,,0.696798220453293,pbh,6.067137225620977,2.0,6.0,False
GS164055_juodzbalis25,GS-164055,7.397,tentative,baseline,supercritical_eps0p05,light_popiii,0.5997707544467428,7.63,,,0.5573779588575928,light_popiii,-14.365846454223295,1.0,2.0,False
GS164055_juodzbalis25,GS-164055,7.397,tentative,baseline,supercritical_eps0p05,intermediate_cluster,0.5997707544467428,7.63,,,0.3755254437327664,intermediate_cluster,-14.365846454223295,3.0,4.0,False
GS164055_juodzbalis25,GS-164055,7.397,tentative,baseline,supercritical_eps0p05,heavy_dcbh,0.5997707544467428,7.63,,,0.23913605738914667,heavy_dcbh,-14.365846454223295,4.0,6.0,False
GS164055_juodzbalis25,GS-164055,7.397,tentative,baseline,supercritical_eps0p05,pbh,0.5997707544467428,7.63,,,0.33006231495155985,pbh,-14.365846454223295,2.0,6.0,False
GS164055_juodzbalis25,GS-164055,7.397,tentative,baseline,merger_boost_x2,light_popiii,0.5997707544467428,7.63,,,1.1189024589798793,light_popiii,2.1194274230726062,1.0,2.0,False
GS164055_juodzbalis25,GS-164055,7.397,tentative,baseline,merger_boost_x2,intermediate_cluster,0.5997707544467428,7.63,,,0.7349915937163569,intermediate_cluster,2.1194274230726062,3.0,4.0,False
GS164055_juodzbalis25,GS-164055,7.397,tentative,baseline,merger_boost_x2,heavy_dcbh,0.5997707544467428,7.63,,,0.44705844476871515,heavy_dcbh,2.1194274230726062,4.0,6.0,False
GS164055_juodzbalis25,GS-164055,7.397,tentative,baseline,merger_boost_x2,pbh,0.5997707544467428,7.63,,,0.6390138774004763,pbh,2.1194274230726062,2.0,6.0,True
GS164055_juodzbalis25,GS-164055,7.397,tentative,mbh_minus_0p3dex,eddington_eps0p1,light_popiii,0.5997707544467428,7.33,,,1.1191001722431675,light_popiii,2.1204574187365877,1.0,2.0,False
GS164055_juodzbalis25,GS-164055,7.397,tentative,mbh_minus_0p3dex,eddington_eps0p1,intermediate_cluster,0.5997707544467428,7.33,,,0.7351893069796452,intermediate_cluster,2.1204574187365877,3.0,4.0,False
GS164055_juodzbalis25,GS-164055,7.397,tentative,mbh_minus_0p3dex,eddington_eps0p1,heavy_dcbh,0.5997707544467428,7.33,,,0.4472561580320036,heavy_dcbh,2.1204574187365877,4.0,6.0,False
GS164055_juodzbalis25,GS-164055,7.397,tentative,mbh_minus_0p3dex,eddington_eps0p1,pbh,0.5997707544467428,7.33,,,0.6392115906637648,pbh,2.1204574187365877,2.0,6.0,True
GS164055_juodzbalis25,GS-164055,7.397,tentative,mbh_minus_0p3dex,subeddington_eps0p1,light_popiii,0.5997707544467428,7.33,,,1.1191001722431675,light_popiii,5.767137225620977,1.0,2.0,False
GS164055_juodzbalis25,GS-164055,7.397,tentative,mbh_minus_0p3dex,subeddington_eps0p1,intermediate_cluster,0.5997707544467428,7.33,,,0.7351893069796452,intermediate_cluster,5.767137225620977,3.0,4.0,False
GS164055_juodzbalis25,GS-164055,7.397,tentative,mbh_minus_0p3dex,subeddington_eps0p1,heavy_dcbh,0.5997707544467428,7.33,,,0.4472561580320036,heavy_dcbh,5.767137225620977,4.0,6.0,True
GS164055_juodzbalis25,GS-164055,7.397,tentative,mbh_minus_0p3dex,subeddington_eps0p1,pbh,0.5997707544467428,7.33,,,0.6392115906637648,pbh,5.767137225620977,2.0,6.0,True
GS164055_juodzbalis25,GS-164055,7.397,tentative,mbh_minus_0p3dex,supercritical_eps0p05,light_popiii,0.5997707544467428,7.33,,,0.5301000815888688,light_popiii,-14.665846454223294,1.0,2.0,False
GS164055_juodzbalis25,GS-164055,7.397,tentative,mbh_minus_0p3dex,supercritical_eps0p05,intermediate_cluster,0.5997707544467428,7.33,,,0.3482475664640425,intermediate_cluster,-14.665846454223294,3.0,4.0,False
GS164055_juodzbalis25,GS-164055,7.397,tentative,mbh_minus_0p3dex,supercritical_eps0p05,heavy_dcbh,0.5997707544467428,7.33,,,0.21185818012042273,heavy_dcbh,-14.665846454223294,4.0,6.0,False
GS164055_juodzbalis25,GS-164055,7.397,tentative,mbh_minus_0p3dex,supercritical_eps0p05,pbh,0.5997707544467428,7.33,,,0.30278443768283586,pbh,-14.665846454223294,2.0,6.0,False
GS164055_juodzbalis25,GS-164055,7.397,tentative,mbh_minus_0p3dex,merger_boost_x2,light_popiii,0.5997707544467428,7.33,,,1.0613158291903508,light_popiii,1.8194274230726064,1.0,2.0,True
GS164055_juodzbalis25,GS-164055,7.397,tentative,mbh_minus_0p3dex,merger_boost_x2,intermediate_cluster,0.5997707544467428,7.33,,,0.6774049639268286,intermediate_cluster,1.8194274230726064,3.0,4.0,False
GS164055_juodzbalis25,GS-164055,7.397,tentative,mbh_minus_0p3dex,merger_boost_x2,heavy_dcbh,0.5997707544467428,7.33,,,0.38947181497918687,heavy_dcbh,1.8194274230726064,4.0,6.0,False
GS164055_juodzbalis25,GS-164055,7.397,tentative,mbh_minus_0p3dex,merger_boost_x2,pbh,0.5997707544467428,7.33,,,0.581427247610948,pbh,1.8194274230726064,2.0,6.0,False
GS164055_juodzbalis25,GS-164055,7.397,tentative,mbh_plus_0p3dex,eddington_eps0p1,light_popiii,0.5997707544467428,7.93,,,1.2342734318222244,light_popiii,2.7204574187365873,1.0,2.0,False
GS164055_juodzbalis25,GS-164055,7.397,tentative,mbh_plus_0p3dex,eddington_eps0p1,intermediate_cluster,0.5997707544467428,7.93,,,0.8503625665587019,intermediate_cluster,2.7204574187365873,3.0,4.0,False
GS164055_juodzbalis25,GS-164055,7.397,tentative,mbh_plus_0p3dex,eddington_eps0p1,heavy_dcbh,0.5997707544467428,7.93,,,0.5624294176110601,heavy_dcbh,2.7204574187365873,4.0,6.0,False
GS164055_juodzbalis25,GS-164055,7.397,tentative,mbh_plus_0p3dex,eddington_eps0p1,pbh,0.5997707544467428,7.93,,,0.7543848502428213,pbh,2.7204574187365873,2.0,6.0,True
GS164055_juodzbalis25,GS-164055,7.397,tentative,mbh_plus_0p3dex,subeddington_eps0p1,light_popiii,0.5997707544467428,7.93,,,1.2342734318222244,light_popiii,6.367137225620977,1.0,2.0,False
GS164055_juodzbalis25,GS-164055,7.397,tentative,mbh_plus_0p3dex,subeddington_eps0p1,intermediate_cluster,0.5997707544467428,7.93,,,0.8503625665587019,intermediate_cluster,6.367137225620977,3.0,4.0,False
GS164055_juodzbalis25,GS-164055,7.397,tentative,mbh_plus_0p3dex,subeddington_eps0p1,heavy_dcbh,0.5997707544467428,7.93,,,0.5624294176110601,heavy_dcbh,6.367137225620977,4.0,6.0,False
GS164055_juodzbalis25,GS-164055,7.397,tentative,mbh_plus_0p3dex,subeddington_eps0p1,pbh,0.5997707544467428,7.93,,,0.7543848502428213,pbh,6.367137225620977,2.0,6.0,False
GS164055_juodzbalis25,GS-164055,7.397,tentative,mbh_plus_0p3dex,supercritical_eps0p05,light_popiii,0.5997707544467428,7.93,,,0.5846558361263168,light_popiii,-14.065846454223294,1.0,2.0,False
GS164055_juodzbalis25,GS-164055,7.397,tentative,mbh_plus_0p3dex,supercritical_eps0p05,intermediate_cluster,0.5997707544467428,7.93,,,0.40280332100149036,intermediate_cluster,-14.065846454223294,3.0,4.0,False
GS164055_juodzbalis25,GS-164055,7.397,tentative,mbh_plus_0p3dex,supercritical_eps0p05,heavy_dcbh,0.5997707544467428,7.93,,,0.26641393465787055,heavy_dcbh,-14.065846454223294,4.0,6.0,False
GS164055_juodzbalis25,GS-164055,7.397,tentative,mbh_plus_0p3dex,supercritical_eps0p05,pbh,0.5997707544467428,7.93,,,0.35734019222028374,pbh,-14.065846454223294,2.0,6.0,False
GS164055_juodzbalis25,GS-164055,7.397,tentative,mbh_plus_0p3dex,merger_boost_x2,light_popiii,0.5997707544467428,7.93,,,1.1764890887694075,light_popiii,2.419427423072606,1.0,2.0,False
GS164055_juodzbalis25,GS-164055,7.397,tentative,mbh_plus_0p3dex,merger_boost_x2,intermediate_cluster,0.5997707544467428,7.93,,,0.7925782235058852,intermediate_cluster,2.419427423072606,3.0,4.0,False
GS164055_juodzbalis25,GS-164055,7.397,tentative,mbh_plus_0p3dex,merger_boost_x2,heavy_dcbh,0.5997707544467428,7.93,,,0.5046450745582435,heavy_dcbh,2.419427423072606,4.0,6.0,False
GS164055_juodzbalis25,GS-164055,7.397,tentative,mbh_plus_0p3dex,merger_boost_x2,pbh,0.5997707544467428,7.93,,,0.6966005071900047,pbh,2.419427423072606,2.0,6.0,True
GS164055_juodzbalis25,GS-164055,7.397,tentative,mstar_agn_20pct,eddington_eps0p1,light_popiii,0.5997707544467428,7.63,,,1.176686802032696,light_popiii,2.4204574187365875,1.0,2.0,False
GS164055_juodzbalis25,GS-164055,7.397,tentative,mstar_agn_20pct,eddington_eps0p1,intermediate_cluster,0.5997707544467428,7.63,,,0.7927759367691737,intermediate_cluster,2.4204574187365875,3.0,4.0,False
GS164055_juodzbalis25,GS-164055,7.397,tentative,mstar_agn_20pct,eddington_eps0p1,heavy_dcbh,0.5997707544467428,7.63,,,0.5048427878215318,heavy_dcbh,2.4204574187365875,4.0,6.0,False
GS164055_juodzbalis25,GS-164055,7.397,tentative,mstar_agn_20pct,eddington_eps0p1,pbh,0.5997707544467428,7.63,,,0.696798220453293,pbh,2.4204574187365875,2.0,6.0,True
GS164055_juodzbalis25,GS-164055,7.397,tentative,mstar_agn_20pct,subeddington_eps0p1,light_popiii,0.5997707544467428,7.63,,,1.176686802032696,light_popiii,6.067137225620977,1.0,2.0,False
GS164055_juodzbalis25,GS-164055,7.397,tentative,mstar_agn_20pct,subeddington_eps0p1,intermediate_cluster,0.5997707544467428,7.63,,,0.7927759367691737,intermediate_cluster,6.067137225620977,3.0,4.0,False
GS164055_juodzbalis25,GS-164055,7.397,tentative,mstar_agn_20pct,subeddington_eps0p1,heavy_dcbh,0.5997707544467428,7.63,,,0.5048427878215318,heavy_dcbh,6.067137225620977,4.0,6.0,False
GS164055_juodzbalis25,GS-164055,7.397,tentative,mstar_agn_20pct,subeddington_eps0p1,pbh,0.5997707544467428,7.63,,,0.696798220453293,pbh,6.067137225620977,2.0,6.0,False
GS164055_juodzbalis25,GS-164055,7.397,tentative,mstar_agn_20pct,supercritical_eps0p05,light_popiii,0.5997707544467428,7.63,,,0.5573779588575928,light_popiii,-14.365846454223295,1.0,2.0,False
GS164055_juodzbalis25,GS-164055,7.397,tentative,mstar_agn_20pct,supercritical_eps0p05,intermediate_cluster,0.5997707544467428,7.63,,,0.3755254437327664,intermediate_cluster,-14.365846454223295,3.0,4.0,False
GS164055_juodzbalis25,GS-164055,7.397,tentative,mstar_agn_20pct,supercritical_eps0p05,heavy_dcbh,0.5997707544467428,7.63,,,0.23913605738914667,heavy_dcbh,-14.365846454223295,4.0,6.0,False
GS164055_juodzbalis25,GS-164055,7.397,tentative,mstar_agn_20pct,supercritical_eps0p05,pbh,0.5997707544467428,7.63,,,0.33006231495155985,pbh,-14.365846454223295,2.0,6.0,False
GS164055_juodzbalis25,GS-164055,7.397,tentative,mstar_agn_20pct,merger_boost_x2,light_popiii,0.5997707544467428,7.63,,,1.1189024589798793,light_popiii,2.1194274230726062,1.0,2.0,False
GS164055_juodzbalis25,GS-164055,7.397,tentative,mstar_agn_20pct,merger_boost_x2,intermediate_cluster,0.5997707544467428,7.63,,,0.7349915937163569,intermediate_cluster,2.1194274230726062,3.0,4.0,False
GS164055_juodzbalis25,GS-164055,7.397,tentative,mstar_agn_20pct,merger_boost_x2,heavy_dcbh,0.5997707544467428,7.63,,,0.44705844476871515,heavy_dcbh,2.1194274230726062,4.0,6.0,False
GS164055_juodzbalis25,GS-164055,7.397,tentative,mstar_agn_20pct,merger_boost_x2,pbh,0.5997707544467428,7.63,,,0.6390138774004763,pbh,2.1194274230726062,2.0,6.0,True
GN4685_juodzbalis25,GN-4685,7.415,tentative,baseline,eddington_eps0p1,light_popiii,0.5975344222464326,7.36,9.91,-2.55,1.12906873165713,light_popiii,2.169881953422534,1.0,2.0,False
GN4685_juodzbalis25,GN-4685,7.415,tentative,baseline,eddington_eps0p1,intermediate_cluster,0.5975344222464326,7.36,9.91,-2.55,0.7437210416717613,intermediate_cluster,2.169881953422534,3.0,4.0,False
GN4685_juodzbalis25,GN-4685,7.415,tentative,baseline,eddington_eps0p1,heavy_dcbh,0.5975344222464326,7.36,9.91,-2.55,0.4547102741827349,heavy_dcbh,2.169881953422534,4.0,6.0,False
GN4685_juodzbalis25,GN-4685,7.415,tentative,baseline,eddington_eps0p1,pbh,0.5975344222464326,7.36,9.91,-2.55,0.6473841191754192,pbh,2.169881953422534,2.0,6.0,True
GN4685_juodzbalis25,GN-4685,7.415,tentative,baseline,subeddington_eps0p1,light_popiii,0.5975344222464326,7.36,9.91,-2.55,1.12906873165713,light_popiii,5.802964586026761,1.0,2.0,False
GN4685_juodzbalis25,GN-4685,7.415,tentative,baseline,subeddington_eps0p1,intermediate_cluster,0.5975344222464326,7.36,9.91,-2.55,0.7437210416717613,intermediate_cluster,5.802964586026761,3.0,4.0,False
GN4685_juodzbalis25,GN-4685,7.415,tentative,baseline,subeddington_eps0p1,heavy_dcbh,0.5975344222464326,7.36,9.91,-2.55,0.4547102741827349,heavy_dcbh,5.802964586026761,4.0,6.0,True
GN4685_juodzbalis25,GN-4685,7.415,tentative,baseline,subeddington_eps0p1,pbh,0.5975344222464326,7.36,9.91,-2.55,0.6473841191754192,pbh,5.802964586026761,2.0,6.0,True
GN4685_juodzbalis25,GN-4685,7.415,tentative,baseline,supercritical_eps0p05,light_popiii,0.5975344222464326,7.36,9.91,-2.55,0.5348220307849563,light_popiii,-14.55383175221597,1.0,2.0,False
GN4685_juodzbalis25,GN-4685,7.415,tentative,baseline,supercritical_eps0p05,intermediate_cluster,0.5975344222464326,7.36,9.91,-2.55,0.35228891447609745,intermediate_cluster,-14.55383175221597,3.0,4.0,False
GN4685_juodzbalis25,GN-4685,7.415,tentative,baseline,supercritical_eps0p05,heavy_dcbh,0.5975344222464326,7.36,9.91,-2.55,0.2153890772444534,heavy_dcbh,-14.55383175221597,4.0,6.0,False
GN4685_juodzbalis25,GN-4685,7.415,tentative,baseline,supercritical_eps0p05,pbh,0.5975344222464326,7.36,9.91,-2.55,0.3066556353988828,pbh,-14.55383175221597,2.0,6.0,False
GN4685_juodzbalis25,GN-4685,7.415,tentative,baseline,merger_boost_x2,light_popiii,0.5975344222464326,7.36,9.91,-2.55,1.0710681249344196,light_popiii,1.8688519577585527,1.0,2.0,True
GN4685_juodzbalis25,GN-4685,7.415,tentative,baseline,merger_boost_x2,intermediate_cluster,0.5975344222464326,7.36,9.91,-2.55,0.685720434949051,intermediate_cluster,1.8688519577585527,3.0,4.0,False
GN4685_juodzbalis25,GN-4685,7.415,tentative,baseline,merger_boost_x2,heavy_dcbh,0.5975344222464326,7.36,9.91,-2.55,0.3967096674600246,heavy_dcbh,1.8688519577585527,4.0,6.0,False
GN4685_juodzbalis25,GN-4685,7.415,tentative,baseline,merger_boost_x2,pbh,0.5975344222464326,7.36,9.91,-2.55,0.5893835124527088,pbh,1.8688519577585527,2.0,6.0,False
GN4685_juodzbalis25,GN-4685,7.415,tentative,mbh_minus_0p3dex,eddington_eps0p1,light_popiii,0.5975344222464326,7.0600000000000005,9.91,-2.8499999999999996,1.0712665781593245,light_popiii,1.8698819534225342,1.0,2.0,True
GN4685_juodzbalis25,GN-4685,7.415,tentative,mbh_minus_0p3dex,eddington_eps0p1,intermediate_cluster,0.5975344222464326,7.0600000000000005,9.91,-2.8499999999999996,0.6859188881739561,intermediate_cluster,1.8698819534225342,3.0,4.0,False
GN4685_juodzbalis25,GN-4685,7.415,tentative,mbh_minus_0p3dex,eddington_eps0p1,heavy_dcbh,0.5975344222464326,7.0600000000000005,9.91,-2.8499999999999996,0.3969081206849297,heavy_dcbh,1.8698819534225342,4.0,6.0,False
GN4685_juodzbalis25,GN-4685,7.415,tentative,mbh_minus_0p3dex,eddington_eps0p1,pbh,0.5975344222464326,7.0600000000000005,9.91,-2.8499999999999996,0.5895819656776139,pbh,1.8698819534225342,2.0,6.0,False
GN4685_juodzbalis25,GN-4685,7.415,tentative,mbh_minus_0p3dex,subeddington_eps0p1,light_popiii,0.5975344222464326,7.0600000000000005,9.91,-2.8499999999999996,1.0712665781593245,light_popiii,5.502964586026761,1.0,2.0,False
GN4685_juodzbalis25,GN-4685,7.415,tentative,mbh_minus_0p3dex,subeddington_eps0p1,intermediate_cluster,0.5975344222464326,7.0600000000000005,9.91,-2.8499999999999996,0.6859188881739561,intermediate_cluster,5.502964586026761,3.0,4.0,False
GN4685_juodzbalis25,GN-4685,7.415,tentative,mbh_minus_0p3dex,subeddington_eps0p1,heavy_dcbh,0.5975344222464326,7.0600000000000005,9.91,-2.8499999999999996,0.3969081206849297,heavy_dcbh,5.502964586026761,4.0,6.0,True
GN4685_juodzbalis25,GN-4685,7.415,tentative,mbh_minus_0p3dex,subeddington_eps0p1,pbh,0.5975344222464326,7.0600000000000005,9.91,-2.8499999999999996,0.5895819656776139,pbh,5.502964586026761,2.0,6.0,True
GN4685_juodzbalis25,GN-4685,7.415,tentative,mbh_minus_0p3dex,supercritical_eps0p05,light_popiii,0.5975344222464326,7.0600000000000005,9.91,-2.8499999999999996,0.5074420633386274,light_popiii,-14.853831752215969,1.0,2.0,False
GN4685_juodzbalis25,GN-4685,7.415,tentative,mbh_minus_0p3dex,supercritical_eps0p05,intermediate_cluster,0.5975344222464326,7.0600000000000005,9.91,-2.8499999999999996,0.32490894702976864,intermediate_cluster,-14.853831752215969,3.0,4.0,False
GN4685_juodzbalis25,GN-4685,7.415,tentative,mbh_minus_0p3dex,supercritical_eps0p05,heavy_dcbh,0.5975344222464326,7.0600000000000005,9.91,-2.8499999999999996,0.18800910979812457,heavy_dcbh,-14.853831752215969,4.0,6.0,False
GN4685_juodzbalis25,GN-4685,7.415,tentative,mbh_minus_0p3dex,supercritical_eps0p05,pbh,0.5975344222464326,7.0600000000000005,9.91,-2.8499999999999996,0.27927566795255393,pbh,-14.853831752215969,2.0,6.0,False
GN4685_juodzbalis25,GN-4685,7.415,tentative,mbh_minus_0p3dex,merger_boost_x2,light_popiii,0.5975344222464326,7.0600000000000005,9.91,-2.8499999999999996,1.0132659714366143,light_popiii,1.568851957758553,1.0,2.0,True
GN4685_juodzbalis25,GN-4685,7.415,tentative,mbh_minus_0p3dex,merger_boost_x2,intermediate_cluster,0.5975344222464326,7.0600000000000005,9.91,-2.8499999999999996,0.6279182814512457,intermediate_cluster,1.568851957758553,3.0,4.0,False
GN4685_juodzbalis25,GN-4685,7.415,tentative,mbh_minus_0p3dex,merger_boost_x2,heavy_dcbh,0.5975344222464326,7.0600000000000005,9.91,-2.8499999999999996,0.33890751396221935,heavy_dcbh,1.568851957758553,4.0,6.0,False
GN4685_juodzbalis25,GN-4685,7.415,tentative,mbh_minus_0p3dex,merger_boost_x2,pbh,0.5975344222464326,7.0600000000000005,9.91,-2.8499999999999996,0.5315813589549037,pbh,1.568851957758553,2.0,6.0,False
GN4685_juodzbalis25,GN-4685,7.415,tentative,mbh_plus_0p3dex,eddington_eps0p1,light_popiii,0.5975344222464326,7.66,9.91,-2.25,1.186870885154935,light_popiii,2.469881953422534,1.0,2.0,False
GN4685_juodzbalis25,GN-4685,7.415,tentative,mbh_plus_0p3dex,eddington_eps0p1,intermediate_cluster,0.5975344222464326,7.66,9.91,-2.25,0.8015231951695666,intermediate_cluster,2.469881953422534,3.0,4.0,False
GN4685_juodzbalis25,GN-4685,7.415,tentative,mbh_plus_0p3dex,eddington_eps0p1,heavy_dcbh,0.5975344222464326,7.66,9.91,-2.25,0.5125124276805402,heavy_dcbh,2.469881953422534,4.0,6.0,False
GN4685_juodzbalis25,GN-4685,7.415,tentative,mbh_plus_0p3dex,eddington_eps0p1,pbh,0.5975344222464326,7.66,9.91,-2.25,0.7051862726732244,pbh,2.469881953422534,2.0,6.0,True
GN4685_juodzbalis25,GN-4685,7.415,tentative,mbh_plus_0p3dex,subeddington_eps0p1,light_popiii,0.5975344222464326,7.66,9.91,-2.25,1.186870885154935,light_popiii,6.1029645860267605,1.0,2.0,False
GN4685_juodzbalis25,GN-4685,7.415,tentative,mbh_plus_0p3dex,subeddington_eps0p1,intermediate_cluster,0.5975344222464326,7.66,9.91,-2.25,0.8015231951695666,intermediate_cluster,6.1029645860267605,3.0,4.0,False
GN4685_juodzbalis25,GN-4685,7.415,tentative,mbh_plus_0p3dex,subeddington_eps0p1,heavy_dcbh,0.5975344222464326,7.66,9.91,-2.25,0.5125124276805402,heavy_dcbh,6.1029645860267605,4.0,6.0,False
GN4685_juodzbalis25,GN-4685,7.415,tentative,mbh_plus_0p3dex,subeddington_eps0p1,pbh,0.5975344222464326,7.66,9.91,-2.25,0.7051862726732244,pbh,6.1029645860267605,2.0,6.0,False
GN4685_juodzbalis25,GN-4685,7.415,tentative,mbh_plus_0p3dex,supercritical_eps0p05,light_popiii,0.5975344222464326,7.66,9.91,-2.25,0.562201998231285,light_popiii,-14.25383175221597,1.0,2.0,False
GN4685_juodzbalis25,GN-4685,7.415,tentative,mbh_plus_0p3dex,supercritical_eps0p05,intermediate_cluster,0.5975344222464326,7.66,9.91,-2.25,0.37966888192242626,intermediate_cluster,-14.25383175221597,3.0,4.0,False
GN4685_juodzbalis25,GN-4685,7.415,tentative,mbh_plus_0p3dex,supercritical_eps0p05,heavy_dcbh,0.5975344222464326,7.66,9.91,-2.25,0.24276904469078217,heavy_dcbh,-14.25383175221597,4.0,6.0,False
GN4685_juodzbalis25,GN-4685,7.415,tentative,mbh_plus_0p3dex,supercritical_eps0p05,pbh,0.5975344222464326,7.66,9.91,-2.25,0.33403560284521155,pbh,-14.25383175221597,2.0,6.0,False
GN4685_juodzbalis25,GN-4685,7.415,tentative,mbh_plus_0p3dex,merger_boost_x2,light_popiii,0.5975344222464326,7.66,9.91,-2.25,1.1288702784322246,light_popiii,2.1688519577585526,1.0,2.0,False
GN4685_juodzbalis25,GN-4685,7.415,tentative,mbh_plus_0p3dex,merger_boost_x2,intermediate_cluster,0.5975344222464326,7.66,9.91,-2.25,0.7435225884468563,intermediate_cluster,2.1688519577585526,3.0,4.0,False
GN4685_juodzbalis25,GN-4685,7.415,tentative,mbh_plus_0p3dex,merger_boost_x2,heavy_dcbh,0.5975344222464326,7.66,9.91,-2.25,0.4545118209578299,heavy_dcbh,2.1688519577585526,4.0,6.0,False
GN4685_juodzbalis25,GN-4685,7.415,tentative,mbh_plus_0p3dex,merger_boost_x2,pbh,0.5975344222464326,7.66,9.91,-2.25,0.6471856659505142,pbh,2.1688519577585526,2.0,6.0,True
GN4685_juodzbalis25,GN-4685,7.415,tentative,mstar_agn_20pct,eddington_eps0p1,light_popiii,0.5975344222464326,7.36,9.813089986991944,-2.4530899869919436,1.12906873165713,light_popiii,2.169881953422534,1.0,2.0,False
GN4685_juodzbalis25,GN-4685,7.415,tentative,mstar_agn_20pct,eddington_eps0p1,intermediate_cluster,0.5975344222464326,7.36,9.813089986991944,-2.4530899869919436,0.7437210416717613,intermediate_cluster,2.169881953422534,3.0,4.0,False
GN4685_juodzbalis25,GN-4685,7.415,tentative,mstar_agn_20pct,eddington_eps0p1,heavy_dcbh,0.5975344222464326,7.36,9.813089986991944,-2.4530899869919436,0.4547102741827349,heavy_dcbh,2.169881953422534,4.0,6.0,False
GN4685_juodzbalis25,GN-4685,7.415,tentative,mstar_agn_20pct,eddington_eps0p1,pbh,0.5975344222464326,7.36,9.813089986991944,-2.4530899869919436,0.6473841191754192,pbh,2.169881953422534,2.0,6.0,True
GN4685_juodzbalis25,GN-4685,7.415,tentative,mstar_agn_20pct,subeddington_eps0p1,light_popiii,0.5975344222464326,7.36,9.813089986991944,-2.4530899869919436,1.12906873165713,light_popiii,5.802964586026761,1.0,2.0,False
GN4685_juodzbalis25,GN-4685,7.415,tentative,mstar_agn_20pct,subeddington_eps0p1,intermediate_cluster,0.5975344222464326,7.36,9.813089986991944,-2.4530899869919436,0.7437210416717613,intermediate_cluster,5.802964586026761,3.0,4.0,False
GN4685_juodzbalis25,GN-4685,7.415,tentative,mstar_agn_20pct,subeddington_eps0p1,heavy_dcbh,0.5975344222464326,7.36,9.813089986991944,-2.4530899869919436,0.4547102741827349,heavy_dcbh,5.802964586026761,4.0,6.0,True
GN4685_juodzbalis25,GN-4685,7.415,tentative,mstar_agn_20pct,subeddington_eps0p1,pbh,0.5975344222464326,7.36,9.813089986991944,-2.4530899869919436,0.6473841191754192,pbh,5.802964586026761,2.0,6.0,True
GN4685_juodzbalis25,GN-4685,7.415,tentative,mstar_agn_20pct,supercritical_eps0p05,light_popiii,0.5975344222464326,7.36,9.813089986991944,-2.4530899869919436,0.5348220307849563,light_popiii,-14.55383175221597,1.0,2.0,False
GN4685_juodzbalis25,GN-4685,7.415,tentative,mstar_agn_20pct,supercritical_eps0p05,intermediate_cluster,0.5975344222464326,7.36,9.813089986991944,-2.4530899869919436,0.35228891447609745,intermediate_cluster,-14.55383175221597,3.0,4.0,False
GN4685_juodzbalis25,GN-4685,7.415,tentative,mstar_agn_20pct,supercritical_eps0p05,heavy_dcbh,0.5975344222464326,7.36,9.813089986991944,-2.4530899869919436,0.2153890772444534,heavy_dcbh,-14.55383175221597,4.0,6.0,False
GN4685_juodzbalis25,GN-4685,7.415,tentative,mstar_agn_20pct,supercritical_eps0p05,pbh,0.5975344222464326,7.36,9.813089986991944,-2.4530899869919436,0.3066556353988828,pbh,-14.55383175221597,2.0,6.0,False
GN4685_juodzbalis25,GN-4685,7.415,tentative,mstar_agn_20pct,merger_boost_x2,light_popiii,0.5975344222464326,7.36,9.813089986991944,-2.4530899869919436,1.0710681249344196,light_popiii,1.8688519577585527,1.0,2.0,True
GN4685_juodzbalis25,GN-4685,7.415,tentative,mstar_agn_20pct,merger_boost_x2,intermediate_cluster,0.5975344222464326,7.36,9.813089986991944,-2.4530899869919436,0.685720434949051,intermediate_cluster,1.8688519577585527,3.0,4.0,False
GN4685_juodzbalis25,GN-4685,7.415,tentative,mstar_agn_20pct,merger_boost_x2,heavy_dcbh,0.5975344222464326,7.36,9.813089986991944,-2.4530899869919436,0.3967096674600246,heavy_dcbh,1.8688519577585527,4.0,6.0,False
GN4685_juodzbalis25,GN-4685,7.415,tentative,mstar_agn_20pct,merger_boost_x2,pbh,0.5975344222464326,7.36,9.813089986991944,-2.4530899869919436,0.5893835124527088,pbh,1.8688519577585527,2.0,6.0,False
