catalogue_release,catalogue_view,ranking_id,measurement_id,physical_object_id,object_id,n_measurements,available_measurement_ids,preferred_measurement_flag,preferred_measurement_reason,redshift,cosmic_time_gyr,survey,field,object_class,quality_flag,detection_evidence,source_key,source_table,source_paper_version,source_url,source_doi,mbh_method,lrd_flag,lrd_status,halpha_absorption_fit_flag,source_caveat_tags,notes,n_samples,random_seed,z_seed,epsilon,merger_boost,reported_statistical_errors_sampled,statistical_error_model,log_mbh_err_plus_reported,log_mbh_err_minus_reported,log_mbh_sigma_plus_used,log_mbh_sigma_minus_used,mbh_uncertainty_mode,systematic_combined_with_statistical_error,scenario,scenario_label,scenario_kind,scenario_scope,mbh_delta_dex,log_mbh_sample_p5,log_mbh_sample_p16,log_mbh_sample_p50,log_mbh_sample_p84,log_mbh_sample_p95,growth_history,f_edd_avg,required_log_mseed_p5,required_log_mseed_p16,required_log_mseed_p50,required_log_mseed_p84,required_log_mseed_p95,prob_required_mseed_gt_1e5,prob_required_mseed_gt_1e6
v3-blagn,measurement,CEERS1244_taylor24,CEERS1244_taylor24,HZA-CEERS-1244,CEERS-1244,1,CEERS1244_taylor24,True,only catalogue measurement in this release,4.478,1.3430711764202312,CEERS,EGS,broad-line-agn,robust,individual_robust,taylor24_ceers_rubies_blagn,Table 1 (Sample of BLAGN),The Astrophysical Journal 986:165 (2025); arXiv:2409.06772v2,https://iopscience.iop.org/article/10.3847/1538-4357/add15b,10.3847/1538-4357/add15b,single-epoch-virial-halpha-reines2013,0.0,non_lrd,0.0,formal_mbh_errors_exclude_virial_systematic;nominal_mass_uncorrected_for_dust,Nominal Table 1 mass and Halpha flux are uncorrected for dust; formal MBH errors exclude the approximately 0.5 dex virial-calibration systematic.,10000,20260808,30.0,0.1,1.0,True,split-normal-in-log-mbh,0.03,0.02,0.03,0.02,asymmetric,False,baseline,reported MBH,none,all_sources,0.0,7.787260984525316,7.800518019868346,7.819978998118041,7.85004536218596,7.869049355513198,fedd0p3,0.3,4.548069564325356,4.561326599668386,4.580787577918081,4.610853941986,4.629857935313238,0.0,0.0
v3-blagn,measurement,CEERS1244_taylor24,CEERS1244_taylor24,HZA-CEERS-1244,CEERS-1244,1,CEERS1244_taylor24,True,only catalogue measurement in this release,4.478,1.3430711764202312,CEERS,EGS,broad-line-agn,robust,individual_robust,taylor24_ceers_rubies_blagn,Table 1 (Sample of BLAGN),The Astrophysical Journal 986:165 (2025); arXiv:2409.06772v2,https://iopscience.iop.org/article/10.3847/1538-4357/add15b,10.3847/1538-4357/add15b,single-epoch-virial-halpha-reines2013,0.0,non_lrd,0.0,formal_mbh_errors_exclude_virial_systematic;nominal_mass_uncorrected_for_dust,Nominal Table 1 mass and Halpha flux are uncorrected for dust; formal MBH errors exclude the approximately 0.5 dex virial-calibration systematic.,10000,20260808,30.0,0.1,1.0,True,split-normal-in-log-mbh,0.03,0.02,0.03,0.02,asymmetric,False,baseline,reported MBH,none,all_sources,0.0,7.787260984525316,7.800518019868346,7.819978998118041,7.85004536218596,7.869049355513198,fedd1,1.0,-3.010043749474551,-2.9967867141315216,-2.977325735881826,-2.9472593718139075,-2.9282553784866696,0.0,0.0
v3-blagn,measurement,CEERS1244_taylor24,CEERS1244_taylor24,HZA-CEERS-1244,CEERS-1244,1,CEERS1244_taylor24,True,only catalogue measurement in this release,4.478,1.3430711764202312,CEERS,EGS,broad-line-agn,robust,individual_robust,taylor24_ceers_rubies_blagn,Table 1 (Sample of BLAGN),The Astrophysical Journal 986:165 (2025); arXiv:2409.06772v2,https://iopscience.iop.org/article/10.3847/1538-4357/add15b,10.3847/1538-4357/add15b,single-epoch-virial-halpha-reines2013,0.0,non_lrd,0.0,formal_mbh_errors_exclude_virial_systematic;nominal_mass_uncorrected_for_dust,Nominal Table 1 mass and Halpha flux are uncorrected for dust; formal MBH errors exclude the approximately 0.5 dex virial-calibration systematic.,10000,20260808,30.0,0.1,1.0,True,split-normal-in-log-mbh,0.03,0.02,0.03,0.02,asymmetric,False,mbh_minus_0p3dex,MBH -0.3 dex,global_comparison,all_sources,-0.3,7.487260984525316,7.5005180198683465,7.519978998118042,7.55004536218596,7.569049355513198,fedd0p3,0.3,4.248069564325356,4.2613265996683865,4.2807875779180815,4.310853941986,4.329857935313238,0.0,0.0
v3-blagn,measurement,CEERS1244_taylor24,CEERS1244_taylor24,HZA-CEERS-1244,CEERS-1244,1,CEERS1244_taylor24,True,only catalogue measurement in this release,4.478,1.3430711764202312,CEERS,EGS,broad-line-agn,robust,individual_robust,taylor24_ceers_rubies_blagn,Table 1 (Sample of BLAGN),The Astrophysical Journal 986:165 (2025); arXiv:2409.06772v2,https://iopscience.iop.org/article/10.3847/1538-4357/add15b,10.3847/1538-4357/add15b,single-epoch-virial-halpha-reines2013,0.0,non_lrd,0.0,formal_mbh_errors_exclude_virial_systematic;nominal_mass_uncorrected_for_dust,Nominal Table 1 mass and Halpha flux are uncorrected for dust; formal MBH errors exclude the approximately 0.5 dex virial-calibration systematic.,10000,20260808,30.0,0.1,1.0,True,split-normal-in-log-mbh,0.03,0.02,0.03,0.02,asymmetric,False,mbh_minus_0p3dex,MBH -0.3 dex,global_comparison,all_sources,-0.3,7.487260984525316,7.5005180198683465,7.519978998118042,7.55004536218596,7.569049355513198,fedd1,1.0,-3.3100437494745507,-3.2967867141315215,-3.277325735881826,-3.2472593718139073,-3.2282553784866694,0.0,0.0
v3-blagn,measurement,CEERS1244_taylor24,CEERS1244_taylor24,HZA-CEERS-1244,CEERS-1244,1,CEERS1244_taylor24,True,only catalogue measurement in this release,4.478,1.3430711764202312,CEERS,EGS,broad-line-agn,robust,individual_robust,taylor24_ceers_rubies_blagn,Table 1 (Sample of BLAGN),The Astrophysical Journal 986:165 (2025); arXiv:2409.06772v2,https://iopscience.iop.org/article/10.3847/1538-4357/add15b,10.3847/1538-4357/add15b,single-epoch-virial-halpha-reines2013,0.0,non_lrd,0.0,formal_mbh_errors_exclude_virial_systematic;nominal_mass_uncorrected_for_dust,Nominal Table 1 mass and Halpha flux are uncorrected for dust; formal MBH errors exclude the approximately 0.5 dex virial-calibration systematic.,10000,20260808,30.0,0.1,1.0,True,split-normal-in-log-mbh,0.03,0.02,0.03,0.02,asymmetric,False,mbh_plus_0p3dex,MBH +0.3 dex,global_comparison,all_sources,0.3,8.087260984525317,8.100518019868346,8.119978998118041,8.15004536218596,8.169049355513199,fedd0p3,0.3,4.848069564325357,4.861326599668387,4.880787577918081,4.910853941986001,4.929857935313239,0.0,0.0
v3-blagn,measurement,CEERS1244_taylor24,CEERS1244_taylor24,HZA-CEERS-1244,CEERS-1244,1,CEERS1244_taylor24,True,only catalogue measurement in this release,4.478,1.3430711764202312,CEERS,EGS,broad-line-agn,robust,individual_robust,taylor24_ceers_rubies_blagn,Table 1 (Sample of BLAGN),The Astrophysical Journal 986:165 (2025); arXiv:2409.06772v2,https://iopscience.iop.org/article/10.3847/1538-4357/add15b,10.3847/1538-4357/add15b,single-epoch-virial-halpha-reines2013,0.0,non_lrd,0.0,formal_mbh_errors_exclude_virial_systematic;nominal_mass_uncorrected_for_dust,Nominal Table 1 mass and Halpha flux are uncorrected for dust; formal MBH errors exclude the approximately 0.5 dex virial-calibration systematic.,10000,20260808,30.0,0.1,1.0,True,split-normal-in-log-mbh,0.03,0.02,0.03,0.02,asymmetric,False,mbh_plus_0p3dex,MBH +0.3 dex,global_comparison,all_sources,0.3,8.087260984525317,8.100518019868346,8.119978998118041,8.15004536218596,8.169049355513199,fedd1,1.0,-2.71004374947455,-2.696786714131521,-2.6773257358818263,-2.6472593718139072,-2.628255378486669,0.0,0.0
v3-blagn,measurement,CEERS1244_taylor24,CEERS1244_taylor24,HZA-CEERS-1244,CEERS-1244,1,CEERS1244_taylor24,True,only catalogue measurement in this release,4.478,1.3430711764202312,CEERS,EGS,broad-line-agn,robust,individual_robust,taylor24_ceers_rubies_blagn,Table 1 (Sample of BLAGN),The Astrophysical Journal 986:165 (2025); arXiv:2409.06772v2,https://iopscience.iop.org/article/10.3847/1538-4357/add15b,10.3847/1538-4357/add15b,single-epoch-virial-halpha-reines2013,0.0,non_lrd,0.0,formal_mbh_errors_exclude_virial_systematic;nominal_mass_uncorrected_for_dust,Nominal Table 1 mass and Halpha flux are uncorrected for dust; formal MBH errors exclude the approximately 0.5 dex virial-calibration systematic.,10000,20260808,30.0,0.1,1.0,True,split-normal-in-log-mbh,0.03,0.02,0.03,0.02,asymmetric,False,taylor_virial_minus_0p5dex,Taylor virial calibration sensitivity: MBH -0.5 dex,taylor_virial_calibration_sensitivity,taylor24_ceers_rubies_blagn_only,-0.5,7.287260984525316,7.300518019868346,7.319978998118041,7.35004536218596,7.369049355513198,fedd0p3,0.3,4.048069564325356,4.061326599668386,4.080787577918081,4.110853941986,4.129857935313238,0.0,0.0
v3-blagn,measurement,CEERS1244_taylor24,CEERS1244_taylor24,HZA-CEERS-1244,CEERS-1244,1,CEERS1244_taylor24,True,only catalogue measurement in this release,4.478,1.3430711764202312,CEERS,EGS,broad-line-agn,robust,individual_robust,taylor24_ceers_rubies_blagn,Table 1 (Sample of BLAGN),The Astrophysical Journal 986:165 (2025); arXiv:2409.06772v2,https://iopscience.iop.org/article/10.3847/1538-4357/add15b,10.3847/1538-4357/add15b,single-epoch-virial-halpha-reines2013,0.0,non_lrd,0.0,formal_mbh_errors_exclude_virial_systematic;nominal_mass_uncorrected_for_dust,Nominal Table 1 mass and Halpha flux are uncorrected for dust; formal MBH errors exclude the approximately 0.5 dex virial-calibration systematic.,10000,20260808,30.0,0.1,1.0,True,split-normal-in-log-mbh,0.03,0.02,0.03,0.02,asymmetric,False,taylor_virial_minus_0p5dex,Taylor virial calibration sensitivity: MBH -0.5 dex,taylor_virial_calibration_sensitivity,taylor24_ceers_rubies_blagn_only,-0.5,7.287260984525316,7.300518019868346,7.319978998118041,7.35004536218596,7.369049355513198,fedd1,1.0,-3.510043749474551,-3.4967867141315216,-3.477325735881826,-3.4472593718139075,-3.4282553784866696,0.0,0.0
v3-blagn,measurement,CEERS1244_taylor24,CEERS1244_taylor24,HZA-CEERS-1244,CEERS-1244,1,CEERS1244_taylor24,True,only catalogue measurement in this release,4.478,1.3430711764202312,CEERS,EGS,broad-line-agn,robust,individual_robust,taylor24_ceers_rubies_blagn,Table 1 (Sample of BLAGN),The Astrophysical Journal 986:165 (2025); arXiv:2409.06772v2,https://iopscience.iop.org/article/10.3847/1538-4357/add15b,10.3847/1538-4357/add15b,single-epoch-virial-halpha-reines2013,0.0,non_lrd,0.0,formal_mbh_errors_exclude_virial_systematic;nominal_mass_uncorrected_for_dust,Nominal Table 1 mass and Halpha flux are uncorrected for dust; formal MBH errors exclude the approximately 0.5 dex virial-calibration systematic.,10000,20260808,30.0,0.1,1.0,True,split-normal-in-log-mbh,0.03,0.02,0.03,0.02,asymmetric,False,taylor_virial_plus_0p5dex,Taylor virial calibration sensitivity: MBH +0.5 dex,taylor_virial_calibration_sensitivity,taylor24_ceers_rubies_blagn_only,0.5,8.287260984525316,8.300518019868345,8.319978998118042,8.35004536218596,8.369049355513198,fedd0p3,0.3,5.048069564325357,5.061326599668386,5.080787577918082,5.110853941986,5.129857935313238,0.9999,0.0
v3-blagn,measurement,CEERS1244_taylor24,CEERS1244_taylor24,HZA-CEERS-1244,CEERS-1244,1,CEERS1244_taylor24,True,only catalogue measurement in this release,4.478,1.3430711764202312,CEERS,EGS,broad-line-agn,robust,individual_robust,taylor24_ceers_rubies_blagn,Table 1 (Sample of BLAGN),The Astrophysical Journal 986:165 (2025); arXiv:2409.06772v2,https://iopscience.iop.org/article/10.3847/1538-4357/add15b,10.3847/1538-4357/add15b,single-epoch-virial-halpha-reines2013,0.0,non_lrd,0.0,formal_mbh_errors_exclude_virial_systematic;nominal_mass_uncorrected_for_dust,Nominal Table 1 mass and Halpha flux are uncorrected for dust; formal MBH errors exclude the approximately 0.5 dex virial-calibration systematic.,10000,20260808,30.0,0.1,1.0,True,split-normal-in-log-mbh,0.03,0.02,0.03,0.02,asymmetric,False,taylor_virial_plus_0p5dex,Taylor virial calibration sensitivity: MBH +0.5 dex,taylor_virial_calibration_sensitivity,taylor24_ceers_rubies_blagn_only,0.5,8.287260984525316,8.300518019868345,8.319978998118042,8.35004536218596,8.369049355513198,fedd1,1.0,-2.510043749474551,-2.4967867141315216,-2.4773257358818253,-2.447259371813908,-2.4282553784866696,0.0,0.0
v3-blagn,measurement,CEERS2782_taylor24,CEERS2782_taylor24,HZA-CEERS-2782,CEERS-2782,1,CEERS2782_taylor24,False,nonpreferred duplicate: severe spatial slit loss; Taylor et al. adopt RUBIES-EGS-50052,5.24,1.1055092521207228,CEERS,EGS,broad-line-agn,robust,individual_robust,taylor24_ceers_rubies_blagn,Table 1 (Sample of BLAGN),The Astrophysical Journal 986:165 (2025); arXiv:2409.06772v2,https://iopscience.iop.org/article/10.3847/1538-4357/add15b,10.3847/1538-4357/add15b,single-epoch-virial-halpha-reines2013,0.0,non_lrd,0.0,formal_mbh_errors_exclude_virial_systematic;nominal_mass_uncorrected_for_dust;duplicate_observation;severe_spatially_dependent_slit_loss;source_nonpreferred_duplicate_measurement,Nominal Table 1 mass and Halpha flux are uncorrected for dust; formal MBH errors exclude the approximately 0.5 dex virial-calibration systematic. Same physical object as RUBIES-EGS-50052; severe spatially dependent slit loss makes this the non-preferred source measurement.,10000,20260808,30.0,0.1,1.0,True,split-normal-in-log-mbh,0.14,0.13,0.14,0.13,asymmetric,False,baseline,reported MBH,none,all_sources,0.0,6.943110173395594,7.028577540058794,7.156847669545818,7.29839467380048,7.3857832299427875,fedd0p3,0.3,4.322949750197202,4.408417116860402,4.536687246347425,4.678234250602088,4.765622806744394,0.0006,0.0
v3-blagn,measurement,CEERS2782_taylor24,CEERS2782_taylor24,HZA-CEERS-2782,CEERS-2782,1,CEERS2782_taylor24,False,nonpreferred duplicate: severe spatial slit loss; Taylor et al. adopt RUBIES-EGS-50052,5.24,1.1055092521207228,CEERS,EGS,broad-line-agn,robust,individual_robust,taylor24_ceers_rubies_blagn,Table 1 (Sample of BLAGN),The Astrophysical Journal 986:165 (2025); arXiv:2409.06772v2,https://iopscience.iop.org/article/10.3847/1538-4357/add15b,10.3847/1538-4357/add15b,single-epoch-virial-halpha-reines2013,0.0,non_lrd,0.0,formal_mbh_errors_exclude_virial_systematic;nominal_mass_uncorrected_for_dust;duplicate_observation;severe_spatially_dependent_slit_loss;source_nonpreferred_duplicate_measurement,Nominal Table 1 mass and Halpha flux are uncorrected for dust; formal MBH errors exclude the approximately 0.5 dex virial-calibration systematic. Same physical object as RUBIES-EGS-50052; severe spatially dependent slit loss makes this the non-preferred source measurement.,10000,20260808,30.0,0.1,1.0,True,split-normal-in-log-mbh,0.14,0.13,0.14,0.13,asymmetric,False,baseline,reported MBH,none,all_sources,0.0,6.943110173395594,7.028577540058794,7.156847669545818,7.29839467380048,7.3857832299427875,fedd1,1.0,-1.7907579039323824,-1.705290537269182,-1.5770204077821584,-1.4354734035274959,-1.3480848473851892,0.0,0.0
v3-blagn,measurement,CEERS2782_taylor24,CEERS2782_taylor24,HZA-CEERS-2782,CEERS-2782,1,CEERS2782_taylor24,False,nonpreferred duplicate: severe spatial slit loss; Taylor et al. adopt RUBIES-EGS-50052,5.24,1.1055092521207228,CEERS,EGS,broad-line-agn,robust,individual_robust,taylor24_ceers_rubies_blagn,Table 1 (Sample of BLAGN),The Astrophysical Journal 986:165 (2025); arXiv:2409.06772v2,https://iopscience.iop.org/article/10.3847/1538-4357/add15b,10.3847/1538-4357/add15b,single-epoch-virial-halpha-reines2013,0.0,non_lrd,0.0,formal_mbh_errors_exclude_virial_systematic;nominal_mass_uncorrected_for_dust;duplicate_observation;severe_spatially_dependent_slit_loss;source_nonpreferred_duplicate_measurement,Nominal Table 1 mass and Halpha flux are uncorrected for dust; formal MBH errors exclude the approximately 0.5 dex virial-calibration systematic. Same physical object as RUBIES-EGS-50052; severe spatially dependent slit loss makes this the non-preferred source measurement.,10000,20260808,30.0,0.1,1.0,True,split-normal-in-log-mbh,0.14,0.13,0.14,0.13,asymmetric,False,mbh_minus_0p3dex,MBH -0.3 dex,global_comparison,all_sources,-0.3,6.643110173395594,6.728577540058795,6.856847669545818,6.9983946738004805,7.085783229942788,fedd0p3,0.3,4.022949750197201,4.108417116860402,4.236687246347426,4.3782342506020875,4.4656228067443955,0.0,0.0
v3-blagn,measurement,CEERS2782_taylor24,CEERS2782_taylor24,HZA-CEERS-2782,CEERS-2782,1,CEERS2782_taylor24,False,nonpreferred duplicate: severe spatial slit loss; Taylor et al. adopt RUBIES-EGS-50052,5.24,1.1055092521207228,CEERS,EGS,broad-line-agn,robust,individual_robust,taylor24_ceers_rubies_blagn,Table 1 (Sample of BLAGN),The Astrophysical Journal 986:165 (2025); arXiv:2409.06772v2,https://iopscience.iop.org/article/10.3847/1538-4357/add15b,10.3847/1538-4357/add15b,single-epoch-virial-halpha-reines2013,0.0,non_lrd,0.0,formal_mbh_errors_exclude_virial_systematic;nominal_mass_uncorrected_for_dust;duplicate_observation;severe_spatially_dependent_slit_loss;source_nonpreferred_duplicate_measurement,Nominal Table 1 mass and Halpha flux are uncorrected for dust; formal MBH errors exclude the approximately 0.5 dex virial-calibration systematic. Same physical object as RUBIES-EGS-50052; severe spatially dependent slit loss makes this the non-preferred source measurement.,10000,20260808,30.0,0.1,1.0,True,split-normal-in-log-mbh,0.14,0.13,0.14,0.13,asymmetric,False,mbh_minus_0p3dex,MBH -0.3 dex,global_comparison,all_sources,-0.3,6.643110173395594,6.728577540058795,6.856847669545818,6.9983946738004805,7.085783229942788,fedd1,1.0,-2.0907579039323823,-2.0052905372691816,-1.8770204077821582,-1.7354734035274957,-1.648084847385189,0.0,0.0
v3-blagn,measurement,CEERS2782_taylor24,CEERS2782_taylor24,HZA-CEERS-2782,CEERS-2782,1,CEERS2782_taylor24,False,nonpreferred duplicate: severe spatial slit loss; Taylor et al. adopt RUBIES-EGS-50052,5.24,1.1055092521207228,CEERS,EGS,broad-line-agn,robust,individual_robust,taylor24_ceers_rubies_blagn,Table 1 (Sample of BLAGN),The Astrophysical Journal 986:165 (2025); arXiv:2409.06772v2,https://iopscience.iop.org/article/10.3847/1538-4357/add15b,10.3847/1538-4357/add15b,single-epoch-virial-halpha-reines2013,0.0,non_lrd,0.0,formal_mbh_errors_exclude_virial_systematic;nominal_mass_uncorrected_for_dust;duplicate_observation;severe_spatially_dependent_slit_loss;source_nonpreferred_duplicate_measurement,Nominal Table 1 mass and Halpha flux are uncorrected for dust; formal MBH errors exclude the approximately 0.5 dex virial-calibration systematic. Same physical object as RUBIES-EGS-50052; severe spatially dependent slit loss makes this the non-preferred source measurement.,10000,20260808,30.0,0.1,1.0,True,split-normal-in-log-mbh,0.14,0.13,0.14,0.13,asymmetric,False,mbh_plus_0p3dex,MBH +0.3 dex,global_comparison,all_sources,0.3,7.243110173395594,7.328577540058794,7.456847669545818,7.59839467380048,7.685783229942787,fedd0p3,0.3,4.622949750197201,4.708417116860401,4.8366872463474255,4.978234250602087,5.065622806744395,0.1262,0.0
v3-blagn,measurement,CEERS2782_taylor24,CEERS2782_taylor24,HZA-CEERS-2782,CEERS-2782,1,CEERS2782_taylor24,False,nonpreferred duplicate: severe spatial slit loss; Taylor et al. adopt RUBIES-EGS-50052,5.24,1.1055092521207228,CEERS,EGS,broad-line-agn,robust,individual_robust,taylor24_ceers_rubies_blagn,Table 1 (Sample of BLAGN),The Astrophysical Journal 986:165 (2025); arXiv:2409.06772v2,https://iopscience.iop.org/article/10.3847/1538-4357/add15b,10.3847/1538-4357/add15b,single-epoch-virial-halpha-reines2013,0.0,non_lrd,0.0,formal_mbh_errors_exclude_virial_systematic;nominal_mass_uncorrected_for_dust;duplicate_observation;severe_spatially_dependent_slit_loss;source_nonpreferred_duplicate_measurement,Nominal Table 1 mass and Halpha flux are uncorrected for dust; formal MBH errors exclude the approximately 0.5 dex virial-calibration systematic. Same physical object as RUBIES-EGS-50052; severe spatially dependent slit loss makes this the non-preferred source measurement.,10000,20260808,30.0,0.1,1.0,True,split-normal-in-log-mbh,0.14,0.13,0.14,0.13,asymmetric,False,mbh_plus_0p3dex,MBH +0.3 dex,global_comparison,all_sources,0.3,7.243110173395594,7.328577540058794,7.456847669545818,7.59839467380048,7.685783229942787,fedd1,1.0,-1.4907579039323826,-1.4052905372691822,-1.2770204077821585,-1.135473403527496,-1.0480848473851894,0.0,0.0
v3-blagn,measurement,CEERS2782_taylor24,CEERS2782_taylor24,HZA-CEERS-2782,CEERS-2782,1,CEERS2782_taylor24,False,nonpreferred duplicate: severe spatial slit loss; Taylor et al. adopt RUBIES-EGS-50052,5.24,1.1055092521207228,CEERS,EGS,broad-line-agn,robust,individual_robust,taylor24_ceers_rubies_blagn,Table 1 (Sample of BLAGN),The Astrophysical Journal 986:165 (2025); arXiv:2409.06772v2,https://iopscience.iop.org/article/10.3847/1538-4357/add15b,10.3847/1538-4357/add15b,single-epoch-virial-halpha-reines2013,0.0,non_lrd,0.0,formal_mbh_errors_exclude_virial_systematic;nominal_mass_uncorrected_for_dust;duplicate_observation;severe_spatially_dependent_slit_loss;source_nonpreferred_duplicate_measurement,Nominal Table 1 mass and Halpha flux are uncorrected for dust; formal MBH errors exclude the approximately 0.5 dex virial-calibration systematic. Same physical object as RUBIES-EGS-50052; severe spatially dependent slit loss makes this the non-preferred source measurement.,10000,20260808,30.0,0.1,1.0,True,split-normal-in-log-mbh,0.14,0.13,0.14,0.13,asymmetric,False,taylor_virial_minus_0p5dex,Taylor virial calibration sensitivity: MBH -0.5 dex,taylor_virial_calibration_sensitivity,taylor24_ceers_rubies_blagn_only,-0.5,6.443110173395594,6.528577540058794,6.656847669545818,6.79839467380048,6.8857832299427875,fedd0p3,0.3,3.822949750197201,3.908417116860402,4.036687246347425,4.178234250602088,4.265622806744394,0.0,0.0
v3-blagn,measurement,CEERS2782_taylor24,CEERS2782_taylor24,HZA-CEERS-2782,CEERS-2782,1,CEERS2782_taylor24,False,nonpreferred duplicate: severe spatial slit loss; Taylor et al. adopt RUBIES-EGS-50052,5.24,1.1055092521207228,CEERS,EGS,broad-line-agn,robust,individual_robust,taylor24_ceers_rubies_blagn,Table 1 (Sample of BLAGN),The Astrophysical Journal 986:165 (2025); arXiv:2409.06772v2,https://iopscience.iop.org/article/10.3847/1538-4357/add15b,10.3847/1538-4357/add15b,single-epoch-virial-halpha-reines2013,0.0,non_lrd,0.0,formal_mbh_errors_exclude_virial_systematic;nominal_mass_uncorrected_for_dust;duplicate_observation;severe_spatially_dependent_slit_loss;source_nonpreferred_duplicate_measurement,Nominal Table 1 mass and Halpha flux are uncorrected for dust; formal MBH errors exclude the approximately 0.5 dex virial-calibration systematic. Same physical object as RUBIES-EGS-50052; severe spatially dependent slit loss makes this the non-preferred source measurement.,10000,20260808,30.0,0.1,1.0,True,split-normal-in-log-mbh,0.14,0.13,0.14,0.13,asymmetric,False,taylor_virial_minus_0p5dex,Taylor virial calibration sensitivity: MBH -0.5 dex,taylor_virial_calibration_sensitivity,taylor24_ceers_rubies_blagn_only,-0.5,6.443110173395594,6.528577540058794,6.656847669545818,6.79839467380048,6.8857832299427875,fedd1,1.0,-2.2907579039323824,-2.205290537269182,-2.0770204077821584,-1.9354734035274959,-1.8480848473851892,0.0,0.0
v3-blagn,measurement,CEERS2782_taylor24,CEERS2782_taylor24,HZA-CEERS-2782,CEERS-2782,1,CEERS2782_taylor24,False,nonpreferred duplicate: severe spatial slit loss; Taylor et al. adopt RUBIES-EGS-50052,5.24,1.1055092521207228,CEERS,EGS,broad-line-agn,robust,individual_robust,taylor24_ceers_rubies_blagn,Table 1 (Sample of BLAGN),The Astrophysical Journal 986:165 (2025); arXiv:2409.06772v2,https://iopscience.iop.org/article/10.3847/1538-4357/add15b,10.3847/1538-4357/add15b,single-epoch-virial-halpha-reines2013,0.0,non_lrd,0.0,formal_mbh_errors_exclude_virial_systematic;nominal_mass_uncorrected_for_dust;duplicate_observation;severe_spatially_dependent_slit_loss;source_nonpreferred_duplicate_measurement,Nominal Table 1 mass and Halpha flux are uncorrected for dust; formal MBH errors exclude the approximately 0.5 dex virial-calibration systematic. Same physical object as RUBIES-EGS-50052; severe spatially dependent slit loss makes this the non-preferred source measurement.,10000,20260808,30.0,0.1,1.0,True,split-normal-in-log-mbh,0.14,0.13,0.14,0.13,asymmetric,False,taylor_virial_plus_0p5dex,Taylor virial calibration sensitivity: MBH +0.5 dex,taylor_virial_calibration_sensitivity,taylor24_ceers_rubies_blagn_only,0.5,7.443110173395594,7.528577540058794,7.656847669545818,7.79839467380048,7.8857832299427875,fedd0p3,0.3,4.822949750197202,4.908417116860402,5.036687246347425,5.178234250602088,5.265622806744394,0.6102,0.0
v3-blagn,measurement,CEERS2782_taylor24,CEERS2782_taylor24,HZA-CEERS-2782,CEERS-2782,1,CEERS2782_taylor24,False,nonpreferred duplicate: severe spatial slit loss; Taylor et al. adopt RUBIES-EGS-50052,5.24,1.1055092521207228,CEERS,EGS,broad-line-agn,robust,individual_robust,taylor24_ceers_rubies_blagn,Table 1 (Sample of BLAGN),The Astrophysical Journal 986:165 (2025); arXiv:2409.06772v2,https://iopscience.iop.org/article/10.3847/1538-4357/add15b,10.3847/1538-4357/add15b,single-epoch-virial-halpha-reines2013,0.0,non_lrd,0.0,formal_mbh_errors_exclude_virial_systematic;nominal_mass_uncorrected_for_dust;duplicate_observation;severe_spatially_dependent_slit_loss;source_nonpreferred_duplicate_measurement,Nominal Table 1 mass and Halpha flux are uncorrected for dust; formal MBH errors exclude the approximately 0.5 dex virial-calibration systematic. Same physical object as RUBIES-EGS-50052; severe spatially dependent slit loss makes this the non-preferred source measurement.,10000,20260808,30.0,0.1,1.0,True,split-normal-in-log-mbh,0.14,0.13,0.14,0.13,asymmetric,False,taylor_virial_plus_0p5dex,Taylor virial calibration sensitivity: MBH +0.5 dex,taylor_virial_calibration_sensitivity,taylor24_ceers_rubies_blagn_only,0.5,7.443110173395594,7.528577540058794,7.656847669545818,7.79839467380048,7.8857832299427875,fedd1,1.0,-1.2907579039323824,-1.205290537269182,-1.0770204077821584,-0.935473403527496,-0.8480848473851892,0.0,0.0
v3-blagn,measurement,CEERS397_taylor24,CEERS397_taylor24,HZA-CEERS-397,CEERS-397,1,CEERS397_taylor24,True,only catalogue measurement in this release,6.0,0.9308508079920488,CEERS,EGS,broad-line-agn,robust,individual_robust,taylor24_ceers_rubies_blagn,Table 1 (Sample of BLAGN),The Astrophysical Journal 986:165 (2025); arXiv:2409.06772v2,https://iopscience.iop.org/article/10.3847/1538-4357/add15b,10.3847/1538-4357/add15b,single-epoch-virial-halpha-reines2013,0.0,non_lrd,0.0,formal_mbh_errors_exclude_virial_systematic;nominal_mass_uncorrected_for_dust,Nominal Table 1 mass and Halpha flux are uncorrected for dust; formal MBH errors exclude the approximately 0.5 dex virial-calibration systematic.,10000,20260808,30.0,0.1,1.0,True,split-normal-in-log-mbh,0.23,0.18,0.23,0.18,asymmetric,False,baseline,reported MBH,none,all_sources,0.0,7.2965439326702555,7.417258678760177,7.599268705962336,7.825388293905989,7.973220101646835,fedd0p3,0.3,5.131502700489206,5.252217446579127,5.434227473781287,5.660347061724939,5.808178869465786,0.9922,0.0067
v3-blagn,measurement,CEERS397_taylor24,CEERS397_taylor24,HZA-CEERS-397,CEERS-397,1,CEERS397_taylor24,True,only catalogue measurement in this release,6.0,0.9308508079920488,CEERS,EGS,broad-line-agn,robust,individual_robust,taylor24_ceers_rubies_blagn,Table 1 (Sample of BLAGN),The Astrophysical Journal 986:165 (2025); arXiv:2409.06772v2,https://iopscience.iop.org/article/10.3847/1538-4357/add15b,10.3847/1538-4357/add15b,single-epoch-virial-halpha-reines2013,0.0,non_lrd,0.0,formal_mbh_errors_exclude_virial_systematic;nominal_mass_uncorrected_for_dust,Nominal Table 1 mass and Halpha flux are uncorrected for dust; formal MBH errors exclude the approximately 0.5 dex virial-calibration systematic.,10000,20260808,30.0,0.1,1.0,True,split-normal-in-log-mbh,0.23,0.18,0.23,0.18,asymmetric,False,baseline,reported MBH,none,all_sources,0.0,7.2965439326702555,7.417258678760177,7.599268705962336,7.825388293905989,7.973220101646835,fedd1,1.0,0.07973982540008967,0.20045457149001122,0.38246459869217064,0.6085841866358225,0.75641599437667,0.0,0.0
v3-blagn,measurement,CEERS397_taylor24,CEERS397_taylor24,HZA-CEERS-397,CEERS-397,1,CEERS397_taylor24,True,only catalogue measurement in this release,6.0,0.9308508079920488,CEERS,EGS,broad-line-agn,robust,individual_robust,taylor24_ceers_rubies_blagn,Table 1 (Sample of BLAGN),The Astrophysical Journal 986:165 (2025); arXiv:2409.06772v2,https://iopscience.iop.org/article/10.3847/1538-4357/add15b,10.3847/1538-4357/add15b,single-epoch-virial-halpha-reines2013,0.0,non_lrd,0.0,formal_mbh_errors_exclude_virial_systematic;nominal_mass_uncorrected_for_dust,Nominal Table 1 mass and Halpha flux are uncorrected for dust; formal MBH errors exclude the approximately 0.5 dex virial-calibration systematic.,10000,20260808,30.0,0.1,1.0,True,split-normal-in-log-mbh,0.23,0.18,0.23,0.18,asymmetric,False,mbh_minus_0p3dex,MBH -0.3 dex,global_comparison,all_sources,-0.3,6.996543932670256,7.1172586787601775,7.299268705962337,7.525388293905989,7.6732201016468355,fedd0p3,0.3,4.831502700489206,4.952217446579128,5.134227473781287,5.360347061724939,5.508178869465786,0.769,0.0001
v3-blagn,measurement,CEERS397_taylor24,CEERS397_taylor24,HZA-CEERS-397,CEERS-397,1,CEERS397_taylor24,True,only catalogue measurement in this release,6.0,0.9308508079920488,CEERS,EGS,broad-line-agn,robust,individual_robust,taylor24_ceers_rubies_blagn,Table 1 (Sample of BLAGN),The Astrophysical Journal 986:165 (2025); arXiv:2409.06772v2,https://iopscience.iop.org/article/10.3847/1538-4357/add15b,10.3847/1538-4357/add15b,single-epoch-virial-halpha-reines2013,0.0,non_lrd,0.0,formal_mbh_errors_exclude_virial_systematic;nominal_mass_uncorrected_for_dust,Nominal Table 1 mass and Halpha flux are uncorrected for dust; formal MBH errors exclude the approximately 0.5 dex virial-calibration systematic.,10000,20260808,30.0,0.1,1.0,True,split-normal-in-log-mbh,0.23,0.18,0.23,0.18,asymmetric,False,mbh_minus_0p3dex,MBH -0.3 dex,global_comparison,all_sources,-0.3,6.996543932670256,7.1172586787601775,7.299268705962337,7.525388293905989,7.6732201016468355,fedd1,1.0,-0.22026017459991015,-0.09954542850998858,0.08246459869217082,0.30858418663582265,0.4564159943766701,0.0,0.0
v3-blagn,measurement,CEERS397_taylor24,CEERS397_taylor24,HZA-CEERS-397,CEERS-397,1,CEERS397_taylor24,True,only catalogue measurement in this release,6.0,0.9308508079920488,CEERS,EGS,broad-line-agn,robust,individual_robust,taylor24_ceers_rubies_blagn,Table 1 (Sample of BLAGN),The Astrophysical Journal 986:165 (2025); arXiv:2409.06772v2,https://iopscience.iop.org/article/10.3847/1538-4357/add15b,10.3847/1538-4357/add15b,single-epoch-virial-halpha-reines2013,0.0,non_lrd,0.0,formal_mbh_errors_exclude_virial_systematic;nominal_mass_uncorrected_for_dust,Nominal Table 1 mass and Halpha flux are uncorrected for dust; formal MBH errors exclude the approximately 0.5 dex virial-calibration systematic.,10000,20260808,30.0,0.1,1.0,True,split-normal-in-log-mbh,0.23,0.18,0.23,0.18,asymmetric,False,mbh_plus_0p3dex,MBH +0.3 dex,global_comparison,all_sources,0.3,7.596543932670255,7.717258678760177,7.899268705962337,8.125388293905988,8.273220101646835,fedd0p3,0.3,5.431502700489205,5.552217446579128,5.734227473781287,5.9603470617249386,6.108178869465785,1.0,0.1208
v3-blagn,measurement,CEERS397_taylor24,CEERS397_taylor24,HZA-CEERS-397,CEERS-397,1,CEERS397_taylor24,True,only catalogue measurement in this release,6.0,0.9308508079920488,CEERS,EGS,broad-line-agn,robust,individual_robust,taylor24_ceers_rubies_blagn,Table 1 (Sample of BLAGN),The Astrophysical Journal 986:165 (2025); arXiv:2409.06772v2,https://iopscience.iop.org/article/10.3847/1538-4357/add15b,10.3847/1538-4357/add15b,single-epoch-virial-halpha-reines2013,0.0,non_lrd,0.0,formal_mbh_errors_exclude_virial_systematic;nominal_mass_uncorrected_for_dust,Nominal Table 1 mass and Halpha flux are uncorrected for dust; formal MBH errors exclude the approximately 0.5 dex virial-calibration systematic.,10000,20260808,30.0,0.1,1.0,True,split-normal-in-log-mbh,0.23,0.18,0.23,0.18,asymmetric,False,mbh_plus_0p3dex,MBH +0.3 dex,global_comparison,all_sources,0.3,7.596543932670255,7.717258678760177,7.899268705962337,8.125388293905988,8.273220101646835,fedd1,1.0,0.3797398254000895,0.500454571490011,0.6824645986921705,0.9085841866358231,1.0564159943766698,0.0,0.0
v3-blagn,measurement,CEERS397_taylor24,CEERS397_taylor24,HZA-CEERS-397,CEERS-397,1,CEERS397_taylor24,True,only catalogue measurement in this release,6.0,0.9308508079920488,CEERS,EGS,broad-line-agn,robust,individual_robust,taylor24_ceers_rubies_blagn,Table 1 (Sample of BLAGN),The Astrophysical Journal 986:165 (2025); arXiv:2409.06772v2,https://iopscience.iop.org/article/10.3847/1538-4357/add15b,10.3847/1538-4357/add15b,single-epoch-virial-halpha-reines2013,0.0,non_lrd,0.0,formal_mbh_errors_exclude_virial_systematic;nominal_mass_uncorrected_for_dust,Nominal Table 1 mass and Halpha flux are uncorrected for dust; formal MBH errors exclude the approximately 0.5 dex virial-calibration systematic.,10000,20260808,30.0,0.1,1.0,True,split-normal-in-log-mbh,0.23,0.18,0.23,0.18,asymmetric,False,taylor_virial_minus_0p5dex,Taylor virial calibration sensitivity: MBH -0.5 dex,taylor_virial_calibration_sensitivity,taylor24_ceers_rubies_blagn_only,-0.5,6.7965439326702555,6.917258678760177,7.099268705962336,7.325388293905989,7.473220101646835,fedd0p3,0.3,4.631502700489206,4.752217446579127,4.934227473781287,5.160347061724939,5.308178869465786,0.3905,0.0
v3-blagn,measurement,CEERS397_taylor24,CEERS397_taylor24,HZA-CEERS-397,CEERS-397,1,CEERS397_taylor24,True,only catalogue measurement in this release,6.0,0.9308508079920488,CEERS,EGS,broad-line-agn,robust,individual_robust,taylor24_ceers_rubies_blagn,Table 1 (Sample of BLAGN),The Astrophysical Journal 986:165 (2025); arXiv:2409.06772v2,https://iopscience.iop.org/article/10.3847/1538-4357/add15b,10.3847/1538-4357/add15b,single-epoch-virial-halpha-reines2013,0.0,non_lrd,0.0,formal_mbh_errors_exclude_virial_systematic;nominal_mass_uncorrected_for_dust,Nominal Table 1 mass and Halpha flux are uncorrected for dust; formal MBH errors exclude the approximately 0.5 dex virial-calibration systematic.,10000,20260808,30.0,0.1,1.0,True,split-normal-in-log-mbh,0.23,0.18,0.23,0.18,asymmetric,False,taylor_virial_minus_0p5dex,Taylor virial calibration sensitivity: MBH -0.5 dex,taylor_virial_calibration_sensitivity,taylor24_ceers_rubies_blagn_only,-0.5,6.7965439326702555,6.917258678760177,7.099268705962336,7.325388293905989,7.473220101646835,fedd1,1.0,-0.42026017459991033,-0.2995454285099888,-0.11753540130782936,0.10858418663582245,0.2564159943766699,0.0,0.0
v3-blagn,measurement,CEERS397_taylor24,CEERS397_taylor24,HZA-CEERS-397,CEERS-397,1,CEERS397_taylor24,True,only catalogue measurement in this release,6.0,0.9308508079920488,CEERS,EGS,broad-line-agn,robust,individual_robust,taylor24_ceers_rubies_blagn,Table 1 (Sample of BLAGN),The Astrophysical Journal 986:165 (2025); arXiv:2409.06772v2,https://iopscience.iop.org/article/10.3847/1538-4357/add15b,10.3847/1538-4357/add15b,single-epoch-virial-halpha-reines2013,0.0,non_lrd,0.0,formal_mbh_errors_exclude_virial_systematic;nominal_mass_uncorrected_for_dust,Nominal Table 1 mass and Halpha flux are uncorrected for dust; formal MBH errors exclude the approximately 0.5 dex virial-calibration systematic.,10000,20260808,30.0,0.1,1.0,True,split-normal-in-log-mbh,0.23,0.18,0.23,0.18,asymmetric,False,taylor_virial_plus_0p5dex,Taylor virial calibration sensitivity: MBH +0.5 dex,taylor_virial_calibration_sensitivity,taylor24_ceers_rubies_blagn_only,0.5,7.7965439326702555,7.917258678760177,8.099268705962336,8.325388293905988,8.473220101646836,fedd0p3,0.3,5.631502700489206,5.752217446579127,5.934227473781286,6.160347061724938,6.308178869465786,1.0,0.3905
v3-blagn,measurement,CEERS397_taylor24,CEERS397_taylor24,HZA-CEERS-397,CEERS-397,1,CEERS397_taylor24,True,only catalogue measurement in this release,6.0,0.9308508079920488,CEERS,EGS,broad-line-agn,robust,individual_robust,taylor24_ceers_rubies_blagn,Table 1 (Sample of BLAGN),The Astrophysical Journal 986:165 (2025); arXiv:2409.06772v2,https://iopscience.iop.org/article/10.3847/1538-4357/add15b,10.3847/1538-4357/add15b,single-epoch-virial-halpha-reines2013,0.0,non_lrd,0.0,formal_mbh_errors_exclude_virial_systematic;nominal_mass_uncorrected_for_dust,Nominal Table 1 mass and Halpha flux are uncorrected for dust; formal MBH errors exclude the approximately 0.5 dex virial-calibration systematic.,10000,20260808,30.0,0.1,1.0,True,split-normal-in-log-mbh,0.23,0.18,0.23,0.18,asymmetric,False,taylor_virial_plus_0p5dex,Taylor virial calibration sensitivity: MBH +0.5 dex,taylor_virial_calibration_sensitivity,taylor24_ceers_rubies_blagn_only,0.5,7.7965439326702555,7.917258678760177,8.099268705962336,8.325388293905988,8.473220101646836,fedd1,1.0,0.5797398254000896,0.7004545714900112,0.8824645986921702,1.1085841866358224,1.2564159943766706,0.0,0.0
v3-blagn,measurement,CEERS672_taylor24,CEERS672_taylor24,HZA-CEERS-672,CEERS-672,1,CEERS672_taylor24,True,only catalogue measurement in this release,5.666,1.0015140448397233,CEERS,EGS,broad-line-agn,robust,individual_robust,taylor24_ceers_rubies_blagn,Table 1 (Sample of BLAGN),The Astrophysical Journal 986:165 (2025); arXiv:2409.06772v2,https://iopscience.iop.org/article/10.3847/1538-4357/add15b,10.3847/1538-4357/add15b,single-epoch-virial-halpha-reines2013,1.0,lrd,0.0,formal_mbh_errors_exclude_virial_systematic;nominal_mass_uncorrected_for_dust,Nominal Table 1 mass and Halpha flux are uncorrected for dust; formal MBH errors exclude the approximately 0.5 dex virial-calibration systematic.,10000,20260808,30.0,0.1,1.0,True,split-normal-in-log-mbh,0.29,0.26,0.29,0.26,asymmetric,False,baseline,reported MBH,none,all_sources,0.0,6.323596660194439,6.488910225985999,6.750169211647094,7.031439146848634,7.22172426716475,fedd0p3,0.3,3.9744235049951846,4.139737070786745,4.400996056447839,4.68226599164938,4.872551111965495,0.0179,0.0
v3-blagn,measurement,CEERS672_taylor24,CEERS672_taylor24,HZA-CEERS-672,CEERS-672,1,CEERS672_taylor24,True,only catalogue measurement in this release,5.666,1.0015140448397233,CEERS,EGS,broad-line-agn,robust,individual_robust,taylor24_ceers_rubies_blagn,Table 1 (Sample of BLAGN),The Astrophysical Journal 986:165 (2025); arXiv:2409.06772v2,https://iopscience.iop.org/article/10.3847/1538-4357/add15b,10.3847/1538-4357/add15b,single-epoch-virial-halpha-reines2013,1.0,lrd,0.0,formal_mbh_errors_exclude_virial_systematic;nominal_mass_uncorrected_for_dust,Nominal Table 1 mass and Halpha flux are uncorrected for dust; formal MBH errors exclude the approximately 0.5 dex virial-calibration systematic.,10000,20260808,30.0,0.1,1.0,True,split-normal-in-log-mbh,0.29,0.26,0.29,0.26,asymmetric,False,baseline,reported MBH,none,all_sources,0.0,6.323596660194439,6.488910225985999,6.750169211647094,7.031439146848634,7.22172426716475,fedd1,1.0,-1.5069805238030776,-1.3416669580115177,-1.0804079723504225,-0.799138037148882,-0.6088529168327667,0.0,0.0
v3-blagn,measurement,CEERS672_taylor24,CEERS672_taylor24,HZA-CEERS-672,CEERS-672,1,CEERS672_taylor24,True,only catalogue measurement in this release,5.666,1.0015140448397233,CEERS,EGS,broad-line-agn,robust,individual_robust,taylor24_ceers_rubies_blagn,Table 1 (Sample of BLAGN),The Astrophysical Journal 986:165 (2025); arXiv:2409.06772v2,https://iopscience.iop.org/article/10.3847/1538-4357/add15b,10.3847/1538-4357/add15b,single-epoch-virial-halpha-reines2013,1.0,lrd,0.0,formal_mbh_errors_exclude_virial_systematic;nominal_mass_uncorrected_for_dust,Nominal Table 1 mass and Halpha flux are uncorrected for dust; formal MBH errors exclude the approximately 0.5 dex virial-calibration systematic.,10000,20260808,30.0,0.1,1.0,True,split-normal-in-log-mbh,0.29,0.26,0.29,0.26,asymmetric,False,mbh_minus_0p3dex,MBH -0.3 dex,global_comparison,all_sources,-0.3,6.023596660194439,6.188910225986,6.450169211647094,6.7314391468486345,6.92172426716475,fedd0p3,0.3,3.6744235049951848,3.8397370707867444,4.10099605644784,4.38226599164938,4.572551111965495,0.0012,0.0
v3-blagn,measurement,CEERS672_taylor24,CEERS672_taylor24,HZA-CEERS-672,CEERS-672,1,CEERS672_taylor24,True,only catalogue measurement in this release,5.666,1.0015140448397233,CEERS,EGS,broad-line-agn,robust,individual_robust,taylor24_ceers_rubies_blagn,Table 1 (Sample of BLAGN),The Astrophysical Journal 986:165 (2025); arXiv:2409.06772v2,https://iopscience.iop.org/article/10.3847/1538-4357/add15b,10.3847/1538-4357/add15b,single-epoch-virial-halpha-reines2013,1.0,lrd,0.0,formal_mbh_errors_exclude_virial_systematic;nominal_mass_uncorrected_for_dust,Nominal Table 1 mass and Halpha flux are uncorrected for dust; formal MBH errors exclude the approximately 0.5 dex virial-calibration systematic.,10000,20260808,30.0,0.1,1.0,True,split-normal-in-log-mbh,0.29,0.26,0.29,0.26,asymmetric,False,mbh_minus_0p3dex,MBH -0.3 dex,global_comparison,all_sources,-0.3,6.023596660194439,6.188910225986,6.450169211647094,6.7314391468486345,6.92172426716475,fedd1,1.0,-1.8069805238030774,-1.6416669580115175,-1.3804079723504223,-1.0991380371488817,-0.9088529168327665,0.0,0.0
v3-blagn,measurement,CEERS672_taylor24,CEERS672_taylor24,HZA-CEERS-672,CEERS-672,1,CEERS672_taylor24,True,only catalogue measurement in this release,5.666,1.0015140448397233,CEERS,EGS,broad-line-agn,robust,individual_robust,taylor24_ceers_rubies_blagn,Table 1 (Sample of BLAGN),The Astrophysical Journal 986:165 (2025); arXiv:2409.06772v2,https://iopscience.iop.org/article/10.3847/1538-4357/add15b,10.3847/1538-4357/add15b,single-epoch-virial-halpha-reines2013,1.0,lrd,0.0,formal_mbh_errors_exclude_virial_systematic;nominal_mass_uncorrected_for_dust,Nominal Table 1 mass and Halpha flux are uncorrected for dust; formal MBH errors exclude the approximately 0.5 dex virial-calibration systematic.,10000,20260808,30.0,0.1,1.0,True,split-normal-in-log-mbh,0.29,0.26,0.29,0.26,asymmetric,False,mbh_plus_0p3dex,MBH +0.3 dex,global_comparison,all_sources,0.3,6.623596660194439,6.788910225985999,7.050169211647094,7.331439146848634,7.52172426716475,fedd0p3,0.3,4.274423504995184,4.4397370707867445,4.700996056447839,4.982265991649379,5.172551111965495,0.1459,0.0
v3-blagn,measurement,CEERS672_taylor24,CEERS672_taylor24,HZA-CEERS-672,CEERS-672,1,CEERS672_taylor24,True,only catalogue measurement in this release,5.666,1.0015140448397233,CEERS,EGS,broad-line-agn,robust,individual_robust,taylor24_ceers_rubies_blagn,Table 1 (Sample of BLAGN),The Astrophysical Journal 986:165 (2025); arXiv:2409.06772v2,https://iopscience.iop.org/article/10.3847/1538-4357/add15b,10.3847/1538-4357/add15b,single-epoch-virial-halpha-reines2013,1.0,lrd,0.0,formal_mbh_errors_exclude_virial_systematic;nominal_mass_uncorrected_for_dust,Nominal Table 1 mass and Halpha flux are uncorrected for dust; formal MBH errors exclude the approximately 0.5 dex virial-calibration systematic.,10000,20260808,30.0,0.1,1.0,True,split-normal-in-log-mbh,0.29,0.26,0.29,0.26,asymmetric,False,mbh_plus_0p3dex,MBH +0.3 dex,global_comparison,all_sources,0.3,6.623596660194439,6.788910225985999,7.050169211647094,7.331439146848634,7.52172426716475,fedd1,1.0,-1.2069805238030777,-1.0416669580115179,-0.7804079723504227,-0.4991380371488821,-0.30885291683276683,0.0,0.0
v3-blagn,measurement,CEERS672_taylor24,CEERS672_taylor24,HZA-CEERS-672,CEERS-672,1,CEERS672_taylor24,True,only catalogue measurement in this release,5.666,1.0015140448397233,CEERS,EGS,broad-line-agn,robust,individual_robust,taylor24_ceers_rubies_blagn,Table 1 (Sample of BLAGN),The Astrophysical Journal 986:165 (2025); arXiv:2409.06772v2,https://iopscience.iop.org/article/10.3847/1538-4357/add15b,10.3847/1538-4357/add15b,single-epoch-virial-halpha-reines2013,1.0,lrd,0.0,formal_mbh_errors_exclude_virial_systematic;nominal_mass_uncorrected_for_dust,Nominal Table 1 mass and Halpha flux are uncorrected for dust; formal MBH errors exclude the approximately 0.5 dex virial-calibration systematic.,10000,20260808,30.0,0.1,1.0,True,split-normal-in-log-mbh,0.29,0.26,0.29,0.26,asymmetric,False,taylor_virial_minus_0p5dex,Taylor virial calibration sensitivity: MBH -0.5 dex,taylor_virial_calibration_sensitivity,taylor24_ceers_rubies_blagn_only,-0.5,5.823596660194439,5.988910225985999,6.250169211647094,6.531439146848634,6.72172426716475,fedd0p3,0.3,3.4744235049951846,3.6397370707867442,3.9009960564478394,4.18226599164938,4.372551111965495,0.0,0.0
v3-blagn,measurement,CEERS672_taylor24,CEERS672_taylor24,HZA-CEERS-672,CEERS-672,1,CEERS672_taylor24,True,only catalogue measurement in this release,5.666,1.0015140448397233,CEERS,EGS,broad-line-agn,robust,individual_robust,taylor24_ceers_rubies_blagn,Table 1 (Sample of BLAGN),The Astrophysical Journal 986:165 (2025); arXiv:2409.06772v2,https://iopscience.iop.org/article/10.3847/1538-4357/add15b,10.3847/1538-4357/add15b,single-epoch-virial-halpha-reines2013,1.0,lrd,0.0,formal_mbh_errors_exclude_virial_systematic;nominal_mass_uncorrected_for_dust,Nominal Table 1 mass and Halpha flux are uncorrected for dust; formal MBH errors exclude the approximately 0.5 dex virial-calibration systematic.,10000,20260808,30.0,0.1,1.0,True,split-normal-in-log-mbh,0.29,0.26,0.29,0.26,asymmetric,False,taylor_virial_minus_0p5dex,Taylor virial calibration sensitivity: MBH -0.5 dex,taylor_virial_calibration_sensitivity,taylor24_ceers_rubies_blagn_only,-0.5,5.823596660194439,5.988910225985999,6.250169211647094,6.531439146848634,6.72172426716475,fedd1,1.0,-2.0069805238030773,-1.8416669580115177,-1.5804079723504225,-1.2991380371488819,-1.1088529168327665,0.0,0.0
v3-blagn,measurement,CEERS672_taylor24,CEERS672_taylor24,HZA-CEERS-672,CEERS-672,1,CEERS672_taylor24,True,only catalogue measurement in this release,5.666,1.0015140448397233,CEERS,EGS,broad-line-agn,robust,individual_robust,taylor24_ceers_rubies_blagn,Table 1 (Sample of BLAGN),The Astrophysical Journal 986:165 (2025); arXiv:2409.06772v2,https://iopscience.iop.org/article/10.3847/1538-4357/add15b,10.3847/1538-4357/add15b,single-epoch-virial-halpha-reines2013,1.0,lrd,0.0,formal_mbh_errors_exclude_virial_systematic;nominal_mass_uncorrected_for_dust,Nominal Table 1 mass and Halpha flux are uncorrected for dust; formal MBH errors exclude the approximately 0.5 dex virial-calibration systematic.,10000,20260808,30.0,0.1,1.0,True,split-normal-in-log-mbh,0.29,0.26,0.29,0.26,asymmetric,False,taylor_virial_plus_0p5dex,Taylor virial calibration sensitivity: MBH +0.5 dex,taylor_virial_calibration_sensitivity,taylor24_ceers_rubies_blagn_only,0.5,6.823596660194439,6.988910225985999,7.250169211647094,7.531439146848634,7.72172426716475,fedd0p3,0.3,4.474423504995184,4.639737070786745,4.900996056447839,5.18226599164938,5.372551111965495,0.363,0.0
v3-blagn,measurement,CEERS672_taylor24,CEERS672_taylor24,HZA-CEERS-672,CEERS-672,1,CEERS672_taylor24,True,only catalogue measurement in this release,5.666,1.0015140448397233,CEERS,EGS,broad-line-agn,robust,individual_robust,taylor24_ceers_rubies_blagn,Table 1 (Sample of BLAGN),The Astrophysical Journal 986:165 (2025); arXiv:2409.06772v2,https://iopscience.iop.org/article/10.3847/1538-4357/add15b,10.3847/1538-4357/add15b,single-epoch-virial-halpha-reines2013,1.0,lrd,0.0,formal_mbh_errors_exclude_virial_systematic;nominal_mass_uncorrected_for_dust,Nominal Table 1 mass and Halpha flux are uncorrected for dust; formal MBH errors exclude the approximately 0.5 dex virial-calibration systematic.,10000,20260808,30.0,0.1,1.0,True,split-normal-in-log-mbh,0.29,0.26,0.29,0.26,asymmetric,False,taylor_virial_plus_0p5dex,Taylor virial calibration sensitivity: MBH +0.5 dex,taylor_virial_calibration_sensitivity,taylor24_ceers_rubies_blagn_only,0.5,6.823596660194439,6.988910225985999,7.250169211647094,7.531439146848634,7.72172426716475,fedd1,1.0,-1.0069805238030776,-0.8416669580115177,-0.5804079723504225,-0.29913803714888193,-0.10885291683276664,0.0,0.0
v3-blagn,measurement,CEERS746_taylor24,CEERS746_taylor24,HZA-CEERS-746,CEERS-746,1,CEERS746_taylor24,True,only catalogue measurement in this release,5.623,1.011259266287056,CEERS,EGS,broad-line-agn,robust,individual_robust,taylor24_ceers_rubies_blagn,Table 1 (Sample of BLAGN),The Astrophysical Journal 986:165 (2025); arXiv:2409.06772v2,https://iopscience.iop.org/article/10.3847/1538-4357/add15b,10.3847/1538-4357/add15b,single-epoch-virial-halpha-reines2013,1.0,lrd,0.0,formal_mbh_errors_exclude_virial_systematic;nominal_mass_uncorrected_for_dust,Nominal Table 1 mass and Halpha flux are uncorrected for dust; formal MBH errors exclude the approximately 0.5 dex virial-calibration systematic.,10000,20260808,30.0,0.1,1.0,True,split-normal-in-log-mbh,0.16,0.14,0.16,0.14,asymmetric,False,baseline,reported MBH,none,all_sources,0.0,7.060555663620944,7.149736882385946,7.2893278598236595,7.447367100251113,7.556287969860756,fedd0p3,0.3,4.685988733024678,4.775169951789681,4.914760929227394,5.0728001696548475,5.181721039264491,0.2939,0.0
v3-blagn,measurement,CEERS746_taylor24,CEERS746_taylor24,HZA-CEERS-746,CEERS-746,1,CEERS746_taylor24,True,only catalogue measurement in this release,5.623,1.011259266287056,CEERS,EGS,broad-line-agn,robust,individual_robust,taylor24_ceers_rubies_blagn,Table 1 (Sample of BLAGN),The Astrophysical Journal 986:165 (2025); arXiv:2409.06772v2,https://iopscience.iop.org/article/10.3847/1538-4357/add15b,10.3847/1538-4357/add15b,single-epoch-virial-halpha-reines2013,1.0,lrd,0.0,formal_mbh_errors_exclude_virial_systematic;nominal_mass_uncorrected_for_dust,Nominal Table 1 mass and Halpha flux are uncorrected for dust; formal MBH errors exclude the approximately 0.5 dex virial-calibration systematic.,10000,20260808,30.0,0.1,1.0,True,split-normal-in-log-mbh,0.16,0.14,0.16,0.14,asymmetric,False,baseline,reported MBH,none,all_sources,0.0,7.060555663620944,7.149736882385946,7.2893278598236595,7.447367100251113,7.556287969860756,fedd1,1.0,-0.8546674383666069,-0.7654862196016043,-0.6258952421638919,-0.46785600173643777,-0.358935132126795,0.0,0.0
v3-blagn,measurement,CEERS746_taylor24,CEERS746_taylor24,HZA-CEERS-746,CEERS-746,1,CEERS746_taylor24,True,only catalogue measurement in this release,5.623,1.011259266287056,CEERS,EGS,broad-line-agn,robust,individual_robust,taylor24_ceers_rubies_blagn,Table 1 (Sample of BLAGN),The Astrophysical Journal 986:165 (2025); arXiv:2409.06772v2,https://iopscience.iop.org/article/10.3847/1538-4357/add15b,10.3847/1538-4357/add15b,single-epoch-virial-halpha-reines2013,1.0,lrd,0.0,formal_mbh_errors_exclude_virial_systematic;nominal_mass_uncorrected_for_dust,Nominal Table 1 mass and Halpha flux are uncorrected for dust; formal MBH errors exclude the approximately 0.5 dex virial-calibration systematic.,10000,20260808,30.0,0.1,1.0,True,split-normal-in-log-mbh,0.16,0.14,0.16,0.14,asymmetric,False,mbh_minus_0p3dex,MBH -0.3 dex,global_comparison,all_sources,-0.3,6.760555663620944,6.849736882385947,6.989327859823659,7.147367100251113,7.2562879698607565,fedd0p3,0.3,4.385988733024679,4.475169951789682,4.614760929227394,4.7728001696548485,4.881721039264491,0.0083,0.0
v3-blagn,measurement,CEERS746_taylor24,CEERS746_taylor24,HZA-CEERS-746,CEERS-746,1,CEERS746_taylor24,True,only catalogue measurement in this release,5.623,1.011259266287056,CEERS,EGS,broad-line-agn,robust,individual_robust,taylor24_ceers_rubies_blagn,Table 1 (Sample of BLAGN),The Astrophysical Journal 986:165 (2025); arXiv:2409.06772v2,https://iopscience.iop.org/article/10.3847/1538-4357/add15b,10.3847/1538-4357/add15b,single-epoch-virial-halpha-reines2013,1.0,lrd,0.0,formal_mbh_errors_exclude_virial_systematic;nominal_mass_uncorrected_for_dust,Nominal Table 1 mass and Halpha flux are uncorrected for dust; formal MBH errors exclude the approximately 0.5 dex virial-calibration systematic.,10000,20260808,30.0,0.1,1.0,True,split-normal-in-log-mbh,0.16,0.14,0.16,0.14,asymmetric,False,mbh_minus_0p3dex,MBH -0.3 dex,global_comparison,all_sources,-0.3,6.760555663620944,6.849736882385947,6.989327859823659,7.147367100251113,7.2562879698607565,fedd1,1.0,-1.1546674383666067,-1.0654862196016042,-0.9258952421638917,-0.7678560017364375,-0.6589351321267949,0.0,0.0
v3-blagn,measurement,CEERS746_taylor24,CEERS746_taylor24,HZA-CEERS-746,CEERS-746,1,CEERS746_taylor24,True,only catalogue measurement in this release,5.623,1.011259266287056,CEERS,EGS,broad-line-agn,robust,individual_robust,taylor24_ceers_rubies_blagn,Table 1 (Sample of BLAGN),The Astrophysical Journal 986:165 (2025); arXiv:2409.06772v2,https://iopscience.iop.org/article/10.3847/1538-4357/add15b,10.3847/1538-4357/add15b,single-epoch-virial-halpha-reines2013,1.0,lrd,0.0,formal_mbh_errors_exclude_virial_systematic;nominal_mass_uncorrected_for_dust,Nominal Table 1 mass and Halpha flux are uncorrected for dust; formal MBH errors exclude the approximately 0.5 dex virial-calibration systematic.,10000,20260808,30.0,0.1,1.0,True,split-normal-in-log-mbh,0.16,0.14,0.16,0.14,asymmetric,False,mbh_plus_0p3dex,MBH +0.3 dex,global_comparison,all_sources,0.3,7.360555663620944,7.449736882385946,7.589327859823658,7.747367100251113,7.856287969860756,fedd0p3,0.3,4.985988733024679,5.0751699517896816,5.214760929227394,5.372800169654848,5.481721039264491,0.9358,0.0
v3-blagn,measurement,CEERS746_taylor24,CEERS746_taylor24,HZA-CEERS-746,CEERS-746,1,CEERS746_taylor24,True,only catalogue measurement in this release,5.623,1.011259266287056,CEERS,EGS,broad-line-agn,robust,individual_robust,taylor24_ceers_rubies_blagn,Table 1 (Sample of BLAGN),The Astrophysical Journal 986:165 (2025); arXiv:2409.06772v2,https://iopscience.iop.org/article/10.3847/1538-4357/add15b,10.3847/1538-4357/add15b,single-epoch-virial-halpha-reines2013,1.0,lrd,0.0,formal_mbh_errors_exclude_virial_systematic;nominal_mass_uncorrected_for_dust,Nominal Table 1 mass and Halpha flux are uncorrected for dust; formal MBH errors exclude the approximately 0.5 dex virial-calibration systematic.,10000,20260808,30.0,0.1,1.0,True,split-normal-in-log-mbh,0.16,0.14,0.16,0.14,asymmetric,False,mbh_plus_0p3dex,MBH +0.3 dex,global_comparison,all_sources,0.3,7.360555663620944,7.449736882385946,7.589327859823658,7.747367100251113,7.856287969860756,fedd1,1.0,-0.554667438366607,-0.4654862196016046,-0.3258952421638921,-0.16785600173643792,-0.0589351321267952,0.0,0.0
v3-blagn,measurement,CEERS746_taylor24,CEERS746_taylor24,HZA-CEERS-746,CEERS-746,1,CEERS746_taylor24,True,only catalogue measurement in this release,5.623,1.011259266287056,CEERS,EGS,broad-line-agn,robust,individual_robust,taylor24_ceers_rubies_blagn,Table 1 (Sample of BLAGN),The Astrophysical Journal 986:165 (2025); arXiv:2409.06772v2,https://iopscience.iop.org/article/10.3847/1538-4357/add15b,10.3847/1538-4357/add15b,single-epoch-virial-halpha-reines2013,1.0,lrd,0.0,formal_mbh_errors_exclude_virial_systematic;nominal_mass_uncorrected_for_dust,Nominal Table 1 mass and Halpha flux are uncorrected for dust; formal MBH errors exclude the approximately 0.5 dex virial-calibration systematic.,10000,20260808,30.0,0.1,1.0,True,split-normal-in-log-mbh,0.16,0.14,0.16,0.14,asymmetric,False,taylor_virial_minus_0p5dex,Taylor virial calibration sensitivity: MBH -0.5 dex,taylor_virial_calibration_sensitivity,taylor24_ceers_rubies_blagn_only,-0.5,6.560555663620944,6.649736882385946,6.7893278598236595,6.947367100251113,7.056287969860756,fedd0p3,0.3,4.185988733024678,4.275169951789681,4.414760929227394,4.5728001696548475,4.681721039264491,0.0005,0.0
v3-blagn,measurement,CEERS746_taylor24,CEERS746_taylor24,HZA-CEERS-746,CEERS-746,1,CEERS746_taylor24,True,only catalogue measurement in this release,5.623,1.011259266287056,CEERS,EGS,broad-line-agn,robust,individual_robust,taylor24_ceers_rubies_blagn,Table 1 (Sample of BLAGN),The Astrophysical Journal 986:165 (2025); arXiv:2409.06772v2,https://iopscience.iop.org/article/10.3847/1538-4357/add15b,10.3847/1538-4357/add15b,single-epoch-virial-halpha-reines2013,1.0,lrd,0.0,formal_mbh_errors_exclude_virial_systematic;nominal_mass_uncorrected_for_dust,Nominal Table 1 mass and Halpha flux are uncorrected for dust; formal MBH errors exclude the approximately 0.5 dex virial-calibration systematic.,10000,20260808,30.0,0.1,1.0,True,split-normal-in-log-mbh,0.16,0.14,0.16,0.14,asymmetric,False,taylor_virial_minus_0p5dex,Taylor virial calibration sensitivity: MBH -0.5 dex,taylor_virial_calibration_sensitivity,taylor24_ceers_rubies_blagn_only,-0.5,6.560555663620944,6.649736882385946,6.7893278598236595,6.947367100251113,7.056287969860756,fedd1,1.0,-1.3546674383666069,-1.2654862196016043,-1.125895242163892,-0.9678560017364377,-0.8589351321267951,0.0,0.0
v3-blagn,measurement,CEERS746_taylor24,CEERS746_taylor24,HZA-CEERS-746,CEERS-746,1,CEERS746_taylor24,True,only catalogue measurement in this release,5.623,1.011259266287056,CEERS,EGS,broad-line-agn,robust,individual_robust,taylor24_ceers_rubies_blagn,Table 1 (Sample of BLAGN),The Astrophysical Journal 986:165 (2025); arXiv:2409.06772v2,https://iopscience.iop.org/article/10.3847/1538-4357/add15b,10.3847/1538-4357/add15b,single-epoch-virial-halpha-reines2013,1.0,lrd,0.0,formal_mbh_errors_exclude_virial_systematic;nominal_mass_uncorrected_for_dust,Nominal Table 1 mass and Halpha flux are uncorrected for dust; formal MBH errors exclude the approximately 0.5 dex virial-calibration systematic.,10000,20260808,30.0,0.1,1.0,True,split-normal-in-log-mbh,0.16,0.14,0.16,0.14,asymmetric,False,taylor_virial_plus_0p5dex,Taylor virial calibration sensitivity: MBH +0.5 dex,taylor_virial_calibration_sensitivity,taylor24_ceers_rubies_blagn_only,0.5,7.560555663620944,7.649736882385946,7.7893278598236595,7.947367100251113,8.056287969860756,fedd0p3,0.3,5.185988733024678,5.275169951789681,5.414760929227394,5.5728001696548475,5.681721039264492,0.9984,0.0005
v3-blagn,measurement,CEERS746_taylor24,CEERS746_taylor24,HZA-CEERS-746,CEERS-746,1,CEERS746_taylor24,True,only catalogue measurement in this release,5.623,1.011259266287056,CEERS,EGS,broad-line-agn,robust,individual_robust,taylor24_ceers_rubies_blagn,Table 1 (Sample of BLAGN),The Astrophysical Journal 986:165 (2025); arXiv:2409.06772v2,https://iopscience.iop.org/article/10.3847/1538-4357/add15b,10.3847/1538-4357/add15b,single-epoch-virial-halpha-reines2013,1.0,lrd,0.0,formal_mbh_errors_exclude_virial_systematic;nominal_mass_uncorrected_for_dust,Nominal Table 1 mass and Halpha flux are uncorrected for dust; formal MBH errors exclude the approximately 0.5 dex virial-calibration systematic.,10000,20260808,30.0,0.1,1.0,True,split-normal-in-log-mbh,0.16,0.14,0.16,0.14,asymmetric,False,taylor_virial_plus_0p5dex,Taylor virial calibration sensitivity: MBH +0.5 dex,taylor_virial_calibration_sensitivity,taylor24_ceers_rubies_blagn_only,0.5,7.560555663620944,7.649736882385946,7.7893278598236595,7.947367100251113,8.056287969860756,fedd1,1.0,-0.35466743836660686,-0.2654862196016044,-0.12589524216389192,0.03214399826356226,0.14106486787320582,0.0,0.0
v3-blagn,measurement,GN1093_juodzbalis25,GN1093_juodzbalis25,HZA-GN-1093,GN-1093,1,GN1093_juodzbalis25,True,only catalogue measurement in this release,5.594,1.017921041692968,JADES,,broad-line-agn,robust,individual_robust,juodzbalis25_jades_blagn,"Table 2 (BH/Lbol/lambda_Edd), Table 5 (Mstar)",,,,single-epoch-virial-halpha,,not_reported_by_source,,,Robust sample; Mstar uses BEAGLE value.,10000,20260808,30.0,0.1,1.0,True,split-normal-in-log-mbh,0.34,0.33,0.34,0.33,asymmetric,False,baseline,reported MBH,none,all_sources,0.0,6.602574742626167,6.811695441489577,7.138522273198806,7.471502363922182,7.692802438621459,fedd0p3,0.3,4.210648778239104,4.4197694771025136,4.746596308811742,5.079576399535118,5.300876474234395,0.2232,0.0002
v3-blagn,measurement,GN1093_juodzbalis25,GN1093_juodzbalis25,HZA-GN-1093,GN-1093,1,GN1093_juodzbalis25,True,only catalogue measurement in this release,5.594,1.017921041692968,JADES,,broad-line-agn,robust,individual_robust,juodzbalis25_jades_blagn,"Table 2 (BH/Lbol/lambda_Edd), Table 5 (Mstar)",,,,single-epoch-virial-halpha,,not_reported_by_source,,,Robust sample; Mstar uses BEAGLE value.,10000,20260808,30.0,0.1,1.0,True,split-normal-in-log-mbh,0.34,0.33,0.34,0.33,asymmetric,False,baseline,reported MBH,none,all_sources,0.0,6.602574742626167,6.811695441489577,7.138522273198806,7.471502363922182,7.692802438621459,fedd1,1.0,-1.370511805330713,-1.1613911064673035,-0.8345642747580748,-0.501584184034698,-0.28028410933542114,0.0,0.0
v3-blagn,measurement,GN1093_juodzbalis25,GN1093_juodzbalis25,HZA-GN-1093,GN-1093,1,GN1093_juodzbalis25,True,only catalogue measurement in this release,5.594,1.017921041692968,JADES,,broad-line-agn,robust,individual_robust,juodzbalis25_jades_blagn,"Table 2 (BH/Lbol/lambda_Edd), Table 5 (Mstar)",,,,single-epoch-virial-halpha,,not_reported_by_source,,,Robust sample; Mstar uses BEAGLE value.,10000,20260808,30.0,0.1,1.0,True,split-normal-in-log-mbh,0.34,0.33,0.34,0.33,asymmetric,False,mbh_minus_0p3dex,MBH -0.3 dex,global_comparison,all_sources,-0.3,6.302574742626168,6.511695441489577,6.838522273198805,7.171502363922182,7.392802438621459,fedd0p3,0.3,3.910648778239104,4.119769477102513,4.446596308811742,4.779576399535119,5.000876474234396,0.0506,0.0
v3-blagn,measurement,GN1093_juodzbalis25,GN1093_juodzbalis25,HZA-GN-1093,GN-1093,1,GN1093_juodzbalis25,True,only catalogue measurement in this release,5.594,1.017921041692968,JADES,,broad-line-agn,robust,individual_robust,juodzbalis25_jades_blagn,"Table 2 (BH/Lbol/lambda_Edd), Table 5 (Mstar)",,,,single-epoch-virial-halpha,,not_reported_by_source,,,Robust sample; Mstar uses BEAGLE value.,10000,20260808,30.0,0.1,1.0,True,split-normal-in-log-mbh,0.34,0.33,0.34,0.33,asymmetric,False,mbh_minus_0p3dex,MBH -0.3 dex,global_comparison,all_sources,-0.3,6.302574742626168,6.511695441489577,6.838522273198805,7.171502363922182,7.392802438621459,fedd1,1.0,-1.6705118053307129,-1.4613911064673033,-1.1345642747580746,-0.8015841840346978,-0.580284109335421,0.0,0.0
v3-blagn,measurement,GN1093_juodzbalis25,GN1093_juodzbalis25,HZA-GN-1093,GN-1093,1,GN1093_juodzbalis25,True,only catalogue measurement in this release,5.594,1.017921041692968,JADES,,broad-line-agn,robust,individual_robust,juodzbalis25_jades_blagn,"Table 2 (BH/Lbol/lambda_Edd), Table 5 (Mstar)",,,,single-epoch-virial-halpha,,not_reported_by_source,,,Robust sample; Mstar uses BEAGLE value.,10000,20260808,30.0,0.1,1.0,True,split-normal-in-log-mbh,0.34,0.33,0.34,0.33,asymmetric,False,mbh_plus_0p3dex,MBH +0.3 dex,global_comparison,all_sources,0.3,6.902574742626167,7.1116954414895766,7.438522273198805,7.771502363922182,7.9928024386214584,fedd0p3,0.3,4.510648778239103,4.7197694771025125,5.046596308811742,5.379576399535119,5.600876474234395,0.5582,0.0021
v3-blagn,measurement,GN1093_juodzbalis25,GN1093_juodzbalis25,HZA-GN-1093,GN-1093,1,GN1093_juodzbalis25,True,only catalogue measurement in this release,5.594,1.017921041692968,JADES,,broad-line-agn,robust,individual_robust,juodzbalis25_jades_blagn,"Table 2 (BH/Lbol/lambda_Edd), Table 5 (Mstar)",,,,single-epoch-virial-halpha,,not_reported_by_source,,,Robust sample; Mstar uses BEAGLE value.,10000,20260808,30.0,0.1,1.0,True,split-normal-in-log-mbh,0.34,0.33,0.34,0.33,asymmetric,False,mbh_plus_0p3dex,MBH +0.3 dex,global_comparison,all_sources,0.3,6.902574742626167,7.1116954414895766,7.438522273198805,7.771502363922182,7.9928024386214584,fedd1,1.0,-1.0705118053307132,-0.8613911064673037,-0.534564274758075,-0.2015841840346982,0.019715890664578677,0.0,0.0
v3-blagn,measurement,GN11836_juodzbalis25,GN11836_juodzbalis25,HZA-GN-11836,GN-11836,1,GN11836_juodzbalis25,True,only catalogue measurement in this release,4.409,1.3687364986748385,JADES,,broad-line-agn,robust,individual_robust,juodzbalis25_jades_blagn,"Table 2 (BH/Lbol/lambda_Edd), Table 5 (Mstar)",,,,single-epoch-virial-halpha,,not_reported_by_source,,,Robust sample; Mstar uses BEAGLE value; published Table 2 MBH/Lbol/lambda_Edd triplet is internally inconsistent and is preserved verbatim pending source clarification.,10000,20260808,30.0,0.1,1.0,True,split-normal-in-log-mbh,0.32,0.32,0.32,0.32,symmetric_reported,False,baseline,reported MBH,none,all_sources,0.0,5.532445425648882,5.737382962327552,6.058034278388423,6.3761700709218605,6.594797475807034,fedd0p3,0.3,2.2263761584602544,2.431313695138924,2.751965011199795,3.0701008037332325,3.288728208618405,0.0,0.0
v3-blagn,measurement,GN11836_juodzbalis25,GN11836_juodzbalis25,HZA-GN-11836,GN-11836,1,GN11836_juodzbalis25,True,only catalogue measurement in this release,4.409,1.3687364986748385,JADES,,broad-line-agn,robust,individual_robust,juodzbalis25_jades_blagn,"Table 2 (BH/Lbol/lambda_Edd), Table 5 (Mstar)",,,,single-epoch-virial-halpha,,not_reported_by_source,,,Robust sample; Mstar uses BEAGLE value; published Table 2 MBH/Lbol/lambda_Edd triplet is internally inconsistent and is preserved verbatim pending source clarification.,10000,20260808,30.0,0.1,1.0,True,split-normal-in-log-mbh,0.32,0.32,0.32,0.32,symmetric_reported,False,baseline,reported MBH,none,all_sources,0.0,5.532445425648882,5.737382962327552,6.058034278388423,6.3761700709218605,6.594797475807034,fedd1,1.0,-5.487785464979877,-5.282847928301208,-4.962196612240337,-4.644060819706899,-4.425433414821726,0.0,0.0
v3-blagn,measurement,GN11836_juodzbalis25,GN11836_juodzbalis25,HZA-GN-11836,GN-11836,1,GN11836_juodzbalis25,True,only catalogue measurement in this release,4.409,1.3687364986748385,JADES,,broad-line-agn,robust,individual_robust,juodzbalis25_jades_blagn,"Table 2 (BH/Lbol/lambda_Edd), Table 5 (Mstar)",,,,single-epoch-virial-halpha,,not_reported_by_source,,,Robust sample; Mstar uses BEAGLE value; published Table 2 MBH/Lbol/lambda_Edd triplet is internally inconsistent and is preserved verbatim pending source clarification.,10000,20260808,30.0,0.1,1.0,True,split-normal-in-log-mbh,0.32,0.32,0.32,0.32,symmetric_reported,False,mbh_minus_0p3dex,MBH -0.3 dex,global_comparison,all_sources,-0.3,5.232445425648883,5.437382962327552,5.758034278388424,6.076170070921861,6.294797475807034,fedd0p3,0.3,1.9263761584602543,2.131313695138924,2.4519650111997953,2.7701008037332326,2.9887282086184053,0.0,0.0
v3-blagn,measurement,GN11836_juodzbalis25,GN11836_juodzbalis25,HZA-GN-11836,GN-11836,1,GN11836_juodzbalis25,True,only catalogue measurement in this release,4.409,1.3687364986748385,JADES,,broad-line-agn,robust,individual_robust,juodzbalis25_jades_blagn,"Table 2 (BH/Lbol/lambda_Edd), Table 5 (Mstar)",,,,single-epoch-virial-halpha,,not_reported_by_source,,,Robust sample; Mstar uses BEAGLE value; published Table 2 MBH/Lbol/lambda_Edd triplet is internally inconsistent and is preserved verbatim pending source clarification.,10000,20260808,30.0,0.1,1.0,True,split-normal-in-log-mbh,0.32,0.32,0.32,0.32,symmetric_reported,False,mbh_minus_0p3dex,MBH -0.3 dex,global_comparison,all_sources,-0.3,5.232445425648883,5.437382962327552,5.758034278388424,6.076170070921861,6.294797475807034,fedd1,1.0,-5.787785464979877,-5.582847928301208,-5.262196612240336,-4.944060819706899,-4.725433414821726,0.0,0.0
v3-blagn,measurement,GN11836_juodzbalis25,GN11836_juodzbalis25,HZA-GN-11836,GN-11836,1,GN11836_juodzbalis25,True,only catalogue measurement in this release,4.409,1.3687364986748385,JADES,,broad-line-agn,robust,individual_robust,juodzbalis25_jades_blagn,"Table 2 (BH/Lbol/lambda_Edd), Table 5 (Mstar)",,,,single-epoch-virial-halpha,,not_reported_by_source,,,Robust sample; Mstar uses BEAGLE value; published Table 2 MBH/Lbol/lambda_Edd triplet is internally inconsistent and is preserved verbatim pending source clarification.,10000,20260808,30.0,0.1,1.0,True,split-normal-in-log-mbh,0.32,0.32,0.32,0.32,symmetric_reported,False,mbh_plus_0p3dex,MBH +0.3 dex,global_comparison,all_sources,0.3,5.832445425648882,6.037382962327552,6.358034278388423,6.67617007092186,6.894797475807033,fedd0p3,0.3,2.526376158460254,2.731313695138924,3.051965011199795,3.3701008037332323,3.588728208618405,0.0,0.0
v3-blagn,measurement,GN11836_juodzbalis25,GN11836_juodzbalis25,HZA-GN-11836,GN-11836,1,GN11836_juodzbalis25,True,only catalogue measurement in this release,4.409,1.3687364986748385,JADES,,broad-line-agn,robust,individual_robust,juodzbalis25_jades_blagn,"Table 2 (BH/Lbol/lambda_Edd), Table 5 (Mstar)",,,,single-epoch-virial-halpha,,not_reported_by_source,,,Robust sample; Mstar uses BEAGLE value; published Table 2 MBH/Lbol/lambda_Edd triplet is internally inconsistent and is preserved verbatim pending source clarification.,10000,20260808,30.0,0.1,1.0,True,split-normal-in-log-mbh,0.32,0.32,0.32,0.32,symmetric_reported,False,mbh_plus_0p3dex,MBH +0.3 dex,global_comparison,all_sources,0.3,5.832445425648882,6.037382962327552,6.358034278388423,6.67617007092186,6.894797475807033,fedd1,1.0,-5.187785464979878,-4.982847928301208,-4.662196612240336,-4.3440608197068995,-4.125433414821726,0.0,0.0
v3-blagn,measurement,GN20621_juodzbalis25,GN20621_juodzbalis25,HZA-GN-20621,GN-20621,1,GN20621_juodzbalis25,True,only catalogue measurement in this release,4.682,1.2716827949057186,JADES,,broad-line-agn,robust,individual_robust,juodzbalis25_jades_blagn,"Table 2 (BH/Lbol/lambda_Edd), Table 5 (Mstar)",,,,single-epoch-virial-halpha,,not_reported_by_source,,,Robust sample; Mstar uses BEAGLE value.,10000,20260808,30.0,0.1,1.0,True,split-normal-in-log-mbh,0.35,0.34,0.35,0.34,asymmetric,False,baseline,reported MBH,none,all_sources,0.0,6.489481181098866,6.715144119555977,7.0509955843366505,7.398826812626034,7.622333121991758,fedd0p3,0.3,3.4363112418814477,3.6619741803385586,3.997825645119232,4.345656873408616,4.56916318277434,0.0022,0.0
v3-blagn,measurement,GN20621_juodzbalis25,GN20621_juodzbalis25,HZA-GN-20621,GN-20621,1,GN20621_juodzbalis25,True,only catalogue measurement in this release,4.682,1.2716827949057186,JADES,,broad-line-agn,robust,individual_robust,juodzbalis25_jades_blagn,"Table 2 (BH/Lbol/lambda_Edd), Table 5 (Mstar)",,,,single-epoch-virial-halpha,,not_reported_by_source,,,Robust sample; Mstar uses BEAGLE value.,10000,20260808,30.0,0.1,1.0,True,split-normal-in-log-mbh,0.35,0.34,0.35,0.34,asymmetric,False,baseline,reported MBH,none,all_sources,0.0,6.489481181098866,6.715144119555977,7.0509955843366505,7.398826812626034,7.622333121991758,fedd1,1.0,-3.687751949625862,-3.462089011168751,-3.1262375463880776,-2.778406318098695,-2.5549000087329703,0.0,0.0
v3-blagn,measurement,GN20621_juodzbalis25,GN20621_juodzbalis25,HZA-GN-20621,GN-20621,1,GN20621_juodzbalis25,True,only catalogue measurement in this release,4.682,1.2716827949057186,JADES,,broad-line-agn,robust,individual_robust,juodzbalis25_jades_blagn,"Table 2 (BH/Lbol/lambda_Edd), Table 5 (Mstar)",,,,single-epoch-virial-halpha,,not_reported_by_source,,,Robust sample; Mstar uses BEAGLE value.,10000,20260808,30.0,0.1,1.0,True,split-normal-in-log-mbh,0.35,0.34,0.35,0.34,asymmetric,False,mbh_minus_0p3dex,MBH -0.3 dex,global_comparison,all_sources,-0.3,6.189481181098866,6.415144119555977,6.750995584336651,7.098826812626034,7.3223331219917585,fedd0p3,0.3,3.136311241881448,3.3619741803385588,3.697825645119232,4.045656873408615,4.2691631827743395,0.0003,0.0
v3-blagn,measurement,GN20621_juodzbalis25,GN20621_juodzbalis25,HZA-GN-20621,GN-20621,1,GN20621_juodzbalis25,True,only catalogue measurement in this release,4.682,1.2716827949057186,JADES,,broad-line-agn,robust,individual_robust,juodzbalis25_jades_blagn,"Table 2 (BH/Lbol/lambda_Edd), Table 5 (Mstar)",,,,single-epoch-virial-halpha,,not_reported_by_source,,,Robust sample; Mstar uses BEAGLE value.,10000,20260808,30.0,0.1,1.0,True,split-normal-in-log-mbh,0.35,0.34,0.35,0.34,asymmetric,False,mbh_minus_0p3dex,MBH -0.3 dex,global_comparison,all_sources,-0.3,6.189481181098866,6.415144119555977,6.750995584336651,7.098826812626034,7.3223331219917585,fedd1,1.0,-3.9877519496258618,-3.762089011168751,-3.4262375463880774,-3.0784063180986947,-2.85490000873297,0.0,0.0
v3-blagn,measurement,GN20621_juodzbalis25,GN20621_juodzbalis25,HZA-GN-20621,GN-20621,1,GN20621_juodzbalis25,True,only catalogue measurement in this release,4.682,1.2716827949057186,JADES,,broad-line-agn,robust,individual_robust,juodzbalis25_jades_blagn,"Table 2 (BH/Lbol/lambda_Edd), Table 5 (Mstar)",,,,single-epoch-virial-halpha,,not_reported_by_source,,,Robust sample; Mstar uses BEAGLE value.,10000,20260808,30.0,0.1,1.0,True,split-normal-in-log-mbh,0.35,0.34,0.35,0.34,asymmetric,False,mbh_plus_0p3dex,MBH +0.3 dex,global_comparison,all_sources,0.3,6.789481181098866,7.015144119555977,7.35099558433665,7.6988268126260335,7.922333121991758,fedd0p3,0.3,3.7363112418814475,3.9619741803385584,4.297825645119231,4.6456568734086146,4.869163182774339,0.022,0.0
v3-blagn,measurement,GN20621_juodzbalis25,GN20621_juodzbalis25,HZA-GN-20621,GN-20621,1,GN20621_juodzbalis25,True,only catalogue measurement in this release,4.682,1.2716827949057186,JADES,,broad-line-agn,robust,individual_robust,juodzbalis25_jades_blagn,"Table 2 (BH/Lbol/lambda_Edd), Table 5 (Mstar)",,,,single-epoch-virial-halpha,,not_reported_by_source,,,Robust sample; Mstar uses BEAGLE value.,10000,20260808,30.0,0.1,1.0,True,split-normal-in-log-mbh,0.35,0.34,0.35,0.34,asymmetric,False,mbh_plus_0p3dex,MBH +0.3 dex,global_comparison,all_sources,0.3,6.789481181098866,7.015144119555977,7.35099558433665,7.6988268126260335,7.922333121991758,fedd1,1.0,-3.387751949625862,-3.162089011168751,-2.826237546388078,-2.478406318098695,-2.2549000087329705,0.0,0.0
v3-blagn,measurement,GN38509_juodzbalis25,GN38509_juodzbalis25,HZA-GN-38509,GN-38509,1,GN38509_juodzbalis25,True,only catalogue measurement in this release,6.678,0.8105236210227595,JADES,,broad-line-agn,robust,individual_robust,juodzbalis25_jades_blagn,"Table 2 (BH/Lbol/lambda_Edd), Table 5 (Mstar)",,,,single-epoch-virial-halpha,,not_reported_by_source,,,Robust sample; Mstar uses BEAGLE value.,10000,20260808,30.0,0.1,1.0,True,split-normal-in-log-mbh,0.37,0.38,0.37,0.38,asymmetric,False,baseline,reported MBH,none,all_sources,0.0,7.943703696463549,8.186450479505087,8.56898282638672,8.934019912763638,9.167269397657785,fedd0p3,0.3,6.092207064224719,6.334953847266257,6.717486194147889,7.082523280524808,7.315772765418955,1.0,0.9694
v3-blagn,measurement,GN38509_juodzbalis25,GN38509_juodzbalis25,HZA-GN-38509,GN-38509,1,GN38509_juodzbalis25,True,only catalogue measurement in this release,6.678,0.8105236210227595,JADES,,broad-line-agn,robust,individual_robust,juodzbalis25_jades_blagn,"Table 2 (BH/Lbol/lambda_Edd), Table 5 (Mstar)",,,,single-epoch-virial-halpha,,not_reported_by_source,,,Robust sample; Mstar uses BEAGLE value.,10000,20260808,30.0,0.1,1.0,True,split-normal-in-log-mbh,0.37,0.38,0.37,0.38,asymmetric,False,baseline,reported MBH,none,all_sources,0.0,7.943703696463549,8.186450479505087,8.56898282638672,8.934019912763638,9.167269397657785,fedd1,1.0,1.7720482556674484,2.0147950387089852,2.397327385590618,2.7623644719675373,2.9956139568616837,0.0,0.0
v3-blagn,measurement,GN38509_juodzbalis25,GN38509_juodzbalis25,HZA-GN-38509,GN-38509,1,GN38509_juodzbalis25,True,only catalogue measurement in this release,6.678,0.8105236210227595,JADES,,broad-line-agn,robust,individual_robust,juodzbalis25_jades_blagn,"Table 2 (BH/Lbol/lambda_Edd), Table 5 (Mstar)",,,,single-epoch-virial-halpha,,not_reported_by_source,,,Robust sample; Mstar uses BEAGLE value.,10000,20260808,30.0,0.1,1.0,True,split-normal-in-log-mbh,0.37,0.38,0.37,0.38,asymmetric,False,mbh_minus_0p3dex,MBH -0.3 dex,global_comparison,all_sources,-0.3,7.643703696463549,7.886450479505087,8.268982826386718,8.634019912763637,8.867269397657784,fedd0p3,0.3,5.792207064224719,6.034953847266257,6.417486194147888,6.782523280524807,7.015772765418954,1.0,0.8646
v3-blagn,measurement,GN38509_juodzbalis25,GN38509_juodzbalis25,HZA-GN-38509,GN-38509,1,GN38509_juodzbalis25,True,only catalogue measurement in this release,6.678,0.8105236210227595,JADES,,broad-line-agn,robust,individual_robust,juodzbalis25_jades_blagn,"Table 2 (BH/Lbol/lambda_Edd), Table 5 (Mstar)",,,,single-epoch-virial-halpha,,not_reported_by_source,,,Robust sample; Mstar uses BEAGLE value.,10000,20260808,30.0,0.1,1.0,True,split-normal-in-log-mbh,0.37,0.38,0.37,0.38,asymmetric,False,mbh_minus_0p3dex,MBH -0.3 dex,global_comparison,all_sources,-0.3,7.643703696463549,7.886450479505087,8.268982826386718,8.634019912763637,8.867269397657784,fedd1,1.0,1.4720482556674486,1.7147950387089856,2.097327385590617,2.4623644719675366,2.695613956861683,0.0,0.0
v3-blagn,measurement,GN38509_juodzbalis25,GN38509_juodzbalis25,HZA-GN-38509,GN-38509,1,GN38509_juodzbalis25,True,only catalogue measurement in this release,6.678,0.8105236210227595,JADES,,broad-line-agn,robust,individual_robust,juodzbalis25_jades_blagn,"Table 2 (BH/Lbol/lambda_Edd), Table 5 (Mstar)",,,,single-epoch-virial-halpha,,not_reported_by_source,,,Robust sample; Mstar uses BEAGLE value.,10000,20260808,30.0,0.1,1.0,True,split-normal-in-log-mbh,0.37,0.38,0.37,0.38,asymmetric,False,mbh_plus_0p3dex,MBH +0.3 dex,global_comparison,all_sources,0.3,8.24370369646355,8.486450479505088,8.86898282638672,9.234019912763639,9.467269397657786,fedd0p3,0.3,6.392207064224719,6.6349538472662575,7.01748619414789,7.382523280524809,7.6157727654189555,1.0,0.9968
v3-blagn,measurement,GN38509_juodzbalis25,GN38509_juodzbalis25,HZA-GN-38509,GN-38509,1,GN38509_juodzbalis25,True,only catalogue measurement in this release,6.678,0.8105236210227595,JADES,,broad-line-agn,robust,individual_robust,juodzbalis25_jades_blagn,"Table 2 (BH/Lbol/lambda_Edd), Table 5 (Mstar)",,,,single-epoch-virial-halpha,,not_reported_by_source,,,Robust sample; Mstar uses BEAGLE value.,10000,20260808,30.0,0.1,1.0,True,split-normal-in-log-mbh,0.37,0.38,0.37,0.38,asymmetric,False,mbh_plus_0p3dex,MBH +0.3 dex,global_comparison,all_sources,0.3,8.24370369646355,8.486450479505088,8.86898282638672,9.234019912763639,9.467269397657786,fedd1,1.0,2.072048255667448,2.314795038708986,2.6973273855906186,3.062364471967538,3.2956139568616845,0.0,0.0
v3-blagn,measurement,GN4685_juodzbalis25,GN4685_juodzbalis25,HZA-GN-4685,GN-4685,1,GN4685_juodzbalis25,True,only catalogue measurement in this release,7.415,0.7065452811411209,JADES,,broad-line-agn,tentative,stack_supported_tentative_hbeta,juodzbalis25_jades_blagn,"Table 2 (BH/Lbol/lambda_Edd), Table 5 (Mstar)",,,,single-epoch-virial-hbeta,,not_reported_by_source,,,Tentative broad-Hbeta sample; individual detection not formally significant; stack-supported; Mstar uses BEAGLE value.,10000,20260808,30.0,0.1,1.0,True,split-normal-in-log-mbh,0.45,0.42,0.45,0.42,asymmetric,False,baseline,reported MBH,none,all_sources,0.0,6.671778873625382,6.936329060824924,7.357263475307851,7.809916034816988,8.094211638712796,fedd0p3,0.3,5.09122555687489,5.355775744074433,5.776710158557361,6.229362718066496,6.513658321962304,0.9683,0.3121
v3-blagn,measurement,GN4685_juodzbalis25,GN4685_juodzbalis25,HZA-GN-4685,GN-4685,1,GN4685_juodzbalis25,True,only catalogue measurement in this release,7.415,0.7065452811411209,JADES,,broad-line-agn,tentative,stack_supported_tentative_hbeta,juodzbalis25_jades_blagn,"Table 2 (BH/Lbol/lambda_Edd), Table 5 (Mstar)",,,,single-epoch-virial-hbeta,,not_reported_by_source,,,Tentative broad-Hbeta sample; individual detection not formally significant; stack-supported; Mstar uses BEAGLE value.,10000,20260808,30.0,0.1,1.0,True,split-normal-in-log-mbh,0.45,0.42,0.45,0.42,asymmetric,False,baseline,reported MBH,none,all_sources,0.0,6.671778873625382,6.936329060824924,7.357263475307851,7.809916034816988,8.094211638712796,fedd1,1.0,1.4032678177904097,1.6678180049899518,2.0887524194728795,2.541404978982015,2.8257005828778237,0.0,0.0
v3-blagn,measurement,GN4685_juodzbalis25,GN4685_juodzbalis25,HZA-GN-4685,GN-4685,1,GN4685_juodzbalis25,True,only catalogue measurement in this release,7.415,0.7065452811411209,JADES,,broad-line-agn,tentative,stack_supported_tentative_hbeta,juodzbalis25_jades_blagn,"Table 2 (BH/Lbol/lambda_Edd), Table 5 (Mstar)",,,,single-epoch-virial-hbeta,,not_reported_by_source,,,Tentative broad-Hbeta sample; individual detection not formally significant; stack-supported; Mstar uses BEAGLE value.,10000,20260808,30.0,0.1,1.0,True,split-normal-in-log-mbh,0.45,0.42,0.45,0.42,asymmetric,False,mbh_minus_0p3dex,MBH -0.3 dex,global_comparison,all_sources,-0.3,6.371778873625382,6.636329060824925,7.0572634753078525,7.509916034816988,7.794211638712796,fedd0p3,0.3,4.79122555687489,5.055775744074433,5.47671015855736,5.929362718066496,6.2136583219623045,0.8721,0.1253
v3-blagn,measurement,GN4685_juodzbalis25,GN4685_juodzbalis25,HZA-GN-4685,GN-4685,1,GN4685_juodzbalis25,True,only catalogue measurement in this release,7.415,0.7065452811411209,JADES,,broad-line-agn,tentative,stack_supported_tentative_hbeta,juodzbalis25_jades_blagn,"Table 2 (BH/Lbol/lambda_Edd), Table 5 (Mstar)",,,,single-epoch-virial-hbeta,,not_reported_by_source,,,Tentative broad-Hbeta sample; individual detection not formally significant; stack-supported; Mstar uses BEAGLE value.,10000,20260808,30.0,0.1,1.0,True,split-normal-in-log-mbh,0.45,0.42,0.45,0.42,asymmetric,False,mbh_minus_0p3dex,MBH -0.3 dex,global_comparison,all_sources,-0.3,6.371778873625382,6.636329060824925,7.0572634753078525,7.509916034816988,7.794211638712796,fedd1,1.0,1.1032678177904098,1.367818004989952,1.7887524194728797,2.241404978982015,2.525700582877824,0.0,0.0
v3-blagn,measurement,GN4685_juodzbalis25,GN4685_juodzbalis25,HZA-GN-4685,GN-4685,1,GN4685_juodzbalis25,True,only catalogue measurement in this release,7.415,0.7065452811411209,JADES,,broad-line-agn,tentative,stack_supported_tentative_hbeta,juodzbalis25_jades_blagn,"Table 2 (BH/Lbol/lambda_Edd), Table 5 (Mstar)",,,,single-epoch-virial-hbeta,,not_reported_by_source,,,Tentative broad-Hbeta sample; individual detection not formally significant; stack-supported; Mstar uses BEAGLE value.,10000,20260808,30.0,0.1,1.0,True,split-normal-in-log-mbh,0.45,0.42,0.45,0.42,asymmetric,False,mbh_plus_0p3dex,MBH +0.3 dex,global_comparison,all_sources,0.3,6.971778873625381,7.236329060824924,7.657263475307852,8.109916034816987,8.394211638712797,fedd0p3,0.3,5.39122555687489,5.6557757440744325,6.0767101585573595,6.529362718066496,6.813658321962305,0.9953,0.5718
v3-blagn,measurement,GN4685_juodzbalis25,GN4685_juodzbalis25,HZA-GN-4685,GN-4685,1,GN4685_juodzbalis25,True,only catalogue measurement in this release,7.415,0.7065452811411209,JADES,,broad-line-agn,tentative,stack_supported_tentative_hbeta,juodzbalis25_jades_blagn,"Table 2 (BH/Lbol/lambda_Edd), Table 5 (Mstar)",,,,single-epoch-virial-hbeta,,not_reported_by_source,,,Tentative broad-Hbeta sample; individual detection not formally significant; stack-supported; Mstar uses BEAGLE value.,10000,20260808,30.0,0.1,1.0,True,split-normal-in-log-mbh,0.45,0.42,0.45,0.42,asymmetric,False,mbh_plus_0p3dex,MBH +0.3 dex,global_comparison,all_sources,0.3,6.971778873625381,7.236329060824924,7.657263475307852,8.109916034816987,8.394211638712797,fedd1,1.0,1.7032678177904095,1.9678180049899516,2.3887524194728793,2.841404978982015,3.1257005828778244,0.0,0.0
v3-blagn,measurement,GN53757_juodzbalis25,GN53757_juodzbalis25,HZA-GN-53757,GN-53757,1,GN53757_juodzbalis25,True,only catalogue measurement in this release,4.447,1.354502233183852,JADES,,broad-line-agn,robust,individual_robust,juodzbalis25_jades_blagn,"Table 2 (BH/Lbol/lambda_Edd), Table 5 (Mstar)",,,,single-epoch-virial-halpha,,not_reported_by_source,,,Robust sample; Mstar uses BEAGLE value.,10000,20260808,30.0,0.1,1.0,True,split-normal-in-log-mbh,0.31,0.31,0.31,0.31,symmetric_reported,False,baseline,reported MBH,none,all_sources,0.0,6.8248366747904425,7.02405546835862,7.326606925553489,7.636850179216499,7.828497733695161,fedd0p3,0.3,3.5558585853419022,3.7550773789100798,4.057628836104948,4.3678720897679595,4.559519644246621,0.001,0.0
v3-blagn,measurement,GN53757_juodzbalis25,GN53757_juodzbalis25,HZA-GN-53757,GN-53757,1,GN53757_juodzbalis25,True,only catalogue measurement in this release,4.447,1.354502233183852,JADES,,broad-line-agn,robust,individual_robust,juodzbalis25_jades_blagn,"Table 2 (BH/Lbol/lambda_Edd), Table 5 (Mstar)",,,,single-epoch-virial-halpha,,not_reported_by_source,,,Robust sample; Mstar uses BEAGLE value.,10000,20260808,30.0,0.1,1.0,True,split-normal-in-log-mbh,0.31,0.31,0.31,0.31,symmetric_reported,False,baseline,reported MBH,none,all_sources,0.0,6.8248366747904425,7.02405546835862,7.326606925553489,7.636850179216499,7.828497733695161,fedd1,1.0,-4.071756956704694,-3.8725381631365163,-3.5699867059416475,-3.259743452278637,-3.068095897799975,0.0,0.0
v3-blagn,measurement,GN53757_juodzbalis25,GN53757_juodzbalis25,HZA-GN-53757,GN-53757,1,GN53757_juodzbalis25,True,only catalogue measurement in this release,4.447,1.354502233183852,JADES,,broad-line-agn,robust,individual_robust,juodzbalis25_jades_blagn,"Table 2 (BH/Lbol/lambda_Edd), Table 5 (Mstar)",,,,single-epoch-virial-halpha,,not_reported_by_source,,,Robust sample; Mstar uses BEAGLE value.,10000,20260808,30.0,0.1,1.0,True,split-normal-in-log-mbh,0.31,0.31,0.31,0.31,symmetric_reported,False,mbh_minus_0p3dex,MBH -0.3 dex,global_comparison,all_sources,-0.3,6.524836674790443,6.72405546835862,7.026606925553489,7.3368501792164995,7.528497733695161,fedd0p3,0.3,3.2558585853419024,3.45507737891008,3.757628836104949,4.067872089767959,4.2595196442466206,0.0,0.0
v3-blagn,measurement,GN53757_juodzbalis25,GN53757_juodzbalis25,HZA-GN-53757,GN-53757,1,GN53757_juodzbalis25,True,only catalogue measurement in this release,4.447,1.354502233183852,JADES,,broad-line-agn,robust,individual_robust,juodzbalis25_jades_blagn,"Table 2 (BH/Lbol/lambda_Edd), Table 5 (Mstar)",,,,single-epoch-virial-halpha,,not_reported_by_source,,,Robust sample; Mstar uses BEAGLE value.,10000,20260808,30.0,0.1,1.0,True,split-normal-in-log-mbh,0.31,0.31,0.31,0.31,symmetric_reported,False,mbh_minus_0p3dex,MBH -0.3 dex,global_comparison,all_sources,-0.3,6.524836674790443,6.72405546835862,7.026606925553489,7.3368501792164995,7.528497733695161,fedd1,1.0,-4.371756956704694,-4.172538163136516,-3.8699867059416473,-3.559743452278637,-3.3680958977999746,0.0,0.0
v3-blagn,measurement,GN53757_juodzbalis25,GN53757_juodzbalis25,HZA-GN-53757,GN-53757,1,GN53757_juodzbalis25,True,only catalogue measurement in this release,4.447,1.354502233183852,JADES,,broad-line-agn,robust,individual_robust,juodzbalis25_jades_blagn,"Table 2 (BH/Lbol/lambda_Edd), Table 5 (Mstar)",,,,single-epoch-virial-halpha,,not_reported_by_source,,,Robust sample; Mstar uses BEAGLE value.,10000,20260808,30.0,0.1,1.0,True,split-normal-in-log-mbh,0.31,0.31,0.31,0.31,symmetric_reported,False,mbh_plus_0p3dex,MBH +0.3 dex,global_comparison,all_sources,0.3,7.124836674790442,7.32405546835862,7.626606925553489,7.936850179216499,8.128497733695163,fedd0p3,0.3,3.855858585341902,4.05507737891008,4.357628836104949,4.667872089767958,4.859519644246622,0.0179,0.0
v3-blagn,measurement,GN53757_juodzbalis25,GN53757_juodzbalis25,HZA-GN-53757,GN-53757,1,GN53757_juodzbalis25,True,only catalogue measurement in this release,4.447,1.354502233183852,JADES,,broad-line-agn,robust,individual_robust,juodzbalis25_jades_blagn,"Table 2 (BH/Lbol/lambda_Edd), Table 5 (Mstar)",,,,single-epoch-virial-halpha,,not_reported_by_source,,,Robust sample; Mstar uses BEAGLE value.,10000,20260808,30.0,0.1,1.0,True,split-normal-in-log-mbh,0.31,0.31,0.31,0.31,symmetric_reported,False,mbh_plus_0p3dex,MBH +0.3 dex,global_comparison,all_sources,0.3,7.124836674790442,7.32405546835862,7.626606925553489,7.936850179216499,8.128497733695163,fedd1,1.0,-3.771756956704694,-3.5725381631365165,-3.2699867059416476,-2.959743452278637,-2.7680958977999746,0.0,0.0
v3-blagn,measurement,GN61888_juodzbalis25,GN61888_juodzbalis25,HZA-GN-61888,GN-61888,1,GN61888_juodzbalis25,True,only catalogue measurement in this release,5.874,0.9565050566273134,JADES,,broad-line-agn,robust,individual_robust,juodzbalis25_jades_blagn,"Table 2 (BH/Lbol/lambda_Edd), Table 5 (Mstar)",,,,single-epoch-virial-halpha,,not_reported_by_source,,,Robust sample; Mstar uses BEAGLE value.,10000,20260808,30.0,0.1,1.0,True,split-normal-in-log-mbh,0.33,0.32,0.33,0.32,asymmetric,False,baseline,reported MBH,none,all_sources,0.0,6.504475640810435,6.713602444492182,7.037134603150292,7.367811465882652,7.577532677101122,fedd0p3,0.3,4.272585416911369,4.481712220593115,4.805244379251226,5.135921241983586,5.345642453202056,0.2856,0.0001
v3-blagn,measurement,GN61888_juodzbalis25,GN61888_juodzbalis25,HZA-GN-61888,GN-61888,1,GN61888_juodzbalis25,True,only catalogue measurement in this release,5.874,0.9565050566273134,JADES,,broad-line-agn,robust,individual_robust,juodzbalis25_jades_blagn,"Table 2 (BH/Lbol/lambda_Edd), Table 5 (Mstar)",,,,single-epoch-virial-halpha,,not_reported_by_source,,,Robust sample; Mstar uses BEAGLE value.,10000,20260808,30.0,0.1,1.0,True,split-normal-in-log-mbh,0.33,0.32,0.33,0.32,asymmetric,False,baseline,reported MBH,none,all_sources,0.0,6.504475640810435,6.713602444492182,7.037134603150292,7.367811465882652,7.577532677101122,fedd1,1.0,-0.9351584388531194,-0.7260316351713735,-0.4024994765132619,-0.07182261378090282,0.13789859743756808,0.0,0.0
v3-blagn,measurement,GN61888_juodzbalis25,GN61888_juodzbalis25,HZA-GN-61888,GN-61888,1,GN61888_juodzbalis25,True,only catalogue measurement in this release,5.874,0.9565050566273134,JADES,,broad-line-agn,robust,individual_robust,juodzbalis25_jades_blagn,"Table 2 (BH/Lbol/lambda_Edd), Table 5 (Mstar)",,,,single-epoch-virial-halpha,,not_reported_by_source,,,Robust sample; Mstar uses BEAGLE value.,10000,20260808,30.0,0.1,1.0,True,split-normal-in-log-mbh,0.33,0.32,0.33,0.32,asymmetric,False,mbh_minus_0p3dex,MBH -0.3 dex,global_comparison,all_sources,-0.3,6.204475640810435,6.413602444492182,6.737134603150293,7.067811465882652,7.277532677101123,fedd0p3,0.3,3.972585416911369,4.181712220593115,4.505244379251227,4.835921241983586,5.045642453202056,0.0665,0.0
v3-blagn,measurement,GN61888_juodzbalis25,GN61888_juodzbalis25,HZA-GN-61888,GN-61888,1,GN61888_juodzbalis25,True,only catalogue measurement in this release,5.874,0.9565050566273134,JADES,,broad-line-agn,robust,individual_robust,juodzbalis25_jades_blagn,"Table 2 (BH/Lbol/lambda_Edd), Table 5 (Mstar)",,,,single-epoch-virial-halpha,,not_reported_by_source,,,Robust sample; Mstar uses BEAGLE value.,10000,20260808,30.0,0.1,1.0,True,split-normal-in-log-mbh,0.33,0.32,0.33,0.32,asymmetric,False,mbh_minus_0p3dex,MBH -0.3 dex,global_comparison,all_sources,-0.3,6.204475640810435,6.413602444492182,6.737134603150293,7.067811465882652,7.277532677101123,fedd1,1.0,-1.2351584388531192,-1.0260316351713734,-0.7024994765132617,-0.37182261378090264,-0.16210140256243175,0.0,0.0
v3-blagn,measurement,GN61888_juodzbalis25,GN61888_juodzbalis25,HZA-GN-61888,GN-61888,1,GN61888_juodzbalis25,True,only catalogue measurement in this release,5.874,0.9565050566273134,JADES,,broad-line-agn,robust,individual_robust,juodzbalis25_jades_blagn,"Table 2 (BH/Lbol/lambda_Edd), Table 5 (Mstar)",,,,single-epoch-virial-halpha,,not_reported_by_source,,,Robust sample; Mstar uses BEAGLE value.,10000,20260808,30.0,0.1,1.0,True,split-normal-in-log-mbh,0.33,0.32,0.33,0.32,asymmetric,False,mbh_plus_0p3dex,MBH +0.3 dex,global_comparison,all_sources,0.3,6.804475640810435,7.013602444492181,7.337134603150293,7.667811465882652,7.877532677101122,fedd0p3,0.3,4.572585416911369,4.781712220593115,5.105244379251227,5.435921241983586,5.645642453202056,0.6291,0.0021
v3-blagn,measurement,GN61888_juodzbalis25,GN61888_juodzbalis25,HZA-GN-61888,GN-61888,1,GN61888_juodzbalis25,True,only catalogue measurement in this release,5.874,0.9565050566273134,JADES,,broad-line-agn,robust,individual_robust,juodzbalis25_jades_blagn,"Table 2 (BH/Lbol/lambda_Edd), Table 5 (Mstar)",,,,single-epoch-virial-halpha,,not_reported_by_source,,,Robust sample; Mstar uses BEAGLE value.,10000,20260808,30.0,0.1,1.0,True,split-normal-in-log-mbh,0.33,0.32,0.33,0.32,asymmetric,False,mbh_plus_0p3dex,MBH +0.3 dex,global_comparison,all_sources,0.3,6.804475640810435,7.013602444492181,7.337134603150293,7.667811465882652,7.877532677101122,fedd1,1.0,-0.6351584388531196,-0.42603163517137366,-0.10249947651326208,0.228177386219097,0.43789859743756787,0.0,0.0
v3-blagn,measurement,GN62309_juodzbalis25,GN62309_juodzbalis25,HZA-GN-62309,GN-62309,1,GN62309_juodzbalis25,True,only catalogue measurement in this release,5.172,1.123773752688261,JADES,,broad-line-agn,robust,individual_robust,juodzbalis25_jades_blagn,"Table 2 (BH/Lbol/lambda_Edd), Table 5 (Mstar)",,,,single-epoch-virial-halpha,,not_reported_by_source,,,Robust sample; Mstar uses BEAGLE value.,10000,20260808,30.0,0.1,1.0,True,split-normal-in-log-mbh,0.36,0.33,0.36,0.33,asymmetric,False,baseline,reported MBH,none,all_sources,0.0,5.745270438530786,5.967212717186108,6.288191260904693,6.643472888634192,6.889708405163536,fedd0p3,0.3,3.077516984465189,3.2994592631205113,3.620437806839096,3.9757194345685956,4.22195495109794,0.0003,0.0
v3-blagn,measurement,GN62309_juodzbalis25,GN62309_juodzbalis25,HZA-GN-62309,GN-62309,1,GN62309_juodzbalis25,True,only catalogue measurement in this release,5.172,1.123773752688261,JADES,,broad-line-agn,robust,individual_robust,juodzbalis25_jades_blagn,"Table 2 (BH/Lbol/lambda_Edd), Table 5 (Mstar)",,,,single-epoch-virial-halpha,,not_reported_by_source,,,Robust sample; Mstar uses BEAGLE value.,10000,20260808,30.0,0.1,1.0,True,split-normal-in-log-mbh,0.36,0.33,0.36,0.33,asymmetric,False,baseline,reported MBH,none,all_sources,0.0,5.745270438530786,5.967212717186108,6.288191260904693,6.643472888634192,6.889708405163536,fedd1,1.0,-3.1472410750212036,-2.9252987963658814,-2.604320252647297,-2.249038624917797,-2.0028031083884534,0.0,0.0
v3-blagn,measurement,GN62309_juodzbalis25,GN62309_juodzbalis25,HZA-GN-62309,GN-62309,1,GN62309_juodzbalis25,True,only catalogue measurement in this release,5.172,1.123773752688261,JADES,,broad-line-agn,robust,individual_robust,juodzbalis25_jades_blagn,"Table 2 (BH/Lbol/lambda_Edd), Table 5 (Mstar)",,,,single-epoch-virial-halpha,,not_reported_by_source,,,Robust sample; Mstar uses BEAGLE value.,10000,20260808,30.0,0.1,1.0,True,split-normal-in-log-mbh,0.36,0.33,0.36,0.33,asymmetric,False,mbh_minus_0p3dex,MBH -0.3 dex,global_comparison,all_sources,-0.3,5.445270438530786,5.667212717186108,5.988191260904692,6.343472888634192,6.589708405163536,fedd0p3,0.3,2.7775169844651892,2.9994592631205115,3.320437806839096,3.6757194345685957,3.9219549510979395,0.0,0.0
v3-blagn,measurement,GN62309_juodzbalis25,GN62309_juodzbalis25,HZA-GN-62309,GN-62309,1,GN62309_juodzbalis25,True,only catalogue measurement in this release,5.172,1.123773752688261,JADES,,broad-line-agn,robust,individual_robust,juodzbalis25_jades_blagn,"Table 2 (BH/Lbol/lambda_Edd), Table 5 (Mstar)",,,,single-epoch-virial-halpha,,not_reported_by_source,,,Robust sample; Mstar uses BEAGLE value.,10000,20260808,30.0,0.1,1.0,True,split-normal-in-log-mbh,0.36,0.33,0.36,0.33,asymmetric,False,mbh_minus_0p3dex,MBH -0.3 dex,global_comparison,all_sources,-0.3,5.445270438530786,5.667212717186108,5.988191260904692,6.343472888634192,6.589708405163536,fedd1,1.0,-3.4472410750212035,-3.2252987963658812,-2.9043202526472967,-2.549038624917797,-2.3028031083884533,0.0,0.0
v3-blagn,measurement,GN62309_juodzbalis25,GN62309_juodzbalis25,HZA-GN-62309,GN-62309,1,GN62309_juodzbalis25,True,only catalogue measurement in this release,5.172,1.123773752688261,JADES,,broad-line-agn,robust,individual_robust,juodzbalis25_jades_blagn,"Table 2 (BH/Lbol/lambda_Edd), Table 5 (Mstar)",,,,single-epoch-virial-halpha,,not_reported_by_source,,,Robust sample; Mstar uses BEAGLE value.,10000,20260808,30.0,0.1,1.0,True,split-normal-in-log-mbh,0.36,0.33,0.36,0.33,asymmetric,False,mbh_plus_0p3dex,MBH +0.3 dex,global_comparison,all_sources,0.3,6.045270438530785,6.267212717186108,6.588191260904692,6.943472888634192,7.189708405163536,fedd0p3,0.3,3.377516984465189,3.599459263120511,3.9204378068390957,4.275719434568595,4.521954951097939,0.0012,0.0
v3-blagn,measurement,GN62309_juodzbalis25,GN62309_juodzbalis25,HZA-GN-62309,GN-62309,1,GN62309_juodzbalis25,True,only catalogue measurement in this release,5.172,1.123773752688261,JADES,,broad-line-agn,robust,individual_robust,juodzbalis25_jades_blagn,"Table 2 (BH/Lbol/lambda_Edd), Table 5 (Mstar)",,,,single-epoch-virial-halpha,,not_reported_by_source,,,Robust sample; Mstar uses BEAGLE value.,10000,20260808,30.0,0.1,1.0,True,split-normal-in-log-mbh,0.36,0.33,0.36,0.33,asymmetric,False,mbh_plus_0p3dex,MBH +0.3 dex,global_comparison,all_sources,0.3,6.045270438530785,6.267212717186108,6.588191260904692,6.943472888634192,7.189708405163536,fedd1,1.0,-2.847241075021204,-2.6252987963658816,-2.304320252647297,-1.9490386249177973,-1.7028031083884536,0.0,0.0
v3-blagn,measurement,GN73488_juodzbalis25,GN73488_juodzbalis25,HZA-GN-73488,GN-73488,1,GN73488_juodzbalis25,True,only catalogue measurement in this release,4.133,1.4800317329113224,JADES,,broad-line-agn,robust,individual_robust,juodzbalis25_jades_blagn,"Table 2 (BH/Lbol/lambda_Edd), Table 5 (Mstar)",,,,single-epoch-virial-halpha,,not_reported_by_source,,,Robust sample; Mstar uses BEAGLE value.,10000,20260808,30.0,0.1,1.0,True,split-normal-in-log-mbh,0.3,0.3,0.3,0.3,symmetric_reported,False,baseline,reported MBH,none,all_sources,0.0,7.338063057734711,7.531387332659719,7.826159160592072,8.128407944967003,8.326260426586858,fedd0p3,0.3,3.7419843539998743,3.935308628924882,4.230080456857234,4.5323292412321665,4.730181722852022,0.0064,0.0
v3-blagn,measurement,GN73488_juodzbalis25,GN73488_juodzbalis25,HZA-GN-73488,GN-73488,1,GN73488_juodzbalis25,True,only catalogue measurement in this release,4.133,1.4800317329113224,JADES,,broad-line-agn,robust,individual_robust,juodzbalis25_jades_blagn,"Table 2 (BH/Lbol/lambda_Edd), Table 5 (Mstar)",,,,single-epoch-virial-halpha,,not_reported_by_source,,,Robust sample; Mstar uses BEAGLE value.,10000,20260808,30.0,0.1,1.0,True,split-normal-in-log-mbh,0.3,0.3,0.3,0.3,symmetric_reported,False,baseline,reported MBH,none,all_sources,0.0,7.338063057734711,7.531387332659719,7.826159160592072,8.128407944967003,8.326260426586858,fedd1,1.0,-4.648865954714747,-4.455541679789739,-4.160769851857387,-3.8585210674824553,-3.6606685858626,0.0,0.0
v3-blagn,measurement,GN73488_juodzbalis25,GN73488_juodzbalis25,HZA-GN-73488,GN-73488,1,GN73488_juodzbalis25,True,only catalogue measurement in this release,4.133,1.4800317329113224,JADES,,broad-line-agn,robust,individual_robust,juodzbalis25_jades_blagn,"Table 2 (BH/Lbol/lambda_Edd), Table 5 (Mstar)",,,,single-epoch-virial-halpha,,not_reported_by_source,,,Robust sample; Mstar uses BEAGLE value.,10000,20260808,30.0,0.1,1.0,True,split-normal-in-log-mbh,0.3,0.3,0.3,0.3,symmetric_reported,False,mbh_minus_0p3dex,MBH -0.3 dex,global_comparison,all_sources,-0.3,7.038063057734711,7.231387332659719,7.526159160592071,7.828407944967004,8.026260426586857,fedd0p3,0.3,3.4419843539998745,3.635308628924882,3.9300804568572345,4.232329241232167,4.430181722852021,0.0003,0.0
v3-blagn,measurement,GN73488_juodzbalis25,GN73488_juodzbalis25,HZA-GN-73488,GN-73488,1,GN73488_juodzbalis25,True,only catalogue measurement in this release,4.133,1.4800317329113224,JADES,,broad-line-agn,robust,individual_robust,juodzbalis25_jades_blagn,"Table 2 (BH/Lbol/lambda_Edd), Table 5 (Mstar)",,,,single-epoch-virial-halpha,,not_reported_by_source,,,Robust sample; Mstar uses BEAGLE value.,10000,20260808,30.0,0.1,1.0,True,split-normal-in-log-mbh,0.3,0.3,0.3,0.3,symmetric_reported,False,mbh_minus_0p3dex,MBH -0.3 dex,global_comparison,all_sources,-0.3,7.038063057734711,7.231387332659719,7.526159160592071,7.828407944967004,8.026260426586857,fedd1,1.0,-4.948865954714747,-4.755541679789739,-4.460769851857387,-4.158521067482455,-3.9606685858626007,0.0,0.0
v3-blagn,measurement,GN73488_juodzbalis25,GN73488_juodzbalis25,HZA-GN-73488,GN-73488,1,GN73488_juodzbalis25,True,only catalogue measurement in this release,4.133,1.4800317329113224,JADES,,broad-line-agn,robust,individual_robust,juodzbalis25_jades_blagn,"Table 2 (BH/Lbol/lambda_Edd), Table 5 (Mstar)",,,,single-epoch-virial-halpha,,not_reported_by_source,,,Robust sample; Mstar uses BEAGLE value.,10000,20260808,30.0,0.1,1.0,True,split-normal-in-log-mbh,0.3,0.3,0.3,0.3,symmetric_reported,False,mbh_plus_0p3dex,MBH +0.3 dex,global_comparison,all_sources,0.3,7.638063057734711,7.831387332659719,8.12615916059207,8.428407944967004,8.626260426586859,fedd0p3,0.3,4.041984353999874,4.235308628924882,4.530080456857235,4.832329241232167,5.0301817228520225,0.0611,0.0
v3-blagn,measurement,GN73488_juodzbalis25,GN73488_juodzbalis25,HZA-GN-73488,GN-73488,1,GN73488_juodzbalis25,True,only catalogue measurement in this release,4.133,1.4800317329113224,JADES,,broad-line-agn,robust,individual_robust,juodzbalis25_jades_blagn,"Table 2 (BH/Lbol/lambda_Edd), Table 5 (Mstar)",,,,single-epoch-virial-halpha,,not_reported_by_source,,,Robust sample; Mstar uses BEAGLE value.,10000,20260808,30.0,0.1,1.0,True,split-normal-in-log-mbh,0.3,0.3,0.3,0.3,symmetric_reported,False,mbh_plus_0p3dex,MBH +0.3 dex,global_comparison,all_sources,0.3,7.638063057734711,7.831387332659719,8.12615916059207,8.428407944967004,8.626260426586859,fedd1,1.0,-4.348865954714747,-4.1555416797897395,-3.8607698518573867,-3.5585210674824546,-3.3606685858625993,0.0,0.0
v3-blagn,measurement,GN77652_juodzbalis25,GN77652_juodzbalis25,HZA-GN-77652,GN-77652,1,GN77652_juodzbalis25,True,only catalogue measurement in this release,5.229,1.108430210684669,JADES,,broad-line-agn,robust,individual_robust,juodzbalis25_jades_blagn,"Table 2 (BH/Lbol/lambda_Edd), Table 5 (Mstar)",,,,single-epoch-virial-halpha,,not_reported_by_source,,,Robust sample; Mstar uses BEAGLE value.,10000,20260808,30.0,0.1,1.0,True,split-normal-in-log-mbh,0.34,0.32,0.34,0.32,asymmetric,False,baseline,reported MBH,none,all_sources,0.0,6.0941595214099795,6.303301542607382,6.621660340032852,6.965526582691136,7.181599864137997,fedd0p3,0.3,3.4663877610944476,3.675529782291851,3.9938885797173196,4.337754822375604,4.553828103822465,0.0012,0.0
v3-blagn,measurement,GN77652_juodzbalis25,GN77652_juodzbalis25,HZA-GN-77652,GN-77652,1,GN77652_juodzbalis25,True,only catalogue measurement in this release,5.229,1.108430210684669,JADES,,broad-line-agn,robust,individual_robust,juodzbalis25_jades_blagn,"Table 2 (BH/Lbol/lambda_Edd), Table 5 (Mstar)",,,,single-epoch-virial-halpha,,not_reported_by_source,,,Robust sample; Mstar uses BEAGLE value.,10000,20260808,30.0,0.1,1.0,True,split-normal-in-log-mbh,0.34,0.32,0.34,0.32,asymmetric,False,baseline,reported MBH,none,all_sources,0.0,6.0941595214099795,6.303301542607382,6.621660340032852,6.965526582691136,7.181599864137997,fedd1,1.0,-2.6650796796417957,-2.4559376584443924,-2.1375788610189237,-1.7937126183606389,-1.5776393369137782,0.0,0.0
v3-blagn,measurement,GN77652_juodzbalis25,GN77652_juodzbalis25,HZA-GN-77652,GN-77652,1,GN77652_juodzbalis25,True,only catalogue measurement in this release,5.229,1.108430210684669,JADES,,broad-line-agn,robust,individual_robust,juodzbalis25_jades_blagn,"Table 2 (BH/Lbol/lambda_Edd), Table 5 (Mstar)",,,,single-epoch-virial-halpha,,not_reported_by_source,,,Robust sample; Mstar uses BEAGLE value.,10000,20260808,30.0,0.1,1.0,True,split-normal-in-log-mbh,0.34,0.32,0.34,0.32,asymmetric,False,mbh_minus_0p3dex,MBH -0.3 dex,global_comparison,all_sources,-0.3,5.79415952140998,6.003301542607383,6.321660340032851,6.665526582691136,6.881599864137997,fedd0p3,0.3,3.1663877610944478,3.375529782291851,3.6938885797173198,4.037754822375604,4.253828103822466,0.0002,0.0
v3-blagn,measurement,GN77652_juodzbalis25,GN77652_juodzbalis25,HZA-GN-77652,GN-77652,1,GN77652_juodzbalis25,True,only catalogue measurement in this release,5.229,1.108430210684669,JADES,,broad-line-agn,robust,individual_robust,juodzbalis25_jades_blagn,"Table 2 (BH/Lbol/lambda_Edd), Table 5 (Mstar)",,,,single-epoch-virial-halpha,,not_reported_by_source,,,Robust sample; Mstar uses BEAGLE value.,10000,20260808,30.0,0.1,1.0,True,split-normal-in-log-mbh,0.34,0.32,0.34,0.32,asymmetric,False,mbh_minus_0p3dex,MBH -0.3 dex,global_comparison,all_sources,-0.3,5.79415952140998,6.003301542607383,6.321660340032851,6.665526582691136,6.881599864137997,fedd1,1.0,-2.9650796796417955,-2.755937658444392,-2.4375788610189235,-2.0937126183606387,-1.877639336913778,0.0,0.0
v3-blagn,measurement,GN77652_juodzbalis25,GN77652_juodzbalis25,HZA-GN-77652,GN-77652,1,GN77652_juodzbalis25,True,only catalogue measurement in this release,5.229,1.108430210684669,JADES,,broad-line-agn,robust,individual_robust,juodzbalis25_jades_blagn,"Table 2 (BH/Lbol/lambda_Edd), Table 5 (Mstar)",,,,single-epoch-virial-halpha,,not_reported_by_source,,,Robust sample; Mstar uses BEAGLE value.,10000,20260808,30.0,0.1,1.0,True,split-normal-in-log-mbh,0.34,0.32,0.34,0.32,asymmetric,False,mbh_plus_0p3dex,MBH +0.3 dex,global_comparison,all_sources,0.3,6.394159521409979,6.603301542607382,6.921660340032851,7.265526582691136,7.481599864137997,fedd0p3,0.3,3.7663877610944474,3.9755297822918507,4.293888579717319,4.637754822375603,4.853828103822465,0.0205,0.0
v3-blagn,measurement,GN77652_juodzbalis25,GN77652_juodzbalis25,HZA-GN-77652,GN-77652,1,GN77652_juodzbalis25,True,only catalogue measurement in this release,5.229,1.108430210684669,JADES,,broad-line-agn,robust,individual_robust,juodzbalis25_jades_blagn,"Table 2 (BH/Lbol/lambda_Edd), Table 5 (Mstar)",,,,single-epoch-virial-halpha,,not_reported_by_source,,,Robust sample; Mstar uses BEAGLE value.,10000,20260808,30.0,0.1,1.0,True,split-normal-in-log-mbh,0.34,0.32,0.34,0.32,asymmetric,False,mbh_plus_0p3dex,MBH +0.3 dex,global_comparison,all_sources,0.3,6.394159521409979,6.603301542607382,6.921660340032851,7.265526582691136,7.481599864137997,fedd1,1.0,-2.365079679641796,-2.1559376584443926,-1.8375788610189239,-1.493712618360639,-1.2776393369137784,0.0,0.0
v3-blagn,measurement,GN954_juodzbalis25,GN954_juodzbalis25,HZA-GN-954,GN-954,1,GN954_juodzbalis25,True,only catalogue measurement in this release,6.759,0.7978843566184635,JADES,,broad-line-agn,robust,individual_robust,juodzbalis25_jades_blagn,"Table 2 (BH/Lbol/lambda_Edd), Table 5 (Mstar)",,,,single-epoch-virial-halpha,,not_reported_by_source,,,Robust sample; Mstar uses BEAGLE value.,10000,20260808,30.0,0.1,1.0,True,split-normal-in-log-mbh,0.31,0.32,0.31,0.32,asymmetric,False,baseline,reported MBH,none,all_sources,0.0,7.15423895211061,7.37436479536994,7.6996154166067345,8.00201138800949,8.196891273150333,fedd0p3,0.3,5.335677296588392,5.555803139847721,5.881053761084516,6.183449732487272,6.378329617628116,0.9966,0.3501
v3-blagn,measurement,GN954_juodzbalis25,GN954_juodzbalis25,HZA-GN-954,GN-954,1,GN954_juodzbalis25,True,only catalogue measurement in this release,6.759,0.7978843566184635,JADES,,broad-line-agn,robust,individual_robust,juodzbalis25_jades_blagn,"Table 2 (BH/Lbol/lambda_Edd), Table 5 (Mstar)",,,,single-epoch-virial-halpha,,not_reported_by_source,,,Robust sample; Mstar uses BEAGLE value.,10000,20260808,30.0,0.1,1.0,True,split-normal-in-log-mbh,0.31,0.32,0.31,0.32,asymmetric,False,baseline,reported MBH,none,all_sources,0.0,7.15423895211061,7.37436479536994,7.6996154166067345,8.00201138800949,8.196891273150333,fedd1,1.0,1.0923667670365478,1.3124926102958778,1.637743231532672,1.9401392029354292,2.135019088076272,0.0,0.0
v3-blagn,measurement,GN954_juodzbalis25,GN954_juodzbalis25,HZA-GN-954,GN-954,1,GN954_juodzbalis25,True,only catalogue measurement in this release,6.759,0.7978843566184635,JADES,,broad-line-agn,robust,individual_robust,juodzbalis25_jades_blagn,"Table 2 (BH/Lbol/lambda_Edd), Table 5 (Mstar)",,,,single-epoch-virial-halpha,,not_reported_by_source,,,Robust sample; Mstar uses BEAGLE value.,10000,20260808,30.0,0.1,1.0,True,split-normal-in-log-mbh,0.31,0.32,0.31,0.32,asymmetric,False,mbh_minus_0p3dex,MBH -0.3 dex,global_comparison,all_sources,-0.3,6.85423895211061,7.07436479536994,7.399615416606734,7.702011388009491,7.8968912731503345,fedd0p3,0.3,5.035677296588392,5.255803139847721,5.581053761084515,5.883449732487272,6.078329617628116,0.9611,0.0851
v3-blagn,measurement,GN954_juodzbalis25,GN954_juodzbalis25,HZA-GN-954,GN-954,1,GN954_juodzbalis25,True,only catalogue measurement in this release,6.759,0.7978843566184635,JADES,,broad-line-agn,robust,individual_robust,juodzbalis25_jades_blagn,"Table 2 (BH/Lbol/lambda_Edd), Table 5 (Mstar)",,,,single-epoch-virial-halpha,,not_reported_by_source,,,Robust sample; Mstar uses BEAGLE value.,10000,20260808,30.0,0.1,1.0,True,split-normal-in-log-mbh,0.31,0.32,0.31,0.32,asymmetric,False,mbh_minus_0p3dex,MBH -0.3 dex,global_comparison,all_sources,-0.3,6.85423895211061,7.07436479536994,7.399615416606734,7.702011388009491,7.8968912731503345,fedd1,1.0,0.792366767036548,1.012492610295878,1.3377432315326723,1.6401392029354294,1.835019088076272,0.0,0.0
v3-blagn,measurement,GN954_juodzbalis25,GN954_juodzbalis25,HZA-GN-954,GN-954,1,GN954_juodzbalis25,True,only catalogue measurement in this release,6.759,0.7978843566184635,JADES,,broad-line-agn,robust,individual_robust,juodzbalis25_jades_blagn,"Table 2 (BH/Lbol/lambda_Edd), Table 5 (Mstar)",,,,single-epoch-virial-halpha,,not_reported_by_source,,,Robust sample; Mstar uses BEAGLE value.,10000,20260808,30.0,0.1,1.0,True,split-normal-in-log-mbh,0.31,0.32,0.31,0.32,asymmetric,False,mbh_plus_0p3dex,MBH +0.3 dex,global_comparison,all_sources,0.3,7.45423895211061,7.674364795369939,7.9996154166067335,8.302011388009491,8.496891273150334,fedd0p3,0.3,5.6356772965883914,5.855803139847721,6.181053761084515,6.483449732487273,6.678329617628116,0.9997,0.7103
v3-blagn,measurement,GN954_juodzbalis25,GN954_juodzbalis25,HZA-GN-954,GN-954,1,GN954_juodzbalis25,True,only catalogue measurement in this release,6.759,0.7978843566184635,JADES,,broad-line-agn,robust,individual_robust,juodzbalis25_jades_blagn,"Table 2 (BH/Lbol/lambda_Edd), Table 5 (Mstar)",,,,single-epoch-virial-halpha,,not_reported_by_source,,,Robust sample; Mstar uses BEAGLE value.,10000,20260808,30.0,0.1,1.0,True,split-normal-in-log-mbh,0.31,0.32,0.31,0.32,asymmetric,False,mbh_plus_0p3dex,MBH +0.3 dex,global_comparison,all_sources,0.3,7.45423895211061,7.674364795369939,7.9996154166067335,8.302011388009491,8.496891273150334,fedd1,1.0,1.3923667670365476,1.6124926102958776,1.937743231532672,2.24013920293543,2.4350190880762725,0.0,0.0
v3-blagn,measurement,GS10013704_juodzbalis25,GS10013704_juodzbalis25,HZA-GS-10013704,GS-10013704,1,GS10013704_juodzbalis25,True,only catalogue measurement in this release,5.919,0.947209215281436,JADES,,broad-line-agn,robust,individual_robust,juodzbalis25_jades_blagn,"Table 2 (BH/Lbol/lambda_Edd), Table 5 (Mstar)",,,,single-epoch-virial-halpha,,not_reported_by_source,,,Robust sample; Mstar uses BEAGLE value.,10000,20260808,30.0,0.1,1.0,True,split-normal-in-log-mbh,0.31,0.31,0.31,0.31,symmetric_reported,False,baseline,reported MBH,none,all_sources,0.0,6.935316361831824,7.132210544768035,7.440258241594713,7.7505802953302325,7.959333108158971,fedd0p3,0.3,4.727648933539735,4.924543116475944,5.2325908133026235,5.542912867038142,5.75166567986688,0.7719,0.007
v3-blagn,measurement,GS10013704_juodzbalis25,GS10013704_juodzbalis25,HZA-GS-10013704,GS-10013704,1,GS10013704_juodzbalis25,True,only catalogue measurement in this release,5.919,0.947209215281436,JADES,,broad-line-agn,robust,individual_robust,juodzbalis25_jades_blagn,"Table 2 (BH/Lbol/lambda_Edd), Table 5 (Mstar)",,,,single-epoch-virial-halpha,,not_reported_by_source,,,Robust sample; Mstar uses BEAGLE value.,10000,20260808,30.0,0.1,1.0,True,split-normal-in-log-mbh,0.31,0.31,0.31,0.31,symmetric_reported,False,baseline,reported MBH,none,all_sources,0.0,6.935316361831824,7.132210544768035,7.440258241594713,7.7505802953302325,7.959333108158971,fedd1,1.0,-0.4235750658084755,-0.22668088287226537,0.08136681395441325,0.3916888676899326,0.6004416805186708,0.0,0.0
v3-blagn,measurement,GS10013704_juodzbalis25,GS10013704_juodzbalis25,HZA-GS-10013704,GS-10013704,1,GS10013704_juodzbalis25,True,only catalogue measurement in this release,5.919,0.947209215281436,JADES,,broad-line-agn,robust,individual_robust,juodzbalis25_jades_blagn,"Table 2 (BH/Lbol/lambda_Edd), Table 5 (Mstar)",,,,single-epoch-virial-halpha,,not_reported_by_source,,,Robust sample; Mstar uses BEAGLE value.,10000,20260808,30.0,0.1,1.0,True,split-normal-in-log-mbh,0.31,0.31,0.31,0.31,symmetric_reported,False,mbh_minus_0p3dex,MBH -0.3 dex,global_comparison,all_sources,-0.3,6.6353163618318245,6.832210544768035,7.140258241594713,7.450580295330233,7.659333108158971,fedd0p3,0.3,4.427648933539734,4.6245431164759445,4.932590813302623,5.242912867038143,5.451665679866881,0.4147,0.0002
v3-blagn,measurement,GS10013704_juodzbalis25,GS10013704_juodzbalis25,HZA-GS-10013704,GS-10013704,1,GS10013704_juodzbalis25,True,only catalogue measurement in this release,5.919,0.947209215281436,JADES,,broad-line-agn,robust,individual_robust,juodzbalis25_jades_blagn,"Table 2 (BH/Lbol/lambda_Edd), Table 5 (Mstar)",,,,single-epoch-virial-halpha,,not_reported_by_source,,,Robust sample; Mstar uses BEAGLE value.,10000,20260808,30.0,0.1,1.0,True,split-normal-in-log-mbh,0.31,0.31,0.31,0.31,symmetric_reported,False,mbh_minus_0p3dex,MBH -0.3 dex,global_comparison,all_sources,-0.3,6.6353163618318245,6.832210544768035,7.140258241594713,7.450580295330233,7.659333108158971,fedd1,1.0,-0.7235750658084753,-0.5266808828722652,-0.21863318604558657,0.09168886768993278,0.300441680518671,0.0,0.0
v3-blagn,measurement,GS10013704_juodzbalis25,GS10013704_juodzbalis25,HZA-GS-10013704,GS-10013704,1,GS10013704_juodzbalis25,True,only catalogue measurement in this release,5.919,0.947209215281436,JADES,,broad-line-agn,robust,individual_robust,juodzbalis25_jades_blagn,"Table 2 (BH/Lbol/lambda_Edd), Table 5 (Mstar)",,,,single-epoch-virial-halpha,,not_reported_by_source,,,Robust sample; Mstar uses BEAGLE value.,10000,20260808,30.0,0.1,1.0,True,split-normal-in-log-mbh,0.31,0.31,0.31,0.31,symmetric_reported,False,mbh_plus_0p3dex,MBH +0.3 dex,global_comparison,all_sources,0.3,7.235316361831824,7.432210544768035,7.740258241594713,8.050580295330233,8.259333108158971,fedd0p3,0.3,5.027648933539734,5.224543116475944,5.5325908133026225,5.842912867038143,6.051665679866881,0.9578,0.0683
v3-blagn,measurement,GS10013704_juodzbalis25,GS10013704_juodzbalis25,HZA-GS-10013704,GS-10013704,1,GS10013704_juodzbalis25,True,only catalogue measurement in this release,5.919,0.947209215281436,JADES,,broad-line-agn,robust,individual_robust,juodzbalis25_jades_blagn,"Table 2 (BH/Lbol/lambda_Edd), Table 5 (Mstar)",,,,single-epoch-virial-halpha,,not_reported_by_source,,,Robust sample; Mstar uses BEAGLE value.,10000,20260808,30.0,0.1,1.0,True,split-normal-in-log-mbh,0.31,0.31,0.31,0.31,symmetric_reported,False,mbh_plus_0p3dex,MBH +0.3 dex,global_comparison,all_sources,0.3,7.235316361831824,7.432210544768035,7.740258241594713,8.050580295330233,8.259333108158971,fedd1,1.0,-0.12357506580847567,0.07331911712773444,0.3813668139544131,0.6916888676899332,0.9004416805186715,0.0,0.0
v3-blagn,measurement,GS159717_juodzbalis25,GS159717_juodzbalis25,HZA-GS-159717,GS-159717,1,GS159717_juodzbalis25,True,only catalogue measurement in this release,5.077,1.1501440446728537,JADES,,broad-line-agn,robust,individual_robust,juodzbalis25_jades_blagn,"Table 2 (BH/Lbol/lambda_Edd), Table 5 (Mstar)",,,,single-epoch-virial-halpha,,not_reported_by_source,,,Robust sample; BEAGLE Mstar unavailable in Table 5.,10000,20260808,30.0,0.1,1.0,True,split-normal-in-log-mbh,0.3,0.3,0.3,0.3,symmetric_reported,False,baseline,reported MBH,none,all_sources,0.0,6.9403764414873566,7.151887093678091,7.447122549269937,7.741895380558478,7.938978475519319,fedd0p3,0.3,4.203908153651243,4.415418805841978,4.710654261433824,5.005427092722364,5.202510187683205,0.1642,0.0
v3-blagn,measurement,GS159717_juodzbalis25,GS159717_juodzbalis25,HZA-GS-159717,GS-159717,1,GS159717_juodzbalis25,True,only catalogue measurement in this release,5.077,1.1501440446728537,JADES,,broad-line-agn,robust,individual_robust,juodzbalis25_jades_blagn,"Table 2 (BH/Lbol/lambda_Edd), Table 5 (Mstar)",,,,single-epoch-virial-halpha,,not_reported_by_source,,,Robust sample; BEAGLE Mstar unavailable in Table 5.,10000,20260808,30.0,0.1,1.0,True,split-normal-in-log-mbh,0.3,0.3,0.3,0.3,symmetric_reported,False,baseline,reported MBH,none,all_sources,0.0,6.9403764414873566,7.151887093678091,7.447122549269937,7.741895380558478,7.938978475519319,fedd1,1.0,-2.181184517966357,-1.9696738657756219,-1.6744384101837761,-1.3796655788952361,-1.1825824839343952,0.0,0.0
v3-blagn,measurement,GS159717_juodzbalis25,GS159717_juodzbalis25,HZA-GS-159717,GS-159717,1,GS159717_juodzbalis25,True,only catalogue measurement in this release,5.077,1.1501440446728537,JADES,,broad-line-agn,robust,individual_robust,juodzbalis25_jades_blagn,"Table 2 (BH/Lbol/lambda_Edd), Table 5 (Mstar)",,,,single-epoch-virial-halpha,,not_reported_by_source,,,Robust sample; BEAGLE Mstar unavailable in Table 5.,10000,20260808,30.0,0.1,1.0,True,split-normal-in-log-mbh,0.3,0.3,0.3,0.3,symmetric_reported,False,mbh_minus_0p3dex,MBH -0.3 dex,global_comparison,all_sources,-0.3,6.640376441487357,6.851887093678092,7.1471225492699375,7.441895380558478,7.638978475519319,fedd0p3,0.3,3.903908153651243,4.115418805841978,4.410654261433824,4.705427092722364,4.902510187683205,0.0239,0.0
v3-blagn,measurement,GS159717_juodzbalis25,GS159717_juodzbalis25,HZA-GS-159717,GS-159717,1,GS159717_juodzbalis25,True,only catalogue measurement in this release,5.077,1.1501440446728537,JADES,,broad-line-agn,robust,individual_robust,juodzbalis25_jades_blagn,"Table 2 (BH/Lbol/lambda_Edd), Table 5 (Mstar)",,,,single-epoch-virial-halpha,,not_reported_by_source,,,Robust sample; BEAGLE Mstar unavailable in Table 5.,10000,20260808,30.0,0.1,1.0,True,split-normal-in-log-mbh,0.3,0.3,0.3,0.3,symmetric_reported,False,mbh_minus_0p3dex,MBH -0.3 dex,global_comparison,all_sources,-0.3,6.640376441487357,6.851887093678092,7.1471225492699375,7.441895380558478,7.638978475519319,fedd1,1.0,-2.4811845179663568,-2.2696738657756215,-1.974438410183776,-1.679665578895236,-1.482582483934395,0.0,0.0
v3-blagn,measurement,GS159717_juodzbalis25,GS159717_juodzbalis25,HZA-GS-159717,GS-159717,1,GS159717_juodzbalis25,True,only catalogue measurement in this release,5.077,1.1501440446728537,JADES,,broad-line-agn,robust,individual_robust,juodzbalis25_jades_blagn,"Table 2 (BH/Lbol/lambda_Edd), Table 5 (Mstar)",,,,single-epoch-virial-halpha,,not_reported_by_source,,,Robust sample; BEAGLE Mstar unavailable in Table 5.,10000,20260808,30.0,0.1,1.0,True,split-normal-in-log-mbh,0.3,0.3,0.3,0.3,symmetric_reported,False,mbh_plus_0p3dex,MBH +0.3 dex,global_comparison,all_sources,0.3,7.240376441487356,7.451887093678091,7.747122549269937,8.041895380558477,8.238978475519318,fedd0p3,0.3,4.503908153651243,4.715418805841978,5.010654261433824,5.305427092722365,5.502510187683205,0.5159,0.0003
v3-blagn,measurement,GS159717_juodzbalis25,GS159717_juodzbalis25,HZA-GS-159717,GS-159717,1,GS159717_juodzbalis25,True,only catalogue measurement in this release,5.077,1.1501440446728537,JADES,,broad-line-agn,robust,individual_robust,juodzbalis25_jades_blagn,"Table 2 (BH/Lbol/lambda_Edd), Table 5 (Mstar)",,,,single-epoch-virial-halpha,,not_reported_by_source,,,Robust sample; BEAGLE Mstar unavailable in Table 5.,10000,20260808,30.0,0.1,1.0,True,split-normal-in-log-mbh,0.3,0.3,0.3,0.3,symmetric_reported,False,mbh_plus_0p3dex,MBH +0.3 dex,global_comparison,all_sources,0.3,7.240376441487356,7.451887093678091,7.747122549269937,8.041895380558477,8.238978475519318,fedd1,1.0,-1.8811845179663573,-1.669673865775622,-1.3744384101837763,-1.0796655788952354,-0.8825824839343953,0.0,0.0
v3-blagn,measurement,GS164055_juodzbalis25,GS164055_juodzbalis25,HZA-GS-164055,GS-164055,1,GS164055_juodzbalis25,True,only catalogue measurement in this release,7.397,0.7088155769811714,JADES,,broad-line-agn,tentative,stack_supported_tentative_hbeta,juodzbalis25_jades_blagn,"Table 2 (BH/Lbol/lambda_Edd), Table 5 (Mstar)",,,,single-epoch-virial-hbeta,,not_reported_by_source,,,Tentative broad-Hbeta sample; individual detection not formally significant; stack-supported; source-adopted CIGALE Mstar used because the host is significantly extended.,10000,20260808,30.0,0.1,1.0,True,split-normal-in-log-mbh,0.59,0.66,0.59,0.66,asymmetric,False,baseline,reported MBH,none,all_sources,0.0,6.579019445077022,6.990884899839855,7.655420622398573,8.225984904553949,8.619413765206625,fedd0p3,0.3,4.9925502665928,5.404415721355633,6.068951443914351,6.639515726069726,7.032944586722403,0.9486,0.5425
v3-blagn,measurement,GS164055_juodzbalis25,GS164055_juodzbalis25,HZA-GS-164055,GS-164055,1,GS164055_juodzbalis25,True,only catalogue measurement in this release,7.397,0.7088155769811714,JADES,,broad-line-agn,tentative,stack_supported_tentative_hbeta,juodzbalis25_jades_blagn,"Table 2 (BH/Lbol/lambda_Edd), Table 5 (Mstar)",,,,single-epoch-virial-hbeta,,not_reported_by_source,,,Tentative broad-Hbeta sample; individual detection not formally significant; stack-supported; source-adopted CIGALE Mstar used because the host is significantly extended.,10000,20260808,30.0,0.1,1.0,True,split-normal-in-log-mbh,0.59,0.66,0.59,0.66,asymmetric,False,baseline,reported MBH,none,all_sources,0.0,6.579019445077022,6.990884899839855,7.655420622398573,8.225984904553949,8.619413765206625,fedd1,1.0,1.2907888501296125,1.7026543048924467,2.3671900274511644,2.93775430960654,3.331183170259216,0.0,0.0
v3-blagn,measurement,GS164055_juodzbalis25,GS164055_juodzbalis25,HZA-GS-164055,GS-164055,1,GS164055_juodzbalis25,True,only catalogue measurement in this release,7.397,0.7088155769811714,JADES,,broad-line-agn,tentative,stack_supported_tentative_hbeta,juodzbalis25_jades_blagn,"Table 2 (BH/Lbol/lambda_Edd), Table 5 (Mstar)",,,,single-epoch-virial-hbeta,,not_reported_by_source,,,Tentative broad-Hbeta sample; individual detection not formally significant; stack-supported; source-adopted CIGALE Mstar used because the host is significantly extended.,10000,20260808,30.0,0.1,1.0,True,split-normal-in-log-mbh,0.59,0.66,0.59,0.66,asymmetric,False,mbh_minus_0p3dex,MBH -0.3 dex,global_comparison,all_sources,-0.3,6.279019445077022,6.690884899839856,7.355420622398574,7.925984904553949,8.319413765206624,fedd0p3,0.3,4.6925502665928,5.104415721355633,5.768951443914352,6.339515726069727,6.732944586722402,0.878,0.342
v3-blagn,measurement,GS164055_juodzbalis25,GS164055_juodzbalis25,HZA-GS-164055,GS-164055,1,GS164055_juodzbalis25,True,only catalogue measurement in this release,7.397,0.7088155769811714,JADES,,broad-line-agn,tentative,stack_supported_tentative_hbeta,juodzbalis25_jades_blagn,"Table 2 (BH/Lbol/lambda_Edd), Table 5 (Mstar)",,,,single-epoch-virial-hbeta,,not_reported_by_source,,,Tentative broad-Hbeta sample; individual detection not formally significant; stack-supported; source-adopted CIGALE Mstar used because the host is significantly extended.,10000,20260808,30.0,0.1,1.0,True,split-normal-in-log-mbh,0.59,0.66,0.59,0.66,asymmetric,False,mbh_minus_0p3dex,MBH -0.3 dex,global_comparison,all_sources,-0.3,6.279019445077022,6.690884899839856,7.355420622398574,7.925984904553949,8.319413765206624,fedd1,1.0,0.9907888501296127,1.402654304892447,2.0671900274511645,2.63775430960654,3.031183170259215,0.0,0.0
v3-blagn,measurement,GS164055_juodzbalis25,GS164055_juodzbalis25,HZA-GS-164055,GS-164055,1,GS164055_juodzbalis25,True,only catalogue measurement in this release,7.397,0.7088155769811714,JADES,,broad-line-agn,tentative,stack_supported_tentative_hbeta,juodzbalis25_jades_blagn,"Table 2 (BH/Lbol/lambda_Edd), Table 5 (Mstar)",,,,single-epoch-virial-hbeta,,not_reported_by_source,,,Tentative broad-Hbeta sample; individual detection not formally significant; stack-supported; source-adopted CIGALE Mstar used because the host is significantly extended.,10000,20260808,30.0,0.1,1.0,True,split-normal-in-log-mbh,0.59,0.66,0.59,0.66,asymmetric,False,mbh_plus_0p3dex,MBH +0.3 dex,global_comparison,all_sources,0.3,6.879019445077022,7.290884899839855,7.955420622398574,8.52598490455395,8.919413765206626,fedd0p3,0.3,5.2925502665928,5.704415721355633,6.3689514439143515,6.939515726069727,7.3329445867224035,0.9828,0.7073
v3-blagn,measurement,GS164055_juodzbalis25,GS164055_juodzbalis25,HZA-GS-164055,GS-164055,1,GS164055_juodzbalis25,True,only catalogue measurement in this release,7.397,0.7088155769811714,JADES,,broad-line-agn,tentative,stack_supported_tentative_hbeta,juodzbalis25_jades_blagn,"Table 2 (BH/Lbol/lambda_Edd), Table 5 (Mstar)",,,,single-epoch-virial-hbeta,,not_reported_by_source,,,Tentative broad-Hbeta sample; individual detection not formally significant; stack-supported; source-adopted CIGALE Mstar used because the host is significantly extended.,10000,20260808,30.0,0.1,1.0,True,split-normal-in-log-mbh,0.59,0.66,0.59,0.66,asymmetric,False,mbh_plus_0p3dex,MBH +0.3 dex,global_comparison,all_sources,0.3,6.879019445077022,7.290884899839855,7.955420622398574,8.52598490455395,8.919413765206626,fedd1,1.0,1.5907888501296124,2.0026543048924466,2.667190027451164,3.2377543096065406,3.6311831702592166,0.0,0.0
v3-blagn,measurement,GS172975_juodzbalis25,GS172975_juodzbalis25,HZA-GS-172975,GS-172975,1,GS172975_juodzbalis25,True,only catalogue measurement in this release,4.741,1.2522045591007307,JADES,,broad-line-agn,robust,individual_robust,juodzbalis25_jades_blagn,"Table 2 (BH/Lbol/lambda_Edd), Table 5 (Mstar)",,,,single-epoch-virial-halpha,,not_reported_by_source,,,Robust sample; Mstar uses BEAGLE value.,10000,20260808,30.0,0.1,1.0,True,split-normal-in-log-mbh,0.32,0.32,0.32,0.32,symmetric_reported,False,baseline,reported MBH,none,all_sources,0.0,6.727957389219493,6.934766041428806,7.247449625899942,7.561418700785763,7.760681655840775,fedd0p3,0.3,3.7255431919659743,3.932351844175287,4.245035428646424,4.559004503532244,4.758267458587256,0.008,0.0
v3-blagn,measurement,GS172975_juodzbalis25,GS172975_juodzbalis25,HZA-GS-172975,GS-172975,1,GS172975_juodzbalis25,True,only catalogue measurement in this release,4.741,1.2522045591007307,JADES,,broad-line-agn,robust,individual_robust,juodzbalis25_jades_blagn,"Table 2 (BH/Lbol/lambda_Edd), Table 5 (Mstar)",,,,single-epoch-virial-halpha,,not_reported_by_source,,,Robust sample; Mstar uses BEAGLE value.,10000,20260808,30.0,0.1,1.0,True,split-normal-in-log-mbh,0.32,0.32,0.32,0.32,symmetric_reported,False,baseline,reported MBH,none,all_sources,0.0,6.727957389219493,6.934766041428806,7.247449625899942,7.561418700785763,7.760681655840775,fedd1,1.0,-3.2800899349589043,-3.0732812827495914,-2.7605976982784552,-2.4466286233926344,-2.247365668337622,0.0,0.0
v3-blagn,measurement,GS172975_juodzbalis25,GS172975_juodzbalis25,HZA-GS-172975,GS-172975,1,GS172975_juodzbalis25,True,only catalogue measurement in this release,4.741,1.2522045591007307,JADES,,broad-line-agn,robust,individual_robust,juodzbalis25_jades_blagn,"Table 2 (BH/Lbol/lambda_Edd), Table 5 (Mstar)",,,,single-epoch-virial-halpha,,not_reported_by_source,,,Robust sample; Mstar uses BEAGLE value.,10000,20260808,30.0,0.1,1.0,True,split-normal-in-log-mbh,0.32,0.32,0.32,0.32,symmetric_reported,False,mbh_minus_0p3dex,MBH -0.3 dex,global_comparison,all_sources,-0.3,6.427957389219493,6.634766041428806,6.947449625899942,7.261418700785764,7.460681655840776,fedd0p3,0.3,3.4255431919659745,3.6323518441752873,3.9450354286464235,4.259004503532245,4.458267458587257,0.0006,0.0
v3-blagn,measurement,GS172975_juodzbalis25,GS172975_juodzbalis25,HZA-GS-172975,GS-172975,1,GS172975_juodzbalis25,True,only catalogue measurement in this release,4.741,1.2522045591007307,JADES,,broad-line-agn,robust,individual_robust,juodzbalis25_jades_blagn,"Table 2 (BH/Lbol/lambda_Edd), Table 5 (Mstar)",,,,single-epoch-virial-halpha,,not_reported_by_source,,,Robust sample; Mstar uses BEAGLE value.,10000,20260808,30.0,0.1,1.0,True,split-normal-in-log-mbh,0.32,0.32,0.32,0.32,symmetric_reported,False,mbh_minus_0p3dex,MBH -0.3 dex,global_comparison,all_sources,-0.3,6.427957389219493,6.634766041428806,6.947449625899942,7.261418700785764,7.460681655840776,fedd1,1.0,-3.580089934958904,-3.3732812827495913,-3.060597698278455,-2.7466286233926342,-2.547365668337622,0.0,0.0
v3-blagn,measurement,GS172975_juodzbalis25,GS172975_juodzbalis25,HZA-GS-172975,GS-172975,1,GS172975_juodzbalis25,True,only catalogue measurement in this release,4.741,1.2522045591007307,JADES,,broad-line-agn,robust,individual_robust,juodzbalis25_jades_blagn,"Table 2 (BH/Lbol/lambda_Edd), Table 5 (Mstar)",,,,single-epoch-virial-halpha,,not_reported_by_source,,,Robust sample; Mstar uses BEAGLE value.,10000,20260808,30.0,0.1,1.0,True,split-normal-in-log-mbh,0.32,0.32,0.32,0.32,symmetric_reported,False,mbh_plus_0p3dex,MBH +0.3 dex,global_comparison,all_sources,0.3,7.027957389219493,7.234766041428806,7.547449625899942,7.861418700785763,8.060681655840776,fedd0p3,0.3,4.025543191965974,4.232351844175287,4.545035428646423,4.859004503532245,5.058267458587257,0.0725,0.0
v3-blagn,measurement,GS172975_juodzbalis25,GS172975_juodzbalis25,HZA-GS-172975,GS-172975,1,GS172975_juodzbalis25,True,only catalogue measurement in this release,4.741,1.2522045591007307,JADES,,broad-line-agn,robust,individual_robust,juodzbalis25_jades_blagn,"Table 2 (BH/Lbol/lambda_Edd), Table 5 (Mstar)",,,,single-epoch-virial-halpha,,not_reported_by_source,,,Robust sample; Mstar uses BEAGLE value.,10000,20260808,30.0,0.1,1.0,True,split-normal-in-log-mbh,0.32,0.32,0.32,0.32,symmetric_reported,False,mbh_plus_0p3dex,MBH +0.3 dex,global_comparison,all_sources,0.3,7.027957389219493,7.234766041428806,7.547449625899942,7.861418700785763,8.060681655840776,fedd1,1.0,-2.9800899349589045,-2.7732812827495916,-2.4605976982784554,-2.1466286233926346,-1.9473656683376221,0.0,0.0
v3-blagn,measurement,GS20030333_juodzbalis25,GS20030333_juodzbalis25,HZA-GS-20030333,GS-20030333,1,GS20030333_juodzbalis25,True,only catalogue measurement in this release,7.891,0.6506319125565291,JADES,,broad-line-agn,tentative,stack_supported_tentative_hbeta,juodzbalis25_jades_blagn,"Table 2 (BH/Lbol/lambda_Edd), Table 5 (Mstar)",,,,single-epoch-virial-hbeta,,not_reported_by_source,,,Tentative broad-Hbeta sample; individual detection not formally significant; stack-supported; source-adopted CIGALE Mstar used because BEAGLE Mstar is unavailable.,10000,20260808,30.0,0.1,1.0,True,split-normal-in-log-mbh,0.65,0.48,0.65,0.48,asymmetric,False,baseline,reported MBH,none,all_sources,0.0,6.630086533302705,6.941626805345717,7.4136582958012305,8.063870731605915,8.492799966843506,fedd0p3,0.3,5.195230421197678,5.50677069324069,5.978802183696203,6.6290146195008885,7.05794385473848,0.9803,0.4868
v3-blagn,measurement,GS20030333_juodzbalis25,GS20030333_juodzbalis25,HZA-GS-20030333,GS-20030333,1,GS20030333_juodzbalis25,True,only catalogue measurement in this release,7.891,0.6506319125565291,JADES,,broad-line-agn,tentative,stack_supported_tentative_hbeta,juodzbalis25_jades_blagn,"Table 2 (BH/Lbol/lambda_Edd), Table 5 (Mstar)",,,,single-epoch-virial-hbeta,,not_reported_by_source,,,Tentative broad-Hbeta sample; individual detection not formally significant; stack-supported; source-adopted CIGALE Mstar used because BEAGLE Mstar is unavailable.,10000,20260808,30.0,0.1,1.0,True,split-normal-in-log-mbh,0.65,0.48,0.65,0.48,asymmetric,False,baseline,reported MBH,none,all_sources,0.0,6.630086533302705,6.941626805345717,7.4136582958012305,8.063870731605915,8.492799966843506,fedd1,1.0,1.847232826285949,2.1587730983289606,2.6308045887844744,3.28101702458916,3.7099462598267507,0.0001,0.0
v3-blagn,measurement,GS20030333_juodzbalis25,GS20030333_juodzbalis25,HZA-GS-20030333,GS-20030333,1,GS20030333_juodzbalis25,True,only catalogue measurement in this release,7.891,0.6506319125565291,JADES,,broad-line-agn,tentative,stack_supported_tentative_hbeta,juodzbalis25_jades_blagn,"Table 2 (BH/Lbol/lambda_Edd), Table 5 (Mstar)",,,,single-epoch-virial-hbeta,,not_reported_by_source,,,Tentative broad-Hbeta sample; individual detection not formally significant; stack-supported; source-adopted CIGALE Mstar used because BEAGLE Mstar is unavailable.,10000,20260808,30.0,0.1,1.0,True,split-normal-in-log-mbh,0.65,0.48,0.65,0.48,asymmetric,False,mbh_minus_0p3dex,MBH -0.3 dex,global_comparison,all_sources,-0.3,6.330086533302705,6.641626805345717,7.11365829580123,7.763870731605915,8.192799966843506,fedd0p3,0.3,4.895230421197678,5.20677069324069,5.678802183696204,6.329014619500889,6.757943854738479,0.9216,0.3121
v3-blagn,measurement,GS20030333_juodzbalis25,GS20030333_juodzbalis25,HZA-GS-20030333,GS-20030333,1,GS20030333_juodzbalis25,True,only catalogue measurement in this release,7.891,0.6506319125565291,JADES,,broad-line-agn,tentative,stack_supported_tentative_hbeta,juodzbalis25_jades_blagn,"Table 2 (BH/Lbol/lambda_Edd), Table 5 (Mstar)",,,,single-epoch-virial-hbeta,,not_reported_by_source,,,Tentative broad-Hbeta sample; individual detection not formally significant; stack-supported; source-adopted CIGALE Mstar used because BEAGLE Mstar is unavailable.,10000,20260808,30.0,0.1,1.0,True,split-normal-in-log-mbh,0.65,0.48,0.65,0.48,asymmetric,False,mbh_minus_0p3dex,MBH -0.3 dex,global_comparison,all_sources,-0.3,6.330086533302705,6.641626805345717,7.11365829580123,7.763870731605915,8.192799966843506,fedd1,1.0,1.5472328262859492,1.858773098328961,2.3308045887844746,2.98101702458916,3.40994625982675,0.0,0.0
v3-blagn,measurement,GS20030333_juodzbalis25,GS20030333_juodzbalis25,HZA-GS-20030333,GS-20030333,1,GS20030333_juodzbalis25,True,only catalogue measurement in this release,7.891,0.6506319125565291,JADES,,broad-line-agn,tentative,stack_supported_tentative_hbeta,juodzbalis25_jades_blagn,"Table 2 (BH/Lbol/lambda_Edd), Table 5 (Mstar)",,,,single-epoch-virial-hbeta,,not_reported_by_source,,,Tentative broad-Hbeta sample; individual detection not formally significant; stack-supported; source-adopted CIGALE Mstar used because BEAGLE Mstar is unavailable.,10000,20260808,30.0,0.1,1.0,True,split-normal-in-log-mbh,0.65,0.48,0.65,0.48,asymmetric,False,mbh_plus_0p3dex,MBH +0.3 dex,global_comparison,all_sources,0.3,6.930086533302704,7.2416268053457165,7.713658295801229,8.363870731605916,8.792799966843507,fedd0p3,0.3,5.495230421197678,5.80677069324069,6.278802183696204,6.929014619500889,7.357943854738481,0.9966,0.7227
v3-blagn,measurement,GS20030333_juodzbalis25,GS20030333_juodzbalis25,HZA-GS-20030333,GS-20030333,1,GS20030333_juodzbalis25,True,only catalogue measurement in this release,7.891,0.6506319125565291,JADES,,broad-line-agn,tentative,stack_supported_tentative_hbeta,juodzbalis25_jades_blagn,"Table 2 (BH/Lbol/lambda_Edd), Table 5 (Mstar)",,,,single-epoch-virial-hbeta,,not_reported_by_source,,,Tentative broad-Hbeta sample; individual detection not formally significant; stack-supported; source-adopted CIGALE Mstar used because BEAGLE Mstar is unavailable.,10000,20260808,30.0,0.1,1.0,True,split-normal-in-log-mbh,0.65,0.48,0.65,0.48,asymmetric,False,mbh_plus_0p3dex,MBH +0.3 dex,global_comparison,all_sources,0.3,6.930086533302704,7.2416268053457165,7.713658295801229,8.363870731605916,8.792799966843507,fedd1,1.0,2.147232826285949,2.4587730983289604,2.9308045887844743,3.5810170245891606,4.0099462598267515,0.0004,0.0
v3-blagn,measurement,GS20057765_juodzbalis25,GS20057765_juodzbalis25,HZA-GS-20057765,GS-20057765,1,GS20057765_juodzbalis25,True,only catalogue measurement in this release,8.913,0.5527336017822919,JADES,,broad-line-agn,tentative,stack_supported_tentative_hbeta,juodzbalis25_jades_blagn,"Table 2 (BH/Lbol/lambda_Edd), Table 5 (Mstar)",,,,single-epoch-virial-hbeta,,not_reported_by_source,,,Tentative broad-Hbeta sample; individual detection not formally significant; stack-supported; Mstar uses BEAGLE value.,10000,20260808,30.0,0.1,1.0,True,split-normal-in-log-mbh,0.62,0.7,0.62,0.7,asymmetric,False,baseline,reported MBH,none,all_sources,0.0,6.1760113683971785,6.6454624486941025,7.335766842530532,7.9614086037126555,8.350404337328053,fedd0p3,0.3,4.996255433233557,5.465706513530481,6.156010907366911,6.781652668549034,7.170648402164432,0.9492,0.5893
v3-blagn,measurement,GS20057765_juodzbalis25,GS20057765_juodzbalis25,HZA-GS-20057765,GS-20057765,1,GS20057765_juodzbalis25,True,only catalogue measurement in this release,8.913,0.5527336017822919,JADES,,broad-line-agn,tentative,stack_supported_tentative_hbeta,juodzbalis25_jades_blagn,"Table 2 (BH/Lbol/lambda_Edd), Table 5 (Mstar)",,,,single-epoch-virial-hbeta,,not_reported_by_source,,,Tentative broad-Hbeta sample; individual detection not formally significant; stack-supported; Mstar uses BEAGLE value.,10000,20260808,30.0,0.1,1.0,True,split-normal-in-log-mbh,0.62,0.7,0.62,0.7,asymmetric,False,baseline,reported MBH,none,all_sources,0.0,6.1760113683971785,6.6454624486941025,7.335766842530532,7.9614086037126555,8.350404337328053,fedd1,1.0,2.2434915845184413,2.712942664815366,3.4032470586517944,4.028888819833918,4.4178845534493165,0.0048,0.0
v3-blagn,measurement,GS20057765_juodzbalis25,GS20057765_juodzbalis25,HZA-GS-20057765,GS-20057765,1,GS20057765_juodzbalis25,True,only catalogue measurement in this release,8.913,0.5527336017822919,JADES,,broad-line-agn,tentative,stack_supported_tentative_hbeta,juodzbalis25_jades_blagn,"Table 2 (BH/Lbol/lambda_Edd), Table 5 (Mstar)",,,,single-epoch-virial-hbeta,,not_reported_by_source,,,Tentative broad-Hbeta sample; individual detection not formally significant; stack-supported; Mstar uses BEAGLE value.,10000,20260808,30.0,0.1,1.0,True,split-normal-in-log-mbh,0.62,0.7,0.62,0.7,asymmetric,False,mbh_minus_0p3dex,MBH -0.3 dex,global_comparison,all_sources,-0.3,5.876011368397179,6.345462448694103,7.035766842530531,7.661408603712656,8.050404337328052,fedd0p3,0.3,4.696255433233557,5.165706513530481,5.85601090736691,6.481652668549034,6.870648402164432,0.8871,0.4076
v3-blagn,measurement,GS20057765_juodzbalis25,GS20057765_juodzbalis25,HZA-GS-20057765,GS-20057765,1,GS20057765_juodzbalis25,True,only catalogue measurement in this release,8.913,0.5527336017822919,JADES,,broad-line-agn,tentative,stack_supported_tentative_hbeta,juodzbalis25_jades_blagn,"Table 2 (BH/Lbol/lambda_Edd), Table 5 (Mstar)",,,,single-epoch-virial-hbeta,,not_reported_by_source,,,Tentative broad-Hbeta sample; individual detection not formally significant; stack-supported; Mstar uses BEAGLE value.,10000,20260808,30.0,0.1,1.0,True,split-normal-in-log-mbh,0.62,0.7,0.62,0.7,asymmetric,False,mbh_minus_0p3dex,MBH -0.3 dex,global_comparison,all_sources,-0.3,5.876011368397179,6.345462448694103,7.035766842530531,7.661408603712656,8.050404337328052,fedd1,1.0,1.9434915845184417,2.412942664815366,3.1032470586517946,3.728888819833919,4.117884553449316,0.0008,0.0
v3-blagn,measurement,GS20057765_juodzbalis25,GS20057765_juodzbalis25,HZA-GS-20057765,GS-20057765,1,GS20057765_juodzbalis25,True,only catalogue measurement in this release,8.913,0.5527336017822919,JADES,,broad-line-agn,tentative,stack_supported_tentative_hbeta,juodzbalis25_jades_blagn,"Table 2 (BH/Lbol/lambda_Edd), Table 5 (Mstar)",,,,single-epoch-virial-hbeta,,not_reported_by_source,,,Tentative broad-Hbeta sample; individual detection not formally significant; stack-supported; Mstar uses BEAGLE value.,10000,20260808,30.0,0.1,1.0,True,split-normal-in-log-mbh,0.62,0.7,0.62,0.7,asymmetric,False,mbh_plus_0p3dex,MBH +0.3 dex,global_comparison,all_sources,0.3,6.476011368397178,6.945462448694102,7.635766842530531,8.261408603712656,8.650404337328053,fedd0p3,0.3,5.296255433233557,5.765706513530481,6.45601090736691,7.081652668549035,7.470648402164433,0.9784,0.7388
v3-blagn,measurement,GS20057765_juodzbalis25,GS20057765_juodzbalis25,HZA-GS-20057765,GS-20057765,1,GS20057765_juodzbalis25,True,only catalogue measurement in this release,8.913,0.5527336017822919,JADES,,broad-line-agn,tentative,stack_supported_tentative_hbeta,juodzbalis25_jades_blagn,"Table 2 (BH/Lbol/lambda_Edd), Table 5 (Mstar)",,,,single-epoch-virial-hbeta,,not_reported_by_source,,,Tentative broad-Hbeta sample; individual detection not formally significant; stack-supported; Mstar uses BEAGLE value.,10000,20260808,30.0,0.1,1.0,True,split-normal-in-log-mbh,0.62,0.7,0.62,0.7,asymmetric,False,mbh_plus_0p3dex,MBH +0.3 dex,global_comparison,all_sources,0.3,6.476011368397178,6.945462448694102,7.635766842530531,8.261408603712656,8.650404337328053,fedd1,1.0,2.543491584518441,3.0129426648153657,3.7032470586517943,4.328888819833919,4.717884553449317,0.0172,0.0
v3-blagn,measurement,GS200679_juodzbalis25,GS200679_juodzbalis25,HZA-GS-200679,GS-200679,1,GS200679_juodzbalis25,True,only catalogue measurement in this release,4.547,1.318195361019195,JADES,,broad-line-agn,tentative,individual_tentative,juodzbalis25_jades_blagn,"Table 2 (BH/Lbol/lambda_Edd), Table 5 (Mstar)",,,,single-epoch-virial-halpha,,not_reported_by_source,,,Tentative sample; source-adopted CIGALE Mstar used because the host is significantly extended.,10000,20260808,30.0,0.1,1.0,True,split-normal-in-log-mbh,0.6,0.3,0.6,0.3,asymmetric,False,baseline,reported MBH,none,all_sources,0.0,5.690555124851289,5.879698524916071,6.185461249643543,6.790452786177368,7.164845316074932,fedd0p3,0.3,2.516184280820413,2.705327680885195,3.0110904056126673,3.6160819421464914,3.9904744720440553,0.0006,0.0
v3-blagn,measurement,GS200679_juodzbalis25,GS200679_juodzbalis25,HZA-GS-200679,GS-200679,1,GS200679_juodzbalis25,True,only catalogue measurement in this release,4.547,1.318195361019195,JADES,,broad-line-agn,tentative,individual_tentative,juodzbalis25_jades_blagn,"Table 2 (BH/Lbol/lambda_Edd), Table 5 (Mstar)",,,,single-epoch-virial-halpha,,not_reported_by_source,,,Tentative sample; source-adopted CIGALE Mstar used because the host is significantly extended.,10000,20260808,30.0,0.1,1.0,True,split-normal-in-log-mbh,0.6,0.3,0.6,0.3,asymmetric,False,baseline,reported MBH,none,all_sources,0.0,5.690555124851289,5.879698524916071,6.185461249643543,6.790452786177368,7.164845316074932,fedd1,1.0,-4.890681021918298,-4.701537621853516,-4.395774897126044,-3.7907833605922194,-3.4163908306946555,0.0,0.0
v3-blagn,measurement,GS200679_juodzbalis25,GS200679_juodzbalis25,HZA-GS-200679,GS-200679,1,GS200679_juodzbalis25,True,only catalogue measurement in this release,4.547,1.318195361019195,JADES,,broad-line-agn,tentative,individual_tentative,juodzbalis25_jades_blagn,"Table 2 (BH/Lbol/lambda_Edd), Table 5 (Mstar)",,,,single-epoch-virial-halpha,,not_reported_by_source,,,Tentative sample; source-adopted CIGALE Mstar used because the host is significantly extended.,10000,20260808,30.0,0.1,1.0,True,split-normal-in-log-mbh,0.6,0.3,0.6,0.3,asymmetric,False,mbh_minus_0p3dex,MBH -0.3 dex,global_comparison,all_sources,-0.3,5.390555124851289,5.579698524916071,5.885461249643544,6.490452786177368,6.864845316074932,fedd0p3,0.3,2.2161842808204133,2.405327680885195,2.7110904056126675,3.3160819421464915,3.6904744720440554,0.0,0.0
v3-blagn,measurement,GS200679_juodzbalis25,GS200679_juodzbalis25,HZA-GS-200679,GS-200679,1,GS200679_juodzbalis25,True,only catalogue measurement in this release,4.547,1.318195361019195,JADES,,broad-line-agn,tentative,individual_tentative,juodzbalis25_jades_blagn,"Table 2 (BH/Lbol/lambda_Edd), Table 5 (Mstar)",,,,single-epoch-virial-halpha,,not_reported_by_source,,,Tentative sample; source-adopted CIGALE Mstar used because the host is significantly extended.,10000,20260808,30.0,0.1,1.0,True,split-normal-in-log-mbh,0.6,0.3,0.6,0.3,asymmetric,False,mbh_minus_0p3dex,MBH -0.3 dex,global_comparison,all_sources,-0.3,5.390555124851289,5.579698524916071,5.885461249643544,6.490452786177368,6.864845316074932,fedd1,1.0,-5.190681021918298,-5.001537621853516,-4.695774897126043,-4.090783360592219,-3.7163908306946554,0.0,0.0
v3-blagn,measurement,GS200679_juodzbalis25,GS200679_juodzbalis25,HZA-GS-200679,GS-200679,1,GS200679_juodzbalis25,True,only catalogue measurement in this release,4.547,1.318195361019195,JADES,,broad-line-agn,tentative,individual_tentative,juodzbalis25_jades_blagn,"Table 2 (BH/Lbol/lambda_Edd), Table 5 (Mstar)",,,,single-epoch-virial-halpha,,not_reported_by_source,,,Tentative sample; source-adopted CIGALE Mstar used because the host is significantly extended.,10000,20260808,30.0,0.1,1.0,True,split-normal-in-log-mbh,0.6,0.3,0.6,0.3,asymmetric,False,mbh_plus_0p3dex,MBH +0.3 dex,global_comparison,all_sources,0.3,5.990555124851289,6.179698524916071,6.485461249643544,7.090452786177368,7.464845316074932,fedd0p3,0.3,2.816184280820413,3.0053276808851948,3.311090405612667,3.916081942146491,4.290474472044055,0.0037,0.0
v3-blagn,measurement,GS200679_juodzbalis25,GS200679_juodzbalis25,HZA-GS-200679,GS-200679,1,GS200679_juodzbalis25,True,only catalogue measurement in this release,4.547,1.318195361019195,JADES,,broad-line-agn,tentative,individual_tentative,juodzbalis25_jades_blagn,"Table 2 (BH/Lbol/lambda_Edd), Table 5 (Mstar)",,,,single-epoch-virial-halpha,,not_reported_by_source,,,Tentative sample; source-adopted CIGALE Mstar used because the host is significantly extended.,10000,20260808,30.0,0.1,1.0,True,split-normal-in-log-mbh,0.6,0.3,0.6,0.3,asymmetric,False,mbh_plus_0p3dex,MBH +0.3 dex,global_comparison,all_sources,0.3,5.990555124851289,6.179698524916071,6.485461249643544,7.090452786177368,7.464845316074932,fedd1,1.0,-4.590681021918298,-4.4015376218535165,-4.095774897126043,-3.4907833605922196,-3.1163908306946557,0.0,0.0
v3-blagn,measurement,GS204851_juodzbalis25,GS204851_juodzbalis25,HZA-GS-204851,GS-204851,1,GS204851_juodzbalis25,True,only catalogue measurement in this release,5.48,1.044830104321813,JADES,,broad-line-agn,robust,individual_robust,juodzbalis25_jades_blagn,"Table 2 (BH/Lbol/lambda_Edd), Table 5 (Mstar)",,,,single-epoch-virial-halpha,,not_reported_by_source,,,Robust sample; Mstar uses BEAGLE value.,10000,20260808,30.0,0.1,1.0,True,split-normal-in-log-mbh,0.32,0.31,0.32,0.31,asymmetric,False,baseline,reported MBH,none,all_sources,0.0,7.161458833217435,7.370370823703223,7.6792004774797435,7.992102316886712,8.200989157903887,fedd0p3,0.3,4.699414124352994,4.908326114838782,5.217155768615302,5.53005760802227,5.738944449039445,0.7578,0.0061
v3-blagn,measurement,GS204851_juodzbalis25,GS204851_juodzbalis25,HZA-GS-204851,GS-204851,1,GS204851_juodzbalis25,True,only catalogue measurement in this release,5.48,1.044830104321813,JADES,,broad-line-agn,robust,individual_robust,juodzbalis25_jades_blagn,"Table 2 (BH/Lbol/lambda_Edd), Table 5 (Mstar)",,,,single-epoch-virial-halpha,,not_reported_by_source,,,Robust sample; Mstar uses BEAGLE value.,10000,20260808,30.0,0.1,1.0,True,split-normal-in-log-mbh,0.32,0.31,0.32,0.31,asymmetric,False,baseline,reported MBH,none,all_sources,0.0,7.161458833217435,7.370370823703223,7.6792004774797435,7.992102316886712,8.200989157903887,fedd1,1.0,-1.0453568629973709,-0.836444872511582,-0.527615218735062,-0.21471337932809426,-0.005826538310919242,0.0,0.0
v3-blagn,measurement,GS204851_juodzbalis25,GS204851_juodzbalis25,HZA-GS-204851,GS-204851,1,GS204851_juodzbalis25,True,only catalogue measurement in this release,5.48,1.044830104321813,JADES,,broad-line-agn,robust,individual_robust,juodzbalis25_jades_blagn,"Table 2 (BH/Lbol/lambda_Edd), Table 5 (Mstar)",,,,single-epoch-virial-halpha,,not_reported_by_source,,,Robust sample; Mstar uses BEAGLE value.,10000,20260808,30.0,0.1,1.0,True,split-normal-in-log-mbh,0.32,0.31,0.32,0.31,asymmetric,False,mbh_minus_0p3dex,MBH -0.3 dex,global_comparison,all_sources,-0.3,6.861458833217435,7.0703708237032235,7.379200477479744,7.692102316886712,7.9009891579038865,fedd0p3,0.3,4.399414124352994,4.608326114838782,4.917155768615302,5.23005760802227,5.438944449039445,0.3995,0.0001
v3-blagn,measurement,GS204851_juodzbalis25,GS204851_juodzbalis25,HZA-GS-204851,GS-204851,1,GS204851_juodzbalis25,True,only catalogue measurement in this release,5.48,1.044830104321813,JADES,,broad-line-agn,robust,individual_robust,juodzbalis25_jades_blagn,"Table 2 (BH/Lbol/lambda_Edd), Table 5 (Mstar)",,,,single-epoch-virial-halpha,,not_reported_by_source,,,Robust sample; Mstar uses BEAGLE value.,10000,20260808,30.0,0.1,1.0,True,split-normal-in-log-mbh,0.32,0.31,0.32,0.31,asymmetric,False,mbh_minus_0p3dex,MBH -0.3 dex,global_comparison,all_sources,-0.3,6.861458833217435,7.0703708237032235,7.379200477479744,7.692102316886712,7.9009891579038865,fedd1,1.0,-1.3453568629973707,-1.1364448725115817,-0.8276152187350618,-0.514713379328094,-0.30582653831091905,0.0,0.0
v3-blagn,measurement,GS204851_juodzbalis25,GS204851_juodzbalis25,HZA-GS-204851,GS-204851,1,GS204851_juodzbalis25,True,only catalogue measurement in this release,5.48,1.044830104321813,JADES,,broad-line-agn,robust,individual_robust,juodzbalis25_jades_blagn,"Table 2 (BH/Lbol/lambda_Edd), Table 5 (Mstar)",,,,single-epoch-virial-halpha,,not_reported_by_source,,,Robust sample; Mstar uses BEAGLE value.,10000,20260808,30.0,0.1,1.0,True,split-normal-in-log-mbh,0.32,0.31,0.32,0.31,asymmetric,False,mbh_plus_0p3dex,MBH +0.3 dex,global_comparison,all_sources,0.3,7.461458833217435,7.670370823703223,7.979200477479743,8.29210231688671,8.500989157903888,fedd0p3,0.3,4.9994141243529935,5.208326114838782,5.517155768615302,5.83005760802227,6.0389444490394455,0.9497,0.0643
v3-blagn,measurement,GS204851_juodzbalis25,GS204851_juodzbalis25,HZA-GS-204851,GS-204851,1,GS204851_juodzbalis25,True,only catalogue measurement in this release,5.48,1.044830104321813,JADES,,broad-line-agn,robust,individual_robust,juodzbalis25_jades_blagn,"Table 2 (BH/Lbol/lambda_Edd), Table 5 (Mstar)",,,,single-epoch-virial-halpha,,not_reported_by_source,,,Robust sample; Mstar uses BEAGLE value.,10000,20260808,30.0,0.1,1.0,True,split-normal-in-log-mbh,0.32,0.31,0.32,0.31,asymmetric,False,mbh_plus_0p3dex,MBH +0.3 dex,global_comparison,all_sources,0.3,7.461458833217435,7.670370823703223,7.979200477479743,8.29210231688671,8.500989157903888,fedd1,1.0,-0.745356862997371,-0.5364448725115821,-0.22761521873506219,0.08528662067190572,0.2941734616890815,0.0,0.0
v3-blagn,measurement,GS210600_juodzbalis25,GS210600_juodzbalis25,HZA-GS-210600,GS-210600,1,GS210600_juodzbalis25,True,only catalogue measurement in this release,6.306,0.8730973651000311,JADES,,broad-line-agn,robust,individual_robust,juodzbalis25_jades_blagn,"Table 2 (BH/Lbol/lambda_Edd), Table 5 (Mstar)",,,,single-epoch-virial-halpha,,not_reported_by_source,,,Robust sample; Mstar uses BEAGLE value.,10000,20260808,30.0,0.1,1.0,True,split-normal-in-log-mbh,0.33,0.34,0.33,0.34,asymmetric,False,baseline,reported MBH,none,all_sources,0.0,6.84801999450213,7.069102614653395,7.403483659371362,7.732055568414607,7.954685192590588,fedd0p3,0.3,4.833470771674588,5.054553391825853,5.3889344365438205,5.717506345587065,5.9401359697630465,0.8757,0.0338
v3-blagn,measurement,GS210600_juodzbalis25,GS210600_juodzbalis25,HZA-GS-210600,GS-210600,1,GS210600_juodzbalis25,True,only catalogue measurement in this release,6.306,0.8730973651000311,JADES,,broad-line-agn,robust,individual_robust,juodzbalis25_jades_blagn,"Table 2 (BH/Lbol/lambda_Edd), Table 5 (Mstar)",,,,single-epoch-virial-halpha,,not_reported_by_source,,,Robust sample; Mstar uses BEAGLE value.,10000,20260808,30.0,0.1,1.0,True,split-normal-in-log-mbh,0.33,0.34,0.33,0.34,asymmetric,False,baseline,reported MBH,none,all_sources,0.0,6.84801999450213,7.069102614653395,7.403483659371362,7.732055568414607,7.954685192590588,fedd1,1.0,0.13285591841032343,0.353938538561588,0.6883195832795548,1.0168914923227996,1.2395211164987807,0.0,0.0
v3-blagn,measurement,GS210600_juodzbalis25,GS210600_juodzbalis25,HZA-GS-210600,GS-210600,1,GS210600_juodzbalis25,True,only catalogue measurement in this release,6.306,0.8730973651000311,JADES,,broad-line-agn,robust,individual_robust,juodzbalis25_jades_blagn,"Table 2 (BH/Lbol/lambda_Edd), Table 5 (Mstar)",,,,single-epoch-virial-halpha,,not_reported_by_source,,,Robust sample; Mstar uses BEAGLE value.,10000,20260808,30.0,0.1,1.0,True,split-normal-in-log-mbh,0.33,0.34,0.33,0.34,asymmetric,False,mbh_minus_0p3dex,MBH -0.3 dex,global_comparison,all_sources,-0.3,6.5480199945021305,6.769102614653395,7.103483659371362,7.432055568414607,7.6546851925905885,fedd0p3,0.3,4.533470771674589,4.754553391825853,5.08893443654382,5.417506345587065,5.640135969763047,0.602,0.0027
v3-blagn,measurement,GS210600_juodzbalis25,GS210600_juodzbalis25,HZA-GS-210600,GS-210600,1,GS210600_juodzbalis25,True,only catalogue measurement in this release,6.306,0.8730973651000311,JADES,,broad-line-agn,robust,individual_robust,juodzbalis25_jades_blagn,"Table 2 (BH/Lbol/lambda_Edd), Table 5 (Mstar)",,,,single-epoch-virial-halpha,,not_reported_by_source,,,Robust sample; Mstar uses BEAGLE value.,10000,20260808,30.0,0.1,1.0,True,split-normal-in-log-mbh,0.33,0.34,0.33,0.34,asymmetric,False,mbh_minus_0p3dex,MBH -0.3 dex,global_comparison,all_sources,-0.3,6.5480199945021305,6.769102614653395,7.103483659371362,7.432055568414607,7.6546851925905885,fedd1,1.0,-0.1671440815896764,0.0539385385615882,0.38831958327955496,0.7168914923227997,0.939521116498781,0.0,0.0
v3-blagn,measurement,GS210600_juodzbalis25,GS210600_juodzbalis25,HZA-GS-210600,GS-210600,1,GS210600_juodzbalis25,True,only catalogue measurement in this release,6.306,0.8730973651000311,JADES,,broad-line-agn,robust,individual_robust,juodzbalis25_jades_blagn,"Table 2 (BH/Lbol/lambda_Edd), Table 5 (Mstar)",,,,single-epoch-virial-halpha,,not_reported_by_source,,,Robust sample; Mstar uses BEAGLE value.,10000,20260808,30.0,0.1,1.0,True,split-normal-in-log-mbh,0.33,0.34,0.33,0.34,asymmetric,False,mbh_plus_0p3dex,MBH +0.3 dex,global_comparison,all_sources,0.3,7.14801999450213,7.369102614653395,7.703483659371361,8.032055568414608,8.254685192590587,fedd0p3,0.3,5.133470771674588,5.354553391825853,5.6889344365438195,6.017506345587066,6.240135969763046,0.9794,0.1725
v3-blagn,measurement,GS210600_juodzbalis25,GS210600_juodzbalis25,HZA-GS-210600,GS-210600,1,GS210600_juodzbalis25,True,only catalogue measurement in this release,6.306,0.8730973651000311,JADES,,broad-line-agn,robust,individual_robust,juodzbalis25_jades_blagn,"Table 2 (BH/Lbol/lambda_Edd), Table 5 (Mstar)",,,,single-epoch-virial-halpha,,not_reported_by_source,,,Robust sample; Mstar uses BEAGLE value.,10000,20260808,30.0,0.1,1.0,True,split-normal-in-log-mbh,0.33,0.34,0.33,0.34,asymmetric,False,mbh_plus_0p3dex,MBH +0.3 dex,global_comparison,all_sources,0.3,7.14801999450213,7.369102614653395,7.703483659371361,8.032055568414608,8.254685192590587,fedd1,1.0,0.4328559184103232,0.6539385385615879,0.9883195832795546,1.3168914923228003,1.5395211164987808,0.0,0.0
v3-blagn,measurement,GS30148179_juodzbalis25,GS30148179_juodzbalis25,HZA-GS-30148179,GS-30148179,1,GS30148179_juodzbalis25,True,only catalogue measurement in this release,5.922,0.9465948399109976,JADES,,broad-line-agn,robust,individual_robust,juodzbalis25_jades_blagn,"Table 2 (BH/Lbol/lambda_Edd), Table 5 (Mstar)",,,,single-epoch-virial-halpha,,not_reported_by_source,,,Robust sample; Mstar uses BEAGLE value.,10000,20260808,30.0,0.1,1.0,True,split-normal-in-log-mbh,0.34,0.35,0.34,0.35,asymmetric,False,baseline,reported MBH,none,all_sources,0.0,6.541656755858524,6.766183916130761,7.12309872724019,7.4561710272063735,7.680685070124732,fedd0p3,0.3,4.335590246565626,4.560117406837863,4.917032217947292,5.250104517913475,5.474618560831834,0.3997,0.0011
v3-blagn,measurement,GS30148179_juodzbalis25,GS30148179_juodzbalis25,HZA-GS-30148179,GS-30148179,1,GS30148179_juodzbalis25,True,only catalogue measurement in this release,5.922,0.9465948399109976,JADES,,broad-line-agn,robust,individual_robust,juodzbalis25_jades_blagn,"Table 2 (BH/Lbol/lambda_Edd), Table 5 (Mstar)",,,,single-epoch-virial-halpha,,not_reported_by_source,,,Robust sample; Mstar uses BEAGLE value.,10000,20260808,30.0,0.1,1.0,True,split-normal-in-log-mbh,0.34,0.35,0.34,0.35,asymmetric,False,baseline,reported MBH,none,all_sources,0.0,6.541656755858524,6.766183916130761,7.12309872724019,7.4561710272063735,7.680685070124732,fedd1,1.0,-0.8118982751178029,-0.587371114845565,-0.23045630373613646,0.10261599623004668,0.3271300391484056,0.0,0.0
v3-blagn,measurement,GS30148179_juodzbalis25,GS30148179_juodzbalis25,HZA-GS-30148179,GS-30148179,1,GS30148179_juodzbalis25,True,only catalogue measurement in this release,5.922,0.9465948399109976,JADES,,broad-line-agn,robust,individual_robust,juodzbalis25_jades_blagn,"Table 2 (BH/Lbol/lambda_Edd), Table 5 (Mstar)",,,,single-epoch-virial-halpha,,not_reported_by_source,,,Robust sample; Mstar uses BEAGLE value.,10000,20260808,30.0,0.1,1.0,True,split-normal-in-log-mbh,0.34,0.35,0.34,0.35,asymmetric,False,mbh_minus_0p3dex,MBH -0.3 dex,global_comparison,all_sources,-0.3,6.241656755858524,6.4661839161307615,6.82309872724019,7.156171027206374,7.380685070124732,fedd0p3,0.3,4.035590246565626,4.260117406837864,4.617032217947292,4.950104517913475,5.174618560831835,0.1264,0.0003
v3-blagn,measurement,GS30148179_juodzbalis25,GS30148179_juodzbalis25,HZA-GS-30148179,GS-30148179,1,GS30148179_juodzbalis25,True,only catalogue measurement in this release,5.922,0.9465948399109976,JADES,,broad-line-agn,robust,individual_robust,juodzbalis25_jades_blagn,"Table 2 (BH/Lbol/lambda_Edd), Table 5 (Mstar)",,,,single-epoch-virial-halpha,,not_reported_by_source,,,Robust sample; Mstar uses BEAGLE value.,10000,20260808,30.0,0.1,1.0,True,split-normal-in-log-mbh,0.34,0.35,0.34,0.35,asymmetric,False,mbh_minus_0p3dex,MBH -0.3 dex,global_comparison,all_sources,-0.3,6.241656755858524,6.4661839161307615,6.82309872724019,7.156171027206374,7.380685070124732,fedd1,1.0,-1.1118982751178028,-0.8873711148455649,-0.5304563037361363,-0.19738400376995313,0.027130039148405793,0.0,0.0
v3-blagn,measurement,GS30148179_juodzbalis25,GS30148179_juodzbalis25,HZA-GS-30148179,GS-30148179,1,GS30148179_juodzbalis25,True,only catalogue measurement in this release,5.922,0.9465948399109976,JADES,,broad-line-agn,robust,individual_robust,juodzbalis25_jades_blagn,"Table 2 (BH/Lbol/lambda_Edd), Table 5 (Mstar)",,,,single-epoch-virial-halpha,,not_reported_by_source,,,Robust sample; Mstar uses BEAGLE value.,10000,20260808,30.0,0.1,1.0,True,split-normal-in-log-mbh,0.34,0.35,0.34,0.35,asymmetric,False,mbh_plus_0p3dex,MBH +0.3 dex,global_comparison,all_sources,0.3,6.841656755858524,7.066183916130761,7.423098727240189,7.756171027206373,7.980685070124732,fedd0p3,0.3,4.635590246565625,4.860117406837864,5.217032217947292,5.550104517913475,5.774618560831835,0.7267,0.0113
v3-blagn,measurement,GS30148179_juodzbalis25,GS30148179_juodzbalis25,HZA-GS-30148179,GS-30148179,1,GS30148179_juodzbalis25,True,only catalogue measurement in this release,5.922,0.9465948399109976,JADES,,broad-line-agn,robust,individual_robust,juodzbalis25_jades_blagn,"Table 2 (BH/Lbol/lambda_Edd), Table 5 (Mstar)",,,,single-epoch-virial-halpha,,not_reported_by_source,,,Robust sample; Mstar uses BEAGLE value.,10000,20260808,30.0,0.1,1.0,True,split-normal-in-log-mbh,0.34,0.35,0.34,0.35,asymmetric,False,mbh_plus_0p3dex,MBH +0.3 dex,global_comparison,all_sources,0.3,6.841656755858524,7.066183916130761,7.423098727240189,7.756171027206373,7.980685070124732,fedd1,1.0,-0.5118982751178031,-0.2873711148455652,0.06954369626386336,0.4026159962300465,0.6271300391484055,0.0,0.0
v3-blagn,measurement,GS38562_juodzbalis25,GS38562_juodzbalis25,HZA-GS-38562,GS-38562,1,GS38562_juodzbalis25,True,only catalogue measurement in this release,4.822,1.226259143973555,JADES,,broad-line-agn,robust,individual_robust,juodzbalis25_jades_blagn,"Table 2 (BH/Lbol/lambda_Edd), Table 5 (Mstar)",,,,single-epoch-virial-halpha,,not_reported_by_source,,,Robust sample; Mstar uses BEAGLE value.,10000,20260808,30.0,0.1,1.0,True,split-normal-in-log-mbh,0.3,0.31,0.3,0.31,asymmetric,False,baseline,reported MBH,none,all_sources,0.0,6.998385201001241,7.197541008547654,7.505969006243173,7.807017427744453,8.001155053217989,fedd0p3,0.3,4.063578707470252,4.262734515016665,4.571162512712183,4.872210934213464,5.0663485596869995,0.0757,0.0
v3-blagn,measurement,GS38562_juodzbalis25,GS38562_juodzbalis25,HZA-GS-38562,GS-38562,1,GS38562_juodzbalis25,True,only catalogue measurement in this release,4.822,1.226259143973555,JADES,,broad-line-agn,robust,individual_robust,juodzbalis25_jades_blagn,"Table 2 (BH/Lbol/lambda_Edd), Table 5 (Mstar)",,,,single-epoch-virial-halpha,,not_reported_by_source,,,Robust sample; Mstar uses BEAGLE value.,10000,20260808,30.0,0.1,1.0,True,split-normal-in-log-mbh,0.3,0.31,0.3,0.31,asymmetric,False,baseline,reported MBH,none,all_sources,0.0,6.998385201001241,7.197541008547654,7.505969006243173,7.807017427744453,8.001155053217989,fedd1,1.0,-2.7843031107687257,-2.585147303222312,-2.2767193055267936,-1.9756708840255137,-1.7815332585519774,0.0,0.0
v3-blagn,measurement,GS38562_juodzbalis25,GS38562_juodzbalis25,HZA-GS-38562,GS-38562,1,GS38562_juodzbalis25,True,only catalogue measurement in this release,4.822,1.226259143973555,JADES,,broad-line-agn,robust,individual_robust,juodzbalis25_jades_blagn,"Table 2 (BH/Lbol/lambda_Edd), Table 5 (Mstar)",,,,single-epoch-virial-halpha,,not_reported_by_source,,,Robust sample; Mstar uses BEAGLE value.,10000,20260808,30.0,0.1,1.0,True,split-normal-in-log-mbh,0.3,0.31,0.3,0.31,asymmetric,False,mbh_minus_0p3dex,MBH -0.3 dex,global_comparison,all_sources,-0.3,6.6983852010012415,6.8975410085476545,7.205969006243173,7.5070174277444535,7.701155053217989,fedd0p3,0.3,3.7635787074702516,3.9627345150166655,4.271162512712184,4.572210934213464,4.766348559687,0.0084,0.0
v3-blagn,measurement,GS38562_juodzbalis25,GS38562_juodzbalis25,HZA-GS-38562,GS-38562,1,GS38562_juodzbalis25,True,only catalogue measurement in this release,4.822,1.226259143973555,JADES,,broad-line-agn,robust,individual_robust,juodzbalis25_jades_blagn,"Table 2 (BH/Lbol/lambda_Edd), Table 5 (Mstar)",,,,single-epoch-virial-halpha,,not_reported_by_source,,,Robust sample; Mstar uses BEAGLE value.,10000,20260808,30.0,0.1,1.0,True,split-normal-in-log-mbh,0.3,0.31,0.3,0.31,asymmetric,False,mbh_minus_0p3dex,MBH -0.3 dex,global_comparison,all_sources,-0.3,6.6983852010012415,6.8975410085476545,7.205969006243173,7.5070174277444535,7.701155053217989,fedd1,1.0,-3.0843031107687255,-2.8851473032223116,-2.5767193055267934,-2.2756708840255135,-2.0815332585519775,0.0,0.0
v3-blagn,measurement,GS38562_juodzbalis25,GS38562_juodzbalis25,HZA-GS-38562,GS-38562,1,GS38562_juodzbalis25,True,only catalogue measurement in this release,4.822,1.226259143973555,JADES,,broad-line-agn,robust,individual_robust,juodzbalis25_jades_blagn,"Table 2 (BH/Lbol/lambda_Edd), Table 5 (Mstar)",,,,single-epoch-virial-halpha,,not_reported_by_source,,,Robust sample; Mstar uses BEAGLE value.,10000,20260808,30.0,0.1,1.0,True,split-normal-in-log-mbh,0.3,0.31,0.3,0.31,asymmetric,False,mbh_plus_0p3dex,MBH +0.3 dex,global_comparison,all_sources,0.3,7.298385201001241,7.497541008547654,7.805969006243172,8.107017427744454,8.30115505321799,fedd0p3,0.3,4.363578707470252,4.562734515016665,4.871162512712184,5.172210934213464,5.366348559687,0.3326,0.0
v3-blagn,measurement,GS38562_juodzbalis25,GS38562_juodzbalis25,HZA-GS-38562,GS-38562,1,GS38562_juodzbalis25,True,only catalogue measurement in this release,4.822,1.226259143973555,JADES,,broad-line-agn,robust,individual_robust,juodzbalis25_jades_blagn,"Table 2 (BH/Lbol/lambda_Edd), Table 5 (Mstar)",,,,single-epoch-virial-halpha,,not_reported_by_source,,,Robust sample; Mstar uses BEAGLE value.,10000,20260808,30.0,0.1,1.0,True,split-normal-in-log-mbh,0.3,0.31,0.3,0.31,asymmetric,False,mbh_plus_0p3dex,MBH +0.3 dex,global_comparison,all_sources,0.3,7.298385201001241,7.497541008547654,7.805969006243172,8.107017427744454,8.30115505321799,fedd1,1.0,-2.484303110768726,-2.285147303222312,-1.9767193055267938,-1.6756708840255132,-1.4815332585519767,0.0,0.0
v3-blagn,measurement,GS8083_juodzbalis25,GS8083_juodzbalis25,HZA-GS-8083,GS-8083,1,GS8083_juodzbalis25,True,only catalogue measurement in this release,4.753,1.2483035089057362,JADES,,broad-line-agn,robust,individual_robust,juodzbalis25_jades_blagn,"Table 2 (BH/Lbol/lambda_Edd), Table 5 (Mstar)",,,,single-epoch-virial-halpha,,not_reported_by_source,,,Robust sample; Mstar uses BEAGLE value.,10000,20260808,30.0,0.1,1.0,True,split-normal-in-log-mbh,0.31,0.31,0.31,0.31,symmetric_reported,False,baseline,reported MBH,none,all_sources,0.0,6.587257789709228,6.790853317984855,7.095702817875751,7.4092973829348985,7.607193123952511,fedd0p3,0.3,3.595008819895591,3.7986043481712177,4.103453848062115,4.417048413121262,4.6149441541388745,0.0026,0.0
v3-blagn,measurement,GS8083_juodzbalis25,GS8083_juodzbalis25,HZA-GS-8083,GS-8083,1,GS8083_juodzbalis25,True,only catalogue measurement in this release,4.753,1.2483035089057362,JADES,,broad-line-agn,robust,individual_robust,juodzbalis25_jades_blagn,"Table 2 (BH/Lbol/lambda_Edd), Table 5 (Mstar)",,,,single-epoch-virial-halpha,,not_reported_by_source,,,Robust sample; Mstar uses BEAGLE value.,10000,20260808,30.0,0.1,1.0,True,split-normal-in-log-mbh,0.31,0.31,0.31,0.31,symmetric_reported,False,baseline,reported MBH,none,all_sources,0.0,6.587257789709228,6.790853317984855,7.095702817875751,7.4092973829348985,7.607193123952511,fedd1,1.0,-3.386905443002895,-3.183309914727268,-2.878460414836371,-2.5648658497772243,-2.366970108759612,0.0,0.0
v3-blagn,measurement,GS8083_juodzbalis25,GS8083_juodzbalis25,HZA-GS-8083,GS-8083,1,GS8083_juodzbalis25,True,only catalogue measurement in this release,4.753,1.2483035089057362,JADES,,broad-line-agn,robust,individual_robust,juodzbalis25_jades_blagn,"Table 2 (BH/Lbol/lambda_Edd), Table 5 (Mstar)",,,,single-epoch-virial-halpha,,not_reported_by_source,,,Robust sample; Mstar uses BEAGLE value.,10000,20260808,30.0,0.1,1.0,True,split-normal-in-log-mbh,0.31,0.31,0.31,0.31,symmetric_reported,False,mbh_minus_0p3dex,MBH -0.3 dex,global_comparison,all_sources,-0.3,6.287257789709228,6.490853317984855,6.7957028178757515,7.109297382934899,7.307193123952511,fedd0p3,0.3,3.295008819895591,3.498604348171218,3.803453848062115,4.117048413121262,4.314944154138875,0.0001,0.0
v3-blagn,measurement,GS8083_juodzbalis25,GS8083_juodzbalis25,HZA-GS-8083,GS-8083,1,GS8083_juodzbalis25,True,only catalogue measurement in this release,4.753,1.2483035089057362,JADES,,broad-line-agn,robust,individual_robust,juodzbalis25_jades_blagn,"Table 2 (BH/Lbol/lambda_Edd), Table 5 (Mstar)",,,,single-epoch-virial-halpha,,not_reported_by_source,,,Robust sample; Mstar uses BEAGLE value.,10000,20260808,30.0,0.1,1.0,True,split-normal-in-log-mbh,0.31,0.31,0.31,0.31,symmetric_reported,False,mbh_minus_0p3dex,MBH -0.3 dex,global_comparison,all_sources,-0.3,6.287257789709228,6.490853317984855,6.7957028178757515,7.109297382934899,7.307193123952511,fedd1,1.0,-3.6869054430028947,-3.483309914727268,-3.178460414836371,-2.864865849777224,-2.6669701087596116,0.0,0.0
v3-blagn,measurement,GS8083_juodzbalis25,GS8083_juodzbalis25,HZA-GS-8083,GS-8083,1,GS8083_juodzbalis25,True,only catalogue measurement in this release,4.753,1.2483035089057362,JADES,,broad-line-agn,robust,individual_robust,juodzbalis25_jades_blagn,"Table 2 (BH/Lbol/lambda_Edd), Table 5 (Mstar)",,,,single-epoch-virial-halpha,,not_reported_by_source,,,Robust sample; Mstar uses BEAGLE value.,10000,20260808,30.0,0.1,1.0,True,split-normal-in-log-mbh,0.31,0.31,0.31,0.31,symmetric_reported,False,mbh_plus_0p3dex,MBH +0.3 dex,global_comparison,all_sources,0.3,6.887257789709228,7.0908533179848545,7.395702817875751,7.709297382934898,7.907193123952511,fedd0p3,0.3,3.895008819895591,4.098604348171218,4.403453848062115,4.717048413121262,4.914944154138874,0.0286,0.0
v3-blagn,measurement,GS8083_juodzbalis25,GS8083_juodzbalis25,HZA-GS-8083,GS-8083,1,GS8083_juodzbalis25,True,only catalogue measurement in this release,4.753,1.2483035089057362,JADES,,broad-line-agn,robust,individual_robust,juodzbalis25_jades_blagn,"Table 2 (BH/Lbol/lambda_Edd), Table 5 (Mstar)",,,,single-epoch-virial-halpha,,not_reported_by_source,,,Robust sample; Mstar uses BEAGLE value.,10000,20260808,30.0,0.1,1.0,True,split-normal-in-log-mbh,0.31,0.31,0.31,0.31,symmetric_reported,False,mbh_plus_0p3dex,MBH +0.3 dex,global_comparison,all_sources,0.3,6.887257789709228,7.0908533179848545,7.395702817875751,7.709297382934898,7.907193123952511,fedd1,1.0,-3.086905443002895,-2.8833099147272683,-2.5784604148363712,-2.2648658497772245,-2.066970108759612,0.0,0.0
v3-blagn,measurement,RUBIESEGS13872_taylor24,RUBIESEGS13872_taylor24,HZA-RUBIES-EGS-13872,RUBIES-EGS-13872,1,RUBIESEGS13872_taylor24,True,only catalogue measurement in this release,5.262,1.0997055860002432,RUBIES,EGS,broad-line-agn,robust,individual_robust,taylor24_ceers_rubies_blagn,Table 1 (Sample of BLAGN),The Astrophysical Journal 986:165 (2025); arXiv:2409.06772v2,https://iopscience.iop.org/article/10.3847/1538-4357/add15b,10.3847/1538-4357/add15b,single-epoch-virial-halpha-reines2013,0.0,non_lrd,0.0,formal_mbh_errors_exclude_virial_systematic;nominal_mass_uncorrected_for_dust,Nominal Table 1 mass and Halpha flux are uncorrected for dust; formal MBH errors exclude the approximately 0.5 dex virial-calibration systematic.,10000,20260808,30.0,0.1,1.0,True,split-normal-in-log-mbh,0.23,0.28,0.23,0.28,asymmetric,False,baseline,reported MBH,none,all_sources,0.0,6.27724328464267,6.460270950805498,6.739996920063499,6.971388959542748,7.11894600858075,fedd0p3,0.3,3.672205862469876,3.8552335286327035,4.134959497890705,4.366351537369954,4.513908586407956,0.0001,0.0
v3-blagn,measurement,RUBIESEGS13872_taylor24,RUBIESEGS13872_taylor24,HZA-RUBIES-EGS-13872,RUBIES-EGS-13872,1,RUBIESEGS13872_taylor24,True,only catalogue measurement in this release,5.262,1.0997055860002432,RUBIES,EGS,broad-line-agn,robust,individual_robust,taylor24_ceers_rubies_blagn,Table 1 (Sample of BLAGN),The Astrophysical Journal 986:165 (2025); arXiv:2409.06772v2,https://iopscience.iop.org/article/10.3847/1538-4357/add15b,10.3847/1538-4357/add15b,single-epoch-virial-halpha-reines2013,0.0,non_lrd,0.0,formal_mbh_errors_exclude_virial_systematic;nominal_mass_uncorrected_for_dust,Nominal Table 1 mass and Halpha flux are uncorrected for dust; formal MBH errors exclude the approximately 0.5 dex virial-calibration systematic.,10000,20260808,30.0,0.1,1.0,True,split-normal-in-log-mbh,0.23,0.28,0.23,0.28,asymmetric,False,baseline,reported MBH,none,all_sources,0.0,6.27724328464267,6.460270950805498,6.739996920063499,6.971388959542748,7.11894600858075,fedd1,1.0,-2.4062147892666426,-2.223187123103815,-1.943461153845814,-1.7120691143665645,-1.5645120653285631,0.0,0.0
v3-blagn,measurement,RUBIESEGS13872_taylor24,RUBIESEGS13872_taylor24,HZA-RUBIES-EGS-13872,RUBIES-EGS-13872,1,RUBIESEGS13872_taylor24,True,only catalogue measurement in this release,5.262,1.0997055860002432,RUBIES,EGS,broad-line-agn,robust,individual_robust,taylor24_ceers_rubies_blagn,Table 1 (Sample of BLAGN),The Astrophysical Journal 986:165 (2025); arXiv:2409.06772v2,https://iopscience.iop.org/article/10.3847/1538-4357/add15b,10.3847/1538-4357/add15b,single-epoch-virial-halpha-reines2013,0.0,non_lrd,0.0,formal_mbh_errors_exclude_virial_systematic;nominal_mass_uncorrected_for_dust,Nominal Table 1 mass and Halpha flux are uncorrected for dust; formal MBH errors exclude the approximately 0.5 dex virial-calibration systematic.,10000,20260808,30.0,0.1,1.0,True,split-normal-in-log-mbh,0.23,0.28,0.23,0.28,asymmetric,False,mbh_minus_0p3dex,MBH -0.3 dex,global_comparison,all_sources,-0.3,5.97724328464267,6.160270950805498,6.439996920063498,6.671388959542748,6.81894600858075,fedd0p3,0.3,3.372205862469876,3.5552335286327037,3.8349594978907047,4.066351537369954,4.213908586407956,0.0,0.0
v3-blagn,measurement,RUBIESEGS13872_taylor24,RUBIESEGS13872_taylor24,HZA-RUBIES-EGS-13872,RUBIES-EGS-13872,1,RUBIESEGS13872_taylor24,True,only catalogue measurement in this release,5.262,1.0997055860002432,RUBIES,EGS,broad-line-agn,robust,individual_robust,taylor24_ceers_rubies_blagn,Table 1 (Sample of BLAGN),The Astrophysical Journal 986:165 (2025); arXiv:2409.06772v2,https://iopscience.iop.org/article/10.3847/1538-4357/add15b,10.3847/1538-4357/add15b,single-epoch-virial-halpha-reines2013,0.0,non_lrd,0.0,formal_mbh_errors_exclude_virial_systematic;nominal_mass_uncorrected_for_dust,Nominal Table 1 mass and Halpha flux are uncorrected for dust; formal MBH errors exclude the approximately 0.5 dex virial-calibration systematic.,10000,20260808,30.0,0.1,1.0,True,split-normal-in-log-mbh,0.23,0.28,0.23,0.28,asymmetric,False,mbh_minus_0p3dex,MBH -0.3 dex,global_comparison,all_sources,-0.3,5.97724328464267,6.160270950805498,6.439996920063498,6.671388959542748,6.81894600858075,fedd1,1.0,-2.7062147892666424,-2.5231871231038148,-2.243461153845814,-2.012069114366564,-1.864512065328563,0.0,0.0
v3-blagn,measurement,RUBIESEGS13872_taylor24,RUBIESEGS13872_taylor24,HZA-RUBIES-EGS-13872,RUBIES-EGS-13872,1,RUBIESEGS13872_taylor24,True,only catalogue measurement in this release,5.262,1.0997055860002432,RUBIES,EGS,broad-line-agn,robust,individual_robust,taylor24_ceers_rubies_blagn,Table 1 (Sample of BLAGN),The Astrophysical Journal 986:165 (2025); arXiv:2409.06772v2,https://iopscience.iop.org/article/10.3847/1538-4357/add15b,10.3847/1538-4357/add15b,single-epoch-virial-halpha-reines2013,0.0,non_lrd,0.0,formal_mbh_errors_exclude_virial_systematic;nominal_mass_uncorrected_for_dust,Nominal Table 1 mass and Halpha flux are uncorrected for dust; formal MBH errors exclude the approximately 0.5 dex virial-calibration systematic.,10000,20260808,30.0,0.1,1.0,True,split-normal-in-log-mbh,0.23,0.28,0.23,0.28,asymmetric,False,mbh_plus_0p3dex,MBH +0.3 dex,global_comparison,all_sources,0.3,6.57724328464267,6.760270950805498,7.039996920063498,7.271388959542747,7.4189460085807495,fedd0p3,0.3,3.9722058624698757,4.155233528632704,4.434959497890704,4.666351537369954,4.813908586407956,0.0058,0.0
v3-blagn,measurement,RUBIESEGS13872_taylor24,RUBIESEGS13872_taylor24,HZA-RUBIES-EGS-13872,RUBIES-EGS-13872,1,RUBIESEGS13872_taylor24,True,only catalogue measurement in this release,5.262,1.0997055860002432,RUBIES,EGS,broad-line-agn,robust,individual_robust,taylor24_ceers_rubies_blagn,Table 1 (Sample of BLAGN),The Astrophysical Journal 986:165 (2025); arXiv:2409.06772v2,https://iopscience.iop.org/article/10.3847/1538-4357/add15b,10.3847/1538-4357/add15b,single-epoch-virial-halpha-reines2013,0.0,non_lrd,0.0,formal_mbh_errors_exclude_virial_systematic;nominal_mass_uncorrected_for_dust,Nominal Table 1 mass and Halpha flux are uncorrected for dust; formal MBH errors exclude the approximately 0.5 dex virial-calibration systematic.,10000,20260808,30.0,0.1,1.0,True,split-normal-in-log-mbh,0.23,0.28,0.23,0.28,asymmetric,False,mbh_plus_0p3dex,MBH +0.3 dex,global_comparison,all_sources,0.3,6.57724328464267,6.760270950805498,7.039996920063498,7.271388959542747,7.4189460085807495,fedd1,1.0,-2.1062147892666427,-1.9231871231038151,-1.6434611538458141,-1.4120691143665647,-1.2645120653285633,0.0,0.0
v3-blagn,measurement,RUBIESEGS13872_taylor24,RUBIESEGS13872_taylor24,HZA-RUBIES-EGS-13872,RUBIES-EGS-13872,1,RUBIESEGS13872_taylor24,True,only catalogue measurement in this release,5.262,1.0997055860002432,RUBIES,EGS,broad-line-agn,robust,individual_robust,taylor24_ceers_rubies_blagn,Table 1 (Sample of BLAGN),The Astrophysical Journal 986:165 (2025); arXiv:2409.06772v2,https://iopscience.iop.org/article/10.3847/1538-4357/add15b,10.3847/1538-4357/add15b,single-epoch-virial-halpha-reines2013,0.0,non_lrd,0.0,formal_mbh_errors_exclude_virial_systematic;nominal_mass_uncorrected_for_dust,Nominal Table 1 mass and Halpha flux are uncorrected for dust; formal MBH errors exclude the approximately 0.5 dex virial-calibration systematic.,10000,20260808,30.0,0.1,1.0,True,split-normal-in-log-mbh,0.23,0.28,0.23,0.28,asymmetric,False,taylor_virial_minus_0p5dex,Taylor virial calibration sensitivity: MBH -0.5 dex,taylor_virial_calibration_sensitivity,taylor24_ceers_rubies_blagn_only,-0.5,5.77724328464267,5.960270950805498,6.239996920063499,6.471388959542748,6.61894600858075,fedd0p3,0.3,3.172205862469876,3.3552335286327035,3.6349594978907045,3.866351537369954,4.013908586407956,0.0,0.0
v3-blagn,measurement,RUBIESEGS13872_taylor24,RUBIESEGS13872_taylor24,HZA-RUBIES-EGS-13872,RUBIES-EGS-13872,1,RUBIESEGS13872_taylor24,True,only catalogue measurement in this release,5.262,1.0997055860002432,RUBIES,EGS,broad-line-agn,robust,individual_robust,taylor24_ceers_rubies_blagn,Table 1 (Sample of BLAGN),The Astrophysical Journal 986:165 (2025); arXiv:2409.06772v2,https://iopscience.iop.org/article/10.3847/1538-4357/add15b,10.3847/1538-4357/add15b,single-epoch-virial-halpha-reines2013,0.0,non_lrd,0.0,formal_mbh_errors_exclude_virial_systematic;nominal_mass_uncorrected_for_dust,Nominal Table 1 mass and Halpha flux are uncorrected for dust; formal MBH errors exclude the approximately 0.5 dex virial-calibration systematic.,10000,20260808,30.0,0.1,1.0,True,split-normal-in-log-mbh,0.23,0.28,0.23,0.28,asymmetric,False,taylor_virial_minus_0p5dex,Taylor virial calibration sensitivity: MBH -0.5 dex,taylor_virial_calibration_sensitivity,taylor24_ceers_rubies_blagn_only,-0.5,5.77724328464267,5.960270950805498,6.239996920063499,6.471388959542748,6.61894600858075,fedd1,1.0,-2.9062147892666426,-2.723187123103815,-2.443461153845814,-2.2120691143665643,-2.064512065328563,0.0,0.0
v3-blagn,measurement,RUBIESEGS13872_taylor24,RUBIESEGS13872_taylor24,HZA-RUBIES-EGS-13872,RUBIES-EGS-13872,1,RUBIESEGS13872_taylor24,True,only catalogue measurement in this release,5.262,1.0997055860002432,RUBIES,EGS,broad-line-agn,robust,individual_robust,taylor24_ceers_rubies_blagn,Table 1 (Sample of BLAGN),The Astrophysical Journal 986:165 (2025); arXiv:2409.06772v2,https://iopscience.iop.org/article/10.3847/1538-4357/add15b,10.3847/1538-4357/add15b,single-epoch-virial-halpha-reines2013,0.0,non_lrd,0.0,formal_mbh_errors_exclude_virial_systematic;nominal_mass_uncorrected_for_dust,Nominal Table 1 mass and Halpha flux are uncorrected for dust; formal MBH errors exclude the approximately 0.5 dex virial-calibration systematic.,10000,20260808,30.0,0.1,1.0,True,split-normal-in-log-mbh,0.23,0.28,0.23,0.28,asymmetric,False,taylor_virial_plus_0p5dex,Taylor virial calibration sensitivity: MBH +0.5 dex,taylor_virial_calibration_sensitivity,taylor24_ceers_rubies_blagn_only,0.5,6.77724328464267,6.960270950805498,7.239996920063499,7.471388959542748,7.61894600858075,fedd0p3,0.3,4.172205862469876,4.355233528632704,4.634959497890705,4.866351537369954,5.013908586407956,0.0572,0.0
v3-blagn,measurement,RUBIESEGS13872_taylor24,RUBIESEGS13872_taylor24,HZA-RUBIES-EGS-13872,RUBIES-EGS-13872,1,RUBIESEGS13872_taylor24,True,only catalogue measurement in this release,5.262,1.0997055860002432,RUBIES,EGS,broad-line-agn,robust,individual_robust,taylor24_ceers_rubies_blagn,Table 1 (Sample of BLAGN),The Astrophysical Journal 986:165 (2025); arXiv:2409.06772v2,https://iopscience.iop.org/article/10.3847/1538-4357/add15b,10.3847/1538-4357/add15b,single-epoch-virial-halpha-reines2013,0.0,non_lrd,0.0,formal_mbh_errors_exclude_virial_systematic;nominal_mass_uncorrected_for_dust,Nominal Table 1 mass and Halpha flux are uncorrected for dust; formal MBH errors exclude the approximately 0.5 dex virial-calibration systematic.,10000,20260808,30.0,0.1,1.0,True,split-normal-in-log-mbh,0.23,0.28,0.23,0.28,asymmetric,False,taylor_virial_plus_0p5dex,Taylor virial calibration sensitivity: MBH +0.5 dex,taylor_virial_calibration_sensitivity,taylor24_ceers_rubies_blagn_only,0.5,6.77724328464267,6.960270950805498,7.239996920063499,7.471388959542748,7.61894600858075,fedd1,1.0,-1.9062147892666426,-1.723187123103815,-1.443461153845814,-1.2120691143665645,-1.0645120653285631,0.0,0.0
v3-blagn,measurement,RUBIESEGS17146_taylor24,RUBIESEGS17146_taylor24,HZA-RUBIES-EGS-17146,RUBIES-EGS-17146,1,RUBIESEGS17146_taylor24,True,only catalogue measurement in this release,5.0,1.1722819008829126,RUBIES,EGS,broad-line-agn,robust,individual_robust,taylor24_ceers_rubies_blagn,Table 1 (Sample of BLAGN),The Astrophysical Journal 986:165 (2025); arXiv:2409.06772v2,https://iopscience.iop.org/article/10.3847/1538-4357/add15b,10.3847/1538-4357/add15b,single-epoch-virial-halpha-reines2013,0.0,non_lrd,0.0,formal_mbh_errors_exclude_virial_systematic;nominal_mass_uncorrected_for_dust,Nominal Table 1 mass and Halpha flux are uncorrected for dust; formal MBH errors exclude the approximately 0.5 dex virial-calibration systematic.,10000,20260808,30.0,0.1,1.0,True,split-normal-in-log-mbh,0.25,0.15,0.25,0.15,asymmetric,False,baseline,reported MBH,none,all_sources,0.0,6.35529248447841,6.452533103240222,6.601038869003429,6.845827888905091,7.016948547618072,fedd0p3,0.3,3.5611381038831187,3.65837872264493,3.806884488408138,4.0516735083098,4.222794167022781,0.0,0.0
v3-blagn,measurement,RUBIESEGS17146_taylor24,RUBIESEGS17146_taylor24,HZA-RUBIES-EGS-17146,RUBIES-EGS-17146,1,RUBIESEGS17146_taylor24,True,only catalogue measurement in this release,5.0,1.1722819008829126,RUBIES,EGS,broad-line-agn,robust,individual_robust,taylor24_ceers_rubies_blagn,Table 1 (Sample of BLAGN),The Astrophysical Journal 986:165 (2025); arXiv:2409.06772v2,https://iopscience.iop.org/article/10.3847/1538-4357/add15b,10.3847/1538-4357/add15b,single-epoch-virial-halpha-reines2013,0.0,non_lrd,0.0,formal_mbh_errors_exclude_virial_systematic;nominal_mass_uncorrected_for_dust,Nominal Table 1 mass and Halpha flux are uncorrected for dust; formal MBH errors exclude the approximately 0.5 dex virial-calibration systematic.,10000,20260808,30.0,0.1,1.0,True,split-normal-in-log-mbh,0.25,0.15,0.25,0.15,asymmetric,False,baseline,reported MBH,none,all_sources,0.0,6.35529248447841,6.452533103240222,6.601038869003429,6.845827888905091,7.016948547618072,fedd1,1.0,-2.9585554508392278,-2.8613148320774164,-2.7128090663142084,-2.4680200464125472,-2.296899387699566,0.0,0.0
v3-blagn,measurement,RUBIESEGS17146_taylor24,RUBIESEGS17146_taylor24,HZA-RUBIES-EGS-17146,RUBIES-EGS-17146,1,RUBIESEGS17146_taylor24,True,only catalogue measurement in this release,5.0,1.1722819008829126,RUBIES,EGS,broad-line-agn,robust,individual_robust,taylor24_ceers_rubies_blagn,Table 1 (Sample of BLAGN),The Astrophysical Journal 986:165 (2025); arXiv:2409.06772v2,https://iopscience.iop.org/article/10.3847/1538-4357/add15b,10.3847/1538-4357/add15b,single-epoch-virial-halpha-reines2013,0.0,non_lrd,0.0,formal_mbh_errors_exclude_virial_systematic;nominal_mass_uncorrected_for_dust,Nominal Table 1 mass and Halpha flux are uncorrected for dust; formal MBH errors exclude the approximately 0.5 dex virial-calibration systematic.,10000,20260808,30.0,0.1,1.0,True,split-normal-in-log-mbh,0.25,0.15,0.25,0.15,asymmetric,False,mbh_minus_0p3dex,MBH -0.3 dex,global_comparison,all_sources,-0.3,6.05529248447841,6.152533103240222,6.301038869003429,6.545827888905091,6.716948547618072,fedd0p3,0.3,3.261138103883119,3.35837872264493,3.5068844884081383,3.7516735083097994,3.9227941670227806,0.0,0.0
v3-blagn,measurement,RUBIESEGS17146_taylor24,RUBIESEGS17146_taylor24,HZA-RUBIES-EGS-17146,RUBIES-EGS-17146,1,RUBIESEGS17146_taylor24,True,only catalogue measurement in this release,5.0,1.1722819008829126,RUBIES,EGS,broad-line-agn,robust,individual_robust,taylor24_ceers_rubies_blagn,Table 1 (Sample of BLAGN),The Astrophysical Journal 986:165 (2025); arXiv:2409.06772v2,https://iopscience.iop.org/article/10.3847/1538-4357/add15b,10.3847/1538-4357/add15b,single-epoch-virial-halpha-reines2013,0.0,non_lrd,0.0,formal_mbh_errors_exclude_virial_systematic;nominal_mass_uncorrected_for_dust,Nominal Table 1 mass and Halpha flux are uncorrected for dust; formal MBH errors exclude the approximately 0.5 dex virial-calibration systematic.,10000,20260808,30.0,0.1,1.0,True,split-normal-in-log-mbh,0.25,0.15,0.25,0.15,asymmetric,False,mbh_minus_0p3dex,MBH -0.3 dex,global_comparison,all_sources,-0.3,6.05529248447841,6.152533103240222,6.301038869003429,6.545827888905091,6.716948547618072,fedd1,1.0,-3.2585554508392276,-3.1613148320774163,-3.012809066314208,-2.768020046412547,-2.596899387699566,0.0,0.0
v3-blagn,measurement,RUBIESEGS17146_taylor24,RUBIESEGS17146_taylor24,HZA-RUBIES-EGS-17146,RUBIES-EGS-17146,1,RUBIESEGS17146_taylor24,True,only catalogue measurement in this release,5.0,1.1722819008829126,RUBIES,EGS,broad-line-agn,robust,individual_robust,taylor24_ceers_rubies_blagn,Table 1 (Sample of BLAGN),The Astrophysical Journal 986:165 (2025); arXiv:2409.06772v2,https://iopscience.iop.org/article/10.3847/1538-4357/add15b,10.3847/1538-4357/add15b,single-epoch-virial-halpha-reines2013,0.0,non_lrd,0.0,formal_mbh_errors_exclude_virial_systematic;nominal_mass_uncorrected_for_dust,Nominal Table 1 mass and Halpha flux are uncorrected for dust; formal MBH errors exclude the approximately 0.5 dex virial-calibration systematic.,10000,20260808,30.0,0.1,1.0,True,split-normal-in-log-mbh,0.25,0.15,0.25,0.15,asymmetric,False,mbh_plus_0p3dex,MBH +0.3 dex,global_comparison,all_sources,0.3,6.65529248447841,6.752533103240221,6.901038869003429,7.145827888905091,7.316948547618072,fedd0p3,0.3,3.8611381038831185,3.95837872264493,4.106884488408138,4.3516735083097995,4.522794167022781,0.0001,0.0
v3-blagn,measurement,RUBIESEGS17146_taylor24,RUBIESEGS17146_taylor24,HZA-RUBIES-EGS-17146,RUBIES-EGS-17146,1,RUBIESEGS17146_taylor24,True,only catalogue measurement in this release,5.0,1.1722819008829126,RUBIES,EGS,broad-line-agn,robust,individual_robust,taylor24_ceers_rubies_blagn,Table 1 (Sample of BLAGN),The Astrophysical Journal 986:165 (2025); arXiv:2409.06772v2,https://iopscience.iop.org/article/10.3847/1538-4357/add15b,10.3847/1538-4357/add15b,single-epoch-virial-halpha-reines2013,0.0,non_lrd,0.0,formal_mbh_errors_exclude_virial_systematic;nominal_mass_uncorrected_for_dust,Nominal Table 1 mass and Halpha flux are uncorrected for dust; formal MBH errors exclude the approximately 0.5 dex virial-calibration systematic.,10000,20260808,30.0,0.1,1.0,True,split-normal-in-log-mbh,0.25,0.15,0.25,0.15,asymmetric,False,mbh_plus_0p3dex,MBH +0.3 dex,global_comparison,all_sources,0.3,6.65529248447841,6.752533103240221,6.901038869003429,7.145827888905091,7.316948547618072,fedd1,1.0,-2.658555450839228,-2.5613148320774166,-2.4128090663142086,-2.1680200464125474,-1.9968993876995662,0.0,0.0
v3-blagn,measurement,RUBIESEGS17146_taylor24,RUBIESEGS17146_taylor24,HZA-RUBIES-EGS-17146,RUBIES-EGS-17146,1,RUBIESEGS17146_taylor24,True,only catalogue measurement in this release,5.0,1.1722819008829126,RUBIES,EGS,broad-line-agn,robust,individual_robust,taylor24_ceers_rubies_blagn,Table 1 (Sample of BLAGN),The Astrophysical Journal 986:165 (2025); arXiv:2409.06772v2,https://iopscience.iop.org/article/10.3847/1538-4357/add15b,10.3847/1538-4357/add15b,single-epoch-virial-halpha-reines2013,0.0,non_lrd,0.0,formal_mbh_errors_exclude_virial_systematic;nominal_mass_uncorrected_for_dust,Nominal Table 1 mass and Halpha flux are uncorrected for dust; formal MBH errors exclude the approximately 0.5 dex virial-calibration systematic.,10000,20260808,30.0,0.1,1.0,True,split-normal-in-log-mbh,0.25,0.15,0.25,0.15,asymmetric,False,taylor_virial_minus_0p5dex,Taylor virial calibration sensitivity: MBH -0.5 dex,taylor_virial_calibration_sensitivity,taylor24_ceers_rubies_blagn_only,-0.5,5.85529248447841,5.952533103240222,6.101038869003429,6.345827888905091,6.516948547618072,fedd0p3,0.3,3.0611381038831187,3.15837872264493,3.306884488408138,3.551673508309799,3.7227941670227804,0.0,0.0
v3-blagn,measurement,RUBIESEGS17146_taylor24,RUBIESEGS17146_taylor24,HZA-RUBIES-EGS-17146,RUBIES-EGS-17146,1,RUBIESEGS17146_taylor24,True,only catalogue measurement in this release,5.0,1.1722819008829126,RUBIES,EGS,broad-line-agn,robust,individual_robust,taylor24_ceers_rubies_blagn,Table 1 (Sample of BLAGN),The Astrophysical Journal 986:165 (2025); arXiv:2409.06772v2,https://iopscience.iop.org/article/10.3847/1538-4357/add15b,10.3847/1538-4357/add15b,single-epoch-virial-halpha-reines2013,0.0,non_lrd,0.0,formal_mbh_errors_exclude_virial_systematic;nominal_mass_uncorrected_for_dust,Nominal Table 1 mass and Halpha flux are uncorrected for dust; formal MBH errors exclude the approximately 0.5 dex virial-calibration systematic.,10000,20260808,30.0,0.1,1.0,True,split-normal-in-log-mbh,0.25,0.15,0.25,0.15,asymmetric,False,taylor_virial_minus_0p5dex,Taylor virial calibration sensitivity: MBH -0.5 dex,taylor_virial_calibration_sensitivity,taylor24_ceers_rubies_blagn_only,-0.5,5.85529248447841,5.952533103240222,6.101038869003429,6.345827888905091,6.516948547618072,fedd1,1.0,-3.4585554508392278,-3.3613148320774164,-3.2128090663142084,-2.9680200464125472,-2.796899387699566,0.0,0.0
v3-blagn,measurement,RUBIESEGS17146_taylor24,RUBIESEGS17146_taylor24,HZA-RUBIES-EGS-17146,RUBIES-EGS-17146,1,RUBIESEGS17146_taylor24,True,only catalogue measurement in this release,5.0,1.1722819008829126,RUBIES,EGS,broad-line-agn,robust,individual_robust,taylor24_ceers_rubies_blagn,Table 1 (Sample of BLAGN),The Astrophysical Journal 986:165 (2025); arXiv:2409.06772v2,https://iopscience.iop.org/article/10.3847/1538-4357/add15b,10.3847/1538-4357/add15b,single-epoch-virial-halpha-reines2013,0.0,non_lrd,0.0,formal_mbh_errors_exclude_virial_systematic;nominal_mass_uncorrected_for_dust,Nominal Table 1 mass and Halpha flux are uncorrected for dust; formal MBH errors exclude the approximately 0.5 dex virial-calibration systematic.,10000,20260808,30.0,0.1,1.0,True,split-normal-in-log-mbh,0.25,0.15,0.25,0.15,asymmetric,False,taylor_virial_plus_0p5dex,Taylor virial calibration sensitivity: MBH +0.5 dex,taylor_virial_calibration_sensitivity,taylor24_ceers_rubies_blagn_only,0.5,6.85529248447841,6.952533103240222,7.101038869003429,7.345827888905091,7.516948547618072,fedd0p3,0.3,4.061138103883119,4.1583787226449305,4.306884488408138,4.5516735083098,4.722794167022781,0.0032,0.0
v3-blagn,measurement,RUBIESEGS17146_taylor24,RUBIESEGS17146_taylor24,HZA-RUBIES-EGS-17146,RUBIES-EGS-17146,1,RUBIESEGS17146_taylor24,True,only catalogue measurement in this release,5.0,1.1722819008829126,RUBIES,EGS,broad-line-agn,robust,individual_robust,taylor24_ceers_rubies_blagn,Table 1 (Sample of BLAGN),The Astrophysical Journal 986:165 (2025); arXiv:2409.06772v2,https://iopscience.iop.org/article/10.3847/1538-4357/add15b,10.3847/1538-4357/add15b,single-epoch-virial-halpha-reines2013,0.0,non_lrd,0.0,formal_mbh_errors_exclude_virial_systematic;nominal_mass_uncorrected_for_dust,Nominal Table 1 mass and Halpha flux are uncorrected for dust; formal MBH errors exclude the approximately 0.5 dex virial-calibration systematic.,10000,20260808,30.0,0.1,1.0,True,split-normal-in-log-mbh,0.25,0.15,0.25,0.15,asymmetric,False,taylor_virial_plus_0p5dex,Taylor virial calibration sensitivity: MBH +0.5 dex,taylor_virial_calibration_sensitivity,taylor24_ceers_rubies_blagn_only,0.5,6.85529248447841,6.952533103240222,7.101038869003429,7.345827888905091,7.516948547618072,fedd1,1.0,-2.4585554508392278,-2.3613148320774164,-2.2128090663142084,-1.968020046412547,-1.796899387699566,0.0,0.0
v3-blagn,measurement,RUBIESEGS28812_taylor24,RUBIESEGS28812_taylor24,HZA-RUBIES-EGS-28812,RUBIES-EGS-28812,1,RUBIESEGS28812_taylor24,True,only catalogue measurement in this release,4.222,1.442548613560481,RUBIES,EGS,broad-line-agn,robust,individual_robust,taylor24_ceers_rubies_blagn,Table 1 (Sample of BLAGN),The Astrophysical Journal 986:165 (2025); arXiv:2409.06772v2,https://iopscience.iop.org/article/10.3847/1538-4357/add15b,10.3847/1538-4357/add15b,single-epoch-virial-halpha-reines2013,0.0,non_lrd,1.0,formal_mbh_errors_exclude_virial_systematic;nominal_mass_uncorrected_for_dust;halpha_absorption_component_fit,Nominal Table 1 mass and Halpha flux are uncorrected for dust; formal MBH errors exclude the approximately 0.5 dex virial-calibration systematic. Halpha line fit includes the source-specific narrow absorption component described in Section 3.2.,10000,20260808,30.0,0.1,1.0,True,split-normal-in-log-mbh,0.04,0.04,0.04,0.04,symmetric_reported,False,baseline,reported MBH,none,all_sources,0.0,7.283418616390407,7.310454668805472,7.34978289085224,7.389542148529932,7.416037594078819,fedd0p3,0.3,3.7850121840471194,3.8120482364621835,3.851376458508952,3.891135716186644,3.9176311617355313,0.0,0.0
v3-blagn,measurement,RUBIESEGS28812_taylor24,RUBIESEGS28812_taylor24,HZA-RUBIES-EGS-28812,RUBIES-EGS-28812,1,RUBIESEGS28812_taylor24,True,only catalogue measurement in this release,4.222,1.442548613560481,RUBIES,EGS,broad-line-agn,robust,individual_robust,taylor24_ceers_rubies_blagn,Table 1 (Sample of BLAGN),The Astrophysical Journal 986:165 (2025); arXiv:2409.06772v2,https://iopscience.iop.org/article/10.3847/1538-4357/add15b,10.3847/1538-4357/add15b,single-epoch-virial-halpha-reines2013,0.0,non_lrd,1.0,formal_mbh_errors_exclude_virial_systematic;nominal_mass_uncorrected_for_dust;halpha_absorption_component_fit,Nominal Table 1 mass and Halpha flux are uncorrected for dust; formal MBH errors exclude the approximately 0.5 dex virial-calibration systematic. Halpha line fit includes the source-specific narrow absorption component described in Section 3.2.,10000,20260808,30.0,0.1,1.0,True,split-normal-in-log-mbh,0.04,0.04,0.04,0.04,symmetric_reported,False,baseline,reported MBH,none,all_sources,0.0,7.283418616390407,7.310454668805472,7.34978289085224,7.389542148529932,7.416037594078819,fedd1,1.0,-4.377936158087221,-4.350900105672156,-4.311571883625388,-4.271812625947696,-4.245317180398809,0.0,0.0
v3-blagn,measurement,RUBIESEGS28812_taylor24,RUBIESEGS28812_taylor24,HZA-RUBIES-EGS-28812,RUBIES-EGS-28812,1,RUBIESEGS28812_taylor24,True,only catalogue measurement in this release,4.222,1.442548613560481,RUBIES,EGS,broad-line-agn,robust,individual_robust,taylor24_ceers_rubies_blagn,Table 1 (Sample of BLAGN),The Astrophysical Journal 986:165 (2025); arXiv:2409.06772v2,https://iopscience.iop.org/article/10.3847/1538-4357/add15b,10.3847/1538-4357/add15b,single-epoch-virial-halpha-reines2013,0.0,non_lrd,1.0,formal_mbh_errors_exclude_virial_systematic;nominal_mass_uncorrected_for_dust;halpha_absorption_component_fit,Nominal Table 1 mass and Halpha flux are uncorrected for dust; formal MBH errors exclude the approximately 0.5 dex virial-calibration systematic. Halpha line fit includes the source-specific narrow absorption component described in Section 3.2.,10000,20260808,30.0,0.1,1.0,True,split-normal-in-log-mbh,0.04,0.04,0.04,0.04,symmetric_reported,False,mbh_minus_0p3dex,MBH -0.3 dex,global_comparison,all_sources,-0.3,6.9834186163904075,7.0104546688054725,7.04978289085224,7.089542148529932,7.116037594078819,fedd0p3,0.3,3.4850121840471195,3.5120482364621837,3.551376458508952,3.591135716186644,3.6176311617355315,0.0,0.0
v3-blagn,measurement,RUBIESEGS28812_taylor24,RUBIESEGS28812_taylor24,HZA-RUBIES-EGS-28812,RUBIES-EGS-28812,1,RUBIESEGS28812_taylor24,True,only catalogue measurement in this release,4.222,1.442548613560481,RUBIES,EGS,broad-line-agn,robust,individual_robust,taylor24_ceers_rubies_blagn,Table 1 (Sample of BLAGN),The Astrophysical Journal 986:165 (2025); arXiv:2409.06772v2,https://iopscience.iop.org/article/10.3847/1538-4357/add15b,10.3847/1538-4357/add15b,single-epoch-virial-halpha-reines2013,0.0,non_lrd,1.0,formal_mbh_errors_exclude_virial_systematic;nominal_mass_uncorrected_for_dust;halpha_absorption_component_fit,Nominal Table 1 mass and Halpha flux are uncorrected for dust; formal MBH errors exclude the approximately 0.5 dex virial-calibration systematic. Halpha line fit includes the source-specific narrow absorption component described in Section 3.2.,10000,20260808,30.0,0.1,1.0,True,split-normal-in-log-mbh,0.04,0.04,0.04,0.04,symmetric_reported,False,mbh_minus_0p3dex,MBH -0.3 dex,global_comparison,all_sources,-0.3,6.9834186163904075,7.0104546688054725,7.04978289085224,7.089542148529932,7.116037594078819,fedd1,1.0,-4.6779361580872205,-4.6509001056721555,-4.611571883625388,-4.571812625947696,-4.545317180398809,0.0,0.0
v3-blagn,measurement,RUBIESEGS28812_taylor24,RUBIESEGS28812_taylor24,HZA-RUBIES-EGS-28812,RUBIES-EGS-28812,1,RUBIESEGS28812_taylor24,True,only catalogue measurement in this release,4.222,1.442548613560481,RUBIES,EGS,broad-line-agn,robust,individual_robust,taylor24_ceers_rubies_blagn,Table 1 (Sample of BLAGN),The Astrophysical Journal 986:165 (2025); arXiv:2409.06772v2,https://iopscience.iop.org/article/10.3847/1538-4357/add15b,10.3847/1538-4357/add15b,single-epoch-virial-halpha-reines2013,0.0,non_lrd,1.0,formal_mbh_errors_exclude_virial_systematic;nominal_mass_uncorrected_for_dust;halpha_absorption_component_fit,Nominal Table 1 mass and Halpha flux are uncorrected for dust; formal MBH errors exclude the approximately 0.5 dex virial-calibration systematic. Halpha line fit includes the source-specific narrow absorption component described in Section 3.2.,10000,20260808,30.0,0.1,1.0,True,split-normal-in-log-mbh,0.04,0.04,0.04,0.04,symmetric_reported,False,mbh_plus_0p3dex,MBH +0.3 dex,global_comparison,all_sources,0.3,7.583418616390407,7.610454668805472,7.64978289085224,7.689542148529932,7.716037594078819,fedd0p3,0.3,4.085012184047119,4.112048236462184,4.151376458508952,4.191135716186643,4.217631161735531,0.0,0.0
v3-blagn,measurement,RUBIESEGS28812_taylor24,RUBIESEGS28812_taylor24,HZA-RUBIES-EGS-28812,RUBIES-EGS-28812,1,RUBIESEGS28812_taylor24,True,only catalogue measurement in this release,4.222,1.442548613560481,RUBIES,EGS,broad-line-agn,robust,individual_robust,taylor24_ceers_rubies_blagn,Table 1 (Sample of BLAGN),The Astrophysical Journal 986:165 (2025); arXiv:2409.06772v2,https://iopscience.iop.org/article/10.3847/1538-4357/add15b,10.3847/1538-4357/add15b,single-epoch-virial-halpha-reines2013,0.0,non_lrd,1.0,formal_mbh_errors_exclude_virial_systematic;nominal_mass_uncorrected_for_dust;halpha_absorption_component_fit,Nominal Table 1 mass and Halpha flux are uncorrected for dust; formal MBH errors exclude the approximately 0.5 dex virial-calibration systematic. Halpha line fit includes the source-specific narrow absorption component described in Section 3.2.,10000,20260808,30.0,0.1,1.0,True,split-normal-in-log-mbh,0.04,0.04,0.04,0.04,symmetric_reported,False,mbh_plus_0p3dex,MBH +0.3 dex,global_comparison,all_sources,0.3,7.583418616390407,7.610454668805472,7.64978289085224,7.689542148529932,7.716037594078819,fedd1,1.0,-4.077936158087221,-4.050900105672156,-4.011571883625388,-3.971812625947696,-3.9453171803988085,0.0,0.0
v3-blagn,measurement,RUBIESEGS28812_taylor24,RUBIESEGS28812_taylor24,HZA-RUBIES-EGS-28812,RUBIES-EGS-28812,1,RUBIESEGS28812_taylor24,True,only catalogue measurement in this release,4.222,1.442548613560481,RUBIES,EGS,broad-line-agn,robust,individual_robust,taylor24_ceers_rubies_blagn,Table 1 (Sample of BLAGN),The Astrophysical Journal 986:165 (2025); arXiv:2409.06772v2,https://iopscience.iop.org/article/10.3847/1538-4357/add15b,10.3847/1538-4357/add15b,single-epoch-virial-halpha-reines2013,0.0,non_lrd,1.0,formal_mbh_errors_exclude_virial_systematic;nominal_mass_uncorrected_for_dust;halpha_absorption_component_fit,Nominal Table 1 mass and Halpha flux are uncorrected for dust; formal MBH errors exclude the approximately 0.5 dex virial-calibration systematic. Halpha line fit includes the source-specific narrow absorption component described in Section 3.2.,10000,20260808,30.0,0.1,1.0,True,split-normal-in-log-mbh,0.04,0.04,0.04,0.04,symmetric_reported,False,taylor_virial_minus_0p5dex,Taylor virial calibration sensitivity: MBH -0.5 dex,taylor_virial_calibration_sensitivity,taylor24_ceers_rubies_blagn_only,-0.5,6.783418616390407,6.810454668805472,6.84978289085224,6.889542148529932,6.916037594078819,fedd0p3,0.3,3.2850121840471194,3.3120482364621835,3.351376458508952,3.391135716186644,3.4176311617355313,0.0,0.0
v3-blagn,measurement,RUBIESEGS28812_taylor24,RUBIESEGS28812_taylor24,HZA-RUBIES-EGS-28812,RUBIES-EGS-28812,1,RUBIESEGS28812_taylor24,True,only catalogue measurement in this release,4.222,1.442548613560481,RUBIES,EGS,broad-line-agn,robust,individual_robust,taylor24_ceers_rubies_blagn,Table 1 (Sample of BLAGN),The Astrophysical Journal 986:165 (2025); arXiv:2409.06772v2,https://iopscience.iop.org/article/10.3847/1538-4357/add15b,10.3847/1538-4357/add15b,single-epoch-virial-halpha-reines2013,0.0,non_lrd,1.0,formal_mbh_errors_exclude_virial_systematic;nominal_mass_uncorrected_for_dust;halpha_absorption_component_fit,Nominal Table 1 mass and Halpha flux are uncorrected for dust; formal MBH errors exclude the approximately 0.5 dex virial-calibration systematic. Halpha line fit includes the source-specific narrow absorption component described in Section 3.2.,10000,20260808,30.0,0.1,1.0,True,split-normal-in-log-mbh,0.04,0.04,0.04,0.04,symmetric_reported,False,taylor_virial_minus_0p5dex,Taylor virial calibration sensitivity: MBH -0.5 dex,taylor_virial_calibration_sensitivity,taylor24_ceers_rubies_blagn_only,-0.5,6.783418616390407,6.810454668805472,6.84978289085224,6.889542148529932,6.916037594078819,fedd1,1.0,-4.877936158087221,-4.850900105672156,-4.811571883625388,-4.771812625947696,-4.745317180398809,0.0,0.0
v3-blagn,measurement,RUBIESEGS28812_taylor24,RUBIESEGS28812_taylor24,HZA-RUBIES-EGS-28812,RUBIES-EGS-28812,1,RUBIESEGS28812_taylor24,True,only catalogue measurement in this release,4.222,1.442548613560481,RUBIES,EGS,broad-line-agn,robust,individual_robust,taylor24_ceers_rubies_blagn,Table 1 (Sample of BLAGN),The Astrophysical Journal 986:165 (2025); arXiv:2409.06772v2,https://iopscience.iop.org/article/10.3847/1538-4357/add15b,10.3847/1538-4357/add15b,single-epoch-virial-halpha-reines2013,0.0,non_lrd,1.0,formal_mbh_errors_exclude_virial_systematic;nominal_mass_uncorrected_for_dust;halpha_absorption_component_fit,Nominal Table 1 mass and Halpha flux are uncorrected for dust; formal MBH errors exclude the approximately 0.5 dex virial-calibration systematic. Halpha line fit includes the source-specific narrow absorption component described in Section 3.2.,10000,20260808,30.0,0.1,1.0,True,split-normal-in-log-mbh,0.04,0.04,0.04,0.04,symmetric_reported,False,taylor_virial_plus_0p5dex,Taylor virial calibration sensitivity: MBH +0.5 dex,taylor_virial_calibration_sensitivity,taylor24_ceers_rubies_blagn_only,0.5,7.783418616390407,7.810454668805472,7.84978289085224,7.889542148529932,7.916037594078819,fedd0p3,0.3,4.285012184047119,4.312048236462184,4.351376458508952,4.391135716186644,4.417631161735531,0.0,0.0
v3-blagn,measurement,RUBIESEGS28812_taylor24,RUBIESEGS28812_taylor24,HZA-RUBIES-EGS-28812,RUBIES-EGS-28812,1,RUBIESEGS28812_taylor24,True,only catalogue measurement in this release,4.222,1.442548613560481,RUBIES,EGS,broad-line-agn,robust,individual_robust,taylor24_ceers_rubies_blagn,Table 1 (Sample of BLAGN),The Astrophysical Journal 986:165 (2025); arXiv:2409.06772v2,https://iopscience.iop.org/article/10.3847/1538-4357/add15b,10.3847/1538-4357/add15b,single-epoch-virial-halpha-reines2013,0.0,non_lrd,1.0,formal_mbh_errors_exclude_virial_systematic;nominal_mass_uncorrected_for_dust;halpha_absorption_component_fit,Nominal Table 1 mass and Halpha flux are uncorrected for dust; formal MBH errors exclude the approximately 0.5 dex virial-calibration systematic. Halpha line fit includes the source-specific narrow absorption component described in Section 3.2.,10000,20260808,30.0,0.1,1.0,True,split-normal-in-log-mbh,0.04,0.04,0.04,0.04,symmetric_reported,False,taylor_virial_plus_0p5dex,Taylor virial calibration sensitivity: MBH +0.5 dex,taylor_virial_calibration_sensitivity,taylor24_ceers_rubies_blagn_only,0.5,7.783418616390407,7.810454668805472,7.84978289085224,7.889542148529932,7.916037594078819,fedd1,1.0,-3.8779361580872203,-3.850900105672156,-3.811571883625388,-3.7718126259476956,-3.7453171803988083,0.0,0.0
v3-blagn,measurement,RUBIESEGS29489_taylor24,RUBIESEGS29489_taylor24,HZA-RUBIES-EGS-29489,RUBIES-EGS-29489,1,RUBIESEGS29489_taylor24,True,only catalogue measurement in this release,4.543,1.319616479433939,RUBIES,EGS,broad-line-agn,robust,individual_robust,taylor24_ceers_rubies_blagn,Table 1 (Sample of BLAGN),The Astrophysical Journal 986:165 (2025); arXiv:2409.06772v2,https://iopscience.iop.org/article/10.3847/1538-4357/add15b,10.3847/1538-4357/add15b,single-epoch-virial-halpha-reines2013,1.0,lrd,0.0,formal_mbh_errors_exclude_virial_systematic;nominal_mass_uncorrected_for_dust,Nominal Table 1 mass and Halpha flux are uncorrected for dust; formal MBH errors exclude the approximately 0.5 dex virial-calibration systematic.,10000,20260808,30.0,0.1,1.0,True,split-normal-in-log-mbh,0.08,0.09,0.08,0.09,asymmetric,False,baseline,reported MBH,none,all_sources,0.0,7.2395720301093265,7.298154932109423,7.388965223241074,7.468528053422682,7.522958202839105,fedd0p3,0.3,4.061498082764525,4.120080984764622,4.210891275896273,4.290454106077881,4.3448842554943035,0.0,0.0
v3-blagn,measurement,RUBIESEGS29489_taylor24,RUBIESEGS29489_taylor24,HZA-RUBIES-EGS-29489,RUBIES-EGS-29489,1,RUBIESEGS29489_taylor24,True,only catalogue measurement in this release,4.543,1.319616479433939,RUBIES,EGS,broad-line-agn,robust,individual_robust,taylor24_ceers_rubies_blagn,Table 1 (Sample of BLAGN),The Astrophysical Journal 986:165 (2025); arXiv:2409.06772v2,https://iopscience.iop.org/article/10.3847/1538-4357/add15b,10.3847/1538-4357/add15b,single-epoch-virial-halpha-reines2013,1.0,lrd,0.0,formal_mbh_errors_exclude_virial_systematic;nominal_mass_uncorrected_for_dust,Nominal Table 1 mass and Halpha flux are uncorrected for dust; formal MBH errors exclude the approximately 0.5 dex virial-calibration systematic.,10000,20260808,30.0,0.1,1.0,True,split-normal-in-log-mbh,0.08,0.09,0.08,0.09,asymmetric,False,baseline,reported MBH,none,all_sources,0.0,7.2395720301093265,7.298154932109423,7.388965223241074,7.468528053422682,7.522958202839105,fedd1,1.0,-3.354007794373346,-3.29542489237325,-3.204614601241598,-3.12505177105999,-3.0706216216435678,0.0,0.0
v3-blagn,measurement,RUBIESEGS29489_taylor24,RUBIESEGS29489_taylor24,HZA-RUBIES-EGS-29489,RUBIES-EGS-29489,1,RUBIESEGS29489_taylor24,True,only catalogue measurement in this release,4.543,1.319616479433939,RUBIES,EGS,broad-line-agn,robust,individual_robust,taylor24_ceers_rubies_blagn,Table 1 (Sample of BLAGN),The Astrophysical Journal 986:165 (2025); arXiv:2409.06772v2,https://iopscience.iop.org/article/10.3847/1538-4357/add15b,10.3847/1538-4357/add15b,single-epoch-virial-halpha-reines2013,1.0,lrd,0.0,formal_mbh_errors_exclude_virial_systematic;nominal_mass_uncorrected_for_dust,Nominal Table 1 mass and Halpha flux are uncorrected for dust; formal MBH errors exclude the approximately 0.5 dex virial-calibration systematic.,10000,20260808,30.0,0.1,1.0,True,split-normal-in-log-mbh,0.08,0.09,0.08,0.09,asymmetric,False,mbh_minus_0p3dex,MBH -0.3 dex,global_comparison,all_sources,-0.3,6.939572030109327,6.998154932109423,7.0889652232410745,7.1685280534226825,7.222958202839105,fedd0p3,0.3,3.7614980827645255,3.8200809847646213,3.9108912758962733,3.9904541060778813,4.044884255494304,0.0,0.0
v3-blagn,measurement,RUBIESEGS29489_taylor24,RUBIESEGS29489_taylor24,HZA-RUBIES-EGS-29489,RUBIES-EGS-29489,1,RUBIESEGS29489_taylor24,True,only catalogue measurement in this release,4.543,1.319616479433939,RUBIES,EGS,broad-line-agn,robust,individual_robust,taylor24_ceers_rubies_blagn,Table 1 (Sample of BLAGN),The Astrophysical Journal 986:165 (2025); arXiv:2409.06772v2,https://iopscience.iop.org/article/10.3847/1538-4357/add15b,10.3847/1538-4357/add15b,single-epoch-virial-halpha-reines2013,1.0,lrd,0.0,formal_mbh_errors_exclude_virial_systematic;nominal_mass_uncorrected_for_dust,Nominal Table 1 mass and Halpha flux are uncorrected for dust; formal MBH errors exclude the approximately 0.5 dex virial-calibration systematic.,10000,20260808,30.0,0.1,1.0,True,split-normal-in-log-mbh,0.08,0.09,0.08,0.09,asymmetric,False,mbh_minus_0p3dex,MBH -0.3 dex,global_comparison,all_sources,-0.3,6.939572030109327,6.998154932109423,7.0889652232410745,7.1685280534226825,7.222958202839105,fedd1,1.0,-3.6540077943733458,-3.59542489237325,-3.504614601241598,-3.42505177105999,-3.3706216216435676,0.0,0.0
v3-blagn,measurement,RUBIESEGS29489_taylor24,RUBIESEGS29489_taylor24,HZA-RUBIES-EGS-29489,RUBIES-EGS-29489,1,RUBIESEGS29489_taylor24,True,only catalogue measurement in this release,4.543,1.319616479433939,RUBIES,EGS,broad-line-agn,robust,individual_robust,taylor24_ceers_rubies_blagn,Table 1 (Sample of BLAGN),The Astrophysical Journal 986:165 (2025); arXiv:2409.06772v2,https://iopscience.iop.org/article/10.3847/1538-4357/add15b,10.3847/1538-4357/add15b,single-epoch-virial-halpha-reines2013,1.0,lrd,0.0,formal_mbh_errors_exclude_virial_systematic;nominal_mass_uncorrected_for_dust,Nominal Table 1 mass and Halpha flux are uncorrected for dust; formal MBH errors exclude the approximately 0.5 dex virial-calibration systematic.,10000,20260808,30.0,0.1,1.0,True,split-normal-in-log-mbh,0.08,0.09,0.08,0.09,asymmetric,False,mbh_plus_0p3dex,MBH +0.3 dex,global_comparison,all_sources,0.3,7.539572030109326,7.598154932109423,7.688965223241074,7.768528053422682,7.8229582028391045,fedd0p3,0.3,4.361498082764525,4.420080984764621,4.510891275896273,4.590454106077881,4.644884255494303,0.0,0.0
v3-blagn,measurement,RUBIESEGS29489_taylor24,RUBIESEGS29489_taylor24,HZA-RUBIES-EGS-29489,RUBIES-EGS-29489,1,RUBIESEGS29489_taylor24,True,only catalogue measurement in this release,4.543,1.319616479433939,RUBIES,EGS,broad-line-agn,robust,individual_robust,taylor24_ceers_rubies_blagn,Table 1 (Sample of BLAGN),The Astrophysical Journal 986:165 (2025); arXiv:2409.06772v2,https://iopscience.iop.org/article/10.3847/1538-4357/add15b,10.3847/1538-4357/add15b,single-epoch-virial-halpha-reines2013,1.0,lrd,0.0,formal_mbh_errors_exclude_virial_systematic;nominal_mass_uncorrected_for_dust,Nominal Table 1 mass and Halpha flux are uncorrected for dust; formal MBH errors exclude the approximately 0.5 dex virial-calibration systematic.,10000,20260808,30.0,0.1,1.0,True,split-normal-in-log-mbh,0.08,0.09,0.08,0.09,asymmetric,False,mbh_plus_0p3dex,MBH +0.3 dex,global_comparison,all_sources,0.3,7.539572030109326,7.598154932109423,7.688965223241074,7.768528053422682,7.8229582028391045,fedd1,1.0,-3.054007794373346,-2.9954248923732503,-2.9046146012415983,-2.8250517710599903,-2.770621621643568,0.0,0.0
v3-blagn,measurement,RUBIESEGS29489_taylor24,RUBIESEGS29489_taylor24,HZA-RUBIES-EGS-29489,RUBIES-EGS-29489,1,RUBIESEGS29489_taylor24,True,only catalogue measurement in this release,4.543,1.319616479433939,RUBIES,EGS,broad-line-agn,robust,individual_robust,taylor24_ceers_rubies_blagn,Table 1 (Sample of BLAGN),The Astrophysical Journal 986:165 (2025); arXiv:2409.06772v2,https://iopscience.iop.org/article/10.3847/1538-4357/add15b,10.3847/1538-4357/add15b,single-epoch-virial-halpha-reines2013,1.0,lrd,0.0,formal_mbh_errors_exclude_virial_systematic;nominal_mass_uncorrected_for_dust,Nominal Table 1 mass and Halpha flux are uncorrected for dust; formal MBH errors exclude the approximately 0.5 dex virial-calibration systematic.,10000,20260808,30.0,0.1,1.0,True,split-normal-in-log-mbh,0.08,0.09,0.08,0.09,asymmetric,False,taylor_virial_minus_0p5dex,Taylor virial calibration sensitivity: MBH -0.5 dex,taylor_virial_calibration_sensitivity,taylor24_ceers_rubies_blagn_only,-0.5,6.7395720301093265,6.798154932109423,6.888965223241074,6.968528053422682,7.022958202839105,fedd0p3,0.3,3.5614980827645253,3.620080984764621,3.710891275896273,3.790454106077881,3.8448842554943035,0.0,0.0
v3-blagn,measurement,RUBIESEGS29489_taylor24,RUBIESEGS29489_taylor24,HZA-RUBIES-EGS-29489,RUBIES-EGS-29489,1,RUBIESEGS29489_taylor24,True,only catalogue measurement in this release,4.543,1.319616479433939,RUBIES,EGS,broad-line-agn,robust,individual_robust,taylor24_ceers_rubies_blagn,Table 1 (Sample of BLAGN),The Astrophysical Journal 986:165 (2025); arXiv:2409.06772v2,https://iopscience.iop.org/article/10.3847/1538-4357/add15b,10.3847/1538-4357/add15b,single-epoch-virial-halpha-reines2013,1.0,lrd,0.0,formal_mbh_errors_exclude_virial_systematic;nominal_mass_uncorrected_for_dust,Nominal Table 1 mass and Halpha flux are uncorrected for dust; formal MBH errors exclude the approximately 0.5 dex virial-calibration systematic.,10000,20260808,30.0,0.1,1.0,True,split-normal-in-log-mbh,0.08,0.09,0.08,0.09,asymmetric,False,taylor_virial_minus_0p5dex,Taylor virial calibration sensitivity: MBH -0.5 dex,taylor_virial_calibration_sensitivity,taylor24_ceers_rubies_blagn_only,-0.5,6.7395720301093265,6.798154932109423,6.888965223241074,6.968528053422682,7.022958202839105,fedd1,1.0,-3.854007794373346,-3.79542489237325,-3.704614601241598,-3.62505177105999,-3.5706216216435678,0.0,0.0
v3-blagn,measurement,RUBIESEGS29489_taylor24,RUBIESEGS29489_taylor24,HZA-RUBIES-EGS-29489,RUBIES-EGS-29489,1,RUBIESEGS29489_taylor24,True,only catalogue measurement in this release,4.543,1.319616479433939,RUBIES,EGS,broad-line-agn,robust,individual_robust,taylor24_ceers_rubies_blagn,Table 1 (Sample of BLAGN),The Astrophysical Journal 986:165 (2025); arXiv:2409.06772v2,https://iopscience.iop.org/article/10.3847/1538-4357/add15b,10.3847/1538-4357/add15b,single-epoch-virial-halpha-reines2013,1.0,lrd,0.0,formal_mbh_errors_exclude_virial_systematic;nominal_mass_uncorrected_for_dust,Nominal Table 1 mass and Halpha flux are uncorrected for dust; formal MBH errors exclude the approximately 0.5 dex virial-calibration systematic.,10000,20260808,30.0,0.1,1.0,True,split-normal-in-log-mbh,0.08,0.09,0.08,0.09,asymmetric,False,taylor_virial_plus_0p5dex,Taylor virial calibration sensitivity: MBH +0.5 dex,taylor_virial_calibration_sensitivity,taylor24_ceers_rubies_blagn_only,0.5,7.7395720301093265,7.798154932109423,7.888965223241074,7.968528053422682,8.022958202839105,fedd0p3,0.3,4.561498082764525,4.620080984764622,4.710891275896273,4.790454106077881,4.8448842554943035,0.0,0.0
v3-blagn,measurement,RUBIESEGS29489_taylor24,RUBIESEGS29489_taylor24,HZA-RUBIES-EGS-29489,RUBIES-EGS-29489,1,RUBIESEGS29489_taylor24,True,only catalogue measurement in this release,4.543,1.319616479433939,RUBIES,EGS,broad-line-agn,robust,individual_robust,taylor24_ceers_rubies_blagn,Table 1 (Sample of BLAGN),The Astrophysical Journal 986:165 (2025); arXiv:2409.06772v2,https://iopscience.iop.org/article/10.3847/1538-4357/add15b,10.3847/1538-4357/add15b,single-epoch-virial-halpha-reines2013,1.0,lrd,0.0,formal_mbh_errors_exclude_virial_systematic;nominal_mass_uncorrected_for_dust,Nominal Table 1 mass and Halpha flux are uncorrected for dust; formal MBH errors exclude the approximately 0.5 dex virial-calibration systematic.,10000,20260808,30.0,0.1,1.0,True,split-normal-in-log-mbh,0.08,0.09,0.08,0.09,asymmetric,False,taylor_virial_plus_0p5dex,Taylor virial calibration sensitivity: MBH +0.5 dex,taylor_virial_calibration_sensitivity,taylor24_ceers_rubies_blagn_only,0.5,7.7395720301093265,7.798154932109423,7.888965223241074,7.968528053422682,8.022958202839105,fedd1,1.0,-2.854007794373346,-2.79542489237325,-2.704614601241598,-2.62505177105999,-2.5706216216435678,0.0,0.0
v3-blagn,measurement,RUBIESEGS37124_taylor24,RUBIESEGS37124_taylor24,HZA-RUBIES-EGS-37124,RUBIES-EGS-37124,1,RUBIESEGS37124_taylor24,True,only catalogue measurement in this release,5.682,0.997927725671223,RUBIES,EGS,broad-line-agn,robust,individual_robust,taylor24_ceers_rubies_blagn,Table 1 (Sample of BLAGN),The Astrophysical Journal 986:165 (2025); arXiv:2409.06772v2,https://iopscience.iop.org/article/10.3847/1538-4357/add15b,10.3847/1538-4357/add15b,single-epoch-virial-halpha-reines2013,1.0,lrd,0.0,formal_mbh_errors_exclude_virial_systematic;nominal_mass_uncorrected_for_dust,Nominal Table 1 mass and Halpha flux are uncorrected for dust; formal MBH errors exclude the approximately 0.5 dex virial-calibration systematic.,10000,20260808,30.0,0.1,1.0,True,split-normal-in-log-mbh,0.12,0.11,0.12,0.11,asymmetric,False,baseline,reported MBH,none,all_sources,0.0,7.000124872967987,7.069085250089105,7.178455726505011,7.297570421006653,7.37547963858402,fedd0p3,0.3,4.660296829520074,4.729257206641192,4.838627683057098,4.9577423775587395,5.035651595136106,0.0884,0.0
v3-blagn,measurement,RUBIESEGS37124_taylor24,RUBIESEGS37124_taylor24,HZA-RUBIES-EGS-37124,RUBIES-EGS-37124,1,RUBIESEGS37124_taylor24,True,only catalogue measurement in this release,5.682,0.997927725671223,RUBIES,EGS,broad-line-agn,robust,individual_robust,taylor24_ceers_rubies_blagn,Table 1 (Sample of BLAGN),The Astrophysical Journal 986:165 (2025); arXiv:2409.06772v2,https://iopscience.iop.org/article/10.3847/1538-4357/add15b,10.3847/1538-4357/add15b,single-epoch-virial-halpha-reines2013,1.0,lrd,0.0,formal_mbh_errors_exclude_virial_systematic;nominal_mass_uncorrected_for_dust,Nominal Table 1 mass and Halpha flux are uncorrected for dust; formal MBH errors exclude the approximately 0.5 dex virial-calibration systematic.,10000,20260808,30.0,0.1,1.0,True,split-normal-in-log-mbh,0.12,0.11,0.12,0.11,asymmetric,False,baseline,reported MBH,none,all_sources,0.0,7.000124872967987,7.069085250089105,7.178455726505011,7.297570421006653,7.37547963858402,fedd1,1.0,-0.7993019385250592,-0.7303415614039412,-0.6209710849880352,-0.5018563904863937,-0.4239471729090267,0.0,0.0
v3-blagn,measurement,RUBIESEGS37124_taylor24,RUBIESEGS37124_taylor24,HZA-RUBIES-EGS-37124,RUBIES-EGS-37124,1,RUBIESEGS37124_taylor24,True,only catalogue measurement in this release,5.682,0.997927725671223,RUBIES,EGS,broad-line-agn,robust,individual_robust,taylor24_ceers_rubies_blagn,Table 1 (Sample of BLAGN),The Astrophysical Journal 986:165 (2025); arXiv:2409.06772v2,https://iopscience.iop.org/article/10.3847/1538-4357/add15b,10.3847/1538-4357/add15b,single-epoch-virial-halpha-reines2013,1.0,lrd,0.0,formal_mbh_errors_exclude_virial_systematic;nominal_mass_uncorrected_for_dust,Nominal Table 1 mass and Halpha flux are uncorrected for dust; formal MBH errors exclude the approximately 0.5 dex virial-calibration systematic.,10000,20260808,30.0,0.1,1.0,True,split-normal-in-log-mbh,0.12,0.11,0.12,0.11,asymmetric,False,mbh_minus_0p3dex,MBH -0.3 dex,global_comparison,all_sources,-0.3,6.700124872967987,6.769085250089105,6.8784557265050115,6.997570421006653,7.07547963858402,fedd0p3,0.3,4.360296829520074,4.429257206641192,4.538627683057098,4.65774237755874,4.7356515951361065,0.0,0.0
v3-blagn,measurement,RUBIESEGS37124_taylor24,RUBIESEGS37124_taylor24,HZA-RUBIES-EGS-37124,RUBIES-EGS-37124,1,RUBIESEGS37124_taylor24,True,only catalogue measurement in this release,5.682,0.997927725671223,RUBIES,EGS,broad-line-agn,robust,individual_robust,taylor24_ceers_rubies_blagn,Table 1 (Sample of BLAGN),The Astrophysical Journal 986:165 (2025); arXiv:2409.06772v2,https://iopscience.iop.org/article/10.3847/1538-4357/add15b,10.3847/1538-4357/add15b,single-epoch-virial-halpha-reines2013,1.0,lrd,0.0,formal_mbh_errors_exclude_virial_systematic;nominal_mass_uncorrected_for_dust,Nominal Table 1 mass and Halpha flux are uncorrected for dust; formal MBH errors exclude the approximately 0.5 dex virial-calibration systematic.,10000,20260808,30.0,0.1,1.0,True,split-normal-in-log-mbh,0.12,0.11,0.12,0.11,asymmetric,False,mbh_minus_0p3dex,MBH -0.3 dex,global_comparison,all_sources,-0.3,6.700124872967987,6.769085250089105,6.8784557265050115,6.997570421006653,7.07547963858402,fedd1,1.0,-1.0993019385250589,-1.030341561403941,-0.920971084988035,-0.8018563904863936,-0.7239471729090265,0.0,0.0
v3-blagn,measurement,RUBIESEGS37124_taylor24,RUBIESEGS37124_taylor24,HZA-RUBIES-EGS-37124,RUBIES-EGS-37124,1,RUBIESEGS37124_taylor24,True,only catalogue measurement in this release,5.682,0.997927725671223,RUBIES,EGS,broad-line-agn,robust,individual_robust,taylor24_ceers_rubies_blagn,Table 1 (Sample of BLAGN),The Astrophysical Journal 986:165 (2025); arXiv:2409.06772v2,https://iopscience.iop.org/article/10.3847/1538-4357/add15b,10.3847/1538-4357/add15b,single-epoch-virial-halpha-reines2013,1.0,lrd,0.0,formal_mbh_errors_exclude_virial_systematic;nominal_mass_uncorrected_for_dust,Nominal Table 1 mass and Halpha flux are uncorrected for dust; formal MBH errors exclude the approximately 0.5 dex virial-calibration systematic.,10000,20260808,30.0,0.1,1.0,True,split-normal-in-log-mbh,0.12,0.11,0.12,0.11,asymmetric,False,mbh_plus_0p3dex,MBH +0.3 dex,global_comparison,all_sources,0.3,7.300124872967987,7.369085250089105,7.478455726505011,7.597570421006653,7.67547963858402,fedd0p3,0.3,4.960296829520074,5.029257206641192,5.138627683057098,5.257742377558739,5.335651595136106,0.9003,0.0
v3-blagn,measurement,RUBIESEGS37124_taylor24,RUBIESEGS37124_taylor24,HZA-RUBIES-EGS-37124,RUBIES-EGS-37124,1,RUBIESEGS37124_taylor24,True,only catalogue measurement in this release,5.682,0.997927725671223,RUBIES,EGS,broad-line-agn,robust,individual_robust,taylor24_ceers_rubies_blagn,Table 1 (Sample of BLAGN),The Astrophysical Journal 986:165 (2025); arXiv:2409.06772v2,https://iopscience.iop.org/article/10.3847/1538-4357/add15b,10.3847/1538-4357/add15b,single-epoch-virial-halpha-reines2013,1.0,lrd,0.0,formal_mbh_errors_exclude_virial_systematic;nominal_mass_uncorrected_for_dust,Nominal Table 1 mass and Halpha flux are uncorrected for dust; formal MBH errors exclude the approximately 0.5 dex virial-calibration systematic.,10000,20260808,30.0,0.1,1.0,True,split-normal-in-log-mbh,0.12,0.11,0.12,0.11,asymmetric,False,mbh_plus_0p3dex,MBH +0.3 dex,global_comparison,all_sources,0.3,7.300124872967987,7.369085250089105,7.478455726505011,7.597570421006653,7.67547963858402,fedd1,1.0,-0.49930193852505933,-0.43034156140394136,-0.3209710849880354,-0.2018563904863939,-0.1239471729090269,0.0,0.0
v3-blagn,measurement,RUBIESEGS37124_taylor24,RUBIESEGS37124_taylor24,HZA-RUBIES-EGS-37124,RUBIES-EGS-37124,1,RUBIESEGS37124_taylor24,True,only catalogue measurement in this release,5.682,0.997927725671223,RUBIES,EGS,broad-line-agn,robust,individual_robust,taylor24_ceers_rubies_blagn,Table 1 (Sample of BLAGN),The Astrophysical Journal 986:165 (2025); arXiv:2409.06772v2,https://iopscience.iop.org/article/10.3847/1538-4357/add15b,10.3847/1538-4357/add15b,single-epoch-virial-halpha-reines2013,1.0,lrd,0.0,formal_mbh_errors_exclude_virial_systematic;nominal_mass_uncorrected_for_dust,Nominal Table 1 mass and Halpha flux are uncorrected for dust; formal MBH errors exclude the approximately 0.5 dex virial-calibration systematic.,10000,20260808,30.0,0.1,1.0,True,split-normal-in-log-mbh,0.12,0.11,0.12,0.11,asymmetric,False,taylor_virial_minus_0p5dex,Taylor virial calibration sensitivity: MBH -0.5 dex,taylor_virial_calibration_sensitivity,taylor24_ceers_rubies_blagn_only,-0.5,6.500124872967987,6.569085250089105,6.678455726505011,6.797570421006653,6.87547963858402,fedd0p3,0.3,4.160296829520074,4.229257206641192,4.338627683057098,4.4577423775587395,4.535651595136106,0.0,0.0
v3-blagn,measurement,RUBIESEGS37124_taylor24,RUBIESEGS37124_taylor24,HZA-RUBIES-EGS-37124,RUBIES-EGS-37124,1,RUBIESEGS37124_taylor24,True,only catalogue measurement in this release,5.682,0.997927725671223,RUBIES,EGS,broad-line-agn,robust,individual_robust,taylor24_ceers_rubies_blagn,Table 1 (Sample of BLAGN),The Astrophysical Journal 986:165 (2025); arXiv:2409.06772v2,https://iopscience.iop.org/article/10.3847/1538-4357/add15b,10.3847/1538-4357/add15b,single-epoch-virial-halpha-reines2013,1.0,lrd,0.0,formal_mbh_errors_exclude_virial_systematic;nominal_mass_uncorrected_for_dust,Nominal Table 1 mass and Halpha flux are uncorrected for dust; formal MBH errors exclude the approximately 0.5 dex virial-calibration systematic.,10000,20260808,30.0,0.1,1.0,True,split-normal-in-log-mbh,0.12,0.11,0.12,0.11,asymmetric,False,taylor_virial_minus_0p5dex,Taylor virial calibration sensitivity: MBH -0.5 dex,taylor_virial_calibration_sensitivity,taylor24_ceers_rubies_blagn_only,-0.5,6.500124872967987,6.569085250089105,6.678455726505011,6.797570421006653,6.87547963858402,fedd1,1.0,-1.299301938525059,-1.2303415614039412,-1.1209710849880352,-1.0018563904863937,-0.9239471729090267,0.0,0.0
v3-blagn,measurement,RUBIESEGS37124_taylor24,RUBIESEGS37124_taylor24,HZA-RUBIES-EGS-37124,RUBIES-EGS-37124,1,RUBIESEGS37124_taylor24,True,only catalogue measurement in this release,5.682,0.997927725671223,RUBIES,EGS,broad-line-agn,robust,individual_robust,taylor24_ceers_rubies_blagn,Table 1 (Sample of BLAGN),The Astrophysical Journal 986:165 (2025); arXiv:2409.06772v2,https://iopscience.iop.org/article/10.3847/1538-4357/add15b,10.3847/1538-4357/add15b,single-epoch-virial-halpha-reines2013,1.0,lrd,0.0,formal_mbh_errors_exclude_virial_systematic;nominal_mass_uncorrected_for_dust,Nominal Table 1 mass and Halpha flux are uncorrected for dust; formal MBH errors exclude the approximately 0.5 dex virial-calibration systematic.,10000,20260808,30.0,0.1,1.0,True,split-normal-in-log-mbh,0.12,0.11,0.12,0.11,asymmetric,False,taylor_virial_plus_0p5dex,Taylor virial calibration sensitivity: MBH +0.5 dex,taylor_virial_calibration_sensitivity,taylor24_ceers_rubies_blagn_only,0.5,7.500124872967987,7.569085250089105,7.678455726505011,7.797570421006653,7.87547963858402,fedd0p3,0.3,5.160296829520074,5.229257206641192,5.338627683057098,5.4577423775587395,5.535651595136106,0.9987,0.0
v3-blagn,measurement,RUBIESEGS37124_taylor24,RUBIESEGS37124_taylor24,HZA-RUBIES-EGS-37124,RUBIES-EGS-37124,1,RUBIESEGS37124_taylor24,True,only catalogue measurement in this release,5.682,0.997927725671223,RUBIES,EGS,broad-line-agn,robust,individual_robust,taylor24_ceers_rubies_blagn,Table 1 (Sample of BLAGN),The Astrophysical Journal 986:165 (2025); arXiv:2409.06772v2,https://iopscience.iop.org/article/10.3847/1538-4357/add15b,10.3847/1538-4357/add15b,single-epoch-virial-halpha-reines2013,1.0,lrd,0.0,formal_mbh_errors_exclude_virial_systematic;nominal_mass_uncorrected_for_dust,Nominal Table 1 mass and Halpha flux are uncorrected for dust; formal MBH errors exclude the approximately 0.5 dex virial-calibration systematic.,10000,20260808,30.0,0.1,1.0,True,split-normal-in-log-mbh,0.12,0.11,0.12,0.11,asymmetric,False,taylor_virial_plus_0p5dex,Taylor virial calibration sensitivity: MBH +0.5 dex,taylor_virial_calibration_sensitivity,taylor24_ceers_rubies_blagn_only,0.5,7.500124872967987,7.569085250089105,7.678455726505011,7.797570421006653,7.87547963858402,fedd1,1.0,-0.29930193852505915,-0.23034156140394121,-0.12097108498803522,-0.0018563904863937123,0.07605282709097327,0.0,0.0
v3-blagn,measurement,RUBIESEGS42046_taylor24,RUBIESEGS42046_taylor24,HZA-RUBIES-EGS-42046,RUBIES-EGS-42046,1,RUBIESEGS42046_taylor24,True,only catalogue measurement in this release,5.276,1.0960386684020111,RUBIES,EGS,broad-line-agn,robust,individual_robust,taylor24_ceers_rubies_blagn,Table 1 (Sample of BLAGN),The Astrophysical Journal 986:165 (2025); arXiv:2409.06772v2,https://iopscience.iop.org/article/10.3847/1538-4357/add15b,10.3847/1538-4357/add15b,single-epoch-virial-halpha-reines2013,1.0,lrd,1.0,formal_mbh_errors_exclude_virial_systematic;nominal_mass_uncorrected_for_dust;halpha_absorption_component_fit,Nominal Table 1 mass and Halpha flux are uncorrected for dust; formal MBH errors exclude the approximately 0.5 dex virial-calibration systematic. Halpha line fit includes the source-specific narrow absorption component described in Section 3.2.,10000,20260808,30.0,0.1,1.0,True,split-normal-in-log-mbh,0.02,0.02,0.02,0.02,symmetric_reported,False,baseline,reported MBH,none,all_sources,0.0,8.26666029205024,8.279929274607527,8.299999771699854,8.319645709894834,8.332819898052808,fedd0p3,0.3,5.671178002348483,5.684446984905771,5.704517481998097,5.724163420193078,5.737337608351051,1.0,0.0
v3-blagn,measurement,RUBIESEGS42046_taylor24,RUBIESEGS42046_taylor24,HZA-RUBIES-EGS-42046,RUBIES-EGS-42046,1,RUBIESEGS42046_taylor24,True,only catalogue measurement in this release,5.276,1.0960386684020111,RUBIES,EGS,broad-line-agn,robust,individual_robust,taylor24_ceers_rubies_blagn,Table 1 (Sample of BLAGN),The Astrophysical Journal 986:165 (2025); arXiv:2409.06772v2,https://iopscience.iop.org/article/10.3847/1538-4357/add15b,10.3847/1538-4357/add15b,single-epoch-virial-halpha-reines2013,1.0,lrd,1.0,formal_mbh_errors_exclude_virial_systematic;nominal_mass_uncorrected_for_dust;halpha_absorption_component_fit,Nominal Table 1 mass and Halpha flux are uncorrected for dust; formal MBH errors exclude the approximately 0.5 dex virial-calibration systematic. Halpha line fit includes the source-specific narrow absorption component described in Section 3.2.,10000,20260808,30.0,0.1,1.0,True,split-normal-in-log-mbh,0.02,0.02,0.02,0.02,symmetric_reported,False,baseline,reported MBH,none,all_sources,0.0,8.26666029205024,8.279929274607527,8.299999771699854,8.319645709894834,8.332819898052808,fedd1,1.0,-0.38494734028895083,-0.3716783577316632,-0.35160786063933713,-0.33196192244435646,-0.3187877342863823,0.0,0.0
v3-blagn,measurement,RUBIESEGS42046_taylor24,RUBIESEGS42046_taylor24,HZA-RUBIES-EGS-42046,RUBIES-EGS-42046,1,RUBIESEGS42046_taylor24,True,only catalogue measurement in this release,5.276,1.0960386684020111,RUBIES,EGS,broad-line-agn,robust,individual_robust,taylor24_ceers_rubies_blagn,Table 1 (Sample of BLAGN),The Astrophysical Journal 986:165 (2025); arXiv:2409.06772v2,https://iopscience.iop.org/article/10.3847/1538-4357/add15b,10.3847/1538-4357/add15b,single-epoch-virial-halpha-reines2013,1.0,lrd,1.0,formal_mbh_errors_exclude_virial_systematic;nominal_mass_uncorrected_for_dust;halpha_absorption_component_fit,Nominal Table 1 mass and Halpha flux are uncorrected for dust; formal MBH errors exclude the approximately 0.5 dex virial-calibration systematic. Halpha line fit includes the source-specific narrow absorption component described in Section 3.2.,10000,20260808,30.0,0.1,1.0,True,split-normal-in-log-mbh,0.02,0.02,0.02,0.02,symmetric_reported,False,mbh_minus_0p3dex,MBH -0.3 dex,global_comparison,all_sources,-0.3,7.96666029205024,7.979929274607528,7.999999771699853,8.019645709894833,8.032819898052807,fedd0p3,0.3,5.371178002348483,5.384446984905771,5.404517481998097,5.424163420193077,5.437337608351051,1.0,0.0
v3-blagn,measurement,RUBIESEGS42046_taylor24,RUBIESEGS42046_taylor24,HZA-RUBIES-EGS-42046,RUBIES-EGS-42046,1,RUBIESEGS42046_taylor24,True,only catalogue measurement in this release,5.276,1.0960386684020111,RUBIES,EGS,broad-line-agn,robust,individual_robust,taylor24_ceers_rubies_blagn,Table 1 (Sample of BLAGN),The Astrophysical Journal 986:165 (2025); arXiv:2409.06772v2,https://iopscience.iop.org/article/10.3847/1538-4357/add15b,10.3847/1538-4357/add15b,single-epoch-virial-halpha-reines2013,1.0,lrd,1.0,formal_mbh_errors_exclude_virial_systematic;nominal_mass_uncorrected_for_dust;halpha_absorption_component_fit,Nominal Table 1 mass and Halpha flux are uncorrected for dust; formal MBH errors exclude the approximately 0.5 dex virial-calibration systematic. Halpha line fit includes the source-specific narrow absorption component described in Section 3.2.,10000,20260808,30.0,0.1,1.0,True,split-normal-in-log-mbh,0.02,0.02,0.02,0.02,symmetric_reported,False,mbh_minus_0p3dex,MBH -0.3 dex,global_comparison,all_sources,-0.3,7.96666029205024,7.979929274607528,7.999999771699853,8.019645709894833,8.032819898052807,fedd1,1.0,-0.6849473402889507,-0.671678357731663,-0.6516078606393374,-0.6319619224443571,-0.618787734286383,0.0,0.0
v3-blagn,measurement,RUBIESEGS42046_taylor24,RUBIESEGS42046_taylor24,HZA-RUBIES-EGS-42046,RUBIES-EGS-42046,1,RUBIESEGS42046_taylor24,True,only catalogue measurement in this release,5.276,1.0960386684020111,RUBIES,EGS,broad-line-agn,robust,individual_robust,taylor24_ceers_rubies_blagn,Table 1 (Sample of BLAGN),The Astrophysical Journal 986:165 (2025); arXiv:2409.06772v2,https://iopscience.iop.org/article/10.3847/1538-4357/add15b,10.3847/1538-4357/add15b,single-epoch-virial-halpha-reines2013,1.0,lrd,1.0,formal_mbh_errors_exclude_virial_systematic;nominal_mass_uncorrected_for_dust;halpha_absorption_component_fit,Nominal Table 1 mass and Halpha flux are uncorrected for dust; formal MBH errors exclude the approximately 0.5 dex virial-calibration systematic. Halpha line fit includes the source-specific narrow absorption component described in Section 3.2.,10000,20260808,30.0,0.1,1.0,True,split-normal-in-log-mbh,0.02,0.02,0.02,0.02,symmetric_reported,False,mbh_plus_0p3dex,MBH +0.3 dex,global_comparison,all_sources,0.3,8.56666029205024,8.579929274607528,8.599999771699855,8.619645709894835,8.632819898052809,fedd0p3,0.3,5.971178002348483,5.984446984905771,6.004517481998097,6.024163420193078,6.037337608351052,1.0,0.5832
v3-blagn,measurement,RUBIESEGS42046_taylor24,RUBIESEGS42046_taylor24,HZA-RUBIES-EGS-42046,RUBIES-EGS-42046,1,RUBIESEGS42046_taylor24,True,only catalogue measurement in this release,5.276,1.0960386684020111,RUBIES,EGS,broad-line-agn,robust,individual_robust,taylor24_ceers_rubies_blagn,Table 1 (Sample of BLAGN),The Astrophysical Journal 986:165 (2025); arXiv:2409.06772v2,https://iopscience.iop.org/article/10.3847/1538-4357/add15b,10.3847/1538-4357/add15b,single-epoch-virial-halpha-reines2013,1.0,lrd,1.0,formal_mbh_errors_exclude_virial_systematic;nominal_mass_uncorrected_for_dust;halpha_absorption_component_fit,Nominal Table 1 mass and Halpha flux are uncorrected for dust; formal MBH errors exclude the approximately 0.5 dex virial-calibration systematic. Halpha line fit includes the source-specific narrow absorption component described in Section 3.2.,10000,20260808,30.0,0.1,1.0,True,split-normal-in-log-mbh,0.02,0.02,0.02,0.02,symmetric_reported,False,mbh_plus_0p3dex,MBH +0.3 dex,global_comparison,all_sources,0.3,8.56666029205024,8.579929274607528,8.599999771699855,8.619645709894835,8.632819898052809,fedd1,1.0,-0.0849473402889501,-0.07167835773166245,-0.05160786063933642,-0.03196192244435572,-0.01878773428638159,0.0,0.0
v3-blagn,measurement,RUBIESEGS42046_taylor24,RUBIESEGS42046_taylor24,HZA-RUBIES-EGS-42046,RUBIES-EGS-42046,1,RUBIESEGS42046_taylor24,True,only catalogue measurement in this release,5.276,1.0960386684020111,RUBIES,EGS,broad-line-agn,robust,individual_robust,taylor24_ceers_rubies_blagn,Table 1 (Sample of BLAGN),The Astrophysical Journal 986:165 (2025); arXiv:2409.06772v2,https://iopscience.iop.org/article/10.3847/1538-4357/add15b,10.3847/1538-4357/add15b,single-epoch-virial-halpha-reines2013,1.0,lrd,1.0,formal_mbh_errors_exclude_virial_systematic;nominal_mass_uncorrected_for_dust;halpha_absorption_component_fit,Nominal Table 1 mass and Halpha flux are uncorrected for dust; formal MBH errors exclude the approximately 0.5 dex virial-calibration systematic. Halpha line fit includes the source-specific narrow absorption component described in Section 3.2.,10000,20260808,30.0,0.1,1.0,True,split-normal-in-log-mbh,0.02,0.02,0.02,0.02,symmetric_reported,False,taylor_virial_minus_0p5dex,Taylor virial calibration sensitivity: MBH -0.5 dex,taylor_virial_calibration_sensitivity,taylor24_ceers_rubies_blagn_only,-0.5,7.76666029205024,7.779929274607528,7.799999771699854,7.819645709894835,7.832819898052809,fedd0p3,0.3,5.171178002348483,5.184446984905771,5.204517481998097,5.224163420193078,5.237337608351051,1.0,0.0
v3-blagn,measurement,RUBIESEGS42046_taylor24,RUBIESEGS42046_taylor24,HZA-RUBIES-EGS-42046,RUBIES-EGS-42046,1,RUBIESEGS42046_taylor24,True,only catalogue measurement in this release,5.276,1.0960386684020111,RUBIES,EGS,broad-line-agn,robust,individual_robust,taylor24_ceers_rubies_blagn,Table 1 (Sample of BLAGN),The Astrophysical Journal 986:165 (2025); arXiv:2409.06772v2,https://iopscience.iop.org/article/10.3847/1538-4357/add15b,10.3847/1538-4357/add15b,single-epoch-virial-halpha-reines2013,1.0,lrd,1.0,formal_mbh_errors_exclude_virial_systematic;nominal_mass_uncorrected_for_dust;halpha_absorption_component_fit,Nominal Table 1 mass and Halpha flux are uncorrected for dust; formal MBH errors exclude the approximately 0.5 dex virial-calibration systematic. Halpha line fit includes the source-specific narrow absorption component described in Section 3.2.,10000,20260808,30.0,0.1,1.0,True,split-normal-in-log-mbh,0.02,0.02,0.02,0.02,symmetric_reported,False,taylor_virial_minus_0p5dex,Taylor virial calibration sensitivity: MBH -0.5 dex,taylor_virial_calibration_sensitivity,taylor24_ceers_rubies_blagn_only,-0.5,7.76666029205024,7.779929274607528,7.799999771699854,7.819645709894835,7.832819898052809,fedd1,1.0,-0.8849473402889508,-0.8716783577316631,-0.8516078606393371,-0.8319619224443564,-0.8187877342863823,0.0,0.0
v3-blagn,measurement,RUBIESEGS42046_taylor24,RUBIESEGS42046_taylor24,HZA-RUBIES-EGS-42046,RUBIES-EGS-42046,1,RUBIESEGS42046_taylor24,True,only catalogue measurement in this release,5.276,1.0960386684020111,RUBIES,EGS,broad-line-agn,robust,individual_robust,taylor24_ceers_rubies_blagn,Table 1 (Sample of BLAGN),The Astrophysical Journal 986:165 (2025); arXiv:2409.06772v2,https://iopscience.iop.org/article/10.3847/1538-4357/add15b,10.3847/1538-4357/add15b,single-epoch-virial-halpha-reines2013,1.0,lrd,1.0,formal_mbh_errors_exclude_virial_systematic;nominal_mass_uncorrected_for_dust;halpha_absorption_component_fit,Nominal Table 1 mass and Halpha flux are uncorrected for dust; formal MBH errors exclude the approximately 0.5 dex virial-calibration systematic. Halpha line fit includes the source-specific narrow absorption component described in Section 3.2.,10000,20260808,30.0,0.1,1.0,True,split-normal-in-log-mbh,0.02,0.02,0.02,0.02,symmetric_reported,False,taylor_virial_plus_0p5dex,Taylor virial calibration sensitivity: MBH +0.5 dex,taylor_virial_calibration_sensitivity,taylor24_ceers_rubies_blagn_only,0.5,8.76666029205024,8.779929274607527,8.799999771699854,8.819645709894834,8.832819898052808,fedd0p3,0.3,6.171178002348483,6.184446984905771,6.204517481998097,6.224163420193078,6.237337608351051,1.0,1.0
v3-blagn,measurement,RUBIESEGS42046_taylor24,RUBIESEGS42046_taylor24,HZA-RUBIES-EGS-42046,RUBIES-EGS-42046,1,RUBIESEGS42046_taylor24,True,only catalogue measurement in this release,5.276,1.0960386684020111,RUBIES,EGS,broad-line-agn,robust,individual_robust,taylor24_ceers_rubies_blagn,Table 1 (Sample of BLAGN),The Astrophysical Journal 986:165 (2025); arXiv:2409.06772v2,https://iopscience.iop.org/article/10.3847/1538-4357/add15b,10.3847/1538-4357/add15b,single-epoch-virial-halpha-reines2013,1.0,lrd,1.0,formal_mbh_errors_exclude_virial_systematic;nominal_mass_uncorrected_for_dust;halpha_absorption_component_fit,Nominal Table 1 mass and Halpha flux are uncorrected for dust; formal MBH errors exclude the approximately 0.5 dex virial-calibration systematic. Halpha line fit includes the source-specific narrow absorption component described in Section 3.2.,10000,20260808,30.0,0.1,1.0,True,split-normal-in-log-mbh,0.02,0.02,0.02,0.02,symmetric_reported,False,taylor_virial_plus_0p5dex,Taylor virial calibration sensitivity: MBH +0.5 dex,taylor_virial_calibration_sensitivity,taylor24_ceers_rubies_blagn_only,0.5,8.76666029205024,8.779929274607527,8.799999771699854,8.819645709894834,8.832819898052808,fedd1,1.0,0.1150526597110492,0.12832164226833684,0.14839213936066287,0.16803807755564357,0.1812122657136177,0.0,0.0
v3-blagn,measurement,RUBIESEGS42232_taylor24,RUBIESEGS42232_taylor24,HZA-RUBIES-EGS-42232,RUBIES-EGS-42232,1,RUBIESEGS42232_taylor24,True,only catalogue measurement in this release,4.954,1.1858473713401363,RUBIES,EGS,broad-line-agn,robust,individual_robust,taylor24_ceers_rubies_blagn,Table 1 (Sample of BLAGN),The Astrophysical Journal 986:165 (2025); arXiv:2409.06772v2,https://iopscience.iop.org/article/10.3847/1538-4357/add15b,10.3847/1538-4357/add15b,single-epoch-virial-halpha-reines2013,1.0,lrd,0.0,formal_mbh_errors_exclude_virial_systematic;nominal_mass_uncorrected_for_dust,Nominal Table 1 mass and Halpha flux are uncorrected for dust; formal MBH errors exclude the approximately 0.5 dex virial-calibration systematic.,10000,20260808,30.0,0.1,1.0,True,split-normal-in-log-mbh,0.04,0.03,0.04,0.03,asymmetric,False,baseline,reported MBH,none,all_sources,0.0,7.620594749826122,7.640584185302216,7.670535438832317,7.7103379697421985,7.736058129528475,fedd0p3,0.3,4.791091915446867,4.811081350922962,4.841032604453063,4.880835135362944,4.9065552951492215,0.0,0.0
v3-blagn,measurement,RUBIESEGS42232_taylor24,RUBIESEGS42232_taylor24,HZA-RUBIES-EGS-42232,RUBIES-EGS-42232,1,RUBIESEGS42232_taylor24,True,only catalogue measurement in this release,4.954,1.1858473713401363,RUBIES,EGS,broad-line-agn,robust,individual_robust,taylor24_ceers_rubies_blagn,Table 1 (Sample of BLAGN),The Astrophysical Journal 986:165 (2025); arXiv:2409.06772v2,https://iopscience.iop.org/article/10.3847/1538-4357/add15b,10.3847/1538-4357/add15b,single-epoch-virial-halpha-reines2013,1.0,lrd,0.0,formal_mbh_errors_exclude_virial_systematic;nominal_mass_uncorrected_for_dust,Nominal Table 1 mass and Halpha flux are uncorrected for dust; formal MBH errors exclude the approximately 0.5 dex virial-calibration systematic.,10000,20260808,30.0,0.1,1.0,True,split-normal-in-log-mbh,0.04,0.03,0.04,0.03,asymmetric,False,baseline,reported MBH,none,all_sources,0.0,7.620594749826122,7.640584185302216,7.670535438832317,7.7103379697421985,7.736058129528475,fedd1,1.0,-1.8110813647713917,-1.7910919292952974,-1.7611406757651964,-1.7213381448553149,-1.6956179850690383,0.0,0.0
v3-blagn,measurement,RUBIESEGS42232_taylor24,RUBIESEGS42232_taylor24,HZA-RUBIES-EGS-42232,RUBIES-EGS-42232,1,RUBIESEGS42232_taylor24,True,only catalogue measurement in this release,4.954,1.1858473713401363,RUBIES,EGS,broad-line-agn,robust,individual_robust,taylor24_ceers_rubies_blagn,Table 1 (Sample of BLAGN),The Astrophysical Journal 986:165 (2025); arXiv:2409.06772v2,https://iopscience.iop.org/article/10.3847/1538-4357/add15b,10.3847/1538-4357/add15b,single-epoch-virial-halpha-reines2013,1.0,lrd,0.0,formal_mbh_errors_exclude_virial_systematic;nominal_mass_uncorrected_for_dust,Nominal Table 1 mass and Halpha flux are uncorrected for dust; formal MBH errors exclude the approximately 0.5 dex virial-calibration systematic.,10000,20260808,30.0,0.1,1.0,True,split-normal-in-log-mbh,0.04,0.03,0.04,0.03,asymmetric,False,mbh_minus_0p3dex,MBH -0.3 dex,global_comparison,all_sources,-0.3,7.320594749826122,7.340584185302216,7.3705354388323165,7.410337969742199,7.436058129528475,fedd0p3,0.3,4.4910919154468685,4.511081350922962,4.541032604453063,4.580835135362945,4.606555295149221,0.0,0.0
v3-blagn,measurement,RUBIESEGS42232_taylor24,RUBIESEGS42232_taylor24,HZA-RUBIES-EGS-42232,RUBIES-EGS-42232,1,RUBIESEGS42232_taylor24,True,only catalogue measurement in this release,4.954,1.1858473713401363,RUBIES,EGS,broad-line-agn,robust,individual_robust,taylor24_ceers_rubies_blagn,Table 1 (Sample of BLAGN),The Astrophysical Journal 986:165 (2025); arXiv:2409.06772v2,https://iopscience.iop.org/article/10.3847/1538-4357/add15b,10.3847/1538-4357/add15b,single-epoch-virial-halpha-reines2013,1.0,lrd,0.0,formal_mbh_errors_exclude_virial_systematic;nominal_mass_uncorrected_for_dust,Nominal Table 1 mass and Halpha flux are uncorrected for dust; formal MBH errors exclude the approximately 0.5 dex virial-calibration systematic.,10000,20260808,30.0,0.1,1.0,True,split-normal-in-log-mbh,0.04,0.03,0.04,0.03,asymmetric,False,mbh_minus_0p3dex,MBH -0.3 dex,global_comparison,all_sources,-0.3,7.320594749826122,7.340584185302216,7.3705354388323165,7.410337969742199,7.436058129528475,fedd1,1.0,-2.1110813647713913,-2.091091929295297,-2.061140675765196,-2.0213381448553145,-1.995617985069038,0.0,0.0
v3-blagn,measurement,RUBIESEGS42232_taylor24,RUBIESEGS42232_taylor24,HZA-RUBIES-EGS-42232,RUBIES-EGS-42232,1,RUBIESEGS42232_taylor24,True,only catalogue measurement in this release,4.954,1.1858473713401363,RUBIES,EGS,broad-line-agn,robust,individual_robust,taylor24_ceers_rubies_blagn,Table 1 (Sample of BLAGN),The Astrophysical Journal 986:165 (2025); arXiv:2409.06772v2,https://iopscience.iop.org/article/10.3847/1538-4357/add15b,10.3847/1538-4357/add15b,single-epoch-virial-halpha-reines2013,1.0,lrd,0.0,formal_mbh_errors_exclude_virial_systematic;nominal_mass_uncorrected_for_dust,Nominal Table 1 mass and Halpha flux are uncorrected for dust; formal MBH errors exclude the approximately 0.5 dex virial-calibration systematic.,10000,20260808,30.0,0.1,1.0,True,split-normal-in-log-mbh,0.04,0.03,0.04,0.03,asymmetric,False,mbh_plus_0p3dex,MBH +0.3 dex,global_comparison,all_sources,0.3,7.9205947498261216,7.940584185302216,7.970535438832316,8.010337969742197,8.036058129528476,fedd0p3,0.3,5.091091915446868,5.111081350922961,5.141032604453063,5.180835135362945,5.206555295149222,1.0,0.0
v3-blagn,measurement,RUBIESEGS42232_taylor24,RUBIESEGS42232_taylor24,HZA-RUBIES-EGS-42232,RUBIES-EGS-42232,1,RUBIESEGS42232_taylor24,True,only catalogue measurement in this release,4.954,1.1858473713401363,RUBIES,EGS,broad-line-agn,robust,individual_robust,taylor24_ceers_rubies_blagn,Table 1 (Sample of BLAGN),The Astrophysical Journal 986:165 (2025); arXiv:2409.06772v2,https://iopscience.iop.org/article/10.3847/1538-4357/add15b,10.3847/1538-4357/add15b,single-epoch-virial-halpha-reines2013,1.0,lrd,0.0,formal_mbh_errors_exclude_virial_systematic;nominal_mass_uncorrected_for_dust,Nominal Table 1 mass and Halpha flux are uncorrected for dust; formal MBH errors exclude the approximately 0.5 dex virial-calibration systematic.,10000,20260808,30.0,0.1,1.0,True,split-normal-in-log-mbh,0.04,0.03,0.04,0.03,asymmetric,False,mbh_plus_0p3dex,MBH +0.3 dex,global_comparison,all_sources,0.3,7.9205947498261216,7.940584185302216,7.970535438832316,8.010337969742197,8.036058129528476,fedd1,1.0,-1.5110813647713919,-1.4910919292952975,-1.4611406757651966,-1.4213381448553148,-1.3956179850690376,0.0,0.0
v3-blagn,measurement,RUBIESEGS42232_taylor24,RUBIESEGS42232_taylor24,HZA-RUBIES-EGS-42232,RUBIES-EGS-42232,1,RUBIESEGS42232_taylor24,True,only catalogue measurement in this release,4.954,1.1858473713401363,RUBIES,EGS,broad-line-agn,robust,individual_robust,taylor24_ceers_rubies_blagn,Table 1 (Sample of BLAGN),The Astrophysical Journal 986:165 (2025); arXiv:2409.06772v2,https://iopscience.iop.org/article/10.3847/1538-4357/add15b,10.3847/1538-4357/add15b,single-epoch-virial-halpha-reines2013,1.0,lrd,0.0,formal_mbh_errors_exclude_virial_systematic;nominal_mass_uncorrected_for_dust,Nominal Table 1 mass and Halpha flux are uncorrected for dust; formal MBH errors exclude the approximately 0.5 dex virial-calibration systematic.,10000,20260808,30.0,0.1,1.0,True,split-normal-in-log-mbh,0.04,0.03,0.04,0.03,asymmetric,False,taylor_virial_minus_0p5dex,Taylor virial calibration sensitivity: MBH -0.5 dex,taylor_virial_calibration_sensitivity,taylor24_ceers_rubies_blagn_only,-0.5,7.120594749826122,7.140584185302216,7.170535438832317,7.2103379697421985,7.236058129528475,fedd0p3,0.3,4.291091915446867,4.311081350922962,4.341032604453063,4.380835135362944,4.4065552951492215,0.0,0.0
v3-blagn,measurement,RUBIESEGS42232_taylor24,RUBIESEGS42232_taylor24,HZA-RUBIES-EGS-42232,RUBIES-EGS-42232,1,RUBIESEGS42232_taylor24,True,only catalogue measurement in this release,4.954,1.1858473713401363,RUBIES,EGS,broad-line-agn,robust,individual_robust,taylor24_ceers_rubies_blagn,Table 1 (Sample of BLAGN),The Astrophysical Journal 986:165 (2025); arXiv:2409.06772v2,https://iopscience.iop.org/article/10.3847/1538-4357/add15b,10.3847/1538-4357/add15b,single-epoch-virial-halpha-reines2013,1.0,lrd,0.0,formal_mbh_errors_exclude_virial_systematic;nominal_mass_uncorrected_for_dust,Nominal Table 1 mass and Halpha flux are uncorrected for dust; formal MBH errors exclude the approximately 0.5 dex virial-calibration systematic.,10000,20260808,30.0,0.1,1.0,True,split-normal-in-log-mbh,0.04,0.03,0.04,0.03,asymmetric,False,taylor_virial_minus_0p5dex,Taylor virial calibration sensitivity: MBH -0.5 dex,taylor_virial_calibration_sensitivity,taylor24_ceers_rubies_blagn_only,-0.5,7.120594749826122,7.140584185302216,7.170535438832317,7.2103379697421985,7.236058129528475,fedd1,1.0,-2.3110813647713915,-2.2910919292952974,-2.2611406757651964,-2.2213381448553147,-2.1956179850690383,0.0,0.0
v3-blagn,measurement,RUBIESEGS42232_taylor24,RUBIESEGS42232_taylor24,HZA-RUBIES-EGS-42232,RUBIES-EGS-42232,1,RUBIESEGS42232_taylor24,True,only catalogue measurement in this release,4.954,1.1858473713401363,RUBIES,EGS,broad-line-agn,robust,individual_robust,taylor24_ceers_rubies_blagn,Table 1 (Sample of BLAGN),The Astrophysical Journal 986:165 (2025); arXiv:2409.06772v2,https://iopscience.iop.org/article/10.3847/1538-4357/add15b,10.3847/1538-4357/add15b,single-epoch-virial-halpha-reines2013,1.0,lrd,0.0,formal_mbh_errors_exclude_virial_systematic;nominal_mass_uncorrected_for_dust,Nominal Table 1 mass and Halpha flux are uncorrected for dust; formal MBH errors exclude the approximately 0.5 dex virial-calibration systematic.,10000,20260808,30.0,0.1,1.0,True,split-normal-in-log-mbh,0.04,0.03,0.04,0.03,asymmetric,False,taylor_virial_plus_0p5dex,Taylor virial calibration sensitivity: MBH +0.5 dex,taylor_virial_calibration_sensitivity,taylor24_ceers_rubies_blagn_only,0.5,8.12059474982612,8.140584185302215,8.170535438832317,8.210337969742199,8.236058129528475,fedd0p3,0.3,5.291091915446867,5.311081350922962,5.341032604453064,5.380835135362946,5.4065552951492215,1.0,0.0
v3-blagn,measurement,RUBIESEGS42232_taylor24,RUBIESEGS42232_taylor24,HZA-RUBIES-EGS-42232,RUBIES-EGS-42232,1,RUBIESEGS42232_taylor24,True,only catalogue measurement in this release,4.954,1.1858473713401363,RUBIES,EGS,broad-line-agn,robust,individual_robust,taylor24_ceers_rubies_blagn,Table 1 (Sample of BLAGN),The Astrophysical Journal 986:165 (2025); arXiv:2409.06772v2,https://iopscience.iop.org/article/10.3847/1538-4357/add15b,10.3847/1538-4357/add15b,single-epoch-virial-halpha-reines2013,1.0,lrd,0.0,formal_mbh_errors_exclude_virial_systematic;nominal_mass_uncorrected_for_dust,Nominal Table 1 mass and Halpha flux are uncorrected for dust; formal MBH errors exclude the approximately 0.5 dex virial-calibration systematic.,10000,20260808,30.0,0.1,1.0,True,split-normal-in-log-mbh,0.04,0.03,0.04,0.03,asymmetric,False,taylor_virial_plus_0p5dex,Taylor virial calibration sensitivity: MBH +0.5 dex,taylor_virial_calibration_sensitivity,taylor24_ceers_rubies_blagn_only,0.5,8.12059474982612,8.140584185302215,8.170535438832317,8.210337969742199,8.236058129528475,fedd1,1.0,-1.3110813647713926,-1.2910919292952974,-1.261140675765196,-1.221338144855314,-1.1956179850690383,0.0,0.0
v3-blagn,measurement,RUBIESEGS45599_taylor24,RUBIESEGS45599_taylor24,HZA-RUBIES-EGS-45599,RUBIES-EGS-45599,1,RUBIESEGS45599_taylor24,True,only catalogue measurement in this release,4.862,1.2137742718438405,RUBIES,EGS,broad-line-agn,robust,individual_robust,taylor24_ceers_rubies_blagn,Table 1 (Sample of BLAGN),The Astrophysical Journal 986:165 (2025); arXiv:2409.06772v2,https://iopscience.iop.org/article/10.3847/1538-4357/add15b,10.3847/1538-4357/add15b,single-epoch-virial-halpha-reines2013,0.0,non_lrd,0.0,formal_mbh_errors_exclude_virial_systematic;nominal_mass_uncorrected_for_dust,Nominal Table 1 mass and Halpha flux are uncorrected for dust; formal MBH errors exclude the approximately 0.5 dex virial-calibration systematic.,10000,20260808,30.0,0.1,1.0,True,split-normal-in-log-mbh,0.13,0.13,0.13,0.13,symmetric_reported,False,baseline,reported MBH,none,all_sources,0.0,6.643826851697714,6.728201180543568,6.86177550799658,6.990855938058589,7.073427529860912,fedd0p3,0.3,3.74155302460594,3.8259273534517946,3.959501680904806,4.088582110966816,4.171153702769138,0.0,0.0
v3-blagn,measurement,RUBIESEGS45599_taylor24,RUBIESEGS45599_taylor24,HZA-RUBIES-EGS-45599,RUBIES-EGS-45599,1,RUBIESEGS45599_taylor24,True,only catalogue measurement in this release,4.862,1.2137742718438405,RUBIES,EGS,broad-line-agn,robust,individual_robust,taylor24_ceers_rubies_blagn,Table 1 (Sample of BLAGN),The Astrophysical Journal 986:165 (2025); arXiv:2409.06772v2,https://iopscience.iop.org/article/10.3847/1538-4357/add15b,10.3847/1538-4357/add15b,single-epoch-virial-halpha-reines2013,0.0,non_lrd,0.0,formal_mbh_errors_exclude_virial_systematic;nominal_mass_uncorrected_for_dust,Nominal Table 1 mass and Halpha flux are uncorrected for dust; formal MBH errors exclude the approximately 0.5 dex virial-calibration systematic.,10000,20260808,30.0,0.1,1.0,True,split-normal-in-log-mbh,0.13,0.13,0.13,0.13,symmetric_reported,False,baseline,reported MBH,none,all_sources,0.0,6.643826851697714,6.728201180543568,6.86177550799658,6.990855938058589,7.073427529860912,fedd1,1.0,-3.0304192386081987,-2.9460449097623442,-2.812470582309333,-2.6833901522473234,-2.600818560445,0.0,0.0
v3-blagn,measurement,RUBIESEGS45599_taylor24,RUBIESEGS45599_taylor24,HZA-RUBIES-EGS-45599,RUBIES-EGS-45599,1,RUBIESEGS45599_taylor24,True,only catalogue measurement in this release,4.862,1.2137742718438405,RUBIES,EGS,broad-line-agn,robust,individual_robust,taylor24_ceers_rubies_blagn,Table 1 (Sample of BLAGN),The Astrophysical Journal 986:165 (2025); arXiv:2409.06772v2,https://iopscience.iop.org/article/10.3847/1538-4357/add15b,10.3847/1538-4357/add15b,single-epoch-virial-halpha-reines2013,0.0,non_lrd,0.0,formal_mbh_errors_exclude_virial_systematic;nominal_mass_uncorrected_for_dust,Nominal Table 1 mass and Halpha flux are uncorrected for dust; formal MBH errors exclude the approximately 0.5 dex virial-calibration systematic.,10000,20260808,30.0,0.1,1.0,True,split-normal-in-log-mbh,0.13,0.13,0.13,0.13,symmetric_reported,False,mbh_minus_0p3dex,MBH -0.3 dex,global_comparison,all_sources,-0.3,6.343826851697714,6.428201180543568,6.561775507996579,6.690855938058589,6.773427529860912,fedd0p3,0.3,3.4415530246059403,3.5259273534517948,3.659501680904806,3.7885821109668156,3.871153702769139,0.0,0.0
v3-blagn,measurement,RUBIESEGS45599_taylor24,RUBIESEGS45599_taylor24,HZA-RUBIES-EGS-45599,RUBIES-EGS-45599,1,RUBIESEGS45599_taylor24,True,only catalogue measurement in this release,4.862,1.2137742718438405,RUBIES,EGS,broad-line-agn,robust,individual_robust,taylor24_ceers_rubies_blagn,Table 1 (Sample of BLAGN),The Astrophysical Journal 986:165 (2025); arXiv:2409.06772v2,https://iopscience.iop.org/article/10.3847/1538-4357/add15b,10.3847/1538-4357/add15b,single-epoch-virial-halpha-reines2013,0.0,non_lrd,0.0,formal_mbh_errors_exclude_virial_systematic;nominal_mass_uncorrected_for_dust,Nominal Table 1 mass and Halpha flux are uncorrected for dust; formal MBH errors exclude the approximately 0.5 dex virial-calibration systematic.,10000,20260808,30.0,0.1,1.0,True,split-normal-in-log-mbh,0.13,0.13,0.13,0.13,symmetric_reported,False,mbh_minus_0p3dex,MBH -0.3 dex,global_comparison,all_sources,-0.3,6.343826851697714,6.428201180543568,6.561775507996579,6.690855938058589,6.773427529860912,fedd1,1.0,-3.3304192386081986,-3.246044909762344,-3.112470582309333,-2.983390152247323,-2.900818560445,0.0,0.0
v3-blagn,measurement,RUBIESEGS45599_taylor24,RUBIESEGS45599_taylor24,HZA-RUBIES-EGS-45599,RUBIES-EGS-45599,1,RUBIESEGS45599_taylor24,True,only catalogue measurement in this release,4.862,1.2137742718438405,RUBIES,EGS,broad-line-agn,robust,individual_robust,taylor24_ceers_rubies_blagn,Table 1 (Sample of BLAGN),The Astrophysical Journal 986:165 (2025); arXiv:2409.06772v2,https://iopscience.iop.org/article/10.3847/1538-4357/add15b,10.3847/1538-4357/add15b,single-epoch-virial-halpha-reines2013,0.0,non_lrd,0.0,formal_mbh_errors_exclude_virial_systematic;nominal_mass_uncorrected_for_dust,Nominal Table 1 mass and Halpha flux are uncorrected for dust; formal MBH errors exclude the approximately 0.5 dex virial-calibration systematic.,10000,20260808,30.0,0.1,1.0,True,split-normal-in-log-mbh,0.13,0.13,0.13,0.13,symmetric_reported,False,mbh_plus_0p3dex,MBH +0.3 dex,global_comparison,all_sources,0.3,6.943826851697714,7.028201180543568,7.161775507996579,7.290855938058589,7.373427529860912,fedd0p3,0.3,4.041553024605941,4.125927353451794,4.259501680904806,4.388582110966815,4.471153702769139,0.0,0.0
v3-blagn,measurement,RUBIESEGS45599_taylor24,RUBIESEGS45599_taylor24,HZA-RUBIES-EGS-45599,RUBIES-EGS-45599,1,RUBIESEGS45599_taylor24,True,only catalogue measurement in this release,4.862,1.2137742718438405,RUBIES,EGS,broad-line-agn,robust,individual_robust,taylor24_ceers_rubies_blagn,Table 1 (Sample of BLAGN),The Astrophysical Journal 986:165 (2025); arXiv:2409.06772v2,https://iopscience.iop.org/article/10.3847/1538-4357/add15b,10.3847/1538-4357/add15b,single-epoch-virial-halpha-reines2013,0.0,non_lrd,0.0,formal_mbh_errors_exclude_virial_systematic;nominal_mass_uncorrected_for_dust,Nominal Table 1 mass and Halpha flux are uncorrected for dust; formal MBH errors exclude the approximately 0.5 dex virial-calibration systematic.,10000,20260808,30.0,0.1,1.0,True,split-normal-in-log-mbh,0.13,0.13,0.13,0.13,symmetric_reported,False,mbh_plus_0p3dex,MBH +0.3 dex,global_comparison,all_sources,0.3,6.943826851697714,7.028201180543568,7.161775507996579,7.290855938058589,7.373427529860912,fedd1,1.0,-2.730419238608199,-2.6460449097623444,-2.512470582309333,-2.3833901522473235,-2.300818560445,0.0,0.0
v3-blagn,measurement,RUBIESEGS45599_taylor24,RUBIESEGS45599_taylor24,HZA-RUBIES-EGS-45599,RUBIES-EGS-45599,1,RUBIESEGS45599_taylor24,True,only catalogue measurement in this release,4.862,1.2137742718438405,RUBIES,EGS,broad-line-agn,robust,individual_robust,taylor24_ceers_rubies_blagn,Table 1 (Sample of BLAGN),The Astrophysical Journal 986:165 (2025); arXiv:2409.06772v2,https://iopscience.iop.org/article/10.3847/1538-4357/add15b,10.3847/1538-4357/add15b,single-epoch-virial-halpha-reines2013,0.0,non_lrd,0.0,formal_mbh_errors_exclude_virial_systematic;nominal_mass_uncorrected_for_dust,Nominal Table 1 mass and Halpha flux are uncorrected for dust; formal MBH errors exclude the approximately 0.5 dex virial-calibration systematic.,10000,20260808,30.0,0.1,1.0,True,split-normal-in-log-mbh,0.13,0.13,0.13,0.13,symmetric_reported,False,taylor_virial_minus_0p5dex,Taylor virial calibration sensitivity: MBH -0.5 dex,taylor_virial_calibration_sensitivity,taylor24_ceers_rubies_blagn_only,-0.5,6.143826851697714,6.228201180543568,6.36177550799658,6.490855938058589,6.573427529860912,fedd0p3,0.3,3.24155302460594,3.3259273534517946,3.459501680904806,3.5885821109668155,3.6711537027691388,0.0,0.0
v3-blagn,measurement,RUBIESEGS45599_taylor24,RUBIESEGS45599_taylor24,HZA-RUBIES-EGS-45599,RUBIES-EGS-45599,1,RUBIESEGS45599_taylor24,True,only catalogue measurement in this release,4.862,1.2137742718438405,RUBIES,EGS,broad-line-agn,robust,individual_robust,taylor24_ceers_rubies_blagn,Table 1 (Sample of BLAGN),The Astrophysical Journal 986:165 (2025); arXiv:2409.06772v2,https://iopscience.iop.org/article/10.3847/1538-4357/add15b,10.3847/1538-4357/add15b,single-epoch-virial-halpha-reines2013,0.0,non_lrd,0.0,formal_mbh_errors_exclude_virial_systematic;nominal_mass_uncorrected_for_dust,Nominal Table 1 mass and Halpha flux are uncorrected for dust; formal MBH errors exclude the approximately 0.5 dex virial-calibration systematic.,10000,20260808,30.0,0.1,1.0,True,split-normal-in-log-mbh,0.13,0.13,0.13,0.13,symmetric_reported,False,taylor_virial_minus_0p5dex,Taylor virial calibration sensitivity: MBH -0.5 dex,taylor_virial_calibration_sensitivity,taylor24_ceers_rubies_blagn_only,-0.5,6.143826851697714,6.228201180543568,6.36177550799658,6.490855938058589,6.573427529860912,fedd1,1.0,-3.5304192386081987,-3.4460449097623442,-3.312470582309333,-3.1833901522473234,-3.100818560445,0.0,0.0
v3-blagn,measurement,RUBIESEGS45599_taylor24,RUBIESEGS45599_taylor24,HZA-RUBIES-EGS-45599,RUBIES-EGS-45599,1,RUBIESEGS45599_taylor24,True,only catalogue measurement in this release,4.862,1.2137742718438405,RUBIES,EGS,broad-line-agn,robust,individual_robust,taylor24_ceers_rubies_blagn,Table 1 (Sample of BLAGN),The Astrophysical Journal 986:165 (2025); arXiv:2409.06772v2,https://iopscience.iop.org/article/10.3847/1538-4357/add15b,10.3847/1538-4357/add15b,single-epoch-virial-halpha-reines2013,0.0,non_lrd,0.0,formal_mbh_errors_exclude_virial_systematic;nominal_mass_uncorrected_for_dust,Nominal Table 1 mass and Halpha flux are uncorrected for dust; formal MBH errors exclude the approximately 0.5 dex virial-calibration systematic.,10000,20260808,30.0,0.1,1.0,True,split-normal-in-log-mbh,0.13,0.13,0.13,0.13,symmetric_reported,False,taylor_virial_plus_0p5dex,Taylor virial calibration sensitivity: MBH +0.5 dex,taylor_virial_calibration_sensitivity,taylor24_ceers_rubies_blagn_only,0.5,7.143826851697714,7.228201180543568,7.36177550799658,7.490855938058589,7.573427529860912,fedd0p3,0.3,4.24155302460594,4.325927353451795,4.459501680904806,4.588582110966816,4.671153702769138,0.0001,0.0
v3-blagn,measurement,RUBIESEGS45599_taylor24,RUBIESEGS45599_taylor24,HZA-RUBIES-EGS-45599,RUBIES-EGS-45599,1,RUBIESEGS45599_taylor24,True,only catalogue measurement in this release,4.862,1.2137742718438405,RUBIES,EGS,broad-line-agn,robust,individual_robust,taylor24_ceers_rubies_blagn,Table 1 (Sample of BLAGN),The Astrophysical Journal 986:165 (2025); arXiv:2409.06772v2,https://iopscience.iop.org/article/10.3847/1538-4357/add15b,10.3847/1538-4357/add15b,single-epoch-virial-halpha-reines2013,0.0,non_lrd,0.0,formal_mbh_errors_exclude_virial_systematic;nominal_mass_uncorrected_for_dust,Nominal Table 1 mass and Halpha flux are uncorrected for dust; formal MBH errors exclude the approximately 0.5 dex virial-calibration systematic.,10000,20260808,30.0,0.1,1.0,True,split-normal-in-log-mbh,0.13,0.13,0.13,0.13,symmetric_reported,False,taylor_virial_plus_0p5dex,Taylor virial calibration sensitivity: MBH +0.5 dex,taylor_virial_calibration_sensitivity,taylor24_ceers_rubies_blagn_only,0.5,7.143826851697714,7.228201180543568,7.36177550799658,7.490855938058589,7.573427529860912,fedd1,1.0,-2.5304192386081987,-2.4460449097623442,-2.312470582309333,-2.1833901522473234,-2.100818560445,0.0,0.0
v3-blagn,measurement,RUBIESEGS46985_taylor24,RUBIESEGS46985_taylor24,HZA-RUBIES-EGS-46985,RUBIES-EGS-46985,1,RUBIESEGS46985_taylor24,True,only catalogue measurement in this release,4.963,1.1831727889131478,RUBIES,EGS,broad-line-agn,robust,individual_robust,taylor24_ceers_rubies_blagn,Table 1 (Sample of BLAGN),The Astrophysical Journal 986:165 (2025); arXiv:2409.06772v2,https://iopscience.iop.org/article/10.3847/1538-4357/add15b,10.3847/1538-4357/add15b,single-epoch-virial-halpha-reines2013,0.0,non_lrd,0.0,formal_mbh_errors_exclude_virial_systematic;nominal_mass_uncorrected_for_dust,Nominal Table 1 mass and Halpha flux are uncorrected for dust; formal MBH errors exclude the approximately 0.5 dex virial-calibration systematic.,10000,20260808,30.0,0.1,1.0,True,split-normal-in-log-mbh,0.21,0.2,0.21,0.2,asymmetric,False,baseline,reported MBH,none,all_sources,0.0,6.573434751993038,6.700810284964566,6.9028505042835535,7.113190444367187,7.251448840365108,fedd0p3,0.3,3.750901255950403,3.878276788921931,4.080317008240919,4.2906569483245525,4.428915344322474,0.0,0.0
v3-blagn,measurement,RUBIESEGS46985_taylor24,RUBIESEGS46985_taylor24,HZA-RUBIES-EGS-46985,RUBIES-EGS-46985,1,RUBIESEGS46985_taylor24,True,only catalogue measurement in this release,4.963,1.1831727889131478,RUBIES,EGS,broad-line-agn,robust,individual_robust,taylor24_ceers_rubies_blagn,Table 1 (Sample of BLAGN),The Astrophysical Journal 986:165 (2025); arXiv:2409.06772v2,https://iopscience.iop.org/article/10.3847/1538-4357/add15b,10.3847/1538-4357/add15b,single-epoch-virial-halpha-reines2013,0.0,non_lrd,0.0,formal_mbh_errors_exclude_virial_systematic;nominal_mass_uncorrected_for_dust,Nominal Table 1 mass and Halpha flux are uncorrected for dust; formal MBH errors exclude the approximately 0.5 dex virial-calibration systematic.,10000,20260808,30.0,0.1,1.0,True,split-normal-in-log-mbh,0.21,0.2,0.21,0.2,asymmetric,False,baseline,reported MBH,none,all_sources,0.0,6.573434751993038,6.700810284964566,6.9028505042835535,7.113190444367187,7.251448840365108,fedd1,1.0,-2.8350102348157455,-2.7076347018442175,-2.50559448252523,-2.295254542441597,-2.156996146443675,0.0,0.0
v3-blagn,measurement,RUBIESEGS46985_taylor24,RUBIESEGS46985_taylor24,HZA-RUBIES-EGS-46985,RUBIES-EGS-46985,1,RUBIESEGS46985_taylor24,True,only catalogue measurement in this release,4.963,1.1831727889131478,RUBIES,EGS,broad-line-agn,robust,individual_robust,taylor24_ceers_rubies_blagn,Table 1 (Sample of BLAGN),The Astrophysical Journal 986:165 (2025); arXiv:2409.06772v2,https://iopscience.iop.org/article/10.3847/1538-4357/add15b,10.3847/1538-4357/add15b,single-epoch-virial-halpha-reines2013,0.0,non_lrd,0.0,formal_mbh_errors_exclude_virial_systematic;nominal_mass_uncorrected_for_dust,Nominal Table 1 mass and Halpha flux are uncorrected for dust; formal MBH errors exclude the approximately 0.5 dex virial-calibration systematic.,10000,20260808,30.0,0.1,1.0,True,split-normal-in-log-mbh,0.21,0.2,0.21,0.2,asymmetric,False,mbh_minus_0p3dex,MBH -0.3 dex,global_comparison,all_sources,-0.3,6.2734347519930385,6.4008102849645665,6.602850504283554,6.813190444367187,6.951448840365108,fedd0p3,0.3,3.450901255950403,3.578276788921931,3.7803170082409188,3.9906569483245518,4.128915344322473,0.0,0.0
v3-blagn,measurement,RUBIESEGS46985_taylor24,RUBIESEGS46985_taylor24,HZA-RUBIES-EGS-46985,RUBIES-EGS-46985,1,RUBIESEGS46985_taylor24,True,only catalogue measurement in this release,4.963,1.1831727889131478,RUBIES,EGS,broad-line-agn,robust,individual_robust,taylor24_ceers_rubies_blagn,Table 1 (Sample of BLAGN),The Astrophysical Journal 986:165 (2025); arXiv:2409.06772v2,https://iopscience.iop.org/article/10.3847/1538-4357/add15b,10.3847/1538-4357/add15b,single-epoch-virial-halpha-reines2013,0.0,non_lrd,0.0,formal_mbh_errors_exclude_virial_systematic;nominal_mass_uncorrected_for_dust,Nominal Table 1 mass and Halpha flux are uncorrected for dust; formal MBH errors exclude the approximately 0.5 dex virial-calibration systematic.,10000,20260808,30.0,0.1,1.0,True,split-normal-in-log-mbh,0.21,0.2,0.21,0.2,asymmetric,False,mbh_minus_0p3dex,MBH -0.3 dex,global_comparison,all_sources,-0.3,6.2734347519930385,6.4008102849645665,6.602850504283554,6.813190444367187,6.951448840365108,fedd1,1.0,-3.1350102348157454,-3.0076347018442173,-2.8055944825252297,-2.5952545424415967,-2.4569961464436747,0.0,0.0
v3-blagn,measurement,RUBIESEGS46985_taylor24,RUBIESEGS46985_taylor24,HZA-RUBIES-EGS-46985,RUBIES-EGS-46985,1,RUBIESEGS46985_taylor24,True,only catalogue measurement in this release,4.963,1.1831727889131478,RUBIES,EGS,broad-line-agn,robust,individual_robust,taylor24_ceers_rubies_blagn,Table 1 (Sample of BLAGN),The Astrophysical Journal 986:165 (2025); arXiv:2409.06772v2,https://iopscience.iop.org/article/10.3847/1538-4357/add15b,10.3847/1538-4357/add15b,single-epoch-virial-halpha-reines2013,0.0,non_lrd,0.0,formal_mbh_errors_exclude_virial_systematic;nominal_mass_uncorrected_for_dust,Nominal Table 1 mass and Halpha flux are uncorrected for dust; formal MBH errors exclude the approximately 0.5 dex virial-calibration systematic.,10000,20260808,30.0,0.1,1.0,True,split-normal-in-log-mbh,0.21,0.2,0.21,0.2,asymmetric,False,mbh_plus_0p3dex,MBH +0.3 dex,global_comparison,all_sources,0.3,6.873434751993038,7.000810284964566,7.202850504283553,7.413190444367187,7.551448840365108,fedd0p3,0.3,4.050901255950403,4.178276788921932,4.380317008240918,4.590656948324551,4.7289153443224725,0.0021,0.0
v3-blagn,measurement,RUBIESEGS46985_taylor24,RUBIESEGS46985_taylor24,HZA-RUBIES-EGS-46985,RUBIES-EGS-46985,1,RUBIESEGS46985_taylor24,True,only catalogue measurement in this release,4.963,1.1831727889131478,RUBIES,EGS,broad-line-agn,robust,individual_robust,taylor24_ceers_rubies_blagn,Table 1 (Sample of BLAGN),The Astrophysical Journal 986:165 (2025); arXiv:2409.06772v2,https://iopscience.iop.org/article/10.3847/1538-4357/add15b,10.3847/1538-4357/add15b,single-epoch-virial-halpha-reines2013,0.0,non_lrd,0.0,formal_mbh_errors_exclude_virial_systematic;nominal_mass_uncorrected_for_dust,Nominal Table 1 mass and Halpha flux are uncorrected for dust; formal MBH errors exclude the approximately 0.5 dex virial-calibration systematic.,10000,20260808,30.0,0.1,1.0,True,split-normal-in-log-mbh,0.21,0.2,0.21,0.2,asymmetric,False,mbh_plus_0p3dex,MBH +0.3 dex,global_comparison,all_sources,0.3,6.873434751993038,7.000810284964566,7.202850504283553,7.413190444367187,7.551448840365108,fedd1,1.0,-2.5350102348157457,-2.4076347018442177,-2.20559448252523,-1.9952545424415968,-1.856996146443675,0.0,0.0
v3-blagn,measurement,RUBIESEGS46985_taylor24,RUBIESEGS46985_taylor24,HZA-RUBIES-EGS-46985,RUBIES-EGS-46985,1,RUBIESEGS46985_taylor24,True,only catalogue measurement in this release,4.963,1.1831727889131478,RUBIES,EGS,broad-line-agn,robust,individual_robust,taylor24_ceers_rubies_blagn,Table 1 (Sample of BLAGN),The Astrophysical Journal 986:165 (2025); arXiv:2409.06772v2,https://iopscience.iop.org/article/10.3847/1538-4357/add15b,10.3847/1538-4357/add15b,single-epoch-virial-halpha-reines2013,0.0,non_lrd,0.0,formal_mbh_errors_exclude_virial_systematic;nominal_mass_uncorrected_for_dust,Nominal Table 1 mass and Halpha flux are uncorrected for dust; formal MBH errors exclude the approximately 0.5 dex virial-calibration systematic.,10000,20260808,30.0,0.1,1.0,True,split-normal-in-log-mbh,0.21,0.2,0.21,0.2,asymmetric,False,taylor_virial_minus_0p5dex,Taylor virial calibration sensitivity: MBH -0.5 dex,taylor_virial_calibration_sensitivity,taylor24_ceers_rubies_blagn_only,-0.5,6.073434751993038,6.200810284964566,6.4028505042835535,6.613190444367187,6.751448840365108,fedd0p3,0.3,3.250901255950403,3.378276788921931,3.5803170082409186,3.7906569483245516,3.9289153443224736,0.0,0.0
v3-blagn,measurement,RUBIESEGS46985_taylor24,RUBIESEGS46985_taylor24,HZA-RUBIES-EGS-46985,RUBIES-EGS-46985,1,RUBIESEGS46985_taylor24,True,only catalogue measurement in this release,4.963,1.1831727889131478,RUBIES,EGS,broad-line-agn,robust,individual_robust,taylor24_ceers_rubies_blagn,Table 1 (Sample of BLAGN),The Astrophysical Journal 986:165 (2025); arXiv:2409.06772v2,https://iopscience.iop.org/article/10.3847/1538-4357/add15b,10.3847/1538-4357/add15b,single-epoch-virial-halpha-reines2013,0.0,non_lrd,0.0,formal_mbh_errors_exclude_virial_systematic;nominal_mass_uncorrected_for_dust,Nominal Table 1 mass and Halpha flux are uncorrected for dust; formal MBH errors exclude the approximately 0.5 dex virial-calibration systematic.,10000,20260808,30.0,0.1,1.0,True,split-normal-in-log-mbh,0.21,0.2,0.21,0.2,asymmetric,False,taylor_virial_minus_0p5dex,Taylor virial calibration sensitivity: MBH -0.5 dex,taylor_virial_calibration_sensitivity,taylor24_ceers_rubies_blagn_only,-0.5,6.073434751993038,6.200810284964566,6.4028505042835535,6.613190444367187,6.751448840365108,fedd1,1.0,-3.3350102348157455,-3.2076347018442175,-3.00559448252523,-2.795254542441597,-2.656996146443675,0.0,0.0
v3-blagn,measurement,RUBIESEGS46985_taylor24,RUBIESEGS46985_taylor24,HZA-RUBIES-EGS-46985,RUBIES-EGS-46985,1,RUBIESEGS46985_taylor24,True,only catalogue measurement in this release,4.963,1.1831727889131478,RUBIES,EGS,broad-line-agn,robust,individual_robust,taylor24_ceers_rubies_blagn,Table 1 (Sample of BLAGN),The Astrophysical Journal 986:165 (2025); arXiv:2409.06772v2,https://iopscience.iop.org/article/10.3847/1538-4357/add15b,10.3847/1538-4357/add15b,single-epoch-virial-halpha-reines2013,0.0,non_lrd,0.0,formal_mbh_errors_exclude_virial_systematic;nominal_mass_uncorrected_for_dust,Nominal Table 1 mass and Halpha flux are uncorrected for dust; formal MBH errors exclude the approximately 0.5 dex virial-calibration systematic.,10000,20260808,30.0,0.1,1.0,True,split-normal-in-log-mbh,0.21,0.2,0.21,0.2,asymmetric,False,taylor_virial_plus_0p5dex,Taylor virial calibration sensitivity: MBH +0.5 dex,taylor_virial_calibration_sensitivity,taylor24_ceers_rubies_blagn_only,0.5,7.073434751993038,7.200810284964566,7.4028505042835535,7.613190444367187,7.751448840365108,fedd0p3,0.3,4.250901255950404,4.378276788921931,4.580317008240919,4.7906569483245525,4.928915344322474,0.0235,0.0
v3-blagn,measurement,RUBIESEGS46985_taylor24,RUBIESEGS46985_taylor24,HZA-RUBIES-EGS-46985,RUBIES-EGS-46985,1,RUBIESEGS46985_taylor24,True,only catalogue measurement in this release,4.963,1.1831727889131478,RUBIES,EGS,broad-line-agn,robust,individual_robust,taylor24_ceers_rubies_blagn,Table 1 (Sample of BLAGN),The Astrophysical Journal 986:165 (2025); arXiv:2409.06772v2,https://iopscience.iop.org/article/10.3847/1538-4357/add15b,10.3847/1538-4357/add15b,single-epoch-virial-halpha-reines2013,0.0,non_lrd,0.0,formal_mbh_errors_exclude_virial_systematic;nominal_mass_uncorrected_for_dust,Nominal Table 1 mass and Halpha flux are uncorrected for dust; formal MBH errors exclude the approximately 0.5 dex virial-calibration systematic.,10000,20260808,30.0,0.1,1.0,True,split-normal-in-log-mbh,0.21,0.2,0.21,0.2,asymmetric,False,taylor_virial_plus_0p5dex,Taylor virial calibration sensitivity: MBH +0.5 dex,taylor_virial_calibration_sensitivity,taylor24_ceers_rubies_blagn_only,0.5,7.073434751993038,7.200810284964566,7.4028505042835535,7.613190444367187,7.751448840365108,fedd1,1.0,-2.3350102348157455,-2.2076347018442175,-2.00559448252523,-1.7952545424415967,-1.6569961464436749,0.0,0.0
v3-blagn,measurement,RUBIESEGS49140_taylor24,RUBIESEGS49140_taylor24,HZA-RUBIES-EGS-49140,RUBIES-EGS-49140,1,RUBIESEGS49140_taylor24,True,only catalogue measurement in this release,6.685,0.8094182196919075,RUBIES,EGS,broad-line-agn,robust,individual_robust,taylor24_ceers_rubies_blagn,Table 1 (Sample of BLAGN),The Astrophysical Journal 986:165 (2025); arXiv:2409.06772v2,https://iopscience.iop.org/article/10.3847/1538-4357/add15b,10.3847/1538-4357/add15b,single-epoch-virial-halpha-reines2013,1.0,lrd,1.0,formal_mbh_errors_exclude_virial_systematic;nominal_mass_uncorrected_for_dust;halpha_absorption_component_fit;alternative_non_agn_compact_galaxy_broadening,Nominal Table 1 mass and Halpha flux are uncorrected for dust; formal MBH errors exclude the approximately 0.5 dex virial-calibration systematic. Halpha line fit includes the source-specific narrow absorption component described in Section 3.2. The paper retains this source as BLAGN while noting a published compact-galaxy alternative for its broad lines.,10000,20260808,30.0,0.1,1.0,True,split-normal-in-log-mbh,0.02,0.01,0.02,0.01,asymmetric,False,baseline,reported MBH,none,all_sources,0.0,8.243464600515763,8.250167938126344,8.260048679899047,8.279932608210888,8.293006847503461,fedd0p3,0.3,6.394848386466599,6.401551724077179,6.411432465849883,6.431316394161724,6.444390633454296,1.0,1.0
v3-blagn,measurement,RUBIESEGS49140_taylor24,RUBIESEGS49140_taylor24,HZA-RUBIES-EGS-49140,RUBIES-EGS-49140,1,RUBIESEGS49140_taylor24,True,only catalogue measurement in this release,6.685,0.8094182196919075,RUBIES,EGS,broad-line-agn,robust,individual_robust,taylor24_ceers_rubies_blagn,Table 1 (Sample of BLAGN),The Astrophysical Journal 986:165 (2025); arXiv:2409.06772v2,https://iopscience.iop.org/article/10.3847/1538-4357/add15b,10.3847/1538-4357/add15b,single-epoch-virial-halpha-reines2013,1.0,lrd,1.0,formal_mbh_errors_exclude_virial_systematic;nominal_mass_uncorrected_for_dust;halpha_absorption_component_fit;alternative_non_agn_compact_galaxy_broadening,Nominal Table 1 mass and Halpha flux are uncorrected for dust; formal MBH errors exclude the approximately 0.5 dex virial-calibration systematic. Halpha line fit includes the source-specific narrow absorption component described in Section 3.2. The paper retains this source as BLAGN while noting a published compact-galaxy alternative for its broad lines.,10000,20260808,30.0,0.1,1.0,True,split-normal-in-log-mbh,0.02,0.01,0.02,0.01,asymmetric,False,baseline,reported MBH,none,all_sources,0.0,8.243464600515763,8.250167938126344,8.260048679899047,8.279932608210888,8.293006847503461,fedd1,1.0,2.0814105536852128,2.088113891295794,2.097994633068497,2.1178785613803384,2.130952800672911,0.0,0.0
v3-blagn,measurement,RUBIESEGS49140_taylor24,RUBIESEGS49140_taylor24,HZA-RUBIES-EGS-49140,RUBIES-EGS-49140,1,RUBIESEGS49140_taylor24,True,only catalogue measurement in this release,6.685,0.8094182196919075,RUBIES,EGS,broad-line-agn,robust,individual_robust,taylor24_ceers_rubies_blagn,Table 1 (Sample of BLAGN),The Astrophysical Journal 986:165 (2025); arXiv:2409.06772v2,https://iopscience.iop.org/article/10.3847/1538-4357/add15b,10.3847/1538-4357/add15b,single-epoch-virial-halpha-reines2013,1.0,lrd,1.0,formal_mbh_errors_exclude_virial_systematic;nominal_mass_uncorrected_for_dust;halpha_absorption_component_fit;alternative_non_agn_compact_galaxy_broadening,Nominal Table 1 mass and Halpha flux are uncorrected for dust; formal MBH errors exclude the approximately 0.5 dex virial-calibration systematic. Halpha line fit includes the source-specific narrow absorption component described in Section 3.2. The paper retains this source as BLAGN while noting a published compact-galaxy alternative for its broad lines.,10000,20260808,30.0,0.1,1.0,True,split-normal-in-log-mbh,0.02,0.01,0.02,0.01,asymmetric,False,mbh_minus_0p3dex,MBH -0.3 dex,global_comparison,all_sources,-0.3,7.943464600515764,7.950167938126344,7.960048679899048,7.9799326082108895,7.9930068475034615,fedd0p3,0.3,6.094848386466599,6.101551724077179,6.111432465849883,6.131316394161725,6.144390633454297,1.0,1.0
v3-blagn,measurement,RUBIESEGS49140_taylor24,RUBIESEGS49140_taylor24,HZA-RUBIES-EGS-49140,RUBIES-EGS-49140,1,RUBIESEGS49140_taylor24,True,only catalogue measurement in this release,6.685,0.8094182196919075,RUBIES,EGS,broad-line-agn,robust,individual_robust,taylor24_ceers_rubies_blagn,Table 1 (Sample of BLAGN),The Astrophysical Journal 986:165 (2025); arXiv:2409.06772v2,https://iopscience.iop.org/article/10.3847/1538-4357/add15b,10.3847/1538-4357/add15b,single-epoch-virial-halpha-reines2013,1.0,lrd,1.0,formal_mbh_errors_exclude_virial_systematic;nominal_mass_uncorrected_for_dust;halpha_absorption_component_fit;alternative_non_agn_compact_galaxy_broadening,Nominal Table 1 mass and Halpha flux are uncorrected for dust; formal MBH errors exclude the approximately 0.5 dex virial-calibration systematic. Halpha line fit includes the source-specific narrow absorption component described in Section 3.2. The paper retains this source as BLAGN while noting a published compact-galaxy alternative for its broad lines.,10000,20260808,30.0,0.1,1.0,True,split-normal-in-log-mbh,0.02,0.01,0.02,0.01,asymmetric,False,mbh_minus_0p3dex,MBH -0.3 dex,global_comparison,all_sources,-0.3,7.943464600515764,7.950167938126344,7.960048679899048,7.9799326082108895,7.9930068475034615,fedd1,1.0,1.781410553685213,1.7881138912957941,1.7979946330684973,1.8178785613803385,1.8309528006729108,0.0,0.0
v3-blagn,measurement,RUBIESEGS49140_taylor24,RUBIESEGS49140_taylor24,HZA-RUBIES-EGS-49140,RUBIES-EGS-49140,1,RUBIESEGS49140_taylor24,True,only catalogue measurement in this release,6.685,0.8094182196919075,RUBIES,EGS,broad-line-agn,robust,individual_robust,taylor24_ceers_rubies_blagn,Table 1 (Sample of BLAGN),The Astrophysical Journal 986:165 (2025); arXiv:2409.06772v2,https://iopscience.iop.org/article/10.3847/1538-4357/add15b,10.3847/1538-4357/add15b,single-epoch-virial-halpha-reines2013,1.0,lrd,1.0,formal_mbh_errors_exclude_virial_systematic;nominal_mass_uncorrected_for_dust;halpha_absorption_component_fit;alternative_non_agn_compact_galaxy_broadening,Nominal Table 1 mass and Halpha flux are uncorrected for dust; formal MBH errors exclude the approximately 0.5 dex virial-calibration systematic. Halpha line fit includes the source-specific narrow absorption component described in Section 3.2. The paper retains this source as BLAGN while noting a published compact-galaxy alternative for its broad lines.,10000,20260808,30.0,0.1,1.0,True,split-normal-in-log-mbh,0.02,0.01,0.02,0.01,asymmetric,False,mbh_plus_0p3dex,MBH +0.3 dex,global_comparison,all_sources,0.3,8.543464600515764,8.550167938126345,8.560048679899047,8.579932608210889,8.593006847503462,fedd0p3,0.3,6.6948483864665995,6.70155172407718,6.711432465849883,6.731316394161725,6.744390633454297,1.0,1.0
v3-blagn,measurement,RUBIESEGS49140_taylor24,RUBIESEGS49140_taylor24,HZA-RUBIES-EGS-49140,RUBIES-EGS-49140,1,RUBIESEGS49140_taylor24,True,only catalogue measurement in this release,6.685,0.8094182196919075,RUBIES,EGS,broad-line-agn,robust,individual_robust,taylor24_ceers_rubies_blagn,Table 1 (Sample of BLAGN),The Astrophysical Journal 986:165 (2025); arXiv:2409.06772v2,https://iopscience.iop.org/article/10.3847/1538-4357/add15b,10.3847/1538-4357/add15b,single-epoch-virial-halpha-reines2013,1.0,lrd,1.0,formal_mbh_errors_exclude_virial_systematic;nominal_mass_uncorrected_for_dust;halpha_absorption_component_fit;alternative_non_agn_compact_galaxy_broadening,Nominal Table 1 mass and Halpha flux are uncorrected for dust; formal MBH errors exclude the approximately 0.5 dex virial-calibration systematic. Halpha line fit includes the source-specific narrow absorption component described in Section 3.2. The paper retains this source as BLAGN while noting a published compact-galaxy alternative for its broad lines.,10000,20260808,30.0,0.1,1.0,True,split-normal-in-log-mbh,0.02,0.01,0.02,0.01,asymmetric,False,mbh_plus_0p3dex,MBH +0.3 dex,global_comparison,all_sources,0.3,8.543464600515764,8.550167938126345,8.560048679899047,8.579932608210889,8.593006847503462,fedd1,1.0,2.3814105536852135,2.3881138912957947,2.397994633068498,2.417878561380339,2.4309528006729115,0.0,0.0
v3-blagn,measurement,RUBIESEGS49140_taylor24,RUBIESEGS49140_taylor24,HZA-RUBIES-EGS-49140,RUBIES-EGS-49140,1,RUBIESEGS49140_taylor24,True,only catalogue measurement in this release,6.685,0.8094182196919075,RUBIES,EGS,broad-line-agn,robust,individual_robust,taylor24_ceers_rubies_blagn,Table 1 (Sample of BLAGN),The Astrophysical Journal 986:165 (2025); arXiv:2409.06772v2,https://iopscience.iop.org/article/10.3847/1538-4357/add15b,10.3847/1538-4357/add15b,single-epoch-virial-halpha-reines2013,1.0,lrd,1.0,formal_mbh_errors_exclude_virial_systematic;nominal_mass_uncorrected_for_dust;halpha_absorption_component_fit;alternative_non_agn_compact_galaxy_broadening,Nominal Table 1 mass and Halpha flux are uncorrected for dust; formal MBH errors exclude the approximately 0.5 dex virial-calibration systematic. Halpha line fit includes the source-specific narrow absorption component described in Section 3.2. The paper retains this source as BLAGN while noting a published compact-galaxy alternative for its broad lines.,10000,20260808,30.0,0.1,1.0,True,split-normal-in-log-mbh,0.02,0.01,0.02,0.01,asymmetric,False,taylor_virial_minus_0p5dex,Taylor virial calibration sensitivity: MBH -0.5 dex,taylor_virial_calibration_sensitivity,taylor24_ceers_rubies_blagn_only,-0.5,7.743464600515764,7.750167938126344,7.760048679899048,7.779932608210889,7.793006847503461,fedd0p3,0.3,5.894848386466599,5.901551724077179,5.911432465849883,5.931316394161724,5.944390633454296,1.0,0.0
v3-blagn,measurement,RUBIESEGS49140_taylor24,RUBIESEGS49140_taylor24,HZA-RUBIES-EGS-49140,RUBIES-EGS-49140,1,RUBIESEGS49140_taylor24,True,only catalogue measurement in this release,6.685,0.8094182196919075,RUBIES,EGS,broad-line-agn,robust,individual_robust,taylor24_ceers_rubies_blagn,Table 1 (Sample of BLAGN),The Astrophysical Journal 986:165 (2025); arXiv:2409.06772v2,https://iopscience.iop.org/article/10.3847/1538-4357/add15b,10.3847/1538-4357/add15b,single-epoch-virial-halpha-reines2013,1.0,lrd,1.0,formal_mbh_errors_exclude_virial_systematic;nominal_mass_uncorrected_for_dust;halpha_absorption_component_fit;alternative_non_agn_compact_galaxy_broadening,Nominal Table 1 mass and Halpha flux are uncorrected for dust; formal MBH errors exclude the approximately 0.5 dex virial-calibration systematic. Halpha line fit includes the source-specific narrow absorption component described in Section 3.2. The paper retains this source as BLAGN while noting a published compact-galaxy alternative for its broad lines.,10000,20260808,30.0,0.1,1.0,True,split-normal-in-log-mbh,0.02,0.01,0.02,0.01,asymmetric,False,taylor_virial_minus_0p5dex,Taylor virial calibration sensitivity: MBH -0.5 dex,taylor_virial_calibration_sensitivity,taylor24_ceers_rubies_blagn_only,-0.5,7.743464600515764,7.750167938126344,7.760048679899048,7.779932608210889,7.793006847503461,fedd1,1.0,1.5814105536852128,1.588113891295794,1.597994633068497,1.6178785613803384,1.6309528006729106,0.0,0.0
v3-blagn,measurement,RUBIESEGS49140_taylor24,RUBIESEGS49140_taylor24,HZA-RUBIES-EGS-49140,RUBIES-EGS-49140,1,RUBIESEGS49140_taylor24,True,only catalogue measurement in this release,6.685,0.8094182196919075,RUBIES,EGS,broad-line-agn,robust,individual_robust,taylor24_ceers_rubies_blagn,Table 1 (Sample of BLAGN),The Astrophysical Journal 986:165 (2025); arXiv:2409.06772v2,https://iopscience.iop.org/article/10.3847/1538-4357/add15b,10.3847/1538-4357/add15b,single-epoch-virial-halpha-reines2013,1.0,lrd,1.0,formal_mbh_errors_exclude_virial_systematic;nominal_mass_uncorrected_for_dust;halpha_absorption_component_fit;alternative_non_agn_compact_galaxy_broadening,Nominal Table 1 mass and Halpha flux are uncorrected for dust; formal MBH errors exclude the approximately 0.5 dex virial-calibration systematic. Halpha line fit includes the source-specific narrow absorption component described in Section 3.2. The paper retains this source as BLAGN while noting a published compact-galaxy alternative for its broad lines.,10000,20260808,30.0,0.1,1.0,True,split-normal-in-log-mbh,0.02,0.01,0.02,0.01,asymmetric,False,taylor_virial_plus_0p5dex,Taylor virial calibration sensitivity: MBH +0.5 dex,taylor_virial_calibration_sensitivity,taylor24_ceers_rubies_blagn_only,0.5,8.743464600515763,8.750167938126344,8.760048679899047,8.779932608210888,8.793006847503461,fedd0p3,0.3,6.894848386466599,6.901551724077179,6.911432465849883,6.931316394161724,6.944390633454296,1.0,1.0
v3-blagn,measurement,RUBIESEGS49140_taylor24,RUBIESEGS49140_taylor24,HZA-RUBIES-EGS-49140,RUBIES-EGS-49140,1,RUBIESEGS49140_taylor24,True,only catalogue measurement in this release,6.685,0.8094182196919075,RUBIES,EGS,broad-line-agn,robust,individual_robust,taylor24_ceers_rubies_blagn,Table 1 (Sample of BLAGN),The Astrophysical Journal 986:165 (2025); arXiv:2409.06772v2,https://iopscience.iop.org/article/10.3847/1538-4357/add15b,10.3847/1538-4357/add15b,single-epoch-virial-halpha-reines2013,1.0,lrd,1.0,formal_mbh_errors_exclude_virial_systematic;nominal_mass_uncorrected_for_dust;halpha_absorption_component_fit;alternative_non_agn_compact_galaxy_broadening,Nominal Table 1 mass and Halpha flux are uncorrected for dust; formal MBH errors exclude the approximately 0.5 dex virial-calibration systematic. Halpha line fit includes the source-specific narrow absorption component described in Section 3.2. The paper retains this source as BLAGN while noting a published compact-galaxy alternative for its broad lines.,10000,20260808,30.0,0.1,1.0,True,split-normal-in-log-mbh,0.02,0.01,0.02,0.01,asymmetric,False,taylor_virial_plus_0p5dex,Taylor virial calibration sensitivity: MBH +0.5 dex,taylor_virial_calibration_sensitivity,taylor24_ceers_rubies_blagn_only,0.5,8.743464600515763,8.750167938126344,8.760048679899047,8.779932608210888,8.793006847503461,fedd1,1.0,2.5814105536852128,2.588113891295794,2.597994633068497,2.6178785613803384,2.630952800672911,0.0,0.0
v3-blagn,measurement,RUBIESEGS50052_taylor24,RUBIESEGS50052_taylor24,HZA-CEERS-2782,RUBIES-EGS-50052,1,RUBIESEGS50052_taylor24,True,preferred duplicate: higher-S/N RUBIES spectrum adopted by Taylor et al.,5.24,1.1055092521207228,RUBIES,EGS,broad-line-agn,robust,individual_robust,taylor24_ceers_rubies_blagn,Table 1 (Sample of BLAGN),The Astrophysical Journal 986:165 (2025); arXiv:2409.06772v2,https://iopscience.iop.org/article/10.3847/1538-4357/add15b,10.3847/1538-4357/add15b,single-epoch-virial-halpha-reines2013,0.0,non_lrd,0.0,formal_mbh_errors_exclude_virial_systematic;nominal_mass_uncorrected_for_dust;duplicate_observation;possible_outflow_contribution;source_preferred_duplicate_measurement,"Nominal Table 1 mass and Halpha flux are uncorrected for dust; formal MBH errors exclude the approximately 0.5 dex virial-calibration systematic. Same physical object as CEERS-2782; Taylor et al. use this higher-S/N RUBIES observation. A possible outflow contribution is discussed, but the source is retained as BLAGN.",10000,20260808,30.0,0.1,1.0,True,split-normal-in-log-mbh,0.03,0.03,0.03,0.03,symmetric_reported,False,baseline,reported MBH,none,all_sources,0.0,7.530791903092853,7.550277767527611,7.5799051567771745,7.609773975765561,7.629103016714697,fedd0p3,0.3,4.910631479894461,4.930117344329218,4.959744733578781,4.989613552567169,5.008942593516304,0.0898,0.0
v3-blagn,measurement,RUBIESEGS50052_taylor24,RUBIESEGS50052_taylor24,HZA-CEERS-2782,RUBIES-EGS-50052,1,RUBIESEGS50052_taylor24,True,preferred duplicate: higher-S/N RUBIES spectrum adopted by Taylor et al.,5.24,1.1055092521207228,RUBIES,EGS,broad-line-agn,robust,individual_robust,taylor24_ceers_rubies_blagn,Table 1 (Sample of BLAGN),The Astrophysical Journal 986:165 (2025); arXiv:2409.06772v2,https://iopscience.iop.org/article/10.3847/1538-4357/add15b,10.3847/1538-4357/add15b,single-epoch-virial-halpha-reines2013,0.0,non_lrd,0.0,formal_mbh_errors_exclude_virial_systematic;nominal_mass_uncorrected_for_dust;duplicate_observation;possible_outflow_contribution;source_preferred_duplicate_measurement,"Nominal Table 1 mass and Halpha flux are uncorrected for dust; formal MBH errors exclude the approximately 0.5 dex virial-calibration systematic. Same physical object as CEERS-2782; Taylor et al. use this higher-S/N RUBIES observation. A possible outflow contribution is discussed, but the source is retained as BLAGN.",10000,20260808,30.0,0.1,1.0,True,split-normal-in-log-mbh,0.03,0.03,0.03,0.03,symmetric_reported,False,baseline,reported MBH,none,all_sources,0.0,7.530791903092853,7.550277767527611,7.5799051567771745,7.609773975765561,7.629103016714697,fedd1,1.0,-1.203076174235124,-1.1835903098003655,-1.1539629205508022,-1.124094101562415,-1.1047650606132793,0.0,0.0
v3-blagn,measurement,RUBIESEGS50052_taylor24,RUBIESEGS50052_taylor24,HZA-CEERS-2782,RUBIES-EGS-50052,1,RUBIESEGS50052_taylor24,True,preferred duplicate: higher-S/N RUBIES spectrum adopted by Taylor et al.,5.24,1.1055092521207228,RUBIES,EGS,broad-line-agn,robust,individual_robust,taylor24_ceers_rubies_blagn,Table 1 (Sample of BLAGN),The Astrophysical Journal 986:165 (2025); arXiv:2409.06772v2,https://iopscience.iop.org/article/10.3847/1538-4357/add15b,10.3847/1538-4357/add15b,single-epoch-virial-halpha-reines2013,0.0,non_lrd,0.0,formal_mbh_errors_exclude_virial_systematic;nominal_mass_uncorrected_for_dust;duplicate_observation;possible_outflow_contribution;source_preferred_duplicate_measurement,"Nominal Table 1 mass and Halpha flux are uncorrected for dust; formal MBH errors exclude the approximately 0.5 dex virial-calibration systematic. Same physical object as CEERS-2782; Taylor et al. use this higher-S/N RUBIES observation. A possible outflow contribution is discussed, but the source is retained as BLAGN.",10000,20260808,30.0,0.1,1.0,True,split-normal-in-log-mbh,0.03,0.03,0.03,0.03,symmetric_reported,False,mbh_minus_0p3dex,MBH -0.3 dex,global_comparison,all_sources,-0.3,7.230791903092853,7.250277767527611,7.279905156777174,7.3097739757655615,7.329103016714697,fedd0p3,0.3,4.61063147989446,4.630117344329219,4.659744733578782,4.6896135525671685,4.708942593516305,0.0,0.0
v3-blagn,measurement,RUBIESEGS50052_taylor24,RUBIESEGS50052_taylor24,HZA-CEERS-2782,RUBIES-EGS-50052,1,RUBIESEGS50052_taylor24,True,preferred duplicate: higher-S/N RUBIES spectrum adopted by Taylor et al.,5.24,1.1055092521207228,RUBIES,EGS,broad-line-agn,robust,individual_robust,taylor24_ceers_rubies_blagn,Table 1 (Sample of BLAGN),The Astrophysical Journal 986:165 (2025); arXiv:2409.06772v2,https://iopscience.iop.org/article/10.3847/1538-4357/add15b,10.3847/1538-4357/add15b,single-epoch-virial-halpha-reines2013,0.0,non_lrd,0.0,formal_mbh_errors_exclude_virial_systematic;nominal_mass_uncorrected_for_dust;duplicate_observation;possible_outflow_contribution;source_preferred_duplicate_measurement,"Nominal Table 1 mass and Halpha flux are uncorrected for dust; formal MBH errors exclude the approximately 0.5 dex virial-calibration systematic. Same physical object as CEERS-2782; Taylor et al. use this higher-S/N RUBIES observation. A possible outflow contribution is discussed, but the source is retained as BLAGN.",10000,20260808,30.0,0.1,1.0,True,split-normal-in-log-mbh,0.03,0.03,0.03,0.03,symmetric_reported,False,mbh_minus_0p3dex,MBH -0.3 dex,global_comparison,all_sources,-0.3,7.230791903092853,7.250277767527611,7.279905156777174,7.3097739757655615,7.329103016714697,fedd1,1.0,-1.5030761742351237,-1.4835903098003653,-1.453962920550802,-1.424094101562415,-1.404765060613279,0.0,0.0
v3-blagn,measurement,RUBIESEGS50052_taylor24,RUBIESEGS50052_taylor24,HZA-CEERS-2782,RUBIES-EGS-50052,1,RUBIESEGS50052_taylor24,True,preferred duplicate: higher-S/N RUBIES spectrum adopted by Taylor et al.,5.24,1.1055092521207228,RUBIES,EGS,broad-line-agn,robust,individual_robust,taylor24_ceers_rubies_blagn,Table 1 (Sample of BLAGN),The Astrophysical Journal 986:165 (2025); arXiv:2409.06772v2,https://iopscience.iop.org/article/10.3847/1538-4357/add15b,10.3847/1538-4357/add15b,single-epoch-virial-halpha-reines2013,0.0,non_lrd,0.0,formal_mbh_errors_exclude_virial_systematic;nominal_mass_uncorrected_for_dust;duplicate_observation;possible_outflow_contribution;source_preferred_duplicate_measurement,"Nominal Table 1 mass and Halpha flux are uncorrected for dust; formal MBH errors exclude the approximately 0.5 dex virial-calibration systematic. Same physical object as CEERS-2782; Taylor et al. use this higher-S/N RUBIES observation. A possible outflow contribution is discussed, but the source is retained as BLAGN.",10000,20260808,30.0,0.1,1.0,True,split-normal-in-log-mbh,0.03,0.03,0.03,0.03,symmetric_reported,False,mbh_plus_0p3dex,MBH +0.3 dex,global_comparison,all_sources,0.3,7.830791903092853,7.8502777675276105,7.879905156777173,7.909773975765561,7.929103016714697,fedd0p3,0.3,5.2106314798944595,5.230117344329218,5.259744733578781,5.289613552567168,5.308942593516305,1.0,0.0
v3-blagn,measurement,RUBIESEGS50052_taylor24,RUBIESEGS50052_taylor24,HZA-CEERS-2782,RUBIES-EGS-50052,1,RUBIESEGS50052_taylor24,True,preferred duplicate: higher-S/N RUBIES spectrum adopted by Taylor et al.,5.24,1.1055092521207228,RUBIES,EGS,broad-line-agn,robust,individual_robust,taylor24_ceers_rubies_blagn,Table 1 (Sample of BLAGN),The Astrophysical Journal 986:165 (2025); arXiv:2409.06772v2,https://iopscience.iop.org/article/10.3847/1538-4357/add15b,10.3847/1538-4357/add15b,single-epoch-virial-halpha-reines2013,0.0,non_lrd,0.0,formal_mbh_errors_exclude_virial_systematic;nominal_mass_uncorrected_for_dust;duplicate_observation;possible_outflow_contribution;source_preferred_duplicate_measurement,"Nominal Table 1 mass and Halpha flux are uncorrected for dust; formal MBH errors exclude the approximately 0.5 dex virial-calibration systematic. Same physical object as CEERS-2782; Taylor et al. use this higher-S/N RUBIES observation. A possible outflow contribution is discussed, but the source is retained as BLAGN.",10000,20260808,30.0,0.1,1.0,True,split-normal-in-log-mbh,0.03,0.03,0.03,0.03,symmetric_reported,False,mbh_plus_0p3dex,MBH +0.3 dex,global_comparison,all_sources,0.3,7.830791903092853,7.8502777675276105,7.879905156777173,7.909773975765561,7.929103016714697,fedd1,1.0,-0.9030761742351241,-0.8835903098003658,-0.8539629205508024,-0.8240941015624151,-0.8047650606132793,0.0,0.0
v3-blagn,measurement,RUBIESEGS50052_taylor24,RUBIESEGS50052_taylor24,HZA-CEERS-2782,RUBIES-EGS-50052,1,RUBIESEGS50052_taylor24,True,preferred duplicate: higher-S/N RUBIES spectrum adopted by Taylor et al.,5.24,1.1055092521207228,RUBIES,EGS,broad-line-agn,robust,individual_robust,taylor24_ceers_rubies_blagn,Table 1 (Sample of BLAGN),The Astrophysical Journal 986:165 (2025); arXiv:2409.06772v2,https://iopscience.iop.org/article/10.3847/1538-4357/add15b,10.3847/1538-4357/add15b,single-epoch-virial-halpha-reines2013,0.0,non_lrd,0.0,formal_mbh_errors_exclude_virial_systematic;nominal_mass_uncorrected_for_dust;duplicate_observation;possible_outflow_contribution;source_preferred_duplicate_measurement,"Nominal Table 1 mass and Halpha flux are uncorrected for dust; formal MBH errors exclude the approximately 0.5 dex virial-calibration systematic. Same physical object as CEERS-2782; Taylor et al. use this higher-S/N RUBIES observation. A possible outflow contribution is discussed, but the source is retained as BLAGN.",10000,20260808,30.0,0.1,1.0,True,split-normal-in-log-mbh,0.03,0.03,0.03,0.03,symmetric_reported,False,taylor_virial_minus_0p5dex,Taylor virial calibration sensitivity: MBH -0.5 dex,taylor_virial_calibration_sensitivity,taylor24_ceers_rubies_blagn_only,-0.5,7.030791903092853,7.050277767527611,7.0799051567771745,7.109773975765561,7.129103016714697,fedd0p3,0.3,4.410631479894461,4.430117344329218,4.459744733578781,4.489613552567169,4.508942593516304,0.0,0.0
v3-blagn,measurement,RUBIESEGS50052_taylor24,RUBIESEGS50052_taylor24,HZA-CEERS-2782,RUBIES-EGS-50052,1,RUBIESEGS50052_taylor24,True,preferred duplicate: higher-S/N RUBIES spectrum adopted by Taylor et al.,5.24,1.1055092521207228,RUBIES,EGS,broad-line-agn,robust,individual_robust,taylor24_ceers_rubies_blagn,Table 1 (Sample of BLAGN),The Astrophysical Journal 986:165 (2025); arXiv:2409.06772v2,https://iopscience.iop.org/article/10.3847/1538-4357/add15b,10.3847/1538-4357/add15b,single-epoch-virial-halpha-reines2013,0.0,non_lrd,0.0,formal_mbh_errors_exclude_virial_systematic;nominal_mass_uncorrected_for_dust;duplicate_observation;possible_outflow_contribution;source_preferred_duplicate_measurement,"Nominal Table 1 mass and Halpha flux are uncorrected for dust; formal MBH errors exclude the approximately 0.5 dex virial-calibration systematic. Same physical object as CEERS-2782; Taylor et al. use this higher-S/N RUBIES observation. A possible outflow contribution is discussed, but the source is retained as BLAGN.",10000,20260808,30.0,0.1,1.0,True,split-normal-in-log-mbh,0.03,0.03,0.03,0.03,symmetric_reported,False,taylor_virial_minus_0p5dex,Taylor virial calibration sensitivity: MBH -0.5 dex,taylor_virial_calibration_sensitivity,taylor24_ceers_rubies_blagn_only,-0.5,7.030791903092853,7.050277767527611,7.0799051567771745,7.109773975765561,7.129103016714697,fedd1,1.0,-1.703076174235124,-1.6835903098003655,-1.6539629205508022,-1.624094101562415,-1.6047650606132793,0.0,0.0
v3-blagn,measurement,RUBIESEGS50052_taylor24,RUBIESEGS50052_taylor24,HZA-CEERS-2782,RUBIES-EGS-50052,1,RUBIESEGS50052_taylor24,True,preferred duplicate: higher-S/N RUBIES spectrum adopted by Taylor et al.,5.24,1.1055092521207228,RUBIES,EGS,broad-line-agn,robust,individual_robust,taylor24_ceers_rubies_blagn,Table 1 (Sample of BLAGN),The Astrophysical Journal 986:165 (2025); arXiv:2409.06772v2,https://iopscience.iop.org/article/10.3847/1538-4357/add15b,10.3847/1538-4357/add15b,single-epoch-virial-halpha-reines2013,0.0,non_lrd,0.0,formal_mbh_errors_exclude_virial_systematic;nominal_mass_uncorrected_for_dust;duplicate_observation;possible_outflow_contribution;source_preferred_duplicate_measurement,"Nominal Table 1 mass and Halpha flux are uncorrected for dust; formal MBH errors exclude the approximately 0.5 dex virial-calibration systematic. Same physical object as CEERS-2782; Taylor et al. use this higher-S/N RUBIES observation. A possible outflow contribution is discussed, but the source is retained as BLAGN.",10000,20260808,30.0,0.1,1.0,True,split-normal-in-log-mbh,0.03,0.03,0.03,0.03,symmetric_reported,False,taylor_virial_plus_0p5dex,Taylor virial calibration sensitivity: MBH +0.5 dex,taylor_virial_calibration_sensitivity,taylor24_ceers_rubies_blagn_only,0.5,8.030791903092853,8.05027776752761,8.079905156777174,8.109773975765561,8.129103016714698,fedd0p3,0.3,5.410631479894461,5.430117344329218,5.459744733578782,5.489613552567169,5.508942593516306,1.0,0.0
v3-blagn,measurement,RUBIESEGS50052_taylor24,RUBIESEGS50052_taylor24,HZA-CEERS-2782,RUBIES-EGS-50052,1,RUBIESEGS50052_taylor24,True,preferred duplicate: higher-S/N RUBIES spectrum adopted by Taylor et al.,5.24,1.1055092521207228,RUBIES,EGS,broad-line-agn,robust,individual_robust,taylor24_ceers_rubies_blagn,Table 1 (Sample of BLAGN),The Astrophysical Journal 986:165 (2025); arXiv:2409.06772v2,https://iopscience.iop.org/article/10.3847/1538-4357/add15b,10.3847/1538-4357/add15b,single-epoch-virial-halpha-reines2013,0.0,non_lrd,0.0,formal_mbh_errors_exclude_virial_systematic;nominal_mass_uncorrected_for_dust;duplicate_observation;possible_outflow_contribution;source_preferred_duplicate_measurement,"Nominal Table 1 mass and Halpha flux are uncorrected for dust; formal MBH errors exclude the approximately 0.5 dex virial-calibration systematic. Same physical object as CEERS-2782; Taylor et al. use this higher-S/N RUBIES observation. A possible outflow contribution is discussed, but the source is retained as BLAGN.",10000,20260808,30.0,0.1,1.0,True,split-normal-in-log-mbh,0.03,0.03,0.03,0.03,symmetric_reported,False,taylor_virial_plus_0p5dex,Taylor virial calibration sensitivity: MBH +0.5 dex,taylor_virial_calibration_sensitivity,taylor24_ceers_rubies_blagn_only,0.5,8.030791903092853,8.05027776752761,8.079905156777174,8.109773975765561,8.129103016714698,fedd1,1.0,-0.7030761742351239,-0.6835903098003662,-0.6539629205508017,-0.624094101562415,-0.6047650606132784,0.0,0.0
v3-blagn,measurement,RUBIESEGS60935_taylor24,RUBIESEGS60935_taylor24,HZA-RUBIES-EGS-60935,RUBIES-EGS-60935,1,RUBIESEGS60935_taylor24,True,only catalogue measurement in this release,5.287,1.0931717582379288,RUBIES,EGS,broad-line-agn,robust,individual_robust,taylor24_ceers_rubies_blagn,Table 1 (Sample of BLAGN),The Astrophysical Journal 986:165 (2025); arXiv:2409.06772v2,https://iopscience.iop.org/article/10.3847/1538-4357/add15b,10.3847/1538-4357/add15b,single-epoch-virial-halpha-reines2013,1.0,lrd,0.0,formal_mbh_errors_exclude_virial_systematic;nominal_mass_uncorrected_for_dust,Nominal Table 1 mass and Halpha flux are uncorrected for dust; formal MBH errors exclude the approximately 0.5 dex virial-calibration systematic.,10000,20260808,30.0,0.1,1.0,True,split-normal-in-log-mbh,0.04,0.04,0.04,0.04,symmetric_reported,False,baseline,reported MBH,none,all_sources,0.0,7.503729091808501,7.53006743071786,7.569895373766377,7.6097855294878505,7.634493112722298,fedd0p3,0.3,4.915717301692984,4.9420556406023435,4.981883583650861,5.021773739372334,5.046481322606781,0.3264,0.0
v3-blagn,measurement,RUBIESEGS60935_taylor24,RUBIESEGS60935_taylor24,HZA-RUBIES-EGS-60935,RUBIES-EGS-60935,1,RUBIESEGS60935_taylor24,True,only catalogue measurement in this release,5.287,1.0931717582379288,RUBIES,EGS,broad-line-agn,robust,individual_robust,taylor24_ceers_rubies_blagn,Table 1 (Sample of BLAGN),The Astrophysical Journal 986:165 (2025); arXiv:2409.06772v2,https://iopscience.iop.org/article/10.3847/1538-4357/add15b,10.3847/1538-4357/add15b,single-epoch-virial-halpha-reines2013,1.0,lrd,0.0,formal_mbh_errors_exclude_virial_systematic;nominal_mass_uncorrected_for_dust,Nominal Table 1 mass and Halpha flux are uncorrected for dust; formal MBH errors exclude the approximately 0.5 dex virial-calibration systematic.,10000,20260808,30.0,0.1,1.0,True,split-normal-in-log-mbh,0.04,0.04,0.04,0.04,symmetric_reported,False,baseline,reported MBH,none,all_sources,0.0,7.503729091808501,7.53006743071786,7.569895373766377,7.6097855294878505,7.634493112722298,fedd1,1.0,-1.122976875243222,-1.096638536333863,-1.0568105932853462,-1.0169204375638732,-0.9922128543294254,0.0,0.0
v3-blagn,measurement,RUBIESEGS60935_taylor24,RUBIESEGS60935_taylor24,HZA-RUBIES-EGS-60935,RUBIES-EGS-60935,1,RUBIESEGS60935_taylor24,True,only catalogue measurement in this release,5.287,1.0931717582379288,RUBIES,EGS,broad-line-agn,robust,individual_robust,taylor24_ceers_rubies_blagn,Table 1 (Sample of BLAGN),The Astrophysical Journal 986:165 (2025); arXiv:2409.06772v2,https://iopscience.iop.org/article/10.3847/1538-4357/add15b,10.3847/1538-4357/add15b,single-epoch-virial-halpha-reines2013,1.0,lrd,0.0,formal_mbh_errors_exclude_virial_systematic;nominal_mass_uncorrected_for_dust,Nominal Table 1 mass and Halpha flux are uncorrected for dust; formal MBH errors exclude the approximately 0.5 dex virial-calibration systematic.,10000,20260808,30.0,0.1,1.0,True,split-normal-in-log-mbh,0.04,0.04,0.04,0.04,symmetric_reported,False,mbh_minus_0p3dex,MBH -0.3 dex,global_comparison,all_sources,-0.3,7.203729091808501,7.2300674307178605,7.269895373766378,7.309785529487851,7.334493112722298,fedd0p3,0.3,4.615717301692984,4.642055640602344,4.68188358365086,4.721773739372334,4.7464813226067815,0.0,0.0
v3-blagn,measurement,RUBIESEGS60935_taylor24,RUBIESEGS60935_taylor24,HZA-RUBIES-EGS-60935,RUBIES-EGS-60935,1,RUBIESEGS60935_taylor24,True,only catalogue measurement in this release,5.287,1.0931717582379288,RUBIES,EGS,broad-line-agn,robust,individual_robust,taylor24_ceers_rubies_blagn,Table 1 (Sample of BLAGN),The Astrophysical Journal 986:165 (2025); arXiv:2409.06772v2,https://iopscience.iop.org/article/10.3847/1538-4357/add15b,10.3847/1538-4357/add15b,single-epoch-virial-halpha-reines2013,1.0,lrd,0.0,formal_mbh_errors_exclude_virial_systematic;nominal_mass_uncorrected_for_dust,Nominal Table 1 mass and Halpha flux are uncorrected for dust; formal MBH errors exclude the approximately 0.5 dex virial-calibration systematic.,10000,20260808,30.0,0.1,1.0,True,split-normal-in-log-mbh,0.04,0.04,0.04,0.04,symmetric_reported,False,mbh_minus_0p3dex,MBH -0.3 dex,global_comparison,all_sources,-0.3,7.203729091808501,7.2300674307178605,7.269895373766378,7.309785529487851,7.334493112722298,fedd1,1.0,-1.422976875243222,-1.396638536333863,-1.356810593285346,-1.316920437563873,-1.2922128543294251,0.0,0.0
v3-blagn,measurement,RUBIESEGS60935_taylor24,RUBIESEGS60935_taylor24,HZA-RUBIES-EGS-60935,RUBIES-EGS-60935,1,RUBIESEGS60935_taylor24,True,only catalogue measurement in this release,5.287,1.0931717582379288,RUBIES,EGS,broad-line-agn,robust,individual_robust,taylor24_ceers_rubies_blagn,Table 1 (Sample of BLAGN),The Astrophysical Journal 986:165 (2025); arXiv:2409.06772v2,https://iopscience.iop.org/article/10.3847/1538-4357/add15b,10.3847/1538-4357/add15b,single-epoch-virial-halpha-reines2013,1.0,lrd,0.0,formal_mbh_errors_exclude_virial_systematic;nominal_mass_uncorrected_for_dust,Nominal Table 1 mass and Halpha flux are uncorrected for dust; formal MBH errors exclude the approximately 0.5 dex virial-calibration systematic.,10000,20260808,30.0,0.1,1.0,True,split-normal-in-log-mbh,0.04,0.04,0.04,0.04,symmetric_reported,False,mbh_plus_0p3dex,MBH +0.3 dex,global_comparison,all_sources,0.3,7.803729091808501,7.83006743071786,7.8698953737663775,7.90978552948785,7.934493112722298,fedd0p3,0.3,5.215717301692984,5.242055640602343,5.28188358365086,5.3217737393723334,5.346481322606781,1.0,0.0
v3-blagn,measurement,RUBIESEGS60935_taylor24,RUBIESEGS60935_taylor24,HZA-RUBIES-EGS-60935,RUBIES-EGS-60935,1,RUBIESEGS60935_taylor24,True,only catalogue measurement in this release,5.287,1.0931717582379288,RUBIES,EGS,broad-line-agn,robust,individual_robust,taylor24_ceers_rubies_blagn,Table 1 (Sample of BLAGN),The Astrophysical Journal 986:165 (2025); arXiv:2409.06772v2,https://iopscience.iop.org/article/10.3847/1538-4357/add15b,10.3847/1538-4357/add15b,single-epoch-virial-halpha-reines2013,1.0,lrd,0.0,formal_mbh_errors_exclude_virial_systematic;nominal_mass_uncorrected_for_dust,Nominal Table 1 mass and Halpha flux are uncorrected for dust; formal MBH errors exclude the approximately 0.5 dex virial-calibration systematic.,10000,20260808,30.0,0.1,1.0,True,split-normal-in-log-mbh,0.04,0.04,0.04,0.04,symmetric_reported,False,mbh_plus_0p3dex,MBH +0.3 dex,global_comparison,all_sources,0.3,7.803729091808501,7.83006743071786,7.8698953737663775,7.90978552948785,7.934493112722298,fedd1,1.0,-0.8229768752432222,-0.7966385363338633,-0.7568105932853464,-0.7169204375638734,-0.6922128543294256,0.0,0.0
v3-blagn,measurement,RUBIESEGS60935_taylor24,RUBIESEGS60935_taylor24,HZA-RUBIES-EGS-60935,RUBIES-EGS-60935,1,RUBIESEGS60935_taylor24,True,only catalogue measurement in this release,5.287,1.0931717582379288,RUBIES,EGS,broad-line-agn,robust,individual_robust,taylor24_ceers_rubies_blagn,Table 1 (Sample of BLAGN),The Astrophysical Journal 986:165 (2025); arXiv:2409.06772v2,https://iopscience.iop.org/article/10.3847/1538-4357/add15b,10.3847/1538-4357/add15b,single-epoch-virial-halpha-reines2013,1.0,lrd,0.0,formal_mbh_errors_exclude_virial_systematic;nominal_mass_uncorrected_for_dust,Nominal Table 1 mass and Halpha flux are uncorrected for dust; formal MBH errors exclude the approximately 0.5 dex virial-calibration systematic.,10000,20260808,30.0,0.1,1.0,True,split-normal-in-log-mbh,0.04,0.04,0.04,0.04,symmetric_reported,False,taylor_virial_minus_0p5dex,Taylor virial calibration sensitivity: MBH -0.5 dex,taylor_virial_calibration_sensitivity,taylor24_ceers_rubies_blagn_only,-0.5,7.003729091808501,7.03006743071786,7.069895373766377,7.1097855294878505,7.134493112722298,fedd0p3,0.3,4.415717301692984,4.4420556406023435,4.481883583650861,4.521773739372334,4.546481322606781,0.0,0.0
v3-blagn,measurement,RUBIESEGS60935_taylor24,RUBIESEGS60935_taylor24,HZA-RUBIES-EGS-60935,RUBIES-EGS-60935,1,RUBIESEGS60935_taylor24,True,only catalogue measurement in this release,5.287,1.0931717582379288,RUBIES,EGS,broad-line-agn,robust,individual_robust,taylor24_ceers_rubies_blagn,Table 1 (Sample of BLAGN),The Astrophysical Journal 986:165 (2025); arXiv:2409.06772v2,https://iopscience.iop.org/article/10.3847/1538-4357/add15b,10.3847/1538-4357/add15b,single-epoch-virial-halpha-reines2013,1.0,lrd,0.0,formal_mbh_errors_exclude_virial_systematic;nominal_mass_uncorrected_for_dust,Nominal Table 1 mass and Halpha flux are uncorrected for dust; formal MBH errors exclude the approximately 0.5 dex virial-calibration systematic.,10000,20260808,30.0,0.1,1.0,True,split-normal-in-log-mbh,0.04,0.04,0.04,0.04,symmetric_reported,False,taylor_virial_minus_0p5dex,Taylor virial calibration sensitivity: MBH -0.5 dex,taylor_virial_calibration_sensitivity,taylor24_ceers_rubies_blagn_only,-0.5,7.003729091808501,7.03006743071786,7.069895373766377,7.1097855294878505,7.134493112722298,fedd1,1.0,-1.622976875243222,-1.596638536333863,-1.5568105932853462,-1.5169204375638732,-1.4922128543294253,0.0,0.0
v3-blagn,measurement,RUBIESEGS60935_taylor24,RUBIESEGS60935_taylor24,HZA-RUBIES-EGS-60935,RUBIES-EGS-60935,1,RUBIESEGS60935_taylor24,True,only catalogue measurement in this release,5.287,1.0931717582379288,RUBIES,EGS,broad-line-agn,robust,individual_robust,taylor24_ceers_rubies_blagn,Table 1 (Sample of BLAGN),The Astrophysical Journal 986:165 (2025); arXiv:2409.06772v2,https://iopscience.iop.org/article/10.3847/1538-4357/add15b,10.3847/1538-4357/add15b,single-epoch-virial-halpha-reines2013,1.0,lrd,0.0,formal_mbh_errors_exclude_virial_systematic;nominal_mass_uncorrected_for_dust,Nominal Table 1 mass and Halpha flux are uncorrected for dust; formal MBH errors exclude the approximately 0.5 dex virial-calibration systematic.,10000,20260808,30.0,0.1,1.0,True,split-normal-in-log-mbh,0.04,0.04,0.04,0.04,symmetric_reported,False,taylor_virial_plus_0p5dex,Taylor virial calibration sensitivity: MBH +0.5 dex,taylor_virial_calibration_sensitivity,taylor24_ceers_rubies_blagn_only,0.5,8.0037290918085,8.03006743071786,8.069895373766377,8.10978552948785,8.134493112722298,fedd0p3,0.3,5.415717301692983,5.4420556406023435,5.48188358365086,5.521773739372334,5.546481322606781,1.0,0.0
v3-blagn,measurement,RUBIESEGS60935_taylor24,RUBIESEGS60935_taylor24,HZA-RUBIES-EGS-60935,RUBIES-EGS-60935,1,RUBIESEGS60935_taylor24,True,only catalogue measurement in this release,5.287,1.0931717582379288,RUBIES,EGS,broad-line-agn,robust,individual_robust,taylor24_ceers_rubies_blagn,Table 1 (Sample of BLAGN),The Astrophysical Journal 986:165 (2025); arXiv:2409.06772v2,https://iopscience.iop.org/article/10.3847/1538-4357/add15b,10.3847/1538-4357/add15b,single-epoch-virial-halpha-reines2013,1.0,lrd,0.0,formal_mbh_errors_exclude_virial_systematic;nominal_mass_uncorrected_for_dust,Nominal Table 1 mass and Halpha flux are uncorrected for dust; formal MBH errors exclude the approximately 0.5 dex virial-calibration systematic.,10000,20260808,30.0,0.1,1.0,True,split-normal-in-log-mbh,0.04,0.04,0.04,0.04,symmetric_reported,False,taylor_virial_plus_0p5dex,Taylor virial calibration sensitivity: MBH +0.5 dex,taylor_virial_calibration_sensitivity,taylor24_ceers_rubies_blagn_only,0.5,8.0037290918085,8.03006743071786,8.069895373766377,8.10978552948785,8.134493112722298,fedd1,1.0,-0.6229768752432229,-0.5966385363338631,-0.5568105932853467,-0.5169204375638732,-0.4922128543294254,0.0,0.0
v3-blagn,measurement,RUBIESEGS6411_taylor24,RUBIESEGS6411_taylor24,HZA-RUBIES-EGS-6411,RUBIES-EGS-6411,1,RUBIESEGS6411_taylor24,True,only catalogue measurement in this release,4.88,1.2082248338162374,RUBIES,EGS,broad-line-agn,robust,individual_robust,taylor24_ceers_rubies_blagn,Table 1 (Sample of BLAGN),The Astrophysical Journal 986:165 (2025); arXiv:2409.06772v2,https://iopscience.iop.org/article/10.3847/1538-4357/add15b,10.3847/1538-4357/add15b,single-epoch-virial-halpha-reines2013,0.0,non_lrd,0.0,formal_mbh_errors_exclude_virial_systematic;nominal_mass_uncorrected_for_dust,Nominal Table 1 mass and Halpha flux are uncorrected for dust; formal MBH errors exclude the approximately 0.5 dex virial-calibration systematic.,10000,20260808,30.0,0.1,1.0,True,split-normal-in-log-mbh,0.16,0.16,0.16,0.16,symmetric_reported,False,baseline,reported MBH,none,all_sources,0.0,6.22184054263297,6.326417626109772,6.488608447149731,6.646959765842657,6.750241905832785,fedd0p3,0.3,3.3340272574195096,3.4386043408963114,3.6007951619362704,3.7591464806291963,3.862428620619324,0.0,0.0
v3-blagn,measurement,RUBIESEGS6411_taylor24,RUBIESEGS6411_taylor24,HZA-RUBIES-EGS-6411,RUBIES-EGS-6411,1,RUBIESEGS6411_taylor24,True,only catalogue measurement in this release,4.88,1.2082248338162374,RUBIES,EGS,broad-line-agn,robust,individual_robust,taylor24_ceers_rubies_blagn,Table 1 (Sample of BLAGN),The Astrophysical Journal 986:165 (2025); arXiv:2409.06772v2,https://iopscience.iop.org/article/10.3847/1538-4357/add15b,10.3847/1538-4357/add15b,single-epoch-virial-halpha-reines2013,0.0,non_lrd,0.0,formal_mbh_errors_exclude_virial_systematic;nominal_mass_uncorrected_for_dust,Nominal Table 1 mass and Halpha flux are uncorrected for dust; formal MBH errors exclude the approximately 0.5 dex virial-calibration systematic.,10000,20260808,30.0,0.1,1.0,True,split-normal-in-log-mbh,0.16,0.16,0.16,0.16,symmetric_reported,False,baseline,reported MBH,none,all_sources,0.0,6.22184054263297,6.326417626109772,6.488608447149731,6.646959765842657,6.750241905832785,fedd1,1.0,-3.4042037414118997,-3.299626657935098,-3.137435836895139,-2.979084518202213,-2.8758023782120854,0.0,0.0
v3-blagn,measurement,RUBIESEGS6411_taylor24,RUBIESEGS6411_taylor24,HZA-RUBIES-EGS-6411,RUBIES-EGS-6411,1,RUBIESEGS6411_taylor24,True,only catalogue measurement in this release,4.88,1.2082248338162374,RUBIES,EGS,broad-line-agn,robust,individual_robust,taylor24_ceers_rubies_blagn,Table 1 (Sample of BLAGN),The Astrophysical Journal 986:165 (2025); arXiv:2409.06772v2,https://iopscience.iop.org/article/10.3847/1538-4357/add15b,10.3847/1538-4357/add15b,single-epoch-virial-halpha-reines2013,0.0,non_lrd,0.0,formal_mbh_errors_exclude_virial_systematic;nominal_mass_uncorrected_for_dust,Nominal Table 1 mass and Halpha flux are uncorrected for dust; formal MBH errors exclude the approximately 0.5 dex virial-calibration systematic.,10000,20260808,30.0,0.1,1.0,True,split-normal-in-log-mbh,0.16,0.16,0.16,0.16,symmetric_reported,False,mbh_minus_0p3dex,MBH -0.3 dex,global_comparison,all_sources,-0.3,5.92184054263297,6.026417626109772,6.188608447149731,6.346959765842657,6.450241905832785,fedd0p3,0.3,3.0340272574195097,3.1386043408963116,3.3007951619362705,3.4591464806291965,3.562428620619324,0.0,0.0
v3-blagn,measurement,RUBIESEGS6411_taylor24,RUBIESEGS6411_taylor24,HZA-RUBIES-EGS-6411,RUBIES-EGS-6411,1,RUBIESEGS6411_taylor24,True,only catalogue measurement in this release,4.88,1.2082248338162374,RUBIES,EGS,broad-line-agn,robust,individual_robust,taylor24_ceers_rubies_blagn,Table 1 (Sample of BLAGN),The Astrophysical Journal 986:165 (2025); arXiv:2409.06772v2,https://iopscience.iop.org/article/10.3847/1538-4357/add15b,10.3847/1538-4357/add15b,single-epoch-virial-halpha-reines2013,0.0,non_lrd,0.0,formal_mbh_errors_exclude_virial_systematic;nominal_mass_uncorrected_for_dust,Nominal Table 1 mass and Halpha flux are uncorrected for dust; formal MBH errors exclude the approximately 0.5 dex virial-calibration systematic.,10000,20260808,30.0,0.1,1.0,True,split-normal-in-log-mbh,0.16,0.16,0.16,0.16,symmetric_reported,False,mbh_minus_0p3dex,MBH -0.3 dex,global_comparison,all_sources,-0.3,5.92184054263297,6.026417626109772,6.188608447149731,6.346959765842657,6.450241905832785,fedd1,1.0,-3.7042037414118996,-3.5996266579350977,-3.4374358368951388,-3.279084518202213,-3.175802378212085,0.0,0.0
v3-blagn,measurement,RUBIESEGS6411_taylor24,RUBIESEGS6411_taylor24,HZA-RUBIES-EGS-6411,RUBIES-EGS-6411,1,RUBIESEGS6411_taylor24,True,only catalogue measurement in this release,4.88,1.2082248338162374,RUBIES,EGS,broad-line-agn,robust,individual_robust,taylor24_ceers_rubies_blagn,Table 1 (Sample of BLAGN),The Astrophysical Journal 986:165 (2025); arXiv:2409.06772v2,https://iopscience.iop.org/article/10.3847/1538-4357/add15b,10.3847/1538-4357/add15b,single-epoch-virial-halpha-reines2013,0.0,non_lrd,0.0,formal_mbh_errors_exclude_virial_systematic;nominal_mass_uncorrected_for_dust,Nominal Table 1 mass and Halpha flux are uncorrected for dust; formal MBH errors exclude the approximately 0.5 dex virial-calibration systematic.,10000,20260808,30.0,0.1,1.0,True,split-normal-in-log-mbh,0.16,0.16,0.16,0.16,symmetric_reported,False,mbh_plus_0p3dex,MBH +0.3 dex,global_comparison,all_sources,0.3,6.52184054263297,6.626417626109772,6.7886084471497306,6.9469597658426565,7.0502419058327845,fedd0p3,0.3,3.6340272574195094,3.738604340896311,3.90079516193627,4.059146480629196,4.162428620619324,0.0,0.0
v3-blagn,measurement,RUBIESEGS6411_taylor24,RUBIESEGS6411_taylor24,HZA-RUBIES-EGS-6411,RUBIES-EGS-6411,1,RUBIESEGS6411_taylor24,True,only catalogue measurement in this release,4.88,1.2082248338162374,RUBIES,EGS,broad-line-agn,robust,individual_robust,taylor24_ceers_rubies_blagn,Table 1 (Sample of BLAGN),The Astrophysical Journal 986:165 (2025); arXiv:2409.06772v2,https://iopscience.iop.org/article/10.3847/1538-4357/add15b,10.3847/1538-4357/add15b,single-epoch-virial-halpha-reines2013,0.0,non_lrd,0.0,formal_mbh_errors_exclude_virial_systematic;nominal_mass_uncorrected_for_dust,Nominal Table 1 mass and Halpha flux are uncorrected for dust; formal MBH errors exclude the approximately 0.5 dex virial-calibration systematic.,10000,20260808,30.0,0.1,1.0,True,split-normal-in-log-mbh,0.16,0.16,0.16,0.16,symmetric_reported,False,mbh_plus_0p3dex,MBH +0.3 dex,global_comparison,all_sources,0.3,6.52184054263297,6.626417626109772,6.7886084471497306,6.9469597658426565,7.0502419058327845,fedd1,1.0,-3.1042037414119,-2.999626657935098,-2.837435836895139,-2.679084518202213,-2.5758023782120856,0.0,0.0
v3-blagn,measurement,RUBIESEGS6411_taylor24,RUBIESEGS6411_taylor24,HZA-RUBIES-EGS-6411,RUBIES-EGS-6411,1,RUBIESEGS6411_taylor24,True,only catalogue measurement in this release,4.88,1.2082248338162374,RUBIES,EGS,broad-line-agn,robust,individual_robust,taylor24_ceers_rubies_blagn,Table 1 (Sample of BLAGN),The Astrophysical Journal 986:165 (2025); arXiv:2409.06772v2,https://iopscience.iop.org/article/10.3847/1538-4357/add15b,10.3847/1538-4357/add15b,single-epoch-virial-halpha-reines2013,0.0,non_lrd,0.0,formal_mbh_errors_exclude_virial_systematic;nominal_mass_uncorrected_for_dust,Nominal Table 1 mass and Halpha flux are uncorrected for dust; formal MBH errors exclude the approximately 0.5 dex virial-calibration systematic.,10000,20260808,30.0,0.1,1.0,True,split-normal-in-log-mbh,0.16,0.16,0.16,0.16,symmetric_reported,False,taylor_virial_minus_0p5dex,Taylor virial calibration sensitivity: MBH -0.5 dex,taylor_virial_calibration_sensitivity,taylor24_ceers_rubies_blagn_only,-0.5,5.72184054263297,5.826417626109772,5.988608447149731,6.146959765842657,6.250241905832785,fedd0p3,0.3,2.8340272574195096,2.9386043408963114,3.1007951619362704,3.2591464806291963,3.362428620619324,0.0,0.0
v3-blagn,measurement,RUBIESEGS6411_taylor24,RUBIESEGS6411_taylor24,HZA-RUBIES-EGS-6411,RUBIES-EGS-6411,1,RUBIESEGS6411_taylor24,True,only catalogue measurement in this release,4.88,1.2082248338162374,RUBIES,EGS,broad-line-agn,robust,individual_robust,taylor24_ceers_rubies_blagn,Table 1 (Sample of BLAGN),The Astrophysical Journal 986:165 (2025); arXiv:2409.06772v2,https://iopscience.iop.org/article/10.3847/1538-4357/add15b,10.3847/1538-4357/add15b,single-epoch-virial-halpha-reines2013,0.0,non_lrd,0.0,formal_mbh_errors_exclude_virial_systematic;nominal_mass_uncorrected_for_dust,Nominal Table 1 mass and Halpha flux are uncorrected for dust; formal MBH errors exclude the approximately 0.5 dex virial-calibration systematic.,10000,20260808,30.0,0.1,1.0,True,split-normal-in-log-mbh,0.16,0.16,0.16,0.16,symmetric_reported,False,taylor_virial_minus_0p5dex,Taylor virial calibration sensitivity: MBH -0.5 dex,taylor_virial_calibration_sensitivity,taylor24_ceers_rubies_blagn_only,-0.5,5.72184054263297,5.826417626109772,5.988608447149731,6.146959765842657,6.250241905832785,fedd1,1.0,-3.9042037414118997,-3.799626657935098,-3.637435836895139,-3.479084518202213,-3.3758023782120854,0.0,0.0
v3-blagn,measurement,RUBIESEGS6411_taylor24,RUBIESEGS6411_taylor24,HZA-RUBIES-EGS-6411,RUBIES-EGS-6411,1,RUBIESEGS6411_taylor24,True,only catalogue measurement in this release,4.88,1.2082248338162374,RUBIES,EGS,broad-line-agn,robust,individual_robust,taylor24_ceers_rubies_blagn,Table 1 (Sample of BLAGN),The Astrophysical Journal 986:165 (2025); arXiv:2409.06772v2,https://iopscience.iop.org/article/10.3847/1538-4357/add15b,10.3847/1538-4357/add15b,single-epoch-virial-halpha-reines2013,0.0,non_lrd,0.0,formal_mbh_errors_exclude_virial_systematic;nominal_mass_uncorrected_for_dust,Nominal Table 1 mass and Halpha flux are uncorrected for dust; formal MBH errors exclude the approximately 0.5 dex virial-calibration systematic.,10000,20260808,30.0,0.1,1.0,True,split-normal-in-log-mbh,0.16,0.16,0.16,0.16,symmetric_reported,False,taylor_virial_plus_0p5dex,Taylor virial calibration sensitivity: MBH +0.5 dex,taylor_virial_calibration_sensitivity,taylor24_ceers_rubies_blagn_only,0.5,6.72184054263297,6.826417626109772,6.988608447149731,7.146959765842657,7.250241905832785,fedd0p3,0.3,3.8340272574195096,3.9386043408963114,4.10079516193627,4.259146480629196,4.362428620619324,0.0,0.0
v3-blagn,measurement,RUBIESEGS6411_taylor24,RUBIESEGS6411_taylor24,HZA-RUBIES-EGS-6411,RUBIES-EGS-6411,1,RUBIESEGS6411_taylor24,True,only catalogue measurement in this release,4.88,1.2082248338162374,RUBIES,EGS,broad-line-agn,robust,individual_robust,taylor24_ceers_rubies_blagn,Table 1 (Sample of BLAGN),The Astrophysical Journal 986:165 (2025); arXiv:2409.06772v2,https://iopscience.iop.org/article/10.3847/1538-4357/add15b,10.3847/1538-4357/add15b,single-epoch-virial-halpha-reines2013,0.0,non_lrd,0.0,formal_mbh_errors_exclude_virial_systematic;nominal_mass_uncorrected_for_dust,Nominal Table 1 mass and Halpha flux are uncorrected for dust; formal MBH errors exclude the approximately 0.5 dex virial-calibration systematic.,10000,20260808,30.0,0.1,1.0,True,split-normal-in-log-mbh,0.16,0.16,0.16,0.16,symmetric_reported,False,taylor_virial_plus_0p5dex,Taylor virial calibration sensitivity: MBH +0.5 dex,taylor_virial_calibration_sensitivity,taylor24_ceers_rubies_blagn_only,0.5,6.72184054263297,6.826417626109772,6.988608447149731,7.146959765842657,7.250241905832785,fedd1,1.0,-2.9042037414118997,-2.799626657935098,-2.637435836895139,-2.479084518202213,-2.3758023782120854,0.0,0.0
v3-blagn,measurement,RUBIESEGS926125_taylor24,RUBIESEGS926125_taylor24,HZA-RUBIES-EGS-926125,RUBIES-EGS-926125,1,RUBIESEGS926125_taylor24,True,only catalogue measurement in this release,5.284,1.093952405152135,RUBIES,EGS,broad-line-agn,robust,individual_robust,taylor24_ceers_rubies_blagn,Table 1 (Sample of BLAGN),The Astrophysical Journal 986:165 (2025); arXiv:2409.06772v2,https://iopscience.iop.org/article/10.3847/1538-4357/add15b,10.3847/1538-4357/add15b,single-epoch-virial-halpha-reines2013,1.0,lrd,0.0,formal_mbh_errors_exclude_virial_systematic;nominal_mass_uncorrected_for_dust,Nominal Table 1 mass and Halpha flux are uncorrected for dust; formal MBH errors exclude the approximately 0.5 dex virial-calibration systematic.,10000,20260808,30.0,0.1,1.0,True,split-normal-in-log-mbh,0.05,0.05,0.05,0.05,symmetric_reported,False,baseline,reported MBH,none,all_sources,0.0,7.2788576690101,7.311430851653807,7.360651149963283,7.41001510523718,7.442222667383057,fedd0p3,0.3,4.688811695011656,4.721384877655362,4.770605175964839,4.819969131238736,4.852176693384613,0.0,0.0
v3-blagn,measurement,RUBIESEGS926125_taylor24,RUBIESEGS926125_taylor24,HZA-RUBIES-EGS-926125,RUBIES-EGS-926125,1,RUBIESEGS926125_taylor24,True,only catalogue measurement in this release,5.284,1.093952405152135,RUBIES,EGS,broad-line-agn,robust,individual_robust,taylor24_ceers_rubies_blagn,Table 1 (Sample of BLAGN),The Astrophysical Journal 986:165 (2025); arXiv:2409.06772v2,https://iopscience.iop.org/article/10.3847/1538-4357/add15b,10.3847/1538-4357/add15b,single-epoch-virial-halpha-reines2013,1.0,lrd,0.0,formal_mbh_errors_exclude_virial_systematic;nominal_mass_uncorrected_for_dust,Nominal Table 1 mass and Halpha flux are uncorrected for dust; formal MBH errors exclude the approximately 0.5 dex virial-calibration systematic.,10000,20260808,30.0,0.1,1.0,True,split-normal-in-log-mbh,0.05,0.05,0.05,0.05,symmetric_reported,False,baseline,reported MBH,none,all_sources,0.0,7.2788576690101,7.311430851653807,7.360651149963283,7.41001510523718,7.442222667383057,fedd1,1.0,-1.3546289109847163,-1.3220557283410095,-1.2728354300315328,-1.2234714747576358,-1.191263912611759,0.0,0.0
v3-blagn,measurement,RUBIESEGS926125_taylor24,RUBIESEGS926125_taylor24,HZA-RUBIES-EGS-926125,RUBIES-EGS-926125,1,RUBIESEGS926125_taylor24,True,only catalogue measurement in this release,5.284,1.093952405152135,RUBIES,EGS,broad-line-agn,robust,individual_robust,taylor24_ceers_rubies_blagn,Table 1 (Sample of BLAGN),The Astrophysical Journal 986:165 (2025); arXiv:2409.06772v2,https://iopscience.iop.org/article/10.3847/1538-4357/add15b,10.3847/1538-4357/add15b,single-epoch-virial-halpha-reines2013,1.0,lrd,0.0,formal_mbh_errors_exclude_virial_systematic;nominal_mass_uncorrected_for_dust,Nominal Table 1 mass and Halpha flux are uncorrected for dust; formal MBH errors exclude the approximately 0.5 dex virial-calibration systematic.,10000,20260808,30.0,0.1,1.0,True,split-normal-in-log-mbh,0.05,0.05,0.05,0.05,symmetric_reported,False,mbh_minus_0p3dex,MBH -0.3 dex,global_comparison,all_sources,-0.3,6.9788576690101,7.011430851653807,7.060651149963284,7.1100151052371805,7.1422226673830576,fedd0p3,0.3,4.388811695011656,4.421384877655362,4.470605175964839,4.519969131238736,4.552176693384613,0.0,0.0
v3-blagn,measurement,RUBIESEGS926125_taylor24,RUBIESEGS926125_taylor24,HZA-RUBIES-EGS-926125,RUBIES-EGS-926125,1,RUBIESEGS926125_taylor24,True,only catalogue measurement in this release,5.284,1.093952405152135,RUBIES,EGS,broad-line-agn,robust,individual_robust,taylor24_ceers_rubies_blagn,Table 1 (Sample of BLAGN),The Astrophysical Journal 986:165 (2025); arXiv:2409.06772v2,https://iopscience.iop.org/article/10.3847/1538-4357/add15b,10.3847/1538-4357/add15b,single-epoch-virial-halpha-reines2013,1.0,lrd,0.0,formal_mbh_errors_exclude_virial_systematic;nominal_mass_uncorrected_for_dust,Nominal Table 1 mass and Halpha flux are uncorrected for dust; formal MBH errors exclude the approximately 0.5 dex virial-calibration systematic.,10000,20260808,30.0,0.1,1.0,True,split-normal-in-log-mbh,0.05,0.05,0.05,0.05,symmetric_reported,False,mbh_minus_0p3dex,MBH -0.3 dex,global_comparison,all_sources,-0.3,6.9788576690101,7.011430851653807,7.060651149963284,7.1100151052371805,7.1422226673830576,fedd1,1.0,-1.654628910984716,-1.6220557283410093,-1.5728354300315326,-1.5234714747576357,-1.4912639126117588,0.0,0.0
v3-blagn,measurement,RUBIESEGS926125_taylor24,RUBIESEGS926125_taylor24,HZA-RUBIES-EGS-926125,RUBIES-EGS-926125,1,RUBIESEGS926125_taylor24,True,only catalogue measurement in this release,5.284,1.093952405152135,RUBIES,EGS,broad-line-agn,robust,individual_robust,taylor24_ceers_rubies_blagn,Table 1 (Sample of BLAGN),The Astrophysical Journal 986:165 (2025); arXiv:2409.06772v2,https://iopscience.iop.org/article/10.3847/1538-4357/add15b,10.3847/1538-4357/add15b,single-epoch-virial-halpha-reines2013,1.0,lrd,0.0,formal_mbh_errors_exclude_virial_systematic;nominal_mass_uncorrected_for_dust,Nominal Table 1 mass and Halpha flux are uncorrected for dust; formal MBH errors exclude the approximately 0.5 dex virial-calibration systematic.,10000,20260808,30.0,0.1,1.0,True,split-normal-in-log-mbh,0.05,0.05,0.05,0.05,symmetric_reported,False,mbh_plus_0p3dex,MBH +0.3 dex,global_comparison,all_sources,0.3,7.5788576690101,7.6114308516538065,7.660651149963283,7.71001510523718,7.742222667383057,fedd0p3,0.3,4.9888116950116554,5.021384877655362,5.070605175964839,5.119969131238736,5.152176693384613,0.9228,0.0
v3-blagn,measurement,RUBIESEGS926125_taylor24,RUBIESEGS926125_taylor24,HZA-RUBIES-EGS-926125,RUBIES-EGS-926125,1,RUBIESEGS926125_taylor24,True,only catalogue measurement in this release,5.284,1.093952405152135,RUBIES,EGS,broad-line-agn,robust,individual_robust,taylor24_ceers_rubies_blagn,Table 1 (Sample of BLAGN),The Astrophysical Journal 986:165 (2025); arXiv:2409.06772v2,https://iopscience.iop.org/article/10.3847/1538-4357/add15b,10.3847/1538-4357/add15b,single-epoch-virial-halpha-reines2013,1.0,lrd,0.0,formal_mbh_errors_exclude_virial_systematic;nominal_mass_uncorrected_for_dust,Nominal Table 1 mass and Halpha flux are uncorrected for dust; formal MBH errors exclude the approximately 0.5 dex virial-calibration systematic.,10000,20260808,30.0,0.1,1.0,True,split-normal-in-log-mbh,0.05,0.05,0.05,0.05,symmetric_reported,False,mbh_plus_0p3dex,MBH +0.3 dex,global_comparison,all_sources,0.3,7.5788576690101,7.6114308516538065,7.660651149963283,7.71001510523718,7.742222667383057,fedd1,1.0,-1.0546289109847165,-1.0220557283410097,-0.9728354300315329,-0.9234714747576359,-0.8912639126117591,0.0,0.0
v3-blagn,measurement,RUBIESEGS926125_taylor24,RUBIESEGS926125_taylor24,HZA-RUBIES-EGS-926125,RUBIES-EGS-926125,1,RUBIESEGS926125_taylor24,True,only catalogue measurement in this release,5.284,1.093952405152135,RUBIES,EGS,broad-line-agn,robust,individual_robust,taylor24_ceers_rubies_blagn,Table 1 (Sample of BLAGN),The Astrophysical Journal 986:165 (2025); arXiv:2409.06772v2,https://iopscience.iop.org/article/10.3847/1538-4357/add15b,10.3847/1538-4357/add15b,single-epoch-virial-halpha-reines2013,1.0,lrd,0.0,formal_mbh_errors_exclude_virial_systematic;nominal_mass_uncorrected_for_dust,Nominal Table 1 mass and Halpha flux are uncorrected for dust; formal MBH errors exclude the approximately 0.5 dex virial-calibration systematic.,10000,20260808,30.0,0.1,1.0,True,split-normal-in-log-mbh,0.05,0.05,0.05,0.05,symmetric_reported,False,taylor_virial_minus_0p5dex,Taylor virial calibration sensitivity: MBH -0.5 dex,taylor_virial_calibration_sensitivity,taylor24_ceers_rubies_blagn_only,-0.5,6.7788576690101,6.811430851653807,6.860651149963283,6.91001510523718,6.942222667383057,fedd0p3,0.3,4.188811695011656,4.221384877655362,4.270605175964839,4.319969131238736,4.352176693384613,0.0,0.0
v3-blagn,measurement,RUBIESEGS926125_taylor24,RUBIESEGS926125_taylor24,HZA-RUBIES-EGS-926125,RUBIES-EGS-926125,1,RUBIESEGS926125_taylor24,True,only catalogue measurement in this release,5.284,1.093952405152135,RUBIES,EGS,broad-line-agn,robust,individual_robust,taylor24_ceers_rubies_blagn,Table 1 (Sample of BLAGN),The Astrophysical Journal 986:165 (2025); arXiv:2409.06772v2,https://iopscience.iop.org/article/10.3847/1538-4357/add15b,10.3847/1538-4357/add15b,single-epoch-virial-halpha-reines2013,1.0,lrd,0.0,formal_mbh_errors_exclude_virial_systematic;nominal_mass_uncorrected_for_dust,Nominal Table 1 mass and Halpha flux are uncorrected for dust; formal MBH errors exclude the approximately 0.5 dex virial-calibration systematic.,10000,20260808,30.0,0.1,1.0,True,split-normal-in-log-mbh,0.05,0.05,0.05,0.05,symmetric_reported,False,taylor_virial_minus_0p5dex,Taylor virial calibration sensitivity: MBH -0.5 dex,taylor_virial_calibration_sensitivity,taylor24_ceers_rubies_blagn_only,-0.5,6.7788576690101,6.811430851653807,6.860651149963283,6.91001510523718,6.942222667383057,fedd1,1.0,-1.8546289109847163,-1.8220557283410095,-1.7728354300315328,-1.7234714747576358,-1.691263912611759,0.0,0.0
v3-blagn,measurement,RUBIESEGS926125_taylor24,RUBIESEGS926125_taylor24,HZA-RUBIES-EGS-926125,RUBIES-EGS-926125,1,RUBIESEGS926125_taylor24,True,only catalogue measurement in this release,5.284,1.093952405152135,RUBIES,EGS,broad-line-agn,robust,individual_robust,taylor24_ceers_rubies_blagn,Table 1 (Sample of BLAGN),The Astrophysical Journal 986:165 (2025); arXiv:2409.06772v2,https://iopscience.iop.org/article/10.3847/1538-4357/add15b,10.3847/1538-4357/add15b,single-epoch-virial-halpha-reines2013,1.0,lrd,0.0,formal_mbh_errors_exclude_virial_systematic;nominal_mass_uncorrected_for_dust,Nominal Table 1 mass and Halpha flux are uncorrected for dust; formal MBH errors exclude the approximately 0.5 dex virial-calibration systematic.,10000,20260808,30.0,0.1,1.0,True,split-normal-in-log-mbh,0.05,0.05,0.05,0.05,symmetric_reported,False,taylor_virial_plus_0p5dex,Taylor virial calibration sensitivity: MBH +0.5 dex,taylor_virial_calibration_sensitivity,taylor24_ceers_rubies_blagn_only,0.5,7.7788576690101,7.811430851653807,7.860651149963283,7.91001510523718,7.942222667383057,fedd0p3,0.3,5.188811695011656,5.221384877655362,5.270605175964839,5.319969131238736,5.352176693384613,1.0,0.0
v3-blagn,measurement,RUBIESEGS926125_taylor24,RUBIESEGS926125_taylor24,HZA-RUBIES-EGS-926125,RUBIES-EGS-926125,1,RUBIESEGS926125_taylor24,True,only catalogue measurement in this release,5.284,1.093952405152135,RUBIES,EGS,broad-line-agn,robust,individual_robust,taylor24_ceers_rubies_blagn,Table 1 (Sample of BLAGN),The Astrophysical Journal 986:165 (2025); arXiv:2409.06772v2,https://iopscience.iop.org/article/10.3847/1538-4357/add15b,10.3847/1538-4357/add15b,single-epoch-virial-halpha-reines2013,1.0,lrd,0.0,formal_mbh_errors_exclude_virial_systematic;nominal_mass_uncorrected_for_dust,Nominal Table 1 mass and Halpha flux are uncorrected for dust; formal MBH errors exclude the approximately 0.5 dex virial-calibration systematic.,10000,20260808,30.0,0.1,1.0,True,split-normal-in-log-mbh,0.05,0.05,0.05,0.05,symmetric_reported,False,taylor_virial_plus_0p5dex,Taylor virial calibration sensitivity: MBH +0.5 dex,taylor_virial_calibration_sensitivity,taylor24_ceers_rubies_blagn_only,0.5,7.7788576690101,7.811430851653807,7.860651149963283,7.91001510523718,7.942222667383057,fedd1,1.0,-0.8546289109847163,-0.8220557283410095,-0.7728354300315328,-0.7234714747576357,-0.6912639126117589,0.0,0.0
v3-blagn,measurement,RUBIESUDS119957_taylor24,RUBIESUDS119957_taylor24,HZA-RUBIES-UDS-119957,RUBIES-UDS-119957,1,RUBIESUDS119957_taylor24,True,only catalogue measurement in this release,4.149,1.4731747837496332,RUBIES,UDS,broad-line-agn,robust,individual_robust,taylor24_ceers_rubies_blagn,Table 1 (Sample of BLAGN),The Astrophysical Journal 986:165 (2025); arXiv:2409.06772v2,https://iopscience.iop.org/article/10.3847/1538-4357/add15b,10.3847/1538-4357/add15b,single-epoch-virial-halpha-reines2013,1.0,lrd,0.0,formal_mbh_errors_exclude_virial_systematic;nominal_mass_uncorrected_for_dust,Nominal Table 1 mass and Halpha flux are uncorrected for dust; formal MBH errors exclude the approximately 0.5 dex virial-calibration systematic.,10000,20260808,30.0,0.1,1.0,True,split-normal-in-log-mbh,0.06,0.05,0.06,0.05,asymmetric,False,baseline,reported MBH,none,all_sources,0.0,7.1069069767272195,7.1394333816410365,7.1897148377932325,7.249161354234722,7.288966910757017,fedd0p3,0.3,3.5286958840940588,3.5612222890078766,3.6115037451600718,3.6709502616015617,3.710755818123857,0.0,0.0
v3-blagn,measurement,RUBIESUDS119957_taylor24,RUBIESUDS119957_taylor24,HZA-RUBIES-UDS-119957,RUBIES-UDS-119957,1,RUBIESUDS119957_taylor24,True,only catalogue measurement in this release,4.149,1.4731747837496332,RUBIES,UDS,broad-line-agn,robust,individual_robust,taylor24_ceers_rubies_blagn,Table 1 (Sample of BLAGN),The Astrophysical Journal 986:165 (2025); arXiv:2409.06772v2,https://iopscience.iop.org/article/10.3847/1538-4357/add15b,10.3847/1538-4357/add15b,single-epoch-virial-halpha-reines2013,1.0,lrd,0.0,formal_mbh_errors_exclude_virial_systematic;nominal_mass_uncorrected_for_dust,Nominal Table 1 mass and Halpha flux are uncorrected for dust; formal MBH errors exclude the approximately 0.5 dex virial-calibration systematic.,10000,20260808,30.0,0.1,1.0,True,split-normal-in-log-mbh,0.06,0.05,0.06,0.05,asymmetric,False,baseline,reported MBH,none,all_sources,0.0,7.1069069767272195,7.1394333816410365,7.1897148377932325,7.249161354234722,7.288966910757017,fedd1,1.0,-4.8204633320499815,-4.7879369271361645,-4.737655470983968,-4.6782089545424785,-4.638403398020184,0.0,0.0
v3-blagn,measurement,RUBIESUDS119957_taylor24,RUBIESUDS119957_taylor24,HZA-RUBIES-UDS-119957,RUBIES-UDS-119957,1,RUBIESUDS119957_taylor24,True,only catalogue measurement in this release,4.149,1.4731747837496332,RUBIES,UDS,broad-line-agn,robust,individual_robust,taylor24_ceers_rubies_blagn,Table 1 (Sample of BLAGN),The Astrophysical Journal 986:165 (2025); arXiv:2409.06772v2,https://iopscience.iop.org/article/10.3847/1538-4357/add15b,10.3847/1538-4357/add15b,single-epoch-virial-halpha-reines2013,1.0,lrd,0.0,formal_mbh_errors_exclude_virial_systematic;nominal_mass_uncorrected_for_dust,Nominal Table 1 mass and Halpha flux are uncorrected for dust; formal MBH errors exclude the approximately 0.5 dex virial-calibration systematic.,10000,20260808,30.0,0.1,1.0,True,split-normal-in-log-mbh,0.06,0.05,0.06,0.05,asymmetric,False,mbh_minus_0p3dex,MBH -0.3 dex,global_comparison,all_sources,-0.3,6.80690697672722,6.839433381641037,6.889714837793232,6.949161354234723,6.988966910757017,fedd0p3,0.3,3.228695884094059,3.261222289007877,3.311503745160072,3.370950261601562,3.410755818123857,0.0,0.0
v3-blagn,measurement,RUBIESUDS119957_taylor24,RUBIESUDS119957_taylor24,HZA-RUBIES-UDS-119957,RUBIES-UDS-119957,1,RUBIESUDS119957_taylor24,True,only catalogue measurement in this release,4.149,1.4731747837496332,RUBIES,UDS,broad-line-agn,robust,individual_robust,taylor24_ceers_rubies_blagn,Table 1 (Sample of BLAGN),The Astrophysical Journal 986:165 (2025); arXiv:2409.06772v2,https://iopscience.iop.org/article/10.3847/1538-4357/add15b,10.3847/1538-4357/add15b,single-epoch-virial-halpha-reines2013,1.0,lrd,0.0,formal_mbh_errors_exclude_virial_systematic;nominal_mass_uncorrected_for_dust,Nominal Table 1 mass and Halpha flux are uncorrected for dust; formal MBH errors exclude the approximately 0.5 dex virial-calibration systematic.,10000,20260808,30.0,0.1,1.0,True,split-normal-in-log-mbh,0.06,0.05,0.06,0.05,asymmetric,False,mbh_minus_0p3dex,MBH -0.3 dex,global_comparison,all_sources,-0.3,6.80690697672722,6.839433381641037,6.889714837793232,6.949161354234723,6.988966910757017,fedd1,1.0,-5.120463332049981,-5.087936927136164,-5.037655470983969,-4.978208954542478,-4.938403398020184,0.0,0.0
v3-blagn,measurement,RUBIESUDS119957_taylor24,RUBIESUDS119957_taylor24,HZA-RUBIES-UDS-119957,RUBIES-UDS-119957,1,RUBIESUDS119957_taylor24,True,only catalogue measurement in this release,4.149,1.4731747837496332,RUBIES,UDS,broad-line-agn,robust,individual_robust,taylor24_ceers_rubies_blagn,Table 1 (Sample of BLAGN),The Astrophysical Journal 986:165 (2025); arXiv:2409.06772v2,https://iopscience.iop.org/article/10.3847/1538-4357/add15b,10.3847/1538-4357/add15b,single-epoch-virial-halpha-reines2013,1.0,lrd,0.0,formal_mbh_errors_exclude_virial_systematic;nominal_mass_uncorrected_for_dust,Nominal Table 1 mass and Halpha flux are uncorrected for dust; formal MBH errors exclude the approximately 0.5 dex virial-calibration systematic.,10000,20260808,30.0,0.1,1.0,True,split-normal-in-log-mbh,0.06,0.05,0.06,0.05,asymmetric,False,mbh_plus_0p3dex,MBH +0.3 dex,global_comparison,all_sources,0.3,7.406906976727219,7.439433381641036,7.489714837793231,7.549161354234722,7.588966910757017,fedd0p3,0.3,3.8286958840940586,3.8612222890078765,3.9115037451600716,3.9709502616015615,4.010755818123856,0.0,0.0
v3-blagn,measurement,RUBIESUDS119957_taylor24,RUBIESUDS119957_taylor24,HZA-RUBIES-UDS-119957,RUBIES-UDS-119957,1,RUBIESUDS119957_taylor24,True,only catalogue measurement in this release,4.149,1.4731747837496332,RUBIES,UDS,broad-line-agn,robust,individual_robust,taylor24_ceers_rubies_blagn,Table 1 (Sample of BLAGN),The Astrophysical Journal 986:165 (2025); arXiv:2409.06772v2,https://iopscience.iop.org/article/10.3847/1538-4357/add15b,10.3847/1538-4357/add15b,single-epoch-virial-halpha-reines2013,1.0,lrd,0.0,formal_mbh_errors_exclude_virial_systematic;nominal_mass_uncorrected_for_dust,Nominal Table 1 mass and Halpha flux are uncorrected for dust; formal MBH errors exclude the approximately 0.5 dex virial-calibration systematic.,10000,20260808,30.0,0.1,1.0,True,split-normal-in-log-mbh,0.06,0.05,0.06,0.05,asymmetric,False,mbh_plus_0p3dex,MBH +0.3 dex,global_comparison,all_sources,0.3,7.406906976727219,7.439433381641036,7.489714837793231,7.549161354234722,7.588966910757017,fedd1,1.0,-4.520463332049982,-4.487936927136165,-4.4376554709839695,-4.378208954542479,-4.338403398020184,0.0,0.0
v3-blagn,measurement,RUBIESUDS119957_taylor24,RUBIESUDS119957_taylor24,HZA-RUBIES-UDS-119957,RUBIES-UDS-119957,1,RUBIESUDS119957_taylor24,True,only catalogue measurement in this release,4.149,1.4731747837496332,RUBIES,UDS,broad-line-agn,robust,individual_robust,taylor24_ceers_rubies_blagn,Table 1 (Sample of BLAGN),The Astrophysical Journal 986:165 (2025); arXiv:2409.06772v2,https://iopscience.iop.org/article/10.3847/1538-4357/add15b,10.3847/1538-4357/add15b,single-epoch-virial-halpha-reines2013,1.0,lrd,0.0,formal_mbh_errors_exclude_virial_systematic;nominal_mass_uncorrected_for_dust,Nominal Table 1 mass and Halpha flux are uncorrected for dust; formal MBH errors exclude the approximately 0.5 dex virial-calibration systematic.,10000,20260808,30.0,0.1,1.0,True,split-normal-in-log-mbh,0.06,0.05,0.06,0.05,asymmetric,False,taylor_virial_minus_0p5dex,Taylor virial calibration sensitivity: MBH -0.5 dex,taylor_virial_calibration_sensitivity,taylor24_ceers_rubies_blagn_only,-0.5,6.6069069767272195,6.6394333816410365,6.6897148377932325,6.749161354234722,6.788966910757017,fedd0p3,0.3,3.0286958840940588,3.0612222890078766,3.1115037451600718,3.1709502616015617,3.210755818123857,0.0,0.0
v3-blagn,measurement,RUBIESUDS119957_taylor24,RUBIESUDS119957_taylor24,HZA-RUBIES-UDS-119957,RUBIES-UDS-119957,1,RUBIESUDS119957_taylor24,True,only catalogue measurement in this release,4.149,1.4731747837496332,RUBIES,UDS,broad-line-agn,robust,individual_robust,taylor24_ceers_rubies_blagn,Table 1 (Sample of BLAGN),The Astrophysical Journal 986:165 (2025); arXiv:2409.06772v2,https://iopscience.iop.org/article/10.3847/1538-4357/add15b,10.3847/1538-4357/add15b,single-epoch-virial-halpha-reines2013,1.0,lrd,0.0,formal_mbh_errors_exclude_virial_systematic;nominal_mass_uncorrected_for_dust,Nominal Table 1 mass and Halpha flux are uncorrected for dust; formal MBH errors exclude the approximately 0.5 dex virial-calibration systematic.,10000,20260808,30.0,0.1,1.0,True,split-normal-in-log-mbh,0.06,0.05,0.06,0.05,asymmetric,False,taylor_virial_minus_0p5dex,Taylor virial calibration sensitivity: MBH -0.5 dex,taylor_virial_calibration_sensitivity,taylor24_ceers_rubies_blagn_only,-0.5,6.6069069767272195,6.6394333816410365,6.6897148377932325,6.749161354234722,6.788966910757017,fedd1,1.0,-5.3204633320499815,-5.2879369271361645,-5.237655470983968,-5.1782089545424785,-5.138403398020184,0.0,0.0
v3-blagn,measurement,RUBIESUDS119957_taylor24,RUBIESUDS119957_taylor24,HZA-RUBIES-UDS-119957,RUBIES-UDS-119957,1,RUBIESUDS119957_taylor24,True,only catalogue measurement in this release,4.149,1.4731747837496332,RUBIES,UDS,broad-line-agn,robust,individual_robust,taylor24_ceers_rubies_blagn,Table 1 (Sample of BLAGN),The Astrophysical Journal 986:165 (2025); arXiv:2409.06772v2,https://iopscience.iop.org/article/10.3847/1538-4357/add15b,10.3847/1538-4357/add15b,single-epoch-virial-halpha-reines2013,1.0,lrd,0.0,formal_mbh_errors_exclude_virial_systematic;nominal_mass_uncorrected_for_dust,Nominal Table 1 mass and Halpha flux are uncorrected for dust; formal MBH errors exclude the approximately 0.5 dex virial-calibration systematic.,10000,20260808,30.0,0.1,1.0,True,split-normal-in-log-mbh,0.06,0.05,0.06,0.05,asymmetric,False,taylor_virial_plus_0p5dex,Taylor virial calibration sensitivity: MBH +0.5 dex,taylor_virial_calibration_sensitivity,taylor24_ceers_rubies_blagn_only,0.5,7.6069069767272195,7.6394333816410365,7.6897148377932325,7.749161354234722,7.788966910757017,fedd0p3,0.3,4.028695884094059,4.061222289007876,4.111503745160071,4.170950261601562,4.2107558181238565,0.0,0.0
v3-blagn,measurement,RUBIESUDS119957_taylor24,RUBIESUDS119957_taylor24,HZA-RUBIES-UDS-119957,RUBIES-UDS-119957,1,RUBIESUDS119957_taylor24,True,only catalogue measurement in this release,4.149,1.4731747837496332,RUBIES,UDS,broad-line-agn,robust,individual_robust,taylor24_ceers_rubies_blagn,Table 1 (Sample of BLAGN),The Astrophysical Journal 986:165 (2025); arXiv:2409.06772v2,https://iopscience.iop.org/article/10.3847/1538-4357/add15b,10.3847/1538-4357/add15b,single-epoch-virial-halpha-reines2013,1.0,lrd,0.0,formal_mbh_errors_exclude_virial_systematic;nominal_mass_uncorrected_for_dust,Nominal Table 1 mass and Halpha flux are uncorrected for dust; formal MBH errors exclude the approximately 0.5 dex virial-calibration systematic.,10000,20260808,30.0,0.1,1.0,True,split-normal-in-log-mbh,0.06,0.05,0.06,0.05,asymmetric,False,taylor_virial_plus_0p5dex,Taylor virial calibration sensitivity: MBH +0.5 dex,taylor_virial_calibration_sensitivity,taylor24_ceers_rubies_blagn_only,0.5,7.6069069767272195,7.6394333816410365,7.6897148377932325,7.749161354234722,7.788966910757017,fedd1,1.0,-4.3204633320499815,-4.2879369271361645,-4.237655470983968,-4.1782089545424785,-4.138403398020184,0.0,0.0
v3-blagn,measurement,RUBIESUDS139709_taylor24,RUBIESUDS139709_taylor24,HZA-RUBIES-UDS-139709,RUBIES-UDS-139709,1,RUBIESUDS139709_taylor24,True,only catalogue measurement in this release,5.685,0.9972576687755248,RUBIES,UDS,broad-line-agn,robust,individual_robust,taylor24_ceers_rubies_blagn,Table 1 (Sample of BLAGN),The Astrophysical Journal 986:165 (2025); arXiv:2409.06772v2,https://iopscience.iop.org/article/10.3847/1538-4357/add15b,10.3847/1538-4357/add15b,single-epoch-virial-halpha-reines2013,1.0,lrd,0.0,formal_mbh_errors_exclude_virial_systematic;nominal_mass_uncorrected_for_dust,Nominal Table 1 mass and Halpha flux are uncorrected for dust; formal MBH errors exclude the approximately 0.5 dex virial-calibration systematic.,10000,20260808,30.0,0.1,1.0,True,split-normal-in-log-mbh,0.07,0.07,0.07,0.07,symmetric_reported,False,baseline,reported MBH,none,all_sources,0.0,7.766805786334892,7.809309987934692,7.877985711922628,7.947788370773734,7.994743477768469,fedd0p3,0.3,5.4287237549611564,5.4712279565609565,5.539903680548893,5.609706339399998,5.656661446394733,1.0,0.0
v3-blagn,measurement,RUBIESUDS139709_taylor24,RUBIESUDS139709_taylor24,HZA-RUBIES-UDS-139709,RUBIES-UDS-139709,1,RUBIESUDS139709_taylor24,True,only catalogue measurement in this release,5.685,0.9972576687755248,RUBIES,UDS,broad-line-agn,robust,individual_robust,taylor24_ceers_rubies_blagn,Table 1 (Sample of BLAGN),The Astrophysical Journal 986:165 (2025); arXiv:2409.06772v2,https://iopscience.iop.org/article/10.3847/1538-4357/add15b,10.3847/1538-4357/add15b,single-epoch-virial-halpha-reines2013,1.0,lrd,0.0,formal_mbh_errors_exclude_virial_systematic;nominal_mass_uncorrected_for_dust,Nominal Table 1 mass and Halpha flux are uncorrected for dust; formal MBH errors exclude the approximately 0.5 dex virial-calibration systematic.,10000,20260808,30.0,0.1,1.0,True,split-normal-in-log-mbh,0.07,0.07,0.07,0.07,symmetric_reported,False,baseline,reported MBH,none,all_sources,0.0,7.766805786334892,7.809309987934692,7.877985711922628,7.947788370773734,7.994743477768469,fedd1,1.0,-0.026800984910894103,0.015703216688905782,0.0843789406768427,0.15418159952794724,0.2011367065226832,0.0,0.0
v3-blagn,measurement,RUBIESUDS139709_taylor24,RUBIESUDS139709_taylor24,HZA-RUBIES-UDS-139709,RUBIES-UDS-139709,1,RUBIESUDS139709_taylor24,True,only catalogue measurement in this release,5.685,0.9972576687755248,RUBIES,UDS,broad-line-agn,robust,individual_robust,taylor24_ceers_rubies_blagn,Table 1 (Sample of BLAGN),The Astrophysical Journal 986:165 (2025); arXiv:2409.06772v2,https://iopscience.iop.org/article/10.3847/1538-4357/add15b,10.3847/1538-4357/add15b,single-epoch-virial-halpha-reines2013,1.0,lrd,0.0,formal_mbh_errors_exclude_virial_systematic;nominal_mass_uncorrected_for_dust,Nominal Table 1 mass and Halpha flux are uncorrected for dust; formal MBH errors exclude the approximately 0.5 dex virial-calibration systematic.,10000,20260808,30.0,0.1,1.0,True,split-normal-in-log-mbh,0.07,0.07,0.07,0.07,symmetric_reported,False,mbh_minus_0p3dex,MBH -0.3 dex,global_comparison,all_sources,-0.3,7.466805786334892,7.509309987934692,7.577985711922629,7.647788370773734,7.694743477768469,fedd0p3,0.3,5.128723754961157,5.171227956560957,5.239903680548894,5.309706339399998,5.3566614463947335,0.9996,0.0
v3-blagn,measurement,RUBIESUDS139709_taylor24,RUBIESUDS139709_taylor24,HZA-RUBIES-UDS-139709,RUBIES-UDS-139709,1,RUBIESUDS139709_taylor24,True,only catalogue measurement in this release,5.685,0.9972576687755248,RUBIES,UDS,broad-line-agn,robust,individual_robust,taylor24_ceers_rubies_blagn,Table 1 (Sample of BLAGN),The Astrophysical Journal 986:165 (2025); arXiv:2409.06772v2,https://iopscience.iop.org/article/10.3847/1538-4357/add15b,10.3847/1538-4357/add15b,single-epoch-virial-halpha-reines2013,1.0,lrd,0.0,formal_mbh_errors_exclude_virial_systematic;nominal_mass_uncorrected_for_dust,Nominal Table 1 mass and Halpha flux are uncorrected for dust; formal MBH errors exclude the approximately 0.5 dex virial-calibration systematic.,10000,20260808,30.0,0.1,1.0,True,split-normal-in-log-mbh,0.07,0.07,0.07,0.07,symmetric_reported,False,mbh_minus_0p3dex,MBH -0.3 dex,global_comparison,all_sources,-0.3,7.466805786334892,7.509309987934692,7.577985711922629,7.647788370773734,7.694743477768469,fedd1,1.0,-0.32680098491089393,-0.28429678331109404,-0.21562105932315712,-0.14581840047205258,-0.09886329347731662,0.0,0.0
v3-blagn,measurement,RUBIESUDS139709_taylor24,RUBIESUDS139709_taylor24,HZA-RUBIES-UDS-139709,RUBIES-UDS-139709,1,RUBIESUDS139709_taylor24,True,only catalogue measurement in this release,5.685,0.9972576687755248,RUBIES,UDS,broad-line-agn,robust,individual_robust,taylor24_ceers_rubies_blagn,Table 1 (Sample of BLAGN),The Astrophysical Journal 986:165 (2025); arXiv:2409.06772v2,https://iopscience.iop.org/article/10.3847/1538-4357/add15b,10.3847/1538-4357/add15b,single-epoch-virial-halpha-reines2013,1.0,lrd,0.0,formal_mbh_errors_exclude_virial_systematic;nominal_mass_uncorrected_for_dust,Nominal Table 1 mass and Halpha flux are uncorrected for dust; formal MBH errors exclude the approximately 0.5 dex virial-calibration systematic.,10000,20260808,30.0,0.1,1.0,True,split-normal-in-log-mbh,0.07,0.07,0.07,0.07,symmetric_reported,False,mbh_plus_0p3dex,MBH +0.3 dex,global_comparison,all_sources,0.3,8.066805786334893,8.109309987934692,8.177985711922629,8.247788370773733,8.29474347776847,fedd0p3,0.3,5.728723754961157,5.771227956560956,5.839903680548893,5.909706339399998,5.956661446394734,1.0,0.0116
v3-blagn,measurement,RUBIESUDS139709_taylor24,RUBIESUDS139709_taylor24,HZA-RUBIES-UDS-139709,RUBIES-UDS-139709,1,RUBIESUDS139709_taylor24,True,only catalogue measurement in this release,5.685,0.9972576687755248,RUBIES,UDS,broad-line-agn,robust,individual_robust,taylor24_ceers_rubies_blagn,Table 1 (Sample of BLAGN),The Astrophysical Journal 986:165 (2025); arXiv:2409.06772v2,https://iopscience.iop.org/article/10.3847/1538-4357/add15b,10.3847/1538-4357/add15b,single-epoch-virial-halpha-reines2013,1.0,lrd,0.0,formal_mbh_errors_exclude_virial_systematic;nominal_mass_uncorrected_for_dust,Nominal Table 1 mass and Halpha flux are uncorrected for dust; formal MBH errors exclude the approximately 0.5 dex virial-calibration systematic.,10000,20260808,30.0,0.1,1.0,True,split-normal-in-log-mbh,0.07,0.07,0.07,0.07,symmetric_reported,False,mbh_plus_0p3dex,MBH +0.3 dex,global_comparison,all_sources,0.3,8.066805786334893,8.109309987934692,8.177985711922629,8.247788370773733,8.29474347776847,fedd1,1.0,0.27319901508910654,0.31570321668890633,0.384378940676843,0.4541815995279478,0.5011367065226839,0.0,0.0
v3-blagn,measurement,RUBIESUDS139709_taylor24,RUBIESUDS139709_taylor24,HZA-RUBIES-UDS-139709,RUBIES-UDS-139709,1,RUBIESUDS139709_taylor24,True,only catalogue measurement in this release,5.685,0.9972576687755248,RUBIES,UDS,broad-line-agn,robust,individual_robust,taylor24_ceers_rubies_blagn,Table 1 (Sample of BLAGN),The Astrophysical Journal 986:165 (2025); arXiv:2409.06772v2,https://iopscience.iop.org/article/10.3847/1538-4357/add15b,10.3847/1538-4357/add15b,single-epoch-virial-halpha-reines2013,1.0,lrd,0.0,formal_mbh_errors_exclude_virial_systematic;nominal_mass_uncorrected_for_dust,Nominal Table 1 mass and Halpha flux are uncorrected for dust; formal MBH errors exclude the approximately 0.5 dex virial-calibration systematic.,10000,20260808,30.0,0.1,1.0,True,split-normal-in-log-mbh,0.07,0.07,0.07,0.07,symmetric_reported,False,taylor_virial_minus_0p5dex,Taylor virial calibration sensitivity: MBH -0.5 dex,taylor_virial_calibration_sensitivity,taylor24_ceers_rubies_blagn_only,-0.5,7.266805786334892,7.309309987934692,7.377985711922628,7.447788370773734,7.494743477768469,fedd0p3,0.3,4.9287237549611564,4.9712279565609565,5.039903680548893,5.109706339399998,5.156661446394733,0.7171,0.0
v3-blagn,measurement,RUBIESUDS139709_taylor24,RUBIESUDS139709_taylor24,HZA-RUBIES-UDS-139709,RUBIES-UDS-139709,1,RUBIESUDS139709_taylor24,True,only catalogue measurement in this release,5.685,0.9972576687755248,RUBIES,UDS,broad-line-agn,robust,individual_robust,taylor24_ceers_rubies_blagn,Table 1 (Sample of BLAGN),The Astrophysical Journal 986:165 (2025); arXiv:2409.06772v2,https://iopscience.iop.org/article/10.3847/1538-4357/add15b,10.3847/1538-4357/add15b,single-epoch-virial-halpha-reines2013,1.0,lrd,0.0,formal_mbh_errors_exclude_virial_systematic;nominal_mass_uncorrected_for_dust,Nominal Table 1 mass and Halpha flux are uncorrected for dust; formal MBH errors exclude the approximately 0.5 dex virial-calibration systematic.,10000,20260808,30.0,0.1,1.0,True,split-normal-in-log-mbh,0.07,0.07,0.07,0.07,symmetric_reported,False,taylor_virial_minus_0p5dex,Taylor virial calibration sensitivity: MBH -0.5 dex,taylor_virial_calibration_sensitivity,taylor24_ceers_rubies_blagn_only,-0.5,7.266805786334892,7.309309987934692,7.377985711922628,7.447788370773734,7.494743477768469,fedd1,1.0,-0.5268009849108941,-0.4842967833110942,-0.4156210593231573,-0.34581840047205276,-0.29886329347731677,0.0,0.0
v3-blagn,measurement,RUBIESUDS139709_taylor24,RUBIESUDS139709_taylor24,HZA-RUBIES-UDS-139709,RUBIES-UDS-139709,1,RUBIESUDS139709_taylor24,True,only catalogue measurement in this release,5.685,0.9972576687755248,RUBIES,UDS,broad-line-agn,robust,individual_robust,taylor24_ceers_rubies_blagn,Table 1 (Sample of BLAGN),The Astrophysical Journal 986:165 (2025); arXiv:2409.06772v2,https://iopscience.iop.org/article/10.3847/1538-4357/add15b,10.3847/1538-4357/add15b,single-epoch-virial-halpha-reines2013,1.0,lrd,0.0,formal_mbh_errors_exclude_virial_systematic;nominal_mass_uncorrected_for_dust,Nominal Table 1 mass and Halpha flux are uncorrected for dust; formal MBH errors exclude the approximately 0.5 dex virial-calibration systematic.,10000,20260808,30.0,0.1,1.0,True,split-normal-in-log-mbh,0.07,0.07,0.07,0.07,symmetric_reported,False,taylor_virial_plus_0p5dex,Taylor virial calibration sensitivity: MBH +0.5 dex,taylor_virial_calibration_sensitivity,taylor24_ceers_rubies_blagn_only,0.5,8.266805786334892,8.309309987934691,8.37798571192263,8.447788370773733,8.49474347776847,fedd0p3,0.3,5.9287237549611564,5.971227956560956,6.0399036805488935,6.109706339399998,6.156661446394733,1.0,0.7171
v3-blagn,measurement,RUBIESUDS139709_taylor24,RUBIESUDS139709_taylor24,HZA-RUBIES-UDS-139709,RUBIES-UDS-139709,1,RUBIESUDS139709_taylor24,True,only catalogue measurement in this release,5.685,0.9972576687755248,RUBIES,UDS,broad-line-agn,robust,individual_robust,taylor24_ceers_rubies_blagn,Table 1 (Sample of BLAGN),The Astrophysical Journal 986:165 (2025); arXiv:2409.06772v2,https://iopscience.iop.org/article/10.3847/1538-4357/add15b,10.3847/1538-4357/add15b,single-epoch-virial-halpha-reines2013,1.0,lrd,0.0,formal_mbh_errors_exclude_virial_systematic;nominal_mass_uncorrected_for_dust,Nominal Table 1 mass and Halpha flux are uncorrected for dust; formal MBH errors exclude the approximately 0.5 dex virial-calibration systematic.,10000,20260808,30.0,0.1,1.0,True,split-normal-in-log-mbh,0.07,0.07,0.07,0.07,symmetric_reported,False,taylor_virial_plus_0p5dex,Taylor virial calibration sensitivity: MBH +0.5 dex,taylor_virial_calibration_sensitivity,taylor24_ceers_rubies_blagn_only,0.5,8.266805786334892,8.309309987934691,8.37798571192263,8.447788370773733,8.49474347776847,fedd1,1.0,0.47319901508910583,0.5157032166889056,0.5843789406768432,0.6541815995279474,0.7011367065226832,0.0,0.0
v3-blagn,measurement,RUBIESUDS143683_taylor24,RUBIESUDS143683_taylor24,HZA-RUBIES-UDS-143683,RUBIES-UDS-143683,1,RUBIESUDS143683_taylor24,True,only catalogue measurement in this release,4.226,1.4409010539259417,RUBIES,UDS,broad-line-agn,robust,individual_robust,taylor24_ceers_rubies_blagn,Table 1 (Sample of BLAGN),The Astrophysical Journal 986:165 (2025); arXiv:2409.06772v2,https://iopscience.iop.org/article/10.3847/1538-4357/add15b,10.3847/1538-4357/add15b,single-epoch-virial-halpha-reines2013,0.0,non_lrd,0.0,formal_mbh_errors_exclude_virial_systematic;nominal_mass_uncorrected_for_dust,Nominal Table 1 mass and Halpha flux are uncorrected for dust; formal MBH errors exclude the approximately 0.5 dex virial-calibration systematic.,10000,20260808,30.0,0.1,1.0,True,split-normal-in-log-mbh,0.16,0.19,0.16,0.19,asymmetric,False,baseline,reported MBH,none,all_sources,0.0,6.504215456382934,6.6241128841705095,6.811298160482249,6.969629248758439,7.072480750180326,fedd0p3,0.3,3.0101021803869683,3.129999608174544,3.317184884486283,3.4755159727624734,3.5783674741843607,0.0,0.0
v3-blagn,measurement,RUBIESUDS143683_taylor24,RUBIESUDS143683_taylor24,HZA-RUBIES-UDS-143683,RUBIES-UDS-143683,1,RUBIESUDS143683_taylor24,True,only catalogue measurement in this release,4.226,1.4409010539259417,RUBIES,UDS,broad-line-agn,robust,individual_robust,taylor24_ceers_rubies_blagn,Table 1 (Sample of BLAGN),The Astrophysical Journal 986:165 (2025); arXiv:2409.06772v2,https://iopscience.iop.org/article/10.3847/1538-4357/add15b,10.3847/1538-4357/add15b,single-epoch-virial-halpha-reines2013,0.0,non_lrd,0.0,formal_mbh_errors_exclude_virial_systematic;nominal_mass_uncorrected_for_dust,Nominal Table 1 mass and Halpha flux are uncorrected for dust; formal MBH errors exclude the approximately 0.5 dex virial-calibration systematic.,10000,20260808,30.0,0.1,1.0,True,split-normal-in-log-mbh,0.16,0.19,0.16,0.19,asymmetric,False,baseline,reported MBH,none,all_sources,0.0,6.504215456382934,6.6241128841705095,6.811298160482249,6.969629248758439,7.072480750180326,fedd1,1.0,-5.142828796936954,-5.022931369149379,-4.83574609283764,-4.67741500456145,-4.574563503139562,0.0,0.0
v3-blagn,measurement,RUBIESUDS143683_taylor24,RUBIESUDS143683_taylor24,HZA-RUBIES-UDS-143683,RUBIES-UDS-143683,1,RUBIESUDS143683_taylor24,True,only catalogue measurement in this release,4.226,1.4409010539259417,RUBIES,UDS,broad-line-agn,robust,individual_robust,taylor24_ceers_rubies_blagn,Table 1 (Sample of BLAGN),The Astrophysical Journal 986:165 (2025); arXiv:2409.06772v2,https://iopscience.iop.org/article/10.3847/1538-4357/add15b,10.3847/1538-4357/add15b,single-epoch-virial-halpha-reines2013,0.0,non_lrd,0.0,formal_mbh_errors_exclude_virial_systematic;nominal_mass_uncorrected_for_dust,Nominal Table 1 mass and Halpha flux are uncorrected for dust; formal MBH errors exclude the approximately 0.5 dex virial-calibration systematic.,10000,20260808,30.0,0.1,1.0,True,split-normal-in-log-mbh,0.16,0.19,0.16,0.19,asymmetric,False,mbh_minus_0p3dex,MBH -0.3 dex,global_comparison,all_sources,-0.3,6.204215456382935,6.32411288417051,6.51129816048225,6.669629248758439,6.772480750180327,fedd0p3,0.3,2.7101021803869685,2.829999608174544,3.017184884486283,3.1755159727624735,3.278367474184361,0.0,0.0
v3-blagn,measurement,RUBIESUDS143683_taylor24,RUBIESUDS143683_taylor24,HZA-RUBIES-UDS-143683,RUBIES-UDS-143683,1,RUBIESUDS143683_taylor24,True,only catalogue measurement in this release,4.226,1.4409010539259417,RUBIES,UDS,broad-line-agn,robust,individual_robust,taylor24_ceers_rubies_blagn,Table 1 (Sample of BLAGN),The Astrophysical Journal 986:165 (2025); arXiv:2409.06772v2,https://iopscience.iop.org/article/10.3847/1538-4357/add15b,10.3847/1538-4357/add15b,single-epoch-virial-halpha-reines2013,0.0,non_lrd,0.0,formal_mbh_errors_exclude_virial_systematic;nominal_mass_uncorrected_for_dust,Nominal Table 1 mass and Halpha flux are uncorrected for dust; formal MBH errors exclude the approximately 0.5 dex virial-calibration systematic.,10000,20260808,30.0,0.1,1.0,True,split-normal-in-log-mbh,0.16,0.19,0.16,0.19,asymmetric,False,mbh_minus_0p3dex,MBH -0.3 dex,global_comparison,all_sources,-0.3,6.204215456382935,6.32411288417051,6.51129816048225,6.669629248758439,6.772480750180327,fedd1,1.0,-5.442828796936954,-5.322931369149379,-5.135746092837639,-4.97741500456145,-4.874563503139562,0.0,0.0
v3-blagn,measurement,RUBIESUDS143683_taylor24,RUBIESUDS143683_taylor24,HZA-RUBIES-UDS-143683,RUBIES-UDS-143683,1,RUBIESUDS143683_taylor24,True,only catalogue measurement in this release,4.226,1.4409010539259417,RUBIES,UDS,broad-line-agn,robust,individual_robust,taylor24_ceers_rubies_blagn,Table 1 (Sample of BLAGN),The Astrophysical Journal 986:165 (2025); arXiv:2409.06772v2,https://iopscience.iop.org/article/10.3847/1538-4357/add15b,10.3847/1538-4357/add15b,single-epoch-virial-halpha-reines2013,0.0,non_lrd,0.0,formal_mbh_errors_exclude_virial_systematic;nominal_mass_uncorrected_for_dust,Nominal Table 1 mass and Halpha flux are uncorrected for dust; formal MBH errors exclude the approximately 0.5 dex virial-calibration systematic.,10000,20260808,30.0,0.1,1.0,True,split-normal-in-log-mbh,0.16,0.19,0.16,0.19,asymmetric,False,mbh_plus_0p3dex,MBH +0.3 dex,global_comparison,all_sources,0.3,6.804215456382934,6.924112884170509,7.111298160482249,7.269629248758439,7.372480750180326,fedd0p3,0.3,3.310102180386968,3.4299996081745436,3.617184884486283,3.775515972762473,3.8783674741843606,0.0,0.0
v3-blagn,measurement,RUBIESUDS143683_taylor24,RUBIESUDS143683_taylor24,HZA-RUBIES-UDS-143683,RUBIES-UDS-143683,1,RUBIESUDS143683_taylor24,True,only catalogue measurement in this release,4.226,1.4409010539259417,RUBIES,UDS,broad-line-agn,robust,individual_robust,taylor24_ceers_rubies_blagn,Table 1 (Sample of BLAGN),The Astrophysical Journal 986:165 (2025); arXiv:2409.06772v2,https://iopscience.iop.org/article/10.3847/1538-4357/add15b,10.3847/1538-4357/add15b,single-epoch-virial-halpha-reines2013,0.0,non_lrd,0.0,formal_mbh_errors_exclude_virial_systematic;nominal_mass_uncorrected_for_dust,Nominal Table 1 mass and Halpha flux are uncorrected for dust; formal MBH errors exclude the approximately 0.5 dex virial-calibration systematic.,10000,20260808,30.0,0.1,1.0,True,split-normal-in-log-mbh,0.16,0.19,0.16,0.19,asymmetric,False,mbh_plus_0p3dex,MBH +0.3 dex,global_comparison,all_sources,0.3,6.804215456382934,6.924112884170509,7.111298160482249,7.269629248758439,7.372480750180326,fedd1,1.0,-4.842828796936955,-4.7229313691493795,-4.535746092837639,-4.37741500456145,-4.274563503139563,0.0,0.0
v3-blagn,measurement,RUBIESUDS143683_taylor24,RUBIESUDS143683_taylor24,HZA-RUBIES-UDS-143683,RUBIES-UDS-143683,1,RUBIESUDS143683_taylor24,True,only catalogue measurement in this release,4.226,1.4409010539259417,RUBIES,UDS,broad-line-agn,robust,individual_robust,taylor24_ceers_rubies_blagn,Table 1 (Sample of BLAGN),The Astrophysical Journal 986:165 (2025); arXiv:2409.06772v2,https://iopscience.iop.org/article/10.3847/1538-4357/add15b,10.3847/1538-4357/add15b,single-epoch-virial-halpha-reines2013,0.0,non_lrd,0.0,formal_mbh_errors_exclude_virial_systematic;nominal_mass_uncorrected_for_dust,Nominal Table 1 mass and Halpha flux are uncorrected for dust; formal MBH errors exclude the approximately 0.5 dex virial-calibration systematic.,10000,20260808,30.0,0.1,1.0,True,split-normal-in-log-mbh,0.16,0.19,0.16,0.19,asymmetric,False,taylor_virial_minus_0p5dex,Taylor virial calibration sensitivity: MBH -0.5 dex,taylor_virial_calibration_sensitivity,taylor24_ceers_rubies_blagn_only,-0.5,6.004215456382934,6.1241128841705095,6.311298160482249,6.469629248758439,6.572480750180326,fedd0p3,0.3,2.5101021803869683,2.629999608174544,2.817184884486283,2.9755159727624734,3.0783674741843607,0.0,0.0
v3-blagn,measurement,RUBIESUDS143683_taylor24,RUBIESUDS143683_taylor24,HZA-RUBIES-UDS-143683,RUBIES-UDS-143683,1,RUBIESUDS143683_taylor24,True,only catalogue measurement in this release,4.226,1.4409010539259417,RUBIES,UDS,broad-line-agn,robust,individual_robust,taylor24_ceers_rubies_blagn,Table 1 (Sample of BLAGN),The Astrophysical Journal 986:165 (2025); arXiv:2409.06772v2,https://iopscience.iop.org/article/10.3847/1538-4357/add15b,10.3847/1538-4357/add15b,single-epoch-virial-halpha-reines2013,0.0,non_lrd,0.0,formal_mbh_errors_exclude_virial_systematic;nominal_mass_uncorrected_for_dust,Nominal Table 1 mass and Halpha flux are uncorrected for dust; formal MBH errors exclude the approximately 0.5 dex virial-calibration systematic.,10000,20260808,30.0,0.1,1.0,True,split-normal-in-log-mbh,0.16,0.19,0.16,0.19,asymmetric,False,taylor_virial_minus_0p5dex,Taylor virial calibration sensitivity: MBH -0.5 dex,taylor_virial_calibration_sensitivity,taylor24_ceers_rubies_blagn_only,-0.5,6.004215456382934,6.1241128841705095,6.311298160482249,6.469629248758439,6.572480750180326,fedd1,1.0,-5.642828796936954,-5.522931369149379,-5.33574609283764,-5.17741500456145,-5.074563503139562,0.0,0.0
v3-blagn,measurement,RUBIESUDS143683_taylor24,RUBIESUDS143683_taylor24,HZA-RUBIES-UDS-143683,RUBIES-UDS-143683,1,RUBIESUDS143683_taylor24,True,only catalogue measurement in this release,4.226,1.4409010539259417,RUBIES,UDS,broad-line-agn,robust,individual_robust,taylor24_ceers_rubies_blagn,Table 1 (Sample of BLAGN),The Astrophysical Journal 986:165 (2025); arXiv:2409.06772v2,https://iopscience.iop.org/article/10.3847/1538-4357/add15b,10.3847/1538-4357/add15b,single-epoch-virial-halpha-reines2013,0.0,non_lrd,0.0,formal_mbh_errors_exclude_virial_systematic;nominal_mass_uncorrected_for_dust,Nominal Table 1 mass and Halpha flux are uncorrected for dust; formal MBH errors exclude the approximately 0.5 dex virial-calibration systematic.,10000,20260808,30.0,0.1,1.0,True,split-normal-in-log-mbh,0.16,0.19,0.16,0.19,asymmetric,False,taylor_virial_plus_0p5dex,Taylor virial calibration sensitivity: MBH +0.5 dex,taylor_virial_calibration_sensitivity,taylor24_ceers_rubies_blagn_only,0.5,7.004215456382934,7.1241128841705095,7.311298160482249,7.469629248758439,7.572480750180326,fedd0p3,0.3,3.5101021803869683,3.629999608174544,3.817184884486283,3.9755159727624734,4.07836747418436,0.0,0.0
v3-blagn,measurement,RUBIESUDS143683_taylor24,RUBIESUDS143683_taylor24,HZA-RUBIES-UDS-143683,RUBIES-UDS-143683,1,RUBIESUDS143683_taylor24,True,only catalogue measurement in this release,4.226,1.4409010539259417,RUBIES,UDS,broad-line-agn,robust,individual_robust,taylor24_ceers_rubies_blagn,Table 1 (Sample of BLAGN),The Astrophysical Journal 986:165 (2025); arXiv:2409.06772v2,https://iopscience.iop.org/article/10.3847/1538-4357/add15b,10.3847/1538-4357/add15b,single-epoch-virial-halpha-reines2013,0.0,non_lrd,0.0,formal_mbh_errors_exclude_virial_systematic;nominal_mass_uncorrected_for_dust,Nominal Table 1 mass and Halpha flux are uncorrected for dust; formal MBH errors exclude the approximately 0.5 dex virial-calibration systematic.,10000,20260808,30.0,0.1,1.0,True,split-normal-in-log-mbh,0.16,0.19,0.16,0.19,asymmetric,False,taylor_virial_plus_0p5dex,Taylor virial calibration sensitivity: MBH +0.5 dex,taylor_virial_calibration_sensitivity,taylor24_ceers_rubies_blagn_only,0.5,7.004215456382934,7.1241128841705095,7.311298160482249,7.469629248758439,7.572480750180326,fedd1,1.0,-4.642828796936954,-4.522931369149379,-4.33574609283764,-4.17741500456145,-4.074563503139562,0.0,0.0
v3-blagn,measurement,RUBIESUDS155916_taylor24,RUBIESUDS155916_taylor24,HZA-RUBIES-UDS-155916,RUBIES-UDS-155916,1,RUBIESUDS155916_taylor24,True,only catalogue measurement in this release,4.098,1.49521733830908,RUBIES,UDS,broad-line-agn,robust,individual_robust,taylor24_ceers_rubies_blagn,Table 1 (Sample of BLAGN),The Astrophysical Journal 986:165 (2025); arXiv:2409.06772v2,https://iopscience.iop.org/article/10.3847/1538-4357/add15b,10.3847/1538-4357/add15b,single-epoch-virial-halpha-reines2013,0.0,non_lrd,0.0,formal_mbh_errors_exclude_virial_systematic;nominal_mass_uncorrected_for_dust,Nominal Table 1 mass and Halpha flux are uncorrected for dust; formal MBH errors exclude the approximately 0.5 dex virial-calibration systematic.,10000,20260808,30.0,0.1,1.0,True,split-normal-in-log-mbh,0.11,0.13,0.11,0.13,asymmetric,False,baseline,reported MBH,none,all_sources,0.0,6.843539956244118,6.930979585613394,7.059394531788357,7.169187281201098,7.242373530376243,fedd0p3,0.3,3.207891104737644,3.2953307341069187,3.423745680281882,3.533538429694623,3.606724678869768,0.0,0.0
v3-blagn,measurement,RUBIESUDS155916_taylor24,RUBIESUDS155916_taylor24,HZA-RUBIES-UDS-155916,RUBIES-UDS-155916,1,RUBIESUDS155916_taylor24,True,only catalogue measurement in this release,4.098,1.49521733830908,RUBIES,UDS,broad-line-agn,robust,individual_robust,taylor24_ceers_rubies_blagn,Table 1 (Sample of BLAGN),The Astrophysical Journal 986:165 (2025); arXiv:2409.06772v2,https://iopscience.iop.org/article/10.3847/1538-4357/add15b,10.3847/1538-4357/add15b,single-epoch-virial-halpha-reines2013,0.0,non_lrd,0.0,formal_mbh_errors_exclude_virial_systematic;nominal_mass_uncorrected_for_dust,Nominal Table 1 mass and Halpha flux are uncorrected for dust; formal MBH errors exclude the approximately 0.5 dex virial-calibration systematic.,10000,20260808,30.0,0.1,1.0,True,split-normal-in-log-mbh,0.11,0.13,0.11,0.13,asymmetric,False,baseline,reported MBH,none,all_sources,0.0,6.843539956244118,6.930979585613394,7.059394531788357,7.169187281201098,7.242373530376243,fedd1,1.0,-5.275289548777465,-5.1878499194081895,-5.059434973233227,-4.949642223820486,-4.87645597464534,0.0,0.0
v3-blagn,measurement,RUBIESUDS155916_taylor24,RUBIESUDS155916_taylor24,HZA-RUBIES-UDS-155916,RUBIES-UDS-155916,1,RUBIESUDS155916_taylor24,True,only catalogue measurement in this release,4.098,1.49521733830908,RUBIES,UDS,broad-line-agn,robust,individual_robust,taylor24_ceers_rubies_blagn,Table 1 (Sample of BLAGN),The Astrophysical Journal 986:165 (2025); arXiv:2409.06772v2,https://iopscience.iop.org/article/10.3847/1538-4357/add15b,10.3847/1538-4357/add15b,single-epoch-virial-halpha-reines2013,0.0,non_lrd,0.0,formal_mbh_errors_exclude_virial_systematic;nominal_mass_uncorrected_for_dust,Nominal Table 1 mass and Halpha flux are uncorrected for dust; formal MBH errors exclude the approximately 0.5 dex virial-calibration systematic.,10000,20260808,30.0,0.1,1.0,True,split-normal-in-log-mbh,0.11,0.13,0.11,0.13,asymmetric,False,mbh_minus_0p3dex,MBH -0.3 dex,global_comparison,all_sources,-0.3,6.5435399562441185,6.630979585613394,6.759394531788358,6.869187281201098,6.942373530376243,fedd0p3,0.3,2.907891104737644,2.995330734106919,3.1237456802818824,3.2335384296946232,3.3067246788697684,0.0,0.0
v3-blagn,measurement,RUBIESUDS155916_taylor24,RUBIESUDS155916_taylor24,HZA-RUBIES-UDS-155916,RUBIES-UDS-155916,1,RUBIESUDS155916_taylor24,True,only catalogue measurement in this release,4.098,1.49521733830908,RUBIES,UDS,broad-line-agn,robust,individual_robust,taylor24_ceers_rubies_blagn,Table 1 (Sample of BLAGN),The Astrophysical Journal 986:165 (2025); arXiv:2409.06772v2,https://iopscience.iop.org/article/10.3847/1538-4357/add15b,10.3847/1538-4357/add15b,single-epoch-virial-halpha-reines2013,0.0,non_lrd,0.0,formal_mbh_errors_exclude_virial_systematic;nominal_mass_uncorrected_for_dust,Nominal Table 1 mass and Halpha flux are uncorrected for dust; formal MBH errors exclude the approximately 0.5 dex virial-calibration systematic.,10000,20260808,30.0,0.1,1.0,True,split-normal-in-log-mbh,0.11,0.13,0.11,0.13,asymmetric,False,mbh_minus_0p3dex,MBH -0.3 dex,global_comparison,all_sources,-0.3,6.5435399562441185,6.630979585613394,6.759394531788358,6.869187281201098,6.942373530376243,fedd1,1.0,-5.575289548777465,-5.487849919408189,-5.359434973233226,-5.249642223820485,-5.17645597464534,0.0,0.0
v3-blagn,measurement,RUBIESUDS155916_taylor24,RUBIESUDS155916_taylor24,HZA-RUBIES-UDS-155916,RUBIES-UDS-155916,1,RUBIESUDS155916_taylor24,True,only catalogue measurement in this release,4.098,1.49521733830908,RUBIES,UDS,broad-line-agn,robust,individual_robust,taylor24_ceers_rubies_blagn,Table 1 (Sample of BLAGN),The Astrophysical Journal 986:165 (2025); arXiv:2409.06772v2,https://iopscience.iop.org/article/10.3847/1538-4357/add15b,10.3847/1538-4357/add15b,single-epoch-virial-halpha-reines2013,0.0,non_lrd,0.0,formal_mbh_errors_exclude_virial_systematic;nominal_mass_uncorrected_for_dust,Nominal Table 1 mass and Halpha flux are uncorrected for dust; formal MBH errors exclude the approximately 0.5 dex virial-calibration systematic.,10000,20260808,30.0,0.1,1.0,True,split-normal-in-log-mbh,0.11,0.13,0.11,0.13,asymmetric,False,mbh_plus_0p3dex,MBH +0.3 dex,global_comparison,all_sources,0.3,7.143539956244118,7.230979585613394,7.359394531788357,7.469187281201098,7.542373530376243,fedd0p3,0.3,3.5078911047376438,3.5953307341069185,3.723745680281882,3.833538429694623,3.906724678869768,0.0,0.0
v3-blagn,measurement,RUBIESUDS155916_taylor24,RUBIESUDS155916_taylor24,HZA-RUBIES-UDS-155916,RUBIES-UDS-155916,1,RUBIESUDS155916_taylor24,True,only catalogue measurement in this release,4.098,1.49521733830908,RUBIES,UDS,broad-line-agn,robust,individual_robust,taylor24_ceers_rubies_blagn,Table 1 (Sample of BLAGN),The Astrophysical Journal 986:165 (2025); arXiv:2409.06772v2,https://iopscience.iop.org/article/10.3847/1538-4357/add15b,10.3847/1538-4357/add15b,single-epoch-virial-halpha-reines2013,0.0,non_lrd,0.0,formal_mbh_errors_exclude_virial_systematic;nominal_mass_uncorrected_for_dust,Nominal Table 1 mass and Halpha flux are uncorrected for dust; formal MBH errors exclude the approximately 0.5 dex virial-calibration systematic.,10000,20260808,30.0,0.1,1.0,True,split-normal-in-log-mbh,0.11,0.13,0.11,0.13,asymmetric,False,mbh_plus_0p3dex,MBH +0.3 dex,global_comparison,all_sources,0.3,7.143539956244118,7.230979585613394,7.359394531788357,7.469187281201098,7.542373530376243,fedd1,1.0,-4.975289548777465,-4.88784991940819,-4.759434973233226,-4.649642223820486,-4.576455974645341,0.0,0.0
v3-blagn,measurement,RUBIESUDS155916_taylor24,RUBIESUDS155916_taylor24,HZA-RUBIES-UDS-155916,RUBIES-UDS-155916,1,RUBIESUDS155916_taylor24,True,only catalogue measurement in this release,4.098,1.49521733830908,RUBIES,UDS,broad-line-agn,robust,individual_robust,taylor24_ceers_rubies_blagn,Table 1 (Sample of BLAGN),The Astrophysical Journal 986:165 (2025); arXiv:2409.06772v2,https://iopscience.iop.org/article/10.3847/1538-4357/add15b,10.3847/1538-4357/add15b,single-epoch-virial-halpha-reines2013,0.0,non_lrd,0.0,formal_mbh_errors_exclude_virial_systematic;nominal_mass_uncorrected_for_dust,Nominal Table 1 mass and Halpha flux are uncorrected for dust; formal MBH errors exclude the approximately 0.5 dex virial-calibration systematic.,10000,20260808,30.0,0.1,1.0,True,split-normal-in-log-mbh,0.11,0.13,0.11,0.13,asymmetric,False,taylor_virial_minus_0p5dex,Taylor virial calibration sensitivity: MBH -0.5 dex,taylor_virial_calibration_sensitivity,taylor24_ceers_rubies_blagn_only,-0.5,6.343539956244118,6.430979585613394,6.559394531788357,6.669187281201098,6.742373530376243,fedd0p3,0.3,2.707891104737644,2.7953307341069187,2.923745680281882,3.033538429694623,3.106724678869768,0.0,0.0
v3-blagn,measurement,RUBIESUDS155916_taylor24,RUBIESUDS155916_taylor24,HZA-RUBIES-UDS-155916,RUBIES-UDS-155916,1,RUBIESUDS155916_taylor24,True,only catalogue measurement in this release,4.098,1.49521733830908,RUBIES,UDS,broad-line-agn,robust,individual_robust,taylor24_ceers_rubies_blagn,Table 1 (Sample of BLAGN),The Astrophysical Journal 986:165 (2025); arXiv:2409.06772v2,https://iopscience.iop.org/article/10.3847/1538-4357/add15b,10.3847/1538-4357/add15b,single-epoch-virial-halpha-reines2013,0.0,non_lrd,0.0,formal_mbh_errors_exclude_virial_systematic;nominal_mass_uncorrected_for_dust,Nominal Table 1 mass and Halpha flux are uncorrected for dust; formal MBH errors exclude the approximately 0.5 dex virial-calibration systematic.,10000,20260808,30.0,0.1,1.0,True,split-normal-in-log-mbh,0.11,0.13,0.11,0.13,asymmetric,False,taylor_virial_minus_0p5dex,Taylor virial calibration sensitivity: MBH -0.5 dex,taylor_virial_calibration_sensitivity,taylor24_ceers_rubies_blagn_only,-0.5,6.343539956244118,6.430979585613394,6.559394531788357,6.669187281201098,6.742373530376243,fedd1,1.0,-5.775289548777465,-5.6878499194081895,-5.559434973233227,-5.449642223820486,-5.37645597464534,0.0,0.0
v3-blagn,measurement,RUBIESUDS155916_taylor24,RUBIESUDS155916_taylor24,HZA-RUBIES-UDS-155916,RUBIES-UDS-155916,1,RUBIESUDS155916_taylor24,True,only catalogue measurement in this release,4.098,1.49521733830908,RUBIES,UDS,broad-line-agn,robust,individual_robust,taylor24_ceers_rubies_blagn,Table 1 (Sample of BLAGN),The Astrophysical Journal 986:165 (2025); arXiv:2409.06772v2,https://iopscience.iop.org/article/10.3847/1538-4357/add15b,10.3847/1538-4357/add15b,single-epoch-virial-halpha-reines2013,0.0,non_lrd,0.0,formal_mbh_errors_exclude_virial_systematic;nominal_mass_uncorrected_for_dust,Nominal Table 1 mass and Halpha flux are uncorrected for dust; formal MBH errors exclude the approximately 0.5 dex virial-calibration systematic.,10000,20260808,30.0,0.1,1.0,True,split-normal-in-log-mbh,0.11,0.13,0.11,0.13,asymmetric,False,taylor_virial_plus_0p5dex,Taylor virial calibration sensitivity: MBH +0.5 dex,taylor_virial_calibration_sensitivity,taylor24_ceers_rubies_blagn_only,0.5,7.343539956244118,7.430979585613394,7.559394531788357,7.669187281201098,7.742373530376243,fedd0p3,0.3,3.707891104737644,3.7953307341069187,3.923745680281882,4.033538429694623,4.106724678869768,0.0,0.0
v3-blagn,measurement,RUBIESUDS155916_taylor24,RUBIESUDS155916_taylor24,HZA-RUBIES-UDS-155916,RUBIES-UDS-155916,1,RUBIESUDS155916_taylor24,True,only catalogue measurement in this release,4.098,1.49521733830908,RUBIES,UDS,broad-line-agn,robust,individual_robust,taylor24_ceers_rubies_blagn,Table 1 (Sample of BLAGN),The Astrophysical Journal 986:165 (2025); arXiv:2409.06772v2,https://iopscience.iop.org/article/10.3847/1538-4357/add15b,10.3847/1538-4357/add15b,single-epoch-virial-halpha-reines2013,0.0,non_lrd,0.0,formal_mbh_errors_exclude_virial_systematic;nominal_mass_uncorrected_for_dust,Nominal Table 1 mass and Halpha flux are uncorrected for dust; formal MBH errors exclude the approximately 0.5 dex virial-calibration systematic.,10000,20260808,30.0,0.1,1.0,True,split-normal-in-log-mbh,0.11,0.13,0.11,0.13,asymmetric,False,taylor_virial_plus_0p5dex,Taylor virial calibration sensitivity: MBH +0.5 dex,taylor_virial_calibration_sensitivity,taylor24_ceers_rubies_blagn_only,0.5,7.343539956244118,7.430979585613394,7.559394531788357,7.669187281201098,7.742373530376243,fedd1,1.0,-4.775289548777465,-4.6878499194081895,-4.559434973233227,-4.449642223820486,-4.37645597464534,0.0,0.0
v3-blagn,measurement,RUBIESUDS172350_taylor24,RUBIESUDS172350_taylor24,HZA-RUBIES-UDS-172350,RUBIES-UDS-172350,1,RUBIESUDS172350_taylor24,True,only catalogue measurement in this release,5.58,1.0211632419950871,RUBIES,UDS,broad-line-agn,robust,individual_robust,taylor24_ceers_rubies_blagn,Table 1 (Sample of BLAGN),The Astrophysical Journal 986:165 (2025); arXiv:2409.06772v2,https://iopscience.iop.org/article/10.3847/1538-4357/add15b,10.3847/1538-4357/add15b,single-epoch-virial-halpha-reines2013,1.0,lrd,0.0,formal_mbh_errors_exclude_virial_systematic;nominal_mass_uncorrected_for_dust,Nominal Table 1 mass and Halpha flux are uncorrected for dust; formal MBH errors exclude the approximately 0.5 dex virial-calibration systematic.,10000,20260808,30.0,0.1,1.0,True,split-normal-in-log-mbh,0.04,0.04,0.04,0.04,symmetric_reported,False,baseline,reported MBH,none,all_sources,0.0,7.614120917661207,7.640281055952468,7.680402958877401,7.719914131803526,7.745539020577838,fedd0p3,0.3,5.213746535071531,5.239906673362793,5.280028576287725,5.31953974921385,5.345164637988162,1.0,0.0
v3-blagn,measurement,RUBIESUDS172350_taylor24,RUBIESUDS172350_taylor24,HZA-RUBIES-UDS-172350,RUBIES-UDS-172350,1,RUBIESUDS172350_taylor24,True,only catalogue measurement in this release,5.58,1.0211632419950871,RUBIES,UDS,broad-line-agn,robust,individual_robust,taylor24_ceers_rubies_blagn,Table 1 (Sample of BLAGN),The Astrophysical Journal 986:165 (2025); arXiv:2409.06772v2,https://iopscience.iop.org/article/10.3847/1538-4357/add15b,10.3847/1538-4357/add15b,single-epoch-virial-halpha-reines2013,1.0,lrd,0.0,formal_mbh_errors_exclude_virial_systematic;nominal_mass_uncorrected_for_dust,Nominal Table 1 mass and Halpha flux are uncorrected for dust; formal MBH errors exclude the approximately 0.5 dex virial-calibration systematic.,10000,20260808,30.0,0.1,1.0,True,split-normal-in-log-mbh,0.04,0.04,0.04,0.04,symmetric_reported,False,baseline,reported MBH,none,all_sources,0.0,7.614120917661207,7.640281055952468,7.680402958877401,7.719914131803526,7.745539020577838,fedd1,1.0,-0.3871270243043803,-0.3609668860131188,-0.32084498308818654,-0.2813338101620621,-0.25570892138774964,0.0,0.0
v3-blagn,measurement,RUBIESUDS172350_taylor24,RUBIESUDS172350_taylor24,HZA-RUBIES-UDS-172350,RUBIES-UDS-172350,1,RUBIESUDS172350_taylor24,True,only catalogue measurement in this release,5.58,1.0211632419950871,RUBIES,UDS,broad-line-agn,robust,individual_robust,taylor24_ceers_rubies_blagn,Table 1 (Sample of BLAGN),The Astrophysical Journal 986:165 (2025); arXiv:2409.06772v2,https://iopscience.iop.org/article/10.3847/1538-4357/add15b,10.3847/1538-4357/add15b,single-epoch-virial-halpha-reines2013,1.0,lrd,0.0,formal_mbh_errors_exclude_virial_systematic;nominal_mass_uncorrected_for_dust,Nominal Table 1 mass and Halpha flux are uncorrected for dust; formal MBH errors exclude the approximately 0.5 dex virial-calibration systematic.,10000,20260808,30.0,0.1,1.0,True,split-normal-in-log-mbh,0.04,0.04,0.04,0.04,symmetric_reported,False,mbh_minus_0p3dex,MBH -0.3 dex,global_comparison,all_sources,-0.3,7.314120917661207,7.3402810559524685,7.380402958877401,7.419914131803526,7.445539020577838,fedd0p3,0.3,4.913746535071532,4.939906673362792,4.980028576287725,5.019539749213849,5.045164637988162,0.3119,0.0
v3-blagn,measurement,RUBIESUDS172350_taylor24,RUBIESUDS172350_taylor24,HZA-RUBIES-UDS-172350,RUBIES-UDS-172350,1,RUBIESUDS172350_taylor24,True,only catalogue measurement in this release,5.58,1.0211632419950871,RUBIES,UDS,broad-line-agn,robust,individual_robust,taylor24_ceers_rubies_blagn,Table 1 (Sample of BLAGN),The Astrophysical Journal 986:165 (2025); arXiv:2409.06772v2,https://iopscience.iop.org/article/10.3847/1538-4357/add15b,10.3847/1538-4357/add15b,single-epoch-virial-halpha-reines2013,1.0,lrd,0.0,formal_mbh_errors_exclude_virial_systematic;nominal_mass_uncorrected_for_dust,Nominal Table 1 mass and Halpha flux are uncorrected for dust; formal MBH errors exclude the approximately 0.5 dex virial-calibration systematic.,10000,20260808,30.0,0.1,1.0,True,split-normal-in-log-mbh,0.04,0.04,0.04,0.04,symmetric_reported,False,mbh_minus_0p3dex,MBH -0.3 dex,global_comparison,all_sources,-0.3,7.314120917661207,7.3402810559524685,7.380402958877401,7.419914131803526,7.445539020577838,fedd1,1.0,-0.6871270243043801,-0.6609668860131187,-0.6208449830881864,-0.581333810162062,-0.5557089213877495,0.0,0.0
v3-blagn,measurement,RUBIESUDS172350_taylor24,RUBIESUDS172350_taylor24,HZA-RUBIES-UDS-172350,RUBIES-UDS-172350,1,RUBIESUDS172350_taylor24,True,only catalogue measurement in this release,5.58,1.0211632419950871,RUBIES,UDS,broad-line-agn,robust,individual_robust,taylor24_ceers_rubies_blagn,Table 1 (Sample of BLAGN),The Astrophysical Journal 986:165 (2025); arXiv:2409.06772v2,https://iopscience.iop.org/article/10.3847/1538-4357/add15b,10.3847/1538-4357/add15b,single-epoch-virial-halpha-reines2013,1.0,lrd,0.0,formal_mbh_errors_exclude_virial_systematic;nominal_mass_uncorrected_for_dust,Nominal Table 1 mass and Halpha flux are uncorrected for dust; formal MBH errors exclude the approximately 0.5 dex virial-calibration systematic.,10000,20260808,30.0,0.1,1.0,True,split-normal-in-log-mbh,0.04,0.04,0.04,0.04,symmetric_reported,False,mbh_plus_0p3dex,MBH +0.3 dex,global_comparison,all_sources,0.3,7.914120917661207,7.940281055952468,7.9804029588774,8.019914131803525,8.045539020577838,fedd0p3,0.3,5.513746535071531,5.5399066733627915,5.580028576287725,5.619539749213849,5.645164637988161,1.0,0.0
v3-blagn,measurement,RUBIESUDS172350_taylor24,RUBIESUDS172350_taylor24,HZA-RUBIES-UDS-172350,RUBIES-UDS-172350,1,RUBIESUDS172350_taylor24,True,only catalogue measurement in this release,5.58,1.0211632419950871,RUBIES,UDS,broad-line-agn,robust,individual_robust,taylor24_ceers_rubies_blagn,Table 1 (Sample of BLAGN),The Astrophysical Journal 986:165 (2025); arXiv:2409.06772v2,https://iopscience.iop.org/article/10.3847/1538-4357/add15b,10.3847/1538-4357/add15b,single-epoch-virial-halpha-reines2013,1.0,lrd,0.0,formal_mbh_errors_exclude_virial_systematic;nominal_mass_uncorrected_for_dust,Nominal Table 1 mass and Halpha flux are uncorrected for dust; formal MBH errors exclude the approximately 0.5 dex virial-calibration systematic.,10000,20260808,30.0,0.1,1.0,True,split-normal-in-log-mbh,0.04,0.04,0.04,0.04,symmetric_reported,False,mbh_plus_0p3dex,MBH +0.3 dex,global_comparison,all_sources,0.3,7.914120917661207,7.940281055952468,7.9804029588774,8.019914131803525,8.045539020577838,fedd1,1.0,-0.08712702430438046,-0.06096688601311903,-0.02084498308818672,0.018666189837937847,0.04429107861225021,0.0,0.0
v3-blagn,measurement,RUBIESUDS172350_taylor24,RUBIESUDS172350_taylor24,HZA-RUBIES-UDS-172350,RUBIES-UDS-172350,1,RUBIESUDS172350_taylor24,True,only catalogue measurement in this release,5.58,1.0211632419950871,RUBIES,UDS,broad-line-agn,robust,individual_robust,taylor24_ceers_rubies_blagn,Table 1 (Sample of BLAGN),The Astrophysical Journal 986:165 (2025); arXiv:2409.06772v2,https://iopscience.iop.org/article/10.3847/1538-4357/add15b,10.3847/1538-4357/add15b,single-epoch-virial-halpha-reines2013,1.0,lrd,0.0,formal_mbh_errors_exclude_virial_systematic;nominal_mass_uncorrected_for_dust,Nominal Table 1 mass and Halpha flux are uncorrected for dust; formal MBH errors exclude the approximately 0.5 dex virial-calibration systematic.,10000,20260808,30.0,0.1,1.0,True,split-normal-in-log-mbh,0.04,0.04,0.04,0.04,symmetric_reported,False,taylor_virial_minus_0p5dex,Taylor virial calibration sensitivity: MBH -0.5 dex,taylor_virial_calibration_sensitivity,taylor24_ceers_rubies_blagn_only,-0.5,7.114120917661207,7.140281055952468,7.180402958877401,7.219914131803526,7.245539020577838,fedd0p3,0.3,4.713746535071531,4.739906673362793,4.780028576287725,4.81953974921385,4.845164637988162,0.0,0.0
v3-blagn,measurement,RUBIESUDS172350_taylor24,RUBIESUDS172350_taylor24,HZA-RUBIES-UDS-172350,RUBIES-UDS-172350,1,RUBIESUDS172350_taylor24,True,only catalogue measurement in this release,5.58,1.0211632419950871,RUBIES,UDS,broad-line-agn,robust,individual_robust,taylor24_ceers_rubies_blagn,Table 1 (Sample of BLAGN),The Astrophysical Journal 986:165 (2025); arXiv:2409.06772v2,https://iopscience.iop.org/article/10.3847/1538-4357/add15b,10.3847/1538-4357/add15b,single-epoch-virial-halpha-reines2013,1.0,lrd,0.0,formal_mbh_errors_exclude_virial_systematic;nominal_mass_uncorrected_for_dust,Nominal Table 1 mass and Halpha flux are uncorrected for dust; formal MBH errors exclude the approximately 0.5 dex virial-calibration systematic.,10000,20260808,30.0,0.1,1.0,True,split-normal-in-log-mbh,0.04,0.04,0.04,0.04,symmetric_reported,False,taylor_virial_minus_0p5dex,Taylor virial calibration sensitivity: MBH -0.5 dex,taylor_virial_calibration_sensitivity,taylor24_ceers_rubies_blagn_only,-0.5,7.114120917661207,7.140281055952468,7.180402958877401,7.219914131803526,7.245539020577838,fedd1,1.0,-0.8871270243043803,-0.8609668860131189,-0.8208449830881865,-0.7813338101620622,-0.7557089213877497,0.0,0.0
v3-blagn,measurement,RUBIESUDS172350_taylor24,RUBIESUDS172350_taylor24,HZA-RUBIES-UDS-172350,RUBIES-UDS-172350,1,RUBIESUDS172350_taylor24,True,only catalogue measurement in this release,5.58,1.0211632419950871,RUBIES,UDS,broad-line-agn,robust,individual_robust,taylor24_ceers_rubies_blagn,Table 1 (Sample of BLAGN),The Astrophysical Journal 986:165 (2025); arXiv:2409.06772v2,https://iopscience.iop.org/article/10.3847/1538-4357/add15b,10.3847/1538-4357/add15b,single-epoch-virial-halpha-reines2013,1.0,lrd,0.0,formal_mbh_errors_exclude_virial_systematic;nominal_mass_uncorrected_for_dust,Nominal Table 1 mass and Halpha flux are uncorrected for dust; formal MBH errors exclude the approximately 0.5 dex virial-calibration systematic.,10000,20260808,30.0,0.1,1.0,True,split-normal-in-log-mbh,0.04,0.04,0.04,0.04,symmetric_reported,False,taylor_virial_plus_0p5dex,Taylor virial calibration sensitivity: MBH +0.5 dex,taylor_virial_calibration_sensitivity,taylor24_ceers_rubies_blagn_only,0.5,8.114120917661207,8.14028105595247,8.180402958877401,8.219914131803524,8.245539020577839,fedd0p3,0.3,5.713746535071531,5.739906673362793,5.780028576287724,5.819539749213848,5.845164637988162,1.0,0.0
v3-blagn,measurement,RUBIESUDS172350_taylor24,RUBIESUDS172350_taylor24,HZA-RUBIES-UDS-172350,RUBIES-UDS-172350,1,RUBIESUDS172350_taylor24,True,only catalogue measurement in this release,5.58,1.0211632419950871,RUBIES,UDS,broad-line-agn,robust,individual_robust,taylor24_ceers_rubies_blagn,Table 1 (Sample of BLAGN),The Astrophysical Journal 986:165 (2025); arXiv:2409.06772v2,https://iopscience.iop.org/article/10.3847/1538-4357/add15b,10.3847/1538-4357/add15b,single-epoch-virial-halpha-reines2013,1.0,lrd,0.0,formal_mbh_errors_exclude_virial_systematic;nominal_mass_uncorrected_for_dust,Nominal Table 1 mass and Halpha flux are uncorrected for dust; formal MBH errors exclude the approximately 0.5 dex virial-calibration systematic.,10000,20260808,30.0,0.1,1.0,True,split-normal-in-log-mbh,0.04,0.04,0.04,0.04,symmetric_reported,False,taylor_virial_plus_0p5dex,Taylor virial calibration sensitivity: MBH +0.5 dex,taylor_virial_calibration_sensitivity,taylor24_ceers_rubies_blagn_only,0.5,8.114120917661207,8.14028105595247,8.180402958877401,8.219914131803524,8.245539020577839,fedd1,1.0,0.11287297569561971,0.13903311398688203,0.17915501691181301,0.21866618983793715,0.2442910786122512,0.0,0.0
v3-blagn,measurement,RUBIESUDS174752_taylor24,RUBIESUDS174752_taylor24,HZA-RUBIES-UDS-174752,RUBIES-UDS-174752,1,RUBIESUDS174752_taylor24,True,only catalogue measurement in this release,6.039,0.923141431567787,RUBIES,UDS,broad-line-agn,robust,individual_robust,taylor24_ceers_rubies_blagn,Table 1 (Sample of BLAGN),The Astrophysical Journal 986:165 (2025); arXiv:2409.06772v2,https://iopscience.iop.org/article/10.3847/1538-4357/add15b,10.3847/1538-4357/add15b,single-epoch-virial-halpha-reines2013,0.0,non_lrd,0.0,formal_mbh_errors_exclude_virial_systematic;nominal_mass_uncorrected_for_dust,Nominal Table 1 mass and Halpha flux are uncorrected for dust; formal MBH errors exclude the approximately 0.5 dex virial-calibration systematic.,10000,20260808,30.0,0.1,1.0,True,split-normal-in-log-mbh,0.08,0.08,0.08,0.08,symmetric_reported,False,baseline,reported MBH,none,all_sources,0.0,7.128829562381854,7.180883371670049,7.261289206014155,7.339270409006692,7.39066851443814,fedd0p3,0.3,4.983877168040635,5.035930977328831,5.116336811672937,5.194318014665473,5.245716120096922,0.9254,0.0
v3-blagn,measurement,RUBIESUDS174752_taylor24,RUBIESUDS174752_taylor24,HZA-RUBIES-UDS-174752,RUBIES-UDS-174752,1,RUBIESUDS174752_taylor24,True,only catalogue measurement in this release,6.039,0.923141431567787,RUBIES,UDS,broad-line-agn,robust,individual_robust,taylor24_ceers_rubies_blagn,Table 1 (Sample of BLAGN),The Astrophysical Journal 986:165 (2025); arXiv:2409.06772v2,https://iopscience.iop.org/article/10.3847/1538-4357/add15b,10.3847/1538-4357/add15b,single-epoch-virial-halpha-reines2013,0.0,non_lrd,0.0,formal_mbh_errors_exclude_virial_systematic;nominal_mass_uncorrected_for_dust,Nominal Table 1 mass and Halpha flux are uncorrected for dust; formal MBH errors exclude the approximately 0.5 dex virial-calibration systematic.,10000,20260808,30.0,0.1,1.0,True,split-normal-in-log-mbh,0.08,0.08,0.08,0.08,symmetric_reported,False,baseline,reported MBH,none,all_sources,0.0,7.128829562381854,7.180883371670049,7.261289206014155,7.339270409006692,7.39066851443814,fedd1,1.0,-0.021011752088874222,0.031042057199321498,0.11144789154342716,0.18942909453596368,0.24082719996741203,0.0,0.0
v3-blagn,measurement,RUBIESUDS174752_taylor24,RUBIESUDS174752_taylor24,HZA-RUBIES-UDS-174752,RUBIES-UDS-174752,1,RUBIESUDS174752_taylor24,True,only catalogue measurement in this release,6.039,0.923141431567787,RUBIES,UDS,broad-line-agn,robust,individual_robust,taylor24_ceers_rubies_blagn,Table 1 (Sample of BLAGN),The Astrophysical Journal 986:165 (2025); arXiv:2409.06772v2,https://iopscience.iop.org/article/10.3847/1538-4357/add15b,10.3847/1538-4357/add15b,single-epoch-virial-halpha-reines2013,0.0,non_lrd,0.0,formal_mbh_errors_exclude_virial_systematic;nominal_mass_uncorrected_for_dust,Nominal Table 1 mass and Halpha flux are uncorrected for dust; formal MBH errors exclude the approximately 0.5 dex virial-calibration systematic.,10000,20260808,30.0,0.1,1.0,True,split-normal-in-log-mbh,0.08,0.08,0.08,0.08,symmetric_reported,False,mbh_minus_0p3dex,MBH -0.3 dex,global_comparison,all_sources,-0.3,6.828829562381854,6.880883371670049,6.961289206014156,7.039270409006692,7.09066851443814,fedd0p3,0.3,4.6838771680406355,4.735930977328831,4.816336811672937,4.8943180146654734,4.945716120096922,0.0116,0.0
v3-blagn,measurement,RUBIESUDS174752_taylor24,RUBIESUDS174752_taylor24,HZA-RUBIES-UDS-174752,RUBIES-UDS-174752,1,RUBIESUDS174752_taylor24,True,only catalogue measurement in this release,6.039,0.923141431567787,RUBIES,UDS,broad-line-agn,robust,individual_robust,taylor24_ceers_rubies_blagn,Table 1 (Sample of BLAGN),The Astrophysical Journal 986:165 (2025); arXiv:2409.06772v2,https://iopscience.iop.org/article/10.3847/1538-4357/add15b,10.3847/1538-4357/add15b,single-epoch-virial-halpha-reines2013,0.0,non_lrd,0.0,formal_mbh_errors_exclude_virial_systematic;nominal_mass_uncorrected_for_dust,Nominal Table 1 mass and Halpha flux are uncorrected for dust; formal MBH errors exclude the approximately 0.5 dex virial-calibration systematic.,10000,20260808,30.0,0.1,1.0,True,split-normal-in-log-mbh,0.08,0.08,0.08,0.08,symmetric_reported,False,mbh_minus_0p3dex,MBH -0.3 dex,global_comparison,all_sources,-0.3,6.828829562381854,6.880883371670049,6.961289206014156,7.039270409006692,7.09066851443814,fedd1,1.0,-0.32101175208887406,-0.2689579428006783,-0.18855210845657266,-0.11057090546403614,-0.059172800032587784,0.0,0.0
v3-blagn,measurement,RUBIESUDS174752_taylor24,RUBIESUDS174752_taylor24,HZA-RUBIES-UDS-174752,RUBIES-UDS-174752,1,RUBIESUDS174752_taylor24,True,only catalogue measurement in this release,6.039,0.923141431567787,RUBIES,UDS,broad-line-agn,robust,individual_robust,taylor24_ceers_rubies_blagn,Table 1 (Sample of BLAGN),The Astrophysical Journal 986:165 (2025); arXiv:2409.06772v2,https://iopscience.iop.org/article/10.3847/1538-4357/add15b,10.3847/1538-4357/add15b,single-epoch-virial-halpha-reines2013,0.0,non_lrd,0.0,formal_mbh_errors_exclude_virial_systematic;nominal_mass_uncorrected_for_dust,Nominal Table 1 mass and Halpha flux are uncorrected for dust; formal MBH errors exclude the approximately 0.5 dex virial-calibration systematic.,10000,20260808,30.0,0.1,1.0,True,split-normal-in-log-mbh,0.08,0.08,0.08,0.08,symmetric_reported,False,mbh_plus_0p3dex,MBH +0.3 dex,global_comparison,all_sources,0.3,7.428829562381853,7.480883371670049,7.561289206014155,7.639270409006691,7.69066851443814,fedd0p3,0.3,5.283877168040635,5.335930977328831,5.416336811672936,5.494318014665473,5.545716120096921,1.0,0.0
v3-blagn,measurement,RUBIESUDS174752_taylor24,RUBIESUDS174752_taylor24,HZA-RUBIES-UDS-174752,RUBIES-UDS-174752,1,RUBIESUDS174752_taylor24,True,only catalogue measurement in this release,6.039,0.923141431567787,RUBIES,UDS,broad-line-agn,robust,individual_robust,taylor24_ceers_rubies_blagn,Table 1 (Sample of BLAGN),The Astrophysical Journal 986:165 (2025); arXiv:2409.06772v2,https://iopscience.iop.org/article/10.3847/1538-4357/add15b,10.3847/1538-4357/add15b,single-epoch-virial-halpha-reines2013,0.0,non_lrd,0.0,formal_mbh_errors_exclude_virial_systematic;nominal_mass_uncorrected_for_dust,Nominal Table 1 mass and Halpha flux are uncorrected for dust; formal MBH errors exclude the approximately 0.5 dex virial-calibration systematic.,10000,20260808,30.0,0.1,1.0,True,split-normal-in-log-mbh,0.08,0.08,0.08,0.08,symmetric_reported,False,mbh_plus_0p3dex,MBH +0.3 dex,global_comparison,all_sources,0.3,7.428829562381853,7.480883371670049,7.561289206014155,7.639270409006691,7.69066851443814,fedd1,1.0,0.2789882479111256,0.33104205719932134,0.411447891543427,0.4894290945359635,0.5408271999674119,0.0,0.0
v3-blagn,measurement,RUBIESUDS174752_taylor24,RUBIESUDS174752_taylor24,HZA-RUBIES-UDS-174752,RUBIES-UDS-174752,1,RUBIESUDS174752_taylor24,True,only catalogue measurement in this release,6.039,0.923141431567787,RUBIES,UDS,broad-line-agn,robust,individual_robust,taylor24_ceers_rubies_blagn,Table 1 (Sample of BLAGN),The Astrophysical Journal 986:165 (2025); arXiv:2409.06772v2,https://iopscience.iop.org/article/10.3847/1538-4357/add15b,10.3847/1538-4357/add15b,single-epoch-virial-halpha-reines2013,0.0,non_lrd,0.0,formal_mbh_errors_exclude_virial_systematic;nominal_mass_uncorrected_for_dust,Nominal Table 1 mass and Halpha flux are uncorrected for dust; formal MBH errors exclude the approximately 0.5 dex virial-calibration systematic.,10000,20260808,30.0,0.1,1.0,True,split-normal-in-log-mbh,0.08,0.08,0.08,0.08,symmetric_reported,False,taylor_virial_minus_0p5dex,Taylor virial calibration sensitivity: MBH -0.5 dex,taylor_virial_calibration_sensitivity,taylor24_ceers_rubies_blagn_only,-0.5,6.628829562381854,6.680883371670049,6.761289206014155,6.839270409006692,6.89066851443814,fedd0p3,0.3,4.483877168040635,4.535930977328831,4.616336811672937,4.694318014665473,4.745716120096922,0.0,0.0
v3-blagn,measurement,RUBIESUDS174752_taylor24,RUBIESUDS174752_taylor24,HZA-RUBIES-UDS-174752,RUBIES-UDS-174752,1,RUBIESUDS174752_taylor24,True,only catalogue measurement in this release,6.039,0.923141431567787,RUBIES,UDS,broad-line-agn,robust,individual_robust,taylor24_ceers_rubies_blagn,Table 1 (Sample of BLAGN),The Astrophysical Journal 986:165 (2025); arXiv:2409.06772v2,https://iopscience.iop.org/article/10.3847/1538-4357/add15b,10.3847/1538-4357/add15b,single-epoch-virial-halpha-reines2013,0.0,non_lrd,0.0,formal_mbh_errors_exclude_virial_systematic;nominal_mass_uncorrected_for_dust,Nominal Table 1 mass and Halpha flux are uncorrected for dust; formal MBH errors exclude the approximately 0.5 dex virial-calibration systematic.,10000,20260808,30.0,0.1,1.0,True,split-normal-in-log-mbh,0.08,0.08,0.08,0.08,symmetric_reported,False,taylor_virial_minus_0p5dex,Taylor virial calibration sensitivity: MBH -0.5 dex,taylor_virial_calibration_sensitivity,taylor24_ceers_rubies_blagn_only,-0.5,6.628829562381854,6.680883371670049,6.761289206014155,6.839270409006692,6.89066851443814,fedd1,1.0,-0.5210117520888742,-0.4689579428006785,-0.38855210845657284,-0.3105709054640363,-0.25917280003258797,0.0,0.0
v3-blagn,measurement,RUBIESUDS174752_taylor24,RUBIESUDS174752_taylor24,HZA-RUBIES-UDS-174752,RUBIES-UDS-174752,1,RUBIESUDS174752_taylor24,True,only catalogue measurement in this release,6.039,0.923141431567787,RUBIES,UDS,broad-line-agn,robust,individual_robust,taylor24_ceers_rubies_blagn,Table 1 (Sample of BLAGN),The Astrophysical Journal 986:165 (2025); arXiv:2409.06772v2,https://iopscience.iop.org/article/10.3847/1538-4357/add15b,10.3847/1538-4357/add15b,single-epoch-virial-halpha-reines2013,0.0,non_lrd,0.0,formal_mbh_errors_exclude_virial_systematic;nominal_mass_uncorrected_for_dust,Nominal Table 1 mass and Halpha flux are uncorrected for dust; formal MBH errors exclude the approximately 0.5 dex virial-calibration systematic.,10000,20260808,30.0,0.1,1.0,True,split-normal-in-log-mbh,0.08,0.08,0.08,0.08,symmetric_reported,False,taylor_virial_plus_0p5dex,Taylor virial calibration sensitivity: MBH +0.5 dex,taylor_virial_calibration_sensitivity,taylor24_ceers_rubies_blagn_only,0.5,7.628829562381854,7.680883371670049,7.761289206014155,7.839270409006692,7.89066851443814,fedd0p3,0.3,5.483877168040635,5.535930977328831,5.616336811672937,5.694318014665473,5.745716120096922,1.0,0.0
v3-blagn,measurement,RUBIESUDS174752_taylor24,RUBIESUDS174752_taylor24,HZA-RUBIES-UDS-174752,RUBIES-UDS-174752,1,RUBIESUDS174752_taylor24,True,only catalogue measurement in this release,6.039,0.923141431567787,RUBIES,UDS,broad-line-agn,robust,individual_robust,taylor24_ceers_rubies_blagn,Table 1 (Sample of BLAGN),The Astrophysical Journal 986:165 (2025); arXiv:2409.06772v2,https://iopscience.iop.org/article/10.3847/1538-4357/add15b,10.3847/1538-4357/add15b,single-epoch-virial-halpha-reines2013,0.0,non_lrd,0.0,formal_mbh_errors_exclude_virial_systematic;nominal_mass_uncorrected_for_dust,Nominal Table 1 mass and Halpha flux are uncorrected for dust; formal MBH errors exclude the approximately 0.5 dex virial-calibration systematic.,10000,20260808,30.0,0.1,1.0,True,split-normal-in-log-mbh,0.08,0.08,0.08,0.08,symmetric_reported,False,taylor_virial_plus_0p5dex,Taylor virial calibration sensitivity: MBH +0.5 dex,taylor_virial_calibration_sensitivity,taylor24_ceers_rubies_blagn_only,0.5,7.628829562381854,7.680883371670049,7.761289206014155,7.839270409006692,7.89066851443814,fedd1,1.0,0.47898824791112576,0.5310420571993215,0.6114478915434272,0.6894290945359637,0.7408271999674121,0.0,0.0
v3-blagn,measurement,RUBIESUDS182791_taylor24,RUBIESUDS182791_taylor24,HZA-RUBIES-UDS-182791,RUBIES-UDS-182791,1,RUBIESUDS182791_taylor24,True,only catalogue measurement in this release,4.718,1.2597384362661206,RUBIES,UDS,broad-line-agn,robust,individual_robust,taylor24_ceers_rubies_blagn,Table 1 (Sample of BLAGN),The Astrophysical Journal 986:165 (2025); arXiv:2409.06772v2,https://iopscience.iop.org/article/10.3847/1538-4357/add15b,10.3847/1538-4357/add15b,single-epoch-virial-halpha-reines2013,0.0,non_lrd,0.0,formal_mbh_errors_exclude_virial_systematic;nominal_mass_uncorrected_for_dust,Nominal Table 1 mass and Halpha flux are uncorrected for dust; formal MBH errors exclude the approximately 0.5 dex virial-calibration systematic.,10000,20260808,30.0,0.1,1.0,True,split-normal-in-log-mbh,0.03,0.03,0.03,0.03,symmetric_reported,False,baseline,reported MBH,none,all_sources,0.0,8.011074404972963,8.030419927292169,8.060585563557042,8.090336616543272,8.109190987713632,fedd0p3,0.3,4.989028680037849,5.0083742023570545,5.038539838621929,5.068290891608159,5.087145262778518,0.899,0.0
v3-blagn,measurement,RUBIESUDS182791_taylor24,RUBIESUDS182791_taylor24,HZA-RUBIES-UDS-182791,RUBIES-UDS-182791,1,RUBIESUDS182791_taylor24,True,only catalogue measurement in this release,4.718,1.2597384362661206,RUBIES,UDS,broad-line-agn,robust,individual_robust,taylor24_ceers_rubies_blagn,Table 1 (Sample of BLAGN),The Astrophysical Journal 986:165 (2025); arXiv:2409.06772v2,https://iopscience.iop.org/article/10.3847/1538-4357/add15b,10.3847/1538-4357/add15b,single-epoch-virial-halpha-reines2013,0.0,non_lrd,0.0,formal_mbh_errors_exclude_virial_systematic;nominal_mass_uncorrected_for_dust,Nominal Table 1 mass and Halpha flux are uncorrected for dust; formal MBH errors exclude the approximately 0.5 dex virial-calibration systematic.,10000,20260808,30.0,0.1,1.0,True,split-normal-in-log-mbh,0.03,0.03,0.03,0.03,symmetric_reported,False,baseline,reported MBH,none,all_sources,0.0,8.011074404972963,8.030419927292169,8.060585563557042,8.090336616543272,8.109190987713632,fedd1,1.0,-2.06241134481075,-2.043065822491544,-2.0129001862266698,-1.9831491332404403,-1.9642947620700815,0.0,0.0
v3-blagn,measurement,RUBIESUDS182791_taylor24,RUBIESUDS182791_taylor24,HZA-RUBIES-UDS-182791,RUBIES-UDS-182791,1,RUBIESUDS182791_taylor24,True,only catalogue measurement in this release,4.718,1.2597384362661206,RUBIES,UDS,broad-line-agn,robust,individual_robust,taylor24_ceers_rubies_blagn,Table 1 (Sample of BLAGN),The Astrophysical Journal 986:165 (2025); arXiv:2409.06772v2,https://iopscience.iop.org/article/10.3847/1538-4357/add15b,10.3847/1538-4357/add15b,single-epoch-virial-halpha-reines2013,0.0,non_lrd,0.0,formal_mbh_errors_exclude_virial_systematic;nominal_mass_uncorrected_for_dust,Nominal Table 1 mass and Halpha flux are uncorrected for dust; formal MBH errors exclude the approximately 0.5 dex virial-calibration systematic.,10000,20260808,30.0,0.1,1.0,True,split-normal-in-log-mbh,0.03,0.03,0.03,0.03,symmetric_reported,False,mbh_minus_0p3dex,MBH -0.3 dex,global_comparison,all_sources,-0.3,7.711074404972963,7.730419927292168,7.760585563557043,7.790336616543272,7.809190987713631,fedd0p3,0.3,4.689028680037849,4.708374202357054,4.738539838621929,4.768290891608158,4.787145262778517,0.0,0.0
v3-blagn,measurement,RUBIESUDS182791_taylor24,RUBIESUDS182791_taylor24,HZA-RUBIES-UDS-182791,RUBIES-UDS-182791,1,RUBIESUDS182791_taylor24,True,only catalogue measurement in this release,4.718,1.2597384362661206,RUBIES,UDS,broad-line-agn,robust,individual_robust,taylor24_ceers_rubies_blagn,Table 1 (Sample of BLAGN),The Astrophysical Journal 986:165 (2025); arXiv:2409.06772v2,https://iopscience.iop.org/article/10.3847/1538-4357/add15b,10.3847/1538-4357/add15b,single-epoch-virial-halpha-reines2013,0.0,non_lrd,0.0,formal_mbh_errors_exclude_virial_systematic;nominal_mass_uncorrected_for_dust,Nominal Table 1 mass and Halpha flux are uncorrected for dust; formal MBH errors exclude the approximately 0.5 dex virial-calibration systematic.,10000,20260808,30.0,0.1,1.0,True,split-normal-in-log-mbh,0.03,0.03,0.03,0.03,symmetric_reported,False,mbh_minus_0p3dex,MBH -0.3 dex,global_comparison,all_sources,-0.3,7.711074404972963,7.730419927292168,7.760585563557043,7.790336616543272,7.809190987713631,fedd1,1.0,-2.36241134481075,-2.343065822491544,-2.3129001862266696,-2.2831491332404403,-2.2642947620700813,0.0,0.0
v3-blagn,measurement,RUBIESUDS182791_taylor24,RUBIESUDS182791_taylor24,HZA-RUBIES-UDS-182791,RUBIES-UDS-182791,1,RUBIESUDS182791_taylor24,True,only catalogue measurement in this release,4.718,1.2597384362661206,RUBIES,UDS,broad-line-agn,robust,individual_robust,taylor24_ceers_rubies_blagn,Table 1 (Sample of BLAGN),The Astrophysical Journal 986:165 (2025); arXiv:2409.06772v2,https://iopscience.iop.org/article/10.3847/1538-4357/add15b,10.3847/1538-4357/add15b,single-epoch-virial-halpha-reines2013,0.0,non_lrd,0.0,formal_mbh_errors_exclude_virial_systematic;nominal_mass_uncorrected_for_dust,Nominal Table 1 mass and Halpha flux are uncorrected for dust; formal MBH errors exclude the approximately 0.5 dex virial-calibration systematic.,10000,20260808,30.0,0.1,1.0,True,split-normal-in-log-mbh,0.03,0.03,0.03,0.03,symmetric_reported,False,mbh_plus_0p3dex,MBH +0.3 dex,global_comparison,all_sources,0.3,8.311074404972963,8.33041992729217,8.360585563557043,8.390336616543273,8.409190987713632,fedd0p3,0.3,5.28902868003785,5.308374202357055,5.33853983862193,5.36829089160816,5.387145262778518,1.0,0.0
v3-blagn,measurement,RUBIESUDS182791_taylor24,RUBIESUDS182791_taylor24,HZA-RUBIES-UDS-182791,RUBIES-UDS-182791,1,RUBIESUDS182791_taylor24,True,only catalogue measurement in this release,4.718,1.2597384362661206,RUBIES,UDS,broad-line-agn,robust,individual_robust,taylor24_ceers_rubies_blagn,Table 1 (Sample of BLAGN),The Astrophysical Journal 986:165 (2025); arXiv:2409.06772v2,https://iopscience.iop.org/article/10.3847/1538-4357/add15b,10.3847/1538-4357/add15b,single-epoch-virial-halpha-reines2013,0.0,non_lrd,0.0,formal_mbh_errors_exclude_virial_systematic;nominal_mass_uncorrected_for_dust,Nominal Table 1 mass and Halpha flux are uncorrected for dust; formal MBH errors exclude the approximately 0.5 dex virial-calibration systematic.,10000,20260808,30.0,0.1,1.0,True,split-normal-in-log-mbh,0.03,0.03,0.03,0.03,symmetric_reported,False,mbh_plus_0p3dex,MBH +0.3 dex,global_comparison,all_sources,0.3,8.311074404972963,8.33041992729217,8.360585563557043,8.390336616543273,8.409190987713632,fedd1,1.0,-1.7624113448107495,-1.7430658224915436,-1.712900186226669,-1.6831491332404396,-1.6642947620700808,0.0,0.0
v3-blagn,measurement,RUBIESUDS182791_taylor24,RUBIESUDS182791_taylor24,HZA-RUBIES-UDS-182791,RUBIES-UDS-182791,1,RUBIESUDS182791_taylor24,True,only catalogue measurement in this release,4.718,1.2597384362661206,RUBIES,UDS,broad-line-agn,robust,individual_robust,taylor24_ceers_rubies_blagn,Table 1 (Sample of BLAGN),The Astrophysical Journal 986:165 (2025); arXiv:2409.06772v2,https://iopscience.iop.org/article/10.3847/1538-4357/add15b,10.3847/1538-4357/add15b,single-epoch-virial-halpha-reines2013,0.0,non_lrd,0.0,formal_mbh_errors_exclude_virial_systematic;nominal_mass_uncorrected_for_dust,Nominal Table 1 mass and Halpha flux are uncorrected for dust; formal MBH errors exclude the approximately 0.5 dex virial-calibration systematic.,10000,20260808,30.0,0.1,1.0,True,split-normal-in-log-mbh,0.03,0.03,0.03,0.03,symmetric_reported,False,taylor_virial_minus_0p5dex,Taylor virial calibration sensitivity: MBH -0.5 dex,taylor_virial_calibration_sensitivity,taylor24_ceers_rubies_blagn_only,-0.5,7.5110744049729625,7.530419927292168,7.5605855635570425,7.590336616543272,7.609190987713631,fedd0p3,0.3,4.489028680037849,4.5083742023570545,4.538539838621929,4.568290891608159,4.587145262778518,0.0,0.0
v3-blagn,measurement,RUBIESUDS182791_taylor24,RUBIESUDS182791_taylor24,HZA-RUBIES-UDS-182791,RUBIES-UDS-182791,1,RUBIESUDS182791_taylor24,True,only catalogue measurement in this release,4.718,1.2597384362661206,RUBIES,UDS,broad-line-agn,robust,individual_robust,taylor24_ceers_rubies_blagn,Table 1 (Sample of BLAGN),The Astrophysical Journal 986:165 (2025); arXiv:2409.06772v2,https://iopscience.iop.org/article/10.3847/1538-4357/add15b,10.3847/1538-4357/add15b,single-epoch-virial-halpha-reines2013,0.0,non_lrd,0.0,formal_mbh_errors_exclude_virial_systematic;nominal_mass_uncorrected_for_dust,Nominal Table 1 mass and Halpha flux are uncorrected for dust; formal MBH errors exclude the approximately 0.5 dex virial-calibration systematic.,10000,20260808,30.0,0.1,1.0,True,split-normal-in-log-mbh,0.03,0.03,0.03,0.03,symmetric_reported,False,taylor_virial_minus_0p5dex,Taylor virial calibration sensitivity: MBH -0.5 dex,taylor_virial_calibration_sensitivity,taylor24_ceers_rubies_blagn_only,-0.5,7.5110744049729625,7.530419927292168,7.5605855635570425,7.590336616543272,7.609190987713631,fedd1,1.0,-2.56241134481075,-2.543065822491544,-2.5129001862266698,-2.4831491332404405,-2.4642947620700815,0.0,0.0
v3-blagn,measurement,RUBIESUDS182791_taylor24,RUBIESUDS182791_taylor24,HZA-RUBIES-UDS-182791,RUBIES-UDS-182791,1,RUBIESUDS182791_taylor24,True,only catalogue measurement in this release,4.718,1.2597384362661206,RUBIES,UDS,broad-line-agn,robust,individual_robust,taylor24_ceers_rubies_blagn,Table 1 (Sample of BLAGN),The Astrophysical Journal 986:165 (2025); arXiv:2409.06772v2,https://iopscience.iop.org/article/10.3847/1538-4357/add15b,10.3847/1538-4357/add15b,single-epoch-virial-halpha-reines2013,0.0,non_lrd,0.0,formal_mbh_errors_exclude_virial_systematic;nominal_mass_uncorrected_for_dust,Nominal Table 1 mass and Halpha flux are uncorrected for dust; formal MBH errors exclude the approximately 0.5 dex virial-calibration systematic.,10000,20260808,30.0,0.1,1.0,True,split-normal-in-log-mbh,0.03,0.03,0.03,0.03,symmetric_reported,False,taylor_virial_plus_0p5dex,Taylor virial calibration sensitivity: MBH +0.5 dex,taylor_virial_calibration_sensitivity,taylor24_ceers_rubies_blagn_only,0.5,8.511074404972963,8.530419927292169,8.560585563557042,8.590336616543272,8.609190987713632,fedd0p3,0.3,5.489028680037849,5.5083742023570545,5.538539838621929,5.568290891608159,5.587145262778518,1.0,0.0
v3-blagn,measurement,RUBIESUDS182791_taylor24,RUBIESUDS182791_taylor24,HZA-RUBIES-UDS-182791,RUBIES-UDS-182791,1,RUBIESUDS182791_taylor24,True,only catalogue measurement in this release,4.718,1.2597384362661206,RUBIES,UDS,broad-line-agn,robust,individual_robust,taylor24_ceers_rubies_blagn,Table 1 (Sample of BLAGN),The Astrophysical Journal 986:165 (2025); arXiv:2409.06772v2,https://iopscience.iop.org/article/10.3847/1538-4357/add15b,10.3847/1538-4357/add15b,single-epoch-virial-halpha-reines2013,0.0,non_lrd,0.0,formal_mbh_errors_exclude_virial_systematic;nominal_mass_uncorrected_for_dust,Nominal Table 1 mass and Halpha flux are uncorrected for dust; formal MBH errors exclude the approximately 0.5 dex virial-calibration systematic.,10000,20260808,30.0,0.1,1.0,True,split-normal-in-log-mbh,0.03,0.03,0.03,0.03,symmetric_reported,False,taylor_virial_plus_0p5dex,Taylor virial calibration sensitivity: MBH +0.5 dex,taylor_virial_calibration_sensitivity,taylor24_ceers_rubies_blagn_only,0.5,8.511074404972963,8.530419927292169,8.560585563557042,8.590336616543272,8.609190987713632,fedd1,1.0,-1.5624113448107502,-1.5430658224915443,-1.5129001862266698,-1.4831491332404403,-1.4642947620700815,0.0,0.0
v3-blagn,measurement,RUBIESUDS19484_taylor24,RUBIESUDS19484_taylor24,HZA-RUBIES-UDS-19484,RUBIES-UDS-19484,1,RUBIESUDS19484_taylor24,True,only catalogue measurement in this release,4.656,1.2804267955067032,RUBIES,UDS,broad-line-agn,robust,individual_robust,taylor24_ceers_rubies_blagn,Table 1 (Sample of BLAGN),The Astrophysical Journal 986:165 (2025); arXiv:2409.06772v2,https://iopscience.iop.org/article/10.3847/1538-4357/add15b,10.3847/1538-4357/add15b,single-epoch-virial-halpha-reines2013,1.0,lrd,0.0,formal_mbh_errors_exclude_virial_systematic;nominal_mass_uncorrected_for_dust,Nominal Table 1 mass and Halpha flux are uncorrected for dust; formal MBH errors exclude the approximately 0.5 dex virial-calibration systematic.,10000,20260808,30.0,0.1,1.0,True,split-normal-in-log-mbh,0.19,0.22,0.19,0.22,asymmetric,False,baseline,reported MBH,none,all_sources,0.0,6.256044304310676,6.401153478219826,6.619623754566349,6.80952685645748,6.938062861772213,fedd0p3,0.3,3.1800895378286604,3.3251987117378103,3.543668988084333,3.733572089975464,3.8621080952901967,0.0,0.0
v3-blagn,measurement,RUBIESUDS19484_taylor24,RUBIESUDS19484_taylor24,HZA-RUBIES-UDS-19484,RUBIES-UDS-19484,1,RUBIESUDS19484_taylor24,True,only catalogue measurement in this release,4.656,1.2804267955067032,RUBIES,UDS,broad-line-agn,robust,individual_robust,taylor24_ceers_rubies_blagn,Table 1 (Sample of BLAGN),The Astrophysical Journal 986:165 (2025); arXiv:2409.06772v2,https://iopscience.iop.org/article/10.3847/1538-4357/add15b,10.3847/1538-4357/add15b,single-epoch-virial-halpha-reines2013,1.0,lrd,0.0,formal_mbh_errors_exclude_virial_systematic;nominal_mass_uncorrected_for_dust,Nominal Table 1 mass and Halpha flux are uncorrected for dust; formal MBH errors exclude the approximately 0.5 dex virial-calibration systematic.,10000,20260808,30.0,0.1,1.0,True,split-normal-in-log-mbh,0.19,0.22,0.19,0.22,asymmetric,False,baseline,reported MBH,none,all_sources,0.0,6.256044304310676,6.401153478219826,6.619623754566349,6.80952685645748,6.938062861772213,fedd1,1.0,-3.997138250629379,-3.852029076720229,-3.6335588003737067,-3.4436556984825755,-3.315119693167843,0.0,0.0
v3-blagn,measurement,RUBIESUDS19484_taylor24,RUBIESUDS19484_taylor24,HZA-RUBIES-UDS-19484,RUBIES-UDS-19484,1,RUBIESUDS19484_taylor24,True,only catalogue measurement in this release,4.656,1.2804267955067032,RUBIES,UDS,broad-line-agn,robust,individual_robust,taylor24_ceers_rubies_blagn,Table 1 (Sample of BLAGN),The Astrophysical Journal 986:165 (2025); arXiv:2409.06772v2,https://iopscience.iop.org/article/10.3847/1538-4357/add15b,10.3847/1538-4357/add15b,single-epoch-virial-halpha-reines2013,1.0,lrd,0.0,formal_mbh_errors_exclude_virial_systematic;nominal_mass_uncorrected_for_dust,Nominal Table 1 mass and Halpha flux are uncorrected for dust; formal MBH errors exclude the approximately 0.5 dex virial-calibration systematic.,10000,20260808,30.0,0.1,1.0,True,split-normal-in-log-mbh,0.19,0.22,0.19,0.22,asymmetric,False,mbh_minus_0p3dex,MBH -0.3 dex,global_comparison,all_sources,-0.3,5.9560443043106766,6.1011534782198265,6.319623754566349,6.50952685645748,6.638062861772213,fedd0p3,0.3,2.8800895378286606,3.0251987117378105,3.243668988084333,3.4335720899754643,3.562108095290197,0.0,0.0
v3-blagn,measurement,RUBIESUDS19484_taylor24,RUBIESUDS19484_taylor24,HZA-RUBIES-UDS-19484,RUBIES-UDS-19484,1,RUBIESUDS19484_taylor24,True,only catalogue measurement in this release,4.656,1.2804267955067032,RUBIES,UDS,broad-line-agn,robust,individual_robust,taylor24_ceers_rubies_blagn,Table 1 (Sample of BLAGN),The Astrophysical Journal 986:165 (2025); arXiv:2409.06772v2,https://iopscience.iop.org/article/10.3847/1538-4357/add15b,10.3847/1538-4357/add15b,single-epoch-virial-halpha-reines2013,1.0,lrd,0.0,formal_mbh_errors_exclude_virial_systematic;nominal_mass_uncorrected_for_dust,Nominal Table 1 mass and Halpha flux are uncorrected for dust; formal MBH errors exclude the approximately 0.5 dex virial-calibration systematic.,10000,20260808,30.0,0.1,1.0,True,split-normal-in-log-mbh,0.19,0.22,0.19,0.22,asymmetric,False,mbh_minus_0p3dex,MBH -0.3 dex,global_comparison,all_sources,-0.3,5.9560443043106766,6.1011534782198265,6.319623754566349,6.50952685645748,6.638062861772213,fedd1,1.0,-4.297138250629379,-4.152029076720229,-3.9335588003737065,-3.7436556984825753,-3.6151196931678427,0.0,0.0
v3-blagn,measurement,RUBIESUDS19484_taylor24,RUBIESUDS19484_taylor24,HZA-RUBIES-UDS-19484,RUBIES-UDS-19484,1,RUBIESUDS19484_taylor24,True,only catalogue measurement in this release,4.656,1.2804267955067032,RUBIES,UDS,broad-line-agn,robust,individual_robust,taylor24_ceers_rubies_blagn,Table 1 (Sample of BLAGN),The Astrophysical Journal 986:165 (2025); arXiv:2409.06772v2,https://iopscience.iop.org/article/10.3847/1538-4357/add15b,10.3847/1538-4357/add15b,single-epoch-virial-halpha-reines2013,1.0,lrd,0.0,formal_mbh_errors_exclude_virial_systematic;nominal_mass_uncorrected_for_dust,Nominal Table 1 mass and Halpha flux are uncorrected for dust; formal MBH errors exclude the approximately 0.5 dex virial-calibration systematic.,10000,20260808,30.0,0.1,1.0,True,split-normal-in-log-mbh,0.19,0.22,0.19,0.22,asymmetric,False,mbh_plus_0p3dex,MBH +0.3 dex,global_comparison,all_sources,0.3,6.556044304310676,6.701153478219826,6.919623754566349,7.10952685645748,7.238062861772213,fedd0p3,0.3,3.4800895378286603,3.62519871173781,3.8436689880843327,4.033572089975464,4.162108095290197,0.0,0.0
v3-blagn,measurement,RUBIESUDS19484_taylor24,RUBIESUDS19484_taylor24,HZA-RUBIES-UDS-19484,RUBIES-UDS-19484,1,RUBIESUDS19484_taylor24,True,only catalogue measurement in this release,4.656,1.2804267955067032,RUBIES,UDS,broad-line-agn,robust,individual_robust,taylor24_ceers_rubies_blagn,Table 1 (Sample of BLAGN),The Astrophysical Journal 986:165 (2025); arXiv:2409.06772v2,https://iopscience.iop.org/article/10.3847/1538-4357/add15b,10.3847/1538-4357/add15b,single-epoch-virial-halpha-reines2013,1.0,lrd,0.0,formal_mbh_errors_exclude_virial_systematic;nominal_mass_uncorrected_for_dust,Nominal Table 1 mass and Halpha flux are uncorrected for dust; formal MBH errors exclude the approximately 0.5 dex virial-calibration systematic.,10000,20260808,30.0,0.1,1.0,True,split-normal-in-log-mbh,0.19,0.22,0.19,0.22,asymmetric,False,mbh_plus_0p3dex,MBH +0.3 dex,global_comparison,all_sources,0.3,6.556044304310676,6.701153478219826,6.919623754566349,7.10952685645748,7.238062861772213,fedd1,1.0,-3.6971382506293793,-3.5520290767202294,-3.333558800373707,-3.1436556984825756,-3.015119693167843,0.0,0.0
v3-blagn,measurement,RUBIESUDS19484_taylor24,RUBIESUDS19484_taylor24,HZA-RUBIES-UDS-19484,RUBIES-UDS-19484,1,RUBIESUDS19484_taylor24,True,only catalogue measurement in this release,4.656,1.2804267955067032,RUBIES,UDS,broad-line-agn,robust,individual_robust,taylor24_ceers_rubies_blagn,Table 1 (Sample of BLAGN),The Astrophysical Journal 986:165 (2025); arXiv:2409.06772v2,https://iopscience.iop.org/article/10.3847/1538-4357/add15b,10.3847/1538-4357/add15b,single-epoch-virial-halpha-reines2013,1.0,lrd,0.0,formal_mbh_errors_exclude_virial_systematic;nominal_mass_uncorrected_for_dust,Nominal Table 1 mass and Halpha flux are uncorrected for dust; formal MBH errors exclude the approximately 0.5 dex virial-calibration systematic.,10000,20260808,30.0,0.1,1.0,True,split-normal-in-log-mbh,0.19,0.22,0.19,0.22,asymmetric,False,taylor_virial_minus_0p5dex,Taylor virial calibration sensitivity: MBH -0.5 dex,taylor_virial_calibration_sensitivity,taylor24_ceers_rubies_blagn_only,-0.5,5.756044304310676,5.901153478219826,6.119623754566349,6.30952685645748,6.438062861772213,fedd0p3,0.3,2.6800895378286604,2.8251987117378103,3.043668988084333,3.233572089975464,3.3621080952901967,0.0,0.0
v3-blagn,measurement,RUBIESUDS19484_taylor24,RUBIESUDS19484_taylor24,HZA-RUBIES-UDS-19484,RUBIES-UDS-19484,1,RUBIESUDS19484_taylor24,True,only catalogue measurement in this release,4.656,1.2804267955067032,RUBIES,UDS,broad-line-agn,robust,individual_robust,taylor24_ceers_rubies_blagn,Table 1 (Sample of BLAGN),The Astrophysical Journal 986:165 (2025); arXiv:2409.06772v2,https://iopscience.iop.org/article/10.3847/1538-4357/add15b,10.3847/1538-4357/add15b,single-epoch-virial-halpha-reines2013,1.0,lrd,0.0,formal_mbh_errors_exclude_virial_systematic;nominal_mass_uncorrected_for_dust,Nominal Table 1 mass and Halpha flux are uncorrected for dust; formal MBH errors exclude the approximately 0.5 dex virial-calibration systematic.,10000,20260808,30.0,0.1,1.0,True,split-normal-in-log-mbh,0.19,0.22,0.19,0.22,asymmetric,False,taylor_virial_minus_0p5dex,Taylor virial calibration sensitivity: MBH -0.5 dex,taylor_virial_calibration_sensitivity,taylor24_ceers_rubies_blagn_only,-0.5,5.756044304310676,5.901153478219826,6.119623754566349,6.30952685645748,6.438062861772213,fedd1,1.0,-4.497138250629379,-4.352029076720229,-4.133558800373707,-3.9436556984825755,-3.815119693167843,0.0,0.0
v3-blagn,measurement,RUBIESUDS19484_taylor24,RUBIESUDS19484_taylor24,HZA-RUBIES-UDS-19484,RUBIES-UDS-19484,1,RUBIESUDS19484_taylor24,True,only catalogue measurement in this release,4.656,1.2804267955067032,RUBIES,UDS,broad-line-agn,robust,individual_robust,taylor24_ceers_rubies_blagn,Table 1 (Sample of BLAGN),The Astrophysical Journal 986:165 (2025); arXiv:2409.06772v2,https://iopscience.iop.org/article/10.3847/1538-4357/add15b,10.3847/1538-4357/add15b,single-epoch-virial-halpha-reines2013,1.0,lrd,0.0,formal_mbh_errors_exclude_virial_systematic;nominal_mass_uncorrected_for_dust,Nominal Table 1 mass and Halpha flux are uncorrected for dust; formal MBH errors exclude the approximately 0.5 dex virial-calibration systematic.,10000,20260808,30.0,0.1,1.0,True,split-normal-in-log-mbh,0.19,0.22,0.19,0.22,asymmetric,False,taylor_virial_plus_0p5dex,Taylor virial calibration sensitivity: MBH +0.5 dex,taylor_virial_calibration_sensitivity,taylor24_ceers_rubies_blagn_only,0.5,6.756044304310676,6.901153478219826,7.119623754566349,7.30952685645748,7.438062861772213,fedd0p3,0.3,3.6800895378286604,3.8251987117378103,4.043668988084333,4.233572089975464,4.362108095290197,0.0,0.0
v3-blagn,measurement,RUBIESUDS19484_taylor24,RUBIESUDS19484_taylor24,HZA-RUBIES-UDS-19484,RUBIES-UDS-19484,1,RUBIESUDS19484_taylor24,True,only catalogue measurement in this release,4.656,1.2804267955067032,RUBIES,UDS,broad-line-agn,robust,individual_robust,taylor24_ceers_rubies_blagn,Table 1 (Sample of BLAGN),The Astrophysical Journal 986:165 (2025); arXiv:2409.06772v2,https://iopscience.iop.org/article/10.3847/1538-4357/add15b,10.3847/1538-4357/add15b,single-epoch-virial-halpha-reines2013,1.0,lrd,0.0,formal_mbh_errors_exclude_virial_systematic;nominal_mass_uncorrected_for_dust,Nominal Table 1 mass and Halpha flux are uncorrected for dust; formal MBH errors exclude the approximately 0.5 dex virial-calibration systematic.,10000,20260808,30.0,0.1,1.0,True,split-normal-in-log-mbh,0.19,0.22,0.19,0.22,asymmetric,False,taylor_virial_plus_0p5dex,Taylor virial calibration sensitivity: MBH +0.5 dex,taylor_virial_calibration_sensitivity,taylor24_ceers_rubies_blagn_only,0.5,6.756044304310676,6.901153478219826,7.119623754566349,7.30952685645748,7.438062861772213,fedd1,1.0,-3.497138250629379,-3.352029076720229,-3.1335588003737067,-2.9436556984825755,-2.815119693167843,0.0,0.0
v3-blagn,measurement,RUBIESUDS19521_taylor24,RUBIESUDS19521_taylor24,HZA-RUBIES-UDS-19521,RUBIES-UDS-19521,1,RUBIESUDS19521_taylor24,True,only catalogue measurement in this release,5.669,1.0008399784546649,RUBIES,UDS,broad-line-agn,robust,individual_robust,taylor24_ceers_rubies_blagn,Table 1 (Sample of BLAGN),The Astrophysical Journal 986:165 (2025); arXiv:2409.06772v2,https://iopscience.iop.org/article/10.3847/1538-4357/add15b,10.3847/1538-4357/add15b,single-epoch-virial-halpha-reines2013,0.0,non_lrd,0.0,formal_mbh_errors_exclude_virial_systematic;nominal_mass_uncorrected_for_dust,Nominal Table 1 mass and Halpha flux are uncorrected for dust; formal MBH errors exclude the approximately 0.5 dex virial-calibration systematic.,10000,20260808,30.0,0.1,1.0,True,split-normal-in-log-mbh,0.22,0.26,0.22,0.26,asymmetric,False,baseline,reported MBH,none,all_sources,0.0,6.737353120086924,6.916505510998755,7.174585470587388,7.395650304414849,7.538449401001969,fedd0p3,0.3,4.389936424756474,4.569088815668305,4.827168775256938,5.048233609084399,5.191032705671519,0.2187,0.0
v3-blagn,measurement,RUBIESUDS19521_taylor24,RUBIESUDS19521_taylor24,HZA-RUBIES-UDS-19521,RUBIES-UDS-19521,1,RUBIESUDS19521_taylor24,True,only catalogue measurement in this release,5.669,1.0008399784546649,RUBIES,UDS,broad-line-agn,robust,individual_robust,taylor24_ceers_rubies_blagn,Table 1 (Sample of BLAGN),The Astrophysical Journal 986:165 (2025); arXiv:2409.06772v2,https://iopscience.iop.org/article/10.3847/1538-4357/add15b,10.3847/1538-4357/add15b,single-epoch-virial-halpha-reines2013,0.0,non_lrd,0.0,formal_mbh_errors_exclude_virial_systematic;nominal_mass_uncorrected_for_dust,Nominal Table 1 mass and Halpha flux are uncorrected for dust; formal MBH errors exclude the approximately 0.5 dex virial-calibration systematic.,10000,20260808,30.0,0.1,1.0,True,split-normal-in-log-mbh,0.22,0.26,0.22,0.26,asymmetric,False,baseline,reported MBH,none,all_sources,0.0,6.737353120086924,6.916505510998755,7.174585470587388,7.395650304414849,7.538449401001969,fedd1,1.0,-1.087369197681245,-0.9082168067694136,-0.65013684718078,-0.4290720133533195,-0.28627291676619904,0.0,0.0
v3-blagn,measurement,RUBIESUDS19521_taylor24,RUBIESUDS19521_taylor24,HZA-RUBIES-UDS-19521,RUBIES-UDS-19521,1,RUBIESUDS19521_taylor24,True,only catalogue measurement in this release,5.669,1.0008399784546649,RUBIES,UDS,broad-line-agn,robust,individual_robust,taylor24_ceers_rubies_blagn,Table 1 (Sample of BLAGN),The Astrophysical Journal 986:165 (2025); arXiv:2409.06772v2,https://iopscience.iop.org/article/10.3847/1538-4357/add15b,10.3847/1538-4357/add15b,single-epoch-virial-halpha-reines2013,0.0,non_lrd,0.0,formal_mbh_errors_exclude_virial_systematic;nominal_mass_uncorrected_for_dust,Nominal Table 1 mass and Halpha flux are uncorrected for dust; formal MBH errors exclude the approximately 0.5 dex virial-calibration systematic.,10000,20260808,30.0,0.1,1.0,True,split-normal-in-log-mbh,0.22,0.26,0.22,0.26,asymmetric,False,mbh_minus_0p3dex,MBH -0.3 dex,global_comparison,all_sources,-0.3,6.437353120086924,6.616505510998755,6.874585470587389,7.095650304414849,7.2384494010019695,fedd0p3,0.3,4.089936424756473,4.2690888156683044,4.527168775256938,4.748233609084398,4.891032705671519,0.0179,0.0
v3-blagn,measurement,RUBIESUDS19521_taylor24,RUBIESUDS19521_taylor24,HZA-RUBIES-UDS-19521,RUBIES-UDS-19521,1,RUBIESUDS19521_taylor24,True,only catalogue measurement in this release,5.669,1.0008399784546649,RUBIES,UDS,broad-line-agn,robust,individual_robust,taylor24_ceers_rubies_blagn,Table 1 (Sample of BLAGN),The Astrophysical Journal 986:165 (2025); arXiv:2409.06772v2,https://iopscience.iop.org/article/10.3847/1538-4357/add15b,10.3847/1538-4357/add15b,single-epoch-virial-halpha-reines2013,0.0,non_lrd,0.0,formal_mbh_errors_exclude_virial_systematic;nominal_mass_uncorrected_for_dust,Nominal Table 1 mass and Halpha flux are uncorrected for dust; formal MBH errors exclude the approximately 0.5 dex virial-calibration systematic.,10000,20260808,30.0,0.1,1.0,True,split-normal-in-log-mbh,0.22,0.26,0.22,0.26,asymmetric,False,mbh_minus_0p3dex,MBH -0.3 dex,global_comparison,all_sources,-0.3,6.437353120086924,6.616505510998755,6.874585470587389,7.095650304414849,7.2384494010019695,fedd1,1.0,-1.3873691976812448,-1.2082168067694135,-0.9501368471807798,-0.7290720133533193,-0.5862729167661989,0.0,0.0
v3-blagn,measurement,RUBIESUDS19521_taylor24,RUBIESUDS19521_taylor24,HZA-RUBIES-UDS-19521,RUBIES-UDS-19521,1,RUBIESUDS19521_taylor24,True,only catalogue measurement in this release,5.669,1.0008399784546649,RUBIES,UDS,broad-line-agn,robust,individual_robust,taylor24_ceers_rubies_blagn,Table 1 (Sample of BLAGN),The Astrophysical Journal 986:165 (2025); arXiv:2409.06772v2,https://iopscience.iop.org/article/10.3847/1538-4357/add15b,10.3847/1538-4357/add15b,single-epoch-virial-halpha-reines2013,0.0,non_lrd,0.0,formal_mbh_errors_exclude_virial_systematic;nominal_mass_uncorrected_for_dust,Nominal Table 1 mass and Halpha flux are uncorrected for dust; formal MBH errors exclude the approximately 0.5 dex virial-calibration systematic.,10000,20260808,30.0,0.1,1.0,True,split-normal-in-log-mbh,0.22,0.26,0.22,0.26,asymmetric,False,mbh_plus_0p3dex,MBH +0.3 dex,global_comparison,all_sources,0.3,7.037353120086924,7.216505510998755,7.474585470587389,7.6956503044148485,7.838449401001969,fedd0p3,0.3,4.689936424756473,4.869088815668304,5.127168775256938,5.348233609084398,5.491032705671518,0.6903,0.0001
v3-blagn,measurement,RUBIESUDS19521_taylor24,RUBIESUDS19521_taylor24,HZA-RUBIES-UDS-19521,RUBIES-UDS-19521,1,RUBIESUDS19521_taylor24,True,only catalogue measurement in this release,5.669,1.0008399784546649,RUBIES,UDS,broad-line-agn,robust,individual_robust,taylor24_ceers_rubies_blagn,Table 1 (Sample of BLAGN),The Astrophysical Journal 986:165 (2025); arXiv:2409.06772v2,https://iopscience.iop.org/article/10.3847/1538-4357/add15b,10.3847/1538-4357/add15b,single-epoch-virial-halpha-reines2013,0.0,non_lrd,0.0,formal_mbh_errors_exclude_virial_systematic;nominal_mass_uncorrected_for_dust,Nominal Table 1 mass and Halpha flux are uncorrected for dust; formal MBH errors exclude the approximately 0.5 dex virial-calibration systematic.,10000,20260808,30.0,0.1,1.0,True,split-normal-in-log-mbh,0.22,0.26,0.22,0.26,asymmetric,False,mbh_plus_0p3dex,MBH +0.3 dex,global_comparison,all_sources,0.3,7.037353120086924,7.216505510998755,7.474585470587389,7.6956503044148485,7.838449401001969,fedd1,1.0,-0.7873691976812451,-0.6082168067694138,-0.3501368471807802,-0.12907201335331966,0.013727083233800797,0.0,0.0
v3-blagn,measurement,RUBIESUDS19521_taylor24,RUBIESUDS19521_taylor24,HZA-RUBIES-UDS-19521,RUBIES-UDS-19521,1,RUBIESUDS19521_taylor24,True,only catalogue measurement in this release,5.669,1.0008399784546649,RUBIES,UDS,broad-line-agn,robust,individual_robust,taylor24_ceers_rubies_blagn,Table 1 (Sample of BLAGN),The Astrophysical Journal 986:165 (2025); arXiv:2409.06772v2,https://iopscience.iop.org/article/10.3847/1538-4357/add15b,10.3847/1538-4357/add15b,single-epoch-virial-halpha-reines2013,0.0,non_lrd,0.0,formal_mbh_errors_exclude_virial_systematic;nominal_mass_uncorrected_for_dust,Nominal Table 1 mass and Halpha flux are uncorrected for dust; formal MBH errors exclude the approximately 0.5 dex virial-calibration systematic.,10000,20260808,30.0,0.1,1.0,True,split-normal-in-log-mbh,0.22,0.26,0.22,0.26,asymmetric,False,taylor_virial_minus_0p5dex,Taylor virial calibration sensitivity: MBH -0.5 dex,taylor_virial_calibration_sensitivity,taylor24_ceers_rubies_blagn_only,-0.5,6.237353120086924,6.416505510998755,6.674585470587388,6.895650304414849,7.038449401001969,fedd0p3,0.3,3.889936424756473,4.069088815668305,4.327168775256938,4.548233609084399,4.691032705671519,0.0006,0.0
v3-blagn,measurement,RUBIESUDS19521_taylor24,RUBIESUDS19521_taylor24,HZA-RUBIES-UDS-19521,RUBIES-UDS-19521,1,RUBIESUDS19521_taylor24,True,only catalogue measurement in this release,5.669,1.0008399784546649,RUBIES,UDS,broad-line-agn,robust,individual_robust,taylor24_ceers_rubies_blagn,Table 1 (Sample of BLAGN),The Astrophysical Journal 986:165 (2025); arXiv:2409.06772v2,https://iopscience.iop.org/article/10.3847/1538-4357/add15b,10.3847/1538-4357/add15b,single-epoch-virial-halpha-reines2013,0.0,non_lrd,0.0,formal_mbh_errors_exclude_virial_systematic;nominal_mass_uncorrected_for_dust,Nominal Table 1 mass and Halpha flux are uncorrected for dust; formal MBH errors exclude the approximately 0.5 dex virial-calibration systematic.,10000,20260808,30.0,0.1,1.0,True,split-normal-in-log-mbh,0.22,0.26,0.22,0.26,asymmetric,False,taylor_virial_minus_0p5dex,Taylor virial calibration sensitivity: MBH -0.5 dex,taylor_virial_calibration_sensitivity,taylor24_ceers_rubies_blagn_only,-0.5,6.237353120086924,6.416505510998755,6.674585470587388,6.895650304414849,7.038449401001969,fedd1,1.0,-1.587369197681245,-1.4082168067694136,-1.15013684718078,-0.9290720133533195,-0.786272916766199,0.0,0.0
v3-blagn,measurement,RUBIESUDS19521_taylor24,RUBIESUDS19521_taylor24,HZA-RUBIES-UDS-19521,RUBIES-UDS-19521,1,RUBIESUDS19521_taylor24,True,only catalogue measurement in this release,5.669,1.0008399784546649,RUBIES,UDS,broad-line-agn,robust,individual_robust,taylor24_ceers_rubies_blagn,Table 1 (Sample of BLAGN),The Astrophysical Journal 986:165 (2025); arXiv:2409.06772v2,https://iopscience.iop.org/article/10.3847/1538-4357/add15b,10.3847/1538-4357/add15b,single-epoch-virial-halpha-reines2013,0.0,non_lrd,0.0,formal_mbh_errors_exclude_virial_systematic;nominal_mass_uncorrected_for_dust,Nominal Table 1 mass and Halpha flux are uncorrected for dust; formal MBH errors exclude the approximately 0.5 dex virial-calibration systematic.,10000,20260808,30.0,0.1,1.0,True,split-normal-in-log-mbh,0.22,0.26,0.22,0.26,asymmetric,False,taylor_virial_plus_0p5dex,Taylor virial calibration sensitivity: MBH +0.5 dex,taylor_virial_calibration_sensitivity,taylor24_ceers_rubies_blagn_only,0.5,7.237353120086924,7.416505510998755,7.674585470587388,7.895650304414849,8.03844940100197,fedd0p3,0.3,4.889936424756474,5.069088815668305,5.327168775256938,5.548233609084399,5.691032705671519,0.8925,0.0006
v3-blagn,measurement,RUBIESUDS19521_taylor24,RUBIESUDS19521_taylor24,HZA-RUBIES-UDS-19521,RUBIES-UDS-19521,1,RUBIESUDS19521_taylor24,True,only catalogue measurement in this release,5.669,1.0008399784546649,RUBIES,UDS,broad-line-agn,robust,individual_robust,taylor24_ceers_rubies_blagn,Table 1 (Sample of BLAGN),The Astrophysical Journal 986:165 (2025); arXiv:2409.06772v2,https://iopscience.iop.org/article/10.3847/1538-4357/add15b,10.3847/1538-4357/add15b,single-epoch-virial-halpha-reines2013,0.0,non_lrd,0.0,formal_mbh_errors_exclude_virial_systematic;nominal_mass_uncorrected_for_dust,Nominal Table 1 mass and Halpha flux are uncorrected for dust; formal MBH errors exclude the approximately 0.5 dex virial-calibration systematic.,10000,20260808,30.0,0.1,1.0,True,split-normal-in-log-mbh,0.22,0.26,0.22,0.26,asymmetric,False,taylor_virial_plus_0p5dex,Taylor virial calibration sensitivity: MBH +0.5 dex,taylor_virial_calibration_sensitivity,taylor24_ceers_rubies_blagn_only,0.5,7.237353120086924,7.416505510998755,7.674585470587388,7.895650304414849,8.03844940100197,fedd1,1.0,-0.587369197681245,-0.40821680676941363,-0.15013684718078002,0.07092798664668051,0.21372708323380102,0.0,0.0
v3-blagn,measurement,RUBIESUDS29813_taylor24,RUBIESUDS29813_taylor24,HZA-RUBIES-UDS-29813,RUBIES-UDS-29813,1,RUBIESUDS29813_taylor24,True,only catalogue measurement in this release,5.44,1.0545534639492895,RUBIES,UDS,broad-line-agn,robust,individual_robust,taylor24_ceers_rubies_blagn,Table 1 (Sample of BLAGN),The Astrophysical Journal 986:165 (2025); arXiv:2409.06772v2,https://iopscience.iop.org/article/10.3847/1538-4357/add15b,10.3847/1538-4357/add15b,single-epoch-virial-halpha-reines2013,1.0,lrd,0.0,formal_mbh_errors_exclude_virial_systematic;nominal_mass_uncorrected_for_dust,Nominal Table 1 mass and Halpha flux are uncorrected for dust; formal MBH errors exclude the approximately 0.5 dex virial-calibration systematic.,10000,20260808,30.0,0.1,1.0,True,split-normal-in-log-mbh,0.09,0.09,0.09,0.09,symmetric_reported,False,baseline,reported MBH,none,all_sources,0.0,7.243061515290246,7.302095827016359,7.391529860898725,7.482331432522207,7.5383760242605655,fedd0p3,0.3,4.755679997835161,4.814714309561273,4.904148343443639,4.994949915067121,5.0509945068054805,0.1484,0.0
v3-blagn,measurement,RUBIESUDS29813_taylor24,RUBIESUDS29813_taylor24,HZA-RUBIES-UDS-29813,RUBIES-UDS-29813,1,RUBIESUDS29813_taylor24,True,only catalogue measurement in this release,5.44,1.0545534639492895,RUBIES,UDS,broad-line-agn,robust,individual_robust,taylor24_ceers_rubies_blagn,Table 1 (Sample of BLAGN),The Astrophysical Journal 986:165 (2025); arXiv:2409.06772v2,https://iopscience.iop.org/article/10.3847/1538-4357/add15b,10.3847/1538-4357/add15b,single-epoch-virial-halpha-reines2013,1.0,lrd,0.0,formal_mbh_errors_exclude_virial_systematic;nominal_mass_uncorrected_for_dust,Nominal Table 1 mass and Halpha flux are uncorrected for dust; formal MBH errors exclude the approximately 0.5 dex virial-calibration systematic.,10000,20260808,30.0,0.1,1.0,True,split-normal-in-log-mbh,0.09,0.09,0.09,0.09,symmetric_reported,False,baseline,reported MBH,none,all_sources,0.0,7.243061515290246,7.302095827016359,7.391529860898725,7.482331432522207,7.5383760242605655,fedd1,1.0,-1.048210209560041,-0.9891758978339277,-0.899741863951562,-0.8089402923280798,-0.7528957005897206,0.0,0.0
v3-blagn,measurement,RUBIESUDS29813_taylor24,RUBIESUDS29813_taylor24,HZA-RUBIES-UDS-29813,RUBIES-UDS-29813,1,RUBIESUDS29813_taylor24,True,only catalogue measurement in this release,5.44,1.0545534639492895,RUBIES,UDS,broad-line-agn,robust,individual_robust,taylor24_ceers_rubies_blagn,Table 1 (Sample of BLAGN),The Astrophysical Journal 986:165 (2025); arXiv:2409.06772v2,https://iopscience.iop.org/article/10.3847/1538-4357/add15b,10.3847/1538-4357/add15b,single-epoch-virial-halpha-reines2013,1.0,lrd,0.0,formal_mbh_errors_exclude_virial_systematic;nominal_mass_uncorrected_for_dust,Nominal Table 1 mass and Halpha flux are uncorrected for dust; formal MBH errors exclude the approximately 0.5 dex virial-calibration systematic.,10000,20260808,30.0,0.1,1.0,True,split-normal-in-log-mbh,0.09,0.09,0.09,0.09,symmetric_reported,False,mbh_minus_0p3dex,MBH -0.3 dex,global_comparison,all_sources,-0.3,6.943061515290246,7.002095827016359,7.091529860898724,7.182331432522207,7.238376024260566,fedd0p3,0.3,4.45567999783516,4.514714309561274,4.604148343443639,4.694949915067122,4.75099450680548,0.0,0.0
v3-blagn,measurement,RUBIESUDS29813_taylor24,RUBIESUDS29813_taylor24,HZA-RUBIES-UDS-29813,RUBIES-UDS-29813,1,RUBIESUDS29813_taylor24,True,only catalogue measurement in this release,5.44,1.0545534639492895,RUBIES,UDS,broad-line-agn,robust,individual_robust,taylor24_ceers_rubies_blagn,Table 1 (Sample of BLAGN),The Astrophysical Journal 986:165 (2025); arXiv:2409.06772v2,https://iopscience.iop.org/article/10.3847/1538-4357/add15b,10.3847/1538-4357/add15b,single-epoch-virial-halpha-reines2013,1.0,lrd,0.0,formal_mbh_errors_exclude_virial_systematic;nominal_mass_uncorrected_for_dust,Nominal Table 1 mass and Halpha flux are uncorrected for dust; formal MBH errors exclude the approximately 0.5 dex virial-calibration systematic.,10000,20260808,30.0,0.1,1.0,True,split-normal-in-log-mbh,0.09,0.09,0.09,0.09,symmetric_reported,False,mbh_minus_0p3dex,MBH -0.3 dex,global_comparison,all_sources,-0.3,6.943061515290246,7.002095827016359,7.091529860898724,7.182331432522207,7.238376024260566,fedd1,1.0,-1.3482102095600408,-1.2891758978339276,-1.1997418639515618,-1.1089402923280796,-1.0528957005897204,0.0,0.0
v3-blagn,measurement,RUBIESUDS29813_taylor24,RUBIESUDS29813_taylor24,HZA-RUBIES-UDS-29813,RUBIES-UDS-29813,1,RUBIESUDS29813_taylor24,True,only catalogue measurement in this release,5.44,1.0545534639492895,RUBIES,UDS,broad-line-agn,robust,individual_robust,taylor24_ceers_rubies_blagn,Table 1 (Sample of BLAGN),The Astrophysical Journal 986:165 (2025); arXiv:2409.06772v2,https://iopscience.iop.org/article/10.3847/1538-4357/add15b,10.3847/1538-4357/add15b,single-epoch-virial-halpha-reines2013,1.0,lrd,0.0,formal_mbh_errors_exclude_virial_systematic;nominal_mass_uncorrected_for_dust,Nominal Table 1 mass and Halpha flux are uncorrected for dust; formal MBH errors exclude the approximately 0.5 dex virial-calibration systematic.,10000,20260808,30.0,0.1,1.0,True,split-normal-in-log-mbh,0.09,0.09,0.09,0.09,symmetric_reported,False,mbh_plus_0p3dex,MBH +0.3 dex,global_comparison,all_sources,0.3,7.543061515290246,7.602095827016359,7.691529860898724,7.782331432522207,7.838376024260565,fedd0p3,0.3,5.05567999783516,5.114714309561274,5.204148343443639,5.2949499150671215,5.350994506805479,0.9878,0.0
v3-blagn,measurement,RUBIESUDS29813_taylor24,RUBIESUDS29813_taylor24,HZA-RUBIES-UDS-29813,RUBIES-UDS-29813,1,RUBIESUDS29813_taylor24,True,only catalogue measurement in this release,5.44,1.0545534639492895,RUBIES,UDS,broad-line-agn,robust,individual_robust,taylor24_ceers_rubies_blagn,Table 1 (Sample of BLAGN),The Astrophysical Journal 986:165 (2025); arXiv:2409.06772v2,https://iopscience.iop.org/article/10.3847/1538-4357/add15b,10.3847/1538-4357/add15b,single-epoch-virial-halpha-reines2013,1.0,lrd,0.0,formal_mbh_errors_exclude_virial_systematic;nominal_mass_uncorrected_for_dust,Nominal Table 1 mass and Halpha flux are uncorrected for dust; formal MBH errors exclude the approximately 0.5 dex virial-calibration systematic.,10000,20260808,30.0,0.1,1.0,True,split-normal-in-log-mbh,0.09,0.09,0.09,0.09,symmetric_reported,False,mbh_plus_0p3dex,MBH +0.3 dex,global_comparison,all_sources,0.3,7.543061515290246,7.602095827016359,7.691529860898724,7.782331432522207,7.838376024260565,fedd1,1.0,-0.7482102095600411,-0.6891758978339279,-0.5997418639515621,-0.50894029232808,-0.4528957005897208,0.0,0.0
v3-blagn,measurement,RUBIESUDS29813_taylor24,RUBIESUDS29813_taylor24,HZA-RUBIES-UDS-29813,RUBIES-UDS-29813,1,RUBIESUDS29813_taylor24,True,only catalogue measurement in this release,5.44,1.0545534639492895,RUBIES,UDS,broad-line-agn,robust,individual_robust,taylor24_ceers_rubies_blagn,Table 1 (Sample of BLAGN),The Astrophysical Journal 986:165 (2025); arXiv:2409.06772v2,https://iopscience.iop.org/article/10.3847/1538-4357/add15b,10.3847/1538-4357/add15b,single-epoch-virial-halpha-reines2013,1.0,lrd,0.0,formal_mbh_errors_exclude_virial_systematic;nominal_mass_uncorrected_for_dust,Nominal Table 1 mass and Halpha flux are uncorrected for dust; formal MBH errors exclude the approximately 0.5 dex virial-calibration systematic.,10000,20260808,30.0,0.1,1.0,True,split-normal-in-log-mbh,0.09,0.09,0.09,0.09,symmetric_reported,False,taylor_virial_minus_0p5dex,Taylor virial calibration sensitivity: MBH -0.5 dex,taylor_virial_calibration_sensitivity,taylor24_ceers_rubies_blagn_only,-0.5,6.743061515290246,6.802095827016359,6.891529860898725,6.982331432522207,7.0383760242605655,fedd0p3,0.3,4.255679997835161,4.314714309561273,4.404148343443639,4.494949915067121,4.5509945068054805,0.0,0.0
v3-blagn,measurement,RUBIESUDS29813_taylor24,RUBIESUDS29813_taylor24,HZA-RUBIES-UDS-29813,RUBIES-UDS-29813,1,RUBIESUDS29813_taylor24,True,only catalogue measurement in this release,5.44,1.0545534639492895,RUBIES,UDS,broad-line-agn,robust,individual_robust,taylor24_ceers_rubies_blagn,Table 1 (Sample of BLAGN),The Astrophysical Journal 986:165 (2025); arXiv:2409.06772v2,https://iopscience.iop.org/article/10.3847/1538-4357/add15b,10.3847/1538-4357/add15b,single-epoch-virial-halpha-reines2013,1.0,lrd,0.0,formal_mbh_errors_exclude_virial_systematic;nominal_mass_uncorrected_for_dust,Nominal Table 1 mass and Halpha flux are uncorrected for dust; formal MBH errors exclude the approximately 0.5 dex virial-calibration systematic.,10000,20260808,30.0,0.1,1.0,True,split-normal-in-log-mbh,0.09,0.09,0.09,0.09,symmetric_reported,False,taylor_virial_minus_0p5dex,Taylor virial calibration sensitivity: MBH -0.5 dex,taylor_virial_calibration_sensitivity,taylor24_ceers_rubies_blagn_only,-0.5,6.743061515290246,6.802095827016359,6.891529860898725,6.982331432522207,7.0383760242605655,fedd1,1.0,-1.548210209560041,-1.4891758978339278,-1.399741863951562,-1.3089402923280797,-1.2528957005897206,0.0,0.0
v3-blagn,measurement,RUBIESUDS29813_taylor24,RUBIESUDS29813_taylor24,HZA-RUBIES-UDS-29813,RUBIES-UDS-29813,1,RUBIESUDS29813_taylor24,True,only catalogue measurement in this release,5.44,1.0545534639492895,RUBIES,UDS,broad-line-agn,robust,individual_robust,taylor24_ceers_rubies_blagn,Table 1 (Sample of BLAGN),The Astrophysical Journal 986:165 (2025); arXiv:2409.06772v2,https://iopscience.iop.org/article/10.3847/1538-4357/add15b,10.3847/1538-4357/add15b,single-epoch-virial-halpha-reines2013,1.0,lrd,0.0,formal_mbh_errors_exclude_virial_systematic;nominal_mass_uncorrected_for_dust,Nominal Table 1 mass and Halpha flux are uncorrected for dust; formal MBH errors exclude the approximately 0.5 dex virial-calibration systematic.,10000,20260808,30.0,0.1,1.0,True,split-normal-in-log-mbh,0.09,0.09,0.09,0.09,symmetric_reported,False,taylor_virial_plus_0p5dex,Taylor virial calibration sensitivity: MBH +0.5 dex,taylor_virial_calibration_sensitivity,taylor24_ceers_rubies_blagn_only,0.5,7.743061515290246,7.802095827016359,7.891529860898725,7.982331432522207,8.038376024260565,fedd0p3,0.3,5.255679997835161,5.314714309561273,5.404148343443639,5.494949915067121,5.550994506805479,0.9999,0.0
v3-blagn,measurement,RUBIESUDS29813_taylor24,RUBIESUDS29813_taylor24,HZA-RUBIES-UDS-29813,RUBIES-UDS-29813,1,RUBIESUDS29813_taylor24,True,only catalogue measurement in this release,5.44,1.0545534639492895,RUBIES,UDS,broad-line-agn,robust,individual_robust,taylor24_ceers_rubies_blagn,Table 1 (Sample of BLAGN),The Astrophysical Journal 986:165 (2025); arXiv:2409.06772v2,https://iopscience.iop.org/article/10.3847/1538-4357/add15b,10.3847/1538-4357/add15b,single-epoch-virial-halpha-reines2013,1.0,lrd,0.0,formal_mbh_errors_exclude_virial_systematic;nominal_mass_uncorrected_for_dust,Nominal Table 1 mass and Halpha flux are uncorrected for dust; formal MBH errors exclude the approximately 0.5 dex virial-calibration systematic.,10000,20260808,30.0,0.1,1.0,True,split-normal-in-log-mbh,0.09,0.09,0.09,0.09,symmetric_reported,False,taylor_virial_plus_0p5dex,Taylor virial calibration sensitivity: MBH +0.5 dex,taylor_virial_calibration_sensitivity,taylor24_ceers_rubies_blagn_only,0.5,7.743061515290246,7.802095827016359,7.891529860898725,7.982331432522207,8.038376024260565,fedd1,1.0,-0.548210209560041,-0.4891758978339277,-0.39974186395156197,-0.3089402923280798,-0.25289570058972144,0.0,0.0
v3-blagn,measurement,RUBIESUDS30969_taylor24,RUBIESUDS30969_taylor24,HZA-RUBIES-UDS-30969,RUBIES-UDS-30969,1,RUBIESUDS30969_taylor24,True,only catalogue measurement in this release,4.0,1.539142050077643,RUBIES,UDS,broad-line-agn,robust,individual_robust,taylor24_ceers_rubies_blagn,Table 1 (Sample of BLAGN),The Astrophysical Journal 986:165 (2025); arXiv:2409.06772v2,https://iopscience.iop.org/article/10.3847/1538-4357/add15b,10.3847/1538-4357/add15b,single-epoch-virial-halpha-reines2013,0.0,non_lrd,0.0,formal_mbh_errors_exclude_virial_systematic;nominal_mass_uncorrected_for_dust,Nominal Table 1 mass and Halpha flux are uncorrected for dust; formal MBH errors exclude the approximately 0.5 dex virial-calibration systematic.,10000,20260808,30.0,0.1,1.0,True,split-normal-in-log-mbh,0.07,0.08,0.07,0.08,asymmetric,False,baseline,reported MBH,none,all_sources,0.0,6.609094420330148,6.659633499036041,6.740321867704706,6.8089689889306175,6.855950390780186,fedd0p3,0.3,2.8589880091820064,2.9095270878879,2.9902154565565646,3.058862577782476,3.1058439796320445,0.0,0.0
v3-blagn,measurement,RUBIESUDS30969_taylor24,RUBIESUDS30969_taylor24,HZA-RUBIES-UDS-30969,RUBIES-UDS-30969,1,RUBIESUDS30969_taylor24,True,only catalogue measurement in this release,4.0,1.539142050077643,RUBIES,UDS,broad-line-agn,robust,individual_robust,taylor24_ceers_rubies_blagn,Table 1 (Sample of BLAGN),The Astrophysical Journal 986:165 (2025); arXiv:2409.06772v2,https://iopscience.iop.org/article/10.3847/1538-4357/add15b,10.3847/1538-4357/add15b,single-epoch-virial-halpha-reines2013,0.0,non_lrd,0.0,formal_mbh_errors_exclude_virial_systematic;nominal_mass_uncorrected_for_dust,Nominal Table 1 mass and Halpha flux are uncorrected for dust; formal MBH errors exclude the approximately 0.5 dex virial-calibration systematic.,10000,20260808,30.0,0.1,1.0,True,split-normal-in-log-mbh,0.07,0.08,0.07,0.08,asymmetric,False,baseline,reported MBH,none,all_sources,0.0,6.609094420330148,6.659633499036041,6.740321867704706,6.8089689889306175,6.855950390780186,fedd1,1.0,-5.89126028349699,-5.840721204791097,-5.760032836122432,-5.691385714896521,-5.644404313046953,0.0,0.0
v3-blagn,measurement,RUBIESUDS30969_taylor24,RUBIESUDS30969_taylor24,HZA-RUBIES-UDS-30969,RUBIES-UDS-30969,1,RUBIESUDS30969_taylor24,True,only catalogue measurement in this release,4.0,1.539142050077643,RUBIES,UDS,broad-line-agn,robust,individual_robust,taylor24_ceers_rubies_blagn,Table 1 (Sample of BLAGN),The Astrophysical Journal 986:165 (2025); arXiv:2409.06772v2,https://iopscience.iop.org/article/10.3847/1538-4357/add15b,10.3847/1538-4357/add15b,single-epoch-virial-halpha-reines2013,0.0,non_lrd,0.0,formal_mbh_errors_exclude_virial_systematic;nominal_mass_uncorrected_for_dust,Nominal Table 1 mass and Halpha flux are uncorrected for dust; formal MBH errors exclude the approximately 0.5 dex virial-calibration systematic.,10000,20260808,30.0,0.1,1.0,True,split-normal-in-log-mbh,0.07,0.08,0.07,0.08,asymmetric,False,mbh_minus_0p3dex,MBH -0.3 dex,global_comparison,all_sources,-0.3,6.3090944203301484,6.3596334990360415,6.440321867704706,6.508968988930618,6.555950390780186,fedd0p3,0.3,2.5589880091820065,2.6095270878879,2.690215456556565,2.7588625777824762,2.8058439796320447,0.0,0.0
v3-blagn,measurement,RUBIESUDS30969_taylor24,RUBIESUDS30969_taylor24,HZA-RUBIES-UDS-30969,RUBIES-UDS-30969,1,RUBIESUDS30969_taylor24,True,only catalogue measurement in this release,4.0,1.539142050077643,RUBIES,UDS,broad-line-agn,robust,individual_robust,taylor24_ceers_rubies_blagn,Table 1 (Sample of BLAGN),The Astrophysical Journal 986:165 (2025); arXiv:2409.06772v2,https://iopscience.iop.org/article/10.3847/1538-4357/add15b,10.3847/1538-4357/add15b,single-epoch-virial-halpha-reines2013,0.0,non_lrd,0.0,formal_mbh_errors_exclude_virial_systematic;nominal_mass_uncorrected_for_dust,Nominal Table 1 mass and Halpha flux are uncorrected for dust; formal MBH errors exclude the approximately 0.5 dex virial-calibration systematic.,10000,20260808,30.0,0.1,1.0,True,split-normal-in-log-mbh,0.07,0.08,0.07,0.08,asymmetric,False,mbh_minus_0p3dex,MBH -0.3 dex,global_comparison,all_sources,-0.3,6.3090944203301484,6.3596334990360415,6.440321867704706,6.508968988930618,6.555950390780186,fedd1,1.0,-6.19126028349699,-6.140721204791097,-6.060032836122432,-5.991385714896521,-5.944404313046952,0.0,0.0
v3-blagn,measurement,RUBIESUDS30969_taylor24,RUBIESUDS30969_taylor24,HZA-RUBIES-UDS-30969,RUBIES-UDS-30969,1,RUBIESUDS30969_taylor24,True,only catalogue measurement in this release,4.0,1.539142050077643,RUBIES,UDS,broad-line-agn,robust,individual_robust,taylor24_ceers_rubies_blagn,Table 1 (Sample of BLAGN),The Astrophysical Journal 986:165 (2025); arXiv:2409.06772v2,https://iopscience.iop.org/article/10.3847/1538-4357/add15b,10.3847/1538-4357/add15b,single-epoch-virial-halpha-reines2013,0.0,non_lrd,0.0,formal_mbh_errors_exclude_virial_systematic;nominal_mass_uncorrected_for_dust,Nominal Table 1 mass and Halpha flux are uncorrected for dust; formal MBH errors exclude the approximately 0.5 dex virial-calibration systematic.,10000,20260808,30.0,0.1,1.0,True,split-normal-in-log-mbh,0.07,0.08,0.07,0.08,asymmetric,False,mbh_plus_0p3dex,MBH +0.3 dex,global_comparison,all_sources,0.3,6.909094420330148,6.959633499036041,7.040321867704706,7.108968988930617,7.155950390780186,fedd0p3,0.3,3.158988009182006,3.2095270878878996,3.2902154565565644,3.358862577782476,3.4058439796320443,0.0,0.0
v3-blagn,measurement,RUBIESUDS30969_taylor24,RUBIESUDS30969_taylor24,HZA-RUBIES-UDS-30969,RUBIES-UDS-30969,1,RUBIESUDS30969_taylor24,True,only catalogue measurement in this release,4.0,1.539142050077643,RUBIES,UDS,broad-line-agn,robust,individual_robust,taylor24_ceers_rubies_blagn,Table 1 (Sample of BLAGN),The Astrophysical Journal 986:165 (2025); arXiv:2409.06772v2,https://iopscience.iop.org/article/10.3847/1538-4357/add15b,10.3847/1538-4357/add15b,single-epoch-virial-halpha-reines2013,0.0,non_lrd,0.0,formal_mbh_errors_exclude_virial_systematic;nominal_mass_uncorrected_for_dust,Nominal Table 1 mass and Halpha flux are uncorrected for dust; formal MBH errors exclude the approximately 0.5 dex virial-calibration systematic.,10000,20260808,30.0,0.1,1.0,True,split-normal-in-log-mbh,0.07,0.08,0.07,0.08,asymmetric,False,mbh_plus_0p3dex,MBH +0.3 dex,global_comparison,all_sources,0.3,6.909094420330148,6.959633499036041,7.040321867704706,7.108968988930617,7.155950390780186,fedd1,1.0,-5.5912602834969904,-5.540721204791097,-5.460032836122433,-5.391385714896521,-5.344404313046953,0.0,0.0
v3-blagn,measurement,RUBIESUDS30969_taylor24,RUBIESUDS30969_taylor24,HZA-RUBIES-UDS-30969,RUBIES-UDS-30969,1,RUBIESUDS30969_taylor24,True,only catalogue measurement in this release,4.0,1.539142050077643,RUBIES,UDS,broad-line-agn,robust,individual_robust,taylor24_ceers_rubies_blagn,Table 1 (Sample of BLAGN),The Astrophysical Journal 986:165 (2025); arXiv:2409.06772v2,https://iopscience.iop.org/article/10.3847/1538-4357/add15b,10.3847/1538-4357/add15b,single-epoch-virial-halpha-reines2013,0.0,non_lrd,0.0,formal_mbh_errors_exclude_virial_systematic;nominal_mass_uncorrected_for_dust,Nominal Table 1 mass and Halpha flux are uncorrected for dust; formal MBH errors exclude the approximately 0.5 dex virial-calibration systematic.,10000,20260808,30.0,0.1,1.0,True,split-normal-in-log-mbh,0.07,0.08,0.07,0.08,asymmetric,False,taylor_virial_minus_0p5dex,Taylor virial calibration sensitivity: MBH -0.5 dex,taylor_virial_calibration_sensitivity,taylor24_ceers_rubies_blagn_only,-0.5,6.109094420330148,6.159633499036041,6.240321867704706,6.3089689889306175,6.355950390780186,fedd0p3,0.3,2.3589880091820064,2.4095270878879,2.4902154565565646,2.558862577782476,2.6058439796320445,0.0,0.0
v3-blagn,measurement,RUBIESUDS30969_taylor24,RUBIESUDS30969_taylor24,HZA-RUBIES-UDS-30969,RUBIES-UDS-30969,1,RUBIESUDS30969_taylor24,True,only catalogue measurement in this release,4.0,1.539142050077643,RUBIES,UDS,broad-line-agn,robust,individual_robust,taylor24_ceers_rubies_blagn,Table 1 (Sample of BLAGN),The Astrophysical Journal 986:165 (2025); arXiv:2409.06772v2,https://iopscience.iop.org/article/10.3847/1538-4357/add15b,10.3847/1538-4357/add15b,single-epoch-virial-halpha-reines2013,0.0,non_lrd,0.0,formal_mbh_errors_exclude_virial_systematic;nominal_mass_uncorrected_for_dust,Nominal Table 1 mass and Halpha flux are uncorrected for dust; formal MBH errors exclude the approximately 0.5 dex virial-calibration systematic.,10000,20260808,30.0,0.1,1.0,True,split-normal-in-log-mbh,0.07,0.08,0.07,0.08,asymmetric,False,taylor_virial_minus_0p5dex,Taylor virial calibration sensitivity: MBH -0.5 dex,taylor_virial_calibration_sensitivity,taylor24_ceers_rubies_blagn_only,-0.5,6.109094420330148,6.159633499036041,6.240321867704706,6.3089689889306175,6.355950390780186,fedd1,1.0,-6.39126028349699,-6.340721204791097,-6.260032836122432,-6.191385714896521,-6.144404313046953,0.0,0.0
v3-blagn,measurement,RUBIESUDS30969_taylor24,RUBIESUDS30969_taylor24,HZA-RUBIES-UDS-30969,RUBIES-UDS-30969,1,RUBIESUDS30969_taylor24,True,only catalogue measurement in this release,4.0,1.539142050077643,RUBIES,UDS,broad-line-agn,robust,individual_robust,taylor24_ceers_rubies_blagn,Table 1 (Sample of BLAGN),The Astrophysical Journal 986:165 (2025); arXiv:2409.06772v2,https://iopscience.iop.org/article/10.3847/1538-4357/add15b,10.3847/1538-4357/add15b,single-epoch-virial-halpha-reines2013,0.0,non_lrd,0.0,formal_mbh_errors_exclude_virial_systematic;nominal_mass_uncorrected_for_dust,Nominal Table 1 mass and Halpha flux are uncorrected for dust; formal MBH errors exclude the approximately 0.5 dex virial-calibration systematic.,10000,20260808,30.0,0.1,1.0,True,split-normal-in-log-mbh,0.07,0.08,0.07,0.08,asymmetric,False,taylor_virial_plus_0p5dex,Taylor virial calibration sensitivity: MBH +0.5 dex,taylor_virial_calibration_sensitivity,taylor24_ceers_rubies_blagn_only,0.5,7.109094420330148,7.159633499036041,7.240321867704706,7.3089689889306175,7.355950390780186,fedd0p3,0.3,3.3589880091820064,3.4095270878879,3.4902154565565646,3.558862577782476,3.6058439796320445,0.0,0.0
v3-blagn,measurement,RUBIESUDS30969_taylor24,RUBIESUDS30969_taylor24,HZA-RUBIES-UDS-30969,RUBIES-UDS-30969,1,RUBIESUDS30969_taylor24,True,only catalogue measurement in this release,4.0,1.539142050077643,RUBIES,UDS,broad-line-agn,robust,individual_robust,taylor24_ceers_rubies_blagn,Table 1 (Sample of BLAGN),The Astrophysical Journal 986:165 (2025); arXiv:2409.06772v2,https://iopscience.iop.org/article/10.3847/1538-4357/add15b,10.3847/1538-4357/add15b,single-epoch-virial-halpha-reines2013,0.0,non_lrd,0.0,formal_mbh_errors_exclude_virial_systematic;nominal_mass_uncorrected_for_dust,Nominal Table 1 mass and Halpha flux are uncorrected for dust; formal MBH errors exclude the approximately 0.5 dex virial-calibration systematic.,10000,20260808,30.0,0.1,1.0,True,split-normal-in-log-mbh,0.07,0.08,0.07,0.08,asymmetric,False,taylor_virial_plus_0p5dex,Taylor virial calibration sensitivity: MBH +0.5 dex,taylor_virial_calibration_sensitivity,taylor24_ceers_rubies_blagn_only,0.5,7.109094420330148,7.159633499036041,7.240321867704706,7.3089689889306175,7.355950390780186,fedd1,1.0,-5.39126028349699,-5.340721204791097,-5.260032836122432,-5.191385714896521,-5.144404313046953,0.0,0.0
v3-blagn,measurement,RUBIESUDS31747_taylor24,RUBIESUDS31747_taylor24,HZA-RUBIES-UDS-31747,RUBIES-UDS-31747,1,RUBIESUDS31747_taylor24,True,only catalogue measurement in this release,4.13,1.4813233087212372,RUBIES,UDS,broad-line-agn,robust,individual_robust,taylor24_ceers_rubies_blagn,Table 1 (Sample of BLAGN),The Astrophysical Journal 986:165 (2025); arXiv:2409.06772v2,https://iopscience.iop.org/article/10.3847/1538-4357/add15b,10.3847/1538-4357/add15b,single-epoch-virial-halpha-reines2013,1.0,lrd,0.0,formal_mbh_errors_exclude_virial_systematic;nominal_mass_uncorrected_for_dust,Nominal Table 1 mass and Halpha flux are uncorrected for dust; formal MBH errors exclude the approximately 0.5 dex virial-calibration systematic.,10000,20260808,30.0,0.1,1.0,True,split-normal-in-log-mbh,0.05,0.05,0.05,0.05,symmetric_reported,False,baseline,reported MBH,none,all_sources,0.0,7.0891164240353595,7.12159164423195,7.171089056701646,7.220162928967257,7.251887320773708,fedd0p3,0.3,3.4896721748172883,3.522147395013879,3.571644807483575,3.6207186797491855,3.6524430715556364,0.0,0.0
v3-blagn,measurement,RUBIESUDS31747_taylor24,RUBIESUDS31747_taylor24,HZA-RUBIES-UDS-31747,RUBIES-UDS-31747,1,RUBIESUDS31747_taylor24,True,only catalogue measurement in this release,4.13,1.4813233087212372,RUBIES,UDS,broad-line-agn,robust,individual_robust,taylor24_ceers_rubies_blagn,Table 1 (Sample of BLAGN),The Astrophysical Journal 986:165 (2025); arXiv:2409.06772v2,https://iopscience.iop.org/article/10.3847/1538-4357/add15b,10.3847/1538-4357/add15b,single-epoch-virial-halpha-reines2013,1.0,lrd,0.0,formal_mbh_errors_exclude_virial_systematic;nominal_mass_uncorrected_for_dust,Nominal Table 1 mass and Halpha flux are uncorrected for dust; formal MBH errors exclude the approximately 0.5 dex virial-calibration systematic.,10000,20260808,30.0,0.1,1.0,True,split-normal-in-log-mbh,0.05,0.05,0.05,0.05,symmetric_reported,False,baseline,reported MBH,none,all_sources,0.0,7.0891164240353595,7.12159164423195,7.171089056701646,7.220162928967257,7.251887320773708,fedd1,1.0,-4.909031073358212,-4.876555853161621,-4.827058440691925,-4.777984568426314,-4.746260176619863,0.0,0.0
v3-blagn,measurement,RUBIESUDS31747_taylor24,RUBIESUDS31747_taylor24,HZA-RUBIES-UDS-31747,RUBIES-UDS-31747,1,RUBIESUDS31747_taylor24,True,only catalogue measurement in this release,4.13,1.4813233087212372,RUBIES,UDS,broad-line-agn,robust,individual_robust,taylor24_ceers_rubies_blagn,Table 1 (Sample of BLAGN),The Astrophysical Journal 986:165 (2025); arXiv:2409.06772v2,https://iopscience.iop.org/article/10.3847/1538-4357/add15b,10.3847/1538-4357/add15b,single-epoch-virial-halpha-reines2013,1.0,lrd,0.0,formal_mbh_errors_exclude_virial_systematic;nominal_mass_uncorrected_for_dust,Nominal Table 1 mass and Halpha flux are uncorrected for dust; formal MBH errors exclude the approximately 0.5 dex virial-calibration systematic.,10000,20260808,30.0,0.1,1.0,True,split-normal-in-log-mbh,0.05,0.05,0.05,0.05,symmetric_reported,False,mbh_minus_0p3dex,MBH -0.3 dex,global_comparison,all_sources,-0.3,6.78911642403536,6.82159164423195,6.871089056701647,6.920162928967257,6.951887320773708,fedd0p3,0.3,3.1896721748172885,3.222147395013879,3.2716448074835753,3.3207186797491857,3.3524430715556366,0.0,0.0
v3-blagn,measurement,RUBIESUDS31747_taylor24,RUBIESUDS31747_taylor24,HZA-RUBIES-UDS-31747,RUBIES-UDS-31747,1,RUBIESUDS31747_taylor24,True,only catalogue measurement in this release,4.13,1.4813233087212372,RUBIES,UDS,broad-line-agn,robust,individual_robust,taylor24_ceers_rubies_blagn,Table 1 (Sample of BLAGN),The Astrophysical Journal 986:165 (2025); arXiv:2409.06772v2,https://iopscience.iop.org/article/10.3847/1538-4357/add15b,10.3847/1538-4357/add15b,single-epoch-virial-halpha-reines2013,1.0,lrd,0.0,formal_mbh_errors_exclude_virial_systematic;nominal_mass_uncorrected_for_dust,Nominal Table 1 mass and Halpha flux are uncorrected for dust; formal MBH errors exclude the approximately 0.5 dex virial-calibration systematic.,10000,20260808,30.0,0.1,1.0,True,split-normal-in-log-mbh,0.05,0.05,0.05,0.05,symmetric_reported,False,mbh_minus_0p3dex,MBH -0.3 dex,global_comparison,all_sources,-0.3,6.78911642403536,6.82159164423195,6.871089056701647,6.920162928967257,6.951887320773708,fedd1,1.0,-5.2090310733582115,-5.176555853161621,-5.127058440691924,-5.077984568426314,-5.046260176619863,0.0,0.0
v3-blagn,measurement,RUBIESUDS31747_taylor24,RUBIESUDS31747_taylor24,HZA-RUBIES-UDS-31747,RUBIES-UDS-31747,1,RUBIESUDS31747_taylor24,True,only catalogue measurement in this release,4.13,1.4813233087212372,RUBIES,UDS,broad-line-agn,robust,individual_robust,taylor24_ceers_rubies_blagn,Table 1 (Sample of BLAGN),The Astrophysical Journal 986:165 (2025); arXiv:2409.06772v2,https://iopscience.iop.org/article/10.3847/1538-4357/add15b,10.3847/1538-4357/add15b,single-epoch-virial-halpha-reines2013,1.0,lrd,0.0,formal_mbh_errors_exclude_virial_systematic;nominal_mass_uncorrected_for_dust,Nominal Table 1 mass and Halpha flux are uncorrected for dust; formal MBH errors exclude the approximately 0.5 dex virial-calibration systematic.,10000,20260808,30.0,0.1,1.0,True,split-normal-in-log-mbh,0.05,0.05,0.05,0.05,symmetric_reported,False,mbh_plus_0p3dex,MBH +0.3 dex,global_comparison,all_sources,0.3,7.389116424035359,7.42159164423195,7.471089056701647,7.520162928967257,7.551887320773708,fedd0p3,0.3,3.789672174817288,3.8221473950138787,3.871644807483575,3.9207186797491853,3.9524430715556362,0.0,0.0
v3-blagn,measurement,RUBIESUDS31747_taylor24,RUBIESUDS31747_taylor24,HZA-RUBIES-UDS-31747,RUBIES-UDS-31747,1,RUBIESUDS31747_taylor24,True,only catalogue measurement in this release,4.13,1.4813233087212372,RUBIES,UDS,broad-line-agn,robust,individual_robust,taylor24_ceers_rubies_blagn,Table 1 (Sample of BLAGN),The Astrophysical Journal 986:165 (2025); arXiv:2409.06772v2,https://iopscience.iop.org/article/10.3847/1538-4357/add15b,10.3847/1538-4357/add15b,single-epoch-virial-halpha-reines2013,1.0,lrd,0.0,formal_mbh_errors_exclude_virial_systematic;nominal_mass_uncorrected_for_dust,Nominal Table 1 mass and Halpha flux are uncorrected for dust; formal MBH errors exclude the approximately 0.5 dex virial-calibration systematic.,10000,20260808,30.0,0.1,1.0,True,split-normal-in-log-mbh,0.05,0.05,0.05,0.05,symmetric_reported,False,mbh_plus_0p3dex,MBH +0.3 dex,global_comparison,all_sources,0.3,7.389116424035359,7.42159164423195,7.471089056701647,7.520162928967257,7.551887320773708,fedd1,1.0,-4.609031073358212,-4.576555853161621,-4.527058440691924,-4.477984568426314,-4.446260176619863,0.0,0.0
v3-blagn,measurement,RUBIESUDS31747_taylor24,RUBIESUDS31747_taylor24,HZA-RUBIES-UDS-31747,RUBIES-UDS-31747,1,RUBIESUDS31747_taylor24,True,only catalogue measurement in this release,4.13,1.4813233087212372,RUBIES,UDS,broad-line-agn,robust,individual_robust,taylor24_ceers_rubies_blagn,Table 1 (Sample of BLAGN),The Astrophysical Journal 986:165 (2025); arXiv:2409.06772v2,https://iopscience.iop.org/article/10.3847/1538-4357/add15b,10.3847/1538-4357/add15b,single-epoch-virial-halpha-reines2013,1.0,lrd,0.0,formal_mbh_errors_exclude_virial_systematic;nominal_mass_uncorrected_for_dust,Nominal Table 1 mass and Halpha flux are uncorrected for dust; formal MBH errors exclude the approximately 0.5 dex virial-calibration systematic.,10000,20260808,30.0,0.1,1.0,True,split-normal-in-log-mbh,0.05,0.05,0.05,0.05,symmetric_reported,False,taylor_virial_minus_0p5dex,Taylor virial calibration sensitivity: MBH -0.5 dex,taylor_virial_calibration_sensitivity,taylor24_ceers_rubies_blagn_only,-0.5,6.5891164240353595,6.62159164423195,6.671089056701646,6.720162928967257,6.751887320773708,fedd0p3,0.3,2.9896721748172883,3.022147395013879,3.071644807483575,3.1207186797491855,3.1524430715556364,0.0,0.0
v3-blagn,measurement,RUBIESUDS31747_taylor24,RUBIESUDS31747_taylor24,HZA-RUBIES-UDS-31747,RUBIES-UDS-31747,1,RUBIESUDS31747_taylor24,True,only catalogue measurement in this release,4.13,1.4813233087212372,RUBIES,UDS,broad-line-agn,robust,individual_robust,taylor24_ceers_rubies_blagn,Table 1 (Sample of BLAGN),The Astrophysical Journal 986:165 (2025); arXiv:2409.06772v2,https://iopscience.iop.org/article/10.3847/1538-4357/add15b,10.3847/1538-4357/add15b,single-epoch-virial-halpha-reines2013,1.0,lrd,0.0,formal_mbh_errors_exclude_virial_systematic;nominal_mass_uncorrected_for_dust,Nominal Table 1 mass and Halpha flux are uncorrected for dust; formal MBH errors exclude the approximately 0.5 dex virial-calibration systematic.,10000,20260808,30.0,0.1,1.0,True,split-normal-in-log-mbh,0.05,0.05,0.05,0.05,symmetric_reported,False,taylor_virial_minus_0p5dex,Taylor virial calibration sensitivity: MBH -0.5 dex,taylor_virial_calibration_sensitivity,taylor24_ceers_rubies_blagn_only,-0.5,6.5891164240353595,6.62159164423195,6.671089056701646,6.720162928967257,6.751887320773708,fedd1,1.0,-5.409031073358212,-5.376555853161621,-5.327058440691925,-5.277984568426314,-5.246260176619863,0.0,0.0
v3-blagn,measurement,RUBIESUDS31747_taylor24,RUBIESUDS31747_taylor24,HZA-RUBIES-UDS-31747,RUBIES-UDS-31747,1,RUBIESUDS31747_taylor24,True,only catalogue measurement in this release,4.13,1.4813233087212372,RUBIES,UDS,broad-line-agn,robust,individual_robust,taylor24_ceers_rubies_blagn,Table 1 (Sample of BLAGN),The Astrophysical Journal 986:165 (2025); arXiv:2409.06772v2,https://iopscience.iop.org/article/10.3847/1538-4357/add15b,10.3847/1538-4357/add15b,single-epoch-virial-halpha-reines2013,1.0,lrd,0.0,formal_mbh_errors_exclude_virial_systematic;nominal_mass_uncorrected_for_dust,Nominal Table 1 mass and Halpha flux are uncorrected for dust; formal MBH errors exclude the approximately 0.5 dex virial-calibration systematic.,10000,20260808,30.0,0.1,1.0,True,split-normal-in-log-mbh,0.05,0.05,0.05,0.05,symmetric_reported,False,taylor_virial_plus_0p5dex,Taylor virial calibration sensitivity: MBH +0.5 dex,taylor_virial_calibration_sensitivity,taylor24_ceers_rubies_blagn_only,0.5,7.5891164240353595,7.62159164423195,7.671089056701646,7.720162928967257,7.751887320773708,fedd0p3,0.3,3.9896721748172883,4.022147395013879,4.071644807483575,4.120718679749185,4.152443071555637,0.0,0.0
v3-blagn,measurement,RUBIESUDS31747_taylor24,RUBIESUDS31747_taylor24,HZA-RUBIES-UDS-31747,RUBIES-UDS-31747,1,RUBIESUDS31747_taylor24,True,only catalogue measurement in this release,4.13,1.4813233087212372,RUBIES,UDS,broad-line-agn,robust,individual_robust,taylor24_ceers_rubies_blagn,Table 1 (Sample of BLAGN),The Astrophysical Journal 986:165 (2025); arXiv:2409.06772v2,https://iopscience.iop.org/article/10.3847/1538-4357/add15b,10.3847/1538-4357/add15b,single-epoch-virial-halpha-reines2013,1.0,lrd,0.0,formal_mbh_errors_exclude_virial_systematic;nominal_mass_uncorrected_for_dust,Nominal Table 1 mass and Halpha flux are uncorrected for dust; formal MBH errors exclude the approximately 0.5 dex virial-calibration systematic.,10000,20260808,30.0,0.1,1.0,True,split-normal-in-log-mbh,0.05,0.05,0.05,0.05,symmetric_reported,False,taylor_virial_plus_0p5dex,Taylor virial calibration sensitivity: MBH +0.5 dex,taylor_virial_calibration_sensitivity,taylor24_ceers_rubies_blagn_only,0.5,7.5891164240353595,7.62159164423195,7.671089056701646,7.720162928967257,7.751887320773708,fedd1,1.0,-4.409031073358212,-4.376555853161621,-4.327058440691925,-4.277984568426314,-4.246260176619863,0.0,0.0
v3-blagn,measurement,RUBIESUDS35974_taylor24,RUBIESUDS35974_taylor24,HZA-RUBIES-UDS-35974,RUBIES-UDS-35974,1,RUBIESUDS35974_taylor24,True,only catalogue measurement in this release,4.367,1.384760384875935,RUBIES,UDS,broad-line-agn,robust,individual_robust,taylor24_ceers_rubies_blagn,Table 1 (Sample of BLAGN),The Astrophysical Journal 986:165 (2025); arXiv:2409.06772v2,https://iopscience.iop.org/article/10.3847/1538-4357/add15b,10.3847/1538-4357/add15b,single-epoch-virial-halpha-reines2013,0.0,non_lrd,0.0,formal_mbh_errors_exclude_virial_systematic;nominal_mass_uncorrected_for_dust,Nominal Table 1 mass and Halpha flux are uncorrected for dust; formal MBH errors exclude the approximately 0.5 dex virial-calibration systematic.,10000,20260808,30.0,0.1,1.0,True,split-normal-in-log-mbh,0.09,0.11,0.09,0.11,asymmetric,False,baseline,reported MBH,none,all_sources,0.0,6.617430669403117,6.690782009393635,6.8007320507537745,6.889207486436146,6.94711432873254,fedd0p3,0.3,3.2696068900797974,3.3429582300703156,3.4529082714304553,3.5413837071128276,3.5992905494092216,0.0,0.0
v3-blagn,measurement,RUBIESUDS35974_taylor24,RUBIESUDS35974_taylor24,HZA-RUBIES-UDS-35974,RUBIES-UDS-35974,1,RUBIESUDS35974_taylor24,True,only catalogue measurement in this release,4.367,1.384760384875935,RUBIES,UDS,broad-line-agn,robust,individual_robust,taylor24_ceers_rubies_blagn,Table 1 (Sample of BLAGN),The Astrophysical Journal 986:165 (2025); arXiv:2409.06772v2,https://iopscience.iop.org/article/10.3847/1538-4357/add15b,10.3847/1538-4357/add15b,single-epoch-virial-halpha-reines2013,0.0,non_lrd,0.0,formal_mbh_errors_exclude_virial_systematic;nominal_mass_uncorrected_for_dust,Nominal Table 1 mass and Halpha flux are uncorrected for dust; formal MBH errors exclude the approximately 0.5 dex virial-calibration systematic.,10000,20260808,30.0,0.1,1.0,True,split-normal-in-log-mbh,0.09,0.11,0.09,0.11,asymmetric,False,baseline,reported MBH,none,all_sources,0.0,6.617430669403117,6.690782009393635,6.8007320507537745,6.889207486436146,6.94711432873254,fedd1,1.0,-4.541981928341279,-4.468630588350761,-4.358680546990621,-4.2702051113082495,-4.212298269011856,0.0,0.0
v3-blagn,measurement,RUBIESUDS35974_taylor24,RUBIESUDS35974_taylor24,HZA-RUBIES-UDS-35974,RUBIES-UDS-35974,1,RUBIESUDS35974_taylor24,True,only catalogue measurement in this release,4.367,1.384760384875935,RUBIES,UDS,broad-line-agn,robust,individual_robust,taylor24_ceers_rubies_blagn,Table 1 (Sample of BLAGN),The Astrophysical Journal 986:165 (2025); arXiv:2409.06772v2,https://iopscience.iop.org/article/10.3847/1538-4357/add15b,10.3847/1538-4357/add15b,single-epoch-virial-halpha-reines2013,0.0,non_lrd,0.0,formal_mbh_errors_exclude_virial_systematic;nominal_mass_uncorrected_for_dust,Nominal Table 1 mass and Halpha flux are uncorrected for dust; formal MBH errors exclude the approximately 0.5 dex virial-calibration systematic.,10000,20260808,30.0,0.1,1.0,True,split-normal-in-log-mbh,0.09,0.11,0.09,0.11,asymmetric,False,mbh_minus_0p3dex,MBH -0.3 dex,global_comparison,all_sources,-0.3,6.317430669403117,6.390782009393635,6.500732050753774,6.5892074864361465,6.64711432873254,fedd0p3,0.3,2.9696068900797976,3.0429582300703157,3.1529082714304555,3.2413837071128278,3.2992905494092217,0.0,0.0
v3-blagn,measurement,RUBIESUDS35974_taylor24,RUBIESUDS35974_taylor24,HZA-RUBIES-UDS-35974,RUBIES-UDS-35974,1,RUBIESUDS35974_taylor24,True,only catalogue measurement in this release,4.367,1.384760384875935,RUBIES,UDS,broad-line-agn,robust,individual_robust,taylor24_ceers_rubies_blagn,Table 1 (Sample of BLAGN),The Astrophysical Journal 986:165 (2025); arXiv:2409.06772v2,https://iopscience.iop.org/article/10.3847/1538-4357/add15b,10.3847/1538-4357/add15b,single-epoch-virial-halpha-reines2013,0.0,non_lrd,0.0,formal_mbh_errors_exclude_virial_systematic;nominal_mass_uncorrected_for_dust,Nominal Table 1 mass and Halpha flux are uncorrected for dust; formal MBH errors exclude the approximately 0.5 dex virial-calibration systematic.,10000,20260808,30.0,0.1,1.0,True,split-normal-in-log-mbh,0.09,0.11,0.09,0.11,asymmetric,False,mbh_minus_0p3dex,MBH -0.3 dex,global_comparison,all_sources,-0.3,6.317430669403117,6.390782009393635,6.500732050753774,6.5892074864361465,6.64711432873254,fedd1,1.0,-4.841981928341279,-4.768630588350761,-4.658680546990622,-4.570205111308249,-4.512298269011856,0.0,0.0
v3-blagn,measurement,RUBIESUDS35974_taylor24,RUBIESUDS35974_taylor24,HZA-RUBIES-UDS-35974,RUBIES-UDS-35974,1,RUBIESUDS35974_taylor24,True,only catalogue measurement in this release,4.367,1.384760384875935,RUBIES,UDS,broad-line-agn,robust,individual_robust,taylor24_ceers_rubies_blagn,Table 1 (Sample of BLAGN),The Astrophysical Journal 986:165 (2025); arXiv:2409.06772v2,https://iopscience.iop.org/article/10.3847/1538-4357/add15b,10.3847/1538-4357/add15b,single-epoch-virial-halpha-reines2013,0.0,non_lrd,0.0,formal_mbh_errors_exclude_virial_systematic;nominal_mass_uncorrected_for_dust,Nominal Table 1 mass and Halpha flux are uncorrected for dust; formal MBH errors exclude the approximately 0.5 dex virial-calibration systematic.,10000,20260808,30.0,0.1,1.0,True,split-normal-in-log-mbh,0.09,0.11,0.09,0.11,asymmetric,False,mbh_plus_0p3dex,MBH +0.3 dex,global_comparison,all_sources,0.3,6.9174306694031165,6.990782009393635,7.1007320507537734,7.189207486436146,7.24711432873254,fedd0p3,0.3,3.5696068900797973,3.6429582300703154,3.752908271430455,3.8413837071128274,3.8992905494092214,0.0,0.0
v3-blagn,measurement,RUBIESUDS35974_taylor24,RUBIESUDS35974_taylor24,HZA-RUBIES-UDS-35974,RUBIES-UDS-35974,1,RUBIESUDS35974_taylor24,True,only catalogue measurement in this release,4.367,1.384760384875935,RUBIES,UDS,broad-line-agn,robust,individual_robust,taylor24_ceers_rubies_blagn,Table 1 (Sample of BLAGN),The Astrophysical Journal 986:165 (2025); arXiv:2409.06772v2,https://iopscience.iop.org/article/10.3847/1538-4357/add15b,10.3847/1538-4357/add15b,single-epoch-virial-halpha-reines2013,0.0,non_lrd,0.0,formal_mbh_errors_exclude_virial_systematic;nominal_mass_uncorrected_for_dust,Nominal Table 1 mass and Halpha flux are uncorrected for dust; formal MBH errors exclude the approximately 0.5 dex virial-calibration systematic.,10000,20260808,30.0,0.1,1.0,True,split-normal-in-log-mbh,0.09,0.11,0.09,0.11,asymmetric,False,mbh_plus_0p3dex,MBH +0.3 dex,global_comparison,all_sources,0.3,6.9174306694031165,6.990782009393635,7.1007320507537734,7.189207486436146,7.24711432873254,fedd1,1.0,-4.241981928341279,-4.168630588350761,-4.058680546990622,-3.9702051113082497,-3.9122982690118557,0.0,0.0
v3-blagn,measurement,RUBIESUDS35974_taylor24,RUBIESUDS35974_taylor24,HZA-RUBIES-UDS-35974,RUBIES-UDS-35974,1,RUBIESUDS35974_taylor24,True,only catalogue measurement in this release,4.367,1.384760384875935,RUBIES,UDS,broad-line-agn,robust,individual_robust,taylor24_ceers_rubies_blagn,Table 1 (Sample of BLAGN),The Astrophysical Journal 986:165 (2025); arXiv:2409.06772v2,https://iopscience.iop.org/article/10.3847/1538-4357/add15b,10.3847/1538-4357/add15b,single-epoch-virial-halpha-reines2013,0.0,non_lrd,0.0,formal_mbh_errors_exclude_virial_systematic;nominal_mass_uncorrected_for_dust,Nominal Table 1 mass and Halpha flux are uncorrected for dust; formal MBH errors exclude the approximately 0.5 dex virial-calibration systematic.,10000,20260808,30.0,0.1,1.0,True,split-normal-in-log-mbh,0.09,0.11,0.09,0.11,asymmetric,False,taylor_virial_minus_0p5dex,Taylor virial calibration sensitivity: MBH -0.5 dex,taylor_virial_calibration_sensitivity,taylor24_ceers_rubies_blagn_only,-0.5,6.117430669403117,6.190782009393635,6.3007320507537745,6.389207486436146,6.44711432873254,fedd0p3,0.3,2.7696068900797974,2.8429582300703156,2.9529082714304553,3.0413837071128276,3.0992905494092216,0.0,0.0
v3-blagn,measurement,RUBIESUDS35974_taylor24,RUBIESUDS35974_taylor24,HZA-RUBIES-UDS-35974,RUBIES-UDS-35974,1,RUBIESUDS35974_taylor24,True,only catalogue measurement in this release,4.367,1.384760384875935,RUBIES,UDS,broad-line-agn,robust,individual_robust,taylor24_ceers_rubies_blagn,Table 1 (Sample of BLAGN),The Astrophysical Journal 986:165 (2025); arXiv:2409.06772v2,https://iopscience.iop.org/article/10.3847/1538-4357/add15b,10.3847/1538-4357/add15b,single-epoch-virial-halpha-reines2013,0.0,non_lrd,0.0,formal_mbh_errors_exclude_virial_systematic;nominal_mass_uncorrected_for_dust,Nominal Table 1 mass and Halpha flux are uncorrected for dust; formal MBH errors exclude the approximately 0.5 dex virial-calibration systematic.,10000,20260808,30.0,0.1,1.0,True,split-normal-in-log-mbh,0.09,0.11,0.09,0.11,asymmetric,False,taylor_virial_minus_0p5dex,Taylor virial calibration sensitivity: MBH -0.5 dex,taylor_virial_calibration_sensitivity,taylor24_ceers_rubies_blagn_only,-0.5,6.117430669403117,6.190782009393635,6.3007320507537745,6.389207486436146,6.44711432873254,fedd1,1.0,-5.041981928341279,-4.968630588350761,-4.858680546990621,-4.7702051113082495,-4.712298269011856,0.0,0.0
v3-blagn,measurement,RUBIESUDS35974_taylor24,RUBIESUDS35974_taylor24,HZA-RUBIES-UDS-35974,RUBIES-UDS-35974,1,RUBIESUDS35974_taylor24,True,only catalogue measurement in this release,4.367,1.384760384875935,RUBIES,UDS,broad-line-agn,robust,individual_robust,taylor24_ceers_rubies_blagn,Table 1 (Sample of BLAGN),The Astrophysical Journal 986:165 (2025); arXiv:2409.06772v2,https://iopscience.iop.org/article/10.3847/1538-4357/add15b,10.3847/1538-4357/add15b,single-epoch-virial-halpha-reines2013,0.0,non_lrd,0.0,formal_mbh_errors_exclude_virial_systematic;nominal_mass_uncorrected_for_dust,Nominal Table 1 mass and Halpha flux are uncorrected for dust; formal MBH errors exclude the approximately 0.5 dex virial-calibration systematic.,10000,20260808,30.0,0.1,1.0,True,split-normal-in-log-mbh,0.09,0.11,0.09,0.11,asymmetric,False,taylor_virial_plus_0p5dex,Taylor virial calibration sensitivity: MBH +0.5 dex,taylor_virial_calibration_sensitivity,taylor24_ceers_rubies_blagn_only,0.5,7.117430669403117,7.190782009393635,7.3007320507537745,7.389207486436146,7.44711432873254,fedd0p3,0.3,3.7696068900797974,3.8429582300703156,3.9529082714304553,4.041383707112828,4.099290549409221,0.0,0.0
v3-blagn,measurement,RUBIESUDS35974_taylor24,RUBIESUDS35974_taylor24,HZA-RUBIES-UDS-35974,RUBIES-UDS-35974,1,RUBIESUDS35974_taylor24,True,only catalogue measurement in this release,4.367,1.384760384875935,RUBIES,UDS,broad-line-agn,robust,individual_robust,taylor24_ceers_rubies_blagn,Table 1 (Sample of BLAGN),The Astrophysical Journal 986:165 (2025); arXiv:2409.06772v2,https://iopscience.iop.org/article/10.3847/1538-4357/add15b,10.3847/1538-4357/add15b,single-epoch-virial-halpha-reines2013,0.0,non_lrd,0.0,formal_mbh_errors_exclude_virial_systematic;nominal_mass_uncorrected_for_dust,Nominal Table 1 mass and Halpha flux are uncorrected for dust; formal MBH errors exclude the approximately 0.5 dex virial-calibration systematic.,10000,20260808,30.0,0.1,1.0,True,split-normal-in-log-mbh,0.09,0.11,0.09,0.11,asymmetric,False,taylor_virial_plus_0p5dex,Taylor virial calibration sensitivity: MBH +0.5 dex,taylor_virial_calibration_sensitivity,taylor24_ceers_rubies_blagn_only,0.5,7.117430669403117,7.190782009393635,7.3007320507537745,7.389207486436146,7.44711432873254,fedd1,1.0,-4.041981928341279,-3.9686305883507615,-3.858680546990622,-3.7702051113082495,-3.7122982690118556,0.0,0.0
v3-blagn,measurement,RUBIESUDS47509_taylor24,RUBIESUDS47509_taylor24,HZA-RUBIES-UDS-47509,RUBIES-UDS-47509,1,RUBIESUDS47509_taylor24,True,only catalogue measurement in this release,5.673,0.9999423964678454,RUBIES,UDS,broad-line-agn,robust,individual_robust,taylor24_ceers_rubies_blagn,Table 1 (Sample of BLAGN),The Astrophysical Journal 986:165 (2025); arXiv:2409.06772v2,https://iopscience.iop.org/article/10.3847/1538-4357/add15b,10.3847/1538-4357/add15b,single-epoch-virial-halpha-reines2013,1.0,lrd,0.0,formal_mbh_errors_exclude_virial_systematic;nominal_mass_uncorrected_for_dust,Nominal Table 1 mass and Halpha flux are uncorrected for dust; formal MBH errors exclude the approximately 0.5 dex virial-calibration systematic.,10000,20260808,30.0,0.1,1.0,True,split-normal-in-log-mbh,0.07,0.07,0.07,0.07,symmetric_reported,False,baseline,reported MBH,none,all_sources,0.0,7.425071677101824,7.471750502635177,7.541046979326824,7.611100375205867,7.656397086515294,fedd0p3,0.3,5.079993871194962,5.126672696728315,5.195969173419962,5.266022569299005,5.311319280608432,0.9967,0.0
v3-blagn,measurement,RUBIESUDS47509_taylor24,RUBIESUDS47509_taylor24,HZA-RUBIES-UDS-47509,RUBIES-UDS-47509,1,RUBIESUDS47509_taylor24,True,only catalogue measurement in this release,5.673,0.9999423964678454,RUBIES,UDS,broad-line-agn,robust,individual_robust,taylor24_ceers_rubies_blagn,Table 1 (Sample of BLAGN),The Astrophysical Journal 986:165 (2025); arXiv:2409.06772v2,https://iopscience.iop.org/article/10.3847/1538-4357/add15b,10.3847/1538-4357/add15b,single-epoch-virial-halpha-reines2013,1.0,lrd,0.0,formal_mbh_errors_exclude_virial_systematic;nominal_mass_uncorrected_for_dust,Nominal Table 1 mass and Halpha flux are uncorrected for dust; formal MBH errors exclude the approximately 0.5 dex virial-calibration systematic.,10000,20260808,30.0,0.1,1.0,True,split-normal-in-log-mbh,0.07,0.07,0.07,0.07,symmetric_reported,False,baseline,reported MBH,none,all_sources,0.0,7.425071677101824,7.471750502635177,7.541046979326824,7.611100375205867,7.656397086515294,fedd1,1.0,-0.39185434258771695,-0.34517551705436417,-0.2758790403627174,-0.2058256444836741,-0.16052893317424788,0.0,0.0
v3-blagn,measurement,RUBIESUDS47509_taylor24,RUBIESUDS47509_taylor24,HZA-RUBIES-UDS-47509,RUBIES-UDS-47509,1,RUBIESUDS47509_taylor24,True,only catalogue measurement in this release,5.673,0.9999423964678454,RUBIES,UDS,broad-line-agn,robust,individual_robust,taylor24_ceers_rubies_blagn,Table 1 (Sample of BLAGN),The Astrophysical Journal 986:165 (2025); arXiv:2409.06772v2,https://iopscience.iop.org/article/10.3847/1538-4357/add15b,10.3847/1538-4357/add15b,single-epoch-virial-halpha-reines2013,1.0,lrd,0.0,formal_mbh_errors_exclude_virial_systematic;nominal_mass_uncorrected_for_dust,Nominal Table 1 mass and Halpha flux are uncorrected for dust; formal MBH errors exclude the approximately 0.5 dex virial-calibration systematic.,10000,20260808,30.0,0.1,1.0,True,split-normal-in-log-mbh,0.07,0.07,0.07,0.07,symmetric_reported,False,mbh_minus_0p3dex,MBH -0.3 dex,global_comparison,all_sources,-0.3,7.1250716771018245,7.171750502635177,7.241046979326824,7.311100375205867,7.356397086515294,fedd0p3,0.3,4.7799938711949626,4.826672696728315,4.895969173419962,4.966022569299005,5.011319280608432,0.0685,0.0
v3-blagn,measurement,RUBIESUDS47509_taylor24,RUBIESUDS47509_taylor24,HZA-RUBIES-UDS-47509,RUBIES-UDS-47509,1,RUBIESUDS47509_taylor24,True,only catalogue measurement in this release,5.673,0.9999423964678454,RUBIES,UDS,broad-line-agn,robust,individual_robust,taylor24_ceers_rubies_blagn,Table 1 (Sample of BLAGN),The Astrophysical Journal 986:165 (2025); arXiv:2409.06772v2,https://iopscience.iop.org/article/10.3847/1538-4357/add15b,10.3847/1538-4357/add15b,single-epoch-virial-halpha-reines2013,1.0,lrd,0.0,formal_mbh_errors_exclude_virial_systematic;nominal_mass_uncorrected_for_dust,Nominal Table 1 mass and Halpha flux are uncorrected for dust; formal MBH errors exclude the approximately 0.5 dex virial-calibration systematic.,10000,20260808,30.0,0.1,1.0,True,split-normal-in-log-mbh,0.07,0.07,0.07,0.07,symmetric_reported,False,mbh_minus_0p3dex,MBH -0.3 dex,global_comparison,all_sources,-0.3,7.1250716771018245,7.171750502635177,7.241046979326824,7.311100375205867,7.356397086515294,fedd1,1.0,-0.6918543425877167,-0.645175517054364,-0.5758790403627172,-0.505825644483674,-0.4605289331742477,0.0,0.0
v3-blagn,measurement,RUBIESUDS47509_taylor24,RUBIESUDS47509_taylor24,HZA-RUBIES-UDS-47509,RUBIES-UDS-47509,1,RUBIESUDS47509_taylor24,True,only catalogue measurement in this release,5.673,0.9999423964678454,RUBIES,UDS,broad-line-agn,robust,individual_robust,taylor24_ceers_rubies_blagn,Table 1 (Sample of BLAGN),The Astrophysical Journal 986:165 (2025); arXiv:2409.06772v2,https://iopscience.iop.org/article/10.3847/1538-4357/add15b,10.3847/1538-4357/add15b,single-epoch-virial-halpha-reines2013,1.0,lrd,0.0,formal_mbh_errors_exclude_virial_systematic;nominal_mass_uncorrected_for_dust,Nominal Table 1 mass and Halpha flux are uncorrected for dust; formal MBH errors exclude the approximately 0.5 dex virial-calibration systematic.,10000,20260808,30.0,0.1,1.0,True,split-normal-in-log-mbh,0.07,0.07,0.07,0.07,symmetric_reported,False,mbh_plus_0p3dex,MBH +0.3 dex,global_comparison,all_sources,0.3,7.725071677101824,7.771750502635177,7.841046979326824,7.911100375205867,7.9563970865152935,fedd0p3,0.3,5.379993871194962,5.426672696728315,5.495969173419962,5.566022569299005,5.6113192806084315,1.0,0.0
v3-blagn,measurement,RUBIESUDS47509_taylor24,RUBIESUDS47509_taylor24,HZA-RUBIES-UDS-47509,RUBIES-UDS-47509,1,RUBIESUDS47509_taylor24,True,only catalogue measurement in this release,5.673,0.9999423964678454,RUBIES,UDS,broad-line-agn,robust,individual_robust,taylor24_ceers_rubies_blagn,Table 1 (Sample of BLAGN),The Astrophysical Journal 986:165 (2025); arXiv:2409.06772v2,https://iopscience.iop.org/article/10.3847/1538-4357/add15b,10.3847/1538-4357/add15b,single-epoch-virial-halpha-reines2013,1.0,lrd,0.0,formal_mbh_errors_exclude_virial_systematic;nominal_mass_uncorrected_for_dust,Nominal Table 1 mass and Halpha flux are uncorrected for dust; formal MBH errors exclude the approximately 0.5 dex virial-calibration systematic.,10000,20260808,30.0,0.1,1.0,True,split-normal-in-log-mbh,0.07,0.07,0.07,0.07,symmetric_reported,False,mbh_plus_0p3dex,MBH +0.3 dex,global_comparison,all_sources,0.3,7.725071677101824,7.771750502635177,7.841046979326824,7.911100375205867,7.9563970865152935,fedd1,1.0,-0.09185434258771713,-0.04517551705436436,0.024120959637282446,0.09417435551632572,0.13947106682575194,0.0,0.0
v3-blagn,measurement,RUBIESUDS47509_taylor24,RUBIESUDS47509_taylor24,HZA-RUBIES-UDS-47509,RUBIES-UDS-47509,1,RUBIESUDS47509_taylor24,True,only catalogue measurement in this release,5.673,0.9999423964678454,RUBIES,UDS,broad-line-agn,robust,individual_robust,taylor24_ceers_rubies_blagn,Table 1 (Sample of BLAGN),The Astrophysical Journal 986:165 (2025); arXiv:2409.06772v2,https://iopscience.iop.org/article/10.3847/1538-4357/add15b,10.3847/1538-4357/add15b,single-epoch-virial-halpha-reines2013,1.0,lrd,0.0,formal_mbh_errors_exclude_virial_systematic;nominal_mass_uncorrected_for_dust,Nominal Table 1 mass and Halpha flux are uncorrected for dust; formal MBH errors exclude the approximately 0.5 dex virial-calibration systematic.,10000,20260808,30.0,0.1,1.0,True,split-normal-in-log-mbh,0.07,0.07,0.07,0.07,symmetric_reported,False,taylor_virial_minus_0p5dex,Taylor virial calibration sensitivity: MBH -0.5 dex,taylor_virial_calibration_sensitivity,taylor24_ceers_rubies_blagn_only,-0.5,6.925071677101824,6.971750502635177,7.041046979326824,7.111100375205867,7.156397086515294,fedd0p3,0.3,4.579993871194962,4.626672696728315,4.695969173419962,4.766022569299005,4.811319280608432,0.0,0.0
v3-blagn,measurement,RUBIESUDS47509_taylor24,RUBIESUDS47509_taylor24,HZA-RUBIES-UDS-47509,RUBIES-UDS-47509,1,RUBIESUDS47509_taylor24,True,only catalogue measurement in this release,5.673,0.9999423964678454,RUBIES,UDS,broad-line-agn,robust,individual_robust,taylor24_ceers_rubies_blagn,Table 1 (Sample of BLAGN),The Astrophysical Journal 986:165 (2025); arXiv:2409.06772v2,https://iopscience.iop.org/article/10.3847/1538-4357/add15b,10.3847/1538-4357/add15b,single-epoch-virial-halpha-reines2013,1.0,lrd,0.0,formal_mbh_errors_exclude_virial_systematic;nominal_mass_uncorrected_for_dust,Nominal Table 1 mass and Halpha flux are uncorrected for dust; formal MBH errors exclude the approximately 0.5 dex virial-calibration systematic.,10000,20260808,30.0,0.1,1.0,True,split-normal-in-log-mbh,0.07,0.07,0.07,0.07,symmetric_reported,False,taylor_virial_minus_0p5dex,Taylor virial calibration sensitivity: MBH -0.5 dex,taylor_virial_calibration_sensitivity,taylor24_ceers_rubies_blagn_only,-0.5,6.925071677101824,6.971750502635177,7.041046979326824,7.111100375205867,7.156397086515294,fedd1,1.0,-0.8918543425877169,-0.8451755170543642,-0.7758790403627174,-0.7058256444836741,-0.6605289331742479,0.0,0.0
v3-blagn,measurement,RUBIESUDS47509_taylor24,RUBIESUDS47509_taylor24,HZA-RUBIES-UDS-47509,RUBIES-UDS-47509,1,RUBIESUDS47509_taylor24,True,only catalogue measurement in this release,5.673,0.9999423964678454,RUBIES,UDS,broad-line-agn,robust,individual_robust,taylor24_ceers_rubies_blagn,Table 1 (Sample of BLAGN),The Astrophysical Journal 986:165 (2025); arXiv:2409.06772v2,https://iopscience.iop.org/article/10.3847/1538-4357/add15b,10.3847/1538-4357/add15b,single-epoch-virial-halpha-reines2013,1.0,lrd,0.0,formal_mbh_errors_exclude_virial_systematic;nominal_mass_uncorrected_for_dust,Nominal Table 1 mass and Halpha flux are uncorrected for dust; formal MBH errors exclude the approximately 0.5 dex virial-calibration systematic.,10000,20260808,30.0,0.1,1.0,True,split-normal-in-log-mbh,0.07,0.07,0.07,0.07,symmetric_reported,False,taylor_virial_plus_0p5dex,Taylor virial calibration sensitivity: MBH +0.5 dex,taylor_virial_calibration_sensitivity,taylor24_ceers_rubies_blagn_only,0.5,7.925071677101824,7.971750502635177,8.041046979326824,8.111100375205867,8.156397086515295,fedd0p3,0.3,5.579993871194962,5.626672696728315,5.695969173419962,5.766022569299004,5.811319280608432,1.0,0.0
v3-blagn,measurement,RUBIESUDS47509_taylor24,RUBIESUDS47509_taylor24,HZA-RUBIES-UDS-47509,RUBIES-UDS-47509,1,RUBIESUDS47509_taylor24,True,only catalogue measurement in this release,5.673,0.9999423964678454,RUBIES,UDS,broad-line-agn,robust,individual_robust,taylor24_ceers_rubies_blagn,Table 1 (Sample of BLAGN),The Astrophysical Journal 986:165 (2025); arXiv:2409.06772v2,https://iopscience.iop.org/article/10.3847/1538-4357/add15b,10.3847/1538-4357/add15b,single-epoch-virial-halpha-reines2013,1.0,lrd,0.0,formal_mbh_errors_exclude_virial_systematic;nominal_mass_uncorrected_for_dust,Nominal Table 1 mass and Halpha flux are uncorrected for dust; formal MBH errors exclude the approximately 0.5 dex virial-calibration systematic.,10000,20260808,30.0,0.1,1.0,True,split-normal-in-log-mbh,0.07,0.07,0.07,0.07,symmetric_reported,False,taylor_virial_plus_0p5dex,Taylor virial calibration sensitivity: MBH +0.5 dex,taylor_virial_calibration_sensitivity,taylor24_ceers_rubies_blagn_only,0.5,7.925071677101824,7.971750502635177,8.041046979326824,8.111100375205867,8.156397086515295,fedd1,1.0,0.10814565741228305,0.15482448294563583,0.22412095963728262,0.29417435551632515,0.33947106682575295,0.0,0.0
v3-blagn,measurement,RUBIESUDS48507_taylor24,RUBIESUDS48507_taylor24,HZA-RUBIES-UDS-48507,RUBIES-UDS-48507,1,RUBIESUDS48507_taylor24,True,only catalogue measurement in this release,4.468,1.346741054507491,RUBIES,UDS,broad-line-agn,robust,individual_robust,taylor24_ceers_rubies_blagn,Table 1 (Sample of BLAGN),The Astrophysical Journal 986:165 (2025); arXiv:2409.06772v2,https://iopscience.iop.org/article/10.3847/1538-4357/add15b,10.3847/1538-4357/add15b,single-epoch-virial-halpha-reines2013,0.0,non_lrd,0.0,formal_mbh_errors_exclude_virial_systematic;nominal_mass_uncorrected_for_dust,Nominal Table 1 mass and Halpha flux are uncorrected for dust; formal MBH errors exclude the approximately 0.5 dex virial-calibration systematic.,10000,20260808,30.0,0.1,1.0,True,split-normal-in-log-mbh,0.04,0.04,0.04,0.04,symmetric_reported,False,baseline,reported MBH,none,all_sources,0.0,6.364661969646883,6.390383128144982,6.429364906198028,6.469171629931482,6.494421484941316,fedd0p3,0.3,3.1159077026315956,3.141628861129694,3.1806106391827407,3.2204173629161947,3.2456672179260284,0.0,0.0
v3-blagn,measurement,RUBIESUDS48507_taylor24,RUBIESUDS48507_taylor24,HZA-RUBIES-UDS-48507,RUBIES-UDS-48507,1,RUBIESUDS48507_taylor24,True,only catalogue measurement in this release,4.468,1.346741054507491,RUBIES,UDS,broad-line-agn,robust,individual_robust,taylor24_ceers_rubies_blagn,Table 1 (Sample of BLAGN),The Astrophysical Journal 986:165 (2025); arXiv:2409.06772v2,https://iopscience.iop.org/article/10.3847/1538-4357/add15b,10.3847/1538-4357/add15b,single-epoch-virial-halpha-reines2013,0.0,non_lrd,0.0,formal_mbh_errors_exclude_virial_systematic;nominal_mass_uncorrected_for_dust,Nominal Table 1 mass and Halpha flux are uncorrected for dust; formal MBH errors exclude the approximately 0.5 dex virial-calibration systematic.,10000,20260808,30.0,0.1,1.0,True,split-normal-in-log-mbh,0.04,0.04,0.04,0.04,symmetric_reported,False,baseline,reported MBH,none,all_sources,0.0,6.364661969646883,6.390383128144982,6.429364906198028,6.469171629931482,6.494421484941316,fedd1,1.0,-4.464518920404076,-4.438797761905977,-4.39981598385293,-4.360009260119476,-4.334759405109642,0.0,0.0
v3-blagn,measurement,RUBIESUDS48507_taylor24,RUBIESUDS48507_taylor24,HZA-RUBIES-UDS-48507,RUBIES-UDS-48507,1,RUBIESUDS48507_taylor24,True,only catalogue measurement in this release,4.468,1.346741054507491,RUBIES,UDS,broad-line-agn,robust,individual_robust,taylor24_ceers_rubies_blagn,Table 1 (Sample of BLAGN),The Astrophysical Journal 986:165 (2025); arXiv:2409.06772v2,https://iopscience.iop.org/article/10.3847/1538-4357/add15b,10.3847/1538-4357/add15b,single-epoch-virial-halpha-reines2013,0.0,non_lrd,0.0,formal_mbh_errors_exclude_virial_systematic;nominal_mass_uncorrected_for_dust,Nominal Table 1 mass and Halpha flux are uncorrected for dust; formal MBH errors exclude the approximately 0.5 dex virial-calibration systematic.,10000,20260808,30.0,0.1,1.0,True,split-normal-in-log-mbh,0.04,0.04,0.04,0.04,symmetric_reported,False,mbh_minus_0p3dex,MBH -0.3 dex,global_comparison,all_sources,-0.3,6.064661969646883,6.090383128144982,6.129364906198028,6.1691716299314825,6.194421484941317,fedd0p3,0.3,2.8159077026315957,2.8416288611296943,2.880610639182741,2.920417362916195,2.9456672179260286,0.0,0.0
v3-blagn,measurement,RUBIESUDS48507_taylor24,RUBIESUDS48507_taylor24,HZA-RUBIES-UDS-48507,RUBIES-UDS-48507,1,RUBIESUDS48507_taylor24,True,only catalogue measurement in this release,4.468,1.346741054507491,RUBIES,UDS,broad-line-agn,robust,individual_robust,taylor24_ceers_rubies_blagn,Table 1 (Sample of BLAGN),The Astrophysical Journal 986:165 (2025); arXiv:2409.06772v2,https://iopscience.iop.org/article/10.3847/1538-4357/add15b,10.3847/1538-4357/add15b,single-epoch-virial-halpha-reines2013,0.0,non_lrd,0.0,formal_mbh_errors_exclude_virial_systematic;nominal_mass_uncorrected_for_dust,Nominal Table 1 mass and Halpha flux are uncorrected for dust; formal MBH errors exclude the approximately 0.5 dex virial-calibration systematic.,10000,20260808,30.0,0.1,1.0,True,split-normal-in-log-mbh,0.04,0.04,0.04,0.04,symmetric_reported,False,mbh_minus_0p3dex,MBH -0.3 dex,global_comparison,all_sources,-0.3,6.064661969646883,6.090383128144982,6.129364906198028,6.1691716299314825,6.194421484941317,fedd1,1.0,-4.764518920404075,-4.7387977619059765,-4.69981598385293,-4.660009260119476,-4.634759405109642,0.0,0.0
v3-blagn,measurement,RUBIESUDS48507_taylor24,RUBIESUDS48507_taylor24,HZA-RUBIES-UDS-48507,RUBIES-UDS-48507,1,RUBIESUDS48507_taylor24,True,only catalogue measurement in this release,4.468,1.346741054507491,RUBIES,UDS,broad-line-agn,robust,individual_robust,taylor24_ceers_rubies_blagn,Table 1 (Sample of BLAGN),The Astrophysical Journal 986:165 (2025); arXiv:2409.06772v2,https://iopscience.iop.org/article/10.3847/1538-4357/add15b,10.3847/1538-4357/add15b,single-epoch-virial-halpha-reines2013,0.0,non_lrd,0.0,formal_mbh_errors_exclude_virial_systematic;nominal_mass_uncorrected_for_dust,Nominal Table 1 mass and Halpha flux are uncorrected for dust; formal MBH errors exclude the approximately 0.5 dex virial-calibration systematic.,10000,20260808,30.0,0.1,1.0,True,split-normal-in-log-mbh,0.04,0.04,0.04,0.04,symmetric_reported,False,mbh_plus_0p3dex,MBH +0.3 dex,global_comparison,all_sources,0.3,6.6646619696468825,6.6903831281449815,6.729364906198028,6.769171629931482,6.794421484941316,fedd0p3,0.3,3.4159077026315954,3.441628861129694,3.4806106391827405,3.5204173629161946,3.5456672179260282,0.0,0.0
v3-blagn,measurement,RUBIESUDS48507_taylor24,RUBIESUDS48507_taylor24,HZA-RUBIES-UDS-48507,RUBIES-UDS-48507,1,RUBIESUDS48507_taylor24,True,only catalogue measurement in this release,4.468,1.346741054507491,RUBIES,UDS,broad-line-agn,robust,individual_robust,taylor24_ceers_rubies_blagn,Table 1 (Sample of BLAGN),The Astrophysical Journal 986:165 (2025); arXiv:2409.06772v2,https://iopscience.iop.org/article/10.3847/1538-4357/add15b,10.3847/1538-4357/add15b,single-epoch-virial-halpha-reines2013,0.0,non_lrd,0.0,formal_mbh_errors_exclude_virial_systematic;nominal_mass_uncorrected_for_dust,Nominal Table 1 mass and Halpha flux are uncorrected for dust; formal MBH errors exclude the approximately 0.5 dex virial-calibration systematic.,10000,20260808,30.0,0.1,1.0,True,split-normal-in-log-mbh,0.04,0.04,0.04,0.04,symmetric_reported,False,mbh_plus_0p3dex,MBH +0.3 dex,global_comparison,all_sources,0.3,6.6646619696468825,6.6903831281449815,6.729364906198028,6.769171629931482,6.794421484941316,fedd1,1.0,-4.164518920404076,-4.138797761905977,-4.09981598385293,-4.060009260119476,-4.034759405109642,0.0,0.0
v3-blagn,measurement,RUBIESUDS48507_taylor24,RUBIESUDS48507_taylor24,HZA-RUBIES-UDS-48507,RUBIES-UDS-48507,1,RUBIESUDS48507_taylor24,True,only catalogue measurement in this release,4.468,1.346741054507491,RUBIES,UDS,broad-line-agn,robust,individual_robust,taylor24_ceers_rubies_blagn,Table 1 (Sample of BLAGN),The Astrophysical Journal 986:165 (2025); arXiv:2409.06772v2,https://iopscience.iop.org/article/10.3847/1538-4357/add15b,10.3847/1538-4357/add15b,single-epoch-virial-halpha-reines2013,0.0,non_lrd,0.0,formal_mbh_errors_exclude_virial_systematic;nominal_mass_uncorrected_for_dust,Nominal Table 1 mass and Halpha flux are uncorrected for dust; formal MBH errors exclude the approximately 0.5 dex virial-calibration systematic.,10000,20260808,30.0,0.1,1.0,True,split-normal-in-log-mbh,0.04,0.04,0.04,0.04,symmetric_reported,False,taylor_virial_minus_0p5dex,Taylor virial calibration sensitivity: MBH -0.5 dex,taylor_virial_calibration_sensitivity,taylor24_ceers_rubies_blagn_only,-0.5,5.864661969646883,5.890383128144982,5.929364906198028,5.969171629931482,5.994421484941316,fedd0p3,0.3,2.6159077026315956,2.641628861129694,2.6806106391827407,2.7204173629161947,2.7456672179260284,0.0,0.0
v3-blagn,measurement,RUBIESUDS48507_taylor24,RUBIESUDS48507_taylor24,HZA-RUBIES-UDS-48507,RUBIES-UDS-48507,1,RUBIESUDS48507_taylor24,True,only catalogue measurement in this release,4.468,1.346741054507491,RUBIES,UDS,broad-line-agn,robust,individual_robust,taylor24_ceers_rubies_blagn,Table 1 (Sample of BLAGN),The Astrophysical Journal 986:165 (2025); arXiv:2409.06772v2,https://iopscience.iop.org/article/10.3847/1538-4357/add15b,10.3847/1538-4357/add15b,single-epoch-virial-halpha-reines2013,0.0,non_lrd,0.0,formal_mbh_errors_exclude_virial_systematic;nominal_mass_uncorrected_for_dust,Nominal Table 1 mass and Halpha flux are uncorrected for dust; formal MBH errors exclude the approximately 0.5 dex virial-calibration systematic.,10000,20260808,30.0,0.1,1.0,True,split-normal-in-log-mbh,0.04,0.04,0.04,0.04,symmetric_reported,False,taylor_virial_minus_0p5dex,Taylor virial calibration sensitivity: MBH -0.5 dex,taylor_virial_calibration_sensitivity,taylor24_ceers_rubies_blagn_only,-0.5,5.864661969646883,5.890383128144982,5.929364906198028,5.969171629931482,5.994421484941316,fedd1,1.0,-4.964518920404076,-4.938797761905977,-4.89981598385293,-4.860009260119476,-4.834759405109642,0.0,0.0
v3-blagn,measurement,RUBIESUDS48507_taylor24,RUBIESUDS48507_taylor24,HZA-RUBIES-UDS-48507,RUBIES-UDS-48507,1,RUBIESUDS48507_taylor24,True,only catalogue measurement in this release,4.468,1.346741054507491,RUBIES,UDS,broad-line-agn,robust,individual_robust,taylor24_ceers_rubies_blagn,Table 1 (Sample of BLAGN),The Astrophysical Journal 986:165 (2025); arXiv:2409.06772v2,https://iopscience.iop.org/article/10.3847/1538-4357/add15b,10.3847/1538-4357/add15b,single-epoch-virial-halpha-reines2013,0.0,non_lrd,0.0,formal_mbh_errors_exclude_virial_systematic;nominal_mass_uncorrected_for_dust,Nominal Table 1 mass and Halpha flux are uncorrected for dust; formal MBH errors exclude the approximately 0.5 dex virial-calibration systematic.,10000,20260808,30.0,0.1,1.0,True,split-normal-in-log-mbh,0.04,0.04,0.04,0.04,symmetric_reported,False,taylor_virial_plus_0p5dex,Taylor virial calibration sensitivity: MBH +0.5 dex,taylor_virial_calibration_sensitivity,taylor24_ceers_rubies_blagn_only,0.5,6.864661969646883,6.890383128144982,6.929364906198028,6.969171629931482,6.994421484941316,fedd0p3,0.3,3.6159077026315956,3.641628861129694,3.6806106391827407,3.7204173629161947,3.7456672179260284,0.0,0.0
v3-blagn,measurement,RUBIESUDS48507_taylor24,RUBIESUDS48507_taylor24,HZA-RUBIES-UDS-48507,RUBIES-UDS-48507,1,RUBIESUDS48507_taylor24,True,only catalogue measurement in this release,4.468,1.346741054507491,RUBIES,UDS,broad-line-agn,robust,individual_robust,taylor24_ceers_rubies_blagn,Table 1 (Sample of BLAGN),The Astrophysical Journal 986:165 (2025); arXiv:2409.06772v2,https://iopscience.iop.org/article/10.3847/1538-4357/add15b,10.3847/1538-4357/add15b,single-epoch-virial-halpha-reines2013,0.0,non_lrd,0.0,formal_mbh_errors_exclude_virial_systematic;nominal_mass_uncorrected_for_dust,Nominal Table 1 mass and Halpha flux are uncorrected for dust; formal MBH errors exclude the approximately 0.5 dex virial-calibration systematic.,10000,20260808,30.0,0.1,1.0,True,split-normal-in-log-mbh,0.04,0.04,0.04,0.04,symmetric_reported,False,taylor_virial_plus_0p5dex,Taylor virial calibration sensitivity: MBH +0.5 dex,taylor_virial_calibration_sensitivity,taylor24_ceers_rubies_blagn_only,0.5,6.864661969646883,6.890383128144982,6.929364906198028,6.969171629931482,6.994421484941316,fedd1,1.0,-3.964518920404075,-3.9387977619059766,-3.89981598385293,-3.860009260119476,-3.8347594051096423,0.0,0.0
v3-blagn,measurement,RUBIESUDS63139_taylor24,RUBIESUDS63139_taylor24,HZA-RUBIES-UDS-63139,RUBIES-UDS-63139,1,RUBIESUDS63139_taylor24,True,only catalogue measurement in this release,4.435,1.358970606803421,RUBIES,UDS,broad-line-agn,robust,individual_robust,taylor24_ceers_rubies_blagn,Table 1 (Sample of BLAGN),The Astrophysical Journal 986:165 (2025); arXiv:2409.06772v2,https://iopscience.iop.org/article/10.3847/1538-4357/add15b,10.3847/1538-4357/add15b,single-epoch-virial-halpha-reines2013,0.0,non_lrd,0.0,formal_mbh_errors_exclude_virial_systematic;nominal_mass_uncorrected_for_dust,Nominal Table 1 mass and Halpha flux are uncorrected for dust; formal MBH errors exclude the approximately 0.5 dex virial-calibration systematic.,10000,20260808,30.0,0.1,1.0,True,split-normal-in-log-mbh,0.09,0.09,0.09,0.09,symmetric_reported,False,baseline,reported MBH,none,all_sources,0.0,6.402318533324688,6.460056808623738,6.549325428018806,6.638079418407214,6.697435913340371,fedd0p3,0.3,3.1216969038397817,3.179435179138833,3.2687037985339,3.357457788922308,3.4168142838554645,0.0,0.0
v3-blagn,measurement,RUBIESUDS63139_taylor24,RUBIESUDS63139_taylor24,HZA-RUBIES-UDS-63139,RUBIES-UDS-63139,1,RUBIESUDS63139_taylor24,True,only catalogue measurement in this release,4.435,1.358970606803421,RUBIES,UDS,broad-line-agn,robust,individual_robust,taylor24_ceers_rubies_blagn,Table 1 (Sample of BLAGN),The Astrophysical Journal 986:165 (2025); arXiv:2409.06772v2,https://iopscience.iop.org/article/10.3847/1538-4357/add15b,10.3847/1538-4357/add15b,single-epoch-virial-halpha-reines2013,0.0,non_lrd,0.0,formal_mbh_errors_exclude_virial_systematic;nominal_mass_uncorrected_for_dust,Nominal Table 1 mass and Halpha flux are uncorrected for dust; formal MBH errors exclude the approximately 0.5 dex virial-calibration systematic.,10000,20260808,30.0,0.1,1.0,True,split-normal-in-log-mbh,0.09,0.09,0.09,0.09,symmetric_reported,False,baseline,reported MBH,none,all_sources,0.0,6.402318533324688,6.460056808623738,6.549325428018806,6.638079418407214,6.697435913340371,fedd1,1.0,-4.533086898291665,-4.475348622992614,-4.386080003597547,-4.297326013209139,-4.237969518275982,0.0,0.0
v3-blagn,measurement,RUBIESUDS63139_taylor24,RUBIESUDS63139_taylor24,HZA-RUBIES-UDS-63139,RUBIES-UDS-63139,1,RUBIESUDS63139_taylor24,True,only catalogue measurement in this release,4.435,1.358970606803421,RUBIES,UDS,broad-line-agn,robust,individual_robust,taylor24_ceers_rubies_blagn,Table 1 (Sample of BLAGN),The Astrophysical Journal 986:165 (2025); arXiv:2409.06772v2,https://iopscience.iop.org/article/10.3847/1538-4357/add15b,10.3847/1538-4357/add15b,single-epoch-virial-halpha-reines2013,0.0,non_lrd,0.0,formal_mbh_errors_exclude_virial_systematic;nominal_mass_uncorrected_for_dust,Nominal Table 1 mass and Halpha flux are uncorrected for dust; formal MBH errors exclude the approximately 0.5 dex virial-calibration systematic.,10000,20260808,30.0,0.1,1.0,True,split-normal-in-log-mbh,0.09,0.09,0.09,0.09,symmetric_reported,False,mbh_minus_0p3dex,MBH -0.3 dex,global_comparison,all_sources,-0.3,6.102318533324688,6.160056808623739,6.249325428018806,6.338079418407214,6.397435913340371,fedd0p3,0.3,2.821696903839782,2.879435179138833,2.9687037985339,3.0574577889223082,3.1168142838554647,0.0,0.0
v3-blagn,measurement,RUBIESUDS63139_taylor24,RUBIESUDS63139_taylor24,HZA-RUBIES-UDS-63139,RUBIES-UDS-63139,1,RUBIESUDS63139_taylor24,True,only catalogue measurement in this release,4.435,1.358970606803421,RUBIES,UDS,broad-line-agn,robust,individual_robust,taylor24_ceers_rubies_blagn,Table 1 (Sample of BLAGN),The Astrophysical Journal 986:165 (2025); arXiv:2409.06772v2,https://iopscience.iop.org/article/10.3847/1538-4357/add15b,10.3847/1538-4357/add15b,single-epoch-virial-halpha-reines2013,0.0,non_lrd,0.0,formal_mbh_errors_exclude_virial_systematic;nominal_mass_uncorrected_for_dust,Nominal Table 1 mass and Halpha flux are uncorrected for dust; formal MBH errors exclude the approximately 0.5 dex virial-calibration systematic.,10000,20260808,30.0,0.1,1.0,True,split-normal-in-log-mbh,0.09,0.09,0.09,0.09,symmetric_reported,False,mbh_minus_0p3dex,MBH -0.3 dex,global_comparison,all_sources,-0.3,6.102318533324688,6.160056808623739,6.249325428018806,6.338079418407214,6.397435913340371,fedd1,1.0,-4.833086898291665,-4.775348622992614,-4.686080003597547,-4.5973260132091385,-4.537969518275982,0.0,0.0
v3-blagn,measurement,RUBIESUDS63139_taylor24,RUBIESUDS63139_taylor24,HZA-RUBIES-UDS-63139,RUBIES-UDS-63139,1,RUBIESUDS63139_taylor24,True,only catalogue measurement in this release,4.435,1.358970606803421,RUBIES,UDS,broad-line-agn,robust,individual_robust,taylor24_ceers_rubies_blagn,Table 1 (Sample of BLAGN),The Astrophysical Journal 986:165 (2025); arXiv:2409.06772v2,https://iopscience.iop.org/article/10.3847/1538-4357/add15b,10.3847/1538-4357/add15b,single-epoch-virial-halpha-reines2013,0.0,non_lrd,0.0,formal_mbh_errors_exclude_virial_systematic;nominal_mass_uncorrected_for_dust,Nominal Table 1 mass and Halpha flux are uncorrected for dust; formal MBH errors exclude the approximately 0.5 dex virial-calibration systematic.,10000,20260808,30.0,0.1,1.0,True,split-normal-in-log-mbh,0.09,0.09,0.09,0.09,symmetric_reported,False,mbh_plus_0p3dex,MBH +0.3 dex,global_comparison,all_sources,0.3,6.7023185333246875,6.760056808623738,6.849325428018806,6.938079418407214,6.997435913340371,fedd0p3,0.3,3.4216969038397815,3.4794351791388327,3.5687037985338996,3.657457788922308,3.7168142838554643,0.0,0.0
v3-blagn,measurement,RUBIESUDS63139_taylor24,RUBIESUDS63139_taylor24,HZA-RUBIES-UDS-63139,RUBIES-UDS-63139,1,RUBIESUDS63139_taylor24,True,only catalogue measurement in this release,4.435,1.358970606803421,RUBIES,UDS,broad-line-agn,robust,individual_robust,taylor24_ceers_rubies_blagn,Table 1 (Sample of BLAGN),The Astrophysical Journal 986:165 (2025); arXiv:2409.06772v2,https://iopscience.iop.org/article/10.3847/1538-4357/add15b,10.3847/1538-4357/add15b,single-epoch-virial-halpha-reines2013,0.0,non_lrd,0.0,formal_mbh_errors_exclude_virial_systematic;nominal_mass_uncorrected_for_dust,Nominal Table 1 mass and Halpha flux are uncorrected for dust; formal MBH errors exclude the approximately 0.5 dex virial-calibration systematic.,10000,20260808,30.0,0.1,1.0,True,split-normal-in-log-mbh,0.09,0.09,0.09,0.09,symmetric_reported,False,mbh_plus_0p3dex,MBH +0.3 dex,global_comparison,all_sources,0.3,6.7023185333246875,6.760056808623738,6.849325428018806,6.938079418407214,6.997435913340371,fedd1,1.0,-4.233086898291665,-4.1753486229926144,-4.086080003597547,-3.997326013209139,-3.9379695182759824,0.0,0.0
v3-blagn,measurement,RUBIESUDS63139_taylor24,RUBIESUDS63139_taylor24,HZA-RUBIES-UDS-63139,RUBIES-UDS-63139,1,RUBIESUDS63139_taylor24,True,only catalogue measurement in this release,4.435,1.358970606803421,RUBIES,UDS,broad-line-agn,robust,individual_robust,taylor24_ceers_rubies_blagn,Table 1 (Sample of BLAGN),The Astrophysical Journal 986:165 (2025); arXiv:2409.06772v2,https://iopscience.iop.org/article/10.3847/1538-4357/add15b,10.3847/1538-4357/add15b,single-epoch-virial-halpha-reines2013,0.0,non_lrd,0.0,formal_mbh_errors_exclude_virial_systematic;nominal_mass_uncorrected_for_dust,Nominal Table 1 mass and Halpha flux are uncorrected for dust; formal MBH errors exclude the approximately 0.5 dex virial-calibration systematic.,10000,20260808,30.0,0.1,1.0,True,split-normal-in-log-mbh,0.09,0.09,0.09,0.09,symmetric_reported,False,taylor_virial_minus_0p5dex,Taylor virial calibration sensitivity: MBH -0.5 dex,taylor_virial_calibration_sensitivity,taylor24_ceers_rubies_blagn_only,-0.5,5.902318533324688,5.960056808623738,6.049325428018806,6.138079418407214,6.197435913340371,fedd0p3,0.3,2.6216969038397817,2.679435179138833,2.7687037985339,2.857457788922308,2.9168142838554645,0.0,0.0
v3-blagn,measurement,RUBIESUDS63139_taylor24,RUBIESUDS63139_taylor24,HZA-RUBIES-UDS-63139,RUBIES-UDS-63139,1,RUBIESUDS63139_taylor24,True,only catalogue measurement in this release,4.435,1.358970606803421,RUBIES,UDS,broad-line-agn,robust,individual_robust,taylor24_ceers_rubies_blagn,Table 1 (Sample of BLAGN),The Astrophysical Journal 986:165 (2025); arXiv:2409.06772v2,https://iopscience.iop.org/article/10.3847/1538-4357/add15b,10.3847/1538-4357/add15b,single-epoch-virial-halpha-reines2013,0.0,non_lrd,0.0,formal_mbh_errors_exclude_virial_systematic;nominal_mass_uncorrected_for_dust,Nominal Table 1 mass and Halpha flux are uncorrected for dust; formal MBH errors exclude the approximately 0.5 dex virial-calibration systematic.,10000,20260808,30.0,0.1,1.0,True,split-normal-in-log-mbh,0.09,0.09,0.09,0.09,symmetric_reported,False,taylor_virial_minus_0p5dex,Taylor virial calibration sensitivity: MBH -0.5 dex,taylor_virial_calibration_sensitivity,taylor24_ceers_rubies_blagn_only,-0.5,5.902318533324688,5.960056808623738,6.049325428018806,6.138079418407214,6.197435913340371,fedd1,1.0,-5.033086898291665,-4.975348622992614,-4.886080003597547,-4.797326013209139,-4.737969518275982,0.0,0.0
v3-blagn,measurement,RUBIESUDS63139_taylor24,RUBIESUDS63139_taylor24,HZA-RUBIES-UDS-63139,RUBIES-UDS-63139,1,RUBIESUDS63139_taylor24,True,only catalogue measurement in this release,4.435,1.358970606803421,RUBIES,UDS,broad-line-agn,robust,individual_robust,taylor24_ceers_rubies_blagn,Table 1 (Sample of BLAGN),The Astrophysical Journal 986:165 (2025); arXiv:2409.06772v2,https://iopscience.iop.org/article/10.3847/1538-4357/add15b,10.3847/1538-4357/add15b,single-epoch-virial-halpha-reines2013,0.0,non_lrd,0.0,formal_mbh_errors_exclude_virial_systematic;nominal_mass_uncorrected_for_dust,Nominal Table 1 mass and Halpha flux are uncorrected for dust; formal MBH errors exclude the approximately 0.5 dex virial-calibration systematic.,10000,20260808,30.0,0.1,1.0,True,split-normal-in-log-mbh,0.09,0.09,0.09,0.09,symmetric_reported,False,taylor_virial_plus_0p5dex,Taylor virial calibration sensitivity: MBH +0.5 dex,taylor_virial_calibration_sensitivity,taylor24_ceers_rubies_blagn_only,0.5,6.902318533324688,6.960056808623738,7.049325428018806,7.138079418407214,7.197435913340371,fedd0p3,0.3,3.6216969038397817,3.679435179138833,3.7687037985339,3.857457788922308,3.9168142838554645,0.0,0.0
v3-blagn,measurement,RUBIESUDS63139_taylor24,RUBIESUDS63139_taylor24,HZA-RUBIES-UDS-63139,RUBIES-UDS-63139,1,RUBIESUDS63139_taylor24,True,only catalogue measurement in this release,4.435,1.358970606803421,RUBIES,UDS,broad-line-agn,robust,individual_robust,taylor24_ceers_rubies_blagn,Table 1 (Sample of BLAGN),The Astrophysical Journal 986:165 (2025); arXiv:2409.06772v2,https://iopscience.iop.org/article/10.3847/1538-4357/add15b,10.3847/1538-4357/add15b,single-epoch-virial-halpha-reines2013,0.0,non_lrd,0.0,formal_mbh_errors_exclude_virial_systematic;nominal_mass_uncorrected_for_dust,Nominal Table 1 mass and Halpha flux are uncorrected for dust; formal MBH errors exclude the approximately 0.5 dex virial-calibration systematic.,10000,20260808,30.0,0.1,1.0,True,split-normal-in-log-mbh,0.09,0.09,0.09,0.09,symmetric_reported,False,taylor_virial_plus_0p5dex,Taylor virial calibration sensitivity: MBH +0.5 dex,taylor_virial_calibration_sensitivity,taylor24_ceers_rubies_blagn_only,0.5,6.902318533324688,6.960056808623738,7.049325428018806,7.138079418407214,7.197435913340371,fedd1,1.0,-4.033086898291665,-3.975348622992614,-3.886080003597547,-3.7973260132091387,-3.7379695182759822,0.0,0.0
v3-blagn,measurement,RUBIESUDS807469_taylor24,RUBIESUDS807469_taylor24,HZA-RUBIES-UDS-807469,RUBIES-UDS-807469,1,RUBIESUDS807469_taylor24,True,only catalogue measurement in this release,6.778,0.7949670440338809,RUBIES,UDS,broad-line-agn,robust,individual_robust,taylor24_ceers_rubies_blagn,Table 1 (Sample of BLAGN),The Astrophysical Journal 986:165 (2025); arXiv:2409.06772v2,https://iopscience.iop.org/article/10.3847/1538-4357/add15b,10.3847/1538-4357/add15b,single-epoch-virial-halpha-reines2013,0.0,non_lrd,0.0,formal_mbh_errors_exclude_virial_systematic;nominal_mass_uncorrected_for_dust,Nominal Table 1 mass and Halpha flux are uncorrected for dust; formal MBH errors exclude the approximately 0.5 dex virial-calibration systematic.,10000,20260808,30.0,0.1,1.0,True,split-normal-in-log-mbh,0.13,0.11,0.13,0.11,asymmetric,False,baseline,reported MBH,none,all_sources,0.0,7.251579127114578,7.3201210829162555,7.429375721027254,7.555831093337823,7.642972740629982,fedd0p3,0.3,5.440619308137187,5.509161263938864,5.618415902049863,5.744871274360432,5.83201292165259,1.0,0.0013
v3-blagn,measurement,RUBIESUDS807469_taylor24,RUBIESUDS807469_taylor24,HZA-RUBIES-UDS-807469,RUBIES-UDS-807469,1,RUBIESUDS807469_taylor24,True,only catalogue measurement in this release,6.778,0.7949670440338809,RUBIES,UDS,broad-line-agn,robust,individual_robust,taylor24_ceers_rubies_blagn,Table 1 (Sample of BLAGN),The Astrophysical Journal 986:165 (2025); arXiv:2409.06772v2,https://iopscience.iop.org/article/10.3847/1538-4357/add15b,10.3847/1538-4357/add15b,single-epoch-virial-halpha-reines2013,0.0,non_lrd,0.0,formal_mbh_errors_exclude_virial_systematic;nominal_mass_uncorrected_for_dust,Nominal Table 1 mass and Halpha flux are uncorrected for dust; formal MBH errors exclude the approximately 0.5 dex virial-calibration systematic.,10000,20260808,30.0,0.1,1.0,True,split-normal-in-log-mbh,0.13,0.11,0.13,0.11,asymmetric,False,baseline,reported MBH,none,all_sources,0.0,7.251579127114578,7.3201210829162555,7.429375721027254,7.555831093337823,7.642972740629982,fedd1,1.0,1.2150463971899386,1.2835883529916163,1.3928429911026146,1.5192983634131842,1.6064400107053427,0.0,0.0
v3-blagn,measurement,RUBIESUDS807469_taylor24,RUBIESUDS807469_taylor24,HZA-RUBIES-UDS-807469,RUBIES-UDS-807469,1,RUBIESUDS807469_taylor24,True,only catalogue measurement in this release,6.778,0.7949670440338809,RUBIES,UDS,broad-line-agn,robust,individual_robust,taylor24_ceers_rubies_blagn,Table 1 (Sample of BLAGN),The Astrophysical Journal 986:165 (2025); arXiv:2409.06772v2,https://iopscience.iop.org/article/10.3847/1538-4357/add15b,10.3847/1538-4357/add15b,single-epoch-virial-halpha-reines2013,0.0,non_lrd,0.0,formal_mbh_errors_exclude_virial_systematic;nominal_mass_uncorrected_for_dust,Nominal Table 1 mass and Halpha flux are uncorrected for dust; formal MBH errors exclude the approximately 0.5 dex virial-calibration systematic.,10000,20260808,30.0,0.1,1.0,True,split-normal-in-log-mbh,0.13,0.11,0.13,0.11,asymmetric,False,mbh_minus_0p3dex,MBH -0.3 dex,global_comparison,all_sources,-0.3,6.951579127114578,7.020121082916256,7.1293757210272535,7.255831093337823,7.342972740629982,fedd0p3,0.3,5.140619308137187,5.2091612639388645,5.318415902049862,5.444871274360432,5.532012921652591,0.9977,0.0
v3-blagn,measurement,RUBIESUDS807469_taylor24,RUBIESUDS807469_taylor24,HZA-RUBIES-UDS-807469,RUBIES-UDS-807469,1,RUBIESUDS807469_taylor24,True,only catalogue measurement in this release,6.778,0.7949670440338809,RUBIES,UDS,broad-line-agn,robust,individual_robust,taylor24_ceers_rubies_blagn,Table 1 (Sample of BLAGN),The Astrophysical Journal 986:165 (2025); arXiv:2409.06772v2,https://iopscience.iop.org/article/10.3847/1538-4357/add15b,10.3847/1538-4357/add15b,single-epoch-virial-halpha-reines2013,0.0,non_lrd,0.0,formal_mbh_errors_exclude_virial_systematic;nominal_mass_uncorrected_for_dust,Nominal Table 1 mass and Halpha flux are uncorrected for dust; formal MBH errors exclude the approximately 0.5 dex virial-calibration systematic.,10000,20260808,30.0,0.1,1.0,True,split-normal-in-log-mbh,0.13,0.11,0.13,0.11,asymmetric,False,mbh_minus_0p3dex,MBH -0.3 dex,global_comparison,all_sources,-0.3,6.951579127114578,7.020121082916256,7.1293757210272535,7.255831093337823,7.342972740629982,fedd1,1.0,0.9150463971899389,0.9835883529916166,1.0928429911026147,1.2192983634131844,1.3064400107053429,0.0,0.0
v3-blagn,measurement,RUBIESUDS807469_taylor24,RUBIESUDS807469_taylor24,HZA-RUBIES-UDS-807469,RUBIES-UDS-807469,1,RUBIESUDS807469_taylor24,True,only catalogue measurement in this release,6.778,0.7949670440338809,RUBIES,UDS,broad-line-agn,robust,individual_robust,taylor24_ceers_rubies_blagn,Table 1 (Sample of BLAGN),The Astrophysical Journal 986:165 (2025); arXiv:2409.06772v2,https://iopscience.iop.org/article/10.3847/1538-4357/add15b,10.3847/1538-4357/add15b,single-epoch-virial-halpha-reines2013,0.0,non_lrd,0.0,formal_mbh_errors_exclude_virial_systematic;nominal_mass_uncorrected_for_dust,Nominal Table 1 mass and Halpha flux are uncorrected for dust; formal MBH errors exclude the approximately 0.5 dex virial-calibration systematic.,10000,20260808,30.0,0.1,1.0,True,split-normal-in-log-mbh,0.13,0.11,0.13,0.11,asymmetric,False,mbh_plus_0p3dex,MBH +0.3 dex,global_comparison,all_sources,0.3,7.551579127114578,7.620121082916255,7.729375721027253,7.855831093337823,7.9429727406299815,fedd0p3,0.3,5.740619308137187,5.809161263938864,5.918415902049862,6.044871274360432,6.13201292165259,1.0,0.2632
v3-blagn,measurement,RUBIESUDS807469_taylor24,RUBIESUDS807469_taylor24,HZA-RUBIES-UDS-807469,RUBIES-UDS-807469,1,RUBIESUDS807469_taylor24,True,only catalogue measurement in this release,6.778,0.7949670440338809,RUBIES,UDS,broad-line-agn,robust,individual_robust,taylor24_ceers_rubies_blagn,Table 1 (Sample of BLAGN),The Astrophysical Journal 986:165 (2025); arXiv:2409.06772v2,https://iopscience.iop.org/article/10.3847/1538-4357/add15b,10.3847/1538-4357/add15b,single-epoch-virial-halpha-reines2013,0.0,non_lrd,0.0,formal_mbh_errors_exclude_virial_systematic;nominal_mass_uncorrected_for_dust,Nominal Table 1 mass and Halpha flux are uncorrected for dust; formal MBH errors exclude the approximately 0.5 dex virial-calibration systematic.,10000,20260808,30.0,0.1,1.0,True,split-normal-in-log-mbh,0.13,0.11,0.13,0.11,asymmetric,False,mbh_plus_0p3dex,MBH +0.3 dex,global_comparison,all_sources,0.3,7.551579127114578,7.620121082916255,7.729375721027253,7.855831093337823,7.9429727406299815,fedd1,1.0,1.5150463971899384,1.5835883529916162,1.6928429911026144,1.819298363413184,1.9064400107053425,0.0,0.0
v3-blagn,measurement,RUBIESUDS807469_taylor24,RUBIESUDS807469_taylor24,HZA-RUBIES-UDS-807469,RUBIES-UDS-807469,1,RUBIESUDS807469_taylor24,True,only catalogue measurement in this release,6.778,0.7949670440338809,RUBIES,UDS,broad-line-agn,robust,individual_robust,taylor24_ceers_rubies_blagn,Table 1 (Sample of BLAGN),The Astrophysical Journal 986:165 (2025); arXiv:2409.06772v2,https://iopscience.iop.org/article/10.3847/1538-4357/add15b,10.3847/1538-4357/add15b,single-epoch-virial-halpha-reines2013,0.0,non_lrd,0.0,formal_mbh_errors_exclude_virial_systematic;nominal_mass_uncorrected_for_dust,Nominal Table 1 mass and Halpha flux are uncorrected for dust; formal MBH errors exclude the approximately 0.5 dex virial-calibration systematic.,10000,20260808,30.0,0.1,1.0,True,split-normal-in-log-mbh,0.13,0.11,0.13,0.11,asymmetric,False,taylor_virial_minus_0p5dex,Taylor virial calibration sensitivity: MBH -0.5 dex,taylor_virial_calibration_sensitivity,taylor24_ceers_rubies_blagn_only,-0.5,6.751579127114578,6.8201210829162555,6.929375721027254,7.055831093337823,7.142972740629982,fedd0p3,0.3,4.940619308137187,5.009161263938864,5.118415902049863,5.244871274360432,5.33201292165259,0.8593,0.0
v3-blagn,measurement,RUBIESUDS807469_taylor24,RUBIESUDS807469_taylor24,HZA-RUBIES-UDS-807469,RUBIES-UDS-807469,1,RUBIESUDS807469_taylor24,True,only catalogue measurement in this release,6.778,0.7949670440338809,RUBIES,UDS,broad-line-agn,robust,individual_robust,taylor24_ceers_rubies_blagn,Table 1 (Sample of BLAGN),The Astrophysical Journal 986:165 (2025); arXiv:2409.06772v2,https://iopscience.iop.org/article/10.3847/1538-4357/add15b,10.3847/1538-4357/add15b,single-epoch-virial-halpha-reines2013,0.0,non_lrd,0.0,formal_mbh_errors_exclude_virial_systematic;nominal_mass_uncorrected_for_dust,Nominal Table 1 mass and Halpha flux are uncorrected for dust; formal MBH errors exclude the approximately 0.5 dex virial-calibration systematic.,10000,20260808,30.0,0.1,1.0,True,split-normal-in-log-mbh,0.13,0.11,0.13,0.11,asymmetric,False,taylor_virial_minus_0p5dex,Taylor virial calibration sensitivity: MBH -0.5 dex,taylor_virial_calibration_sensitivity,taylor24_ceers_rubies_blagn_only,-0.5,6.751579127114578,6.8201210829162555,6.929375721027254,7.055831093337823,7.142972740629982,fedd1,1.0,0.7150463971899387,0.7835883529916164,0.8928429911026146,1.0192983634131842,1.1064400107053427,0.0,0.0
v3-blagn,measurement,RUBIESUDS807469_taylor24,RUBIESUDS807469_taylor24,HZA-RUBIES-UDS-807469,RUBIES-UDS-807469,1,RUBIESUDS807469_taylor24,True,only catalogue measurement in this release,6.778,0.7949670440338809,RUBIES,UDS,broad-line-agn,robust,individual_robust,taylor24_ceers_rubies_blagn,Table 1 (Sample of BLAGN),The Astrophysical Journal 986:165 (2025); arXiv:2409.06772v2,https://iopscience.iop.org/article/10.3847/1538-4357/add15b,10.3847/1538-4357/add15b,single-epoch-virial-halpha-reines2013,0.0,non_lrd,0.0,formal_mbh_errors_exclude_virial_systematic;nominal_mass_uncorrected_for_dust,Nominal Table 1 mass and Halpha flux are uncorrected for dust; formal MBH errors exclude the approximately 0.5 dex virial-calibration systematic.,10000,20260808,30.0,0.1,1.0,True,split-normal-in-log-mbh,0.13,0.11,0.13,0.11,asymmetric,False,taylor_virial_plus_0p5dex,Taylor virial calibration sensitivity: MBH +0.5 dex,taylor_virial_calibration_sensitivity,taylor24_ceers_rubies_blagn_only,0.5,7.751579127114578,7.8201210829162555,7.929375721027254,8.055831093337822,8.142972740629983,fedd0p3,0.3,5.940619308137187,6.009161263938864,6.118415902049863,6.244871274360431,6.332012921652591,1.0,0.8593
v3-blagn,measurement,RUBIESUDS807469_taylor24,RUBIESUDS807469_taylor24,HZA-RUBIES-UDS-807469,RUBIES-UDS-807469,1,RUBIESUDS807469_taylor24,True,only catalogue measurement in this release,6.778,0.7949670440338809,RUBIES,UDS,broad-line-agn,robust,individual_robust,taylor24_ceers_rubies_blagn,Table 1 (Sample of BLAGN),The Astrophysical Journal 986:165 (2025); arXiv:2409.06772v2,https://iopscience.iop.org/article/10.3847/1538-4357/add15b,10.3847/1538-4357/add15b,single-epoch-virial-halpha-reines2013,0.0,non_lrd,0.0,formal_mbh_errors_exclude_virial_systematic;nominal_mass_uncorrected_for_dust,Nominal Table 1 mass and Halpha flux are uncorrected for dust; formal MBH errors exclude the approximately 0.5 dex virial-calibration systematic.,10000,20260808,30.0,0.1,1.0,True,split-normal-in-log-mbh,0.13,0.11,0.13,0.11,asymmetric,False,taylor_virial_plus_0p5dex,Taylor virial calibration sensitivity: MBH +0.5 dex,taylor_virial_calibration_sensitivity,taylor24_ceers_rubies_blagn_only,0.5,7.751579127114578,7.8201210829162555,7.929375721027254,8.055831093337822,8.142972740629983,fedd1,1.0,1.7150463971899386,1.7835883529916163,1.8928429911026146,2.0192983634131836,2.1064400107053434,0.0,0.0
v3-blagn,measurement,RUBIESUDS970351_taylor24,RUBIESUDS970351_taylor24,HZA-RUBIES-UDS-970351,RUBIES-UDS-970351,1,RUBIESUDS970351_taylor24,True,only catalogue measurement in this release,5.282,1.0944733515566631,RUBIES,UDS,broad-line-agn,robust,individual_robust,taylor24_ceers_rubies_blagn,Table 1 (Sample of BLAGN),The Astrophysical Journal 986:165 (2025); arXiv:2409.06772v2,https://iopscience.iop.org/article/10.3847/1538-4357/add15b,10.3847/1538-4357/add15b,single-epoch-virial-halpha-reines2013,1.0,lrd,0.0,formal_mbh_errors_exclude_virial_systematic;nominal_mass_uncorrected_for_dust,Nominal Table 1 mass and Halpha flux are uncorrected for dust; formal MBH errors exclude the approximately 0.5 dex virial-calibration systematic.,10000,20260808,30.0,0.1,1.0,True,split-normal-in-log-mbh,0.17,0.17,0.17,0.17,symmetric_reported,False,baseline,reported MBH,none,all_sources,0.0,6.8286973750734665,6.939982933110211,7.108161641490308,7.2780238349988995,7.393231165894468,fedd0p3,0.3,4.237293936181898,4.348579494218643,4.51675820259874,4.686620396107331,4.8018277270029,0.0021,0.0
v3-blagn,measurement,RUBIESUDS970351_taylor24,RUBIESUDS970351_taylor24,HZA-RUBIES-UDS-970351,RUBIES-UDS-970351,1,RUBIESUDS970351_taylor24,True,only catalogue measurement in this release,5.282,1.0944733515566631,RUBIES,UDS,broad-line-agn,robust,individual_robust,taylor24_ceers_rubies_blagn,Table 1 (Sample of BLAGN),The Astrophysical Journal 986:165 (2025); arXiv:2409.06772v2,https://iopscience.iop.org/article/10.3847/1538-4357/add15b,10.3847/1538-4357/add15b,single-epoch-virial-halpha-reines2013,1.0,lrd,0.0,formal_mbh_errors_exclude_virial_systematic;nominal_mass_uncorrected_for_dust,Nominal Table 1 mass and Halpha flux are uncorrected for dust; formal MBH errors exclude the approximately 0.5 dex virial-calibration systematic.,10000,20260808,30.0,0.1,1.0,True,split-normal-in-log-mbh,0.17,0.17,0.17,0.17,symmetric_reported,False,baseline,reported MBH,none,all_sources,0.0,6.8286973750734665,6.939982933110211,7.108161641490308,7.2780238349988995,7.393231165894468,fedd1,1.0,-1.8093140878984277,-1.698028529861683,-1.5298498214815863,-1.359987627972995,-1.2447802970774258,0.0,0.0
v3-blagn,measurement,RUBIESUDS970351_taylor24,RUBIESUDS970351_taylor24,HZA-RUBIES-UDS-970351,RUBIES-UDS-970351,1,RUBIESUDS970351_taylor24,True,only catalogue measurement in this release,5.282,1.0944733515566631,RUBIES,UDS,broad-line-agn,robust,individual_robust,taylor24_ceers_rubies_blagn,Table 1 (Sample of BLAGN),The Astrophysical Journal 986:165 (2025); arXiv:2409.06772v2,https://iopscience.iop.org/article/10.3847/1538-4357/add15b,10.3847/1538-4357/add15b,single-epoch-virial-halpha-reines2013,1.0,lrd,0.0,formal_mbh_errors_exclude_virial_systematic;nominal_mass_uncorrected_for_dust,Nominal Table 1 mass and Halpha flux are uncorrected for dust; formal MBH errors exclude the approximately 0.5 dex virial-calibration systematic.,10000,20260808,30.0,0.1,1.0,True,split-normal-in-log-mbh,0.17,0.17,0.17,0.17,symmetric_reported,False,mbh_minus_0p3dex,MBH -0.3 dex,global_comparison,all_sources,-0.3,6.528697375073467,6.639982933110211,6.808161641490308,6.9780238349989,7.093231165894468,fedd0p3,0.3,3.9372939361818986,4.048579494218643,4.21675820259874,4.386620396107332,4.5018277270029,0.0,0.0
v3-blagn,measurement,RUBIESUDS970351_taylor24,RUBIESUDS970351_taylor24,HZA-RUBIES-UDS-970351,RUBIES-UDS-970351,1,RUBIESUDS970351_taylor24,True,only catalogue measurement in this release,5.282,1.0944733515566631,RUBIES,UDS,broad-line-agn,robust,individual_robust,taylor24_ceers_rubies_blagn,Table 1 (Sample of BLAGN),The Astrophysical Journal 986:165 (2025); arXiv:2409.06772v2,https://iopscience.iop.org/article/10.3847/1538-4357/add15b,10.3847/1538-4357/add15b,single-epoch-virial-halpha-reines2013,1.0,lrd,0.0,formal_mbh_errors_exclude_virial_systematic;nominal_mass_uncorrected_for_dust,Nominal Table 1 mass and Halpha flux are uncorrected for dust; formal MBH errors exclude the approximately 0.5 dex virial-calibration systematic.,10000,20260808,30.0,0.1,1.0,True,split-normal-in-log-mbh,0.17,0.17,0.17,0.17,symmetric_reported,False,mbh_minus_0p3dex,MBH -0.3 dex,global_comparison,all_sources,-0.3,6.528697375073467,6.639982933110211,6.808161641490308,6.9780238349989,7.093231165894468,fedd1,1.0,-2.1093140878984276,-1.998028529861683,-1.8298498214815861,-1.6599876279729948,-1.5447802970774256,0.0,0.0
v3-blagn,measurement,RUBIESUDS970351_taylor24,RUBIESUDS970351_taylor24,HZA-RUBIES-UDS-970351,RUBIES-UDS-970351,1,RUBIESUDS970351_taylor24,True,only catalogue measurement in this release,5.282,1.0944733515566631,RUBIES,UDS,broad-line-agn,robust,individual_robust,taylor24_ceers_rubies_blagn,Table 1 (Sample of BLAGN),The Astrophysical Journal 986:165 (2025); arXiv:2409.06772v2,https://iopscience.iop.org/article/10.3847/1538-4357/add15b,10.3847/1538-4357/add15b,single-epoch-virial-halpha-reines2013,1.0,lrd,0.0,formal_mbh_errors_exclude_virial_systematic;nominal_mass_uncorrected_for_dust,Nominal Table 1 mass and Halpha flux are uncorrected for dust; formal MBH errors exclude the approximately 0.5 dex virial-calibration systematic.,10000,20260808,30.0,0.1,1.0,True,split-normal-in-log-mbh,0.17,0.17,0.17,0.17,symmetric_reported,False,mbh_plus_0p3dex,MBH +0.3 dex,global_comparison,all_sources,0.3,7.128697375073466,7.239982933110211,7.408161641490308,7.578023834998899,7.693231165894468,fedd0p3,0.3,4.537293936181898,4.648579494218643,4.81675820259874,4.986620396107331,5.1018277270029,0.1422,0.0
v3-blagn,measurement,RUBIESUDS970351_taylor24,RUBIESUDS970351_taylor24,HZA-RUBIES-UDS-970351,RUBIES-UDS-970351,1,RUBIESUDS970351_taylor24,True,only catalogue measurement in this release,5.282,1.0944733515566631,RUBIES,UDS,broad-line-agn,robust,individual_robust,taylor24_ceers_rubies_blagn,Table 1 (Sample of BLAGN),The Astrophysical Journal 986:165 (2025); arXiv:2409.06772v2,https://iopscience.iop.org/article/10.3847/1538-4357/add15b,10.3847/1538-4357/add15b,single-epoch-virial-halpha-reines2013,1.0,lrd,0.0,formal_mbh_errors_exclude_virial_systematic;nominal_mass_uncorrected_for_dust,Nominal Table 1 mass and Halpha flux are uncorrected for dust; formal MBH errors exclude the approximately 0.5 dex virial-calibration systematic.,10000,20260808,30.0,0.1,1.0,True,split-normal-in-log-mbh,0.17,0.17,0.17,0.17,symmetric_reported,False,mbh_plus_0p3dex,MBH +0.3 dex,global_comparison,all_sources,0.3,7.128697375073466,7.239982933110211,7.408161641490308,7.578023834998899,7.693231165894468,fedd1,1.0,-1.509314087898428,-1.3980285298616832,-1.2298498214815865,-1.0599876279729952,-0.9447802970774261,0.0,0.0
v3-blagn,measurement,RUBIESUDS970351_taylor24,RUBIESUDS970351_taylor24,HZA-RUBIES-UDS-970351,RUBIES-UDS-970351,1,RUBIESUDS970351_taylor24,True,only catalogue measurement in this release,5.282,1.0944733515566631,RUBIES,UDS,broad-line-agn,robust,individual_robust,taylor24_ceers_rubies_blagn,Table 1 (Sample of BLAGN),The Astrophysical Journal 986:165 (2025); arXiv:2409.06772v2,https://iopscience.iop.org/article/10.3847/1538-4357/add15b,10.3847/1538-4357/add15b,single-epoch-virial-halpha-reines2013,1.0,lrd,0.0,formal_mbh_errors_exclude_virial_systematic;nominal_mass_uncorrected_for_dust,Nominal Table 1 mass and Halpha flux are uncorrected for dust; formal MBH errors exclude the approximately 0.5 dex virial-calibration systematic.,10000,20260808,30.0,0.1,1.0,True,split-normal-in-log-mbh,0.17,0.17,0.17,0.17,symmetric_reported,False,taylor_virial_minus_0p5dex,Taylor virial calibration sensitivity: MBH -0.5 dex,taylor_virial_calibration_sensitivity,taylor24_ceers_rubies_blagn_only,-0.5,6.3286973750734665,6.439982933110211,6.608161641490308,6.7780238349988995,6.893231165894468,fedd0p3,0.3,3.7372939361818984,3.848579494218643,4.01675820259874,4.186620396107331,4.3018277270029,0.0,0.0
v3-blagn,measurement,RUBIESUDS970351_taylor24,RUBIESUDS970351_taylor24,HZA-RUBIES-UDS-970351,RUBIES-UDS-970351,1,RUBIESUDS970351_taylor24,True,only catalogue measurement in this release,5.282,1.0944733515566631,RUBIES,UDS,broad-line-agn,robust,individual_robust,taylor24_ceers_rubies_blagn,Table 1 (Sample of BLAGN),The Astrophysical Journal 986:165 (2025); arXiv:2409.06772v2,https://iopscience.iop.org/article/10.3847/1538-4357/add15b,10.3847/1538-4357/add15b,single-epoch-virial-halpha-reines2013,1.0,lrd,0.0,formal_mbh_errors_exclude_virial_systematic;nominal_mass_uncorrected_for_dust,Nominal Table 1 mass and Halpha flux are uncorrected for dust; formal MBH errors exclude the approximately 0.5 dex virial-calibration systematic.,10000,20260808,30.0,0.1,1.0,True,split-normal-in-log-mbh,0.17,0.17,0.17,0.17,symmetric_reported,False,taylor_virial_minus_0p5dex,Taylor virial calibration sensitivity: MBH -0.5 dex,taylor_virial_calibration_sensitivity,taylor24_ceers_rubies_blagn_only,-0.5,6.3286973750734665,6.439982933110211,6.608161641490308,6.7780238349988995,6.893231165894468,fedd1,1.0,-2.3093140878984277,-2.1980285298616833,-2.0298498214815863,-1.859987627972995,-1.7447802970774258,0.0,0.0
v3-blagn,measurement,RUBIESUDS970351_taylor24,RUBIESUDS970351_taylor24,HZA-RUBIES-UDS-970351,RUBIES-UDS-970351,1,RUBIESUDS970351_taylor24,True,only catalogue measurement in this release,5.282,1.0944733515566631,RUBIES,UDS,broad-line-agn,robust,individual_robust,taylor24_ceers_rubies_blagn,Table 1 (Sample of BLAGN),The Astrophysical Journal 986:165 (2025); arXiv:2409.06772v2,https://iopscience.iop.org/article/10.3847/1538-4357/add15b,10.3847/1538-4357/add15b,single-epoch-virial-halpha-reines2013,1.0,lrd,0.0,formal_mbh_errors_exclude_virial_systematic;nominal_mass_uncorrected_for_dust,Nominal Table 1 mass and Halpha flux are uncorrected for dust; formal MBH errors exclude the approximately 0.5 dex virial-calibration systematic.,10000,20260808,30.0,0.1,1.0,True,split-normal-in-log-mbh,0.17,0.17,0.17,0.17,symmetric_reported,False,taylor_virial_plus_0p5dex,Taylor virial calibration sensitivity: MBH +0.5 dex,taylor_virial_calibration_sensitivity,taylor24_ceers_rubies_blagn_only,0.5,7.3286973750734665,7.439982933110211,7.608161641490308,7.7780238349988995,7.893231165894468,fedd0p3,0.3,4.737293936181898,4.848579494218643,5.01675820259874,5.186620396107331,5.3018277270029,0.5393,0.0
v3-blagn,measurement,RUBIESUDS970351_taylor24,RUBIESUDS970351_taylor24,HZA-RUBIES-UDS-970351,RUBIES-UDS-970351,1,RUBIESUDS970351_taylor24,True,only catalogue measurement in this release,5.282,1.0944733515566631,RUBIES,UDS,broad-line-agn,robust,individual_robust,taylor24_ceers_rubies_blagn,Table 1 (Sample of BLAGN),The Astrophysical Journal 986:165 (2025); arXiv:2409.06772v2,https://iopscience.iop.org/article/10.3847/1538-4357/add15b,10.3847/1538-4357/add15b,single-epoch-virial-halpha-reines2013,1.0,lrd,0.0,formal_mbh_errors_exclude_virial_systematic;nominal_mass_uncorrected_for_dust,Nominal Table 1 mass and Halpha flux are uncorrected for dust; formal MBH errors exclude the approximately 0.5 dex virial-calibration systematic.,10000,20260808,30.0,0.1,1.0,True,split-normal-in-log-mbh,0.17,0.17,0.17,0.17,symmetric_reported,False,taylor_virial_plus_0p5dex,Taylor virial calibration sensitivity: MBH +0.5 dex,taylor_virial_calibration_sensitivity,taylor24_ceers_rubies_blagn_only,0.5,7.3286973750734665,7.439982933110211,7.608161641490308,7.7780238349988995,7.893231165894468,fedd1,1.0,-1.3093140878984277,-1.198028529861683,-1.0298498214815863,-0.8599876279729951,-0.7447802970774259,0.0,0.0
