rank_growth_pressure,rank_followup_priority,catalogue_view,ranking_id,measurement_id,physical_object_id,object_id,redshift,source_key,survey,field,lrd_status,log_mbh_msun,physical_growth_pressure_tier,physical_pressure_score_0_100,measurement_confidence_tier,measurement_confidence_score_0_100,followup_priority_category,catalogue_release,n_measurements,available_measurement_ids,preferred_measurement_flag,preferred_measurement_reason,cosmic_time_gyr,object_class,quality_flag,detection_evidence,source_table,source_paper_version,source_url,source_doi,mbh_method,lrd_flag,halpha_absorption_fit_flag,source_caveat_tags,notes,scenario,scenario_label,scenario_kind,scenario_scope,mbh_delta_dex,reported_statistical_errors_applied,systematic_combined_with_statistical_error,z_seed,epsilon,merger_boost,delta_t_z30_gyr,log_mbh_err_plus_reported,log_mbh_err_minus_reported,mstar_diagnostic_status,lbol_diagnostic_status,edd_ratio_diagnostic_status,log_mstar_msun,log_lbol_erg_s,edd_ratio_reported,log_mbh_mstar_ratio,edd_ratio_consistency_flag,edd_ratio_log_residual_dex,req_fedd_seed1e2_z30_eps0p1_b1,req_fedd_seed1e4_z30_eps0p1_b1,req_fedd_seed1e5_z30_eps0p1_b1,req_log_mseed_fedd0p3_z30_eps0p1_b1,req_log_mseed_fedd1_z30_eps0p1_b1,req_fedd_seed1e2_mbh_minus0p3,req_log_mseed_fedd0p3_mbh_minus0p3,req_fedd_seed1e2_mbh_plus0p3,req_log_mseed_fedd0p3_mbh_plus0p3,req_fedd_seed1e2_taylor_virial_minus0p5,req_log_mseed_fedd0p3_taylor_virial_minus0p5,req_fedd_seed1e2_taylor_virial_plus0p5,req_log_mseed_fedd0p3_taylor_virial_plus0p5,growth_pressure_robustness_0p3,taylor_virial_sensitivity_label,missing_diagnostics_penalized_flag,diagnostic_availability_note,ranking_note,req_fedd_seed1e2_matthee_virial_minus_0p5dex,req_log_mseed_fedd0p3_matthee_virial_minus_0p5dex,req_fedd_seed1e2_matthee_virial_plus_0p5dex,req_log_mseed_fedd0p3_matthee_virial_plus_0p5dex,req_fedd_seed1e2_aspire_virial_minus_0p5dex,req_log_mseed_fedd0p3_aspire_virial_minus_0p5dex,req_fedd_seed1e2_aspire_virial_plus_0p5dex,req_log_mseed_fedd0p3_aspire_virial_plus_0p5dex,source_virial_sensitivity_note,input_catalogue_release,detection_confidence_tier,detection_confidence_score_0_100,mass_measurement_reliability_tier,mass_measurement_reliability_score_0_100,evidence_status,evidence_status_basis,spectroscopic_type,selection_channels,phenotype_tags,lensing_status,growth_ranking_eligible_flag
1,1,measurement,GN38509_juodzbalis25,GN38509_juodzbalis25,HZA-GN-38509,GN-38509,6.678,juodzbalis25_jades_blagn,JADES,,not_reported_by_source,8.57,high,98.44540599147037,high,90,A_robust_high_pressure,v5-blagn,1,GN38509_juodzbalis25,True,only catalogue measurement in this release,0.8105236210227595,broad-line-agn,robust,individual_robust,"Table 2 (BH/Lbol/lambda_Edd), Table 5 (Mstar)",,,,single-epoch-virial-halpha,,,,Robust sample; Mstar uses BEAGLE value.,baseline,reported MBH,none,all_sources,0.0,False,False,30.0,0.1,1.0,0.7105380908536351,0.37,0.38,available,available,available,9.19,44.84,0.015,-0.6199999999999992,consistent,0.0064618041732414,1.064544199368414,0.7404820382212559,0.578450957647677,6.71850336776117,2.398344559203899,1.0159348751963402,6.418503367761169,1.1131535235404875,7.018503367761171,,,,,robust_high_to_minus0p3,not_applicable_non_taylor_source,False,available;available;available,Observational-triage rank: high growth pressure; high detection confidence; high mass/line-model reliability. This is not evidence for a unique seed channel.,,,,,,,,,not_applicable_or_recorded_in_source_specific_columns,v5-blagn,high,90,high,90,secure_accreting_mbh,published_blagn_with_robust_detection_and_no_recorded_alternative_interpretation,type1_broad_line,broad_balmer_line,,unknown,True
2,5,measurement,GS20057765_juodzbalis25,GS20057765_juodzbalis25,HZA-GS-20057765,GS-20057765,8.913,juodzbalis25_jades_blagn,JADES,,not_reported_by_source,7.33,high,93.77309018057997,medium_tentative,35,B_tentative_high_pressure,v5-blagn,1,GS20057765_juodzbalis25,True,only catalogue measurement in this release,0.5527336017822919,broad-line-agn,tentative,stack_supported_tentative_hbeta,"Table 2 (BH/Lbol/lambda_Edd), Table 5 (Mstar)",,,,single-epoch-virial-hbeta,,,,Tentative broad-Hbeta sample; individual detection not formally significant; stack-supported; Mstar uses BEAGLE value.,baseline,reported MBH,none,all_sources,0.0,False,False,30.0,0.1,1.0,0.45274807161316744,0.62,0.7,available,available,available,7.4,44.16,0.051,-0.0700000000000002,consistent,-0.0220592787844985,1.3553650821669596,0.8467853139992451,0.5924954299153876,6.150244064836379,3.397480216121263,1.2790781169418026,5.850244064836379,1.4316520473921168,6.450244064836379,,,,,robust_high_to_minus0p3,not_applicable_non_taylor_source,False,available;available;available,Observational-triage rank: high growth pressure; low_tentative_stack_supported detection confidence; medium_tentative mass/line-model reliability. This is not evidence for a unique seed channel.,,,,,,,,,not_applicable_or_recorded_in_source_specific_columns,v5-blagn,low_tentative_stack_supported,35,medium_tentative,60,probable_accreting_mbh,published_blagn_with_tentative_broad_line_detection,type1_broad_line,broad_balmer_line,,unknown,True
3,3,measurement,RUBIESEGS49140_taylor24,RUBIESEGS49140_taylor24,HZA-RUBIES-EGS-49140,RUBIES-EGS-49140,6.685,taylor24_ceers_rubies_blagn,RUBIES,EGS,lrd,8.26,high,87.49084949824412,robust_with_interpretive_caveat,70,B_caveated_high_pressure,v5-blagn,1,RUBIESEGS49140_taylor24,True,only catalogue measurement in this release,0.8094182196919075,broad-line-agn,robust,individual_robust,Table 1 (Sample of BLAGN),The Astrophysical Journal 986:165 (2025); arXiv:2409.06772v2,https://iopscience.iop.org/article/10.3847/1538-4357/add15b,10.3847/1538-4357/add15b,single-epoch-virial-halpha-reines2013,1.0,1.0,formal_mbh_errors_exclude_virial_systematic;nominal_mass_uncorrected_for_dust;halpha_absorption_component_fit;alternative_non_agn_compact_galaxy_broadening,Nominal Table 1 mass and Halpha flux are uncorrected for dust; formal MBH errors exclude the approximately 0.5 dex virial-calibration systematic. Halpha line fit includes the source-specific narrow absorption component described in Section 3.2. The paper retains this source as BLAGN while noting a published compact-galaxy alternative for its broad lines.,baseline,reported MBH,none,all_sources,0.0,False,False,30.0,0.1,1.0,0.709432689522783,0.02,0.01,unavailable_not_published_in_taylor_table1:mstar,unavailable_not_published_in_taylor_table1:lbol,unavailable_not_published_in_taylor_table1:edd_ratio,,,,,not_evaluable,,1.0158950168929186,0.6913279188440629,0.529044369819635,6.411383785950835,2.0979459531694493,0.9672099521855904,6.111383785950835,1.0645800816002473,6.711383785950836,0.9347532423807046,5.911383785950835,1.0970367914051327,6.911383785950835,robust_high_to_minus0p3,baseline_high_not_robust_to_taylor_minus0p5,False,unavailable_not_published_in_taylor_table1:mstar;unavailable_not_published_in_taylor_table1:lbol;unavailable_not_published_in_taylor_table1:edd_ratio,Observational-triage rank: high growth pressure; high detection confidence; robust_with_interpretive_caveat mass/line-model reliability. This is not evidence for a unique seed channel.,,,,,,,,,not_applicable_or_recorded_in_source_specific_columns,v5-blagn,high,90,robust_with_interpretive_caveat,70,candidate_accreting_mbh,robust_broad_line_with_recorded_alternative_non_agn_interpretation,type1_broad_line,broad_halpha,lrd,unknown,True
4,2,measurement,CEERS00717_harikane23,CEERS00717_harikane23,HZA-CEERS-00717,CEERS-00717,6.936,harikane23_nirspec_blagn,CEERS,EGS,not_reported_by_source,7.99122608,high,81.93378689127388,high,90,A_robust_high_pressure,v5-blagn,1,CEERS00717_harikane23,True,only catalogue measurement in this release,0.7713794498651723,broad-line-agn,robust,individual_robust,Tables 1-3,The Astrophysical Journal 959:39 (2023); arXiv:2303.11946v3,https://doi.org/10.3847/1538-4357/ad029e,10.3847/1538-4357/ad029e,single-epoch-virial-halpha-greeneho2005,,,virial_calibration_at_z0;source_does_not_state_numeric_virial_systematic,Extinction-corrected broad-Halpha Greene & Ho (2005) mass; source gives no numeric virial-calibration systematic.,baseline,reported MBH,none,all_sources,0.0,False,False,30.0,0.1,1.0,0.6713939196960478,0.16106227,0.17168214,available,available,available,9.61,44.85125835,0.06,-1.6187739199999998,consistent,0.018489525501202,1.0273631809780568,0.6844072760397951,0.5129293235706643,6.241730032955669,2.159572589852229,0.9759197952373174,5.941730032955669,1.078806566718796,6.541730032955669,,,,,baseline_high_not_robust_to_minus0p3,not_applicable_non_taylor_source,False,available;available;available,Observational-triage rank: high growth pressure; high detection confidence; high mass/line-model reliability. This is not evidence for a unique seed channel.,,,,,,,,,"Harikane statistical errors are propagated; no numeric virial-calibration systematic is published, so no source-specific scenario is inferred",v5-blagn,high,90,high,90,secure_accreting_mbh,published_blagn_with_robust_detection_and_no_recorded_alternative_interpretation,type1_broad_line,broad_halpha,,unknown,True
5,4,measurement,GOODSN9771_matthee23,GOODSN9771_matthee23,HZA-GOODS-N-9771,GOODS-N-9771,5.538,matthee23_eiger_fresco_blagn,FRESCO,GOODS-N,lrd,8.55,high,75.85749677304578,robust_with_measurement_caveat,75,B_caveated_high_pressure,v5-blagn,1,GOODSN9771_matthee23,True,only catalogue measurement in this release,1.0309936331361336,broad-line-agn,robust,individual_robust,Tables 1-3,The Astrophysical Journal 963:129 (2024); arXiv:2306.05448v3,https://doi.org/10.3847/1538-4357/ad2345,10.3847/1538-4357/ad2345,single-epoch-virial-halpha-reines2013,1.0,1.0,halpha_absorption_fit;blueshifted_absorption_340_km_s;formal_mbh_errors_exclude_virial_systematic;nominal_mass_uncorrected_for_dust,Nominal source-table Halpha mass and luminosity are not dust corrected; formal MBH errors exclude the 0.5 dex estimator systematic.,baseline,reported MBH,none,all_sources,0.0,False,False,30.0,0.1,1.0,0.9310081029670091,0.03,0.03,unavailable_in_source:mstar,available,unavailable_in_source:edd_ratio,,45.81822589361395,,,not_evaluable,,0.8099785765046903,0.5626568737551666,0.43899602238040464,6.124009909645282,0.463366365484271,0.7728803210922617,5.824009909645281,0.8470768319171189,6.4240099096452825,,,,,baseline_high_not_robust_to_minus0p3,not_applicable_non_taylor_source,False,unavailable_in_source:mstar;available;unavailable_in_source:edd_ratio,Observational-triage rank: high growth pressure; high detection confidence; robust_with_measurement_caveat mass/line-model reliability. This is not evidence for a unique seed channel.,0.7481481508173095,5.624009909645282,0.8718090021920714,6.624009909645282,,,,,Matthee statistical errors and +/-0.5 dex calibration scenarios are separate,v5-blagn,high,90,robust_with_measurement_caveat,75,secure_accreting_mbh,published_blagn_with_robust_detection_and_no_recorded_alternative_interpretation,type1_broad_line,broad_halpha,lrd,unknown,True
6,6,measurement,GS164055_juodzbalis25,GS164055_juodzbalis25,HZA-GS-164055,GS-164055,7.397,juodzbalis25_jades_blagn,JADES,,not_reported_by_source,7.63,high,75.7772436255635,medium_tentative,35,B_tentative_high_pressure,v5-blagn,1,GS164055_juodzbalis25,True,only catalogue measurement in this release,0.7088155769811714,broad-line-agn,tentative,stack_supported_tentative_hbeta,"Table 2 (BH/Lbol/lambda_Edd), Table 5 (Mstar)",,,,single-epoch-virial-hbeta,,,,Tentative broad-Hbeta sample; individual detection not formally significant; stack-supported; source-adopted CIGALE Mstar used because the host is significantly extended.,baseline,reported MBH,none,all_sources,0.0,False,False,30.0,0.1,1.0,0.6088300468120469,0.59,0.66,available,available,available,7.99,44.21,0.03,-0.3600000000000003,consistent,-0.0025082001627724,1.064628309775132,0.6864299759296144,0.49733080900685567,6.043530821515778,2.341769405052591,1.0078985596983043,5.743530821515778,1.1213580598519597,6.3435308215157775,,,,,robust_high_to_minus0p3,not_applicable_non_taylor_source,False,available;available;available,Observational-triage rank: high growth pressure; low_tentative_stack_supported detection confidence; medium_tentative mass/line-model reliability. This is not evidence for a unique seed channel.,,,,,,,,,not_applicable_or_recorded_in_source_specific_columns,v5-blagn,low_tentative_stack_supported,35,medium_tentative,60,probable_accreting_mbh,published_blagn_with_tentative_broad_line_detection,type1_broad_line,broad_balmer_line,,unknown,True
7,7,measurement,GS20030333_juodzbalis25,GS20030333_juodzbalis25,HZA-GS-20030333,GS-20030333,7.891,juodzbalis25_jades_blagn,JADES,,not_reported_by_source,7.42,high,74.67999599624905,medium_tentative,35,B_tentative_high_pressure,v5-blagn,1,GS20030333_juodzbalis25,True,only catalogue measurement in this release,0.6506319125565291,broad-line-agn,tentative,stack_supported_tentative_hbeta,"Table 2 (BH/Lbol/lambda_Edd), Table 5 (Mstar)",,,,single-epoch-virial-hbeta,,,,Tentative broad-Hbeta sample; individual detection not formally significant; stack-supported; source-adopted CIGALE Mstar used because BEAGLE Mstar is unavailable.,baseline,reported MBH,none,all_sources,0.0,False,False,30.0,0.1,1.0,0.5506463823874046,0.65,0.48,available,available,available,8.61,44.44,0.08,-1.1899999999999995,consistent,-0.016539467890489,1.1332146730828314,0.7150542771113069,0.5059740791255446,5.985143887894973,2.6371462929832443,1.0704906136871029,5.685143887894974,1.19593873247856,6.285143887894973,,,,,robust_high_to_minus0p3,not_applicable_non_taylor_source,False,available;available;available,Observational-triage rank: high growth pressure; low_tentative_stack_supported detection confidence; medium_tentative mass/line-model reliability. This is not evidence for a unique seed channel.,,,,,,,,,not_applicable_or_recorded_in_source_specific_columns,v5-blagn,low_tentative_stack_supported,35,medium_tentative,60,probable_accreting_mbh,published_blagn_with_tentative_broad_line_detection,type1_broad_line,broad_balmer_line,,unknown,True
8,20,measurement,GN954_juodzbalis25,GN954_juodzbalis25,HZA-GN-954,GN-954,6.759,juodzbalis25_jades_blagn,JADES,,not_reported_by_source,7.7,medium,68.7122265884922,high,90,D_systematics_leverage,v5-blagn,1,GN954_juodzbalis25,True,only catalogue measurement in this release,0.7978843566184635,broad-line-agn,robust,individual_robust,"Table 2 (BH/Lbol/lambda_Edd), Table 5 (Mstar)",,,,single-epoch-virial-halpha,,,,Robust sample; Mstar uses BEAGLE value.,baseline,reported MBH,none,all_sources,0.0,False,False,30.0,0.1,1.0,0.697898826449339,0.31,0.32,available,available,available,10.93,45.17,0.23,-3.2299999999999995,consistent,-0.0079016188648425,0.9403035606779888,0.6103724867558875,0.4454069497948368,5.881438344477782,1.6381278149259382,0.8908138995896736,5.581438344477782,0.9897932217663039,6.181438344477781,,,,,high_only_if_plus0p3,not_applicable_non_taylor_source,False,available;available;available,Observational-triage rank: medium growth pressure; high detection confidence; high mass/line-model reliability. This is not evidence for a unique seed channel.,,,,,,,,,not_applicable_or_recorded_in_source_specific_columns,v5-blagn,high,90,high,90,secure_accreting_mbh,published_blagn_with_robust_detection_and_no_recorded_alternative_interpretation,type1_broad_line,broad_balmer_line,,unknown,True
9,8,measurement,GN4685_juodzbalis25,GN4685_juodzbalis25,HZA-GN-4685,GN-4685,7.415,juodzbalis25_jades_blagn,JADES,,not_reported_by_source,7.36,high,66.38166725891102,medium_tentative,35,B_tentative_high_pressure,v5-blagn,1,GN4685_juodzbalis25,True,only catalogue measurement in this release,0.7065452811411209,broad-line-agn,tentative,stack_supported_tentative_hbeta,"Table 2 (BH/Lbol/lambda_Edd), Table 5 (Mstar)",,,,single-epoch-virial-hbeta,,,,Tentative broad-Hbeta sample; individual detection not formally significant; stack-supported; Mstar uses BEAGLE value.,baseline,reported MBH,none,all_sources,0.0,False,False,30.0,0.1,1.0,0.6065597509719964,0.45,0.42,available,available,available,9.91,44.13,0.045,-2.55,consistent,-0.016416941107096,1.0173652371980322,0.6377513427211544,0.44794439548271564,5.779446683249509,2.091488944165028,0.9604231530265004,5.479446683249509,1.0743073213695635,6.079446683249508,,,,,baseline_high_not_robust_to_minus0p3,not_applicable_non_taylor_source,False,available;available;available,Observational-triage rank: high growth pressure; low_tentative_stack_supported detection confidence; medium_tentative mass/line-model reliability. This is not evidence for a unique seed channel.,,,,,,,,,not_applicable_or_recorded_in_source_specific_columns,v5-blagn,low_tentative_stack_supported,35,medium_tentative,60,probable_accreting_mbh,published_blagn_with_tentative_broad_line_detection,type1_broad_line,broad_balmer_line,,unknown,True
10,9,measurement,RUBIESEGS42046_taylor24,RUBIESEGS42046_taylor24,HZA-RUBIES-EGS-42046,RUBIES-EGS-42046,5.276,taylor24_ceers_rubies_blagn,RUBIES,EGS,lrd,8.3,medium,60.875632510651556,robust_with_measurement_caveat,75,C_interpretation_or_measurement_check,v5-blagn,1,RUBIESEGS42046_taylor24,True,only catalogue measurement in this release,1.0960386684020111,broad-line-agn,robust,individual_robust,Table 1 (Sample of BLAGN),The Astrophysical Journal 986:165 (2025); arXiv:2409.06772v2,https://iopscience.iop.org/article/10.3847/1538-4357/add15b,10.3847/1538-4357/add15b,single-epoch-virial-halpha-reines2013,1.0,1.0,formal_mbh_errors_exclude_virial_systematic;nominal_mass_uncorrected_for_dust;halpha_absorption_component_fit,Nominal Table 1 mass and Halpha flux are uncorrected for dust; formal MBH errors exclude the approximately 0.5 dex virial-calibration systematic. Halpha line fit includes the source-specific narrow absorption component described in Section 3.2.,baseline,reported MBH,none,all_sources,0.0,False,False,30.0,0.1,1.0,0.9960531382328867,0.02,0.02,unavailable_not_published_in_taylor_table1:mstar,unavailable_not_published_in_taylor_table1:lbol,unavailable_not_published_in_taylor_table1:edd_ratio,,,,,not_evaluable,,0.7281883631027115,0.49701745418121585,0.381431999720468,5.704517710298243,-0.35160763233919035,0.693512726764487,5.404517710298243,0.762863999440936,6.004517710298244,0.6703956358723376,5.204517710298243,0.7859810903330854,6.204517710298243,high_only_if_plus0p3,high_only_if_taylor_plus0p5,False,unavailable_not_published_in_taylor_table1:mstar;unavailable_not_published_in_taylor_table1:lbol;unavailable_not_published_in_taylor_table1:edd_ratio,Observational-triage rank: medium growth pressure; high detection confidence; robust_with_measurement_caveat mass/line-model reliability. This is not evidence for a unique seed channel.,,,,,,,,,not_applicable_or_recorded_in_source_specific_columns,v5-blagn,high,90,robust_with_measurement_caveat,75,secure_accreting_mbh,published_blagn_with_robust_detection_and_no_recorded_alternative_interpretation,type1_broad_line,broad_halpha,lrd,unknown,True
11,21,measurement,RUBIESUDS807469_taylor24,RUBIESUDS807469_taylor24,HZA-RUBIES-UDS-807469,RUBIES-UDS-807469,6.778,taylor24_ceers_rubies_blagn,RUBIES,UDS,non_lrd,7.43,medium,59.3788636079503,high,90,E_comparison_anchor,v5-blagn,1,RUBIESUDS807469_taylor24,True,only catalogue measurement in this release,0.7949670440338809,broad-line-agn,robust,individual_robust,Table 1 (Sample of BLAGN),The Astrophysical Journal 986:165 (2025); arXiv:2409.06772v2,https://iopscience.iop.org/article/10.3847/1538-4357/add15b,10.3847/1538-4357/add15b,single-epoch-virial-halpha-reines2013,0.0,0.0,formal_mbh_errors_exclude_virial_systematic;nominal_mass_uncorrected_for_dust,Nominal Table 1 mass and Halpha flux are uncorrected for dust; formal MBH errors exclude the approximately 0.5 dex virial-calibration systematic.,baseline,reported MBH,none,all_sources,0.0,False,False,30.0,0.1,1.0,0.6949815138647564,0.13,0.11,unavailable_not_published_in_taylor_table1:mstar,unavailable_not_published_in_taylor_table1:lbol,unavailable_not_published_in_taylor_table1:edd_ratio,,,,,not_evaluable,,0.8995229948944198,0.5682069746754808,0.4025489645660111,5.6190401810226085,1.3934672700753605,0.849825591861579,5.319040181022609,0.9492203979272607,5.919040181022608,0.8166939898396851,5.1190401810226085,0.9823519999491548,6.1190401810226085,lower_across_0p3_scenarios,high_only_if_taylor_plus0p5,False,unavailable_not_published_in_taylor_table1:mstar;unavailable_not_published_in_taylor_table1:lbol;unavailable_not_published_in_taylor_table1:edd_ratio,Observational-triage rank: medium growth pressure; high detection confidence; high mass/line-model reliability. This is not evidence for a unique seed channel.,,,,,,,,,not_applicable_or_recorded_in_source_specific_columns,v5-blagn,high,90,high,90,secure_accreting_mbh,published_blagn_with_robust_detection_and_no_recorded_alternative_interpretation,type1_broad_line,broad_halpha,,unknown,True
12,22,measurement,RUBIESUDS139709_taylor24,RUBIESUDS139709_taylor24,HZA-RUBIES-UDS-139709,RUBIES-UDS-139709,5.685,taylor24_ceers_rubies_blagn,RUBIES,UDS,lrd,7.88,medium,55.06849887950944,high,90,E_comparison_anchor,v5-blagn,1,RUBIESUDS139709_taylor24,True,only catalogue measurement in this release,0.9972576687755248,broad-line-agn,robust,individual_robust,Table 1 (Sample of BLAGN),The Astrophysical Journal 986:165 (2025); arXiv:2409.06772v2,https://iopscience.iop.org/article/10.3847/1538-4357/add15b,10.3847/1538-4357/add15b,single-epoch-virial-halpha-reines2013,1.0,0.0,formal_mbh_errors_exclude_virial_systematic;nominal_mass_uncorrected_for_dust,Nominal Table 1 mass and Halpha flux are uncorrected for dust; formal MBH errors exclude the approximately 0.5 dex virial-calibration systematic.,baseline,reported MBH,none,all_sources,0.0,False,False,30.0,0.1,1.0,0.8972721386064002,0.07,0.07,unavailable_not_published_in_taylor_table1:mstar,unavailable_not_published_in_taylor_table1:lbol,unavailable_not_published_in_taylor_table1:edd_ratio,,,,,not_evaluable,,0.7544645467223257,0.49784395259908565,0.36953365553746553,5.541917968626264,0.08639322875421396,0.7159714576038396,5.2419179686262645,0.7929576358408117,5.841917968626264,0.6903093981915155,5.041917968626264,0.8186196952531356,6.041917968626263,lower_across_0p3_scenarios,high_only_if_taylor_plus0p5,False,unavailable_not_published_in_taylor_table1:mstar;unavailable_not_published_in_taylor_table1:lbol;unavailable_not_published_in_taylor_table1:edd_ratio,Observational-triage rank: medium growth pressure; high detection confidence; high mass/line-model reliability. This is not evidence for a unique seed channel.,,,,,,,,,not_applicable_or_recorded_in_source_specific_columns,v5-blagn,high,90,high,90,secure_accreting_mbh,published_blagn_with_robust_detection_and_no_recorded_alternative_interpretation,type1_broad_line,broad_halpha,lrd,unknown,True
13,23,measurement,CEERS397_taylor24,CEERS397_taylor24,HZA-CEERS-397,CEERS-397,6.0,taylor24_ceers_rubies_blagn,CEERS,EGS,non_lrd,7.6,medium,51.24852742210535,high,90,E_comparison_anchor,v5-blagn,1,CEERS397_taylor24,True,only catalogue measurement in this release,0.9308508079920488,broad-line-agn,robust,individual_robust,Table 1 (Sample of BLAGN),The Astrophysical Journal 986:165 (2025); arXiv:2409.06772v2,https://iopscience.iop.org/article/10.3847/1538-4357/add15b,10.3847/1538-4357/add15b,single-epoch-virial-halpha-reines2013,0.0,0.0,formal_mbh_errors_exclude_virial_systematic;nominal_mass_uncorrected_for_dust,Nominal Table 1 mass and Halpha flux are uncorrected for dust; formal MBH errors exclude the approximately 0.5 dex virial-calibration systematic.,baseline,reported MBH,none,all_sources,0.0,False,False,30.0,0.1,1.0,0.8308652778229244,0.23,0.18,unavailable_not_published_in_taylor_table1:mstar,unavailable_not_published_in_taylor_table1:lbol,unavailable_not_published_in_taylor_table1:edd_ratio,,,,,not_evaluable,,0.7759667460501792,0.4988357653179723,0.360270274951869,5.43495876781895,0.3831958927298338,0.7343970989403483,5.134958767818951,0.8175363931600103,5.73495876781895,0.7066840008671275,4.93495876781895,0.8452494912332311,5.93495876781895,lower_across_0p3_scenarios,lower_across_taylor_0p5_scenarios,False,unavailable_not_published_in_taylor_table1:mstar;unavailable_not_published_in_taylor_table1:lbol;unavailable_not_published_in_taylor_table1:edd_ratio,Observational-triage rank: medium growth pressure; high detection confidence; high mass/line-model reliability. This is not evidence for a unique seed channel.,,,,,,,,,not_applicable_or_recorded_in_source_specific_columns,v5-blagn,high,90,high,90,secure_accreting_mbh,published_blagn_with_robust_detection_and_no_recorded_alternative_interpretation,type1_broad_line,broad_halpha,,unknown,True
14,24,measurement,GS210600_juodzbalis25,GS210600_juodzbalis25,HZA-GS-210600,GS-210600,6.306,juodzbalis25_jades_blagn,JADES,,not_reported_by_source,7.41,medium,50.44952775615923,high,90,E_comparison_anchor,v5-blagn,1,GS210600_juodzbalis25,True,only catalogue measurement in this release,0.8730973651000311,broad-line-agn,robust,individual_robust,"Table 2 (BH/Lbol/lambda_Edd), Table 5 (Mstar)",,,,single-epoch-virial-halpha,,,,Robust sample; Mstar uses BEAGLE value.,baseline,reported MBH,none,all_sources,0.0,False,False,30.0,0.1,1.0,0.7731118349309066,0.33,0.34,available,available,available,8.4,44.29,0.057,-0.9900000000000002,consistent,-0.0237545992099406,0.8056392872456205,0.5078059093359641,0.35888922038113596,5.395450777172458,0.6948359239081929,0.7609642805591722,5.095450777172458,0.8503142939320689,5.695450777172458,,,,,lower_across_0p3_scenarios,not_applicable_non_taylor_source,False,available;available;available,Observational-triage rank: medium growth pressure; high detection confidence; high mass/line-model reliability. This is not evidence for a unique seed channel.,,,,,,,,,not_applicable_or_recorded_in_source_specific_columns,v5-blagn,high,90,high,90,secure_accreting_mbh,published_blagn_with_robust_detection_and_no_recorded_alternative_interpretation,type1_broad_line,broad_balmer_line,,unknown,True
15,25,measurement,GOODSN12839_matthee23,GOODSN12839_matthee23,HZA-GOODS-N-12839,GOODS-N-12839,5.241,matthee23_eiger_fresco_blagn,FRESCO,GOODS-N,lrd,8.01,medium,49.66178080837816,high,90,E_comparison_anchor,v5-blagn,1,GOODSN12839_matthee23,True,only catalogue measurement in this release,1.105244345142568,broad-line-agn,robust,individual_robust,Tables 1-3,The Astrophysical Journal 963:129 (2024); arXiv:2306.05448v3,https://doi.org/10.3847/1538-4357/ad2345,10.3847/1538-4357/ad2345,single-epoch-virial-halpha-reines2013,1.0,0.0,formal_mbh_errors_exclude_virial_systematic;nominal_mass_uncorrected_for_dust,Nominal source-table Halpha mass and luminosity are not dust corrected; formal MBH errors exclude the 0.5 dex estimator systematic.,baseline,reported MBH,none,all_sources,0.0,False,False,30.0,0.1,1.0,1.0052588149734436,0.06,0.06,unavailable_in_source:mstar,available,unavailable_in_source:edd_ratio,,45.49415459401844,,,not_evaluable,,0.6883071405476705,0.45925318362664874,0.3447262051661379,5.3905298626345886,-0.7215671245513722,0.6539490470095173,5.090529862634589,0.7226652340858238,5.690529862634589,,,,,lower_across_0p3_scenarios,not_applicable_non_taylor_source,False,unavailable_in_source:mstar;available;unavailable_in_source:edd_ratio,Observational-triage rank: medium growth pressure; high detection confidence; high mass/line-model reliability. This is not evidence for a unique seed channel.,0.631043651317415,4.8905298626345886,0.7455706297779261,5.8905298626345886,,,,,Matthee statistical errors and +/-0.5 dex calibration scenarios are separate,v5-blagn,high,90,high,90,secure_accreting_mbh,published_blagn_with_robust_detection_and_no_recorded_alternative_interpretation,type1_broad_line,broad_halpha,lrd,unknown,True
16,26,measurement,CEERS00746_harikane23,CEERS00746_harikane23,HZA-CEERS-746,CEERS-00746,5.624,harikane23_nirspec_blagn,CEERS,EGS,not_reported_by_source,7.76342799,medium,49.62343837475761,high,90,E_comparison_anchor,v5-blagn,1,CEERS00746_harikane23,False,prior-release preferred measurement retained for longitudinal reproducibility,1.0110308440550295,broad-line-agn,robust,individual_robust,Tables 1-3,The Astrophysical Journal 959:39 (2023); arXiv:2303.11946v3,https://doi.org/10.3847/1538-4357/ad029e,10.3847/1538-4357/ad029e,single-epoch-virial-halpha-greeneho2005,,,host_mass_upper_limit;dust_extinction_corrected;red_agn;compact_source;virial_calibration_at_z0;source_does_not_state_numeric_virial_systematic,Extinction-corrected broad-Halpha Greene & Ho (2005) mass; source gives no numeric virial-calibration systematic.,baseline,reported MBH,none,all_sources,0.0,False,False,30.0,0.1,1.0,0.911045313885905,0.09989487,0.11021548,unavailable_in_source:mstar,available,available,,46.04139269,1.47,,consistent,-0.0102768201342588,0.728327294594954,0.47558628842339823,0.3492157853376202,5.389456274493213,-0.14981106168928982,0.6904161436692206,5.089456274493214,0.7662384455206875,5.689456274493214,,,,,lower_across_0p3_scenarios,not_applicable_non_taylor_source,False,unavailable_in_source:mstar;available;available,Observational-triage rank: medium growth pressure; high detection confidence; high mass/line-model reliability. This is not evidence for a unique seed channel.,,,,,,,,,"Harikane statistical errors are propagated; no numeric virial-calibration systematic is published, so no source-specific scenario is inferred",v5-blagn,high,90,high,90,secure_accreting_mbh,published_blagn_with_robust_detection_and_no_recorded_alternative_interpretation,type1_broad_line,broad_halpha,red_agn;compact_source,unknown,True
17,27,measurement,CEERS00672_harikane23,CEERS00672_harikane23,HZA-CEERS-672,CEERS-00672,5.666,harikane23_nirspec_blagn,CEERS,EGS,not_reported_by_source,7.69897,medium,48.207030171455195,high,90,E_comparison_anchor,v5-blagn,1,CEERS00672_harikane23,False,prior-release preferred measurement retained for longitudinal reproducibility,1.0015140448397233,broad-line-agn,robust,individual_robust,Tables 1-3,The Astrophysical Journal 959:39 (2023); arXiv:2303.11946v3,https://doi.org/10.3847/1538-4357/ad029e,10.3847/1538-4357/ad029e,single-epoch-virial-halpha-greeneho2005,,,host_mass_upper_limit;dust_extinction_corrected;red_agn;compact_source;virial_calibration_at_z0;source_does_not_state_numeric_virial_systematic,Extinction-corrected broad-Halpha Greene & Ho (2005) mass; source gives no numeric virial-calibration systematic.,baseline,reported MBH,none,all_sources,0.0,False,False,30.0,0.1,1.0,0.9015285146705988,0.1271048,0.13076828,unavailable_in_source:mstar,available,available,,45.63346846,0.65,,consistent,-0.0212145582395814,0.727784155125417,0.47237514082093146,0.3446706336686888,5.349796844800745,-0.13160718399751659,0.6894728029797443,5.0497968448007455,0.7660955072710899,5.649796844800745,,,,,lower_across_0p3_scenarios,not_applicable_non_taylor_source,False,unavailable_in_source:mstar;available;available,Observational-triage rank: medium growth pressure; high detection confidence; high mass/line-model reliability. This is not evidence for a unique seed channel.,,,,,,,,,"Harikane statistical errors are propagated; no numeric virial-calibration systematic is published, so no source-specific scenario is inferred",v5-blagn,high,90,high,90,secure_accreting_mbh,published_blagn_with_robust_detection_and_no_recorded_alternative_interpretation,type1_broad_line,broad_halpha,red_agn;compact_source,unknown,True
18,28,measurement,RUBIESUDS172350_taylor24,RUBIESUDS172350_taylor24,HZA-RUBIES-UDS-172350,RUBIES-UDS-172350,5.58,taylor24_ceers_rubies_blagn,RUBIES,UDS,lrd,7.68,medium,45.70091490751154,high,90,E_comparison_anchor,v5-blagn,1,RUBIESUDS172350_taylor24,True,only catalogue measurement in this release,1.0211632419950871,broad-line-agn,robust,individual_robust,Table 1 (Sample of BLAGN),The Astrophysical Journal 986:165 (2025); arXiv:2409.06772v2,https://iopscience.iop.org/article/10.3847/1538-4357/add15b,10.3847/1538-4357/add15b,single-epoch-virial-halpha-reines2013,1.0,0.0,formal_mbh_errors_exclude_virial_systematic;nominal_mass_uncorrected_for_dust,Nominal Table 1 mass and Halpha flux are uncorrected for dust; formal MBH errors exclude the approximately 0.5 dex virial-calibration systematic.,baseline,reported MBH,none,all_sources,0.0,False,False,30.0,0.1,1.0,0.9211777118259626,0.04,0.04,unavailable_not_published_in_taylor_table1:mstar,unavailable_not_published_in_taylor_table1:lbol,unavailable_not_published_in_taylor_table1:edd_ratio,,,,,not_evaluable,,0.7098892624248124,0.45992825452875175,0.33494775058072135,5.279625617410323,-0.3212479419655878,0.6723951112404032,4.979625617410324,0.7473834136092214,5.579625617410324,0.6473990104507973,4.779625617410323,0.7723795143988277,5.779625617410323,lower_across_0p3_scenarios,lower_across_taylor_0p5_scenarios,False,unavailable_not_published_in_taylor_table1:mstar;unavailable_not_published_in_taylor_table1:lbol;unavailable_not_published_in_taylor_table1:edd_ratio,Observational-triage rank: medium growth pressure; high detection confidence; high mass/line-model reliability. This is not evidence for a unique seed channel.,,,,,,,,,not_applicable_or_recorded_in_source_specific_columns,v5-blagn,high,90,high,90,secure_accreting_mbh,published_blagn_with_robust_detection_and_no_recorded_alternative_interpretation,type1_broad_line,broad_halpha,lrd,unknown,True
19,29,measurement,GS10013704_juodzbalis25,GS10013704_juodzbalis25,HZA-GS-10013704,GS-10013704,5.919,juodzbalis25_jades_blagn,JADES,,not_reported_by_source,7.44,medium,44.011877560996815,high,90,E_comparison_anchor,v5-blagn,1,GS10013704_juodzbalis25,True,only catalogue measurement in this release,0.947209215281436,broad-line-agn,robust,individual_robust,"Table 2 (BH/Lbol/lambda_Edd), Table 5 (Mstar)",,,,single-epoch-virial-halpha,,,,Robust sample; Mstar uses BEAGLE value.,baseline,reported MBH,none,all_sources,0.0,False,False,30.0,0.1,1.0,0.8472236851123115,0.31,0.31,available,available,available,8.9,44.29,0.055,-1.46,consistent,-0.0092667653881941,0.7392417802995618,0.4674617140129583,0.3315716808696565,5.232332571707911,0.08110857235970048,0.6984747703565714,4.93233257170791,0.7800087902425525,5.53233257170791,,,,,lower_across_0p3_scenarios,not_applicable_non_taylor_source,False,available;available;available,Observational-triage rank: medium growth pressure; high detection confidence; high mass/line-model reliability. This is not evidence for a unique seed channel.,,,,,,,,,not_applicable_or_recorded_in_source_specific_columns,v5-blagn,high,90,high,90,secure_accreting_mbh,published_blagn_with_robust_detection_and_no_recorded_alternative_interpretation,type1_broad_line,broad_balmer_line,,unknown,True
20,30,measurement,GS204851_juodzbalis25,GS204851_juodzbalis25,HZA-GS-204851,GS-204851,5.48,juodzbalis25_jades_blagn,JADES,,not_reported_by_source,7.68,medium,43.498403254841364,high,90,E_comparison_anchor,v5-blagn,1,GS204851_juodzbalis25,True,only catalogue measurement in this release,1.044830104321813,broad-line-agn,robust,individual_robust,"Table 2 (BH/Lbol/lambda_Edd), Table 5 (Mstar)",,,,single-epoch-virial-halpha,,,,Robust sample; Mstar uses BEAGLE value.,baseline,reported MBH,none,all_sources,0.0,False,False,30.0,0.1,1.0,0.9448445741526882,0.32,0.31,available,available,available,10.74,44.97,0.16,-3.0600000000000005,consistent,0.0144905277734889,0.6921076590789973,0.44840777912160384,0.32655783914290715,5.217955291135558,-0.5268156962148058,0.6555526770853881,4.917955291135558,0.7286626410726061,5.517955291135558,,,,,lower_across_0p3_scenarios,not_applicable_non_taylor_source,False,available;available;available,Observational-triage rank: medium growth pressure; high detection confidence; high mass/line-model reliability. This is not evidence for a unique seed channel.,,,,,,,,,not_applicable_or_recorded_in_source_specific_columns,v5-blagn,high,90,high,90,secure_accreting_mbh,published_blagn_with_robust_detection_and_no_recorded_alternative_interpretation,type1_broad_line,broad_balmer_line,,unknown,True
21,31,measurement,RUBIESUDS47509_taylor24,RUBIESUDS47509_taylor24,HZA-RUBIES-UDS-47509,RUBIES-UDS-47509,5.673,taylor24_ceers_rubies_blagn,RUBIES,UDS,lrd,7.54,medium,42.6757926461835,high,90,E_comparison_anchor,v5-blagn,1,RUBIESUDS47509_taylor24,True,only catalogue measurement in this release,0.9999423964678454,broad-line-agn,robust,individual_robust,Table 1 (Sample of BLAGN),The Astrophysical Journal 986:165 (2025); arXiv:2409.06772v2,https://iopscience.iop.org/article/10.3847/1538-4357/add15b,10.3847/1538-4357/add15b,single-epoch-virial-halpha-reines2013,1.0,0.0,formal_mbh_errors_exclude_virial_systematic;nominal_mass_uncorrected_for_dust,Nominal Table 1 mass and Halpha flux are uncorrected for dust; formal MBH errors exclude the approximately 0.5 dex virial-calibration systematic.,baseline,reported MBH,none,all_sources,0.0,False,False,30.0,0.1,1.0,0.899956866298721,0.07,0.07,unavailable_not_published_in_taylor_table1:mstar,unavailable_not_published_in_taylor_table1:lbol,unavailable_not_published_in_taylor_table1:edd_ratio,,,,,not_evaluable,,0.7087184893455124,0.45286343904027326,0.32493591388765375,5.194922194093138,-0.2769260196895411,0.6703402317997265,4.894922194093138,0.7470967468912983,5.494922194093138,0.6447547267692026,4.694922194093138,0.772682251921822,5.694922194093137,lower_across_0p3_scenarios,lower_across_taylor_0p5_scenarios,False,unavailable_not_published_in_taylor_table1:mstar;unavailable_not_published_in_taylor_table1:lbol;unavailable_not_published_in_taylor_table1:edd_ratio,Observational-triage rank: medium growth pressure; high detection confidence; high mass/line-model reliability. This is not evidence for a unique seed channel.,,,,,,,,,not_applicable_or_recorded_in_source_specific_columns,v5-blagn,high,90,high,90,secure_accreting_mbh,published_blagn_with_robust_detection_and_no_recorded_alternative_interpretation,type1_broad_line,broad_halpha,lrd,unknown,True
22,32,measurement,J1526M2050BHAE2_lin24,J1526M2050BHAE2_lin24,HZA-J1526M2050-BHAE-2,J1526M2050-BHAE-2,4.8708,lin24_aspire_blagn,ASPIRE,J1526M2050,lrd,8.07,medium,41.95748325542656,high,90,E_comparison_anchor,v5-blagn,1,J1526M2050BHAE2_lin24,True,only catalogue measurement in this release,1.2110559326604544,broad-line-agn,robust,individual_robust,Tables 1-3,The Astrophysical Journal 974:147 (2024); arXiv:2407.17570v1,https://doi.org/10.3847/1538-4357/ad6565,10.3847/1538-4357/ad6565,single-epoch-virial-halpha-reines2013,1.0,0.0,formal_mbh_errors_exclude_virial_systematic;nominal_mass_and_lbol_uncorrected_for_dust,Nominal source-table Halpha mass and luminosity are not dust corrected; formal MBH errors exclude the 0.5 dex estimator systematic.,baseline,reported MBH,none,all_sources,0.0,False,False,30.0,0.1,1.0,1.11107040249133,0.12,0.12,unavailable_in_source:mstar,available,unavailable_in_source:edd_ratio,,45.09,,,not_evaluable,,0.6289741623543484,0.42173391116675424,0.3181137855729571,5.1748095311519435,-1.5806348961601913,0.5978881246762092,4.874809531151943,0.6600602000324876,5.474809531151944,,,,,lower_across_0p3_scenarios,not_applicable_non_taylor_source,False,unavailable_in_source:mstar;available;unavailable_in_source:edd_ratio,Observational-triage rank: medium growth pressure; high detection confidence; high mass/line-model reliability. This is not evidence for a unique seed channel.,,,,,0.5771640995574499,4.6748095311519435,0.6807842251512469,5.6748095311519435,ASPIRE statistical errors and +/-0.5 dex calibration scenarios are separate,v5-blagn,high,90,high,90,secure_accreting_mbh,published_blagn_with_robust_detection_and_no_recorded_alternative_interpretation,type1_broad_line,broad_halpha,lrd,unknown,True
23,33,measurement,RUBIESUDS174752_taylor24,RUBIESUDS174752_taylor24,HZA-RUBIES-UDS-174752,RUBIES-UDS-174752,6.039,taylor24_ceers_rubies_blagn,RUBIES,UDS,non_lrd,7.26,medium,39.901128773527915,high,90,E_comparison_anchor,v5-blagn,1,RUBIESUDS174752_taylor24,True,only catalogue measurement in this release,0.923141431567787,broad-line-agn,robust,individual_robust,Table 1 (Sample of BLAGN),The Astrophysical Journal 986:165 (2025); arXiv:2409.06772v2,https://iopscience.iop.org/article/10.3847/1538-4357/add15b,10.3847/1538-4357/add15b,single-epoch-virial-halpha-reines2013,0.0,0.0,formal_mbh_errors_exclude_virial_systematic;nominal_mass_uncorrected_for_dust,Nominal Table 1 mass and Halpha flux are uncorrected for dust; formal MBH errors exclude the approximately 0.5 dex virial-calibration systematic.,baseline,reported MBH,none,all_sources,0.0,False,False,30.0,0.1,1.0,0.8231559013986626,0.08,0.08,unavailable_not_published_in_taylor_table1:mstar,unavailable_not_published_in_taylor_table1:lbol,unavailable_not_published_in_taylor_table1:edd_ratio,,,,,not_evaluable,,0.7356806631993589,0.4559541752908573,0.3160909313366066,5.1150476056587815,0.11015868552927177,0.6937216900130835,4.815047605658782,0.777639636385634,5.415047605658781,0.6657490412222334,4.6150476056587815,0.805612285176484,5.6150476056587815,lower_across_0p3_scenarios,lower_across_taylor_0p5_scenarios,False,unavailable_not_published_in_taylor_table1:mstar;unavailable_not_published_in_taylor_table1:lbol;unavailable_not_published_in_taylor_table1:edd_ratio,Observational-triage rank: medium growth pressure; high detection confidence; high mass/line-model reliability. This is not evidence for a unique seed channel.,,,,,,,,,not_applicable_or_recorded_in_source_specific_columns,v5-blagn,high,90,high,90,secure_accreting_mbh,published_blagn_with_robust_detection_and_no_recorded_alternative_interpretation,type1_broad_line,broad_halpha,,unknown,True
24,34,measurement,J0910M0414BHAE1_lin24,J0910M0414BHAE1_lin24,HZA-J0910M0414-BHAE-1,J0910M0414-BHAE-1,4.9102,lin24_aspire_blagn,ASPIRE,J0910M0414,lrd,7.94,medium,38.4358140366125,high,90,E_comparison_anchor,v5-blagn,1,J0910M0414BHAE1_lin24,True,only catalogue measurement in this release,1.1990083231921702,broad-line-agn,robust,individual_robust,Tables 1-3,The Astrophysical Journal 974:147 (2024); arXiv:2407.17570v1,https://doi.org/10.3847/1538-4357/ad6565,10.3847/1538-4357/ad6565,single-epoch-virial-halpha-reines2013,1.0,0.0,formal_mbh_errors_exclude_virial_systematic;nominal_mass_and_lbol_uncorrected_for_dust,Nominal source-table Halpha mass and luminosity are not dust corrected; formal MBH errors exclude the 0.5 dex estimator systematic.,baseline,reported MBH,none,all_sources,0.0,False,False,30.0,0.1,1.0,1.0990227930230458,0.13,0.13,unavailable_in_source:mstar,available,unavailable_in_source:edd_ratio,,45.21,,,not_evaluable,,0.6222507640065763,0.41273872225352043,0.30798270137699235,5.07620279302515,-1.605990689916168,0.590823957743618,4.77620279302515,0.6536775702695348,5.37620279302515,,,,,lower_across_0p3_scenarios,not_applicable_non_taylor_source,False,unavailable_in_source:mstar;available;unavailable_in_source:edd_ratio,Observational-triage rank: medium growth pressure; high detection confidence; high mass/line-model reliability. This is not evidence for a unique seed channel.,,,,,0.5698727535683124,4.57620279302515,0.6746287744448404,5.576202793025151,ASPIRE statistical errors and +/-0.5 dex calibration scenarios are separate,v5-blagn,high,90,high,90,secure_accreting_mbh,published_blagn_with_robust_detection_and_no_recorded_alternative_interpretation,type1_broad_line,broad_halpha,lrd,unknown,True
25,35,measurement,RUBIESUDS182791_taylor24,RUBIESUDS182791_taylor24,HZA-RUBIES-UDS-182791,RUBIES-UDS-182791,4.718,taylor24_ceers_rubies_blagn,RUBIES,UDS,non_lrd,8.06,medium,37.06979553803169,high,90,E_comparison_anchor,v5-blagn,1,RUBIESUDS182791_taylor24,True,only catalogue measurement in this release,1.2597384362661206,broad-line-agn,robust,individual_robust,Table 1 (Sample of BLAGN),The Astrophysical Journal 986:165 (2025); arXiv:2409.06772v2,https://iopscience.iop.org/article/10.3847/1538-4357/add15b,10.3847/1538-4357/add15b,single-epoch-virial-halpha-reines2013,0.0,0.0,formal_mbh_errors_exclude_virial_systematic;nominal_mass_uncorrected_for_dust,Nominal Table 1 mass and Halpha flux are uncorrected for dust; formal MBH errors exclude the approximately 0.5 dex virial-calibration systematic.,baseline,reported MBH,none,all_sources,0.0,False,False,30.0,0.1,1.0,1.1597529060969962,0.03,0.03,unavailable_not_published_in_taylor_table1:mstar,unavailable_not_published_in_taylor_table1:lbol,unavailable_not_published_in_taylor_table1:edd_ratio,,,,,not_evaluable,,0.6015792497775773,0.40303824325032406,0.3037677399866974,5.037954275064887,-2.0134857497837118,0.5717980987984893,4.737954275064887,0.6313604007566654,5.337954275064888,0.5519439981457639,4.537954275064887,0.6512145014093906,5.537954275064887,lower_across_0p3_scenarios,lower_across_taylor_0p5_scenarios,False,unavailable_not_published_in_taylor_table1:mstar;unavailable_not_published_in_taylor_table1:lbol;unavailable_not_published_in_taylor_table1:edd_ratio,Observational-triage rank: medium growth pressure; high detection confidence; high mass/line-model reliability. This is not evidence for a unique seed channel.,,,,,,,,,not_applicable_or_recorded_in_source_specific_columns,v5-blagn,high,90,high,90,secure_accreting_mbh,published_blagn_with_robust_detection_and_no_recorded_alternative_interpretation,type1_broad_line,broad_halpha,,unknown,True
26,10,measurement,GOODSS13971_matthee23,GOODSS13971_matthee23,HZA-GS-204851,GOODS-S-13971,5.481,matthee23_eiger_fresco_blagn,FRESCO,GOODS-S,lrd,7.49,medium,36.735133180050035,robust_with_measurement_caveat,75,C_interpretation_or_measurement_check,v5-blagn,1,GOODSS13971_matthee23,False,prior-release preferred measurement retained for longitudinal reproducibility,1.0445889323628357,broad-line-agn,robust,individual_robust,Tables 1-3,The Astrophysical Journal 963:129 (2024); arXiv:2306.05448v3,https://doi.org/10.3847/1538-4357/ad2345,10.3847/1538-4357/ad2345,single-epoch-virial-halpha-reines2013,1.0,0.0,foreground_trace_contamination_red_wing_excluded;crossmatch_GS-204851;formal_mbh_errors_exclude_virial_systematic;nominal_mass_uncorrected_for_dust,Nominal source-table Halpha mass and luminosity are not dust corrected; formal MBH errors exclude the 0.5 dex estimator systematic.,baseline,reported MBH,none,all_sources,0.0,False,False,30.0,0.1,1.0,0.944603402193711,0.25,0.25,unavailable_in_source:mstar,available,unavailable_in_source:edd_ratio,,44.74036268949424,,,not_evaluable,,0.6691269654110863,0.4253648650791787,0.303483814913225,5.028583729041401,-0.7147209031953334,0.6325626503613002,4.7285837290414,0.7056912804608725,5.3285837290414,,,,,lower_across_0p3_scenarios,not_applicable_non_taylor_source,False,unavailable_in_source:mstar;available;unavailable_in_source:edd_ratio,Observational-triage rank: medium growth pressure; high detection confidence; robust_with_measurement_caveat mass/line-model reliability. This is not evidence for a unique seed channel.,0.6081864403281094,4.528583729041401,0.7300674904940632,5.528583729041401,,,,,Matthee statistical errors and +/-0.5 dex calibration scenarios are separate,v5-blagn,high,90,robust_with_measurement_caveat,75,secure_accreting_mbh,published_blagn_with_robust_detection_and_no_recorded_alternative_interpretation,type1_broad_line,broad_halpha,lrd,unknown,True
27,36,measurement,GOODSN16813_matthee23,GOODSN16813_matthee23,HZA-GOODS-N-16813,GOODS-N-16813,5.355,matthee23_eiger_fresco_blagn,FRESCO,GOODS-N,lrd,7.55,medium,35.98060416495162,high,90,E_comparison_anchor,v5-blagn,1,GOODSN16813_matthee23,True,only catalogue measurement in this release,1.0757224971839623,broad-line-agn,robust,individual_robust,Tables 1-3,The Astrophysical Journal 963:129 (2024); arXiv:2306.05448v3,https://doi.org/10.3847/1538-4357/ad2345,10.3847/1538-4357/ad2345,single-epoch-virial-halpha-reines2013,1.0,0.0,formal_mbh_errors_exclude_virial_systematic;nominal_mass_uncorrected_for_dust,Nominal source-table Halpha mass and luminosity are not dust corrected; formal MBH errors exclude the 0.5 dex estimator systematic.,baseline,reported MBH,none,all_sources,0.0,False,False,30.0,0.1,1.0,0.9757369670148378,0.12,0.12,unavailable_in_source:mstar,available,unavailable_in_source:edd_ratio,,44.95904139232109,,,not_evaluable,,0.6548561599143871,0.4188719581434368,0.3008798572579616,5.007456916618645,-0.9251436112711859,0.6194585296487446,4.707456916618645,0.6902537901800297,5.307456916618644,,,,,lower_across_0p3_scenarios,not_applicable_non_taylor_source,False,unavailable_in_source:mstar;available;unavailable_in_source:edd_ratio,Observational-triage rank: medium growth pressure; high detection confidence; high mass/line-model reliability. This is not evidence for a unique seed channel.,0.5958601094716496,4.507456916618645,0.7138522103571249,5.507456916618645,,,,,Matthee statistical errors and +/-0.5 dex calibration scenarios are separate,v5-blagn,high,90,high,90,secure_accreting_mbh,published_blagn_with_robust_detection_and_no_recorded_alternative_interpretation,type1_broad_line,broad_halpha,lrd,unknown,True
28,11,measurement,J114818404_matthee23,J114818404_matthee23,HZA-J1148-18404,J1148-18404,5.011,matthee23_eiger_fresco_blagn,EIGER,J1148,lrd,7.79,medium,35.864250363386525,robust_with_measurement_caveat,75,C_interpretation_or_measurement_check,v5-blagn,1,J114818404_matthee23,True,only catalogue measurement in this release,1.16907616870571,broad-line-agn,robust,individual_robust,Tables 1-3,The Astrophysical Journal 963:129 (2024); arXiv:2306.05448v3,https://doi.org/10.3847/1538-4357/ad2345,10.3847/1538-4357/ad2345,single-epoch-virial-halpha-reines2013,1.0,1.0,halpha_absorption_fit;redshifted_absorption_50_km_s;narrow_flux_absorption_degenerate;formal_mbh_errors_exclude_virial_systematic;nominal_mass_uncorrected_for_dust,Nominal source-table Halpha mass and luminosity are not dust corrected; formal MBH errors exclude the 0.5 dex estimator systematic.,baseline,reported MBH,none,all_sources,0.0,False,False,30.0,0.1,1.0,1.0690906385365855,0.14,0.14,unavailable_in_source:mstar,available,unavailable_in_source:edd_ratio,,44.838849090737256,,,not_evaluable,,0.6235190547868262,0.408141142943363,0.3004521870216313,5.004199010174823,-1.4960032994172598,0.5912123680103067,4.704199010174822,0.6558257415633457,5.3041990101748215,,,,,lower_across_0p3_scenarios,not_applicable_non_taylor_source,False,unavailable_in_source:mstar;available;unavailable_in_source:edd_ratio,Observational-triage rank: medium growth pressure; high detection confidence; robust_with_measurement_caveat mass/line-model reliability. This is not evidence for a unique seed channel.,0.5696745768259605,4.504199010174823,0.6773635327476919,5.504199010174821,,,,,Matthee statistical errors and +/-0.5 dex calibration scenarios are separate,v5-blagn,high,90,robust_with_measurement_caveat,75,secure_accreting_mbh,published_blagn_with_robust_detection_and_no_recorded_alternative_interpretation,type1_broad_line,broad_halpha,lrd,unknown,True
29,37,measurement,CEERS02782_harikane23,CEERS02782_harikane23,HZA-CEERS-2782,CEERS-02782,5.241,harikane23_nirspec_blagn,CEERS,EGS,not_reported_by_source,7.62324929,medium,35.84925545123533,high,90,E_comparison_anchor,v5-blagn,1,CEERS02782_harikane23,False,prior-release preferred measurement retained for longitudinal reproducibility,1.105244345142568,broad-line-agn,robust,individual_robust,Tables 1-3,The Astrophysical Journal 959:39 (2023); arXiv:2303.11946v3,https://doi.org/10.3847/1538-4357/ad029e,10.3847/1538-4357/ad029e,single-epoch-virial-halpha-greeneho2005,,,host_mass_upper_limit;compact_source;virial_calibration_at_z0;source_does_not_state_numeric_virial_systematic,Extinction-corrected broad-Halpha Greene & Ho (2005) mass; source gives no numeric virial-calibration systematic.,baseline,reported MBH,none,all_sources,0.0,False,False,30.0,0.1,1.0,1.0052588149734436,0.10914447,0.11809931,unavailable_in_source:mstar,available,available,,45.44715803,0.51,,consistent,-0.0159680187844934,0.6440137503139133,0.41495979339289146,0.3004328149323806,5.003779152634589,-1.1083178345513716,0.6096556567757602,4.703779152634589,0.6783718438520666,5.303779152634589,,,,,lower_across_0p3_scenarios,not_applicable_non_taylor_source,False,unavailable_in_source:mstar;available;available,Observational-triage rank: medium growth pressure; high detection confidence; high mass/line-model reliability. This is not evidence for a unique seed channel.,,,,,,,,,"Harikane statistical errors are propagated; no numeric virial-calibration systematic is published, so no source-specific scenario is inferred",v5-blagn,high,90,high,90,secure_accreting_mbh,published_blagn_with_robust_detection_and_no_recorded_alternative_interpretation,type1_broad_line,broad_halpha,compact_source,unknown,True
30,38,measurement,RUBIESEGS60935_taylor24,RUBIESEGS60935_taylor24,HZA-RUBIES-EGS-60935,RUBIES-EGS-60935,5.287,taylor24_ceers_rubies_blagn,RUBIES,EGS,lrd,7.57,low,35.07100749587441,high,90,F_context,v5-blagn,1,RUBIESEGS60935_taylor24,True,only catalogue measurement in this release,1.0931717582379288,broad-line-agn,robust,individual_robust,Table 1 (Sample of BLAGN),The Astrophysical Journal 986:165 (2025); arXiv:2409.06772v2,https://iopscience.iop.org/article/10.3847/1538-4357/add15b,10.3847/1538-4357/add15b,single-epoch-virial-halpha-reines2013,1.0,0.0,formal_mbh_errors_exclude_virial_systematic;nominal_mass_uncorrected_for_dust,Nominal Table 1 mass and Halpha flux are uncorrected for dust; formal MBH errors exclude the approximately 0.5 dex virial-calibration systematic.,baseline,reported MBH,none,all_sources,0.0,False,False,30.0,0.1,1.0,0.9931862280688043,0.04,0.04,unavailable_not_published_in_taylor_table1:mstar,unavailable_not_published_in_taylor_table1:lbol,unavailable_not_published_in_taylor_table1:edd_ratio,,,,,not_evaluable,,0.645669392381483,0.4138311904491731,0.2979120894830182,4.981988209884483,-1.0567059670517231,0.6108936620916365,4.681988209884484,0.6804451226713294,5.281988209884483,0.5877098418984055,4.481988209884483,0.7036289428645605,5.481988209884483,lower_across_0p3_scenarios,lower_across_taylor_0p5_scenarios,False,unavailable_not_published_in_taylor_table1:mstar;unavailable_not_published_in_taylor_table1:lbol;unavailable_not_published_in_taylor_table1:edd_ratio,Observational-triage rank: low growth pressure; high detection confidence; high mass/line-model reliability. This is not evidence for a unique seed channel.,,,,,,,,,not_applicable_or_recorded_in_source_specific_columns,v5-blagn,high,90,high,90,secure_accreting_mbh,published_blagn_with_robust_detection_and_no_recorded_alternative_interpretation,type1_broad_line,broad_halpha,lrd,unknown,True
31,39,measurement,GOODSN15498_matthee23,GOODSN15498_matthee23,HZA-GOODS-N-15498,GOODS-N-15498,5.086,matthee23_eiger_fresco_blagn,FRESCO,GOODS-N,lrd,7.71,low,35.00557106208485,high,90,F_context,v5-blagn,1,GOODSN15498_matthee23,True,only catalogue measurement in this release,1.1476018842070417,broad-line-agn,robust,individual_robust,Tables 1-3,The Astrophysical Journal 963:129 (2024); arXiv:2306.05448v3,https://doi.org/10.3847/1538-4357/ad2345,10.3847/1538-4357/ad2345,single-epoch-virial-halpha-reines2013,1.0,0.0,formal_mbh_errors_exclude_virial_systematic;nominal_mass_uncorrected_for_dust,Nominal source-table Halpha mass and luminosity are not dust corrected; formal MBH errors exclude the 0.5 dex estimator systematic.,baseline,reported MBH,none,all_sources,0.0,False,False,30.0,0.1,1.0,1.047616354037917,0.11,0.11,unavailable_in_source:mstar,available,unavailable_in_source:edd_ratio,,45.01703333929878,,,not_evaluable,,0.6275083827356964,0.4077156041942966,0.29781921492359675,4.980155989738376,-1.3894800342054152,0.5945394659544865,4.680155989738376,0.6604772995169064,5.280155989738375,,,,,lower_across_0p3_scenarios,not_applicable_non_taylor_source,False,unavailable_in_source:mstar;available;unavailable_in_source:edd_ratio,Observational-triage rank: low growth pressure; high detection confidence; high mass/line-model reliability. This is not evidence for a unique seed channel.,0.5725601881003466,4.480155989738376,0.6824565773710465,5.4801559897383765,,,,,Matthee statistical errors and +/-0.5 dex calibration scenarios are separate,v5-blagn,high,90,high,90,secure_accreting_mbh,published_blagn_with_robust_detection_and_no_recorded_alternative_interpretation,type1_broad_line,broad_halpha,lrd,unknown,True
32,12,measurement,J0923P0402BHAE1_lin24,J0923P0402BHAE1_lin24,HZA-J0923P0402-BHAE-1,J0923P0402-BHAE-1,4.8688,lin24_aspire_blagn,ASPIRE,J0923P0402,lrd,7.87,low,34.757214055781475,robust_with_interpretive_caveat,70,C_interpretation_or_measurement_check,v5-blagn,1,J0923P0402BHAE1_lin24,True,only catalogue measurement in this release,1.2116728480090049,broad-line-agn,robust,individual_robust,Tables 1-3,The Astrophysical Journal 974:147 (2024); arXiv:2407.17570v1,https://doi.org/10.3847/1538-4357/ad6565,10.3847/1538-4357/ad6565,single-epoch-virial-halpha-reines2013,1.0,1.0,two_broad_components_total_profile_used_for_mass;blueshifted_halpha_absorption_586_km_s;absorption_interpretation_uncertain;formal_mbh_errors_exclude_virial_systematic;nominal_mass_and_lbol_uncorrected_for_dust,Nominal source-table Halpha mass and luminosity are not dust corrected; formal MBH errors exclude the 0.5 dex estimator systematic.,baseline,reported MBH,none,all_sources,0.0,False,False,30.0,0.1,1.0,1.1116873178398805,0.09,0.09,unavailable_in_source:mstar,available,unavailable_in_source:edd_ratio,,45.55,,,not_evaluable,,0.6079125973182067,0.40078735121319586,0.2972247281606905,4.973201993561881,-1.7859933547937308,0.5768438104024551,4.673201993561882,0.6389813842339583,5.273201993561882,,,,,lower_across_0p3_scenarios,not_applicable_non_taylor_source,False,unavailable_in_source:mstar;available;unavailable_in_source:edd_ratio,Observational-triage rank: low growth pressure; high detection confidence; robust_with_interpretive_caveat mass/line-model reliability. This is not evidence for a unique seed channel.,,,,,0.5561312857919539,4.473201993561881,0.6596939088444594,5.473201993561883,ASPIRE statistical errors and +/-0.5 dex calibration scenarios are separate,v5-blagn,high,90,robust_with_interpretive_caveat,70,probable_accreting_mbh,robust_broad_line_with_recorded_outflow_or_absorption_interpretive_caveat,type1_broad_line,broad_halpha,lrd,unknown,True
33,13,measurement,RUBIESEGS50052_taylor24,RUBIESEGS50052_taylor24,HZA-CEERS-2782,RUBIES-EGS-50052,5.24,taylor24_ceers_rubies_blagn,RUBIES,EGS,non_lrd,7.58,low,34.27998488577171,robust_with_interpretive_caveat,70,C_interpretation_or_measurement_check,v5-blagn,1,RUBIESEGS50052_taylor24,True,preferred duplicate: higher-S/N RUBIES spectrum adopted by Taylor et al.,1.1055092521207228,broad-line-agn,robust,individual_robust,Table 1 (Sample of BLAGN),The Astrophysical Journal 986:165 (2025); arXiv:2409.06772v2,https://iopscience.iop.org/article/10.3847/1538-4357/add15b,10.3847/1538-4357/add15b,single-epoch-virial-halpha-reines2013,0.0,0.0,formal_mbh_errors_exclude_virial_systematic;nominal_mass_uncorrected_for_dust;duplicate_observation;possible_outflow_contribution;source_preferred_duplicate_measurement,"Nominal Table 1 mass and Halpha flux are uncorrected for dust; formal MBH errors exclude the approximately 0.5 dex virial-calibration systematic. Same physical object as CEERS-2782; Taylor et al. use this higher-S/N RUBIES observation. A possible outflow contribution is discussed, but the source is retained as BLAGN.",baseline,reported MBH,none,all_sources,0.0,False,False,30.0,0.1,1.0,1.0055237219515984,0.03,0.03,unavailable_not_published_in_taylor_table1:mstar,unavailable_not_published_in_taylor_table1:lbol,unavailable_not_published_in_taylor_table1:edd_ratio,,,,,not_evaluable,,0.6388921781959334,0.4098985659393265,0.29540175981102296,4.959839576801608,-1.1538680773279761,0.6045431363574423,4.659839576801607,0.6732412200344244,5.259839576801607,0.5816437751317817,4.459839576801608,0.6961405812600852,5.459839576801608,lower_across_0p3_scenarios,lower_across_taylor_0p5_scenarios,False,unavailable_not_published_in_taylor_table1:mstar;unavailable_not_published_in_taylor_table1:lbol;unavailable_not_published_in_taylor_table1:edd_ratio,Observational-triage rank: low growth pressure; high detection confidence; robust_with_interpretive_caveat mass/line-model reliability. This is not evidence for a unique seed channel.,,,,,,,,,not_applicable_or_recorded_in_source_specific_columns,v5-blagn,high,90,robust_with_interpretive_caveat,70,probable_accreting_mbh,robust_broad_line_with_recorded_outflow_or_absorption_interpretive_caveat,type1_broad_line,broad_halpha,,unknown,True
34,40,measurement,J0229M0808BHAE2_lin24,J0229M0808BHAE2_lin24,HZA-J0229M0808-BHAE-2,J0229M0808-BHAE-2,5.0369,lin24_aspire_blagn,ASPIRE,J0229M0808,lrd,7.72,low,34.06136389103368,high,90,F_context,v5-blagn,1,J0229M0808BHAE2_lin24,True,only catalogue measurement in this release,1.1615854070269136,broad-line-agn,robust,individual_robust,Tables 1-3,The Astrophysical Journal 974:147 (2024); arXiv:2407.17570v1,https://doi.org/10.3847/1538-4357/ad6565,10.3847/1538-4357/ad6565,single-epoch-virial-halpha-reines2013,1.0,0.0,formal_mbh_errors_exclude_virial_systematic;nominal_mass_and_lbol_uncorrected_for_dust,Nominal source-table Halpha mass and luminosity are not dust corrected; formal MBH errors exclude the 0.5 dex estimator systematic.,baseline,reported MBH,none,all_sources,0.0,False,False,30.0,0.1,1.0,1.0615998768577892,0.15,0.15,unavailable_in_source:mstar,available,unavailable_in_source:edd_ratio,,45.04,,,not_evaluable,,0.6203272541303377,0.4034296128260239,0.29498079217386697,4.953718188948943,-1.5009393701701894,0.5877926079346908,4.653718188948943,0.652861900325985,5.253718188948943,,,,,lower_across_0p3_scenarios,not_applicable_non_taylor_source,False,unavailable_in_source:mstar;available;unavailable_in_source:edd_ratio,Observational-triage rank: low growth pressure; high detection confidence; high mass/line-model reliability. This is not evidence for a unique seed channel.,,,,,0.5661028438042593,4.453718188948943,0.6745516644564162,5.453718188948942,ASPIRE statistical errors and +/-0.5 dex calibration scenarios are separate,v5-blagn,high,90,high,90,secure_accreting_mbh,published_blagn_with_robust_detection_and_no_recorded_alternative_interpretation,type1_broad_line,broad_halpha,lrd,unknown,True
35,41,measurement,GOODSN4014_matthee23,GOODSN4014_matthee23,HZA-GOODS-N-4014,GOODS-N-4014,5.228,matthee23_eiger_fresco_blagn,FRESCO,GOODS-N,lrd,7.58,low,33.9833800731075,high,90,F_context,v5-blagn,1,GOODSN4014_matthee23,True,only catalogue measurement in this release,1.1086963886147605,broad-line-agn,robust,individual_robust,Tables 1-3,The Astrophysical Journal 963:129 (2024); arXiv:2306.05448v3,https://doi.org/10.3847/1538-4357/ad2345,10.3847/1538-4357/ad2345,single-epoch-virial-halpha-reines2013,1.0,0.0,formal_mbh_errors_exclude_virial_systematic;nominal_mass_uncorrected_for_dust,Nominal source-table Halpha mass and luminosity are not dust corrected; formal MBH errors exclude the 0.5 dex estimator systematic.,baseline,reported MBH,none,all_sources,0.0,False,False,30.0,0.1,1.0,1.008710858445636,0.08,0.08,unavailable_in_source:mstar,available,unavailable_in_source:edd_ratio,,44.968482948553934,,,not_evaluable,,0.6368735258141983,0.4086034448772098,0.29446840440871536,4.95153464204701,-1.1815511931766363,0.60263301367365,4.651534642047009,0.6711140379547466,5.251534642047009,,,,,lower_across_0p3_scenarios,not_applicable_non_taylor_source,False,unavailable_in_source:mstar;available;unavailable_in_source:edd_ratio,Observational-triage rank: low growth pressure; high detection confidence; high mass/line-model reliability. This is not evidence for a unique seed channel.,0.5798060055799512,4.45153464204701,0.6939410460484455,5.45153464204701,,,,,Matthee statistical errors and +/-0.5 dex calibration scenarios are separate,v5-blagn,high,90,high,90,secure_accreting_mbh,published_blagn_with_robust_detection_and_no_recorded_alternative_interpretation,type1_broad_line,broad_halpha,lrd,unknown,True
36,42,measurement,GS30148179_juodzbalis25,GS30148179_juodzbalis25,HZA-GS-30148179,GS-30148179,5.922,juodzbalis25_jades_blagn,JADES,,not_reported_by_source,7.12,low,33.02182276046942,high,90,F_context,v5-blagn,1,GS30148179_juodzbalis25,True,only catalogue measurement in this release,0.9465948399109976,broad-line-agn,robust,individual_robust,"Table 2 (BH/Lbol/lambda_Edd), Table 5 (Mstar)",,,,single-epoch-virial-halpha,,,,Robust sample; Mstar uses BEAGLE value.,baseline,reported MBH,none,all_sources,0.0,False,False,30.0,0.1,1.0,0.846609309741873,0.34,0.35,available,available,available,8.95,44.25,0.11,-1.8299999999999992,consistent,0.0117632302757858,0.696261873125633,0.42428457893593263,0.28829593184108243,4.913933490707102,-0.23355503097632635,0.655465278997178,4.613933490707103,0.7370584672540882,5.213933490707102,,,,,lower_across_0p3_scenarios,not_applicable_non_taylor_source,False,available;available;available,Observational-triage rank: low growth pressure; high detection confidence; high mass/line-model reliability. This is not evidence for a unique seed channel.,,,,,,,,,not_applicable_or_recorded_in_source_specific_columns,v5-blagn,high,90,high,90,secure_accreting_mbh,published_blagn_with_robust_detection_and_no_recorded_alternative_interpretation,type1_broad_line,broad_balmer_line,,unknown,True
37,43,measurement,CEERS00397_harikane23,CEERS00397_harikane23,HZA-CEERS-397,CEERS-00397,6.0,harikane23_nirspec_blagn,CEERS,EGS,not_reported_by_source,7.0,low,32.73562098587644,high,90,F_context,v5-blagn,1,CEERS00397_harikane23,False,prior-release preferred measurement retained for longitudinal reproducibility,0.9308508079920488,broad-line-agn,robust,individual_robust,Tables 1-3,The Astrophysical Journal 959:39 (2023); arXiv:2303.11946v3,https://doi.org/10.3847/1538-4357/ad029e,10.3847/1538-4357/ad029e,single-epoch-virial-halpha-greeneho2005,,,broad_civ_and_tentative_heii;virial_calibration_at_z0;source_does_not_state_numeric_virial_systematic,Extinction-corrected broad-Halpha Greene & Ho (2005) mass; source gives no numeric virial-calibration systematic.,baseline,reported MBH,none,all_sources,0.0,False,False,30.0,0.1,1.0,0.8308652778229244,0.25527251,0.30103,available,available,available,9.36,45.44715803,2.02,-2.359999999999999,consistent,-0.0414361154358099,0.6928274518305172,0.4156964710983103,0.2771309807322069,4.83495876781895,-0.21680410727016586,0.6512578047206863,4.534958767818951,0.7343970989403483,5.134958767818951,,,,,lower_across_0p3_scenarios,not_applicable_non_taylor_source,False,available;available;available,Observational-triage rank: low growth pressure; high detection confidence; high mass/line-model reliability. This is not evidence for a unique seed channel.,,,,,,,,,"Harikane statistical errors are propagated; no numeric virial-calibration systematic is published, so no source-specific scenario is inferred",v5-blagn,high,90,high,90,secure_accreting_mbh,published_blagn_with_robust_detection_and_no_recorded_alternative_interpretation,type1_broad_line,broad_halpha,,unknown,True
38,44,measurement,CEERS746_taylor24,CEERS746_taylor24,HZA-CEERS-746,CEERS-746,5.623,taylor24_ceers_rubies_blagn,CEERS,EGS,lrd,7.29,low,32.69403819299052,high,90,F_context,v5-blagn,1,CEERS746_taylor24,True,only catalogue measurement in this release,1.011259266287056,broad-line-agn,robust,individual_robust,Table 1 (Sample of BLAGN),The Astrophysical Journal 986:165 (2025); arXiv:2409.06772v2,https://iopscience.iop.org/article/10.3847/1538-4357/add15b,10.3847/1538-4357/add15b,single-epoch-virial-halpha-reines2013,1.0,0.0,formal_mbh_errors_exclude_virial_systematic;nominal_mass_uncorrected_for_dust,Nominal Table 1 mass and Halpha flux are uncorrected for dust; formal MBH errors exclude the approximately 0.5 dex virial-calibration systematic.,baseline,reported MBH,none,all_sources,0.0,False,False,30.0,0.1,1.0,0.9112737361179314,0.16,0.14,unavailable_not_published_in_taylor_table1:mstar,unavailable_not_published_in_taylor_table1:lbol,unavailable_not_published_in_taylor_table1:edd_ratio,,,,,not_evaluable,,0.668332393394149,0.4156547399370038,0.2893159132084312,4.9154330694037345,-0.6252231019875509,0.6304307453755772,4.6154330694037355,0.7062340414127207,5.215433069403735,0.6051629800298626,4.4154330694037345,0.7315018067584352,5.4154330694037345,lower_across_0p3_scenarios,lower_across_taylor_0p5_scenarios,False,unavailable_not_published_in_taylor_table1:mstar;unavailable_not_published_in_taylor_table1:lbol;unavailable_not_published_in_taylor_table1:edd_ratio,Observational-triage rank: low growth pressure; high detection confidence; high mass/line-model reliability. This is not evidence for a unique seed channel.,,,,,,,,,not_applicable_or_recorded_in_source_specific_columns,v5-blagn,high,90,high,90,secure_accreting_mbh,published_blagn_with_robust_detection_and_no_recorded_alternative_interpretation,type1_broad_line,broad_halpha,lrd,unknown,True
39,45,measurement,RUBIESUDS29813_taylor24,RUBIESUDS29813_taylor24,HZA-RUBIES-UDS-29813,RUBIES-UDS-29813,5.44,taylor24_ceers_rubies_blagn,RUBIES,UDS,lrd,7.39,low,32.23637437660409,high,90,F_context,v5-blagn,1,RUBIESUDS29813_taylor24,True,only catalogue measurement in this release,1.0545534639492895,broad-line-agn,robust,individual_robust,Table 1 (Sample of BLAGN),The Astrophysical Journal 986:165 (2025); arXiv:2409.06772v2,https://iopscience.iop.org/article/10.3847/1538-4357/add15b,10.3847/1538-4357/add15b,single-epoch-virial-halpha-reines2013,1.0,0.0,formal_mbh_errors_exclude_virial_systematic;nominal_mass_uncorrected_for_dust,Nominal Table 1 mass and Halpha flux are uncorrected for dust; formal MBH errors exclude the approximately 0.5 dex virial-calibration systematic.,baseline,reported MBH,none,all_sources,0.0,False,False,30.0,0.1,1.0,0.954567933780165,0.09,0.09,unavailable_not_published_in_taylor_table1:mstar,unavailable_not_published_in_taylor_table1:lbol,unavailable_not_published_in_taylor_table1:edd_ratio,,,,,not_evaluable,,0.6500812153876583,0.40886369576329523,0.28825493595111373,4.902618482544915,-0.9012717248502868,0.6138985874440039,4.602618482544914,0.6862638433313127,5.2026184825449135,0.5897768354815675,4.402618482544915,0.7103855952937491,5.402618482544915,lower_across_0p3_scenarios,lower_across_taylor_0p5_scenarios,False,unavailable_not_published_in_taylor_table1:mstar;unavailable_not_published_in_taylor_table1:lbol;unavailable_not_published_in_taylor_table1:edd_ratio,Observational-triage rank: low growth pressure; high detection confidence; high mass/line-model reliability. This is not evidence for a unique seed channel.,,,,,,,,,not_applicable_or_recorded_in_source_specific_columns,v5-blagn,high,90,high,90,secure_accreting_mbh,published_blagn_with_robust_detection_and_no_recorded_alternative_interpretation,type1_broad_line,broad_halpha,lrd,unknown,True
40,46,measurement,GN61888_juodzbalis25,GN61888_juodzbalis25,HZA-GN-61888,GN-61888,5.874,juodzbalis25_jades_blagn,JADES,,not_reported_by_source,7.04,low,31.45438949048337,high,90,F_context,v5-blagn,1,GN61888_juodzbalis25,True,only catalogue measurement in this release,0.9565050566273134,broad-line-agn,robust,individual_robust,"Table 2 (BH/Lbol/lambda_Edd), Table 5 (Mstar)",,,,single-epoch-virial-halpha,,,,Robust sample; Mstar uses BEAGLE value.,baseline,reported MBH,none,all_sources,0.0,False,False,30.0,0.1,1.0,0.856519526458189,0.33,0.32,available,available,available,8.53,44.38,0.18,-1.489999999999999,consistent,0.015643050220866,0.6774526738858004,0.40862224774064154,0.27420703466806207,4.808109776100934,-0.3996340796635547,0.6371281099640266,4.508109776100934,0.7177772378075741,5.1081097761009335,,,,,lower_across_0p3_scenarios,not_applicable_non_taylor_source,False,available;available;available,Observational-triage rank: low growth pressure; high detection confidence; high mass/line-model reliability. This is not evidence for a unique seed channel.,,,,,,,,,not_applicable_or_recorded_in_source_specific_columns,v5-blagn,high,90,high,90,secure_accreting_mbh,published_blagn_with_robust_detection_and_no_recorded_alternative_interpretation,type1_broad_line,broad_balmer_line,,unknown,True
41,47,measurement,J2002M3013BHAE1_lin24,J2002M3013BHAE1_lin24,HZA-J2002M3013-BHAE-1,J2002M3013-BHAE-1,4.9461,lin24_aspire_blagn,ASPIRE,J2002M3013,lrd,7.71,low,31.227072390651937,high,90,F_context,v5-blagn,1,J2002M3013BHAE1_lin24,True,only catalogue measurement in this release,1.1882033528758245,broad-line-agn,robust,individual_robust,Tables 1-3,The Astrophysical Journal 974:147 (2024); arXiv:2407.17570v1,https://doi.org/10.3847/1538-4357/ad6565,10.3847/1538-4357/ad6565,single-epoch-virial-halpha-reines2013,1.0,0.0,formal_mbh_errors_exclude_virial_systematic;nominal_mass_and_lbol_uncorrected_for_dust,Nominal source-table Halpha mass and luminosity are not dust corrected; formal MBH errors exclude the 0.5 dex estimator systematic.,baseline,reported MBH,none,all_sources,0.0,False,False,30.0,0.1,1.0,1.0882178227067,0.08,0.08,unavailable_in_source:mstar,available,unavailable_in_source:edd_ratio,,45.4,,,not_evaluable,,0.6040960093951534,0.39250371188371613,0.2867075631279975,4.874358026938254,-1.742139910205819,0.5723571647684379,4.574358026938254,0.635834854021869,5.174358026938254,,,,,lower_across_0p3_scenarios,not_applicable_non_taylor_source,False,unavailable_in_source:mstar;available;unavailable_in_source:edd_ratio,Observational-triage rank: low growth pressure; high detection confidence; high mass/line-model reliability. This is not evidence for a unique seed channel.,,,,,0.5511979350172942,4.374358026938254,0.6569940837730128,5.374358026938255,ASPIRE statistical errors and +/-0.5 dex calibration scenarios are separate,v5-blagn,high,90,high,90,secure_accreting_mbh,published_blagn_with_robust_detection_and_no_recorded_alternative_interpretation,type1_broad_line,broad_halpha,lrd,unknown,True
42,48,measurement,GOODSN13733_matthee23,GOODSN13733_matthee23,HZA-GOODS-N-13733,GOODS-N-13733,5.236,matthee23_eiger_fresco_blagn,FRESCO,GOODS-N,lrd,7.49,low,30.96698859075819,high,90,F_context,v5-blagn,1,GOODSN13733_matthee23,True,only catalogue measurement in this release,1.1065699365086776,broad-line-agn,robust,individual_robust,Tables 1-3,The Astrophysical Journal 963:129 (2024); arXiv:2306.05448v3,https://doi.org/10.3847/1538-4357/ad2345,10.3847/1538-4357/ad2345,single-epoch-virial-halpha-reines2013,1.0,0.0,formal_mbh_errors_exclude_virial_systematic;nominal_mass_uncorrected_for_dust,Nominal source-table Halpha mass and luminosity are not dust corrected; formal MBH errors exclude the 0.5 dex estimator systematic.,baseline,reported MBH,none,all_sources,0.0,False,False,30.0,0.1,1.0,1.0065844063395533,0.1,0.1,unavailable_in_source:mstar,available,unavailable_in_source:edd_ratio,,44.7160033436348,,,not_evaluable,,0.6279250940567935,0.39917278292499264,0.2847966273590922,4.867075680541229,-1.2530810648625703,0.5936122473870235,4.56707568054123,0.6622379407265637,5.167075680541229,,,,,lower_across_0p3_scenarios,not_applicable_non_taylor_source,False,unavailable_in_source:mstar;available;unavailable_in_source:edd_ratio,Observational-triage rank: low growth pressure; high detection confidence; high mass/line-model reliability. This is not evidence for a unique seed channel.,0.5707370162738433,4.367075680541229,0.6851131718397437,5.367075680541229,,,,,Matthee statistical errors and +/-0.5 dex calibration scenarios are separate,v5-blagn,high,90,high,90,secure_accreting_mbh,published_blagn_with_robust_detection_and_no_recorded_alternative_interpretation,type1_broad_line,broad_halpha,lrd,unknown,True
43,49,measurement,RUBIESEGS37124_taylor24,RUBIESEGS37124_taylor24,HZA-RUBIES-EGS-37124,RUBIES-EGS-37124,5.682,taylor24_ceers_rubies_blagn,RUBIES,EGS,lrd,7.18,low,30.345947477906094,high,90,F_context,v5-blagn,1,RUBIESEGS37124_taylor24,True,only catalogue measurement in this release,0.997927725671223,broad-line-agn,robust,individual_robust,Table 1 (Sample of BLAGN),The Astrophysical Journal 986:165 (2025); arXiv:2409.06772v2,https://iopscience.iop.org/article/10.3847/1538-4357/add15b,10.3847/1538-4357/add15b,single-epoch-virial-halpha-reines2013,1.0,0.0,formal_mbh_errors_exclude_virial_systematic;nominal_mass_uncorrected_for_dust,Nominal Table 1 mass and Halpha flux are uncorrected for dust; formal MBH errors exclude the approximately 0.5 dex virial-calibration systematic.,baseline,reported MBH,none,all_sources,0.0,False,False,30.0,0.1,1.0,0.8979421955020985,0.12,0.11,unavailable_not_published_in_taylor_table1:mstar,unavailable_not_published_in_taylor_table1:lbol,unavailable_not_published_in_taylor_table1:edd_ratio,,,,,not_evaluable,,0.6641513697348731,0.4077222694511382,0.2795077193092708,4.840171956552086,-0.6194268114930468,0.625687004692313,4.540171956552086,0.7026157347774332,5.140171956552086,0.6000440946639393,4.340171956552086,0.7282586448058067,5.340171956552086,lower_across_0p3_scenarios,lower_across_taylor_0p5_scenarios,False,unavailable_not_published_in_taylor_table1:mstar;unavailable_not_published_in_taylor_table1:lbol;unavailable_not_published_in_taylor_table1:edd_ratio,Observational-triage rank: low growth pressure; high detection confidence; high mass/line-model reliability. This is not evidence for a unique seed channel.,,,,,,,,,not_applicable_or_recorded_in_source_specific_columns,v5-blagn,high,90,high,90,secure_accreting_mbh,published_blagn_with_robust_detection_and_no_recorded_alternative_interpretation,type1_broad_line,broad_halpha,lrd,unknown,True
44,50,measurement,RUBIESUDS19521_taylor24,RUBIESUDS19521_taylor24,HZA-RUBIES-UDS-19521,RUBIES-UDS-19521,5.669,taylor24_ceers_rubies_blagn,RUBIES,UDS,non_lrd,7.18,low,30.167026909881468,high,90,F_context,v5-blagn,1,RUBIESUDS19521_taylor24,True,only catalogue measurement in this release,1.0008399784546649,broad-line-agn,robust,individual_robust,Table 1 (Sample of BLAGN),The Astrophysical Journal 986:165 (2025); arXiv:2409.06772v2,https://iopscience.iop.org/article/10.3847/1538-4357/add15b,10.3847/1538-4357/add15b,single-epoch-virial-halpha-reines2013,0.0,0.0,formal_mbh_errors_exclude_virial_systematic;nominal_mass_uncorrected_for_dust,Nominal Table 1 mass and Halpha flux are uncorrected for dust; formal MBH errors exclude the approximately 0.5 dex virial-calibration systematic.,baseline,reported MBH,none,all_sources,0.0,False,False,30.0,0.1,1.0,0.9008544482855404,0.22,0.26,unavailable_not_published_in_taylor_table1:mstar,unavailable_not_published_in_taylor_table1:lbol,unavailable_not_published_in_taylor_table1:edd_ratio,,,,,not_evaluable,,0.6620043229185776,0.40640419823959006,0.2786041359000963,4.83258330466955,-0.6447223177681689,0.6236643042167296,4.532583304669549,0.7003443416204256,5.132583304669549,0.5981042917488306,4.33258330466955,0.7259043540883244,5.33258330466955,lower_across_0p3_scenarios,lower_across_taylor_0p5_scenarios,False,unavailable_not_published_in_taylor_table1:mstar;unavailable_not_published_in_taylor_table1:lbol;unavailable_not_published_in_taylor_table1:edd_ratio,Observational-triage rank: low growth pressure; high detection confidence; high mass/line-model reliability. This is not evidence for a unique seed channel.,,,,,,,,,not_applicable_or_recorded_in_source_specific_columns,v5-blagn,high,90,high,90,secure_accreting_mbh,published_blagn_with_robust_detection_and_no_recorded_alternative_interpretation,type1_broad_line,broad_halpha,,unknown,True
45,51,measurement,RUBIESEGS42232_taylor24,RUBIESEGS42232_taylor24,HZA-RUBIES-EGS-42232,RUBIES-EGS-42232,4.954,taylor24_ceers_rubies_blagn,RUBIES,EGS,lrd,7.67,low,30.01775591502666,high,90,F_context,v5-blagn,1,RUBIESEGS42232_taylor24,True,only catalogue measurement in this release,1.1858473713401363,broad-line-agn,robust,individual_robust,Table 1 (Sample of BLAGN),The Astrophysical Journal 986:165 (2025); arXiv:2409.06772v2,https://iopscience.iop.org/article/10.3847/1538-4357/add15b,10.3847/1538-4357/add15b,single-epoch-virial-halpha-reines2013,1.0,0.0,formal_mbh_errors_exclude_virial_systematic;nominal_mass_uncorrected_for_dust,Nominal Table 1 mass and Halpha flux are uncorrected for dust; formal MBH errors exclude the approximately 0.5 dex virial-calibration systematic.,baseline,reported MBH,none,all_sources,0.0,False,False,30.0,0.1,1.0,1.085861841171012,0.04,0.03,unavailable_not_published_in_taylor_table1:mstar,unavailable_not_published_in_taylor_table1:lbol,unavailable_not_published_in_taylor_table1:edd_ratio,,,,,not_evaluable,,0.6011656815933784,0.3891142947879539,0.2830886013852416,4.8404971656207465,-1.7616761145975133,0.5693579735725646,4.540497165620746,0.632973389614192,5.140497165620745,0.548152834892022,4.3404971656207465,0.6541785282947344,5.3404971656207465,lower_across_0p3_scenarios,lower_across_taylor_0p5_scenarios,False,unavailable_not_published_in_taylor_table1:mstar;unavailable_not_published_in_taylor_table1:lbol;unavailable_not_published_in_taylor_table1:edd_ratio,Observational-triage rank: low growth pressure; high detection confidence; high mass/line-model reliability. This is not evidence for a unique seed channel.,,,,,,,,,not_applicable_or_recorded_in_source_specific_columns,v5-blagn,high,90,high,90,secure_accreting_mbh,published_blagn_with_robust_detection_and_no_recorded_alternative_interpretation,type1_broad_line,broad_halpha,lrd,unknown,True
46,52,measurement,GN1093_juodzbalis25,GN1093_juodzbalis25,HZA-GN-1093,GN-1093,5.594,juodzbalis25_jades_blagn,JADES,,not_reported_by_source,7.14,low,28.72239856634876,high,90,F_context,v5-blagn,1,GN1093_juodzbalis25,True,only catalogue measurement in this release,1.017921041692968,broad-line-agn,robust,individual_robust,"Table 2 (BH/Lbol/lambda_Edd), Table 5 (Mstar)",,,,single-epoch-virial-halpha,,,,Robust sample; Mstar uses BEAGLE value.,baseline,reported MBH,none,all_sources,0.0,False,False,30.0,0.1,1.0,0.9179355115238436,0.34,0.33,available,available,available,8.43,44.32,0.12,-1.29,consistent,-0.0004482088348115,0.6446687827961851,0.3938248984396928,0.26840295626144667,4.748074035612936,-0.8330865479568805,0.6070422001427113,4.448074035612937,0.682295365449659,5.048074035612936,,,,,lower_across_0p3_scenarios,not_applicable_non_taylor_source,False,available;available;available,Observational-triage rank: low growth pressure; high detection confidence; high mass/line-model reliability. This is not evidence for a unique seed channel.,,,,,,,,,not_applicable_or_recorded_in_source_specific_columns,v5-blagn,high,90,high,90,secure_accreting_mbh,published_blagn_with_robust_detection_and_no_recorded_alternative_interpretation,type1_broad_line,broad_balmer_line,,unknown,True
47,53,measurement,J112014389_matthee23,J112014389_matthee23,HZA-J1120-14389,J1120-14389,4.897,matthee23_eiger_fresco_blagn,EIGER,J1120,lrd,7.65,low,27.70511733900813,high,90,F_context,v5-blagn,1,J112014389_matthee23,True,only catalogue measurement in this release,1.2030223075463982,broad-line-agn,robust,individual_robust,Tables 1-3,The Astrophysical Journal 963:129 (2024); arXiv:2306.05448v3,https://doi.org/10.3847/1538-4357/ad2345,10.3847/1538-4357/ad2345,single-epoch-virial-halpha-reines2013,1.0,0.0,formal_mbh_errors_exclude_virial_systematic;nominal_mass_uncorrected_for_dust,Nominal source-table Halpha mass and luminosity are not dust corrected; formal MBH errors exclude the 0.5 dex estimator systematic.,baseline,reported MBH,none,all_sources,0.0,False,False,30.0,0.1,1.0,1.1030367773772738,0.07,0.07,unavailable_in_source:mstar,available,unavailable_in_source:edd_ratio,,44.92427928606188,,,not_evaluable,,0.5897176795115445,0.38096805844551107,0.2765932479124943,4.7757432854922275,-1.9308557150259116,0.5584052363516395,4.475743285492228,0.6210301226714495,5.075743285492227,,,,,lower_across_0p3_scenarios,not_applicable_non_taylor_source,False,unavailable_in_source:mstar;available;unavailable_in_source:edd_ratio,Observational-triage rank: low growth pressure; high detection confidence; high mass/line-model reliability. This is not evidence for a unique seed channel.,0.5375302742450362,4.2757432854922275,0.6419050847780529,5.2757432854922275,,,,,Matthee statistical errors and +/-0.5 dex calibration scenarios are separate,v5-blagn,high,90,high,90,secure_accreting_mbh,published_blagn_with_robust_detection_and_no_recorded_alternative_interpretation,type1_broad_line,broad_halpha,lrd,unknown,True
48,54,measurement,RUBIESEGS926125_taylor24,RUBIESEGS926125_taylor24,HZA-RUBIES-EGS-926125,RUBIES-EGS-926125,5.284,taylor24_ceers_rubies_blagn,RUBIES,EGS,lrd,7.36,low,27.498358071484137,high,90,F_context,v5-blagn,1,RUBIESEGS926125_taylor24,True,only catalogue measurement in this release,1.093952405152135,broad-line-agn,robust,individual_robust,Table 1 (Sample of BLAGN),The Astrophysical Journal 986:165 (2025); arXiv:2409.06772v2,https://iopscience.iop.org/article/10.3847/1538-4357/add15b,10.3847/1538-4357/add15b,single-epoch-virial-halpha-reines2013,1.0,0.0,formal_mbh_errors_exclude_virial_systematic;nominal_mass_uncorrected_for_dust,Nominal Table 1 mass and Halpha flux are uncorrected for dust; formal MBH errors exclude the approximately 0.5 dex virial-calibration systematic.,baseline,reported MBH,none,all_sources,0.0,False,False,30.0,0.1,1.0,0.9939668749830105,0.05,0.05,unavailable_not_published_in_taylor_table1:mstar,unavailable_not_published_in_taylor_table1:lbol,unavailable_not_published_in_taylor_table1:edd_ratio,,,,,not_evaluable,,0.620838400608624,0.3891822809785404,0.2733542211634986,4.769954026001556,-1.2734865799948158,0.5860899826641114,4.469954026001556,0.6555868185531364,5.069954026001556,0.562924370701103,4.269954026001556,0.6787524305161449,5.269954026001556,lower_across_0p3_scenarios,lower_across_taylor_0p5_scenarios,False,unavailable_not_published_in_taylor_table1:mstar;unavailable_not_published_in_taylor_table1:lbol;unavailable_not_published_in_taylor_table1:edd_ratio,Observational-triage rank: low growth pressure; high detection confidence; high mass/line-model reliability. This is not evidence for a unique seed channel.,,,,,,,,,not_applicable_or_recorded_in_source_specific_columns,v5-blagn,high,90,high,90,secure_accreting_mbh,published_blagn_with_robust_detection_and_no_recorded_alternative_interpretation,type1_broad_line,broad_halpha,lrd,unknown,True
49,55,measurement,J11207546_matthee23,J11207546_matthee23,HZA-J1120-7546,J1120-7546,4.967,matthee23_eiger_fresco_blagn,EIGER,J1120,lrd,7.56,low,26.44841448589735,high,90,F_context,v5-blagn,1,J11207546_matthee23,True,only catalogue measurement in this release,1.1819873023456682,broad-line-agn,robust,individual_robust,Tables 1-3,The Astrophysical Journal 963:129 (2024); arXiv:2306.05448v3,https://doi.org/10.3847/1538-4357/ad2345,10.3847/1538-4357/ad2345,single-epoch-virial-halpha-reines2013,1.0,0.0,formal_mbh_errors_exclude_virial_systematic;nominal_mass_uncorrected_for_dust,Nominal source-table Halpha mass and luminosity are not dust corrected; formal MBH errors exclude the 0.5 dex estimator systematic.,baseline,reported MBH,none,all_sources,0.0,False,False,30.0,0.1,1.0,1.0820017721765438,0.11,0.11,unavailable_in_source:mstar,available,unavailable_in_source:edd_ratio,,45.13987908640124,,,not_evaluable,,0.5916059218319842,0.37879803628091074,0.27239409350537397,4.740555605605126,-1.838147981316248,0.5596847389993234,4.440555605605126,0.6235271046646452,5.0405556056051255,,,,,lower_across_0p3_scenarios,not_applicable_non_taylor_source,False,unavailable_in_source:mstar;available;unavailable_in_source:edd_ratio,Observational-triage rank: low growth pressure; high detection confidence; high mass/line-model reliability. This is not evidence for a unique seed channel.,0.5384039504442159,4.240555605605126,0.6448078932197525,5.240555605605125,,,,,Matthee statistical errors and +/-0.5 dex calibration scenarios are separate,v5-blagn,high,90,high,90,secure_accreting_mbh,published_blagn_with_robust_detection_and_no_recorded_alternative_interpretation,type1_broad_line,broad_halpha,lrd,unknown,True
50,56,measurement,CEERS672_taylor24,CEERS672_taylor24,HZA-CEERS-672,CEERS-672,5.666,taylor24_ceers_rubies_blagn,CEERS,EGS,lrd,6.75,low,25.54970074776277,high,90,F_context,v5-blagn,1,CEERS672_taylor24,True,only catalogue measurement in this release,1.0015140448397233,broad-line-agn,robust,individual_robust,Table 1 (Sample of BLAGN),The Astrophysical Journal 986:165 (2025); arXiv:2409.06772v2,https://iopscience.iop.org/article/10.3847/1538-4357/add15b,10.3847/1538-4357/add15b,single-epoch-virial-halpha-reines2013,1.0,0.0,formal_mbh_errors_exclude_virial_systematic;nominal_mass_uncorrected_for_dust,Nominal Table 1 mass and Halpha flux are uncorrected for dust; formal MBH errors exclude the approximately 0.5 dex virial-calibration systematic.,baseline,reported MBH,none,all_sources,0.0,False,False,30.0,0.1,1.0,0.9015285146705988,0.29,0.26,unavailable_not_published_in_taylor_table1:mstar,unavailable_not_published_in_taylor_table1:lbol,unavailable_not_published_in_taylor_table1:edd_ratio,,,,,not_evaluable,,0.6065964089731533,0.35118739466866766,0.22348288751642487,4.400826844800745,-1.0805771839975167,0.5682850568274805,4.100826844800745,0.6449077611188261,4.700826844800745,0.5427441553970318,3.9008268448007453,0.6704486625492746,4.900826844800745,lower_across_0p3_scenarios,lower_across_taylor_0p5_scenarios,False,unavailable_not_published_in_taylor_table1:mstar;unavailable_not_published_in_taylor_table1:lbol;unavailable_not_published_in_taylor_table1:edd_ratio,Observational-triage rank: low growth pressure; high detection confidence; high mass/line-model reliability. This is not evidence for a unique seed channel.,,,,,,,,,not_applicable_or_recorded_in_source_specific_columns,v5-blagn,high,90,high,90,secure_accreting_mbh,published_blagn_with_robust_detection_and_no_recorded_alternative_interpretation,type1_broad_line,broad_halpha,lrd,unknown,True
51,57,measurement,GS159717_juodzbalis25,GS159717_juodzbalis25,HZA-GS-159717,GS-159717,5.077,juodzbalis25_jades_blagn,JADES,,not_reported_by_source,7.44,low,25.126132577281673,high,90,F_context,v5-blagn,1,GS159717_juodzbalis25,True,only catalogue measurement in this release,1.1501440446728537,broad-line-agn,robust,individual_robust,"Table 2 (BH/Lbol/lambda_Edd), Table 5 (Mstar)",,,,single-epoch-virial-halpha,,,,Robust sample; BEAGLE Mstar unavailable in Table 5.,baseline,reported MBH,none,all_sources,0.0,False,False,30.0,0.1,1.0,1.0501585145037293,0.3,0.3,unavailable_in_source:mstar,available,available,,45.13,0.38,,consistent,-0.0098458582656313,0.5963891513943026,0.3771284339699267,0.2674980752577387,4.703531712163887,-1.681560959453713,0.5635000437806462,4.403531712163887,0.6292782590079591,5.003531712163887,,,,,lower_across_0p3_scenarios,not_applicable_non_taylor_source,False,unavailable_in_source:mstar;available;available,Observational-triage rank: low growth pressure; high detection confidence; high mass/line-model reliability. This is not evidence for a unique seed channel.,,,,,,,,,not_applicable_or_recorded_in_source_specific_columns,v5-blagn,high,90,high,90,secure_accreting_mbh,published_blagn_with_robust_detection_and_no_recorded_alternative_interpretation,type1_broad_line,broad_balmer_line,,unknown,True
52,58,measurement,RUBIESUDS970351_taylor24,RUBIESUDS970351_taylor24,HZA-RUBIES-UDS-970351,RUBIES-UDS-970351,5.282,taylor24_ceers_rubies_blagn,RUBIES,UDS,lrd,7.11,low,24.29761151148394,high,90,F_context,v5-blagn,1,RUBIESUDS970351_taylor24,True,only catalogue measurement in this release,1.0944733515566631,broad-line-agn,robust,individual_robust,Table 1 (Sample of BLAGN),The Astrophysical Journal 986:165 (2025); arXiv:2409.06772v2,https://iopscience.iop.org/article/10.3847/1538-4357/add15b,10.3847/1538-4357/add15b,single-epoch-virial-halpha-reines2013,1.0,0.0,formal_mbh_errors_exclude_virial_systematic;nominal_mass_uncorrected_for_dust,Nominal Table 1 mass and Halpha flux are uncorrected for dust; formal MBH errors exclude the approximately 0.5 dex virial-calibration systematic.,baseline,reported MBH,none,all_sources,0.0,False,False,30.0,0.1,1.0,0.9944878213875387,0.17,0.17,unavailable_not_published_in_taylor_table1:mstar,unavailable_not_published_in_taylor_table1:lbol,unavailable_not_published_in_taylor_table1:edd_ratio,,,,,not_evaluable,,0.5915713381378073,0.36003656782946775,0.2442691826752981,4.518596561108432,-1.528011462971894,0.5568411225915563,4.218596561108432,0.626301553684058,4.818596561108432,0.5336876455607223,4.018596561108432,0.649455030714892,5.018596561108432,lower_across_0p3_scenarios,lower_across_taylor_0p5_scenarios,False,unavailable_not_published_in_taylor_table1:mstar;unavailable_not_published_in_taylor_table1:lbol;unavailable_not_published_in_taylor_table1:edd_ratio,Observational-triage rank: low growth pressure; high detection confidence; high mass/line-model reliability. This is not evidence for a unique seed channel.,,,,,,,,,not_applicable_or_recorded_in_source_specific_columns,v5-blagn,high,90,high,90,secure_accreting_mbh,published_blagn_with_robust_detection_and_no_recorded_alternative_interpretation,type1_broad_line,broad_halpha,lrd,unknown,True
53,14,measurement,CEERS2782_taylor24,CEERS2782_taylor24,HZA-CEERS-2782,CEERS-2782,5.24,taylor24_ceers_rubies_blagn,CEERS,EGS,non_lrd,7.16,low,24.233626635170495,robust_with_measurement_caveat,75,C_interpretation_or_measurement_check,v5-blagn,1,CEERS2782_taylor24,False,nonpreferred duplicate: severe spatial slit loss; Taylor et al. adopt RUBIES-EGS-50052,1.1055092521207228,broad-line-agn,robust,individual_robust,Table 1 (Sample of BLAGN),The Astrophysical Journal 986:165 (2025); arXiv:2409.06772v2,https://iopscience.iop.org/article/10.3847/1538-4357/add15b,10.3847/1538-4357/add15b,single-epoch-virial-halpha-reines2013,0.0,0.0,formal_mbh_errors_exclude_virial_systematic;nominal_mass_uncorrected_for_dust;duplicate_observation;severe_spatially_dependent_slit_loss;source_nonpreferred_duplicate_measurement,Nominal Table 1 mass and Halpha flux are uncorrected for dust; formal MBH errors exclude the approximately 0.5 dex virial-calibration systematic. Same physical object as RUBIES-EGS-50052; severe spatially dependent slit loss makes this the non-preferred source measurement.,baseline,reported MBH,none,all_sources,0.0,False,False,30.0,0.1,1.0,1.0055237219515984,0.14,0.13,unavailable_not_published_in_taylor_table1:mstar,unavailable_not_published_in_taylor_table1:lbol,unavailable_not_published_in_taylor_table1:edd_ratio,,,,,not_evaluable,,0.5908035196220459,0.36180990736543894,0.24731310123713554,4.539839576801608,-1.573868077327976,0.556454477783555,4.239839576801607,0.625152561460537,4.839839576801607,0.5335551165578942,4.039839576801608,0.6480519226861976,5.039839576801608,lower_across_0p3_scenarios,lower_across_taylor_0p5_scenarios,False,unavailable_not_published_in_taylor_table1:mstar;unavailable_not_published_in_taylor_table1:lbol;unavailable_not_published_in_taylor_table1:edd_ratio,Observational-triage rank: low growth pressure; high detection confidence; robust_with_measurement_caveat mass/line-model reliability. This is not evidence for a unique seed channel.,,,,,,,,,not_applicable_or_recorded_in_source_specific_columns,v5-blagn,high,90,robust_with_measurement_caveat,75,secure_accreting_mbh,published_blagn_with_robust_detection_and_no_recorded_alternative_interpretation,type1_broad_line,broad_halpha,,unknown,True
54,59,measurement,GOODSN14409_matthee23,GOODSN14409_matthee23,HZA-GOODS-N-14409,GOODS-N-14409,5.139,matthee23_eiger_fresco_blagn,FRESCO,GOODS-N,lrd,7.21,low,23.396266723787903,high,90,F_context,v5-blagn,1,GOODSN14409_matthee23,True,only catalogue measurement in this release,1.1328190132218603,broad-line-agn,robust,individual_robust,Tables 1-3,The Astrophysical Journal 963:129 (2024); arXiv:2306.05448v3,https://doi.org/10.3847/1538-4357/ad2345,10.3847/1538-4357/ad2345,single-epoch-virial-halpha-reines2013,1.0,0.0,formal_mbh_errors_exclude_virial_systematic;nominal_mass_uncorrected_for_dust,Nominal source-table Halpha mass and luminosity are not dust corrected; formal MBH errors exclude the 0.5 dex estimator systematic.,baseline,reported MBH,none,all_sources,0.0,False,False,30.0,0.1,1.0,1.032833483052736,0.14,0.14,unavailable_in_source:mstar,available,unavailable_in_source:edd_ratio,,44.869231719730976,,,not_evaluable,,0.5807552006854548,0.3578165439923819,0.24634721564584552,4.5186767055116865,-1.7610776482943775,0.547314402181494,4.218676705511687,0.6141959991894157,4.818676705511686,,,,,lower_across_0p3_scenarios,not_applicable_non_taylor_source,False,unavailable_in_source:mstar;available;unavailable_in_source:edd_ratio,Observational-triage rank: low growth pressure; high detection confidence; high mass/line-model reliability. This is not evidence for a unique seed channel.,0.5250205365121866,4.0186767055116865,0.6364898648587229,5.0186767055116865,,,,,Matthee statistical errors and +/-0.5 dex calibration scenarios are separate,v5-blagn,high,90,high,90,secure_accreting_mbh,published_blagn_with_robust_detection_and_no_recorded_alternative_interpretation,type1_broad_line,broad_halpha,lrd,unknown,True
55,60,measurement,J01002017_matthee23,J01002017_matthee23,HZA-J0100-2017,J0100-2017,4.938,matthee23_eiger_fresco_blagn,EIGER,J0100,lrd,7.44,low,22.854337972319094,high,90,F_context,v5-blagn,1,J01002017_matthee23,True,only catalogue measurement in this release,1.19062706834528,broad-line-agn,robust,individual_robust,Tables 1-3,The Astrophysical Journal 963:129 (2024); arXiv:2306.05448v3,https://doi.org/10.3847/1538-4357/ad2345,10.3847/1538-4357/ad2345,single-epoch-virial-halpha-reines2013,1.0,0.0,formal_mbh_errors_exclude_virial_systematic;nominal_mass_uncorrected_for_dust,Nominal source-table Halpha mass and luminosity are not dust corrected; formal MBH errors exclude the 0.5 dex estimator systematic.,baseline,reported MBH,none,all_sources,0.0,False,False,30.0,0.1,1.0,1.0906415381761556,0.11,0.11,unavailable_in_source:mstar,available,unavailable_in_source:edd_ratio,,44.82607480270082,,,not_evaluable,,0.5742520556678291,0.3631299763781861,0.2575689367333646,4.598042389413726,-2.0331920352875814,0.5425837437743828,4.298042389413727,0.6059203675612758,4.898042389413726,,,,,lower_across_0p3_scenarios,not_applicable_non_taylor_source,False,unavailable_in_source:mstar;available;unavailable_in_source:edd_ratio,Observational-triage rank: low growth pressure; high detection confidence; high mass/line-model reliability. This is not evidence for a unique seed channel.,0.5214715358454185,4.098042389413726,0.6270325754902399,5.098042389413726,,,,,Matthee statistical errors and +/-0.5 dex calibration scenarios are separate,v5-blagn,high,90,high,90,secure_accreting_mbh,published_blagn_with_robust_detection_and_no_recorded_alternative_interpretation,type1_broad_line,broad_halpha,lrd,unknown,True
56,61,measurement,J01484214_matthee23,J01484214_matthee23,HZA-J0148-4214,J0148-4214,5.019,matthee23_eiger_fresco_blagn,EIGER,J0148,lrd,7.32,low,22.846035912089654,high,90,F_context,v5-blagn,1,J01484214_matthee23,True,only catalogue measurement in this release,1.166753868549647,broad-line-agn,robust,individual_robust,Tables 1-3,The Astrophysical Journal 963:129 (2024); arXiv:2306.05448v3,https://doi.org/10.3847/1538-4357/ad2345,10.3847/1538-4357/ad2345,single-epoch-virial-halpha-reines2013,1.0,0.0,formal_mbh_errors_exclude_virial_systematic;nominal_mass_uncorrected_for_dust,Nominal source-table Halpha mass and luminosity are not dust corrected; formal MBH errors exclude the 0.5 dex estimator systematic.,baseline,reported MBH,none,all_sources,0.0,False,False,30.0,0.1,1.0,1.0667683383805227,0.1,0.1,unavailable_in_source:mstar,available,unavailable_in_source:edd_ratio,,44.77085201164214,,,not_evaluable,,0.5741524309450758,0.35830565239429546,0.2503822631189052,4.540250383033429,-1.9458320565552363,0.5417754141624588,4.24025038303343,0.6065294477276928,4.84025038303343,,,,,lower_across_0p3_scenarios,not_applicable_non_taylor_source,False,unavailable_in_source:mstar;available;unavailable_in_source:edd_ratio,Observational-triage rank: low growth pressure; high detection confidence; high mass/line-model reliability. This is not evidence for a unique seed channel.,0.5201907363073807,4.040250383033429,0.6281141255827709,5.040250383033429,,,,,Matthee statistical errors and +/-0.5 dex calibration scenarios are separate,v5-blagn,high,90,high,90,secure_accreting_mbh,published_blagn_with_robust_detection_and_no_recorded_alternative_interpretation,type1_broad_line,broad_halpha,lrd,unknown,True
57,62,measurement,J010015157_matthee23,J010015157_matthee23,HZA-J0100-15157,J0100-15157,4.941,matthee23_eiger_fresco_blagn,EIGER,J0100,lrd,7.35,low,22.101439217824847,high,90,F_context,v5-blagn,1,J010015157_matthee23,True,only catalogue measurement in this release,1.1897284386031075,broad-line-agn,robust,individual_robust,Tables 1-3,The Astrophysical Journal 963:129 (2024); arXiv:2306.05448v3,https://doi.org/10.3847/1538-4357/ad2345,10.3847/1538-4357/ad2345,single-epoch-virial-halpha-reines2013,1.0,0.0,flat_optical_continuum_exception_to_sample_trend;formal_mbh_errors_exclude_virial_systematic;nominal_mass_uncorrected_for_dust,Nominal source-table Halpha mass and luminosity are not dust corrected; formal MBH errors exclude the 0.5 dex estimator systematic.,baseline,reported MBH,none,all_sources,0.0,False,False,30.0,0.1,1.0,1.0897429084339834,0.08,0.08,unavailable_in_source:mstar,available,unavailable_in_source:edd_ratio,,44.81291335664285,,,not_evaluable,,0.5652172706138981,0.35392109468346894,0.24827300671825434,4.5103840090435225,-2.115386636521592,0.5335228442243338,4.210384009043523,0.5969116970034626,4.810384009043522,,,,,lower_across_0p3_scenarios,not_applicable_non_taylor_source,False,unavailable_in_source:mstar;available;unavailable_in_source:edd_ratio,Observational-triage rank: low growth pressure; high detection confidence; high mass/line-model reliability. This is not evidence for a unique seed channel.,0.5123932266312909,4.0103840090435225,0.6180413145965056,5.0103840090435225,,,,,Matthee statistical errors and +/-0.5 dex calibration scenarios are separate,v5-blagn,high,90,high,90,secure_accreting_mbh,published_blagn_with_robust_detection_and_no_recorded_alternative_interpretation,type1_broad_line,broad_halpha,lrd,unknown,True
58,15,measurement,J1526M2050BHAE3_lin24,J1526M2050BHAE3_lin24,HZA-J1526M2050-BHAE-3,J1526M2050-BHAE-3,4.8751,lin24_aspire_blagn,ASPIRE,J1526M2050,lrd,7.43,low,21.94407286165244,robust_with_interpretive_caveat,70,C_interpretation_or_measurement_check,v5-blagn,1,J1526M2050BHAE3_lin24,True,only catalogue measurement in this release,1.209731330933385,broad-line-agn,robust,individual_robust,Tables 1-3,The Astrophysical Journal 974:147 (2024); arXiv:2407.17570v1,https://doi.org/10.3847/1538-4357/ad6565,10.3847/1538-4357/ad6565,single-epoch-virial-halpha-reines2013,1.0,1.0,blueshifted_halpha_absorption_266_km_s;absorption_interpretation_uncertain;total_luminosity_reported_without_absorption;formal_mbh_errors_exclude_virial_systematic;nominal_mass_and_lbol_uncorrected_for_dust,Nominal source-table Halpha mass and luminosity are not dust corrected; formal MBH errors exclude the 0.5 dex estimator systematic.,baseline,reported MBH,none,all_sources,0.0,False,False,30.0,0.1,1.0,1.1097458007642607,0.31,0.31,unavailable_in_source:mstar,available,unavailable_in_source:edd_ratio,,44.59,,,not_evaluable,,0.5633288743398293,0.355841259481697,0.25209745205263073,4.538261134476657,-2.2091295517444767,0.5322057321111094,4.238261134476657,0.5944520165685491,4.838261134476657,,,,,lower_across_0p3_scenarios,not_applicable_non_taylor_source,False,unavailable_in_source:mstar;available;unavailable_in_source:edd_ratio,Observational-triage rank: low growth pressure; high detection confidence; robust_with_interpretive_caveat mass/line-model reliability. This is not evidence for a unique seed channel.,,,,,0.5114569706252963,4.038261134476657,0.6152007780543625,5.038261134476657,ASPIRE statistical errors and +/-0.5 dex calibration scenarios are separate,v5-blagn,high,90,robust_with_interpretive_caveat,70,probable_accreting_mbh,robust_broad_line_with_recorded_outflow_or_absorption_interpretive_caveat,type1_broad_line,broad_halpha,lrd,unknown,True
59,63,measurement,GS38562_juodzbalis25,GS38562_juodzbalis25,HZA-GS-38562,GS-38562,4.822,juodzbalis25_jades_blagn,JADES,,not_reported_by_source,7.51,low,21.93665504135748,high,90,F_context,v5-blagn,1,GS38562_juodzbalis25,True,only catalogue measurement in this release,1.226259143973555,broad-line-agn,robust,individual_robust,"Table 2 (BH/Lbol/lambda_Edd), Table 5 (Mstar)",,,,single-epoch-virial-halpha,,,,Robust sample; Mstar uses BEAGLE value.,baseline,reported MBH,none,all_sources,0.0,False,False,30.0,0.1,1.0,1.1262736138044307,0.3,0.31,available,available,available,9.76,44.7,0.12,-2.25,consistent,-0.0104482088348166,0.5632398604962897,0.35879707991687415,0.2565756896271664,4.57519350646901,-2.2726883117699668,0.5325734434093774,4.2751935064690105,0.5939062775832019,4.87519350646901,,,,,lower_across_0p3_scenarios,not_applicable_non_taylor_source,False,available;available;available,Observational-triage rank: low growth pressure; high detection confidence; high mass/line-model reliability. This is not evidence for a unique seed channel.,,,,,,,,,not_applicable_or_recorded_in_source_specific_columns,v5-blagn,high,90,high,90,secure_accreting_mbh,published_blagn_with_robust_detection_and_no_recorded_alternative_interpretation,type1_broad_line,broad_balmer_line,,unknown,True
60,64,measurement,CEERS1244_taylor24,CEERS1244_taylor24,HZA-CEERS-1244,CEERS-1244,4.478,taylor24_ceers_rubies_blagn,CEERS,EGS,non_lrd,7.82,low,20.74316356428715,high,90,F_context,v5-blagn,1,CEERS1244_taylor24,True,only catalogue measurement in this release,1.3430711764202312,broad-line-agn,robust,individual_robust,Table 1 (Sample of BLAGN),The Astrophysical Journal 986:165 (2025); arXiv:2409.06772v2,https://iopscience.iop.org/article/10.3847/1538-4357/add15b,10.3847/1538-4357/add15b,single-epoch-virial-halpha-reines2013,0.0,0.0,formal_mbh_errors_exclude_virial_systematic;nominal_mass_uncorrected_for_dust,Nominal Table 1 mass and Halpha flux are uncorrected for dust; formal MBH errors exclude the approximately 0.5 dex virial-calibration systematic.,baseline,reported MBH,none,all_sources,0.0,False,False,30.0,0.1,1.0,1.2430856462511068,0.03,0.02,unavailable_not_published_in_taylor_table1:mstar,unavailable_not_published_in_taylor_table1:lbol,unavailable_not_published_in_taylor_table1:edd_ratio,,,,,not_evaluable,,0.5390234084690856,0.35379199662403893,0.26117629070151566,4.58080857980004,-2.9773047339998673,0.5112386966923286,4.28080857980004,0.5668081202458425,4.880808579800041,0.4927155555078239,4.08080857980004,0.5853312614303471,5.08080857980004,lower_across_0p3_scenarios,lower_across_taylor_0p5_scenarios,False,unavailable_not_published_in_taylor_table1:mstar;unavailable_not_published_in_taylor_table1:lbol;unavailable_not_published_in_taylor_table1:edd_ratio,Observational-triage rank: low growth pressure; high detection confidence; high mass/line-model reliability. This is not evidence for a unique seed channel.,,,,,,,,,not_applicable_or_recorded_in_source_specific_columns,v5-blagn,high,90,high,90,secure_accreting_mbh,published_blagn_with_robust_detection_and_no_recorded_alternative_interpretation,type1_broad_line,broad_halpha,,unknown,True
61,65,measurement,RUBIESEGS13872_taylor24,RUBIESEGS13872_taylor24,HZA-RUBIES-EGS-13872,RUBIES-EGS-13872,5.262,taylor24_ceers_rubies_blagn,RUBIES,EGS,non_lrd,6.74,low,20.48878990811665,high,90,F_context,v5-blagn,1,RUBIESEGS13872_taylor24,True,only catalogue measurement in this release,1.0997055860002432,broad-line-agn,robust,individual_robust,Table 1 (Sample of BLAGN),The Astrophysical Journal 986:165 (2025); arXiv:2409.06772v2,https://iopscience.iop.org/article/10.3847/1538-4357/add15b,10.3847/1538-4357/add15b,single-epoch-virial-halpha-reines2013,0.0,0.0,formal_mbh_errors_exclude_virial_systematic;nominal_mass_uncorrected_for_dust,Nominal Table 1 mass and Halpha flux are uncorrected for dust; formal MBH errors exclude the approximately 0.5 dex virial-calibration systematic.,baseline,reported MBH,none,all_sources,0.0,False,False,30.0,0.1,1.0,0.9997200558311187,0.23,0.28,unavailable_not_published_in_taylor_table1:mstar,unavailable_not_published_in_taylor_table1:lbol,unavailable_not_published_in_taylor_table1:edd_ratio,,,,,not_evaluable,,0.5458654788973998,0.3155424920208598,0.20038099858258984,4.134962577827206,-1.9434580739093121,0.5113170308659188,3.8349625778272065,0.5804139269288808,4.434962577827206,0.48828473217826485,3.6349625778272063,0.6034462256165348,4.634962577827206,lower_across_0p3_scenarios,lower_across_taylor_0p5_scenarios,False,unavailable_not_published_in_taylor_table1:mstar;unavailable_not_published_in_taylor_table1:lbol;unavailable_not_published_in_taylor_table1:edd_ratio,Observational-triage rank: low growth pressure; high detection confidence; high mass/line-model reliability. This is not evidence for a unique seed channel.,,,,,,,,,not_applicable_or_recorded_in_source_specific_columns,v5-blagn,high,90,high,90,secure_accreting_mbh,published_blagn_with_robust_detection_and_no_recorded_alternative_interpretation,type1_broad_line,broad_halpha,,unknown,True
62,66,measurement,J010012446_matthee23,J010012446_matthee23,HZA-J0100-12446,J0100-12446,4.699,matthee23_eiger_fresco_blagn,EIGER,J0100,lrd,7.46,low,19.924789464226947,high,90,F_context,v5-blagn,1,J010012446_matthee23,True,only catalogue measurement in this release,1.2660190606618411,broad-line-agn,robust,individual_robust,Tables 1-3,The Astrophysical Journal 963:129 (2024); arXiv:2306.05448v3,https://doi.org/10.3847/1538-4357/ad2345,10.3847/1538-4357/ad2345,single-epoch-virial-halpha-reines2013,1.0,0.0,formal_mbh_errors_exclude_virial_systematic;nominal_mass_uncorrected_for_dust,Nominal source-table Halpha mass and luminosity are not dust corrected; formal MBH errors exclude the 0.5 dex estimator systematic.,baseline,reported MBH,none,all_sources,0.0,False,False,30.0,0.1,1.0,1.1660335304927167,0.06,0.06,unavailable_in_source:mstar,available,unavailable_in_source:edd_ratio,,45.11058971029925,,,not_evaluable,,0.5390974735707234,0.3416258715301653,0.2428900705098863,4.421588431957076,-2.6680385601430805,0.5094767332646396,4.121588431957076,0.5687182138768069,4.721588431957076,,,,,lower_across_0p3_scenarios,not_applicable_non_taylor_source,False,unavailable_in_source:mstar;available;unavailable_in_source:edd_ratio,Observational-triage rank: low growth pressure; high detection confidence; high mass/line-model reliability. This is not evidence for a unique seed channel.,0.48972957306058373,3.921588431957076,0.5884653740808629,4.921588431957076,,,,,Matthee statistical errors and +/-0.5 dex calibration scenarios are separate,v5-blagn,high,90,high,90,secure_accreting_mbh,published_blagn_with_robust_detection_and_no_recorded_alternative_interpretation,type1_broad_line,broad_halpha,lrd,unknown,True
63,67,measurement,J2132P1217BHAE1_lin24,J2132P1217BHAE1_lin24,HZA-J2132P1217-BHAE-1,J2132P1217-BHAE-1,4.925,lin24_aspire_blagn,ASPIRE,J2132P1217,lrd,7.11,low,19.790949609108882,high,90,F_context,v5-blagn,1,J2132P1217BHAE1_lin24,True,only catalogue measurement in this release,1.1945341990300051,broad-line-agn,robust,individual_robust,Tables 1-3,The Astrophysical Journal 974:147 (2024); arXiv:2407.17570v1,https://doi.org/10.3847/1538-4357/ad6565,10.3847/1538-4357/ad6565,single-epoch-virial-halpha-reines2013,1.0,0.0,formal_mbh_errors_exclude_virial_systematic;nominal_mass_and_lbol_uncorrected_for_dust,Nominal source-table Halpha mass and luminosity are not dust corrected; formal MBH errors exclude the 0.5 dex estimator systematic.,baseline,reported MBH,none,all_sources,0.0,False,False,30.0,0.1,1.0,1.0945486688608808,0.12,0.12,unavailable_in_source:mstar,available,unavailable_in_source:edd_ratio,,44.93,,,not_evaluable,,0.5374913953093066,0.32712294313345264,0.22193871704552579,4.25786131763502,-2.397128941216603,0.5059361274829284,3.95786131763502,0.5690466631356845,4.55786131763502,,,,,lower_across_0p3_scenarios,not_applicable_non_taylor_source,False,unavailable_in_source:mstar;available;unavailable_in_source:edd_ratio,Observational-triage rank: low growth pressure; high detection confidence; high mass/line-model reliability. This is not evidence for a unique seed channel.,,,,,0.484899282265343,3.7578613176350197,0.5900835083532698,4.75786131763502,ASPIRE statistical errors and +/-0.5 dex calibration scenarios are separate,v5-blagn,high,90,high,90,secure_accreting_mbh,published_blagn_with_robust_detection_and_no_recorded_alternative_interpretation,type1_broad_line,broad_halpha,lrd,unknown,True
64,68,measurement,J11487111_matthee23,J11487111_matthee23,HZA-J1148-7111,J1148-7111,4.339,matthee23_eiger_fresco_blagn,EIGER,J1148,lrd,7.92,low,19.424528569330477,high,90,F_context,v5-blagn,1,J11487111_matthee23,True,only catalogue measurement in this release,1.3956168512884068,broad-line-agn,robust,individual_robust,Tables 1-3,The Astrophysical Journal 963:129 (2024); arXiv:2306.05448v3,https://doi.org/10.3847/1538-4357/ad2345,10.3847/1538-4357/ad2345,single-epoch-virial-halpha-reines2013,1.0,0.0,formal_mbh_errors_exclude_virial_systematic;nominal_mass_uncorrected_for_dust,Nominal source-table Halpha mass and luminosity are not dust corrected; formal MBH errors exclude the 0.5 dex estimator systematic.,baseline,reported MBH,none,all_sources,0.0,False,False,30.0,0.1,1.0,1.2956313211192825,0.1,0.1,unavailable_in_source:mstar,available,unavailable_in_source:edd_ratio,,45.03342375548695,,,not_evaluable,,0.526048711864607,0.3483295524508884,0.25946997274402916,4.543886799941253,-3.3337106668624887,0.49939083795254924,4.243886799941254,0.5527065857766649,4.843886799941254,,,,,lower_across_0p3_scenarios,not_applicable_non_taylor_source,False,unavailable_in_source:mstar;available;unavailable_in_source:edd_ratio,Observational-triage rank: low growth pressure; high detection confidence; high mass/line-model reliability. This is not evidence for a unique seed channel.,0.4816189220111774,4.043886799941253,0.5704785017180366,5.043886799941253,,,,,Matthee statistical errors and +/-0.5 dex calibration scenarios are separate,v5-blagn,high,90,high,90,secure_accreting_mbh,published_blagn_with_robust_detection_and_no_recorded_alternative_interpretation,type1_broad_line,broad_halpha,lrd,unknown,True
65,69,measurement,GN77652_juodzbalis25,GN77652_juodzbalis25,HZA-GN-77652,GN-77652,5.229,juodzbalis25_jades_blagn,JADES,,not_reported_by_source,6.62,low,18.95358902332188,high,90,F_context,v5-blagn,1,GN77652_juodzbalis25,True,only catalogue measurement in this release,1.108430210684669,broad-line-agn,robust,individual_robust,"Table 2 (BH/Lbol/lambda_Edd), Table 5 (Mstar)",,,,single-epoch-virial-halpha,,,,Robust sample; Mstar uses BEAGLE value.,baseline,reported MBH,none,all_sources,0.0,False,False,30.0,0.1,1.0,1.0084446805155447,0.34,0.32,available,available,available,8.36,44.11,0.24,-1.739999999999999,consistent,-0.0094182131708325,0.5274430682798625,0.29911273569117747,0.18494756939683493,3.992228239684468,-2.139239201051775,0.4931935183915599,3.6922282396844683,0.5616926181681653,4.2922282396844675,,,,,lower_across_0p3_scenarios,not_applicable_non_taylor_source,False,available;available;available,Observational-triage rank: low growth pressure; high detection confidence; high mass/line-model reliability. This is not evidence for a unique seed channel.,,,,,,,,,not_applicable_or_recorded_in_source_specific_columns,v5-blagn,high,90,high,90,secure_accreting_mbh,published_blagn_with_robust_detection_and_no_recorded_alternative_interpretation,type1_broad_line,broad_balmer_line,,unknown,True
66,70,measurement,J2232P2930BHAE3_lin24,J2232P2930BHAE3_lin24,HZA-J2232P2930-BHAE-3,J2232P2930-BHAE-3,4.7061,lin24_aspire_blagn,ASPIRE,J2232P2930,lrd,7.31,low,18.778937498139012,high,90,F_context,v5-blagn,1,J2232P2930BHAE3_lin24,True,only catalogue measurement in this release,1.263666014298253,broad-line-agn,robust,individual_robust,Tables 1-3,The Astrophysical Journal 974:147 (2024); arXiv:2407.17570v1,https://doi.org/10.3847/1538-4357/ad6565,10.3847/1538-4357/ad6565,single-epoch-virial-halpha-reines2013,1.0,0.0,formal_mbh_errors_exclude_virial_systematic;nominal_mass_and_lbol_uncorrected_for_dust,Nominal source-table Halpha mass and luminosity are not dust corrected; formal MBH errors exclude the 0.5 dex estimator systematic.,baseline,reported MBH,none,all_sources,0.0,False,False,30.0,0.1,1.0,1.1636804841291286,0.22,0.22,unavailable_in_source:mstar,available,unavailable_in_source:edd_ratio,,44.71,,,not_evaluable,,0.5253472499776681,0.32747634603127707,0.2285408940580816,4.277719922265289,-2.7976002591157014,0.49566661438570947,3.9777199222652895,0.5550278855696268,4.577719922265289,,,,,lower_across_0p3_scenarios,not_applicable_non_taylor_source,False,unavailable_in_source:mstar;available;unavailable_in_source:edd_ratio,Observational-triage rank: low growth pressure; high detection confidence; high mass/line-model reliability. This is not evidence for a unique seed channel.,,,,,0.47587952399107036,3.7777199222652893,0.5748149759642658,4.777719922265289,ASPIRE statistical errors and +/-0.5 dex calibration scenarios are separate,v5-blagn,high,90,high,90,secure_accreting_mbh,published_blagn_with_robust_detection_and_no_recorded_alternative_interpretation,type1_broad_line,broad_halpha,lrd,unknown,True
67,71,measurement,GS172975_juodzbalis25,GS172975_juodzbalis25,HZA-GS-172975,GS-172975,4.741,juodzbalis25_jades_blagn,JADES,,not_reported_by_source,7.25,low,18.714821266187034,high,90,F_context,v5-blagn,1,GS172975_juodzbalis25,True,only catalogue measurement in this release,1.2522045591007307,broad-line-agn,robust,individual_robust,"Table 2 (BH/Lbol/lambda_Edd), Table 5 (Mstar)",,,,single-epoch-virial-halpha,,,,Robust sample; Mstar uses BEAGLE value.,baseline,reported MBH,none,all_sources,0.0,False,False,30.0,0.1,1.0,1.1522190289316063,0.32,0.32,available,available,available,8.98,44.07,0.05,-1.7300000000000004,consistent,-0.020659450546418,0.5245778551942444,0.32473867226310377,0.22481908079753335,4.247585802746482,-2.7580473241783974,0.4946019777545733,3.9475858027464814,0.5545537326339155,4.547585802746481,,,,,lower_across_0p3_scenarios,not_applicable_non_taylor_source,False,available;available;available,Observational-triage rank: low growth pressure; high detection confidence; high mass/line-model reliability. This is not evidence for a unique seed channel.,,,,,,,,,not_applicable_or_recorded_in_source_specific_columns,v5-blagn,high,90,high,90,secure_accreting_mbh,published_blagn_with_robust_detection_and_no_recorded_alternative_interpretation,type1_broad_line,broad_balmer_line,,unknown,True
68,72,measurement,J0109M3047BHAE1_lin24,J0109M3047BHAE1_lin24,HZA-J0109M3047-BHAE-1,J0109M3047-BHAE-1,4.36,lin24_aspire_blagn,ASPIRE,J0109M3047,lrd,7.86,low,18.667968732616654,high,90,F_context,v5-blagn,1,J0109M3047BHAE1_lin24,True,only catalogue measurement in this release,1.3874613235022395,broad-line-agn,robust,individual_robust,Tables 1-3,The Astrophysical Journal 974:147 (2024); arXiv:2407.17570v1,https://doi.org/10.3847/1538-4357/ad6565,10.3847/1538-4357/ad6565,single-epoch-virial-halpha-reines2013,1.0,0.0,formal_mbh_errors_exclude_virial_systematic;nominal_mass_and_lbol_uncorrected_for_dust,Nominal source-table Halpha mass and luminosity are not dust corrected; formal MBH errors exclude the 0.5 dex estimator systematic.,baseline,reported MBH,none,all_sources,0.0,False,False,30.0,0.1,1.0,1.2874757933331151,0.11,0.11,unavailable_in_source:mstar,available,unavailable_in_source:edd_ratio,,45.0,,,not_evaluable,,0.5240156247913998,0.34517070165440333,0.2557482400859051,4.505138204228501,-3.3228726525716654,0.49718888632085034,4.205138204228501,0.5508423632619494,4.8051382042285,,,,,lower_across_0p3_scenarios,not_applicable_non_taylor_source,False,unavailable_in_source:mstar;available;unavailable_in_source:edd_ratio,Observational-triage rank: low growth pressure; high detection confidence; high mass/line-model reliability. This is not evidence for a unique seed channel.,,,,,0.4793043940071508,4.005138204228501,0.5687268555756488,5.0051382042284995,ASPIRE statistical errors and +/-0.5 dex calibration scenarios are separate,v5-blagn,high,90,high,90,secure_accreting_mbh,published_blagn_with_robust_detection_and_no_recorded_alternative_interpretation,type1_broad_line,broad_halpha,lrd,unknown,True
69,73,measurement,RUBIESEGS46985_taylor24,RUBIESEGS46985_taylor24,HZA-RUBIES-EGS-46985,RUBIES-EGS-46985,4.963,taylor24_ceers_rubies_blagn,RUBIES,EGS,non_lrd,6.9,low,18.40072497695864,high,90,F_context,v5-blagn,1,RUBIESEGS46985_taylor24,True,only catalogue measurement in this release,1.1831727889131478,broad-line-agn,robust,individual_robust,Table 1 (Sample of BLAGN),The Astrophysical Journal 986:165 (2025); arXiv:2409.06772v2,https://iopscience.iop.org/article/10.3847/1538-4357/add15b,10.3847/1538-4357/add15b,single-epoch-virial-halpha-reines2013,0.0,0.0,formal_mbh_errors_exclude_virial_systematic;nominal_mass_uncorrected_for_dust,Nominal Table 1 mass and Halpha flux are uncorrected for dust; formal MBH errors exclude the approximately 0.5 dex virial-calibration systematic.,baseline,reported MBH,none,all_sources,0.0,False,False,30.0,0.1,1.0,1.0831872587440234,0.21,0.2,unavailable_not_published_in_taylor_table1:mstar,unavailable_not_published_in_taylor_table1:lbol,unavailable_not_published_in_taylor_table1:edd_ratio,,,,,not_evaluable,,0.5208086997235036,0.30823372024452267,0.20194623050503213,4.077466503957366,-2.508444986808783,0.48892245280165664,3.7774665039573656,0.5526949466453509,4.377466503957365,0.4676649548537586,3.5774665039573654,0.573952444593249,4.577466503957366,lower_across_0p3_scenarios,lower_across_taylor_0p5_scenarios,False,unavailable_not_published_in_taylor_table1:mstar;unavailable_not_published_in_taylor_table1:lbol;unavailable_not_published_in_taylor_table1:edd_ratio,Observational-triage rank: low growth pressure; high detection confidence; high mass/line-model reliability. This is not evidence for a unique seed channel.,,,,,,,,,not_applicable_or_recorded_in_source_specific_columns,v5-blagn,high,90,high,90,secure_accreting_mbh,published_blagn_with_robust_detection_and_no_recorded_alternative_interpretation,type1_broad_line,broad_halpha,,unknown,True
70,74,measurement,GS8083_juodzbalis25,GS8083_juodzbalis25,HZA-GS-8083,GS-8083,4.753,juodzbalis25_jades_blagn,JADES,,not_reported_by_source,7.1,low,17.61009069975248,high,90,F_context,v5-blagn,1,GS8083_juodzbalis25,True,only catalogue measurement in this release,1.2483035089057362,broad-line-agn,robust,individual_robust,"Table 2 (BH/Lbol/lambda_Edd), Table 5 (Mstar)",,,,single-epoch-virial-halpha,,,,Robust sample; Mstar uses BEAGLE value.,baseline,reported MBH,none,all_sources,0.0,False,False,30.0,0.1,1.0,1.1483179787366118,0.31,0.31,available,available,available,8.27,44.03,0.07,-1.17,consistent,0.0154685851318205,0.5113210883970297,0.31080301451584164,0.21054397757524754,4.107751030186363,-2.8741632327121227,0.4812433773148516,3.8077510301863633,0.541398799479208,4.407751030186363,,,,,lower_across_0p3_scenarios,not_applicable_non_taylor_source,False,available;available;available,Observational-triage rank: low growth pressure; high detection confidence; high mass/line-model reliability. This is not evidence for a unique seed channel.,,,,,,,,,not_applicable_or_recorded_in_source_specific_columns,v5-blagn,high,90,high,90,secure_accreting_mbh,published_blagn_with_robust_detection_and_no_recorded_alternative_interpretation,type1_broad_line,broad_balmer_line,,unknown,True
71,75,measurement,CEERS01244_harikane23,CEERS01244_harikane23,HZA-CEERS-1244,CEERS-01244,4.478,harikane23_nirspec_blagn,CEERS,EGS,not_reported_by_source,7.50514998,low,17.488612633922074,high,90,F_context,v5-blagn,1,CEERS01244_harikane23,False,prior-release preferred measurement retained for longitudinal reproducibility,1.3430711764202312,broad-line-agn,robust,individual_robust,Tables 1-3,The Astrophysical Journal 959:39 (2023); arXiv:2303.11946v3,https://doi.org/10.3847/1538-4357/ad029e,10.3847/1538-4357/ad029e,single-epoch-virial-halpha-greeneho2005,,,virial_calibration_at_z0;source_does_not_state_numeric_virial_systematic,Extinction-corrected broad-Halpha Greene & Ho (2005) mass; source gives no numeric virial-calibration systematic.,baseline,reported MBH,none,all_sources,0.0,False,False,30.0,0.1,1.0,1.2430856462511068,0.03891807,0.02802872,available,available,available,8.63,45.2787536,0.46,-1.1248500200000011,consistent,-0.0104752432008654,0.5098633516070649,0.3246319397620183,0.23201623383949502,4.26595855980004,-3.292154753999868,0.4820786398303079,3.9659585598000398,0.5376480633838218,4.565958559800039,,,,,lower_across_0p3_scenarios,not_applicable_non_taylor_source,False,available;available;available,Observational-triage rank: low growth pressure; high detection confidence; high mass/line-model reliability. This is not evidence for a unique seed channel.,,,,,,,,,"Harikane statistical errors are propagated; no numeric virial-calibration systematic is published, so no source-specific scenario is inferred",v5-blagn,high,90,high,90,secure_accreting_mbh,published_blagn_with_robust_detection_and_no_recorded_alternative_interpretation,type1_broad_line,broad_halpha,,unknown,True
72,76,measurement,RUBIESEGS29489_taylor24,RUBIESEGS29489_taylor24,HZA-RUBIES-EGS-29489,RUBIES-EGS-29489,4.543,taylor24_ceers_rubies_blagn,RUBIES,EGS,lrd,7.39,low,17.39989447463301,high,90,F_context,v5-blagn,1,RUBIESEGS29489_taylor24,True,only catalogue measurement in this release,1.319616479433939,broad-line-agn,robust,individual_robust,Table 1 (Sample of BLAGN),The Astrophysical Journal 986:165 (2025); arXiv:2409.06772v2,https://iopscience.iop.org/article/10.3847/1538-4357/add15b,10.3847/1538-4357/add15b,single-epoch-virial-halpha-reines2013,1.0,0.0,formal_mbh_errors_exclude_virial_systematic;nominal_mass_uncorrected_for_dust,Nominal Table 1 mass and Halpha flux are uncorrected for dust; formal MBH errors exclude the approximately 0.5 dex virial-calibration systematic.,baseline,reported MBH,none,all_sources,0.0,False,False,30.0,0.1,1.0,1.2196309492648143,0.08,0.09,unavailable_not_published_in_taylor_table1:mstar,unavailable_not_published_in_taylor_table1:lbol,unavailable_not_published_in_taylor_table1:edd_ratio,,,,,not_evaluable,,0.5087987336955961,0.3200051404875827,0.225608343883576,4.2119260526551985,-3.2035798244826728,0.48047969471439417,3.9119260526551987,0.5371177726767982,4.511926052655198,0.46160033539359274,3.7119260526551985,0.5559971319975996,4.7119260526551985,lower_across_0p3_scenarios,lower_across_taylor_0p5_scenarios,False,unavailable_not_published_in_taylor_table1:mstar;unavailable_not_published_in_taylor_table1:lbol;unavailable_not_published_in_taylor_table1:edd_ratio,Observational-triage rank: low growth pressure; high detection confidence; high mass/line-model reliability. This is not evidence for a unique seed channel.,,,,,,,,,not_applicable_or_recorded_in_source_specific_columns,v5-blagn,high,90,high,90,secure_accreting_mbh,published_blagn_with_robust_detection_and_no_recorded_alternative_interpretation,type1_broad_line,broad_halpha,lrd,unknown,True
73,77,measurement,RUBIESEGS45599_taylor24,RUBIESEGS45599_taylor24,HZA-RUBIES-EGS-45599,RUBIES-EGS-45599,4.862,taylor24_ceers_rubies_blagn,RUBIES,EGS,non_lrd,6.86,low,16.863727283703348,high,90,F_context,v5-blagn,1,RUBIESEGS45599_taylor24,True,only catalogue measurement in this release,1.2137742718438405,broad-line-agn,robust,individual_robust,Table 1 (Sample of BLAGN),The Astrophysical Journal 986:165 (2025); arXiv:2409.06772v2,https://iopscience.iop.org/article/10.3847/1538-4357/add15b,10.3847/1538-4357/add15b,single-epoch-virial-halpha-reines2013,0.0,0.0,formal_mbh_errors_exclude_virial_systematic;nominal_mass_uncorrected_for_dust,Nominal Table 1 mass and Halpha flux are uncorrected for dust; formal MBH errors exclude the approximately 0.5 dex virial-calibration systematic.,baseline,reported MBH,none,all_sources,0.0,False,False,30.0,0.1,1.0,1.113788741674716,0.13,0.13,unavailable_not_published_in_taylor_table1:mstar,unavailable_not_published_in_taylor_table1:lbol,unavailable_not_published_in_taylor_table1:edd_ratio,,,,,not_evaluable,,0.5023647274044402,0.2956302716824483,0.19226304382145243,3.957726172908227,-2.814246090305912,0.47135455904614143,3.657726172908227,0.5333748957627389,4.257726172908226,0.4506811134739422,3.457726172908227,0.5540483413349382,4.457726172908227,lower_across_0p3_scenarios,lower_across_taylor_0p5_scenarios,False,unavailable_not_published_in_taylor_table1:mstar;unavailable_not_published_in_taylor_table1:lbol;unavailable_not_published_in_taylor_table1:edd_ratio,Observational-triage rank: low growth pressure; high detection confidence; high mass/line-model reliability. This is not evidence for a unique seed channel.,,,,,,,,,not_applicable_or_recorded_in_source_specific_columns,v5-blagn,high,90,high,90,secure_accreting_mbh,published_blagn_with_robust_detection_and_no_recorded_alternative_interpretation,type1_broad_line,broad_halpha,,unknown,True
74,78,measurement,GN20621_juodzbalis25,GN20621_juodzbalis25,HZA-GN-20621,GN-20621,4.682,juodzbalis25_jades_blagn,JADES,,not_reported_by_source,7.05,low,16.350466077351758,high,90,F_context,v5-blagn,1,GN20621_juodzbalis25,True,only catalogue measurement in this release,1.2716827949057186,broad-line-agn,robust,individual_robust,"Table 2 (BH/Lbol/lambda_Edd), Table 5 (Mstar)",,,,single-epoch-virial-halpha,,,,Robust sample; Mstar uses BEAGLE value.,baseline,reported MBH,none,all_sources,0.0,False,False,30.0,0.1,1.0,1.1716972647365942,0.35,0.34,available,available,available,8.41,44.17,0.11,-1.3600000000000003,consistent,0.0217632302757838,0.4962055929282211,0.29968852642199495,0.20142999316888183,3.9968300607825813,-3.1272331307247283,0.4667280329522872,3.6968300607825815,0.5256831529041549,4.296830060782581,,,,,lower_across_0p3_scenarios,not_applicable_non_taylor_source,False,available;available;available,Observational-triage rank: low growth pressure; high detection confidence; high mass/line-model reliability. This is not evidence for a unique seed channel.,,,,,,,,,not_applicable_or_recorded_in_source_specific_columns,v5-blagn,high,90,high,90,secure_accreting_mbh,published_blagn_with_robust_detection_and_no_recorded_alternative_interpretation,type1_broad_line,broad_balmer_line,,unknown,True
75,79,measurement,RUBIESEGS17146_taylor24,RUBIESEGS17146_taylor24,HZA-RUBIES-EGS-17146,RUBIES-EGS-17146,5.0,taylor24_ceers_rubies_blagn,RUBIES,EGS,non_lrd,6.6,low,16.1573536518406,high,90,F_context,v5-blagn,1,RUBIESEGS17146_taylor24,True,only catalogue measurement in this release,1.1722819008829126,broad-line-agn,robust,individual_robust,Table 1 (Sample of BLAGN),The Astrophysical Journal 986:165 (2025); arXiv:2409.06772v2,https://iopscience.iop.org/article/10.3847/1538-4357/add15b,10.3847/1538-4357/add15b,single-epoch-virial-halpha-reines2013,0.0,0.0,formal_mbh_errors_exclude_virial_systematic;nominal_mass_uncorrected_for_dust,Nominal Table 1 mass and Halpha flux are uncorrected for dust; formal MBH errors exclude the approximately 0.5 dex virial-calibration systematic.,baseline,reported MBH,none,all_sources,0.0,False,False,30.0,0.1,1.0,1.0722963707137882,0.25,0.15,unavailable_not_published_in_taylor_table1:mstar,unavailable_not_published_in_taylor_table1:lbol,unavailable_not_published_in_taylor_table1:edd_ratio,,,,,not_evaluable,,0.4938882438220872,0.27915422476900575,0.17178721524246504,3.8058456194047086,-2.713847935317638,0.46167814096412485,3.5058456194047087,0.5260983466800493,4.105845619404708,0.44020473905881674,3.3058456194047086,0.5475717485853574,4.305845619404709,lower_across_0p3_scenarios,lower_across_taylor_0p5_scenarios,False,unavailable_not_published_in_taylor_table1:mstar;unavailable_not_published_in_taylor_table1:lbol;unavailable_not_published_in_taylor_table1:edd_ratio,Observational-triage rank: low growth pressure; high detection confidence; high mass/line-model reliability. This is not evidence for a unique seed channel.,,,,,,,,,not_applicable_or_recorded_in_source_specific_columns,v5-blagn,high,90,high,90,secure_accreting_mbh,published_blagn_with_robust_detection_and_no_recorded_alternative_interpretation,type1_broad_line,broad_halpha,,unknown,True
76,80,measurement,J010016221_matthee23,J010016221_matthee23,HZA-J0100-16221,J0100-16221,4.349,matthee23_eiger_fresco_blagn,EIGER,J0100,lrd,7.53,low,16.07288387583596,high,90,F_context,v5-blagn,1,J010016221_matthee23,True,only catalogue measurement in this release,1.3917233673463694,broad-line-agn,robust,individual_robust,Tables 1-3,The Astrophysical Journal 963:129 (2024); arXiv:2306.05448v3,https://doi.org/10.3847/1538-4357/ad2345,10.3847/1538-4357/ad2345,single-epoch-virial-halpha-reines2013,1.0,0.0,formal_mbh_errors_exclude_virial_systematic;nominal_mass_uncorrected_for_dust,Nominal source-table Halpha mass and luminosity are not dust corrected; formal MBH errors exclude the 0.5 dex estimator systematic.,baseline,reported MBH,none,all_sources,0.0,False,False,30.0,0.1,1.0,1.291737837177245,0.07,0.07,unavailable_in_source:mstar,available,unavailable_in_source:edd_ratio,,44.85125834871908,,,not_evaluable,,0.4928746065100315,0.31461977594582485,0.22549236066372144,4.164032311489689,-3.6898922950343715,0.46613638192540047,3.864032311489689,0.5196128310946624,4.464032311489689,,,,,lower_across_0p3_scenarios,not_applicable_non_taylor_source,False,unavailable_in_source:mstar;available;unavailable_in_source:edd_ratio,Observational-triage rank: low growth pressure; high detection confidence; high mass/line-model reliability. This is not evidence for a unique seed channel.,0.44831089886897985,3.664032311489689,0.5374383141510832,4.66403231148969,,,,,Matthee statistical errors and +/-0.5 dex calibration scenarios are separate,v5-blagn,high,90,high,90,secure_accreting_mbh,published_blagn_with_robust_detection_and_no_recorded_alternative_interpretation,type1_broad_line,broad_halpha,lrd,unknown,True
77,16,measurement,J1526M2050BHAE1_lin24,J1526M2050BHAE1_lin24,HZA-J1526M2050-BHAE-1,J1526M2050-BHAE-1,4.1573,lin24_aspire_blagn,ASPIRE,J1526M2050,lrd,7.85,low,15.977907217452895,robust_with_interpretive_caveat,70,C_interpretation_or_measurement_check,v5-blagn,1,J1526M2050BHAE1_lin24,True,only catalogue measurement in this release,1.4696384835006568,broad-line-agn,robust,individual_robust,Tables 1-3,The Astrophysical Journal 974:147 (2024); arXiv:2407.17570v1,https://doi.org/10.3847/1538-4357/ad6565,10.3847/1538-4357/ad6565,single-epoch-virial-halpha-reines2013,1.0,1.0,blueshifted_halpha_absorption_357_km_s;absorption_interpretation_uncertain;total_luminosity_reported_without_absorption;formal_mbh_errors_exclude_virial_systematic;nominal_mass_and_lbol_uncorrected_for_dust,Nominal source-table Halpha mass and luminosity are not dust corrected; formal MBH errors exclude the 0.5 dex estimator systematic.,baseline,reported MBH,none,all_sources,0.0,False,False,30.0,0.1,1.0,1.3696529533315325,0.1,0.1,unavailable_in_source:mstar,available,unavailable_in_source:edd_ratio,,45.22,,,not_evaluable,,0.4917348866094347,0.32362039546091,0.23956314988664762,4.281003681473741,-4.046654395087533,0.46651771293715594,3.981003681473741,0.5169520602817135,4.581003681473741,,,,,lower_across_0p3_scenarios,not_applicable_non_taylor_source,False,unavailable_in_source:mstar;available;unavailable_in_source:edd_ratio,Observational-triage rank: low growth pressure; high detection confidence; robust_with_interpretive_caveat mass/line-model reliability. This is not evidence for a unique seed channel.,,,,,0.44970626382230344,3.7810036814737407,0.5337635093965658,4.781003681473741,ASPIRE statistical errors and +/-0.5 dex calibration scenarios are separate,v5-blagn,high,90,robust_with_interpretive_caveat,70,probable_accreting_mbh,robust_broad_line_with_recorded_outflow_or_absorption_interpretive_caveat,type1_broad_line,broad_halpha,lrd,unknown,True
78,81,measurement,CEERS01665_harikane23,CEERS01665_harikane23,HZA-CEERS-01665,CEERS-01665,4.483,harikane23_nirspec_blagn,CEERS,EGS,not_reported_by_source,7.2787536,low,15.801314125009288,high,90,F_context,v5-blagn,1,CEERS01665_harikane23,True,only catalogue measurement in this release,1.3412424612273763,broad-line-agn,robust,individual_robust,Tables 1-3,The Astrophysical Journal 959:39 (2023); arXiv:2303.11946v3,https://doi.org/10.3847/1538-4357/ad029e,10.3847/1538-4357/ad029e,single-epoch-virial-halpha-greeneho2005,,,dust_extinction_corrected;virial_calibration_at_z0;source_does_not_state_numeric_virial_systematic,Extinction-corrected broad-Halpha Greene & Ho (2005) mass; source gives no numeric virial-calibration systematic.,baseline,reported MBH,none,all_sources,0.0,False,False,30.0,0.1,1.0,1.241256931058252,0.15261016,0.13262557,available,available,available,9.92,45.68124124,1.93,-2.6412464,consistent,-0.0165597858746597,0.48961576950011143,0.3041114604904575,0.21135930598563057,4.044327385303417,-3.502667115655276,0.46179012314866336,3.7443273853034174,0.5174414158515594,4.344327385303417,,,,,lower_across_0p3_scenarios,not_applicable_non_taylor_source,False,available;available;available,Observational-triage rank: low growth pressure; high detection confidence; high mass/line-model reliability. This is not evidence for a unique seed channel.,,,,,,,,,"Harikane statistical errors are propagated; no numeric virial-calibration systematic is published, so no source-specific scenario is inferred",v5-blagn,high,90,high,90,secure_accreting_mbh,published_blagn_with_robust_detection_and_no_recorded_alternative_interpretation,type1_broad_line,broad_halpha,,unknown,True
79,82,measurement,GN53757_juodzbalis25,GN53757_juodzbalis25,HZA-GN-53757,GN-53757,4.447,juodzbalis25_jades_blagn,JADES,,not_reported_by_source,7.33,low,15.761974034056184,high,90,F_context,v5-blagn,1,GN53757_juodzbalis25,True,only catalogue measurement in this release,1.354502233183852,broad-line-agn,robust,individual_robust,"Table 2 (BH/Lbol/lambda_Edd), Table 5 (Mstar)",,,,single-epoch-virial-halpha,,,,Robust sample; Mstar uses BEAGLE value.,baseline,reported MBH,none,all_sources,0.0,False,False,30.0,0.1,1.0,1.2545167030147277,0.31,0.31,available,available,available,10.38,44.29,0.07,-3.0500000000000007,consistent,-0.0145314148681805,0.48914368840867417,0.3056000905067327,0.2138282915557619,4.06102191055146,-3.5665936314951363,0.461612148723383,3.76102191055146,0.5166752280939654,4.361021910551459,,,,,lower_across_0p3_scenarios,not_applicable_non_taylor_source,False,available;available;available,Observational-triage rank: low growth pressure; high detection confidence; high mass/line-model reliability. This is not evidence for a unique seed channel.,,,,,,,,,not_applicable_or_recorded_in_source_specific_columns,v5-blagn,high,90,high,90,secure_accreting_mbh,published_blagn_with_robust_detection_and_no_recorded_alternative_interpretation,type1_broad_line,broad_balmer_line,,unknown,True
80,83,measurement,J2232P2930BHAE1_lin24,J2232P2930BHAE1_lin24,HZA-J2232P2930-BHAE-1,J2232P2930-BHAE-1,4.1349,lin24_aspire_blagn,ASPIRE,J2232P2930,lrd,7.85,low,15.69339078553803,high,90,F_context,v5-blagn,1,J2232P2930BHAE1_lin24,True,only catalogue measurement in this release,1.4792147012530008,broad-line-agn,robust,individual_robust,Tables 1-3,The Astrophysical Journal 974:147 (2024); arXiv:2407.17570v1,https://doi.org/10.3847/1538-4357/ad6565,10.3847/1538-4357/ad6565,single-epoch-virial-halpha-reines2013,1.0,0.0,nearby_companions_and_overdensity;formal_mbh_errors_exclude_virial_systematic;nominal_mass_and_lbol_uncorrected_for_dust,Nominal source-table Halpha mass and luminosity are not dust corrected; formal MBH errors exclude the 0.5 dex estimator systematic.,baseline,reported MBH,none,all_sources,0.0,False,False,30.0,0.1,1.0,1.3792291710838764,0.12,0.12,unavailable_in_source:mstar,available,unavailable_in_source:edd_ratio,,45.28,,,not_evaluable,,0.48832068942645634,0.3213734451780952,0.23789982305391455,4.256050290309659,-4.129832365634469,0.4632786027892021,3.9560502903096593,0.5133627760637105,4.55605029030966,,,,,lower_across_0p3_scenarios,not_applicable_non_taylor_source,False,unavailable_in_source:mstar;available;unavailable_in_source:edd_ratio,Observational-triage rank: low growth pressure; high detection confidence; high mass/line-model reliability. This is not evidence for a unique seed channel.,,,,,0.44658387836436597,3.756050290309659,0.5300575004885465,4.756050290309659,ASPIRE statistical errors and +/-0.5 dex calibration scenarios are separate,v5-blagn,high,90,high,90,secure_accreting_mbh,published_blagn_with_robust_detection_and_no_recorded_alternative_interpretation,type1_broad_line,broad_halpha,lrd,unknown,True
81,84,measurement,CEERS01236_harikane23,CEERS01236_harikane23,HZA-CEERS-01236,CEERS-01236,4.484,harikane23_nirspec_blagn,CEERS,EGS,not_reported_by_source,7.25527251,low,15.631776778936512,high,90,F_context,v5-blagn,1,CEERS01236_harikane23,True,only catalogue measurement in this release,1.340877214423135,broad-line-agn,robust,individual_robust,Tables 1-3,The Astrophysical Journal 959:39 (2023); arXiv:2303.11946v3,https://doi.org/10.3847/1538-4357/ad029e,10.3847/1538-4357/ad029e,single-epoch-virial-halpha-greeneho2005,,,dual_agn_candidate;virial_calibration_at_z0;source_does_not_state_numeric_virial_systematic,Extinction-corrected broad-Halpha Greene & Ho (2005) mass; source gives no numeric virial-calibration systematic.,baseline,reported MBH,none,all_sources,0.0,False,False,30.0,0.1,1.0,1.2408916842540105,0.19188553,0.17609126,available,available,available,8.94,44.25527251,0.08,-1.684727489999999,consistent,0.0034605321095069,0.48758132134723814,0.3020224105887785,0.20924295520954866,4.021798043333106,-3.522975712222979,0.45974748473346916,3.721798043333107,0.515415157961007,4.321798043333107,,,,,lower_across_0p3_scenarios,not_applicable_non_taylor_source,False,available;available;available,Observational-triage rank: low growth pressure; high detection confidence; high mass/line-model reliability. This is not evidence for a unique seed channel.,,,,,,,,,"Harikane statistical errors are propagated; no numeric virial-calibration systematic is published, so no source-specific scenario is inferred",v5-blagn,high,90,high,90,secure_accreting_mbh,published_blagn_with_robust_detection_and_no_recorded_alternative_interpretation,type1_broad_line,broad_halpha,,unknown,True
82,85,measurement,J114821787_matthee23,J114821787_matthee23,HZA-J1148-21787,J1148-21787,4.277,matthee23_eiger_fresco_blagn,EIGER,J1148,lrd,7.59,low,15.624041417557994,high,90,F_context,v5-blagn,1,J114821787_matthee23,True,only catalogue measurement in this release,1.42016546762048,broad-line-agn,robust,individual_robust,Tables 1-3,The Astrophysical Journal 963:129 (2024); arXiv:2306.05448v3,https://doi.org/10.3847/1538-4357/ad2345,10.3847/1538-4357/ad2345,single-epoch-virial-halpha-reines2013,1.0,0.0,formal_mbh_errors_exclude_virial_systematic;nominal_mass_uncorrected_for_dust,Nominal source-table Halpha mass and luminosity are not dust corrected; formal MBH errors exclude the 0.5 dex estimator systematic.,baseline,reported MBH,none,all_sources,0.0,False,False,30.0,0.1,1.0,1.3201799374513556,0.18,0.18,unavailable_in_source:mstar,available,unavailable_in_source:edd_ratio,,44.82607480270082,,,not_evaluable,,0.4874884970106959,0.3130740079192126,0.2258667633734709,4.149918828272977,-3.8769372390900756,0.4613263236469734,3.8499188282729775,0.5136506703744185,4.449918828272978,,,,,lower_across_0p3_scenarios,not_applicable_non_taylor_source,False,unavailable_in_source:mstar;available;unavailable_in_source:edd_ratio,Observational-triage rank: low growth pressure; high detection confidence; high mass/line-model reliability. This is not evidence for a unique seed channel.,0.4438848747378251,3.6499188282729773,0.5310921192835667,4.649918828272977,,,,,Matthee statistical errors and +/-0.5 dex calibration scenarios are separate,v5-blagn,high,90,high,90,secure_accreting_mbh,published_blagn_with_robust_detection_and_no_recorded_alternative_interpretation,type1_broad_line,broad_halpha,lrd,unknown,True
83,86,measurement,GN73488_juodzbalis25,GN73488_juodzbalis25,HZA-GN-73488,GN-73488,4.133,juodzbalis25_jades_blagn,JADES,,not_reported_by_source,7.83,low,15.53025865330091,high,90,F_context,v5-blagn,1,GN73488_juodzbalis25,True,only catalogue measurement in this release,1.4800317329113224,broad-line-agn,robust,individual_robust,"Table 2 (BH/Lbol/lambda_Edd), Table 5 (Mstar)",,,,single-epoch-virial-halpha,,,,Robust sample; Mstar uses BEAGLE value.,baseline,reported MBH,none,all_sources,0.0,False,False,30.0,0.1,1.0,1.380046202742198,0.3,0.3,available,available,available,9.71,45.22,0.2,-1.8800000000000008,consistent,0.011400540781544,0.4863631038396109,0.3195146977196758,0.2360904946597082,4.233921296265163,-4.156929012449458,0.4613358429216207,3.9339212962651633,0.5113903647576012,4.533921296265164,,,,,lower_across_0p3_scenarios,not_applicable_non_taylor_source,False,available;available;available,Observational-triage rank: low growth pressure; high detection confidence; high mass/line-model reliability. This is not evidence for a unique seed channel.,,,,,,,,,not_applicable_or_recorded_in_source_specific_columns,v5-blagn,high,90,high,90,secure_accreting_mbh,published_blagn_with_robust_detection_and_no_recorded_alternative_interpretation,type1_broad_line,broad_balmer_line,,unknown,True
84,87,measurement,GN62309_juodzbalis25,GN62309_juodzbalis25,HZA-GN-62309,GN-62309,5.172,juodzbalis25_jades_blagn,JADES,,not_reported_by_source,6.29,low,15.202365715824826,high,90,F_context,v5-blagn,1,GN62309_juodzbalis25,True,only catalogue measurement in this release,1.123773752688261,broad-line-agn,robust,individual_robust,"Table 2 (BH/Lbol/lambda_Edd), Table 5 (Mstar)",,,,single-epoch-virial-halpha,,,,Robust sample; Mstar uses BEAGLE value.,baseline,reported MBH,none,all_sources,0.0,False,False,30.0,0.1,1.0,1.0237882225191366,0.36,0.33,available,available,available,7.78,43.56,0.15,-1.4900000000000002,consistent,0.0064618041732414,0.4824283885898979,0.2575200489209478,0.1450658790864728,3.6222465459344035,-2.602511513551989,0.44869213763955546,3.3222465459344037,0.5161646395402403,3.9222465459344034,,,,,lower_across_0p3_scenarios,not_applicable_non_taylor_source,False,available;available;available,Observational-triage rank: low growth pressure; high detection confidence; high mass/line-model reliability. This is not evidence for a unique seed channel.,,,,,,,,,not_applicable_or_recorded_in_source_specific_columns,v5-blagn,high,90,high,90,secure_accreting_mbh,published_blagn_with_robust_detection_and_no_recorded_alternative_interpretation,type1_broad_line,broad_balmer_line,,unknown,True
85,88,measurement,J0218P0007BHAE1_lin24,J0218P0007BHAE1_lin24,HZA-J0218P0007-BHAE-1,J0218P0007-BHAE-1,4.2291,lin24_aspire_blagn,ASPIRE,J0218P0007,lrd,7.55,low,14.747430644063286,high,90,F_context,v5-blagn,1,J0218P0007BHAE1_lin24,True,only catalogue measurement in this release,1.4396263424851368,broad-line-agn,robust,individual_robust,Tables 1-3,The Astrophysical Journal 974:147 (2024); arXiv:2407.17570v1,https://doi.org/10.3847/1538-4357/ad6565,10.3847/1538-4357/ad6565,single-epoch-virial-halpha-reines2013,1.0,0.0,narrow_halpha_unresolved;formal_mbh_errors_exclude_virial_systematic;nominal_mass_and_lbol_uncorrected_for_dust,Nominal source-table Halpha mass and luminosity are not dust corrected; formal MBH errors exclude the 0.5 dex estimator systematic.,baseline,reported MBH,none,all_sources,0.0,False,False,30.0,0.1,1.0,1.3396408123160124,0.08,0.08,unavailable_in_source:mstar,available,unavailable_in_source:edd_ratio,,44.98,,,not_evaluable,,0.4769691677287594,0.3050883865652425,0.21914799598348406,4.059208324872596,-4.085972250424679,0.45118705055423197,3.7592083248725965,0.502751284903287,4.359208324872596,,,,,lower_across_0p3_scenarios,not_applicable_non_taylor_source,False,unavailable_in_source:mstar;available;unavailable_in_source:edd_ratio,Observational-triage rank: low growth pressure; high detection confidence; high mass/line-model reliability. This is not evidence for a unique seed channel.,,,,,0.43399897243788027,3.5592083248725963,0.5199393630196388,4.559208324872597,ASPIRE statistical errors and +/-0.5 dex calibration scenarios are separate,v5-blagn,high,90,high,90,secure_accreting_mbh,published_blagn_with_robust_detection_and_no_recorded_alternative_interpretation,type1_broad_line,broad_halpha,lrd,unknown,True
86,89,measurement,J0229M0808BHAE1_lin24,J0229M0808BHAE1_lin24,HZA-J0229M0808-BHAE-1,J0229M0808-BHAE-1,4.3653,lin24_aspire_blagn,ASPIRE,J0229M0808,lrd,7.31,low,14.632415167355145,high,90,F_context,v5-blagn,1,J0229M0808BHAE1_lin24,True,only catalogue measurement in this release,1.385415523960064,broad-line-agn,robust,individual_robust,Tables 1-3,The Astrophysical Journal 974:147 (2024); arXiv:2407.17570v1,https://doi.org/10.3847/1538-4357/ad6565,10.3847/1538-4357/ad6565,single-epoch-virial-halpha-reines2013,1.0,0.0,formal_mbh_errors_exclude_virial_systematic;nominal_mass_and_lbol_uncorrected_for_dust,Nominal source-table Halpha mass and luminosity are not dust corrected; formal MBH errors exclude the 0.5 dex estimator systematic.,baseline,reported MBH,none,all_sources,0.0,False,False,30.0,0.1,1.0,1.2854299937909397,0.12,0.12,unavailable_in_source:mstar,available,unavailable_in_source:edd_ratio,,44.81,,,not_evaluable,,0.4755889820082617,0.29645942192982033,0.2068946418905997,3.9604690809419822,-3.855103063526726,0.4487195479964955,3.6604690809419824,0.5024584160200279,4.2604690809419825,,,,,lower_across_0p3_scenarios,not_applicable_non_taylor_source,False,unavailable_in_source:mstar;available;unavailable_in_source:edd_ratio,Observational-triage rank: low growth pressure; high detection confidence; high mass/line-model reliability. This is not evidence for a unique seed channel.,,,,,0.43080659198865134,3.4604690809419822,0.520371372027872,4.460469080941982,ASPIRE statistical errors and +/-0.5 dex calibration scenarios are separate,v5-blagn,high,90,high,90,secure_accreting_mbh,published_blagn_with_robust_detection_and_no_recorded_alternative_interpretation,type1_broad_line,broad_halpha,lrd,unknown,True
87,17,measurement,J0430M1445BHAE1_lin24,J0430M1445BHAE1_lin24,HZA-J0430M1445-BHAE-1,J0430M1445-BHAE-1,4.0947,lin24_aspire_blagn,ASPIRE,J0430M1445,lrd,7.72,low,14.292034525018362,robust_with_measurement_caveat,75,C_interpretation_or_measurement_check,v5-blagn,1,J0430M1445BHAE1_lin24,True,only catalogue measurement in this release,1.4966624575180725,broad-line-agn,robust,individual_robust,Tables 1-3,The Astrophysical Journal 974:147 (2024); arXiv:2407.17570v1,https://doi.org/10.3847/1538-4357/ad6565,10.3847/1538-4357/ad6565,single-epoch-virial-halpha-reines2013,1.0,0.0,two_broad_components_total_profile_used_for_mass;formal_mbh_errors_exclude_virial_systematic;nominal_mass_and_lbol_uncorrected_for_dust,Nominal source-table Halpha mass and luminosity are not dust corrected; formal MBH errors exclude the 0.5 dex estimator systematic.,baseline,reported MBH,none,all_sources,0.0,False,False,30.0,0.1,1.0,1.3966769273489479,0.04,0.04,unavailable_in_source:mstar,available,unavailable_in_source:edd_ratio,,45.57,,,not_evaluable,,0.47150441430022033,0.306642730978465,0.22421188931758732,4.080585504704578,-4.4113816509847394,0.4467751618019571,3.7805855047045784,0.49623366679848374,4.3805855047045785,,,,,lower_across_0p3_scenarios,not_applicable_non_taylor_source,False,unavailable_in_source:mstar;available;unavailable_in_source:edd_ratio,Observational-triage rank: low growth pressure; high detection confidence; robust_with_measurement_caveat mass/line-model reliability. This is not evidence for a unique seed channel.,,,,,0.4302889934697815,3.5805855047045783,0.5127198351306592,4.580585504704578,ASPIRE statistical errors and +/-0.5 dex calibration scenarios are separate,v5-blagn,high,90,robust_with_measurement_caveat,75,secure_accreting_mbh,published_blagn_with_robust_detection_and_no_recorded_alternative_interpretation,type1_broad_line,broad_halpha,lrd,unknown,True
88,90,measurement,J014812884_matthee23,J014812884_matthee23,HZA-J0148-12884,J0148-12884,4.602,matthee23_eiger_fresco_blagn,EIGER,J0148,lrd,6.91,low,14.291097070056349,high,90,F_context,v5-blagn,1,J014812884_matthee23,True,only catalogue measurement in this release,1.2989098889581974,broad-line-agn,robust,individual_robust,Tables 1-3,The Astrophysical Journal 963:129 (2024); arXiv:2306.05448v3,https://doi.org/10.3847/1538-4357/ad2345,10.3847/1538-4357/ad2345,single-epoch-virial-halpha-reines2013,1.0,0.0,complex_morphology_five_exponential_components;formal_mbh_errors_exclude_virial_systematic;nominal_mass_uncorrected_for_dust,Nominal source-table Halpha mass and luminosity are not dust corrected; formal MBH errors exclude the 0.5 dex estimator systematic.,baseline,reported MBH,none,all_sources,0.0,False,False,30.0,0.1,1.0,1.198924358789073,0.15,0.15,unavailable_in_source:mstar,available,unavailable_in_source:edd_ratio,,44.69897000433602,,,not_evaluable,,0.47149316484067616,0.2794389225430484,0.18341180139423452,3.7858826005510675,-3.5037246648297753,0.44268502849603203,3.4858826005510677,0.5003013011853203,4.085882600551067,,,,,lower_across_0p3_scenarios,not_applicable_non_taylor_source,False,unavailable_in_source:mstar;available;unavailable_in_source:edd_ratio,Observational-triage rank: low growth pressure; high detection confidence; high mass/line-model reliability. This is not evidence for a unique seed channel.,0.4234796042662692,3.2858826005510675,0.5195067254150831,4.2858826005510675,,,,,Matthee statistical errors and +/-0.5 dex calibration scenarios are separate,v5-blagn,high,90,high,90,secure_accreting_mbh,published_blagn_with_robust_detection_and_no_recorded_alternative_interpretation,type1_broad_line,broad_halpha,lrd,unknown,True
89,91,measurement,RUBIESEGS6411_taylor24,RUBIESEGS6411_taylor24,HZA-RUBIES-EGS-6411,RUBIES-EGS-6411,4.88,taylor24_ceers_rubies_blagn,RUBIES,EGS,non_lrd,6.49,low,13.870241568163827,high,90,F_context,v5-blagn,1,RUBIESEGS6411_taylor24,True,only catalogue measurement in this release,1.2082248338162374,broad-line-agn,robust,individual_robust,Table 1 (Sample of BLAGN),The Astrophysical Journal 986:165 (2025); arXiv:2409.06772v2,https://iopscience.iop.org/article/10.3847/1538-4357/add15b,10.3847/1538-4357/add15b,single-epoch-virial-halpha-reines2013,0.0,0.0,formal_mbh_errors_exclude_virial_systematic;nominal_mass_uncorrected_for_dust,Nominal Table 1 mass and Halpha flux are uncorrected for dust; formal MBH errors exclude the approximately 0.5 dex virial-calibration systematic.,baseline,reported MBH,none,all_sources,0.0,False,False,30.0,0.1,1.0,1.108239303647113,0.16,0.16,unavailable_not_published_in_taylor_table1:mstar,unavailable_not_published_in_taylor_table1:lbol,unavailable_not_published_in_taylor_table1:edd_ratio,,,,,not_evaluable,,0.4664428988179659,0.2586732334202083,0.15478840072132946,3.60218671478654,-3.1360442840448695,0.4352774490083023,3.30218671478654,0.49760834862762954,3.9021867147865397,0.41450048246852655,3.10218671478654,0.5183853151674054,4.10218671478654,lower_across_0p3_scenarios,lower_across_taylor_0p5_scenarios,False,unavailable_not_published_in_taylor_table1:mstar;unavailable_not_published_in_taylor_table1:lbol;unavailable_not_published_in_taylor_table1:edd_ratio,Observational-triage rank: low growth pressure; high detection confidence; high mass/line-model reliability. This is not evidence for a unique seed channel.,,,,,,,,,not_applicable_or_recorded_in_source_specific_columns,v5-blagn,high,90,high,90,secure_accreting_mbh,published_blagn_with_robust_detection_and_no_recorded_alternative_interpretation,type1_broad_line,broad_halpha,,unknown,True
90,18,measurement,RUBIESEGS28812_taylor24,RUBIESEGS28812_taylor24,HZA-RUBIES-EGS-28812,RUBIES-EGS-28812,4.222,taylor24_ceers_rubies_blagn,RUBIES,EGS,non_lrd,7.35,low,13.231692796886414,robust_with_measurement_caveat,75,C_interpretation_or_measurement_check,v5-blagn,1,RUBIESEGS28812_taylor24,True,only catalogue measurement in this release,1.442548613560481,broad-line-agn,robust,individual_robust,Table 1 (Sample of BLAGN),The Astrophysical Journal 986:165 (2025); arXiv:2409.06772v2,https://iopscience.iop.org/article/10.3847/1538-4357/add15b,10.3847/1538-4357/add15b,single-epoch-virial-halpha-reines2013,0.0,1.0,formal_mbh_errors_exclude_virial_systematic;nominal_mass_uncorrected_for_dust;halpha_absorption_component_fit,Nominal Table 1 mass and Halpha flux are uncorrected for dust; formal MBH errors exclude the approximately 0.5 dex virial-calibration systematic. Halpha line fit includes the source-specific narrow absorption component described in Section 3.2.,baseline,reported MBH,none,all_sources,0.0,False,False,30.0,0.1,1.0,1.3425630833913567,0.04,0.04,unavailable_not_published_in_taylor_table1:mstar,unavailable_not_published_in_taylor_table1:lbol,unavailable_not_published_in_taylor_table1:edd_ratio,,,,,not_evaluable,,0.45878031356263693,0.28727365428688484,0.20152032464900876,3.8515935676567112,-4.311354774477628,0.43305431467127414,3.5515935676567114,0.4845063124539997,4.151593567656711,0.41590364874369895,3.3515935676567112,0.5016569783815751,4.351593567656711,lower_across_0p3_scenarios,lower_across_taylor_0p5_scenarios,False,unavailable_not_published_in_taylor_table1:mstar;unavailable_not_published_in_taylor_table1:lbol;unavailable_not_published_in_taylor_table1:edd_ratio,Observational-triage rank: low growth pressure; high detection confidence; robust_with_measurement_caveat mass/line-model reliability. This is not evidence for a unique seed channel.,,,,,,,,,not_applicable_or_recorded_in_source_specific_columns,v5-blagn,high,90,robust_with_measurement_caveat,75,secure_accreting_mbh,published_blagn_with_robust_detection_and_no_recorded_alternative_interpretation,type1_broad_line,broad_halpha,,unknown,True
91,92,measurement,RUBIESUDS19484_taylor24,RUBIESUDS19484_taylor24,HZA-RUBIES-UDS-19484,RUBIES-UDS-19484,4.656,taylor24_ceers_rubies_blagn,RUBIES,UDS,lrd,6.62,low,12.549316803542556,high,90,F_context,v5-blagn,1,RUBIESUDS19484_taylor24,True,only catalogue measurement in this release,1.2804267955067032,broad-line-agn,robust,individual_robust,Table 1 (Sample of BLAGN),The Astrophysical Journal 986:165 (2025); arXiv:2409.06772v2,https://iopscience.iop.org/article/10.3847/1538-4357/add15b,10.3847/1538-4357/add15b,single-epoch-virial-halpha-reines2013,1.0,0.0,formal_mbh_errors_exclude_virial_systematic;nominal_mass_uncorrected_for_dust,Nominal Table 1 mass and Halpha flux are uncorrected for dust; formal MBH errors exclude the approximately 0.5 dex virial-calibration systematic.,baseline,reported MBH,none,all_sources,0.0,False,False,30.0,0.1,1.0,1.1804412653375789,0.19,0.22,unavailable_not_published_in_taylor_table1:mstar,unavailable_not_published_in_taylor_table1:lbol,unavailable_not_published_in_taylor_table1:edd_ratio,,,,,not_evaluable,,0.45059180164251067,0.25553041565008183,0.15799972265386739,3.544045233517984,-3.6331825549400554,0.42133259374364646,3.2440452335179844,0.47985100954137505,3.844045233517984,0.4018264551444035,3.044045233517984,0.49935714814061793,4.044045233517984,lower_across_0p3_scenarios,lower_across_taylor_0p5_scenarios,False,unavailable_not_published_in_taylor_table1:mstar;unavailable_not_published_in_taylor_table1:lbol;unavailable_not_published_in_taylor_table1:edd_ratio,Observational-triage rank: low growth pressure; high detection confidence; high mass/line-model reliability. This is not evidence for a unique seed channel.,,,,,,,,,not_applicable_or_recorded_in_source_specific_columns,v5-blagn,high,90,high,90,secure_accreting_mbh,published_blagn_with_robust_detection_and_no_recorded_alternative_interpretation,type1_broad_line,broad_halpha,lrd,unknown,True
92,93,measurement,J2232P2930BHAE2_lin24,J2232P2930BHAE2_lin24,HZA-J2232P2930-BHAE-2,J2232P2930-BHAE-2,4.4693,lin24_aspire_blagn,ASPIRE,J2232P2930,lrd,6.78,low,11.797438619014015,high,90,F_context,v5-blagn,1,J2232P2930BHAE2_lin24,True,only catalogue measurement in this release,1.3462630290899693,broad-line-agn,robust,individual_robust,Tables 1-3,The Astrophysical Journal 974:147 (2024); arXiv:2407.17570v1,https://doi.org/10.3847/1538-4357/ad6565,10.3847/1538-4357/ad6565,single-epoch-virial-halpha-reines2013,1.0,0.0,broad_fwhm_near_1000_km_s_selection_boundary;formal_mbh_errors_exclude_virial_systematic;nominal_mass_and_lbol_uncorrected_for_dust,Nominal source-table Halpha mass and luminosity are not dust corrected; formal MBH errors exclude the 0.5 dex estimator systematic.,baseline,reported MBH,none,all_sources,0.0,False,False,30.0,0.1,1.0,1.246277498920845,0.13,0.13,unavailable_in_source:mstar,available,unavailable_in_source:edd_ratio,,44.63,,,not_evaluable,,0.44156926342816816,0.25681224944148684,0.1644337424481463,3.5324913557909476,-4.045028814030176,0.4138557113301659,3.232491355790948,0.4692828155261703,3.8324913557909475,,,,,lower_across_0p3_scenarios,not_applicable_non_taylor_source,False,unavailable_in_source:mstar;available;unavailable_in_source:edd_ratio,Observational-triage rank: low growth pressure; high detection confidence; high mass/line-model reliability. This is not evidence for a unique seed channel.,,,,,0.3953800099314978,3.0324913557909476,0.4877585169248383,4.032491355790947,ASPIRE statistical errors and +/-0.5 dex calibration scenarios are separate,v5-blagn,high,90,high,90,secure_accreting_mbh,published_blagn_with_robust_detection_and_no_recorded_alternative_interpretation,type1_broad_line,broad_halpha,lrd,unknown,True
93,94,measurement,GLASS150029_harikane23,GLASS150029_harikane23,HZA-GLASS-150029,GLASS-150029,4.583,harikane23_nirspec_blagn,GLASS,Abell-2744,not_reported_by_source,6.56820172,low,11.355531602295867,high,90,F_context,v5-blagn,1,GLASS150029_harikane23,True,only catalogue measurement in this release,1.305518856033707,broad-line-agn,robust,individual_robust,Tables 1-3,The Astrophysical Journal 959:39 (2023); arXiv:2303.11946v3,https://doi.org/10.3847/1538-4357/ad029e,10.3847/1538-4357/ad029e,single-epoch-virial-halpha-greeneho2005,,,narrow_oiii_outflow_component;virial_calibration_at_z0;source_does_not_state_numeric_virial_systematic,Extinction-corrected broad-Halpha Greene & Ho (2005) mass; source gives no numeric virial-calibration systematic.,baseline,reported MBH,none,all_sources,0.0,False,False,30.0,0.1,1.0,1.2055333258645826,0.02286288,0.03672281,available,available,available,9.1,44.95904139,1.89,-2.5317982799999994,consistent,-0.0140073207091978,0.4362663792275504,0.24526501546660406,0.1497643335861309,3.4268628929592233,-3.902927703469257,0.4076161746634085,3.1268628929592235,0.46491658379169226,3.726862892959223,,,,,lower_across_0p3_scenarios,not_applicable_non_taylor_source,False,available;available;available,Observational-triage rank: low growth pressure; high detection confidence; high mass/line-model reliability. This is not evidence for a unique seed channel.,,,,,,,,,"Harikane statistical errors are propagated; no numeric virial-calibration systematic is published, so no source-specific scenario is inferred",v5-blagn,high,90,high,90,secure_accreting_mbh,published_blagn_with_robust_detection_and_no_recorded_alternative_interpretation,type1_broad_line,broad_halpha,,unknown,True
94,95,measurement,RUBIESUDS119957_taylor24,RUBIESUDS119957_taylor24,HZA-RUBIES-UDS-119957,RUBIES-UDS-119957,4.149,taylor24_ceers_rubies_blagn,RUBIES,UDS,lrd,7.19,low,11.261136260834359,high,90,F_context,v5-blagn,1,RUBIESUDS119957_taylor24,True,only catalogue measurement in this release,1.4731747837496332,broad-line-agn,robust,individual_robust,Table 1 (Sample of BLAGN),The Astrophysical Journal 986:165 (2025); arXiv:2409.06772v2,https://iopscience.iop.org/article/10.3847/1538-4357/add15b,10.3847/1538-4357/add15b,single-epoch-virial-halpha-reines2013,1.0,0.0,formal_mbh_errors_exclude_virial_systematic;nominal_mass_uncorrected_for_dust,Nominal Table 1 mass and Halpha flux are uncorrected for dust; formal MBH errors exclude the approximately 0.5 dex virial-calibration systematic.,baseline,reported MBH,none,all_sources,0.0,False,False,30.0,0.1,1.0,1.3731892535805088,0.06,0.05,unavailable_not_published_in_taylor_table1:mstar,unavailable_not_published_in_taylor_table1:lbol,unavailable_not_published_in_taylor_table1:edd_ratio,,,,,not_evaluable,,0.4351336351300123,0.2674520801666164,0.1836113026849185,3.61178890736684,-4.737370308777201,0.4099814018855029,3.3117889073668403,0.4602858683745216,3.91178890736684,0.3932132463891633,3.11178890736684,0.47705402387086127,4.11178890736684,lower_across_0p3_scenarios,lower_across_taylor_0p5_scenarios,False,unavailable_not_published_in_taylor_table1:mstar;unavailable_not_published_in_taylor_table1:lbol;unavailable_not_published_in_taylor_table1:edd_ratio,Observational-triage rank: low growth pressure; high detection confidence; high mass/line-model reliability. This is not evidence for a unique seed channel.,,,,,,,,,not_applicable_or_recorded_in_source_specific_columns,v5-blagn,high,90,high,90,secure_accreting_mbh,published_blagn_with_robust_detection_and_no_recorded_alternative_interpretation,type1_broad_line,broad_halpha,lrd,unknown,True
95,96,measurement,RUBIESUDS31747_taylor24,RUBIESUDS31747_taylor24,HZA-RUBIES-UDS-31747,RUBIES-UDS-31747,4.13,taylor24_ceers_rubies_blagn,RUBIES,UDS,lrd,7.17,low,10.908321132651999,high,90,F_context,v5-blagn,1,RUBIESUDS31747_taylor24,True,only catalogue measurement in this release,1.4813233087212372,broad-line-agn,robust,individual_robust,Table 1 (Sample of BLAGN),The Astrophysical Journal 986:165 (2025); arXiv:2409.06772v2,https://iopscience.iop.org/article/10.3847/1538-4357/add15b,10.3847/1538-4357/add15b,single-epoch-virial-halpha-reines2013,1.0,0.0,formal_mbh_errors_exclude_virial_systematic;nominal_mass_uncorrected_for_dust,Nominal Table 1 mass and Halpha flux are uncorrected for dust; formal MBH errors exclude the approximately 0.5 dex virial-calibration systematic.,baseline,reported MBH,none,all_sources,0.0,False,False,30.0,0.1,1.0,1.3813377785521128,0.05,0.05,unavailable_not_published_in_taylor_table1:mstar,unavailable_not_published_in_taylor_table1:lbol,unavailable_not_published_in_taylor_table1:edd_ratio,,,,,not_evaluable,,0.430899853591824,0.26420745374972576,0.18086125382867663,3.5705557507819283,-4.828147497393571,0.40589599361550927,3.2705557507819285,0.4559037135681388,3.870555750781928,0.3892267536312995,3.0705557507819283,0.47257295355234863,4.070555750781928,lower_across_0p3_scenarios,lower_across_taylor_0p5_scenarios,False,unavailable_not_published_in_taylor_table1:mstar;unavailable_not_published_in_taylor_table1:lbol;unavailable_not_published_in_taylor_table1:edd_ratio,Observational-triage rank: low growth pressure; high detection confidence; high mass/line-model reliability. This is not evidence for a unique seed channel.,,,,,,,,,not_applicable_or_recorded_in_source_specific_columns,v5-blagn,high,90,high,90,secure_accreting_mbh,published_blagn_with_robust_detection_and_no_recorded_alternative_interpretation,type1_broad_line,broad_halpha,lrd,unknown,True
96,97,measurement,J0148976_matthee23,J0148976_matthee23,HZA-J0148-976,J0148-976,4.163,matthee23_eiger_fresco_blagn,EIGER,J0148,lrd,7.11,low,10.85774332989975,high,90,F_context,v5-blagn,1,J0148976_matthee23,True,only catalogue measurement in this release,1.4672180919233662,broad-line-agn,robust,individual_robust,Tables 1-3,The Astrophysical Journal 963:129 (2024); arXiv:2306.05448v3,https://doi.org/10.3847/1538-4357/ad2345,10.3847/1538-4357/ad2345,single-epoch-virial-halpha-reines2013,1.0,0.0,formal_mbh_errors_exclude_virial_systematic;nominal_mass_uncorrected_for_dust,Nominal source-table Halpha mass and luminosity are not dust corrected; formal MBH errors exclude the 0.5 dex estimator systematic.,baseline,reported MBH,none,all_sources,0.0,False,False,30.0,0.1,1.0,1.3672325617542418,0.18,0.18,unavailable_in_source:mstar,available,unavailable_in_source:edd_ratio,,44.7160033436348,,,not_evaluable,,0.430292919958797,0.2618808182136709,0.17767476734110793,3.547310657710116,-4.76563114096628,0.405031104697028,3.2473106577101163,0.4555547352205658,3.847310657710116,,,,,lower_across_0p3_scenarios,not_applicable_non_taylor_source,False,unavailable_in_source:mstar;available;unavailable_in_source:edd_ratio,Observational-triage rank: low growth pressure; high detection confidence; high mass/line-model reliability. This is not evidence for a unique seed channel.,0.3881898945225154,3.047310657710116,0.47239594539507834,4.047310657710116,,,,,Matthee statistical errors and +/-0.5 dex calibration scenarios are separate,v5-blagn,high,90,high,90,secure_accreting_mbh,published_blagn_with_robust_detection_and_no_recorded_alternative_interpretation,type1_broad_line,broad_halpha,lrd,unknown,True
97,98,measurement,RUBIESUDS35974_taylor24,RUBIESUDS35974_taylor24,HZA-RUBIES-UDS-35974,RUBIES-UDS-35974,4.367,taylor24_ceers_rubies_blagn,RUBIES,UDS,non_lrd,6.8,low,10.84418055129983,high,90,F_context,v5-blagn,1,RUBIESUDS35974_taylor24,True,only catalogue measurement in this release,1.384760384875935,broad-line-agn,robust,individual_robust,Table 1 (Sample of BLAGN),The Astrophysical Journal 986:165 (2025); arXiv:2409.06772v2,https://iopscience.iop.org/article/10.3847/1538-4357/add15b,10.3847/1538-4357/add15b,single-epoch-virial-halpha-reines2013,0.0,0.0,formal_mbh_errors_exclude_virial_systematic;nominal_mass_uncorrected_for_dust,Nominal Table 1 mass and Halpha flux are uncorrected for dust; formal MBH errors exclude the approximately 0.5 dex virial-calibration systematic.,baseline,reported MBH,none,all_sources,0.0,False,False,30.0,0.1,1.0,1.2847748547068105,0.09,0.11,unavailable_not_published_in_taylor_table1:mstar,unavailable_not_published_in_taylor_table1:lbol,unavailable_not_published_in_taylor_table1:edd_ratio,,,,,not_evaluable,,0.43013016661559794,0.25090926385909873,0.16129881248084918,3.452176220676681,-4.359412597744396,0.4032470312021231,3.1521762206766812,0.4570133020290727,3.752176220676681,0.38532494092647307,2.952176220676681,0.4749353923047227,3.952176220676681,lower_across_0p3_scenarios,lower_across_taylor_0p5_scenarios,False,unavailable_not_published_in_taylor_table1:mstar;unavailable_not_published_in_taylor_table1:lbol;unavailable_not_published_in_taylor_table1:edd_ratio,Observational-triage rank: low growth pressure; high detection confidence; high mass/line-model reliability. This is not evidence for a unique seed channel.,,,,,,,,,not_applicable_or_recorded_in_source_specific_columns,v5-blagn,high,90,high,90,secure_accreting_mbh,published_blagn_with_robust_detection_and_no_recorded_alternative_interpretation,type1_broad_line,broad_halpha,,unknown,True
98,99,measurement,J0224M4711BHAE1_lin24,J0224M4711BHAE1_lin24,HZA-J0224M4711-BHAE-1,J0224M4711-BHAE-1,4.0639,lin24_aspire_blagn,ASPIRE,J0224M4711,lrd,7.23,low,10.57964718710251,high,90,F_context,v5-blagn,1,J0224M4711BHAE1_lin24,True,only catalogue measurement in this release,1.5102627753114246,broad-line-agn,robust,individual_robust,Tables 1-3,The Astrophysical Journal 974:147 (2024); arXiv:2407.17570v1,https://doi.org/10.3847/1538-4357/ad6565,10.3847/1538-4357/ad6565,single-epoch-virial-halpha-reines2013,1.0,0.0,formal_mbh_errors_exclude_virial_systematic;nominal_mass_and_lbol_uncorrected_for_dust,Nominal source-table Halpha mass and luminosity are not dust corrected; formal MBH errors exclude the 0.5 dex estimator systematic.,baseline,reported MBH,none,all_sources,0.0,False,False,30.0,0.1,1.0,1.4102772451423002,0.24,0.24,unavailable_in_source:mstar,available,unavailable_in_source:edd_ratio,,44.59,,,not_evaluable,,0.42695576624523013,0.26368396270976935,0.18204806094203888,3.555146246885878,-5.019512510380409,0.40246499571491107,3.2551462468858783,0.45144653677554925,3.855146246885878,,,,,lower_across_0p3_scenarios,not_applicable_non_taylor_source,False,unavailable_in_source:mstar;available;unavailable_in_source:edd_ratio,Observational-triage rank: low growth pressure; high detection confidence; high mass/line-model reliability. This is not evidence for a unique seed channel.,,,,,0.386137815361365,3.055146246885878,0.4677737171290953,4.055146246885878,ASPIRE statistical errors and +/-0.5 dex calibration scenarios are separate,v5-blagn,high,90,high,90,secure_accreting_mbh,published_blagn_with_robust_detection_and_no_recorded_alternative_interpretation,type1_broad_line,broad_halpha,lrd,unknown,True
99,100,measurement,RUBIESUDS155916_taylor24,RUBIESUDS155916_taylor24,HZA-RUBIES-UDS-155916,RUBIES-UDS-155916,4.098,taylor24_ceers_rubies_blagn,RUBIES,UDS,non_lrd,7.06,low,9.794339378398224,high,90,F_context,v5-blagn,1,RUBIESUDS155916_taylor24,True,only catalogue measurement in this release,1.49521733830908,broad-line-agn,robust,individual_robust,Table 1 (Sample of BLAGN),The Astrophysical Journal 986:165 (2025); arXiv:2409.06772v2,https://iopscience.iop.org/article/10.3847/1538-4357/add15b,10.3847/1538-4357/add15b,single-epoch-virial-halpha-reines2013,0.0,0.0,formal_mbh_errors_exclude_virial_systematic;nominal_mass_uncorrected_for_dust,Nominal Table 1 mass and Halpha flux are uncorrected for dust; formal MBH errors exclude the approximately 0.5 dex virial-calibration systematic.,baseline,reported MBH,none,all_sources,0.0,False,False,30.0,0.1,1.0,1.3952318081399555,0.11,0.13,unavailable_not_published_in_taylor_table1:mstar,unavailable_not_published_in_taylor_table1:lbol,unavailable_not_published_in_taylor_table1:edd_ratio,,,,,not_evaluable,,0.4175320725407787,0.25249963280134047,0.16998341293162136,3.4243511484935247,-5.058829505021584,0.3927772065798629,3.124351148493525,0.4422869385016944,3.7243511484935246,0.3762739626059191,2.9243511484935247,0.4587901824756382,3.9243511484935247,lower_across_0p3_scenarios,lower_across_taylor_0p5_scenarios,False,unavailable_not_published_in_taylor_table1:mstar;unavailable_not_published_in_taylor_table1:lbol;unavailable_not_published_in_taylor_table1:edd_ratio,Observational-triage rank: low growth pressure; high detection confidence; high mass/line-model reliability. This is not evidence for a unique seed channel.,,,,,,,,,not_applicable_or_recorded_in_source_specific_columns,v5-blagn,high,90,high,90,secure_accreting_mbh,published_blagn_with_robust_detection_and_no_recorded_alternative_interpretation,type1_broad_line,broad_halpha,,unknown,True
100,101,measurement,RUBIESUDS63139_taylor24,RUBIESUDS63139_taylor24,HZA-RUBIES-UDS-63139,RUBIES-UDS-63139,4.435,taylor24_ceers_rubies_blagn,RUBIES,UDS,non_lrd,6.55,low,9.673306722622575,high,90,F_context,v5-blagn,1,RUBIESUDS63139_taylor24,True,only catalogue measurement in this release,1.358970606803421,broad-line-agn,robust,individual_robust,Table 1 (Sample of BLAGN),The Astrophysical Journal 986:165 (2025); arXiv:2409.06772v2,https://iopscience.iop.org/article/10.3847/1538-4357/add15b,10.3847/1538-4357/add15b,single-epoch-virial-halpha-reines2013,0.0,0.0,formal_mbh_errors_exclude_virial_systematic;nominal_mass_uncorrected_for_dust,Nominal Table 1 mass and Halpha flux are uncorrected for dust; formal MBH errors exclude the approximately 0.5 dex virial-calibration systematic.,baseline,reported MBH,none,all_sources,0.0,False,False,30.0,0.1,1.0,1.2589850766342967,0.09,0.09,unavailable_not_published_in_taylor_table1:mstar,unavailable_not_published_in_taylor_table1:lbol,unavailable_not_published_in_taylor_table1:edd_ratio,,,,,not_evaluable,,0.4160796806714709,0.23318751334335178,0.14174142967929226,3.269378370515094,-4.385405431616353,0.388645855572253,2.969378370515094,0.44351350577068877,3.5693783705150937,0.3703566388394411,2.769378370515094,0.46180272250350063,3.769378370515094,lower_across_0p3_scenarios,lower_across_taylor_0p5_scenarios,False,unavailable_not_published_in_taylor_table1:mstar;unavailable_not_published_in_taylor_table1:lbol;unavailable_not_published_in_taylor_table1:edd_ratio,Observational-triage rank: low growth pressure; high detection confidence; high mass/line-model reliability. This is not evidence for a unique seed channel.,,,,,,,,,not_applicable_or_recorded_in_source_specific_columns,v5-blagn,high,90,high,90,secure_accreting_mbh,published_blagn_with_robust_detection_and_no_recorded_alternative_interpretation,type1_broad_line,broad_halpha,,unknown,True
101,102,measurement,RUBIESUDS143683_taylor24,RUBIESUDS143683_taylor24,HZA-RUBIES-UDS-143683,RUBIES-UDS-143683,4.226,taylor24_ceers_rubies_blagn,RUBIES,UDS,non_lrd,6.81,low,9.415026217409565,high,90,F_context,v5-blagn,1,RUBIESUDS143683_taylor24,True,only catalogue measurement in this release,1.4409010539259417,broad-line-agn,robust,individual_robust,Table 1 (Sample of BLAGN),The Astrophysical Journal 986:165 (2025); arXiv:2409.06772v2,https://iopscience.iop.org/article/10.3847/1538-4357/add15b,10.3847/1538-4357/add15b,single-epoch-virial-halpha-reines2013,0.0,0.0,formal_mbh_errors_exclude_virial_systematic;nominal_mass_uncorrected_for_dust,Nominal Table 1 mass and Halpha flux are uncorrected for dust; formal MBH errors exclude the approximately 0.5 dex virial-calibration systematic.,baseline,reported MBH,none,all_sources,0.0,False,False,30.0,0.1,1.0,1.340915523756817,0.16,0.19,unavailable_not_published_in_taylor_table1:mstar,unavailable_not_published_in_taylor_table1:lbol,unavailable_not_published_in_taylor_table1:edd_ratio,,,,,not_evaluable,,0.41298031460891477,0.24126292807714142,0.1554042348112548,3.3158867240040335,-4.837044253319889,0.38722270662914876,3.0158867240040337,0.43873792258868066,3.6158867240040333,0.37005096797597137,2.8158867240040335,0.45590966124185806,3.8158867240040335,lower_across_0p3_scenarios,lower_across_taylor_0p5_scenarios,False,unavailable_not_published_in_taylor_table1:mstar;unavailable_not_published_in_taylor_table1:lbol;unavailable_not_published_in_taylor_table1:edd_ratio,Observational-triage rank: low growth pressure; high detection confidence; high mass/line-model reliability. This is not evidence for a unique seed channel.,,,,,,,,,not_applicable_or_recorded_in_source_specific_columns,v5-blagn,high,90,high,90,secure_accreting_mbh,published_blagn_with_robust_detection_and_no_recorded_alternative_interpretation,type1_broad_line,broad_halpha,,unknown,True
102,103,measurement,RUBIESUDS48507_taylor24,RUBIESUDS48507_taylor24,HZA-RUBIES-UDS-48507,RUBIES-UDS-48507,4.468,taylor24_ceers_rubies_blagn,RUBIES,UDS,non_lrd,6.43,low,9.089989853787502,high,90,F_context,v5-blagn,1,RUBIESUDS48507_taylor24,True,only catalogue measurement in this release,1.346741054507491,broad-line-agn,robust,individual_robust,Table 1 (Sample of BLAGN),The Astrophysical Journal 986:165 (2025); arXiv:2409.06772v2,https://iopscience.iop.org/article/10.3847/1538-4357/add15b,10.3847/1538-4357/add15b,single-epoch-virial-halpha-reines2013,0.0,0.0,formal_mbh_errors_exclude_virial_systematic;nominal_mass_uncorrected_for_dust,Nominal Table 1 mass and Halpha flux are uncorrected for dust; formal MBH errors exclude the approximately 0.5 dex virial-calibration systematic.,baseline,reported MBH,none,all_sources,0.0,False,False,30.0,0.1,1.0,1.2467555243383666,0.04,0.04,unavailable_not_published_in_taylor_table1:mstar,unavailable_not_published_in_taylor_table1:lbol,unavailable_not_published_in_taylor_table1:edd_ratio,,,,,not_evaluable,,0.40907987824545,0.2243937029653371,0.13205061532528067,3.181245732984712,-4.399180890050959,0.3813769519534331,2.8812457329847123,0.4367828045374668,3.481245732984712,0.36290833442542175,2.681245732984712,0.4552514220654782,3.681245732984712,lower_across_0p3_scenarios,lower_across_taylor_0p5_scenarios,False,unavailable_not_published_in_taylor_table1:mstar;unavailable_not_published_in_taylor_table1:lbol;unavailable_not_published_in_taylor_table1:edd_ratio,Observational-triage rank: low growth pressure; high detection confidence; high mass/line-model reliability. This is not evidence for a unique seed channel.,,,,,,,,,not_applicable_or_recorded_in_source_specific_columns,v5-blagn,high,90,high,90,secure_accreting_mbh,published_blagn_with_robust_detection_and_no_recorded_alternative_interpretation,type1_broad_line,broad_halpha,,unknown,True
103,104,measurement,GS200679_juodzbalis25,GS200679_juodzbalis25,HZA-GS-200679,GS-200679,4.547,juodzbalis25_jades_blagn,JADES,,not_reported_by_source,6.19,low,7.998664978596665,medium_tentative,60,F_context,v5-blagn,1,GS200679_juodzbalis25,True,only catalogue measurement in this release,1.318195361019195,broad-line-agn,tentative,individual_tentative,"Table 2 (BH/Lbol/lambda_Edd), Table 5 (Mstar)",,,,single-epoch-virial-halpha,,,,Tentative sample; source-adopted CIGALE Mstar used because the host is significantly extended.,baseline,reported MBH,none,all_sources,0.0,False,False,30.0,0.1,1.0,1.2182098308500706,0.6,0.3,available,available,available,8.53,43.63,0.23,-2.339999999999999,consistent,0.0220983811351514,0.39598397974315996,0.2069701469301958,0.11246323052371372,3.015629155969124,-4.391236146769587,0.3676319048212153,2.715629155969124,0.42433605466510455,3.3156291559691238,,,,,lower_across_0p3_scenarios,not_applicable_non_taylor_source,False,available;available;available,Observational-triage rank: low growth pressure; medium_tentative detection confidence; medium_tentative mass/line-model reliability. This is not evidence for a unique seed channel.,,,,,,,,,not_applicable_or_recorded_in_source_specific_columns,v5-blagn,medium_tentative,60,medium_tentative,60,probable_accreting_mbh,published_blagn_with_tentative_broad_line_detection,type1_broad_line,broad_balmer_line,,unknown,True
104,105,measurement,RUBIESUDS30969_taylor24,RUBIESUDS30969_taylor24,HZA-RUBIES-UDS-30969,RUBIES-UDS-30969,4.0,taylor24_ceers_rubies_blagn,RUBIES,UDS,non_lrd,6.74,low,6.599103334169058,high,90,F_context,v5-blagn,1,RUBIESUDS30969_taylor24,True,only catalogue measurement in this release,1.539142050077643,broad-line-agn,robust,individual_robust,Table 1 (Sample of BLAGN),The Astrophysical Journal 986:165 (2025); arXiv:2409.06772v2,https://iopscience.iop.org/article/10.3847/1538-4357/add15b,10.3847/1538-4357/add15b,single-epoch-virial-halpha-reines2013,0.0,0.0,formal_mbh_errors_exclude_virial_systematic;nominal_mass_uncorrected_for_dust,Nominal Table 1 mass and Halpha flux are uncorrected for dust; formal MBH errors exclude the approximately 0.5 dex virial-calibration systematic.,baseline,reported MBH,none,all_sources,0.0,False,False,30.0,0.1,1.0,1.4391565199085186,0.07,0.08,unavailable_not_published_in_taylor_table1:mstar,unavailable_not_published_in_taylor_table1:lbol,unavailable_not_published_in_taylor_table1:edd_ratio,,,,,not_evaluable,,0.3791892400100287,0.21919378009018536,0.13919605013026373,2.9898935888518587,-5.760354703827138,0.3551899210220522,2.689893588851859,0.4031885589980052,3.2898935888518586,0.3391903750300679,2.4898935888518587,0.41918810498998954,3.4898935888518587,lower_across_0p3_scenarios,lower_across_taylor_0p5_scenarios,False,unavailable_not_published_in_taylor_table1:mstar;unavailable_not_published_in_taylor_table1:lbol;unavailable_not_published_in_taylor_table1:edd_ratio,Observational-triage rank: low growth pressure; high detection confidence; high mass/line-model reliability. This is not evidence for a unique seed channel.,,,,,,,,,not_applicable_or_recorded_in_source_specific_columns,v5-blagn,high,90,high,90,secure_accreting_mbh,published_blagn_with_robust_detection_and_no_recorded_alternative_interpretation,type1_broad_line,broad_halpha,,unknown,True
105,19,measurement,GN11836_juodzbalis25,GN11836_juodzbalis25,HZA-GN-11836,GN-11836,4.409,juodzbalis25_jades_blagn,JADES,,not_reported_by_source,6.06,low,5.701111137430049,source_values_internally_inconsistent,55,D_source_consistency,v5-blagn,1,GN11836_juodzbalis25,True,only catalogue measurement in this release,1.3687364986748385,broad-line-agn,robust,individual_robust,"Table 2 (BH/Lbol/lambda_Edd), Table 5 (Mstar)",,,,single-epoch-virial-halpha,,,,Robust sample; Mstar uses BEAGLE value; published Table 2 MBH/Lbol/lambda_Edd triplet is internally inconsistent and is preserved verbatim pending source clarification.,baseline,reported MBH,none,all_sources,0.0,False,False,30.0,0.1,1.0,1.2687509685057141,0.32,0.32,available,available,available,8.17,44.11,0.11,-2.1100000000000003,inconsistent,-0.9082367697242087,0.36841333364916057,0.18692893283676623,0.096186732430569,2.7539307328113716,-4.96023089062876,0.3411906735273014,2.4539307328113718,0.3956359937710197,3.0539307328113714,,,,,lower_across_0p3_scenarios,not_applicable_non_taylor_source,False,available;available;available,Observational-triage rank: low growth pressure; high detection confidence; source_values_internally_inconsistent mass/line-model reliability. This is not evidence for a unique seed channel.,,,,,,,,,not_applicable_or_recorded_in_source_specific_columns,v5-blagn,high,90,source_values_internally_inconsistent,55,secure_accreting_mbh,published_blagn_with_robust_detection_and_no_recorded_alternative_interpretation,type1_broad_line,broad_balmer_line,,unknown,True
106,106,measurement,GLASS160133_harikane23,GLASS160133_harikane23,HZA-GLASS-160133,GLASS-160133,4.015,harikane23_nirspec_blagn,GLASS,Abell-2744,not_reported_by_source,6.36172784,low,4.2166474023073715,high,90,F_context,v5-blagn,1,GLASS160133_harikane23,True,only catalogue measurement in this release,1.5322810416098551,broad-line-agn,robust,individual_robust,Tables 1-3,The Astrophysical Journal 959:39 (2023); arXiv:2303.11946v3,https://doi.org/10.3847/1538-4357/ad029e,10.3847/1538-4357/ad029e,single-epoch-virial-halpha-greeneho2005,,,host_mass_upper_limit;narrow_oiii_outflow_component;virial_calibration_at_z0;source_does_not_state_numeric_virial_systematic,Extinction-corrected broad-Halpha Greene & Ho (2005) mass; source gives no numeric virial-calibration systematic.,baseline,reported MBH,none,all_sources,0.0,False,False,30.0,0.1,1.0,1.4322955114407308,0.01848341,0.01930516,unavailable_in_source:mstar,available,available,,45.04139269,3.68,,consistent,-0.0134464862089206,0.35059976882768845,0.18983789569454568,0.1094569591279743,2.6294996175589698,-6.079032901470104,0.3264854878577171,2.32949961755897,0.37471404979765993,2.9294996175589696,,,,,lower_across_0p3_scenarios,not_applicable_non_taylor_source,False,unavailable_in_source:mstar;available;available,Observational-triage rank: low growth pressure; high detection confidence; high mass/line-model reliability. This is not evidence for a unique seed channel.,,,,,,,,,"Harikane statistical errors are propagated; no numeric virial-calibration systematic is published, so no source-specific scenario is inferred",v5-blagn,high,90,high,90,secure_accreting_mbh,published_blagn_with_robust_detection_and_no_recorded_alternative_interpretation,type1_broad_line,broad_halpha,,unknown,True
