measurement_id,object_id,redshift,redshift_kind,survey,object_class,quality_flag,detection_evidence,source_key,source_table,missing_mstar_flag,missing_lbol_flag,missing_edd_ratio_flag,missing_lensing_flag,edd_ratio_from_mbh_lbol,edd_ratio_log_residual_dex,edd_ratio_consistency_flag,z_seed,delta_t_gyr,interpretation_variant,mbh_delta_dex,mstar_agn_fraction,log_mbh_eval,log_mstar_eval,log_mbh_mstar_ratio_eval,growth_config,f_edd_avg,epsilon,merger_boost,required_log_mseed,required_mseed_msun,required_mseed_label
GS30148179_juodzbalis25,GS-30148179,5.922,spec,JADES,broad-line-agn,robust,individual_robust,juodzbalis25_jades_blagn,"Table 2 (BH/Lbol/lambda_Edd), Table 5 (Mstar)",False,False,False,True,0.1070605462374333,0.0117632302757858,consistent,30.0,0.846609309741873,baseline,0.0,0.0,7.12,8.95,-1.8299999999999992,fedd0p3_eps0p1_no_merger_boost,0.3,0.1,1.0,4.913933490707102,82022.59226012402,heavy_seed_scale
GS30148179_juodzbalis25,GS-30148179,5.922,spec,JADES,broad-line-agn,robust,individual_robust,juodzbalis25_jades_blagn,"Table 2 (BH/Lbol/lambda_Edd), Table 5 (Mstar)",False,False,False,True,0.1070605462374333,0.0117632302757858,consistent,30.0,0.846609309741873,baseline,0.0,0.0,7.12,8.95,-1.8299999999999992,fedd0p3_eps0p1_merger_boost_x2,0.3,0.1,2.0,4.6129034950431205,41011.29613006201,heavy_seed_scale
GS30148179_juodzbalis25,GS-30148179,5.922,spec,JADES,broad-line-agn,robust,individual_robust,juodzbalis25_jades_blagn,"Table 2 (BH/Lbol/lambda_Edd), Table 5 (Mstar)",False,False,False,True,0.1070605462374333,0.0117632302757858,consistent,30.0,0.846609309741873,baseline,0.0,0.0,7.12,8.95,-1.8299999999999992,fedd0p3_spin_minus1_eps0p038_no_merger_boost,0.3,0.037749551350623745,1.0,0.8718360046170188,7.444508062793671,light_seed_scale
GS30148179_juodzbalis25,GS-30148179,5.922,spec,JADES,broad-line-agn,robust,individual_robust,juodzbalis25_jades_blagn,"Table 2 (BH/Lbol/lambda_Edd), Table 5 (Mstar)",False,False,False,True,0.1070605462374333,0.0117632302757858,consistent,30.0,0.846609309741873,baseline,0.0,0.0,7.12,8.95,-1.8299999999999992,fedd0p3_spin_minus1_eps0p038_merger_boost_x2,0.3,0.037749551350623745,2.0,0.5708060089530376,3.722254031396835,light_seed_scale
GS30148179_juodzbalis25,GS-30148179,5.922,spec,JADES,broad-line-agn,robust,individual_robust,juodzbalis25_jades_blagn,"Table 2 (BH/Lbol/lambda_Edd), Table 5 (Mstar)",False,False,False,True,0.1070605462374333,0.0117632302757858,consistent,30.0,0.846609309741873,baseline,0.0,0.0,7.12,8.95,-1.8299999999999992,fedd0p3_spin_0_eps0p057_no_merger_boost,0.3,0.057190958417936644,1.0,3.0791525404469215,1199.9206861153195,intermediate_seed_scale
GS30148179_juodzbalis25,GS-30148179,5.922,spec,JADES,broad-line-agn,robust,individual_robust,juodzbalis25_jades_blagn,"Table 2 (BH/Lbol/lambda_Edd), Table 5 (Mstar)",False,False,False,True,0.1070605462374333,0.0117632302757858,consistent,30.0,0.846609309741873,baseline,0.0,0.0,7.12,8.95,-1.8299999999999992,fedd0p3_spin_0_eps0p057_merger_boost_x2,0.3,0.057190958417936644,2.0,2.7781225447829403,599.9603430576597,intermediate_seed_scale
GS30148179_juodzbalis25,GS-30148179,5.922,spec,JADES,broad-line-agn,robust,individual_robust,juodzbalis25_jades_blagn,"Table 2 (BH/Lbol/lambda_Edd), Table 5 (Mstar)",False,False,False,True,0.1070605462374333,0.0117632302757858,consistent,30.0,0.846609309741873,baseline,0.0,0.0,7.12,8.95,-1.8299999999999992,fedd0p3_spin_plus1_eps0p423_no_merger_boost,0.3,0.42264973081037416,1.0,6.785161900651983,6097641.688767052,above_heavy_seed_scale
GS30148179_juodzbalis25,GS-30148179,5.922,spec,JADES,broad-line-agn,robust,individual_robust,juodzbalis25_jades_blagn,"Table 2 (BH/Lbol/lambda_Edd), Table 5 (Mstar)",False,False,False,True,0.1070605462374333,0.0117632302757858,consistent,30.0,0.846609309741873,baseline,0.0,0.0,7.12,8.95,-1.8299999999999992,fedd0p3_spin_plus1_eps0p423_merger_boost_x2,0.3,0.42264973081037416,2.0,6.4841319049880015,3048820.8443835257,above_heavy_seed_scale
GS30148179_juodzbalis25,GS-30148179,5.922,spec,JADES,broad-line-agn,robust,individual_robust,juodzbalis25_jades_blagn,"Table 2 (BH/Lbol/lambda_Edd), Table 5 (Mstar)",False,False,False,True,0.1070605462374333,0.0117632302757858,consistent,30.0,0.846609309741873,baseline,0.0,0.0,7.12,8.95,-1.8299999999999992,fedd1_eps0p1_no_merger_boost,1.0,0.1,1.0,-0.23355503097632635,0.5840431962429417,light_seed_scale
GS30148179_juodzbalis25,GS-30148179,5.922,spec,JADES,broad-line-agn,robust,individual_robust,juodzbalis25_jades_blagn,"Table 2 (BH/Lbol/lambda_Edd), Table 5 (Mstar)",False,False,False,True,0.1070605462374333,0.0117632302757858,consistent,30.0,0.846609309741873,baseline,0.0,0.0,7.12,8.95,-1.8299999999999992,fedd1_eps0p1_merger_boost_x2,1.0,0.1,2.0,-0.5345850266403076,0.29202159812147077,light_seed_scale
GS30148179_juodzbalis25,GS-30148179,5.922,spec,JADES,broad-line-agn,robust,individual_robust,juodzbalis25_jades_blagn,"Table 2 (BH/Lbol/lambda_Edd), Table 5 (Mstar)",False,False,False,True,0.1070605462374333,0.0117632302757858,consistent,30.0,0.846609309741873,baseline,0.0,0.0,7.12,8.95,-1.8299999999999992,fedd1_spin_minus1_eps0p038_no_merger_boost,1.0,0.037749551350623745,1.0,-13.707213317943271,1.9623961450041343e-14,light_seed_scale
GS30148179_juodzbalis25,GS-30148179,5.922,spec,JADES,broad-line-agn,robust,individual_robust,juodzbalis25_jades_blagn,"Table 2 (BH/Lbol/lambda_Edd), Table 5 (Mstar)",False,False,False,True,0.1070605462374333,0.0117632302757858,consistent,30.0,0.846609309741873,baseline,0.0,0.0,7.12,8.95,-1.8299999999999992,fedd1_spin_minus1_eps0p038_merger_boost_x2,1.0,0.037749551350623745,2.0,-14.008243313607252,9.81198072502067e-15,light_seed_scale
GS30148179_juodzbalis25,GS-30148179,5.922,spec,JADES,broad-line-agn,robust,individual_robust,juodzbalis25_jades_blagn,"Table 2 (BH/Lbol/lambda_Edd), Table 5 (Mstar)",False,False,False,True,0.1070605462374333,0.0117632302757858,consistent,30.0,0.846609309741873,baseline,0.0,0.0,7.12,8.95,-1.8299999999999992,fedd1_spin_0_eps0p057_no_merger_boost,1.0,0.057190958417936644,1.0,-6.3494915318435945,4.4720687163432034e-07,light_seed_scale
GS30148179_juodzbalis25,GS-30148179,5.922,spec,JADES,broad-line-agn,robust,individual_robust,juodzbalis25_jades_blagn,"Table 2 (BH/Lbol/lambda_Edd), Table 5 (Mstar)",False,False,False,True,0.1070605462374333,0.0117632302757858,consistent,30.0,0.846609309741873,baseline,0.0,0.0,7.12,8.95,-1.8299999999999992,fedd1_spin_0_eps0p057_merger_boost_x2,1.0,0.057190958417936644,2.0,-6.650521527507576,2.2360343581716014e-07,light_seed_scale
GS30148179_juodzbalis25,GS-30148179,5.922,spec,JADES,broad-line-agn,robust,individual_robust,juodzbalis25_jades_blagn,"Table 2 (BH/Lbol/lambda_Edd), Table 5 (Mstar)",False,False,False,True,0.1070605462374333,0.0117632302757858,consistent,30.0,0.846609309741873,baseline,0.0,0.0,7.12,8.95,-1.8299999999999992,fedd1_spin_plus1_eps0p423_no_merger_boost,1.0,0.42264973081037416,1.0,6.0038730021732745,1008957.8001616196,above_heavy_seed_scale
GS30148179_juodzbalis25,GS-30148179,5.922,spec,JADES,broad-line-agn,robust,individual_robust,juodzbalis25_jades_blagn,"Table 2 (BH/Lbol/lambda_Edd), Table 5 (Mstar)",False,False,False,True,0.1070605462374333,0.0117632302757858,consistent,30.0,0.846609309741873,baseline,0.0,0.0,7.12,8.95,-1.8299999999999992,fedd1_spin_plus1_eps0p423_merger_boost_x2,1.0,0.42264973081037416,2.0,5.702843006509293,504478.9000808097,heavy_seed_scale
GS30148179_juodzbalis25,GS-30148179,5.922,spec,JADES,broad-line-agn,robust,individual_robust,juodzbalis25_jades_blagn,"Table 2 (BH/Lbol/lambda_Edd), Table 5 (Mstar)",False,False,False,True,0.1070605462374333,0.0117632302757858,consistent,30.0,0.846609309741873,baseline,0.0,0.0,7.12,8.95,-1.8299999999999992,fedd2_eps0p1_no_merger_boost,2.0,0.1,1.0,-7.587110061952653,2.58755707519621e-08,light_seed_scale
GS30148179_juodzbalis25,GS-30148179,5.922,spec,JADES,broad-line-agn,robust,individual_robust,juodzbalis25_jades_blagn,"Table 2 (BH/Lbol/lambda_Edd), Table 5 (Mstar)",False,False,False,True,0.1070605462374333,0.0117632302757858,consistent,30.0,0.846609309741873,baseline,0.0,0.0,7.12,8.95,-1.8299999999999992,fedd2_eps0p1_merger_boost_x2,2.0,0.1,2.0,-7.888140057616634,1.2937785375981047e-08,light_seed_scale
GS30148179_juodzbalis25,GS-30148179,5.922,spec,JADES,broad-line-agn,robust,individual_robust,juodzbalis25_jades_blagn,"Table 2 (BH/Lbol/lambda_Edd), Table 5 (Mstar)",False,False,False,True,0.1070605462374333,0.0117632302757858,consistent,30.0,0.846609309741873,baseline,0.0,0.0,7.12,8.95,-1.8299999999999992,fedd2_spin_minus1_eps0p038_no_merger_boost,2.0,0.037749551350623745,1.0,-34.53442663588655,2.9212812021307683e-35,light_seed_scale
GS30148179_juodzbalis25,GS-30148179,5.922,spec,JADES,broad-line-agn,robust,individual_robust,juodzbalis25_jades_blagn,"Table 2 (BH/Lbol/lambda_Edd), Table 5 (Mstar)",False,False,False,True,0.1070605462374333,0.0117632302757858,consistent,30.0,0.846609309741873,baseline,0.0,0.0,7.12,8.95,-1.8299999999999992,fedd2_spin_minus1_eps0p038_merger_boost_x2,2.0,0.037749551350623745,2.0,-34.83545663155053,1.460640601065384e-35,light_seed_scale
GS30148179_juodzbalis25,GS-30148179,5.922,spec,JADES,broad-line-agn,robust,individual_robust,juodzbalis25_jades_blagn,"Table 2 (BH/Lbol/lambda_Edd), Table 5 (Mstar)",False,False,False,True,0.1070605462374333,0.0117632302757858,consistent,30.0,0.846609309741873,baseline,0.0,0.0,7.12,8.95,-1.8299999999999992,fedd2_spin_0_eps0p057_no_merger_boost,2.0,0.057190958417936644,1.0,-19.818983063687188,1.517109529483344e-20,light_seed_scale
GS30148179_juodzbalis25,GS-30148179,5.922,spec,JADES,broad-line-agn,robust,individual_robust,juodzbalis25_jades_blagn,"Table 2 (BH/Lbol/lambda_Edd), Table 5 (Mstar)",False,False,False,True,0.1070605462374333,0.0117632302757858,consistent,30.0,0.846609309741873,baseline,0.0,0.0,7.12,8.95,-1.8299999999999992,fedd2_spin_0_eps0p057_merger_boost_x2,2.0,0.057190958417936644,2.0,-20.12001305935117,7.585547647416718e-21,light_seed_scale
GS30148179_juodzbalis25,GS-30148179,5.922,spec,JADES,broad-line-agn,robust,individual_robust,juodzbalis25_jades_blagn,"Table 2 (BH/Lbol/lambda_Edd), Table 5 (Mstar)",False,False,False,True,0.1070605462374333,0.0117632302757858,consistent,30.0,0.846609309741873,baseline,0.0,0.0,7.12,8.95,-1.8299999999999992,fedd2_spin_plus1_eps0p423_no_merger_boost,2.0,0.42264973081037416,1.0,4.887746004346549,77222.88175987315,heavy_seed_scale
GS30148179_juodzbalis25,GS-30148179,5.922,spec,JADES,broad-line-agn,robust,individual_robust,juodzbalis25_jades_blagn,"Table 2 (BH/Lbol/lambda_Edd), Table 5 (Mstar)",False,False,False,True,0.1070605462374333,0.0117632302757858,consistent,30.0,0.846609309741873,baseline,0.0,0.0,7.12,8.95,-1.8299999999999992,fedd2_spin_plus1_eps0p423_merger_boost_x2,2.0,0.42264973081037416,2.0,4.586716008682568,38611.44087993657,heavy_seed_scale
GS30148179_juodzbalis25,GS-30148179,5.922,spec,JADES,broad-line-agn,robust,individual_robust,juodzbalis25_jades_blagn,"Table 2 (BH/Lbol/lambda_Edd), Table 5 (Mstar)",False,False,False,True,0.1070605462374333,0.0117632302757858,consistent,30.0,0.846609309741873,mbh_minus_0p3dex,-0.3,0.0,6.82,8.95,-2.129999999999999,fedd0p3_eps0p1_no_merger_boost,0.3,0.1,1.0,4.613933490707103,41108.676109789376,heavy_seed_scale
GS30148179_juodzbalis25,GS-30148179,5.922,spec,JADES,broad-line-agn,robust,individual_robust,juodzbalis25_jades_blagn,"Table 2 (BH/Lbol/lambda_Edd), Table 5 (Mstar)",False,False,False,True,0.1070605462374333,0.0117632302757858,consistent,30.0,0.846609309741873,mbh_minus_0p3dex,-0.3,0.0,6.82,8.95,-2.129999999999999,fedd0p3_eps0p1_merger_boost_x2,0.3,0.1,2.0,4.3129034950431215,20554.338054894684,heavy_seed_scale
GS30148179_juodzbalis25,GS-30148179,5.922,spec,JADES,broad-line-agn,robust,individual_robust,juodzbalis25_jades_blagn,"Table 2 (BH/Lbol/lambda_Edd), Table 5 (Mstar)",False,False,False,True,0.1070605462374333,0.0117632302757858,consistent,30.0,0.846609309741873,mbh_minus_0p3dex,-0.3,0.0,6.82,8.95,-2.129999999999999,fedd0p3_spin_minus1_eps0p038_no_merger_boost,0.3,0.037749551350623745,1.0,0.571836004617019,3.7310924017074854,light_seed_scale
GS30148179_juodzbalis25,GS-30148179,5.922,spec,JADES,broad-line-agn,robust,individual_robust,juodzbalis25_jades_blagn,"Table 2 (BH/Lbol/lambda_Edd), Table 5 (Mstar)",False,False,False,True,0.1070605462374333,0.0117632302757858,consistent,30.0,0.846609309741873,mbh_minus_0p3dex,-0.3,0.0,6.82,8.95,-2.129999999999999,fedd0p3_spin_minus1_eps0p038_merger_boost_x2,0.3,0.037749551350623745,2.0,0.27080600895303775,1.8655462008537425,light_seed_scale
GS30148179_juodzbalis25,GS-30148179,5.922,spec,JADES,broad-line-agn,robust,individual_robust,juodzbalis25_jades_blagn,"Table 2 (BH/Lbol/lambda_Edd), Table 5 (Mstar)",False,False,False,True,0.1070605462374333,0.0117632302757858,consistent,30.0,0.846609309741873,mbh_minus_0p3dex,-0.3,0.0,6.82,8.95,-2.129999999999999,fedd0p3_spin_0_eps0p057_no_merger_boost,0.3,0.057190958417936644,1.0,2.7791525404469217,601.3849292462758,intermediate_seed_scale
GS30148179_juodzbalis25,GS-30148179,5.922,spec,JADES,broad-line-agn,robust,individual_robust,juodzbalis25_jades_blagn,"Table 2 (BH/Lbol/lambda_Edd), Table 5 (Mstar)",False,False,False,True,0.1070605462374333,0.0117632302757858,consistent,30.0,0.846609309741873,mbh_minus_0p3dex,-0.3,0.0,6.82,8.95,-2.129999999999999,fedd0p3_spin_0_eps0p057_merger_boost_x2,0.3,0.057190958417936644,2.0,2.4781225447829405,300.6924646231378,intermediate_seed_scale
GS30148179_juodzbalis25,GS-30148179,5.922,spec,JADES,broad-line-agn,robust,individual_robust,juodzbalis25_jades_blagn,"Table 2 (BH/Lbol/lambda_Edd), Table 5 (Mstar)",False,False,False,True,0.1070605462374333,0.0117632302757858,consistent,30.0,0.846609309741873,mbh_minus_0p3dex,-0.3,0.0,6.82,8.95,-2.129999999999999,fedd0p3_spin_plus1_eps0p423_no_merger_boost,0.3,0.42264973081037416,1.0,6.485161900651983,3056060.1696434887,above_heavy_seed_scale
GS30148179_juodzbalis25,GS-30148179,5.922,spec,JADES,broad-line-agn,robust,individual_robust,juodzbalis25_jades_blagn,"Table 2 (BH/Lbol/lambda_Edd), Table 5 (Mstar)",False,False,False,True,0.1070605462374333,0.0117632302757858,consistent,30.0,0.846609309741873,mbh_minus_0p3dex,-0.3,0.0,6.82,8.95,-2.129999999999999,fedd0p3_spin_plus1_eps0p423_merger_boost_x2,0.3,0.42264973081037416,2.0,6.184131904988002,1528030.0848217441,above_heavy_seed_scale
GS30148179_juodzbalis25,GS-30148179,5.922,spec,JADES,broad-line-agn,robust,individual_robust,juodzbalis25_jades_blagn,"Table 2 (BH/Lbol/lambda_Edd), Table 5 (Mstar)",False,False,False,True,0.1070605462374333,0.0117632302757858,consistent,30.0,0.846609309741873,mbh_minus_0p3dex,-0.3,0.0,6.82,8.95,-2.129999999999999,fedd1_eps0p1_no_merger_boost,1.0,0.1,1.0,-0.5335550309763262,0.29271499384383015,light_seed_scale
GS30148179_juodzbalis25,GS-30148179,5.922,spec,JADES,broad-line-agn,robust,individual_robust,juodzbalis25_jades_blagn,"Table 2 (BH/Lbol/lambda_Edd), Table 5 (Mstar)",False,False,False,True,0.1070605462374333,0.0117632302757858,consistent,30.0,0.846609309741873,mbh_minus_0p3dex,-0.3,0.0,6.82,8.95,-2.129999999999999,fedd1_eps0p1_merger_boost_x2,1.0,0.1,2.0,-0.8345850266403074,0.14635749692191505,light_seed_scale
GS30148179_juodzbalis25,GS-30148179,5.922,spec,JADES,broad-line-agn,robust,individual_robust,juodzbalis25_jades_blagn,"Table 2 (BH/Lbol/lambda_Edd), Table 5 (Mstar)",False,False,False,True,0.1070605462374333,0.0117632302757858,consistent,30.0,0.846609309741873,mbh_minus_0p3dex,-0.3,0.0,6.82,8.95,-2.129999999999999,fedd1_spin_minus1_eps0p038_no_merger_boost,1.0,0.037749551350623745,1.0,-14.007213317943272,9.83527895195444e-15,light_seed_scale
GS30148179_juodzbalis25,GS-30148179,5.922,spec,JADES,broad-line-agn,robust,individual_robust,juodzbalis25_jades_blagn,"Table 2 (BH/Lbol/lambda_Edd), Table 5 (Mstar)",False,False,False,True,0.1070605462374333,0.0117632302757858,consistent,30.0,0.846609309741873,mbh_minus_0p3dex,-0.3,0.0,6.82,8.95,-2.129999999999999,fedd1_spin_minus1_eps0p038_merger_boost_x2,1.0,0.037749551350623745,2.0,-14.308243313607253,4.917639475977219e-15,light_seed_scale
GS30148179_juodzbalis25,GS-30148179,5.922,spec,JADES,broad-line-agn,robust,individual_robust,juodzbalis25_jades_blagn,"Table 2 (BH/Lbol/lambda_Edd), Table 5 (Mstar)",False,False,False,True,0.1070605462374333,0.0117632302757858,consistent,30.0,0.846609309741873,mbh_minus_0p3dex,-0.3,0.0,6.82,8.95,-2.129999999999999,fedd1_spin_0_eps0p057_no_merger_boost,1.0,0.057190958417936644,1.0,-6.649491531843594,2.2413437485351176e-07,light_seed_scale
GS30148179_juodzbalis25,GS-30148179,5.922,spec,JADES,broad-line-agn,robust,individual_robust,juodzbalis25_jades_blagn,"Table 2 (BH/Lbol/lambda_Edd), Table 5 (Mstar)",False,False,False,True,0.1070605462374333,0.0117632302757858,consistent,30.0,0.846609309741873,mbh_minus_0p3dex,-0.3,0.0,6.82,8.95,-2.129999999999999,fedd1_spin_0_eps0p057_merger_boost_x2,1.0,0.057190958417936644,2.0,-6.950521527507576,1.1206718742675587e-07,light_seed_scale
GS30148179_juodzbalis25,GS-30148179,5.922,spec,JADES,broad-line-agn,robust,individual_robust,juodzbalis25_jades_blagn,"Table 2 (BH/Lbol/lambda_Edd), Table 5 (Mstar)",False,False,False,True,0.1070605462374333,0.0117632302757858,consistent,30.0,0.846609309741873,mbh_minus_0p3dex,-0.3,0.0,6.82,8.95,-2.129999999999999,fedd1_spin_plus1_eps0p423_no_merger_boost,1.0,0.42264973081037416,1.0,5.703873002173275,505676.7687096605,heavy_seed_scale
GS30148179_juodzbalis25,GS-30148179,5.922,spec,JADES,broad-line-agn,robust,individual_robust,juodzbalis25_jades_blagn,"Table 2 (BH/Lbol/lambda_Edd), Table 5 (Mstar)",False,False,False,True,0.1070605462374333,0.0117632302757858,consistent,30.0,0.846609309741873,mbh_minus_0p3dex,-0.3,0.0,6.82,8.95,-2.129999999999999,fedd1_spin_plus1_eps0p423_merger_boost_x2,1.0,0.42264973081037416,2.0,5.402843006509293,252838.38435483022,heavy_seed_scale
GS30148179_juodzbalis25,GS-30148179,5.922,spec,JADES,broad-line-agn,robust,individual_robust,juodzbalis25_jades_blagn,"Table 2 (BH/Lbol/lambda_Edd), Table 5 (Mstar)",False,False,False,True,0.1070605462374333,0.0117632302757858,consistent,30.0,0.846609309741873,mbh_minus_0p3dex,-0.3,0.0,6.82,8.95,-2.129999999999999,fedd2_eps0p1_no_merger_boost,2.0,0.1,1.0,-7.887110061952653,1.2968505723702647e-08,light_seed_scale
GS30148179_juodzbalis25,GS-30148179,5.922,spec,JADES,broad-line-agn,robust,individual_robust,juodzbalis25_jades_blagn,"Table 2 (BH/Lbol/lambda_Edd), Table 5 (Mstar)",False,False,False,True,0.1070605462374333,0.0117632302757858,consistent,30.0,0.846609309741873,mbh_minus_0p3dex,-0.3,0.0,6.82,8.95,-2.129999999999999,fedd2_eps0p1_merger_boost_x2,2.0,0.1,2.0,-8.188140057616634,6.484252861851323e-09,light_seed_scale
GS30148179_juodzbalis25,GS-30148179,5.922,spec,JADES,broad-line-agn,robust,individual_robust,juodzbalis25_jades_blagn,"Table 2 (BH/Lbol/lambda_Edd), Table 5 (Mstar)",False,False,False,True,0.1070605462374333,0.0117632302757858,consistent,30.0,0.846609309741873,mbh_minus_0p3dex,-0.3,0.0,6.82,8.95,-2.129999999999999,fedd2_spin_minus1_eps0p038_no_merger_boost,2.0,0.037749551350623745,1.0,-34.834426635886544,1.4641088443432816e-35,light_seed_scale
GS30148179_juodzbalis25,GS-30148179,5.922,spec,JADES,broad-line-agn,robust,individual_robust,juodzbalis25_jades_blagn,"Table 2 (BH/Lbol/lambda_Edd), Table 5 (Mstar)",False,False,False,True,0.1070605462374333,0.0117632302757858,consistent,30.0,0.846609309741873,mbh_minus_0p3dex,-0.3,0.0,6.82,8.95,-2.129999999999999,fedd2_spin_minus1_eps0p038_merger_boost_x2,2.0,0.037749551350623745,2.0,-35.135456631550525,7.320544221716408e-36,light_seed_scale
GS30148179_juodzbalis25,GS-30148179,5.922,spec,JADES,broad-line-agn,robust,individual_robust,juodzbalis25_jades_blagn,"Table 2 (BH/Lbol/lambda_Edd), Table 5 (Mstar)",False,False,False,True,0.1070605462374333,0.0117632302757858,consistent,30.0,0.846609309741873,mbh_minus_0p3dex,-0.3,0.0,6.82,8.95,-2.129999999999999,fedd2_spin_0_eps0p057_no_merger_boost,2.0,0.057190958417936644,1.0,-20.11898306368719,7.603559281913285e-21,light_seed_scale
GS30148179_juodzbalis25,GS-30148179,5.922,spec,JADES,broad-line-agn,robust,individual_robust,juodzbalis25_jades_blagn,"Table 2 (BH/Lbol/lambda_Edd), Table 5 (Mstar)",False,False,False,True,0.1070605462374333,0.0117632302757858,consistent,30.0,0.846609309741873,mbh_minus_0p3dex,-0.3,0.0,6.82,8.95,-2.129999999999999,fedd2_spin_0_eps0p057_merger_boost_x2,2.0,0.057190958417936644,2.0,-20.42001305935117,3.8017796409566425e-21,light_seed_scale
GS30148179_juodzbalis25,GS-30148179,5.922,spec,JADES,broad-line-agn,robust,individual_robust,juodzbalis25_jades_blagn,"Table 2 (BH/Lbol/lambda_Edd), Table 5 (Mstar)",False,False,False,True,0.1070605462374333,0.0117632302757858,consistent,30.0,0.846609309741873,mbh_minus_0p3dex,-0.3,0.0,6.82,8.95,-2.129999999999999,fedd2_spin_plus1_eps0p423_no_merger_boost,2.0,0.42264973081037416,1.0,4.587746004346549,38703.12248195679,heavy_seed_scale
GS30148179_juodzbalis25,GS-30148179,5.922,spec,JADES,broad-line-agn,robust,individual_robust,juodzbalis25_jades_blagn,"Table 2 (BH/Lbol/lambda_Edd), Table 5 (Mstar)",False,False,False,True,0.1070605462374333,0.0117632302757858,consistent,30.0,0.846609309741873,mbh_minus_0p3dex,-0.3,0.0,6.82,8.95,-2.129999999999999,fedd2_spin_plus1_eps0p423_merger_boost_x2,2.0,0.42264973081037416,2.0,4.286716008682568,19351.56124097839,heavy_seed_scale
GS30148179_juodzbalis25,GS-30148179,5.922,spec,JADES,broad-line-agn,robust,individual_robust,juodzbalis25_jades_blagn,"Table 2 (BH/Lbol/lambda_Edd), Table 5 (Mstar)",False,False,False,True,0.1070605462374333,0.0117632302757858,consistent,30.0,0.846609309741873,mbh_plus_0p3dex,0.3,0.0,7.42,8.95,-1.5299999999999994,fedd0p3_eps0p1_no_merger_boost,0.3,0.1,1.0,5.213933490707102,163656.58731268384,heavy_seed_scale
GS30148179_juodzbalis25,GS-30148179,5.922,spec,JADES,broad-line-agn,robust,individual_robust,juodzbalis25_jades_blagn,"Table 2 (BH/Lbol/lambda_Edd), Table 5 (Mstar)",False,False,False,True,0.1070605462374333,0.0117632302757858,consistent,30.0,0.846609309741873,mbh_plus_0p3dex,0.3,0.0,7.42,8.95,-1.5299999999999994,fedd0p3_eps0p1_merger_boost_x2,0.3,0.1,2.0,4.912903495043121,81828.2936563419,heavy_seed_scale
GS30148179_juodzbalis25,GS-30148179,5.922,spec,JADES,broad-line-agn,robust,individual_robust,juodzbalis25_jades_blagn,"Table 2 (BH/Lbol/lambda_Edd), Table 5 (Mstar)",False,False,False,True,0.1070605462374333,0.0117632302757858,consistent,30.0,0.846609309741873,mbh_plus_0p3dex,0.3,0.0,7.42,8.95,-1.5299999999999994,fedd0p3_spin_minus1_eps0p038_no_merger_boost,0.3,0.037749551350623745,1.0,1.1718360046170186,14.853746391174184,light_seed_scale
GS30148179_juodzbalis25,GS-30148179,5.922,spec,JADES,broad-line-agn,robust,individual_robust,juodzbalis25_jades_blagn,"Table 2 (BH/Lbol/lambda_Edd), Table 5 (Mstar)",False,False,False,True,0.1070605462374333,0.0117632302757858,consistent,30.0,0.846609309741873,mbh_plus_0p3dex,0.3,0.0,7.42,8.95,-1.5299999999999994,fedd0p3_spin_minus1_eps0p038_merger_boost_x2,0.3,0.037749551350623745,2.0,0.8708060089530374,7.42687319558709,light_seed_scale
GS30148179_juodzbalis25,GS-30148179,5.922,spec,JADES,broad-line-agn,robust,individual_robust,juodzbalis25_jades_blagn,"Table 2 (BH/Lbol/lambda_Edd), Table 5 (Mstar)",False,False,False,True,0.1070605462374333,0.0117632302757858,consistent,30.0,0.846609309741873,mbh_plus_0p3dex,0.3,0.0,7.42,8.95,-1.5299999999999994,fedd0p3_spin_0_eps0p057_no_merger_boost,0.3,0.057190958417936644,1.0,3.3791525404469214,2394.1565259574977,intermediate_seed_scale
GS30148179_juodzbalis25,GS-30148179,5.922,spec,JADES,broad-line-agn,robust,individual_robust,juodzbalis25_jades_blagn,"Table 2 (BH/Lbol/lambda_Edd), Table 5 (Mstar)",False,False,False,True,0.1070605462374333,0.0117632302757858,consistent,30.0,0.846609309741873,mbh_plus_0p3dex,0.3,0.0,7.42,8.95,-1.5299999999999994,fedd0p3_spin_0_eps0p057_merger_boost_x2,0.3,0.057190958417936644,2.0,3.07812254478294,1197.0782629787486,intermediate_seed_scale
GS30148179_juodzbalis25,GS-30148179,5.922,spec,JADES,broad-line-agn,robust,individual_robust,juodzbalis25_jades_blagn,"Table 2 (BH/Lbol/lambda_Edd), Table 5 (Mstar)",False,False,False,True,0.1070605462374333,0.0117632302757858,consistent,30.0,0.846609309741873,mbh_plus_0p3dex,0.3,0.0,7.42,8.95,-1.5299999999999994,fedd0p3_spin_plus1_eps0p423_no_merger_boost,0.3,0.42264973081037416,1.0,7.085161900651983,12166394.67178009,above_heavy_seed_scale
GS30148179_juodzbalis25,GS-30148179,5.922,spec,JADES,broad-line-agn,robust,individual_robust,juodzbalis25_jades_blagn,"Table 2 (BH/Lbol/lambda_Edd), Table 5 (Mstar)",False,False,False,True,0.1070605462374333,0.0117632302757858,consistent,30.0,0.846609309741873,mbh_plus_0p3dex,0.3,0.0,7.42,8.95,-1.5299999999999994,fedd0p3_spin_plus1_eps0p423_merger_boost_x2,0.3,0.42264973081037416,2.0,6.784131904988001,6083197.335890045,above_heavy_seed_scale
GS30148179_juodzbalis25,GS-30148179,5.922,spec,JADES,broad-line-agn,robust,individual_robust,juodzbalis25_jades_blagn,"Table 2 (BH/Lbol/lambda_Edd), Table 5 (Mstar)",False,False,False,True,0.1070605462374333,0.0117632302757858,consistent,30.0,0.846609309741873,mbh_plus_0p3dex,0.3,0.0,7.42,8.95,-1.5299999999999994,fedd1_eps0p1_no_merger_boost,1.0,0.1,1.0,0.06644496902367347,1.165319379777515,light_seed_scale
GS30148179_juodzbalis25,GS-30148179,5.922,spec,JADES,broad-line-agn,robust,individual_robust,juodzbalis25_jades_blagn,"Table 2 (BH/Lbol/lambda_Edd), Table 5 (Mstar)",False,False,False,True,0.1070605462374333,0.0117632302757858,consistent,30.0,0.846609309741873,mbh_plus_0p3dex,0.3,0.0,7.42,8.95,-1.5299999999999994,fedd1_eps0p1_merger_boost_x2,1.0,0.1,2.0,-0.23458502664030778,0.5826596898887574,light_seed_scale
GS30148179_juodzbalis25,GS-30148179,5.922,spec,JADES,broad-line-agn,robust,individual_robust,juodzbalis25_jades_blagn,"Table 2 (BH/Lbol/lambda_Edd), Table 5 (Mstar)",False,False,False,True,0.1070605462374333,0.0117632302757858,consistent,30.0,0.846609309741873,mbh_plus_0p3dex,0.3,0.0,7.42,8.95,-1.5299999999999994,fedd1_spin_minus1_eps0p038_no_merger_boost,1.0,0.037749551350623745,1.0,-13.407213317943272,3.9154950751669447e-14,light_seed_scale
GS30148179_juodzbalis25,GS-30148179,5.922,spec,JADES,broad-line-agn,robust,individual_robust,juodzbalis25_jades_blagn,"Table 2 (BH/Lbol/lambda_Edd), Table 5 (Mstar)",False,False,False,True,0.1070605462374333,0.0117632302757858,consistent,30.0,0.846609309741873,mbh_plus_0p3dex,0.3,0.0,7.42,8.95,-1.5299999999999994,fedd1_spin_minus1_eps0p038_merger_boost_x2,1.0,0.037749551350623745,2.0,-13.708243313607253,1.957747537583472e-14,light_seed_scale
GS30148179_juodzbalis25,GS-30148179,5.922,spec,JADES,broad-line-agn,robust,individual_robust,juodzbalis25_jades_blagn,"Table 2 (BH/Lbol/lambda_Edd), Table 5 (Mstar)",False,False,False,True,0.1070605462374333,0.0117632302757858,consistent,30.0,0.846609309741873,mbh_plus_0p3dex,0.3,0.0,7.42,8.95,-1.5299999999999994,fedd1_spin_0_eps0p057_no_merger_boost,1.0,0.057190958417936644,1.0,-6.049491531843595,8.922950179670842e-07,light_seed_scale
GS30148179_juodzbalis25,GS-30148179,5.922,spec,JADES,broad-line-agn,robust,individual_robust,juodzbalis25_jades_blagn,"Table 2 (BH/Lbol/lambda_Edd), Table 5 (Mstar)",False,False,False,True,0.1070605462374333,0.0117632302757858,consistent,30.0,0.846609309741873,mbh_plus_0p3dex,0.3,0.0,7.42,8.95,-1.5299999999999994,fedd1_spin_0_eps0p057_merger_boost_x2,1.0,0.057190958417936644,2.0,-6.350521527507576,4.46147508983542e-07,light_seed_scale
GS30148179_juodzbalis25,GS-30148179,5.922,spec,JADES,broad-line-agn,robust,individual_robust,juodzbalis25_jades_blagn,"Table 2 (BH/Lbol/lambda_Edd), Table 5 (Mstar)",False,False,False,True,0.1070605462374333,0.0117632302757858,consistent,30.0,0.846609309741873,mbh_plus_0p3dex,0.3,0.0,7.42,8.95,-1.5299999999999994,fedd1_spin_plus1_eps0p423_no_merger_boost,1.0,0.42264973081037416,1.0,6.303873002173274,2013135.4760563804,above_heavy_seed_scale
GS30148179_juodzbalis25,GS-30148179,5.922,spec,JADES,broad-line-agn,robust,individual_robust,juodzbalis25_jades_blagn,"Table 2 (BH/Lbol/lambda_Edd), Table 5 (Mstar)",False,False,False,True,0.1070605462374333,0.0117632302757858,consistent,30.0,0.846609309741873,mbh_plus_0p3dex,0.3,0.0,7.42,8.95,-1.5299999999999994,fedd1_spin_plus1_eps0p423_merger_boost_x2,1.0,0.42264973081037416,2.0,6.002843006509293,1006567.7380281901,above_heavy_seed_scale
GS30148179_juodzbalis25,GS-30148179,5.922,spec,JADES,broad-line-agn,robust,individual_robust,juodzbalis25_jades_blagn,"Table 2 (BH/Lbol/lambda_Edd), Table 5 (Mstar)",False,False,False,True,0.1070605462374333,0.0117632302757858,consistent,30.0,0.846609309741873,mbh_plus_0p3dex,0.3,0.0,7.42,8.95,-1.5299999999999994,fedd2_eps0p1_no_merger_boost,2.0,0.1,1.0,-7.287110061952653,5.1628551199700906e-08,light_seed_scale
GS30148179_juodzbalis25,GS-30148179,5.922,spec,JADES,broad-line-agn,robust,individual_robust,juodzbalis25_jades_blagn,"Table 2 (BH/Lbol/lambda_Edd), Table 5 (Mstar)",False,False,False,True,0.1070605462374333,0.0117632302757858,consistent,30.0,0.846609309741873,mbh_plus_0p3dex,0.3,0.0,7.42,8.95,-1.5299999999999994,fedd2_eps0p1_merger_boost_x2,2.0,0.1,2.0,-7.588140057616634,2.581427559985045e-08,light_seed_scale
GS30148179_juodzbalis25,GS-30148179,5.922,spec,JADES,broad-line-agn,robust,individual_robust,juodzbalis25_jades_blagn,"Table 2 (BH/Lbol/lambda_Edd), Table 5 (Mstar)",False,False,False,True,0.1070605462374333,0.0117632302757858,consistent,30.0,0.846609309741873,mbh_plus_0p3dex,0.3,0.0,7.42,8.95,-1.5299999999999994,fedd2_spin_minus1_eps0p038_no_merger_boost,2.0,0.037749551350623745,1.0,-34.23442663588654,5.828722294038565e-35,light_seed_scale
GS30148179_juodzbalis25,GS-30148179,5.922,spec,JADES,broad-line-agn,robust,individual_robust,juodzbalis25_jades_blagn,"Table 2 (BH/Lbol/lambda_Edd), Table 5 (Mstar)",False,False,False,True,0.1070605462374333,0.0117632302757858,consistent,30.0,0.846609309741873,mbh_plus_0p3dex,0.3,0.0,7.42,8.95,-1.5299999999999994,fedd2_spin_minus1_eps0p038_merger_boost_x2,2.0,0.037749551350623745,2.0,-34.535456631550524,2.914361147019282e-35,light_seed_scale
GS30148179_juodzbalis25,GS-30148179,5.922,spec,JADES,broad-line-agn,robust,individual_robust,juodzbalis25_jades_blagn,"Table 2 (BH/Lbol/lambda_Edd), Table 5 (Mstar)",False,False,False,True,0.1070605462374333,0.0117632302757858,consistent,30.0,0.846609309741873,mbh_plus_0p3dex,0.3,0.0,7.42,8.95,-1.5299999999999994,fedd2_spin_0_eps0p057_no_merger_boost,2.0,0.057190958417936644,1.0,-19.518983063687187,3.027031471858289e-20,light_seed_scale
GS30148179_juodzbalis25,GS-30148179,5.922,spec,JADES,broad-line-agn,robust,individual_robust,juodzbalis25_jades_blagn,"Table 2 (BH/Lbol/lambda_Edd), Table 5 (Mstar)",False,False,False,True,0.1070605462374333,0.0117632302757858,consistent,30.0,0.846609309741873,mbh_plus_0p3dex,0.3,0.0,7.42,8.95,-1.5299999999999994,fedd2_spin_0_eps0p057_merger_boost_x2,2.0,0.057190958417936644,2.0,-19.82001305935117,1.5135157359291446e-20,light_seed_scale
GS30148179_juodzbalis25,GS-30148179,5.922,spec,JADES,broad-line-agn,robust,individual_robust,juodzbalis25_jades_blagn,"Table 2 (BH/Lbol/lambda_Edd), Table 5 (Mstar)",False,False,False,True,0.1070605462374333,0.0117632302757858,consistent,30.0,0.846609309741873,mbh_plus_0p3dex,0.3,0.0,7.42,8.95,-1.5299999999999994,fedd2_spin_plus1_eps0p423_no_merger_boost,2.0,0.42264973081037416,1.0,5.187746004346549,154079.9058287725,heavy_seed_scale
GS30148179_juodzbalis25,GS-30148179,5.922,spec,JADES,broad-line-agn,robust,individual_robust,juodzbalis25_jades_blagn,"Table 2 (BH/Lbol/lambda_Edd), Table 5 (Mstar)",False,False,False,True,0.1070605462374333,0.0117632302757858,consistent,30.0,0.846609309741873,mbh_plus_0p3dex,0.3,0.0,7.42,8.95,-1.5299999999999994,fedd2_spin_plus1_eps0p423_merger_boost_x2,2.0,0.42264973081037416,2.0,4.886716008682567,77039.95291438625,heavy_seed_scale
GS30148179_juodzbalis25,GS-30148179,5.922,spec,JADES,broad-line-agn,robust,individual_robust,juodzbalis25_jades_blagn,"Table 2 (BH/Lbol/lambda_Edd), Table 5 (Mstar)",False,False,False,True,0.1070605462374333,0.0117632302757858,consistent,30.0,0.846609309741873,mstar_agn_20pct,0.0,0.2,7.12,8.853089986991943,-1.733089986991943,fedd0p3_eps0p1_no_merger_boost,0.3,0.1,1.0,4.913933490707102,82022.59226012402,heavy_seed_scale
GS30148179_juodzbalis25,GS-30148179,5.922,spec,JADES,broad-line-agn,robust,individual_robust,juodzbalis25_jades_blagn,"Table 2 (BH/Lbol/lambda_Edd), Table 5 (Mstar)",False,False,False,True,0.1070605462374333,0.0117632302757858,consistent,30.0,0.846609309741873,mstar_agn_20pct,0.0,0.2,7.12,8.853089986991943,-1.733089986991943,fedd0p3_eps0p1_merger_boost_x2,0.3,0.1,2.0,4.6129034950431205,41011.29613006201,heavy_seed_scale
GS30148179_juodzbalis25,GS-30148179,5.922,spec,JADES,broad-line-agn,robust,individual_robust,juodzbalis25_jades_blagn,"Table 2 (BH/Lbol/lambda_Edd), Table 5 (Mstar)",False,False,False,True,0.1070605462374333,0.0117632302757858,consistent,30.0,0.846609309741873,mstar_agn_20pct,0.0,0.2,7.12,8.853089986991943,-1.733089986991943,fedd0p3_spin_minus1_eps0p038_no_merger_boost,0.3,0.037749551350623745,1.0,0.8718360046170188,7.444508062793671,light_seed_scale
GS30148179_juodzbalis25,GS-30148179,5.922,spec,JADES,broad-line-agn,robust,individual_robust,juodzbalis25_jades_blagn,"Table 2 (BH/Lbol/lambda_Edd), Table 5 (Mstar)",False,False,False,True,0.1070605462374333,0.0117632302757858,consistent,30.0,0.846609309741873,mstar_agn_20pct,0.0,0.2,7.12,8.853089986991943,-1.733089986991943,fedd0p3_spin_minus1_eps0p038_merger_boost_x2,0.3,0.037749551350623745,2.0,0.5708060089530376,3.722254031396835,light_seed_scale
GS30148179_juodzbalis25,GS-30148179,5.922,spec,JADES,broad-line-agn,robust,individual_robust,juodzbalis25_jades_blagn,"Table 2 (BH/Lbol/lambda_Edd), Table 5 (Mstar)",False,False,False,True,0.1070605462374333,0.0117632302757858,consistent,30.0,0.846609309741873,mstar_agn_20pct,0.0,0.2,7.12,8.853089986991943,-1.733089986991943,fedd0p3_spin_0_eps0p057_no_merger_boost,0.3,0.057190958417936644,1.0,3.0791525404469215,1199.9206861153195,intermediate_seed_scale
GS30148179_juodzbalis25,GS-30148179,5.922,spec,JADES,broad-line-agn,robust,individual_robust,juodzbalis25_jades_blagn,"Table 2 (BH/Lbol/lambda_Edd), Table 5 (Mstar)",False,False,False,True,0.1070605462374333,0.0117632302757858,consistent,30.0,0.846609309741873,mstar_agn_20pct,0.0,0.2,7.12,8.853089986991943,-1.733089986991943,fedd0p3_spin_0_eps0p057_merger_boost_x2,0.3,0.057190958417936644,2.0,2.7781225447829403,599.9603430576597,intermediate_seed_scale
GS30148179_juodzbalis25,GS-30148179,5.922,spec,JADES,broad-line-agn,robust,individual_robust,juodzbalis25_jades_blagn,"Table 2 (BH/Lbol/lambda_Edd), Table 5 (Mstar)",False,False,False,True,0.1070605462374333,0.0117632302757858,consistent,30.0,0.846609309741873,mstar_agn_20pct,0.0,0.2,7.12,8.853089986991943,-1.733089986991943,fedd0p3_spin_plus1_eps0p423_no_merger_boost,0.3,0.42264973081037416,1.0,6.785161900651983,6097641.688767052,above_heavy_seed_scale
GS30148179_juodzbalis25,GS-30148179,5.922,spec,JADES,broad-line-agn,robust,individual_robust,juodzbalis25_jades_blagn,"Table 2 (BH/Lbol/lambda_Edd), Table 5 (Mstar)",False,False,False,True,0.1070605462374333,0.0117632302757858,consistent,30.0,0.846609309741873,mstar_agn_20pct,0.0,0.2,7.12,8.853089986991943,-1.733089986991943,fedd0p3_spin_plus1_eps0p423_merger_boost_x2,0.3,0.42264973081037416,2.0,6.4841319049880015,3048820.8443835257,above_heavy_seed_scale
GS30148179_juodzbalis25,GS-30148179,5.922,spec,JADES,broad-line-agn,robust,individual_robust,juodzbalis25_jades_blagn,"Table 2 (BH/Lbol/lambda_Edd), Table 5 (Mstar)",False,False,False,True,0.1070605462374333,0.0117632302757858,consistent,30.0,0.846609309741873,mstar_agn_20pct,0.0,0.2,7.12,8.853089986991943,-1.733089986991943,fedd1_eps0p1_no_merger_boost,1.0,0.1,1.0,-0.23355503097632635,0.5840431962429417,light_seed_scale
GS30148179_juodzbalis25,GS-30148179,5.922,spec,JADES,broad-line-agn,robust,individual_robust,juodzbalis25_jades_blagn,"Table 2 (BH/Lbol/lambda_Edd), Table 5 (Mstar)",False,False,False,True,0.1070605462374333,0.0117632302757858,consistent,30.0,0.846609309741873,mstar_agn_20pct,0.0,0.2,7.12,8.853089986991943,-1.733089986991943,fedd1_eps0p1_merger_boost_x2,1.0,0.1,2.0,-0.5345850266403076,0.29202159812147077,light_seed_scale
GS30148179_juodzbalis25,GS-30148179,5.922,spec,JADES,broad-line-agn,robust,individual_robust,juodzbalis25_jades_blagn,"Table 2 (BH/Lbol/lambda_Edd), Table 5 (Mstar)",False,False,False,True,0.1070605462374333,0.0117632302757858,consistent,30.0,0.846609309741873,mstar_agn_20pct,0.0,0.2,7.12,8.853089986991943,-1.733089986991943,fedd1_spin_minus1_eps0p038_no_merger_boost,1.0,0.037749551350623745,1.0,-13.707213317943271,1.9623961450041343e-14,light_seed_scale
GS30148179_juodzbalis25,GS-30148179,5.922,spec,JADES,broad-line-agn,robust,individual_robust,juodzbalis25_jades_blagn,"Table 2 (BH/Lbol/lambda_Edd), Table 5 (Mstar)",False,False,False,True,0.1070605462374333,0.0117632302757858,consistent,30.0,0.846609309741873,mstar_agn_20pct,0.0,0.2,7.12,8.853089986991943,-1.733089986991943,fedd1_spin_minus1_eps0p038_merger_boost_x2,1.0,0.037749551350623745,2.0,-14.008243313607252,9.81198072502067e-15,light_seed_scale
GS30148179_juodzbalis25,GS-30148179,5.922,spec,JADES,broad-line-agn,robust,individual_robust,juodzbalis25_jades_blagn,"Table 2 (BH/Lbol/lambda_Edd), Table 5 (Mstar)",False,False,False,True,0.1070605462374333,0.0117632302757858,consistent,30.0,0.846609309741873,mstar_agn_20pct,0.0,0.2,7.12,8.853089986991943,-1.733089986991943,fedd1_spin_0_eps0p057_no_merger_boost,1.0,0.057190958417936644,1.0,-6.3494915318435945,4.4720687163432034e-07,light_seed_scale
GS30148179_juodzbalis25,GS-30148179,5.922,spec,JADES,broad-line-agn,robust,individual_robust,juodzbalis25_jades_blagn,"Table 2 (BH/Lbol/lambda_Edd), Table 5 (Mstar)",False,False,False,True,0.1070605462374333,0.0117632302757858,consistent,30.0,0.846609309741873,mstar_agn_20pct,0.0,0.2,7.12,8.853089986991943,-1.733089986991943,fedd1_spin_0_eps0p057_merger_boost_x2,1.0,0.057190958417936644,2.0,-6.650521527507576,2.2360343581716014e-07,light_seed_scale
GS30148179_juodzbalis25,GS-30148179,5.922,spec,JADES,broad-line-agn,robust,individual_robust,juodzbalis25_jades_blagn,"Table 2 (BH/Lbol/lambda_Edd), Table 5 (Mstar)",False,False,False,True,0.1070605462374333,0.0117632302757858,consistent,30.0,0.846609309741873,mstar_agn_20pct,0.0,0.2,7.12,8.853089986991943,-1.733089986991943,fedd1_spin_plus1_eps0p423_no_merger_boost,1.0,0.42264973081037416,1.0,6.0038730021732745,1008957.8001616196,above_heavy_seed_scale
GS30148179_juodzbalis25,GS-30148179,5.922,spec,JADES,broad-line-agn,robust,individual_robust,juodzbalis25_jades_blagn,"Table 2 (BH/Lbol/lambda_Edd), Table 5 (Mstar)",False,False,False,True,0.1070605462374333,0.0117632302757858,consistent,30.0,0.846609309741873,mstar_agn_20pct,0.0,0.2,7.12,8.853089986991943,-1.733089986991943,fedd1_spin_plus1_eps0p423_merger_boost_x2,1.0,0.42264973081037416,2.0,5.702843006509293,504478.9000808097,heavy_seed_scale
GS30148179_juodzbalis25,GS-30148179,5.922,spec,JADES,broad-line-agn,robust,individual_robust,juodzbalis25_jades_blagn,"Table 2 (BH/Lbol/lambda_Edd), Table 5 (Mstar)",False,False,False,True,0.1070605462374333,0.0117632302757858,consistent,30.0,0.846609309741873,mstar_agn_20pct,0.0,0.2,7.12,8.853089986991943,-1.733089986991943,fedd2_eps0p1_no_merger_boost,2.0,0.1,1.0,-7.587110061952653,2.58755707519621e-08,light_seed_scale
GS30148179_juodzbalis25,GS-30148179,5.922,spec,JADES,broad-line-agn,robust,individual_robust,juodzbalis25_jades_blagn,"Table 2 (BH/Lbol/lambda_Edd), Table 5 (Mstar)",False,False,False,True,0.1070605462374333,0.0117632302757858,consistent,30.0,0.846609309741873,mstar_agn_20pct,0.0,0.2,7.12,8.853089986991943,-1.733089986991943,fedd2_eps0p1_merger_boost_x2,2.0,0.1,2.0,-7.888140057616634,1.2937785375981047e-08,light_seed_scale
GS30148179_juodzbalis25,GS-30148179,5.922,spec,JADES,broad-line-agn,robust,individual_robust,juodzbalis25_jades_blagn,"Table 2 (BH/Lbol/lambda_Edd), Table 5 (Mstar)",False,False,False,True,0.1070605462374333,0.0117632302757858,consistent,30.0,0.846609309741873,mstar_agn_20pct,0.0,0.2,7.12,8.853089986991943,-1.733089986991943,fedd2_spin_minus1_eps0p038_no_merger_boost,2.0,0.037749551350623745,1.0,-34.53442663588655,2.9212812021307683e-35,light_seed_scale
GS30148179_juodzbalis25,GS-30148179,5.922,spec,JADES,broad-line-agn,robust,individual_robust,juodzbalis25_jades_blagn,"Table 2 (BH/Lbol/lambda_Edd), Table 5 (Mstar)",False,False,False,True,0.1070605462374333,0.0117632302757858,consistent,30.0,0.846609309741873,mstar_agn_20pct,0.0,0.2,7.12,8.853089986991943,-1.733089986991943,fedd2_spin_minus1_eps0p038_merger_boost_x2,2.0,0.037749551350623745,2.0,-34.83545663155053,1.460640601065384e-35,light_seed_scale
GS30148179_juodzbalis25,GS-30148179,5.922,spec,JADES,broad-line-agn,robust,individual_robust,juodzbalis25_jades_blagn,"Table 2 (BH/Lbol/lambda_Edd), Table 5 (Mstar)",False,False,False,True,0.1070605462374333,0.0117632302757858,consistent,30.0,0.846609309741873,mstar_agn_20pct,0.0,0.2,7.12,8.853089986991943,-1.733089986991943,fedd2_spin_0_eps0p057_no_merger_boost,2.0,0.057190958417936644,1.0,-19.818983063687188,1.517109529483344e-20,light_seed_scale
GS30148179_juodzbalis25,GS-30148179,5.922,spec,JADES,broad-line-agn,robust,individual_robust,juodzbalis25_jades_blagn,"Table 2 (BH/Lbol/lambda_Edd), Table 5 (Mstar)",False,False,False,True,0.1070605462374333,0.0117632302757858,consistent,30.0,0.846609309741873,mstar_agn_20pct,0.0,0.2,7.12,8.853089986991943,-1.733089986991943,fedd2_spin_0_eps0p057_merger_boost_x2,2.0,0.057190958417936644,2.0,-20.12001305935117,7.585547647416718e-21,light_seed_scale
GS30148179_juodzbalis25,GS-30148179,5.922,spec,JADES,broad-line-agn,robust,individual_robust,juodzbalis25_jades_blagn,"Table 2 (BH/Lbol/lambda_Edd), Table 5 (Mstar)",False,False,False,True,0.1070605462374333,0.0117632302757858,consistent,30.0,0.846609309741873,mstar_agn_20pct,0.0,0.2,7.12,8.853089986991943,-1.733089986991943,fedd2_spin_plus1_eps0p423_no_merger_boost,2.0,0.42264973081037416,1.0,4.887746004346549,77222.88175987315,heavy_seed_scale
GS30148179_juodzbalis25,GS-30148179,5.922,spec,JADES,broad-line-agn,robust,individual_robust,juodzbalis25_jades_blagn,"Table 2 (BH/Lbol/lambda_Edd), Table 5 (Mstar)",False,False,False,True,0.1070605462374333,0.0117632302757858,consistent,30.0,0.846609309741873,mstar_agn_20pct,0.0,0.2,7.12,8.853089986991943,-1.733089986991943,fedd2_spin_plus1_eps0p423_merger_boost_x2,2.0,0.42264973081037416,2.0,4.586716008682568,38611.44087993657,heavy_seed_scale
GS10013704_juodzbalis25,GS-10013704,5.919,spec,JADES,broad-line-agn,robust,individual_robust,juodzbalis25_jades_blagn,"Table 2 (BH/Lbol/lambda_Edd), Table 5 (Mstar)",False,False,False,True,0.0561861733638205,-0.0092667653881941,consistent,30.0,0.8472236851123115,baseline,0.0,0.0,7.44,8.9,-1.46,fedd0p3_eps0p1_no_merger_boost,0.3,0.1,1.0,5.232332571707911,170738.93640196577,heavy_seed_scale
GS10013704_juodzbalis25,GS-10013704,5.919,spec,JADES,broad-line-agn,robust,individual_robust,juodzbalis25_jades_blagn,"Table 2 (BH/Lbol/lambda_Edd), Table 5 (Mstar)",False,False,False,True,0.0561861733638205,-0.0092667653881941,consistent,30.0,0.8472236851123115,baseline,0.0,0.0,7.44,8.9,-1.46,fedd0p3_eps0p1_merger_boost_x2,0.3,0.1,2.0,4.9313025760439295,85369.46820098287,heavy_seed_scale
GS10013704_juodzbalis25,GS-10013704,5.919,spec,JADES,broad-line-agn,robust,individual_robust,juodzbalis25_jades_blagn,"Table 2 (BH/Lbol/lambda_Edd), Table 5 (Mstar)",False,False,False,True,0.0561861733638205,-0.0092667653881941,consistent,30.0,0.8472236851123115,baseline,0.0,0.0,7.44,8.9,-1.46,fedd0p3_spin_minus1_eps0p038_no_merger_boost,0.3,0.037749551350623745,1.0,1.1873017784691937,15.392238301791233,light_seed_scale
GS10013704_juodzbalis25,GS-10013704,5.919,spec,JADES,broad-line-agn,robust,individual_robust,juodzbalis25_jades_blagn,"Table 2 (BH/Lbol/lambda_Edd), Table 5 (Mstar)",False,False,False,True,0.0561861733638205,-0.0092667653881941,consistent,30.0,0.8472236851123115,baseline,0.0,0.0,7.44,8.9,-1.46,fedd0p3_spin_minus1_eps0p038_merger_boost_x2,0.3,0.037749551350623745,2.0,0.8862717828052125,7.6961191508956155,light_seed_scale
GS10013704_juodzbalis25,GS-10013704,5.919,spec,JADES,broad-line-agn,robust,individual_robust,juodzbalis25_jades_blagn,"Table 2 (BH/Lbol/lambda_Edd), Table 5 (Mstar)",False,False,False,True,0.0561861733638205,-0.0092667653881941,consistent,30.0,0.8472236851123115,baseline,0.0,0.0,7.44,8.9,-1.46,fedd0p3_spin_0_eps0p057_no_merger_boost,0.3,0.057190958417936644,1.0,3.39622014042925,2490.1192201192707,intermediate_seed_scale
GS10013704_juodzbalis25,GS-10013704,5.919,spec,JADES,broad-line-agn,robust,individual_robust,juodzbalis25_jades_blagn,"Table 2 (BH/Lbol/lambda_Edd), Table 5 (Mstar)",False,False,False,True,0.0561861733638205,-0.0092667653881941,consistent,30.0,0.8472236851123115,baseline,0.0,0.0,7.44,8.9,-1.46,fedd0p3_spin_0_eps0p057_merger_boost_x2,0.3,0.057190958417936644,2.0,3.0951901447652688,1245.0596100596351,intermediate_seed_scale
GS10013704_juodzbalis25,GS-10013704,5.919,spec,JADES,broad-line-agn,robust,individual_robust,juodzbalis25_jades_blagn,"Table 2 (BH/Lbol/lambda_Edd), Table 5 (Mstar)",False,False,False,True,0.0561861733638205,-0.0092667653881941,consistent,30.0,0.8472236851123115,baseline,0.0,0.0,7.44,8.9,-1.46,fedd0p3_spin_plus1_eps0p423_no_merger_boost,0.3,0.42264973081037416,1.0,7.10491891220506,12732653.25481754,above_heavy_seed_scale
GS10013704_juodzbalis25,GS-10013704,5.919,spec,JADES,broad-line-agn,robust,individual_robust,juodzbalis25_jades_blagn,"Table 2 (BH/Lbol/lambda_Edd), Table 5 (Mstar)",False,False,False,True,0.0561861733638205,-0.0092667653881941,consistent,30.0,0.8472236851123115,baseline,0.0,0.0,7.44,8.9,-1.46,fedd0p3_spin_plus1_eps0p423_merger_boost_x2,0.3,0.42264973081037416,2.0,6.803888916541079,6366326.627408769,above_heavy_seed_scale
GS10013704_juodzbalis25,GS-10013704,5.919,spec,JADES,broad-line-agn,robust,individual_robust,juodzbalis25_jades_blagn,"Table 2 (BH/Lbol/lambda_Edd), Table 5 (Mstar)",False,False,False,True,0.0561861733638205,-0.0092667653881941,consistent,30.0,0.8472236851123115,baseline,0.0,0.0,7.44,8.9,-1.46,fedd1_eps0p1_no_merger_boost,1.0,0.1,1.0,0.08110857235970048,1.2053372335182566,light_seed_scale
GS10013704_juodzbalis25,GS-10013704,5.919,spec,JADES,broad-line-agn,robust,individual_robust,juodzbalis25_jades_blagn,"Table 2 (BH/Lbol/lambda_Edd), Table 5 (Mstar)",False,False,False,True,0.0561861733638205,-0.0092667653881941,consistent,30.0,0.8472236851123115,baseline,0.0,0.0,7.44,8.9,-1.46,fedd1_eps0p1_merger_boost_x2,1.0,0.1,2.0,-0.21992142330428077,0.6026686167591283,light_seed_scale
GS10013704_juodzbalis25,GS-10013704,5.919,spec,JADES,broad-line-agn,robust,individual_robust,juodzbalis25_jades_blagn,"Table 2 (BH/Lbol/lambda_Edd), Table 5 (Mstar)",False,False,False,True,0.0561861733638205,-0.0092667653881941,consistent,30.0,0.8472236851123115,baseline,0.0,0.0,7.44,8.9,-1.46,fedd1_spin_minus1_eps0p038_no_merger_boost,1.0,0.037749551350623745,1.0,-13.402327405102689,3.9597940150089914e-14,light_seed_scale
GS10013704_juodzbalis25,GS-10013704,5.919,spec,JADES,broad-line-agn,robust,individual_robust,juodzbalis25_jades_blagn,"Table 2 (BH/Lbol/lambda_Edd), Table 5 (Mstar)",False,False,False,True,0.0561861733638205,-0.0092667653881941,consistent,30.0,0.8472236851123115,baseline,0.0,0.0,7.44,8.9,-1.46,fedd1_spin_minus1_eps0p038_merger_boost_x2,1.0,0.037749551350623745,2.0,-13.70335740076667,1.9798970075044954e-14,light_seed_scale
GS10013704_juodzbalis25,GS-10013704,5.919,spec,JADES,broad-line-agn,robust,individual_robust,juodzbalis25_jades_blagn,"Table 2 (BH/Lbol/lambda_Edd), Table 5 (Mstar)",False,False,False,True,0.0561861733638205,-0.0092667653881941,consistent,30.0,0.8472236851123115,baseline,0.0,0.0,7.44,8.9,-1.46,fedd1_spin_0_eps0p057_no_merger_boost,1.0,0.057190958417936644,1.0,-6.039266198569167,9.135531121417797e-07,light_seed_scale
GS10013704_juodzbalis25,GS-10013704,5.919,spec,JADES,broad-line-agn,robust,individual_robust,juodzbalis25_jades_blagn,"Table 2 (BH/Lbol/lambda_Edd), Table 5 (Mstar)",False,False,False,True,0.0561861733638205,-0.0092667653881941,consistent,30.0,0.8472236851123115,baseline,0.0,0.0,7.44,8.9,-1.46,fedd1_spin_0_eps0p057_merger_boost_x2,1.0,0.057190958417936644,2.0,-6.340296194233148,4.567765560708898e-07,light_seed_scale
GS10013704_juodzbalis25,GS-10013704,5.919,spec,JADES,broad-line-agn,robust,individual_robust,juodzbalis25_jades_blagn,"Table 2 (BH/Lbol/lambda_Edd), Table 5 (Mstar)",False,False,False,True,0.0561861733638205,-0.0092667653881941,consistent,30.0,0.8472236851123115,baseline,0.0,0.0,7.44,8.9,-1.46,fedd1_spin_plus1_eps0p423_no_merger_boost,1.0,0.42264973081037416,1.0,6.323063040683535,2104083.8391266684,above_heavy_seed_scale
GS10013704_juodzbalis25,GS-10013704,5.919,spec,JADES,broad-line-agn,robust,individual_robust,juodzbalis25_jades_blagn,"Table 2 (BH/Lbol/lambda_Edd), Table 5 (Mstar)",False,False,False,True,0.0561861733638205,-0.0092667653881941,consistent,30.0,0.8472236851123115,baseline,0.0,0.0,7.44,8.9,-1.46,fedd1_spin_plus1_eps0p423_merger_boost_x2,1.0,0.42264973081037416,2.0,6.022033045019554,1052041.919563334,above_heavy_seed_scale
GS10013704_juodzbalis25,GS-10013704,5.919,spec,JADES,broad-line-agn,robust,individual_robust,juodzbalis25_jades_blagn,"Table 2 (BH/Lbol/lambda_Edd), Table 5 (Mstar)",False,False,False,True,0.0561861733638205,-0.0092667653881941,consistent,30.0,0.8472236851123115,baseline,0.0,0.0,7.44,8.9,-1.46,fedd2_eps0p1_no_merger_boost,2.0,0.1,1.0,-7.277782855280599,5.2749353920557936e-08,light_seed_scale
GS10013704_juodzbalis25,GS-10013704,5.919,spec,JADES,broad-line-agn,robust,individual_robust,juodzbalis25_jades_blagn,"Table 2 (BH/Lbol/lambda_Edd), Table 5 (Mstar)",False,False,False,True,0.0561861733638205,-0.0092667653881941,consistent,30.0,0.8472236851123115,baseline,0.0,0.0,7.44,8.9,-1.46,fedd2_eps0p1_merger_boost_x2,2.0,0.1,2.0,-7.578812850944581,2.6374676960278965e-08,light_seed_scale
GS10013704_juodzbalis25,GS-10013704,5.919,spec,JADES,broad-line-agn,robust,individual_robust,juodzbalis25_jades_blagn,"Table 2 (BH/Lbol/lambda_Edd), Table 5 (Mstar)",False,False,False,True,0.0561861733638205,-0.0092667653881941,consistent,30.0,0.8472236851123115,baseline,0.0,0.0,7.44,8.9,-1.46,fedd2_spin_minus1_eps0p038_no_merger_boost,2.0,0.037749551350623745,1.0,-34.24465481020538,5.693052513139703e-35,light_seed_scale
GS10013704_juodzbalis25,GS-10013704,5.919,spec,JADES,broad-line-agn,robust,individual_robust,juodzbalis25_jades_blagn,"Table 2 (BH/Lbol/lambda_Edd), Table 5 (Mstar)",False,False,False,True,0.0561861733638205,-0.0092667653881941,consistent,30.0,0.8472236851123115,baseline,0.0,0.0,7.44,8.9,-1.46,fedd2_spin_minus1_eps0p038_merger_boost_x2,2.0,0.037749551350623745,2.0,-34.545684805869364,2.846526256569851e-35,light_seed_scale
GS10013704_juodzbalis25,GS-10013704,5.919,spec,JADES,broad-line-agn,robust,individual_robust,juodzbalis25_jades_blagn,"Table 2 (BH/Lbol/lambda_Edd), Table 5 (Mstar)",False,False,False,True,0.0561861733638205,-0.0092667653881941,consistent,30.0,0.8472236851123115,baseline,0.0,0.0,7.44,8.9,-1.46,fedd2_spin_0_eps0p057_no_merger_boost,2.0,0.057190958417936644,1.0,-19.518532397138333,3.0301742469403854e-20,light_seed_scale
GS10013704_juodzbalis25,GS-10013704,5.919,spec,JADES,broad-line-agn,robust,individual_robust,juodzbalis25_jades_blagn,"Table 2 (BH/Lbol/lambda_Edd), Table 5 (Mstar)",False,False,False,True,0.0561861733638205,-0.0092667653881941,consistent,30.0,0.8472236851123115,baseline,0.0,0.0,7.44,8.9,-1.46,fedd2_spin_0_eps0p057_merger_boost_x2,2.0,0.057190958417936644,2.0,-19.819562392802315,1.5150871234701924e-20,light_seed_scale
GS10013704_juodzbalis25,GS-10013704,5.919,spec,JADES,broad-line-agn,robust,individual_robust,juodzbalis25_jades_blagn,"Table 2 (BH/Lbol/lambda_Edd), Table 5 (Mstar)",False,False,False,True,0.0561861733638205,-0.0092667653881941,consistent,30.0,0.8472236851123115,baseline,0.0,0.0,7.44,8.9,-1.46,fedd2_spin_plus1_eps0p423_no_merger_boost,2.0,0.42264973081037416,1.0,5.206126081367069,160740.783679591,heavy_seed_scale
GS10013704_juodzbalis25,GS-10013704,5.919,spec,JADES,broad-line-agn,robust,individual_robust,juodzbalis25_jades_blagn,"Table 2 (BH/Lbol/lambda_Edd), Table 5 (Mstar)",False,False,False,True,0.0561861733638205,-0.0092667653881941,consistent,30.0,0.8472236851123115,baseline,0.0,0.0,7.44,8.9,-1.46,fedd2_spin_plus1_eps0p423_merger_boost_x2,2.0,0.42264973081037416,2.0,4.905096085703088,80370.3918397955,heavy_seed_scale
GS10013704_juodzbalis25,GS-10013704,5.919,spec,JADES,broad-line-agn,robust,individual_robust,juodzbalis25_jades_blagn,"Table 2 (BH/Lbol/lambda_Edd), Table 5 (Mstar)",False,False,False,True,0.0561861733638205,-0.0092667653881941,consistent,30.0,0.8472236851123115,mbh_minus_0p3dex,-0.3,0.0,7.140000000000001,8.9,-1.7599999999999998,fedd0p3_eps0p1_no_merger_boost,0.3,0.1,1.0,4.93233257170791,85572.17520776385,heavy_seed_scale
GS10013704_juodzbalis25,GS-10013704,5.919,spec,JADES,broad-line-agn,robust,individual_robust,juodzbalis25_jades_blagn,"Table 2 (BH/Lbol/lambda_Edd), Table 5 (Mstar)",False,False,False,True,0.0561861733638205,-0.0092667653881941,consistent,30.0,0.8472236851123115,mbh_minus_0p3dex,-0.3,0.0,7.140000000000001,8.9,-1.7599999999999998,fedd0p3_eps0p1_merger_boost_x2,0.3,0.1,2.0,4.631302576043929,42786.087603881926,heavy_seed_scale
GS10013704_juodzbalis25,GS-10013704,5.919,spec,JADES,broad-line-agn,robust,individual_robust,juodzbalis25_jades_blagn,"Table 2 (BH/Lbol/lambda_Edd), Table 5 (Mstar)",False,False,False,True,0.0561861733638205,-0.0092667653881941,consistent,30.0,0.8472236851123115,mbh_minus_0p3dex,-0.3,0.0,7.140000000000001,8.9,-1.7599999999999998,fedd0p3_spin_minus1_eps0p038_no_merger_boost,0.3,0.037749551350623745,1.0,0.8873017784691939,7.714393333806495,light_seed_scale
GS10013704_juodzbalis25,GS-10013704,5.919,spec,JADES,broad-line-agn,robust,individual_robust,juodzbalis25_jades_blagn,"Table 2 (BH/Lbol/lambda_Edd), Table 5 (Mstar)",False,False,False,True,0.0561861733638205,-0.0092667653881941,consistent,30.0,0.8472236851123115,mbh_minus_0p3dex,-0.3,0.0,7.140000000000001,8.9,-1.7599999999999998,fedd0p3_spin_minus1_eps0p038_merger_boost_x2,0.3,0.037749551350623745,2.0,0.5862717828052126,3.857196666903247,light_seed_scale
GS10013704_juodzbalis25,GS-10013704,5.919,spec,JADES,broad-line-agn,robust,individual_robust,juodzbalis25_jades_blagn,"Table 2 (BH/Lbol/lambda_Edd), Table 5 (Mstar)",False,False,False,True,0.0561861733638205,-0.0092667653881941,consistent,30.0,0.8472236851123115,mbh_minus_0p3dex,-0.3,0.0,7.140000000000001,8.9,-1.7599999999999998,fedd0p3_spin_0_eps0p057_no_merger_boost,0.3,0.057190958417936644,1.0,3.09622014042925,1248.0159633336784,intermediate_seed_scale
GS10013704_juodzbalis25,GS-10013704,5.919,spec,JADES,broad-line-agn,robust,individual_robust,juodzbalis25_jades_blagn,"Table 2 (BH/Lbol/lambda_Edd), Table 5 (Mstar)",False,False,False,True,0.0561861733638205,-0.0092667653881941,consistent,30.0,0.8472236851123115,mbh_minus_0p3dex,-0.3,0.0,7.140000000000001,8.9,-1.7599999999999998,fedd0p3_spin_0_eps0p057_merger_boost_x2,0.3,0.057190958417936644,2.0,2.795190144765269,624.0079816668391,intermediate_seed_scale
GS10013704_juodzbalis25,GS-10013704,5.919,spec,JADES,broad-line-agn,robust,individual_robust,juodzbalis25_jades_blagn,"Table 2 (BH/Lbol/lambda_Edd), Table 5 (Mstar)",False,False,False,True,0.0561861733638205,-0.0092667653881941,consistent,30.0,0.8472236851123115,mbh_minus_0p3dex,-0.3,0.0,7.140000000000001,8.9,-1.7599999999999998,fedd0p3_spin_plus1_eps0p423_no_merger_boost,0.3,0.42264973081037416,1.0,6.804918912205061,6381443.26151729,above_heavy_seed_scale
GS10013704_juodzbalis25,GS-10013704,5.919,spec,JADES,broad-line-agn,robust,individual_robust,juodzbalis25_jades_blagn,"Table 2 (BH/Lbol/lambda_Edd), Table 5 (Mstar)",False,False,False,True,0.0561861733638205,-0.0092667653881941,consistent,30.0,0.8472236851123115,mbh_minus_0p3dex,-0.3,0.0,7.140000000000001,8.9,-1.7599999999999998,fedd0p3_spin_plus1_eps0p423_merger_boost_x2,0.3,0.42264973081037416,2.0,6.503888916541079,3190721.6307586445,above_heavy_seed_scale
GS10013704_juodzbalis25,GS-10013704,5.919,spec,JADES,broad-line-agn,robust,individual_robust,juodzbalis25_jades_blagn,"Table 2 (BH/Lbol/lambda_Edd), Table 5 (Mstar)",False,False,False,True,0.0561861733638205,-0.0092667653881941,consistent,30.0,0.8472236851123115,mbh_minus_0p3dex,-0.3,0.0,7.140000000000001,8.9,-1.7599999999999998,fedd1_eps0p1_no_merger_boost,1.0,0.1,1.0,-0.21889142764029934,0.6040996336549648,light_seed_scale
GS10013704_juodzbalis25,GS-10013704,5.919,spec,JADES,broad-line-agn,robust,individual_robust,juodzbalis25_jades_blagn,"Table 2 (BH/Lbol/lambda_Edd), Table 5 (Mstar)",False,False,False,True,0.0561861733638205,-0.0092667653881941,consistent,30.0,0.8472236851123115,mbh_minus_0p3dex,-0.3,0.0,7.140000000000001,8.9,-1.7599999999999998,fedd1_eps0p1_merger_boost_x2,1.0,0.1,2.0,-0.5199214233042806,0.3020498168274824,light_seed_scale
GS10013704_juodzbalis25,GS-10013704,5.919,spec,JADES,broad-line-agn,robust,individual_robust,juodzbalis25_jades_blagn,"Table 2 (BH/Lbol/lambda_Edd), Table 5 (Mstar)",False,False,False,True,0.0561861733638205,-0.0092667653881941,consistent,30.0,0.8472236851123115,mbh_minus_0p3dex,-0.3,0.0,7.140000000000001,8.9,-1.7599999999999998,fedd1_spin_minus1_eps0p038_no_merger_boost,1.0,0.037749551350623745,1.0,-13.70232740510269,1.9845982081161828e-14,light_seed_scale
GS10013704_juodzbalis25,GS-10013704,5.919,spec,JADES,broad-line-agn,robust,individual_robust,juodzbalis25_jades_blagn,"Table 2 (BH/Lbol/lambda_Edd), Table 5 (Mstar)",False,False,False,True,0.0561861733638205,-0.0092667653881941,consistent,30.0,0.8472236851123115,mbh_minus_0p3dex,-0.3,0.0,7.140000000000001,8.9,-1.7599999999999998,fedd1_spin_minus1_eps0p038_merger_boost_x2,1.0,0.037749551350623745,2.0,-14.00335740076667,9.922991040580912e-15,light_seed_scale
GS10013704_juodzbalis25,GS-10013704,5.919,spec,JADES,broad-line-agn,robust,individual_robust,juodzbalis25_jades_blagn,"Table 2 (BH/Lbol/lambda_Edd), Table 5 (Mstar)",False,False,False,True,0.0561861733638205,-0.0092667653881941,consistent,30.0,0.8472236851123115,mbh_minus_0p3dex,-0.3,0.0,7.140000000000001,8.9,-1.7599999999999998,fedd1_spin_0_eps0p057_no_merger_boost,1.0,0.057190958417936644,1.0,-6.339266198569167,4.578611570459241e-07,light_seed_scale
GS10013704_juodzbalis25,GS-10013704,5.919,spec,JADES,broad-line-agn,robust,individual_robust,juodzbalis25_jades_blagn,"Table 2 (BH/Lbol/lambda_Edd), Table 5 (Mstar)",False,False,False,True,0.0561861733638205,-0.0092667653881941,consistent,30.0,0.8472236851123115,mbh_minus_0p3dex,-0.3,0.0,7.140000000000001,8.9,-1.7599999999999998,fedd1_spin_0_eps0p057_merger_boost_x2,1.0,0.057190958417936644,2.0,-6.640296194233148,2.2893057852296198e-07,light_seed_scale
GS10013704_juodzbalis25,GS-10013704,5.919,spec,JADES,broad-line-agn,robust,individual_robust,juodzbalis25_jades_blagn,"Table 2 (BH/Lbol/lambda_Edd), Table 5 (Mstar)",False,False,False,True,0.0561861733638205,-0.0092667653881941,consistent,30.0,0.8472236851123115,mbh_minus_0p3dex,-0.3,0.0,7.140000000000001,8.9,-1.7599999999999998,fedd1_spin_plus1_eps0p423_no_merger_boost,1.0,0.42264973081037416,1.0,6.023063040683535,1054539.958651746,above_heavy_seed_scale
GS10013704_juodzbalis25,GS-10013704,5.919,spec,JADES,broad-line-agn,robust,individual_robust,juodzbalis25_jades_blagn,"Table 2 (BH/Lbol/lambda_Edd), Table 5 (Mstar)",False,False,False,True,0.0561861733638205,-0.0092667653881941,consistent,30.0,0.8472236851123115,mbh_minus_0p3dex,-0.3,0.0,7.140000000000001,8.9,-1.7599999999999998,fedd1_spin_plus1_eps0p423_merger_boost_x2,1.0,0.42264973081037416,2.0,5.722033045019554,527269.9793258728,heavy_seed_scale
GS10013704_juodzbalis25,GS-10013704,5.919,spec,JADES,broad-line-agn,robust,individual_robust,juodzbalis25_jades_blagn,"Table 2 (BH/Lbol/lambda_Edd), Table 5 (Mstar)",False,False,False,True,0.0561861733638205,-0.0092667653881941,consistent,30.0,0.8472236851123115,mbh_minus_0p3dex,-0.3,0.0,7.140000000000001,8.9,-1.7599999999999998,fedd2_eps0p1_no_merger_boost,2.0,0.1,1.0,-7.577782855280599,2.6437302767070354e-08,light_seed_scale
GS10013704_juodzbalis25,GS-10013704,5.919,spec,JADES,broad-line-agn,robust,individual_robust,juodzbalis25_jades_blagn,"Table 2 (BH/Lbol/lambda_Edd), Table 5 (Mstar)",False,False,False,True,0.0561861733638205,-0.0092667653881941,consistent,30.0,0.8472236851123115,mbh_minus_0p3dex,-0.3,0.0,7.140000000000001,8.9,-1.7599999999999998,fedd2_eps0p1_merger_boost_x2,2.0,0.1,2.0,-7.8788128509445805,1.3218651383535174e-08,light_seed_scale
GS10013704_juodzbalis25,GS-10013704,5.919,spec,JADES,broad-line-agn,robust,individual_robust,juodzbalis25_jades_blagn,"Table 2 (BH/Lbol/lambda_Edd), Table 5 (Mstar)",False,False,False,True,0.0561861733638205,-0.0092667653881941,consistent,30.0,0.8472236851123115,mbh_minus_0p3dex,-0.3,0.0,7.140000000000001,8.9,-1.7599999999999998,fedd2_spin_minus1_eps0p038_no_merger_boost,2.0,0.037749551350623745,1.0,-34.54465481020538,2.8532852399552965e-35,light_seed_scale
GS10013704_juodzbalis25,GS-10013704,5.919,spec,JADES,broad-line-agn,robust,individual_robust,juodzbalis25_jades_blagn,"Table 2 (BH/Lbol/lambda_Edd), Table 5 (Mstar)",False,False,False,True,0.0561861733638205,-0.0092667653881941,consistent,30.0,0.8472236851123115,mbh_minus_0p3dex,-0.3,0.0,7.140000000000001,8.9,-1.7599999999999998,fedd2_spin_minus1_eps0p038_merger_boost_x2,2.0,0.037749551350623745,2.0,-34.84568480586936,1.426642619977648e-35,light_seed_scale
GS10013704_juodzbalis25,GS-10013704,5.919,spec,JADES,broad-line-agn,robust,individual_robust,juodzbalis25_jades_blagn,"Table 2 (BH/Lbol/lambda_Edd), Table 5 (Mstar)",False,False,False,True,0.0561861733638205,-0.0092667653881941,consistent,30.0,0.8472236851123115,mbh_minus_0p3dex,-0.3,0.0,7.140000000000001,8.9,-1.7599999999999998,fedd2_spin_0_eps0p057_no_merger_boost,2.0,0.057190958417936644,1.0,-19.818532397138334,1.5186846482326523e-20,light_seed_scale
GS10013704_juodzbalis25,GS-10013704,5.919,spec,JADES,broad-line-agn,robust,individual_robust,juodzbalis25_jades_blagn,"Table 2 (BH/Lbol/lambda_Edd), Table 5 (Mstar)",False,False,False,True,0.0561861733638205,-0.0092667653881941,consistent,30.0,0.8472236851123115,mbh_minus_0p3dex,-0.3,0.0,7.140000000000001,8.9,-1.7599999999999998,fedd2_spin_0_eps0p057_merger_boost_x2,2.0,0.057190958417936644,2.0,-20.119562392802315,7.59342324116326e-21,light_seed_scale
GS10013704_juodzbalis25,GS-10013704,5.919,spec,JADES,broad-line-agn,robust,individual_robust,juodzbalis25_jades_blagn,"Table 2 (BH/Lbol/lambda_Edd), Table 5 (Mstar)",False,False,False,True,0.0561861733638205,-0.0092667653881941,consistent,30.0,0.8472236851123115,mbh_minus_0p3dex,-0.3,0.0,7.140000000000001,8.9,-1.7599999999999998,fedd2_spin_plus1_eps0p423_no_merger_boost,2.0,0.42264973081037416,1.0,4.90612608136707,80561.22870345421,heavy_seed_scale
GS10013704_juodzbalis25,GS-10013704,5.919,spec,JADES,broad-line-agn,robust,individual_robust,juodzbalis25_jades_blagn,"Table 2 (BH/Lbol/lambda_Edd), Table 5 (Mstar)",False,False,False,True,0.0561861733638205,-0.0092667653881941,consistent,30.0,0.8472236851123115,mbh_minus_0p3dex,-0.3,0.0,7.140000000000001,8.9,-1.7599999999999998,fedd2_spin_plus1_eps0p423_merger_boost_x2,2.0,0.42264973081037416,2.0,4.605096085703089,40280.6143517271,heavy_seed_scale
GS10013704_juodzbalis25,GS-10013704,5.919,spec,JADES,broad-line-agn,robust,individual_robust,juodzbalis25_jades_blagn,"Table 2 (BH/Lbol/lambda_Edd), Table 5 (Mstar)",False,False,False,True,0.0561861733638205,-0.0092667653881941,consistent,30.0,0.8472236851123115,mbh_plus_0p3dex,0.3,0.0,7.74,8.9,-1.1600000000000001,fedd0p3_eps0p1_no_merger_boost,0.3,0.1,1.0,5.53233257170791,340668.96550070966,heavy_seed_scale
GS10013704_juodzbalis25,GS-10013704,5.919,spec,JADES,broad-line-agn,robust,individual_robust,juodzbalis25_jades_blagn,"Table 2 (BH/Lbol/lambda_Edd), Table 5 (Mstar)",False,False,False,True,0.0561861733638205,-0.0092667653881941,consistent,30.0,0.8472236851123115,mbh_plus_0p3dex,0.3,0.0,7.74,8.9,-1.1600000000000001,fedd0p3_eps0p1_merger_boost_x2,0.3,0.1,2.0,5.2313025760439285,170334.48275035483,heavy_seed_scale
GS10013704_juodzbalis25,GS-10013704,5.919,spec,JADES,broad-line-agn,robust,individual_robust,juodzbalis25_jades_blagn,"Table 2 (BH/Lbol/lambda_Edd), Table 5 (Mstar)",False,False,False,True,0.0561861733638205,-0.0092667653881941,consistent,30.0,0.8472236851123115,mbh_plus_0p3dex,0.3,0.0,7.74,8.9,-1.1600000000000001,fedd0p3_spin_minus1_eps0p038_no_merger_boost,0.3,0.037749551350623745,1.0,1.4873017784691935,30.711553026584617,light_seed_scale
GS10013704_juodzbalis25,GS-10013704,5.919,spec,JADES,broad-line-agn,robust,individual_robust,juodzbalis25_jades_blagn,"Table 2 (BH/Lbol/lambda_Edd), Table 5 (Mstar)",False,False,False,True,0.0561861733638205,-0.0092667653881941,consistent,30.0,0.8472236851123115,mbh_plus_0p3dex,0.3,0.0,7.74,8.9,-1.1600000000000001,fedd0p3_spin_minus1_eps0p038_merger_boost_x2,0.3,0.037749551350623745,2.0,1.1862717828052123,15.355776513292307,light_seed_scale
GS10013704_juodzbalis25,GS-10013704,5.919,spec,JADES,broad-line-agn,robust,individual_robust,juodzbalis25_jades_blagn,"Table 2 (BH/Lbol/lambda_Edd), Table 5 (Mstar)",False,False,False,True,0.0561861733638205,-0.0092667653881941,consistent,30.0,0.8472236851123115,mbh_plus_0p3dex,0.3,0.0,7.74,8.9,-1.1600000000000001,fedd0p3_spin_0_eps0p057_no_merger_boost,0.3,0.057190958417936644,1.0,3.69622014042925,4968.441039683675,intermediate_seed_scale
GS10013704_juodzbalis25,GS-10013704,5.919,spec,JADES,broad-line-agn,robust,individual_robust,juodzbalis25_jades_blagn,"Table 2 (BH/Lbol/lambda_Edd), Table 5 (Mstar)",False,False,False,True,0.0561861733638205,-0.0092667653881941,consistent,30.0,0.8472236851123115,mbh_plus_0p3dex,0.3,0.0,7.74,8.9,-1.1600000000000001,fedd0p3_spin_0_eps0p057_merger_boost_x2,0.3,0.057190958417936644,2.0,3.3951901447652686,2484.220519841837,intermediate_seed_scale
GS10013704_juodzbalis25,GS-10013704,5.919,spec,JADES,broad-line-agn,robust,individual_robust,juodzbalis25_jades_blagn,"Table 2 (BH/Lbol/lambda_Edd), Table 5 (Mstar)",False,False,False,True,0.0561861733638205,-0.0092667653881941,consistent,30.0,0.8472236851123115,mbh_plus_0p3dex,0.3,0.0,7.74,8.9,-1.1600000000000001,fedd0p3_spin_plus1_eps0p423_no_merger_boost,0.3,0.42264973081037416,1.0,7.40491891220506,25404983.208903275,above_heavy_seed_scale
GS10013704_juodzbalis25,GS-10013704,5.919,spec,JADES,broad-line-agn,robust,individual_robust,juodzbalis25_jades_blagn,"Table 2 (BH/Lbol/lambda_Edd), Table 5 (Mstar)",False,False,False,True,0.0561861733638205,-0.0092667653881941,consistent,30.0,0.8472236851123115,mbh_plus_0p3dex,0.3,0.0,7.74,8.9,-1.1600000000000001,fedd0p3_spin_plus1_eps0p423_merger_boost_x2,0.3,0.42264973081037416,2.0,7.103888916541079,12702491.604451636,above_heavy_seed_scale
GS10013704_juodzbalis25,GS-10013704,5.919,spec,JADES,broad-line-agn,robust,individual_robust,juodzbalis25_jades_blagn,"Table 2 (BH/Lbol/lambda_Edd), Table 5 (Mstar)",False,False,False,True,0.0561861733638205,-0.0092667653881941,consistent,30.0,0.8472236851123115,mbh_plus_0p3dex,0.3,0.0,7.74,8.9,-1.1600000000000001,fedd1_eps0p1_no_merger_boost,1.0,0.1,1.0,0.3811085723597003,2.4049639588678207,light_seed_scale
GS10013704_juodzbalis25,GS-10013704,5.919,spec,JADES,broad-line-agn,robust,individual_robust,juodzbalis25_jades_blagn,"Table 2 (BH/Lbol/lambda_Edd), Table 5 (Mstar)",False,False,False,True,0.0561861733638205,-0.0092667653881941,consistent,30.0,0.8472236851123115,mbh_plus_0p3dex,0.3,0.0,7.74,8.9,-1.1600000000000001,fedd1_eps0p1_merger_boost_x2,1.0,0.1,2.0,0.08007857669571905,1.2024819794339103,light_seed_scale
GS10013704_juodzbalis25,GS-10013704,5.919,spec,JADES,broad-line-agn,robust,individual_robust,juodzbalis25_jades_blagn,"Table 2 (BH/Lbol/lambda_Edd), Table 5 (Mstar)",False,False,False,True,0.0561861733638205,-0.0092667653881941,consistent,30.0,0.8472236851123115,mbh_plus_0p3dex,0.3,0.0,7.74,8.9,-1.1600000000000001,fedd1_spin_minus1_eps0p038_no_merger_boost,1.0,0.037749551350623745,1.0,-13.10232740510269,7.900827773186736e-14,light_seed_scale
GS10013704_juodzbalis25,GS-10013704,5.919,spec,JADES,broad-line-agn,robust,individual_robust,juodzbalis25_jades_blagn,"Table 2 (BH/Lbol/lambda_Edd), Table 5 (Mstar)",False,False,False,True,0.0561861733638205,-0.0092667653881941,consistent,30.0,0.8472236851123115,mbh_plus_0p3dex,0.3,0.0,7.74,8.9,-1.1600000000000001,fedd1_spin_minus1_eps0p038_merger_boost_x2,1.0,0.037749551350623745,2.0,-13.403357400766671,3.950413886593367e-14,light_seed_scale
GS10013704_juodzbalis25,GS-10013704,5.919,spec,JADES,broad-line-agn,robust,individual_robust,juodzbalis25_jades_blagn,"Table 2 (BH/Lbol/lambda_Edd), Table 5 (Mstar)",False,False,False,True,0.0561861733638205,-0.0092667653881941,consistent,30.0,0.8472236851123115,mbh_plus_0p3dex,0.3,0.0,7.74,8.9,-1.1600000000000001,fedd1_spin_0_eps0p057_no_merger_boost,1.0,0.057190958417936644,1.0,-5.739266198569167,1.8227780973790314e-06,light_seed_scale
GS10013704_juodzbalis25,GS-10013704,5.919,spec,JADES,broad-line-agn,robust,individual_robust,juodzbalis25_jades_blagn,"Table 2 (BH/Lbol/lambda_Edd), Table 5 (Mstar)",False,False,False,True,0.0561861733638205,-0.0092667653881941,consistent,30.0,0.8472236851123115,mbh_plus_0p3dex,0.3,0.0,7.74,8.9,-1.1600000000000001,fedd1_spin_0_eps0p057_merger_boost_x2,1.0,0.057190958417936644,2.0,-6.040296194233148,9.113890486895155e-07,light_seed_scale
GS10013704_juodzbalis25,GS-10013704,5.919,spec,JADES,broad-line-agn,robust,individual_robust,juodzbalis25_jades_blagn,"Table 2 (BH/Lbol/lambda_Edd), Table 5 (Mstar)",False,False,False,True,0.0561861733638205,-0.0092667653881941,consistent,30.0,0.8472236851123115,mbh_plus_0p3dex,0.3,0.0,7.74,8.9,-1.1600000000000001,fedd1_spin_plus1_eps0p423_no_merger_boost,1.0,0.42264973081037416,1.0,6.623063040683535,4198199.191744482,above_heavy_seed_scale
GS10013704_juodzbalis25,GS-10013704,5.919,spec,JADES,broad-line-agn,robust,individual_robust,juodzbalis25_jades_blagn,"Table 2 (BH/Lbol/lambda_Edd), Table 5 (Mstar)",False,False,False,True,0.0561861733638205,-0.0092667653881941,consistent,30.0,0.8472236851123115,mbh_plus_0p3dex,0.3,0.0,7.74,8.9,-1.1600000000000001,fedd1_spin_plus1_eps0p423_merger_boost_x2,1.0,0.42264973081037416,2.0,6.322033045019554,2099099.5958722406,above_heavy_seed_scale
GS10013704_juodzbalis25,GS-10013704,5.919,spec,JADES,broad-line-agn,robust,individual_robust,juodzbalis25_jades_blagn,"Table 2 (BH/Lbol/lambda_Edd), Table 5 (Mstar)",False,False,False,True,0.0561861733638205,-0.0092667653881941,consistent,30.0,0.8472236851123115,mbh_plus_0p3dex,0.3,0.0,7.74,8.9,-1.1600000000000001,fedd2_eps0p1_no_merger_boost,2.0,0.1,1.0,-6.9777828552806,1.0524879801664514e-07,light_seed_scale
GS10013704_juodzbalis25,GS-10013704,5.919,spec,JADES,broad-line-agn,robust,individual_robust,juodzbalis25_jades_blagn,"Table 2 (BH/Lbol/lambda_Edd), Table 5 (Mstar)",False,False,False,True,0.0561861733638205,-0.0092667653881941,consistent,30.0,0.8472236851123115,mbh_plus_0p3dex,0.3,0.0,7.74,8.9,-1.1600000000000001,fedd2_eps0p1_merger_boost_x2,2.0,0.1,2.0,-7.278812850944581,5.2624399008322555e-08,light_seed_scale
GS10013704_juodzbalis25,GS-10013704,5.919,spec,JADES,broad-line-agn,robust,individual_robust,juodzbalis25_jades_blagn,"Table 2 (BH/Lbol/lambda_Edd), Table 5 (Mstar)",False,False,False,True,0.0561861733638205,-0.0092667653881941,consistent,30.0,0.8472236851123115,mbh_plus_0p3dex,0.3,0.0,7.74,8.9,-1.1600000000000001,fedd2_spin_minus1_eps0p038_no_merger_boost,2.0,0.037749551350623745,1.0,-33.94465481020538,1.1359133136606633e-34,light_seed_scale
GS10013704_juodzbalis25,GS-10013704,5.919,spec,JADES,broad-line-agn,robust,individual_robust,juodzbalis25_jades_blagn,"Table 2 (BH/Lbol/lambda_Edd), Table 5 (Mstar)",False,False,False,True,0.0561861733638205,-0.0092667653881941,consistent,30.0,0.8472236851123115,mbh_plus_0p3dex,0.3,0.0,7.74,8.9,-1.1600000000000001,fedd2_spin_minus1_eps0p038_merger_boost_x2,2.0,0.037749551350623745,2.0,-34.24568480586936,5.679566568303316e-35,light_seed_scale
GS10013704_juodzbalis25,GS-10013704,5.919,spec,JADES,broad-line-agn,robust,individual_robust,juodzbalis25_jades_blagn,"Table 2 (BH/Lbol/lambda_Edd), Table 5 (Mstar)",False,False,False,True,0.0561861733638205,-0.0092667653881941,consistent,30.0,0.8472236851123115,mbh_plus_0p3dex,0.3,0.0,7.74,8.9,-1.1600000000000001,fedd2_spin_0_eps0p057_no_merger_boost,2.0,0.057190958417936644,1.0,-19.218532397138333,6.045992482709365e-20,light_seed_scale
GS10013704_juodzbalis25,GS-10013704,5.919,spec,JADES,broad-line-agn,robust,individual_robust,juodzbalis25_jades_blagn,"Table 2 (BH/Lbol/lambda_Edd), Table 5 (Mstar)",False,False,False,True,0.0561861733638205,-0.0092667653881941,consistent,30.0,0.8472236851123115,mbh_plus_0p3dex,0.3,0.0,7.74,8.9,-1.1600000000000001,fedd2_spin_0_eps0p057_merger_boost_x2,2.0,0.057190958417936644,2.0,-19.519562392802314,3.022996241354682e-20,light_seed_scale
GS10013704_juodzbalis25,GS-10013704,5.919,spec,JADES,broad-line-agn,robust,individual_robust,juodzbalis25_jades_blagn,"Table 2 (BH/Lbol/lambda_Edd), Table 5 (Mstar)",False,False,False,True,0.0561861733638205,-0.0092667653881941,consistent,30.0,0.8472236851123115,mbh_plus_0p3dex,0.3,0.0,7.74,8.9,-1.1600000000000001,fedd2_spin_plus1_eps0p423_no_merger_boost,2.0,0.42264973081037416,1.0,5.50612608136707,320720.0281544532,heavy_seed_scale
GS10013704_juodzbalis25,GS-10013704,5.919,spec,JADES,broad-line-agn,robust,individual_robust,juodzbalis25_jades_blagn,"Table 2 (BH/Lbol/lambda_Edd), Table 5 (Mstar)",False,False,False,True,0.0561861733638205,-0.0092667653881941,consistent,30.0,0.8472236851123115,mbh_plus_0p3dex,0.3,0.0,7.74,8.9,-1.1600000000000001,fedd2_spin_plus1_eps0p423_merger_boost_x2,2.0,0.42264973081037416,2.0,5.205096085703088,160360.01407722657,heavy_seed_scale
GS10013704_juodzbalis25,GS-10013704,5.919,spec,JADES,broad-line-agn,robust,individual_robust,juodzbalis25_jades_blagn,"Table 2 (BH/Lbol/lambda_Edd), Table 5 (Mstar)",False,False,False,True,0.0561861733638205,-0.0092667653881941,consistent,30.0,0.8472236851123115,mstar_agn_20pct,0.0,0.2,7.44,8.803089986991944,-1.3630899869919437,fedd0p3_eps0p1_no_merger_boost,0.3,0.1,1.0,5.232332571707911,170738.93640196577,heavy_seed_scale
GS10013704_juodzbalis25,GS-10013704,5.919,spec,JADES,broad-line-agn,robust,individual_robust,juodzbalis25_jades_blagn,"Table 2 (BH/Lbol/lambda_Edd), Table 5 (Mstar)",False,False,False,True,0.0561861733638205,-0.0092667653881941,consistent,30.0,0.8472236851123115,mstar_agn_20pct,0.0,0.2,7.44,8.803089986991944,-1.3630899869919437,fedd0p3_eps0p1_merger_boost_x2,0.3,0.1,2.0,4.9313025760439295,85369.46820098287,heavy_seed_scale
GS10013704_juodzbalis25,GS-10013704,5.919,spec,JADES,broad-line-agn,robust,individual_robust,juodzbalis25_jades_blagn,"Table 2 (BH/Lbol/lambda_Edd), Table 5 (Mstar)",False,False,False,True,0.0561861733638205,-0.0092667653881941,consistent,30.0,0.8472236851123115,mstar_agn_20pct,0.0,0.2,7.44,8.803089986991944,-1.3630899869919437,fedd0p3_spin_minus1_eps0p038_no_merger_boost,0.3,0.037749551350623745,1.0,1.1873017784691937,15.392238301791233,light_seed_scale
GS10013704_juodzbalis25,GS-10013704,5.919,spec,JADES,broad-line-agn,robust,individual_robust,juodzbalis25_jades_blagn,"Table 2 (BH/Lbol/lambda_Edd), Table 5 (Mstar)",False,False,False,True,0.0561861733638205,-0.0092667653881941,consistent,30.0,0.8472236851123115,mstar_agn_20pct,0.0,0.2,7.44,8.803089986991944,-1.3630899869919437,fedd0p3_spin_minus1_eps0p038_merger_boost_x2,0.3,0.037749551350623745,2.0,0.8862717828052125,7.6961191508956155,light_seed_scale
GS10013704_juodzbalis25,GS-10013704,5.919,spec,JADES,broad-line-agn,robust,individual_robust,juodzbalis25_jades_blagn,"Table 2 (BH/Lbol/lambda_Edd), Table 5 (Mstar)",False,False,False,True,0.0561861733638205,-0.0092667653881941,consistent,30.0,0.8472236851123115,mstar_agn_20pct,0.0,0.2,7.44,8.803089986991944,-1.3630899869919437,fedd0p3_spin_0_eps0p057_no_merger_boost,0.3,0.057190958417936644,1.0,3.39622014042925,2490.1192201192707,intermediate_seed_scale
GS10013704_juodzbalis25,GS-10013704,5.919,spec,JADES,broad-line-agn,robust,individual_robust,juodzbalis25_jades_blagn,"Table 2 (BH/Lbol/lambda_Edd), Table 5 (Mstar)",False,False,False,True,0.0561861733638205,-0.0092667653881941,consistent,30.0,0.8472236851123115,mstar_agn_20pct,0.0,0.2,7.44,8.803089986991944,-1.3630899869919437,fedd0p3_spin_0_eps0p057_merger_boost_x2,0.3,0.057190958417936644,2.0,3.0951901447652688,1245.0596100596351,intermediate_seed_scale
GS10013704_juodzbalis25,GS-10013704,5.919,spec,JADES,broad-line-agn,robust,individual_robust,juodzbalis25_jades_blagn,"Table 2 (BH/Lbol/lambda_Edd), Table 5 (Mstar)",False,False,False,True,0.0561861733638205,-0.0092667653881941,consistent,30.0,0.8472236851123115,mstar_agn_20pct,0.0,0.2,7.44,8.803089986991944,-1.3630899869919437,fedd0p3_spin_plus1_eps0p423_no_merger_boost,0.3,0.42264973081037416,1.0,7.10491891220506,12732653.25481754,above_heavy_seed_scale
GS10013704_juodzbalis25,GS-10013704,5.919,spec,JADES,broad-line-agn,robust,individual_robust,juodzbalis25_jades_blagn,"Table 2 (BH/Lbol/lambda_Edd), Table 5 (Mstar)",False,False,False,True,0.0561861733638205,-0.0092667653881941,consistent,30.0,0.8472236851123115,mstar_agn_20pct,0.0,0.2,7.44,8.803089986991944,-1.3630899869919437,fedd0p3_spin_plus1_eps0p423_merger_boost_x2,0.3,0.42264973081037416,2.0,6.803888916541079,6366326.627408769,above_heavy_seed_scale
GS10013704_juodzbalis25,GS-10013704,5.919,spec,JADES,broad-line-agn,robust,individual_robust,juodzbalis25_jades_blagn,"Table 2 (BH/Lbol/lambda_Edd), Table 5 (Mstar)",False,False,False,True,0.0561861733638205,-0.0092667653881941,consistent,30.0,0.8472236851123115,mstar_agn_20pct,0.0,0.2,7.44,8.803089986991944,-1.3630899869919437,fedd1_eps0p1_no_merger_boost,1.0,0.1,1.0,0.08110857235970048,1.2053372335182566,light_seed_scale
GS10013704_juodzbalis25,GS-10013704,5.919,spec,JADES,broad-line-agn,robust,individual_robust,juodzbalis25_jades_blagn,"Table 2 (BH/Lbol/lambda_Edd), Table 5 (Mstar)",False,False,False,True,0.0561861733638205,-0.0092667653881941,consistent,30.0,0.8472236851123115,mstar_agn_20pct,0.0,0.2,7.44,8.803089986991944,-1.3630899869919437,fedd1_eps0p1_merger_boost_x2,1.0,0.1,2.0,-0.21992142330428077,0.6026686167591283,light_seed_scale
GS10013704_juodzbalis25,GS-10013704,5.919,spec,JADES,broad-line-agn,robust,individual_robust,juodzbalis25_jades_blagn,"Table 2 (BH/Lbol/lambda_Edd), Table 5 (Mstar)",False,False,False,True,0.0561861733638205,-0.0092667653881941,consistent,30.0,0.8472236851123115,mstar_agn_20pct,0.0,0.2,7.44,8.803089986991944,-1.3630899869919437,fedd1_spin_minus1_eps0p038_no_merger_boost,1.0,0.037749551350623745,1.0,-13.402327405102689,3.9597940150089914e-14,light_seed_scale
GS10013704_juodzbalis25,GS-10013704,5.919,spec,JADES,broad-line-agn,robust,individual_robust,juodzbalis25_jades_blagn,"Table 2 (BH/Lbol/lambda_Edd), Table 5 (Mstar)",False,False,False,True,0.0561861733638205,-0.0092667653881941,consistent,30.0,0.8472236851123115,mstar_agn_20pct,0.0,0.2,7.44,8.803089986991944,-1.3630899869919437,fedd1_spin_minus1_eps0p038_merger_boost_x2,1.0,0.037749551350623745,2.0,-13.70335740076667,1.9798970075044954e-14,light_seed_scale
GS10013704_juodzbalis25,GS-10013704,5.919,spec,JADES,broad-line-agn,robust,individual_robust,juodzbalis25_jades_blagn,"Table 2 (BH/Lbol/lambda_Edd), Table 5 (Mstar)",False,False,False,True,0.0561861733638205,-0.0092667653881941,consistent,30.0,0.8472236851123115,mstar_agn_20pct,0.0,0.2,7.44,8.803089986991944,-1.3630899869919437,fedd1_spin_0_eps0p057_no_merger_boost,1.0,0.057190958417936644,1.0,-6.039266198569167,9.135531121417797e-07,light_seed_scale
GS10013704_juodzbalis25,GS-10013704,5.919,spec,JADES,broad-line-agn,robust,individual_robust,juodzbalis25_jades_blagn,"Table 2 (BH/Lbol/lambda_Edd), Table 5 (Mstar)",False,False,False,True,0.0561861733638205,-0.0092667653881941,consistent,30.0,0.8472236851123115,mstar_agn_20pct,0.0,0.2,7.44,8.803089986991944,-1.3630899869919437,fedd1_spin_0_eps0p057_merger_boost_x2,1.0,0.057190958417936644,2.0,-6.340296194233148,4.567765560708898e-07,light_seed_scale
GS10013704_juodzbalis25,GS-10013704,5.919,spec,JADES,broad-line-agn,robust,individual_robust,juodzbalis25_jades_blagn,"Table 2 (BH/Lbol/lambda_Edd), Table 5 (Mstar)",False,False,False,True,0.0561861733638205,-0.0092667653881941,consistent,30.0,0.8472236851123115,mstar_agn_20pct,0.0,0.2,7.44,8.803089986991944,-1.3630899869919437,fedd1_spin_plus1_eps0p423_no_merger_boost,1.0,0.42264973081037416,1.0,6.323063040683535,2104083.8391266684,above_heavy_seed_scale
GS10013704_juodzbalis25,GS-10013704,5.919,spec,JADES,broad-line-agn,robust,individual_robust,juodzbalis25_jades_blagn,"Table 2 (BH/Lbol/lambda_Edd), Table 5 (Mstar)",False,False,False,True,0.0561861733638205,-0.0092667653881941,consistent,30.0,0.8472236851123115,mstar_agn_20pct,0.0,0.2,7.44,8.803089986991944,-1.3630899869919437,fedd1_spin_plus1_eps0p423_merger_boost_x2,1.0,0.42264973081037416,2.0,6.022033045019554,1052041.919563334,above_heavy_seed_scale
GS10013704_juodzbalis25,GS-10013704,5.919,spec,JADES,broad-line-agn,robust,individual_robust,juodzbalis25_jades_blagn,"Table 2 (BH/Lbol/lambda_Edd), Table 5 (Mstar)",False,False,False,True,0.0561861733638205,-0.0092667653881941,consistent,30.0,0.8472236851123115,mstar_agn_20pct,0.0,0.2,7.44,8.803089986991944,-1.3630899869919437,fedd2_eps0p1_no_merger_boost,2.0,0.1,1.0,-7.277782855280599,5.2749353920557936e-08,light_seed_scale
GS10013704_juodzbalis25,GS-10013704,5.919,spec,JADES,broad-line-agn,robust,individual_robust,juodzbalis25_jades_blagn,"Table 2 (BH/Lbol/lambda_Edd), Table 5 (Mstar)",False,False,False,True,0.0561861733638205,-0.0092667653881941,consistent,30.0,0.8472236851123115,mstar_agn_20pct,0.0,0.2,7.44,8.803089986991944,-1.3630899869919437,fedd2_eps0p1_merger_boost_x2,2.0,0.1,2.0,-7.578812850944581,2.6374676960278965e-08,light_seed_scale
GS10013704_juodzbalis25,GS-10013704,5.919,spec,JADES,broad-line-agn,robust,individual_robust,juodzbalis25_jades_blagn,"Table 2 (BH/Lbol/lambda_Edd), Table 5 (Mstar)",False,False,False,True,0.0561861733638205,-0.0092667653881941,consistent,30.0,0.8472236851123115,mstar_agn_20pct,0.0,0.2,7.44,8.803089986991944,-1.3630899869919437,fedd2_spin_minus1_eps0p038_no_merger_boost,2.0,0.037749551350623745,1.0,-34.24465481020538,5.693052513139703e-35,light_seed_scale
GS10013704_juodzbalis25,GS-10013704,5.919,spec,JADES,broad-line-agn,robust,individual_robust,juodzbalis25_jades_blagn,"Table 2 (BH/Lbol/lambda_Edd), Table 5 (Mstar)",False,False,False,True,0.0561861733638205,-0.0092667653881941,consistent,30.0,0.8472236851123115,mstar_agn_20pct,0.0,0.2,7.44,8.803089986991944,-1.3630899869919437,fedd2_spin_minus1_eps0p038_merger_boost_x2,2.0,0.037749551350623745,2.0,-34.545684805869364,2.846526256569851e-35,light_seed_scale
GS10013704_juodzbalis25,GS-10013704,5.919,spec,JADES,broad-line-agn,robust,individual_robust,juodzbalis25_jades_blagn,"Table 2 (BH/Lbol/lambda_Edd), Table 5 (Mstar)",False,False,False,True,0.0561861733638205,-0.0092667653881941,consistent,30.0,0.8472236851123115,mstar_agn_20pct,0.0,0.2,7.44,8.803089986991944,-1.3630899869919437,fedd2_spin_0_eps0p057_no_merger_boost,2.0,0.057190958417936644,1.0,-19.518532397138333,3.0301742469403854e-20,light_seed_scale
GS10013704_juodzbalis25,GS-10013704,5.919,spec,JADES,broad-line-agn,robust,individual_robust,juodzbalis25_jades_blagn,"Table 2 (BH/Lbol/lambda_Edd), Table 5 (Mstar)",False,False,False,True,0.0561861733638205,-0.0092667653881941,consistent,30.0,0.8472236851123115,mstar_agn_20pct,0.0,0.2,7.44,8.803089986991944,-1.3630899869919437,fedd2_spin_0_eps0p057_merger_boost_x2,2.0,0.057190958417936644,2.0,-19.819562392802315,1.5150871234701924e-20,light_seed_scale
GS10013704_juodzbalis25,GS-10013704,5.919,spec,JADES,broad-line-agn,robust,individual_robust,juodzbalis25_jades_blagn,"Table 2 (BH/Lbol/lambda_Edd), Table 5 (Mstar)",False,False,False,True,0.0561861733638205,-0.0092667653881941,consistent,30.0,0.8472236851123115,mstar_agn_20pct,0.0,0.2,7.44,8.803089986991944,-1.3630899869919437,fedd2_spin_plus1_eps0p423_no_merger_boost,2.0,0.42264973081037416,1.0,5.206126081367069,160740.783679591,heavy_seed_scale
GS10013704_juodzbalis25,GS-10013704,5.919,spec,JADES,broad-line-agn,robust,individual_robust,juodzbalis25_jades_blagn,"Table 2 (BH/Lbol/lambda_Edd), Table 5 (Mstar)",False,False,False,True,0.0561861733638205,-0.0092667653881941,consistent,30.0,0.8472236851123115,mstar_agn_20pct,0.0,0.2,7.44,8.803089986991944,-1.3630899869919437,fedd2_spin_plus1_eps0p423_merger_boost_x2,2.0,0.42264973081037416,2.0,4.905096085703088,80370.3918397955,heavy_seed_scale
GS210600_juodzbalis25,GS-210600,6.306,spec,JADES,broad-line-agn,robust,individual_robust,juodzbalis25_jades_blagn,"Table 2 (BH/Lbol/lambda_Edd), Table 5 (Mstar)",False,False,False,True,0.0602045694467599,-0.0237545992099406,consistent,30.0,0.7731118349309066,baseline,0.0,0.0,7.41,8.4,-0.9900000000000002,fedd0p3_eps0p1_no_merger_boost,0.3,0.1,1.0,5.395450777172458,248571.18183086158,heavy_seed_scale
GS210600_juodzbalis25,GS-210600,6.306,spec,JADES,broad-line-agn,robust,individual_robust,juodzbalis25_jades_blagn,"Table 2 (BH/Lbol/lambda_Edd), Table 5 (Mstar)",False,False,False,True,0.0602045694467599,-0.0237545992099406,consistent,30.0,0.7731118349309066,baseline,0.0,0.0,7.41,8.4,-0.9900000000000002,fedd0p3_eps0p1_merger_boost_x2,0.3,0.1,2.0,5.094420781508477,124285.59091543076,heavy_seed_scale
GS210600_juodzbalis25,GS-210600,6.306,spec,JADES,broad-line-agn,robust,individual_robust,juodzbalis25_jades_blagn,"Table 2 (BH/Lbol/lambda_Edd), Table 5 (Mstar)",False,False,False,True,0.0602045694467599,-0.0237545992099406,consistent,30.0,0.7731118349309066,baseline,0.0,0.0,7.41,8.4,-0.9900000000000002,fedd0p3_spin_minus1_eps0p038_no_merger_boost,0.3,0.037749551350623745,1.0,1.7042636280570012,50.61318039538118,light_seed_scale
GS210600_juodzbalis25,GS-210600,6.306,spec,JADES,broad-line-agn,robust,individual_robust,juodzbalis25_jades_blagn,"Table 2 (BH/Lbol/lambda_Edd), Table 5 (Mstar)",False,False,False,True,0.0602045694467599,-0.0237545992099406,consistent,30.0,0.7731118349309066,baseline,0.0,0.0,7.41,8.4,-0.9900000000000002,fedd0p3_spin_minus1_eps0p038_merger_boost_x2,0.3,0.037749551350623745,2.0,1.40323363239302,25.306590197690586,light_seed_scale
GS210600_juodzbalis25,GS-210600,6.306,spec,JADES,broad-line-agn,robust,individual_robust,juodzbalis25_jades_blagn,"Table 2 (BH/Lbol/lambda_Edd), Table 5 (Mstar)",False,False,False,True,0.0602045694467599,-0.0237545992099406,consistent,30.0,0.7731118349309066,baseline,0.0,0.0,7.41,8.4,-0.9900000000000002,fedd0p3_spin_0_eps0p057_no_merger_boost,0.3,0.057190958417936644,1.0,3.7199543577149266,5247.523083791946,intermediate_seed_scale
GS210600_juodzbalis25,GS-210600,6.306,spec,JADES,broad-line-agn,robust,individual_robust,juodzbalis25_jades_blagn,"Table 2 (BH/Lbol/lambda_Edd), Table 5 (Mstar)",False,False,False,True,0.0602045694467599,-0.0237545992099406,consistent,30.0,0.7731118349309066,baseline,0.0,0.0,7.41,8.4,-0.9900000000000002,fedd0p3_spin_0_eps0p057_merger_boost_x2,0.3,0.057190958417936644,2.0,3.4189243620509453,2623.761541895973,intermediate_seed_scale
GS210600_juodzbalis25,GS-210600,6.306,spec,JADES,broad-line-agn,robust,individual_robust,juodzbalis25_jades_blagn,"Table 2 (BH/Lbol/lambda_Edd), Table 5 (Mstar)",False,False,False,True,0.0602045694467599,-0.0237545992099406,consistent,30.0,0.7731118349309066,baseline,0.0,0.0,7.41,8.4,-0.9900000000000002,fedd0p3_spin_plus1_eps0p423_no_merger_boost,0.3,0.42264973081037416,1.0,7.104230509382598,12712486.636104703,above_heavy_seed_scale
GS210600_juodzbalis25,GS-210600,6.306,spec,JADES,broad-line-agn,robust,individual_robust,juodzbalis25_jades_blagn,"Table 2 (BH/Lbol/lambda_Edd), Table 5 (Mstar)",False,False,False,True,0.0602045694467599,-0.0237545992099406,consistent,30.0,0.7731118349309066,baseline,0.0,0.0,7.41,8.4,-0.9900000000000002,fedd0p3_spin_plus1_eps0p423_merger_boost_x2,0.3,0.42264973081037416,2.0,6.8032005137186164,6356243.318052351,above_heavy_seed_scale
GS210600_juodzbalis25,GS-210600,6.306,spec,JADES,broad-line-agn,robust,individual_robust,juodzbalis25_jades_blagn,"Table 2 (BH/Lbol/lambda_Edd), Table 5 (Mstar)",False,False,False,True,0.0602045694467599,-0.0237545992099406,consistent,30.0,0.7731118349309066,baseline,0.0,0.0,7.41,8.4,-0.9900000000000002,fedd1_eps0p1_no_merger_boost,1.0,0.1,1.0,0.6948359239081929,4.952630454912381,light_seed_scale
GS210600_juodzbalis25,GS-210600,6.306,spec,JADES,broad-line-agn,robust,individual_robust,juodzbalis25_jades_blagn,"Table 2 (BH/Lbol/lambda_Edd), Table 5 (Mstar)",False,False,False,True,0.0602045694467599,-0.0237545992099406,consistent,30.0,0.7731118349309066,baseline,0.0,0.0,7.41,8.4,-0.9900000000000002,fedd1_eps0p1_merger_boost_x2,1.0,0.1,2.0,0.3938059282442117,2.47631522745619,light_seed_scale
GS210600_juodzbalis25,GS-210600,6.306,spec,JADES,broad-line-agn,robust,individual_robust,juodzbalis25_jades_blagn,"Table 2 (BH/Lbol/lambda_Edd), Table 5 (Mstar)",False,False,False,True,0.0602045694467599,-0.0237545992099406,consistent,30.0,0.7731118349309066,baseline,0.0,0.0,7.41,8.4,-0.9900000000000002,fedd1_spin_minus1_eps0p038_no_merger_boost,1.0,0.037749551350623745,1.0,-11.609121239809998,2.4596808515397438e-12,light_seed_scale
GS210600_juodzbalis25,GS-210600,6.306,spec,JADES,broad-line-agn,robust,individual_robust,juodzbalis25_jades_blagn,"Table 2 (BH/Lbol/lambda_Edd), Table 5 (Mstar)",False,False,False,True,0.0602045694467599,-0.0237545992099406,consistent,30.0,0.7731118349309066,baseline,0.0,0.0,7.41,8.4,-0.9900000000000002,fedd1_spin_minus1_eps0p038_merger_boost_x2,1.0,0.037749551350623745,2.0,-11.910151235473979,1.2298404257698719e-12,light_seed_scale
GS210600_juodzbalis25,GS-210600,6.306,spec,JADES,broad-line-agn,robust,individual_robust,juodzbalis25_jades_blagn,"Table 2 (BH/Lbol/lambda_Edd), Table 5 (Mstar)",False,False,False,True,0.0602045694467599,-0.0237545992099406,consistent,30.0,0.7731118349309066,baseline,0.0,0.0,7.41,8.4,-0.9900000000000002,fedd1_spin_0_eps0p057_no_merger_boost,1.0,0.057190958417936644,1.0,-4.890152140950246,1.2877983343906005e-05,light_seed_scale
GS210600_juodzbalis25,GS-210600,6.306,spec,JADES,broad-line-agn,robust,individual_robust,juodzbalis25_jades_blagn,"Table 2 (BH/Lbol/lambda_Edd), Table 5 (Mstar)",False,False,False,True,0.0602045694467599,-0.0237545992099406,consistent,30.0,0.7731118349309066,baseline,0.0,0.0,7.41,8.4,-0.9900000000000002,fedd1_spin_0_eps0p057_merger_boost_x2,1.0,0.057190958417936644,2.0,-5.191182136614227,6.4389916719530015e-06,light_seed_scale
GS210600_juodzbalis25,GS-210600,6.306,spec,JADES,broad-line-agn,robust,individual_robust,juodzbalis25_jades_blagn,"Table 2 (BH/Lbol/lambda_Edd), Table 5 (Mstar)",False,False,False,True,0.0602045694467599,-0.0237545992099406,consistent,30.0,0.7731118349309066,baseline,0.0,0.0,7.41,8.4,-0.9900000000000002,fedd1_spin_plus1_eps0p423_no_merger_boost,1.0,0.42264973081037416,1.0,6.390768364608659,2459055.6918843864,above_heavy_seed_scale
GS210600_juodzbalis25,GS-210600,6.306,spec,JADES,broad-line-agn,robust,individual_robust,juodzbalis25_jades_blagn,"Table 2 (BH/Lbol/lambda_Edd), Table 5 (Mstar)",False,False,False,True,0.0602045694467599,-0.0237545992099406,consistent,30.0,0.7731118349309066,baseline,0.0,0.0,7.41,8.4,-0.9900000000000002,fedd1_spin_plus1_eps0p423_merger_boost_x2,1.0,0.42264973081037416,2.0,6.089738368944678,1229527.845942193,above_heavy_seed_scale
GS210600_juodzbalis25,GS-210600,6.306,spec,JADES,broad-line-agn,robust,individual_robust,juodzbalis25_jades_blagn,"Table 2 (BH/Lbol/lambda_Edd), Table 5 (Mstar)",False,False,False,True,0.0602045694467599,-0.0237545992099406,consistent,30.0,0.7731118349309066,baseline,0.0,0.0,7.41,8.4,-0.9900000000000002,fedd2_eps0p1_no_merger_boost,2.0,0.1,1.0,-6.020328152183614,9.542712677696325e-07,light_seed_scale
GS210600_juodzbalis25,GS-210600,6.306,spec,JADES,broad-line-agn,robust,individual_robust,juodzbalis25_jades_blagn,"Table 2 (BH/Lbol/lambda_Edd), Table 5 (Mstar)",False,False,False,True,0.0602045694467599,-0.0237545992099406,consistent,30.0,0.7731118349309066,baseline,0.0,0.0,7.41,8.4,-0.9900000000000002,fedd2_eps0p1_merger_boost_x2,2.0,0.1,2.0,-6.3213581478475955,4.771356338848162e-07,light_seed_scale
GS210600_juodzbalis25,GS-210600,6.306,spec,JADES,broad-line-agn,robust,individual_robust,juodzbalis25_jades_blagn,"Table 2 (BH/Lbol/lambda_Edd), Table 5 (Mstar)",False,False,False,True,0.0602045694467599,-0.0237545992099406,consistent,30.0,0.7731118349309066,baseline,0.0,0.0,7.41,8.4,-0.9900000000000002,fedd2_spin_minus1_eps0p038_no_merger_boost,2.0,0.037749551350623745,1.0,-30.628242479619995,2.353734756331613e-31,light_seed_scale
GS210600_juodzbalis25,GS-210600,6.306,spec,JADES,broad-line-agn,robust,individual_robust,juodzbalis25_jades_blagn,"Table 2 (BH/Lbol/lambda_Edd), Table 5 (Mstar)",False,False,False,True,0.0602045694467599,-0.0237545992099406,consistent,30.0,0.7731118349309066,baseline,0.0,0.0,7.41,8.4,-0.9900000000000002,fedd2_spin_minus1_eps0p038_merger_boost_x2,2.0,0.037749551350623745,2.0,-30.929272475283977,1.1768673781658065e-31,light_seed_scale
GS210600_juodzbalis25,GS-210600,6.306,spec,JADES,broad-line-agn,robust,individual_robust,juodzbalis25_jades_blagn,"Table 2 (BH/Lbol/lambda_Edd), Table 5 (Mstar)",False,False,False,True,0.0602045694467599,-0.0237545992099406,consistent,30.0,0.7731118349309066,baseline,0.0,0.0,7.41,8.4,-0.9900000000000002,fedd2_spin_0_eps0p057_no_merger_boost,2.0,0.057190958417936644,1.0,-17.19030428190049,6.452020195398576e-18,light_seed_scale
GS210600_juodzbalis25,GS-210600,6.306,spec,JADES,broad-line-agn,robust,individual_robust,juodzbalis25_jades_blagn,"Table 2 (BH/Lbol/lambda_Edd), Table 5 (Mstar)",False,False,False,True,0.0602045694467599,-0.0237545992099406,consistent,30.0,0.7731118349309066,baseline,0.0,0.0,7.41,8.4,-0.9900000000000002,fedd2_spin_0_eps0p057_merger_boost_x2,2.0,0.057190958417936644,2.0,-17.491334277564473,3.2260100976992877e-18,light_seed_scale
GS210600_juodzbalis25,GS-210600,6.306,spec,JADES,broad-line-agn,robust,individual_robust,juodzbalis25_jades_blagn,"Table 2 (BH/Lbol/lambda_Edd), Table 5 (Mstar)",False,False,False,True,0.0602045694467599,-0.0237545992099406,consistent,30.0,0.7731118349309066,baseline,0.0,0.0,7.41,8.4,-0.9900000000000002,fedd2_spin_plus1_eps0p423_no_merger_boost,2.0,0.42264973081037416,1.0,5.3715367292173175,235253.84442060997,heavy_seed_scale
GS210600_juodzbalis25,GS-210600,6.306,spec,JADES,broad-line-agn,robust,individual_robust,juodzbalis25_jades_blagn,"Table 2 (BH/Lbol/lambda_Edd), Table 5 (Mstar)",False,False,False,True,0.0602045694467599,-0.0237545992099406,consistent,30.0,0.7731118349309066,baseline,0.0,0.0,7.41,8.4,-0.9900000000000002,fedd2_spin_plus1_eps0p423_merger_boost_x2,2.0,0.42264973081037416,2.0,5.070506733553336,117626.92221030497,heavy_seed_scale
GS210600_juodzbalis25,GS-210600,6.306,spec,JADES,broad-line-agn,robust,individual_robust,juodzbalis25_jades_blagn,"Table 2 (BH/Lbol/lambda_Edd), Table 5 (Mstar)",False,False,False,True,0.0602045694467599,-0.0237545992099406,consistent,30.0,0.7731118349309066,mbh_minus_0p3dex,-0.3,0.0,7.11,8.4,-1.29,fedd0p3_eps0p1_no_merger_boost,0.3,0.1,1.0,5.095450777172458,124580.70298127124,heavy_seed_scale
GS210600_juodzbalis25,GS-210600,6.306,spec,JADES,broad-line-agn,robust,individual_robust,juodzbalis25_jades_blagn,"Table 2 (BH/Lbol/lambda_Edd), Table 5 (Mstar)",False,False,False,True,0.0602045694467599,-0.0237545992099406,consistent,30.0,0.7731118349309066,mbh_minus_0p3dex,-0.3,0.0,7.11,8.4,-1.29,fedd0p3_eps0p1_merger_boost_x2,0.3,0.1,2.0,4.794420781508477,62290.351490635614,heavy_seed_scale
GS210600_juodzbalis25,GS-210600,6.306,spec,JADES,broad-line-agn,robust,individual_robust,juodzbalis25_jades_blagn,"Table 2 (BH/Lbol/lambda_Edd), Table 5 (Mstar)",False,False,False,True,0.0602045694467599,-0.0237545992099406,consistent,30.0,0.7731118349309066,mbh_minus_0p3dex,-0.3,0.0,7.11,8.4,-1.29,fedd0p3_spin_minus1_eps0p038_no_merger_boost,0.3,0.037749551350623745,1.0,1.4042636280570013,25.366679867439192,light_seed_scale
GS210600_juodzbalis25,GS-210600,6.306,spec,JADES,broad-line-agn,robust,individual_robust,juodzbalis25_jades_blagn,"Table 2 (BH/Lbol/lambda_Edd), Table 5 (Mstar)",False,False,False,True,0.0602045694467599,-0.0237545992099406,consistent,30.0,0.7731118349309066,mbh_minus_0p3dex,-0.3,0.0,7.11,8.4,-1.29,fedd0p3_spin_minus1_eps0p038_merger_boost_x2,0.3,0.037749551350623745,2.0,1.10323363239302,12.683339933719596,light_seed_scale
GS210600_juodzbalis25,GS-210600,6.306,spec,JADES,broad-line-agn,robust,individual_robust,juodzbalis25_jades_blagn,"Table 2 (BH/Lbol/lambda_Edd), Table 5 (Mstar)",False,False,False,True,0.0602045694467599,-0.0237545992099406,consistent,30.0,0.7731118349309066,mbh_minus_0p3dex,-0.3,0.0,7.11,8.4,-1.29,fedd0p3_spin_0_eps0p057_no_merger_boost,0.3,0.057190958417936644,1.0,3.4199543577149267,2629.9915777609394,intermediate_seed_scale
GS210600_juodzbalis25,GS-210600,6.306,spec,JADES,broad-line-agn,robust,individual_robust,juodzbalis25_jades_blagn,"Table 2 (BH/Lbol/lambda_Edd), Table 5 (Mstar)",False,False,False,True,0.0602045694467599,-0.0237545992099406,consistent,30.0,0.7731118349309066,mbh_minus_0p3dex,-0.3,0.0,7.11,8.4,-1.29,fedd0p3_spin_0_eps0p057_merger_boost_x2,0.3,0.057190958417936644,2.0,3.1189243620509455,1314.9957888804697,intermediate_seed_scale
GS210600_juodzbalis25,GS-210600,6.306,spec,JADES,broad-line-agn,robust,individual_robust,juodzbalis25_jades_blagn,"Table 2 (BH/Lbol/lambda_Edd), Table 5 (Mstar)",False,False,False,True,0.0602045694467599,-0.0237545992099406,consistent,30.0,0.7731118349309066,mbh_minus_0p3dex,-0.3,0.0,7.11,8.4,-1.29,fedd0p3_spin_plus1_eps0p423_no_merger_boost,0.3,0.42264973081037416,1.0,6.804230509382598,6371336.009672987,above_heavy_seed_scale
GS210600_juodzbalis25,GS-210600,6.306,spec,JADES,broad-line-agn,robust,individual_robust,juodzbalis25_jades_blagn,"Table 2 (BH/Lbol/lambda_Edd), Table 5 (Mstar)",False,False,False,True,0.0602045694467599,-0.0237545992099406,consistent,30.0,0.7731118349309066,mbh_minus_0p3dex,-0.3,0.0,7.11,8.4,-1.29,fedd0p3_spin_plus1_eps0p423_merger_boost_x2,0.3,0.42264973081037416,2.0,6.503200513718617,3185668.004836493,above_heavy_seed_scale
GS210600_juodzbalis25,GS-210600,6.306,spec,JADES,broad-line-agn,robust,individual_robust,juodzbalis25_jades_blagn,"Table 2 (BH/Lbol/lambda_Edd), Table 5 (Mstar)",False,False,False,True,0.0602045694467599,-0.0237545992099406,consistent,30.0,0.7731118349309066,mbh_minus_0p3dex,-0.3,0.0,7.11,8.4,-1.29,fedd1_eps0p1_no_merger_boost,1.0,0.1,1.0,0.3948359239081931,2.482195156875716,light_seed_scale
GS210600_juodzbalis25,GS-210600,6.306,spec,JADES,broad-line-agn,robust,individual_robust,juodzbalis25_jades_blagn,"Table 2 (BH/Lbol/lambda_Edd), Table 5 (Mstar)",False,False,False,True,0.0602045694467599,-0.0237545992099406,consistent,30.0,0.7731118349309066,mbh_minus_0p3dex,-0.3,0.0,7.11,8.4,-1.29,fedd1_eps0p1_merger_boost_x2,1.0,0.1,2.0,0.09380592824421186,1.241097578437858,light_seed_scale
GS210600_juodzbalis25,GS-210600,6.306,spec,JADES,broad-line-agn,robust,individual_robust,juodzbalis25_jades_blagn,"Table 2 (BH/Lbol/lambda_Edd), Table 5 (Mstar)",False,False,False,True,0.0602045694467599,-0.0237545992099406,consistent,30.0,0.7731118349309066,mbh_minus_0p3dex,-0.3,0.0,7.11,8.4,-1.29,fedd1_spin_minus1_eps0p038_no_merger_boost,1.0,0.037749551350623745,1.0,-11.909121239809998,1.2327606415891757e-12,light_seed_scale
GS210600_juodzbalis25,GS-210600,6.306,spec,JADES,broad-line-agn,robust,individual_robust,juodzbalis25_jades_blagn,"Table 2 (BH/Lbol/lambda_Edd), Table 5 (Mstar)",False,False,False,True,0.0602045694467599,-0.0237545992099406,consistent,30.0,0.7731118349309066,mbh_minus_0p3dex,-0.3,0.0,7.11,8.4,-1.29,fedd1_spin_minus1_eps0p038_merger_boost_x2,1.0,0.037749551350623745,2.0,-12.21015123547398,6.163803207945877e-13,light_seed_scale
GS210600_juodzbalis25,GS-210600,6.306,spec,JADES,broad-line-agn,robust,individual_robust,juodzbalis25_jades_blagn,"Table 2 (BH/Lbol/lambda_Edd), Table 5 (Mstar)",False,False,False,True,0.0602045694467599,-0.0237545992099406,consistent,30.0,0.7731118349309066,mbh_minus_0p3dex,-0.3,0.0,7.11,8.4,-1.29,fedd1_spin_0_eps0p057_no_merger_boost,1.0,0.057190958417936644,1.0,-5.190152140950246,6.4542808468303425e-06,light_seed_scale
GS210600_juodzbalis25,GS-210600,6.306,spec,JADES,broad-line-agn,robust,individual_robust,juodzbalis25_jades_blagn,"Table 2 (BH/Lbol/lambda_Edd), Table 5 (Mstar)",False,False,False,True,0.0602045694467599,-0.0237545992099406,consistent,30.0,0.7731118349309066,mbh_minus_0p3dex,-0.3,0.0,7.11,8.4,-1.29,fedd1_spin_0_eps0p057_merger_boost_x2,1.0,0.057190958417936644,2.0,-5.491182136614227,3.227140423415171e-06,light_seed_scale
GS210600_juodzbalis25,GS-210600,6.306,spec,JADES,broad-line-agn,robust,individual_robust,juodzbalis25_jades_blagn,"Table 2 (BH/Lbol/lambda_Edd), Table 5 (Mstar)",False,False,False,True,0.0602045694467599,-0.0237545992099406,consistent,30.0,0.7731118349309066,mbh_minus_0p3dex,-0.3,0.0,7.11,8.4,-1.29,fedd1_spin_plus1_eps0p423_no_merger_boost,1.0,0.42264973081037416,1.0,6.090768364608659,1232447.3195509315,above_heavy_seed_scale
GS210600_juodzbalis25,GS-210600,6.306,spec,JADES,broad-line-agn,robust,individual_robust,juodzbalis25_jades_blagn,"Table 2 (BH/Lbol/lambda_Edd), Table 5 (Mstar)",False,False,False,True,0.0602045694467599,-0.0237545992099406,consistent,30.0,0.7731118349309066,mbh_minus_0p3dex,-0.3,0.0,7.11,8.4,-1.29,fedd1_spin_plus1_eps0p423_merger_boost_x2,1.0,0.42264973081037416,2.0,5.789738368944677,616223.6597754657,heavy_seed_scale
GS210600_juodzbalis25,GS-210600,6.306,spec,JADES,broad-line-agn,robust,individual_robust,juodzbalis25_jades_blagn,"Table 2 (BH/Lbol/lambda_Edd), Table 5 (Mstar)",False,False,False,True,0.0602045694467599,-0.0237545992099406,consistent,30.0,0.7731118349309066,mbh_minus_0p3dex,-0.3,0.0,7.11,8.4,-1.29,fedd2_eps0p1_no_merger_boost,2.0,0.1,1.0,-6.320328152183614,4.782685768234523e-07,light_seed_scale
GS210600_juodzbalis25,GS-210600,6.306,spec,JADES,broad-line-agn,robust,individual_robust,juodzbalis25_jades_blagn,"Table 2 (BH/Lbol/lambda_Edd), Table 5 (Mstar)",False,False,False,True,0.0602045694467599,-0.0237545992099406,consistent,30.0,0.7731118349309066,mbh_minus_0p3dex,-0.3,0.0,7.11,8.4,-1.29,fedd2_eps0p1_merger_boost_x2,2.0,0.1,2.0,-6.621358147847595,2.3913428841172613e-07,light_seed_scale
GS210600_juodzbalis25,GS-210600,6.306,spec,JADES,broad-line-agn,robust,individual_robust,juodzbalis25_jades_blagn,"Table 2 (BH/Lbol/lambda_Edd), Table 5 (Mstar)",False,False,False,True,0.0602045694467599,-0.0237545992099406,consistent,30.0,0.7731118349309066,mbh_minus_0p3dex,-0.3,0.0,7.11,8.4,-1.29,fedd2_spin_minus1_eps0p038_no_merger_boost,2.0,0.037749551350623745,1.0,-30.928242479619996,1.1796618112182012e-31,light_seed_scale
GS210600_juodzbalis25,GS-210600,6.306,spec,JADES,broad-line-agn,robust,individual_robust,juodzbalis25_jades_blagn,"Table 2 (BH/Lbol/lambda_Edd), Table 5 (Mstar)",False,False,False,True,0.0602045694467599,-0.0237545992099406,consistent,30.0,0.7731118349309066,mbh_minus_0p3dex,-0.3,0.0,7.11,8.4,-1.29,fedd2_spin_minus1_eps0p038_merger_boost_x2,2.0,0.037749551350623745,2.0,-31.229272475283977,5.898309056091005e-32,light_seed_scale
GS210600_juodzbalis25,GS-210600,6.306,spec,JADES,broad-line-agn,robust,individual_robust,juodzbalis25_jades_blagn,"Table 2 (BH/Lbol/lambda_Edd), Table 5 (Mstar)",False,False,False,True,0.0602045694467599,-0.0237545992099406,consistent,30.0,0.7731118349309066,mbh_minus_0p3dex,-0.3,0.0,7.11,8.4,-1.29,fedd2_spin_0_eps0p057_no_merger_boost,2.0,0.057190958417936644,1.0,-17.490304281900492,3.2336701530391e-18,light_seed_scale
GS210600_juodzbalis25,GS-210600,6.306,spec,JADES,broad-line-agn,robust,individual_robust,juodzbalis25_jades_blagn,"Table 2 (BH/Lbol/lambda_Edd), Table 5 (Mstar)",False,False,False,True,0.0602045694467599,-0.0237545992099406,consistent,30.0,0.7731118349309066,mbh_minus_0p3dex,-0.3,0.0,7.11,8.4,-1.29,fedd2_spin_0_eps0p057_merger_boost_x2,2.0,0.057190958417936644,2.0,-17.791334277564474,1.6168350765195498e-18,light_seed_scale
GS210600_juodzbalis25,GS-210600,6.306,spec,JADES,broad-line-agn,robust,individual_robust,juodzbalis25_jades_blagn,"Table 2 (BH/Lbol/lambda_Edd), Table 5 (Mstar)",False,False,False,True,0.0602045694467599,-0.0237545992099406,consistent,30.0,0.7731118349309066,mbh_minus_0p3dex,-0.3,0.0,7.11,8.4,-1.29,fedd2_spin_plus1_eps0p423_no_merger_boost,2.0,0.42264973081037416,1.0,5.071536729217318,117906.22348534626,heavy_seed_scale
GS210600_juodzbalis25,GS-210600,6.306,spec,JADES,broad-line-agn,robust,individual_robust,juodzbalis25_jades_blagn,"Table 2 (BH/Lbol/lambda_Edd), Table 5 (Mstar)",False,False,False,True,0.0602045694467599,-0.0237545992099406,consistent,30.0,0.7731118349309066,mbh_minus_0p3dex,-0.3,0.0,7.11,8.4,-1.29,fedd2_spin_plus1_eps0p423_merger_boost_x2,2.0,0.42264973081037416,2.0,4.770506733553336,58953.11174267312,heavy_seed_scale
GS210600_juodzbalis25,GS-210600,6.306,spec,JADES,broad-line-agn,robust,individual_robust,juodzbalis25_jades_blagn,"Table 2 (BH/Lbol/lambda_Edd), Table 5 (Mstar)",False,False,False,True,0.0602045694467599,-0.0237545992099406,consistent,30.0,0.7731118349309066,mbh_plus_0p3dex,0.3,0.0,7.71,8.4,-0.6900000000000004,fedd0p3_eps0p1_no_merger_boost,0.3,0.1,1.0,5.695450777172458,495964.71169439494,heavy_seed_scale
GS210600_juodzbalis25,GS-210600,6.306,spec,JADES,broad-line-agn,robust,individual_robust,juodzbalis25_jades_blagn,"Table 2 (BH/Lbol/lambda_Edd), Table 5 (Mstar)",False,False,False,True,0.0602045694467599,-0.0237545992099406,consistent,30.0,0.7731118349309066,mbh_plus_0p3dex,0.3,0.0,7.71,8.4,-0.6900000000000004,fedd0p3_eps0p1_merger_boost_x2,0.3,0.1,2.0,5.394420781508477,247982.35584719744,heavy_seed_scale
GS210600_juodzbalis25,GS-210600,6.306,spec,JADES,broad-line-agn,robust,individual_robust,juodzbalis25_jades_blagn,"Table 2 (BH/Lbol/lambda_Edd), Table 5 (Mstar)",False,False,False,True,0.0602045694467599,-0.0237545992099406,consistent,30.0,0.7731118349309066,mbh_plus_0p3dex,0.3,0.0,7.71,8.4,-0.6900000000000004,fedd0p3_spin_minus1_eps0p038_no_merger_boost,0.3,0.037749551350623745,1.0,2.004263628057001,100.98657148362572,intermediate_seed_scale
GS210600_juodzbalis25,GS-210600,6.306,spec,JADES,broad-line-agn,robust,individual_robust,juodzbalis25_jades_blagn,"Table 2 (BH/Lbol/lambda_Edd), Table 5 (Mstar)",False,False,False,True,0.0602045694467599,-0.0237545992099406,consistent,30.0,0.7731118349309066,mbh_plus_0p3dex,0.3,0.0,7.71,8.4,-0.6900000000000004,fedd0p3_spin_minus1_eps0p038_merger_boost_x2,0.3,0.037749551350623745,2.0,1.7032336323930197,50.493285741812855,light_seed_scale
GS210600_juodzbalis25,GS-210600,6.306,spec,JADES,broad-line-agn,robust,individual_robust,juodzbalis25_jades_blagn,"Table 2 (BH/Lbol/lambda_Edd), Table 5 (Mstar)",False,False,False,True,0.0602045694467599,-0.0237545992099406,consistent,30.0,0.7731118349309066,mbh_plus_0p3dex,0.3,0.0,7.71,8.4,-0.6900000000000004,fedd0p3_spin_0_eps0p057_no_merger_boost,0.3,0.057190958417936644,1.0,4.019954357714926,10470.185056019349,heavy_seed_scale
GS210600_juodzbalis25,GS-210600,6.306,spec,JADES,broad-line-agn,robust,individual_robust,juodzbalis25_jades_blagn,"Table 2 (BH/Lbol/lambda_Edd), Table 5 (Mstar)",False,False,False,True,0.0602045694467599,-0.0237545992099406,consistent,30.0,0.7731118349309066,mbh_plus_0p3dex,0.3,0.0,7.71,8.4,-0.6900000000000004,fedd0p3_spin_0_eps0p057_merger_boost_x2,0.3,0.057190958417936644,2.0,3.718924362050945,5235.0925280096735,intermediate_seed_scale
GS210600_juodzbalis25,GS-210600,6.306,spec,JADES,broad-line-agn,robust,individual_robust,juodzbalis25_jades_blagn,"Table 2 (BH/Lbol/lambda_Edd), Table 5 (Mstar)",False,False,False,True,0.0602045694467599,-0.0237545992099406,consistent,30.0,0.7731118349309066,mbh_plus_0p3dex,0.3,0.0,7.71,8.4,-0.6900000000000004,fedd0p3_spin_plus1_eps0p423_no_merger_boost,0.3,0.42264973081037416,1.0,7.4042305093825975,25364745.514565207,above_heavy_seed_scale
GS210600_juodzbalis25,GS-210600,6.306,spec,JADES,broad-line-agn,robust,individual_robust,juodzbalis25_jades_blagn,"Table 2 (BH/Lbol/lambda_Edd), Table 5 (Mstar)",False,False,False,True,0.0602045694467599,-0.0237545992099406,consistent,30.0,0.7731118349309066,mbh_plus_0p3dex,0.3,0.0,7.71,8.4,-0.6900000000000004,fedd0p3_spin_plus1_eps0p423_merger_boost_x2,0.3,0.42264973081037416,2.0,7.103200513718616,12682372.757282602,above_heavy_seed_scale
GS210600_juodzbalis25,GS-210600,6.306,spec,JADES,broad-line-agn,robust,individual_robust,juodzbalis25_jades_blagn,"Table 2 (BH/Lbol/lambda_Edd), Table 5 (Mstar)",False,False,False,True,0.0602045694467599,-0.0237545992099406,consistent,30.0,0.7731118349309066,mbh_plus_0p3dex,0.3,0.0,7.71,8.4,-0.6900000000000004,fedd1_eps0p1_no_merger_boost,1.0,0.1,1.0,0.9948359239081928,9.881796906653847,light_seed_scale
GS210600_juodzbalis25,GS-210600,6.306,spec,JADES,broad-line-agn,robust,individual_robust,juodzbalis25_jades_blagn,"Table 2 (BH/Lbol/lambda_Edd), Table 5 (Mstar)",False,False,False,True,0.0602045694467599,-0.0237545992099406,consistent,30.0,0.7731118349309066,mbh_plus_0p3dex,0.3,0.0,7.71,8.4,-0.6900000000000004,fedd1_eps0p1_merger_boost_x2,1.0,0.1,2.0,0.6938059282442115,4.940898453326923,light_seed_scale
GS210600_juodzbalis25,GS-210600,6.306,spec,JADES,broad-line-agn,robust,individual_robust,juodzbalis25_jades_blagn,"Table 2 (BH/Lbol/lambda_Edd), Table 5 (Mstar)",False,False,False,True,0.0602045694467599,-0.0237545992099406,consistent,30.0,0.7731118349309066,mbh_plus_0p3dex,0.3,0.0,7.71,8.4,-0.6900000000000004,fedd1_spin_minus1_eps0p038_no_merger_boost,1.0,0.037749551350623745,1.0,-11.309121239809997,4.907708509927823e-12,light_seed_scale
GS210600_juodzbalis25,GS-210600,6.306,spec,JADES,broad-line-agn,robust,individual_robust,juodzbalis25_jades_blagn,"Table 2 (BH/Lbol/lambda_Edd), Table 5 (Mstar)",False,False,False,True,0.0602045694467599,-0.0237545992099406,consistent,30.0,0.7731118349309066,mbh_plus_0p3dex,0.3,0.0,7.71,8.4,-0.6900000000000004,fedd1_spin_minus1_eps0p038_merger_boost_x2,1.0,0.037749551350623745,2.0,-11.610151235473978,2.453854254963911e-12,light_seed_scale
GS210600_juodzbalis25,GS-210600,6.306,spec,JADES,broad-line-agn,robust,individual_robust,juodzbalis25_jades_blagn,"Table 2 (BH/Lbol/lambda_Edd), Table 5 (Mstar)",False,False,False,True,0.0602045694467599,-0.0237545992099406,consistent,30.0,0.7731118349309066,mbh_plus_0p3dex,0.3,0.0,7.71,8.4,-0.6900000000000004,fedd1_spin_0_eps0p057_no_merger_boost,1.0,0.057190958417936644,1.0,-4.590152140950246,2.5694954858892555e-05,light_seed_scale
GS210600_juodzbalis25,GS-210600,6.306,spec,JADES,broad-line-agn,robust,individual_robust,juodzbalis25_jades_blagn,"Table 2 (BH/Lbol/lambda_Edd), Table 5 (Mstar)",False,False,False,True,0.0602045694467599,-0.0237545992099406,consistent,30.0,0.7731118349309066,mbh_plus_0p3dex,0.3,0.0,7.71,8.4,-0.6900000000000004,fedd1_spin_0_eps0p057_merger_boost_x2,1.0,0.057190958417936644,2.0,-4.891182136614227,1.2847477429446276e-05,light_seed_scale
GS210600_juodzbalis25,GS-210600,6.306,spec,JADES,broad-line-agn,robust,individual_robust,juodzbalis25_jades_blagn,"Table 2 (BH/Lbol/lambda_Edd), Table 5 (Mstar)",False,False,False,True,0.0602045694467599,-0.0237545992099406,consistent,30.0,0.7731118349309066,mbh_plus_0p3dex,0.3,0.0,7.71,8.4,-0.6900000000000004,fedd1_spin_plus1_eps0p423_no_merger_boost,1.0,0.42264973081037416,1.0,6.690768364608658,4906461.152426628,above_heavy_seed_scale
GS210600_juodzbalis25,GS-210600,6.306,spec,JADES,broad-line-agn,robust,individual_robust,juodzbalis25_jades_blagn,"Table 2 (BH/Lbol/lambda_Edd), Table 5 (Mstar)",False,False,False,True,0.0602045694467599,-0.0237545992099406,consistent,30.0,0.7731118349309066,mbh_plus_0p3dex,0.3,0.0,7.71,8.4,-0.6900000000000004,fedd1_spin_plus1_eps0p423_merger_boost_x2,1.0,0.42264973081037416,2.0,6.389738368944677,2453230.5762133137,above_heavy_seed_scale
GS210600_juodzbalis25,GS-210600,6.306,spec,JADES,broad-line-agn,robust,individual_robust,juodzbalis25_jades_blagn,"Table 2 (BH/Lbol/lambda_Edd), Table 5 (Mstar)",False,False,False,True,0.0602045694467599,-0.0237545992099406,consistent,30.0,0.7731118349309066,mbh_plus_0p3dex,0.3,0.0,7.71,8.4,-0.6900000000000004,fedd2_eps0p1_no_merger_boost,2.0,0.1,1.0,-5.7203281521836145,1.9040214988383237e-06,light_seed_scale
GS210600_juodzbalis25,GS-210600,6.306,spec,JADES,broad-line-agn,robust,individual_robust,juodzbalis25_jades_blagn,"Table 2 (BH/Lbol/lambda_Edd), Table 5 (Mstar)",False,False,False,True,0.0602045694467599,-0.0237545992099406,consistent,30.0,0.7731118349309066,mbh_plus_0p3dex,0.3,0.0,7.71,8.4,-0.6900000000000004,fedd2_eps0p1_merger_boost_x2,2.0,0.1,2.0,-6.021358147847596,9.520107494191616e-07,light_seed_scale
GS210600_juodzbalis25,GS-210600,6.306,spec,JADES,broad-line-agn,robust,individual_robust,juodzbalis25_jades_blagn,"Table 2 (BH/Lbol/lambda_Edd), Table 5 (Mstar)",False,False,False,True,0.0602045694467599,-0.0237545992099406,consistent,30.0,0.7731118349309066,mbh_plus_0p3dex,0.3,0.0,7.71,8.4,-0.6900000000000004,fedd2_spin_minus1_eps0p038_no_merger_boost,2.0,0.037749551350623745,1.0,-30.328242479619995,4.696318258740934e-31,light_seed_scale
GS210600_juodzbalis25,GS-210600,6.306,spec,JADES,broad-line-agn,robust,individual_robust,juodzbalis25_jades_blagn,"Table 2 (BH/Lbol/lambda_Edd), Table 5 (Mstar)",False,False,False,True,0.0602045694467599,-0.0237545992099406,consistent,30.0,0.7731118349309066,mbh_plus_0p3dex,0.3,0.0,7.71,8.4,-0.6900000000000004,fedd2_spin_minus1_eps0p038_merger_boost_x2,2.0,0.037749551350623745,2.0,-30.629272475283976,2.3481591293704664e-31,light_seed_scale
GS210600_juodzbalis25,GS-210600,6.306,spec,JADES,broad-line-agn,robust,individual_robust,juodzbalis25_jades_blagn,"Table 2 (BH/Lbol/lambda_Edd), Table 5 (Mstar)",False,False,False,True,0.0602045694467599,-0.0237545992099406,consistent,30.0,0.7731118349309066,mbh_plus_0p3dex,0.3,0.0,7.71,8.4,-0.6900000000000004,fedd2_spin_0_eps0p057_no_merger_boost,2.0,0.057190958417936644,1.0,-16.89030428190049,1.2873472751296947e-17,light_seed_scale
GS210600_juodzbalis25,GS-210600,6.306,spec,JADES,broad-line-agn,robust,individual_robust,juodzbalis25_jades_blagn,"Table 2 (BH/Lbol/lambda_Edd), Table 5 (Mstar)",False,False,False,True,0.0602045694467599,-0.0237545992099406,consistent,30.0,0.7731118349309066,mbh_plus_0p3dex,0.3,0.0,7.71,8.4,-0.6900000000000004,fedd2_spin_0_eps0p057_merger_boost_x2,2.0,0.057190958417936644,2.0,-17.191334277564472,6.4367363756484725e-18,light_seed_scale
GS210600_juodzbalis25,GS-210600,6.306,spec,JADES,broad-line-agn,robust,individual_robust,juodzbalis25_jades_blagn,"Table 2 (BH/Lbol/lambda_Edd), Table 5 (Mstar)",False,False,False,True,0.0602045694467599,-0.0237545992099406,consistent,30.0,0.7731118349309066,mbh_plus_0p3dex,0.3,0.0,7.71,8.4,-0.6900000000000004,fedd2_spin_plus1_eps0p423_no_merger_boost,2.0,0.42264973081037416,1.0,5.671536729217317,469393.13022399467,heavy_seed_scale
GS210600_juodzbalis25,GS-210600,6.306,spec,JADES,broad-line-agn,robust,individual_robust,juodzbalis25_jades_blagn,"Table 2 (BH/Lbol/lambda_Edd), Table 5 (Mstar)",False,False,False,True,0.0602045694467599,-0.0237545992099406,consistent,30.0,0.7731118349309066,mbh_plus_0p3dex,0.3,0.0,7.71,8.4,-0.6900000000000004,fedd2_spin_plus1_eps0p423_merger_boost_x2,2.0,0.42264973081037416,2.0,5.370506733553336,234696.5651119973,heavy_seed_scale
GS210600_juodzbalis25,GS-210600,6.306,spec,JADES,broad-line-agn,robust,individual_robust,juodzbalis25_jades_blagn,"Table 2 (BH/Lbol/lambda_Edd), Table 5 (Mstar)",False,False,False,True,0.0602045694467599,-0.0237545992099406,consistent,30.0,0.7731118349309066,mstar_agn_20pct,0.0,0.2,7.41,8.303089986991944,-0.893089986991944,fedd0p3_eps0p1_no_merger_boost,0.3,0.1,1.0,5.395450777172458,248571.18183086158,heavy_seed_scale
GS210600_juodzbalis25,GS-210600,6.306,spec,JADES,broad-line-agn,robust,individual_robust,juodzbalis25_jades_blagn,"Table 2 (BH/Lbol/lambda_Edd), Table 5 (Mstar)",False,False,False,True,0.0602045694467599,-0.0237545992099406,consistent,30.0,0.7731118349309066,mstar_agn_20pct,0.0,0.2,7.41,8.303089986991944,-0.893089986991944,fedd0p3_eps0p1_merger_boost_x2,0.3,0.1,2.0,5.094420781508477,124285.59091543076,heavy_seed_scale
GS210600_juodzbalis25,GS-210600,6.306,spec,JADES,broad-line-agn,robust,individual_robust,juodzbalis25_jades_blagn,"Table 2 (BH/Lbol/lambda_Edd), Table 5 (Mstar)",False,False,False,True,0.0602045694467599,-0.0237545992099406,consistent,30.0,0.7731118349309066,mstar_agn_20pct,0.0,0.2,7.41,8.303089986991944,-0.893089986991944,fedd0p3_spin_minus1_eps0p038_no_merger_boost,0.3,0.037749551350623745,1.0,1.7042636280570012,50.61318039538118,light_seed_scale
GS210600_juodzbalis25,GS-210600,6.306,spec,JADES,broad-line-agn,robust,individual_robust,juodzbalis25_jades_blagn,"Table 2 (BH/Lbol/lambda_Edd), Table 5 (Mstar)",False,False,False,True,0.0602045694467599,-0.0237545992099406,consistent,30.0,0.7731118349309066,mstar_agn_20pct,0.0,0.2,7.41,8.303089986991944,-0.893089986991944,fedd0p3_spin_minus1_eps0p038_merger_boost_x2,0.3,0.037749551350623745,2.0,1.40323363239302,25.306590197690586,light_seed_scale
GS210600_juodzbalis25,GS-210600,6.306,spec,JADES,broad-line-agn,robust,individual_robust,juodzbalis25_jades_blagn,"Table 2 (BH/Lbol/lambda_Edd), Table 5 (Mstar)",False,False,False,True,0.0602045694467599,-0.0237545992099406,consistent,30.0,0.7731118349309066,mstar_agn_20pct,0.0,0.2,7.41,8.303089986991944,-0.893089986991944,fedd0p3_spin_0_eps0p057_no_merger_boost,0.3,0.057190958417936644,1.0,3.7199543577149266,5247.523083791946,intermediate_seed_scale
GS210600_juodzbalis25,GS-210600,6.306,spec,JADES,broad-line-agn,robust,individual_robust,juodzbalis25_jades_blagn,"Table 2 (BH/Lbol/lambda_Edd), Table 5 (Mstar)",False,False,False,True,0.0602045694467599,-0.0237545992099406,consistent,30.0,0.7731118349309066,mstar_agn_20pct,0.0,0.2,7.41,8.303089986991944,-0.893089986991944,fedd0p3_spin_0_eps0p057_merger_boost_x2,0.3,0.057190958417936644,2.0,3.4189243620509453,2623.761541895973,intermediate_seed_scale
GS210600_juodzbalis25,GS-210600,6.306,spec,JADES,broad-line-agn,robust,individual_robust,juodzbalis25_jades_blagn,"Table 2 (BH/Lbol/lambda_Edd), Table 5 (Mstar)",False,False,False,True,0.0602045694467599,-0.0237545992099406,consistent,30.0,0.7731118349309066,mstar_agn_20pct,0.0,0.2,7.41,8.303089986991944,-0.893089986991944,fedd0p3_spin_plus1_eps0p423_no_merger_boost,0.3,0.42264973081037416,1.0,7.104230509382598,12712486.636104703,above_heavy_seed_scale
GS210600_juodzbalis25,GS-210600,6.306,spec,JADES,broad-line-agn,robust,individual_robust,juodzbalis25_jades_blagn,"Table 2 (BH/Lbol/lambda_Edd), Table 5 (Mstar)",False,False,False,True,0.0602045694467599,-0.0237545992099406,consistent,30.0,0.7731118349309066,mstar_agn_20pct,0.0,0.2,7.41,8.303089986991944,-0.893089986991944,fedd0p3_spin_plus1_eps0p423_merger_boost_x2,0.3,0.42264973081037416,2.0,6.8032005137186164,6356243.318052351,above_heavy_seed_scale
GS210600_juodzbalis25,GS-210600,6.306,spec,JADES,broad-line-agn,robust,individual_robust,juodzbalis25_jades_blagn,"Table 2 (BH/Lbol/lambda_Edd), Table 5 (Mstar)",False,False,False,True,0.0602045694467599,-0.0237545992099406,consistent,30.0,0.7731118349309066,mstar_agn_20pct,0.0,0.2,7.41,8.303089986991944,-0.893089986991944,fedd1_eps0p1_no_merger_boost,1.0,0.1,1.0,0.6948359239081929,4.952630454912381,light_seed_scale
GS210600_juodzbalis25,GS-210600,6.306,spec,JADES,broad-line-agn,robust,individual_robust,juodzbalis25_jades_blagn,"Table 2 (BH/Lbol/lambda_Edd), Table 5 (Mstar)",False,False,False,True,0.0602045694467599,-0.0237545992099406,consistent,30.0,0.7731118349309066,mstar_agn_20pct,0.0,0.2,7.41,8.303089986991944,-0.893089986991944,fedd1_eps0p1_merger_boost_x2,1.0,0.1,2.0,0.3938059282442117,2.47631522745619,light_seed_scale
GS210600_juodzbalis25,GS-210600,6.306,spec,JADES,broad-line-agn,robust,individual_robust,juodzbalis25_jades_blagn,"Table 2 (BH/Lbol/lambda_Edd), Table 5 (Mstar)",False,False,False,True,0.0602045694467599,-0.0237545992099406,consistent,30.0,0.7731118349309066,mstar_agn_20pct,0.0,0.2,7.41,8.303089986991944,-0.893089986991944,fedd1_spin_minus1_eps0p038_no_merger_boost,1.0,0.037749551350623745,1.0,-11.609121239809998,2.4596808515397438e-12,light_seed_scale
GS210600_juodzbalis25,GS-210600,6.306,spec,JADES,broad-line-agn,robust,individual_robust,juodzbalis25_jades_blagn,"Table 2 (BH/Lbol/lambda_Edd), Table 5 (Mstar)",False,False,False,True,0.0602045694467599,-0.0237545992099406,consistent,30.0,0.7731118349309066,mstar_agn_20pct,0.0,0.2,7.41,8.303089986991944,-0.893089986991944,fedd1_spin_minus1_eps0p038_merger_boost_x2,1.0,0.037749551350623745,2.0,-11.910151235473979,1.2298404257698719e-12,light_seed_scale
GS210600_juodzbalis25,GS-210600,6.306,spec,JADES,broad-line-agn,robust,individual_robust,juodzbalis25_jades_blagn,"Table 2 (BH/Lbol/lambda_Edd), Table 5 (Mstar)",False,False,False,True,0.0602045694467599,-0.0237545992099406,consistent,30.0,0.7731118349309066,mstar_agn_20pct,0.0,0.2,7.41,8.303089986991944,-0.893089986991944,fedd1_spin_0_eps0p057_no_merger_boost,1.0,0.057190958417936644,1.0,-4.890152140950246,1.2877983343906005e-05,light_seed_scale
GS210600_juodzbalis25,GS-210600,6.306,spec,JADES,broad-line-agn,robust,individual_robust,juodzbalis25_jades_blagn,"Table 2 (BH/Lbol/lambda_Edd), Table 5 (Mstar)",False,False,False,True,0.0602045694467599,-0.0237545992099406,consistent,30.0,0.7731118349309066,mstar_agn_20pct,0.0,0.2,7.41,8.303089986991944,-0.893089986991944,fedd1_spin_0_eps0p057_merger_boost_x2,1.0,0.057190958417936644,2.0,-5.191182136614227,6.4389916719530015e-06,light_seed_scale
GS210600_juodzbalis25,GS-210600,6.306,spec,JADES,broad-line-agn,robust,individual_robust,juodzbalis25_jades_blagn,"Table 2 (BH/Lbol/lambda_Edd), Table 5 (Mstar)",False,False,False,True,0.0602045694467599,-0.0237545992099406,consistent,30.0,0.7731118349309066,mstar_agn_20pct,0.0,0.2,7.41,8.303089986991944,-0.893089986991944,fedd1_spin_plus1_eps0p423_no_merger_boost,1.0,0.42264973081037416,1.0,6.390768364608659,2459055.6918843864,above_heavy_seed_scale
GS210600_juodzbalis25,GS-210600,6.306,spec,JADES,broad-line-agn,robust,individual_robust,juodzbalis25_jades_blagn,"Table 2 (BH/Lbol/lambda_Edd), Table 5 (Mstar)",False,False,False,True,0.0602045694467599,-0.0237545992099406,consistent,30.0,0.7731118349309066,mstar_agn_20pct,0.0,0.2,7.41,8.303089986991944,-0.893089986991944,fedd1_spin_plus1_eps0p423_merger_boost_x2,1.0,0.42264973081037416,2.0,6.089738368944678,1229527.845942193,above_heavy_seed_scale
GS210600_juodzbalis25,GS-210600,6.306,spec,JADES,broad-line-agn,robust,individual_robust,juodzbalis25_jades_blagn,"Table 2 (BH/Lbol/lambda_Edd), Table 5 (Mstar)",False,False,False,True,0.0602045694467599,-0.0237545992099406,consistent,30.0,0.7731118349309066,mstar_agn_20pct,0.0,0.2,7.41,8.303089986991944,-0.893089986991944,fedd2_eps0p1_no_merger_boost,2.0,0.1,1.0,-6.020328152183614,9.542712677696325e-07,light_seed_scale
GS210600_juodzbalis25,GS-210600,6.306,spec,JADES,broad-line-agn,robust,individual_robust,juodzbalis25_jades_blagn,"Table 2 (BH/Lbol/lambda_Edd), Table 5 (Mstar)",False,False,False,True,0.0602045694467599,-0.0237545992099406,consistent,30.0,0.7731118349309066,mstar_agn_20pct,0.0,0.2,7.41,8.303089986991944,-0.893089986991944,fedd2_eps0p1_merger_boost_x2,2.0,0.1,2.0,-6.3213581478475955,4.771356338848162e-07,light_seed_scale
GS210600_juodzbalis25,GS-210600,6.306,spec,JADES,broad-line-agn,robust,individual_robust,juodzbalis25_jades_blagn,"Table 2 (BH/Lbol/lambda_Edd), Table 5 (Mstar)",False,False,False,True,0.0602045694467599,-0.0237545992099406,consistent,30.0,0.7731118349309066,mstar_agn_20pct,0.0,0.2,7.41,8.303089986991944,-0.893089986991944,fedd2_spin_minus1_eps0p038_no_merger_boost,2.0,0.037749551350623745,1.0,-30.628242479619995,2.353734756331613e-31,light_seed_scale
GS210600_juodzbalis25,GS-210600,6.306,spec,JADES,broad-line-agn,robust,individual_robust,juodzbalis25_jades_blagn,"Table 2 (BH/Lbol/lambda_Edd), Table 5 (Mstar)",False,False,False,True,0.0602045694467599,-0.0237545992099406,consistent,30.0,0.7731118349309066,mstar_agn_20pct,0.0,0.2,7.41,8.303089986991944,-0.893089986991944,fedd2_spin_minus1_eps0p038_merger_boost_x2,2.0,0.037749551350623745,2.0,-30.929272475283977,1.1768673781658065e-31,light_seed_scale
GS210600_juodzbalis25,GS-210600,6.306,spec,JADES,broad-line-agn,robust,individual_robust,juodzbalis25_jades_blagn,"Table 2 (BH/Lbol/lambda_Edd), Table 5 (Mstar)",False,False,False,True,0.0602045694467599,-0.0237545992099406,consistent,30.0,0.7731118349309066,mstar_agn_20pct,0.0,0.2,7.41,8.303089986991944,-0.893089986991944,fedd2_spin_0_eps0p057_no_merger_boost,2.0,0.057190958417936644,1.0,-17.19030428190049,6.452020195398576e-18,light_seed_scale
GS210600_juodzbalis25,GS-210600,6.306,spec,JADES,broad-line-agn,robust,individual_robust,juodzbalis25_jades_blagn,"Table 2 (BH/Lbol/lambda_Edd), Table 5 (Mstar)",False,False,False,True,0.0602045694467599,-0.0237545992099406,consistent,30.0,0.7731118349309066,mstar_agn_20pct,0.0,0.2,7.41,8.303089986991944,-0.893089986991944,fedd2_spin_0_eps0p057_merger_boost_x2,2.0,0.057190958417936644,2.0,-17.491334277564473,3.2260100976992877e-18,light_seed_scale
GS210600_juodzbalis25,GS-210600,6.306,spec,JADES,broad-line-agn,robust,individual_robust,juodzbalis25_jades_blagn,"Table 2 (BH/Lbol/lambda_Edd), Table 5 (Mstar)",False,False,False,True,0.0602045694467599,-0.0237545992099406,consistent,30.0,0.7731118349309066,mstar_agn_20pct,0.0,0.2,7.41,8.303089986991944,-0.893089986991944,fedd2_spin_plus1_eps0p423_no_merger_boost,2.0,0.42264973081037416,1.0,5.3715367292173175,235253.84442060997,heavy_seed_scale
GS210600_juodzbalis25,GS-210600,6.306,spec,JADES,broad-line-agn,robust,individual_robust,juodzbalis25_jades_blagn,"Table 2 (BH/Lbol/lambda_Edd), Table 5 (Mstar)",False,False,False,True,0.0602045694467599,-0.0237545992099406,consistent,30.0,0.7731118349309066,mstar_agn_20pct,0.0,0.2,7.41,8.303089986991944,-0.893089986991944,fedd2_spin_plus1_eps0p423_merger_boost_x2,2.0,0.42264973081037416,2.0,5.070506733553336,117626.92221030497,heavy_seed_scale
GS204851_juodzbalis25,GS-204851,5.48,spec,JADES,broad-line-agn,robust,individual_robust,juodzbalis25_jades_blagn,"Table 2 (BH/Lbol/lambda_Edd), Table 5 (Mstar)",False,False,False,True,0.1547495714093682,0.0144905277734889,consistent,30.0,0.9448445741526882,baseline,0.0,0.0,7.68,10.74,-3.0600000000000005,fedd0p3_eps0p1_no_merger_boost,0.3,0.1,1.0,5.217955291135558,165179.1744181242,heavy_seed_scale
GS204851_juodzbalis25,GS-204851,5.48,spec,JADES,broad-line-agn,robust,individual_robust,juodzbalis25_jades_blagn,"Table 2 (BH/Lbol/lambda_Edd), Table 5 (Mstar)",False,False,False,True,0.1547495714093682,0.0144905277734889,consistent,30.0,0.9448445741526882,baseline,0.0,0.0,7.68,10.74,-3.0600000000000005,fedd0p3_eps0p1_merger_boost_x2,0.3,0.1,2.0,4.916925295471577,82589.5872090621,heavy_seed_scale
GS204851_juodzbalis25,GS-204851,5.48,spec,JADES,broad-line-agn,robust,individual_robust,juodzbalis25_jades_blagn,"Table 2 (BH/Lbol/lambda_Edd), Table 5 (Mstar)",False,False,False,True,0.1547495714093682,0.0144905277734889,consistent,30.0,0.9448445741526882,baseline,0.0,0.0,7.68,10.74,-3.0600000000000005,fedd0p3_spin_minus1_eps0p038_no_merger_boost,0.3,0.037749551350623745,1.0,0.7068380213610528,5.091409415474115,light_seed_scale
GS204851_juodzbalis25,GS-204851,5.48,spec,JADES,broad-line-agn,robust,individual_robust,juodzbalis25_jades_blagn,"Table 2 (BH/Lbol/lambda_Edd), Table 5 (Mstar)",False,False,False,True,0.1547495714093682,0.0144905277734889,consistent,30.0,0.9448445741526882,baseline,0.0,0.0,7.68,10.74,-3.0600000000000005,fedd0p3_spin_minus1_eps0p038_merger_boost_x2,0.3,0.037749551350623745,2.0,0.40580802569707153,2.5457047077370576,light_seed_scale
GS204851_juodzbalis25,GS-204851,5.48,spec,JADES,broad-line-agn,robust,individual_robust,juodzbalis25_jades_blagn,"Table 2 (BH/Lbol/lambda_Edd), Table 5 (Mstar)",False,False,False,True,0.1547495714093682,0.0144905277734889,consistent,30.0,0.9448445741526882,baseline,0.0,0.0,7.68,10.74,-3.0600000000000005,fedd0p3_spin_0_eps0p057_no_merger_boost,0.3,0.057190958417936644,1.0,3.170277802046045,1480.054821522139,intermediate_seed_scale
GS204851_juodzbalis25,GS-204851,5.48,spec,JADES,broad-line-agn,robust,individual_robust,juodzbalis25_jades_blagn,"Table 2 (BH/Lbol/lambda_Edd), Table 5 (Mstar)",False,False,False,True,0.1547495714093682,0.0144905277734889,consistent,30.0,0.9448445741526882,baseline,0.0,0.0,7.68,10.74,-3.0600000000000005,fedd0p3_spin_0_eps0p057_merger_boost_x2,0.3,0.057190958417936644,2.0,2.869247806382064,740.0274107610694,intermediate_seed_scale
GS204851_juodzbalis25,GS-204851,5.48,spec,JADES,broad-line-agn,robust,individual_robust,juodzbalis25_jades_blagn,"Table 2 (BH/Lbol/lambda_Edd), Table 5 (Mstar)",False,False,False,True,0.1547495714093682,0.0144905277734889,consistent,30.0,0.9448445741526882,baseline,0.0,0.0,7.68,10.74,-3.0600000000000005,fedd0p3_spin_plus1_eps0p423_no_merger_boost,0.3,0.42264973081037416,1.0,7.306309375826456,20244608.184738565,above_heavy_seed_scale
GS204851_juodzbalis25,GS-204851,5.48,spec,JADES,broad-line-agn,robust,individual_robust,juodzbalis25_jades_blagn,"Table 2 (BH/Lbol/lambda_Edd), Table 5 (Mstar)",False,False,False,True,0.1547495714093682,0.0144905277734889,consistent,30.0,0.9448445741526882,baseline,0.0,0.0,7.68,10.74,-3.0600000000000005,fedd0p3_spin_plus1_eps0p423_merger_boost_x2,0.3,0.42264973081037416,2.0,7.005279380162475,10122304.09236928,above_heavy_seed_scale
GS204851_juodzbalis25,GS-204851,5.48,spec,JADES,broad-line-agn,robust,individual_robust,juodzbalis25_jades_blagn,"Table 2 (BH/Lbol/lambda_Edd), Table 5 (Mstar)",False,False,False,True,0.1547495714093682,0.0144905277734889,consistent,30.0,0.9448445741526882,baseline,0.0,0.0,7.68,10.74,-3.0600000000000005,fedd1_eps0p1_no_merger_boost,1.0,0.1,1.0,-0.5268156962148058,0.2972927400579016,light_seed_scale
GS204851_juodzbalis25,GS-204851,5.48,spec,JADES,broad-line-agn,robust,individual_robust,juodzbalis25_jades_blagn,"Table 2 (BH/Lbol/lambda_Edd), Table 5 (Mstar)",False,False,False,True,0.1547495714093682,0.0144905277734889,consistent,30.0,0.9448445741526882,baseline,0.0,0.0,7.68,10.74,-3.0600000000000005,fedd1_eps0p1_merger_boost_x2,1.0,0.1,2.0,-0.8278456918787871,0.1486463700289508,light_seed_scale
GS204851_juodzbalis25,GS-204851,5.48,spec,JADES,broad-line-agn,robust,individual_robust,juodzbalis25_jades_blagn,"Table 2 (BH/Lbol/lambda_Edd), Table 5 (Mstar)",False,False,False,True,0.1547495714093682,0.0144905277734889,consistent,30.0,0.9448445741526882,baseline,0.0,0.0,7.68,10.74,-3.0600000000000005,fedd1_spin_minus1_eps0p038_no_merger_boost,1.0,0.037749551350623745,1.0,-15.563873262129825,2.7297742822277395e-16,light_seed_scale
GS204851_juodzbalis25,GS-204851,5.48,spec,JADES,broad-line-agn,robust,individual_robust,juodzbalis25_jades_blagn,"Table 2 (BH/Lbol/lambda_Edd), Table 5 (Mstar)",False,False,False,True,0.1547495714093682,0.0144905277734889,consistent,30.0,0.9448445741526882,baseline,0.0,0.0,7.68,10.74,-3.0600000000000005,fedd1_spin_minus1_eps0p038_merger_boost_x2,1.0,0.037749551350623745,2.0,-15.864903257793806,1.3648871411138695e-16,light_seed_scale
GS204851_juodzbalis25,GS-204851,5.48,spec,JADES,broad-line-agn,robust,individual_robust,juodzbalis25_jades_blagn,"Table 2 (BH/Lbol/lambda_Edd), Table 5 (Mstar)",False,False,False,True,0.1547495714093682,0.0144905277734889,consistent,30.0,0.9448445741526882,baseline,0.0,0.0,7.68,10.74,-3.0600000000000005,fedd1_spin_0_eps0p057_no_merger_boost,1.0,0.057190958417936644,1.0,-7.352407326513186,4.442144415457326e-08,light_seed_scale
GS204851_juodzbalis25,GS-204851,5.48,spec,JADES,broad-line-agn,robust,individual_robust,juodzbalis25_jades_blagn,"Table 2 (BH/Lbol/lambda_Edd), Table 5 (Mstar)",False,False,False,True,0.1547495714093682,0.0144905277734889,consistent,30.0,0.9448445741526882,baseline,0.0,0.0,7.68,10.74,-3.0600000000000005,fedd1_spin_0_eps0p057_merger_boost_x2,1.0,0.057190958417936644,2.0,-7.653437322177167,2.2210722077286628e-08,light_seed_scale
GS204851_juodzbalis25,GS-204851,5.48,spec,JADES,broad-line-agn,robust,individual_robust,juodzbalis25_jades_blagn,"Table 2 (BH/Lbol/lambda_Edd), Table 5 (Mstar)",False,False,False,True,0.1547495714093682,0.0144905277734889,consistent,30.0,0.9448445741526882,baseline,0.0,0.0,7.68,10.74,-3.0600000000000005,fedd1_spin_plus1_eps0p423_no_merger_boost,1.0,0.42264973081037416,1.0,6.434364586088188,2718720.651242193,above_heavy_seed_scale
GS204851_juodzbalis25,GS-204851,5.48,spec,JADES,broad-line-agn,robust,individual_robust,juodzbalis25_jades_blagn,"Table 2 (BH/Lbol/lambda_Edd), Table 5 (Mstar)",False,False,False,True,0.1547495714093682,0.0144905277734889,consistent,30.0,0.9448445741526882,baseline,0.0,0.0,7.68,10.74,-3.0600000000000005,fedd1_spin_plus1_eps0p423_merger_boost_x2,1.0,0.42264973081037416,2.0,6.133334590424207,1359360.3256210962,above_heavy_seed_scale
GS204851_juodzbalis25,GS-204851,5.48,spec,JADES,broad-line-agn,robust,individual_robust,juodzbalis25_jades_blagn,"Table 2 (BH/Lbol/lambda_Edd), Table 5 (Mstar)",False,False,False,True,0.1547495714093682,0.0144905277734889,consistent,30.0,0.9448445741526882,baseline,0.0,0.0,7.68,10.74,-3.0600000000000005,fedd2_eps0p1_no_merger_boost,2.0,0.1,1.0,-8.733631392429611,1.8465820413054455e-09,light_seed_scale
GS204851_juodzbalis25,GS-204851,5.48,spec,JADES,broad-line-agn,robust,individual_robust,juodzbalis25_jades_blagn,"Table 2 (BH/Lbol/lambda_Edd), Table 5 (Mstar)",False,False,False,True,0.1547495714093682,0.0144905277734889,consistent,30.0,0.9448445741526882,baseline,0.0,0.0,7.68,10.74,-3.0600000000000005,fedd2_eps0p1_merger_boost_x2,2.0,0.1,2.0,-9.034661388093593,9.232910206527227e-10,light_seed_scale
GS204851_juodzbalis25,GS-204851,5.48,spec,JADES,broad-line-agn,robust,individual_robust,juodzbalis25_jades_blagn,"Table 2 (BH/Lbol/lambda_Edd), Table 5 (Mstar)",False,False,False,True,0.1547495714093682,0.0144905277734889,consistent,30.0,0.9448445741526882,baseline,0.0,0.0,7.68,10.74,-3.0600000000000005,fedd2_spin_minus1_eps0p038_no_merger_boost,2.0,0.037749551350623745,1.0,-38.80774652425965,1.5568740351763974e-39,light_seed_scale
GS204851_juodzbalis25,GS-204851,5.48,spec,JADES,broad-line-agn,robust,individual_robust,juodzbalis25_jades_blagn,"Table 2 (BH/Lbol/lambda_Edd), Table 5 (Mstar)",False,False,False,True,0.1547495714093682,0.0144905277734889,consistent,30.0,0.9448445741526882,baseline,0.0,0.0,7.68,10.74,-3.0600000000000005,fedd2_spin_minus1_eps0p038_merger_boost_x2,2.0,0.037749551350623745,2.0,-39.10877651992363,7.784370175881985e-40,light_seed_scale
GS204851_juodzbalis25,GS-204851,5.48,spec,JADES,broad-line-agn,robust,individual_robust,juodzbalis25_jades_blagn,"Table 2 (BH/Lbol/lambda_Edd), Table 5 (Mstar)",False,False,False,True,0.1547495714093682,0.0144905277734889,consistent,30.0,0.9448445741526882,baseline,0.0,0.0,7.68,10.74,-3.0600000000000005,fedd2_spin_0_eps0p057_no_merger_boost,2.0,0.057190958417936644,1.0,-22.38481465302637,4.122734304486063e-23,light_seed_scale
GS204851_juodzbalis25,GS-204851,5.48,spec,JADES,broad-line-agn,robust,individual_robust,juodzbalis25_jades_blagn,"Table 2 (BH/Lbol/lambda_Edd), Table 5 (Mstar)",False,False,False,True,0.1547495714093682,0.0144905277734889,consistent,30.0,0.9448445741526882,baseline,0.0,0.0,7.68,10.74,-3.0600000000000005,fedd2_spin_0_eps0p057_merger_boost_x2,2.0,0.057190958417936644,2.0,-22.685844648690352,2.0613671522430313e-23,light_seed_scale
GS204851_juodzbalis25,GS-204851,5.48,spec,JADES,broad-line-agn,robust,individual_robust,juodzbalis25_jades_blagn,"Table 2 (BH/Lbol/lambda_Edd), Table 5 (Mstar)",False,False,False,True,0.1547495714093682,0.0144905277734889,consistent,30.0,0.9448445741526882,baseline,0.0,0.0,7.68,10.74,-3.0600000000000005,fedd2_spin_plus1_eps0p423_no_merger_boost,2.0,0.42264973081037416,1.0,5.188729172176377,154429.11129182205,heavy_seed_scale
GS204851_juodzbalis25,GS-204851,5.48,spec,JADES,broad-line-agn,robust,individual_robust,juodzbalis25_jades_blagn,"Table 2 (BH/Lbol/lambda_Edd), Table 5 (Mstar)",False,False,False,True,0.1547495714093682,0.0144905277734889,consistent,30.0,0.9448445741526882,baseline,0.0,0.0,7.68,10.74,-3.0600000000000005,fedd2_spin_plus1_eps0p423_merger_boost_x2,2.0,0.42264973081037416,2.0,4.887699176512395,77214.55564591101,heavy_seed_scale
GS204851_juodzbalis25,GS-204851,5.48,spec,JADES,broad-line-agn,robust,individual_robust,juodzbalis25_jades_blagn,"Table 2 (BH/Lbol/lambda_Edd), Table 5 (Mstar)",False,False,False,True,0.1547495714093682,0.0144905277734889,consistent,30.0,0.9448445741526882,mbh_minus_0p3dex,-0.3,0.0,7.38,10.74,-3.3600000000000003,fedd0p3_eps0p1_no_merger_boost,0.3,0.1,1.0,4.917955291135558,82785.6934794564,heavy_seed_scale
GS204851_juodzbalis25,GS-204851,5.48,spec,JADES,broad-line-agn,robust,individual_robust,juodzbalis25_jades_blagn,"Table 2 (BH/Lbol/lambda_Edd), Table 5 (Mstar)",False,False,False,True,0.1547495714093682,0.0144905277734889,consistent,30.0,0.9448445741526882,mbh_minus_0p3dex,-0.3,0.0,7.38,10.74,-3.3600000000000003,fedd0p3_eps0p1_merger_boost_x2,0.3,0.1,2.0,4.616925295471577,41392.8467397282,heavy_seed_scale
GS204851_juodzbalis25,GS-204851,5.48,spec,JADES,broad-line-agn,robust,individual_robust,juodzbalis25_jades_blagn,"Table 2 (BH/Lbol/lambda_Edd), Table 5 (Mstar)",False,False,False,True,0.1547495714093682,0.0144905277734889,consistent,30.0,0.9448445741526882,mbh_minus_0p3dex,-0.3,0.0,7.38,10.74,-3.3600000000000003,fedd0p3_spin_minus1_eps0p038_no_merger_boost,0.3,0.037749551350623745,1.0,0.40683802136105296,2.5517494002053205,light_seed_scale
GS204851_juodzbalis25,GS-204851,5.48,spec,JADES,broad-line-agn,robust,individual_robust,juodzbalis25_jades_blagn,"Table 2 (BH/Lbol/lambda_Edd), Table 5 (Mstar)",False,False,False,True,0.1547495714093682,0.0144905277734889,consistent,30.0,0.9448445741526882,mbh_minus_0p3dex,-0.3,0.0,7.38,10.74,-3.3600000000000003,fedd0p3_spin_minus1_eps0p038_merger_boost_x2,0.3,0.037749551350623745,2.0,0.1058080256970717,1.27587470010266,light_seed_scale
GS204851_juodzbalis25,GS-204851,5.48,spec,JADES,broad-line-agn,robust,individual_robust,juodzbalis25_jades_blagn,"Table 2 (BH/Lbol/lambda_Edd), Table 5 (Mstar)",False,False,False,True,0.1547495714093682,0.0144905277734889,consistent,30.0,0.9448445741526882,mbh_minus_0p3dex,-0.3,0.0,7.38,10.74,-3.3600000000000003,fedd0p3_spin_0_eps0p057_no_merger_boost,0.3,0.057190958417936644,1.0,2.8702778020460453,741.7845816153874,intermediate_seed_scale
GS204851_juodzbalis25,GS-204851,5.48,spec,JADES,broad-line-agn,robust,individual_robust,juodzbalis25_jades_blagn,"Table 2 (BH/Lbol/lambda_Edd), Table 5 (Mstar)",False,False,False,True,0.1547495714093682,0.0144905277734889,consistent,30.0,0.9448445741526882,mbh_minus_0p3dex,-0.3,0.0,7.38,10.74,-3.3600000000000003,fedd0p3_spin_0_eps0p057_merger_boost_x2,0.3,0.057190958417936644,2.0,2.569247806382064,370.89229080769366,intermediate_seed_scale
GS204851_juodzbalis25,GS-204851,5.48,spec,JADES,broad-line-agn,robust,individual_robust,juodzbalis25_jades_blagn,"Table 2 (BH/Lbol/lambda_Edd), Table 5 (Mstar)",False,False,False,True,0.1547495714093682,0.0144905277734889,consistent,30.0,0.9448445741526882,mbh_minus_0p3dex,-0.3,0.0,7.38,10.74,-3.3600000000000003,fedd0p3_spin_plus1_eps0p423_no_merger_boost,0.3,0.42264973081037416,1.0,7.006309375826456,10146339.17197716,above_heavy_seed_scale
GS204851_juodzbalis25,GS-204851,5.48,spec,JADES,broad-line-agn,robust,individual_robust,juodzbalis25_jades_blagn,"Table 2 (BH/Lbol/lambda_Edd), Table 5 (Mstar)",False,False,False,True,0.1547495714093682,0.0144905277734889,consistent,30.0,0.9448445741526882,mbh_minus_0p3dex,-0.3,0.0,7.38,10.74,-3.3600000000000003,fedd0p3_spin_plus1_eps0p423_merger_boost_x2,0.3,0.42264973081037416,2.0,6.705279380162475,5073169.585988579,above_heavy_seed_scale
GS204851_juodzbalis25,GS-204851,5.48,spec,JADES,broad-line-agn,robust,individual_robust,juodzbalis25_jades_blagn,"Table 2 (BH/Lbol/lambda_Edd), Table 5 (Mstar)",False,False,False,True,0.1547495714093682,0.0144905277734889,consistent,30.0,0.9448445741526882,mbh_minus_0p3dex,-0.3,0.0,7.38,10.74,-3.3600000000000003,fedd1_eps0p1_no_merger_boost,1.0,0.1,1.0,-0.8268156962148057,0.14899932596709153,light_seed_scale
GS204851_juodzbalis25,GS-204851,5.48,spec,JADES,broad-line-agn,robust,individual_robust,juodzbalis25_jades_blagn,"Table 2 (BH/Lbol/lambda_Edd), Table 5 (Mstar)",False,False,False,True,0.1547495714093682,0.0144905277734889,consistent,30.0,0.9448445741526882,mbh_minus_0p3dex,-0.3,0.0,7.38,10.74,-3.3600000000000003,fedd1_eps0p1_merger_boost_x2,1.0,0.1,2.0,-1.127845691878787,0.07449966298354577,light_seed_scale
GS204851_juodzbalis25,GS-204851,5.48,spec,JADES,broad-line-agn,robust,individual_robust,juodzbalis25_jades_blagn,"Table 2 (BH/Lbol/lambda_Edd), Table 5 (Mstar)",False,False,False,True,0.1547495714093682,0.0144905277734889,consistent,30.0,0.9448445741526882,mbh_minus_0p3dex,-0.3,0.0,7.38,10.74,-3.3600000000000003,fedd1_spin_minus1_eps0p038_no_merger_boost,1.0,0.037749551350623745,1.0,-15.863873262129825,1.3681280209365914e-16,light_seed_scale
GS204851_juodzbalis25,GS-204851,5.48,spec,JADES,broad-line-agn,robust,individual_robust,juodzbalis25_jades_blagn,"Table 2 (BH/Lbol/lambda_Edd), Table 5 (Mstar)",False,False,False,True,0.1547495714093682,0.0144905277734889,consistent,30.0,0.9448445741526882,mbh_minus_0p3dex,-0.3,0.0,7.38,10.74,-3.3600000000000003,fedd1_spin_minus1_eps0p038_merger_boost_x2,1.0,0.037749551350623745,2.0,-16.164903257793807,6.840640104682956e-17,light_seed_scale
GS204851_juodzbalis25,GS-204851,5.48,spec,JADES,broad-line-agn,robust,individual_robust,juodzbalis25_jades_blagn,"Table 2 (BH/Lbol/lambda_Edd), Table 5 (Mstar)",False,False,False,True,0.1547495714093682,0.0144905277734889,consistent,30.0,0.9448445741526882,mbh_minus_0p3dex,-0.3,0.0,7.38,10.74,-3.3600000000000003,fedd1_spin_0_eps0p057_no_merger_boost,1.0,0.057190958417936644,1.0,-7.652407326513186,2.2263460709558947e-08,light_seed_scale
GS204851_juodzbalis25,GS-204851,5.48,spec,JADES,broad-line-agn,robust,individual_robust,juodzbalis25_jades_blagn,"Table 2 (BH/Lbol/lambda_Edd), Table 5 (Mstar)",False,False,False,True,0.1547495714093682,0.0144905277734889,consistent,30.0,0.9448445741526882,mbh_minus_0p3dex,-0.3,0.0,7.38,10.74,-3.3600000000000003,fedd1_spin_0_eps0p057_merger_boost_x2,1.0,0.057190958417936644,2.0,-7.953437322177167,1.1131730354779472e-08,light_seed_scale
GS204851_juodzbalis25,GS-204851,5.48,spec,JADES,broad-line-agn,robust,individual_robust,juodzbalis25_jades_blagn,"Table 2 (BH/Lbol/lambda_Edd), Table 5 (Mstar)",False,False,False,True,0.1547495714093682,0.0144905277734889,consistent,30.0,0.9448445741526882,mbh_minus_0p3dex,-0.3,0.0,7.38,10.74,-3.3600000000000003,fedd1_spin_plus1_eps0p423_no_merger_boost,1.0,0.42264973081037416,1.0,6.134364586088188,1362588.0822014112,above_heavy_seed_scale
GS204851_juodzbalis25,GS-204851,5.48,spec,JADES,broad-line-agn,robust,individual_robust,juodzbalis25_jades_blagn,"Table 2 (BH/Lbol/lambda_Edd), Table 5 (Mstar)",False,False,False,True,0.1547495714093682,0.0144905277734889,consistent,30.0,0.9448445741526882,mbh_minus_0p3dex,-0.3,0.0,7.38,10.74,-3.3600000000000003,fedd1_spin_plus1_eps0p423_merger_boost_x2,1.0,0.42264973081037416,2.0,5.833334590424207,681294.0411007055,heavy_seed_scale
GS204851_juodzbalis25,GS-204851,5.48,spec,JADES,broad-line-agn,robust,individual_robust,juodzbalis25_jades_blagn,"Table 2 (BH/Lbol/lambda_Edd), Table 5 (Mstar)",False,False,False,True,0.1547495714093682,0.0144905277734889,consistent,30.0,0.9448445741526882,mbh_minus_0p3dex,-0.3,0.0,7.38,10.74,-3.3600000000000003,fedd2_eps0p1_no_merger_boost,2.0,0.1,1.0,-9.033631392429612,9.254833449476762e-10,light_seed_scale
GS204851_juodzbalis25,GS-204851,5.48,spec,JADES,broad-line-agn,robust,individual_robust,juodzbalis25_jades_blagn,"Table 2 (BH/Lbol/lambda_Edd), Table 5 (Mstar)",False,False,False,True,0.1547495714093682,0.0144905277734889,consistent,30.0,0.9448445741526882,mbh_minus_0p3dex,-0.3,0.0,7.38,10.74,-3.3600000000000003,fedd2_eps0p1_merger_boost_x2,2.0,0.1,2.0,-9.334661388093593,4.6274167247383804e-10,light_seed_scale
GS204851_juodzbalis25,GS-204851,5.48,spec,JADES,broad-line-agn,robust,individual_robust,juodzbalis25_jades_blagn,"Table 2 (BH/Lbol/lambda_Edd), Table 5 (Mstar)",False,False,False,True,0.1547495714093682,0.0144905277734889,consistent,30.0,0.9448445741526882,mbh_minus_0p3dex,-0.3,0.0,7.38,10.74,-3.3600000000000003,fedd2_spin_minus1_eps0p038_no_merger_boost,2.0,0.037749551350623745,1.0,-39.107746524259646,7.802853907961922e-40,light_seed_scale
GS204851_juodzbalis25,GS-204851,5.48,spec,JADES,broad-line-agn,robust,individual_robust,juodzbalis25_jades_blagn,"Table 2 (BH/Lbol/lambda_Edd), Table 5 (Mstar)",False,False,False,True,0.1547495714093682,0.0144905277734889,consistent,30.0,0.9448445741526882,mbh_minus_0p3dex,-0.3,0.0,7.38,10.74,-3.3600000000000003,fedd2_spin_minus1_eps0p038_merger_boost_x2,2.0,0.037749551350623745,2.0,-39.40877651992363,3.901426953980961e-40,light_seed_scale
GS204851_juodzbalis25,GS-204851,5.48,spec,JADES,broad-line-agn,robust,individual_robust,juodzbalis25_jades_blagn,"Table 2 (BH/Lbol/lambda_Edd), Table 5 (Mstar)",False,False,False,True,0.1547495714093682,0.0144905277734889,consistent,30.0,0.9448445741526882,mbh_minus_0p3dex,-0.3,0.0,7.38,10.74,-3.3600000000000003,fedd2_spin_0_eps0p057_no_merger_boost,2.0,0.057190958417936644,1.0,-22.684814653026372,2.066261801045623e-23,light_seed_scale
GS204851_juodzbalis25,GS-204851,5.48,spec,JADES,broad-line-agn,robust,individual_robust,juodzbalis25_jades_blagn,"Table 2 (BH/Lbol/lambda_Edd), Table 5 (Mstar)",False,False,False,True,0.1547495714093682,0.0144905277734889,consistent,30.0,0.9448445741526882,mbh_minus_0p3dex,-0.3,0.0,7.38,10.74,-3.3600000000000003,fedd2_spin_0_eps0p057_merger_boost_x2,2.0,0.057190958417936644,2.0,-22.985844648690353,1.0331309005228113e-23,light_seed_scale
GS204851_juodzbalis25,GS-204851,5.48,spec,JADES,broad-line-agn,robust,individual_robust,juodzbalis25_jades_blagn,"Table 2 (BH/Lbol/lambda_Edd), Table 5 (Mstar)",False,False,False,True,0.1547495714093682,0.0144905277734889,consistent,30.0,0.9448445741526882,mbh_minus_0p3dex,-0.3,0.0,7.38,10.74,-3.3600000000000003,fedd2_spin_plus1_eps0p423_no_merger_boost,2.0,0.42264973081037416,1.0,4.888729172176378,77397.89907986663,heavy_seed_scale
GS204851_juodzbalis25,GS-204851,5.48,spec,JADES,broad-line-agn,robust,individual_robust,juodzbalis25_jades_blagn,"Table 2 (BH/Lbol/lambda_Edd), Table 5 (Mstar)",False,False,False,True,0.1547495714093682,0.0144905277734889,consistent,30.0,0.9448445741526882,mbh_minus_0p3dex,-0.3,0.0,7.38,10.74,-3.3600000000000003,fedd2_spin_plus1_eps0p423_merger_boost_x2,2.0,0.42264973081037416,2.0,4.5876991765123964,38698.94953993331,heavy_seed_scale
GS204851_juodzbalis25,GS-204851,5.48,spec,JADES,broad-line-agn,robust,individual_robust,juodzbalis25_jades_blagn,"Table 2 (BH/Lbol/lambda_Edd), Table 5 (Mstar)",False,False,False,True,0.1547495714093682,0.0144905277734889,consistent,30.0,0.9448445741526882,mbh_plus_0p3dex,0.3,0.0,7.9799999999999995,10.74,-2.7600000000000007,fedd0p3_eps0p1_no_merger_boost,0.3,0.1,1.0,5.517955291135558,329575.7819341547,heavy_seed_scale
GS204851_juodzbalis25,GS-204851,5.48,spec,JADES,broad-line-agn,robust,individual_robust,juodzbalis25_jades_blagn,"Table 2 (BH/Lbol/lambda_Edd), Table 5 (Mstar)",False,False,False,True,0.1547495714093682,0.0144905277734889,consistent,30.0,0.9448445741526882,mbh_plus_0p3dex,0.3,0.0,7.9799999999999995,10.74,-2.7600000000000007,fedd0p3_eps0p1_merger_boost_x2,0.3,0.1,2.0,5.216925295471577,164787.89096707734,heavy_seed_scale
GS204851_juodzbalis25,GS-204851,5.48,spec,JADES,broad-line-agn,robust,individual_robust,juodzbalis25_jades_blagn,"Table 2 (BH/Lbol/lambda_Edd), Table 5 (Mstar)",False,False,False,True,0.1547495714093682,0.0144905277734889,consistent,30.0,0.9448445741526882,mbh_plus_0p3dex,0.3,0.0,7.9799999999999995,10.74,-2.7600000000000007,fedd0p3_spin_minus1_eps0p038_no_merger_boost,0.3,0.037749551350623745,1.0,1.0068380213610526,10.15869733677323,light_seed_scale
GS204851_juodzbalis25,GS-204851,5.48,spec,JADES,broad-line-agn,robust,individual_robust,juodzbalis25_jades_blagn,"Table 2 (BH/Lbol/lambda_Edd), Table 5 (Mstar)",False,False,False,True,0.1547495714093682,0.0144905277734889,consistent,30.0,0.9448445741526882,mbh_plus_0p3dex,0.3,0.0,7.9799999999999995,10.74,-2.7600000000000007,fedd0p3_spin_minus1_eps0p038_merger_boost_x2,0.3,0.037749551350623745,2.0,0.7058080256970714,5.079348668386614,light_seed_scale
GS204851_juodzbalis25,GS-204851,5.48,spec,JADES,broad-line-agn,robust,individual_robust,juodzbalis25_jades_blagn,"Table 2 (BH/Lbol/lambda_Edd), Table 5 (Mstar)",False,False,False,True,0.1547495714093682,0.0144905277734889,consistent,30.0,0.9448445741526882,mbh_plus_0p3dex,0.3,0.0,7.9799999999999995,10.74,-2.7600000000000007,fedd0p3_spin_0_eps0p057_no_merger_boost,0.3,0.057190958417936644,1.0,3.470277802046045,2953.0976094711136,intermediate_seed_scale
GS204851_juodzbalis25,GS-204851,5.48,spec,JADES,broad-line-agn,robust,individual_robust,juodzbalis25_jades_blagn,"Table 2 (BH/Lbol/lambda_Edd), Table 5 (Mstar)",False,False,False,True,0.1547495714093682,0.0144905277734889,consistent,30.0,0.9448445741526882,mbh_plus_0p3dex,0.3,0.0,7.9799999999999995,10.74,-2.7600000000000007,fedd0p3_spin_0_eps0p057_merger_boost_x2,0.3,0.057190958417936644,2.0,3.1692478063820637,1476.5488047355568,intermediate_seed_scale
GS204851_juodzbalis25,GS-204851,5.48,spec,JADES,broad-line-agn,robust,individual_robust,juodzbalis25_jades_blagn,"Table 2 (BH/Lbol/lambda_Edd), Table 5 (Mstar)",False,False,False,True,0.1547495714093682,0.0144905277734889,consistent,30.0,0.9448445741526882,mbh_plus_0p3dex,0.3,0.0,7.9799999999999995,10.74,-2.7600000000000007,fedd0p3_spin_plus1_eps0p423_no_merger_boost,0.3,0.42264973081037416,1.0,7.606309375826456,40393303.79231938,above_heavy_seed_scale
GS204851_juodzbalis25,GS-204851,5.48,spec,JADES,broad-line-agn,robust,individual_robust,juodzbalis25_jades_blagn,"Table 2 (BH/Lbol/lambda_Edd), Table 5 (Mstar)",False,False,False,True,0.1547495714093682,0.0144905277734889,consistent,30.0,0.9448445741526882,mbh_plus_0p3dex,0.3,0.0,7.9799999999999995,10.74,-2.7600000000000007,fedd0p3_spin_plus1_eps0p423_merger_boost_x2,0.3,0.42264973081037416,2.0,7.3052793801624745,20196651.896159686,above_heavy_seed_scale
GS204851_juodzbalis25,GS-204851,5.48,spec,JADES,broad-line-agn,robust,individual_robust,juodzbalis25_jades_blagn,"Table 2 (BH/Lbol/lambda_Edd), Table 5 (Mstar)",False,False,False,True,0.1547495714093682,0.0144905277734889,consistent,30.0,0.9448445741526882,mbh_plus_0p3dex,0.3,0.0,7.9799999999999995,10.74,-2.7600000000000007,fedd1_eps0p1_no_merger_boost,1.0,0.1,1.0,-0.22681569621480602,0.5931770007513699,light_seed_scale
GS204851_juodzbalis25,GS-204851,5.48,spec,JADES,broad-line-agn,robust,individual_robust,juodzbalis25_jades_blagn,"Table 2 (BH/Lbol/lambda_Edd), Table 5 (Mstar)",False,False,False,True,0.1547495714093682,0.0144905277734889,consistent,30.0,0.9448445741526882,mbh_plus_0p3dex,0.3,0.0,7.9799999999999995,10.74,-2.7600000000000007,fedd1_eps0p1_merger_boost_x2,1.0,0.1,2.0,-0.5278456918787873,0.29658850037568496,light_seed_scale
GS204851_juodzbalis25,GS-204851,5.48,spec,JADES,broad-line-agn,robust,individual_robust,juodzbalis25_jades_blagn,"Table 2 (BH/Lbol/lambda_Edd), Table 5 (Mstar)",False,False,False,True,0.1547495714093682,0.0144905277734889,consistent,30.0,0.9448445741526882,mbh_plus_0p3dex,0.3,0.0,7.9799999999999995,10.74,-2.7600000000000007,fedd1_spin_minus1_eps0p038_no_merger_boost,1.0,0.037749551350623745,1.0,-15.263873262129824,5.44661575370024e-16,light_seed_scale
GS204851_juodzbalis25,GS-204851,5.48,spec,JADES,broad-line-agn,robust,individual_robust,juodzbalis25_jades_blagn,"Table 2 (BH/Lbol/lambda_Edd), Table 5 (Mstar)",False,False,False,True,0.1547495714093682,0.0144905277734889,consistent,30.0,0.9448445741526882,mbh_plus_0p3dex,0.3,0.0,7.9799999999999995,10.74,-2.7600000000000007,fedd1_spin_minus1_eps0p038_merger_boost_x2,1.0,0.037749551350623745,2.0,-15.564903257793805,2.72330787685012e-16,light_seed_scale
GS204851_juodzbalis25,GS-204851,5.48,spec,JADES,broad-line-agn,robust,individual_robust,juodzbalis25_jades_blagn,"Table 2 (BH/Lbol/lambda_Edd), Table 5 (Mstar)",False,False,False,True,0.1547495714093682,0.0144905277734889,consistent,30.0,0.9448445741526882,mbh_plus_0p3dex,0.3,0.0,7.9799999999999995,10.74,-2.7600000000000007,fedd1_spin_0_eps0p057_no_merger_boost,1.0,0.057190958417936644,1.0,-7.052407326513186,8.863243349811462e-08,light_seed_scale
GS204851_juodzbalis25,GS-204851,5.48,spec,JADES,broad-line-agn,robust,individual_robust,juodzbalis25_jades_blagn,"Table 2 (BH/Lbol/lambda_Edd), Table 5 (Mstar)",False,False,False,True,0.1547495714093682,0.0144905277734889,consistent,30.0,0.9448445741526882,mbh_plus_0p3dex,0.3,0.0,7.9799999999999995,10.74,-2.7600000000000007,fedd1_spin_0_eps0p057_merger_boost_x2,1.0,0.057190958417936644,2.0,-7.353437322177167,4.43162167490573e-08,light_seed_scale
GS204851_juodzbalis25,GS-204851,5.48,spec,JADES,broad-line-agn,robust,individual_robust,juodzbalis25_jades_blagn,"Table 2 (BH/Lbol/lambda_Edd), Table 5 (Mstar)",False,False,False,True,0.1547495714093682,0.0144905277734889,consistent,30.0,0.9448445741526882,mbh_plus_0p3dex,0.3,0.0,7.9799999999999995,10.74,-2.7600000000000007,fedd1_spin_plus1_eps0p423_no_merger_boost,1.0,0.42264973081037416,1.0,6.734364586088188,5424560.860351195,above_heavy_seed_scale
GS204851_juodzbalis25,GS-204851,5.48,spec,JADES,broad-line-agn,robust,individual_robust,juodzbalis25_jades_blagn,"Table 2 (BH/Lbol/lambda_Edd), Table 5 (Mstar)",False,False,False,True,0.1547495714093682,0.0144905277734889,consistent,30.0,0.9448445741526882,mbh_plus_0p3dex,0.3,0.0,7.9799999999999995,10.74,-2.7600000000000007,fedd1_spin_plus1_eps0p423_merger_boost_x2,1.0,0.42264973081037416,2.0,6.433334590424207,2712280.4301755973,above_heavy_seed_scale
GS204851_juodzbalis25,GS-204851,5.48,spec,JADES,broad-line-agn,robust,individual_robust,juodzbalis25_jades_blagn,"Table 2 (BH/Lbol/lambda_Edd), Table 5 (Mstar)",False,False,False,True,0.1547495714093682,0.0144905277734889,consistent,30.0,0.9448445741526882,mbh_plus_0p3dex,0.3,0.0,7.9799999999999995,10.74,-2.7600000000000007,fedd2_eps0p1_no_merger_boost,2.0,0.1,1.0,-8.43363139242961,3.6844155585150686e-09,light_seed_scale
GS204851_juodzbalis25,GS-204851,5.48,spec,JADES,broad-line-agn,robust,individual_robust,juodzbalis25_jades_blagn,"Table 2 (BH/Lbol/lambda_Edd), Table 5 (Mstar)",False,False,False,True,0.1547495714093682,0.0144905277734889,consistent,30.0,0.9448445741526882,mbh_plus_0p3dex,0.3,0.0,7.9799999999999995,10.74,-2.7600000000000007,fedd2_eps0p1_merger_boost_x2,2.0,0.1,2.0,-8.734661388093592,1.842207779257534e-09,light_seed_scale
GS204851_juodzbalis25,GS-204851,5.48,spec,JADES,broad-line-agn,robust,individual_robust,juodzbalis25_jades_blagn,"Table 2 (BH/Lbol/lambda_Edd), Table 5 (Mstar)",False,False,False,True,0.1547495714093682,0.0144905277734889,consistent,30.0,0.9448445741526882,mbh_plus_0p3dex,0.3,0.0,7.9799999999999995,10.74,-2.7600000000000007,fedd2_spin_minus1_eps0p038_no_merger_boost,2.0,0.037749551350623745,1.0,-38.50774652425965,3.106372091540979e-39,light_seed_scale
GS204851_juodzbalis25,GS-204851,5.48,spec,JADES,broad-line-agn,robust,individual_robust,juodzbalis25_jades_blagn,"Table 2 (BH/Lbol/lambda_Edd), Table 5 (Mstar)",False,False,False,True,0.1547495714093682,0.0144905277734889,consistent,30.0,0.9448445741526882,mbh_plus_0p3dex,0.3,0.0,7.9799999999999995,10.74,-2.7600000000000007,fedd2_spin_minus1_eps0p038_merger_boost_x2,2.0,0.037749551350623745,2.0,-38.80877651992363,1.5531860457704892e-39,light_seed_scale
GS204851_juodzbalis25,GS-204851,5.48,spec,JADES,broad-line-agn,robust,individual_robust,juodzbalis25_jades_blagn,"Table 2 (BH/Lbol/lambda_Edd), Table 5 (Mstar)",False,False,False,True,0.1547495714093682,0.0144905277734889,consistent,30.0,0.9448445741526882,mbh_plus_0p3dex,0.3,0.0,7.9799999999999995,10.74,-2.7600000000000007,fedd2_spin_0_eps0p057_no_merger_boost,2.0,0.057190958417936644,1.0,-22.08481465302637,8.225936392370489e-23,light_seed_scale
GS204851_juodzbalis25,GS-204851,5.48,spec,JADES,broad-line-agn,robust,individual_robust,juodzbalis25_jades_blagn,"Table 2 (BH/Lbol/lambda_Edd), Table 5 (Mstar)",False,False,False,True,0.1547495714093682,0.0144905277734889,consistent,30.0,0.9448445741526882,mbh_plus_0p3dex,0.3,0.0,7.9799999999999995,10.74,-2.7600000000000007,fedd2_spin_0_eps0p057_merger_boost_x2,2.0,0.057190958417936644,2.0,-22.38584464869035,4.112968196185244e-23,light_seed_scale
GS204851_juodzbalis25,GS-204851,5.48,spec,JADES,broad-line-agn,robust,individual_robust,juodzbalis25_jades_blagn,"Table 2 (BH/Lbol/lambda_Edd), Table 5 (Mstar)",False,False,False,True,0.1547495714093682,0.0144905277734889,consistent,30.0,0.9448445741526882,mbh_plus_0p3dex,0.3,0.0,7.9799999999999995,10.74,-2.7600000000000007,fedd2_spin_plus1_eps0p423_no_merger_boost,2.0,0.42264973081037416,1.0,5.488729172176377,308126.58609470807,heavy_seed_scale
GS204851_juodzbalis25,GS-204851,5.48,spec,JADES,broad-line-agn,robust,individual_robust,juodzbalis25_jades_blagn,"Table 2 (BH/Lbol/lambda_Edd), Table 5 (Mstar)",False,False,False,True,0.1547495714093682,0.0144905277734889,consistent,30.0,0.9448445741526882,mbh_plus_0p3dex,0.3,0.0,7.9799999999999995,10.74,-2.7600000000000007,fedd2_spin_plus1_eps0p423_merger_boost_x2,2.0,0.42264973081037416,2.0,5.187699176512396,154063.293047354,heavy_seed_scale
GS204851_juodzbalis25,GS-204851,5.48,spec,JADES,broad-line-agn,robust,individual_robust,juodzbalis25_jades_blagn,"Table 2 (BH/Lbol/lambda_Edd), Table 5 (Mstar)",False,False,False,True,0.1547495714093682,0.0144905277734889,consistent,30.0,0.9448445741526882,mstar_agn_20pct,0.0,0.2,7.68,10.643089986991944,-2.9630899869919443,fedd0p3_eps0p1_no_merger_boost,0.3,0.1,1.0,5.217955291135558,165179.1744181242,heavy_seed_scale
GS204851_juodzbalis25,GS-204851,5.48,spec,JADES,broad-line-agn,robust,individual_robust,juodzbalis25_jades_blagn,"Table 2 (BH/Lbol/lambda_Edd), Table 5 (Mstar)",False,False,False,True,0.1547495714093682,0.0144905277734889,consistent,30.0,0.9448445741526882,mstar_agn_20pct,0.0,0.2,7.68,10.643089986991944,-2.9630899869919443,fedd0p3_eps0p1_merger_boost_x2,0.3,0.1,2.0,4.916925295471577,82589.5872090621,heavy_seed_scale
GS204851_juodzbalis25,GS-204851,5.48,spec,JADES,broad-line-agn,robust,individual_robust,juodzbalis25_jades_blagn,"Table 2 (BH/Lbol/lambda_Edd), Table 5 (Mstar)",False,False,False,True,0.1547495714093682,0.0144905277734889,consistent,30.0,0.9448445741526882,mstar_agn_20pct,0.0,0.2,7.68,10.643089986991944,-2.9630899869919443,fedd0p3_spin_minus1_eps0p038_no_merger_boost,0.3,0.037749551350623745,1.0,0.7068380213610528,5.091409415474115,light_seed_scale
GS204851_juodzbalis25,GS-204851,5.48,spec,JADES,broad-line-agn,robust,individual_robust,juodzbalis25_jades_blagn,"Table 2 (BH/Lbol/lambda_Edd), Table 5 (Mstar)",False,False,False,True,0.1547495714093682,0.0144905277734889,consistent,30.0,0.9448445741526882,mstar_agn_20pct,0.0,0.2,7.68,10.643089986991944,-2.9630899869919443,fedd0p3_spin_minus1_eps0p038_merger_boost_x2,0.3,0.037749551350623745,2.0,0.40580802569707153,2.5457047077370576,light_seed_scale
GS204851_juodzbalis25,GS-204851,5.48,spec,JADES,broad-line-agn,robust,individual_robust,juodzbalis25_jades_blagn,"Table 2 (BH/Lbol/lambda_Edd), Table 5 (Mstar)",False,False,False,True,0.1547495714093682,0.0144905277734889,consistent,30.0,0.9448445741526882,mstar_agn_20pct,0.0,0.2,7.68,10.643089986991944,-2.9630899869919443,fedd0p3_spin_0_eps0p057_no_merger_boost,0.3,0.057190958417936644,1.0,3.170277802046045,1480.054821522139,intermediate_seed_scale
GS204851_juodzbalis25,GS-204851,5.48,spec,JADES,broad-line-agn,robust,individual_robust,juodzbalis25_jades_blagn,"Table 2 (BH/Lbol/lambda_Edd), Table 5 (Mstar)",False,False,False,True,0.1547495714093682,0.0144905277734889,consistent,30.0,0.9448445741526882,mstar_agn_20pct,0.0,0.2,7.68,10.643089986991944,-2.9630899869919443,fedd0p3_spin_0_eps0p057_merger_boost_x2,0.3,0.057190958417936644,2.0,2.869247806382064,740.0274107610694,intermediate_seed_scale
GS204851_juodzbalis25,GS-204851,5.48,spec,JADES,broad-line-agn,robust,individual_robust,juodzbalis25_jades_blagn,"Table 2 (BH/Lbol/lambda_Edd), Table 5 (Mstar)",False,False,False,True,0.1547495714093682,0.0144905277734889,consistent,30.0,0.9448445741526882,mstar_agn_20pct,0.0,0.2,7.68,10.643089986991944,-2.9630899869919443,fedd0p3_spin_plus1_eps0p423_no_merger_boost,0.3,0.42264973081037416,1.0,7.306309375826456,20244608.184738565,above_heavy_seed_scale
GS204851_juodzbalis25,GS-204851,5.48,spec,JADES,broad-line-agn,robust,individual_robust,juodzbalis25_jades_blagn,"Table 2 (BH/Lbol/lambda_Edd), Table 5 (Mstar)",False,False,False,True,0.1547495714093682,0.0144905277734889,consistent,30.0,0.9448445741526882,mstar_agn_20pct,0.0,0.2,7.68,10.643089986991944,-2.9630899869919443,fedd0p3_spin_plus1_eps0p423_merger_boost_x2,0.3,0.42264973081037416,2.0,7.005279380162475,10122304.09236928,above_heavy_seed_scale
GS204851_juodzbalis25,GS-204851,5.48,spec,JADES,broad-line-agn,robust,individual_robust,juodzbalis25_jades_blagn,"Table 2 (BH/Lbol/lambda_Edd), Table 5 (Mstar)",False,False,False,True,0.1547495714093682,0.0144905277734889,consistent,30.0,0.9448445741526882,mstar_agn_20pct,0.0,0.2,7.68,10.643089986991944,-2.9630899869919443,fedd1_eps0p1_no_merger_boost,1.0,0.1,1.0,-0.5268156962148058,0.2972927400579016,light_seed_scale
GS204851_juodzbalis25,GS-204851,5.48,spec,JADES,broad-line-agn,robust,individual_robust,juodzbalis25_jades_blagn,"Table 2 (BH/Lbol/lambda_Edd), Table 5 (Mstar)",False,False,False,True,0.1547495714093682,0.0144905277734889,consistent,30.0,0.9448445741526882,mstar_agn_20pct,0.0,0.2,7.68,10.643089986991944,-2.9630899869919443,fedd1_eps0p1_merger_boost_x2,1.0,0.1,2.0,-0.8278456918787871,0.1486463700289508,light_seed_scale
GS204851_juodzbalis25,GS-204851,5.48,spec,JADES,broad-line-agn,robust,individual_robust,juodzbalis25_jades_blagn,"Table 2 (BH/Lbol/lambda_Edd), Table 5 (Mstar)",False,False,False,True,0.1547495714093682,0.0144905277734889,consistent,30.0,0.9448445741526882,mstar_agn_20pct,0.0,0.2,7.68,10.643089986991944,-2.9630899869919443,fedd1_spin_minus1_eps0p038_no_merger_boost,1.0,0.037749551350623745,1.0,-15.563873262129825,2.7297742822277395e-16,light_seed_scale
GS204851_juodzbalis25,GS-204851,5.48,spec,JADES,broad-line-agn,robust,individual_robust,juodzbalis25_jades_blagn,"Table 2 (BH/Lbol/lambda_Edd), Table 5 (Mstar)",False,False,False,True,0.1547495714093682,0.0144905277734889,consistent,30.0,0.9448445741526882,mstar_agn_20pct,0.0,0.2,7.68,10.643089986991944,-2.9630899869919443,fedd1_spin_minus1_eps0p038_merger_boost_x2,1.0,0.037749551350623745,2.0,-15.864903257793806,1.3648871411138695e-16,light_seed_scale
GS204851_juodzbalis25,GS-204851,5.48,spec,JADES,broad-line-agn,robust,individual_robust,juodzbalis25_jades_blagn,"Table 2 (BH/Lbol/lambda_Edd), Table 5 (Mstar)",False,False,False,True,0.1547495714093682,0.0144905277734889,consistent,30.0,0.9448445741526882,mstar_agn_20pct,0.0,0.2,7.68,10.643089986991944,-2.9630899869919443,fedd1_spin_0_eps0p057_no_merger_boost,1.0,0.057190958417936644,1.0,-7.352407326513186,4.442144415457326e-08,light_seed_scale
GS204851_juodzbalis25,GS-204851,5.48,spec,JADES,broad-line-agn,robust,individual_robust,juodzbalis25_jades_blagn,"Table 2 (BH/Lbol/lambda_Edd), Table 5 (Mstar)",False,False,False,True,0.1547495714093682,0.0144905277734889,consistent,30.0,0.9448445741526882,mstar_agn_20pct,0.0,0.2,7.68,10.643089986991944,-2.9630899869919443,fedd1_spin_0_eps0p057_merger_boost_x2,1.0,0.057190958417936644,2.0,-7.653437322177167,2.2210722077286628e-08,light_seed_scale
GS204851_juodzbalis25,GS-204851,5.48,spec,JADES,broad-line-agn,robust,individual_robust,juodzbalis25_jades_blagn,"Table 2 (BH/Lbol/lambda_Edd), Table 5 (Mstar)",False,False,False,True,0.1547495714093682,0.0144905277734889,consistent,30.0,0.9448445741526882,mstar_agn_20pct,0.0,0.2,7.68,10.643089986991944,-2.9630899869919443,fedd1_spin_plus1_eps0p423_no_merger_boost,1.0,0.42264973081037416,1.0,6.434364586088188,2718720.651242193,above_heavy_seed_scale
GS204851_juodzbalis25,GS-204851,5.48,spec,JADES,broad-line-agn,robust,individual_robust,juodzbalis25_jades_blagn,"Table 2 (BH/Lbol/lambda_Edd), Table 5 (Mstar)",False,False,False,True,0.1547495714093682,0.0144905277734889,consistent,30.0,0.9448445741526882,mstar_agn_20pct,0.0,0.2,7.68,10.643089986991944,-2.9630899869919443,fedd1_spin_plus1_eps0p423_merger_boost_x2,1.0,0.42264973081037416,2.0,6.133334590424207,1359360.3256210962,above_heavy_seed_scale
GS204851_juodzbalis25,GS-204851,5.48,spec,JADES,broad-line-agn,robust,individual_robust,juodzbalis25_jades_blagn,"Table 2 (BH/Lbol/lambda_Edd), Table 5 (Mstar)",False,False,False,True,0.1547495714093682,0.0144905277734889,consistent,30.0,0.9448445741526882,mstar_agn_20pct,0.0,0.2,7.68,10.643089986991944,-2.9630899869919443,fedd2_eps0p1_no_merger_boost,2.0,0.1,1.0,-8.733631392429611,1.8465820413054455e-09,light_seed_scale
GS204851_juodzbalis25,GS-204851,5.48,spec,JADES,broad-line-agn,robust,individual_robust,juodzbalis25_jades_blagn,"Table 2 (BH/Lbol/lambda_Edd), Table 5 (Mstar)",False,False,False,True,0.1547495714093682,0.0144905277734889,consistent,30.0,0.9448445741526882,mstar_agn_20pct,0.0,0.2,7.68,10.643089986991944,-2.9630899869919443,fedd2_eps0p1_merger_boost_x2,2.0,0.1,2.0,-9.034661388093593,9.232910206527227e-10,light_seed_scale
GS204851_juodzbalis25,GS-204851,5.48,spec,JADES,broad-line-agn,robust,individual_robust,juodzbalis25_jades_blagn,"Table 2 (BH/Lbol/lambda_Edd), Table 5 (Mstar)",False,False,False,True,0.1547495714093682,0.0144905277734889,consistent,30.0,0.9448445741526882,mstar_agn_20pct,0.0,0.2,7.68,10.643089986991944,-2.9630899869919443,fedd2_spin_minus1_eps0p038_no_merger_boost,2.0,0.037749551350623745,1.0,-38.80774652425965,1.5568740351763974e-39,light_seed_scale
GS204851_juodzbalis25,GS-204851,5.48,spec,JADES,broad-line-agn,robust,individual_robust,juodzbalis25_jades_blagn,"Table 2 (BH/Lbol/lambda_Edd), Table 5 (Mstar)",False,False,False,True,0.1547495714093682,0.0144905277734889,consistent,30.0,0.9448445741526882,mstar_agn_20pct,0.0,0.2,7.68,10.643089986991944,-2.9630899869919443,fedd2_spin_minus1_eps0p038_merger_boost_x2,2.0,0.037749551350623745,2.0,-39.10877651992363,7.784370175881985e-40,light_seed_scale
GS204851_juodzbalis25,GS-204851,5.48,spec,JADES,broad-line-agn,robust,individual_robust,juodzbalis25_jades_blagn,"Table 2 (BH/Lbol/lambda_Edd), Table 5 (Mstar)",False,False,False,True,0.1547495714093682,0.0144905277734889,consistent,30.0,0.9448445741526882,mstar_agn_20pct,0.0,0.2,7.68,10.643089986991944,-2.9630899869919443,fedd2_spin_0_eps0p057_no_merger_boost,2.0,0.057190958417936644,1.0,-22.38481465302637,4.122734304486063e-23,light_seed_scale
GS204851_juodzbalis25,GS-204851,5.48,spec,JADES,broad-line-agn,robust,individual_robust,juodzbalis25_jades_blagn,"Table 2 (BH/Lbol/lambda_Edd), Table 5 (Mstar)",False,False,False,True,0.1547495714093682,0.0144905277734889,consistent,30.0,0.9448445741526882,mstar_agn_20pct,0.0,0.2,7.68,10.643089986991944,-2.9630899869919443,fedd2_spin_0_eps0p057_merger_boost_x2,2.0,0.057190958417936644,2.0,-22.685844648690352,2.0613671522430313e-23,light_seed_scale
GS204851_juodzbalis25,GS-204851,5.48,spec,JADES,broad-line-agn,robust,individual_robust,juodzbalis25_jades_blagn,"Table 2 (BH/Lbol/lambda_Edd), Table 5 (Mstar)",False,False,False,True,0.1547495714093682,0.0144905277734889,consistent,30.0,0.9448445741526882,mstar_agn_20pct,0.0,0.2,7.68,10.643089986991944,-2.9630899869919443,fedd2_spin_plus1_eps0p423_no_merger_boost,2.0,0.42264973081037416,1.0,5.188729172176377,154429.11129182205,heavy_seed_scale
GS204851_juodzbalis25,GS-204851,5.48,spec,JADES,broad-line-agn,robust,individual_robust,juodzbalis25_jades_blagn,"Table 2 (BH/Lbol/lambda_Edd), Table 5 (Mstar)",False,False,False,True,0.1547495714093682,0.0144905277734889,consistent,30.0,0.9448445741526882,mstar_agn_20pct,0.0,0.2,7.68,10.643089986991944,-2.9630899869919443,fedd2_spin_plus1_eps0p423_merger_boost_x2,2.0,0.42264973081037416,2.0,4.887699176512395,77214.55564591101,heavy_seed_scale
GS172975_juodzbalis25,GS-172975,4.741,spec,JADES,broad-line-agn,robust,individual_robust,juodzbalis25_jades_blagn,"Table 2 (BH/Lbol/lambda_Edd), Table 5 (Mstar)",False,False,False,True,0.0524359879371107,-0.020659450546418,consistent,30.0,1.1522190289316063,baseline,0.0,0.0,7.25,8.98,-1.7300000000000004,fedd0p3_eps0p1_no_merger_boost,0.3,0.1,1.0,4.247585802746482,17684.215669562174,heavy_seed_scale
GS172975_juodzbalis25,GS-172975,4.741,spec,JADES,broad-line-agn,robust,individual_robust,juodzbalis25_jades_blagn,"Table 2 (BH/Lbol/lambda_Edd), Table 5 (Mstar)",False,False,False,True,0.0524359879371107,-0.020659450546418,consistent,30.0,1.1522190289316063,baseline,0.0,0.0,7.25,8.98,-1.7300000000000004,fedd0p3_eps0p1_merger_boost_x2,0.3,0.1,2.0,3.9465558070825,8842.107834781076,intermediate_seed_scale
GS172975_juodzbalis25,GS-172975,4.741,spec,JADES,broad-line-agn,robust,individual_robust,juodzbalis25_jades_blagn,"Table 2 (BH/Lbol/lambda_Edd), Table 5 (Mstar)",False,False,False,True,0.0524359879371107,-0.020659450546418,consistent,30.0,1.1522190289316063,baseline,0.0,0.0,7.25,8.98,-1.7300000000000004,fedd0p3_spin_minus1_eps0p038_no_merger_boost,0.3,0.037749551350623745,1.0,-1.2536313309153435,0.055765894023821545,light_seed_scale
GS172975_juodzbalis25,GS-172975,4.741,spec,JADES,broad-line-agn,robust,individual_robust,juodzbalis25_jades_blagn,"Table 2 (BH/Lbol/lambda_Edd), Table 5 (Mstar)",False,False,False,True,0.0524359879371107,-0.020659450546418,consistent,30.0,1.1522190289316063,baseline,0.0,0.0,7.25,8.98,-1.7300000000000004,fedd0p3_spin_minus1_eps0p038_merger_boost_x2,0.3,0.037749551350623745,2.0,-1.5546613265793248,0.027882947011910766,light_seed_scale
GS172975_juodzbalis25,GS-172975,4.741,spec,JADES,broad-line-agn,robust,individual_robust,juodzbalis25_jades_blagn,"Table 2 (BH/Lbol/lambda_Edd), Table 5 (Mstar)",False,False,False,True,0.0524359879371107,-0.020659450546418,consistent,30.0,1.1522190289316063,baseline,0.0,0.0,7.25,8.98,-1.7300000000000004,fedd0p3_spin_0_eps0p057_no_merger_boost,0.3,0.057190958417936644,1.0,1.7504841284741248,56.296854302951566,light_seed_scale
GS172975_juodzbalis25,GS-172975,4.741,spec,JADES,broad-line-agn,robust,individual_robust,juodzbalis25_jades_blagn,"Table 2 (BH/Lbol/lambda_Edd), Table 5 (Mstar)",False,False,False,True,0.0524359879371107,-0.020659450546418,consistent,30.0,1.1522190289316063,baseline,0.0,0.0,7.25,8.98,-1.7300000000000004,fedd0p3_spin_0_eps0p057_merger_boost_x2,0.3,0.057190958417936644,2.0,1.4494541328101436,28.14842715147578,light_seed_scale
GS172975_juodzbalis25,GS-172975,4.741,spec,JADES,broad-line-agn,robust,individual_robust,juodzbalis25_jades_blagn,"Table 2 (BH/Lbol/lambda_Edd), Table 5 (Mstar)",False,False,False,True,0.0524359879371107,-0.020659450546418,consistent,30.0,1.1522190289316063,baseline,0.0,0.0,7.25,8.98,-1.7300000000000004,fedd0p3_spin_plus1_eps0p423_no_merger_boost,0.3,0.42264973081037416,1.0,6.794291770429847,6227185.033005812,above_heavy_seed_scale
GS172975_juodzbalis25,GS-172975,4.741,spec,JADES,broad-line-agn,robust,individual_robust,juodzbalis25_jades_blagn,"Table 2 (BH/Lbol/lambda_Edd), Table 5 (Mstar)",False,False,False,True,0.0524359879371107,-0.020659450546418,consistent,30.0,1.1522190289316063,baseline,0.0,0.0,7.25,8.98,-1.7300000000000004,fedd0p3_spin_plus1_eps0p423_merger_boost_x2,0.3,0.42264973081037416,2.0,6.493261774765866,3113592.5165029056,above_heavy_seed_scale
GS172975_juodzbalis25,GS-172975,4.741,spec,JADES,broad-line-agn,robust,individual_robust,juodzbalis25_jades_blagn,"Table 2 (BH/Lbol/lambda_Edd), Table 5 (Mstar)",False,False,False,True,0.0524359879371107,-0.020659450546418,consistent,30.0,1.1522190289316063,baseline,0.0,0.0,7.25,8.98,-1.7300000000000004,fedd1_eps0p1_no_merger_boost,1.0,0.1,1.0,-2.7580473241783974,0.0017456319246280045,light_seed_scale
GS172975_juodzbalis25,GS-172975,4.741,spec,JADES,broad-line-agn,robust,individual_robust,juodzbalis25_jades_blagn,"Table 2 (BH/Lbol/lambda_Edd), Table 5 (Mstar)",False,False,False,True,0.0524359879371107,-0.020659450546418,consistent,30.0,1.1522190289316063,baseline,0.0,0.0,7.25,8.98,-1.7300000000000004,fedd1_eps0p1_merger_boost_x2,1.0,0.1,2.0,-3.0590773198423786,0.0008728159623140021,light_seed_scale
GS172975_juodzbalis25,GS-172975,4.741,spec,JADES,broad-line-agn,robust,individual_robust,juodzbalis25_jades_blagn,"Table 2 (BH/Lbol/lambda_Edd), Table 5 (Mstar)",False,False,False,True,0.0524359879371107,-0.020659450546418,consistent,30.0,1.1522190289316063,baseline,0.0,0.0,7.25,8.98,-1.7300000000000004,fedd1_spin_minus1_eps0p038_no_merger_boost,1.0,0.037749551350623745,1.0,-21.095437769717815,8.027165743076813e-22,light_seed_scale
GS172975_juodzbalis25,GS-172975,4.741,spec,JADES,broad-line-agn,robust,individual_robust,juodzbalis25_jades_blagn,"Table 2 (BH/Lbol/lambda_Edd), Table 5 (Mstar)",False,False,False,True,0.0524359879371107,-0.020659450546418,consistent,30.0,1.1522190289316063,baseline,0.0,0.0,7.25,8.98,-1.7300000000000004,fedd1_spin_minus1_eps0p038_merger_boost_x2,1.0,0.037749551350623745,2.0,-21.396467765381797,4.013582871538406e-22,light_seed_scale
GS172975_juodzbalis25,GS-172975,4.741,spec,JADES,broad-line-agn,robust,individual_robust,juodzbalis25_jades_blagn,"Table 2 (BH/Lbol/lambda_Edd), Table 5 (Mstar)",False,False,False,True,0.0524359879371107,-0.020659450546418,consistent,30.0,1.1522190289316063,baseline,0.0,0.0,7.25,8.98,-1.7300000000000004,fedd1_spin_0_eps0p057_no_merger_boost,1.0,0.057190958417936644,1.0,-11.08171957175292,8.28476946804001e-12,light_seed_scale
GS172975_juodzbalis25,GS-172975,4.741,spec,JADES,broad-line-agn,robust,individual_robust,juodzbalis25_jades_blagn,"Table 2 (BH/Lbol/lambda_Edd), Table 5 (Mstar)",False,False,False,True,0.0524359879371107,-0.020659450546418,consistent,30.0,1.1522190289316063,baseline,0.0,0.0,7.25,8.98,-1.7300000000000004,fedd1_spin_0_eps0p057_merger_boost_x2,1.0,0.057190958417936644,2.0,-11.382749567416901,4.1423847340200046e-12,light_seed_scale
GS172975_juodzbalis25,GS-172975,4.741,spec,JADES,broad-line-agn,robust,individual_robust,juodzbalis25_jades_blagn,"Table 2 (BH/Lbol/lambda_Edd), Table 5 (Mstar)",False,False,False,True,0.0524359879371107,-0.020659450546418,consistent,30.0,1.1522190289316063,baseline,0.0,0.0,7.25,8.98,-1.7300000000000004,fedd1_spin_plus1_eps0p423_no_merger_boost,1.0,0.42264973081037416,1.0,5.730972568099492,538235.784163993,heavy_seed_scale
GS172975_juodzbalis25,GS-172975,4.741,spec,JADES,broad-line-agn,robust,individual_robust,juodzbalis25_jades_blagn,"Table 2 (BH/Lbol/lambda_Edd), Table 5 (Mstar)",False,False,False,True,0.0524359879371107,-0.020659450546418,consistent,30.0,1.1522190289316063,baseline,0.0,0.0,7.25,8.98,-1.7300000000000004,fedd1_spin_plus1_eps0p423_merger_boost_x2,1.0,0.42264973081037416,2.0,5.429942572435511,269117.8920819964,heavy_seed_scale
GS172975_juodzbalis25,GS-172975,4.741,spec,JADES,broad-line-agn,robust,individual_robust,juodzbalis25_jades_blagn,"Table 2 (BH/Lbol/lambda_Edd), Table 5 (Mstar)",False,False,False,True,0.0524359879371107,-0.020659450546418,consistent,30.0,1.1522190289316063,baseline,0.0,0.0,7.25,8.98,-1.7300000000000004,fedd2_eps0p1_no_merger_boost,2.0,0.1,1.0,-12.766094648356795,1.7135838153880295e-13,light_seed_scale
GS172975_juodzbalis25,GS-172975,4.741,spec,JADES,broad-line-agn,robust,individual_robust,juodzbalis25_jades_blagn,"Table 2 (BH/Lbol/lambda_Edd), Table 5 (Mstar)",False,False,False,True,0.0524359879371107,-0.020659450546418,consistent,30.0,1.1522190289316063,baseline,0.0,0.0,7.25,8.98,-1.7300000000000004,fedd2_eps0p1_merger_boost_x2,2.0,0.1,2.0,-13.067124644020776,8.567919076940146e-14,light_seed_scale
GS172975_juodzbalis25,GS-172975,4.741,spec,JADES,broad-line-agn,robust,individual_robust,juodzbalis25_jades_blagn,"Table 2 (BH/Lbol/lambda_Edd), Table 5 (Mstar)",False,False,False,True,0.0524359879371107,-0.020659450546418,consistent,30.0,1.1522190289316063,baseline,0.0,0.0,7.25,8.98,-1.7300000000000004,fedd2_spin_minus1_eps0p038_no_merger_boost,2.0,0.037749551350623745,1.0,-49.44087553943563,3.623468252686768e-50,light_seed_scale
GS172975_juodzbalis25,GS-172975,4.741,spec,JADES,broad-line-agn,robust,individual_robust,juodzbalis25_jades_blagn,"Table 2 (BH/Lbol/lambda_Edd), Table 5 (Mstar)",False,False,False,True,0.0524359879371107,-0.020659450546418,consistent,30.0,1.1522190289316063,baseline,0.0,0.0,7.25,8.98,-1.7300000000000004,fedd2_spin_minus1_eps0p038_merger_boost_x2,2.0,0.037749551350623745,2.0,-49.74190553509961,1.8117341263433838e-50,light_seed_scale
GS172975_juodzbalis25,GS-172975,4.741,spec,JADES,broad-line-agn,robust,individual_robust,juodzbalis25_jades_blagn,"Table 2 (BH/Lbol/lambda_Edd), Table 5 (Mstar)",False,False,False,True,0.0524359879371107,-0.020659450546418,consistent,30.0,1.1522190289316063,baseline,0.0,0.0,7.25,8.98,-1.7300000000000004,fedd2_spin_0_eps0p057_no_merger_boost,2.0,0.057190958417936644,1.0,-29.41343914350584,3.8597649363249184e-30,light_seed_scale
GS172975_juodzbalis25,GS-172975,4.741,spec,JADES,broad-line-agn,robust,individual_robust,juodzbalis25_jades_blagn,"Table 2 (BH/Lbol/lambda_Edd), Table 5 (Mstar)",False,False,False,True,0.0524359879371107,-0.020659450546418,consistent,30.0,1.1522190289316063,baseline,0.0,0.0,7.25,8.98,-1.7300000000000004,fedd2_spin_0_eps0p057_merger_boost_x2,2.0,0.057190958417936644,2.0,-29.71446913916982,1.9298824681624592e-30,light_seed_scale
GS172975_juodzbalis25,GS-172975,4.741,spec,JADES,broad-line-agn,robust,individual_robust,juodzbalis25_jades_blagn,"Table 2 (BH/Lbol/lambda_Edd), Table 5 (Mstar)",False,False,False,True,0.0524359879371107,-0.020659450546418,consistent,30.0,1.1522190289316063,baseline,0.0,0.0,7.25,8.98,-1.7300000000000004,fedd2_spin_plus1_eps0p423_no_merger_boost,2.0,0.42264973081037416,1.0,4.211945136198985,16290.902190015659,heavy_seed_scale
GS172975_juodzbalis25,GS-172975,4.741,spec,JADES,broad-line-agn,robust,individual_robust,juodzbalis25_jades_blagn,"Table 2 (BH/Lbol/lambda_Edd), Table 5 (Mstar)",False,False,False,True,0.0524359879371107,-0.020659450546418,consistent,30.0,1.1522190289316063,baseline,0.0,0.0,7.25,8.98,-1.7300000000000004,fedd2_spin_plus1_eps0p423_merger_boost_x2,2.0,0.42264973081037416,2.0,3.910915140535003,8145.451095007819,intermediate_seed_scale
GS172975_juodzbalis25,GS-172975,4.741,spec,JADES,broad-line-agn,robust,individual_robust,juodzbalis25_jades_blagn,"Table 2 (BH/Lbol/lambda_Edd), Table 5 (Mstar)",False,False,False,True,0.0524359879371107,-0.020659450546418,consistent,30.0,1.1522190289316063,mbh_minus_0p3dex,-0.3,0.0,6.95,8.98,-2.0300000000000002,fedd0p3_eps0p1_no_merger_boost,0.3,0.1,1.0,3.9475858027464814,8863.10313029592,intermediate_seed_scale
GS172975_juodzbalis25,GS-172975,4.741,spec,JADES,broad-line-agn,robust,individual_robust,juodzbalis25_jades_blagn,"Table 2 (BH/Lbol/lambda_Edd), Table 5 (Mstar)",False,False,False,True,0.0524359879371107,-0.020659450546418,consistent,30.0,1.1522190289316063,mbh_minus_0p3dex,-0.3,0.0,6.95,8.98,-2.0300000000000002,fedd0p3_eps0p1_merger_boost_x2,0.3,0.1,2.0,3.6465558070825,4431.55156514796,intermediate_seed_scale
GS172975_juodzbalis25,GS-172975,4.741,spec,JADES,broad-line-agn,robust,individual_robust,juodzbalis25_jades_blagn,"Table 2 (BH/Lbol/lambda_Edd), Table 5 (Mstar)",False,False,False,True,0.0524359879371107,-0.020659450546418,consistent,30.0,1.1522190289316063,mbh_minus_0p3dex,-0.3,0.0,6.95,8.98,-2.0300000000000002,fedd0p3_spin_minus1_eps0p038_no_merger_boost,0.3,0.037749551350623745,1.0,-1.5536313309153433,0.027949154156550766,light_seed_scale
GS172975_juodzbalis25,GS-172975,4.741,spec,JADES,broad-line-agn,robust,individual_robust,juodzbalis25_jades_blagn,"Table 2 (BH/Lbol/lambda_Edd), Table 5 (Mstar)",False,False,False,True,0.0524359879371107,-0.020659450546418,consistent,30.0,1.1522190289316063,mbh_minus_0p3dex,-0.3,0.0,6.95,8.98,-2.0300000000000002,fedd0p3_spin_minus1_eps0p038_merger_boost_x2,0.3,0.037749551350623745,2.0,-1.8546613265793246,0.013974577078275381,light_seed_scale
GS172975_juodzbalis25,GS-172975,4.741,spec,JADES,broad-line-agn,robust,individual_robust,juodzbalis25_jades_blagn,"Table 2 (BH/Lbol/lambda_Edd), Table 5 (Mstar)",False,False,False,True,0.0524359879371107,-0.020659450546418,consistent,30.0,1.1522190289316063,mbh_minus_0p3dex,-0.3,0.0,6.95,8.98,-2.0300000000000002,fedd0p3_spin_0_eps0p057_no_merger_boost,0.3,0.057190958417936644,1.0,1.450484128474125,28.21526467001391,light_seed_scale
GS172975_juodzbalis25,GS-172975,4.741,spec,JADES,broad-line-agn,robust,individual_robust,juodzbalis25_jades_blagn,"Table 2 (BH/Lbol/lambda_Edd), Table 5 (Mstar)",False,False,False,True,0.0524359879371107,-0.020659450546418,consistent,30.0,1.1522190289316063,mbh_minus_0p3dex,-0.3,0.0,6.95,8.98,-2.0300000000000002,fedd0p3_spin_0_eps0p057_merger_boost_x2,0.3,0.057190958417936644,2.0,1.1494541328101437,14.107632335006953,light_seed_scale
GS172975_juodzbalis25,GS-172975,4.741,spec,JADES,broad-line-agn,robust,individual_robust,juodzbalis25_jades_blagn,"Table 2 (BH/Lbol/lambda_Edd), Table 5 (Mstar)",False,False,False,True,0.0524359879371107,-0.020659450546418,consistent,30.0,1.1522190289316063,mbh_minus_0p3dex,-0.3,0.0,6.95,8.98,-2.0300000000000002,fedd0p3_spin_plus1_eps0p423_no_merger_boost,0.3,0.42264973081037416,1.0,6.4942917704298475,3120985.6399773387,above_heavy_seed_scale
GS172975_juodzbalis25,GS-172975,4.741,spec,JADES,broad-line-agn,robust,individual_robust,juodzbalis25_jades_blagn,"Table 2 (BH/Lbol/lambda_Edd), Table 5 (Mstar)",False,False,False,True,0.0524359879371107,-0.020659450546418,consistent,30.0,1.1522190289316063,mbh_minus_0p3dex,-0.3,0.0,6.95,8.98,-2.0300000000000002,fedd0p3_spin_plus1_eps0p423_merger_boost_x2,0.3,0.42264973081037416,2.0,6.193261774765866,1560492.8199886691,above_heavy_seed_scale
GS172975_juodzbalis25,GS-172975,4.741,spec,JADES,broad-line-agn,robust,individual_robust,juodzbalis25_jades_blagn,"Table 2 (BH/Lbol/lambda_Edd), Table 5 (Mstar)",False,False,False,True,0.0524359879371107,-0.020659450546418,consistent,30.0,1.1522190289316063,mbh_minus_0p3dex,-0.3,0.0,6.95,8.98,-2.0300000000000002,fedd1_eps0p1_no_merger_boost,1.0,0.1,1.0,-3.058047324178397,0.000874888435235761,light_seed_scale
GS172975_juodzbalis25,GS-172975,4.741,spec,JADES,broad-line-agn,robust,individual_robust,juodzbalis25_jades_blagn,"Table 2 (BH/Lbol/lambda_Edd), Table 5 (Mstar)",False,False,False,True,0.0524359879371107,-0.020659450546418,consistent,30.0,1.1522190289316063,mbh_minus_0p3dex,-0.3,0.0,6.95,8.98,-2.0300000000000002,fedd1_eps0p1_merger_boost_x2,1.0,0.1,2.0,-3.3590773198423785,0.00043744421761788047,light_seed_scale
GS172975_juodzbalis25,GS-172975,4.741,spec,JADES,broad-line-agn,robust,individual_robust,juodzbalis25_jades_blagn,"Table 2 (BH/Lbol/lambda_Edd), Table 5 (Mstar)",False,False,False,True,0.0524359879371107,-0.020659450546418,consistent,30.0,1.1522190289316063,mbh_minus_0p3dex,-0.3,0.0,6.95,8.98,-2.0300000000000002,fedd1_spin_minus1_eps0p038_no_merger_boost,1.0,0.037749551350623745,1.0,-21.395437769717816,4.023112992640269e-22,light_seed_scale
GS172975_juodzbalis25,GS-172975,4.741,spec,JADES,broad-line-agn,robust,individual_robust,juodzbalis25_jades_blagn,"Table 2 (BH/Lbol/lambda_Edd), Table 5 (Mstar)",False,False,False,True,0.0524359879371107,-0.020659450546418,consistent,30.0,1.1522190289316063,mbh_minus_0p3dex,-0.3,0.0,6.95,8.98,-2.0300000000000002,fedd1_spin_minus1_eps0p038_merger_boost_x2,1.0,0.037749551350623745,2.0,-21.696467765381797,2.0115564963201341e-22,light_seed_scale
GS172975_juodzbalis25,GS-172975,4.741,spec,JADES,broad-line-agn,robust,individual_robust,juodzbalis25_jades_blagn,"Table 2 (BH/Lbol/lambda_Edd), Table 5 (Mstar)",False,False,False,True,0.0524359879371107,-0.020659450546418,consistent,30.0,1.1522190289316063,mbh_minus_0p3dex,-0.3,0.0,6.95,8.98,-2.0300000000000002,fedd1_spin_0_eps0p057_no_merger_boost,1.0,0.057190958417936644,1.0,-11.381719571752921,4.152220690926655e-12,light_seed_scale
GS172975_juodzbalis25,GS-172975,4.741,spec,JADES,broad-line-agn,robust,individual_robust,juodzbalis25_jades_blagn,"Table 2 (BH/Lbol/lambda_Edd), Table 5 (Mstar)",False,False,False,True,0.0524359879371107,-0.020659450546418,consistent,30.0,1.1522190289316063,mbh_minus_0p3dex,-0.3,0.0,6.95,8.98,-2.0300000000000002,fedd1_spin_0_eps0p057_merger_boost_x2,1.0,0.057190958417936644,2.0,-11.682749567416902,2.076110345463327e-12,light_seed_scale
GS172975_juodzbalis25,GS-172975,4.741,spec,JADES,broad-line-agn,robust,individual_robust,juodzbalis25_jades_blagn,"Table 2 (BH/Lbol/lambda_Edd), Table 5 (Mstar)",False,False,False,True,0.0524359879371107,-0.020659450546418,consistent,30.0,1.1522190289316063,mbh_minus_0p3dex,-0.3,0.0,6.95,8.98,-2.0300000000000002,fedd1_spin_plus1_eps0p423_no_merger_boost,1.0,0.42264973081037416,1.0,5.4309725680994925,269756.90370435733,heavy_seed_scale
GS172975_juodzbalis25,GS-172975,4.741,spec,JADES,broad-line-agn,robust,individual_robust,juodzbalis25_jades_blagn,"Table 2 (BH/Lbol/lambda_Edd), Table 5 (Mstar)",False,False,False,True,0.0524359879371107,-0.020659450546418,consistent,30.0,1.1522190289316063,mbh_minus_0p3dex,-0.3,0.0,6.95,8.98,-2.0300000000000002,fedd1_spin_plus1_eps0p423_merger_boost_x2,1.0,0.42264973081037416,2.0,5.129942572435511,134878.45185217867,heavy_seed_scale
GS172975_juodzbalis25,GS-172975,4.741,spec,JADES,broad-line-agn,robust,individual_robust,juodzbalis25_jades_blagn,"Table 2 (BH/Lbol/lambda_Edd), Table 5 (Mstar)",False,False,False,True,0.0524359879371107,-0.020659450546418,consistent,30.0,1.1522190289316063,mbh_minus_0p3dex,-0.3,0.0,6.95,8.98,-2.0300000000000002,fedd2_eps0p1_no_merger_boost,2.0,0.1,1.0,-13.066094648356795,8.588263320227915e-14,light_seed_scale
GS172975_juodzbalis25,GS-172975,4.741,spec,JADES,broad-line-agn,robust,individual_robust,juodzbalis25_jades_blagn,"Table 2 (BH/Lbol/lambda_Edd), Table 5 (Mstar)",False,False,False,True,0.0524359879371107,-0.020659450546418,consistent,30.0,1.1522190289316063,mbh_minus_0p3dex,-0.3,0.0,6.95,8.98,-2.0300000000000002,fedd2_eps0p1_merger_boost_x2,2.0,0.1,2.0,-13.367124644020777,4.294131660113957e-14,light_seed_scale
GS172975_juodzbalis25,GS-172975,4.741,spec,JADES,broad-line-agn,robust,individual_robust,juodzbalis25_jades_blagn,"Table 2 (BH/Lbol/lambda_Edd), Table 5 (Mstar)",False,False,False,True,0.0524359879371107,-0.020659450546418,consistent,30.0,1.1522190289316063,mbh_minus_0p3dex,-0.3,0.0,6.95,8.98,-2.0300000000000002,fedd2_spin_minus1_eps0p038_no_merger_boost,2.0,0.037749551350623745,1.0,-49.74087553943563,1.8160360297003394e-50,light_seed_scale
GS172975_juodzbalis25,GS-172975,4.741,spec,JADES,broad-line-agn,robust,individual_robust,juodzbalis25_jades_blagn,"Table 2 (BH/Lbol/lambda_Edd), Table 5 (Mstar)",False,False,False,True,0.0524359879371107,-0.020659450546418,consistent,30.0,1.1522190289316063,mbh_minus_0p3dex,-0.3,0.0,6.95,8.98,-2.0300000000000002,fedd2_spin_minus1_eps0p038_merger_boost_x2,2.0,0.037749551350623745,2.0,-50.04190553509961,9.080180148501696e-51,light_seed_scale
GS172975_juodzbalis25,GS-172975,4.741,spec,JADES,broad-line-agn,robust,individual_robust,juodzbalis25_jades_blagn,"Table 2 (BH/Lbol/lambda_Edd), Table 5 (Mstar)",False,False,False,True,0.0524359879371107,-0.020659450546418,consistent,30.0,1.1522190289316063,mbh_minus_0p3dex,-0.3,0.0,6.95,8.98,-2.0300000000000002,fedd2_spin_0_eps0p057_no_merger_boost,2.0,0.057190958417936644,1.0,-29.71343914350584,1.9344649108882275e-30,light_seed_scale
GS172975_juodzbalis25,GS-172975,4.741,spec,JADES,broad-line-agn,robust,individual_robust,juodzbalis25_jades_blagn,"Table 2 (BH/Lbol/lambda_Edd), Table 5 (Mstar)",False,False,False,True,0.0524359879371107,-0.020659450546418,consistent,30.0,1.1522190289316063,mbh_minus_0p3dex,-0.3,0.0,6.95,8.98,-2.0300000000000002,fedd2_spin_0_eps0p057_merger_boost_x2,2.0,0.057190958417936644,2.0,-30.014469139169822,9.672324554441136e-31,light_seed_scale
GS172975_juodzbalis25,GS-172975,4.741,spec,JADES,broad-line-agn,robust,individual_robust,juodzbalis25_jades_blagn,"Table 2 (BH/Lbol/lambda_Edd), Table 5 (Mstar)",False,False,False,True,0.0524359879371107,-0.020659450546418,consistent,30.0,1.1522190289316063,mbh_minus_0p3dex,-0.3,0.0,6.95,8.98,-2.0300000000000002,fedd2_spin_plus1_eps0p423_no_merger_boost,2.0,0.42264973081037416,1.0,3.9119451361989843,8164.792201906414,intermediate_seed_scale
GS172975_juodzbalis25,GS-172975,4.741,spec,JADES,broad-line-agn,robust,individual_robust,juodzbalis25_jades_blagn,"Table 2 (BH/Lbol/lambda_Edd), Table 5 (Mstar)",False,False,False,True,0.0524359879371107,-0.020659450546418,consistent,30.0,1.1522190289316063,mbh_minus_0p3dex,-0.3,0.0,6.95,8.98,-2.0300000000000002,fedd2_spin_plus1_eps0p423_merger_boost_x2,2.0,0.42264973081037416,2.0,3.610915140535003,4082.3961009532068,intermediate_seed_scale
GS172975_juodzbalis25,GS-172975,4.741,spec,JADES,broad-line-agn,robust,individual_robust,juodzbalis25_jades_blagn,"Table 2 (BH/Lbol/lambda_Edd), Table 5 (Mstar)",False,False,False,True,0.0524359879371107,-0.020659450546418,consistent,30.0,1.1522190289316063,mbh_plus_0p3dex,0.3,0.0,7.55,8.98,-1.4300000000000006,fedd0p3_eps0p1_no_merger_boost,0.3,0.1,1.0,4.547585802746481,35284.64909525947,heavy_seed_scale
GS172975_juodzbalis25,GS-172975,4.741,spec,JADES,broad-line-agn,robust,individual_robust,juodzbalis25_jades_blagn,"Table 2 (BH/Lbol/lambda_Edd), Table 5 (Mstar)",False,False,False,True,0.0524359879371107,-0.020659450546418,consistent,30.0,1.1522190289316063,mbh_plus_0p3dex,0.3,0.0,7.55,8.98,-1.4300000000000006,fedd0p3_eps0p1_merger_boost_x2,0.3,0.1,2.0,4.246555807082499,17642.324547629734,heavy_seed_scale
GS172975_juodzbalis25,GS-172975,4.741,spec,JADES,broad-line-agn,robust,individual_robust,juodzbalis25_jades_blagn,"Table 2 (BH/Lbol/lambda_Edd), Table 5 (Mstar)",False,False,False,True,0.0524359879371107,-0.020659450546418,consistent,30.0,1.1522190289316063,mbh_plus_0p3dex,0.3,0.0,7.55,8.98,-1.4300000000000006,fedd0p3_spin_minus1_eps0p038_no_merger_boost,0.3,0.037749551350623745,1.0,-0.9536313309153437,0.11126758680627934,light_seed_scale
GS172975_juodzbalis25,GS-172975,4.741,spec,JADES,broad-line-agn,robust,individual_robust,juodzbalis25_jades_blagn,"Table 2 (BH/Lbol/lambda_Edd), Table 5 (Mstar)",False,False,False,True,0.0524359879371107,-0.020659450546418,consistent,30.0,1.1522190289316063,mbh_plus_0p3dex,0.3,0.0,7.55,8.98,-1.4300000000000006,fedd0p3_spin_minus1_eps0p038_merger_boost_x2,0.3,0.037749551350623745,2.0,-1.254661326579325,0.05563379340313966,light_seed_scale
GS172975_juodzbalis25,GS-172975,4.741,spec,JADES,broad-line-agn,robust,individual_robust,juodzbalis25_jades_blagn,"Table 2 (BH/Lbol/lambda_Edd), Table 5 (Mstar)",False,False,False,True,0.0524359879371107,-0.020659450546418,consistent,30.0,1.1522190289316063,mbh_plus_0p3dex,0.3,0.0,7.55,8.98,-1.4300000000000006,fedd0p3_spin_0_eps0p057_no_merger_boost,0.3,0.057190958417936644,1.0,2.0504841284741246,112.32699184197283,intermediate_seed_scale
GS172975_juodzbalis25,GS-172975,4.741,spec,JADES,broad-line-agn,robust,individual_robust,juodzbalis25_jades_blagn,"Table 2 (BH/Lbol/lambda_Edd), Table 5 (Mstar)",False,False,False,True,0.0524359879371107,-0.020659450546418,consistent,30.0,1.1522190289316063,mbh_plus_0p3dex,0.3,0.0,7.55,8.98,-1.4300000000000006,fedd0p3_spin_0_eps0p057_merger_boost_x2,0.3,0.057190958417936644,2.0,1.7494541328101434,56.163495920986406,light_seed_scale
GS172975_juodzbalis25,GS-172975,4.741,spec,JADES,broad-line-agn,robust,individual_robust,juodzbalis25_jades_blagn,"Table 2 (BH/Lbol/lambda_Edd), Table 5 (Mstar)",False,False,False,True,0.0524359879371107,-0.020659450546418,consistent,30.0,1.1522190289316063,mbh_plus_0p3dex,0.3,0.0,7.55,8.98,-1.4300000000000006,fedd0p3_spin_plus1_eps0p423_no_merger_boost,0.3,0.42264973081037416,1.0,7.094291770429847,12424867.624694731,above_heavy_seed_scale
GS172975_juodzbalis25,GS-172975,4.741,spec,JADES,broad-line-agn,robust,individual_robust,juodzbalis25_jades_blagn,"Table 2 (BH/Lbol/lambda_Edd), Table 5 (Mstar)",False,False,False,True,0.0524359879371107,-0.020659450546418,consistent,30.0,1.1522190289316063,mbh_plus_0p3dex,0.3,0.0,7.55,8.98,-1.4300000000000006,fedd0p3_spin_plus1_eps0p423_merger_boost_x2,0.3,0.42264973081037416,2.0,6.793261774765866,6212433.812347365,above_heavy_seed_scale
GS172975_juodzbalis25,GS-172975,4.741,spec,JADES,broad-line-agn,robust,individual_robust,juodzbalis25_jades_blagn,"Table 2 (BH/Lbol/lambda_Edd), Table 5 (Mstar)",False,False,False,True,0.0524359879371107,-0.020659450546418,consistent,30.0,1.1522190289316063,mbh_plus_0p3dex,0.3,0.0,7.55,8.98,-1.4300000000000006,fedd1_eps0p1_no_merger_boost,1.0,0.1,1.0,-2.4580473241783976,0.0034829935950168515,light_seed_scale
GS172975_juodzbalis25,GS-172975,4.741,spec,JADES,broad-line-agn,robust,individual_robust,juodzbalis25_jades_blagn,"Table 2 (BH/Lbol/lambda_Edd), Table 5 (Mstar)",False,False,False,True,0.0524359879371107,-0.020659450546418,consistent,30.0,1.1522190289316063,mbh_plus_0p3dex,0.3,0.0,7.55,8.98,-1.4300000000000006,fedd1_eps0p1_merger_boost_x2,1.0,0.1,2.0,-2.759077319842379,0.0017414967975084255,light_seed_scale
GS172975_juodzbalis25,GS-172975,4.741,spec,JADES,broad-line-agn,robust,individual_robust,juodzbalis25_jades_blagn,"Table 2 (BH/Lbol/lambda_Edd), Table 5 (Mstar)",False,False,False,True,0.0524359879371107,-0.020659450546418,consistent,30.0,1.1522190289316063,mbh_plus_0p3dex,0.3,0.0,7.55,8.98,-1.4300000000000006,fedd1_spin_minus1_eps0p038_no_merger_boost,1.0,0.037749551350623745,1.0,-20.795437769717815,1.6016301303170355e-21,light_seed_scale
GS172975_juodzbalis25,GS-172975,4.741,spec,JADES,broad-line-agn,robust,individual_robust,juodzbalis25_jades_blagn,"Table 2 (BH/Lbol/lambda_Edd), Table 5 (Mstar)",False,False,False,True,0.0524359879371107,-0.020659450546418,consistent,30.0,1.1522190289316063,mbh_plus_0p3dex,0.3,0.0,7.55,8.98,-1.4300000000000006,fedd1_spin_minus1_eps0p038_merger_boost_x2,1.0,0.037749551350623745,2.0,-21.096467765381796,8.008150651585177e-22,light_seed_scale
GS172975_juodzbalis25,GS-172975,4.741,spec,JADES,broad-line-agn,robust,individual_robust,juodzbalis25_jades_blagn,"Table 2 (BH/Lbol/lambda_Edd), Table 5 (Mstar)",False,False,False,True,0.0524359879371107,-0.020659450546418,consistent,30.0,1.1522190289316063,mbh_plus_0p3dex,0.3,0.0,7.55,8.98,-1.4300000000000006,fedd1_spin_0_eps0p057_no_merger_boost,1.0,0.057190958417936644,1.0,-10.78171957175292,1.653028830778503e-11,light_seed_scale
GS172975_juodzbalis25,GS-172975,4.741,spec,JADES,broad-line-agn,robust,individual_robust,juodzbalis25_jades_blagn,"Table 2 (BH/Lbol/lambda_Edd), Table 5 (Mstar)",False,False,False,True,0.0524359879371107,-0.020659450546418,consistent,30.0,1.1522190289316063,mbh_plus_0p3dex,0.3,0.0,7.55,8.98,-1.4300000000000006,fedd1_spin_0_eps0p057_merger_boost_x2,1.0,0.057190958417936644,2.0,-11.0827495674169,8.265144153892516e-12,light_seed_scale
GS172975_juodzbalis25,GS-172975,4.741,spec,JADES,broad-line-agn,robust,individual_robust,juodzbalis25_jades_blagn,"Table 2 (BH/Lbol/lambda_Edd), Table 5 (Mstar)",False,False,False,True,0.0524359879371107,-0.020659450546418,consistent,30.0,1.1522190289316063,mbh_plus_0p3dex,0.3,0.0,7.55,8.98,-1.4300000000000006,fedd1_spin_plus1_eps0p423_no_merger_boost,1.0,0.42264973081037416,1.0,6.030972568099492,1073921.5767101385,above_heavy_seed_scale
GS172975_juodzbalis25,GS-172975,4.741,spec,JADES,broad-line-agn,robust,individual_robust,juodzbalis25_jades_blagn,"Table 2 (BH/Lbol/lambda_Edd), Table 5 (Mstar)",False,False,False,True,0.0524359879371107,-0.020659450546418,consistent,30.0,1.1522190289316063,mbh_plus_0p3dex,0.3,0.0,7.55,8.98,-1.4300000000000006,fedd1_spin_plus1_eps0p423_merger_boost_x2,1.0,0.42264973081037416,2.0,5.729942572435511,536960.7883550691,heavy_seed_scale
GS172975_juodzbalis25,GS-172975,4.741,spec,JADES,broad-line-agn,robust,individual_robust,juodzbalis25_jades_blagn,"Table 2 (BH/Lbol/lambda_Edd), Table 5 (Mstar)",False,False,False,True,0.0524359879371107,-0.020659450546418,consistent,30.0,1.1522190289316063,mbh_plus_0p3dex,0.3,0.0,7.55,8.98,-1.4300000000000006,fedd2_eps0p1_no_merger_boost,2.0,0.1,1.0,-12.466094648356794,3.4190492103843303e-13,light_seed_scale
GS172975_juodzbalis25,GS-172975,4.741,spec,JADES,broad-line-agn,robust,individual_robust,juodzbalis25_jades_blagn,"Table 2 (BH/Lbol/lambda_Edd), Table 5 (Mstar)",False,False,False,True,0.0524359879371107,-0.020659450546418,consistent,30.0,1.1522190289316063,mbh_plus_0p3dex,0.3,0.0,7.55,8.98,-1.4300000000000006,fedd2_eps0p1_merger_boost_x2,2.0,0.1,2.0,-12.767124644020775,1.709524605192165e-13,light_seed_scale
GS172975_juodzbalis25,GS-172975,4.741,spec,JADES,broad-line-agn,robust,individual_robust,juodzbalis25_jades_blagn,"Table 2 (BH/Lbol/lambda_Edd), Table 5 (Mstar)",False,False,False,True,0.0524359879371107,-0.020659450546418,consistent,30.0,1.1522190289316063,mbh_plus_0p3dex,0.3,0.0,7.55,8.98,-1.4300000000000006,fedd2_spin_minus1_eps0p038_no_merger_boost,2.0,0.037749551350623745,1.0,-49.14087553943563,7.229769654071996e-50,light_seed_scale
GS172975_juodzbalis25,GS-172975,4.741,spec,JADES,broad-line-agn,robust,individual_robust,juodzbalis25_jades_blagn,"Table 2 (BH/Lbol/lambda_Edd), Table 5 (Mstar)",False,False,False,True,0.0524359879371107,-0.020659450546418,consistent,30.0,1.1522190289316063,mbh_plus_0p3dex,0.3,0.0,7.55,8.98,-1.4300000000000006,fedd2_spin_minus1_eps0p038_merger_boost_x2,2.0,0.037749551350623745,2.0,-49.441905535099615,3.6148848270359973e-50,light_seed_scale
GS172975_juodzbalis25,GS-172975,4.741,spec,JADES,broad-line-agn,robust,individual_robust,juodzbalis25_jades_blagn,"Table 2 (BH/Lbol/lambda_Edd), Table 5 (Mstar)",False,False,False,True,0.0524359879371107,-0.020659450546418,consistent,30.0,1.1522190289316063,mbh_plus_0p3dex,0.3,0.0,7.55,8.98,-1.4300000000000006,fedd2_spin_0_eps0p057_no_merger_boost,2.0,0.057190958417936644,1.0,-29.11343914350584,7.701243522087379e-30,light_seed_scale
GS172975_juodzbalis25,GS-172975,4.741,spec,JADES,broad-line-agn,robust,individual_robust,juodzbalis25_jades_blagn,"Table 2 (BH/Lbol/lambda_Edd), Table 5 (Mstar)",False,False,False,True,0.0524359879371107,-0.020659450546418,consistent,30.0,1.1522190289316063,mbh_plus_0p3dex,0.3,0.0,7.55,8.98,-1.4300000000000006,fedd2_spin_0_eps0p057_merger_boost_x2,2.0,0.057190958417936644,2.0,-29.41446913916982,3.8506217610436896e-30,light_seed_scale
GS172975_juodzbalis25,GS-172975,4.741,spec,JADES,broad-line-agn,robust,individual_robust,juodzbalis25_jades_blagn,"Table 2 (BH/Lbol/lambda_Edd), Table 5 (Mstar)",False,False,False,True,0.0524359879371107,-0.020659450546418,consistent,30.0,1.1522190289316063,mbh_plus_0p3dex,0.3,0.0,7.55,8.98,-1.4300000000000006,fedd2_spin_plus1_eps0p423_no_merger_boost,2.0,0.42264973081037416,1.0,4.5119451361989835,32504.623216582153,heavy_seed_scale
GS172975_juodzbalis25,GS-172975,4.741,spec,JADES,broad-line-agn,robust,individual_robust,juodzbalis25_jades_blagn,"Table 2 (BH/Lbol/lambda_Edd), Table 5 (Mstar)",False,False,False,True,0.0524359879371107,-0.020659450546418,consistent,30.0,1.1522190289316063,mbh_plus_0p3dex,0.3,0.0,7.55,8.98,-1.4300000000000006,fedd2_spin_plus1_eps0p423_merger_boost_x2,2.0,0.42264973081037416,2.0,4.210915140535002,16252.311608291075,heavy_seed_scale
GS172975_juodzbalis25,GS-172975,4.741,spec,JADES,broad-line-agn,robust,individual_robust,juodzbalis25_jades_blagn,"Table 2 (BH/Lbol/lambda_Edd), Table 5 (Mstar)",False,False,False,True,0.0524359879371107,-0.020659450546418,consistent,30.0,1.1522190289316063,mstar_agn_20pct,0.0,0.2,7.25,8.883089986991944,-1.6330899869919442,fedd0p3_eps0p1_no_merger_boost,0.3,0.1,1.0,4.247585802746482,17684.215669562174,heavy_seed_scale
GS172975_juodzbalis25,GS-172975,4.741,spec,JADES,broad-line-agn,robust,individual_robust,juodzbalis25_jades_blagn,"Table 2 (BH/Lbol/lambda_Edd), Table 5 (Mstar)",False,False,False,True,0.0524359879371107,-0.020659450546418,consistent,30.0,1.1522190289316063,mstar_agn_20pct,0.0,0.2,7.25,8.883089986991944,-1.6330899869919442,fedd0p3_eps0p1_merger_boost_x2,0.3,0.1,2.0,3.9465558070825,8842.107834781076,intermediate_seed_scale
GS172975_juodzbalis25,GS-172975,4.741,spec,JADES,broad-line-agn,robust,individual_robust,juodzbalis25_jades_blagn,"Table 2 (BH/Lbol/lambda_Edd), Table 5 (Mstar)",False,False,False,True,0.0524359879371107,-0.020659450546418,consistent,30.0,1.1522190289316063,mstar_agn_20pct,0.0,0.2,7.25,8.883089986991944,-1.6330899869919442,fedd0p3_spin_minus1_eps0p038_no_merger_boost,0.3,0.037749551350623745,1.0,-1.2536313309153435,0.055765894023821545,light_seed_scale
GS172975_juodzbalis25,GS-172975,4.741,spec,JADES,broad-line-agn,robust,individual_robust,juodzbalis25_jades_blagn,"Table 2 (BH/Lbol/lambda_Edd), Table 5 (Mstar)",False,False,False,True,0.0524359879371107,-0.020659450546418,consistent,30.0,1.1522190289316063,mstar_agn_20pct,0.0,0.2,7.25,8.883089986991944,-1.6330899869919442,fedd0p3_spin_minus1_eps0p038_merger_boost_x2,0.3,0.037749551350623745,2.0,-1.5546613265793248,0.027882947011910766,light_seed_scale
GS172975_juodzbalis25,GS-172975,4.741,spec,JADES,broad-line-agn,robust,individual_robust,juodzbalis25_jades_blagn,"Table 2 (BH/Lbol/lambda_Edd), Table 5 (Mstar)",False,False,False,True,0.0524359879371107,-0.020659450546418,consistent,30.0,1.1522190289316063,mstar_agn_20pct,0.0,0.2,7.25,8.883089986991944,-1.6330899869919442,fedd0p3_spin_0_eps0p057_no_merger_boost,0.3,0.057190958417936644,1.0,1.7504841284741248,56.296854302951566,light_seed_scale
GS172975_juodzbalis25,GS-172975,4.741,spec,JADES,broad-line-agn,robust,individual_robust,juodzbalis25_jades_blagn,"Table 2 (BH/Lbol/lambda_Edd), Table 5 (Mstar)",False,False,False,True,0.0524359879371107,-0.020659450546418,consistent,30.0,1.1522190289316063,mstar_agn_20pct,0.0,0.2,7.25,8.883089986991944,-1.6330899869919442,fedd0p3_spin_0_eps0p057_merger_boost_x2,0.3,0.057190958417936644,2.0,1.4494541328101436,28.14842715147578,light_seed_scale
GS172975_juodzbalis25,GS-172975,4.741,spec,JADES,broad-line-agn,robust,individual_robust,juodzbalis25_jades_blagn,"Table 2 (BH/Lbol/lambda_Edd), Table 5 (Mstar)",False,False,False,True,0.0524359879371107,-0.020659450546418,consistent,30.0,1.1522190289316063,mstar_agn_20pct,0.0,0.2,7.25,8.883089986991944,-1.6330899869919442,fedd0p3_spin_plus1_eps0p423_no_merger_boost,0.3,0.42264973081037416,1.0,6.794291770429847,6227185.033005812,above_heavy_seed_scale
GS172975_juodzbalis25,GS-172975,4.741,spec,JADES,broad-line-agn,robust,individual_robust,juodzbalis25_jades_blagn,"Table 2 (BH/Lbol/lambda_Edd), Table 5 (Mstar)",False,False,False,True,0.0524359879371107,-0.020659450546418,consistent,30.0,1.1522190289316063,mstar_agn_20pct,0.0,0.2,7.25,8.883089986991944,-1.6330899869919442,fedd0p3_spin_plus1_eps0p423_merger_boost_x2,0.3,0.42264973081037416,2.0,6.493261774765866,3113592.5165029056,above_heavy_seed_scale
GS172975_juodzbalis25,GS-172975,4.741,spec,JADES,broad-line-agn,robust,individual_robust,juodzbalis25_jades_blagn,"Table 2 (BH/Lbol/lambda_Edd), Table 5 (Mstar)",False,False,False,True,0.0524359879371107,-0.020659450546418,consistent,30.0,1.1522190289316063,mstar_agn_20pct,0.0,0.2,7.25,8.883089986991944,-1.6330899869919442,fedd1_eps0p1_no_merger_boost,1.0,0.1,1.0,-2.7580473241783974,0.0017456319246280045,light_seed_scale
GS172975_juodzbalis25,GS-172975,4.741,spec,JADES,broad-line-agn,robust,individual_robust,juodzbalis25_jades_blagn,"Table 2 (BH/Lbol/lambda_Edd), Table 5 (Mstar)",False,False,False,True,0.0524359879371107,-0.020659450546418,consistent,30.0,1.1522190289316063,mstar_agn_20pct,0.0,0.2,7.25,8.883089986991944,-1.6330899869919442,fedd1_eps0p1_merger_boost_x2,1.0,0.1,2.0,-3.0590773198423786,0.0008728159623140021,light_seed_scale
GS172975_juodzbalis25,GS-172975,4.741,spec,JADES,broad-line-agn,robust,individual_robust,juodzbalis25_jades_blagn,"Table 2 (BH/Lbol/lambda_Edd), Table 5 (Mstar)",False,False,False,True,0.0524359879371107,-0.020659450546418,consistent,30.0,1.1522190289316063,mstar_agn_20pct,0.0,0.2,7.25,8.883089986991944,-1.6330899869919442,fedd1_spin_minus1_eps0p038_no_merger_boost,1.0,0.037749551350623745,1.0,-21.095437769717815,8.027165743076813e-22,light_seed_scale
GS172975_juodzbalis25,GS-172975,4.741,spec,JADES,broad-line-agn,robust,individual_robust,juodzbalis25_jades_blagn,"Table 2 (BH/Lbol/lambda_Edd), Table 5 (Mstar)",False,False,False,True,0.0524359879371107,-0.020659450546418,consistent,30.0,1.1522190289316063,mstar_agn_20pct,0.0,0.2,7.25,8.883089986991944,-1.6330899869919442,fedd1_spin_minus1_eps0p038_merger_boost_x2,1.0,0.037749551350623745,2.0,-21.396467765381797,4.013582871538406e-22,light_seed_scale
GS172975_juodzbalis25,GS-172975,4.741,spec,JADES,broad-line-agn,robust,individual_robust,juodzbalis25_jades_blagn,"Table 2 (BH/Lbol/lambda_Edd), Table 5 (Mstar)",False,False,False,True,0.0524359879371107,-0.020659450546418,consistent,30.0,1.1522190289316063,mstar_agn_20pct,0.0,0.2,7.25,8.883089986991944,-1.6330899869919442,fedd1_spin_0_eps0p057_no_merger_boost,1.0,0.057190958417936644,1.0,-11.08171957175292,8.28476946804001e-12,light_seed_scale
GS172975_juodzbalis25,GS-172975,4.741,spec,JADES,broad-line-agn,robust,individual_robust,juodzbalis25_jades_blagn,"Table 2 (BH/Lbol/lambda_Edd), Table 5 (Mstar)",False,False,False,True,0.0524359879371107,-0.020659450546418,consistent,30.0,1.1522190289316063,mstar_agn_20pct,0.0,0.2,7.25,8.883089986991944,-1.6330899869919442,fedd1_spin_0_eps0p057_merger_boost_x2,1.0,0.057190958417936644,2.0,-11.382749567416901,4.1423847340200046e-12,light_seed_scale
GS172975_juodzbalis25,GS-172975,4.741,spec,JADES,broad-line-agn,robust,individual_robust,juodzbalis25_jades_blagn,"Table 2 (BH/Lbol/lambda_Edd), Table 5 (Mstar)",False,False,False,True,0.0524359879371107,-0.020659450546418,consistent,30.0,1.1522190289316063,mstar_agn_20pct,0.0,0.2,7.25,8.883089986991944,-1.6330899869919442,fedd1_spin_plus1_eps0p423_no_merger_boost,1.0,0.42264973081037416,1.0,5.730972568099492,538235.784163993,heavy_seed_scale
GS172975_juodzbalis25,GS-172975,4.741,spec,JADES,broad-line-agn,robust,individual_robust,juodzbalis25_jades_blagn,"Table 2 (BH/Lbol/lambda_Edd), Table 5 (Mstar)",False,False,False,True,0.0524359879371107,-0.020659450546418,consistent,30.0,1.1522190289316063,mstar_agn_20pct,0.0,0.2,7.25,8.883089986991944,-1.6330899869919442,fedd1_spin_plus1_eps0p423_merger_boost_x2,1.0,0.42264973081037416,2.0,5.429942572435511,269117.8920819964,heavy_seed_scale
GS172975_juodzbalis25,GS-172975,4.741,spec,JADES,broad-line-agn,robust,individual_robust,juodzbalis25_jades_blagn,"Table 2 (BH/Lbol/lambda_Edd), Table 5 (Mstar)",False,False,False,True,0.0524359879371107,-0.020659450546418,consistent,30.0,1.1522190289316063,mstar_agn_20pct,0.0,0.2,7.25,8.883089986991944,-1.6330899869919442,fedd2_eps0p1_no_merger_boost,2.0,0.1,1.0,-12.766094648356795,1.7135838153880295e-13,light_seed_scale
GS172975_juodzbalis25,GS-172975,4.741,spec,JADES,broad-line-agn,robust,individual_robust,juodzbalis25_jades_blagn,"Table 2 (BH/Lbol/lambda_Edd), Table 5 (Mstar)",False,False,False,True,0.0524359879371107,-0.020659450546418,consistent,30.0,1.1522190289316063,mstar_agn_20pct,0.0,0.2,7.25,8.883089986991944,-1.6330899869919442,fedd2_eps0p1_merger_boost_x2,2.0,0.1,2.0,-13.067124644020776,8.567919076940146e-14,light_seed_scale
GS172975_juodzbalis25,GS-172975,4.741,spec,JADES,broad-line-agn,robust,individual_robust,juodzbalis25_jades_blagn,"Table 2 (BH/Lbol/lambda_Edd), Table 5 (Mstar)",False,False,False,True,0.0524359879371107,-0.020659450546418,consistent,30.0,1.1522190289316063,mstar_agn_20pct,0.0,0.2,7.25,8.883089986991944,-1.6330899869919442,fedd2_spin_minus1_eps0p038_no_merger_boost,2.0,0.037749551350623745,1.0,-49.44087553943563,3.623468252686768e-50,light_seed_scale
GS172975_juodzbalis25,GS-172975,4.741,spec,JADES,broad-line-agn,robust,individual_robust,juodzbalis25_jades_blagn,"Table 2 (BH/Lbol/lambda_Edd), Table 5 (Mstar)",False,False,False,True,0.0524359879371107,-0.020659450546418,consistent,30.0,1.1522190289316063,mstar_agn_20pct,0.0,0.2,7.25,8.883089986991944,-1.6330899869919442,fedd2_spin_minus1_eps0p038_merger_boost_x2,2.0,0.037749551350623745,2.0,-49.74190553509961,1.8117341263433838e-50,light_seed_scale
GS172975_juodzbalis25,GS-172975,4.741,spec,JADES,broad-line-agn,robust,individual_robust,juodzbalis25_jades_blagn,"Table 2 (BH/Lbol/lambda_Edd), Table 5 (Mstar)",False,False,False,True,0.0524359879371107,-0.020659450546418,consistent,30.0,1.1522190289316063,mstar_agn_20pct,0.0,0.2,7.25,8.883089986991944,-1.6330899869919442,fedd2_spin_0_eps0p057_no_merger_boost,2.0,0.057190958417936644,1.0,-29.41343914350584,3.8597649363249184e-30,light_seed_scale
GS172975_juodzbalis25,GS-172975,4.741,spec,JADES,broad-line-agn,robust,individual_robust,juodzbalis25_jades_blagn,"Table 2 (BH/Lbol/lambda_Edd), Table 5 (Mstar)",False,False,False,True,0.0524359879371107,-0.020659450546418,consistent,30.0,1.1522190289316063,mstar_agn_20pct,0.0,0.2,7.25,8.883089986991944,-1.6330899869919442,fedd2_spin_0_eps0p057_merger_boost_x2,2.0,0.057190958417936644,2.0,-29.71446913916982,1.9298824681624592e-30,light_seed_scale
GS172975_juodzbalis25,GS-172975,4.741,spec,JADES,broad-line-agn,robust,individual_robust,juodzbalis25_jades_blagn,"Table 2 (BH/Lbol/lambda_Edd), Table 5 (Mstar)",False,False,False,True,0.0524359879371107,-0.020659450546418,consistent,30.0,1.1522190289316063,mstar_agn_20pct,0.0,0.2,7.25,8.883089986991944,-1.6330899869919442,fedd2_spin_plus1_eps0p423_no_merger_boost,2.0,0.42264973081037416,1.0,4.211945136198985,16290.902190015659,heavy_seed_scale
GS172975_juodzbalis25,GS-172975,4.741,spec,JADES,broad-line-agn,robust,individual_robust,juodzbalis25_jades_blagn,"Table 2 (BH/Lbol/lambda_Edd), Table 5 (Mstar)",False,False,False,True,0.0524359879371107,-0.020659450546418,consistent,30.0,1.1522190289316063,mstar_agn_20pct,0.0,0.2,7.25,8.883089986991944,-1.6330899869919442,fedd2_spin_plus1_eps0p423_merger_boost_x2,2.0,0.42264973081037416,2.0,3.910915140535003,8145.451095007819,intermediate_seed_scale
GS159717_juodzbalis25,GS-159717,5.077,spec,JADES,broad-line-agn,robust,individual_robust,juodzbalis25_jades_blagn,"Table 2 (BH/Lbol/lambda_Edd), Table 5 (Mstar)",True,False,False,True,0.3887133487051199,-0.0098458582656313,consistent,30.0,1.0501585145037293,baseline,0.0,0.0,7.44,,,fedd0p3_eps0p1_no_merger_boost,0.3,0.1,1.0,4.703531712163887,50527.953908276235,heavy_seed_scale
GS159717_juodzbalis25,GS-159717,5.077,spec,JADES,broad-line-agn,robust,individual_robust,juodzbalis25_jades_blagn,"Table 2 (BH/Lbol/lambda_Edd), Table 5 (Mstar)",True,False,False,True,0.3887133487051199,-0.0098458582656313,consistent,30.0,1.0501585145037293,baseline,0.0,0.0,7.44,,,fedd0p3_eps0p1_merger_boost_x2,0.3,0.1,2.0,4.402501716499906,25263.976954138114,heavy_seed_scale
GS159717_juodzbalis25,GS-159717,5.077,spec,JADES,broad-line-agn,robust,individual_robust,juodzbalis25_jades_blagn,"Table 2 (BH/Lbol/lambda_Edd), Table 5 (Mstar)",True,False,False,True,0.3887133487051199,-0.0098458582656313,consistent,30.0,1.0501585145037293,baseline,0.0,0.0,7.44,,,fedd0p3_spin_minus1_eps0p038_no_merger_boost,0.3,0.037749551350623745,1.0,-0.3104021563000128,0.4893254945433786,light_seed_scale
GS159717_juodzbalis25,GS-159717,5.077,spec,JADES,broad-line-agn,robust,individual_robust,juodzbalis25_jades_blagn,"Table 2 (BH/Lbol/lambda_Edd), Table 5 (Mstar)",True,False,False,True,0.3887133487051199,-0.0098458582656313,consistent,30.0,1.0501585145037293,baseline,0.0,0.0,7.44,,,fedd0p3_spin_minus1_eps0p038_merger_boost_x2,0.3,0.037749551350623745,2.0,-0.611432151963994,0.24466274727168927,light_seed_scale
GS159717_juodzbalis25,GS-159717,5.077,spec,JADES,broad-line-agn,robust,individual_robust,juodzbalis25_jades_blagn,"Table 2 (BH/Lbol/lambda_Edd), Table 5 (Mstar)",True,False,False,True,0.3887133487051199,-0.0098458582656313,consistent,30.0,1.0501585145037293,baseline,0.0,0.0,7.44,,,fedd0p3_spin_0_eps0p057_no_merger_boost,0.3,0.057190958417936644,1.0,2.4276167003712015,267.6804787567103,intermediate_seed_scale
GS159717_juodzbalis25,GS-159717,5.077,spec,JADES,broad-line-agn,robust,individual_robust,juodzbalis25_jades_blagn,"Table 2 (BH/Lbol/lambda_Edd), Table 5 (Mstar)",True,False,False,True,0.3887133487051199,-0.0098458582656313,consistent,30.0,1.0501585145037293,baseline,0.0,0.0,7.44,,,fedd0p3_spin_0_eps0p057_merger_boost_x2,0.3,0.057190958417936644,2.0,2.12658670470722,133.8402393783551,intermediate_seed_scale
GS159717_juodzbalis25,GS-159717,5.077,spec,JADES,broad-line-agn,robust,individual_robust,juodzbalis25_jades_blagn,"Table 2 (BH/Lbol/lambda_Edd), Table 5 (Mstar)",True,False,False,True,0.3887133487051199,-0.0098458582656313,consistent,30.0,1.0501585145037293,baseline,0.0,0.0,7.44,,,fedd0p3_spin_plus1_eps0p423_no_merger_boost,0.3,0.42264973081037416,1.0,7.024657200240596,10584179.58967516,above_heavy_seed_scale
GS159717_juodzbalis25,GS-159717,5.077,spec,JADES,broad-line-agn,robust,individual_robust,juodzbalis25_jades_blagn,"Table 2 (BH/Lbol/lambda_Edd), Table 5 (Mstar)",True,False,False,True,0.3887133487051199,-0.0098458582656313,consistent,30.0,1.0501585145037293,baseline,0.0,0.0,7.44,,,fedd0p3_spin_plus1_eps0p423_merger_boost_x2,0.3,0.42264973081037416,2.0,6.723627204576615,5292089.794837579,above_heavy_seed_scale
GS159717_juodzbalis25,GS-159717,5.077,spec,JADES,broad-line-agn,robust,individual_robust,juodzbalis25_jades_blagn,"Table 2 (BH/Lbol/lambda_Edd), Table 5 (Mstar)",True,False,False,True,0.3887133487051199,-0.0098458582656313,consistent,30.0,1.0501585145037293,baseline,0.0,0.0,7.44,,,fedd1_eps0p1_no_merger_boost,1.0,0.1,1.0,-1.681560959453713,0.02081800174225799,light_seed_scale
GS159717_juodzbalis25,GS-159717,5.077,spec,JADES,broad-line-agn,robust,individual_robust,juodzbalis25_jades_blagn,"Table 2 (BH/Lbol/lambda_Edd), Table 5 (Mstar)",True,False,False,True,0.3887133487051199,-0.0098458582656313,consistent,30.0,1.0501585145037293,baseline,0.0,0.0,7.44,,,fedd1_eps0p1_merger_boost_x2,1.0,0.1,2.0,-1.9825909551176943,0.010409000871128993,light_seed_scale
GS159717_juodzbalis25,GS-159717,5.077,spec,JADES,broad-line-agn,robust,individual_robust,juodzbalis25_jades_blagn,"Table 2 (BH/Lbol/lambda_Edd), Table 5 (Mstar)",True,False,False,True,0.3887133487051199,-0.0098458582656313,consistent,30.0,1.0501585145037293,baseline,0.0,0.0,7.44,,,fedd1_spin_minus1_eps0p038_no_merger_boost,1.0,0.037749551350623745,1.0,-18.394673854333377,4.030195796071445e-19,light_seed_scale
GS159717_juodzbalis25,GS-159717,5.077,spec,JADES,broad-line-agn,robust,individual_robust,juodzbalis25_jades_blagn,"Table 2 (BH/Lbol/lambda_Edd), Table 5 (Mstar)",True,False,False,True,0.3887133487051199,-0.0098458582656313,consistent,30.0,1.0501585145037293,baseline,0.0,0.0,7.44,,,fedd1_spin_minus1_eps0p038_merger_boost_x2,1.0,0.037749551350623745,2.0,-18.695703849997358,2.0150978980357222e-19,light_seed_scale
GS159717_juodzbalis25,GS-159717,5.077,spec,JADES,broad-line-agn,robust,individual_robust,juodzbalis25_jades_blagn,"Table 2 (BH/Lbol/lambda_Edd), Table 5 (Mstar)",True,False,False,True,0.3887133487051199,-0.0098458582656313,consistent,30.0,1.0501585145037293,baseline,0.0,0.0,7.44,,,fedd1_spin_0_eps0p057_no_merger_boost,1.0,0.057190958417936644,1.0,-9.267944332095993,5.395797814653839e-10,light_seed_scale
GS159717_juodzbalis25,GS-159717,5.077,spec,JADES,broad-line-agn,robust,individual_robust,juodzbalis25_jades_blagn,"Table 2 (BH/Lbol/lambda_Edd), Table 5 (Mstar)",True,False,False,True,0.3887133487051199,-0.0098458582656313,consistent,30.0,1.0501585145037293,baseline,0.0,0.0,7.44,,,fedd1_spin_0_eps0p057_merger_boost_x2,1.0,0.057190958417936644,2.0,-9.568974327759975,2.697898907326919e-10,light_seed_scale
GS159717_juodzbalis25,GS-159717,5.077,spec,JADES,broad-line-agn,robust,individual_robust,juodzbalis25_jades_blagn,"Table 2 (BH/Lbol/lambda_Edd), Table 5 (Mstar)",True,False,False,True,0.3887133487051199,-0.0098458582656313,consistent,30.0,1.0501585145037293,baseline,0.0,0.0,7.44,,,fedd1_spin_plus1_eps0p423_no_merger_boost,1.0,0.42264973081037416,1.0,6.055524000801985,1136381.0967706803,above_heavy_seed_scale
GS159717_juodzbalis25,GS-159717,5.077,spec,JADES,broad-line-agn,robust,individual_robust,juodzbalis25_jades_blagn,"Table 2 (BH/Lbol/lambda_Edd), Table 5 (Mstar)",True,False,False,True,0.3887133487051199,-0.0098458582656313,consistent,30.0,1.0501585145037293,baseline,0.0,0.0,7.44,,,fedd1_spin_plus1_eps0p423_merger_boost_x2,1.0,0.42264973081037416,2.0,5.754494005138004,568190.54838534,heavy_seed_scale
GS159717_juodzbalis25,GS-159717,5.077,spec,JADES,broad-line-agn,robust,individual_robust,juodzbalis25_jades_blagn,"Table 2 (BH/Lbol/lambda_Edd), Table 5 (Mstar)",True,False,False,True,0.3887133487051199,-0.0098458582656313,consistent,30.0,1.0501585145037293,baseline,0.0,0.0,7.44,,,fedd2_eps0p1_no_merger_boost,2.0,0.1,1.0,-10.803121918907426,1.5735410643835893e-11,light_seed_scale
GS159717_juodzbalis25,GS-159717,5.077,spec,JADES,broad-line-agn,robust,individual_robust,juodzbalis25_jades_blagn,"Table 2 (BH/Lbol/lambda_Edd), Table 5 (Mstar)",True,False,False,True,0.3887133487051199,-0.0098458582656313,consistent,30.0,1.0501585145037293,baseline,0.0,0.0,7.44,,,fedd2_eps0p1_merger_boost_x2,2.0,0.1,2.0,-11.104151914571407,7.867705321917945e-12,light_seed_scale
GS159717_juodzbalis25,GS-159717,5.077,spec,JADES,broad-line-agn,robust,individual_robust,juodzbalis25_jades_blagn,"Table 2 (BH/Lbol/lambda_Edd), Table 5 (Mstar)",True,False,False,True,0.3887133487051199,-0.0098458582656313,consistent,30.0,1.0501585145037293,baseline,0.0,0.0,7.44,,,fedd2_spin_minus1_eps0p038_no_merger_boost,2.0,0.037749551350623745,1.0,-44.22934770866676,5.89728737304409e-45,light_seed_scale
GS159717_juodzbalis25,GS-159717,5.077,spec,JADES,broad-line-agn,robust,individual_robust,juodzbalis25_jades_blagn,"Table 2 (BH/Lbol/lambda_Edd), Table 5 (Mstar)",True,False,False,True,0.3887133487051199,-0.0098458582656313,consistent,30.0,1.0501585145037293,baseline,0.0,0.0,7.44,,,fedd2_spin_minus1_eps0p038_merger_boost_x2,2.0,0.037749551350623745,2.0,-44.53037770433074,2.948643686522045e-45,light_seed_scale
GS159717_juodzbalis25,GS-159717,5.077,spec,JADES,broad-line-agn,robust,individual_robust,juodzbalis25_jades_blagn,"Table 2 (BH/Lbol/lambda_Edd), Table 5 (Mstar)",True,False,False,True,0.3887133487051199,-0.0098458582656313,consistent,30.0,1.0501585145037293,baseline,0.0,0.0,7.44,,,fedd2_spin_0_eps0p057_no_merger_boost,2.0,0.057190958417936644,1.0,-25.975888664191988,1.0570884698622046e-26,light_seed_scale
GS159717_juodzbalis25,GS-159717,5.077,spec,JADES,broad-line-agn,robust,individual_robust,juodzbalis25_jades_blagn,"Table 2 (BH/Lbol/lambda_Edd), Table 5 (Mstar)",True,False,False,True,0.3887133487051199,-0.0098458582656313,consistent,30.0,1.0501585145037293,baseline,0.0,0.0,7.44,,,fedd2_spin_0_eps0p057_merger_boost_x2,2.0,0.057190958417936644,2.0,-26.27691865985597,5.285442349311022e-27,light_seed_scale
GS159717_juodzbalis25,GS-159717,5.077,spec,JADES,broad-line-agn,robust,individual_robust,juodzbalis25_jades_blagn,"Table 2 (BH/Lbol/lambda_Edd), Table 5 (Mstar)",True,False,False,True,0.3887133487051199,-0.0098458582656313,consistent,30.0,1.0501585145037293,baseline,0.0,0.0,7.44,,,fedd2_spin_plus1_eps0p423_no_merger_boost,2.0,0.42264973081037416,1.0,4.671048001603971,46886.520191027914,heavy_seed_scale
GS159717_juodzbalis25,GS-159717,5.077,spec,JADES,broad-line-agn,robust,individual_robust,juodzbalis25_jades_blagn,"Table 2 (BH/Lbol/lambda_Edd), Table 5 (Mstar)",True,False,False,True,0.3887133487051199,-0.0098458582656313,consistent,30.0,1.0501585145037293,baseline,0.0,0.0,7.44,,,fedd2_spin_plus1_eps0p423_merger_boost_x2,2.0,0.42264973081037416,2.0,4.37001800593999,23443.260095513953,heavy_seed_scale
GS159717_juodzbalis25,GS-159717,5.077,spec,JADES,broad-line-agn,robust,individual_robust,juodzbalis25_jades_blagn,"Table 2 (BH/Lbol/lambda_Edd), Table 5 (Mstar)",True,False,False,True,0.3887133487051199,-0.0098458582656313,consistent,30.0,1.0501585145037293,mbh_minus_0p3dex,-0.3,0.0,7.140000000000001,,,fedd0p3_eps0p1_no_merger_boost,0.3,0.1,1.0,4.403531712163887,25323.965440135296,heavy_seed_scale
GS159717_juodzbalis25,GS-159717,5.077,spec,JADES,broad-line-agn,robust,individual_robust,juodzbalis25_jades_blagn,"Table 2 (BH/Lbol/lambda_Edd), Table 5 (Mstar)",True,False,False,True,0.3887133487051199,-0.0098458582656313,consistent,30.0,1.0501585145037293,mbh_minus_0p3dex,-0.3,0.0,7.140000000000001,,,fedd0p3_eps0p1_merger_boost_x2,0.3,0.1,2.0,4.102501716499906,12661.982720067646,heavy_seed_scale
GS159717_juodzbalis25,GS-159717,5.077,spec,JADES,broad-line-agn,robust,individual_robust,juodzbalis25_jades_blagn,"Table 2 (BH/Lbol/lambda_Edd), Table 5 (Mstar)",True,False,False,True,0.3887133487051199,-0.0098458582656313,consistent,30.0,1.0501585145037293,mbh_minus_0p3dex,-0.3,0.0,7.140000000000001,,,fedd0p3_spin_minus1_eps0p038_no_merger_boost,0.3,0.037749551350623745,1.0,-0.6104021563000126,0.24524369095349294,light_seed_scale
GS159717_juodzbalis25,GS-159717,5.077,spec,JADES,broad-line-agn,robust,individual_robust,juodzbalis25_jades_blagn,"Table 2 (BH/Lbol/lambda_Edd), Table 5 (Mstar)",True,False,False,True,0.3887133487051199,-0.0098458582656313,consistent,30.0,1.0501585145037293,mbh_minus_0p3dex,-0.3,0.0,7.140000000000001,,,fedd0p3_spin_minus1_eps0p038_merger_boost_x2,0.3,0.037749551350623745,2.0,-0.9114321519639939,0.12262184547674645,light_seed_scale
GS159717_juodzbalis25,GS-159717,5.077,spec,JADES,broad-line-agn,robust,individual_robust,juodzbalis25_jades_blagn,"Table 2 (BH/Lbol/lambda_Edd), Table 5 (Mstar)",True,False,False,True,0.3887133487051199,-0.0098458582656313,consistent,30.0,1.0501585145037293,mbh_minus_0p3dex,-0.3,0.0,7.140000000000001,,,fedd0p3_spin_0_eps0p057_no_merger_boost,0.3,0.057190958417936644,1.0,2.1276167003712017,134.1580386440995,intermediate_seed_scale
GS159717_juodzbalis25,GS-159717,5.077,spec,JADES,broad-line-agn,robust,individual_robust,juodzbalis25_jades_blagn,"Table 2 (BH/Lbol/lambda_Edd), Table 5 (Mstar)",True,False,False,True,0.3887133487051199,-0.0098458582656313,consistent,30.0,1.0501585145037293,mbh_minus_0p3dex,-0.3,0.0,7.140000000000001,,,fedd0p3_spin_0_eps0p057_merger_boost_x2,0.3,0.057190958417936644,2.0,1.8265867047072204,67.07901932204973,light_seed_scale
GS159717_juodzbalis25,GS-159717,5.077,spec,JADES,broad-line-agn,robust,individual_robust,juodzbalis25_jades_blagn,"Table 2 (BH/Lbol/lambda_Edd), Table 5 (Mstar)",True,False,False,True,0.3887133487051199,-0.0098458582656313,consistent,30.0,1.0501585145037293,mbh_minus_0p3dex,-0.3,0.0,7.140000000000001,,,fedd0p3_spin_plus1_eps0p423_no_merger_boost,0.3,0.42264973081037416,1.0,6.724657200240596,5304655.688763534,above_heavy_seed_scale
GS159717_juodzbalis25,GS-159717,5.077,spec,JADES,broad-line-agn,robust,individual_robust,juodzbalis25_jades_blagn,"Table 2 (BH/Lbol/lambda_Edd), Table 5 (Mstar)",True,False,False,True,0.3887133487051199,-0.0098458582656313,consistent,30.0,1.0501585145037293,mbh_minus_0p3dex,-0.3,0.0,7.140000000000001,,,fedd0p3_spin_plus1_eps0p423_merger_boost_x2,0.3,0.42264973081037416,2.0,6.423627204576615,2652327.8443817664,above_heavy_seed_scale
GS159717_juodzbalis25,GS-159717,5.077,spec,JADES,broad-line-agn,robust,individual_robust,juodzbalis25_jades_blagn,"Table 2 (BH/Lbol/lambda_Edd), Table 5 (Mstar)",True,False,False,True,0.3887133487051199,-0.0098458582656313,consistent,30.0,1.0501585145037293,mbh_minus_0p3dex,-0.3,0.0,7.140000000000001,,,fedd1_eps0p1_no_merger_boost,1.0,0.1,1.0,-1.981560959453713,0.01043371670285002,light_seed_scale
GS159717_juodzbalis25,GS-159717,5.077,spec,JADES,broad-line-agn,robust,individual_robust,juodzbalis25_jades_blagn,"Table 2 (BH/Lbol/lambda_Edd), Table 5 (Mstar)",True,False,False,True,0.3887133487051199,-0.0098458582656313,consistent,30.0,1.0501585145037293,mbh_minus_0p3dex,-0.3,0.0,7.140000000000001,,,fedd1_eps0p1_merger_boost_x2,1.0,0.1,2.0,-2.282590955117694,0.005216858351425009,light_seed_scale
GS159717_juodzbalis25,GS-159717,5.077,spec,JADES,broad-line-agn,robust,individual_robust,juodzbalis25_jades_blagn,"Table 2 (BH/Lbol/lambda_Edd), Table 5 (Mstar)",True,False,False,True,0.3887133487051199,-0.0098458582656313,consistent,30.0,1.0501585145037293,mbh_minus_0p3dex,-0.3,0.0,7.140000000000001,,,fedd1_spin_minus1_eps0p038_no_merger_boost,1.0,0.037749551350623745,1.0,-18.694673854333377,2.0198826820093066e-19,light_seed_scale
GS159717_juodzbalis25,GS-159717,5.077,spec,JADES,broad-line-agn,robust,individual_robust,juodzbalis25_jades_blagn,"Table 2 (BH/Lbol/lambda_Edd), Table 5 (Mstar)",True,False,False,True,0.3887133487051199,-0.0098458582656313,consistent,30.0,1.0501585145037293,mbh_minus_0p3dex,-0.3,0.0,7.140000000000001,,,fedd1_spin_minus1_eps0p038_merger_boost_x2,1.0,0.037749551350623745,2.0,-18.99570384999736,1.0099413410046532e-19,light_seed_scale
GS159717_juodzbalis25,GS-159717,5.077,spec,JADES,broad-line-agn,robust,individual_robust,juodzbalis25_jades_blagn,"Table 2 (BH/Lbol/lambda_Edd), Table 5 (Mstar)",True,False,False,True,0.3887133487051199,-0.0098458582656313,consistent,30.0,1.0501585145037293,mbh_minus_0p3dex,-0.3,0.0,7.140000000000001,,,fedd1_spin_0_eps0p057_no_merger_boost,1.0,0.057190958417936644,1.0,-9.567944332095994,2.7043049799384343e-10,light_seed_scale
GS159717_juodzbalis25,GS-159717,5.077,spec,JADES,broad-line-agn,robust,individual_robust,juodzbalis25_jades_blagn,"Table 2 (BH/Lbol/lambda_Edd), Table 5 (Mstar)",True,False,False,True,0.3887133487051199,-0.0098458582656313,consistent,30.0,1.0501585145037293,mbh_minus_0p3dex,-0.3,0.0,7.140000000000001,,,fedd1_spin_0_eps0p057_merger_boost_x2,1.0,0.057190958417936644,2.0,-9.868974327759975,1.3521524899692172e-10,light_seed_scale
GS159717_juodzbalis25,GS-159717,5.077,spec,JADES,broad-line-agn,robust,individual_robust,juodzbalis25_jades_blagn,"Table 2 (BH/Lbol/lambda_Edd), Table 5 (Mstar)",True,False,False,True,0.3887133487051199,-0.0098458582656313,consistent,30.0,1.0501585145037293,mbh_minus_0p3dex,-0.3,0.0,7.140000000000001,,,fedd1_spin_plus1_eps0p423_no_merger_boost,1.0,0.42264973081037416,1.0,5.7555240008019855,569539.6982368231,heavy_seed_scale
GS159717_juodzbalis25,GS-159717,5.077,spec,JADES,broad-line-agn,robust,individual_robust,juodzbalis25_jades_blagn,"Table 2 (BH/Lbol/lambda_Edd), Table 5 (Mstar)",True,False,False,True,0.3887133487051199,-0.0098458582656313,consistent,30.0,1.0501585145037293,mbh_minus_0p3dex,-0.3,0.0,7.140000000000001,,,fedd1_spin_plus1_eps0p423_merger_boost_x2,1.0,0.42264973081037416,2.0,5.454494005138004,284769.8491184115,heavy_seed_scale
GS159717_juodzbalis25,GS-159717,5.077,spec,JADES,broad-line-agn,robust,individual_robust,juodzbalis25_jades_blagn,"Table 2 (BH/Lbol/lambda_Edd), Table 5 (Mstar)",True,False,False,True,0.3887133487051199,-0.0098458582656313,consistent,30.0,1.0501585145037293,mbh_minus_0p3dex,-0.3,0.0,7.140000000000001,,,fedd2_eps0p1_no_merger_boost,2.0,0.1,1.0,-11.103121918907426,7.886386930573233e-12,light_seed_scale
GS159717_juodzbalis25,GS-159717,5.077,spec,JADES,broad-line-agn,robust,individual_robust,juodzbalis25_jades_blagn,"Table 2 (BH/Lbol/lambda_Edd), Table 5 (Mstar)",True,False,False,True,0.3887133487051199,-0.0098458582656313,consistent,30.0,1.0501585145037293,mbh_minus_0p3dex,-0.3,0.0,7.140000000000001,,,fedd2_eps0p1_merger_boost_x2,2.0,0.1,2.0,-11.404151914571408,3.943193465286617e-12,light_seed_scale
GS159717_juodzbalis25,GS-159717,5.077,spec,JADES,broad-line-agn,robust,individual_robust,juodzbalis25_jades_blagn,"Table 2 (BH/Lbol/lambda_Edd), Table 5 (Mstar)",True,False,False,True,0.3887133487051199,-0.0098458582656313,consistent,30.0,1.0501585145037293,mbh_minus_0p3dex,-0.3,0.0,7.140000000000001,,,fedd2_spin_minus1_eps0p038_no_merger_boost,2.0,0.037749551350623745,1.0,-44.529347708666755,2.9556451444010306e-45,light_seed_scale
GS159717_juodzbalis25,GS-159717,5.077,spec,JADES,broad-line-agn,robust,individual_robust,juodzbalis25_jades_blagn,"Table 2 (BH/Lbol/lambda_Edd), Table 5 (Mstar)",True,False,False,True,0.3887133487051199,-0.0098458582656313,consistent,30.0,1.0501585145037293,mbh_minus_0p3dex,-0.3,0.0,7.140000000000001,,,fedd2_spin_minus1_eps0p038_merger_boost_x2,2.0,0.037749551350623745,2.0,-44.830377704330736,1.477822572200515e-45,light_seed_scale
GS159717_juodzbalis25,GS-159717,5.077,spec,JADES,broad-line-agn,robust,individual_robust,juodzbalis25_jades_blagn,"Table 2 (BH/Lbol/lambda_Edd), Table 5 (Mstar)",True,False,False,True,0.3887133487051199,-0.0098458582656313,consistent,30.0,1.0501585145037293,mbh_minus_0p3dex,-0.3,0.0,7.140000000000001,,,fedd2_spin_0_eps0p057_no_merger_boost,2.0,0.057190958417936644,1.0,-26.27588866419199,5.297992459095236e-27,light_seed_scale
GS159717_juodzbalis25,GS-159717,5.077,spec,JADES,broad-line-agn,robust,individual_robust,juodzbalis25_jades_blagn,"Table 2 (BH/Lbol/lambda_Edd), Table 5 (Mstar)",True,False,False,True,0.3887133487051199,-0.0098458582656313,consistent,30.0,1.0501585145037293,mbh_minus_0p3dex,-0.3,0.0,7.140000000000001,,,fedd2_spin_0_eps0p057_merger_boost_x2,2.0,0.057190958417936644,2.0,-26.57691865985597,2.6489962295476177e-27,light_seed_scale
GS159717_juodzbalis25,GS-159717,5.077,spec,JADES,broad-line-agn,robust,individual_robust,juodzbalis25_jades_blagn,"Table 2 (BH/Lbol/lambda_Edd), Table 5 (Mstar)",True,False,False,True,0.3887133487051199,-0.0098458582656313,consistent,30.0,1.0501585145037293,mbh_minus_0p3dex,-0.3,0.0,7.140000000000001,,,fedd2_spin_plus1_eps0p423_no_merger_boost,2.0,0.42264973081037416,1.0,4.37104800160397,23498.925348950488,heavy_seed_scale
GS159717_juodzbalis25,GS-159717,5.077,spec,JADES,broad-line-agn,robust,individual_robust,juodzbalis25_jades_blagn,"Table 2 (BH/Lbol/lambda_Edd), Table 5 (Mstar)",True,False,False,True,0.3887133487051199,-0.0098458582656313,consistent,30.0,1.0501585145037293,mbh_minus_0p3dex,-0.3,0.0,7.140000000000001,,,fedd2_spin_plus1_eps0p423_merger_boost_x2,2.0,0.42264973081037416,2.0,4.070018005939989,11749.462674475242,heavy_seed_scale
GS159717_juodzbalis25,GS-159717,5.077,spec,JADES,broad-line-agn,robust,individual_robust,juodzbalis25_jades_blagn,"Table 2 (BH/Lbol/lambda_Edd), Table 5 (Mstar)",True,False,False,True,0.3887133487051199,-0.0098458582656313,consistent,30.0,1.0501585145037293,mbh_plus_0p3dex,0.3,0.0,7.74,,,fedd0p3_eps0p1_no_merger_boost,0.3,0.1,1.0,5.003531712163887,100816.52228566803,heavy_seed_scale
GS159717_juodzbalis25,GS-159717,5.077,spec,JADES,broad-line-agn,robust,individual_robust,juodzbalis25_jades_blagn,"Table 2 (BH/Lbol/lambda_Edd), Table 5 (Mstar)",True,False,False,True,0.3887133487051199,-0.0098458582656313,consistent,30.0,1.0501585145037293,mbh_plus_0p3dex,0.3,0.0,7.74,,,fedd0p3_eps0p1_merger_boost_x2,0.3,0.1,2.0,4.7025017164999054,50408.26114283402,heavy_seed_scale
GS159717_juodzbalis25,GS-159717,5.077,spec,JADES,broad-line-agn,robust,individual_robust,juodzbalis25_jades_blagn,"Table 2 (BH/Lbol/lambda_Edd), Table 5 (Mstar)",True,False,False,True,0.3887133487051199,-0.0098458582656313,consistent,30.0,1.0501585145037293,mbh_plus_0p3dex,0.3,0.0,7.74,,,fedd0p3_spin_minus1_eps0p038_no_merger_boost,0.3,0.037749551350623745,1.0,-0.010402156300012955,0.976332719015913,light_seed_scale
GS159717_juodzbalis25,GS-159717,5.077,spec,JADES,broad-line-agn,robust,individual_robust,juodzbalis25_jades_blagn,"Table 2 (BH/Lbol/lambda_Edd), Table 5 (Mstar)",True,False,False,True,0.3887133487051199,-0.0098458582656313,consistent,30.0,1.0501585145037293,mbh_plus_0p3dex,0.3,0.0,7.74,,,fedd0p3_spin_minus1_eps0p038_merger_boost_x2,0.3,0.037749551350623745,2.0,-0.3114321519639942,0.48816635950795645,light_seed_scale
GS159717_juodzbalis25,GS-159717,5.077,spec,JADES,broad-line-agn,robust,individual_robust,juodzbalis25_jades_blagn,"Table 2 (BH/Lbol/lambda_Edd), Table 5 (Mstar)",True,False,False,True,0.3887133487051199,-0.0098458582656313,consistent,30.0,1.0501585145037293,mbh_plus_0p3dex,0.3,0.0,7.74,,,fedd0p3_spin_0_eps0p057_no_merger_boost,0.3,0.057190958417936644,1.0,2.7276167003712013,534.0927717160915,intermediate_seed_scale
GS159717_juodzbalis25,GS-159717,5.077,spec,JADES,broad-line-agn,robust,individual_robust,juodzbalis25_jades_blagn,"Table 2 (BH/Lbol/lambda_Edd), Table 5 (Mstar)",True,False,False,True,0.3887133487051199,-0.0098458582656313,consistent,30.0,1.0501585145037293,mbh_plus_0p3dex,0.3,0.0,7.74,,,fedd0p3_spin_0_eps0p057_merger_boost_x2,0.3,0.057190958417936644,2.0,2.42658670470722,267.0463858580457,intermediate_seed_scale
GS159717_juodzbalis25,GS-159717,5.077,spec,JADES,broad-line-agn,robust,individual_robust,juodzbalis25_jades_blagn,"Table 2 (BH/Lbol/lambda_Edd), Table 5 (Mstar)",True,False,False,True,0.3887133487051199,-0.0098458582656313,consistent,30.0,1.0501585145037293,mbh_plus_0p3dex,0.3,0.0,7.74,,,fedd0p3_spin_plus1_eps0p423_no_merger_boost,0.3,0.42264973081037416,1.0,7.324657200240596,21118214.67014162,above_heavy_seed_scale
GS159717_juodzbalis25,GS-159717,5.077,spec,JADES,broad-line-agn,robust,individual_robust,juodzbalis25_jades_blagn,"Table 2 (BH/Lbol/lambda_Edd), Table 5 (Mstar)",True,False,False,True,0.3887133487051199,-0.0098458582656313,consistent,30.0,1.0501585145037293,mbh_plus_0p3dex,0.3,0.0,7.74,,,fedd0p3_spin_plus1_eps0p423_merger_boost_x2,0.3,0.42264973081037416,2.0,7.023627204576615,10559107.335070807,above_heavy_seed_scale
GS159717_juodzbalis25,GS-159717,5.077,spec,JADES,broad-line-agn,robust,individual_robust,juodzbalis25_jades_blagn,"Table 2 (BH/Lbol/lambda_Edd), Table 5 (Mstar)",True,False,False,True,0.3887133487051199,-0.0098458582656313,consistent,30.0,1.0501585145037293,mbh_plus_0p3dex,0.3,0.0,7.74,,,fedd1_eps0p1_no_merger_boost,1.0,0.1,1.0,-1.3815609594537133,0.041537374349283826,light_seed_scale
GS159717_juodzbalis25,GS-159717,5.077,spec,JADES,broad-line-agn,robust,individual_robust,juodzbalis25_jades_blagn,"Table 2 (BH/Lbol/lambda_Edd), Table 5 (Mstar)",True,False,False,True,0.3887133487051199,-0.0098458582656313,consistent,30.0,1.0501585145037293,mbh_plus_0p3dex,0.3,0.0,7.74,,,fedd1_eps0p1_merger_boost_x2,1.0,0.1,2.0,-1.6825909551176945,0.02076868717464191,light_seed_scale
GS159717_juodzbalis25,GS-159717,5.077,spec,JADES,broad-line-agn,robust,individual_robust,juodzbalis25_jades_blagn,"Table 2 (BH/Lbol/lambda_Edd), Table 5 (Mstar)",True,False,False,True,0.3887133487051199,-0.0098458582656313,consistent,30.0,1.0501585145037293,mbh_plus_0p3dex,0.3,0.0,7.74,,,fedd1_spin_minus1_eps0p038_no_merger_boost,1.0,0.037749551350623745,1.0,-18.09467385433338,8.041297793847305e-19,light_seed_scale
GS159717_juodzbalis25,GS-159717,5.077,spec,JADES,broad-line-agn,robust,individual_robust,juodzbalis25_jades_blagn,"Table 2 (BH/Lbol/lambda_Edd), Table 5 (Mstar)",True,False,False,True,0.3887133487051199,-0.0098458582656313,consistent,30.0,1.0501585145037293,mbh_plus_0p3dex,0.3,0.0,7.74,,,fedd1_spin_minus1_eps0p038_merger_boost_x2,1.0,0.037749551350623745,2.0,-18.39570384999736,4.020648896923652e-19,light_seed_scale
GS159717_juodzbalis25,GS-159717,5.077,spec,JADES,broad-line-agn,robust,individual_robust,juodzbalis25_jades_blagn,"Table 2 (BH/Lbol/lambda_Edd), Table 5 (Mstar)",True,False,False,True,0.3887133487051199,-0.0098458582656313,consistent,30.0,1.0501585145037293,mbh_plus_0p3dex,0.3,0.0,7.74,,,fedd1_spin_0_eps0p057_no_merger_boost,1.0,0.057190958417936644,1.0,-8.967944332095994,1.0766032038770214e-09,light_seed_scale
GS159717_juodzbalis25,GS-159717,5.077,spec,JADES,broad-line-agn,robust,individual_robust,juodzbalis25_jades_blagn,"Table 2 (BH/Lbol/lambda_Edd), Table 5 (Mstar)",True,False,False,True,0.3887133487051199,-0.0098458582656313,consistent,30.0,1.0501585145037293,mbh_plus_0p3dex,0.3,0.0,7.74,,,fedd1_spin_0_eps0p057_merger_boost_x2,1.0,0.057190958417936644,2.0,-9.268974327759976,5.383016019385107e-10,light_seed_scale
GS159717_juodzbalis25,GS-159717,5.077,spec,JADES,broad-line-agn,robust,individual_robust,juodzbalis25_jades_blagn,"Table 2 (BH/Lbol/lambda_Edd), Table 5 (Mstar)",True,False,False,True,0.3887133487051199,-0.0098458582656313,consistent,30.0,1.0501585145037293,mbh_plus_0p3dex,0.3,0.0,7.74,,,fedd1_spin_plus1_eps0p423_no_merger_boost,1.0,0.42264973081037416,1.0,6.355524000801985,2267378.377829541,above_heavy_seed_scale
GS159717_juodzbalis25,GS-159717,5.077,spec,JADES,broad-line-agn,robust,individual_robust,juodzbalis25_jades_blagn,"Table 2 (BH/Lbol/lambda_Edd), Table 5 (Mstar)",True,False,False,True,0.3887133487051199,-0.0098458582656313,consistent,30.0,1.0501585145037293,mbh_plus_0p3dex,0.3,0.0,7.74,,,fedd1_spin_plus1_eps0p423_merger_boost_x2,1.0,0.42264973081037416,2.0,6.054494005138004,1133689.1889147703,above_heavy_seed_scale
GS159717_juodzbalis25,GS-159717,5.077,spec,JADES,broad-line-agn,robust,individual_robust,juodzbalis25_jades_blagn,"Table 2 (BH/Lbol/lambda_Edd), Table 5 (Mstar)",True,False,False,True,0.3887133487051199,-0.0098458582656313,consistent,30.0,1.0501585145037293,mbh_plus_0p3dex,0.3,0.0,7.74,,,fedd2_eps0p1_no_merger_boost,2.0,0.1,1.0,-10.503121918907427,3.139627186820588e-11,light_seed_scale
GS159717_juodzbalis25,GS-159717,5.077,spec,JADES,broad-line-agn,robust,individual_robust,juodzbalis25_jades_blagn,"Table 2 (BH/Lbol/lambda_Edd), Table 5 (Mstar)",True,False,False,True,0.3887133487051199,-0.0098458582656313,consistent,30.0,1.0501585145037293,mbh_plus_0p3dex,0.3,0.0,7.74,,,fedd2_eps0p1_merger_boost_x2,2.0,0.1,2.0,-10.804151914571408,1.5698135934102936e-11,light_seed_scale
GS159717_juodzbalis25,GS-159717,5.077,spec,JADES,broad-line-agn,robust,individual_robust,juodzbalis25_jades_blagn,"Table 2 (BH/Lbol/lambda_Edd), Table 5 (Mstar)",True,False,False,True,0.3887133487051199,-0.0098458582656313,consistent,30.0,1.0501585145037293,mbh_plus_0p3dex,0.3,0.0,7.74,,,fedd2_spin_minus1_eps0p038_no_merger_boost,2.0,0.037749551350623745,1.0,-43.929347708666754,1.1766635255976808e-44,light_seed_scale
GS159717_juodzbalis25,GS-159717,5.077,spec,JADES,broad-line-agn,robust,individual_robust,juodzbalis25_jades_blagn,"Table 2 (BH/Lbol/lambda_Edd), Table 5 (Mstar)",True,False,False,True,0.3887133487051199,-0.0098458582656313,consistent,30.0,1.0501585145037293,mbh_plus_0p3dex,0.3,0.0,7.74,,,fedd2_spin_minus1_eps0p038_merger_boost_x2,2.0,0.037749551350623745,2.0,-44.230377704330735,5.883317627988404e-45,light_seed_scale
GS159717_juodzbalis25,GS-159717,5.077,spec,JADES,broad-line-agn,robust,individual_robust,juodzbalis25_jades_blagn,"Table 2 (BH/Lbol/lambda_Edd), Table 5 (Mstar)",True,False,False,True,0.3887133487051199,-0.0098458582656313,consistent,30.0,1.0501585145037293,mbh_plus_0p3dex,0.3,0.0,7.74,,,fedd2_spin_0_eps0p057_no_merger_boost,2.0,0.057190958417936644,1.0,-25.675888664191987,2.1091687875041763e-26,light_seed_scale
GS159717_juodzbalis25,GS-159717,5.077,spec,JADES,broad-line-agn,robust,individual_robust,juodzbalis25_jades_blagn,"Table 2 (BH/Lbol/lambda_Edd), Table 5 (Mstar)",True,False,False,True,0.3887133487051199,-0.0098458582656313,consistent,30.0,1.0501585145037293,mbh_plus_0p3dex,0.3,0.0,7.74,,,fedd2_spin_0_eps0p057_merger_boost_x2,2.0,0.057190958417936644,2.0,-25.97691865985597,1.054584393752088e-26,light_seed_scale
GS159717_juodzbalis25,GS-159717,5.077,spec,JADES,broad-line-agn,robust,individual_robust,juodzbalis25_jades_blagn,"Table 2 (BH/Lbol/lambda_Edd), Table 5 (Mstar)",True,False,False,True,0.3887133487051199,-0.0098458582656313,consistent,30.0,1.0501585145037293,mbh_plus_0p3dex,0.3,0.0,7.74,,,fedd2_spin_plus1_eps0p423_no_merger_boost,2.0,0.42264973081037416,1.0,4.97104800160397,93550.90681718524,heavy_seed_scale
GS159717_juodzbalis25,GS-159717,5.077,spec,JADES,broad-line-agn,robust,individual_robust,juodzbalis25_jades_blagn,"Table 2 (BH/Lbol/lambda_Edd), Table 5 (Mstar)",True,False,False,True,0.3887133487051199,-0.0098458582656313,consistent,30.0,1.0501585145037293,mbh_plus_0p3dex,0.3,0.0,7.74,,,fedd2_spin_plus1_eps0p423_merger_boost_x2,2.0,0.42264973081037416,2.0,4.670018005939989,46775.45340859261,heavy_seed_scale
GS159717_juodzbalis25,GS-159717,5.077,spec,JADES,broad-line-agn,robust,individual_robust,juodzbalis25_jades_blagn,"Table 2 (BH/Lbol/lambda_Edd), Table 5 (Mstar)",True,False,False,True,0.3887133487051199,-0.0098458582656313,consistent,30.0,1.0501585145037293,mstar_agn_20pct,0.0,0.2,7.44,,,fedd0p3_eps0p1_no_merger_boost,0.3,0.1,1.0,4.703531712163887,50527.953908276235,heavy_seed_scale
GS159717_juodzbalis25,GS-159717,5.077,spec,JADES,broad-line-agn,robust,individual_robust,juodzbalis25_jades_blagn,"Table 2 (BH/Lbol/lambda_Edd), Table 5 (Mstar)",True,False,False,True,0.3887133487051199,-0.0098458582656313,consistent,30.0,1.0501585145037293,mstar_agn_20pct,0.0,0.2,7.44,,,fedd0p3_eps0p1_merger_boost_x2,0.3,0.1,2.0,4.402501716499906,25263.976954138114,heavy_seed_scale
GS159717_juodzbalis25,GS-159717,5.077,spec,JADES,broad-line-agn,robust,individual_robust,juodzbalis25_jades_blagn,"Table 2 (BH/Lbol/lambda_Edd), Table 5 (Mstar)",True,False,False,True,0.3887133487051199,-0.0098458582656313,consistent,30.0,1.0501585145037293,mstar_agn_20pct,0.0,0.2,7.44,,,fedd0p3_spin_minus1_eps0p038_no_merger_boost,0.3,0.037749551350623745,1.0,-0.3104021563000128,0.4893254945433786,light_seed_scale
GS159717_juodzbalis25,GS-159717,5.077,spec,JADES,broad-line-agn,robust,individual_robust,juodzbalis25_jades_blagn,"Table 2 (BH/Lbol/lambda_Edd), Table 5 (Mstar)",True,False,False,True,0.3887133487051199,-0.0098458582656313,consistent,30.0,1.0501585145037293,mstar_agn_20pct,0.0,0.2,7.44,,,fedd0p3_spin_minus1_eps0p038_merger_boost_x2,0.3,0.037749551350623745,2.0,-0.611432151963994,0.24466274727168927,light_seed_scale
GS159717_juodzbalis25,GS-159717,5.077,spec,JADES,broad-line-agn,robust,individual_robust,juodzbalis25_jades_blagn,"Table 2 (BH/Lbol/lambda_Edd), Table 5 (Mstar)",True,False,False,True,0.3887133487051199,-0.0098458582656313,consistent,30.0,1.0501585145037293,mstar_agn_20pct,0.0,0.2,7.44,,,fedd0p3_spin_0_eps0p057_no_merger_boost,0.3,0.057190958417936644,1.0,2.4276167003712015,267.6804787567103,intermediate_seed_scale
GS159717_juodzbalis25,GS-159717,5.077,spec,JADES,broad-line-agn,robust,individual_robust,juodzbalis25_jades_blagn,"Table 2 (BH/Lbol/lambda_Edd), Table 5 (Mstar)",True,False,False,True,0.3887133487051199,-0.0098458582656313,consistent,30.0,1.0501585145037293,mstar_agn_20pct,0.0,0.2,7.44,,,fedd0p3_spin_0_eps0p057_merger_boost_x2,0.3,0.057190958417936644,2.0,2.12658670470722,133.8402393783551,intermediate_seed_scale
GS159717_juodzbalis25,GS-159717,5.077,spec,JADES,broad-line-agn,robust,individual_robust,juodzbalis25_jades_blagn,"Table 2 (BH/Lbol/lambda_Edd), Table 5 (Mstar)",True,False,False,True,0.3887133487051199,-0.0098458582656313,consistent,30.0,1.0501585145037293,mstar_agn_20pct,0.0,0.2,7.44,,,fedd0p3_spin_plus1_eps0p423_no_merger_boost,0.3,0.42264973081037416,1.0,7.024657200240596,10584179.58967516,above_heavy_seed_scale
GS159717_juodzbalis25,GS-159717,5.077,spec,JADES,broad-line-agn,robust,individual_robust,juodzbalis25_jades_blagn,"Table 2 (BH/Lbol/lambda_Edd), Table 5 (Mstar)",True,False,False,True,0.3887133487051199,-0.0098458582656313,consistent,30.0,1.0501585145037293,mstar_agn_20pct,0.0,0.2,7.44,,,fedd0p3_spin_plus1_eps0p423_merger_boost_x2,0.3,0.42264973081037416,2.0,6.723627204576615,5292089.794837579,above_heavy_seed_scale
GS159717_juodzbalis25,GS-159717,5.077,spec,JADES,broad-line-agn,robust,individual_robust,juodzbalis25_jades_blagn,"Table 2 (BH/Lbol/lambda_Edd), Table 5 (Mstar)",True,False,False,True,0.3887133487051199,-0.0098458582656313,consistent,30.0,1.0501585145037293,mstar_agn_20pct,0.0,0.2,7.44,,,fedd1_eps0p1_no_merger_boost,1.0,0.1,1.0,-1.681560959453713,0.02081800174225799,light_seed_scale
GS159717_juodzbalis25,GS-159717,5.077,spec,JADES,broad-line-agn,robust,individual_robust,juodzbalis25_jades_blagn,"Table 2 (BH/Lbol/lambda_Edd), Table 5 (Mstar)",True,False,False,True,0.3887133487051199,-0.0098458582656313,consistent,30.0,1.0501585145037293,mstar_agn_20pct,0.0,0.2,7.44,,,fedd1_eps0p1_merger_boost_x2,1.0,0.1,2.0,-1.9825909551176943,0.010409000871128993,light_seed_scale
GS159717_juodzbalis25,GS-159717,5.077,spec,JADES,broad-line-agn,robust,individual_robust,juodzbalis25_jades_blagn,"Table 2 (BH/Lbol/lambda_Edd), Table 5 (Mstar)",True,False,False,True,0.3887133487051199,-0.0098458582656313,consistent,30.0,1.0501585145037293,mstar_agn_20pct,0.0,0.2,7.44,,,fedd1_spin_minus1_eps0p038_no_merger_boost,1.0,0.037749551350623745,1.0,-18.394673854333377,4.030195796071445e-19,light_seed_scale
GS159717_juodzbalis25,GS-159717,5.077,spec,JADES,broad-line-agn,robust,individual_robust,juodzbalis25_jades_blagn,"Table 2 (BH/Lbol/lambda_Edd), Table 5 (Mstar)",True,False,False,True,0.3887133487051199,-0.0098458582656313,consistent,30.0,1.0501585145037293,mstar_agn_20pct,0.0,0.2,7.44,,,fedd1_spin_minus1_eps0p038_merger_boost_x2,1.0,0.037749551350623745,2.0,-18.695703849997358,2.0150978980357222e-19,light_seed_scale
GS159717_juodzbalis25,GS-159717,5.077,spec,JADES,broad-line-agn,robust,individual_robust,juodzbalis25_jades_blagn,"Table 2 (BH/Lbol/lambda_Edd), Table 5 (Mstar)",True,False,False,True,0.3887133487051199,-0.0098458582656313,consistent,30.0,1.0501585145037293,mstar_agn_20pct,0.0,0.2,7.44,,,fedd1_spin_0_eps0p057_no_merger_boost,1.0,0.057190958417936644,1.0,-9.267944332095993,5.395797814653839e-10,light_seed_scale
GS159717_juodzbalis25,GS-159717,5.077,spec,JADES,broad-line-agn,robust,individual_robust,juodzbalis25_jades_blagn,"Table 2 (BH/Lbol/lambda_Edd), Table 5 (Mstar)",True,False,False,True,0.3887133487051199,-0.0098458582656313,consistent,30.0,1.0501585145037293,mstar_agn_20pct,0.0,0.2,7.44,,,fedd1_spin_0_eps0p057_merger_boost_x2,1.0,0.057190958417936644,2.0,-9.568974327759975,2.697898907326919e-10,light_seed_scale
GS159717_juodzbalis25,GS-159717,5.077,spec,JADES,broad-line-agn,robust,individual_robust,juodzbalis25_jades_blagn,"Table 2 (BH/Lbol/lambda_Edd), Table 5 (Mstar)",True,False,False,True,0.3887133487051199,-0.0098458582656313,consistent,30.0,1.0501585145037293,mstar_agn_20pct,0.0,0.2,7.44,,,fedd1_spin_plus1_eps0p423_no_merger_boost,1.0,0.42264973081037416,1.0,6.055524000801985,1136381.0967706803,above_heavy_seed_scale
GS159717_juodzbalis25,GS-159717,5.077,spec,JADES,broad-line-agn,robust,individual_robust,juodzbalis25_jades_blagn,"Table 2 (BH/Lbol/lambda_Edd), Table 5 (Mstar)",True,False,False,True,0.3887133487051199,-0.0098458582656313,consistent,30.0,1.0501585145037293,mstar_agn_20pct,0.0,0.2,7.44,,,fedd1_spin_plus1_eps0p423_merger_boost_x2,1.0,0.42264973081037416,2.0,5.754494005138004,568190.54838534,heavy_seed_scale
GS159717_juodzbalis25,GS-159717,5.077,spec,JADES,broad-line-agn,robust,individual_robust,juodzbalis25_jades_blagn,"Table 2 (BH/Lbol/lambda_Edd), Table 5 (Mstar)",True,False,False,True,0.3887133487051199,-0.0098458582656313,consistent,30.0,1.0501585145037293,mstar_agn_20pct,0.0,0.2,7.44,,,fedd2_eps0p1_no_merger_boost,2.0,0.1,1.0,-10.803121918907426,1.5735410643835893e-11,light_seed_scale
GS159717_juodzbalis25,GS-159717,5.077,spec,JADES,broad-line-agn,robust,individual_robust,juodzbalis25_jades_blagn,"Table 2 (BH/Lbol/lambda_Edd), Table 5 (Mstar)",True,False,False,True,0.3887133487051199,-0.0098458582656313,consistent,30.0,1.0501585145037293,mstar_agn_20pct,0.0,0.2,7.44,,,fedd2_eps0p1_merger_boost_x2,2.0,0.1,2.0,-11.104151914571407,7.867705321917945e-12,light_seed_scale
GS159717_juodzbalis25,GS-159717,5.077,spec,JADES,broad-line-agn,robust,individual_robust,juodzbalis25_jades_blagn,"Table 2 (BH/Lbol/lambda_Edd), Table 5 (Mstar)",True,False,False,True,0.3887133487051199,-0.0098458582656313,consistent,30.0,1.0501585145037293,mstar_agn_20pct,0.0,0.2,7.44,,,fedd2_spin_minus1_eps0p038_no_merger_boost,2.0,0.037749551350623745,1.0,-44.22934770866676,5.89728737304409e-45,light_seed_scale
GS159717_juodzbalis25,GS-159717,5.077,spec,JADES,broad-line-agn,robust,individual_robust,juodzbalis25_jades_blagn,"Table 2 (BH/Lbol/lambda_Edd), Table 5 (Mstar)",True,False,False,True,0.3887133487051199,-0.0098458582656313,consistent,30.0,1.0501585145037293,mstar_agn_20pct,0.0,0.2,7.44,,,fedd2_spin_minus1_eps0p038_merger_boost_x2,2.0,0.037749551350623745,2.0,-44.53037770433074,2.948643686522045e-45,light_seed_scale
GS159717_juodzbalis25,GS-159717,5.077,spec,JADES,broad-line-agn,robust,individual_robust,juodzbalis25_jades_blagn,"Table 2 (BH/Lbol/lambda_Edd), Table 5 (Mstar)",True,False,False,True,0.3887133487051199,-0.0098458582656313,consistent,30.0,1.0501585145037293,mstar_agn_20pct,0.0,0.2,7.44,,,fedd2_spin_0_eps0p057_no_merger_boost,2.0,0.057190958417936644,1.0,-25.975888664191988,1.0570884698622046e-26,light_seed_scale
GS159717_juodzbalis25,GS-159717,5.077,spec,JADES,broad-line-agn,robust,individual_robust,juodzbalis25_jades_blagn,"Table 2 (BH/Lbol/lambda_Edd), Table 5 (Mstar)",True,False,False,True,0.3887133487051199,-0.0098458582656313,consistent,30.0,1.0501585145037293,mstar_agn_20pct,0.0,0.2,7.44,,,fedd2_spin_0_eps0p057_merger_boost_x2,2.0,0.057190958417936644,2.0,-26.27691865985597,5.285442349311022e-27,light_seed_scale
GS159717_juodzbalis25,GS-159717,5.077,spec,JADES,broad-line-agn,robust,individual_robust,juodzbalis25_jades_blagn,"Table 2 (BH/Lbol/lambda_Edd), Table 5 (Mstar)",True,False,False,True,0.3887133487051199,-0.0098458582656313,consistent,30.0,1.0501585145037293,mstar_agn_20pct,0.0,0.2,7.44,,,fedd2_spin_plus1_eps0p423_no_merger_boost,2.0,0.42264973081037416,1.0,4.671048001603971,46886.520191027914,heavy_seed_scale
GS159717_juodzbalis25,GS-159717,5.077,spec,JADES,broad-line-agn,robust,individual_robust,juodzbalis25_jades_blagn,"Table 2 (BH/Lbol/lambda_Edd), Table 5 (Mstar)",True,False,False,True,0.3887133487051199,-0.0098458582656313,consistent,30.0,1.0501585145037293,mstar_agn_20pct,0.0,0.2,7.44,,,fedd2_spin_plus1_eps0p423_merger_boost_x2,2.0,0.42264973081037416,2.0,4.37001800593999,23443.260095513953,heavy_seed_scale
GN77652_juodzbalis25,GN-77652,5.229,spec,JADES,broad-line-agn,robust,individual_robust,juodzbalis25_jades_blagn,"Table 2 (BH/Lbol/lambda_Edd), Table 5 (Mstar)",False,False,False,True,0.2452615422629842,-0.0094182131708325,consistent,30.0,1.0084446805155447,baseline,0.0,0.0,6.62,8.36,-1.7399999999999993,fedd0p3_eps0p1_no_merger_boost,0.3,0.1,1.0,3.992228239684468,9822.64027705436,intermediate_seed_scale
GN77652_juodzbalis25,GN-77652,5.229,spec,JADES,broad-line-agn,robust,individual_robust,juodzbalis25_jades_blagn,"Table 2 (BH/Lbol/lambda_Edd), Table 5 (Mstar)",False,False,False,True,0.2452615422629842,-0.0094182131708325,consistent,30.0,1.0084446805155447,baseline,0.0,0.0,6.62,8.36,-1.7399999999999993,fedd0p3_eps0p1_merger_boost_x2,0.3,0.1,2.0,3.691198244020487,4911.320138527179,intermediate_seed_scale
GN77652_juodzbalis25,GN-77652,5.229,spec,JADES,broad-line-agn,robust,individual_robust,juodzbalis25_jades_blagn,"Table 2 (BH/Lbol/lambda_Edd), Table 5 (Mstar)",False,False,False,True,0.2452615422629842,-0.0094182131708325,consistent,30.0,1.0084446805155447,baseline,0.0,0.0,6.62,8.36,-1.7399999999999993,fedd0p3_spin_minus1_eps0p038_no_merger_boost,0.3,0.037749551350623745,1.0,-0.8225448334059084,0.15047181746161237,light_seed_scale
GN77652_juodzbalis25,GN-77652,5.229,spec,JADES,broad-line-agn,robust,individual_robust,juodzbalis25_jades_blagn,"Table 2 (BH/Lbol/lambda_Edd), Table 5 (Mstar)",False,False,False,True,0.2452615422629842,-0.0094182131708325,consistent,30.0,1.0084446805155447,baseline,0.0,0.0,6.62,8.36,-1.7399999999999993,fedd0p3_spin_minus1_eps0p038_merger_boost_x2,0.3,0.037749551350623745,2.0,-1.1235748290698897,0.07523590873080617,light_seed_scale
GN77652_juodzbalis25,GN-77652,5.229,spec,JADES,broad-line-agn,robust,individual_robust,juodzbalis25_jades_blagn,"Table 2 (BH/Lbol/lambda_Edd), Table 5 (Mstar)",False,False,False,True,0.2452615422629842,-0.0094182131708325,consistent,30.0,1.0084446805155447,baseline,0.0,0.0,6.62,8.36,-1.7399999999999993,fedd0p3_spin_0_eps0p057_no_merger_boost,0.3,0.057190958417936644,1.0,1.8067159048800292,64.0790264458445,light_seed_scale
GN77652_juodzbalis25,GN-77652,5.229,spec,JADES,broad-line-agn,robust,individual_robust,juodzbalis25_jades_blagn,"Table 2 (BH/Lbol/lambda_Edd), Table 5 (Mstar)",False,False,False,True,0.2452615422629842,-0.0094182131708325,consistent,30.0,1.0084446805155447,baseline,0.0,0.0,6.62,8.36,-1.7399999999999993,fedd0p3_spin_0_eps0p057_merger_boost_x2,0.3,0.057190958417936644,2.0,1.505685909216048,32.03951322292225,light_seed_scale
GN77652_juodzbalis25,GN-77652,5.229,spec,JADES,broad-line-agn,robust,individual_robust,juodzbalis25_jades_blagn,"Table 2 (BH/Lbol/lambda_Edd), Table 5 (Mstar)",False,False,False,True,0.2452615422629842,-0.0094182131708325,consistent,30.0,1.0084446805155447,baseline,0.0,0.0,6.62,8.36,-1.7399999999999993,fedd0p3_spin_plus1_eps0p423_no_merger_boost,0.3,0.42264973081037416,1.0,6.221155224451292,1664007.2894346719,above_heavy_seed_scale
GN77652_juodzbalis25,GN-77652,5.229,spec,JADES,broad-line-agn,robust,individual_robust,juodzbalis25_jades_blagn,"Table 2 (BH/Lbol/lambda_Edd), Table 5 (Mstar)",False,False,False,True,0.2452615422629842,-0.0094182131708325,consistent,30.0,1.0084446805155447,baseline,0.0,0.0,6.62,8.36,-1.7399999999999993,fedd0p3_spin_plus1_eps0p423_merger_boost_x2,0.3,0.42264973081037416,2.0,5.9201252287873105,832003.6447173358,heavy_seed_scale
GN77652_juodzbalis25,GN-77652,5.229,spec,JADES,broad-line-agn,robust,individual_robust,juodzbalis25_jades_blagn,"Table 2 (BH/Lbol/lambda_Edd), Table 5 (Mstar)",False,False,False,True,0.2452615422629842,-0.0094182131708325,consistent,30.0,1.0084446805155447,baseline,0.0,0.0,6.62,8.36,-1.7399999999999993,fedd1_eps0p1_no_merger_boost,1.0,0.1,1.0,-2.139239201051775,0.007257061423477664,light_seed_scale
GN77652_juodzbalis25,GN-77652,5.229,spec,JADES,broad-line-agn,robust,individual_robust,juodzbalis25_jades_blagn,"Table 2 (BH/Lbol/lambda_Edd), Table 5 (Mstar)",False,False,False,True,0.2452615422629842,-0.0094182131708325,consistent,30.0,1.0084446805155447,baseline,0.0,0.0,6.62,8.36,-1.7399999999999993,fedd1_eps0p1_merger_boost_x2,1.0,0.1,2.0,-2.4402691967157564,0.0036285307117388315,light_seed_scale
GN77652_juodzbalis25,GN-77652,5.229,spec,JADES,broad-line-agn,robust,individual_robust,juodzbalis25_jades_blagn,"Table 2 (BH/Lbol/lambda_Edd), Table 5 (Mstar)",False,False,False,True,0.2452615422629842,-0.0094182131708325,consistent,30.0,1.0084446805155447,baseline,0.0,0.0,6.62,8.36,-1.7399999999999993,fedd1_spin_minus1_eps0p038_no_merger_boost,1.0,0.037749551350623745,1.0,-18.188482778019697,6.47913787829282e-19,light_seed_scale
GN77652_juodzbalis25,GN-77652,5.229,spec,JADES,broad-line-agn,robust,individual_robust,juodzbalis25_jades_blagn,"Table 2 (BH/Lbol/lambda_Edd), Table 5 (Mstar)",False,False,False,True,0.2452615422629842,-0.0094182131708325,consistent,30.0,1.0084446805155447,baseline,0.0,0.0,6.62,8.36,-1.7399999999999993,fedd1_spin_minus1_eps0p038_merger_boost_x2,1.0,0.037749551350623745,2.0,-18.48951277368368,3.23956893914641e-19,light_seed_scale
GN77652_juodzbalis25,GN-77652,5.229,spec,JADES,broad-line-agn,robust,individual_robust,juodzbalis25_jades_blagn,"Table 2 (BH/Lbol/lambda_Edd), Table 5 (Mstar)",False,False,False,True,0.2452615422629842,-0.0094182131708325,consistent,30.0,1.0084446805155447,baseline,0.0,0.0,6.62,8.36,-1.7399999999999993,fedd1_spin_0_eps0p057_no_merger_boost,1.0,0.057190958417936644,1.0,-9.424280317066572,3.7646073250070534e-10,light_seed_scale
GN77652_juodzbalis25,GN-77652,5.229,spec,JADES,broad-line-agn,robust,individual_robust,juodzbalis25_jades_blagn,"Table 2 (BH/Lbol/lambda_Edd), Table 5 (Mstar)",False,False,False,True,0.2452615422629842,-0.0094182131708325,consistent,30.0,1.0084446805155447,baseline,0.0,0.0,6.62,8.36,-1.7399999999999993,fedd1_spin_0_eps0p057_merger_boost_x2,1.0,0.057190958417936644,2.0,-9.725310312730553,1.8823036625035265e-10,light_seed_scale
GN77652_juodzbalis25,GN-77652,5.229,spec,JADES,broad-line-agn,robust,individual_robust,juodzbalis25_jades_blagn,"Table 2 (BH/Lbol/lambda_Edd), Table 5 (Mstar)",False,False,False,True,0.2452615422629842,-0.0094182131708325,consistent,30.0,1.0084446805155447,baseline,0.0,0.0,6.62,8.36,-1.7399999999999993,fedd1_spin_plus1_eps0p423_no_merger_boost,1.0,0.42264973081037416,1.0,5.29051741483764,195216.90127832157,heavy_seed_scale
GN77652_juodzbalis25,GN-77652,5.229,spec,JADES,broad-line-agn,robust,individual_robust,juodzbalis25_jades_blagn,"Table 2 (BH/Lbol/lambda_Edd), Table 5 (Mstar)",False,False,False,True,0.2452615422629842,-0.0094182131708325,consistent,30.0,1.0084446805155447,baseline,0.0,0.0,6.62,8.36,-1.7399999999999993,fedd1_spin_plus1_eps0p423_merger_boost_x2,1.0,0.42264973081037416,2.0,4.989487419173659,97608.45063916077,heavy_seed_scale
GN77652_juodzbalis25,GN-77652,5.229,spec,JADES,broad-line-agn,robust,individual_robust,juodzbalis25_jades_blagn,"Table 2 (BH/Lbol/lambda_Edd), Table 5 (Mstar)",False,False,False,True,0.2452615422629842,-0.0094182131708325,consistent,30.0,1.0084446805155447,baseline,0.0,0.0,6.62,8.36,-1.7399999999999993,fedd2_eps0p1_no_merger_boost,2.0,0.1,1.0,-10.89847840210355,1.2633439295950459e-11,light_seed_scale
GN77652_juodzbalis25,GN-77652,5.229,spec,JADES,broad-line-agn,robust,individual_robust,juodzbalis25_jades_blagn,"Table 2 (BH/Lbol/lambda_Edd), Table 5 (Mstar)",False,False,False,True,0.2452615422629842,-0.0094182131708325,consistent,30.0,1.0084446805155447,baseline,0.0,0.0,6.62,8.36,-1.7399999999999993,fedd2_eps0p1_merger_boost_x2,2.0,0.1,2.0,-11.19950839776753,6.316719647975229e-12,light_seed_scale
GN77652_juodzbalis25,GN-77652,5.229,spec,JADES,broad-line-agn,robust,individual_robust,juodzbalis25_jades_blagn,"Table 2 (BH/Lbol/lambda_Edd), Table 5 (Mstar)",False,False,False,True,0.2452615422629842,-0.0094182131708325,consistent,30.0,1.0084446805155447,baseline,0.0,0.0,6.62,8.36,-1.7399999999999993,fedd2_spin_minus1_eps0p038_no_merger_boost,2.0,0.037749551350623745,1.0,-42.9969655560394,1.00701153192066e-43,light_seed_scale
GN77652_juodzbalis25,GN-77652,5.229,spec,JADES,broad-line-agn,robust,individual_robust,juodzbalis25_jades_blagn,"Table 2 (BH/Lbol/lambda_Edd), Table 5 (Mstar)",False,False,False,True,0.2452615422629842,-0.0094182131708325,consistent,30.0,1.0084446805155447,baseline,0.0,0.0,6.62,8.36,-1.7399999999999993,fedd2_spin_minus1_eps0p038_merger_boost_x2,2.0,0.037749551350623745,2.0,-43.29799555170338,5.0350576596033e-44,light_seed_scale
GN77652_juodzbalis25,GN-77652,5.229,spec,JADES,broad-line-agn,robust,individual_robust,juodzbalis25_jades_blagn,"Table 2 (BH/Lbol/lambda_Edd), Table 5 (Mstar)",False,False,False,True,0.2452615422629842,-0.0094182131708325,consistent,30.0,1.0084446805155447,baseline,0.0,0.0,6.62,8.36,-1.7399999999999993,fedd2_spin_0_eps0p057_no_merger_boost,2.0,0.057190958417936644,1.0,-25.468560634133144,3.399690376279512e-26,light_seed_scale
GN77652_juodzbalis25,GN-77652,5.229,spec,JADES,broad-line-agn,robust,individual_robust,juodzbalis25_jades_blagn,"Table 2 (BH/Lbol/lambda_Edd), Table 5 (Mstar)",False,False,False,True,0.2452615422629842,-0.0094182131708325,consistent,30.0,1.0084446805155447,baseline,0.0,0.0,6.62,8.36,-1.7399999999999993,fedd2_spin_0_eps0p057_merger_boost_x2,2.0,0.057190958417936644,2.0,-25.769590629797126,1.699845188139756e-26,light_seed_scale
GN77652_juodzbalis25,GN-77652,5.229,spec,JADES,broad-line-agn,robust,individual_robust,juodzbalis25_jades_blagn,"Table 2 (BH/Lbol/lambda_Edd), Table 5 (Mstar)",False,False,False,True,0.2452615422629842,-0.0094182131708325,consistent,30.0,1.0084446805155447,baseline,0.0,0.0,6.62,8.36,-1.7399999999999993,fedd2_spin_plus1_eps0p423_no_merger_boost,2.0,0.42264973081037416,1.0,3.9610348296752806,9141.865547298432,intermediate_seed_scale
GN77652_juodzbalis25,GN-77652,5.229,spec,JADES,broad-line-agn,robust,individual_robust,juodzbalis25_jades_blagn,"Table 2 (BH/Lbol/lambda_Edd), Table 5 (Mstar)",False,False,False,True,0.2452615422629842,-0.0094182131708325,consistent,30.0,1.0084446805155447,baseline,0.0,0.0,6.62,8.36,-1.7399999999999993,fedd2_spin_plus1_eps0p423_merger_boost_x2,2.0,0.42264973081037416,2.0,3.6600048340112994,4570.932773649216,intermediate_seed_scale
GN77652_juodzbalis25,GN-77652,5.229,spec,JADES,broad-line-agn,robust,individual_robust,juodzbalis25_jades_blagn,"Table 2 (BH/Lbol/lambda_Edd), Table 5 (Mstar)",False,False,False,True,0.2452615422629842,-0.0094182131708325,consistent,30.0,1.0084446805155447,mbh_minus_0p3dex,-0.3,0.0,6.32,8.36,-2.039999999999999,fedd0p3_eps0p1_no_merger_boost,0.3,0.1,1.0,3.6922282396844683,4922.981907372699,intermediate_seed_scale
GN77652_juodzbalis25,GN-77652,5.229,spec,JADES,broad-line-agn,robust,individual_robust,juodzbalis25_jades_blagn,"Table 2 (BH/Lbol/lambda_Edd), Table 5 (Mstar)",False,False,False,True,0.2452615422629842,-0.0094182131708325,consistent,30.0,1.0084446805155447,mbh_minus_0p3dex,-0.3,0.0,6.32,8.36,-2.039999999999999,fedd0p3_eps0p1_merger_boost_x2,0.3,0.1,2.0,3.391198244020487,2461.4909536863493,intermediate_seed_scale
GN77652_juodzbalis25,GN-77652,5.229,spec,JADES,broad-line-agn,robust,individual_robust,juodzbalis25_jades_blagn,"Table 2 (BH/Lbol/lambda_Edd), Table 5 (Mstar)",False,False,False,True,0.2452615422629842,-0.0094182131708325,consistent,30.0,1.0084446805155447,mbh_minus_0p3dex,-0.3,0.0,6.32,8.36,-2.039999999999999,fedd0p3_spin_minus1_eps0p038_no_merger_boost,0.3,0.037749551350623745,1.0,-1.1225448334059083,0.07541455393245342,light_seed_scale
GN77652_juodzbalis25,GN-77652,5.229,spec,JADES,broad-line-agn,robust,individual_robust,juodzbalis25_jades_blagn,"Table 2 (BH/Lbol/lambda_Edd), Table 5 (Mstar)",False,False,False,True,0.2452615422629842,-0.0094182131708325,consistent,30.0,1.0084446805155447,mbh_minus_0p3dex,-0.3,0.0,6.32,8.36,-2.039999999999999,fedd0p3_spin_minus1_eps0p038_merger_boost_x2,0.3,0.037749551350623745,2.0,-1.4235748290698895,0.0377072769662267,light_seed_scale
GN77652_juodzbalis25,GN-77652,5.229,spec,JADES,broad-line-agn,robust,individual_robust,juodzbalis25_jades_blagn,"Table 2 (BH/Lbol/lambda_Edd), Table 5 (Mstar)",False,False,False,True,0.2452615422629842,-0.0094182131708325,consistent,30.0,1.0084446805155447,mbh_minus_0p3dex,-0.3,0.0,6.32,8.36,-2.039999999999999,fedd0p3_spin_0_eps0p057_no_merger_boost,0.3,0.057190958417936644,1.0,1.5067159048800294,32.115589997921646,light_seed_scale
GN77652_juodzbalis25,GN-77652,5.229,spec,JADES,broad-line-agn,robust,individual_robust,juodzbalis25_jades_blagn,"Table 2 (BH/Lbol/lambda_Edd), Table 5 (Mstar)",False,False,False,True,0.2452615422629842,-0.0094182131708325,consistent,30.0,1.0084446805155447,mbh_minus_0p3dex,-0.3,0.0,6.32,8.36,-2.039999999999999,fedd0p3_spin_0_eps0p057_merger_boost_x2,0.3,0.057190958417936644,2.0,1.2056859092160481,16.05779499896082,light_seed_scale
GN77652_juodzbalis25,GN-77652,5.229,spec,JADES,broad-line-agn,robust,individual_robust,juodzbalis25_jades_blagn,"Table 2 (BH/Lbol/lambda_Edd), Table 5 (Mstar)",False,False,False,True,0.2452615422629842,-0.0094182131708325,consistent,30.0,1.0084446805155447,mbh_minus_0p3dex,-0.3,0.0,6.32,8.36,-2.039999999999999,fedd0p3_spin_plus1_eps0p423_no_merger_boost,0.3,0.42264973081037416,1.0,5.921155224451292,833979.2101273794,heavy_seed_scale
GN77652_juodzbalis25,GN-77652,5.229,spec,JADES,broad-line-agn,robust,individual_robust,juodzbalis25_jades_blagn,"Table 2 (BH/Lbol/lambda_Edd), Table 5 (Mstar)",False,False,False,True,0.2452615422629842,-0.0094182131708325,consistent,30.0,1.0084446805155447,mbh_minus_0p3dex,-0.3,0.0,6.32,8.36,-2.039999999999999,fedd0p3_spin_plus1_eps0p423_merger_boost_x2,0.3,0.42264973081037416,2.0,5.620125228787311,416989.60506368964,heavy_seed_scale
GN77652_juodzbalis25,GN-77652,5.229,spec,JADES,broad-line-agn,robust,individual_robust,juodzbalis25_jades_blagn,"Table 2 (BH/Lbol/lambda_Edd), Table 5 (Mstar)",False,False,False,True,0.2452615422629842,-0.0094182131708325,consistent,30.0,1.0084446805155447,mbh_minus_0p3dex,-0.3,0.0,6.32,8.36,-2.039999999999999,fedd1_eps0p1_no_merger_boost,1.0,0.1,1.0,-2.439239201051775,0.0036371465390959666,light_seed_scale
GN77652_juodzbalis25,GN-77652,5.229,spec,JADES,broad-line-agn,robust,individual_robust,juodzbalis25_jades_blagn,"Table 2 (BH/Lbol/lambda_Edd), Table 5 (Mstar)",False,False,False,True,0.2452615422629842,-0.0094182131708325,consistent,30.0,1.0084446805155447,mbh_minus_0p3dex,-0.3,0.0,6.32,8.36,-2.039999999999999,fedd1_eps0p1_merger_boost_x2,1.0,0.1,2.0,-2.740269196715756,0.001818573269547983,light_seed_scale
GN77652_juodzbalis25,GN-77652,5.229,spec,JADES,broad-line-agn,robust,individual_robust,juodzbalis25_jades_blagn,"Table 2 (BH/Lbol/lambda_Edd), Table 5 (Mstar)",False,False,False,True,0.2452615422629842,-0.0094182131708325,consistent,30.0,1.0084446805155447,mbh_minus_0p3dex,-0.3,0.0,6.32,8.36,-2.039999999999999,fedd1_spin_minus1_eps0p038_no_merger_boost,1.0,0.037749551350623745,1.0,-18.488482778019698,3.247261189511248e-19,light_seed_scale
GN77652_juodzbalis25,GN-77652,5.229,spec,JADES,broad-line-agn,robust,individual_robust,juodzbalis25_jades_blagn,"Table 2 (BH/Lbol/lambda_Edd), Table 5 (Mstar)",False,False,False,True,0.2452615422629842,-0.0094182131708325,consistent,30.0,1.0084446805155447,mbh_minus_0p3dex,-0.3,0.0,6.32,8.36,-2.039999999999999,fedd1_spin_minus1_eps0p038_merger_boost_x2,1.0,0.037749551350623745,2.0,-18.78951277368368,1.6236305947556237e-19,light_seed_scale
GN77652_juodzbalis25,GN-77652,5.229,spec,JADES,broad-line-agn,robust,individual_robust,juodzbalis25_jades_blagn,"Table 2 (BH/Lbol/lambda_Edd), Table 5 (Mstar)",False,False,False,True,0.2452615422629842,-0.0094182131708325,consistent,30.0,1.0084446805155447,mbh_minus_0p3dex,-0.3,0.0,6.32,8.36,-2.039999999999999,fedd1_spin_0_eps0p057_no_merger_boost,1.0,0.057190958417936644,1.0,-9.724280317066572,1.8867731309132475e-10,light_seed_scale
GN77652_juodzbalis25,GN-77652,5.229,spec,JADES,broad-line-agn,robust,individual_robust,juodzbalis25_jades_blagn,"Table 2 (BH/Lbol/lambda_Edd), Table 5 (Mstar)",False,False,False,True,0.2452615422629842,-0.0094182131708325,consistent,30.0,1.0084446805155447,mbh_minus_0p3dex,-0.3,0.0,6.32,8.36,-2.039999999999999,fedd1_spin_0_eps0p057_merger_boost_x2,1.0,0.057190958417936644,2.0,-10.025310312730554,9.433865654566236e-11,light_seed_scale
GN77652_juodzbalis25,GN-77652,5.229,spec,JADES,broad-line-agn,robust,individual_robust,juodzbalis25_jades_blagn,"Table 2 (BH/Lbol/lambda_Edd), Table 5 (Mstar)",False,False,False,True,0.2452615422629842,-0.0094182131708325,consistent,30.0,1.0084446805155447,mbh_minus_0p3dex,-0.3,0.0,6.32,8.36,-2.039999999999999,fedd1_spin_plus1_eps0p423_no_merger_boost,1.0,0.42264973081037416,1.0,4.99051741483764,97840.21870897034,heavy_seed_scale
GN77652_juodzbalis25,GN-77652,5.229,spec,JADES,broad-line-agn,robust,individual_robust,juodzbalis25_jades_blagn,"Table 2 (BH/Lbol/lambda_Edd), Table 5 (Mstar)",False,False,False,True,0.2452615422629842,-0.0094182131708325,consistent,30.0,1.0084446805155447,mbh_minus_0p3dex,-0.3,0.0,6.32,8.36,-2.039999999999999,fedd1_spin_plus1_eps0p423_merger_boost_x2,1.0,0.42264973081037416,2.0,4.689487419173659,48920.10935448516,heavy_seed_scale
GN77652_juodzbalis25,GN-77652,5.229,spec,JADES,broad-line-agn,robust,individual_robust,juodzbalis25_jades_blagn,"Table 2 (BH/Lbol/lambda_Edd), Table 5 (Mstar)",False,False,False,True,0.2452615422629842,-0.0094182131708325,consistent,30.0,1.0084446805155447,mbh_minus_0p3dex,-0.3,0.0,6.32,8.36,-2.039999999999999,fedd2_eps0p1_no_merger_boost,2.0,0.1,1.0,-11.19847840210355,6.3317184919354745e-12,light_seed_scale
GN77652_juodzbalis25,GN-77652,5.229,spec,JADES,broad-line-agn,robust,individual_robust,juodzbalis25_jades_blagn,"Table 2 (BH/Lbol/lambda_Edd), Table 5 (Mstar)",False,False,False,True,0.2452615422629842,-0.0094182131708325,consistent,30.0,1.0084446805155447,mbh_minus_0p3dex,-0.3,0.0,6.32,8.36,-2.039999999999999,fedd2_eps0p1_merger_boost_x2,2.0,0.1,2.0,-11.499508397767531,3.165859245967737e-12,light_seed_scale
GN77652_juodzbalis25,GN-77652,5.229,spec,JADES,broad-line-agn,robust,individual_robust,juodzbalis25_jades_blagn,"Table 2 (BH/Lbol/lambda_Edd), Table 5 (Mstar)",False,False,False,True,0.2452615422629842,-0.0094182131708325,consistent,30.0,1.0084446805155447,mbh_minus_0p3dex,-0.3,0.0,6.32,8.36,-2.039999999999999,fedd2_spin_minus1_eps0p038_no_merger_boost,2.0,0.037749551350623745,1.0,-43.296965556039396,5.047013239140806e-44,light_seed_scale
GN77652_juodzbalis25,GN-77652,5.229,spec,JADES,broad-line-agn,robust,individual_robust,juodzbalis25_jades_blagn,"Table 2 (BH/Lbol/lambda_Edd), Table 5 (Mstar)",False,False,False,True,0.2452615422629842,-0.0094182131708325,consistent,30.0,1.0084446805155447,mbh_minus_0p3dex,-0.3,0.0,6.32,8.36,-2.039999999999999,fedd2_spin_minus1_eps0p038_merger_boost_x2,2.0,0.037749551350623745,2.0,-43.59799555170338,2.5235066195704025e-44,light_seed_scale
GN77652_juodzbalis25,GN-77652,5.229,spec,JADES,broad-line-agn,robust,individual_robust,juodzbalis25_jades_blagn,"Table 2 (BH/Lbol/lambda_Edd), Table 5 (Mstar)",False,False,False,True,0.2452615422629842,-0.0094182131708325,consistent,30.0,1.0084446805155447,mbh_minus_0p3dex,-0.3,0.0,6.32,8.36,-2.039999999999999,fedd2_spin_0_eps0p057_no_merger_boost,2.0,0.057190958417936644,1.0,-25.768560634133145,1.7038814148767864e-26,light_seed_scale
GN77652_juodzbalis25,GN-77652,5.229,spec,JADES,broad-line-agn,robust,individual_robust,juodzbalis25_jades_blagn,"Table 2 (BH/Lbol/lambda_Edd), Table 5 (Mstar)",False,False,False,True,0.2452615422629842,-0.0094182131708325,consistent,30.0,1.0084446805155447,mbh_minus_0p3dex,-0.3,0.0,6.32,8.36,-2.039999999999999,fedd2_spin_0_eps0p057_merger_boost_x2,2.0,0.057190958417936644,2.0,-26.069590629797126,8.51940707438393e-27,light_seed_scale
GN77652_juodzbalis25,GN-77652,5.229,spec,JADES,broad-line-agn,robust,individual_robust,juodzbalis25_jades_blagn,"Table 2 (BH/Lbol/lambda_Edd), Table 5 (Mstar)",False,False,False,True,0.2452615422629842,-0.0094182131708325,consistent,30.0,1.0084446805155447,mbh_minus_0p3dex,-0.3,0.0,6.32,8.36,-2.039999999999999,fedd2_spin_plus1_eps0p423_no_merger_boost,2.0,0.42264973081037416,1.0,3.661034829675281,4581.786303842973,intermediate_seed_scale
GN77652_juodzbalis25,GN-77652,5.229,spec,JADES,broad-line-agn,robust,individual_robust,juodzbalis25_jades_blagn,"Table 2 (BH/Lbol/lambda_Edd), Table 5 (Mstar)",False,False,False,True,0.2452615422629842,-0.0094182131708325,consistent,30.0,1.0084446805155447,mbh_minus_0p3dex,-0.3,0.0,6.32,8.36,-2.039999999999999,fedd2_spin_plus1_eps0p423_merger_boost_x2,2.0,0.42264973081037416,2.0,3.3600048340112996,2290.893151921486,intermediate_seed_scale
GN77652_juodzbalis25,GN-77652,5.229,spec,JADES,broad-line-agn,robust,individual_robust,juodzbalis25_jades_blagn,"Table 2 (BH/Lbol/lambda_Edd), Table 5 (Mstar)",False,False,False,True,0.2452615422629842,-0.0094182131708325,consistent,30.0,1.0084446805155447,mbh_plus_0p3dex,0.3,0.0,6.92,8.36,-1.4399999999999995,fedd0p3_eps0p1_no_merger_boost,0.3,0.1,1.0,4.2922282396844675,19598.74397830201,heavy_seed_scale
GN77652_juodzbalis25,GN-77652,5.229,spec,JADES,broad-line-agn,robust,individual_robust,juodzbalis25_jades_blagn,"Table 2 (BH/Lbol/lambda_Edd), Table 5 (Mstar)",False,False,False,True,0.2452615422629842,-0.0094182131708325,consistent,30.0,1.0084446805155447,mbh_plus_0p3dex,0.3,0.0,6.92,8.36,-1.4399999999999995,fedd0p3_eps0p1_merger_boost_x2,0.3,0.1,2.0,3.9911982440204867,9799.371989151014,intermediate_seed_scale
GN77652_juodzbalis25,GN-77652,5.229,spec,JADES,broad-line-agn,robust,individual_robust,juodzbalis25_jades_blagn,"Table 2 (BH/Lbol/lambda_Edd), Table 5 (Mstar)",False,False,False,True,0.2452615422629842,-0.0094182131708325,consistent,30.0,1.0084446805155447,mbh_plus_0p3dex,0.3,0.0,6.92,8.36,-1.4399999999999995,fedd0p3_spin_minus1_eps0p038_no_merger_boost,0.3,0.037749551350623745,1.0,-0.5225448334059086,0.30023074684603124,light_seed_scale
GN77652_juodzbalis25,GN-77652,5.229,spec,JADES,broad-line-agn,robust,individual_robust,juodzbalis25_jades_blagn,"Table 2 (BH/Lbol/lambda_Edd), Table 5 (Mstar)",False,False,False,True,0.2452615422629842,-0.0094182131708325,consistent,30.0,1.0084446805155447,mbh_plus_0p3dex,0.3,0.0,6.92,8.36,-1.4399999999999995,fedd0p3_spin_minus1_eps0p038_merger_boost_x2,0.3,0.037749551350623745,2.0,-0.8235748290698899,0.1501153734230156,light_seed_scale
GN77652_juodzbalis25,GN-77652,5.229,spec,JADES,broad-line-agn,robust,individual_robust,juodzbalis25_jades_blagn,"Table 2 (BH/Lbol/lambda_Edd), Table 5 (Mstar)",False,False,False,True,0.2452615422629842,-0.0094182131708325,consistent,30.0,1.0084446805155447,mbh_plus_0p3dex,0.3,0.0,6.92,8.36,-1.4399999999999995,fedd0p3_spin_0_eps0p057_no_merger_boost,0.3,0.057190958417936644,1.0,2.106715904880029,127.85446664728772,intermediate_seed_scale
GN77652_juodzbalis25,GN-77652,5.229,spec,JADES,broad-line-agn,robust,individual_robust,juodzbalis25_jades_blagn,"Table 2 (BH/Lbol/lambda_Edd), Table 5 (Mstar)",False,False,False,True,0.2452615422629842,-0.0094182131708325,consistent,30.0,1.0084446805155447,mbh_plus_0p3dex,0.3,0.0,6.92,8.36,-1.4399999999999995,fedd0p3_spin_0_eps0p057_merger_boost_x2,0.3,0.057190958417936644,2.0,1.8056859092160478,63.92723332364385,light_seed_scale
GN77652_juodzbalis25,GN-77652,5.229,spec,JADES,broad-line-agn,robust,individual_robust,juodzbalis25_jades_blagn,"Table 2 (BH/Lbol/lambda_Edd), Table 5 (Mstar)",False,False,False,True,0.2452615422629842,-0.0094182131708325,consistent,30.0,1.0084446805155447,mbh_plus_0p3dex,0.3,0.0,6.92,8.36,-1.4399999999999995,fedd0p3_spin_plus1_eps0p423_no_merger_boost,0.3,0.42264973081037416,1.0,6.521155224451292,3320131.0364425126,above_heavy_seed_scale
GN77652_juodzbalis25,GN-77652,5.229,spec,JADES,broad-line-agn,robust,individual_robust,juodzbalis25_jades_blagn,"Table 2 (BH/Lbol/lambda_Edd), Table 5 (Mstar)",False,False,False,True,0.2452615422629842,-0.0094182131708325,consistent,30.0,1.0084446805155447,mbh_plus_0p3dex,0.3,0.0,6.92,8.36,-1.4399999999999995,fedd0p3_spin_plus1_eps0p423_merger_boost_x2,0.3,0.42264973081037416,2.0,6.22012522878731,1660065.518221256,above_heavy_seed_scale
GN77652_juodzbalis25,GN-77652,5.229,spec,JADES,broad-line-agn,robust,individual_robust,juodzbalis25_jades_blagn,"Table 2 (BH/Lbol/lambda_Edd), Table 5 (Mstar)",False,False,False,True,0.2452615422629842,-0.0094182131708325,consistent,30.0,1.0084446805155447,mbh_plus_0p3dex,0.3,0.0,6.92,8.36,-1.4399999999999995,fedd1_eps0p1_no_merger_boost,1.0,0.1,1.0,-1.8392392010517753,0.01447974117567939,light_seed_scale
GN77652_juodzbalis25,GN-77652,5.229,spec,JADES,broad-line-agn,robust,individual_robust,juodzbalis25_jades_blagn,"Table 2 (BH/Lbol/lambda_Edd), Table 5 (Mstar)",False,False,False,True,0.2452615422629842,-0.0094182131708325,consistent,30.0,1.0084446805155447,mbh_plus_0p3dex,0.3,0.0,6.92,8.36,-1.4399999999999995,fedd1_eps0p1_merger_boost_x2,1.0,0.1,2.0,-2.1402691967157566,0.007239870587839694,light_seed_scale
GN77652_juodzbalis25,GN-77652,5.229,spec,JADES,broad-line-agn,robust,individual_robust,juodzbalis25_jades_blagn,"Table 2 (BH/Lbol/lambda_Edd), Table 5 (Mstar)",False,False,False,True,0.2452615422629842,-0.0094182131708325,consistent,30.0,1.0084446805155447,mbh_plus_0p3dex,0.3,0.0,6.92,8.36,-1.4399999999999995,fedd1_spin_minus1_eps0p038_no_merger_boost,1.0,0.037749551350623745,1.0,-17.8884827780197,1.2927579642045005e-18,light_seed_scale
GN77652_juodzbalis25,GN-77652,5.229,spec,JADES,broad-line-agn,robust,individual_robust,juodzbalis25_jades_blagn,"Table 2 (BH/Lbol/lambda_Edd), Table 5 (Mstar)",False,False,False,True,0.2452615422629842,-0.0094182131708325,consistent,30.0,1.0084446805155447,mbh_plus_0p3dex,0.3,0.0,6.92,8.36,-1.4399999999999995,fedd1_spin_minus1_eps0p038_merger_boost_x2,1.0,0.037749551350623745,2.0,-18.18951277368368,6.463789821022501e-19,light_seed_scale
GN77652_juodzbalis25,GN-77652,5.229,spec,JADES,broad-line-agn,robust,individual_robust,juodzbalis25_jades_blagn,"Table 2 (BH/Lbol/lambda_Edd), Table 5 (Mstar)",False,False,False,True,0.2452615422629842,-0.0094182131708325,consistent,30.0,1.0084446805155447,mbh_plus_0p3dex,0.3,0.0,6.92,8.36,-1.4399999999999995,fedd1_spin_0_eps0p057_no_merger_boost,1.0,0.057190958417936644,1.0,-9.124280317066573,7.511379126242356e-10,light_seed_scale
GN77652_juodzbalis25,GN-77652,5.229,spec,JADES,broad-line-agn,robust,individual_robust,juodzbalis25_jades_blagn,"Table 2 (BH/Lbol/lambda_Edd), Table 5 (Mstar)",False,False,False,True,0.2452615422629842,-0.0094182131708325,consistent,30.0,1.0084446805155447,mbh_plus_0p3dex,0.3,0.0,6.92,8.36,-1.4399999999999995,fedd1_spin_0_eps0p057_merger_boost_x2,1.0,0.057190958417936644,2.0,-9.425310312730554,3.7556895631211775e-10,light_seed_scale
GN77652_juodzbalis25,GN-77652,5.229,spec,JADES,broad-line-agn,robust,individual_robust,juodzbalis25_jades_blagn,"Table 2 (BH/Lbol/lambda_Edd), Table 5 (Mstar)",False,False,False,True,0.2452615422629842,-0.0094182131708325,consistent,30.0,1.0084446805155447,mbh_plus_0p3dex,0.3,0.0,6.92,8.36,-1.4399999999999995,fedd1_spin_plus1_eps0p423_no_merger_boost,1.0,0.42264973081037416,1.0,5.59051741483764,389508.92636563495,heavy_seed_scale
GN77652_juodzbalis25,GN-77652,5.229,spec,JADES,broad-line-agn,robust,individual_robust,juodzbalis25_jades_blagn,"Table 2 (BH/Lbol/lambda_Edd), Table 5 (Mstar)",False,False,False,True,0.2452615422629842,-0.0094182131708325,consistent,30.0,1.0084446805155447,mbh_plus_0p3dex,0.3,0.0,6.92,8.36,-1.4399999999999995,fedd1_spin_plus1_eps0p423_merger_boost_x2,1.0,0.42264973081037416,2.0,5.289487419173659,194754.46318281745,heavy_seed_scale
GN77652_juodzbalis25,GN-77652,5.229,spec,JADES,broad-line-agn,robust,individual_robust,juodzbalis25_jades_blagn,"Table 2 (BH/Lbol/lambda_Edd), Table 5 (Mstar)",False,False,False,True,0.2452615422629842,-0.0094182131708325,consistent,30.0,1.0084446805155447,mbh_plus_0p3dex,0.3,0.0,6.92,8.36,-1.4399999999999995,fedd2_eps0p1_no_merger_boost,2.0,0.1,1.0,-10.59847840210355,2.5207025335656862e-11,light_seed_scale
GN77652_juodzbalis25,GN-77652,5.229,spec,JADES,broad-line-agn,robust,individual_robust,juodzbalis25_jades_blagn,"Table 2 (BH/Lbol/lambda_Edd), Table 5 (Mstar)",False,False,False,True,0.2452615422629842,-0.0094182131708325,consistent,30.0,1.0084446805155447,mbh_plus_0p3dex,0.3,0.0,6.92,8.36,-1.4399999999999995,fedd2_eps0p1_merger_boost_x2,2.0,0.1,2.0,-10.899508397767532,1.260351266782843e-11,light_seed_scale
GN77652_juodzbalis25,GN-77652,5.229,spec,JADES,broad-line-agn,robust,individual_robust,juodzbalis25_jades_blagn,"Table 2 (BH/Lbol/lambda_Edd), Table 5 (Mstar)",False,False,False,True,0.2452615422629842,-0.0094182131708325,consistent,30.0,1.0084446805155447,mbh_plus_0p3dex,0.3,0.0,6.92,8.36,-1.4399999999999995,fedd2_spin_minus1_eps0p038_no_merger_boost,2.0,0.037749551350623745,1.0,-42.696965556039395,2.009252160380394e-43,light_seed_scale
GN77652_juodzbalis25,GN-77652,5.229,spec,JADES,broad-line-agn,robust,individual_robust,juodzbalis25_jades_blagn,"Table 2 (BH/Lbol/lambda_Edd), Table 5 (Mstar)",False,False,False,True,0.2452615422629842,-0.0094182131708325,consistent,30.0,1.0084446805155447,mbh_plus_0p3dex,0.3,0.0,6.92,8.36,-1.4399999999999995,fedd2_spin_minus1_eps0p038_merger_boost_x2,2.0,0.037749551350623745,2.0,-42.997995551703376,1.0046260801901967e-43,light_seed_scale
GN77652_juodzbalis25,GN-77652,5.229,spec,JADES,broad-line-agn,robust,individual_robust,juodzbalis25_jades_blagn,"Table 2 (BH/Lbol/lambda_Edd), Table 5 (Mstar)",False,False,False,True,0.2452615422629842,-0.0094182131708325,consistent,30.0,1.0084446805155447,mbh_plus_0p3dex,0.3,0.0,6.92,8.36,-1.4399999999999995,fedd2_spin_0_eps0p057_no_merger_boost,2.0,0.057190958417936644,1.0,-25.168560634133144,6.783274090352893e-26,light_seed_scale
GN77652_juodzbalis25,GN-77652,5.229,spec,JADES,broad-line-agn,robust,individual_robust,juodzbalis25_jades_blagn,"Table 2 (BH/Lbol/lambda_Edd), Table 5 (Mstar)",False,False,False,True,0.2452615422629842,-0.0094182131708325,consistent,30.0,1.0084446805155447,mbh_plus_0p3dex,0.3,0.0,6.92,8.36,-1.4399999999999995,fedd2_spin_0_eps0p057_merger_boost_x2,2.0,0.057190958417936644,2.0,-25.469590629797125,3.391637045176446e-26,light_seed_scale
GN77652_juodzbalis25,GN-77652,5.229,spec,JADES,broad-line-agn,robust,individual_robust,juodzbalis25_jades_blagn,"Table 2 (BH/Lbol/lambda_Edd), Table 5 (Mstar)",False,False,False,True,0.2452615422629842,-0.0094182131708325,consistent,30.0,1.0084446805155447,mbh_plus_0p3dex,0.3,0.0,6.92,8.36,-1.4399999999999995,fedd2_spin_plus1_eps0p423_no_merger_boost,2.0,0.42264973081037416,1.0,4.26103482967528,18240.419815036887,heavy_seed_scale
GN77652_juodzbalis25,GN-77652,5.229,spec,JADES,broad-line-agn,robust,individual_robust,juodzbalis25_jades_blagn,"Table 2 (BH/Lbol/lambda_Edd), Table 5 (Mstar)",False,False,False,True,0.2452615422629842,-0.0094182131708325,consistent,30.0,1.0084446805155447,mbh_plus_0p3dex,0.3,0.0,6.92,8.36,-1.4399999999999995,fedd2_spin_plus1_eps0p423_merger_boost_x2,2.0,0.42264973081037416,2.0,3.960004834011299,9120.209907518452,intermediate_seed_scale
GN77652_juodzbalis25,GN-77652,5.229,spec,JADES,broad-line-agn,robust,individual_robust,juodzbalis25_jades_blagn,"Table 2 (BH/Lbol/lambda_Edd), Table 5 (Mstar)",False,False,False,True,0.2452615422629842,-0.0094182131708325,consistent,30.0,1.0084446805155447,mstar_agn_20pct,0.0,0.2,6.62,8.263089986991943,-1.643089986991943,fedd0p3_eps0p1_no_merger_boost,0.3,0.1,1.0,3.992228239684468,9822.64027705436,intermediate_seed_scale
GN77652_juodzbalis25,GN-77652,5.229,spec,JADES,broad-line-agn,robust,individual_robust,juodzbalis25_jades_blagn,"Table 2 (BH/Lbol/lambda_Edd), Table 5 (Mstar)",False,False,False,True,0.2452615422629842,-0.0094182131708325,consistent,30.0,1.0084446805155447,mstar_agn_20pct,0.0,0.2,6.62,8.263089986991943,-1.643089986991943,fedd0p3_eps0p1_merger_boost_x2,0.3,0.1,2.0,3.691198244020487,4911.320138527179,intermediate_seed_scale
GN77652_juodzbalis25,GN-77652,5.229,spec,JADES,broad-line-agn,robust,individual_robust,juodzbalis25_jades_blagn,"Table 2 (BH/Lbol/lambda_Edd), Table 5 (Mstar)",False,False,False,True,0.2452615422629842,-0.0094182131708325,consistent,30.0,1.0084446805155447,mstar_agn_20pct,0.0,0.2,6.62,8.263089986991943,-1.643089986991943,fedd0p3_spin_minus1_eps0p038_no_merger_boost,0.3,0.037749551350623745,1.0,-0.8225448334059084,0.15047181746161237,light_seed_scale
GN77652_juodzbalis25,GN-77652,5.229,spec,JADES,broad-line-agn,robust,individual_robust,juodzbalis25_jades_blagn,"Table 2 (BH/Lbol/lambda_Edd), Table 5 (Mstar)",False,False,False,True,0.2452615422629842,-0.0094182131708325,consistent,30.0,1.0084446805155447,mstar_agn_20pct,0.0,0.2,6.62,8.263089986991943,-1.643089986991943,fedd0p3_spin_minus1_eps0p038_merger_boost_x2,0.3,0.037749551350623745,2.0,-1.1235748290698897,0.07523590873080617,light_seed_scale
GN77652_juodzbalis25,GN-77652,5.229,spec,JADES,broad-line-agn,robust,individual_robust,juodzbalis25_jades_blagn,"Table 2 (BH/Lbol/lambda_Edd), Table 5 (Mstar)",False,False,False,True,0.2452615422629842,-0.0094182131708325,consistent,30.0,1.0084446805155447,mstar_agn_20pct,0.0,0.2,6.62,8.263089986991943,-1.643089986991943,fedd0p3_spin_0_eps0p057_no_merger_boost,0.3,0.057190958417936644,1.0,1.8067159048800292,64.0790264458445,light_seed_scale
GN77652_juodzbalis25,GN-77652,5.229,spec,JADES,broad-line-agn,robust,individual_robust,juodzbalis25_jades_blagn,"Table 2 (BH/Lbol/lambda_Edd), Table 5 (Mstar)",False,False,False,True,0.2452615422629842,-0.0094182131708325,consistent,30.0,1.0084446805155447,mstar_agn_20pct,0.0,0.2,6.62,8.263089986991943,-1.643089986991943,fedd0p3_spin_0_eps0p057_merger_boost_x2,0.3,0.057190958417936644,2.0,1.505685909216048,32.03951322292225,light_seed_scale
GN77652_juodzbalis25,GN-77652,5.229,spec,JADES,broad-line-agn,robust,individual_robust,juodzbalis25_jades_blagn,"Table 2 (BH/Lbol/lambda_Edd), Table 5 (Mstar)",False,False,False,True,0.2452615422629842,-0.0094182131708325,consistent,30.0,1.0084446805155447,mstar_agn_20pct,0.0,0.2,6.62,8.263089986991943,-1.643089986991943,fedd0p3_spin_plus1_eps0p423_no_merger_boost,0.3,0.42264973081037416,1.0,6.221155224451292,1664007.2894346719,above_heavy_seed_scale
GN77652_juodzbalis25,GN-77652,5.229,spec,JADES,broad-line-agn,robust,individual_robust,juodzbalis25_jades_blagn,"Table 2 (BH/Lbol/lambda_Edd), Table 5 (Mstar)",False,False,False,True,0.2452615422629842,-0.0094182131708325,consistent,30.0,1.0084446805155447,mstar_agn_20pct,0.0,0.2,6.62,8.263089986991943,-1.643089986991943,fedd0p3_spin_plus1_eps0p423_merger_boost_x2,0.3,0.42264973081037416,2.0,5.9201252287873105,832003.6447173358,heavy_seed_scale
GN77652_juodzbalis25,GN-77652,5.229,spec,JADES,broad-line-agn,robust,individual_robust,juodzbalis25_jades_blagn,"Table 2 (BH/Lbol/lambda_Edd), Table 5 (Mstar)",False,False,False,True,0.2452615422629842,-0.0094182131708325,consistent,30.0,1.0084446805155447,mstar_agn_20pct,0.0,0.2,6.62,8.263089986991943,-1.643089986991943,fedd1_eps0p1_no_merger_boost,1.0,0.1,1.0,-2.139239201051775,0.007257061423477664,light_seed_scale
GN77652_juodzbalis25,GN-77652,5.229,spec,JADES,broad-line-agn,robust,individual_robust,juodzbalis25_jades_blagn,"Table 2 (BH/Lbol/lambda_Edd), Table 5 (Mstar)",False,False,False,True,0.2452615422629842,-0.0094182131708325,consistent,30.0,1.0084446805155447,mstar_agn_20pct,0.0,0.2,6.62,8.263089986991943,-1.643089986991943,fedd1_eps0p1_merger_boost_x2,1.0,0.1,2.0,-2.4402691967157564,0.0036285307117388315,light_seed_scale
GN77652_juodzbalis25,GN-77652,5.229,spec,JADES,broad-line-agn,robust,individual_robust,juodzbalis25_jades_blagn,"Table 2 (BH/Lbol/lambda_Edd), Table 5 (Mstar)",False,False,False,True,0.2452615422629842,-0.0094182131708325,consistent,30.0,1.0084446805155447,mstar_agn_20pct,0.0,0.2,6.62,8.263089986991943,-1.643089986991943,fedd1_spin_minus1_eps0p038_no_merger_boost,1.0,0.037749551350623745,1.0,-18.188482778019697,6.47913787829282e-19,light_seed_scale
GN77652_juodzbalis25,GN-77652,5.229,spec,JADES,broad-line-agn,robust,individual_robust,juodzbalis25_jades_blagn,"Table 2 (BH/Lbol/lambda_Edd), Table 5 (Mstar)",False,False,False,True,0.2452615422629842,-0.0094182131708325,consistent,30.0,1.0084446805155447,mstar_agn_20pct,0.0,0.2,6.62,8.263089986991943,-1.643089986991943,fedd1_spin_minus1_eps0p038_merger_boost_x2,1.0,0.037749551350623745,2.0,-18.48951277368368,3.23956893914641e-19,light_seed_scale
GN77652_juodzbalis25,GN-77652,5.229,spec,JADES,broad-line-agn,robust,individual_robust,juodzbalis25_jades_blagn,"Table 2 (BH/Lbol/lambda_Edd), Table 5 (Mstar)",False,False,False,True,0.2452615422629842,-0.0094182131708325,consistent,30.0,1.0084446805155447,mstar_agn_20pct,0.0,0.2,6.62,8.263089986991943,-1.643089986991943,fedd1_spin_0_eps0p057_no_merger_boost,1.0,0.057190958417936644,1.0,-9.424280317066572,3.7646073250070534e-10,light_seed_scale
GN77652_juodzbalis25,GN-77652,5.229,spec,JADES,broad-line-agn,robust,individual_robust,juodzbalis25_jades_blagn,"Table 2 (BH/Lbol/lambda_Edd), Table 5 (Mstar)",False,False,False,True,0.2452615422629842,-0.0094182131708325,consistent,30.0,1.0084446805155447,mstar_agn_20pct,0.0,0.2,6.62,8.263089986991943,-1.643089986991943,fedd1_spin_0_eps0p057_merger_boost_x2,1.0,0.057190958417936644,2.0,-9.725310312730553,1.8823036625035265e-10,light_seed_scale
GN77652_juodzbalis25,GN-77652,5.229,spec,JADES,broad-line-agn,robust,individual_robust,juodzbalis25_jades_blagn,"Table 2 (BH/Lbol/lambda_Edd), Table 5 (Mstar)",False,False,False,True,0.2452615422629842,-0.0094182131708325,consistent,30.0,1.0084446805155447,mstar_agn_20pct,0.0,0.2,6.62,8.263089986991943,-1.643089986991943,fedd1_spin_plus1_eps0p423_no_merger_boost,1.0,0.42264973081037416,1.0,5.29051741483764,195216.90127832157,heavy_seed_scale
GN77652_juodzbalis25,GN-77652,5.229,spec,JADES,broad-line-agn,robust,individual_robust,juodzbalis25_jades_blagn,"Table 2 (BH/Lbol/lambda_Edd), Table 5 (Mstar)",False,False,False,True,0.2452615422629842,-0.0094182131708325,consistent,30.0,1.0084446805155447,mstar_agn_20pct,0.0,0.2,6.62,8.263089986991943,-1.643089986991943,fedd1_spin_plus1_eps0p423_merger_boost_x2,1.0,0.42264973081037416,2.0,4.989487419173659,97608.45063916077,heavy_seed_scale
GN77652_juodzbalis25,GN-77652,5.229,spec,JADES,broad-line-agn,robust,individual_robust,juodzbalis25_jades_blagn,"Table 2 (BH/Lbol/lambda_Edd), Table 5 (Mstar)",False,False,False,True,0.2452615422629842,-0.0094182131708325,consistent,30.0,1.0084446805155447,mstar_agn_20pct,0.0,0.2,6.62,8.263089986991943,-1.643089986991943,fedd2_eps0p1_no_merger_boost,2.0,0.1,1.0,-10.89847840210355,1.2633439295950459e-11,light_seed_scale
GN77652_juodzbalis25,GN-77652,5.229,spec,JADES,broad-line-agn,robust,individual_robust,juodzbalis25_jades_blagn,"Table 2 (BH/Lbol/lambda_Edd), Table 5 (Mstar)",False,False,False,True,0.2452615422629842,-0.0094182131708325,consistent,30.0,1.0084446805155447,mstar_agn_20pct,0.0,0.2,6.62,8.263089986991943,-1.643089986991943,fedd2_eps0p1_merger_boost_x2,2.0,0.1,2.0,-11.19950839776753,6.316719647975229e-12,light_seed_scale
GN77652_juodzbalis25,GN-77652,5.229,spec,JADES,broad-line-agn,robust,individual_robust,juodzbalis25_jades_blagn,"Table 2 (BH/Lbol/lambda_Edd), Table 5 (Mstar)",False,False,False,True,0.2452615422629842,-0.0094182131708325,consistent,30.0,1.0084446805155447,mstar_agn_20pct,0.0,0.2,6.62,8.263089986991943,-1.643089986991943,fedd2_spin_minus1_eps0p038_no_merger_boost,2.0,0.037749551350623745,1.0,-42.9969655560394,1.00701153192066e-43,light_seed_scale
GN77652_juodzbalis25,GN-77652,5.229,spec,JADES,broad-line-agn,robust,individual_robust,juodzbalis25_jades_blagn,"Table 2 (BH/Lbol/lambda_Edd), Table 5 (Mstar)",False,False,False,True,0.2452615422629842,-0.0094182131708325,consistent,30.0,1.0084446805155447,mstar_agn_20pct,0.0,0.2,6.62,8.263089986991943,-1.643089986991943,fedd2_spin_minus1_eps0p038_merger_boost_x2,2.0,0.037749551350623745,2.0,-43.29799555170338,5.0350576596033e-44,light_seed_scale
GN77652_juodzbalis25,GN-77652,5.229,spec,JADES,broad-line-agn,robust,individual_robust,juodzbalis25_jades_blagn,"Table 2 (BH/Lbol/lambda_Edd), Table 5 (Mstar)",False,False,False,True,0.2452615422629842,-0.0094182131708325,consistent,30.0,1.0084446805155447,mstar_agn_20pct,0.0,0.2,6.62,8.263089986991943,-1.643089986991943,fedd2_spin_0_eps0p057_no_merger_boost,2.0,0.057190958417936644,1.0,-25.468560634133144,3.399690376279512e-26,light_seed_scale
GN77652_juodzbalis25,GN-77652,5.229,spec,JADES,broad-line-agn,robust,individual_robust,juodzbalis25_jades_blagn,"Table 2 (BH/Lbol/lambda_Edd), Table 5 (Mstar)",False,False,False,True,0.2452615422629842,-0.0094182131708325,consistent,30.0,1.0084446805155447,mstar_agn_20pct,0.0,0.2,6.62,8.263089986991943,-1.643089986991943,fedd2_spin_0_eps0p057_merger_boost_x2,2.0,0.057190958417936644,2.0,-25.769590629797126,1.699845188139756e-26,light_seed_scale
GN77652_juodzbalis25,GN-77652,5.229,spec,JADES,broad-line-agn,robust,individual_robust,juodzbalis25_jades_blagn,"Table 2 (BH/Lbol/lambda_Edd), Table 5 (Mstar)",False,False,False,True,0.2452615422629842,-0.0094182131708325,consistent,30.0,1.0084446805155447,mstar_agn_20pct,0.0,0.2,6.62,8.263089986991943,-1.643089986991943,fedd2_spin_plus1_eps0p423_no_merger_boost,2.0,0.42264973081037416,1.0,3.9610348296752806,9141.865547298432,intermediate_seed_scale
GN77652_juodzbalis25,GN-77652,5.229,spec,JADES,broad-line-agn,robust,individual_robust,juodzbalis25_jades_blagn,"Table 2 (BH/Lbol/lambda_Edd), Table 5 (Mstar)",False,False,False,True,0.2452615422629842,-0.0094182131708325,consistent,30.0,1.0084446805155447,mstar_agn_20pct,0.0,0.2,6.62,8.263089986991943,-1.643089986991943,fedd2_spin_plus1_eps0p423_merger_boost_x2,2.0,0.42264973081037416,2.0,3.6600048340112994,4570.932773649216,intermediate_seed_scale
GN73488_juodzbalis25,GN-73488,4.133,spec,JADES,broad-line-agn,robust,individual_robust,juodzbalis25_jades_blagn,"Table 2 (BH/Lbol/lambda_Edd), Table 5 (Mstar)",False,False,False,True,0.1948181679115103,0.011400540781544,consistent,30.0,1.380046202742198,baseline,0.0,0.0,7.83,9.71,-1.8800000000000008,fedd0p3_eps0p1_no_merger_boost,0.3,0.1,1.0,4.233921296265163,17136.46728800081,heavy_seed_scale
GN73488_juodzbalis25,GN-73488,4.133,spec,JADES,broad-line-agn,robust,individual_robust,juodzbalis25_jades_blagn,"Table 2 (BH/Lbol/lambda_Edd), Table 5 (Mstar)",False,False,False,True,0.1948181679115103,0.011400540781544,consistent,30.0,1.380046202742198,baseline,0.0,0.0,7.83,9.71,-1.8800000000000008,fedd0p3_eps0p1_merger_boost_x2,0.3,0.1,2.0,3.932891300601182,8568.233644000404,intermediate_seed_scale
GN73488_juodzbalis25,GN-73488,4.133,spec,JADES,broad-line-agn,robust,individual_robust,juodzbalis25_jades_blagn,"Table 2 (BH/Lbol/lambda_Edd), Table 5 (Mstar)",False,False,False,True,0.1948181679115103,0.011400540781544,consistent,30.0,1.380046202742198,baseline,0.0,0.0,7.83,9.71,-1.8800000000000008,fedd0p3_spin_minus1_eps0p038_no_merger_boost,0.3,0.037749551350623745,1.0,-2.355046274258239,0.0044152340034440294,light_seed_scale
GN73488_juodzbalis25,GN-73488,4.133,spec,JADES,broad-line-agn,robust,individual_robust,juodzbalis25_jades_blagn,"Table 2 (BH/Lbol/lambda_Edd), Table 5 (Mstar)",False,False,False,True,0.1948181679115103,0.011400540781544,consistent,30.0,1.380046202742198,baseline,0.0,0.0,7.83,9.71,-1.8800000000000008,fedd0p3_spin_minus1_eps0p038_merger_boost_x2,0.3,0.037749551350623745,2.0,-2.6560762699222202,0.0022076170017220143,light_seed_scale
GN73488_juodzbalis25,GN-73488,4.133,spec,JADES,broad-line-agn,robust,individual_robust,juodzbalis25_jades_blagn,"Table 2 (BH/Lbol/lambda_Edd), Table 5 (Mstar)",False,False,False,True,0.1948181679115103,0.011400540781544,consistent,30.0,1.380046202742198,baseline,0.0,0.0,7.83,9.71,-1.8800000000000008,fedd0p3_spin_0_eps0p057_no_merger_boost,0.3,0.057190958417936644,1.0,1.243070080558236,17.501290779540437,light_seed_scale
GN73488_juodzbalis25,GN-73488,4.133,spec,JADES,broad-line-agn,robust,individual_robust,juodzbalis25_jades_blagn,"Table 2 (BH/Lbol/lambda_Edd), Table 5 (Mstar)",False,False,False,True,0.1948181679115103,0.011400540781544,consistent,30.0,1.380046202742198,baseline,0.0,0.0,7.83,9.71,-1.8800000000000008,fedd0p3_spin_0_eps0p057_merger_boost_x2,0.3,0.057190958417936644,2.0,0.9420400848942547,8.750645389770217,light_seed_scale
GN73488_juodzbalis25,GN-73488,4.133,spec,JADES,broad-line-agn,robust,individual_robust,juodzbalis25_jades_blagn,"Table 2 (BH/Lbol/lambda_Edd), Table 5 (Mstar)",False,False,False,True,0.1948181679115103,0.011400540781544,consistent,30.0,1.380046202742198,baseline,0.0,0.0,7.83,9.71,-1.8800000000000008,fedd0p3_spin_plus1_eps0p423_no_merger_boost,0.3,0.42264973081037416,1.0,7.284185015187777,19239111.659302704,above_heavy_seed_scale
GN73488_juodzbalis25,GN-73488,4.133,spec,JADES,broad-line-agn,robust,individual_robust,juodzbalis25_jades_blagn,"Table 2 (BH/Lbol/lambda_Edd), Table 5 (Mstar)",False,False,False,True,0.1948181679115103,0.011400540781544,consistent,30.0,1.380046202742198,baseline,0.0,0.0,7.83,9.71,-1.8800000000000008,fedd0p3_spin_plus1_eps0p423_merger_boost_x2,0.3,0.42264973081037416,2.0,6.983155019523796,9619555.82965135,above_heavy_seed_scale
GN73488_juodzbalis25,GN-73488,4.133,spec,JADES,broad-line-agn,robust,individual_robust,juodzbalis25_jades_blagn,"Table 2 (BH/Lbol/lambda_Edd), Table 5 (Mstar)",False,False,False,True,0.1948181679115103,0.011400540781544,consistent,30.0,1.380046202742198,baseline,0.0,0.0,7.83,9.71,-1.8800000000000008,fedd1_eps0p1_no_merger_boost,1.0,0.1,1.0,-4.156929012449458,6.967403904175834e-05,light_seed_scale
GN73488_juodzbalis25,GN-73488,4.133,spec,JADES,broad-line-agn,robust,individual_robust,juodzbalis25_jades_blagn,"Table 2 (BH/Lbol/lambda_Edd), Table 5 (Mstar)",False,False,False,True,0.1948181679115103,0.011400540781544,consistent,30.0,1.380046202742198,baseline,0.0,0.0,7.83,9.71,-1.8800000000000008,fedd1_eps0p1_merger_boost_x2,1.0,0.1,2.0,-4.4579590081134395,3.483701952087916e-05,light_seed_scale
GN73488_juodzbalis25,GN-73488,4.133,spec,JADES,broad-line-agn,robust,individual_robust,juodzbalis25_jades_blagn,"Table 2 (BH/Lbol/lambda_Edd), Table 5 (Mstar)",False,False,False,True,0.1948181679115103,0.011400540781544,consistent,30.0,1.380046202742198,baseline,0.0,0.0,7.83,9.71,-1.8800000000000008,fedd1_spin_minus1_eps0p038_no_merger_boost,1.0,0.037749551350623745,1.0,-26.120154247527466,7.583082003449656e-27,light_seed_scale
GN73488_juodzbalis25,GN-73488,4.133,spec,JADES,broad-line-agn,robust,individual_robust,juodzbalis25_jades_blagn,"Table 2 (BH/Lbol/lambda_Edd), Table 5 (Mstar)",False,False,False,True,0.1948181679115103,0.011400540781544,consistent,30.0,1.380046202742198,baseline,0.0,0.0,7.83,9.71,-1.8800000000000008,fedd1_spin_minus1_eps0p038_merger_boost_x2,1.0,0.037749551350623745,2.0,-26.421184243191448,3.791541001724827e-27,light_seed_scale
GN73488_juodzbalis25,GN-73488,4.133,spec,JADES,broad-line-agn,robust,individual_robust,juodzbalis25_jades_blagn,"Table 2 (BH/Lbol/lambda_Edd), Table 5 (Mstar)",False,False,False,True,0.1948181679115103,0.011400540781544,consistent,30.0,1.380046202742198,baseline,0.0,0.0,7.83,9.71,-1.8800000000000008,fedd1_spin_0_eps0p057_no_merger_boost,1.0,0.057190958417936644,1.0,-14.126433064805882,7.474238212487112e-15,light_seed_scale
GN73488_juodzbalis25,GN-73488,4.133,spec,JADES,broad-line-agn,robust,individual_robust,juodzbalis25_jades_blagn,"Table 2 (BH/Lbol/lambda_Edd), Table 5 (Mstar)",False,False,False,True,0.1948181679115103,0.011400540781544,consistent,30.0,1.380046202742198,baseline,0.0,0.0,7.83,9.71,-1.8800000000000008,fedd1_spin_0_eps0p057_merger_boost_x2,1.0,0.057190958417936644,2.0,-14.427463060469863,3.737119106243555e-15,light_seed_scale
GN73488_juodzbalis25,GN-73488,4.133,spec,JADES,broad-line-agn,robust,individual_robust,juodzbalis25_jades_blagn,"Table 2 (BH/Lbol/lambda_Edd), Table 5 (Mstar)",False,False,False,True,0.1948181679115103,0.011400540781544,consistent,30.0,1.380046202742198,baseline,0.0,0.0,7.83,9.71,-1.8800000000000008,fedd1_spin_plus1_eps0p423_no_merger_boost,1.0,0.42264973081037416,1.0,6.010616717292591,1024747.1456367788,above_heavy_seed_scale
GN73488_juodzbalis25,GN-73488,4.133,spec,JADES,broad-line-agn,robust,individual_robust,juodzbalis25_jades_blagn,"Table 2 (BH/Lbol/lambda_Edd), Table 5 (Mstar)",False,False,False,True,0.1948181679115103,0.011400540781544,consistent,30.0,1.380046202742198,baseline,0.0,0.0,7.83,9.71,-1.8800000000000008,fedd1_spin_plus1_eps0p423_merger_boost_x2,1.0,0.42264973081037416,2.0,5.70958672162861,512373.5728183893,heavy_seed_scale
GN73488_juodzbalis25,GN-73488,4.133,spec,JADES,broad-line-agn,robust,individual_robust,juodzbalis25_jades_blagn,"Table 2 (BH/Lbol/lambda_Edd), Table 5 (Mstar)",False,False,False,True,0.1948181679115103,0.011400540781544,consistent,30.0,1.380046202742198,baseline,0.0,0.0,7.83,9.71,-1.8800000000000008,fedd2_eps0p1_no_merger_boost,2.0,0.1,1.0,-16.14385802489892,7.180289835841378e-17,light_seed_scale
GN73488_juodzbalis25,GN-73488,4.133,spec,JADES,broad-line-agn,robust,individual_robust,juodzbalis25_jades_blagn,"Table 2 (BH/Lbol/lambda_Edd), Table 5 (Mstar)",False,False,False,True,0.1948181679115103,0.011400540781544,consistent,30.0,1.380046202742198,baseline,0.0,0.0,7.83,9.71,-1.8800000000000008,fedd2_eps0p1_merger_boost_x2,2.0,0.1,2.0,-16.4448880205629,3.590144917920689e-17,light_seed_scale
GN73488_juodzbalis25,GN-73488,4.133,spec,JADES,broad-line-agn,robust,individual_robust,juodzbalis25_jades_blagn,"Table 2 (BH/Lbol/lambda_Edd), Table 5 (Mstar)",False,False,False,True,0.1948181679115103,0.011400540781544,consistent,30.0,1.380046202742198,baseline,0.0,0.0,7.83,9.71,-1.8800000000000008,fedd2_spin_minus1_eps0p038_no_merger_boost,2.0,0.037749551350623745,1.0,-60.07030849505493,8.50533658796879e-61,light_seed_scale
GN73488_juodzbalis25,GN-73488,4.133,spec,JADES,broad-line-agn,robust,individual_robust,juodzbalis25_jades_blagn,"Table 2 (BH/Lbol/lambda_Edd), Table 5 (Mstar)",False,False,False,True,0.1948181679115103,0.011400540781544,consistent,30.0,1.380046202742198,baseline,0.0,0.0,7.83,9.71,-1.8800000000000008,fedd2_spin_minus1_eps0p038_merger_boost_x2,2.0,0.037749551350623745,2.0,-60.37133849071891,4.2526682939843946e-61,light_seed_scale
GN73488_juodzbalis25,GN-73488,4.133,spec,JADES,broad-line-agn,robust,individual_robust,juodzbalis25_jades_blagn,"Table 2 (BH/Lbol/lambda_Edd), Table 5 (Mstar)",False,False,False,True,0.1948181679115103,0.011400540781544,consistent,30.0,1.380046202742198,baseline,0.0,0.0,7.83,9.71,-1.8800000000000008,fedd2_spin_0_eps0p057_no_merger_boost,2.0,0.057190958417936644,1.0,-36.082866129611766,8.262926133380764e-37,light_seed_scale
GN73488_juodzbalis25,GN-73488,4.133,spec,JADES,broad-line-agn,robust,individual_robust,juodzbalis25_jades_blagn,"Table 2 (BH/Lbol/lambda_Edd), Table 5 (Mstar)",False,False,False,True,0.1948181679115103,0.011400540781544,consistent,30.0,1.380046202742198,baseline,0.0,0.0,7.83,9.71,-1.8800000000000008,fedd2_spin_0_eps0p057_merger_boost_x2,2.0,0.057190958417936644,2.0,-36.38389612527575,4.131463066690381e-37,light_seed_scale
GN73488_juodzbalis25,GN-73488,4.133,spec,JADES,broad-line-agn,robust,individual_robust,juodzbalis25_jades_blagn,"Table 2 (BH/Lbol/lambda_Edd), Table 5 (Mstar)",False,False,False,True,0.1948181679115103,0.011400540781544,consistent,30.0,1.380046202742198,baseline,0.0,0.0,7.83,9.71,-1.8800000000000008,fedd2_spin_plus1_eps0p423_no_merger_boost,2.0,0.42264973081037416,1.0,4.1912334345851825,15532.216469167719,heavy_seed_scale
GN73488_juodzbalis25,GN-73488,4.133,spec,JADES,broad-line-agn,robust,individual_robust,juodzbalis25_jades_blagn,"Table 2 (BH/Lbol/lambda_Edd), Table 5 (Mstar)",False,False,False,True,0.1948181679115103,0.011400540781544,consistent,30.0,1.380046202742198,baseline,0.0,0.0,7.83,9.71,-1.8800000000000008,fedd2_spin_plus1_eps0p423_merger_boost_x2,2.0,0.42264973081037416,2.0,3.8902034389212017,7766.108234583866,intermediate_seed_scale
GN73488_juodzbalis25,GN-73488,4.133,spec,JADES,broad-line-agn,robust,individual_robust,juodzbalis25_jades_blagn,"Table 2 (BH/Lbol/lambda_Edd), Table 5 (Mstar)",False,False,False,True,0.1948181679115103,0.011400540781544,consistent,30.0,1.380046202742198,mbh_minus_0p3dex,-0.3,0.0,7.53,9.71,-2.1800000000000006,fedd0p3_eps0p1_no_merger_boost,0.3,0.1,1.0,3.9339212962651633,8588.578634217374,intermediate_seed_scale
GN73488_juodzbalis25,GN-73488,4.133,spec,JADES,broad-line-agn,robust,individual_robust,juodzbalis25_jades_blagn,"Table 2 (BH/Lbol/lambda_Edd), Table 5 (Mstar)",False,False,False,True,0.1948181679115103,0.011400540781544,consistent,30.0,1.380046202742198,mbh_minus_0p3dex,-0.3,0.0,7.53,9.71,-2.1800000000000006,fedd0p3_eps0p1_merger_boost_x2,0.3,0.1,2.0,3.632891300601182,4294.289317108686,intermediate_seed_scale
GN73488_juodzbalis25,GN-73488,4.133,spec,JADES,broad-line-agn,robust,individual_robust,juodzbalis25_jades_blagn,"Table 2 (BH/Lbol/lambda_Edd), Table 5 (Mstar)",False,False,False,True,0.1948181679115103,0.011400540781544,consistent,30.0,1.380046202742198,mbh_minus_0p3dex,-0.3,0.0,7.53,9.71,-2.1800000000000006,fedd0p3_spin_minus1_eps0p038_no_merger_boost,0.3,0.037749551350623745,1.0,-2.655046274258239,0.0022128589160031803,light_seed_scale
GN73488_juodzbalis25,GN-73488,4.133,spec,JADES,broad-line-agn,robust,individual_robust,juodzbalis25_jades_blagn,"Table 2 (BH/Lbol/lambda_Edd), Table 5 (Mstar)",False,False,False,True,0.1948181679115103,0.011400540781544,consistent,30.0,1.380046202742198,mbh_minus_0p3dex,-0.3,0.0,7.53,9.71,-2.1800000000000006,fedd0p3_spin_minus1_eps0p038_merger_boost_x2,0.3,0.037749551350623745,2.0,-2.95607626992222,0.0011064294580015901,light_seed_scale
GN73488_juodzbalis25,GN-73488,4.133,spec,JADES,broad-line-agn,robust,individual_robust,juodzbalis25_jades_blagn,"Table 2 (BH/Lbol/lambda_Edd), Table 5 (Mstar)",False,False,False,True,0.1948181679115103,0.011400540781544,consistent,30.0,1.380046202742198,mbh_minus_0p3dex,-0.3,0.0,7.53,9.71,-2.1800000000000006,fedd0p3_spin_0_eps0p057_no_merger_boost,0.3,0.057190958417936644,1.0,0.9430700805582362,8.771423510704363,light_seed_scale
GN73488_juodzbalis25,GN-73488,4.133,spec,JADES,broad-line-agn,robust,individual_robust,juodzbalis25_jades_blagn,"Table 2 (BH/Lbol/lambda_Edd), Table 5 (Mstar)",False,False,False,True,0.1948181679115103,0.011400540781544,consistent,30.0,1.380046202742198,mbh_minus_0p3dex,-0.3,0.0,7.53,9.71,-2.1800000000000006,fedd0p3_spin_0_eps0p057_merger_boost_x2,0.3,0.057190958417936644,2.0,0.6420400848942549,4.3857117553521805,light_seed_scale
GN73488_juodzbalis25,GN-73488,4.133,spec,JADES,broad-line-agn,robust,individual_robust,juodzbalis25_jades_blagn,"Table 2 (BH/Lbol/lambda_Edd), Table 5 (Mstar)",False,False,False,True,0.1948181679115103,0.011400540781544,consistent,30.0,1.380046202742198,mbh_minus_0p3dex,-0.3,0.0,7.53,9.71,-2.1800000000000006,fedd0p3_spin_plus1_eps0p423_no_merger_boost,0.3,0.42264973081037416,1.0,6.984185015187777,9642397.149972126,above_heavy_seed_scale
GN73488_juodzbalis25,GN-73488,4.133,spec,JADES,broad-line-agn,robust,individual_robust,juodzbalis25_jades_blagn,"Table 2 (BH/Lbol/lambda_Edd), Table 5 (Mstar)",False,False,False,True,0.1948181679115103,0.011400540781544,consistent,30.0,1.380046202742198,mbh_minus_0p3dex,-0.3,0.0,7.53,9.71,-2.1800000000000006,fedd0p3_spin_plus1_eps0p423_merger_boost_x2,0.3,0.42264973081037416,2.0,6.683155019523796,4821198.574986062,above_heavy_seed_scale
GN73488_juodzbalis25,GN-73488,4.133,spec,JADES,broad-line-agn,robust,individual_robust,juodzbalis25_jades_blagn,"Table 2 (BH/Lbol/lambda_Edd), Table 5 (Mstar)",False,False,False,True,0.1948181679115103,0.011400540781544,consistent,30.0,1.380046202742198,mbh_minus_0p3dex,-0.3,0.0,7.53,9.71,-2.1800000000000006,fedd1_eps0p1_no_merger_boost,1.0,0.1,1.0,-4.456929012449458,3.4919738882977435e-05,light_seed_scale
GN73488_juodzbalis25,GN-73488,4.133,spec,JADES,broad-line-agn,robust,individual_robust,juodzbalis25_jades_blagn,"Table 2 (BH/Lbol/lambda_Edd), Table 5 (Mstar)",False,False,False,True,0.1948181679115103,0.011400540781544,consistent,30.0,1.380046202742198,mbh_minus_0p3dex,-0.3,0.0,7.53,9.71,-2.1800000000000006,fedd1_eps0p1_merger_boost_x2,1.0,0.1,2.0,-4.757959008113439,1.7459869441488718e-05,light_seed_scale
GN73488_juodzbalis25,GN-73488,4.133,spec,JADES,broad-line-agn,robust,individual_robust,juodzbalis25_jades_blagn,"Table 2 (BH/Lbol/lambda_Edd), Table 5 (Mstar)",False,False,False,True,0.1948181679115103,0.011400540781544,consistent,30.0,1.380046202742198,mbh_minus_0p3dex,-0.3,0.0,7.53,9.71,-2.1800000000000006,fedd1_spin_minus1_eps0p038_no_merger_boost,1.0,0.037749551350623745,1.0,-26.420154247527464,3.800543891677711e-27,light_seed_scale
GN73488_juodzbalis25,GN-73488,4.133,spec,JADES,broad-line-agn,robust,individual_robust,juodzbalis25_jades_blagn,"Table 2 (BH/Lbol/lambda_Edd), Table 5 (Mstar)",False,False,False,True,0.1948181679115103,0.011400540781544,consistent,30.0,1.380046202742198,mbh_minus_0p3dex,-0.3,0.0,7.53,9.71,-2.1800000000000006,fedd1_spin_minus1_eps0p038_merger_boost_x2,1.0,0.037749551350623745,2.0,-26.721184243191445,1.9002719458388553e-27,light_seed_scale
GN73488_juodzbalis25,GN-73488,4.133,spec,JADES,broad-line-agn,robust,individual_robust,juodzbalis25_jades_blagn,"Table 2 (BH/Lbol/lambda_Edd), Table 5 (Mstar)",False,False,False,True,0.1948181679115103,0.011400540781544,consistent,30.0,1.380046202742198,mbh_minus_0p3dex,-0.3,0.0,7.53,9.71,-2.1800000000000006,fedd1_spin_0_eps0p057_no_merger_boost,1.0,0.057190958417936644,1.0,-14.426433064805881,3.745992773187673e-15,light_seed_scale
GN73488_juodzbalis25,GN-73488,4.133,spec,JADES,broad-line-agn,robust,individual_robust,juodzbalis25_jades_blagn,"Table 2 (BH/Lbol/lambda_Edd), Table 5 (Mstar)",False,False,False,True,0.1948181679115103,0.011400540781544,consistent,30.0,1.380046202742198,mbh_minus_0p3dex,-0.3,0.0,7.53,9.71,-2.1800000000000006,fedd1_spin_0_eps0p057_merger_boost_x2,1.0,0.057190958417936644,2.0,-14.727463060469862,1.8729963865938364e-15,light_seed_scale
GN73488_juodzbalis25,GN-73488,4.133,spec,JADES,broad-line-agn,robust,individual_robust,juodzbalis25_jades_blagn,"Table 2 (BH/Lbol/lambda_Edd), Table 5 (Mstar)",False,False,False,True,0.1948181679115103,0.011400540781544,consistent,30.0,1.380046202742198,mbh_minus_0p3dex,-0.3,0.0,7.53,9.71,-2.1800000000000006,fedd1_spin_plus1_eps0p423_no_merger_boost,1.0,0.42264973081037416,1.0,5.7106167172925915,513590.1870891409,heavy_seed_scale
GN73488_juodzbalis25,GN-73488,4.133,spec,JADES,broad-line-agn,robust,individual_robust,juodzbalis25_jades_blagn,"Table 2 (BH/Lbol/lambda_Edd), Table 5 (Mstar)",False,False,False,True,0.1948181679115103,0.011400540781544,consistent,30.0,1.380046202742198,mbh_minus_0p3dex,-0.3,0.0,7.53,9.71,-2.1800000000000006,fedd1_spin_plus1_eps0p423_merger_boost_x2,1.0,0.42264973081037416,2.0,5.40958672162861,256795.0935445704,heavy_seed_scale
GN73488_juodzbalis25,GN-73488,4.133,spec,JADES,broad-line-agn,robust,individual_robust,juodzbalis25_jades_blagn,"Table 2 (BH/Lbol/lambda_Edd), Table 5 (Mstar)",False,False,False,True,0.1948181679115103,0.011400540781544,consistent,30.0,1.380046202742198,mbh_minus_0p3dex,-0.3,0.0,7.53,9.71,-2.1800000000000006,fedd2_eps0p1_no_merger_boost,2.0,0.1,1.0,-16.443858024898915,3.598669599467385e-17,light_seed_scale
GN73488_juodzbalis25,GN-73488,4.133,spec,JADES,broad-line-agn,robust,individual_robust,juodzbalis25_jades_blagn,"Table 2 (BH/Lbol/lambda_Edd), Table 5 (Mstar)",False,False,False,True,0.1948181679115103,0.011400540781544,consistent,30.0,1.380046202742198,mbh_minus_0p3dex,-0.3,0.0,7.53,9.71,-2.1800000000000006,fedd2_eps0p1_merger_boost_x2,2.0,0.1,2.0,-16.744888020562897,1.7993347997336925e-17,light_seed_scale
GN73488_juodzbalis25,GN-73488,4.133,spec,JADES,broad-line-agn,robust,individual_robust,juodzbalis25_jades_blagn,"Table 2 (BH/Lbol/lambda_Edd), Table 5 (Mstar)",False,False,False,True,0.1948181679115103,0.011400540781544,consistent,30.0,1.380046202742198,mbh_minus_0p3dex,-0.3,0.0,7.53,9.71,-2.1800000000000006,fedd2_spin_minus1_eps0p038_no_merger_boost,2.0,0.037749551350623745,1.0,-60.37030849505493,4.262766115592929e-61,light_seed_scale
GN73488_juodzbalis25,GN-73488,4.133,spec,JADES,broad-line-agn,robust,individual_robust,juodzbalis25_jades_blagn,"Table 2 (BH/Lbol/lambda_Edd), Table 5 (Mstar)",False,False,False,True,0.1948181679115103,0.011400540781544,consistent,30.0,1.380046202742198,mbh_minus_0p3dex,-0.3,0.0,7.53,9.71,-2.1800000000000006,fedd2_spin_minus1_eps0p038_merger_boost_x2,2.0,0.037749551350623745,2.0,-60.67133849071891,2.131383057796464e-61,light_seed_scale
GN73488_juodzbalis25,GN-73488,4.133,spec,JADES,broad-line-agn,robust,individual_robust,juodzbalis25_jades_blagn,"Table 2 (BH/Lbol/lambda_Edd), Table 5 (Mstar)",False,False,False,True,0.1948181679115103,0.011400540781544,consistent,30.0,1.380046202742198,mbh_minus_0p3dex,-0.3,0.0,7.53,9.71,-2.1800000000000006,fedd2_spin_0_eps0p057_no_merger_boost,2.0,0.057190958417936644,1.0,-36.38286612961176,4.1412730904556256e-37,light_seed_scale
GN73488_juodzbalis25,GN-73488,4.133,spec,JADES,broad-line-agn,robust,individual_robust,juodzbalis25_jades_blagn,"Table 2 (BH/Lbol/lambda_Edd), Table 5 (Mstar)",False,False,False,True,0.1948181679115103,0.011400540781544,consistent,30.0,1.380046202742198,mbh_minus_0p3dex,-0.3,0.0,7.53,9.71,-2.1800000000000006,fedd2_spin_0_eps0p057_merger_boost_x2,2.0,0.057190958417936644,2.0,-36.683896125275744,2.0706365452278124e-37,light_seed_scale
GN73488_juodzbalis25,GN-73488,4.133,spec,JADES,broad-line-agn,robust,individual_robust,juodzbalis25_jades_blagn,"Table 2 (BH/Lbol/lambda_Edd), Table 5 (Mstar)",False,False,False,True,0.1948181679115103,0.011400540781544,consistent,30.0,1.380046202742198,mbh_minus_0p3dex,-0.3,0.0,7.53,9.71,-2.1800000000000006,fedd2_spin_plus1_eps0p423_no_merger_boost,2.0,0.42264973081037416,1.0,3.891233434585183,7784.5486042821385,intermediate_seed_scale
GN73488_juodzbalis25,GN-73488,4.133,spec,JADES,broad-line-agn,robust,individual_robust,juodzbalis25_jades_blagn,"Table 2 (BH/Lbol/lambda_Edd), Table 5 (Mstar)",False,False,False,True,0.1948181679115103,0.011400540781544,consistent,30.0,1.380046202742198,mbh_minus_0p3dex,-0.3,0.0,7.53,9.71,-2.1800000000000006,fedd2_spin_plus1_eps0p423_merger_boost_x2,2.0,0.42264973081037416,2.0,3.590203438921202,3892.274302141069,intermediate_seed_scale
GN73488_juodzbalis25,GN-73488,4.133,spec,JADES,broad-line-agn,robust,individual_robust,juodzbalis25_jades_blagn,"Table 2 (BH/Lbol/lambda_Edd), Table 5 (Mstar)",False,False,False,True,0.1948181679115103,0.011400540781544,consistent,30.0,1.380046202742198,mbh_plus_0p3dex,0.3,0.0,8.13,9.71,-1.58,fedd0p3_eps0p1_no_merger_boost,0.3,0.1,1.0,4.533921296265164,34191.74739144503,heavy_seed_scale
GN73488_juodzbalis25,GN-73488,4.133,spec,JADES,broad-line-agn,robust,individual_robust,juodzbalis25_jades_blagn,"Table 2 (BH/Lbol/lambda_Edd), Table 5 (Mstar)",False,False,False,True,0.1948181679115103,0.011400540781544,consistent,30.0,1.380046202742198,mbh_plus_0p3dex,0.3,0.0,8.13,9.71,-1.58,fedd0p3_eps0p1_merger_boost_x2,0.3,0.1,2.0,4.232891300601183,17095.873695722512,heavy_seed_scale
GN73488_juodzbalis25,GN-73488,4.133,spec,JADES,broad-line-agn,robust,individual_robust,juodzbalis25_jades_blagn,"Table 2 (BH/Lbol/lambda_Edd), Table 5 (Mstar)",False,False,False,True,0.1948181679115103,0.011400540781544,consistent,30.0,1.380046202742198,mbh_plus_0p3dex,0.3,0.0,8.13,9.71,-1.58,fedd0p3_spin_minus1_eps0p038_no_merger_boost,0.3,0.037749551350623745,1.0,-2.0550462742582383,0.008809550018841063,light_seed_scale
GN73488_juodzbalis25,GN-73488,4.133,spec,JADES,broad-line-agn,robust,individual_robust,juodzbalis25_jades_blagn,"Table 2 (BH/Lbol/lambda_Edd), Table 5 (Mstar)",False,False,False,True,0.1948181679115103,0.011400540781544,consistent,30.0,1.380046202742198,mbh_plus_0p3dex,0.3,0.0,8.13,9.71,-1.58,fedd0p3_spin_minus1_eps0p038_merger_boost_x2,0.3,0.037749551350623745,2.0,-2.3560762699222195,0.004404775009420531,light_seed_scale
GN73488_juodzbalis25,GN-73488,4.133,spec,JADES,broad-line-agn,robust,individual_robust,juodzbalis25_jades_blagn,"Table 2 (BH/Lbol/lambda_Edd), Table 5 (Mstar)",False,False,False,True,0.1948181679115103,0.011400540781544,consistent,30.0,1.380046202742198,mbh_plus_0p3dex,0.3,0.0,8.13,9.71,-1.58,fedd0p3_spin_0_eps0p057_no_merger_boost,0.3,0.057190958417936644,1.0,1.5430700805582367,34.919665955729414,light_seed_scale
GN73488_juodzbalis25,GN-73488,4.133,spec,JADES,broad-line-agn,robust,individual_robust,juodzbalis25_jades_blagn,"Table 2 (BH/Lbol/lambda_Edd), Table 5 (Mstar)",False,False,False,True,0.1948181679115103,0.011400540781544,consistent,30.0,1.380046202742198,mbh_plus_0p3dex,0.3,0.0,8.13,9.71,-1.58,fedd0p3_spin_0_eps0p057_merger_boost_x2,0.3,0.057190958417936644,2.0,1.2420400848942554,17.459832977864707,light_seed_scale
GN73488_juodzbalis25,GN-73488,4.133,spec,JADES,broad-line-agn,robust,individual_robust,juodzbalis25_jades_blagn,"Table 2 (BH/Lbol/lambda_Edd), Table 5 (Mstar)",False,False,False,True,0.1948181679115103,0.011400540781544,consistent,30.0,1.380046202742198,mbh_plus_0p3dex,0.3,0.0,8.13,9.71,-1.58,fedd0p3_spin_plus1_eps0p423_no_merger_boost,0.3,0.42264973081037416,1.0,7.584185015187778,38387074.467285134,above_heavy_seed_scale
GN73488_juodzbalis25,GN-73488,4.133,spec,JADES,broad-line-agn,robust,individual_robust,juodzbalis25_jades_blagn,"Table 2 (BH/Lbol/lambda_Edd), Table 5 (Mstar)",False,False,False,True,0.1948181679115103,0.011400540781544,consistent,30.0,1.380046202742198,mbh_plus_0p3dex,0.3,0.0,8.13,9.71,-1.58,fedd0p3_spin_plus1_eps0p423_merger_boost_x2,0.3,0.42264973081037416,2.0,7.283155019523797,19193537.233642567,above_heavy_seed_scale
GN73488_juodzbalis25,GN-73488,4.133,spec,JADES,broad-line-agn,robust,individual_robust,juodzbalis25_jades_blagn,"Table 2 (BH/Lbol/lambda_Edd), Table 5 (Mstar)",False,False,False,True,0.1948181679115103,0.011400540781544,consistent,30.0,1.380046202742198,mbh_plus_0p3dex,0.3,0.0,8.13,9.71,-1.58,fedd1_eps0p1_no_merger_boost,1.0,0.1,1.0,-3.8569290124494575,0.00013901798443169105,light_seed_scale
GN73488_juodzbalis25,GN-73488,4.133,spec,JADES,broad-line-agn,robust,individual_robust,juodzbalis25_jades_blagn,"Table 2 (BH/Lbol/lambda_Edd), Table 5 (Mstar)",False,False,False,True,0.1948181679115103,0.011400540781544,consistent,30.0,1.380046202742198,mbh_plus_0p3dex,0.3,0.0,8.13,9.71,-1.58,fedd1_eps0p1_merger_boost_x2,1.0,0.1,2.0,-4.157959008113439,6.950899221584552e-05,light_seed_scale
GN73488_juodzbalis25,GN-73488,4.133,spec,JADES,broad-line-agn,robust,individual_robust,juodzbalis25_jades_blagn,"Table 2 (BH/Lbol/lambda_Edd), Table 5 (Mstar)",False,False,False,True,0.1948181679115103,0.011400540781544,consistent,30.0,1.380046202742198,mbh_plus_0p3dex,0.3,0.0,8.13,9.71,-1.58,fedd1_spin_minus1_eps0p038_no_merger_boost,1.0,0.037749551350623745,1.0,-25.820154247527462,1.5130237752801958e-26,light_seed_scale
GN73488_juodzbalis25,GN-73488,4.133,spec,JADES,broad-line-agn,robust,individual_robust,juodzbalis25_jades_blagn,"Table 2 (BH/Lbol/lambda_Edd), Table 5 (Mstar)",False,False,False,True,0.1948181679115103,0.011400540781544,consistent,30.0,1.380046202742198,mbh_plus_0p3dex,0.3,0.0,8.13,9.71,-1.58,fedd1_spin_minus1_eps0p038_merger_boost_x2,1.0,0.037749551350623745,2.0,-26.121184243191443,7.565118876400977e-27,light_seed_scale
GN73488_juodzbalis25,GN-73488,4.133,spec,JADES,broad-line-agn,robust,individual_robust,juodzbalis25_jades_blagn,"Table 2 (BH/Lbol/lambda_Edd), Table 5 (Mstar)",False,False,False,True,0.1948181679115103,0.011400540781544,consistent,30.0,1.380046202742198,mbh_plus_0p3dex,0.3,0.0,8.13,9.71,-1.58,fedd1_spin_0_eps0p057_no_merger_boost,1.0,0.057190958417936644,1.0,-13.826433064805881,1.491306583847592e-14,light_seed_scale
GN73488_juodzbalis25,GN-73488,4.133,spec,JADES,broad-line-agn,robust,individual_robust,juodzbalis25_jades_blagn,"Table 2 (BH/Lbol/lambda_Edd), Table 5 (Mstar)",False,False,False,True,0.1948181679115103,0.011400540781544,consistent,30.0,1.380046202742198,mbh_plus_0p3dex,0.3,0.0,8.13,9.71,-1.58,fedd1_spin_0_eps0p057_merger_boost_x2,1.0,0.057190958417936644,2.0,-14.127463060469863,7.456532919237959e-15,light_seed_scale
GN73488_juodzbalis25,GN-73488,4.133,spec,JADES,broad-line-agn,robust,individual_robust,juodzbalis25_jades_blagn,"Table 2 (BH/Lbol/lambda_Edd), Table 5 (Mstar)",False,False,False,True,0.1948181679115103,0.011400540781544,consistent,30.0,1.380046202742198,mbh_plus_0p3dex,0.3,0.0,8.13,9.71,-1.58,fedd1_spin_plus1_eps0p423_no_merger_boost,1.0,0.42264973081037416,1.0,6.310616717292592,2044639.3620609941,above_heavy_seed_scale
GN73488_juodzbalis25,GN-73488,4.133,spec,JADES,broad-line-agn,robust,individual_robust,juodzbalis25_jades_blagn,"Table 2 (BH/Lbol/lambda_Edd), Table 5 (Mstar)",False,False,False,True,0.1948181679115103,0.011400540781544,consistent,30.0,1.380046202742198,mbh_plus_0p3dex,0.3,0.0,8.13,9.71,-1.58,fedd1_spin_plus1_eps0p423_merger_boost_x2,1.0,0.42264973081037416,2.0,6.009586721628611,1022319.681030497,above_heavy_seed_scale
GN73488_juodzbalis25,GN-73488,4.133,spec,JADES,broad-line-agn,robust,individual_robust,juodzbalis25_jades_blagn,"Table 2 (BH/Lbol/lambda_Edd), Table 5 (Mstar)",False,False,False,True,0.1948181679115103,0.011400540781544,consistent,30.0,1.380046202742198,mbh_plus_0p3dex,0.3,0.0,8.13,9.71,-1.58,fedd2_eps0p1_no_merger_boost,2.0,0.1,1.0,-15.843858024898916,1.4326561720008468e-16,light_seed_scale
GN73488_juodzbalis25,GN-73488,4.133,spec,JADES,broad-line-agn,robust,individual_robust,juodzbalis25_jades_blagn,"Table 2 (BH/Lbol/lambda_Edd), Table 5 (Mstar)",False,False,False,True,0.1948181679115103,0.011400540781544,consistent,30.0,1.380046202742198,mbh_plus_0p3dex,0.3,0.0,8.13,9.71,-1.58,fedd2_eps0p1_merger_boost_x2,2.0,0.1,2.0,-16.144888020562895,7.163280860004262e-17,light_seed_scale
GN73488_juodzbalis25,GN-73488,4.133,spec,JADES,broad-line-agn,robust,individual_robust,juodzbalis25_jades_blagn,"Table 2 (BH/Lbol/lambda_Edd), Table 5 (Mstar)",False,False,False,True,0.1948181679115103,0.011400540781544,consistent,30.0,1.380046202742198,mbh_plus_0p3dex,0.3,0.0,8.13,9.71,-1.58,fedd2_spin_minus1_eps0p038_no_merger_boost,2.0,0.037749551350623745,1.0,-59.77030849505493,1.6970377570100287e-60,light_seed_scale
GN73488_juodzbalis25,GN-73488,4.133,spec,JADES,broad-line-agn,robust,individual_robust,juodzbalis25_jades_blagn,"Table 2 (BH/Lbol/lambda_Edd), Table 5 (Mstar)",False,False,False,True,0.1948181679115103,0.011400540781544,consistent,30.0,1.380046202742198,mbh_plus_0p3dex,0.3,0.0,8.13,9.71,-1.58,fedd2_spin_minus1_eps0p038_merger_boost_x2,2.0,0.037749551350623745,2.0,-60.07133849071891,8.485188785050142e-61,light_seed_scale
GN73488_juodzbalis25,GN-73488,4.133,spec,JADES,broad-line-agn,robust,individual_robust,juodzbalis25_jades_blagn,"Table 2 (BH/Lbol/lambda_Edd), Table 5 (Mstar)",False,False,False,True,0.1948181679115103,0.011400540781544,consistent,30.0,1.380046202742198,mbh_plus_0p3dex,0.3,0.0,8.13,9.71,-1.58,fedd2_spin_0_eps0p057_no_merger_boost,2.0,0.057190958417936644,1.0,-35.78286612961176,1.6486705125306315e-36,light_seed_scale
GN73488_juodzbalis25,GN-73488,4.133,spec,JADES,broad-line-agn,robust,individual_robust,juodzbalis25_jades_blagn,"Table 2 (BH/Lbol/lambda_Edd), Table 5 (Mstar)",False,False,False,True,0.1948181679115103,0.011400540781544,consistent,30.0,1.380046202742198,mbh_plus_0p3dex,0.3,0.0,8.13,9.71,-1.58,fedd2_spin_0_eps0p057_merger_boost_x2,2.0,0.057190958417936644,2.0,-36.08389612527574,8.243352562653157e-37,light_seed_scale
GN73488_juodzbalis25,GN-73488,4.133,spec,JADES,broad-line-agn,robust,individual_robust,juodzbalis25_jades_blagn,"Table 2 (BH/Lbol/lambda_Edd), Table 5 (Mstar)",False,False,False,True,0.1948181679115103,0.011400540781544,consistent,30.0,1.380046202742198,mbh_plus_0p3dex,0.3,0.0,8.13,9.71,-1.58,fedd2_spin_plus1_eps0p423_no_merger_boost,2.0,0.42264973081037416,1.0,4.491233434585183,30990.84618886939,heavy_seed_scale
GN73488_juodzbalis25,GN-73488,4.133,spec,JADES,broad-line-agn,robust,individual_robust,juodzbalis25_jades_blagn,"Table 2 (BH/Lbol/lambda_Edd), Table 5 (Mstar)",False,False,False,True,0.1948181679115103,0.011400540781544,consistent,30.0,1.380046202742198,mbh_plus_0p3dex,0.3,0.0,8.13,9.71,-1.58,fedd2_spin_plus1_eps0p423_merger_boost_x2,2.0,0.42264973081037416,2.0,4.190203438921202,15495.423094434693,heavy_seed_scale
GN73488_juodzbalis25,GN-73488,4.133,spec,JADES,broad-line-agn,robust,individual_robust,juodzbalis25_jades_blagn,"Table 2 (BH/Lbol/lambda_Edd), Table 5 (Mstar)",False,False,False,True,0.1948181679115103,0.011400540781544,consistent,30.0,1.380046202742198,mstar_agn_20pct,0.0,0.2,7.83,9.613089986991945,-1.7830899869919445,fedd0p3_eps0p1_no_merger_boost,0.3,0.1,1.0,4.233921296265163,17136.46728800081,heavy_seed_scale
GN73488_juodzbalis25,GN-73488,4.133,spec,JADES,broad-line-agn,robust,individual_robust,juodzbalis25_jades_blagn,"Table 2 (BH/Lbol/lambda_Edd), Table 5 (Mstar)",False,False,False,True,0.1948181679115103,0.011400540781544,consistent,30.0,1.380046202742198,mstar_agn_20pct,0.0,0.2,7.83,9.613089986991945,-1.7830899869919445,fedd0p3_eps0p1_merger_boost_x2,0.3,0.1,2.0,3.932891300601182,8568.233644000404,intermediate_seed_scale
GN73488_juodzbalis25,GN-73488,4.133,spec,JADES,broad-line-agn,robust,individual_robust,juodzbalis25_jades_blagn,"Table 2 (BH/Lbol/lambda_Edd), Table 5 (Mstar)",False,False,False,True,0.1948181679115103,0.011400540781544,consistent,30.0,1.380046202742198,mstar_agn_20pct,0.0,0.2,7.83,9.613089986991945,-1.7830899869919445,fedd0p3_spin_minus1_eps0p038_no_merger_boost,0.3,0.037749551350623745,1.0,-2.355046274258239,0.0044152340034440294,light_seed_scale
GN73488_juodzbalis25,GN-73488,4.133,spec,JADES,broad-line-agn,robust,individual_robust,juodzbalis25_jades_blagn,"Table 2 (BH/Lbol/lambda_Edd), Table 5 (Mstar)",False,False,False,True,0.1948181679115103,0.011400540781544,consistent,30.0,1.380046202742198,mstar_agn_20pct,0.0,0.2,7.83,9.613089986991945,-1.7830899869919445,fedd0p3_spin_minus1_eps0p038_merger_boost_x2,0.3,0.037749551350623745,2.0,-2.6560762699222202,0.0022076170017220143,light_seed_scale
GN73488_juodzbalis25,GN-73488,4.133,spec,JADES,broad-line-agn,robust,individual_robust,juodzbalis25_jades_blagn,"Table 2 (BH/Lbol/lambda_Edd), Table 5 (Mstar)",False,False,False,True,0.1948181679115103,0.011400540781544,consistent,30.0,1.380046202742198,mstar_agn_20pct,0.0,0.2,7.83,9.613089986991945,-1.7830899869919445,fedd0p3_spin_0_eps0p057_no_merger_boost,0.3,0.057190958417936644,1.0,1.243070080558236,17.501290779540437,light_seed_scale
GN73488_juodzbalis25,GN-73488,4.133,spec,JADES,broad-line-agn,robust,individual_robust,juodzbalis25_jades_blagn,"Table 2 (BH/Lbol/lambda_Edd), Table 5 (Mstar)",False,False,False,True,0.1948181679115103,0.011400540781544,consistent,30.0,1.380046202742198,mstar_agn_20pct,0.0,0.2,7.83,9.613089986991945,-1.7830899869919445,fedd0p3_spin_0_eps0p057_merger_boost_x2,0.3,0.057190958417936644,2.0,0.9420400848942547,8.750645389770217,light_seed_scale
GN73488_juodzbalis25,GN-73488,4.133,spec,JADES,broad-line-agn,robust,individual_robust,juodzbalis25_jades_blagn,"Table 2 (BH/Lbol/lambda_Edd), Table 5 (Mstar)",False,False,False,True,0.1948181679115103,0.011400540781544,consistent,30.0,1.380046202742198,mstar_agn_20pct,0.0,0.2,7.83,9.613089986991945,-1.7830899869919445,fedd0p3_spin_plus1_eps0p423_no_merger_boost,0.3,0.42264973081037416,1.0,7.284185015187777,19239111.659302704,above_heavy_seed_scale
GN73488_juodzbalis25,GN-73488,4.133,spec,JADES,broad-line-agn,robust,individual_robust,juodzbalis25_jades_blagn,"Table 2 (BH/Lbol/lambda_Edd), Table 5 (Mstar)",False,False,False,True,0.1948181679115103,0.011400540781544,consistent,30.0,1.380046202742198,mstar_agn_20pct,0.0,0.2,7.83,9.613089986991945,-1.7830899869919445,fedd0p3_spin_plus1_eps0p423_merger_boost_x2,0.3,0.42264973081037416,2.0,6.983155019523796,9619555.82965135,above_heavy_seed_scale
GN73488_juodzbalis25,GN-73488,4.133,spec,JADES,broad-line-agn,robust,individual_robust,juodzbalis25_jades_blagn,"Table 2 (BH/Lbol/lambda_Edd), Table 5 (Mstar)",False,False,False,True,0.1948181679115103,0.011400540781544,consistent,30.0,1.380046202742198,mstar_agn_20pct,0.0,0.2,7.83,9.613089986991945,-1.7830899869919445,fedd1_eps0p1_no_merger_boost,1.0,0.1,1.0,-4.156929012449458,6.967403904175834e-05,light_seed_scale
GN73488_juodzbalis25,GN-73488,4.133,spec,JADES,broad-line-agn,robust,individual_robust,juodzbalis25_jades_blagn,"Table 2 (BH/Lbol/lambda_Edd), Table 5 (Mstar)",False,False,False,True,0.1948181679115103,0.011400540781544,consistent,30.0,1.380046202742198,mstar_agn_20pct,0.0,0.2,7.83,9.613089986991945,-1.7830899869919445,fedd1_eps0p1_merger_boost_x2,1.0,0.1,2.0,-4.4579590081134395,3.483701952087916e-05,light_seed_scale
GN73488_juodzbalis25,GN-73488,4.133,spec,JADES,broad-line-agn,robust,individual_robust,juodzbalis25_jades_blagn,"Table 2 (BH/Lbol/lambda_Edd), Table 5 (Mstar)",False,False,False,True,0.1948181679115103,0.011400540781544,consistent,30.0,1.380046202742198,mstar_agn_20pct,0.0,0.2,7.83,9.613089986991945,-1.7830899869919445,fedd1_spin_minus1_eps0p038_no_merger_boost,1.0,0.037749551350623745,1.0,-26.120154247527466,7.583082003449656e-27,light_seed_scale
GN73488_juodzbalis25,GN-73488,4.133,spec,JADES,broad-line-agn,robust,individual_robust,juodzbalis25_jades_blagn,"Table 2 (BH/Lbol/lambda_Edd), Table 5 (Mstar)",False,False,False,True,0.1948181679115103,0.011400540781544,consistent,30.0,1.380046202742198,mstar_agn_20pct,0.0,0.2,7.83,9.613089986991945,-1.7830899869919445,fedd1_spin_minus1_eps0p038_merger_boost_x2,1.0,0.037749551350623745,2.0,-26.421184243191448,3.791541001724827e-27,light_seed_scale
GN73488_juodzbalis25,GN-73488,4.133,spec,JADES,broad-line-agn,robust,individual_robust,juodzbalis25_jades_blagn,"Table 2 (BH/Lbol/lambda_Edd), Table 5 (Mstar)",False,False,False,True,0.1948181679115103,0.011400540781544,consistent,30.0,1.380046202742198,mstar_agn_20pct,0.0,0.2,7.83,9.613089986991945,-1.7830899869919445,fedd1_spin_0_eps0p057_no_merger_boost,1.0,0.057190958417936644,1.0,-14.126433064805882,7.474238212487112e-15,light_seed_scale
GN73488_juodzbalis25,GN-73488,4.133,spec,JADES,broad-line-agn,robust,individual_robust,juodzbalis25_jades_blagn,"Table 2 (BH/Lbol/lambda_Edd), Table 5 (Mstar)",False,False,False,True,0.1948181679115103,0.011400540781544,consistent,30.0,1.380046202742198,mstar_agn_20pct,0.0,0.2,7.83,9.613089986991945,-1.7830899869919445,fedd1_spin_0_eps0p057_merger_boost_x2,1.0,0.057190958417936644,2.0,-14.427463060469863,3.737119106243555e-15,light_seed_scale
GN73488_juodzbalis25,GN-73488,4.133,spec,JADES,broad-line-agn,robust,individual_robust,juodzbalis25_jades_blagn,"Table 2 (BH/Lbol/lambda_Edd), Table 5 (Mstar)",False,False,False,True,0.1948181679115103,0.011400540781544,consistent,30.0,1.380046202742198,mstar_agn_20pct,0.0,0.2,7.83,9.613089986991945,-1.7830899869919445,fedd1_spin_plus1_eps0p423_no_merger_boost,1.0,0.42264973081037416,1.0,6.010616717292591,1024747.1456367788,above_heavy_seed_scale
GN73488_juodzbalis25,GN-73488,4.133,spec,JADES,broad-line-agn,robust,individual_robust,juodzbalis25_jades_blagn,"Table 2 (BH/Lbol/lambda_Edd), Table 5 (Mstar)",False,False,False,True,0.1948181679115103,0.011400540781544,consistent,30.0,1.380046202742198,mstar_agn_20pct,0.0,0.2,7.83,9.613089986991945,-1.7830899869919445,fedd1_spin_plus1_eps0p423_merger_boost_x2,1.0,0.42264973081037416,2.0,5.70958672162861,512373.5728183893,heavy_seed_scale
GN73488_juodzbalis25,GN-73488,4.133,spec,JADES,broad-line-agn,robust,individual_robust,juodzbalis25_jades_blagn,"Table 2 (BH/Lbol/lambda_Edd), Table 5 (Mstar)",False,False,False,True,0.1948181679115103,0.011400540781544,consistent,30.0,1.380046202742198,mstar_agn_20pct,0.0,0.2,7.83,9.613089986991945,-1.7830899869919445,fedd2_eps0p1_no_merger_boost,2.0,0.1,1.0,-16.14385802489892,7.180289835841378e-17,light_seed_scale
GN73488_juodzbalis25,GN-73488,4.133,spec,JADES,broad-line-agn,robust,individual_robust,juodzbalis25_jades_blagn,"Table 2 (BH/Lbol/lambda_Edd), Table 5 (Mstar)",False,False,False,True,0.1948181679115103,0.011400540781544,consistent,30.0,1.380046202742198,mstar_agn_20pct,0.0,0.2,7.83,9.613089986991945,-1.7830899869919445,fedd2_eps0p1_merger_boost_x2,2.0,0.1,2.0,-16.4448880205629,3.590144917920689e-17,light_seed_scale
GN73488_juodzbalis25,GN-73488,4.133,spec,JADES,broad-line-agn,robust,individual_robust,juodzbalis25_jades_blagn,"Table 2 (BH/Lbol/lambda_Edd), Table 5 (Mstar)",False,False,False,True,0.1948181679115103,0.011400540781544,consistent,30.0,1.380046202742198,mstar_agn_20pct,0.0,0.2,7.83,9.613089986991945,-1.7830899869919445,fedd2_spin_minus1_eps0p038_no_merger_boost,2.0,0.037749551350623745,1.0,-60.07030849505493,8.50533658796879e-61,light_seed_scale
GN73488_juodzbalis25,GN-73488,4.133,spec,JADES,broad-line-agn,robust,individual_robust,juodzbalis25_jades_blagn,"Table 2 (BH/Lbol/lambda_Edd), Table 5 (Mstar)",False,False,False,True,0.1948181679115103,0.011400540781544,consistent,30.0,1.380046202742198,mstar_agn_20pct,0.0,0.2,7.83,9.613089986991945,-1.7830899869919445,fedd2_spin_minus1_eps0p038_merger_boost_x2,2.0,0.037749551350623745,2.0,-60.37133849071891,4.2526682939843946e-61,light_seed_scale
GN73488_juodzbalis25,GN-73488,4.133,spec,JADES,broad-line-agn,robust,individual_robust,juodzbalis25_jades_blagn,"Table 2 (BH/Lbol/lambda_Edd), Table 5 (Mstar)",False,False,False,True,0.1948181679115103,0.011400540781544,consistent,30.0,1.380046202742198,mstar_agn_20pct,0.0,0.2,7.83,9.613089986991945,-1.7830899869919445,fedd2_spin_0_eps0p057_no_merger_boost,2.0,0.057190958417936644,1.0,-36.082866129611766,8.262926133380764e-37,light_seed_scale
GN73488_juodzbalis25,GN-73488,4.133,spec,JADES,broad-line-agn,robust,individual_robust,juodzbalis25_jades_blagn,"Table 2 (BH/Lbol/lambda_Edd), Table 5 (Mstar)",False,False,False,True,0.1948181679115103,0.011400540781544,consistent,30.0,1.380046202742198,mstar_agn_20pct,0.0,0.2,7.83,9.613089986991945,-1.7830899869919445,fedd2_spin_0_eps0p057_merger_boost_x2,2.0,0.057190958417936644,2.0,-36.38389612527575,4.131463066690381e-37,light_seed_scale
GN73488_juodzbalis25,GN-73488,4.133,spec,JADES,broad-line-agn,robust,individual_robust,juodzbalis25_jades_blagn,"Table 2 (BH/Lbol/lambda_Edd), Table 5 (Mstar)",False,False,False,True,0.1948181679115103,0.011400540781544,consistent,30.0,1.380046202742198,mstar_agn_20pct,0.0,0.2,7.83,9.613089986991945,-1.7830899869919445,fedd2_spin_plus1_eps0p423_no_merger_boost,2.0,0.42264973081037416,1.0,4.1912334345851825,15532.216469167719,heavy_seed_scale
GN73488_juodzbalis25,GN-73488,4.133,spec,JADES,broad-line-agn,robust,individual_robust,juodzbalis25_jades_blagn,"Table 2 (BH/Lbol/lambda_Edd), Table 5 (Mstar)",False,False,False,True,0.1948181679115103,0.011400540781544,consistent,30.0,1.380046202742198,mstar_agn_20pct,0.0,0.2,7.83,9.613089986991945,-1.7830899869919445,fedd2_spin_plus1_eps0p423_merger_boost_x2,2.0,0.42264973081037416,2.0,3.8902034389212017,7766.108234583866,intermediate_seed_scale
GN62309_juodzbalis25,GN-62309,5.172,spec,JADES,broad-line-agn,robust,individual_robust,juodzbalis25_jades_blagn,"Table 2 (BH/Lbol/lambda_Edd), Table 5 (Mstar)",False,False,False,True,0.1477846933859427,0.0064618041732414,consistent,30.0,1.0237882225191366,baseline,0.0,0.0,6.29,7.78,-1.4900000000000002,fedd0p3_eps0p1_no_merger_boost,0.3,0.1,1.0,3.6222465459344035,4190.313787866631,intermediate_seed_scale
GN62309_juodzbalis25,GN-62309,5.172,spec,JADES,broad-line-agn,robust,individual_robust,juodzbalis25_jades_blagn,"Table 2 (BH/Lbol/lambda_Edd), Table 5 (Mstar)",False,False,False,True,0.1477846933859427,0.0064618041732414,consistent,30.0,1.0237882225191366,baseline,0.0,0.0,6.29,7.78,-1.4900000000000002,fedd0p3_eps0p1_merger_boost_x2,0.3,0.1,2.0,3.3212165502704223,2095.1568939333156,intermediate_seed_scale
GN62309_juodzbalis25,GN-62309,5.172,spec,JADES,broad-line-agn,robust,individual_robust,juodzbalis25_jades_blagn,"Table 2 (BH/Lbol/lambda_Edd), Table 5 (Mstar)",False,False,False,True,0.1477846933859427,0.0064618041732414,consistent,30.0,1.0237882225191366,baseline,0.0,0.0,6.29,7.78,-1.4900000000000002,fedd0p3_spin_minus1_eps0p038_no_merger_boost,0.3,0.037749551350623745,1.0,-1.265783567737473,0.05422710658673639,light_seed_scale
GN62309_juodzbalis25,GN-62309,5.172,spec,JADES,broad-line-agn,robust,individual_robust,juodzbalis25_jades_blagn,"Table 2 (BH/Lbol/lambda_Edd), Table 5 (Mstar)",False,False,False,True,0.1477846933859427,0.0064618041732414,consistent,30.0,1.0237882225191366,baseline,0.0,0.0,6.29,7.78,-1.4900000000000002,fedd0p3_spin_minus1_eps0p038_merger_boost_x2,0.3,0.037749551350623745,2.0,-1.5668135634014542,0.027113553293368193,light_seed_scale
GN62309_juodzbalis25,GN-62309,5.172,spec,JADES,broad-line-agn,robust,individual_robust,juodzbalis25_jades_blagn,"Table 2 (BH/Lbol/lambda_Edd), Table 5 (Mstar)",False,False,False,True,0.1477846933859427,0.0064618041732414,consistent,30.0,1.0237882225191366,baseline,0.0,0.0,6.29,7.78,-1.4900000000000002,fedd0p3_spin_0_eps0p057_no_merger_boost,0.3,0.057190958417936644,1.0,1.4034815191813124,25.321038827065394,light_seed_scale
GN62309_juodzbalis25,GN-62309,5.172,spec,JADES,broad-line-agn,robust,individual_robust,juodzbalis25_jades_blagn,"Table 2 (BH/Lbol/lambda_Edd), Table 5 (Mstar)",False,False,False,True,0.1477846933859427,0.0064618041732414,consistent,30.0,1.0237882225191366,baseline,0.0,0.0,6.29,7.78,-1.4900000000000002,fedd0p3_spin_0_eps0p057_merger_boost_x2,0.3,0.057190958417936644,2.0,1.1024515235173311,12.660519413532695,light_seed_scale
GN62309_juodzbalis25,GN-62309,5.172,spec,JADES,broad-line-agn,robust,individual_robust,juodzbalis25_jades_blagn,"Table 2 (BH/Lbol/lambda_Edd), Table 5 (Mstar)",False,False,False,True,0.1477846933859427,0.0064618041732414,consistent,30.0,1.0237882225191366,baseline,0.0,0.0,6.29,7.78,-1.4900000000000002,fedd0p3_spin_plus1_eps0p423_no_merger_boost,0.3,0.42264973081037416,1.0,5.885086778968079,767514.8357531835,heavy_seed_scale
GN62309_juodzbalis25,GN-62309,5.172,spec,JADES,broad-line-agn,robust,individual_robust,juodzbalis25_jades_blagn,"Table 2 (BH/Lbol/lambda_Edd), Table 5 (Mstar)",False,False,False,True,0.1477846933859427,0.0064618041732414,consistent,30.0,1.0237882225191366,baseline,0.0,0.0,6.29,7.78,-1.4900000000000002,fedd0p3_spin_plus1_eps0p423_merger_boost_x2,0.3,0.42264973081037416,2.0,5.5840567833040975,383757.4178765917,heavy_seed_scale
GN62309_juodzbalis25,GN-62309,5.172,spec,JADES,broad-line-agn,robust,individual_robust,juodzbalis25_jades_blagn,"Table 2 (BH/Lbol/lambda_Edd), Table 5 (Mstar)",False,False,False,True,0.1477846933859427,0.0064618041732414,consistent,30.0,1.0237882225191366,baseline,0.0,0.0,6.29,7.78,-1.4900000000000002,fedd1_eps0p1_no_merger_boost,1.0,0.1,1.0,-2.602511513551989,0.002497402179814205,light_seed_scale
GN62309_juodzbalis25,GN-62309,5.172,spec,JADES,broad-line-agn,robust,individual_robust,juodzbalis25_jades_blagn,"Table 2 (BH/Lbol/lambda_Edd), Table 5 (Mstar)",False,False,False,True,0.1477846933859427,0.0064618041732414,consistent,30.0,1.0237882225191366,baseline,0.0,0.0,6.29,7.78,-1.4900000000000002,fedd1_eps0p1_merger_boost_x2,1.0,0.1,2.0,-2.9035415092159704,0.0012487010899071022,light_seed_scale
GN62309_juodzbalis25,GN-62309,5.172,spec,JADES,broad-line-agn,robust,individual_robust,juodzbalis25_jades_blagn,"Table 2 (BH/Lbol/lambda_Edd), Table 5 (Mstar)",False,False,False,True,0.1477846933859427,0.0064618041732414,consistent,30.0,1.0237882225191366,baseline,0.0,0.0,6.29,7.78,-1.4900000000000002,fedd1_spin_minus1_eps0p038_no_merger_boost,1.0,0.037749551350623745,1.0,-18.89594522579158,1.2707343630120796e-19,light_seed_scale
GN62309_juodzbalis25,GN-62309,5.172,spec,JADES,broad-line-agn,robust,individual_robust,juodzbalis25_jades_blagn,"Table 2 (BH/Lbol/lambda_Edd), Table 5 (Mstar)",False,False,False,True,0.1477846933859427,0.0064618041732414,consistent,30.0,1.0237882225191366,baseline,0.0,0.0,6.29,7.78,-1.4900000000000002,fedd1_spin_minus1_eps0p038_merger_boost_x2,1.0,0.037749551350623745,2.0,-19.19697522145556,6.353671815060398e-20,light_seed_scale
GN62309_juodzbalis25,GN-62309,5.172,spec,JADES,broad-line-agn,robust,individual_robust,juodzbalis25_jades_blagn,"Table 2 (BH/Lbol/lambda_Edd), Table 5 (Mstar)",False,False,False,True,0.1477846933859427,0.0064618041732414,consistent,30.0,1.0237882225191366,baseline,0.0,0.0,6.29,7.78,-1.4900000000000002,fedd1_spin_0_eps0p057_no_merger_boost,1.0,0.057190958417936644,1.0,-9.99839493606229,1.0037026341726092e-10,light_seed_scale
GN62309_juodzbalis25,GN-62309,5.172,spec,JADES,broad-line-agn,robust,individual_robust,juodzbalis25_jades_blagn,"Table 2 (BH/Lbol/lambda_Edd), Table 5 (Mstar)",False,False,False,True,0.1477846933859427,0.0064618041732414,consistent,30.0,1.0237882225191366,baseline,0.0,0.0,6.29,7.78,-1.4900000000000002,fedd1_spin_0_eps0p057_merger_boost_x2,1.0,0.057190958417936644,2.0,-10.299424931726271,5.0185131708630454e-11,light_seed_scale
GN62309_juodzbalis25,GN-62309,5.172,spec,JADES,broad-line-agn,robust,individual_robust,juodzbalis25_jades_blagn,"Table 2 (BH/Lbol/lambda_Edd), Table 5 (Mstar)",False,False,False,True,0.1477846933859427,0.0064618041732414,consistent,30.0,1.0237882225191366,baseline,0.0,0.0,6.29,7.78,-1.4900000000000002,fedd1_spin_plus1_eps0p423_no_merger_boost,1.0,0.42264973081037416,1.0,4.94028926322693,87154.3891271592,heavy_seed_scale
GN62309_juodzbalis25,GN-62309,5.172,spec,JADES,broad-line-agn,robust,individual_robust,juodzbalis25_jades_blagn,"Table 2 (BH/Lbol/lambda_Edd), Table 5 (Mstar)",False,False,False,True,0.1477846933859427,0.0064618041732414,consistent,30.0,1.0237882225191366,baseline,0.0,0.0,6.29,7.78,-1.4900000000000002,fedd1_spin_plus1_eps0p423_merger_boost_x2,1.0,0.42264973081037416,2.0,4.639259267562949,43577.19456357959,heavy_seed_scale
GN62309_juodzbalis25,GN-62309,5.172,spec,JADES,broad-line-agn,robust,individual_robust,juodzbalis25_jades_blagn,"Table 2 (BH/Lbol/lambda_Edd), Table 5 (Mstar)",False,False,False,True,0.1477846933859427,0.0064618041732414,consistent,30.0,1.0237882225191366,baseline,0.0,0.0,6.29,7.78,-1.4900000000000002,fedd2_eps0p1_no_merger_boost,2.0,0.1,1.0,-11.49502302710398,3.198725502798877e-12,light_seed_scale
GN62309_juodzbalis25,GN-62309,5.172,spec,JADES,broad-line-agn,robust,individual_robust,juodzbalis25_jades_blagn,"Table 2 (BH/Lbol/lambda_Edd), Table 5 (Mstar)",False,False,False,True,0.1477846933859427,0.0064618041732414,consistent,30.0,1.0237882225191366,baseline,0.0,0.0,6.29,7.78,-1.4900000000000002,fedd2_eps0p1_merger_boost_x2,2.0,0.1,2.0,-11.79605302276796,1.5993627513994383e-12,light_seed_scale
GN62309_juodzbalis25,GN-62309,5.172,spec,JADES,broad-line-agn,robust,individual_robust,juodzbalis25_jades_blagn,"Table 2 (BH/Lbol/lambda_Edd), Table 5 (Mstar)",False,False,False,True,0.1477846933859427,0.0064618041732414,consistent,30.0,1.0237882225191366,baseline,0.0,0.0,6.29,7.78,-1.4900000000000002,fedd2_spin_minus1_eps0p038_no_merger_boost,2.0,0.037749551350623745,1.0,-44.081890451583156,8.281510339542413e-45,light_seed_scale
GN62309_juodzbalis25,GN-62309,5.172,spec,JADES,broad-line-agn,robust,individual_robust,juodzbalis25_jades_blagn,"Table 2 (BH/Lbol/lambda_Edd), Table 5 (Mstar)",False,False,False,True,0.1477846933859427,0.0064618041732414,consistent,30.0,1.0237882225191366,baseline,0.0,0.0,6.29,7.78,-1.4900000000000002,fedd2_spin_minus1_eps0p038_merger_boost_x2,2.0,0.037749551350623745,2.0,-44.38292044724714,4.140755169771206e-45,light_seed_scale
GN62309_juodzbalis25,GN-62309,5.172,spec,JADES,broad-line-agn,robust,individual_robust,juodzbalis25_jades_blagn,"Table 2 (BH/Lbol/lambda_Edd), Table 5 (Mstar)",False,False,False,True,0.1477846933859427,0.0064618041732414,consistent,30.0,1.0237882225191366,baseline,0.0,0.0,6.29,7.78,-1.4900000000000002,fedd2_spin_0_eps0p057_no_merger_boost,2.0,0.057190958417936644,1.0,-26.28678987212458,5.1666629123677154e-27,light_seed_scale
GN62309_juodzbalis25,GN-62309,5.172,spec,JADES,broad-line-agn,robust,individual_robust,juodzbalis25_jades_blagn,"Table 2 (BH/Lbol/lambda_Edd), Table 5 (Mstar)",False,False,False,True,0.1477846933859427,0.0064618041732414,consistent,30.0,1.0237882225191366,baseline,0.0,0.0,6.29,7.78,-1.4900000000000002,fedd2_spin_0_eps0p057_merger_boost_x2,2.0,0.057190958417936644,2.0,-26.58781986778856,2.5833314561838574e-27,light_seed_scale
GN62309_juodzbalis25,GN-62309,5.172,spec,JADES,broad-line-agn,robust,individual_robust,juodzbalis25_jades_blagn,"Table 2 (BH/Lbol/lambda_Edd), Table 5 (Mstar)",False,False,False,True,0.1477846933859427,0.0064618041732414,consistent,30.0,1.0237882225191366,baseline,0.0,0.0,6.29,7.78,-1.4900000000000002,fedd2_spin_plus1_eps0p423_no_merger_boost,2.0,0.42264973081037416,1.0,3.5905785264538603,3895.637398524406,intermediate_seed_scale
GN62309_juodzbalis25,GN-62309,5.172,spec,JADES,broad-line-agn,robust,individual_robust,juodzbalis25_jades_blagn,"Table 2 (BH/Lbol/lambda_Edd), Table 5 (Mstar)",False,False,False,True,0.1477846933859427,0.0064618041732414,consistent,30.0,1.0237882225191366,baseline,0.0,0.0,6.29,7.78,-1.4900000000000002,fedd2_spin_plus1_eps0p423_merger_boost_x2,2.0,0.42264973081037416,2.0,3.289548530789879,1947.8186992622027,intermediate_seed_scale
GN62309_juodzbalis25,GN-62309,5.172,spec,JADES,broad-line-agn,robust,individual_robust,juodzbalis25_jades_blagn,"Table 2 (BH/Lbol/lambda_Edd), Table 5 (Mstar)",False,False,False,True,0.1477846933859427,0.0064618041732414,consistent,30.0,1.0237882225191366,mbh_minus_0p3dex,-0.3,0.0,5.99,7.78,-1.79,fedd0p3_eps0p1_no_merger_boost,0.3,0.1,1.0,3.3222465459344037,2100.1317753710946,intermediate_seed_scale
GN62309_juodzbalis25,GN-62309,5.172,spec,JADES,broad-line-agn,robust,individual_robust,juodzbalis25_jades_blagn,"Table 2 (BH/Lbol/lambda_Edd), Table 5 (Mstar)",False,False,False,True,0.1477846933859427,0.0064618041732414,consistent,30.0,1.0237882225191366,mbh_minus_0p3dex,-0.3,0.0,5.99,7.78,-1.79,fedd0p3_eps0p1_merger_boost_x2,0.3,0.1,2.0,3.0212165502704225,1050.065887685547,intermediate_seed_scale
GN62309_juodzbalis25,GN-62309,5.172,spec,JADES,broad-line-agn,robust,individual_robust,juodzbalis25_jades_blagn,"Table 2 (BH/Lbol/lambda_Edd), Table 5 (Mstar)",False,False,False,True,0.1477846933859427,0.0064618041732414,consistent,30.0,1.0237882225191366,mbh_minus_0p3dex,-0.3,0.0,5.99,7.78,-1.79,fedd0p3_spin_minus1_eps0p038_no_merger_boost,0.3,0.037749551350623745,1.0,-1.5657835677374727,0.02717793353781766,light_seed_scale
GN62309_juodzbalis25,GN-62309,5.172,spec,JADES,broad-line-agn,robust,individual_robust,juodzbalis25_jades_blagn,"Table 2 (BH/Lbol/lambda_Edd), Table 5 (Mstar)",False,False,False,True,0.1477846933859427,0.0064618041732414,consistent,30.0,1.0237882225191366,mbh_minus_0p3dex,-0.3,0.0,5.99,7.78,-1.79,fedd0p3_spin_minus1_eps0p038_merger_boost_x2,0.3,0.037749551350623745,2.0,-1.866813563401454,0.013588966768908828,light_seed_scale
GN62309_juodzbalis25,GN-62309,5.172,spec,JADES,broad-line-agn,robust,individual_robust,juodzbalis25_jades_blagn,"Table 2 (BH/Lbol/lambda_Edd), Table 5 (Mstar)",False,False,False,True,0.1477846933859427,0.0064618041732414,consistent,30.0,1.0237882225191366,mbh_minus_0p3dex,-0.3,0.0,5.99,7.78,-1.79,fedd0p3_spin_0_eps0p057_no_merger_boost,0.3,0.057190958417936644,1.0,1.1034815191813125,12.69058140230566,light_seed_scale
GN62309_juodzbalis25,GN-62309,5.172,spec,JADES,broad-line-agn,robust,individual_robust,juodzbalis25_jades_blagn,"Table 2 (BH/Lbol/lambda_Edd), Table 5 (Mstar)",False,False,False,True,0.1477846933859427,0.0064618041732414,consistent,30.0,1.0237882225191366,mbh_minus_0p3dex,-0.3,0.0,5.99,7.78,-1.79,fedd0p3_spin_0_eps0p057_merger_boost_x2,0.3,0.057190958417936644,2.0,0.8024515235173313,6.3452907011528294,light_seed_scale
GN62309_juodzbalis25,GN-62309,5.172,spec,JADES,broad-line-agn,robust,individual_robust,juodzbalis25_jades_blagn,"Table 2 (BH/Lbol/lambda_Edd), Table 5 (Mstar)",False,False,False,True,0.1477846933859427,0.0064618041732414,consistent,30.0,1.0237882225191366,mbh_minus_0p3dex,-0.3,0.0,5.99,7.78,-1.79,fedd0p3_spin_plus1_eps0p423_no_merger_boost,0.3,0.42264973081037416,1.0,5.585086778968079,384668.63729902846,heavy_seed_scale
GN62309_juodzbalis25,GN-62309,5.172,spec,JADES,broad-line-agn,robust,individual_robust,juodzbalis25_jades_blagn,"Table 2 (BH/Lbol/lambda_Edd), Table 5 (Mstar)",False,False,False,True,0.1477846933859427,0.0064618041732414,consistent,30.0,1.0237882225191366,mbh_minus_0p3dex,-0.3,0.0,5.99,7.78,-1.79,fedd0p3_spin_plus1_eps0p423_merger_boost_x2,0.3,0.42264973081037416,2.0,5.284056783304098,192334.3186495142,heavy_seed_scale
GN62309_juodzbalis25,GN-62309,5.172,spec,JADES,broad-line-agn,robust,individual_robust,juodzbalis25_jades_blagn,"Table 2 (BH/Lbol/lambda_Edd), Table 5 (Mstar)",False,False,False,True,0.1477846933859427,0.0064618041732414,consistent,30.0,1.0237882225191366,mbh_minus_0p3dex,-0.3,0.0,5.99,7.78,-1.79,fedd1_eps0p1_no_merger_boost,1.0,0.1,1.0,-2.902511513551989,0.0012516660897558016,light_seed_scale
GN62309_juodzbalis25,GN-62309,5.172,spec,JADES,broad-line-agn,robust,individual_robust,juodzbalis25_jades_blagn,"Table 2 (BH/Lbol/lambda_Edd), Table 5 (Mstar)",False,False,False,True,0.1477846933859427,0.0064618041732414,consistent,30.0,1.0237882225191366,mbh_minus_0p3dex,-0.3,0.0,5.99,7.78,-1.79,fedd1_eps0p1_merger_boost_x2,1.0,0.1,2.0,-3.2035415092159703,0.0006258330448779007,light_seed_scale
GN62309_juodzbalis25,GN-62309,5.172,spec,JADES,broad-line-agn,robust,individual_robust,juodzbalis25_jades_blagn,"Table 2 (BH/Lbol/lambda_Edd), Table 5 (Mstar)",False,False,False,True,0.1477846933859427,0.0064618041732414,consistent,30.0,1.0237882225191366,mbh_minus_0p3dex,-0.3,0.0,5.99,7.78,-1.79,fedd1_spin_minus1_eps0p038_no_merger_boost,1.0,0.037749551350623745,1.0,-19.195945225791576,6.368758400731423e-20,light_seed_scale
GN62309_juodzbalis25,GN-62309,5.172,spec,JADES,broad-line-agn,robust,individual_robust,juodzbalis25_jades_blagn,"Table 2 (BH/Lbol/lambda_Edd), Table 5 (Mstar)",False,False,False,True,0.1477846933859427,0.0064618041732414,consistent,30.0,1.0237882225191366,mbh_minus_0p3dex,-0.3,0.0,5.99,7.78,-1.79,fedd1_spin_minus1_eps0p038_merger_boost_x2,1.0,0.037749551350623745,2.0,-19.496975221455557,3.1843792003657117e-20,light_seed_scale
GN62309_juodzbalis25,GN-62309,5.172,spec,JADES,broad-line-agn,robust,individual_robust,juodzbalis25_jades_blagn,"Table 2 (BH/Lbol/lambda_Edd), Table 5 (Mstar)",False,False,False,True,0.1477846933859427,0.0064618041732414,consistent,30.0,1.0237882225191366,mbh_minus_0p3dex,-0.3,0.0,5.99,7.78,-1.79,fedd1_spin_0_eps0p057_no_merger_boost,1.0,0.057190958417936644,1.0,-10.298394936062289,5.030429466053773e-11,light_seed_scale
GN62309_juodzbalis25,GN-62309,5.172,spec,JADES,broad-line-agn,robust,individual_robust,juodzbalis25_jades_blagn,"Table 2 (BH/Lbol/lambda_Edd), Table 5 (Mstar)",False,False,False,True,0.1477846933859427,0.0064618041732414,consistent,30.0,1.0237882225191366,mbh_minus_0p3dex,-0.3,0.0,5.99,7.78,-1.79,fedd1_spin_0_eps0p057_merger_boost_x2,1.0,0.057190958417936644,2.0,-10.59942493172627,2.5152147330268862e-11,light_seed_scale
GN62309_juodzbalis25,GN-62309,5.172,spec,JADES,broad-line-agn,robust,individual_robust,juodzbalis25_jades_blagn,"Table 2 (BH/Lbol/lambda_Edd), Table 5 (Mstar)",False,False,False,True,0.1477846933859427,0.0064618041732414,consistent,30.0,1.0237882225191366,mbh_minus_0p3dex,-0.3,0.0,5.99,7.78,-1.79,fedd1_spin_plus1_eps0p423_no_merger_boost,1.0,0.42264973081037416,1.0,4.64028926322693,43680.66718511576,heavy_seed_scale
GN62309_juodzbalis25,GN-62309,5.172,spec,JADES,broad-line-agn,robust,individual_robust,juodzbalis25_jades_blagn,"Table 2 (BH/Lbol/lambda_Edd), Table 5 (Mstar)",False,False,False,True,0.1477846933859427,0.0064618041732414,consistent,30.0,1.0237882225191366,mbh_minus_0p3dex,-0.3,0.0,5.99,7.78,-1.79,fedd1_spin_plus1_eps0p423_merger_boost_x2,1.0,0.42264973081037416,2.0,4.339259267562949,21840.333592557876,heavy_seed_scale
GN62309_juodzbalis25,GN-62309,5.172,spec,JADES,broad-line-agn,robust,individual_robust,juodzbalis25_jades_blagn,"Table 2 (BH/Lbol/lambda_Edd), Table 5 (Mstar)",False,False,False,True,0.1477846933859427,0.0064618041732414,consistent,30.0,1.0237882225191366,mbh_minus_0p3dex,-0.3,0.0,5.99,7.78,-1.79,fedd2_eps0p1_no_merger_boost,2.0,0.1,1.0,-11.795023027103978,1.6031603858807786e-12,light_seed_scale
GN62309_juodzbalis25,GN-62309,5.172,spec,JADES,broad-line-agn,robust,individual_robust,juodzbalis25_jades_blagn,"Table 2 (BH/Lbol/lambda_Edd), Table 5 (Mstar)",False,False,False,True,0.1477846933859427,0.0064618041732414,consistent,30.0,1.0237882225191366,mbh_minus_0p3dex,-0.3,0.0,5.99,7.78,-1.79,fedd2_eps0p1_merger_boost_x2,2.0,0.1,2.0,-12.09605302276796,8.015801929403892e-13,light_seed_scale
GN62309_juodzbalis25,GN-62309,5.172,spec,JADES,broad-line-agn,robust,individual_robust,juodzbalis25_jades_blagn,"Table 2 (BH/Lbol/lambda_Edd), Table 5 (Mstar)",False,False,False,True,0.1477846933859427,0.0064618041732414,consistent,30.0,1.0237882225191366,mbh_minus_0p3dex,-0.3,0.0,5.99,7.78,-1.79,fedd2_spin_minus1_eps0p038_no_merger_boost,2.0,0.037749551350623745,1.0,-44.38189045158315,4.150587257330942e-45,light_seed_scale
GN62309_juodzbalis25,GN-62309,5.172,spec,JADES,broad-line-agn,robust,individual_robust,juodzbalis25_jades_blagn,"Table 2 (BH/Lbol/lambda_Edd), Table 5 (Mstar)",False,False,False,True,0.1477846933859427,0.0064618041732414,consistent,30.0,1.0237882225191366,mbh_minus_0p3dex,-0.3,0.0,5.99,7.78,-1.79,fedd2_spin_minus1_eps0p038_merger_boost_x2,2.0,0.037749551350623745,2.0,-44.682920447247135,2.0752936286654706e-45,light_seed_scale
GN62309_juodzbalis25,GN-62309,5.172,spec,JADES,broad-line-agn,robust,individual_robust,juodzbalis25_jades_blagn,"Table 2 (BH/Lbol/lambda_Edd), Table 5 (Mstar)",False,False,False,True,0.1477846933859427,0.0064618041732414,consistent,30.0,1.0237882225191366,mbh_minus_0p3dex,-0.3,0.0,5.99,7.78,-1.79,fedd2_spin_0_eps0p057_no_merger_boost,2.0,0.057190958417936644,1.0,-26.586789872124577,2.5894654921342182e-27,light_seed_scale
GN62309_juodzbalis25,GN-62309,5.172,spec,JADES,broad-line-agn,robust,individual_robust,juodzbalis25_jades_blagn,"Table 2 (BH/Lbol/lambda_Edd), Table 5 (Mstar)",False,False,False,True,0.1477846933859427,0.0064618041732414,consistent,30.0,1.0237882225191366,mbh_minus_0p3dex,-0.3,0.0,5.99,7.78,-1.79,fedd2_spin_0_eps0p057_merger_boost_x2,2.0,0.057190958417936644,2.0,-26.887819867788558,1.294732746067109e-27,light_seed_scale
GN62309_juodzbalis25,GN-62309,5.172,spec,JADES,broad-line-agn,robust,individual_robust,juodzbalis25_jades_blagn,"Table 2 (BH/Lbol/lambda_Edd), Table 5 (Mstar)",False,False,False,True,0.1477846933859427,0.0064618041732414,consistent,30.0,1.0237882225191366,mbh_minus_0p3dex,-0.3,0.0,5.99,7.78,-1.79,fedd2_spin_plus1_eps0p423_no_merger_boost,2.0,0.42264973081037416,1.0,3.2905785264538605,1952.4437309813916,intermediate_seed_scale
GN62309_juodzbalis25,GN-62309,5.172,spec,JADES,broad-line-agn,robust,individual_robust,juodzbalis25_jades_blagn,"Table 2 (BH/Lbol/lambda_Edd), Table 5 (Mstar)",False,False,False,True,0.1477846933859427,0.0064618041732414,consistent,30.0,1.0237882225191366,mbh_minus_0p3dex,-0.3,0.0,5.99,7.78,-1.79,fedd2_spin_plus1_eps0p423_merger_boost_x2,2.0,0.42264973081037416,2.0,2.9895485307898793,976.2218654906956,intermediate_seed_scale
GN62309_juodzbalis25,GN-62309,5.172,spec,JADES,broad-line-agn,robust,individual_robust,juodzbalis25_jades_blagn,"Table 2 (BH/Lbol/lambda_Edd), Table 5 (Mstar)",False,False,False,True,0.1477846933859427,0.0064618041732414,consistent,30.0,1.0237882225191366,mbh_plus_0p3dex,0.3,0.0,6.59,7.78,-1.1900000000000004,fedd0p3_eps0p1_no_merger_boost,0.3,0.1,1.0,3.9222465459344034,8360.775188824786,intermediate_seed_scale
GN62309_juodzbalis25,GN-62309,5.172,spec,JADES,broad-line-agn,robust,individual_robust,juodzbalis25_jades_blagn,"Table 2 (BH/Lbol/lambda_Edd), Table 5 (Mstar)",False,False,False,True,0.1477846933859427,0.0064618041732414,consistent,30.0,1.0237882225191366,mbh_plus_0p3dex,0.3,0.0,6.59,7.78,-1.1900000000000004,fedd0p3_eps0p1_merger_boost_x2,0.3,0.1,2.0,3.621216550270422,4180.387594412393,intermediate_seed_scale
GN62309_juodzbalis25,GN-62309,5.172,spec,JADES,broad-line-agn,robust,individual_robust,juodzbalis25_jades_blagn,"Table 2 (BH/Lbol/lambda_Edd), Table 5 (Mstar)",False,False,False,True,0.1477846933859427,0.0064618041732414,consistent,30.0,1.0237882225191366,mbh_plus_0p3dex,0.3,0.0,6.59,7.78,-1.1900000000000004,fedd0p3_spin_minus1_eps0p038_no_merger_boost,0.3,0.037749551350623745,1.0,-0.9657835677374731,0.1081973022223158,light_seed_scale
GN62309_juodzbalis25,GN-62309,5.172,spec,JADES,broad-line-agn,robust,individual_robust,juodzbalis25_jades_blagn,"Table 2 (BH/Lbol/lambda_Edd), Table 5 (Mstar)",False,False,False,True,0.1477846933859427,0.0064618041732414,consistent,30.0,1.0237882225191366,mbh_plus_0p3dex,0.3,0.0,6.59,7.78,-1.1900000000000004,fedd0p3_spin_minus1_eps0p038_merger_boost_x2,0.3,0.037749551350623745,2.0,-1.2668135634014543,0.054098651111157886,light_seed_scale
GN62309_juodzbalis25,GN-62309,5.172,spec,JADES,broad-line-agn,robust,individual_robust,juodzbalis25_jades_blagn,"Table 2 (BH/Lbol/lambda_Edd), Table 5 (Mstar)",False,False,False,True,0.1477846933859427,0.0064618041732414,consistent,30.0,1.0237882225191366,mbh_plus_0p3dex,0.3,0.0,6.59,7.78,-1.1900000000000004,fedd0p3_spin_0_eps0p057_no_merger_boost,0.3,0.057190958417936644,1.0,1.7034815191813122,50.52211454750736,light_seed_scale
GN62309_juodzbalis25,GN-62309,5.172,spec,JADES,broad-line-agn,robust,individual_robust,juodzbalis25_jades_blagn,"Table 2 (BH/Lbol/lambda_Edd), Table 5 (Mstar)",False,False,False,True,0.1477846933859427,0.0064618041732414,consistent,30.0,1.0237882225191366,mbh_plus_0p3dex,0.3,0.0,6.59,7.78,-1.1900000000000004,fedd0p3_spin_0_eps0p057_merger_boost_x2,0.3,0.057190958417936644,2.0,1.402451523517331,25.261057273753675,light_seed_scale
GN62309_juodzbalis25,GN-62309,5.172,spec,JADES,broad-line-agn,robust,individual_robust,juodzbalis25_jades_blagn,"Table 2 (BH/Lbol/lambda_Edd), Table 5 (Mstar)",False,False,False,True,0.1477846933859427,0.0064618041732414,consistent,30.0,1.0237882225191366,mbh_plus_0p3dex,0.3,0.0,6.59,7.78,-1.1900000000000004,fedd0p3_spin_plus1_eps0p423_no_merger_boost,0.3,0.42264973081037416,1.0,6.185086778968079,1531393.4279578556,above_heavy_seed_scale
GN62309_juodzbalis25,GN-62309,5.172,spec,JADES,broad-line-agn,robust,individual_robust,juodzbalis25_jades_blagn,"Table 2 (BH/Lbol/lambda_Edd), Table 5 (Mstar)",False,False,False,True,0.1477846933859427,0.0064618041732414,consistent,30.0,1.0237882225191366,mbh_plus_0p3dex,0.3,0.0,6.59,7.78,-1.1900000000000004,fedd0p3_spin_plus1_eps0p423_merger_boost_x2,0.3,0.42264973081037416,2.0,5.884056783304097,765696.7139789277,heavy_seed_scale
GN62309_juodzbalis25,GN-62309,5.172,spec,JADES,broad-line-agn,robust,individual_robust,juodzbalis25_jades_blagn,"Table 2 (BH/Lbol/lambda_Edd), Table 5 (Mstar)",False,False,False,True,0.1477846933859427,0.0064618041732414,consistent,30.0,1.0237882225191366,mbh_plus_0p3dex,0.3,0.0,6.59,7.78,-1.1900000000000004,fedd1_eps0p1_no_merger_boost,1.0,0.1,1.0,-2.3025115135519894,0.004982972454704414,light_seed_scale
GN62309_juodzbalis25,GN-62309,5.172,spec,JADES,broad-line-agn,robust,individual_robust,juodzbalis25_jades_blagn,"Table 2 (BH/Lbol/lambda_Edd), Table 5 (Mstar)",False,False,False,True,0.1477846933859427,0.0064618041732414,consistent,30.0,1.0237882225191366,mbh_plus_0p3dex,0.3,0.0,6.59,7.78,-1.1900000000000004,fedd1_eps0p1_merger_boost_x2,1.0,0.1,2.0,-2.6035415092159706,0.0024914862273522067,light_seed_scale
GN62309_juodzbalis25,GN-62309,5.172,spec,JADES,broad-line-agn,robust,individual_robust,juodzbalis25_jades_blagn,"Table 2 (BH/Lbol/lambda_Edd), Table 5 (Mstar)",False,False,False,True,0.1477846933859427,0.0064618041732414,consistent,30.0,1.0237882225191366,mbh_plus_0p3dex,0.3,0.0,6.59,7.78,-1.1900000000000004,fedd1_spin_minus1_eps0p038_no_merger_boost,1.0,0.037749551350623745,1.0,-18.595945225791578,2.5354483868539907e-19,light_seed_scale
GN62309_juodzbalis25,GN-62309,5.172,spec,JADES,broad-line-agn,robust,individual_robust,juodzbalis25_jades_blagn,"Table 2 (BH/Lbol/lambda_Edd), Table 5 (Mstar)",False,False,False,True,0.1477846933859427,0.0064618041732414,consistent,30.0,1.0237882225191366,mbh_plus_0p3dex,0.3,0.0,6.59,7.78,-1.1900000000000004,fedd1_spin_minus1_eps0p038_merger_boost_x2,1.0,0.037749551350623745,2.0,-18.89697522145556,1.2677241934269954e-19,light_seed_scale
GN62309_juodzbalis25,GN-62309,5.172,spec,JADES,broad-line-agn,robust,individual_robust,juodzbalis25_jades_blagn,"Table 2 (BH/Lbol/lambda_Edd), Table 5 (Mstar)",False,False,False,True,0.1477846933859427,0.0064618041732414,consistent,30.0,1.0237882225191366,mbh_plus_0p3dex,0.3,0.0,6.59,7.78,-1.1900000000000004,fedd1_spin_0_eps0p057_no_merger_boost,1.0,0.057190958417936644,1.0,-9.69839493606229,2.002650041399606e-10,light_seed_scale
GN62309_juodzbalis25,GN-62309,5.172,spec,JADES,broad-line-agn,robust,individual_robust,juodzbalis25_jades_blagn,"Table 2 (BH/Lbol/lambda_Edd), Table 5 (Mstar)",False,False,False,True,0.1477846933859427,0.0064618041732414,consistent,30.0,1.0237882225191366,mbh_plus_0p3dex,0.3,0.0,6.59,7.78,-1.1900000000000004,fedd1_spin_0_eps0p057_merger_boost_x2,1.0,0.057190958417936644,2.0,-9.99942493172627,1.0013250206998029e-10,light_seed_scale
GN62309_juodzbalis25,GN-62309,5.172,spec,JADES,broad-line-agn,robust,individual_robust,juodzbalis25_jades_blagn,"Table 2 (BH/Lbol/lambda_Edd), Table 5 (Mstar)",False,False,False,True,0.1477846933859427,0.0064618041732414,consistent,30.0,1.0237882225191366,mbh_plus_0p3dex,0.3,0.0,6.59,7.78,-1.1900000000000004,fedd1_spin_plus1_eps0p423_no_merger_boost,1.0,0.42264973081037416,1.0,5.24028926322693,173895.86820955414,heavy_seed_scale
GN62309_juodzbalis25,GN-62309,5.172,spec,JADES,broad-line-agn,robust,individual_robust,juodzbalis25_jades_blagn,"Table 2 (BH/Lbol/lambda_Edd), Table 5 (Mstar)",False,False,False,True,0.1477846933859427,0.0064618041732414,consistent,30.0,1.0237882225191366,mbh_plus_0p3dex,0.3,0.0,6.59,7.78,-1.1900000000000004,fedd1_spin_plus1_eps0p423_merger_boost_x2,1.0,0.42264973081037416,2.0,4.9392592675629485,86947.93410477706,heavy_seed_scale
GN62309_juodzbalis25,GN-62309,5.172,spec,JADES,broad-line-agn,robust,individual_robust,juodzbalis25_jades_blagn,"Table 2 (BH/Lbol/lambda_Edd), Table 5 (Mstar)",False,False,False,True,0.1477846933859427,0.0064618041732414,consistent,30.0,1.0237882225191366,mbh_plus_0p3dex,0.3,0.0,6.59,7.78,-1.1900000000000004,fedd2_eps0p1_no_merger_boost,2.0,0.1,1.0,-11.195023027103979,6.382296451664491e-12,light_seed_scale
GN62309_juodzbalis25,GN-62309,5.172,spec,JADES,broad-line-agn,robust,individual_robust,juodzbalis25_jades_blagn,"Table 2 (BH/Lbol/lambda_Edd), Table 5 (Mstar)",False,False,False,True,0.1477846933859427,0.0064618041732414,consistent,30.0,1.0237882225191366,mbh_plus_0p3dex,0.3,0.0,6.59,7.78,-1.1900000000000004,fedd2_eps0p1_merger_boost_x2,2.0,0.1,2.0,-11.49605302276796,3.191148225832245e-12,light_seed_scale
GN62309_juodzbalis25,GN-62309,5.172,spec,JADES,broad-line-agn,robust,individual_robust,juodzbalis25_jades_blagn,"Table 2 (BH/Lbol/lambda_Edd), Table 5 (Mstar)",False,False,False,True,0.1477846933859427,0.0064618041732414,consistent,30.0,1.0237882225191366,mbh_plus_0p3dex,0.3,0.0,6.59,7.78,-1.1900000000000004,fedd2_spin_minus1_eps0p038_no_merger_boost,2.0,0.037749551350623745,1.0,-43.78189045158315,1.652378549151427e-44,light_seed_scale
GN62309_juodzbalis25,GN-62309,5.172,spec,JADES,broad-line-agn,robust,individual_robust,juodzbalis25_jades_blagn,"Table 2 (BH/Lbol/lambda_Edd), Table 5 (Mstar)",False,False,False,True,0.1477846933859427,0.0064618041732414,consistent,30.0,1.0237882225191366,mbh_plus_0p3dex,0.3,0.0,6.59,7.78,-1.1900000000000004,fedd2_spin_minus1_eps0p038_merger_boost_x2,2.0,0.037749551350623745,2.0,-44.08292044724713,8.261892745757134e-45,light_seed_scale
GN62309_juodzbalis25,GN-62309,5.172,spec,JADES,broad-line-agn,robust,individual_robust,juodzbalis25_jades_blagn,"Table 2 (BH/Lbol/lambda_Edd), Table 5 (Mstar)",False,False,False,True,0.1477846933859427,0.0064618041732414,consistent,30.0,1.0237882225191366,mbh_plus_0p3dex,0.3,0.0,6.59,7.78,-1.1900000000000004,fedd2_spin_0_eps0p057_no_merger_boost,2.0,0.057190958417936644,1.0,-25.98678987212458,1.0308847803194678e-26,light_seed_scale
GN62309_juodzbalis25,GN-62309,5.172,spec,JADES,broad-line-agn,robust,individual_robust,juodzbalis25_jades_blagn,"Table 2 (BH/Lbol/lambda_Edd), Table 5 (Mstar)",False,False,False,True,0.1477846933859427,0.0064618041732414,consistent,30.0,1.0237882225191366,mbh_plus_0p3dex,0.3,0.0,6.59,7.78,-1.1900000000000004,fedd2_spin_0_eps0p057_merger_boost_x2,2.0,0.057190958417936644,2.0,-26.28781986778856,5.154423901597338e-27,light_seed_scale
GN62309_juodzbalis25,GN-62309,5.172,spec,JADES,broad-line-agn,robust,individual_robust,juodzbalis25_jades_blagn,"Table 2 (BH/Lbol/lambda_Edd), Table 5 (Mstar)",False,False,False,True,0.1477846933859427,0.0064618041732414,consistent,30.0,1.0237882225191366,mbh_plus_0p3dex,0.3,0.0,6.59,7.78,-1.1900000000000004,fedd2_spin_plus1_eps0p423_no_merger_boost,2.0,0.42264973081037416,1.0,3.89057852645386,7772.818494059147,intermediate_seed_scale
GN62309_juodzbalis25,GN-62309,5.172,spec,JADES,broad-line-agn,robust,individual_robust,juodzbalis25_jades_blagn,"Table 2 (BH/Lbol/lambda_Edd), Table 5 (Mstar)",False,False,False,True,0.1477846933859427,0.0064618041732414,consistent,30.0,1.0237882225191366,mbh_plus_0p3dex,0.3,0.0,6.59,7.78,-1.1900000000000004,fedd2_spin_plus1_eps0p423_merger_boost_x2,2.0,0.42264973081037416,2.0,3.589548530789879,3886.4092470295727,intermediate_seed_scale
GN62309_juodzbalis25,GN-62309,5.172,spec,JADES,broad-line-agn,robust,individual_robust,juodzbalis25_jades_blagn,"Table 2 (BH/Lbol/lambda_Edd), Table 5 (Mstar)",False,False,False,True,0.1477846933859427,0.0064618041732414,consistent,30.0,1.0237882225191366,mstar_agn_20pct,0.0,0.2,6.29,7.683089986991944,-1.393089986991944,fedd0p3_eps0p1_no_merger_boost,0.3,0.1,1.0,3.6222465459344035,4190.313787866631,intermediate_seed_scale
GN62309_juodzbalis25,GN-62309,5.172,spec,JADES,broad-line-agn,robust,individual_robust,juodzbalis25_jades_blagn,"Table 2 (BH/Lbol/lambda_Edd), Table 5 (Mstar)",False,False,False,True,0.1477846933859427,0.0064618041732414,consistent,30.0,1.0237882225191366,mstar_agn_20pct,0.0,0.2,6.29,7.683089986991944,-1.393089986991944,fedd0p3_eps0p1_merger_boost_x2,0.3,0.1,2.0,3.3212165502704223,2095.1568939333156,intermediate_seed_scale
GN62309_juodzbalis25,GN-62309,5.172,spec,JADES,broad-line-agn,robust,individual_robust,juodzbalis25_jades_blagn,"Table 2 (BH/Lbol/lambda_Edd), Table 5 (Mstar)",False,False,False,True,0.1477846933859427,0.0064618041732414,consistent,30.0,1.0237882225191366,mstar_agn_20pct,0.0,0.2,6.29,7.683089986991944,-1.393089986991944,fedd0p3_spin_minus1_eps0p038_no_merger_boost,0.3,0.037749551350623745,1.0,-1.265783567737473,0.05422710658673639,light_seed_scale
GN62309_juodzbalis25,GN-62309,5.172,spec,JADES,broad-line-agn,robust,individual_robust,juodzbalis25_jades_blagn,"Table 2 (BH/Lbol/lambda_Edd), Table 5 (Mstar)",False,False,False,True,0.1477846933859427,0.0064618041732414,consistent,30.0,1.0237882225191366,mstar_agn_20pct,0.0,0.2,6.29,7.683089986991944,-1.393089986991944,fedd0p3_spin_minus1_eps0p038_merger_boost_x2,0.3,0.037749551350623745,2.0,-1.5668135634014542,0.027113553293368193,light_seed_scale
GN62309_juodzbalis25,GN-62309,5.172,spec,JADES,broad-line-agn,robust,individual_robust,juodzbalis25_jades_blagn,"Table 2 (BH/Lbol/lambda_Edd), Table 5 (Mstar)",False,False,False,True,0.1477846933859427,0.0064618041732414,consistent,30.0,1.0237882225191366,mstar_agn_20pct,0.0,0.2,6.29,7.683089986991944,-1.393089986991944,fedd0p3_spin_0_eps0p057_no_merger_boost,0.3,0.057190958417936644,1.0,1.4034815191813124,25.321038827065394,light_seed_scale
GN62309_juodzbalis25,GN-62309,5.172,spec,JADES,broad-line-agn,robust,individual_robust,juodzbalis25_jades_blagn,"Table 2 (BH/Lbol/lambda_Edd), Table 5 (Mstar)",False,False,False,True,0.1477846933859427,0.0064618041732414,consistent,30.0,1.0237882225191366,mstar_agn_20pct,0.0,0.2,6.29,7.683089986991944,-1.393089986991944,fedd0p3_spin_0_eps0p057_merger_boost_x2,0.3,0.057190958417936644,2.0,1.1024515235173311,12.660519413532695,light_seed_scale
GN62309_juodzbalis25,GN-62309,5.172,spec,JADES,broad-line-agn,robust,individual_robust,juodzbalis25_jades_blagn,"Table 2 (BH/Lbol/lambda_Edd), Table 5 (Mstar)",False,False,False,True,0.1477846933859427,0.0064618041732414,consistent,30.0,1.0237882225191366,mstar_agn_20pct,0.0,0.2,6.29,7.683089986991944,-1.393089986991944,fedd0p3_spin_plus1_eps0p423_no_merger_boost,0.3,0.42264973081037416,1.0,5.885086778968079,767514.8357531835,heavy_seed_scale
GN62309_juodzbalis25,GN-62309,5.172,spec,JADES,broad-line-agn,robust,individual_robust,juodzbalis25_jades_blagn,"Table 2 (BH/Lbol/lambda_Edd), Table 5 (Mstar)",False,False,False,True,0.1477846933859427,0.0064618041732414,consistent,30.0,1.0237882225191366,mstar_agn_20pct,0.0,0.2,6.29,7.683089986991944,-1.393089986991944,fedd0p3_spin_plus1_eps0p423_merger_boost_x2,0.3,0.42264973081037416,2.0,5.5840567833040975,383757.4178765917,heavy_seed_scale
GN62309_juodzbalis25,GN-62309,5.172,spec,JADES,broad-line-agn,robust,individual_robust,juodzbalis25_jades_blagn,"Table 2 (BH/Lbol/lambda_Edd), Table 5 (Mstar)",False,False,False,True,0.1477846933859427,0.0064618041732414,consistent,30.0,1.0237882225191366,mstar_agn_20pct,0.0,0.2,6.29,7.683089986991944,-1.393089986991944,fedd1_eps0p1_no_merger_boost,1.0,0.1,1.0,-2.602511513551989,0.002497402179814205,light_seed_scale
GN62309_juodzbalis25,GN-62309,5.172,spec,JADES,broad-line-agn,robust,individual_robust,juodzbalis25_jades_blagn,"Table 2 (BH/Lbol/lambda_Edd), Table 5 (Mstar)",False,False,False,True,0.1477846933859427,0.0064618041732414,consistent,30.0,1.0237882225191366,mstar_agn_20pct,0.0,0.2,6.29,7.683089986991944,-1.393089986991944,fedd1_eps0p1_merger_boost_x2,1.0,0.1,2.0,-2.9035415092159704,0.0012487010899071022,light_seed_scale
GN62309_juodzbalis25,GN-62309,5.172,spec,JADES,broad-line-agn,robust,individual_robust,juodzbalis25_jades_blagn,"Table 2 (BH/Lbol/lambda_Edd), Table 5 (Mstar)",False,False,False,True,0.1477846933859427,0.0064618041732414,consistent,30.0,1.0237882225191366,mstar_agn_20pct,0.0,0.2,6.29,7.683089986991944,-1.393089986991944,fedd1_spin_minus1_eps0p038_no_merger_boost,1.0,0.037749551350623745,1.0,-18.89594522579158,1.2707343630120796e-19,light_seed_scale
GN62309_juodzbalis25,GN-62309,5.172,spec,JADES,broad-line-agn,robust,individual_robust,juodzbalis25_jades_blagn,"Table 2 (BH/Lbol/lambda_Edd), Table 5 (Mstar)",False,False,False,True,0.1477846933859427,0.0064618041732414,consistent,30.0,1.0237882225191366,mstar_agn_20pct,0.0,0.2,6.29,7.683089986991944,-1.393089986991944,fedd1_spin_minus1_eps0p038_merger_boost_x2,1.0,0.037749551350623745,2.0,-19.19697522145556,6.353671815060398e-20,light_seed_scale
GN62309_juodzbalis25,GN-62309,5.172,spec,JADES,broad-line-agn,robust,individual_robust,juodzbalis25_jades_blagn,"Table 2 (BH/Lbol/lambda_Edd), Table 5 (Mstar)",False,False,False,True,0.1477846933859427,0.0064618041732414,consistent,30.0,1.0237882225191366,mstar_agn_20pct,0.0,0.2,6.29,7.683089986991944,-1.393089986991944,fedd1_spin_0_eps0p057_no_merger_boost,1.0,0.057190958417936644,1.0,-9.99839493606229,1.0037026341726092e-10,light_seed_scale
GN62309_juodzbalis25,GN-62309,5.172,spec,JADES,broad-line-agn,robust,individual_robust,juodzbalis25_jades_blagn,"Table 2 (BH/Lbol/lambda_Edd), Table 5 (Mstar)",False,False,False,True,0.1477846933859427,0.0064618041732414,consistent,30.0,1.0237882225191366,mstar_agn_20pct,0.0,0.2,6.29,7.683089986991944,-1.393089986991944,fedd1_spin_0_eps0p057_merger_boost_x2,1.0,0.057190958417936644,2.0,-10.299424931726271,5.0185131708630454e-11,light_seed_scale
GN62309_juodzbalis25,GN-62309,5.172,spec,JADES,broad-line-agn,robust,individual_robust,juodzbalis25_jades_blagn,"Table 2 (BH/Lbol/lambda_Edd), Table 5 (Mstar)",False,False,False,True,0.1477846933859427,0.0064618041732414,consistent,30.0,1.0237882225191366,mstar_agn_20pct,0.0,0.2,6.29,7.683089986991944,-1.393089986991944,fedd1_spin_plus1_eps0p423_no_merger_boost,1.0,0.42264973081037416,1.0,4.94028926322693,87154.3891271592,heavy_seed_scale
GN62309_juodzbalis25,GN-62309,5.172,spec,JADES,broad-line-agn,robust,individual_robust,juodzbalis25_jades_blagn,"Table 2 (BH/Lbol/lambda_Edd), Table 5 (Mstar)",False,False,False,True,0.1477846933859427,0.0064618041732414,consistent,30.0,1.0237882225191366,mstar_agn_20pct,0.0,0.2,6.29,7.683089986991944,-1.393089986991944,fedd1_spin_plus1_eps0p423_merger_boost_x2,1.0,0.42264973081037416,2.0,4.639259267562949,43577.19456357959,heavy_seed_scale
GN62309_juodzbalis25,GN-62309,5.172,spec,JADES,broad-line-agn,robust,individual_robust,juodzbalis25_jades_blagn,"Table 2 (BH/Lbol/lambda_Edd), Table 5 (Mstar)",False,False,False,True,0.1477846933859427,0.0064618041732414,consistent,30.0,1.0237882225191366,mstar_agn_20pct,0.0,0.2,6.29,7.683089986991944,-1.393089986991944,fedd2_eps0p1_no_merger_boost,2.0,0.1,1.0,-11.49502302710398,3.198725502798877e-12,light_seed_scale
GN62309_juodzbalis25,GN-62309,5.172,spec,JADES,broad-line-agn,robust,individual_robust,juodzbalis25_jades_blagn,"Table 2 (BH/Lbol/lambda_Edd), Table 5 (Mstar)",False,False,False,True,0.1477846933859427,0.0064618041732414,consistent,30.0,1.0237882225191366,mstar_agn_20pct,0.0,0.2,6.29,7.683089986991944,-1.393089986991944,fedd2_eps0p1_merger_boost_x2,2.0,0.1,2.0,-11.79605302276796,1.5993627513994383e-12,light_seed_scale
GN62309_juodzbalis25,GN-62309,5.172,spec,JADES,broad-line-agn,robust,individual_robust,juodzbalis25_jades_blagn,"Table 2 (BH/Lbol/lambda_Edd), Table 5 (Mstar)",False,False,False,True,0.1477846933859427,0.0064618041732414,consistent,30.0,1.0237882225191366,mstar_agn_20pct,0.0,0.2,6.29,7.683089986991944,-1.393089986991944,fedd2_spin_minus1_eps0p038_no_merger_boost,2.0,0.037749551350623745,1.0,-44.081890451583156,8.281510339542413e-45,light_seed_scale
GN62309_juodzbalis25,GN-62309,5.172,spec,JADES,broad-line-agn,robust,individual_robust,juodzbalis25_jades_blagn,"Table 2 (BH/Lbol/lambda_Edd), Table 5 (Mstar)",False,False,False,True,0.1477846933859427,0.0064618041732414,consistent,30.0,1.0237882225191366,mstar_agn_20pct,0.0,0.2,6.29,7.683089986991944,-1.393089986991944,fedd2_spin_minus1_eps0p038_merger_boost_x2,2.0,0.037749551350623745,2.0,-44.38292044724714,4.140755169771206e-45,light_seed_scale
GN62309_juodzbalis25,GN-62309,5.172,spec,JADES,broad-line-agn,robust,individual_robust,juodzbalis25_jades_blagn,"Table 2 (BH/Lbol/lambda_Edd), Table 5 (Mstar)",False,False,False,True,0.1477846933859427,0.0064618041732414,consistent,30.0,1.0237882225191366,mstar_agn_20pct,0.0,0.2,6.29,7.683089986991944,-1.393089986991944,fedd2_spin_0_eps0p057_no_merger_boost,2.0,0.057190958417936644,1.0,-26.28678987212458,5.1666629123677154e-27,light_seed_scale
GN62309_juodzbalis25,GN-62309,5.172,spec,JADES,broad-line-agn,robust,individual_robust,juodzbalis25_jades_blagn,"Table 2 (BH/Lbol/lambda_Edd), Table 5 (Mstar)",False,False,False,True,0.1477846933859427,0.0064618041732414,consistent,30.0,1.0237882225191366,mstar_agn_20pct,0.0,0.2,6.29,7.683089986991944,-1.393089986991944,fedd2_spin_0_eps0p057_merger_boost_x2,2.0,0.057190958417936644,2.0,-26.58781986778856,2.5833314561838574e-27,light_seed_scale
GN62309_juodzbalis25,GN-62309,5.172,spec,JADES,broad-line-agn,robust,individual_robust,juodzbalis25_jades_blagn,"Table 2 (BH/Lbol/lambda_Edd), Table 5 (Mstar)",False,False,False,True,0.1477846933859427,0.0064618041732414,consistent,30.0,1.0237882225191366,mstar_agn_20pct,0.0,0.2,6.29,7.683089986991944,-1.393089986991944,fedd2_spin_plus1_eps0p423_no_merger_boost,2.0,0.42264973081037416,1.0,3.5905785264538603,3895.637398524406,intermediate_seed_scale
GN62309_juodzbalis25,GN-62309,5.172,spec,JADES,broad-line-agn,robust,individual_robust,juodzbalis25_jades_blagn,"Table 2 (BH/Lbol/lambda_Edd), Table 5 (Mstar)",False,False,False,True,0.1477846933859427,0.0064618041732414,consistent,30.0,1.0237882225191366,mstar_agn_20pct,0.0,0.2,6.29,7.683089986991944,-1.393089986991944,fedd2_spin_plus1_eps0p423_merger_boost_x2,2.0,0.42264973081037416,2.0,3.289548530789879,1947.8186992622027,intermediate_seed_scale
GN61888_juodzbalis25,GN-61888,5.874,spec,JADES,broad-line-agn,robust,individual_robust,juodzbalis25_jades_blagn,"Table 2 (BH/Lbol/lambda_Edd), Table 5 (Mstar)",False,False,False,True,0.1736318749166323,0.015643050220866,consistent,30.0,0.856519526458189,baseline,0.0,0.0,7.04,8.53,-1.4899999999999993,fedd0p3_eps0p1_no_merger_boost,0.3,0.1,1.0,4.808109776100934,64285.01892618817,heavy_seed_scale
GN61888_juodzbalis25,GN-61888,5.874,spec,JADES,broad-line-agn,robust,individual_robust,juodzbalis25_jades_blagn,"Table 2 (BH/Lbol/lambda_Edd), Table 5 (Mstar)",False,False,False,True,0.1736318749166323,0.015643050220866,consistent,30.0,0.856519526458189,baseline,0.0,0.0,7.04,8.53,-1.4899999999999993,fedd0p3_eps0p1_merger_boost_x2,0.3,0.1,2.0,4.5070797804369525,32142.50946309408,heavy_seed_scale
GN61888_juodzbalis25,GN-61888,5.874,spec,JADES,broad-line-agn,robust,individual_robust,juodzbalis25_jades_blagn,"Table 2 (BH/Lbol/lambda_Edd), Table 5 (Mstar)",False,False,False,True,0.1736318749166323,0.015643050220866,consistent,30.0,0.856519526458189,baseline,0.0,0.0,7.04,8.53,-1.4899999999999993,fedd0p3_spin_minus1_eps0p038_no_merger_boost,0.3,0.037749551350623745,1.0,0.7186964128823057,5.232345493636148,light_seed_scale
GN61888_juodzbalis25,GN-61888,5.874,spec,JADES,broad-line-agn,robust,individual_robust,juodzbalis25_jades_blagn,"Table 2 (BH/Lbol/lambda_Edd), Table 5 (Mstar)",False,False,False,True,0.1736318749166323,0.015643050220866,consistent,30.0,0.856519526458189,baseline,0.0,0.0,7.04,8.53,-1.4899999999999993,fedd0p3_spin_minus1_eps0p038_merger_boost_x2,0.3,0.037749551350623745,2.0,0.4176664172183244,2.6161727468180738,light_seed_scale
GN61888_juodzbalis25,GN-61888,5.874,spec,JADES,broad-line-agn,robust,individual_robust,juodzbalis25_jades_blagn,"Table 2 (BH/Lbol/lambda_Edd), Table 5 (Mstar)",False,False,False,True,0.1736318749166323,0.015643050220866,consistent,30.0,0.856519526458189,baseline,0.0,0.0,7.04,8.53,-1.4899999999999993,fedd0p3_spin_0_eps0p057_no_merger_boost,0.3,0.057190958417936644,1.0,2.9518512958457306,895.0582415807745,intermediate_seed_scale
GN61888_juodzbalis25,GN-61888,5.874,spec,JADES,broad-line-agn,robust,individual_robust,juodzbalis25_jades_blagn,"Table 2 (BH/Lbol/lambda_Edd), Table 5 (Mstar)",False,False,False,True,0.1736318749166323,0.015643050220866,consistent,30.0,0.856519526458189,baseline,0.0,0.0,7.04,8.53,-1.4899999999999993,fedd0p3_spin_0_eps0p057_merger_boost_x2,0.3,0.057190958417936644,2.0,2.6508213001817493,447.5291207903872,intermediate_seed_scale
GN61888_juodzbalis25,GN-61888,5.874,spec,JADES,broad-line-agn,robust,individual_robust,juodzbalis25_jades_blagn,"Table 2 (BH/Lbol/lambda_Edd), Table 5 (Mstar)",False,False,False,True,0.1736318749166323,0.015643050220866,consistent,30.0,0.856519526458189,baseline,0.0,0.0,7.04,8.53,-1.4899999999999993,fedd0p3_spin_plus1_eps0p423_no_merger_boost,0.3,0.42264973081037416,1.0,6.7012423617439705,5026230.043305237,above_heavy_seed_scale
GN61888_juodzbalis25,GN-61888,5.874,spec,JADES,broad-line-agn,robust,individual_robust,juodzbalis25_jades_blagn,"Table 2 (BH/Lbol/lambda_Edd), Table 5 (Mstar)",False,False,False,True,0.1736318749166323,0.015643050220866,consistent,30.0,0.856519526458189,baseline,0.0,0.0,7.04,8.53,-1.4899999999999993,fedd0p3_spin_plus1_eps0p423_merger_boost_x2,0.3,0.42264973081037416,2.0,6.400212366079989,2513115.0216526184,above_heavy_seed_scale
GN61888_juodzbalis25,GN-61888,5.874,spec,JADES,broad-line-agn,robust,individual_robust,juodzbalis25_jades_blagn,"Table 2 (BH/Lbol/lambda_Edd), Table 5 (Mstar)",False,False,False,True,0.1736318749166323,0.015643050220866,consistent,30.0,0.856519526458189,baseline,0.0,0.0,7.04,8.53,-1.4899999999999993,fedd1_eps0p1_no_merger_boost,1.0,0.1,1.0,-0.3996340796635547,0.39844274216096415,light_seed_scale
GN61888_juodzbalis25,GN-61888,5.874,spec,JADES,broad-line-agn,robust,individual_robust,juodzbalis25_jades_blagn,"Table 2 (BH/Lbol/lambda_Edd), Table 5 (Mstar)",False,False,False,True,0.1736318749166323,0.015643050220866,consistent,30.0,0.856519526458189,baseline,0.0,0.0,7.04,8.53,-1.4899999999999993,fedd1_eps0p1_merger_boost_x2,1.0,0.1,2.0,-0.7006640753275359,0.19922137108048205,light_seed_scale
GN61888_juodzbalis25,GN-61888,5.874,spec,JADES,broad-line-agn,robust,individual_robust,juodzbalis25_jades_blagn,"Table 2 (BH/Lbol/lambda_Edd), Table 5 (Mstar)",False,False,False,True,0.1736318749166323,0.015643050220866,consistent,30.0,0.856519526458189,baseline,0.0,0.0,7.04,8.53,-1.4899999999999993,fedd1_spin_minus1_eps0p038_no_merger_boost,1.0,0.037749551350623745,1.0,-14.031011957058983,9.310822404229713e-15,light_seed_scale
GN61888_juodzbalis25,GN-61888,5.874,spec,JADES,broad-line-agn,robust,individual_robust,juodzbalis25_jades_blagn,"Table 2 (BH/Lbol/lambda_Edd), Table 5 (Mstar)",False,False,False,True,0.1736318749166323,0.015643050220866,consistent,30.0,0.856519526458189,baseline,0.0,0.0,7.04,8.53,-1.4899999999999993,fedd1_spin_minus1_eps0p038_merger_boost_x2,1.0,0.037749551350623745,2.0,-14.332041952722964,4.655411202114857e-15,light_seed_scale
GN61888_juodzbalis25,GN-61888,5.874,spec,JADES,broad-line-agn,robust,individual_robust,juodzbalis25_jades_blagn,"Table 2 (BH/Lbol/lambda_Edd), Table 5 (Mstar)",False,False,False,True,0.1736318749166323,0.015643050220866,consistent,30.0,0.856519526458189,baseline,0.0,0.0,7.04,8.53,-1.4899999999999993,fedd1_spin_0_eps0p057_no_merger_boost,1.0,0.057190958417936644,1.0,-6.587162347180899,2.5872455748794465e-07,light_seed_scale
GN61888_juodzbalis25,GN-61888,5.874,spec,JADES,broad-line-agn,robust,individual_robust,juodzbalis25_jades_blagn,"Table 2 (BH/Lbol/lambda_Edd), Table 5 (Mstar)",False,False,False,True,0.1736318749166323,0.015643050220866,consistent,30.0,0.856519526458189,baseline,0.0,0.0,7.04,8.53,-1.4899999999999993,fedd1_spin_0_eps0p057_merger_boost_x2,1.0,0.057190958417936644,2.0,-6.888192342844881,1.293622787439723e-07,light_seed_scale
GN61888_juodzbalis25,GN-61888,5.874,spec,JADES,broad-line-agn,robust,individual_robust,juodzbalis25_jades_blagn,"Table 2 (BH/Lbol/lambda_Edd), Table 5 (Mstar)",False,False,False,True,0.1736318749166323,0.015643050220866,consistent,30.0,0.856519526458189,baseline,0.0,0.0,7.04,8.53,-1.4899999999999993,fedd1_spin_plus1_eps0p423_no_merger_boost,1.0,0.42264973081037416,1.0,5.910807872479902,814343.9467328559,heavy_seed_scale
GN61888_juodzbalis25,GN-61888,5.874,spec,JADES,broad-line-agn,robust,individual_robust,juodzbalis25_jades_blagn,"Table 2 (BH/Lbol/lambda_Edd), Table 5 (Mstar)",False,False,False,True,0.1736318749166323,0.015643050220866,consistent,30.0,0.856519526458189,baseline,0.0,0.0,7.04,8.53,-1.4899999999999993,fedd1_spin_plus1_eps0p423_merger_boost_x2,1.0,0.42264973081037416,2.0,5.6097778768159205,407171.97336642793,heavy_seed_scale
GN61888_juodzbalis25,GN-61888,5.874,spec,JADES,broad-line-agn,robust,individual_robust,juodzbalis25_jades_blagn,"Table 2 (BH/Lbol/lambda_Edd), Table 5 (Mstar)",False,False,False,True,0.1736318749166323,0.015643050220866,consistent,30.0,0.856519526458189,baseline,0.0,0.0,7.04,8.53,-1.4899999999999993,fedd2_eps0p1_no_merger_boost,2.0,0.1,1.0,-7.839268159327109,1.4478775714753668e-08,light_seed_scale
GN61888_juodzbalis25,GN-61888,5.874,spec,JADES,broad-line-agn,robust,individual_robust,juodzbalis25_jades_blagn,"Table 2 (BH/Lbol/lambda_Edd), Table 5 (Mstar)",False,False,False,True,0.1736318749166323,0.015643050220866,consistent,30.0,0.856519526458189,baseline,0.0,0.0,7.04,8.53,-1.4899999999999993,fedd2_eps0p1_merger_boost_x2,2.0,0.1,2.0,-8.14029815499109,7.239387857376848e-09,light_seed_scale
GN61888_juodzbalis25,GN-61888,5.874,spec,JADES,broad-line-agn,robust,individual_robust,juodzbalis25_jades_blagn,"Table 2 (BH/Lbol/lambda_Edd), Table 5 (Mstar)",False,False,False,True,0.1736318749166323,0.015643050220866,consistent,30.0,0.856519526458189,baseline,0.0,0.0,7.04,8.53,-1.4899999999999993,fedd2_spin_minus1_eps0p038_no_merger_boost,2.0,0.037749551350623745,1.0,-35.102023914117964,7.906350910400178e-36,light_seed_scale
GN61888_juodzbalis25,GN-61888,5.874,spec,JADES,broad-line-agn,robust,individual_robust,juodzbalis25_jades_blagn,"Table 2 (BH/Lbol/lambda_Edd), Table 5 (Mstar)",False,False,False,True,0.1736318749166323,0.015643050220866,consistent,30.0,0.856519526458189,baseline,0.0,0.0,7.04,8.53,-1.4899999999999993,fedd2_spin_minus1_eps0p038_merger_boost_x2,2.0,0.037749551350623745,2.0,-35.403053909781946,3.9531754552000884e-36,light_seed_scale
GN61888_juodzbalis25,GN-61888,5.874,spec,JADES,broad-line-agn,robust,individual_robust,juodzbalis25_jades_blagn,"Table 2 (BH/Lbol/lambda_Edd), Table 5 (Mstar)",False,False,False,True,0.1736318749166323,0.015643050220866,consistent,30.0,0.856519526458189,baseline,0.0,0.0,7.04,8.53,-1.4899999999999993,fedd2_spin_0_eps0p057_no_merger_boost,2.0,0.057190958417936644,1.0,-20.2143246943618,6.104854331147263e-21,light_seed_scale
GN61888_juodzbalis25,GN-61888,5.874,spec,JADES,broad-line-agn,robust,individual_robust,juodzbalis25_jades_blagn,"Table 2 (BH/Lbol/lambda_Edd), Table 5 (Mstar)",False,False,False,True,0.1736318749166323,0.015643050220866,consistent,30.0,0.856519526458189,baseline,0.0,0.0,7.04,8.53,-1.4899999999999993,fedd2_spin_0_eps0p057_merger_boost_x2,2.0,0.057190958417936644,2.0,-20.51535469002578,3.0524271655736313e-21,light_seed_scale
GN61888_juodzbalis25,GN-61888,5.874,spec,JADES,broad-line-agn,robust,individual_robust,juodzbalis25_jades_blagn,"Table 2 (BH/Lbol/lambda_Edd), Table 5 (Mstar)",False,False,False,True,0.1736318749166323,0.015643050220866,consistent,30.0,0.856519526458189,baseline,0.0,0.0,7.04,8.53,-1.4899999999999993,fedd2_spin_plus1_eps0p423_no_merger_boost,2.0,0.42264973081037416,1.0,4.7816157449598045,60480.55181699634,heavy_seed_scale
GN61888_juodzbalis25,GN-61888,5.874,spec,JADES,broad-line-agn,robust,individual_robust,juodzbalis25_jades_blagn,"Table 2 (BH/Lbol/lambda_Edd), Table 5 (Mstar)",False,False,False,True,0.1736318749166323,0.015643050220866,consistent,30.0,0.856519526458189,baseline,0.0,0.0,7.04,8.53,-1.4899999999999993,fedd2_spin_plus1_eps0p423_merger_boost_x2,2.0,0.42264973081037416,2.0,4.480585749295823,30240.275908498166,heavy_seed_scale
GN61888_juodzbalis25,GN-61888,5.874,spec,JADES,broad-line-agn,robust,individual_robust,juodzbalis25_jades_blagn,"Table 2 (BH/Lbol/lambda_Edd), Table 5 (Mstar)",False,False,False,True,0.1736318749166323,0.015643050220866,consistent,30.0,0.856519526458189,mbh_minus_0p3dex,-0.3,0.0,6.74,8.53,-1.7899999999999991,fedd0p3_eps0p1_no_merger_boost,0.3,0.1,1.0,4.508109776100934,32218.830799293104,heavy_seed_scale
GN61888_juodzbalis25,GN-61888,5.874,spec,JADES,broad-line-agn,robust,individual_robust,juodzbalis25_jades_blagn,"Table 2 (BH/Lbol/lambda_Edd), Table 5 (Mstar)",False,False,False,True,0.1736318749166323,0.015643050220866,consistent,30.0,0.856519526458189,mbh_minus_0p3dex,-0.3,0.0,6.74,8.53,-1.7899999999999991,fedd0p3_eps0p1_merger_boost_x2,0.3,0.1,2.0,4.207079780436953,16109.415399646548,heavy_seed_scale
GN61888_juodzbalis25,GN-61888,5.874,spec,JADES,broad-line-agn,robust,individual_robust,juodzbalis25_jades_blagn,"Table 2 (BH/Lbol/lambda_Edd), Table 5 (Mstar)",False,False,False,True,0.1736318749166323,0.015643050220866,consistent,30.0,0.856519526458189,mbh_minus_0p3dex,-0.3,0.0,6.74,8.53,-1.7899999999999991,fedd0p3_spin_minus1_eps0p038_no_merger_boost,0.3,0.037749551350623745,1.0,0.41869641288230586,2.6223847633376267,light_seed_scale
GN61888_juodzbalis25,GN-61888,5.874,spec,JADES,broad-line-agn,robust,individual_robust,juodzbalis25_jades_blagn,"Table 2 (BH/Lbol/lambda_Edd), Table 5 (Mstar)",False,False,False,True,0.1736318749166323,0.015643050220866,consistent,30.0,0.856519526458189,mbh_minus_0p3dex,-0.3,0.0,6.74,8.53,-1.7899999999999991,fedd0p3_spin_minus1_eps0p038_merger_boost_x2,0.3,0.037749551350623745,2.0,0.1176664172183246,1.3111923816688131,light_seed_scale
GN61888_juodzbalis25,GN-61888,5.874,spec,JADES,broad-line-agn,robust,individual_robust,juodzbalis25_jades_blagn,"Table 2 (BH/Lbol/lambda_Edd), Table 5 (Mstar)",False,False,False,True,0.1736318749166323,0.015643050220866,consistent,30.0,0.856519526458189,mbh_minus_0p3dex,-0.3,0.0,6.74,8.53,-1.7899999999999991,fedd0p3_spin_0_eps0p057_no_merger_boost,0.3,0.057190958417936644,1.0,2.6518512958457308,448.59176403315934,intermediate_seed_scale
GN61888_juodzbalis25,GN-61888,5.874,spec,JADES,broad-line-agn,robust,individual_robust,juodzbalis25_jades_blagn,"Table 2 (BH/Lbol/lambda_Edd), Table 5 (Mstar)",False,False,False,True,0.1736318749166323,0.015643050220866,consistent,30.0,0.856519526458189,mbh_minus_0p3dex,-0.3,0.0,6.74,8.53,-1.7899999999999991,fedd0p3_spin_0_eps0p057_merger_boost_x2,0.3,0.057190958417936644,2.0,2.3508213001817495,224.29588201657964,intermediate_seed_scale
GN61888_juodzbalis25,GN-61888,5.874,spec,JADES,broad-line-agn,robust,individual_robust,juodzbalis25_jades_blagn,"Table 2 (BH/Lbol/lambda_Edd), Table 5 (Mstar)",False,False,False,True,0.1736318749166323,0.015643050220866,consistent,30.0,0.856519526458189,mbh_minus_0p3dex,-0.3,0.0,6.74,8.53,-1.7899999999999991,fedd0p3_spin_plus1_eps0p423_no_merger_boost,0.3,0.42264973081037416,1.0,6.401242361743971,2519082.330978438,above_heavy_seed_scale
GN61888_juodzbalis25,GN-61888,5.874,spec,JADES,broad-line-agn,robust,individual_robust,juodzbalis25_jades_blagn,"Table 2 (BH/Lbol/lambda_Edd), Table 5 (Mstar)",False,False,False,True,0.1736318749166323,0.015643050220866,consistent,30.0,0.856519526458189,mbh_minus_0p3dex,-0.3,0.0,6.74,8.53,-1.7899999999999991,fedd0p3_spin_plus1_eps0p423_merger_boost_x2,0.3,0.42264973081037416,2.0,6.100212366079989,1259541.1654892187,above_heavy_seed_scale
GN61888_juodzbalis25,GN-61888,5.874,spec,JADES,broad-line-agn,robust,individual_robust,juodzbalis25_jades_blagn,"Table 2 (BH/Lbol/lambda_Edd), Table 5 (Mstar)",False,False,False,True,0.1736318749166323,0.015643050220866,consistent,30.0,0.856519526458189,mbh_minus_0p3dex,-0.3,0.0,6.74,8.53,-1.7899999999999991,fedd1_eps0p1_no_merger_boost,1.0,0.1,1.0,-0.6996340796635545,0.19969441570251825,light_seed_scale
GN61888_juodzbalis25,GN-61888,5.874,spec,JADES,broad-line-agn,robust,individual_robust,juodzbalis25_jades_blagn,"Table 2 (BH/Lbol/lambda_Edd), Table 5 (Mstar)",False,False,False,True,0.1736318749166323,0.015643050220866,consistent,30.0,0.856519526458189,mbh_minus_0p3dex,-0.3,0.0,6.74,8.53,-1.7899999999999991,fedd1_eps0p1_merger_boost_x2,1.0,0.1,2.0,-1.0006640753275358,0.09984720785125911,light_seed_scale
GN61888_juodzbalis25,GN-61888,5.874,spec,JADES,broad-line-agn,robust,individual_robust,juodzbalis25_jades_blagn,"Table 2 (BH/Lbol/lambda_Edd), Table 5 (Mstar)",False,False,False,True,0.1736318749166323,0.015643050220866,consistent,30.0,0.856519526458189,mbh_minus_0p3dex,-0.3,0.0,6.74,8.53,-1.7899999999999991,fedd1_spin_minus1_eps0p038_no_merger_boost,1.0,0.037749551350623745,1.0,-14.331011957058982,4.66646532357073e-15,light_seed_scale
GN61888_juodzbalis25,GN-61888,5.874,spec,JADES,broad-line-agn,robust,individual_robust,juodzbalis25_jades_blagn,"Table 2 (BH/Lbol/lambda_Edd), Table 5 (Mstar)",False,False,False,True,0.1736318749166323,0.015643050220866,consistent,30.0,0.856519526458189,mbh_minus_0p3dex,-0.3,0.0,6.74,8.53,-1.7899999999999991,fedd1_spin_minus1_eps0p038_merger_boost_x2,1.0,0.037749551350623745,2.0,-14.632041952722963,2.3332326617853648e-15,light_seed_scale
GN61888_juodzbalis25,GN-61888,5.874,spec,JADES,broad-line-agn,robust,individual_robust,juodzbalis25_jades_blagn,"Table 2 (BH/Lbol/lambda_Edd), Table 5 (Mstar)",False,False,False,True,0.1736318749166323,0.015643050220866,consistent,30.0,0.856519526458189,mbh_minus_0p3dex,-0.3,0.0,6.74,8.53,-1.7899999999999991,fedd1_spin_0_eps0p057_no_merger_boost,1.0,0.057190958417936644,1.0,-6.887162347180899,1.2966944523882318e-07,light_seed_scale
GN61888_juodzbalis25,GN-61888,5.874,spec,JADES,broad-line-agn,robust,individual_robust,juodzbalis25_jades_blagn,"Table 2 (BH/Lbol/lambda_Edd), Table 5 (Mstar)",False,False,False,True,0.1736318749166323,0.015643050220866,consistent,30.0,0.856519526458189,mbh_minus_0p3dex,-0.3,0.0,6.74,8.53,-1.7899999999999991,fedd1_spin_0_eps0p057_merger_boost_x2,1.0,0.057190958417936644,2.0,-7.18819234284488,6.483472261941159e-08,light_seed_scale
GN61888_juodzbalis25,GN-61888,5.874,spec,JADES,broad-line-agn,robust,individual_robust,juodzbalis25_jades_blagn,"Table 2 (BH/Lbol/lambda_Edd), Table 5 (Mstar)",False,False,False,True,0.1736318749166323,0.015643050220866,consistent,30.0,0.856519526458189,mbh_minus_0p3dex,-0.3,0.0,6.74,8.53,-1.7899999999999991,fedd1_spin_plus1_eps0p423_no_merger_boost,1.0,0.42264973081037416,1.0,5.610807872479902,408138.789884155,heavy_seed_scale
GN61888_juodzbalis25,GN-61888,5.874,spec,JADES,broad-line-agn,robust,individual_robust,juodzbalis25_jades_blagn,"Table 2 (BH/Lbol/lambda_Edd), Table 5 (Mstar)",False,False,False,True,0.1736318749166323,0.015643050220866,consistent,30.0,0.856519526458189,mbh_minus_0p3dex,-0.3,0.0,6.74,8.53,-1.7899999999999991,fedd1_spin_plus1_eps0p423_merger_boost_x2,1.0,0.42264973081037416,2.0,5.309777876815921,204069.3949420775,heavy_seed_scale
GN61888_juodzbalis25,GN-61888,5.874,spec,JADES,broad-line-agn,robust,individual_robust,juodzbalis25_jades_blagn,"Table 2 (BH/Lbol/lambda_Edd), Table 5 (Mstar)",False,False,False,True,0.1736318749166323,0.015643050220866,consistent,30.0,0.856519526458189,mbh_minus_0p3dex,-0.3,0.0,6.74,8.53,-1.7899999999999991,fedd2_eps0p1_no_merger_boost,2.0,0.1,1.0,-8.13926815932711,7.256577546787126e-09,light_seed_scale
GN61888_juodzbalis25,GN-61888,5.874,spec,JADES,broad-line-agn,robust,individual_robust,juodzbalis25_jades_blagn,"Table 2 (BH/Lbol/lambda_Edd), Table 5 (Mstar)",False,False,False,True,0.1736318749166323,0.015643050220866,consistent,30.0,0.856519526458189,mbh_minus_0p3dex,-0.3,0.0,6.74,8.53,-1.7899999999999991,fedd2_eps0p1_merger_boost_x2,2.0,0.1,2.0,-8.44029815499109,3.6282887733935624e-09,light_seed_scale
GN61888_juodzbalis25,GN-61888,5.874,spec,JADES,broad-line-agn,robust,individual_robust,juodzbalis25_jades_blagn,"Table 2 (BH/Lbol/lambda_Edd), Table 5 (Mstar)",False,False,False,True,0.1736318749166323,0.015643050220866,consistent,30.0,0.856519526458189,mbh_minus_0p3dex,-0.3,0.0,6.74,8.53,-1.7899999999999991,fedd2_spin_minus1_eps0p038_no_merger_boost,2.0,0.037749551350623745,1.0,-35.40202391411796,3.962562140869957e-36,light_seed_scale
GN61888_juodzbalis25,GN-61888,5.874,spec,JADES,broad-line-agn,robust,individual_robust,juodzbalis25_jades_blagn,"Table 2 (BH/Lbol/lambda_Edd), Table 5 (Mstar)",False,False,False,True,0.1736318749166323,0.015643050220866,consistent,30.0,0.856519526458189,mbh_minus_0p3dex,-0.3,0.0,6.74,8.53,-1.7899999999999991,fedd2_spin_minus1_eps0p038_merger_boost_x2,2.0,0.037749551350623745,2.0,-35.70305390978194,1.9812810704349783e-36,light_seed_scale
GN61888_juodzbalis25,GN-61888,5.874,spec,JADES,broad-line-agn,robust,individual_robust,juodzbalis25_jades_blagn,"Table 2 (BH/Lbol/lambda_Edd), Table 5 (Mstar)",False,False,False,True,0.1736318749166323,0.015643050220866,consistent,30.0,0.856519526458189,mbh_minus_0p3dex,-0.3,0.0,6.74,8.53,-1.7899999999999991,fedd2_spin_0_eps0p057_no_merger_boost,2.0,0.057190958417936644,1.0,-20.514324694361797,3.0596750539251887e-21,light_seed_scale
GN61888_juodzbalis25,GN-61888,5.874,spec,JADES,broad-line-agn,robust,individual_robust,juodzbalis25_jades_blagn,"Table 2 (BH/Lbol/lambda_Edd), Table 5 (Mstar)",False,False,False,True,0.1736318749166323,0.015643050220866,consistent,30.0,0.856519526458189,mbh_minus_0p3dex,-0.3,0.0,6.74,8.53,-1.7899999999999991,fedd2_spin_0_eps0p057_merger_boost_x2,2.0,0.057190958417936644,2.0,-20.815354690025778,1.5298375269625942e-21,light_seed_scale
GN61888_juodzbalis25,GN-61888,5.874,spec,JADES,broad-line-agn,robust,individual_robust,juodzbalis25_jades_blagn,"Table 2 (BH/Lbol/lambda_Edd), Table 5 (Mstar)",False,False,False,True,0.1736318749166323,0.015643050220866,consistent,30.0,0.856519526458189,mbh_minus_0p3dex,-0.3,0.0,6.74,8.53,-1.7899999999999991,fedd2_spin_plus1_eps0p423_no_merger_boost,2.0,0.42264973081037416,1.0,4.481615744959804,30312.080453411243,heavy_seed_scale
GN61888_juodzbalis25,GN-61888,5.874,spec,JADES,broad-line-agn,robust,individual_robust,juodzbalis25_jades_blagn,"Table 2 (BH/Lbol/lambda_Edd), Table 5 (Mstar)",False,False,False,True,0.1736318749166323,0.015643050220866,consistent,30.0,0.856519526458189,mbh_minus_0p3dex,-0.3,0.0,6.74,8.53,-1.7899999999999991,fedd2_spin_plus1_eps0p423_merger_boost_x2,2.0,0.42264973081037416,2.0,4.1805857492958225,15156.04022670562,heavy_seed_scale
GN61888_juodzbalis25,GN-61888,5.874,spec,JADES,broad-line-agn,robust,individual_robust,juodzbalis25_jades_blagn,"Table 2 (BH/Lbol/lambda_Edd), Table 5 (Mstar)",False,False,False,True,0.1736318749166323,0.015643050220866,consistent,30.0,0.856519526458189,mbh_plus_0p3dex,0.3,0.0,7.34,8.53,-1.1899999999999995,fedd0p3_eps0p1_no_merger_boost,0.3,0.1,1.0,5.1081097761009335,128265.4756804844,heavy_seed_scale
GN61888_juodzbalis25,GN-61888,5.874,spec,JADES,broad-line-agn,robust,individual_robust,juodzbalis25_jades_blagn,"Table 2 (BH/Lbol/lambda_Edd), Table 5 (Mstar)",False,False,False,True,0.1736318749166323,0.015643050220866,consistent,30.0,0.856519526458189,mbh_plus_0p3dex,0.3,0.0,7.34,8.53,-1.1899999999999995,fedd0p3_eps0p1_merger_boost_x2,0.3,0.1,2.0,4.807079780436952,64132.73784024219,heavy_seed_scale
GN61888_juodzbalis25,GN-61888,5.874,spec,JADES,broad-line-agn,robust,individual_robust,juodzbalis25_jades_blagn,"Table 2 (BH/Lbol/lambda_Edd), Table 5 (Mstar)",False,False,False,True,0.1736318749166323,0.015643050220866,consistent,30.0,0.856519526458189,mbh_plus_0p3dex,0.3,0.0,7.34,8.53,-1.1899999999999995,fedd0p3_spin_minus1_eps0p038_no_merger_boost,0.3,0.037749551350623745,1.0,1.0186964128823055,10.439901782349443,light_seed_scale
GN61888_juodzbalis25,GN-61888,5.874,spec,JADES,broad-line-agn,robust,individual_robust,juodzbalis25_jades_blagn,"Table 2 (BH/Lbol/lambda_Edd), Table 5 (Mstar)",False,False,False,True,0.1736318749166323,0.015643050220866,consistent,30.0,0.856519526458189,mbh_plus_0p3dex,0.3,0.0,7.34,8.53,-1.1899999999999995,fedd0p3_spin_minus1_eps0p038_merger_boost_x2,0.3,0.037749551350623745,2.0,0.7176664172183242,5.2199508911747206,light_seed_scale
GN61888_juodzbalis25,GN-61888,5.874,spec,JADES,broad-line-agn,robust,individual_robust,juodzbalis25_jades_blagn,"Table 2 (BH/Lbol/lambda_Edd), Table 5 (Mstar)",False,False,False,True,0.1736318749166323,0.015643050220866,consistent,30.0,0.856519526458189,mbh_plus_0p3dex,0.3,0.0,7.34,8.53,-1.1899999999999995,fedd0p3_spin_0_eps0p057_no_merger_boost,0.3,0.057190958417936644,1.0,3.2518512958457304,1785.8759791284301,intermediate_seed_scale
GN61888_juodzbalis25,GN-61888,5.874,spec,JADES,broad-line-agn,robust,individual_robust,juodzbalis25_jades_blagn,"Table 2 (BH/Lbol/lambda_Edd), Table 5 (Mstar)",False,False,False,True,0.1736318749166323,0.015643050220866,consistent,30.0,0.856519526458189,mbh_plus_0p3dex,0.3,0.0,7.34,8.53,-1.1899999999999995,fedd0p3_spin_0_eps0p057_merger_boost_x2,0.3,0.057190958417936644,2.0,2.950821300181749,892.937989564215,intermediate_seed_scale
GN61888_juodzbalis25,GN-61888,5.874,spec,JADES,broad-line-agn,robust,individual_robust,juodzbalis25_jades_blagn,"Table 2 (BH/Lbol/lambda_Edd), Table 5 (Mstar)",False,False,False,True,0.1736318749166323,0.015643050220866,consistent,30.0,0.856519526458189,mbh_plus_0p3dex,0.3,0.0,7.34,8.53,-1.1899999999999995,fedd0p3_spin_plus1_eps0p423_no_merger_boost,0.3,0.42264973081037416,1.0,7.00124236174397,10028647.391771335,above_heavy_seed_scale
GN61888_juodzbalis25,GN-61888,5.874,spec,JADES,broad-line-agn,robust,individual_robust,juodzbalis25_jades_blagn,"Table 2 (BH/Lbol/lambda_Edd), Table 5 (Mstar)",False,False,False,True,0.1736318749166323,0.015643050220866,consistent,30.0,0.856519526458189,mbh_plus_0p3dex,0.3,0.0,7.34,8.53,-1.1899999999999995,fedd0p3_spin_plus1_eps0p423_merger_boost_x2,0.3,0.42264973081037416,2.0,6.700212366079989,5014323.695885667,above_heavy_seed_scale
GN61888_juodzbalis25,GN-61888,5.874,spec,JADES,broad-line-agn,robust,individual_robust,juodzbalis25_jades_blagn,"Table 2 (BH/Lbol/lambda_Edd), Table 5 (Mstar)",False,False,False,True,0.1736318749166323,0.015643050220866,consistent,30.0,0.856519526458189,mbh_plus_0p3dex,0.3,0.0,7.34,8.53,-1.1899999999999995,fedd1_eps0p1_no_merger_boost,1.0,0.1,1.0,-0.09963407966355486,0.7949977881066335,light_seed_scale
GN61888_juodzbalis25,GN-61888,5.874,spec,JADES,broad-line-agn,robust,individual_robust,juodzbalis25_jades_blagn,"Table 2 (BH/Lbol/lambda_Edd), Table 5 (Mstar)",False,False,False,True,0.1736318749166323,0.015643050220866,consistent,30.0,0.856519526458189,mbh_plus_0p3dex,0.3,0.0,7.34,8.53,-1.1899999999999995,fedd1_eps0p1_merger_boost_x2,1.0,0.1,2.0,-0.4006640753275361,0.3974988940533167,light_seed_scale
GN61888_juodzbalis25,GN-61888,5.874,spec,JADES,broad-line-agn,robust,individual_robust,juodzbalis25_jades_blagn,"Table 2 (BH/Lbol/lambda_Edd), Table 5 (Mstar)",False,False,False,True,0.1736318749166323,0.015643050220866,consistent,30.0,0.856519526458189,mbh_plus_0p3dex,0.3,0.0,7.34,8.53,-1.1899999999999995,fedd1_spin_minus1_eps0p038_no_merger_boost,1.0,0.037749551350623745,1.0,-13.731011957058982,1.857753306452752e-14,light_seed_scale
GN61888_juodzbalis25,GN-61888,5.874,spec,JADES,broad-line-agn,robust,individual_robust,juodzbalis25_jades_blagn,"Table 2 (BH/Lbol/lambda_Edd), Table 5 (Mstar)",False,False,False,True,0.1736318749166323,0.015643050220866,consistent,30.0,0.856519526458189,mbh_plus_0p3dex,0.3,0.0,7.34,8.53,-1.1899999999999995,fedd1_spin_minus1_eps0p038_merger_boost_x2,1.0,0.037749551350623745,2.0,-14.032041952722963,9.288766532263758e-15,light_seed_scale
GN61888_juodzbalis25,GN-61888,5.874,spec,JADES,broad-line-agn,robust,individual_robust,juodzbalis25_jades_blagn,"Table 2 (BH/Lbol/lambda_Edd), Table 5 (Mstar)",False,False,False,True,0.1736318749166323,0.015643050220866,consistent,30.0,0.856519526458189,mbh_plus_0p3dex,0.3,0.0,7.34,8.53,-1.1899999999999995,fedd1_spin_0_eps0p057_no_merger_boost,1.0,0.057190958417936644,1.0,-6.2871623471808995,5.162233595126951e-07,light_seed_scale
GN61888_juodzbalis25,GN-61888,5.874,spec,JADES,broad-line-agn,robust,individual_robust,juodzbalis25_jades_blagn,"Table 2 (BH/Lbol/lambda_Edd), Table 5 (Mstar)",False,False,False,True,0.1736318749166323,0.015643050220866,consistent,30.0,0.856519526458189,mbh_plus_0p3dex,0.3,0.0,7.34,8.53,-1.1899999999999995,fedd1_spin_0_eps0p057_merger_boost_x2,1.0,0.057190958417936644,2.0,-6.588192342844881,2.5811167975634756e-07,light_seed_scale
GN61888_juodzbalis25,GN-61888,5.874,spec,JADES,broad-line-agn,robust,individual_robust,juodzbalis25_jades_blagn,"Table 2 (BH/Lbol/lambda_Edd), Table 5 (Mstar)",False,False,False,True,0.1736318749166323,0.015643050220866,consistent,30.0,0.856519526458189,mbh_plus_0p3dex,0.3,0.0,7.34,8.53,-1.1899999999999995,fedd1_spin_plus1_eps0p423_no_merger_boost,1.0,0.42264973081037416,1.0,6.210807872479902,1624829.7883390915,above_heavy_seed_scale
GN61888_juodzbalis25,GN-61888,5.874,spec,JADES,broad-line-agn,robust,individual_robust,juodzbalis25_jades_blagn,"Table 2 (BH/Lbol/lambda_Edd), Table 5 (Mstar)",False,False,False,True,0.1736318749166323,0.015643050220866,consistent,30.0,0.856519526458189,mbh_plus_0p3dex,0.3,0.0,7.34,8.53,-1.1899999999999995,fedd1_spin_plus1_eps0p423_merger_boost_x2,1.0,0.42264973081037416,2.0,5.90977787681592,812414.8941695456,heavy_seed_scale
GN61888_juodzbalis25,GN-61888,5.874,spec,JADES,broad-line-agn,robust,individual_robust,juodzbalis25_jades_blagn,"Table 2 (BH/Lbol/lambda_Edd), Table 5 (Mstar)",False,False,False,True,0.1736318749166323,0.015643050220866,consistent,30.0,0.856519526458189,mbh_plus_0p3dex,0.3,0.0,7.34,8.53,-1.1899999999999995,fedd2_eps0p1_no_merger_boost,2.0,0.1,1.0,-7.53926815932711,2.8888955550534587e-08,light_seed_scale
GN61888_juodzbalis25,GN-61888,5.874,spec,JADES,broad-line-agn,robust,individual_robust,juodzbalis25_jades_blagn,"Table 2 (BH/Lbol/lambda_Edd), Table 5 (Mstar)",False,False,False,True,0.1736318749166323,0.015643050220866,consistent,30.0,0.856519526458189,mbh_plus_0p3dex,0.3,0.0,7.34,8.53,-1.1899999999999995,fedd2_eps0p1_merger_boost_x2,2.0,0.1,2.0,-7.840298154991091,1.444447777526729e-08,light_seed_scale
GN61888_juodzbalis25,GN-61888,5.874,spec,JADES,broad-line-agn,robust,individual_robust,juodzbalis25_jades_blagn,"Table 2 (BH/Lbol/lambda_Edd), Table 5 (Mstar)",False,False,False,True,0.1736318749166323,0.015643050220866,consistent,30.0,0.856519526458189,mbh_plus_0p3dex,0.3,0.0,7.34,8.53,-1.1899999999999995,fedd2_spin_minus1_eps0p038_no_merger_boost,2.0,0.037749551350623745,1.0,-34.80202391411797,1.5775244020441266e-35,light_seed_scale
GN61888_juodzbalis25,GN-61888,5.874,spec,JADES,broad-line-agn,robust,individual_robust,juodzbalis25_jades_blagn,"Table 2 (BH/Lbol/lambda_Edd), Table 5 (Mstar)",False,False,False,True,0.1736318749166323,0.015643050220866,consistent,30.0,0.856519526458189,mbh_plus_0p3dex,0.3,0.0,7.34,8.53,-1.1899999999999995,fedd2_spin_minus1_eps0p038_merger_boost_x2,2.0,0.037749551350623745,2.0,-35.10305390978195,7.887622010220631e-36,light_seed_scale
GN61888_juodzbalis25,GN-61888,5.874,spec,JADES,broad-line-agn,robust,individual_robust,juodzbalis25_jades_blagn,"Table 2 (BH/Lbol/lambda_Edd), Table 5 (Mstar)",False,False,False,True,0.1736318749166323,0.015643050220866,consistent,30.0,0.856519526458189,mbh_plus_0p3dex,0.3,0.0,7.34,8.53,-1.1899999999999995,fedd2_spin_0_eps0p057_no_merger_boost,2.0,0.057190958417936644,1.0,-19.9143246943618,1.2180785785312701e-20,light_seed_scale
GN61888_juodzbalis25,GN-61888,5.874,spec,JADES,broad-line-agn,robust,individual_robust,juodzbalis25_jades_blagn,"Table 2 (BH/Lbol/lambda_Edd), Table 5 (Mstar)",False,False,False,True,0.1736318749166323,0.015643050220866,consistent,30.0,0.856519526458189,mbh_plus_0p3dex,0.3,0.0,7.34,8.53,-1.1899999999999995,fedd2_spin_0_eps0p057_merger_boost_x2,2.0,0.057190958417936644,2.0,-20.21535469002578,6.09039289265635e-21,light_seed_scale
GN61888_juodzbalis25,GN-61888,5.874,spec,JADES,broad-line-agn,robust,individual_robust,juodzbalis25_jades_blagn,"Table 2 (BH/Lbol/lambda_Edd), Table 5 (Mstar)",False,False,False,True,0.1736318749166323,0.015643050220866,consistent,30.0,0.856519526458189,mbh_plus_0p3dex,0.3,0.0,7.34,8.53,-1.1899999999999995,fedd2_spin_plus1_eps0p423_no_merger_boost,2.0,0.42264973081037416,1.0,5.081615744959803,120674.5658289751,heavy_seed_scale
GN61888_juodzbalis25,GN-61888,5.874,spec,JADES,broad-line-agn,robust,individual_robust,juodzbalis25_jades_blagn,"Table 2 (BH/Lbol/lambda_Edd), Table 5 (Mstar)",False,False,False,True,0.1736318749166323,0.015643050220866,consistent,30.0,0.856519526458189,mbh_plus_0p3dex,0.3,0.0,7.34,8.53,-1.1899999999999995,fedd2_spin_plus1_eps0p423_merger_boost_x2,2.0,0.42264973081037416,2.0,4.780585749295822,60337.28291448754,heavy_seed_scale
GN61888_juodzbalis25,GN-61888,5.874,spec,JADES,broad-line-agn,robust,individual_robust,juodzbalis25_jades_blagn,"Table 2 (BH/Lbol/lambda_Edd), Table 5 (Mstar)",False,False,False,True,0.1736318749166323,0.015643050220866,consistent,30.0,0.856519526458189,mstar_agn_20pct,0.0,0.2,7.04,8.433089986991943,-1.393089986991943,fedd0p3_eps0p1_no_merger_boost,0.3,0.1,1.0,4.808109776100934,64285.01892618817,heavy_seed_scale
GN61888_juodzbalis25,GN-61888,5.874,spec,JADES,broad-line-agn,robust,individual_robust,juodzbalis25_jades_blagn,"Table 2 (BH/Lbol/lambda_Edd), Table 5 (Mstar)",False,False,False,True,0.1736318749166323,0.015643050220866,consistent,30.0,0.856519526458189,mstar_agn_20pct,0.0,0.2,7.04,8.433089986991943,-1.393089986991943,fedd0p3_eps0p1_merger_boost_x2,0.3,0.1,2.0,4.5070797804369525,32142.50946309408,heavy_seed_scale
GN61888_juodzbalis25,GN-61888,5.874,spec,JADES,broad-line-agn,robust,individual_robust,juodzbalis25_jades_blagn,"Table 2 (BH/Lbol/lambda_Edd), Table 5 (Mstar)",False,False,False,True,0.1736318749166323,0.015643050220866,consistent,30.0,0.856519526458189,mstar_agn_20pct,0.0,0.2,7.04,8.433089986991943,-1.393089986991943,fedd0p3_spin_minus1_eps0p038_no_merger_boost,0.3,0.037749551350623745,1.0,0.7186964128823057,5.232345493636148,light_seed_scale
GN61888_juodzbalis25,GN-61888,5.874,spec,JADES,broad-line-agn,robust,individual_robust,juodzbalis25_jades_blagn,"Table 2 (BH/Lbol/lambda_Edd), Table 5 (Mstar)",False,False,False,True,0.1736318749166323,0.015643050220866,consistent,30.0,0.856519526458189,mstar_agn_20pct,0.0,0.2,7.04,8.433089986991943,-1.393089986991943,fedd0p3_spin_minus1_eps0p038_merger_boost_x2,0.3,0.037749551350623745,2.0,0.4176664172183244,2.6161727468180738,light_seed_scale
GN61888_juodzbalis25,GN-61888,5.874,spec,JADES,broad-line-agn,robust,individual_robust,juodzbalis25_jades_blagn,"Table 2 (BH/Lbol/lambda_Edd), Table 5 (Mstar)",False,False,False,True,0.1736318749166323,0.015643050220866,consistent,30.0,0.856519526458189,mstar_agn_20pct,0.0,0.2,7.04,8.433089986991943,-1.393089986991943,fedd0p3_spin_0_eps0p057_no_merger_boost,0.3,0.057190958417936644,1.0,2.9518512958457306,895.0582415807745,intermediate_seed_scale
GN61888_juodzbalis25,GN-61888,5.874,spec,JADES,broad-line-agn,robust,individual_robust,juodzbalis25_jades_blagn,"Table 2 (BH/Lbol/lambda_Edd), Table 5 (Mstar)",False,False,False,True,0.1736318749166323,0.015643050220866,consistent,30.0,0.856519526458189,mstar_agn_20pct,0.0,0.2,7.04,8.433089986991943,-1.393089986991943,fedd0p3_spin_0_eps0p057_merger_boost_x2,0.3,0.057190958417936644,2.0,2.6508213001817493,447.5291207903872,intermediate_seed_scale
GN61888_juodzbalis25,GN-61888,5.874,spec,JADES,broad-line-agn,robust,individual_robust,juodzbalis25_jades_blagn,"Table 2 (BH/Lbol/lambda_Edd), Table 5 (Mstar)",False,False,False,True,0.1736318749166323,0.015643050220866,consistent,30.0,0.856519526458189,mstar_agn_20pct,0.0,0.2,7.04,8.433089986991943,-1.393089986991943,fedd0p3_spin_plus1_eps0p423_no_merger_boost,0.3,0.42264973081037416,1.0,6.7012423617439705,5026230.043305237,above_heavy_seed_scale
GN61888_juodzbalis25,GN-61888,5.874,spec,JADES,broad-line-agn,robust,individual_robust,juodzbalis25_jades_blagn,"Table 2 (BH/Lbol/lambda_Edd), Table 5 (Mstar)",False,False,False,True,0.1736318749166323,0.015643050220866,consistent,30.0,0.856519526458189,mstar_agn_20pct,0.0,0.2,7.04,8.433089986991943,-1.393089986991943,fedd0p3_spin_plus1_eps0p423_merger_boost_x2,0.3,0.42264973081037416,2.0,6.400212366079989,2513115.0216526184,above_heavy_seed_scale
GN61888_juodzbalis25,GN-61888,5.874,spec,JADES,broad-line-agn,robust,individual_robust,juodzbalis25_jades_blagn,"Table 2 (BH/Lbol/lambda_Edd), Table 5 (Mstar)",False,False,False,True,0.1736318749166323,0.015643050220866,consistent,30.0,0.856519526458189,mstar_agn_20pct,0.0,0.2,7.04,8.433089986991943,-1.393089986991943,fedd1_eps0p1_no_merger_boost,1.0,0.1,1.0,-0.3996340796635547,0.39844274216096415,light_seed_scale
GN61888_juodzbalis25,GN-61888,5.874,spec,JADES,broad-line-agn,robust,individual_robust,juodzbalis25_jades_blagn,"Table 2 (BH/Lbol/lambda_Edd), Table 5 (Mstar)",False,False,False,True,0.1736318749166323,0.015643050220866,consistent,30.0,0.856519526458189,mstar_agn_20pct,0.0,0.2,7.04,8.433089986991943,-1.393089986991943,fedd1_eps0p1_merger_boost_x2,1.0,0.1,2.0,-0.7006640753275359,0.19922137108048205,light_seed_scale
GN61888_juodzbalis25,GN-61888,5.874,spec,JADES,broad-line-agn,robust,individual_robust,juodzbalis25_jades_blagn,"Table 2 (BH/Lbol/lambda_Edd), Table 5 (Mstar)",False,False,False,True,0.1736318749166323,0.015643050220866,consistent,30.0,0.856519526458189,mstar_agn_20pct,0.0,0.2,7.04,8.433089986991943,-1.393089986991943,fedd1_spin_minus1_eps0p038_no_merger_boost,1.0,0.037749551350623745,1.0,-14.031011957058983,9.310822404229713e-15,light_seed_scale
GN61888_juodzbalis25,GN-61888,5.874,spec,JADES,broad-line-agn,robust,individual_robust,juodzbalis25_jades_blagn,"Table 2 (BH/Lbol/lambda_Edd), Table 5 (Mstar)",False,False,False,True,0.1736318749166323,0.015643050220866,consistent,30.0,0.856519526458189,mstar_agn_20pct,0.0,0.2,7.04,8.433089986991943,-1.393089986991943,fedd1_spin_minus1_eps0p038_merger_boost_x2,1.0,0.037749551350623745,2.0,-14.332041952722964,4.655411202114857e-15,light_seed_scale
GN61888_juodzbalis25,GN-61888,5.874,spec,JADES,broad-line-agn,robust,individual_robust,juodzbalis25_jades_blagn,"Table 2 (BH/Lbol/lambda_Edd), Table 5 (Mstar)",False,False,False,True,0.1736318749166323,0.015643050220866,consistent,30.0,0.856519526458189,mstar_agn_20pct,0.0,0.2,7.04,8.433089986991943,-1.393089986991943,fedd1_spin_0_eps0p057_no_merger_boost,1.0,0.057190958417936644,1.0,-6.587162347180899,2.5872455748794465e-07,light_seed_scale
GN61888_juodzbalis25,GN-61888,5.874,spec,JADES,broad-line-agn,robust,individual_robust,juodzbalis25_jades_blagn,"Table 2 (BH/Lbol/lambda_Edd), Table 5 (Mstar)",False,False,False,True,0.1736318749166323,0.015643050220866,consistent,30.0,0.856519526458189,mstar_agn_20pct,0.0,0.2,7.04,8.433089986991943,-1.393089986991943,fedd1_spin_0_eps0p057_merger_boost_x2,1.0,0.057190958417936644,2.0,-6.888192342844881,1.293622787439723e-07,light_seed_scale
GN61888_juodzbalis25,GN-61888,5.874,spec,JADES,broad-line-agn,robust,individual_robust,juodzbalis25_jades_blagn,"Table 2 (BH/Lbol/lambda_Edd), Table 5 (Mstar)",False,False,False,True,0.1736318749166323,0.015643050220866,consistent,30.0,0.856519526458189,mstar_agn_20pct,0.0,0.2,7.04,8.433089986991943,-1.393089986991943,fedd1_spin_plus1_eps0p423_no_merger_boost,1.0,0.42264973081037416,1.0,5.910807872479902,814343.9467328559,heavy_seed_scale
GN61888_juodzbalis25,GN-61888,5.874,spec,JADES,broad-line-agn,robust,individual_robust,juodzbalis25_jades_blagn,"Table 2 (BH/Lbol/lambda_Edd), Table 5 (Mstar)",False,False,False,True,0.1736318749166323,0.015643050220866,consistent,30.0,0.856519526458189,mstar_agn_20pct,0.0,0.2,7.04,8.433089986991943,-1.393089986991943,fedd1_spin_plus1_eps0p423_merger_boost_x2,1.0,0.42264973081037416,2.0,5.6097778768159205,407171.97336642793,heavy_seed_scale
GN61888_juodzbalis25,GN-61888,5.874,spec,JADES,broad-line-agn,robust,individual_robust,juodzbalis25_jades_blagn,"Table 2 (BH/Lbol/lambda_Edd), Table 5 (Mstar)",False,False,False,True,0.1736318749166323,0.015643050220866,consistent,30.0,0.856519526458189,mstar_agn_20pct,0.0,0.2,7.04,8.433089986991943,-1.393089986991943,fedd2_eps0p1_no_merger_boost,2.0,0.1,1.0,-7.839268159327109,1.4478775714753668e-08,light_seed_scale
GN61888_juodzbalis25,GN-61888,5.874,spec,JADES,broad-line-agn,robust,individual_robust,juodzbalis25_jades_blagn,"Table 2 (BH/Lbol/lambda_Edd), Table 5 (Mstar)",False,False,False,True,0.1736318749166323,0.015643050220866,consistent,30.0,0.856519526458189,mstar_agn_20pct,0.0,0.2,7.04,8.433089986991943,-1.393089986991943,fedd2_eps0p1_merger_boost_x2,2.0,0.1,2.0,-8.14029815499109,7.239387857376848e-09,light_seed_scale
GN61888_juodzbalis25,GN-61888,5.874,spec,JADES,broad-line-agn,robust,individual_robust,juodzbalis25_jades_blagn,"Table 2 (BH/Lbol/lambda_Edd), Table 5 (Mstar)",False,False,False,True,0.1736318749166323,0.015643050220866,consistent,30.0,0.856519526458189,mstar_agn_20pct,0.0,0.2,7.04,8.433089986991943,-1.393089986991943,fedd2_spin_minus1_eps0p038_no_merger_boost,2.0,0.037749551350623745,1.0,-35.102023914117964,7.906350910400178e-36,light_seed_scale
GN61888_juodzbalis25,GN-61888,5.874,spec,JADES,broad-line-agn,robust,individual_robust,juodzbalis25_jades_blagn,"Table 2 (BH/Lbol/lambda_Edd), Table 5 (Mstar)",False,False,False,True,0.1736318749166323,0.015643050220866,consistent,30.0,0.856519526458189,mstar_agn_20pct,0.0,0.2,7.04,8.433089986991943,-1.393089986991943,fedd2_spin_minus1_eps0p038_merger_boost_x2,2.0,0.037749551350623745,2.0,-35.403053909781946,3.9531754552000884e-36,light_seed_scale
GN61888_juodzbalis25,GN-61888,5.874,spec,JADES,broad-line-agn,robust,individual_robust,juodzbalis25_jades_blagn,"Table 2 (BH/Lbol/lambda_Edd), Table 5 (Mstar)",False,False,False,True,0.1736318749166323,0.015643050220866,consistent,30.0,0.856519526458189,mstar_agn_20pct,0.0,0.2,7.04,8.433089986991943,-1.393089986991943,fedd2_spin_0_eps0p057_no_merger_boost,2.0,0.057190958417936644,1.0,-20.2143246943618,6.104854331147263e-21,light_seed_scale
GN61888_juodzbalis25,GN-61888,5.874,spec,JADES,broad-line-agn,robust,individual_robust,juodzbalis25_jades_blagn,"Table 2 (BH/Lbol/lambda_Edd), Table 5 (Mstar)",False,False,False,True,0.1736318749166323,0.015643050220866,consistent,30.0,0.856519526458189,mstar_agn_20pct,0.0,0.2,7.04,8.433089986991943,-1.393089986991943,fedd2_spin_0_eps0p057_merger_boost_x2,2.0,0.057190958417936644,2.0,-20.51535469002578,3.0524271655736313e-21,light_seed_scale
GN61888_juodzbalis25,GN-61888,5.874,spec,JADES,broad-line-agn,robust,individual_robust,juodzbalis25_jades_blagn,"Table 2 (BH/Lbol/lambda_Edd), Table 5 (Mstar)",False,False,False,True,0.1736318749166323,0.015643050220866,consistent,30.0,0.856519526458189,mstar_agn_20pct,0.0,0.2,7.04,8.433089986991943,-1.393089986991943,fedd2_spin_plus1_eps0p423_no_merger_boost,2.0,0.42264973081037416,1.0,4.7816157449598045,60480.55181699634,heavy_seed_scale
GN61888_juodzbalis25,GN-61888,5.874,spec,JADES,broad-line-agn,robust,individual_robust,juodzbalis25_jades_blagn,"Table 2 (BH/Lbol/lambda_Edd), Table 5 (Mstar)",False,False,False,True,0.1736318749166323,0.015643050220866,consistent,30.0,0.856519526458189,mstar_agn_20pct,0.0,0.2,7.04,8.433089986991943,-1.393089986991943,fedd2_spin_plus1_eps0p423_merger_boost_x2,2.0,0.42264973081037416,2.0,4.480585749295823,30240.275908498166,heavy_seed_scale
GN53757_juodzbalis25,GN-53757,4.447,spec,JADES,broad-line-agn,robust,individual_robust,juodzbalis25_jades_blagn,"Table 2 (BH/Lbol/lambda_Edd), Table 5 (Mstar)",False,False,False,True,0.0723818126472944,-0.0145314148681805,consistent,30.0,1.2545167030147277,baseline,0.0,0.0,7.33,10.38,-3.0500000000000007,fedd0p3_eps0p1_no_merger_boost,0.3,0.1,1.0,4.06102191055146,11508.584493349204,heavy_seed_scale
GN53757_juodzbalis25,GN-53757,4.447,spec,JADES,broad-line-agn,robust,individual_robust,juodzbalis25_jades_blagn,"Table 2 (BH/Lbol/lambda_Edd), Table 5 (Mstar)",False,False,False,True,0.0723818126472944,-0.0145314148681805,consistent,30.0,1.2545167030147277,baseline,0.0,0.0,7.33,10.38,-3.0500000000000007,fedd0p3_eps0p1_merger_boost_x2,0.3,0.1,2.0,3.7599919148874785,5754.292246674596,intermediate_seed_scale
GN53757_juodzbalis25,GN-53757,4.447,spec,JADES,broad-line-agn,robust,individual_robust,juodzbalis25_jades_blagn,"Table 2 (BH/Lbol/lambda_Edd), Table 5 (Mstar)",False,False,False,True,0.0723818126472944,-0.0145314148681805,consistent,30.0,1.2545167030147277,baseline,0.0,0.0,7.33,10.38,-3.0500000000000007,fedd0p3_spin_minus1_eps0p038_no_merger_boost,0.3,0.037749551350623745,1.0,-1.9286107962515597,0.011786617872850517,light_seed_scale
GN53757_juodzbalis25,GN-53757,4.447,spec,JADES,broad-line-agn,robust,individual_robust,juodzbalis25_jades_blagn,"Table 2 (BH/Lbol/lambda_Edd), Table 5 (Mstar)",False,False,False,True,0.0723818126472944,-0.0145314148681805,consistent,30.0,1.2545167030147277,baseline,0.0,0.0,7.33,10.38,-3.0500000000000007,fedd0p3_spin_minus1_eps0p038_merger_boost_x2,0.3,0.037749551350623745,2.0,-2.229640791915541,0.0058933089364252575,light_seed_scale
GN53757_juodzbalis25,GN-53757,4.447,spec,JADES,broad-line-agn,robust,individual_robust,juodzbalis25_jades_blagn,"Table 2 (BH/Lbol/lambda_Edd), Table 5 (Mstar)",False,False,False,True,0.0723818126472944,-0.0145314148681805,consistent,30.0,1.2545167030147277,baseline,0.0,0.0,7.33,10.38,-3.0500000000000007,fedd0p3_spin_0_eps0p057_no_merger_boost,0.3,0.057190958417936644,1.0,1.342219598802222,21.98971490501157,light_seed_scale
GN53757_juodzbalis25,GN-53757,4.447,spec,JADES,broad-line-agn,robust,individual_robust,juodzbalis25_jades_blagn,"Table 2 (BH/Lbol/lambda_Edd), Table 5 (Mstar)",False,False,False,True,0.0723818126472944,-0.0145314148681805,consistent,30.0,1.2545167030147277,baseline,0.0,0.0,7.33,10.38,-3.0500000000000007,fedd0p3_spin_0_eps0p057_merger_boost_x2,0.3,0.057190958417936644,2.0,1.0411896031382408,10.994857452505784,light_seed_scale
GN53757_juodzbalis25,GN-53757,4.447,spec,JADES,broad-line-agn,robust,individual_robust,juodzbalis25_jades_blagn,"Table 2 (BH/Lbol/lambda_Edd), Table 5 (Mstar)",False,False,False,True,0.0723818126472944,-0.0145314148681805,consistent,30.0,1.2545167030147277,baseline,0.0,0.0,7.33,10.38,-3.0500000000000007,fedd0p3_spin_plus1_eps0p423_no_merger_boost,0.3,0.42264973081037416,1.0,6.833832542822064,6820756.457015264,above_heavy_seed_scale
GN53757_juodzbalis25,GN-53757,4.447,spec,JADES,broad-line-agn,robust,individual_robust,juodzbalis25_jades_blagn,"Table 2 (BH/Lbol/lambda_Edd), Table 5 (Mstar)",False,False,False,True,0.0723818126472944,-0.0145314148681805,consistent,30.0,1.2545167030147277,baseline,0.0,0.0,7.33,10.38,-3.0500000000000007,fedd0p3_spin_plus1_eps0p423_merger_boost_x2,0.3,0.42264973081037416,2.0,6.532802547158083,3410378.2285076315,above_heavy_seed_scale
GN53757_juodzbalis25,GN-53757,4.447,spec,JADES,broad-line-agn,robust,individual_robust,juodzbalis25_jades_blagn,"Table 2 (BH/Lbol/lambda_Edd), Table 5 (Mstar)",False,False,False,True,0.0723818126472944,-0.0145314148681805,consistent,30.0,1.2545167030147277,baseline,0.0,0.0,7.33,10.38,-3.0500000000000007,fedd1_eps0p1_no_merger_boost,1.0,0.1,1.0,-3.5665936314951363,0.0002712728739745604,light_seed_scale
GN53757_juodzbalis25,GN-53757,4.447,spec,JADES,broad-line-agn,robust,individual_robust,juodzbalis25_jades_blagn,"Table 2 (BH/Lbol/lambda_Edd), Table 5 (Mstar)",False,False,False,True,0.0723818126472944,-0.0145314148681805,consistent,30.0,1.2545167030147277,baseline,0.0,0.0,7.33,10.38,-3.0500000000000007,fedd1_eps0p1_merger_boost_x2,1.0,0.1,2.0,-3.8676236271591176,0.0001356364369872802,light_seed_scale
GN53757_juodzbalis25,GN-53757,4.447,spec,JADES,broad-line-agn,robust,individual_robust,juodzbalis25_jades_blagn,"Table 2 (BH/Lbol/lambda_Edd), Table 5 (Mstar)",False,False,False,True,0.0723818126472944,-0.0145314148681805,consistent,30.0,1.2545167030147277,baseline,0.0,0.0,7.33,10.38,-3.0500000000000007,fedd1_spin_minus1_eps0p038_no_merger_boost,1.0,0.037749551350623745,1.0,-23.532035987505203,2.9374062357853878e-24,light_seed_scale
GN53757_juodzbalis25,GN-53757,4.447,spec,JADES,broad-line-agn,robust,individual_robust,juodzbalis25_jades_blagn,"Table 2 (BH/Lbol/lambda_Edd), Table 5 (Mstar)",False,False,False,True,0.0723818126472944,-0.0145314148681805,consistent,30.0,1.2545167030147277,baseline,0.0,0.0,7.33,10.38,-3.0500000000000007,fedd1_spin_minus1_eps0p038_merger_boost_x2,1.0,0.037749551350623745,2.0,-23.833065983169185,1.4687031178926937e-24,light_seed_scale
GN53757_juodzbalis25,GN-53757,4.447,spec,JADES,broad-line-agn,robust,individual_robust,juodzbalis25_jades_blagn,"Table 2 (BH/Lbol/lambda_Edd), Table 5 (Mstar)",False,False,False,True,0.0723818126472944,-0.0145314148681805,consistent,30.0,1.2545167030147277,baseline,0.0,0.0,7.33,10.38,-3.0500000000000007,fedd1_spin_0_eps0p057_no_merger_boost,1.0,0.057190958417936644,1.0,-12.629268003992598,2.348183305035033e-13,light_seed_scale
GN53757_juodzbalis25,GN-53757,4.447,spec,JADES,broad-line-agn,robust,individual_robust,juodzbalis25_jades_blagn,"Table 2 (BH/Lbol/lambda_Edd), Table 5 (Mstar)",False,False,False,True,0.0723818126472944,-0.0145314148681805,consistent,30.0,1.2545167030147277,baseline,0.0,0.0,7.33,10.38,-3.0500000000000007,fedd1_spin_0_eps0p057_merger_boost_x2,1.0,0.057190958417936644,2.0,-12.93029799965658,1.1740916525175164e-13,light_seed_scale
GN53757_juodzbalis25,GN-53757,4.447,spec,JADES,broad-line-agn,robust,individual_robust,juodzbalis25_jades_blagn,"Table 2 (BH/Lbol/lambda_Edd), Table 5 (Mstar)",False,False,False,True,0.0723818126472944,-0.0145314148681805,consistent,30.0,1.2545167030147277,baseline,0.0,0.0,7.33,10.38,-3.0500000000000007,fedd1_spin_plus1_eps0p423_no_merger_boost,1.0,0.42264973081037416,1.0,5.676108476073546,474360.4540316929,heavy_seed_scale
GN53757_juodzbalis25,GN-53757,4.447,spec,JADES,broad-line-agn,robust,individual_robust,juodzbalis25_jades_blagn,"Table 2 (BH/Lbol/lambda_Edd), Table 5 (Mstar)",False,False,False,True,0.0723818126472944,-0.0145314148681805,consistent,30.0,1.2545167030147277,baseline,0.0,0.0,7.33,10.38,-3.0500000000000007,fedd1_spin_plus1_eps0p423_merger_boost_x2,1.0,0.42264973081037416,2.0,5.375078480409565,237180.2270158464,heavy_seed_scale
GN53757_juodzbalis25,GN-53757,4.447,spec,JADES,broad-line-agn,robust,individual_robust,juodzbalis25_jades_blagn,"Table 2 (BH/Lbol/lambda_Edd), Table 5 (Mstar)",False,False,False,True,0.0723818126472944,-0.0145314148681805,consistent,30.0,1.2545167030147277,baseline,0.0,0.0,7.33,10.38,-3.0500000000000007,fedd2_eps0p1_no_merger_boost,2.0,0.1,1.0,-14.463187262990273,3.4420148287826267e-15,light_seed_scale
GN53757_juodzbalis25,GN-53757,4.447,spec,JADES,broad-line-agn,robust,individual_robust,juodzbalis25_jades_blagn,"Table 2 (BH/Lbol/lambda_Edd), Table 5 (Mstar)",False,False,False,True,0.0723818126472944,-0.0145314148681805,consistent,30.0,1.2545167030147277,baseline,0.0,0.0,7.33,10.38,-3.0500000000000007,fedd2_eps0p1_merger_boost_x2,2.0,0.1,2.0,-14.764217258654254,1.7210074143913132e-15,light_seed_scale
GN53757_juodzbalis25,GN-53757,4.447,spec,JADES,broad-line-agn,robust,individual_robust,juodzbalis25_jades_blagn,"Table 2 (BH/Lbol/lambda_Edd), Table 5 (Mstar)",False,False,False,True,0.0723818126472944,-0.0145314148681805,consistent,30.0,1.2545167030147277,baseline,0.0,0.0,7.33,10.38,-3.0500000000000007,fedd2_spin_minus1_eps0p038_no_merger_boost,2.0,0.037749551350623745,1.0,-54.394071975010405,4.035785029303209e-55,light_seed_scale
GN53757_juodzbalis25,GN-53757,4.447,spec,JADES,broad-line-agn,robust,individual_robust,juodzbalis25_jades_blagn,"Table 2 (BH/Lbol/lambda_Edd), Table 5 (Mstar)",False,False,False,True,0.0723818126472944,-0.0145314148681805,consistent,30.0,1.2545167030147277,baseline,0.0,0.0,7.33,10.38,-3.0500000000000007,fedd2_spin_minus1_eps0p038_merger_boost_x2,2.0,0.037749551350623745,2.0,-54.695101970674386,2.017892514651604e-55,light_seed_scale
GN53757_juodzbalis25,GN-53757,4.447,spec,JADES,broad-line-agn,robust,individual_robust,juodzbalis25_jades_blagn,"Table 2 (BH/Lbol/lambda_Edd), Table 5 (Mstar)",False,False,False,True,0.0723818126472944,-0.0145314148681805,consistent,30.0,1.2545167030147277,baseline,0.0,0.0,7.33,10.38,-3.0500000000000007,fedd2_spin_0_eps0p057_no_merger_boost,2.0,0.057190958417936644,1.0,-32.5885360079852,2.5790751207047868e-33,light_seed_scale
GN53757_juodzbalis25,GN-53757,4.447,spec,JADES,broad-line-agn,robust,individual_robust,juodzbalis25_jades_blagn,"Table 2 (BH/Lbol/lambda_Edd), Table 5 (Mstar)",False,False,False,True,0.0723818126472944,-0.0145314148681805,consistent,30.0,1.2545167030147277,baseline,0.0,0.0,7.33,10.38,-3.0500000000000007,fedd2_spin_0_eps0p057_merger_boost_x2,2.0,0.057190958417936644,2.0,-32.88956600364918,1.2895375603523932e-33,light_seed_scale
GN53757_juodzbalis25,GN-53757,4.447,spec,JADES,broad-line-agn,robust,individual_robust,juodzbalis25_jades_blagn,"Table 2 (BH/Lbol/lambda_Edd), Table 5 (Mstar)",False,False,False,True,0.0723818126472944,-0.0145314148681805,consistent,30.0,1.2545167030147277,baseline,0.0,0.0,7.33,10.38,-3.0500000000000007,fedd2_spin_plus1_eps0p423_no_merger_boost,2.0,0.42264973081037416,1.0,4.022216952147091,10524.875134785143,heavy_seed_scale
GN53757_juodzbalis25,GN-53757,4.447,spec,JADES,broad-line-agn,robust,individual_robust,juodzbalis25_jades_blagn,"Table 2 (BH/Lbol/lambda_Edd), Table 5 (Mstar)",False,False,False,True,0.0723818126472944,-0.0145314148681805,consistent,30.0,1.2545167030147277,baseline,0.0,0.0,7.33,10.38,-3.0500000000000007,fedd2_spin_plus1_eps0p423_merger_boost_x2,2.0,0.42264973081037416,2.0,3.72118695648311,5262.437567392571,intermediate_seed_scale
GN53757_juodzbalis25,GN-53757,4.447,spec,JADES,broad-line-agn,robust,individual_robust,juodzbalis25_jades_blagn,"Table 2 (BH/Lbol/lambda_Edd), Table 5 (Mstar)",False,False,False,True,0.0723818126472944,-0.0145314148681805,consistent,30.0,1.2545167030147277,mbh_minus_0p3dex,-0.3,0.0,7.03,10.38,-3.3500000000000005,fedd0p3_eps0p1_no_merger_boost,0.3,0.1,1.0,3.76102191055146,5767.955625187407,intermediate_seed_scale
GN53757_juodzbalis25,GN-53757,4.447,spec,JADES,broad-line-agn,robust,individual_robust,juodzbalis25_jades_blagn,"Table 2 (BH/Lbol/lambda_Edd), Table 5 (Mstar)",False,False,False,True,0.0723818126472944,-0.0145314148681805,consistent,30.0,1.2545167030147277,mbh_minus_0p3dex,-0.3,0.0,7.03,10.38,-3.3500000000000005,fedd0p3_eps0p1_merger_boost_x2,0.3,0.1,2.0,3.4599919148874787,2883.977812593703,intermediate_seed_scale
GN53757_juodzbalis25,GN-53757,4.447,spec,JADES,broad-line-agn,robust,individual_robust,juodzbalis25_jades_blagn,"Table 2 (BH/Lbol/lambda_Edd), Table 5 (Mstar)",False,False,False,True,0.0723818126472944,-0.0145314148681805,consistent,30.0,1.2545167030147277,mbh_minus_0p3dex,-0.3,0.0,7.03,10.38,-3.3500000000000005,fedd0p3_spin_minus1_eps0p038_no_merger_boost,0.3,0.037749551350623745,1.0,-2.2286107962515596,0.005907302405515717,light_seed_scale
GN53757_juodzbalis25,GN-53757,4.447,spec,JADES,broad-line-agn,robust,individual_robust,juodzbalis25_jades_blagn,"Table 2 (BH/Lbol/lambda_Edd), Table 5 (Mstar)",False,False,False,True,0.0723818126472944,-0.0145314148681805,consistent,30.0,1.2545167030147277,mbh_minus_0p3dex,-0.3,0.0,7.03,10.38,-3.3500000000000005,fedd0p3_spin_minus1_eps0p038_merger_boost_x2,0.3,0.037749551350623745,2.0,-2.529640791915541,0.002953651202757858,light_seed_scale
GN53757_juodzbalis25,GN-53757,4.447,spec,JADES,broad-line-agn,robust,individual_robust,juodzbalis25_jades_blagn,"Table 2 (BH/Lbol/lambda_Edd), Table 5 (Mstar)",False,False,False,True,0.0723818126472944,-0.0145314148681805,consistent,30.0,1.2545167030147277,mbh_minus_0p3dex,-0.3,0.0,7.03,10.38,-3.3500000000000005,fedd0p3_spin_0_eps0p057_no_merger_boost,0.3,0.057190958417936644,1.0,1.0422195988022223,11.02096438149515,light_seed_scale
GN53757_juodzbalis25,GN-53757,4.447,spec,JADES,broad-line-agn,robust,individual_robust,juodzbalis25_jades_blagn,"Table 2 (BH/Lbol/lambda_Edd), Table 5 (Mstar)",False,False,False,True,0.0723818126472944,-0.0145314148681805,consistent,30.0,1.2545167030147277,mbh_minus_0p3dex,-0.3,0.0,7.03,10.38,-3.3500000000000005,fedd0p3_spin_0_eps0p057_merger_boost_x2,0.3,0.057190958417936644,2.0,0.741189603138241,5.510482190747575,light_seed_scale
GN53757_juodzbalis25,GN-53757,4.447,spec,JADES,broad-line-agn,robust,individual_robust,juodzbalis25_jades_blagn,"Table 2 (BH/Lbol/lambda_Edd), Table 5 (Mstar)",False,False,False,True,0.0723818126472944,-0.0145314148681805,consistent,30.0,1.2545167030147277,mbh_minus_0p3dex,-0.3,0.0,7.03,10.38,-3.3500000000000005,fedd0p3_spin_plus1_eps0p423_no_merger_boost,0.3,0.42264973081037416,1.0,6.533832542822064,3418476.0599368364,above_heavy_seed_scale
GN53757_juodzbalis25,GN-53757,4.447,spec,JADES,broad-line-agn,robust,individual_robust,juodzbalis25_jades_blagn,"Table 2 (BH/Lbol/lambda_Edd), Table 5 (Mstar)",False,False,False,True,0.0723818126472944,-0.0145314148681805,consistent,30.0,1.2545167030147277,mbh_minus_0p3dex,-0.3,0.0,7.03,10.38,-3.3500000000000005,fedd0p3_spin_plus1_eps0p423_merger_boost_x2,0.3,0.42264973081037416,2.0,6.232802547158083,1709238.029968418,above_heavy_seed_scale
GN53757_juodzbalis25,GN-53757,4.447,spec,JADES,broad-line-agn,robust,individual_robust,juodzbalis25_jades_blagn,"Table 2 (BH/Lbol/lambda_Edd), Table 5 (Mstar)",False,False,False,True,0.0723818126472944,-0.0145314148681805,consistent,30.0,1.2545167030147277,mbh_minus_0p3dex,-0.3,0.0,7.03,10.38,-3.3500000000000005,fedd1_eps0p1_no_merger_boost,1.0,0.1,1.0,-3.866593631495136,0.00013595850126542965,light_seed_scale
GN53757_juodzbalis25,GN-53757,4.447,spec,JADES,broad-line-agn,robust,individual_robust,juodzbalis25_jades_blagn,"Table 2 (BH/Lbol/lambda_Edd), Table 5 (Mstar)",False,False,False,True,0.0723818126472944,-0.0145314148681805,consistent,30.0,1.2545167030147277,mbh_minus_0p3dex,-0.3,0.0,7.03,10.38,-3.3500000000000005,fedd1_eps0p1_merger_boost_x2,1.0,0.1,2.0,-4.167623627159117,6.797925063271483e-05,light_seed_scale
GN53757_juodzbalis25,GN-53757,4.447,spec,JADES,broad-line-agn,robust,individual_robust,juodzbalis25_jades_blagn,"Table 2 (BH/Lbol/lambda_Edd), Table 5 (Mstar)",False,False,False,True,0.0723818126472944,-0.0145314148681805,consistent,30.0,1.2545167030147277,mbh_minus_0p3dex,-0.3,0.0,7.03,10.38,-3.3500000000000005,fedd1_spin_minus1_eps0p038_no_merger_boost,1.0,0.037749551350623745,1.0,-23.8320359875052,1.4721905053527873e-24,light_seed_scale
GN53757_juodzbalis25,GN-53757,4.447,spec,JADES,broad-line-agn,robust,individual_robust,juodzbalis25_jades_blagn,"Table 2 (BH/Lbol/lambda_Edd), Table 5 (Mstar)",False,False,False,True,0.0723818126472944,-0.0145314148681805,consistent,30.0,1.2545167030147277,mbh_minus_0p3dex,-0.3,0.0,7.03,10.38,-3.3500000000000005,fedd1_spin_minus1_eps0p038_merger_boost_x2,1.0,0.037749551350623745,2.0,-24.133065983169182,7.360952526763936e-25,light_seed_scale
GN53757_juodzbalis25,GN-53757,4.447,spec,JADES,broad-line-agn,robust,individual_robust,juodzbalis25_jades_blagn,"Table 2 (BH/Lbol/lambda_Edd), Table 5 (Mstar)",False,False,False,True,0.0723818126472944,-0.0145314148681805,consistent,30.0,1.2545167030147277,mbh_minus_0p3dex,-0.3,0.0,7.03,10.38,-3.3500000000000005,fedd1_spin_0_eps0p057_no_merger_boost,1.0,0.057190958417936644,1.0,-12.929268003992597,1.1768794947002563e-13,light_seed_scale
GN53757_juodzbalis25,GN-53757,4.447,spec,JADES,broad-line-agn,robust,individual_robust,juodzbalis25_jades_blagn,"Table 2 (BH/Lbol/lambda_Edd), Table 5 (Mstar)",False,False,False,True,0.0723818126472944,-0.0145314148681805,consistent,30.0,1.2545167030147277,mbh_minus_0p3dex,-0.3,0.0,7.03,10.38,-3.3500000000000005,fedd1_spin_0_eps0p057_merger_boost_x2,1.0,0.057190958417936644,2.0,-13.230297999656578,5.884397473501281e-14,light_seed_scale
GN53757_juodzbalis25,GN-53757,4.447,spec,JADES,broad-line-agn,robust,individual_robust,juodzbalis25_jades_blagn,"Table 2 (BH/Lbol/lambda_Edd), Table 5 (Mstar)",False,False,False,True,0.0723818126472944,-0.0145314148681805,consistent,30.0,1.2545167030147277,mbh_minus_0p3dex,-0.3,0.0,7.03,10.38,-3.3500000000000005,fedd1_spin_plus1_eps0p423_no_merger_boost,1.0,0.42264973081037416,1.0,5.376108476073545,237743.40369832062,heavy_seed_scale
GN53757_juodzbalis25,GN-53757,4.447,spec,JADES,broad-line-agn,robust,individual_robust,juodzbalis25_jades_blagn,"Table 2 (BH/Lbol/lambda_Edd), Table 5 (Mstar)",False,False,False,True,0.0723818126472944,-0.0145314148681805,consistent,30.0,1.2545167030147277,mbh_minus_0p3dex,-0.3,0.0,7.03,10.38,-3.3500000000000005,fedd1_spin_plus1_eps0p423_merger_boost_x2,1.0,0.42264973081037416,2.0,5.075078480409564,118871.7018491603,heavy_seed_scale
GN53757_juodzbalis25,GN-53757,4.447,spec,JADES,broad-line-agn,robust,individual_robust,juodzbalis25_jades_blagn,"Table 2 (BH/Lbol/lambda_Edd), Table 5 (Mstar)",False,False,False,True,0.0723818126472944,-0.0145314148681805,consistent,30.0,1.2545167030147277,mbh_minus_0p3dex,-0.3,0.0,7.03,10.38,-3.3500000000000005,fedd2_eps0p1_no_merger_boost,2.0,0.1,1.0,-14.763187262990272,1.7250938901416182e-15,light_seed_scale
GN53757_juodzbalis25,GN-53757,4.447,spec,JADES,broad-line-agn,robust,individual_robust,juodzbalis25_jades_blagn,"Table 2 (BH/Lbol/lambda_Edd), Table 5 (Mstar)",False,False,False,True,0.0723818126472944,-0.0145314148681805,consistent,30.0,1.2545167030147277,mbh_minus_0p3dex,-0.3,0.0,7.03,10.38,-3.3500000000000005,fedd2_eps0p1_merger_boost_x2,2.0,0.1,2.0,-15.064217258654253,8.62546945070809e-16,light_seed_scale
GN53757_juodzbalis25,GN-53757,4.447,spec,JADES,broad-line-agn,robust,individual_robust,juodzbalis25_jades_blagn,"Table 2 (BH/Lbol/lambda_Edd), Table 5 (Mstar)",False,False,False,True,0.0723818126472944,-0.0145314148681805,consistent,30.0,1.2545167030147277,mbh_minus_0p3dex,-0.3,0.0,7.03,10.38,-3.3500000000000005,fedd2_spin_minus1_eps0p038_no_merger_boost,2.0,0.037749551350623745,1.0,-54.6940719750104,2.0226839343508484e-55,light_seed_scale
GN53757_juodzbalis25,GN-53757,4.447,spec,JADES,broad-line-agn,robust,individual_robust,juodzbalis25_jades_blagn,"Table 2 (BH/Lbol/lambda_Edd), Table 5 (Mstar)",False,False,False,True,0.0723818126472944,-0.0145314148681805,consistent,30.0,1.2545167030147277,mbh_minus_0p3dex,-0.3,0.0,7.03,10.38,-3.3500000000000005,fedd2_spin_minus1_eps0p038_merger_boost_x2,2.0,0.037749551350623745,2.0,-54.99510197067438,1.0113419671754242e-55,light_seed_scale
GN53757_juodzbalis25,GN-53757,4.447,spec,JADES,broad-line-agn,robust,individual_robust,juodzbalis25_jades_blagn,"Table 2 (BH/Lbol/lambda_Edd), Table 5 (Mstar)",False,False,False,True,0.0723818126472944,-0.0145314148681805,consistent,30.0,1.2545167030147277,mbh_minus_0p3dex,-0.3,0.0,7.03,10.38,-3.3500000000000005,fedd2_spin_0_eps0p057_no_merger_boost,2.0,0.057190958417936644,1.0,-32.888536007985195,1.292599525062964e-33,light_seed_scale
GN53757_juodzbalis25,GN-53757,4.447,spec,JADES,broad-line-agn,robust,individual_robust,juodzbalis25_jades_blagn,"Table 2 (BH/Lbol/lambda_Edd), Table 5 (Mstar)",False,False,False,True,0.0723818126472944,-0.0145314148681805,consistent,30.0,1.2545167030147277,mbh_minus_0p3dex,-0.3,0.0,7.03,10.38,-3.3500000000000005,fedd2_spin_0_eps0p057_merger_boost_x2,2.0,0.057190958417936644,2.0,-33.189566003649176,6.462997625314819e-34,light_seed_scale
GN53757_juodzbalis25,GN-53757,4.447,spec,JADES,broad-line-agn,robust,individual_robust,juodzbalis25_jades_blagn,"Table 2 (BH/Lbol/lambda_Edd), Table 5 (Mstar)",False,False,False,True,0.0723818126472944,-0.0145314148681805,consistent,30.0,1.2545167030147277,mbh_minus_0p3dex,-0.3,0.0,7.03,10.38,-3.3500000000000005,fedd2_spin_plus1_eps0p423_no_merger_boost,2.0,0.42264973081037416,1.0,3.7222169521470914,5274.933053075432,intermediate_seed_scale
GN53757_juodzbalis25,GN-53757,4.447,spec,JADES,broad-line-agn,robust,individual_robust,juodzbalis25_jades_blagn,"Table 2 (BH/Lbol/lambda_Edd), Table 5 (Mstar)",False,False,False,True,0.0723818126472944,-0.0145314148681805,consistent,30.0,1.2545167030147277,mbh_minus_0p3dex,-0.3,0.0,7.03,10.38,-3.3500000000000005,fedd2_spin_plus1_eps0p423_merger_boost_x2,2.0,0.42264973081037416,2.0,3.42118695648311,2637.4665265377157,intermediate_seed_scale
GN53757_juodzbalis25,GN-53757,4.447,spec,JADES,broad-line-agn,robust,individual_robust,juodzbalis25_jades_blagn,"Table 2 (BH/Lbol/lambda_Edd), Table 5 (Mstar)",False,False,False,True,0.0723818126472944,-0.0145314148681805,consistent,30.0,1.2545167030147277,mbh_plus_0p3dex,0.3,0.0,7.63,10.38,-2.750000000000001,fedd0p3_eps0p1_no_merger_boost,0.3,0.1,1.0,4.361021910551459,22962.644938214828,heavy_seed_scale
GN53757_juodzbalis25,GN-53757,4.447,spec,JADES,broad-line-agn,robust,individual_robust,juodzbalis25_jades_blagn,"Table 2 (BH/Lbol/lambda_Edd), Table 5 (Mstar)",False,False,False,True,0.0723818126472944,-0.0145314148681805,consistent,30.0,1.2545167030147277,mbh_plus_0p3dex,0.3,0.0,7.63,10.38,-2.750000000000001,fedd0p3_eps0p1_merger_boost_x2,0.3,0.1,2.0,4.059991914887478,11481.322469107412,heavy_seed_scale
GN53757_juodzbalis25,GN-53757,4.447,spec,JADES,broad-line-agn,robust,individual_robust,juodzbalis25_jades_blagn,"Table 2 (BH/Lbol/lambda_Edd), Table 5 (Mstar)",False,False,False,True,0.0723818126472944,-0.0145314148681805,consistent,30.0,1.2545167030147277,mbh_plus_0p3dex,0.3,0.0,7.63,10.38,-2.750000000000001,fedd0p3_spin_minus1_eps0p038_no_merger_boost,0.3,0.037749551350623745,1.0,-1.62861079625156,0.023517394462637283,light_seed_scale
GN53757_juodzbalis25,GN-53757,4.447,spec,JADES,broad-line-agn,robust,individual_robust,juodzbalis25_jades_blagn,"Table 2 (BH/Lbol/lambda_Edd), Table 5 (Mstar)",False,False,False,True,0.0723818126472944,-0.0145314148681805,consistent,30.0,1.2545167030147277,mbh_plus_0p3dex,0.3,0.0,7.63,10.38,-2.750000000000001,fedd0p3_spin_minus1_eps0p038_merger_boost_x2,0.3,0.037749551350623745,2.0,-1.9296407919155412,0.01175869723131864,light_seed_scale
GN53757_juodzbalis25,GN-53757,4.447,spec,JADES,broad-line-agn,robust,individual_robust,juodzbalis25_jades_blagn,"Table 2 (BH/Lbol/lambda_Edd), Table 5 (Mstar)",False,False,False,True,0.0723818126472944,-0.0145314148681805,consistent,30.0,1.2545167030147277,mbh_plus_0p3dex,0.3,0.0,7.63,10.38,-2.750000000000001,fedd0p3_spin_0_eps0p057_no_merger_boost,0.3,0.057190958417936644,1.0,1.642219598802222,43.87524946687905,light_seed_scale
GN53757_juodzbalis25,GN-53757,4.447,spec,JADES,broad-line-agn,robust,individual_robust,juodzbalis25_jades_blagn,"Table 2 (BH/Lbol/lambda_Edd), Table 5 (Mstar)",False,False,False,True,0.0723818126472944,-0.0145314148681805,consistent,30.0,1.2545167030147277,mbh_plus_0p3dex,0.3,0.0,7.63,10.38,-2.750000000000001,fedd0p3_spin_0_eps0p057_merger_boost_x2,0.3,0.057190958417936644,2.0,1.3411896031382406,21.93762473343952,light_seed_scale
GN53757_juodzbalis25,GN-53757,4.447,spec,JADES,broad-line-agn,robust,individual_robust,juodzbalis25_jades_blagn,"Table 2 (BH/Lbol/lambda_Edd), Table 5 (Mstar)",False,False,False,True,0.0723818126472944,-0.0145314148681805,consistent,30.0,1.2545167030147277,mbh_plus_0p3dex,0.3,0.0,7.63,10.38,-2.750000000000001,fedd0p3_spin_plus1_eps0p423_no_merger_boost,0.3,0.42264973081037416,1.0,7.133832542822064,13609198.318263203,above_heavy_seed_scale
GN53757_juodzbalis25,GN-53757,4.447,spec,JADES,broad-line-agn,robust,individual_robust,juodzbalis25_jades_blagn,"Table 2 (BH/Lbol/lambda_Edd), Table 5 (Mstar)",False,False,False,True,0.0723818126472944,-0.0145314148681805,consistent,30.0,1.2545167030147277,mbh_plus_0p3dex,0.3,0.0,7.63,10.38,-2.750000000000001,fedd0p3_spin_plus1_eps0p423_merger_boost_x2,0.3,0.42264973081037416,2.0,6.832802547158082,6804599.1591316005,above_heavy_seed_scale
GN53757_juodzbalis25,GN-53757,4.447,spec,JADES,broad-line-agn,robust,individual_robust,juodzbalis25_jades_blagn,"Table 2 (BH/Lbol/lambda_Edd), Table 5 (Mstar)",False,False,False,True,0.0723818126472944,-0.0145314148681805,consistent,30.0,1.2545167030147277,mbh_plus_0p3dex,0.3,0.0,7.63,10.38,-2.750000000000001,fedd1_eps0p1_no_merger_boost,1.0,0.1,1.0,-3.2665936314951365,0.0005412605425147423,light_seed_scale
GN53757_juodzbalis25,GN-53757,4.447,spec,JADES,broad-line-agn,robust,individual_robust,juodzbalis25_jades_blagn,"Table 2 (BH/Lbol/lambda_Edd), Table 5 (Mstar)",False,False,False,True,0.0723818126472944,-0.0145314148681805,consistent,30.0,1.2545167030147277,mbh_plus_0p3dex,0.3,0.0,7.63,10.38,-2.750000000000001,fedd1_eps0p1_merger_boost_x2,1.0,0.1,2.0,-3.5676236271591177,0.0002706302712573711,light_seed_scale
GN53757_juodzbalis25,GN-53757,4.447,spec,JADES,broad-line-agn,robust,individual_robust,juodzbalis25_jades_blagn,"Table 2 (BH/Lbol/lambda_Edd), Table 5 (Mstar)",False,False,False,True,0.0723818126472944,-0.0145314148681805,consistent,30.0,1.2545167030147277,mbh_plus_0p3dex,0.3,0.0,7.63,10.38,-2.750000000000001,fedd1_spin_minus1_eps0p038_no_merger_boost,1.0,0.037749551350623745,1.0,-23.232035987505203,5.8608959660171855e-24,light_seed_scale
GN53757_juodzbalis25,GN-53757,4.447,spec,JADES,broad-line-agn,robust,individual_robust,juodzbalis25_jades_blagn,"Table 2 (BH/Lbol/lambda_Edd), Table 5 (Mstar)",False,False,False,True,0.0723818126472944,-0.0145314148681805,consistent,30.0,1.2545167030147277,mbh_plus_0p3dex,0.3,0.0,7.63,10.38,-2.750000000000001,fedd1_spin_minus1_eps0p038_merger_boost_x2,1.0,0.037749551350623745,2.0,-23.533065983169184,2.9304479830085924e-24,light_seed_scale
GN53757_juodzbalis25,GN-53757,4.447,spec,JADES,broad-line-agn,robust,individual_robust,juodzbalis25_jades_blagn,"Table 2 (BH/Lbol/lambda_Edd), Table 5 (Mstar)",False,False,False,True,0.0723818126472944,-0.0145314148681805,consistent,30.0,1.2545167030147277,mbh_plus_0p3dex,0.3,0.0,7.63,10.38,-2.750000000000001,fedd1_spin_0_eps0p057_no_merger_boost,1.0,0.057190958417936644,1.0,-12.329268003992599,4.685241657175464e-13,light_seed_scale
GN53757_juodzbalis25,GN-53757,4.447,spec,JADES,broad-line-agn,robust,individual_robust,juodzbalis25_jades_blagn,"Table 2 (BH/Lbol/lambda_Edd), Table 5 (Mstar)",False,False,False,True,0.0723818126472944,-0.0145314148681805,consistent,30.0,1.2545167030147277,mbh_plus_0p3dex,0.3,0.0,7.63,10.38,-2.750000000000001,fedd1_spin_0_eps0p057_merger_boost_x2,1.0,0.057190958417936644,2.0,-12.63029799965658,2.3426208285877314e-13,light_seed_scale
GN53757_juodzbalis25,GN-53757,4.447,spec,JADES,broad-line-agn,robust,individual_robust,juodzbalis25_jades_blagn,"Table 2 (BH/Lbol/lambda_Edd), Table 5 (Mstar)",False,False,False,True,0.0723818126472944,-0.0145314148681805,consistent,30.0,1.2545167030147277,mbh_plus_0p3dex,0.3,0.0,7.63,10.38,-2.750000000000001,fedd1_spin_plus1_eps0p423_no_merger_boost,1.0,0.42264973081037416,1.0,5.976108476073545,946473.5376409619,heavy_seed_scale
GN53757_juodzbalis25,GN-53757,4.447,spec,JADES,broad-line-agn,robust,individual_robust,juodzbalis25_jades_blagn,"Table 2 (BH/Lbol/lambda_Edd), Table 5 (Mstar)",False,False,False,True,0.0723818126472944,-0.0145314148681805,consistent,30.0,1.2545167030147277,mbh_plus_0p3dex,0.3,0.0,7.63,10.38,-2.750000000000001,fedd1_spin_plus1_eps0p423_merger_boost_x2,1.0,0.42264973081037416,2.0,5.675078480409564,473236.7688204809,heavy_seed_scale
GN53757_juodzbalis25,GN-53757,4.447,spec,JADES,broad-line-agn,robust,individual_robust,juodzbalis25_jades_blagn,"Table 2 (BH/Lbol/lambda_Edd), Table 5 (Mstar)",False,False,False,True,0.0723818126472944,-0.0145314148681805,consistent,30.0,1.2545167030147277,mbh_plus_0p3dex,0.3,0.0,7.63,10.38,-2.750000000000001,fedd2_eps0p1_no_merger_boost,2.0,0.1,1.0,-14.163187262990274,6.867722475434019e-15,light_seed_scale
GN53757_juodzbalis25,GN-53757,4.447,spec,JADES,broad-line-agn,robust,individual_robust,juodzbalis25_jades_blagn,"Table 2 (BH/Lbol/lambda_Edd), Table 5 (Mstar)",False,False,False,True,0.0723818126472944,-0.0145314148681805,consistent,30.0,1.2545167030147277,mbh_plus_0p3dex,0.3,0.0,7.63,10.38,-2.750000000000001,fedd2_eps0p1_merger_boost_x2,2.0,0.1,2.0,-14.464217258654255,3.433861237717009e-15,light_seed_scale
GN53757_juodzbalis25,GN-53757,4.447,spec,JADES,broad-line-agn,robust,individual_robust,juodzbalis25_jades_blagn,"Table 2 (BH/Lbol/lambda_Edd), Table 5 (Mstar)",False,False,False,True,0.0723818126472944,-0.0145314148681805,consistent,30.0,1.2545167030147277,mbh_plus_0p3dex,0.3,0.0,7.63,10.38,-2.750000000000001,fedd2_spin_minus1_eps0p038_no_merger_boost,2.0,0.037749551350623745,1.0,-54.0940719750104,8.052449780284347e-55,light_seed_scale
GN53757_juodzbalis25,GN-53757,4.447,spec,JADES,broad-line-agn,robust,individual_robust,juodzbalis25_jades_blagn,"Table 2 (BH/Lbol/lambda_Edd), Table 5 (Mstar)",False,False,False,True,0.0723818126472944,-0.0145314148681805,consistent,30.0,1.2545167030147277,mbh_plus_0p3dex,0.3,0.0,7.63,10.38,-2.750000000000001,fedd2_spin_minus1_eps0p038_merger_boost_x2,2.0,0.037749551350623745,2.0,-54.39510197067438,4.0262248901421735e-55,light_seed_scale
GN53757_juodzbalis25,GN-53757,4.447,spec,JADES,broad-line-agn,robust,individual_robust,juodzbalis25_jades_blagn,"Table 2 (BH/Lbol/lambda_Edd), Table 5 (Mstar)",False,False,False,True,0.0723818126472944,-0.0145314148681805,consistent,30.0,1.2545167030147277,mbh_plus_0p3dex,0.3,0.0,7.63,10.38,-2.750000000000001,fedd2_spin_0_eps0p057_no_merger_boost,2.0,0.057190958417936644,1.0,-32.28853600798519,5.145931395816126e-33,light_seed_scale
GN53757_juodzbalis25,GN-53757,4.447,spec,JADES,broad-line-agn,robust,individual_robust,juodzbalis25_jades_blagn,"Table 2 (BH/Lbol/lambda_Edd), Table 5 (Mstar)",False,False,False,True,0.0723818126472944,-0.0145314148681805,consistent,30.0,1.2545167030147277,mbh_plus_0p3dex,0.3,0.0,7.63,10.38,-2.750000000000001,fedd2_spin_0_eps0p057_merger_boost_x2,2.0,0.057190958417936644,2.0,-32.589566003649175,2.5729656979080627e-33,light_seed_scale
GN53757_juodzbalis25,GN-53757,4.447,spec,JADES,broad-line-agn,robust,individual_robust,juodzbalis25_jades_blagn,"Table 2 (BH/Lbol/lambda_Edd), Table 5 (Mstar)",False,False,False,True,0.0723818126472944,-0.0145314148681805,consistent,30.0,1.2545167030147277,mbh_plus_0p3dex,0.3,0.0,7.63,10.38,-2.750000000000001,fedd2_spin_plus1_eps0p423_no_merger_boost,2.0,0.42264973081037416,1.0,4.322216952147091,20999.886726189794,heavy_seed_scale
GN53757_juodzbalis25,GN-53757,4.447,spec,JADES,broad-line-agn,robust,individual_robust,juodzbalis25_jades_blagn,"Table 2 (BH/Lbol/lambda_Edd), Table 5 (Mstar)",False,False,False,True,0.0723818126472944,-0.0145314148681805,consistent,30.0,1.2545167030147277,mbh_plus_0p3dex,0.3,0.0,7.63,10.38,-2.750000000000001,fedd2_spin_plus1_eps0p423_merger_boost_x2,2.0,0.42264973081037416,2.0,4.02118695648311,10499.943363094895,heavy_seed_scale
GN53757_juodzbalis25,GN-53757,4.447,spec,JADES,broad-line-agn,robust,individual_robust,juodzbalis25_jades_blagn,"Table 2 (BH/Lbol/lambda_Edd), Table 5 (Mstar)",False,False,False,True,0.0723818126472944,-0.0145314148681805,consistent,30.0,1.2545167030147277,mstar_agn_20pct,0.0,0.2,7.33,10.283089986991945,-2.9530899869919445,fedd0p3_eps0p1_no_merger_boost,0.3,0.1,1.0,4.06102191055146,11508.584493349204,heavy_seed_scale
GN53757_juodzbalis25,GN-53757,4.447,spec,JADES,broad-line-agn,robust,individual_robust,juodzbalis25_jades_blagn,"Table 2 (BH/Lbol/lambda_Edd), Table 5 (Mstar)",False,False,False,True,0.0723818126472944,-0.0145314148681805,consistent,30.0,1.2545167030147277,mstar_agn_20pct,0.0,0.2,7.33,10.283089986991945,-2.9530899869919445,fedd0p3_eps0p1_merger_boost_x2,0.3,0.1,2.0,3.7599919148874785,5754.292246674596,intermediate_seed_scale
GN53757_juodzbalis25,GN-53757,4.447,spec,JADES,broad-line-agn,robust,individual_robust,juodzbalis25_jades_blagn,"Table 2 (BH/Lbol/lambda_Edd), Table 5 (Mstar)",False,False,False,True,0.0723818126472944,-0.0145314148681805,consistent,30.0,1.2545167030147277,mstar_agn_20pct,0.0,0.2,7.33,10.283089986991945,-2.9530899869919445,fedd0p3_spin_minus1_eps0p038_no_merger_boost,0.3,0.037749551350623745,1.0,-1.9286107962515597,0.011786617872850517,light_seed_scale
GN53757_juodzbalis25,GN-53757,4.447,spec,JADES,broad-line-agn,robust,individual_robust,juodzbalis25_jades_blagn,"Table 2 (BH/Lbol/lambda_Edd), Table 5 (Mstar)",False,False,False,True,0.0723818126472944,-0.0145314148681805,consistent,30.0,1.2545167030147277,mstar_agn_20pct,0.0,0.2,7.33,10.283089986991945,-2.9530899869919445,fedd0p3_spin_minus1_eps0p038_merger_boost_x2,0.3,0.037749551350623745,2.0,-2.229640791915541,0.0058933089364252575,light_seed_scale
GN53757_juodzbalis25,GN-53757,4.447,spec,JADES,broad-line-agn,robust,individual_robust,juodzbalis25_jades_blagn,"Table 2 (BH/Lbol/lambda_Edd), Table 5 (Mstar)",False,False,False,True,0.0723818126472944,-0.0145314148681805,consistent,30.0,1.2545167030147277,mstar_agn_20pct,0.0,0.2,7.33,10.283089986991945,-2.9530899869919445,fedd0p3_spin_0_eps0p057_no_merger_boost,0.3,0.057190958417936644,1.0,1.342219598802222,21.98971490501157,light_seed_scale
GN53757_juodzbalis25,GN-53757,4.447,spec,JADES,broad-line-agn,robust,individual_robust,juodzbalis25_jades_blagn,"Table 2 (BH/Lbol/lambda_Edd), Table 5 (Mstar)",False,False,False,True,0.0723818126472944,-0.0145314148681805,consistent,30.0,1.2545167030147277,mstar_agn_20pct,0.0,0.2,7.33,10.283089986991945,-2.9530899869919445,fedd0p3_spin_0_eps0p057_merger_boost_x2,0.3,0.057190958417936644,2.0,1.0411896031382408,10.994857452505784,light_seed_scale
GN53757_juodzbalis25,GN-53757,4.447,spec,JADES,broad-line-agn,robust,individual_robust,juodzbalis25_jades_blagn,"Table 2 (BH/Lbol/lambda_Edd), Table 5 (Mstar)",False,False,False,True,0.0723818126472944,-0.0145314148681805,consistent,30.0,1.2545167030147277,mstar_agn_20pct,0.0,0.2,7.33,10.283089986991945,-2.9530899869919445,fedd0p3_spin_plus1_eps0p423_no_merger_boost,0.3,0.42264973081037416,1.0,6.833832542822064,6820756.457015264,above_heavy_seed_scale
GN53757_juodzbalis25,GN-53757,4.447,spec,JADES,broad-line-agn,robust,individual_robust,juodzbalis25_jades_blagn,"Table 2 (BH/Lbol/lambda_Edd), Table 5 (Mstar)",False,False,False,True,0.0723818126472944,-0.0145314148681805,consistent,30.0,1.2545167030147277,mstar_agn_20pct,0.0,0.2,7.33,10.283089986991945,-2.9530899869919445,fedd0p3_spin_plus1_eps0p423_merger_boost_x2,0.3,0.42264973081037416,2.0,6.532802547158083,3410378.2285076315,above_heavy_seed_scale
GN53757_juodzbalis25,GN-53757,4.447,spec,JADES,broad-line-agn,robust,individual_robust,juodzbalis25_jades_blagn,"Table 2 (BH/Lbol/lambda_Edd), Table 5 (Mstar)",False,False,False,True,0.0723818126472944,-0.0145314148681805,consistent,30.0,1.2545167030147277,mstar_agn_20pct,0.0,0.2,7.33,10.283089986991945,-2.9530899869919445,fedd1_eps0p1_no_merger_boost,1.0,0.1,1.0,-3.5665936314951363,0.0002712728739745604,light_seed_scale
GN53757_juodzbalis25,GN-53757,4.447,spec,JADES,broad-line-agn,robust,individual_robust,juodzbalis25_jades_blagn,"Table 2 (BH/Lbol/lambda_Edd), Table 5 (Mstar)",False,False,False,True,0.0723818126472944,-0.0145314148681805,consistent,30.0,1.2545167030147277,mstar_agn_20pct,0.0,0.2,7.33,10.283089986991945,-2.9530899869919445,fedd1_eps0p1_merger_boost_x2,1.0,0.1,2.0,-3.8676236271591176,0.0001356364369872802,light_seed_scale
GN53757_juodzbalis25,GN-53757,4.447,spec,JADES,broad-line-agn,robust,individual_robust,juodzbalis25_jades_blagn,"Table 2 (BH/Lbol/lambda_Edd), Table 5 (Mstar)",False,False,False,True,0.0723818126472944,-0.0145314148681805,consistent,30.0,1.2545167030147277,mstar_agn_20pct,0.0,0.2,7.33,10.283089986991945,-2.9530899869919445,fedd1_spin_minus1_eps0p038_no_merger_boost,1.0,0.037749551350623745,1.0,-23.532035987505203,2.9374062357853878e-24,light_seed_scale
GN53757_juodzbalis25,GN-53757,4.447,spec,JADES,broad-line-agn,robust,individual_robust,juodzbalis25_jades_blagn,"Table 2 (BH/Lbol/lambda_Edd), Table 5 (Mstar)",False,False,False,True,0.0723818126472944,-0.0145314148681805,consistent,30.0,1.2545167030147277,mstar_agn_20pct,0.0,0.2,7.33,10.283089986991945,-2.9530899869919445,fedd1_spin_minus1_eps0p038_merger_boost_x2,1.0,0.037749551350623745,2.0,-23.833065983169185,1.4687031178926937e-24,light_seed_scale
GN53757_juodzbalis25,GN-53757,4.447,spec,JADES,broad-line-agn,robust,individual_robust,juodzbalis25_jades_blagn,"Table 2 (BH/Lbol/lambda_Edd), Table 5 (Mstar)",False,False,False,True,0.0723818126472944,-0.0145314148681805,consistent,30.0,1.2545167030147277,mstar_agn_20pct,0.0,0.2,7.33,10.283089986991945,-2.9530899869919445,fedd1_spin_0_eps0p057_no_merger_boost,1.0,0.057190958417936644,1.0,-12.629268003992598,2.348183305035033e-13,light_seed_scale
GN53757_juodzbalis25,GN-53757,4.447,spec,JADES,broad-line-agn,robust,individual_robust,juodzbalis25_jades_blagn,"Table 2 (BH/Lbol/lambda_Edd), Table 5 (Mstar)",False,False,False,True,0.0723818126472944,-0.0145314148681805,consistent,30.0,1.2545167030147277,mstar_agn_20pct,0.0,0.2,7.33,10.283089986991945,-2.9530899869919445,fedd1_spin_0_eps0p057_merger_boost_x2,1.0,0.057190958417936644,2.0,-12.93029799965658,1.1740916525175164e-13,light_seed_scale
GN53757_juodzbalis25,GN-53757,4.447,spec,JADES,broad-line-agn,robust,individual_robust,juodzbalis25_jades_blagn,"Table 2 (BH/Lbol/lambda_Edd), Table 5 (Mstar)",False,False,False,True,0.0723818126472944,-0.0145314148681805,consistent,30.0,1.2545167030147277,mstar_agn_20pct,0.0,0.2,7.33,10.283089986991945,-2.9530899869919445,fedd1_spin_plus1_eps0p423_no_merger_boost,1.0,0.42264973081037416,1.0,5.676108476073546,474360.4540316929,heavy_seed_scale
GN53757_juodzbalis25,GN-53757,4.447,spec,JADES,broad-line-agn,robust,individual_robust,juodzbalis25_jades_blagn,"Table 2 (BH/Lbol/lambda_Edd), Table 5 (Mstar)",False,False,False,True,0.0723818126472944,-0.0145314148681805,consistent,30.0,1.2545167030147277,mstar_agn_20pct,0.0,0.2,7.33,10.283089986991945,-2.9530899869919445,fedd1_spin_plus1_eps0p423_merger_boost_x2,1.0,0.42264973081037416,2.0,5.375078480409565,237180.2270158464,heavy_seed_scale
GN53757_juodzbalis25,GN-53757,4.447,spec,JADES,broad-line-agn,robust,individual_robust,juodzbalis25_jades_blagn,"Table 2 (BH/Lbol/lambda_Edd), Table 5 (Mstar)",False,False,False,True,0.0723818126472944,-0.0145314148681805,consistent,30.0,1.2545167030147277,mstar_agn_20pct,0.0,0.2,7.33,10.283089986991945,-2.9530899869919445,fedd2_eps0p1_no_merger_boost,2.0,0.1,1.0,-14.463187262990273,3.4420148287826267e-15,light_seed_scale
GN53757_juodzbalis25,GN-53757,4.447,spec,JADES,broad-line-agn,robust,individual_robust,juodzbalis25_jades_blagn,"Table 2 (BH/Lbol/lambda_Edd), Table 5 (Mstar)",False,False,False,True,0.0723818126472944,-0.0145314148681805,consistent,30.0,1.2545167030147277,mstar_agn_20pct,0.0,0.2,7.33,10.283089986991945,-2.9530899869919445,fedd2_eps0p1_merger_boost_x2,2.0,0.1,2.0,-14.764217258654254,1.7210074143913132e-15,light_seed_scale
GN53757_juodzbalis25,GN-53757,4.447,spec,JADES,broad-line-agn,robust,individual_robust,juodzbalis25_jades_blagn,"Table 2 (BH/Lbol/lambda_Edd), Table 5 (Mstar)",False,False,False,True,0.0723818126472944,-0.0145314148681805,consistent,30.0,1.2545167030147277,mstar_agn_20pct,0.0,0.2,7.33,10.283089986991945,-2.9530899869919445,fedd2_spin_minus1_eps0p038_no_merger_boost,2.0,0.037749551350623745,1.0,-54.394071975010405,4.035785029303209e-55,light_seed_scale
GN53757_juodzbalis25,GN-53757,4.447,spec,JADES,broad-line-agn,robust,individual_robust,juodzbalis25_jades_blagn,"Table 2 (BH/Lbol/lambda_Edd), Table 5 (Mstar)",False,False,False,True,0.0723818126472944,-0.0145314148681805,consistent,30.0,1.2545167030147277,mstar_agn_20pct,0.0,0.2,7.33,10.283089986991945,-2.9530899869919445,fedd2_spin_minus1_eps0p038_merger_boost_x2,2.0,0.037749551350623745,2.0,-54.695101970674386,2.017892514651604e-55,light_seed_scale
GN53757_juodzbalis25,GN-53757,4.447,spec,JADES,broad-line-agn,robust,individual_robust,juodzbalis25_jades_blagn,"Table 2 (BH/Lbol/lambda_Edd), Table 5 (Mstar)",False,False,False,True,0.0723818126472944,-0.0145314148681805,consistent,30.0,1.2545167030147277,mstar_agn_20pct,0.0,0.2,7.33,10.283089986991945,-2.9530899869919445,fedd2_spin_0_eps0p057_no_merger_boost,2.0,0.057190958417936644,1.0,-32.5885360079852,2.5790751207047868e-33,light_seed_scale
GN53757_juodzbalis25,GN-53757,4.447,spec,JADES,broad-line-agn,robust,individual_robust,juodzbalis25_jades_blagn,"Table 2 (BH/Lbol/lambda_Edd), Table 5 (Mstar)",False,False,False,True,0.0723818126472944,-0.0145314148681805,consistent,30.0,1.2545167030147277,mstar_agn_20pct,0.0,0.2,7.33,10.283089986991945,-2.9530899869919445,fedd2_spin_0_eps0p057_merger_boost_x2,2.0,0.057190958417936644,2.0,-32.88956600364918,1.2895375603523932e-33,light_seed_scale
GN53757_juodzbalis25,GN-53757,4.447,spec,JADES,broad-line-agn,robust,individual_robust,juodzbalis25_jades_blagn,"Table 2 (BH/Lbol/lambda_Edd), Table 5 (Mstar)",False,False,False,True,0.0723818126472944,-0.0145314148681805,consistent,30.0,1.2545167030147277,mstar_agn_20pct,0.0,0.2,7.33,10.283089986991945,-2.9530899869919445,fedd2_spin_plus1_eps0p423_no_merger_boost,2.0,0.42264973081037416,1.0,4.022216952147091,10524.875134785143,heavy_seed_scale
GN53757_juodzbalis25,GN-53757,4.447,spec,JADES,broad-line-agn,robust,individual_robust,juodzbalis25_jades_blagn,"Table 2 (BH/Lbol/lambda_Edd), Table 5 (Mstar)",False,False,False,True,0.0723818126472944,-0.0145314148681805,consistent,30.0,1.2545167030147277,mstar_agn_20pct,0.0,0.2,7.33,10.283089986991945,-2.9530899869919445,fedd2_spin_plus1_eps0p423_merger_boost_x2,2.0,0.42264973081037416,2.0,3.72118695648311,5262.437567392571,intermediate_seed_scale
GS38562_juodzbalis25,GS-38562,4.822,spec,JADES,broad-line-agn,robust,individual_robust,juodzbalis25_jades_blagn,"Table 2 (BH/Lbol/lambda_Edd), Table 5 (Mstar)",False,False,False,True,0.1229219538819442,-0.0104482088348166,consistent,30.0,1.1262736138044307,baseline,0.0,0.0,7.51,9.76,-2.25,fedd0p3_eps0p1_no_merger_boost,0.3,0.1,1.0,4.57519350646901,37600.49016358978,heavy_seed_scale
GS38562_juodzbalis25,GS-38562,4.822,spec,JADES,broad-line-agn,robust,individual_robust,juodzbalis25_jades_blagn,"Table 2 (BH/Lbol/lambda_Edd), Table 5 (Mstar)",False,False,False,True,0.1229219538819442,-0.0104482088348166,consistent,30.0,1.1262736138044307,baseline,0.0,0.0,7.51,9.76,-2.25,fedd0p3_eps0p1_merger_boost_x2,0.3,0.1,2.0,4.274163510805029,18800.24508179489,heavy_seed_scale
GS38562_juodzbalis25,GS-38562,4.822,spec,JADES,broad-line-agn,robust,individual_robust,juodzbalis25_jades_blagn,"Table 2 (BH/Lbol/lambda_Edd), Table 5 (Mstar)",False,False,False,True,0.1229219538819442,-0.0104482088348166,consistent,30.0,1.1262736138044307,baseline,0.0,0.0,7.51,9.76,-2.25,fedd0p3_spin_minus1_eps0p038_no_merger_boost,0.3,0.037749551350623745,1.0,-0.8021484275530941,0.1577072186242034,light_seed_scale
GS38562_juodzbalis25,GS-38562,4.822,spec,JADES,broad-line-agn,robust,individual_robust,juodzbalis25_jades_blagn,"Table 2 (BH/Lbol/lambda_Edd), Table 5 (Mstar)",False,False,False,True,0.1229219538819442,-0.0104482088348166,consistent,30.0,1.1262736138044307,baseline,0.0,0.0,7.51,9.76,-2.25,fedd0p3_spin_minus1_eps0p038_merger_boost_x2,0.3,0.037749551350623745,2.0,-1.1031784232170754,0.07885360931210168,light_seed_scale
GS38562_juodzbalis25,GS-38562,4.822,spec,JADES,broad-line-agn,robust,individual_robust,juodzbalis25_jades_blagn,"Table 2 (BH/Lbol/lambda_Edd), Table 5 (Mstar)",False,False,False,True,0.1229219538819442,-0.0104482088348166,consistent,30.0,1.1262736138044307,baseline,0.0,0.0,7.51,9.76,-2.25,fedd0p3_spin_0_eps0p057_no_merger_boost,0.3,0.057190958417936644,1.0,2.134321019466575,136.24513998708215,intermediate_seed_scale
GS38562_juodzbalis25,GS-38562,4.822,spec,JADES,broad-line-agn,robust,individual_robust,juodzbalis25_jades_blagn,"Table 2 (BH/Lbol/lambda_Edd), Table 5 (Mstar)",False,False,False,True,0.1229219538819442,-0.0104482088348166,consistent,30.0,1.1262736138044307,baseline,0.0,0.0,7.51,9.76,-2.25,fedd0p3_spin_0_eps0p057_merger_boost_x2,0.3,0.057190958417936644,2.0,1.8332910238025937,68.12256999354106,light_seed_scale
GS38562_juodzbalis25,GS-38562,4.822,spec,JADES,broad-line-agn,robust,individual_robust,juodzbalis25_jades_blagn,"Table 2 (BH/Lbol/lambda_Edd), Table 5 (Mstar)",False,False,False,True,0.1229219538819442,-0.0104482088348166,consistent,30.0,1.1262736138044307,baseline,0.0,0.0,7.51,9.76,-2.25,fedd0p3_spin_plus1_eps0p423_no_merger_boost,0.3,0.42264973081037416,1.0,7.064553308293904,11602546.250463186,above_heavy_seed_scale
GS38562_juodzbalis25,GS-38562,4.822,spec,JADES,broad-line-agn,robust,individual_robust,juodzbalis25_jades_blagn,"Table 2 (BH/Lbol/lambda_Edd), Table 5 (Mstar)",False,False,False,True,0.1229219538819442,-0.0104482088348166,consistent,30.0,1.1262736138044307,baseline,0.0,0.0,7.51,9.76,-2.25,fedd0p3_spin_plus1_eps0p423_merger_boost_x2,0.3,0.42264973081037416,2.0,6.763523312629923,5801273.125231592,above_heavy_seed_scale
GS38562_juodzbalis25,GS-38562,4.822,spec,JADES,broad-line-agn,robust,individual_robust,juodzbalis25_jades_blagn,"Table 2 (BH/Lbol/lambda_Edd), Table 5 (Mstar)",False,False,False,True,0.1229219538819442,-0.0104482088348166,consistent,30.0,1.1262736138044307,baseline,0.0,0.0,7.51,9.76,-2.25,fedd1_eps0p1_no_merger_boost,1.0,0.1,1.0,-2.2726883117699668,0.005337178012877095,light_seed_scale
GS38562_juodzbalis25,GS-38562,4.822,spec,JADES,broad-line-agn,robust,individual_robust,juodzbalis25_jades_blagn,"Table 2 (BH/Lbol/lambda_Edd), Table 5 (Mstar)",False,False,False,True,0.1229219538819442,-0.0104482088348166,consistent,30.0,1.1262736138044307,baseline,0.0,0.0,7.51,9.76,-2.25,fedd1_eps0p1_merger_boost_x2,1.0,0.1,2.0,-2.573718307433948,0.002668589006438547,light_seed_scale
GS38562_juodzbalis25,GS-38562,4.822,spec,JADES,broad-line-agn,robust,individual_robust,juodzbalis25_jades_blagn,"Table 2 (BH/Lbol/lambda_Edd), Table 5 (Mstar)",False,False,False,True,0.1229219538819442,-0.0104482088348166,consistent,30.0,1.1262736138044307,baseline,0.0,0.0,7.51,9.76,-2.25,fedd1_spin_minus1_eps0p038_no_merger_boost,1.0,0.037749551350623745,1.0,-20.19716142517698,6.3509482627243206e-21,light_seed_scale
GS38562_juodzbalis25,GS-38562,4.822,spec,JADES,broad-line-agn,robust,individual_robust,juodzbalis25_jades_blagn,"Table 2 (BH/Lbol/lambda_Edd), Table 5 (Mstar)",False,False,False,True,0.1229219538819442,-0.0104482088348166,consistent,30.0,1.1262736138044307,baseline,0.0,0.0,7.51,9.76,-2.25,fedd1_spin_minus1_eps0p038_merger_boost_x2,1.0,0.037749551350623745,2.0,-20.49819142084096,3.17547413136216e-21,light_seed_scale
GS38562_juodzbalis25,GS-38562,4.822,spec,JADES,broad-line-agn,robust,individual_robust,juodzbalis25_jades_blagn,"Table 2 (BH/Lbol/lambda_Edd), Table 5 (Mstar)",False,False,False,True,0.1229219538819442,-0.0104482088348166,consistent,30.0,1.1262736138044307,baseline,0.0,0.0,7.51,9.76,-2.25,fedd1_spin_0_eps0p057_no_merger_boost,1.0,0.057190958417936644,1.0,-10.408929935111418,3.90004901235627e-11,light_seed_scale
GS38562_juodzbalis25,GS-38562,4.822,spec,JADES,broad-line-agn,robust,individual_robust,juodzbalis25_jades_blagn,"Table 2 (BH/Lbol/lambda_Edd), Table 5 (Mstar)",False,False,False,True,0.1229219538819442,-0.0104482088348166,consistent,30.0,1.1262736138044307,baseline,0.0,0.0,7.51,9.76,-2.25,fedd1_spin_0_eps0p057_merger_boost_x2,1.0,0.057190958417936644,2.0,-10.7099599307754,1.9500245061781347e-11,light_seed_scale
GS38562_juodzbalis25,GS-38562,4.822,spec,JADES,broad-line-agn,robust,individual_robust,juodzbalis25_jades_blagn,"Table 2 (BH/Lbol/lambda_Edd), Table 5 (Mstar)",False,False,False,True,0.1229219538819442,-0.0104482088348166,consistent,30.0,1.1262736138044307,baseline,0.0,0.0,7.51,9.76,-2.25,fedd1_spin_plus1_eps0p423_no_merger_boost,1.0,0.42264973081037416,1.0,6.0251776943130135,1059687.2141634135,above_heavy_seed_scale
GS38562_juodzbalis25,GS-38562,4.822,spec,JADES,broad-line-agn,robust,individual_robust,juodzbalis25_jades_blagn,"Table 2 (BH/Lbol/lambda_Edd), Table 5 (Mstar)",False,False,False,True,0.1229219538819442,-0.0104482088348166,consistent,30.0,1.1262736138044307,baseline,0.0,0.0,7.51,9.76,-2.25,fedd1_spin_plus1_eps0p423_merger_boost_x2,1.0,0.42264973081037416,2.0,5.724147698649032,529843.6070817068,heavy_seed_scale
GS38562_juodzbalis25,GS-38562,4.822,spec,JADES,broad-line-agn,robust,individual_robust,juodzbalis25_jades_blagn,"Table 2 (BH/Lbol/lambda_Edd), Table 5 (Mstar)",False,False,False,True,0.1229219538819442,-0.0104482088348166,consistent,30.0,1.1262736138044307,baseline,0.0,0.0,7.51,9.76,-2.25,fedd2_eps0p1_no_merger_boost,2.0,0.1,1.0,-12.055376623539933,8.802851517986778e-13,light_seed_scale
GS38562_juodzbalis25,GS-38562,4.822,spec,JADES,broad-line-agn,robust,individual_robust,juodzbalis25_jades_blagn,"Table 2 (BH/Lbol/lambda_Edd), Table 5 (Mstar)",False,False,False,True,0.1229219538819442,-0.0104482088348166,consistent,30.0,1.1262736138044307,baseline,0.0,0.0,7.51,9.76,-2.25,fedd2_eps0p1_merger_boost_x2,2.0,0.1,2.0,-12.356406619203915,4.4014257589933885e-13,light_seed_scale
GS38562_juodzbalis25,GS-38562,4.822,spec,JADES,broad-line-agn,robust,individual_robust,juodzbalis25_jades_blagn,"Table 2 (BH/Lbol/lambda_Edd), Table 5 (Mstar)",False,False,False,True,0.1229219538819442,-0.0104482088348166,consistent,30.0,1.1262736138044307,baseline,0.0,0.0,7.51,9.76,-2.25,fedd2_spin_minus1_eps0p038_no_merger_boost,2.0,0.037749551350623745,1.0,-47.904322850353964,1.2464565658829378e-48,light_seed_scale
GS38562_juodzbalis25,GS-38562,4.822,spec,JADES,broad-line-agn,robust,individual_robust,juodzbalis25_jades_blagn,"Table 2 (BH/Lbol/lambda_Edd), Table 5 (Mstar)",False,False,False,True,0.1229219538819442,-0.0104482088348166,consistent,30.0,1.1262736138044307,baseline,0.0,0.0,7.51,9.76,-2.25,fedd2_spin_minus1_eps0p038_merger_boost_x2,2.0,0.037749551350623745,2.0,-48.205352846017945,6.232282829414688e-49,light_seed_scale
GS38562_juodzbalis25,GS-38562,4.822,spec,JADES,broad-line-agn,robust,individual_robust,juodzbalis25_jades_blagn,"Table 2 (BH/Lbol/lambda_Edd), Table 5 (Mstar)",False,False,False,True,0.1229219538819442,-0.0104482088348166,consistent,30.0,1.1262736138044307,baseline,0.0,0.0,7.51,9.76,-2.25,fedd2_spin_0_eps0p057_no_merger_boost,2.0,0.057190958417936644,1.0,-28.327859870222838,4.7004574944708695e-29,light_seed_scale
GS38562_juodzbalis25,GS-38562,4.822,spec,JADES,broad-line-agn,robust,individual_robust,juodzbalis25_jades_blagn,"Table 2 (BH/Lbol/lambda_Edd), Table 5 (Mstar)",False,False,False,True,0.1229219538819442,-0.0104482088348166,consistent,30.0,1.1262736138044307,baseline,0.0,0.0,7.51,9.76,-2.25,fedd2_spin_0_eps0p057_merger_boost_x2,2.0,0.057190958417936644,2.0,-28.62888986588682,2.3502287472354342e-29,light_seed_scale
GS38562_juodzbalis25,GS-38562,4.822,spec,JADES,broad-line-agn,robust,individual_robust,juodzbalis25_jades_blagn,"Table 2 (BH/Lbol/lambda_Edd), Table 5 (Mstar)",False,False,False,True,0.1229219538819442,-0.0104482088348166,consistent,30.0,1.1262736138044307,baseline,0.0,0.0,7.51,9.76,-2.25,fedd2_spin_plus1_eps0p423_no_merger_boost,2.0,0.42264973081037416,1.0,4.540355388626026,34702.07056949881,heavy_seed_scale
GS38562_juodzbalis25,GS-38562,4.822,spec,JADES,broad-line-agn,robust,individual_robust,juodzbalis25_jades_blagn,"Table 2 (BH/Lbol/lambda_Edd), Table 5 (Mstar)",False,False,False,True,0.1229219538819442,-0.0104482088348166,consistent,30.0,1.1262736138044307,baseline,0.0,0.0,7.51,9.76,-2.25,fedd2_spin_plus1_eps0p423_merger_boost_x2,2.0,0.42264973081037416,2.0,4.239325392962045,17351.0352847494,heavy_seed_scale
GS38562_juodzbalis25,GS-38562,4.822,spec,JADES,broad-line-agn,robust,individual_robust,juodzbalis25_jades_blagn,"Table 2 (BH/Lbol/lambda_Edd), Table 5 (Mstar)",False,False,False,True,0.1229219538819442,-0.0104482088348166,consistent,30.0,1.1262736138044307,mbh_minus_0p3dex,-0.3,0.0,7.21,9.76,-2.55,fedd0p3_eps0p1_no_merger_boost,0.3,0.1,1.0,4.2751935064690105,18844.885648119034,heavy_seed_scale
GS38562_juodzbalis25,GS-38562,4.822,spec,JADES,broad-line-agn,robust,individual_robust,juodzbalis25_jades_blagn,"Table 2 (BH/Lbol/lambda_Edd), Table 5 (Mstar)",False,False,False,True,0.1229219538819442,-0.0104482088348166,consistent,30.0,1.1262736138044307,mbh_minus_0p3dex,-0.3,0.0,7.21,9.76,-2.55,fedd0p3_eps0p1_merger_boost_x2,0.3,0.1,2.0,3.9741635108050293,9422.442824059515,intermediate_seed_scale
GS38562_juodzbalis25,GS-38562,4.822,spec,JADES,broad-line-agn,robust,individual_robust,juodzbalis25_jades_blagn,"Table 2 (BH/Lbol/lambda_Edd), Table 5 (Mstar)",False,False,False,True,0.1229219538819442,-0.0104482088348166,consistent,30.0,1.1262736138044307,mbh_minus_0p3dex,-0.3,0.0,7.21,9.76,-2.55,fedd0p3_spin_minus1_eps0p038_no_merger_boost,0.3,0.037749551350623745,1.0,-1.102148427553094,0.07904084462531596,light_seed_scale
GS38562_juodzbalis25,GS-38562,4.822,spec,JADES,broad-line-agn,robust,individual_robust,juodzbalis25_jades_blagn,"Table 2 (BH/Lbol/lambda_Edd), Table 5 (Mstar)",False,False,False,True,0.1229219538819442,-0.0104482088348166,consistent,30.0,1.1262736138044307,mbh_minus_0p3dex,-0.3,0.0,7.21,9.76,-2.55,fedd0p3_spin_minus1_eps0p038_merger_boost_x2,0.3,0.037749551350623745,2.0,-1.4031784232170752,0.039520422312657975,light_seed_scale
GS38562_juodzbalis25,GS-38562,4.822,spec,JADES,broad-line-agn,robust,individual_robust,juodzbalis25_jades_blagn,"Table 2 (BH/Lbol/lambda_Edd), Table 5 (Mstar)",False,False,False,True,0.1229219538819442,-0.0104482088348166,consistent,30.0,1.1262736138044307,mbh_minus_0p3dex,-0.3,0.0,7.21,9.76,-2.55,fedd0p3_spin_0_eps0p057_no_merger_boost,0.3,0.057190958417936644,1.0,1.834321019466575,68.28432480528619,light_seed_scale
GS38562_juodzbalis25,GS-38562,4.822,spec,JADES,broad-line-agn,robust,individual_robust,juodzbalis25_jades_blagn,"Table 2 (BH/Lbol/lambda_Edd), Table 5 (Mstar)",False,False,False,True,0.1229219538819442,-0.0104482088348166,consistent,30.0,1.1262736138044307,mbh_minus_0p3dex,-0.3,0.0,7.21,9.76,-2.55,fedd0p3_spin_0_eps0p057_merger_boost_x2,0.3,0.057190958417936644,2.0,1.5332910238025939,34.14216240264309,light_seed_scale
GS38562_juodzbalis25,GS-38562,4.822,spec,JADES,broad-line-agn,robust,individual_robust,juodzbalis25_jades_blagn,"Table 2 (BH/Lbol/lambda_Edd), Table 5 (Mstar)",False,False,False,True,0.1229219538819442,-0.0104482088348166,consistent,30.0,1.1262736138044307,mbh_minus_0p3dex,-0.3,0.0,7.21,9.76,-2.55,fedd0p3_spin_plus1_eps0p423_no_merger_boost,0.3,0.42264973081037416,1.0,6.7645533082939036,5815048.058302116,above_heavy_seed_scale
GS38562_juodzbalis25,GS-38562,4.822,spec,JADES,broad-line-agn,robust,individual_robust,juodzbalis25_jades_blagn,"Table 2 (BH/Lbol/lambda_Edd), Table 5 (Mstar)",False,False,False,True,0.1229219538819442,-0.0104482088348166,consistent,30.0,1.1262736138044307,mbh_minus_0p3dex,-0.3,0.0,7.21,9.76,-2.55,fedd0p3_spin_plus1_eps0p423_merger_boost_x2,0.3,0.42264973081037416,2.0,6.463523312629922,2907524.0291510574,above_heavy_seed_scale
GS38562_juodzbalis25,GS-38562,4.822,spec,JADES,broad-line-agn,robust,individual_robust,juodzbalis25_jades_blagn,"Table 2 (BH/Lbol/lambda_Edd), Table 5 (Mstar)",False,False,False,True,0.1229219538819442,-0.0104482088348166,consistent,30.0,1.1262736138044307,mbh_minus_0p3dex,-0.3,0.0,7.21,9.76,-2.55,fedd1_eps0p1_no_merger_boost,1.0,0.1,1.0,-2.5726883117699666,0.0026749254836501745,light_seed_scale
GS38562_juodzbalis25,GS-38562,4.822,spec,JADES,broad-line-agn,robust,individual_robust,juodzbalis25_jades_blagn,"Table 2 (BH/Lbol/lambda_Edd), Table 5 (Mstar)",False,False,False,True,0.1229219538819442,-0.0104482088348166,consistent,30.0,1.1262736138044307,mbh_minus_0p3dex,-0.3,0.0,7.21,9.76,-2.55,fedd1_eps0p1_merger_boost_x2,1.0,0.1,2.0,-2.873718307433948,0.001337462741825087,light_seed_scale
GS38562_juodzbalis25,GS-38562,4.822,spec,JADES,broad-line-agn,robust,individual_robust,juodzbalis25_jades_blagn,"Table 2 (BH/Lbol/lambda_Edd), Table 5 (Mstar)",False,False,False,True,0.1229219538819442,-0.0104482088348166,consistent,30.0,1.1262736138044307,mbh_minus_0p3dex,-0.3,0.0,7.21,9.76,-2.55,fedd1_spin_minus1_eps0p038_no_merger_boost,1.0,0.037749551350623745,1.0,-20.49716142517698,3.183014190704728e-21,light_seed_scale
GS38562_juodzbalis25,GS-38562,4.822,spec,JADES,broad-line-agn,robust,individual_robust,juodzbalis25_jades_blagn,"Table 2 (BH/Lbol/lambda_Edd), Table 5 (Mstar)",False,False,False,True,0.1229219538819442,-0.0104482088348166,consistent,30.0,1.1262736138044307,mbh_minus_0p3dex,-0.3,0.0,7.21,9.76,-2.55,fedd1_spin_minus1_eps0p038_merger_boost_x2,1.0,0.037749551350623745,2.0,-20.79819142084096,1.5915070953523638e-21,light_seed_scale
GS38562_juodzbalis25,GS-38562,4.822,spec,JADES,broad-line-agn,robust,individual_robust,juodzbalis25_jades_blagn,"Table 2 (BH/Lbol/lambda_Edd), Table 5 (Mstar)",False,False,False,True,0.1229219538819442,-0.0104482088348166,consistent,30.0,1.1262736138044307,mbh_minus_0p3dex,-0.3,0.0,7.21,9.76,-2.55,fedd1_spin_0_eps0p057_no_merger_boost,1.0,0.057190958417936644,1.0,-10.708929935111417,1.9546547755136193e-11,light_seed_scale
GS38562_juodzbalis25,GS-38562,4.822,spec,JADES,broad-line-agn,robust,individual_robust,juodzbalis25_jades_blagn,"Table 2 (BH/Lbol/lambda_Edd), Table 5 (Mstar)",False,False,False,True,0.1229219538819442,-0.0104482088348166,consistent,30.0,1.1262736138044307,mbh_minus_0p3dex,-0.3,0.0,7.21,9.76,-2.55,fedd1_spin_0_eps0p057_merger_boost_x2,1.0,0.057190958417936644,2.0,-11.009959930775398,9.773273877568096e-12,light_seed_scale
GS38562_juodzbalis25,GS-38562,4.822,spec,JADES,broad-line-agn,robust,individual_robust,juodzbalis25_jades_blagn,"Table 2 (BH/Lbol/lambda_Edd), Table 5 (Mstar)",False,False,False,True,0.1229219538819442,-0.0104482088348166,consistent,30.0,1.1262736138044307,mbh_minus_0p3dex,-0.3,0.0,7.21,9.76,-2.55,fedd1_spin_plus1_eps0p423_no_merger_boost,1.0,0.42264973081037416,1.0,5.725177694313013,531101.7033767513,heavy_seed_scale
GS38562_juodzbalis25,GS-38562,4.822,spec,JADES,broad-line-agn,robust,individual_robust,juodzbalis25_jades_blagn,"Table 2 (BH/Lbol/lambda_Edd), Table 5 (Mstar)",False,False,False,True,0.1229219538819442,-0.0104482088348166,consistent,30.0,1.1262736138044307,mbh_minus_0p3dex,-0.3,0.0,7.21,9.76,-2.55,fedd1_spin_plus1_eps0p423_merger_boost_x2,1.0,0.42264973081037416,2.0,5.424147698649032,265550.8516883756,heavy_seed_scale
GS38562_juodzbalis25,GS-38562,4.822,spec,JADES,broad-line-agn,robust,individual_robust,juodzbalis25_jades_blagn,"Table 2 (BH/Lbol/lambda_Edd), Table 5 (Mstar)",False,False,False,True,0.1229219538819442,-0.0104482088348166,consistent,30.0,1.1262736138044307,mbh_minus_0p3dex,-0.3,0.0,7.21,9.76,-2.55,fedd2_eps0p1_no_merger_boost,2.0,0.1,1.0,-12.355376623539932,4.4118768003314385e-13,light_seed_scale
GS38562_juodzbalis25,GS-38562,4.822,spec,JADES,broad-line-agn,robust,individual_robust,juodzbalis25_jades_blagn,"Table 2 (BH/Lbol/lambda_Edd), Table 5 (Mstar)",False,False,False,True,0.1229219538819442,-0.0104482088348166,consistent,30.0,1.1262736138044307,mbh_minus_0p3dex,-0.3,0.0,7.21,9.76,-2.55,fedd2_eps0p1_merger_boost_x2,2.0,0.1,2.0,-12.656406619203914,2.205938400165719e-13,light_seed_scale
GS38562_juodzbalis25,GS-38562,4.822,spec,JADES,broad-line-agn,robust,individual_robust,juodzbalis25_jades_blagn,"Table 2 (BH/Lbol/lambda_Edd), Table 5 (Mstar)",False,False,False,True,0.1229219538819442,-0.0104482088348166,consistent,30.0,1.1262736138044307,mbh_minus_0p3dex,-0.3,0.0,7.21,9.76,-2.55,fedd2_spin_minus1_eps0p038_no_merger_boost,2.0,0.037749551350623745,1.0,-48.20432285035396,6.247081180914235e-49,light_seed_scale
GS38562_juodzbalis25,GS-38562,4.822,spec,JADES,broad-line-agn,robust,individual_robust,juodzbalis25_jades_blagn,"Table 2 (BH/Lbol/lambda_Edd), Table 5 (Mstar)",False,False,False,True,0.1229219538819442,-0.0104482088348166,consistent,30.0,1.1262736138044307,mbh_minus_0p3dex,-0.3,0.0,7.21,9.76,-2.55,fedd2_spin_minus1_eps0p038_merger_boost_x2,2.0,0.037749551350623745,2.0,-48.50535284601794,3.123540590457117e-49,light_seed_scale
GS38562_juodzbalis25,GS-38562,4.822,spec,JADES,broad-line-agn,robust,individual_robust,juodzbalis25_jades_blagn,"Table 2 (BH/Lbol/lambda_Edd), Table 5 (Mstar)",False,False,False,True,0.1229219538819442,-0.0104482088348166,consistent,30.0,1.1262736138044307,mbh_minus_0p3dex,-0.3,0.0,7.21,9.76,-2.55,fedd2_spin_0_eps0p057_no_merger_boost,2.0,0.057190958417936644,1.0,-28.627859870222835,2.3558092884364497e-29,light_seed_scale
GS38562_juodzbalis25,GS-38562,4.822,spec,JADES,broad-line-agn,robust,individual_robust,juodzbalis25_jades_blagn,"Table 2 (BH/Lbol/lambda_Edd), Table 5 (Mstar)",False,False,False,True,0.1229219538819442,-0.0104482088348166,consistent,30.0,1.1262736138044307,mbh_minus_0p3dex,-0.3,0.0,7.21,9.76,-2.55,fedd2_spin_0_eps0p057_merger_boost_x2,2.0,0.057190958417936644,2.0,-28.928889865886816,1.1779046442182247e-29,light_seed_scale
GS38562_juodzbalis25,GS-38562,4.822,spec,JADES,broad-line-agn,robust,individual_robust,juodzbalis25_jades_blagn,"Table 2 (BH/Lbol/lambda_Edd), Table 5 (Mstar)",False,False,False,True,0.1229219538819442,-0.0104482088348166,consistent,30.0,1.1262736138044307,mbh_minus_0p3dex,-0.3,0.0,7.21,9.76,-2.55,fedd2_spin_plus1_eps0p423_no_merger_boost,2.0,0.42264973081037416,1.0,4.240355388626027,17392.234749865496,heavy_seed_scale
GS38562_juodzbalis25,GS-38562,4.822,spec,JADES,broad-line-agn,robust,individual_robust,juodzbalis25_jades_blagn,"Table 2 (BH/Lbol/lambda_Edd), Table 5 (Mstar)",False,False,False,True,0.1229219538819442,-0.0104482088348166,consistent,30.0,1.1262736138044307,mbh_minus_0p3dex,-0.3,0.0,7.21,9.76,-2.55,fedd2_spin_plus1_eps0p423_merger_boost_x2,2.0,0.42264973081037416,2.0,3.9393253929620453,8696.117374932746,intermediate_seed_scale
GS38562_juodzbalis25,GS-38562,4.822,spec,JADES,broad-line-agn,robust,individual_robust,juodzbalis25_jades_blagn,"Table 2 (BH/Lbol/lambda_Edd), Table 5 (Mstar)",False,False,False,True,0.1229219538819442,-0.0104482088348166,consistent,30.0,1.1262736138044307,mbh_plus_0p3dex,0.3,0.0,7.81,9.76,-1.9500000000000002,fedd0p3_eps0p1_no_merger_boost,0.3,0.1,1.0,4.87519350646901,75022.8410477687,heavy_seed_scale
GS38562_juodzbalis25,GS-38562,4.822,spec,JADES,broad-line-agn,robust,individual_robust,juodzbalis25_jades_blagn,"Table 2 (BH/Lbol/lambda_Edd), Table 5 (Mstar)",False,False,False,True,0.1229219538819442,-0.0104482088348166,consistent,30.0,1.1262736138044307,mbh_plus_0p3dex,0.3,0.0,7.81,9.76,-1.9500000000000002,fedd0p3_eps0p1_merger_boost_x2,0.3,0.1,2.0,4.574163510805029,37511.42052388434,heavy_seed_scale
GS38562_juodzbalis25,GS-38562,4.822,spec,JADES,broad-line-agn,robust,individual_robust,juodzbalis25_jades_blagn,"Table 2 (BH/Lbol/lambda_Edd), Table 5 (Mstar)",False,False,False,True,0.1229219538819442,-0.0104482088348166,consistent,30.0,1.1262736138044307,mbh_plus_0p3dex,0.3,0.0,7.81,9.76,-1.9500000000000002,fedd0p3_spin_minus1_eps0p038_no_merger_boost,0.3,0.037749551350623745,1.0,-0.5021484275530943,0.31466727011943113,light_seed_scale
GS38562_juodzbalis25,GS-38562,4.822,spec,JADES,broad-line-agn,robust,individual_robust,juodzbalis25_jades_blagn,"Table 2 (BH/Lbol/lambda_Edd), Table 5 (Mstar)",False,False,False,True,0.1229219538819442,-0.0104482088348166,consistent,30.0,1.1262736138044307,mbh_plus_0p3dex,0.3,0.0,7.81,9.76,-1.9500000000000002,fedd0p3_spin_minus1_eps0p038_merger_boost_x2,0.3,0.037749551350623745,2.0,-0.8031784232170756,0.15733363505971557,light_seed_scale
GS38562_juodzbalis25,GS-38562,4.822,spec,JADES,broad-line-agn,robust,individual_robust,juodzbalis25_jades_blagn,"Table 2 (BH/Lbol/lambda_Edd), Table 5 (Mstar)",False,False,False,True,0.1229219538819442,-0.0104482088348166,consistent,30.0,1.1262736138044307,mbh_plus_0p3dex,0.3,0.0,7.81,9.76,-1.9500000000000002,fedd0p3_spin_0_eps0p057_no_merger_boost,0.3,0.057190958417936644,1.0,2.4343210194665748,271.84479341388453,intermediate_seed_scale
GS38562_juodzbalis25,GS-38562,4.822,spec,JADES,broad-line-agn,robust,individual_robust,juodzbalis25_jades_blagn,"Table 2 (BH/Lbol/lambda_Edd), Table 5 (Mstar)",False,False,False,True,0.1229219538819442,-0.0104482088348166,consistent,30.0,1.1262736138044307,mbh_plus_0p3dex,0.3,0.0,7.81,9.76,-1.9500000000000002,fedd0p3_spin_0_eps0p057_merger_boost_x2,0.3,0.057190958417936644,2.0,2.1332910238025935,135.92239670694224,intermediate_seed_scale
GS38562_juodzbalis25,GS-38562,4.822,spec,JADES,broad-line-agn,robust,individual_robust,juodzbalis25_jades_blagn,"Table 2 (BH/Lbol/lambda_Edd), Table 5 (Mstar)",False,False,False,True,0.1229219538819442,-0.0104482088348166,consistent,30.0,1.1262736138044307,mbh_plus_0p3dex,0.3,0.0,7.81,9.76,-1.9500000000000002,fedd0p3_spin_plus1_eps0p423_no_merger_boost,0.3,0.42264973081037416,1.0,7.364553308293903,23150123.291232612,above_heavy_seed_scale
GS38562_juodzbalis25,GS-38562,4.822,spec,JADES,broad-line-agn,robust,individual_robust,juodzbalis25_jades_blagn,"Table 2 (BH/Lbol/lambda_Edd), Table 5 (Mstar)",False,False,False,True,0.1229219538819442,-0.0104482088348166,consistent,30.0,1.1262736138044307,mbh_plus_0p3dex,0.3,0.0,7.81,9.76,-1.9500000000000002,fedd0p3_spin_plus1_eps0p423_merger_boost_x2,0.3,0.42264973081037416,2.0,7.063523312629922,11575061.645616306,above_heavy_seed_scale
GS38562_juodzbalis25,GS-38562,4.822,spec,JADES,broad-line-agn,robust,individual_robust,juodzbalis25_jades_blagn,"Table 2 (BH/Lbol/lambda_Edd), Table 5 (Mstar)",False,False,False,True,0.1229219538819442,-0.0104482088348166,consistent,30.0,1.1262736138044307,mbh_plus_0p3dex,0.3,0.0,7.81,9.76,-1.9500000000000002,fedd1_eps0p1_no_merger_boost,1.0,0.1,1.0,-1.972688311769967,0.010649070157374152,light_seed_scale
GS38562_juodzbalis25,GS-38562,4.822,spec,JADES,broad-line-agn,robust,individual_robust,juodzbalis25_jades_blagn,"Table 2 (BH/Lbol/lambda_Edd), Table 5 (Mstar)",False,False,False,True,0.1229219538819442,-0.0104482088348166,consistent,30.0,1.1262736138044307,mbh_plus_0p3dex,0.3,0.0,7.81,9.76,-1.9500000000000002,fedd1_eps0p1_merger_boost_x2,1.0,0.1,2.0,-2.273718307433948,0.005324535078687075,light_seed_scale
GS38562_juodzbalis25,GS-38562,4.822,spec,JADES,broad-line-agn,robust,individual_robust,juodzbalis25_jades_blagn,"Table 2 (BH/Lbol/lambda_Edd), Table 5 (Mstar)",False,False,False,True,0.1229219538819442,-0.0104482088348166,consistent,30.0,1.1262736138044307,mbh_plus_0p3dex,0.3,0.0,7.81,9.76,-1.9500000000000002,fedd1_spin_minus1_eps0p038_no_merger_boost,1.0,0.037749551350623745,1.0,-19.897161425176982,1.267180773293083e-20,light_seed_scale
GS38562_juodzbalis25,GS-38562,4.822,spec,JADES,broad-line-agn,robust,individual_robust,juodzbalis25_jades_blagn,"Table 2 (BH/Lbol/lambda_Edd), Table 5 (Mstar)",False,False,False,True,0.1229219538819442,-0.0104482088348166,consistent,30.0,1.1262736138044307,mbh_plus_0p3dex,0.3,0.0,7.81,9.76,-1.9500000000000002,fedd1_spin_minus1_eps0p038_merger_boost_x2,1.0,0.037749551350623745,2.0,-20.198191420840963,6.3359038664654136e-21,light_seed_scale
GS38562_juodzbalis25,GS-38562,4.822,spec,JADES,broad-line-agn,robust,individual_robust,juodzbalis25_jades_blagn,"Table 2 (BH/Lbol/lambda_Edd), Table 5 (Mstar)",False,False,False,True,0.1229219538819442,-0.0104482088348166,consistent,30.0,1.1262736138044307,mbh_plus_0p3dex,0.3,0.0,7.81,9.76,-1.9500000000000002,fedd1_spin_0_eps0p057_no_merger_boost,1.0,0.057190958417936644,1.0,-10.10892993511142,7.781620820886046e-11,light_seed_scale
GS38562_juodzbalis25,GS-38562,4.822,spec,JADES,broad-line-agn,robust,individual_robust,juodzbalis25_jades_blagn,"Table 2 (BH/Lbol/lambda_Edd), Table 5 (Mstar)",False,False,False,True,0.1229219538819442,-0.0104482088348166,consistent,30.0,1.1262736138044307,mbh_plus_0p3dex,0.3,0.0,7.81,9.76,-1.9500000000000002,fedd1_spin_0_eps0p057_merger_boost_x2,1.0,0.057190958417936644,2.0,-10.4099599307754,3.890810410443022e-11,light_seed_scale
GS38562_juodzbalis25,GS-38562,4.822,spec,JADES,broad-line-agn,robust,individual_robust,juodzbalis25_jades_blagn,"Table 2 (BH/Lbol/lambda_Edd), Table 5 (Mstar)",False,False,False,True,0.1229219538819442,-0.0104482088348166,consistent,30.0,1.1262736138044307,mbh_plus_0p3dex,0.3,0.0,7.81,9.76,-1.9500000000000002,fedd1_spin_plus1_eps0p423_no_merger_boost,1.0,0.42264973081037416,1.0,6.3251776943130125,2114353.9640746103,above_heavy_seed_scale
GS38562_juodzbalis25,GS-38562,4.822,spec,JADES,broad-line-agn,robust,individual_robust,juodzbalis25_jades_blagn,"Table 2 (BH/Lbol/lambda_Edd), Table 5 (Mstar)",False,False,False,True,0.1229219538819442,-0.0104482088348166,consistent,30.0,1.1262736138044307,mbh_plus_0p3dex,0.3,0.0,7.81,9.76,-1.9500000000000002,fedd1_spin_plus1_eps0p423_merger_boost_x2,1.0,0.42264973081037416,2.0,6.024147698649031,1057176.9820373051,above_heavy_seed_scale
GS38562_juodzbalis25,GS-38562,4.822,spec,JADES,broad-line-agn,robust,individual_robust,juodzbalis25_jades_blagn,"Table 2 (BH/Lbol/lambda_Edd), Table 5 (Mstar)",False,False,False,True,0.1229219538819442,-0.0104482088348166,consistent,30.0,1.1262736138044307,mbh_plus_0p3dex,0.3,0.0,7.81,9.76,-1.9500000000000002,fedd2_eps0p1_no_merger_boost,2.0,0.1,1.0,-11.755376623539934,1.7563997898105571e-12,light_seed_scale
GS38562_juodzbalis25,GS-38562,4.822,spec,JADES,broad-line-agn,robust,individual_robust,juodzbalis25_jades_blagn,"Table 2 (BH/Lbol/lambda_Edd), Table 5 (Mstar)",False,False,False,True,0.1229219538819442,-0.0104482088348166,consistent,30.0,1.1262736138044307,mbh_plus_0p3dex,0.3,0.0,7.81,9.76,-1.9500000000000002,fedd2_eps0p1_merger_boost_x2,2.0,0.1,2.0,-12.056406619203916,8.781998949052785e-13,light_seed_scale
GS38562_juodzbalis25,GS-38562,4.822,spec,JADES,broad-line-agn,robust,individual_robust,juodzbalis25_jades_blagn,"Table 2 (BH/Lbol/lambda_Edd), Table 5 (Mstar)",False,False,False,True,0.1229219538819442,-0.0104482088348166,consistent,30.0,1.1262736138044307,mbh_plus_0p3dex,0.3,0.0,7.81,9.76,-1.9500000000000002,fedd2_spin_minus1_eps0p038_no_merger_boost,2.0,0.037749551350623745,1.0,-47.60432285035396,2.4870078131517746e-48,light_seed_scale
GS38562_juodzbalis25,GS-38562,4.822,spec,JADES,broad-line-agn,robust,individual_robust,juodzbalis25_jades_blagn,"Table 2 (BH/Lbol/lambda_Edd), Table 5 (Mstar)",False,False,False,True,0.1229219538819442,-0.0104482088348166,consistent,30.0,1.1262736138044307,mbh_plus_0p3dex,0.3,0.0,7.81,9.76,-1.9500000000000002,fedd2_spin_minus1_eps0p038_merger_boost_x2,2.0,0.037749551350623745,2.0,-47.90535284601794,1.2435039065758871e-48,light_seed_scale
GS38562_juodzbalis25,GS-38562,4.822,spec,JADES,broad-line-agn,robust,individual_robust,juodzbalis25_jades_blagn,"Table 2 (BH/Lbol/lambda_Edd), Table 5 (Mstar)",False,False,False,True,0.1229219538819442,-0.0104482088348166,consistent,30.0,1.1262736138044307,mbh_plus_0p3dex,0.3,0.0,7.81,9.76,-1.9500000000000002,fedd2_spin_0_eps0p057_no_merger_boost,2.0,0.057190958417936644,1.0,-28.027859870222837,9.378645701830782e-29,light_seed_scale
GS38562_juodzbalis25,GS-38562,4.822,spec,JADES,broad-line-agn,robust,individual_robust,juodzbalis25_jades_blagn,"Table 2 (BH/Lbol/lambda_Edd), Table 5 (Mstar)",False,False,False,True,0.1229219538819442,-0.0104482088348166,consistent,30.0,1.1262736138044307,mbh_plus_0p3dex,0.3,0.0,7.81,9.76,-1.9500000000000002,fedd2_spin_0_eps0p057_merger_boost_x2,2.0,0.057190958417936644,2.0,-28.32888986588682,4.68932285091539e-29,light_seed_scale
GS38562_juodzbalis25,GS-38562,4.822,spec,JADES,broad-line-agn,robust,individual_robust,juodzbalis25_jades_blagn,"Table 2 (BH/Lbol/lambda_Edd), Table 5 (Mstar)",False,False,False,True,0.1229219538819442,-0.0104482088348166,consistent,30.0,1.1262736138044307,mbh_plus_0p3dex,0.3,0.0,7.81,9.76,-1.9500000000000002,fedd2_spin_plus1_eps0p423_no_merger_boost,2.0,0.42264973081037416,1.0,4.840355388626026,69239.73365871159,heavy_seed_scale
GS38562_juodzbalis25,GS-38562,4.822,spec,JADES,broad-line-agn,robust,individual_robust,juodzbalis25_jades_blagn,"Table 2 (BH/Lbol/lambda_Edd), Table 5 (Mstar)",False,False,False,True,0.1229219538819442,-0.0104482088348166,consistent,30.0,1.1262736138044307,mbh_plus_0p3dex,0.3,0.0,7.81,9.76,-1.9500000000000002,fedd2_spin_plus1_eps0p423_merger_boost_x2,2.0,0.42264973081037416,2.0,4.539325392962045,34619.86682935579,heavy_seed_scale
GS38562_juodzbalis25,GS-38562,4.822,spec,JADES,broad-line-agn,robust,individual_robust,juodzbalis25_jades_blagn,"Table 2 (BH/Lbol/lambda_Edd), Table 5 (Mstar)",False,False,False,True,0.1229219538819442,-0.0104482088348166,consistent,30.0,1.1262736138044307,mstar_agn_20pct,0.0,0.2,7.51,9.663089986991944,-2.1530899869919438,fedd0p3_eps0p1_no_merger_boost,0.3,0.1,1.0,4.57519350646901,37600.49016358978,heavy_seed_scale
GS38562_juodzbalis25,GS-38562,4.822,spec,JADES,broad-line-agn,robust,individual_robust,juodzbalis25_jades_blagn,"Table 2 (BH/Lbol/lambda_Edd), Table 5 (Mstar)",False,False,False,True,0.1229219538819442,-0.0104482088348166,consistent,30.0,1.1262736138044307,mstar_agn_20pct,0.0,0.2,7.51,9.663089986991944,-2.1530899869919438,fedd0p3_eps0p1_merger_boost_x2,0.3,0.1,2.0,4.274163510805029,18800.24508179489,heavy_seed_scale
GS38562_juodzbalis25,GS-38562,4.822,spec,JADES,broad-line-agn,robust,individual_robust,juodzbalis25_jades_blagn,"Table 2 (BH/Lbol/lambda_Edd), Table 5 (Mstar)",False,False,False,True,0.1229219538819442,-0.0104482088348166,consistent,30.0,1.1262736138044307,mstar_agn_20pct,0.0,0.2,7.51,9.663089986991944,-2.1530899869919438,fedd0p3_spin_minus1_eps0p038_no_merger_boost,0.3,0.037749551350623745,1.0,-0.8021484275530941,0.1577072186242034,light_seed_scale
GS38562_juodzbalis25,GS-38562,4.822,spec,JADES,broad-line-agn,robust,individual_robust,juodzbalis25_jades_blagn,"Table 2 (BH/Lbol/lambda_Edd), Table 5 (Mstar)",False,False,False,True,0.1229219538819442,-0.0104482088348166,consistent,30.0,1.1262736138044307,mstar_agn_20pct,0.0,0.2,7.51,9.663089986991944,-2.1530899869919438,fedd0p3_spin_minus1_eps0p038_merger_boost_x2,0.3,0.037749551350623745,2.0,-1.1031784232170754,0.07885360931210168,light_seed_scale
GS38562_juodzbalis25,GS-38562,4.822,spec,JADES,broad-line-agn,robust,individual_robust,juodzbalis25_jades_blagn,"Table 2 (BH/Lbol/lambda_Edd), Table 5 (Mstar)",False,False,False,True,0.1229219538819442,-0.0104482088348166,consistent,30.0,1.1262736138044307,mstar_agn_20pct,0.0,0.2,7.51,9.663089986991944,-2.1530899869919438,fedd0p3_spin_0_eps0p057_no_merger_boost,0.3,0.057190958417936644,1.0,2.134321019466575,136.24513998708215,intermediate_seed_scale
GS38562_juodzbalis25,GS-38562,4.822,spec,JADES,broad-line-agn,robust,individual_robust,juodzbalis25_jades_blagn,"Table 2 (BH/Lbol/lambda_Edd), Table 5 (Mstar)",False,False,False,True,0.1229219538819442,-0.0104482088348166,consistent,30.0,1.1262736138044307,mstar_agn_20pct,0.0,0.2,7.51,9.663089986991944,-2.1530899869919438,fedd0p3_spin_0_eps0p057_merger_boost_x2,0.3,0.057190958417936644,2.0,1.8332910238025937,68.12256999354106,light_seed_scale
GS38562_juodzbalis25,GS-38562,4.822,spec,JADES,broad-line-agn,robust,individual_robust,juodzbalis25_jades_blagn,"Table 2 (BH/Lbol/lambda_Edd), Table 5 (Mstar)",False,False,False,True,0.1229219538819442,-0.0104482088348166,consistent,30.0,1.1262736138044307,mstar_agn_20pct,0.0,0.2,7.51,9.663089986991944,-2.1530899869919438,fedd0p3_spin_plus1_eps0p423_no_merger_boost,0.3,0.42264973081037416,1.0,7.064553308293904,11602546.250463186,above_heavy_seed_scale
GS38562_juodzbalis25,GS-38562,4.822,spec,JADES,broad-line-agn,robust,individual_robust,juodzbalis25_jades_blagn,"Table 2 (BH/Lbol/lambda_Edd), Table 5 (Mstar)",False,False,False,True,0.1229219538819442,-0.0104482088348166,consistent,30.0,1.1262736138044307,mstar_agn_20pct,0.0,0.2,7.51,9.663089986991944,-2.1530899869919438,fedd0p3_spin_plus1_eps0p423_merger_boost_x2,0.3,0.42264973081037416,2.0,6.763523312629923,5801273.125231592,above_heavy_seed_scale
GS38562_juodzbalis25,GS-38562,4.822,spec,JADES,broad-line-agn,robust,individual_robust,juodzbalis25_jades_blagn,"Table 2 (BH/Lbol/lambda_Edd), Table 5 (Mstar)",False,False,False,True,0.1229219538819442,-0.0104482088348166,consistent,30.0,1.1262736138044307,mstar_agn_20pct,0.0,0.2,7.51,9.663089986991944,-2.1530899869919438,fedd1_eps0p1_no_merger_boost,1.0,0.1,1.0,-2.2726883117699668,0.005337178012877095,light_seed_scale
GS38562_juodzbalis25,GS-38562,4.822,spec,JADES,broad-line-agn,robust,individual_robust,juodzbalis25_jades_blagn,"Table 2 (BH/Lbol/lambda_Edd), Table 5 (Mstar)",False,False,False,True,0.1229219538819442,-0.0104482088348166,consistent,30.0,1.1262736138044307,mstar_agn_20pct,0.0,0.2,7.51,9.663089986991944,-2.1530899869919438,fedd1_eps0p1_merger_boost_x2,1.0,0.1,2.0,-2.573718307433948,0.002668589006438547,light_seed_scale
GS38562_juodzbalis25,GS-38562,4.822,spec,JADES,broad-line-agn,robust,individual_robust,juodzbalis25_jades_blagn,"Table 2 (BH/Lbol/lambda_Edd), Table 5 (Mstar)",False,False,False,True,0.1229219538819442,-0.0104482088348166,consistent,30.0,1.1262736138044307,mstar_agn_20pct,0.0,0.2,7.51,9.663089986991944,-2.1530899869919438,fedd1_spin_minus1_eps0p038_no_merger_boost,1.0,0.037749551350623745,1.0,-20.19716142517698,6.3509482627243206e-21,light_seed_scale
GS38562_juodzbalis25,GS-38562,4.822,spec,JADES,broad-line-agn,robust,individual_robust,juodzbalis25_jades_blagn,"Table 2 (BH/Lbol/lambda_Edd), Table 5 (Mstar)",False,False,False,True,0.1229219538819442,-0.0104482088348166,consistent,30.0,1.1262736138044307,mstar_agn_20pct,0.0,0.2,7.51,9.663089986991944,-2.1530899869919438,fedd1_spin_minus1_eps0p038_merger_boost_x2,1.0,0.037749551350623745,2.0,-20.49819142084096,3.17547413136216e-21,light_seed_scale
GS38562_juodzbalis25,GS-38562,4.822,spec,JADES,broad-line-agn,robust,individual_robust,juodzbalis25_jades_blagn,"Table 2 (BH/Lbol/lambda_Edd), Table 5 (Mstar)",False,False,False,True,0.1229219538819442,-0.0104482088348166,consistent,30.0,1.1262736138044307,mstar_agn_20pct,0.0,0.2,7.51,9.663089986991944,-2.1530899869919438,fedd1_spin_0_eps0p057_no_merger_boost,1.0,0.057190958417936644,1.0,-10.408929935111418,3.90004901235627e-11,light_seed_scale
GS38562_juodzbalis25,GS-38562,4.822,spec,JADES,broad-line-agn,robust,individual_robust,juodzbalis25_jades_blagn,"Table 2 (BH/Lbol/lambda_Edd), Table 5 (Mstar)",False,False,False,True,0.1229219538819442,-0.0104482088348166,consistent,30.0,1.1262736138044307,mstar_agn_20pct,0.0,0.2,7.51,9.663089986991944,-2.1530899869919438,fedd1_spin_0_eps0p057_merger_boost_x2,1.0,0.057190958417936644,2.0,-10.7099599307754,1.9500245061781347e-11,light_seed_scale
GS38562_juodzbalis25,GS-38562,4.822,spec,JADES,broad-line-agn,robust,individual_robust,juodzbalis25_jades_blagn,"Table 2 (BH/Lbol/lambda_Edd), Table 5 (Mstar)",False,False,False,True,0.1229219538819442,-0.0104482088348166,consistent,30.0,1.1262736138044307,mstar_agn_20pct,0.0,0.2,7.51,9.663089986991944,-2.1530899869919438,fedd1_spin_plus1_eps0p423_no_merger_boost,1.0,0.42264973081037416,1.0,6.0251776943130135,1059687.2141634135,above_heavy_seed_scale
GS38562_juodzbalis25,GS-38562,4.822,spec,JADES,broad-line-agn,robust,individual_robust,juodzbalis25_jades_blagn,"Table 2 (BH/Lbol/lambda_Edd), Table 5 (Mstar)",False,False,False,True,0.1229219538819442,-0.0104482088348166,consistent,30.0,1.1262736138044307,mstar_agn_20pct,0.0,0.2,7.51,9.663089986991944,-2.1530899869919438,fedd1_spin_plus1_eps0p423_merger_boost_x2,1.0,0.42264973081037416,2.0,5.724147698649032,529843.6070817068,heavy_seed_scale
GS38562_juodzbalis25,GS-38562,4.822,spec,JADES,broad-line-agn,robust,individual_robust,juodzbalis25_jades_blagn,"Table 2 (BH/Lbol/lambda_Edd), Table 5 (Mstar)",False,False,False,True,0.1229219538819442,-0.0104482088348166,consistent,30.0,1.1262736138044307,mstar_agn_20pct,0.0,0.2,7.51,9.663089986991944,-2.1530899869919438,fedd2_eps0p1_no_merger_boost,2.0,0.1,1.0,-12.055376623539933,8.802851517986778e-13,light_seed_scale
GS38562_juodzbalis25,GS-38562,4.822,spec,JADES,broad-line-agn,robust,individual_robust,juodzbalis25_jades_blagn,"Table 2 (BH/Lbol/lambda_Edd), Table 5 (Mstar)",False,False,False,True,0.1229219538819442,-0.0104482088348166,consistent,30.0,1.1262736138044307,mstar_agn_20pct,0.0,0.2,7.51,9.663089986991944,-2.1530899869919438,fedd2_eps0p1_merger_boost_x2,2.0,0.1,2.0,-12.356406619203915,4.4014257589933885e-13,light_seed_scale
GS38562_juodzbalis25,GS-38562,4.822,spec,JADES,broad-line-agn,robust,individual_robust,juodzbalis25_jades_blagn,"Table 2 (BH/Lbol/lambda_Edd), Table 5 (Mstar)",False,False,False,True,0.1229219538819442,-0.0104482088348166,consistent,30.0,1.1262736138044307,mstar_agn_20pct,0.0,0.2,7.51,9.663089986991944,-2.1530899869919438,fedd2_spin_minus1_eps0p038_no_merger_boost,2.0,0.037749551350623745,1.0,-47.904322850353964,1.2464565658829378e-48,light_seed_scale
GS38562_juodzbalis25,GS-38562,4.822,spec,JADES,broad-line-agn,robust,individual_robust,juodzbalis25_jades_blagn,"Table 2 (BH/Lbol/lambda_Edd), Table 5 (Mstar)",False,False,False,True,0.1229219538819442,-0.0104482088348166,consistent,30.0,1.1262736138044307,mstar_agn_20pct,0.0,0.2,7.51,9.663089986991944,-2.1530899869919438,fedd2_spin_minus1_eps0p038_merger_boost_x2,2.0,0.037749551350623745,2.0,-48.205352846017945,6.232282829414688e-49,light_seed_scale
GS38562_juodzbalis25,GS-38562,4.822,spec,JADES,broad-line-agn,robust,individual_robust,juodzbalis25_jades_blagn,"Table 2 (BH/Lbol/lambda_Edd), Table 5 (Mstar)",False,False,False,True,0.1229219538819442,-0.0104482088348166,consistent,30.0,1.1262736138044307,mstar_agn_20pct,0.0,0.2,7.51,9.663089986991944,-2.1530899869919438,fedd2_spin_0_eps0p057_no_merger_boost,2.0,0.057190958417936644,1.0,-28.327859870222838,4.7004574944708695e-29,light_seed_scale
GS38562_juodzbalis25,GS-38562,4.822,spec,JADES,broad-line-agn,robust,individual_robust,juodzbalis25_jades_blagn,"Table 2 (BH/Lbol/lambda_Edd), Table 5 (Mstar)",False,False,False,True,0.1229219538819442,-0.0104482088348166,consistent,30.0,1.1262736138044307,mstar_agn_20pct,0.0,0.2,7.51,9.663089986991944,-2.1530899869919438,fedd2_spin_0_eps0p057_merger_boost_x2,2.0,0.057190958417936644,2.0,-28.62888986588682,2.3502287472354342e-29,light_seed_scale
GS38562_juodzbalis25,GS-38562,4.822,spec,JADES,broad-line-agn,robust,individual_robust,juodzbalis25_jades_blagn,"Table 2 (BH/Lbol/lambda_Edd), Table 5 (Mstar)",False,False,False,True,0.1229219538819442,-0.0104482088348166,consistent,30.0,1.1262736138044307,mstar_agn_20pct,0.0,0.2,7.51,9.663089986991944,-2.1530899869919438,fedd2_spin_plus1_eps0p423_no_merger_boost,2.0,0.42264973081037416,1.0,4.540355388626026,34702.07056949881,heavy_seed_scale
GS38562_juodzbalis25,GS-38562,4.822,spec,JADES,broad-line-agn,robust,individual_robust,juodzbalis25_jades_blagn,"Table 2 (BH/Lbol/lambda_Edd), Table 5 (Mstar)",False,False,False,True,0.1229219538819442,-0.0104482088348166,consistent,30.0,1.1262736138044307,mstar_agn_20pct,0.0,0.2,7.51,9.663089986991944,-2.1530899869919438,fedd2_spin_plus1_eps0p423_merger_boost_x2,2.0,0.42264973081037416,2.0,4.239325392962045,17351.0352847494,heavy_seed_scale
GN38509_juodzbalis25,GN-38509,6.678,spec,JADES,broad-line-agn,robust,individual_robust,juodzbalis25_jades_blagn,"Table 2 (BH/Lbol/lambda_Edd), Table 5 (Mstar)",False,False,False,True,0.0147784693385942,0.0064618041732414,consistent,30.0,0.7105380908536351,baseline,0.0,0.0,8.57,9.19,-0.6199999999999992,fedd0p3_eps0p1_no_merger_boost,0.3,0.1,1.0,6.71850336776117,5230020.218152459,above_heavy_seed_scale
GN38509_juodzbalis25,GN-38509,6.678,spec,JADES,broad-line-agn,robust,individual_robust,juodzbalis25_jades_blagn,"Table 2 (BH/Lbol/lambda_Edd), Table 5 (Mstar)",False,False,False,True,0.0147784693385942,0.0064618041732414,consistent,30.0,0.7105380908536351,baseline,0.0,0.0,8.57,9.19,-0.6199999999999992,fedd0p3_eps0p1_merger_boost_x2,0.3,0.1,2.0,6.417473372097189,2615010.1090762294,above_heavy_seed_scale
GN38509_juodzbalis25,GN-38509,6.678,spec,JADES,broad-line-agn,robust,individual_robust,juodzbalis25_jades_blagn,"Table 2 (BH/Lbol/lambda_Edd), Table 5 (Mstar)",False,False,False,True,0.0147784693385942,0.0064618041732414,consistent,30.0,0.7105380908536351,baseline,0.0,0.0,8.57,9.19,-0.6199999999999992,fedd0p3_spin_minus1_eps0p038_no_merger_boost,0.3,0.037749551350623745,1.0,3.326071702101359,2118.710905946649,intermediate_seed_scale
GN38509_juodzbalis25,GN-38509,6.678,spec,JADES,broad-line-agn,robust,individual_robust,juodzbalis25_jades_blagn,"Table 2 (BH/Lbol/lambda_Edd), Table 5 (Mstar)",False,False,False,True,0.0147784693385942,0.0064618041732414,consistent,30.0,0.7105380908536351,baseline,0.0,0.0,8.57,9.19,-0.6199999999999992,fedd0p3_spin_minus1_eps0p038_merger_boost_x2,0.3,0.037749551350623745,2.0,3.025041706437378,1059.3554529733242,intermediate_seed_scale
GN38509_juodzbalis25,GN-38509,6.678,spec,JADES,broad-line-agn,robust,individual_robust,juodzbalis25_jades_blagn,"Table 2 (BH/Lbol/lambda_Edd), Table 5 (Mstar)",False,False,False,True,0.0147784693385942,0.0064618041732414,consistent,30.0,0.7105380908536351,baseline,0.0,0.0,8.57,9.19,-0.6199999999999992,fedd0p3_spin_0_eps0p057_no_merger_boost,0.3,0.057190958417936644,1.0,5.1786174504541975,150875.0581374042,heavy_seed_scale
GN38509_juodzbalis25,GN-38509,6.678,spec,JADES,broad-line-agn,robust,individual_robust,juodzbalis25_jades_blagn,"Table 2 (BH/Lbol/lambda_Edd), Table 5 (Mstar)",False,False,False,True,0.0147784693385942,0.0064618041732414,consistent,30.0,0.7105380908536351,baseline,0.0,0.0,8.57,9.19,-0.6199999999999992,fedd0p3_spin_0_eps0p057_merger_boost_x2,0.3,0.057190958417936644,2.0,4.877587454790216,75437.52906870209,heavy_seed_scale
GN38509_juodzbalis25,GN-38509,6.678,spec,JADES,broad-line-agn,robust,individual_robust,juodzbalis25_jades_blagn,"Table 2 (BH/Lbol/lambda_Edd), Table 5 (Mstar)",False,False,False,True,0.0147784693385942,0.0064618041732414,consistent,30.0,0.7105380908536351,baseline,0.0,0.0,8.57,9.19,-0.6199999999999992,fedd0p3_spin_plus1_eps0p423_no_merger_boost,0.3,0.42264973081037416,1.0,8.28897872948227,194526480.57107213,above_heavy_seed_scale
GN38509_juodzbalis25,GN-38509,6.678,spec,JADES,broad-line-agn,robust,individual_robust,juodzbalis25_jades_blagn,"Table 2 (BH/Lbol/lambda_Edd), Table 5 (Mstar)",False,False,False,True,0.0147784693385942,0.0064618041732414,consistent,30.0,0.7105380908536351,baseline,0.0,0.0,8.57,9.19,-0.6199999999999992,fedd0p3_spin_plus1_eps0p423_merger_boost_x2,0.3,0.42264973081037416,2.0,7.987948733818288,97263240.28553586,above_heavy_seed_scale
GN38509_juodzbalis25,GN-38509,6.678,spec,JADES,broad-line-agn,robust,individual_robust,juodzbalis25_jades_blagn,"Table 2 (BH/Lbol/lambda_Edd), Table 5 (Mstar)",False,False,False,True,0.0147784693385942,0.0064618041732414,consistent,30.0,0.7105380908536351,baseline,0.0,0.0,8.57,9.19,-0.6199999999999992,fedd1_eps0p1_no_merger_boost,1.0,0.1,1.0,2.398344559203899,250.23298650402452,intermediate_seed_scale
GN38509_juodzbalis25,GN-38509,6.678,spec,JADES,broad-line-agn,robust,individual_robust,juodzbalis25_jades_blagn,"Table 2 (BH/Lbol/lambda_Edd), Table 5 (Mstar)",False,False,False,True,0.0147784693385942,0.0064618041732414,consistent,30.0,0.7105380908536351,baseline,0.0,0.0,8.57,9.19,-0.6199999999999992,fedd1_eps0p1_merger_boost_x2,1.0,0.1,2.0,2.0973145635399177,125.11649325201225,intermediate_seed_scale
GN38509_juodzbalis25,GN-38509,6.678,spec,JADES,broad-line-agn,robust,individual_robust,juodzbalis25_jades_blagn,"Table 2 (BH/Lbol/lambda_Edd), Table 5 (Mstar)",False,False,False,True,0.0147784693385942,0.0064618041732414,consistent,30.0,0.7105380908536351,baseline,0.0,0.0,8.57,9.19,-0.6199999999999992,fedd1_spin_minus1_eps0p038_no_merger_boost,1.0,0.037749551350623745,1.0,-8.909760992995473,1.230946015842334e-09,light_seed_scale
GN38509_juodzbalis25,GN-38509,6.678,spec,JADES,broad-line-agn,robust,individual_robust,juodzbalis25_jades_blagn,"Table 2 (BH/Lbol/lambda_Edd), Table 5 (Mstar)",False,False,False,True,0.0147784693385942,0.0064618041732414,consistent,30.0,0.7105380908536351,baseline,0.0,0.0,8.57,9.19,-0.6199999999999992,fedd1_spin_minus1_eps0p038_merger_boost_x2,1.0,0.037749551350623745,2.0,-9.210790988659454,6.154730079211669e-10,light_seed_scale
GN38509_juodzbalis25,GN-38509,6.678,spec,JADES,broad-line-agn,robust,individual_robust,juodzbalis25_jades_blagn,"Table 2 (BH/Lbol/lambda_Edd), Table 5 (Mstar)",False,False,False,True,0.0147784693385942,0.0064618041732414,consistent,30.0,0.7105380908536351,baseline,0.0,0.0,8.57,9.19,-0.6199999999999992,fedd1_spin_0_eps0p057_no_merger_boost,1.0,0.057190958417936644,1.0,-2.7346084984860095,0.0018424321421810883,light_seed_scale
GN38509_juodzbalis25,GN-38509,6.678,spec,JADES,broad-line-agn,robust,individual_robust,juodzbalis25_jades_blagn,"Table 2 (BH/Lbol/lambda_Edd), Table 5 (Mstar)",False,False,False,True,0.0147784693385942,0.0064618041732414,consistent,30.0,0.7105380908536351,baseline,0.0,0.0,8.57,9.19,-0.6199999999999992,fedd1_spin_0_eps0p057_merger_boost_x2,1.0,0.057190958417936644,2.0,-3.0356384941499908,0.000921216071090544,light_seed_scale
GN38509_juodzbalis25,GN-38509,6.678,spec,JADES,broad-line-agn,robust,individual_robust,juodzbalis25_jades_blagn,"Table 2 (BH/Lbol/lambda_Edd), Table 5 (Mstar)",False,False,False,True,0.0147784693385942,0.0064618041732414,consistent,30.0,0.7105380908536351,baseline,0.0,0.0,8.57,9.19,-0.6199999999999992,fedd1_spin_plus1_eps0p423_no_merger_boost,1.0,0.42264973081037416,1.0,7.633262431607564,42979606.16542341,above_heavy_seed_scale
GN38509_juodzbalis25,GN-38509,6.678,spec,JADES,broad-line-agn,robust,individual_robust,juodzbalis25_jades_blagn,"Table 2 (BH/Lbol/lambda_Edd), Table 5 (Mstar)",False,False,False,True,0.0147784693385942,0.0064618041732414,consistent,30.0,0.7105380908536351,baseline,0.0,0.0,8.57,9.19,-0.6199999999999992,fedd1_spin_plus1_eps0p423_merger_boost_x2,1.0,0.42264973081037416,2.0,7.332232435943583,21489803.0827117,above_heavy_seed_scale
GN38509_juodzbalis25,GN-38509,6.678,spec,JADES,broad-line-agn,robust,individual_robust,juodzbalis25_jades_blagn,"Table 2 (BH/Lbol/lambda_Edd), Table 5 (Mstar)",False,False,False,True,0.0147784693385942,0.0064618041732414,consistent,30.0,0.7105380908536351,baseline,0.0,0.0,8.57,9.19,-0.6199999999999992,fedd2_eps0p1_no_merger_boost,2.0,0.1,1.0,-3.7733108815922023,0.00016853461699145182,light_seed_scale
GN38509_juodzbalis25,GN-38509,6.678,spec,JADES,broad-line-agn,robust,individual_robust,juodzbalis25_jades_blagn,"Table 2 (BH/Lbol/lambda_Edd), Table 5 (Mstar)",False,False,False,True,0.0147784693385942,0.0064618041732414,consistent,30.0,0.7105380908536351,baseline,0.0,0.0,8.57,9.19,-0.6199999999999992,fedd2_eps0p1_merger_boost_x2,2.0,0.1,2.0,-4.0743408772561835,8.42673084957259e-05,light_seed_scale
GN38509_juodzbalis25,GN-38509,6.678,spec,JADES,broad-line-agn,robust,individual_robust,juodzbalis25_jades_blagn,"Table 2 (BH/Lbol/lambda_Edd), Table 5 (Mstar)",False,False,False,True,0.0147784693385942,0.0064618041732414,consistent,30.0,0.7105380908536351,baseline,0.0,0.0,8.57,9.19,-0.6199999999999992,fedd2_spin_minus1_eps0p038_no_merger_boost,2.0,0.037749551350623745,1.0,-26.389521985990946,4.078289150668447e-27,light_seed_scale
GN38509_juodzbalis25,GN-38509,6.678,spec,JADES,broad-line-agn,robust,individual_robust,juodzbalis25_jades_blagn,"Table 2 (BH/Lbol/lambda_Edd), Table 5 (Mstar)",False,False,False,True,0.0147784693385942,0.0064618041732414,consistent,30.0,0.7105380908536351,baseline,0.0,0.0,8.57,9.19,-0.6199999999999992,fedd2_spin_minus1_eps0p038_merger_boost_x2,2.0,0.037749551350623745,2.0,-26.690551981654927,2.039144575334223e-27,light_seed_scale
GN38509_juodzbalis25,GN-38509,6.678,spec,JADES,broad-line-agn,robust,individual_robust,juodzbalis25_jades_blagn,"Table 2 (BH/Lbol/lambda_Edd), Table 5 (Mstar)",False,False,False,True,0.0147784693385942,0.0064618041732414,consistent,30.0,0.7105380908536351,baseline,0.0,0.0,8.57,9.19,-0.6199999999999992,fedd2_spin_0_eps0p057_no_merger_boost,2.0,0.057190958417936644,1.0,-14.03921699697202,9.136566152261616e-15,light_seed_scale
GN38509_juodzbalis25,GN-38509,6.678,spec,JADES,broad-line-agn,robust,individual_robust,juodzbalis25_jades_blagn,"Table 2 (BH/Lbol/lambda_Edd), Table 5 (Mstar)",False,False,False,True,0.0147784693385942,0.0064618041732414,consistent,30.0,0.7105380908536351,baseline,0.0,0.0,8.57,9.19,-0.6199999999999992,fedd2_spin_0_eps0p057_merger_boost_x2,2.0,0.057190958417936644,2.0,-14.340246992636,4.568283076130807e-15,light_seed_scale
GN38509_juodzbalis25,GN-38509,6.678,spec,JADES,broad-line-agn,robust,individual_robust,juodzbalis25_jades_blagn,"Table 2 (BH/Lbol/lambda_Edd), Table 5 (Mstar)",False,False,False,True,0.0147784693385942,0.0064618041732414,consistent,30.0,0.7105380908536351,baseline,0.0,0.0,8.57,9.19,-0.6199999999999992,fedd2_spin_plus1_eps0p423_no_merger_boost,2.0,0.42264973081037416,1.0,6.696524863215128,4971928.370355872,above_heavy_seed_scale
GN38509_juodzbalis25,GN-38509,6.678,spec,JADES,broad-line-agn,robust,individual_robust,juodzbalis25_jades_blagn,"Table 2 (BH/Lbol/lambda_Edd), Table 5 (Mstar)",False,False,False,True,0.0147784693385942,0.0064618041732414,consistent,30.0,0.7105380908536351,baseline,0.0,0.0,8.57,9.19,-0.6199999999999992,fedd2_spin_plus1_eps0p423_merger_boost_x2,2.0,0.42264973081037416,2.0,6.395494867551147,2485964.1851779358,above_heavy_seed_scale
GN38509_juodzbalis25,GN-38509,6.678,spec,JADES,broad-line-agn,robust,individual_robust,juodzbalis25_jades_blagn,"Table 2 (BH/Lbol/lambda_Edd), Table 5 (Mstar)",False,False,False,True,0.0147784693385942,0.0064618041732414,consistent,30.0,0.7105380908536351,mbh_minus_0p3dex,-0.3,0.0,8.27,9.19,-0.9199999999999999,fedd0p3_eps0p1_no_merger_boost,0.3,0.1,1.0,6.418503367761169,2621219.3649505298,above_heavy_seed_scale
GN38509_juodzbalis25,GN-38509,6.678,spec,JADES,broad-line-agn,robust,individual_robust,juodzbalis25_jades_blagn,"Table 2 (BH/Lbol/lambda_Edd), Table 5 (Mstar)",False,False,False,True,0.0147784693385942,0.0064618041732414,consistent,30.0,0.7105380908536351,mbh_minus_0p3dex,-0.3,0.0,8.27,9.19,-0.9199999999999999,fedd0p3_eps0p1_merger_boost_x2,0.3,0.1,2.0,6.117473372097188,1310609.6824752646,above_heavy_seed_scale
GN38509_juodzbalis25,GN-38509,6.678,spec,JADES,broad-line-agn,robust,individual_robust,juodzbalis25_jades_blagn,"Table 2 (BH/Lbol/lambda_Edd), Table 5 (Mstar)",False,False,False,True,0.0147784693385942,0.0064618041732414,consistent,30.0,0.7105380908536351,mbh_minus_0p3dex,-0.3,0.0,8.27,9.19,-0.9199999999999999,fedd0p3_spin_minus1_eps0p038_no_merger_boost,0.3,0.037749551350623745,1.0,3.0260717021013583,1061.870857807331,intermediate_seed_scale
GN38509_juodzbalis25,GN-38509,6.678,spec,JADES,broad-line-agn,robust,individual_robust,juodzbalis25_jades_blagn,"Table 2 (BH/Lbol/lambda_Edd), Table 5 (Mstar)",False,False,False,True,0.0147784693385942,0.0064618041732414,consistent,30.0,0.7105380908536351,mbh_minus_0p3dex,-0.3,0.0,8.27,9.19,-0.9199999999999999,fedd0p3_spin_minus1_eps0p038_merger_boost_x2,0.3,0.037749551350623745,2.0,2.725041706437377,530.9354289036654,intermediate_seed_scale
GN38509_juodzbalis25,GN-38509,6.678,spec,JADES,broad-line-agn,robust,individual_robust,juodzbalis25_jades_blagn,"Table 2 (BH/Lbol/lambda_Edd), Table 5 (Mstar)",False,False,False,True,0.0147784693385942,0.0064618041732414,consistent,30.0,0.7105380908536351,mbh_minus_0p3dex,-0.3,0.0,8.27,9.19,-0.9199999999999999,fedd0p3_spin_0_eps0p057_no_merger_boost,0.3,0.057190958417936644,1.0,4.878617450454197,75616.65301123937,heavy_seed_scale
GN38509_juodzbalis25,GN-38509,6.678,spec,JADES,broad-line-agn,robust,individual_robust,juodzbalis25_jades_blagn,"Table 2 (BH/Lbol/lambda_Edd), Table 5 (Mstar)",False,False,False,True,0.0147784693385942,0.0064618041732414,consistent,30.0,0.7105380908536351,mbh_minus_0p3dex,-0.3,0.0,8.27,9.19,-0.9199999999999999,fedd0p3_spin_0_eps0p057_merger_boost_x2,0.3,0.057190958417936644,2.0,4.577587454790216,37808.32650561968,heavy_seed_scale
GN38509_juodzbalis25,GN-38509,6.678,spec,JADES,broad-line-agn,robust,individual_robust,juodzbalis25_jades_blagn,"Table 2 (BH/Lbol/lambda_Edd), Table 5 (Mstar)",False,False,False,True,0.0147784693385942,0.0064618041732414,consistent,30.0,0.7105380908536351,mbh_minus_0p3dex,-0.3,0.0,8.27,9.19,-0.9199999999999999,fedd0p3_spin_plus1_eps0p423_no_merger_boost,0.3,0.42264973081037416,1.0,7.988978729482269,97494188.66466461,above_heavy_seed_scale
GN38509_juodzbalis25,GN-38509,6.678,spec,JADES,broad-line-agn,robust,individual_robust,juodzbalis25_jades_blagn,"Table 2 (BH/Lbol/lambda_Edd), Table 5 (Mstar)",False,False,False,True,0.0147784693385942,0.0064618041732414,consistent,30.0,0.7105380908536351,mbh_minus_0p3dex,-0.3,0.0,8.27,9.19,-0.9199999999999999,fedd0p3_spin_plus1_eps0p423_merger_boost_x2,0.3,0.42264973081037416,2.0,7.6879487338182875,48747094.3323323,above_heavy_seed_scale
GN38509_juodzbalis25,GN-38509,6.678,spec,JADES,broad-line-agn,robust,individual_robust,juodzbalis25_jades_blagn,"Table 2 (BH/Lbol/lambda_Edd), Table 5 (Mstar)",False,False,False,True,0.0147784693385942,0.0064618041732414,consistent,30.0,0.7105380908536351,mbh_minus_0p3dex,-0.3,0.0,8.27,9.19,-0.9199999999999999,fedd1_eps0p1_no_merger_boost,1.0,0.1,1.0,2.0983445592038983,125.4135782682424,intermediate_seed_scale
GN38509_juodzbalis25,GN-38509,6.678,spec,JADES,broad-line-agn,robust,individual_robust,juodzbalis25_jades_blagn,"Table 2 (BH/Lbol/lambda_Edd), Table 5 (Mstar)",False,False,False,True,0.0147784693385942,0.0064618041732414,consistent,30.0,0.7105380908536351,mbh_minus_0p3dex,-0.3,0.0,8.27,9.19,-0.9199999999999999,fedd1_eps0p1_merger_boost_x2,1.0,0.1,2.0,1.797314563539917,62.706789134121195,light_seed_scale
GN38509_juodzbalis25,GN-38509,6.678,spec,JADES,broad-line-agn,robust,individual_robust,juodzbalis25_jades_blagn,"Table 2 (BH/Lbol/lambda_Edd), Table 5 (Mstar)",False,False,False,True,0.0147784693385942,0.0064618041732414,consistent,30.0,0.7105380908536351,mbh_minus_0p3dex,-0.3,0.0,8.27,9.19,-0.9199999999999999,fedd1_spin_minus1_eps0p038_no_merger_boost,1.0,0.037749551350623745,1.0,-9.209760992995474,6.169344284245309e-10,light_seed_scale
GN38509_juodzbalis25,GN-38509,6.678,spec,JADES,broad-line-agn,robust,individual_robust,juodzbalis25_jades_blagn,"Table 2 (BH/Lbol/lambda_Edd), Table 5 (Mstar)",False,False,False,True,0.0147784693385942,0.0064618041732414,consistent,30.0,0.7105380908536351,mbh_minus_0p3dex,-0.3,0.0,8.27,9.19,-0.9199999999999999,fedd1_spin_minus1_eps0p038_merger_boost_x2,1.0,0.037749551350623745,2.0,-9.510790988659455,3.084672142122654e-10,light_seed_scale
GN38509_juodzbalis25,GN-38509,6.678,spec,JADES,broad-line-agn,robust,individual_robust,juodzbalis25_jades_blagn,"Table 2 (BH/Lbol/lambda_Edd), Table 5 (Mstar)",False,False,False,True,0.0147784693385942,0.0064618041732414,consistent,30.0,0.7105380908536351,mbh_minus_0p3dex,-0.3,0.0,8.27,9.19,-0.9199999999999999,fedd1_spin_0_eps0p057_no_merger_boost,1.0,0.057190958417936644,1.0,-3.03460849848601,0.0009234034684857073,light_seed_scale
GN38509_juodzbalis25,GN-38509,6.678,spec,JADES,broad-line-agn,robust,individual_robust,juodzbalis25_jades_blagn,"Table 2 (BH/Lbol/lambda_Edd), Table 5 (Mstar)",False,False,False,True,0.0147784693385942,0.0064618041732414,consistent,30.0,0.7105380908536351,mbh_minus_0p3dex,-0.3,0.0,8.27,9.19,-0.9199999999999999,fedd1_spin_0_eps0p057_merger_boost_x2,1.0,0.057190958417936644,2.0,-3.3356384941499915,0.0004617017342428536,light_seed_scale
GN38509_juodzbalis25,GN-38509,6.678,spec,JADES,broad-line-agn,robust,individual_robust,juodzbalis25_jades_blagn,"Table 2 (BH/Lbol/lambda_Edd), Table 5 (Mstar)",False,False,False,True,0.0147784693385942,0.0064618041732414,consistent,30.0,0.7105380908536351,mbh_minus_0p3dex,-0.3,0.0,8.27,9.19,-0.9199999999999999,fedd1_spin_plus1_eps0p423_no_merger_boost,1.0,0.42264973081037416,1.0,7.333262431607563,21540829.916438177,above_heavy_seed_scale
GN38509_juodzbalis25,GN-38509,6.678,spec,JADES,broad-line-agn,robust,individual_robust,juodzbalis25_jades_blagn,"Table 2 (BH/Lbol/lambda_Edd), Table 5 (Mstar)",False,False,False,True,0.0147784693385942,0.0064618041732414,consistent,30.0,0.7105380908536351,mbh_minus_0p3dex,-0.3,0.0,8.27,9.19,-0.9199999999999999,fedd1_spin_plus1_eps0p423_merger_boost_x2,1.0,0.42264973081037416,2.0,7.032232435943582,10770414.958219089,above_heavy_seed_scale
GN38509_juodzbalis25,GN-38509,6.678,spec,JADES,broad-line-agn,robust,individual_robust,juodzbalis25_jades_blagn,"Table 2 (BH/Lbol/lambda_Edd), Table 5 (Mstar)",False,False,False,True,0.0147784693385942,0.0064618041732414,consistent,30.0,0.7105380908536351,mbh_minus_0p3dex,-0.3,0.0,8.27,9.19,-0.9199999999999999,fedd2_eps0p1_no_merger_boost,2.0,0.1,1.0,-4.073310881592203,8.446739846037748e-05,light_seed_scale
GN38509_juodzbalis25,GN-38509,6.678,spec,JADES,broad-line-agn,robust,individual_robust,juodzbalis25_jades_blagn,"Table 2 (BH/Lbol/lambda_Edd), Table 5 (Mstar)",False,False,False,True,0.0147784693385942,0.0064618041732414,consistent,30.0,0.7105380908536351,mbh_minus_0p3dex,-0.3,0.0,8.27,9.19,-0.9199999999999999,fedd2_eps0p1_merger_boost_x2,2.0,0.1,2.0,-4.374340877256184,4.223369923018873e-05,light_seed_scale
GN38509_juodzbalis25,GN-38509,6.678,spec,JADES,broad-line-agn,robust,individual_robust,juodzbalis25_jades_blagn,"Table 2 (BH/Lbol/lambda_Edd), Table 5 (Mstar)",False,False,False,True,0.0147784693385942,0.0064618041732414,consistent,30.0,0.7105380908536351,mbh_minus_0p3dex,-0.3,0.0,8.27,9.19,-0.9199999999999999,fedd2_spin_minus1_eps0p038_no_merger_boost,2.0,0.037749551350623745,1.0,-26.689521985990947,2.0439864573556332e-27,light_seed_scale
GN38509_juodzbalis25,GN-38509,6.678,spec,JADES,broad-line-agn,robust,individual_robust,juodzbalis25_jades_blagn,"Table 2 (BH/Lbol/lambda_Edd), Table 5 (Mstar)",False,False,False,True,0.0147784693385942,0.0064618041732414,consistent,30.0,0.7105380908536351,mbh_minus_0p3dex,-0.3,0.0,8.27,9.19,-0.9199999999999999,fedd2_spin_minus1_eps0p038_merger_boost_x2,2.0,0.037749551350623745,2.0,-26.990551981654928,1.0219932286778164e-27,light_seed_scale
GN38509_juodzbalis25,GN-38509,6.678,spec,JADES,broad-line-agn,robust,individual_robust,juodzbalis25_jades_blagn,"Table 2 (BH/Lbol/lambda_Edd), Table 5 (Mstar)",False,False,False,True,0.0147784693385942,0.0064618041732414,consistent,30.0,0.7105380908536351,mbh_minus_0p3dex,-0.3,0.0,8.27,9.19,-0.9199999999999999,fedd2_spin_0_eps0p057_no_merger_boost,2.0,0.057190958417936644,1.0,-14.33921699697202,4.5791303147045636e-15,light_seed_scale
GN38509_juodzbalis25,GN-38509,6.678,spec,JADES,broad-line-agn,robust,individual_robust,juodzbalis25_jades_blagn,"Table 2 (BH/Lbol/lambda_Edd), Table 5 (Mstar)",False,False,False,True,0.0147784693385942,0.0064618041732414,consistent,30.0,0.7105380908536351,mbh_minus_0p3dex,-0.3,0.0,8.27,9.19,-0.9199999999999999,fedd2_spin_0_eps0p057_merger_boost_x2,2.0,0.057190958417936644,2.0,-14.640246992636001,2.2895651573522814e-15,light_seed_scale
GN38509_juodzbalis25,GN-38509,6.678,spec,JADES,broad-line-agn,robust,individual_robust,juodzbalis25_jades_blagn,"Table 2 (BH/Lbol/lambda_Edd), Table 5 (Mstar)",False,False,False,True,0.0147784693385942,0.0064618041732414,consistent,30.0,0.7105380908536351,mbh_minus_0p3dex,-0.3,0.0,8.27,9.19,-0.9199999999999999,fedd2_spin_plus1_eps0p423_no_merger_boost,2.0,0.42264973081037416,1.0,6.396524863215127,2491867.0257316073,above_heavy_seed_scale
GN38509_juodzbalis25,GN-38509,6.678,spec,JADES,broad-line-agn,robust,individual_robust,juodzbalis25_jades_blagn,"Table 2 (BH/Lbol/lambda_Edd), Table 5 (Mstar)",False,False,False,True,0.0147784693385942,0.0064618041732414,consistent,30.0,0.7105380908536351,mbh_minus_0p3dex,-0.3,0.0,8.27,9.19,-0.9199999999999999,fedd2_spin_plus1_eps0p423_merger_boost_x2,2.0,0.42264973081037416,2.0,6.095494867551146,1245933.5128658037,above_heavy_seed_scale
GN38509_juodzbalis25,GN-38509,6.678,spec,JADES,broad-line-agn,robust,individual_robust,juodzbalis25_jades_blagn,"Table 2 (BH/Lbol/lambda_Edd), Table 5 (Mstar)",False,False,False,True,0.0147784693385942,0.0064618041732414,consistent,30.0,0.7105380908536351,mbh_plus_0p3dex,0.3,0.0,8.870000000000001,9.19,-0.3199999999999985,fedd0p3_eps0p1_no_merger_boost,0.3,0.1,1.0,7.018503367761171,10435262.247804938,above_heavy_seed_scale
GN38509_juodzbalis25,GN-38509,6.678,spec,JADES,broad-line-agn,robust,individual_robust,juodzbalis25_jades_blagn,"Table 2 (BH/Lbol/lambda_Edd), Table 5 (Mstar)",False,False,False,True,0.0147784693385942,0.0064618041732414,consistent,30.0,0.7105380908536351,mbh_plus_0p3dex,0.3,0.0,8.870000000000001,9.19,-0.3199999999999985,fedd0p3_eps0p1_merger_boost_x2,0.3,0.1,2.0,6.7174733720971895,5217631.123902468,above_heavy_seed_scale
GN38509_juodzbalis25,GN-38509,6.678,spec,JADES,broad-line-agn,robust,individual_robust,juodzbalis25_jades_blagn,"Table 2 (BH/Lbol/lambda_Edd), Table 5 (Mstar)",False,False,False,True,0.0147784693385942,0.0064618041732414,consistent,30.0,0.7105380908536351,mbh_plus_0p3dex,0.3,0.0,8.870000000000001,9.19,-0.3199999999999985,fedd0p3_spin_minus1_eps0p038_no_merger_boost,0.3,0.037749551350623745,1.0,3.6260717021013598,4227.384026948929,intermediate_seed_scale
GN38509_juodzbalis25,GN-38509,6.678,spec,JADES,broad-line-agn,robust,individual_robust,juodzbalis25_jades_blagn,"Table 2 (BH/Lbol/lambda_Edd), Table 5 (Mstar)",False,False,False,True,0.0147784693385942,0.0064618041732414,consistent,30.0,0.7105380908536351,mbh_plus_0p3dex,0.3,0.0,8.870000000000001,9.19,-0.3199999999999985,fedd0p3_spin_minus1_eps0p038_merger_boost_x2,0.3,0.037749551350623745,2.0,3.3250417064373785,2113.6920134744646,intermediate_seed_scale
GN38509_juodzbalis25,GN-38509,6.678,spec,JADES,broad-line-agn,robust,individual_robust,juodzbalis25_jades_blagn,"Table 2 (BH/Lbol/lambda_Edd), Table 5 (Mstar)",False,False,False,True,0.0147784693385942,0.0064618041732414,consistent,30.0,0.7105380908536351,mbh_plus_0p3dex,0.3,0.0,8.870000000000001,9.19,-0.3199999999999985,fedd0p3_spin_0_eps0p057_no_merger_boost,0.3,0.057190958417936644,1.0,5.478617450454198,301035.31777030195,heavy_seed_scale
GN38509_juodzbalis25,GN-38509,6.678,spec,JADES,broad-line-agn,robust,individual_robust,juodzbalis25_jades_blagn,"Table 2 (BH/Lbol/lambda_Edd), Table 5 (Mstar)",False,False,False,True,0.0147784693385942,0.0064618041732414,consistent,30.0,0.7105380908536351,mbh_plus_0p3dex,0.3,0.0,8.870000000000001,9.19,-0.3199999999999985,fedd0p3_spin_0_eps0p057_merger_boost_x2,0.3,0.057190958417936644,2.0,5.177587454790217,150517.65888515094,heavy_seed_scale
GN38509_juodzbalis25,GN-38509,6.678,spec,JADES,broad-line-agn,robust,individual_robust,juodzbalis25_jades_blagn,"Table 2 (BH/Lbol/lambda_Edd), Table 5 (Mstar)",False,False,False,True,0.0147784693385942,0.0064618041732414,consistent,30.0,0.7105380908536351,mbh_plus_0p3dex,0.3,0.0,8.870000000000001,9.19,-0.3199999999999985,fedd0p3_spin_plus1_eps0p423_no_merger_boost,0.3,0.42264973081037416,1.0,8.588978729482271,388131355.9469868,above_heavy_seed_scale
GN38509_juodzbalis25,GN-38509,6.678,spec,JADES,broad-line-agn,robust,individual_robust,juodzbalis25_jades_blagn,"Table 2 (BH/Lbol/lambda_Edd), Table 5 (Mstar)",False,False,False,True,0.0147784693385942,0.0064618041732414,consistent,30.0,0.7105380908536351,mbh_plus_0p3dex,0.3,0.0,8.870000000000001,9.19,-0.3199999999999985,fedd0p3_spin_plus1_eps0p423_merger_boost_x2,0.3,0.42264973081037416,2.0,8.28794873381829,194065677.97349337,above_heavy_seed_scale
GN38509_juodzbalis25,GN-38509,6.678,spec,JADES,broad-line-agn,robust,individual_robust,juodzbalis25_jades_blagn,"Table 2 (BH/Lbol/lambda_Edd), Table 5 (Mstar)",False,False,False,True,0.0147784693385942,0.0064618041732414,consistent,30.0,0.7105380908536351,mbh_plus_0p3dex,0.3,0.0,8.870000000000001,9.19,-0.3199999999999985,fedd1_eps0p1_no_merger_boost,1.0,0.1,1.0,2.6983445592038997,499.2804479335972,intermediate_seed_scale
GN38509_juodzbalis25,GN-38509,6.678,spec,JADES,broad-line-agn,robust,individual_robust,juodzbalis25_jades_blagn,"Table 2 (BH/Lbol/lambda_Edd), Table 5 (Mstar)",False,False,False,True,0.0147784693385942,0.0064618041732414,consistent,30.0,0.7105380908536351,mbh_plus_0p3dex,0.3,0.0,8.870000000000001,9.19,-0.3199999999999985,fedd1_eps0p1_merger_boost_x2,1.0,0.1,2.0,2.3973145635399185,249.64022396679857,intermediate_seed_scale
GN38509_juodzbalis25,GN-38509,6.678,spec,JADES,broad-line-agn,robust,individual_robust,juodzbalis25_jades_blagn,"Table 2 (BH/Lbol/lambda_Edd), Table 5 (Mstar)",False,False,False,True,0.0147784693385942,0.0064618041732414,consistent,30.0,0.7105380908536351,mbh_plus_0p3dex,0.3,0.0,8.870000000000001,9.19,-0.3199999999999985,fedd1_spin_minus1_eps0p038_no_merger_boost,1.0,0.037749551350623745,1.0,-8.609760992995472,2.4560601971712983e-09,light_seed_scale
GN38509_juodzbalis25,GN-38509,6.678,spec,JADES,broad-line-agn,robust,individual_robust,juodzbalis25_jades_blagn,"Table 2 (BH/Lbol/lambda_Edd), Table 5 (Mstar)",False,False,False,True,0.0147784693385942,0.0064618041732414,consistent,30.0,0.7105380908536351,mbh_plus_0p3dex,0.3,0.0,8.870000000000001,9.19,-0.3199999999999985,fedd1_spin_minus1_eps0p038_merger_boost_x2,1.0,0.037749551350623745,2.0,-8.910790988659453,1.2280300985856491e-09,light_seed_scale
GN38509_juodzbalis25,GN-38509,6.678,spec,JADES,broad-line-agn,robust,individual_robust,juodzbalis25_jades_blagn,"Table 2 (BH/Lbol/lambda_Edd), Table 5 (Mstar)",False,False,False,True,0.0147784693385942,0.0064618041732414,consistent,30.0,0.7105380908536351,mbh_plus_0p3dex,0.3,0.0,8.870000000000001,9.19,-0.3199999999999985,fedd1_spin_0_eps0p057_no_merger_boost,1.0,0.057190958417936644,1.0,-2.434608498486009,0.003676135421181316,light_seed_scale
GN38509_juodzbalis25,GN-38509,6.678,spec,JADES,broad-line-agn,robust,individual_robust,juodzbalis25_jades_blagn,"Table 2 (BH/Lbol/lambda_Edd), Table 5 (Mstar)",False,False,False,True,0.0147784693385942,0.0064618041732414,consistent,30.0,0.7105380908536351,mbh_plus_0p3dex,0.3,0.0,8.870000000000001,9.19,-0.3199999999999985,fedd1_spin_0_eps0p057_merger_boost_x2,1.0,0.057190958417936644,2.0,-2.73563849414999,0.0018380677105906578,light_seed_scale
GN38509_juodzbalis25,GN-38509,6.678,spec,JADES,broad-line-agn,robust,individual_robust,juodzbalis25_jades_blagn,"Table 2 (BH/Lbol/lambda_Edd), Table 5 (Mstar)",False,False,False,True,0.0147784693385942,0.0064618041732414,consistent,30.0,0.7105380908536351,mbh_plus_0p3dex,0.3,0.0,8.870000000000001,9.19,-0.3199999999999985,fedd1_spin_plus1_eps0p423_no_merger_boost,1.0,0.42264973081037416,1.0,7.933262431607565,85755588.49407358,above_heavy_seed_scale
GN38509_juodzbalis25,GN-38509,6.678,spec,JADES,broad-line-agn,robust,individual_robust,juodzbalis25_jades_blagn,"Table 2 (BH/Lbol/lambda_Edd), Table 5 (Mstar)",False,False,False,True,0.0147784693385942,0.0064618041732414,consistent,30.0,0.7105380908536351,mbh_plus_0p3dex,0.3,0.0,8.870000000000001,9.19,-0.3199999999999985,fedd1_spin_plus1_eps0p423_merger_boost_x2,1.0,0.42264973081037416,2.0,7.632232435943584,42877794.247036785,above_heavy_seed_scale
GN38509_juodzbalis25,GN-38509,6.678,spec,JADES,broad-line-agn,robust,individual_robust,juodzbalis25_jades_blagn,"Table 2 (BH/Lbol/lambda_Edd), Table 5 (Mstar)",False,False,False,True,0.0147784693385942,0.0064618041732414,consistent,30.0,0.7105380908536351,mbh_plus_0p3dex,0.3,0.0,8.870000000000001,9.19,-0.3199999999999985,fedd2_eps0p1_no_merger_boost,2.0,0.1,1.0,-3.4733108815922016,0.0003362707700507582,light_seed_scale
GN38509_juodzbalis25,GN-38509,6.678,spec,JADES,broad-line-agn,robust,individual_robust,juodzbalis25_jades_blagn,"Table 2 (BH/Lbol/lambda_Edd), Table 5 (Mstar)",False,False,False,True,0.0147784693385942,0.0064618041732414,consistent,30.0,0.7105380908536351,mbh_plus_0p3dex,0.3,0.0,8.870000000000001,9.19,-0.3199999999999985,fedd2_eps0p1_merger_boost_x2,2.0,0.1,2.0,-3.774340877256183,0.00016813538502537907,light_seed_scale
GN38509_juodzbalis25,GN-38509,6.678,spec,JADES,broad-line-agn,robust,individual_robust,juodzbalis25_jades_blagn,"Table 2 (BH/Lbol/lambda_Edd), Table 5 (Mstar)",False,False,False,True,0.0147784693385942,0.0064618041732414,consistent,30.0,0.7105380908536351,mbh_plus_0p3dex,0.3,0.0,8.870000000000001,9.19,-0.3199999999999985,fedd2_spin_minus1_eps0p038_no_merger_boost,2.0,0.037749551350623745,1.0,-26.089521985990945,8.137256651875203e-27,light_seed_scale
GN38509_juodzbalis25,GN-38509,6.678,spec,JADES,broad-line-agn,robust,individual_robust,juodzbalis25_jades_blagn,"Table 2 (BH/Lbol/lambda_Edd), Table 5 (Mstar)",False,False,False,True,0.0147784693385942,0.0064618041732414,consistent,30.0,0.7105380908536351,mbh_plus_0p3dex,0.3,0.0,8.870000000000001,9.19,-0.3199999999999985,fedd2_spin_minus1_eps0p038_merger_boost_x2,2.0,0.037749551350623745,2.0,-26.390551981654927,4.0686283259376016e-27,light_seed_scale
GN38509_juodzbalis25,GN-38509,6.678,spec,JADES,broad-line-agn,robust,individual_robust,juodzbalis25_jades_blagn,"Table 2 (BH/Lbol/lambda_Edd), Table 5 (Mstar)",False,False,False,True,0.0147784693385942,0.0064618041732414,consistent,30.0,0.7105380908536351,mbh_plus_0p3dex,0.3,0.0,8.870000000000001,9.19,-0.3199999999999985,fedd2_spin_0_eps0p057_no_merger_boost,2.0,0.057190958417936644,1.0,-13.739216996972019,1.822984613182785e-14,light_seed_scale
GN38509_juodzbalis25,GN-38509,6.678,spec,JADES,broad-line-agn,robust,individual_robust,juodzbalis25_jades_blagn,"Table 2 (BH/Lbol/lambda_Edd), Table 5 (Mstar)",False,False,False,True,0.0147784693385942,0.0064618041732414,consistent,30.0,0.7105380908536351,mbh_plus_0p3dex,0.3,0.0,8.870000000000001,9.19,-0.3199999999999985,fedd2_spin_0_eps0p057_merger_boost_x2,2.0,0.057190958417936644,2.0,-14.040246992636,9.114923065913925e-15,light_seed_scale
GN38509_juodzbalis25,GN-38509,6.678,spec,JADES,broad-line-agn,robust,individual_robust,juodzbalis25_jades_blagn,"Table 2 (BH/Lbol/lambda_Edd), Table 5 (Mstar)",False,False,False,True,0.0147784693385942,0.0064618041732414,consistent,30.0,0.7105380908536351,mbh_plus_0p3dex,0.3,0.0,8.870000000000001,9.19,-0.3199999999999985,fedd2_spin_plus1_eps0p423_no_merger_boost,2.0,0.42264973081037416,1.0,6.996524863215129,9920301.310095722,above_heavy_seed_scale
GN38509_juodzbalis25,GN-38509,6.678,spec,JADES,broad-line-agn,robust,individual_robust,juodzbalis25_jades_blagn,"Table 2 (BH/Lbol/lambda_Edd), Table 5 (Mstar)",False,False,False,True,0.0147784693385942,0.0064618041732414,consistent,30.0,0.7105380908536351,mbh_plus_0p3dex,0.3,0.0,8.870000000000001,9.19,-0.3199999999999985,fedd2_spin_plus1_eps0p423_merger_boost_x2,2.0,0.42264973081037416,2.0,6.695494867551147,4960150.655047861,above_heavy_seed_scale
GN38509_juodzbalis25,GN-38509,6.678,spec,JADES,broad-line-agn,robust,individual_robust,juodzbalis25_jades_blagn,"Table 2 (BH/Lbol/lambda_Edd), Table 5 (Mstar)",False,False,False,True,0.0147784693385942,0.0064618041732414,consistent,30.0,0.7105380908536351,mstar_agn_20pct,0.0,0.2,8.57,9.093089986991943,-0.523089986991943,fedd0p3_eps0p1_no_merger_boost,0.3,0.1,1.0,6.71850336776117,5230020.218152459,above_heavy_seed_scale
GN38509_juodzbalis25,GN-38509,6.678,spec,JADES,broad-line-agn,robust,individual_robust,juodzbalis25_jades_blagn,"Table 2 (BH/Lbol/lambda_Edd), Table 5 (Mstar)",False,False,False,True,0.0147784693385942,0.0064618041732414,consistent,30.0,0.7105380908536351,mstar_agn_20pct,0.0,0.2,8.57,9.093089986991943,-0.523089986991943,fedd0p3_eps0p1_merger_boost_x2,0.3,0.1,2.0,6.417473372097189,2615010.1090762294,above_heavy_seed_scale
GN38509_juodzbalis25,GN-38509,6.678,spec,JADES,broad-line-agn,robust,individual_robust,juodzbalis25_jades_blagn,"Table 2 (BH/Lbol/lambda_Edd), Table 5 (Mstar)",False,False,False,True,0.0147784693385942,0.0064618041732414,consistent,30.0,0.7105380908536351,mstar_agn_20pct,0.0,0.2,8.57,9.093089986991943,-0.523089986991943,fedd0p3_spin_minus1_eps0p038_no_merger_boost,0.3,0.037749551350623745,1.0,3.326071702101359,2118.710905946649,intermediate_seed_scale
GN38509_juodzbalis25,GN-38509,6.678,spec,JADES,broad-line-agn,robust,individual_robust,juodzbalis25_jades_blagn,"Table 2 (BH/Lbol/lambda_Edd), Table 5 (Mstar)",False,False,False,True,0.0147784693385942,0.0064618041732414,consistent,30.0,0.7105380908536351,mstar_agn_20pct,0.0,0.2,8.57,9.093089986991943,-0.523089986991943,fedd0p3_spin_minus1_eps0p038_merger_boost_x2,0.3,0.037749551350623745,2.0,3.025041706437378,1059.3554529733242,intermediate_seed_scale
GN38509_juodzbalis25,GN-38509,6.678,spec,JADES,broad-line-agn,robust,individual_robust,juodzbalis25_jades_blagn,"Table 2 (BH/Lbol/lambda_Edd), Table 5 (Mstar)",False,False,False,True,0.0147784693385942,0.0064618041732414,consistent,30.0,0.7105380908536351,mstar_agn_20pct,0.0,0.2,8.57,9.093089986991943,-0.523089986991943,fedd0p3_spin_0_eps0p057_no_merger_boost,0.3,0.057190958417936644,1.0,5.1786174504541975,150875.0581374042,heavy_seed_scale
GN38509_juodzbalis25,GN-38509,6.678,spec,JADES,broad-line-agn,robust,individual_robust,juodzbalis25_jades_blagn,"Table 2 (BH/Lbol/lambda_Edd), Table 5 (Mstar)",False,False,False,True,0.0147784693385942,0.0064618041732414,consistent,30.0,0.7105380908536351,mstar_agn_20pct,0.0,0.2,8.57,9.093089986991943,-0.523089986991943,fedd0p3_spin_0_eps0p057_merger_boost_x2,0.3,0.057190958417936644,2.0,4.877587454790216,75437.52906870209,heavy_seed_scale
GN38509_juodzbalis25,GN-38509,6.678,spec,JADES,broad-line-agn,robust,individual_robust,juodzbalis25_jades_blagn,"Table 2 (BH/Lbol/lambda_Edd), Table 5 (Mstar)",False,False,False,True,0.0147784693385942,0.0064618041732414,consistent,30.0,0.7105380908536351,mstar_agn_20pct,0.0,0.2,8.57,9.093089986991943,-0.523089986991943,fedd0p3_spin_plus1_eps0p423_no_merger_boost,0.3,0.42264973081037416,1.0,8.28897872948227,194526480.57107213,above_heavy_seed_scale
GN38509_juodzbalis25,GN-38509,6.678,spec,JADES,broad-line-agn,robust,individual_robust,juodzbalis25_jades_blagn,"Table 2 (BH/Lbol/lambda_Edd), Table 5 (Mstar)",False,False,False,True,0.0147784693385942,0.0064618041732414,consistent,30.0,0.7105380908536351,mstar_agn_20pct,0.0,0.2,8.57,9.093089986991943,-0.523089986991943,fedd0p3_spin_plus1_eps0p423_merger_boost_x2,0.3,0.42264973081037416,2.0,7.987948733818288,97263240.28553586,above_heavy_seed_scale
GN38509_juodzbalis25,GN-38509,6.678,spec,JADES,broad-line-agn,robust,individual_robust,juodzbalis25_jades_blagn,"Table 2 (BH/Lbol/lambda_Edd), Table 5 (Mstar)",False,False,False,True,0.0147784693385942,0.0064618041732414,consistent,30.0,0.7105380908536351,mstar_agn_20pct,0.0,0.2,8.57,9.093089986991943,-0.523089986991943,fedd1_eps0p1_no_merger_boost,1.0,0.1,1.0,2.398344559203899,250.23298650402452,intermediate_seed_scale
GN38509_juodzbalis25,GN-38509,6.678,spec,JADES,broad-line-agn,robust,individual_robust,juodzbalis25_jades_blagn,"Table 2 (BH/Lbol/lambda_Edd), Table 5 (Mstar)",False,False,False,True,0.0147784693385942,0.0064618041732414,consistent,30.0,0.7105380908536351,mstar_agn_20pct,0.0,0.2,8.57,9.093089986991943,-0.523089986991943,fedd1_eps0p1_merger_boost_x2,1.0,0.1,2.0,2.0973145635399177,125.11649325201225,intermediate_seed_scale
GN38509_juodzbalis25,GN-38509,6.678,spec,JADES,broad-line-agn,robust,individual_robust,juodzbalis25_jades_blagn,"Table 2 (BH/Lbol/lambda_Edd), Table 5 (Mstar)",False,False,False,True,0.0147784693385942,0.0064618041732414,consistent,30.0,0.7105380908536351,mstar_agn_20pct,0.0,0.2,8.57,9.093089986991943,-0.523089986991943,fedd1_spin_minus1_eps0p038_no_merger_boost,1.0,0.037749551350623745,1.0,-8.909760992995473,1.230946015842334e-09,light_seed_scale
GN38509_juodzbalis25,GN-38509,6.678,spec,JADES,broad-line-agn,robust,individual_robust,juodzbalis25_jades_blagn,"Table 2 (BH/Lbol/lambda_Edd), Table 5 (Mstar)",False,False,False,True,0.0147784693385942,0.0064618041732414,consistent,30.0,0.7105380908536351,mstar_agn_20pct,0.0,0.2,8.57,9.093089986991943,-0.523089986991943,fedd1_spin_minus1_eps0p038_merger_boost_x2,1.0,0.037749551350623745,2.0,-9.210790988659454,6.154730079211669e-10,light_seed_scale
GN38509_juodzbalis25,GN-38509,6.678,spec,JADES,broad-line-agn,robust,individual_robust,juodzbalis25_jades_blagn,"Table 2 (BH/Lbol/lambda_Edd), Table 5 (Mstar)",False,False,False,True,0.0147784693385942,0.0064618041732414,consistent,30.0,0.7105380908536351,mstar_agn_20pct,0.0,0.2,8.57,9.093089986991943,-0.523089986991943,fedd1_spin_0_eps0p057_no_merger_boost,1.0,0.057190958417936644,1.0,-2.7346084984860095,0.0018424321421810883,light_seed_scale
GN38509_juodzbalis25,GN-38509,6.678,spec,JADES,broad-line-agn,robust,individual_robust,juodzbalis25_jades_blagn,"Table 2 (BH/Lbol/lambda_Edd), Table 5 (Mstar)",False,False,False,True,0.0147784693385942,0.0064618041732414,consistent,30.0,0.7105380908536351,mstar_agn_20pct,0.0,0.2,8.57,9.093089986991943,-0.523089986991943,fedd1_spin_0_eps0p057_merger_boost_x2,1.0,0.057190958417936644,2.0,-3.0356384941499908,0.000921216071090544,light_seed_scale
GN38509_juodzbalis25,GN-38509,6.678,spec,JADES,broad-line-agn,robust,individual_robust,juodzbalis25_jades_blagn,"Table 2 (BH/Lbol/lambda_Edd), Table 5 (Mstar)",False,False,False,True,0.0147784693385942,0.0064618041732414,consistent,30.0,0.7105380908536351,mstar_agn_20pct,0.0,0.2,8.57,9.093089986991943,-0.523089986991943,fedd1_spin_plus1_eps0p423_no_merger_boost,1.0,0.42264973081037416,1.0,7.633262431607564,42979606.16542341,above_heavy_seed_scale
GN38509_juodzbalis25,GN-38509,6.678,spec,JADES,broad-line-agn,robust,individual_robust,juodzbalis25_jades_blagn,"Table 2 (BH/Lbol/lambda_Edd), Table 5 (Mstar)",False,False,False,True,0.0147784693385942,0.0064618041732414,consistent,30.0,0.7105380908536351,mstar_agn_20pct,0.0,0.2,8.57,9.093089986991943,-0.523089986991943,fedd1_spin_plus1_eps0p423_merger_boost_x2,1.0,0.42264973081037416,2.0,7.332232435943583,21489803.0827117,above_heavy_seed_scale
GN38509_juodzbalis25,GN-38509,6.678,spec,JADES,broad-line-agn,robust,individual_robust,juodzbalis25_jades_blagn,"Table 2 (BH/Lbol/lambda_Edd), Table 5 (Mstar)",False,False,False,True,0.0147784693385942,0.0064618041732414,consistent,30.0,0.7105380908536351,mstar_agn_20pct,0.0,0.2,8.57,9.093089986991943,-0.523089986991943,fedd2_eps0p1_no_merger_boost,2.0,0.1,1.0,-3.7733108815922023,0.00016853461699145182,light_seed_scale
GN38509_juodzbalis25,GN-38509,6.678,spec,JADES,broad-line-agn,robust,individual_robust,juodzbalis25_jades_blagn,"Table 2 (BH/Lbol/lambda_Edd), Table 5 (Mstar)",False,False,False,True,0.0147784693385942,0.0064618041732414,consistent,30.0,0.7105380908536351,mstar_agn_20pct,0.0,0.2,8.57,9.093089986991943,-0.523089986991943,fedd2_eps0p1_merger_boost_x2,2.0,0.1,2.0,-4.0743408772561835,8.42673084957259e-05,light_seed_scale
GN38509_juodzbalis25,GN-38509,6.678,spec,JADES,broad-line-agn,robust,individual_robust,juodzbalis25_jades_blagn,"Table 2 (BH/Lbol/lambda_Edd), Table 5 (Mstar)",False,False,False,True,0.0147784693385942,0.0064618041732414,consistent,30.0,0.7105380908536351,mstar_agn_20pct,0.0,0.2,8.57,9.093089986991943,-0.523089986991943,fedd2_spin_minus1_eps0p038_no_merger_boost,2.0,0.037749551350623745,1.0,-26.389521985990946,4.078289150668447e-27,light_seed_scale
GN38509_juodzbalis25,GN-38509,6.678,spec,JADES,broad-line-agn,robust,individual_robust,juodzbalis25_jades_blagn,"Table 2 (BH/Lbol/lambda_Edd), Table 5 (Mstar)",False,False,False,True,0.0147784693385942,0.0064618041732414,consistent,30.0,0.7105380908536351,mstar_agn_20pct,0.0,0.2,8.57,9.093089986991943,-0.523089986991943,fedd2_spin_minus1_eps0p038_merger_boost_x2,2.0,0.037749551350623745,2.0,-26.690551981654927,2.039144575334223e-27,light_seed_scale
GN38509_juodzbalis25,GN-38509,6.678,spec,JADES,broad-line-agn,robust,individual_robust,juodzbalis25_jades_blagn,"Table 2 (BH/Lbol/lambda_Edd), Table 5 (Mstar)",False,False,False,True,0.0147784693385942,0.0064618041732414,consistent,30.0,0.7105380908536351,mstar_agn_20pct,0.0,0.2,8.57,9.093089986991943,-0.523089986991943,fedd2_spin_0_eps0p057_no_merger_boost,2.0,0.057190958417936644,1.0,-14.03921699697202,9.136566152261616e-15,light_seed_scale
GN38509_juodzbalis25,GN-38509,6.678,spec,JADES,broad-line-agn,robust,individual_robust,juodzbalis25_jades_blagn,"Table 2 (BH/Lbol/lambda_Edd), Table 5 (Mstar)",False,False,False,True,0.0147784693385942,0.0064618041732414,consistent,30.0,0.7105380908536351,mstar_agn_20pct,0.0,0.2,8.57,9.093089986991943,-0.523089986991943,fedd2_spin_0_eps0p057_merger_boost_x2,2.0,0.057190958417936644,2.0,-14.340246992636,4.568283076130807e-15,light_seed_scale
GN38509_juodzbalis25,GN-38509,6.678,spec,JADES,broad-line-agn,robust,individual_robust,juodzbalis25_jades_blagn,"Table 2 (BH/Lbol/lambda_Edd), Table 5 (Mstar)",False,False,False,True,0.0147784693385942,0.0064618041732414,consistent,30.0,0.7105380908536351,mstar_agn_20pct,0.0,0.2,8.57,9.093089986991943,-0.523089986991943,fedd2_spin_plus1_eps0p423_no_merger_boost,2.0,0.42264973081037416,1.0,6.696524863215128,4971928.370355872,above_heavy_seed_scale
GN38509_juodzbalis25,GN-38509,6.678,spec,JADES,broad-line-agn,robust,individual_robust,juodzbalis25_jades_blagn,"Table 2 (BH/Lbol/lambda_Edd), Table 5 (Mstar)",False,False,False,True,0.0147784693385942,0.0064618041732414,consistent,30.0,0.7105380908536351,mstar_agn_20pct,0.0,0.2,8.57,9.093089986991943,-0.523089986991943,fedd2_spin_plus1_eps0p423_merger_boost_x2,2.0,0.42264973081037416,2.0,6.395494867551147,2485964.1851779358,above_heavy_seed_scale
GN20621_juodzbalis25,GN-20621,4.682,spec,JADES,broad-line-agn,robust,individual_robust,juodzbalis25_jades_blagn,"Table 2 (BH/Lbol/lambda_Edd), Table 5 (Mstar)",False,False,False,True,0.1046235506790809,0.0217632302757838,consistent,30.0,1.1716972647365942,baseline,0.0,0.0,7.05,8.41,-1.3600000000000003,fedd0p3_eps0p1_no_merger_boost,0.3,0.1,1.0,3.9968300607825813,9927.275186197792,intermediate_seed_scale
GN20621_juodzbalis25,GN-20621,4.682,spec,JADES,broad-line-agn,robust,individual_robust,juodzbalis25_jades_blagn,"Table 2 (BH/Lbol/lambda_Edd), Table 5 (Mstar)",False,False,False,True,0.1046235506790809,0.0217632302757838,consistent,30.0,1.1716972647365942,baseline,0.0,0.0,7.05,8.41,-1.3600000000000003,fedd0p3_eps0p1_merger_boost_x2,0.3,0.1,2.0,3.6958000651186,4963.637593098895,intermediate_seed_scale
GN20621_juodzbalis25,GN-20621,4.682,spec,JADES,broad-line-agn,robust,individual_robust,juodzbalis25_jades_blagn,"Table 2 (BH/Lbol/lambda_Edd), Table 5 (Mstar)",False,False,False,True,0.1046235506790809,0.0217632302757838,consistent,30.0,1.1716972647365942,baseline,0.0,0.0,7.05,8.41,-1.3600000000000003,fedd0p3_spin_minus1_eps0p038_no_merger_boost,0.3,0.037749551350623745,1.0,-1.5973850201907576,0.025270566618348582,light_seed_scale
GN20621_juodzbalis25,GN-20621,4.682,spec,JADES,broad-line-agn,robust,individual_robust,juodzbalis25_jades_blagn,"Table 2 (BH/Lbol/lambda_Edd), Table 5 (Mstar)",False,False,False,True,0.1046235506790809,0.0217632302757838,consistent,30.0,1.1716972647365942,baseline,0.0,0.0,7.05,8.41,-1.3600000000000003,fedd0p3_spin_minus1_eps0p038_merger_boost_x2,0.3,0.037749551350623745,2.0,-1.8984150158547388,0.01263528330917429,light_seed_scale
GN20621_juodzbalis25,GN-20621,4.682,spec,JADES,broad-line-agn,robust,individual_robust,juodzbalis25_jades_blagn,"Table 2 (BH/Lbol/lambda_Edd), Table 5 (Mstar)",False,False,False,True,0.1046235506790809,0.0217632302757838,consistent,30.0,1.1716972647365942,baseline,0.0,0.0,7.05,8.41,-1.3600000000000003,fedd0p3_spin_0_eps0p057_no_merger_boost,0.3,0.057190958417936644,1.0,1.4575149409593324,28.67576026615595,light_seed_scale
GN20621_juodzbalis25,GN-20621,4.682,spec,JADES,broad-line-agn,robust,individual_robust,juodzbalis25_jades_blagn,"Table 2 (BH/Lbol/lambda_Edd), Table 5 (Mstar)",False,False,False,True,0.1046235506790809,0.0217632302757838,consistent,30.0,1.1716972647365942,baseline,0.0,0.0,7.05,8.41,-1.3600000000000003,fedd0p3_spin_0_eps0p057_merger_boost_x2,0.3,0.057190958417936644,2.0,1.1564849452953512,14.337880133077974,light_seed_scale
GN20621_juodzbalis25,GN-20621,4.682,spec,JADES,broad-line-agn,robust,individual_robust,juodzbalis25_jades_blagn,"Table 2 (BH/Lbol/lambda_Edd), Table 5 (Mstar)",False,False,False,True,0.1046235506790809,0.0217632302757838,consistent,30.0,1.1716972647365942,baseline,0.0,0.0,7.05,8.41,-1.3600000000000003,fedd0p3_spin_plus1_eps0p423_no_merger_boost,0.3,0.42264973081037416,1.0,6.586588033439779,3860006.4772799322,above_heavy_seed_scale
GN20621_juodzbalis25,GN-20621,4.682,spec,JADES,broad-line-agn,robust,individual_robust,juodzbalis25_jades_blagn,"Table 2 (BH/Lbol/lambda_Edd), Table 5 (Mstar)",False,False,False,True,0.1046235506790809,0.0217632302757838,consistent,30.0,1.1716972647365942,baseline,0.0,0.0,7.05,8.41,-1.3600000000000003,fedd0p3_spin_plus1_eps0p423_merger_boost_x2,0.3,0.42264973081037416,2.0,6.285558037775798,1930003.238639966,above_heavy_seed_scale
GN20621_juodzbalis25,GN-20621,4.682,spec,JADES,broad-line-agn,robust,individual_robust,juodzbalis25_jades_blagn,"Table 2 (BH/Lbol/lambda_Edd), Table 5 (Mstar)",False,False,False,True,0.1046235506790809,0.0217632302757838,consistent,30.0,1.1716972647365942,baseline,0.0,0.0,7.05,8.41,-1.3600000000000003,fedd1_eps0p1_no_merger_boost,1.0,0.1,1.0,-3.1272331307247283,0.0007460481697580551,light_seed_scale
GN20621_juodzbalis25,GN-20621,4.682,spec,JADES,broad-line-agn,robust,individual_robust,juodzbalis25_jades_blagn,"Table 2 (BH/Lbol/lambda_Edd), Table 5 (Mstar)",False,False,False,True,0.1046235506790809,0.0217632302757838,consistent,30.0,1.1716972647365942,baseline,0.0,0.0,7.05,8.41,-1.3600000000000003,fedd1_eps0p1_merger_boost_x2,1.0,0.1,2.0,-3.4282631263887096,0.0003730240848790275,light_seed_scale
GN20621_juodzbalis25,GN-20621,4.682,spec,JADES,broad-line-agn,robust,individual_robust,juodzbalis25_jades_blagn,"Table 2 (BH/Lbol/lambda_Edd), Table 5 (Mstar)",False,False,False,True,0.1046235506790809,0.0217632302757838,consistent,30.0,1.1716972647365942,baseline,0.0,0.0,7.05,8.41,-1.3600000000000003,fedd1_spin_minus1_eps0p038_no_merger_boost,1.0,0.037749551350623745,1.0,-21.774616733969193,1.6802862210438258e-22,light_seed_scale
GN20621_juodzbalis25,GN-20621,4.682,spec,JADES,broad-line-agn,robust,individual_robust,juodzbalis25_jades_blagn,"Table 2 (BH/Lbol/lambda_Edd), Table 5 (Mstar)",False,False,False,True,0.1046235506790809,0.0217632302757838,consistent,30.0,1.1716972647365942,baseline,0.0,0.0,7.05,8.41,-1.3600000000000003,fedd1_spin_minus1_eps0p038_merger_boost_x2,1.0,0.037749551350623745,2.0,-22.075646729633174,8.401431105219128e-23,light_seed_scale
GN20621_juodzbalis25,GN-20621,4.682,spec,JADES,broad-line-agn,robust,individual_robust,juodzbalis25_jades_blagn,"Table 2 (BH/Lbol/lambda_Edd), Table 5 (Mstar)",False,False,False,True,0.1046235506790809,0.0217632302757838,consistent,30.0,1.1716972647365942,baseline,0.0,0.0,7.05,8.41,-1.3600000000000003,fedd1_spin_0_eps0p057_no_merger_boost,1.0,0.057190958417936644,1.0,-11.591616863468893,2.56084407874644e-12,light_seed_scale
GN20621_juodzbalis25,GN-20621,4.682,spec,JADES,broad-line-agn,robust,individual_robust,juodzbalis25_jades_blagn,"Table 2 (BH/Lbol/lambda_Edd), Table 5 (Mstar)",False,False,False,True,0.1046235506790809,0.0217632302757838,consistent,30.0,1.1716972647365942,baseline,0.0,0.0,7.05,8.41,-1.3600000000000003,fedd1_spin_0_eps0p057_merger_boost_x2,1.0,0.057190958417936644,2.0,-11.892646859132874,1.28042203937322e-12,light_seed_scale
GN20621_juodzbalis25,GN-20621,4.682,spec,JADES,broad-line-agn,robust,individual_robust,juodzbalis25_jades_blagn,"Table 2 (BH/Lbol/lambda_Edd), Table 5 (Mstar)",False,False,False,True,0.1046235506790809,0.0217632302757838,consistent,30.0,1.1716972647365942,baseline,0.0,0.0,7.05,8.41,-1.3600000000000003,fedd1_spin_plus1_eps0p423_no_merger_boost,1.0,0.42264973081037416,1.0,5.505293444799264,320105.7274707931,heavy_seed_scale
GN20621_juodzbalis25,GN-20621,4.682,spec,JADES,broad-line-agn,robust,individual_robust,juodzbalis25_jades_blagn,"Table 2 (BH/Lbol/lambda_Edd), Table 5 (Mstar)",False,False,False,True,0.1046235506790809,0.0217632302757838,consistent,30.0,1.1716972647365942,baseline,0.0,0.0,7.05,8.41,-1.3600000000000003,fedd1_spin_plus1_eps0p423_merger_boost_x2,1.0,0.42264973081037416,2.0,5.204263449135283,160052.86373539653,heavy_seed_scale
GN20621_juodzbalis25,GN-20621,4.682,spec,JADES,broad-line-agn,robust,individual_robust,juodzbalis25_jades_blagn,"Table 2 (BH/Lbol/lambda_Edd), Table 5 (Mstar)",False,False,False,True,0.1046235506790809,0.0217632302757838,consistent,30.0,1.1716972647365942,baseline,0.0,0.0,7.05,8.41,-1.3600000000000003,fedd2_eps0p1_no_merger_boost,2.0,0.1,1.0,-13.304466261449456,4.96059462716781e-14,light_seed_scale
GN20621_juodzbalis25,GN-20621,4.682,spec,JADES,broad-line-agn,robust,individual_robust,juodzbalis25_jades_blagn,"Table 2 (BH/Lbol/lambda_Edd), Table 5 (Mstar)",False,False,False,True,0.1046235506790809,0.0217632302757838,consistent,30.0,1.1716972647365942,baseline,0.0,0.0,7.05,8.41,-1.3600000000000003,fedd2_eps0p1_merger_boost_x2,2.0,0.1,2.0,-13.605496257113437,2.4802973135839046e-14,light_seed_scale
GN20621_juodzbalis25,GN-20621,4.682,spec,JADES,broad-line-agn,robust,individual_robust,juodzbalis25_jades_blagn,"Table 2 (BH/Lbol/lambda_Edd), Table 5 (Mstar)",False,False,False,True,0.1046235506790809,0.0217632302757838,consistent,30.0,1.1716972647365942,baseline,0.0,0.0,7.05,8.41,-1.3600000000000003,fedd2_spin_minus1_eps0p038_no_merger_boost,2.0,0.037749551350623745,1.0,-50.59923346793839,2.5163238392421975e-51,light_seed_scale
GN20621_juodzbalis25,GN-20621,4.682,spec,JADES,broad-line-agn,robust,individual_robust,juodzbalis25_jades_blagn,"Table 2 (BH/Lbol/lambda_Edd), Table 5 (Mstar)",False,False,False,True,0.1046235506790809,0.0217632302757838,consistent,30.0,1.1716972647365942,baseline,0.0,0.0,7.05,8.41,-1.3600000000000003,fedd2_spin_minus1_eps0p038_merger_boost_x2,2.0,0.037749551350623745,2.0,-50.90026346360237,1.2581619196210986e-51,light_seed_scale
GN20621_juodzbalis25,GN-20621,4.682,spec,JADES,broad-line-agn,robust,individual_robust,juodzbalis25_jades_blagn,"Table 2 (BH/Lbol/lambda_Edd), Table 5 (Mstar)",False,False,False,True,0.1046235506790809,0.0217632302757838,consistent,30.0,1.1716972647365942,baseline,0.0,0.0,7.05,8.41,-1.3600000000000003,fedd2_spin_0_eps0p057_no_merger_boost,2.0,0.057190958417936644,1.0,-30.233233726937787,5.844754487331981e-31,light_seed_scale
GN20621_juodzbalis25,GN-20621,4.682,spec,JADES,broad-line-agn,robust,individual_robust,juodzbalis25_jades_blagn,"Table 2 (BH/Lbol/lambda_Edd), Table 5 (Mstar)",False,False,False,True,0.1046235506790809,0.0217632302757838,consistent,30.0,1.1716972647365942,baseline,0.0,0.0,7.05,8.41,-1.3600000000000003,fedd2_spin_0_eps0p057_merger_boost_x2,2.0,0.057190958417936644,2.0,-30.534263722601768,2.92237724366599e-31,light_seed_scale
GN20621_juodzbalis25,GN-20621,4.682,spec,JADES,broad-line-agn,robust,individual_robust,juodzbalis25_jades_blagn,"Table 2 (BH/Lbol/lambda_Edd), Table 5 (Mstar)",False,False,False,True,0.1046235506790809,0.0217632302757838,consistent,30.0,1.1716972647365942,baseline,0.0,0.0,7.05,8.41,-1.3600000000000003,fedd2_spin_plus1_eps0p423_no_merger_boost,2.0,0.42264973081037416,1.0,3.9605868895985292,9132.441304038417,intermediate_seed_scale
GN20621_juodzbalis25,GN-20621,4.682,spec,JADES,broad-line-agn,robust,individual_robust,juodzbalis25_jades_blagn,"Table 2 (BH/Lbol/lambda_Edd), Table 5 (Mstar)",False,False,False,True,0.1046235506790809,0.0217632302757838,consistent,30.0,1.1716972647365942,baseline,0.0,0.0,7.05,8.41,-1.3600000000000003,fedd2_spin_plus1_eps0p423_merger_boost_x2,2.0,0.42264973081037416,2.0,3.659556893934548,4566.220652019208,intermediate_seed_scale
GN20621_juodzbalis25,GN-20621,4.682,spec,JADES,broad-line-agn,robust,individual_robust,juodzbalis25_jades_blagn,"Table 2 (BH/Lbol/lambda_Edd), Table 5 (Mstar)",False,False,False,True,0.1046235506790809,0.0217632302757838,consistent,30.0,1.1716972647365942,mbh_minus_0p3dex,-0.3,0.0,6.75,8.41,-1.6600000000000001,fedd0p3_eps0p1_no_merger_boost,0.3,0.1,1.0,3.6968300607825815,4975.423588027137,intermediate_seed_scale
GN20621_juodzbalis25,GN-20621,4.682,spec,JADES,broad-line-agn,robust,individual_robust,juodzbalis25_jades_blagn,"Table 2 (BH/Lbol/lambda_Edd), Table 5 (Mstar)",False,False,False,True,0.1046235506790809,0.0217632302757838,consistent,30.0,1.1716972647365942,mbh_minus_0p3dex,-0.3,0.0,6.75,8.41,-1.6600000000000001,fedd0p3_eps0p1_merger_boost_x2,0.3,0.1,2.0,3.3958000651186,2487.7117940135686,intermediate_seed_scale
GN20621_juodzbalis25,GN-20621,4.682,spec,JADES,broad-line-agn,robust,individual_robust,juodzbalis25_jades_blagn,"Table 2 (BH/Lbol/lambda_Edd), Table 5 (Mstar)",False,False,False,True,0.1046235506790809,0.0217632302757838,consistent,30.0,1.1716972647365942,mbh_minus_0p3dex,-0.3,0.0,6.75,8.41,-1.6600000000000001,fedd0p3_spin_minus1_eps0p038_no_merger_boost,0.3,0.037749551350623745,1.0,-1.8973850201907574,0.012665285375643823,light_seed_scale
GN20621_juodzbalis25,GN-20621,4.682,spec,JADES,broad-line-agn,robust,individual_robust,juodzbalis25_jades_blagn,"Table 2 (BH/Lbol/lambda_Edd), Table 5 (Mstar)",False,False,False,True,0.1046235506790809,0.0217632302757838,consistent,30.0,1.1716972647365942,mbh_minus_0p3dex,-0.3,0.0,6.75,8.41,-1.6600000000000001,fedd0p3_spin_minus1_eps0p038_merger_boost_x2,0.3,0.037749551350623745,2.0,-2.1984150158547386,0.006332642687821911,light_seed_scale
GN20621_juodzbalis25,GN-20621,4.682,spec,JADES,broad-line-agn,robust,individual_robust,juodzbalis25_jades_blagn,"Table 2 (BH/Lbol/lambda_Edd), Table 5 (Mstar)",False,False,False,True,0.1046235506790809,0.0217632302757838,consistent,30.0,1.1716972647365942,mbh_minus_0p3dex,-0.3,0.0,6.75,8.41,-1.6600000000000001,fedd0p3_spin_0_eps0p057_no_merger_boost,0.3,0.057190958417936644,1.0,1.1575149409593326,14.37192495995356,light_seed_scale
GN20621_juodzbalis25,GN-20621,4.682,spec,JADES,broad-line-agn,robust,individual_robust,juodzbalis25_jades_blagn,"Table 2 (BH/Lbol/lambda_Edd), Table 5 (Mstar)",False,False,False,True,0.1046235506790809,0.0217632302757838,consistent,30.0,1.1716972647365942,mbh_minus_0p3dex,-0.3,0.0,6.75,8.41,-1.6600000000000001,fedd0p3_spin_0_eps0p057_merger_boost_x2,0.3,0.057190958417936644,2.0,0.8564849452953514,7.185962479976779,light_seed_scale
GN20621_juodzbalis25,GN-20621,4.682,spec,JADES,broad-line-agn,robust,individual_robust,juodzbalis25_jades_blagn,"Table 2 (BH/Lbol/lambda_Edd), Table 5 (Mstar)",False,False,False,True,0.1046235506790809,0.0217632302757838,consistent,30.0,1.1716972647365942,mbh_minus_0p3dex,-0.3,0.0,6.75,8.41,-1.6600000000000001,fedd0p3_spin_plus1_eps0p423_no_merger_boost,0.3,0.42264973081037416,1.0,6.286588033439779,1934585.9681312826,above_heavy_seed_scale
GN20621_juodzbalis25,GN-20621,4.682,spec,JADES,broad-line-agn,robust,individual_robust,juodzbalis25_jades_blagn,"Table 2 (BH/Lbol/lambda_Edd), Table 5 (Mstar)",False,False,False,True,0.1046235506790809,0.0217632302757838,consistent,30.0,1.1716972647365942,mbh_minus_0p3dex,-0.3,0.0,6.75,8.41,-1.6600000000000001,fedd0p3_spin_plus1_eps0p423_merger_boost_x2,0.3,0.42264973081037416,2.0,5.985558037775798,967292.9840656412,heavy_seed_scale
GN20621_juodzbalis25,GN-20621,4.682,spec,JADES,broad-line-agn,robust,individual_robust,juodzbalis25_jades_blagn,"Table 2 (BH/Lbol/lambda_Edd), Table 5 (Mstar)",False,False,False,True,0.1046235506790809,0.0217632302757838,consistent,30.0,1.1716972647365942,mbh_minus_0p3dex,-0.3,0.0,6.75,8.41,-1.6600000000000001,fedd1_eps0p1_no_merger_boost,1.0,0.1,1.0,-3.427233130724728,0.00037390981835372936,light_seed_scale
GN20621_juodzbalis25,GN-20621,4.682,spec,JADES,broad-line-agn,robust,individual_robust,juodzbalis25_jades_blagn,"Table 2 (BH/Lbol/lambda_Edd), Table 5 (Mstar)",False,False,False,True,0.1046235506790809,0.0217632302757838,consistent,30.0,1.1716972647365942,mbh_minus_0p3dex,-0.3,0.0,6.75,8.41,-1.6600000000000001,fedd1_eps0p1_merger_boost_x2,1.0,0.1,2.0,-3.7282631263887094,0.00018695490917686465,light_seed_scale
GN20621_juodzbalis25,GN-20621,4.682,spec,JADES,broad-line-agn,robust,individual_robust,juodzbalis25_jades_blagn,"Table 2 (BH/Lbol/lambda_Edd), Table 5 (Mstar)",False,False,False,True,0.1046235506790809,0.0217632302757838,consistent,30.0,1.1716972647365942,mbh_minus_0p3dex,-0.3,0.0,6.75,8.41,-1.6600000000000001,fedd1_spin_minus1_eps0p038_no_merger_boost,1.0,0.037749551350623745,1.0,-22.074616733969194,8.42138002826977e-23,light_seed_scale
GN20621_juodzbalis25,GN-20621,4.682,spec,JADES,broad-line-agn,robust,individual_robust,juodzbalis25_jades_blagn,"Table 2 (BH/Lbol/lambda_Edd), Table 5 (Mstar)",False,False,False,True,0.1046235506790809,0.0217632302757838,consistent,30.0,1.1716972647365942,mbh_minus_0p3dex,-0.3,0.0,6.75,8.41,-1.6600000000000001,fedd1_spin_minus1_eps0p038_merger_boost_x2,1.0,0.037749551350623745,2.0,-22.375646729633175,4.2106900141348847e-23,light_seed_scale
GN20621_juodzbalis25,GN-20621,4.682,spec,JADES,broad-line-agn,robust,individual_robust,juodzbalis25_jades_blagn,"Table 2 (BH/Lbol/lambda_Edd), Table 5 (Mstar)",False,False,False,True,0.1046235506790809,0.0217632302757838,consistent,30.0,1.1716972647365942,mbh_minus_0p3dex,-0.3,0.0,6.75,8.41,-1.6600000000000001,fedd1_spin_0_eps0p057_no_merger_boost,1.0,0.057190958417936644,1.0,-11.891616863468894,1.2834623595777068e-12,light_seed_scale
GN20621_juodzbalis25,GN-20621,4.682,spec,JADES,broad-line-agn,robust,individual_robust,juodzbalis25_jades_blagn,"Table 2 (BH/Lbol/lambda_Edd), Table 5 (Mstar)",False,False,False,True,0.1046235506790809,0.0217632302757838,consistent,30.0,1.1716972647365942,mbh_minus_0p3dex,-0.3,0.0,6.75,8.41,-1.6600000000000001,fedd1_spin_0_eps0p057_merger_boost_x2,1.0,0.057190958417936644,2.0,-12.192646859132875,6.417311797888534e-13,light_seed_scale
GN20621_juodzbalis25,GN-20621,4.682,spec,JADES,broad-line-agn,robust,individual_robust,juodzbalis25_jades_blagn,"Table 2 (BH/Lbol/lambda_Edd), Table 5 (Mstar)",False,False,False,True,0.1046235506790809,0.0217632302757838,consistent,30.0,1.1716972647365942,mbh_minus_0p3dex,-0.3,0.0,6.75,8.41,-1.6600000000000001,fedd1_spin_plus1_eps0p423_no_merger_boost,1.0,0.42264973081037416,1.0,5.205293444799265,160432.90401933272,heavy_seed_scale
GN20621_juodzbalis25,GN-20621,4.682,spec,JADES,broad-line-agn,robust,individual_robust,juodzbalis25_jades_blagn,"Table 2 (BH/Lbol/lambda_Edd), Table 5 (Mstar)",False,False,False,True,0.1046235506790809,0.0217632302757838,consistent,30.0,1.1716972647365942,mbh_minus_0p3dex,-0.3,0.0,6.75,8.41,-1.6600000000000001,fedd1_spin_plus1_eps0p423_merger_boost_x2,1.0,0.42264973081037416,2.0,4.904263449135284,80216.45200966635,heavy_seed_scale
GN20621_juodzbalis25,GN-20621,4.682,spec,JADES,broad-line-agn,robust,individual_robust,juodzbalis25_jades_blagn,"Table 2 (BH/Lbol/lambda_Edd), Table 5 (Mstar)",False,False,False,True,0.1046235506790809,0.0217632302757838,consistent,30.0,1.1716972647365942,mbh_minus_0p3dex,-0.3,0.0,6.75,8.41,-1.6600000000000001,fedd2_eps0p1_no_merger_boost,2.0,0.1,1.0,-13.604466261449456,2.4861866983365406e-14,light_seed_scale
GN20621_juodzbalis25,GN-20621,4.682,spec,JADES,broad-line-agn,robust,individual_robust,juodzbalis25_jades_blagn,"Table 2 (BH/Lbol/lambda_Edd), Table 5 (Mstar)",False,False,False,True,0.1046235506790809,0.0217632302757838,consistent,30.0,1.1716972647365942,mbh_minus_0p3dex,-0.3,0.0,6.75,8.41,-1.6600000000000001,fedd2_eps0p1_merger_boost_x2,2.0,0.1,2.0,-13.905496257113438,1.2430933491682701e-14,light_seed_scale
GN20621_juodzbalis25,GN-20621,4.682,spec,JADES,broad-line-agn,robust,individual_robust,juodzbalis25_jades_blagn,"Table 2 (BH/Lbol/lambda_Edd), Table 5 (Mstar)",False,False,False,True,0.1046235506790809,0.0217632302757838,consistent,30.0,1.1716972647365942,mbh_minus_0p3dex,-0.3,0.0,6.75,8.41,-1.6600000000000001,fedd2_spin_minus1_eps0p038_no_merger_boost,2.0,0.037749551350623745,1.0,-50.89923346793839,1.2611493839001623e-51,light_seed_scale
GN20621_juodzbalis25,GN-20621,4.682,spec,JADES,broad-line-agn,robust,individual_robust,juodzbalis25_jades_blagn,"Table 2 (BH/Lbol/lambda_Edd), Table 5 (Mstar)",False,False,False,True,0.1046235506790809,0.0217632302757838,consistent,30.0,1.1716972647365942,mbh_minus_0p3dex,-0.3,0.0,6.75,8.41,-1.6600000000000001,fedd2_spin_minus1_eps0p038_merger_boost_x2,2.0,0.037749551350623745,2.0,-51.20026346360237,6.305746919500811e-52,light_seed_scale
GN20621_juodzbalis25,GN-20621,4.682,spec,JADES,broad-line-agn,robust,individual_robust,juodzbalis25_jades_blagn,"Table 2 (BH/Lbol/lambda_Edd), Table 5 (Mstar)",False,False,False,True,0.1046235506790809,0.0217632302757838,consistent,30.0,1.1716972647365942,mbh_minus_0p3dex,-0.3,0.0,6.75,8.41,-1.6600000000000001,fedd2_spin_0_eps0p057_no_merger_boost,2.0,0.057190958417936644,1.0,-30.533233726937787,2.9293163327364967e-31,light_seed_scale
GN20621_juodzbalis25,GN-20621,4.682,spec,JADES,broad-line-agn,robust,individual_robust,juodzbalis25_jades_blagn,"Table 2 (BH/Lbol/lambda_Edd), Table 5 (Mstar)",False,False,False,True,0.1046235506790809,0.0217632302757838,consistent,30.0,1.1716972647365942,mbh_minus_0p3dex,-0.3,0.0,6.75,8.41,-1.6600000000000001,fedd2_spin_0_eps0p057_merger_boost_x2,2.0,0.057190958417936644,2.0,-30.83426372260177,1.4646581663682481e-31,light_seed_scale
GN20621_juodzbalis25,GN-20621,4.682,spec,JADES,broad-line-agn,robust,individual_robust,juodzbalis25_jades_blagn,"Table 2 (BH/Lbol/lambda_Edd), Table 5 (Mstar)",False,False,False,True,0.1046235506790809,0.0217632302757838,consistent,30.0,1.1716972647365942,mbh_minus_0p3dex,-0.3,0.0,6.75,8.41,-1.6600000000000001,fedd2_spin_plus1_eps0p423_no_merger_boost,2.0,0.42264973081037416,1.0,3.6605868895985294,4577.062993434455,intermediate_seed_scale
GN20621_juodzbalis25,GN-20621,4.682,spec,JADES,broad-line-agn,robust,individual_robust,juodzbalis25_jades_blagn,"Table 2 (BH/Lbol/lambda_Edd), Table 5 (Mstar)",False,False,False,True,0.1046235506790809,0.0217632302757838,consistent,30.0,1.1716972647365942,mbh_minus_0p3dex,-0.3,0.0,6.75,8.41,-1.6600000000000001,fedd2_spin_plus1_eps0p423_merger_boost_x2,2.0,0.42264973081037416,2.0,3.359556893934548,2288.531496717227,intermediate_seed_scale
GN20621_juodzbalis25,GN-20621,4.682,spec,JADES,broad-line-agn,robust,individual_robust,juodzbalis25_jades_blagn,"Table 2 (BH/Lbol/lambda_Edd), Table 5 (Mstar)",False,False,False,True,0.1046235506790809,0.0217632302757838,consistent,30.0,1.1716972647365942,mbh_plus_0p3dex,0.3,0.0,7.35,8.41,-1.0600000000000005,fedd0p3_eps0p1_no_merger_boost,0.3,0.1,1.0,4.296830060782581,19807.518069346093,heavy_seed_scale
GN20621_juodzbalis25,GN-20621,4.682,spec,JADES,broad-line-agn,robust,individual_robust,juodzbalis25_jades_blagn,"Table 2 (BH/Lbol/lambda_Edd), Table 5 (Mstar)",False,False,False,True,0.1046235506790809,0.0217632302757838,consistent,30.0,1.1716972647365942,mbh_plus_0p3dex,0.3,0.0,7.35,8.41,-1.0600000000000005,fedd0p3_eps0p1_merger_boost_x2,0.3,0.1,2.0,3.9958000651186,9903.759034673056,intermediate_seed_scale
GN20621_juodzbalis25,GN-20621,4.682,spec,JADES,broad-line-agn,robust,individual_robust,juodzbalis25_jades_blagn,"Table 2 (BH/Lbol/lambda_Edd), Table 5 (Mstar)",False,False,False,True,0.1046235506790809,0.0217632302757838,consistent,30.0,1.1716972647365942,mbh_plus_0p3dex,0.3,0.0,7.35,8.41,-1.0600000000000005,fedd0p3_spin_minus1_eps0p038_no_merger_boost,0.3,0.037749551350623745,1.0,-1.2973850201907577,0.05042140925150146,light_seed_scale
GN20621_juodzbalis25,GN-20621,4.682,spec,JADES,broad-line-agn,robust,individual_robust,juodzbalis25_jades_blagn,"Table 2 (BH/Lbol/lambda_Edd), Table 5 (Mstar)",False,False,False,True,0.1046235506790809,0.0217632302757838,consistent,30.0,1.1716972647365942,mbh_plus_0p3dex,0.3,0.0,7.35,8.41,-1.0600000000000005,fedd0p3_spin_minus1_eps0p038_merger_boost_x2,0.3,0.037749551350623745,2.0,-1.598415015854739,0.025210704625750726,light_seed_scale
GN20621_juodzbalis25,GN-20621,4.682,spec,JADES,broad-line-agn,robust,individual_robust,juodzbalis25_jades_blagn,"Table 2 (BH/Lbol/lambda_Edd), Table 5 (Mstar)",False,False,False,True,0.1046235506790809,0.0217632302757838,consistent,30.0,1.1716972647365942,mbh_plus_0p3dex,0.3,0.0,7.35,8.41,-1.0600000000000005,fedd0p3_spin_0_eps0p057_no_merger_boost,0.3,0.057190958417936644,1.0,1.7575149409593323,57.215663812142914,light_seed_scale
GN20621_juodzbalis25,GN-20621,4.682,spec,JADES,broad-line-agn,robust,individual_robust,juodzbalis25_jades_blagn,"Table 2 (BH/Lbol/lambda_Edd), Table 5 (Mstar)",False,False,False,True,0.1046235506790809,0.0217632302757838,consistent,30.0,1.1716972647365942,mbh_plus_0p3dex,0.3,0.0,7.35,8.41,-1.0600000000000005,fedd0p3_spin_0_eps0p057_merger_boost_x2,0.3,0.057190958417936644,2.0,1.456484945295351,28.607831906071453,light_seed_scale
GN20621_juodzbalis25,GN-20621,4.682,spec,JADES,broad-line-agn,robust,individual_robust,juodzbalis25_jades_blagn,"Table 2 (BH/Lbol/lambda_Edd), Table 5 (Mstar)",False,False,False,True,0.1046235506790809,0.0217632302757838,consistent,30.0,1.1716972647365942,mbh_plus_0p3dex,0.3,0.0,7.35,8.41,-1.0600000000000005,fedd0p3_spin_plus1_eps0p423_no_merger_boost,0.3,0.42264973081037416,1.0,6.886588033439779,7701725.459652425,above_heavy_seed_scale
GN20621_juodzbalis25,GN-20621,4.682,spec,JADES,broad-line-agn,robust,individual_robust,juodzbalis25_jades_blagn,"Table 2 (BH/Lbol/lambda_Edd), Table 5 (Mstar)",False,False,False,True,0.1046235506790809,0.0217632302757838,consistent,30.0,1.1716972647365942,mbh_plus_0p3dex,0.3,0.0,7.35,8.41,-1.0600000000000005,fedd0p3_spin_plus1_eps0p423_merger_boost_x2,0.3,0.42264973081037416,2.0,6.585558037775797,3850862.729826212,above_heavy_seed_scale
GN20621_juodzbalis25,GN-20621,4.682,spec,JADES,broad-line-agn,robust,individual_robust,juodzbalis25_jades_blagn,"Table 2 (BH/Lbol/lambda_Edd), Table 5 (Mstar)",False,False,False,True,0.1046235506790809,0.0217632302757838,consistent,30.0,1.1716972647365942,mbh_plus_0p3dex,0.3,0.0,7.35,8.41,-1.0600000000000005,fedd1_eps0p1_no_merger_boost,1.0,0.1,1.0,-2.8272331307247285,0.001488561798269752,light_seed_scale
GN20621_juodzbalis25,GN-20621,4.682,spec,JADES,broad-line-agn,robust,individual_robust,juodzbalis25_jades_blagn,"Table 2 (BH/Lbol/lambda_Edd), Table 5 (Mstar)",False,False,False,True,0.1046235506790809,0.0217632302757838,consistent,30.0,1.1716972647365942,mbh_plus_0p3dex,0.3,0.0,7.35,8.41,-1.0600000000000005,fedd1_eps0p1_merger_boost_x2,1.0,0.1,2.0,-3.1282631263887097,0.0007442808991348759,light_seed_scale
GN20621_juodzbalis25,GN-20621,4.682,spec,JADES,broad-line-agn,robust,individual_robust,juodzbalis25_jades_blagn,"Table 2 (BH/Lbol/lambda_Edd), Table 5 (Mstar)",False,False,False,True,0.1046235506790809,0.0217632302757838,consistent,30.0,1.1716972647365942,mbh_plus_0p3dex,0.3,0.0,7.35,8.41,-1.0600000000000005,fedd1_spin_minus1_eps0p038_no_merger_boost,1.0,0.037749551350623745,1.0,-21.474616733969192,3.35261177521022e-22,light_seed_scale
GN20621_juodzbalis25,GN-20621,4.682,spec,JADES,broad-line-agn,robust,individual_robust,juodzbalis25_jades_blagn,"Table 2 (BH/Lbol/lambda_Edd), Table 5 (Mstar)",False,False,False,True,0.1046235506790809,0.0217632302757838,consistent,30.0,1.1716972647365942,mbh_plus_0p3dex,0.3,0.0,7.35,8.41,-1.0600000000000005,fedd1_spin_minus1_eps0p038_merger_boost_x2,1.0,0.037749551350623745,2.0,-21.775646729633173,1.6763058876051097e-22,light_seed_scale
GN20621_juodzbalis25,GN-20621,4.682,spec,JADES,broad-line-agn,robust,individual_robust,juodzbalis25_jades_blagn,"Table 2 (BH/Lbol/lambda_Edd), Table 5 (Mstar)",False,False,False,True,0.1046235506790809,0.0217632302757838,consistent,30.0,1.1716972647365942,mbh_plus_0p3dex,0.3,0.0,7.35,8.41,-1.0600000000000005,fedd1_spin_0_eps0p057_no_merger_boost,1.0,0.057190958417936644,1.0,-11.291616863468894,5.109555684833958e-12,light_seed_scale
GN20621_juodzbalis25,GN-20621,4.682,spec,JADES,broad-line-agn,robust,individual_robust,juodzbalis25_jades_blagn,"Table 2 (BH/Lbol/lambda_Edd), Table 5 (Mstar)",False,False,False,True,0.1046235506790809,0.0217632302757838,consistent,30.0,1.1716972647365942,mbh_plus_0p3dex,0.3,0.0,7.35,8.41,-1.0600000000000005,fedd1_spin_0_eps0p057_merger_boost_x2,1.0,0.057190958417936644,2.0,-11.592646859132875,2.5547778424169786e-12,light_seed_scale
GN20621_juodzbalis25,GN-20621,4.682,spec,JADES,broad-line-agn,robust,individual_robust,juodzbalis25_jades_blagn,"Table 2 (BH/Lbol/lambda_Edd), Table 5 (Mstar)",False,False,False,True,0.1046235506790809,0.0217632302757838,consistent,30.0,1.1716972647365942,mbh_plus_0p3dex,0.3,0.0,7.35,8.41,-1.0600000000000005,fedd1_spin_plus1_eps0p423_no_merger_boost,1.0,0.42264973081037416,1.0,5.805293444799265,638694.894828173,heavy_seed_scale
GN20621_juodzbalis25,GN-20621,4.682,spec,JADES,broad-line-agn,robust,individual_robust,juodzbalis25_jades_blagn,"Table 2 (BH/Lbol/lambda_Edd), Table 5 (Mstar)",False,False,False,True,0.1046235506790809,0.0217632302757838,consistent,30.0,1.1716972647365942,mbh_plus_0p3dex,0.3,0.0,7.35,8.41,-1.0600000000000005,fedd1_spin_plus1_eps0p423_merger_boost_x2,1.0,0.42264973081037416,2.0,5.5042634491352835,319347.44741408643,heavy_seed_scale
GN20621_juodzbalis25,GN-20621,4.682,spec,JADES,broad-line-agn,robust,individual_robust,juodzbalis25_jades_blagn,"Table 2 (BH/Lbol/lambda_Edd), Table 5 (Mstar)",False,False,False,True,0.1046235506790809,0.0217632302757838,consistent,30.0,1.1716972647365942,mbh_plus_0p3dex,0.3,0.0,7.35,8.41,-1.0600000000000005,fedd2_eps0p1_no_merger_boost,2.0,0.1,1.0,-13.004466261449457,9.897687519425007e-14,light_seed_scale
GN20621_juodzbalis25,GN-20621,4.682,spec,JADES,broad-line-agn,robust,individual_robust,juodzbalis25_jades_blagn,"Table 2 (BH/Lbol/lambda_Edd), Table 5 (Mstar)",False,False,False,True,0.1046235506790809,0.0217632302757838,consistent,30.0,1.1716972647365942,mbh_plus_0p3dex,0.3,0.0,7.35,8.41,-1.0600000000000005,fedd2_eps0p1_merger_boost_x2,2.0,0.1,2.0,-13.305496257113438,4.948843759712503e-14,light_seed_scale
GN20621_juodzbalis25,GN-20621,4.682,spec,JADES,broad-line-agn,robust,individual_robust,juodzbalis25_jades_blagn,"Table 2 (BH/Lbol/lambda_Edd), Table 5 (Mstar)",False,False,False,True,0.1046235506790809,0.0217632302757838,consistent,30.0,1.1716972647365942,mbh_plus_0p3dex,0.3,0.0,7.35,8.41,-1.0600000000000005,fedd2_spin_minus1_eps0p038_no_merger_boost,2.0,0.037749551350623745,1.0,-50.299233467938386,5.0207261286978153e-51,light_seed_scale
GN20621_juodzbalis25,GN-20621,4.682,spec,JADES,broad-line-agn,robust,individual_robust,juodzbalis25_jades_blagn,"Table 2 (BH/Lbol/lambda_Edd), Table 5 (Mstar)",False,False,False,True,0.1046235506790809,0.0217632302757838,consistent,30.0,1.1716972647365942,mbh_plus_0p3dex,0.3,0.0,7.35,8.41,-1.0600000000000005,fedd2_spin_minus1_eps0p038_merger_boost_x2,2.0,0.037749551350623745,2.0,-50.60026346360237,2.5103630643489074e-51,light_seed_scale
GN20621_juodzbalis25,GN-20621,4.682,spec,JADES,broad-line-agn,robust,individual_robust,juodzbalis25_jades_blagn,"Table 2 (BH/Lbol/lambda_Edd), Table 5 (Mstar)",False,False,False,True,0.1046235506790809,0.0217632302757838,consistent,30.0,1.1716972647365942,mbh_plus_0p3dex,0.3,0.0,7.35,8.41,-1.0600000000000005,fedd2_spin_0_eps0p057_no_merger_boost,2.0,0.057190958417936644,1.0,-29.933233726937786,1.1661818368818773e-30,light_seed_scale
GN20621_juodzbalis25,GN-20621,4.682,spec,JADES,broad-line-agn,robust,individual_robust,juodzbalis25_jades_blagn,"Table 2 (BH/Lbol/lambda_Edd), Table 5 (Mstar)",False,False,False,True,0.1046235506790809,0.0217632302757838,consistent,30.0,1.1716972647365942,mbh_plus_0p3dex,0.3,0.0,7.35,8.41,-1.0600000000000005,fedd2_spin_0_eps0p057_merger_boost_x2,2.0,0.057190958417936644,2.0,-30.234263722601767,5.830909184409386e-31,light_seed_scale
GN20621_juodzbalis25,GN-20621,4.682,spec,JADES,broad-line-agn,robust,individual_robust,juodzbalis25_jades_blagn,"Table 2 (BH/Lbol/lambda_Edd), Table 5 (Mstar)",False,False,False,True,0.1046235506790809,0.0217632302757838,consistent,30.0,1.1716972647365942,mbh_plus_0p3dex,0.3,0.0,7.35,8.41,-1.0600000000000005,fedd2_spin_plus1_eps0p423_no_merger_boost,2.0,0.42264973081037416,1.0,4.260586889598529,18221.6159776131,heavy_seed_scale
GN20621_juodzbalis25,GN-20621,4.682,spec,JADES,broad-line-agn,robust,individual_robust,juodzbalis25_jades_blagn,"Table 2 (BH/Lbol/lambda_Edd), Table 5 (Mstar)",False,False,False,True,0.1046235506790809,0.0217632302757838,consistent,30.0,1.1716972647365942,mbh_plus_0p3dex,0.3,0.0,7.35,8.41,-1.0600000000000005,fedd2_spin_plus1_eps0p423_merger_boost_x2,2.0,0.42264973081037416,2.0,3.959556893934548,9110.807988806548,intermediate_seed_scale
GN20621_juodzbalis25,GN-20621,4.682,spec,JADES,broad-line-agn,robust,individual_robust,juodzbalis25_jades_blagn,"Table 2 (BH/Lbol/lambda_Edd), Table 5 (Mstar)",False,False,False,True,0.1046235506790809,0.0217632302757838,consistent,30.0,1.1716972647365942,mstar_agn_20pct,0.0,0.2,7.05,8.313089986991944,-1.263089986991944,fedd0p3_eps0p1_no_merger_boost,0.3,0.1,1.0,3.9968300607825813,9927.275186197792,intermediate_seed_scale
GN20621_juodzbalis25,GN-20621,4.682,spec,JADES,broad-line-agn,robust,individual_robust,juodzbalis25_jades_blagn,"Table 2 (BH/Lbol/lambda_Edd), Table 5 (Mstar)",False,False,False,True,0.1046235506790809,0.0217632302757838,consistent,30.0,1.1716972647365942,mstar_agn_20pct,0.0,0.2,7.05,8.313089986991944,-1.263089986991944,fedd0p3_eps0p1_merger_boost_x2,0.3,0.1,2.0,3.6958000651186,4963.637593098895,intermediate_seed_scale
GN20621_juodzbalis25,GN-20621,4.682,spec,JADES,broad-line-agn,robust,individual_robust,juodzbalis25_jades_blagn,"Table 2 (BH/Lbol/lambda_Edd), Table 5 (Mstar)",False,False,False,True,0.1046235506790809,0.0217632302757838,consistent,30.0,1.1716972647365942,mstar_agn_20pct,0.0,0.2,7.05,8.313089986991944,-1.263089986991944,fedd0p3_spin_minus1_eps0p038_no_merger_boost,0.3,0.037749551350623745,1.0,-1.5973850201907576,0.025270566618348582,light_seed_scale
GN20621_juodzbalis25,GN-20621,4.682,spec,JADES,broad-line-agn,robust,individual_robust,juodzbalis25_jades_blagn,"Table 2 (BH/Lbol/lambda_Edd), Table 5 (Mstar)",False,False,False,True,0.1046235506790809,0.0217632302757838,consistent,30.0,1.1716972647365942,mstar_agn_20pct,0.0,0.2,7.05,8.313089986991944,-1.263089986991944,fedd0p3_spin_minus1_eps0p038_merger_boost_x2,0.3,0.037749551350623745,2.0,-1.8984150158547388,0.01263528330917429,light_seed_scale
GN20621_juodzbalis25,GN-20621,4.682,spec,JADES,broad-line-agn,robust,individual_robust,juodzbalis25_jades_blagn,"Table 2 (BH/Lbol/lambda_Edd), Table 5 (Mstar)",False,False,False,True,0.1046235506790809,0.0217632302757838,consistent,30.0,1.1716972647365942,mstar_agn_20pct,0.0,0.2,7.05,8.313089986991944,-1.263089986991944,fedd0p3_spin_0_eps0p057_no_merger_boost,0.3,0.057190958417936644,1.0,1.4575149409593324,28.67576026615595,light_seed_scale
GN20621_juodzbalis25,GN-20621,4.682,spec,JADES,broad-line-agn,robust,individual_robust,juodzbalis25_jades_blagn,"Table 2 (BH/Lbol/lambda_Edd), Table 5 (Mstar)",False,False,False,True,0.1046235506790809,0.0217632302757838,consistent,30.0,1.1716972647365942,mstar_agn_20pct,0.0,0.2,7.05,8.313089986991944,-1.263089986991944,fedd0p3_spin_0_eps0p057_merger_boost_x2,0.3,0.057190958417936644,2.0,1.1564849452953512,14.337880133077974,light_seed_scale
GN20621_juodzbalis25,GN-20621,4.682,spec,JADES,broad-line-agn,robust,individual_robust,juodzbalis25_jades_blagn,"Table 2 (BH/Lbol/lambda_Edd), Table 5 (Mstar)",False,False,False,True,0.1046235506790809,0.0217632302757838,consistent,30.0,1.1716972647365942,mstar_agn_20pct,0.0,0.2,7.05,8.313089986991944,-1.263089986991944,fedd0p3_spin_plus1_eps0p423_no_merger_boost,0.3,0.42264973081037416,1.0,6.586588033439779,3860006.4772799322,above_heavy_seed_scale
GN20621_juodzbalis25,GN-20621,4.682,spec,JADES,broad-line-agn,robust,individual_robust,juodzbalis25_jades_blagn,"Table 2 (BH/Lbol/lambda_Edd), Table 5 (Mstar)",False,False,False,True,0.1046235506790809,0.0217632302757838,consistent,30.0,1.1716972647365942,mstar_agn_20pct,0.0,0.2,7.05,8.313089986991944,-1.263089986991944,fedd0p3_spin_plus1_eps0p423_merger_boost_x2,0.3,0.42264973081037416,2.0,6.285558037775798,1930003.238639966,above_heavy_seed_scale
GN20621_juodzbalis25,GN-20621,4.682,spec,JADES,broad-line-agn,robust,individual_robust,juodzbalis25_jades_blagn,"Table 2 (BH/Lbol/lambda_Edd), Table 5 (Mstar)",False,False,False,True,0.1046235506790809,0.0217632302757838,consistent,30.0,1.1716972647365942,mstar_agn_20pct,0.0,0.2,7.05,8.313089986991944,-1.263089986991944,fedd1_eps0p1_no_merger_boost,1.0,0.1,1.0,-3.1272331307247283,0.0007460481697580551,light_seed_scale
GN20621_juodzbalis25,GN-20621,4.682,spec,JADES,broad-line-agn,robust,individual_robust,juodzbalis25_jades_blagn,"Table 2 (BH/Lbol/lambda_Edd), Table 5 (Mstar)",False,False,False,True,0.1046235506790809,0.0217632302757838,consistent,30.0,1.1716972647365942,mstar_agn_20pct,0.0,0.2,7.05,8.313089986991944,-1.263089986991944,fedd1_eps0p1_merger_boost_x2,1.0,0.1,2.0,-3.4282631263887096,0.0003730240848790275,light_seed_scale
GN20621_juodzbalis25,GN-20621,4.682,spec,JADES,broad-line-agn,robust,individual_robust,juodzbalis25_jades_blagn,"Table 2 (BH/Lbol/lambda_Edd), Table 5 (Mstar)",False,False,False,True,0.1046235506790809,0.0217632302757838,consistent,30.0,1.1716972647365942,mstar_agn_20pct,0.0,0.2,7.05,8.313089986991944,-1.263089986991944,fedd1_spin_minus1_eps0p038_no_merger_boost,1.0,0.037749551350623745,1.0,-21.774616733969193,1.6802862210438258e-22,light_seed_scale
GN20621_juodzbalis25,GN-20621,4.682,spec,JADES,broad-line-agn,robust,individual_robust,juodzbalis25_jades_blagn,"Table 2 (BH/Lbol/lambda_Edd), Table 5 (Mstar)",False,False,False,True,0.1046235506790809,0.0217632302757838,consistent,30.0,1.1716972647365942,mstar_agn_20pct,0.0,0.2,7.05,8.313089986991944,-1.263089986991944,fedd1_spin_minus1_eps0p038_merger_boost_x2,1.0,0.037749551350623745,2.0,-22.075646729633174,8.401431105219128e-23,light_seed_scale
GN20621_juodzbalis25,GN-20621,4.682,spec,JADES,broad-line-agn,robust,individual_robust,juodzbalis25_jades_blagn,"Table 2 (BH/Lbol/lambda_Edd), Table 5 (Mstar)",False,False,False,True,0.1046235506790809,0.0217632302757838,consistent,30.0,1.1716972647365942,mstar_agn_20pct,0.0,0.2,7.05,8.313089986991944,-1.263089986991944,fedd1_spin_0_eps0p057_no_merger_boost,1.0,0.057190958417936644,1.0,-11.591616863468893,2.56084407874644e-12,light_seed_scale
GN20621_juodzbalis25,GN-20621,4.682,spec,JADES,broad-line-agn,robust,individual_robust,juodzbalis25_jades_blagn,"Table 2 (BH/Lbol/lambda_Edd), Table 5 (Mstar)",False,False,False,True,0.1046235506790809,0.0217632302757838,consistent,30.0,1.1716972647365942,mstar_agn_20pct,0.0,0.2,7.05,8.313089986991944,-1.263089986991944,fedd1_spin_0_eps0p057_merger_boost_x2,1.0,0.057190958417936644,2.0,-11.892646859132874,1.28042203937322e-12,light_seed_scale
GN20621_juodzbalis25,GN-20621,4.682,spec,JADES,broad-line-agn,robust,individual_robust,juodzbalis25_jades_blagn,"Table 2 (BH/Lbol/lambda_Edd), Table 5 (Mstar)",False,False,False,True,0.1046235506790809,0.0217632302757838,consistent,30.0,1.1716972647365942,mstar_agn_20pct,0.0,0.2,7.05,8.313089986991944,-1.263089986991944,fedd1_spin_plus1_eps0p423_no_merger_boost,1.0,0.42264973081037416,1.0,5.505293444799264,320105.7274707931,heavy_seed_scale
GN20621_juodzbalis25,GN-20621,4.682,spec,JADES,broad-line-agn,robust,individual_robust,juodzbalis25_jades_blagn,"Table 2 (BH/Lbol/lambda_Edd), Table 5 (Mstar)",False,False,False,True,0.1046235506790809,0.0217632302757838,consistent,30.0,1.1716972647365942,mstar_agn_20pct,0.0,0.2,7.05,8.313089986991944,-1.263089986991944,fedd1_spin_plus1_eps0p423_merger_boost_x2,1.0,0.42264973081037416,2.0,5.204263449135283,160052.86373539653,heavy_seed_scale
GN20621_juodzbalis25,GN-20621,4.682,spec,JADES,broad-line-agn,robust,individual_robust,juodzbalis25_jades_blagn,"Table 2 (BH/Lbol/lambda_Edd), Table 5 (Mstar)",False,False,False,True,0.1046235506790809,0.0217632302757838,consistent,30.0,1.1716972647365942,mstar_agn_20pct,0.0,0.2,7.05,8.313089986991944,-1.263089986991944,fedd2_eps0p1_no_merger_boost,2.0,0.1,1.0,-13.304466261449456,4.96059462716781e-14,light_seed_scale
GN20621_juodzbalis25,GN-20621,4.682,spec,JADES,broad-line-agn,robust,individual_robust,juodzbalis25_jades_blagn,"Table 2 (BH/Lbol/lambda_Edd), Table 5 (Mstar)",False,False,False,True,0.1046235506790809,0.0217632302757838,consistent,30.0,1.1716972647365942,mstar_agn_20pct,0.0,0.2,7.05,8.313089986991944,-1.263089986991944,fedd2_eps0p1_merger_boost_x2,2.0,0.1,2.0,-13.605496257113437,2.4802973135839046e-14,light_seed_scale
GN20621_juodzbalis25,GN-20621,4.682,spec,JADES,broad-line-agn,robust,individual_robust,juodzbalis25_jades_blagn,"Table 2 (BH/Lbol/lambda_Edd), Table 5 (Mstar)",False,False,False,True,0.1046235506790809,0.0217632302757838,consistent,30.0,1.1716972647365942,mstar_agn_20pct,0.0,0.2,7.05,8.313089986991944,-1.263089986991944,fedd2_spin_minus1_eps0p038_no_merger_boost,2.0,0.037749551350623745,1.0,-50.59923346793839,2.5163238392421975e-51,light_seed_scale
GN20621_juodzbalis25,GN-20621,4.682,spec,JADES,broad-line-agn,robust,individual_robust,juodzbalis25_jades_blagn,"Table 2 (BH/Lbol/lambda_Edd), Table 5 (Mstar)",False,False,False,True,0.1046235506790809,0.0217632302757838,consistent,30.0,1.1716972647365942,mstar_agn_20pct,0.0,0.2,7.05,8.313089986991944,-1.263089986991944,fedd2_spin_minus1_eps0p038_merger_boost_x2,2.0,0.037749551350623745,2.0,-50.90026346360237,1.2581619196210986e-51,light_seed_scale
GN20621_juodzbalis25,GN-20621,4.682,spec,JADES,broad-line-agn,robust,individual_robust,juodzbalis25_jades_blagn,"Table 2 (BH/Lbol/lambda_Edd), Table 5 (Mstar)",False,False,False,True,0.1046235506790809,0.0217632302757838,consistent,30.0,1.1716972647365942,mstar_agn_20pct,0.0,0.2,7.05,8.313089986991944,-1.263089986991944,fedd2_spin_0_eps0p057_no_merger_boost,2.0,0.057190958417936644,1.0,-30.233233726937787,5.844754487331981e-31,light_seed_scale
GN20621_juodzbalis25,GN-20621,4.682,spec,JADES,broad-line-agn,robust,individual_robust,juodzbalis25_jades_blagn,"Table 2 (BH/Lbol/lambda_Edd), Table 5 (Mstar)",False,False,False,True,0.1046235506790809,0.0217632302757838,consistent,30.0,1.1716972647365942,mstar_agn_20pct,0.0,0.2,7.05,8.313089986991944,-1.263089986991944,fedd2_spin_0_eps0p057_merger_boost_x2,2.0,0.057190958417936644,2.0,-30.534263722601768,2.92237724366599e-31,light_seed_scale
GN20621_juodzbalis25,GN-20621,4.682,spec,JADES,broad-line-agn,robust,individual_robust,juodzbalis25_jades_blagn,"Table 2 (BH/Lbol/lambda_Edd), Table 5 (Mstar)",False,False,False,True,0.1046235506790809,0.0217632302757838,consistent,30.0,1.1716972647365942,mstar_agn_20pct,0.0,0.2,7.05,8.313089986991944,-1.263089986991944,fedd2_spin_plus1_eps0p423_no_merger_boost,2.0,0.42264973081037416,1.0,3.9605868895985292,9132.441304038417,intermediate_seed_scale
GN20621_juodzbalis25,GN-20621,4.682,spec,JADES,broad-line-agn,robust,individual_robust,juodzbalis25_jades_blagn,"Table 2 (BH/Lbol/lambda_Edd), Table 5 (Mstar)",False,False,False,True,0.1046235506790809,0.0217632302757838,consistent,30.0,1.1716972647365942,mstar_agn_20pct,0.0,0.2,7.05,8.313089986991944,-1.263089986991944,fedd2_spin_plus1_eps0p423_merger_boost_x2,2.0,0.42264973081037416,2.0,3.659556893934548,4566.220652019208,intermediate_seed_scale
GN11836_juodzbalis25,GN-11836,4.409,spec,JADES,broad-line-agn,robust,individual_robust,juodzbalis25_jades_blagn,"Table 2 (BH/Lbol/lambda_Edd), Table 5 (Mstar)",False,False,False,True,0.8904908367475832,-0.9082367697242087,inconsistent,30.0,1.2687509685057141,baseline,0.0,0.0,6.06,8.17,-2.1100000000000003,fedd0p3_eps0p1_no_merger_boost,0.3,0.1,1.0,2.7539307328113716,567.4540928968323,intermediate_seed_scale
GN11836_juodzbalis25,GN-11836,4.409,spec,JADES,broad-line-agn,robust,individual_robust,juodzbalis25_jades_blagn,"Table 2 (BH/Lbol/lambda_Edd), Table 5 (Mstar)",False,False,False,True,0.8904908367475832,-0.9082367697242087,inconsistent,30.0,1.2687509685057141,baseline,0.0,0.0,6.06,8.17,-2.1100000000000003,fedd0p3_eps0p1_merger_boost_x2,0.3,0.1,2.0,2.4529007371473903,283.7270464484161,intermediate_seed_scale
GN11836_juodzbalis25,GN-11836,4.409,spec,JADES,broad-line-agn,robust,individual_robust,juodzbalis25_jades_blagn,"Table 2 (BH/Lbol/lambda_Edd), Table 5 (Mstar)",False,False,False,True,0.8904908367475832,-0.9082367697242087,inconsistent,30.0,1.2687509685057141,baseline,0.0,0.0,6.06,8.17,-2.1100000000000003,fedd0p3_spin_minus1_eps0p038_no_merger_boost,0.3,0.037749551350623745,1.0,-3.303662824522571,0.0004969780131285094,light_seed_scale
GN11836_juodzbalis25,GN-11836,4.409,spec,JADES,broad-line-agn,robust,individual_robust,juodzbalis25_jades_blagn,"Table 2 (BH/Lbol/lambda_Edd), Table 5 (Mstar)",False,False,False,True,0.8904908367475832,-0.9082367697242087,inconsistent,30.0,1.2687509685057141,baseline,0.0,0.0,6.06,8.17,-2.1100000000000003,fedd0p3_spin_minus1_eps0p038_merger_boost_x2,0.3,0.037749551350623745,2.0,-3.6046928201865525,0.00024848900656425463,light_seed_scale
GN11836_juodzbalis25,GN-11836,4.409,spec,JADES,broad-line-agn,robust,individual_robust,juodzbalis25_jades_blagn,"Table 2 (BH/Lbol/lambda_Edd), Table 5 (Mstar)",False,False,False,True,0.8904908367475832,-0.9082367697242087,inconsistent,30.0,1.2687509685057141,baseline,0.0,0.0,6.06,8.17,-2.1100000000000003,fedd0p3_spin_0_eps0p057_no_merger_boost,0.3,0.057190958417936644,1.0,0.004279765296972826,1.0099032394856116,light_seed_scale
GN11836_juodzbalis25,GN-11836,4.409,spec,JADES,broad-line-agn,robust,individual_robust,juodzbalis25_jades_blagn,"Table 2 (BH/Lbol/lambda_Edd), Table 5 (Mstar)",False,False,False,True,0.8904908367475832,-0.9082367697242087,inconsistent,30.0,1.2687509685057141,baseline,0.0,0.0,6.06,8.17,-2.1100000000000003,fedd0p3_spin_0_eps0p057_merger_boost_x2,0.3,0.057190958417936644,2.0,-0.2967502303670084,0.5049516197428057,light_seed_scale
GN11836_juodzbalis25,GN-11836,4.409,spec,JADES,broad-line-agn,robust,individual_robust,juodzbalis25_jades_blagn,"Table 2 (BH/Lbol/lambda_Edd), Table 5 (Mstar)",False,False,False,True,0.8904908367475832,-0.9082367697242087,inconsistent,30.0,1.2687509685057141,baseline,0.0,0.0,6.06,8.17,-2.1100000000000003,fedd0p3_spin_plus1_eps0p423_no_merger_boost,0.3,0.42264973081037416,1.0,5.558202821594369,361578.68551613216,heavy_seed_scale
GN11836_juodzbalis25,GN-11836,4.409,spec,JADES,broad-line-agn,robust,individual_robust,juodzbalis25_jades_blagn,"Table 2 (BH/Lbol/lambda_Edd), Table 5 (Mstar)",False,False,False,True,0.8904908367475832,-0.9082367697242087,inconsistent,30.0,1.2687509685057141,baseline,0.0,0.0,6.06,8.17,-2.1100000000000003,fedd0p3_spin_plus1_eps0p423_merger_boost_x2,0.3,0.42264973081037416,2.0,5.257172825930388,180789.34275806605,heavy_seed_scale
GN11836_juodzbalis25,GN-11836,4.409,spec,JADES,broad-line-agn,robust,individual_robust,juodzbalis25_jades_blagn,"Table 2 (BH/Lbol/lambda_Edd), Table 5 (Mstar)",False,False,False,True,0.8904908367475832,-0.9082367697242087,inconsistent,30.0,1.2687509685057141,baseline,0.0,0.0,6.06,8.17,-2.1100000000000003,fedd1_eps0p1_no_merger_boost,1.0,0.1,1.0,-4.96023089062876,1.0958954135723783e-05,light_seed_scale
GN11836_juodzbalis25,GN-11836,4.409,spec,JADES,broad-line-agn,robust,individual_robust,juodzbalis25_jades_blagn,"Table 2 (BH/Lbol/lambda_Edd), Table 5 (Mstar)",False,False,False,True,0.8904908367475832,-0.9082367697242087,inconsistent,30.0,1.2687509685057141,baseline,0.0,0.0,6.06,8.17,-2.1100000000000003,fedd1_eps0p1_merger_boost_x2,1.0,0.1,2.0,-5.2612608862927415,5.4794770678618905e-06,light_seed_scale
GN11836_juodzbalis25,GN-11836,4.409,spec,JADES,broad-line-agn,robust,individual_robust,juodzbalis25_jades_blagn,"Table 2 (BH/Lbol/lambda_Edd), Table 5 (Mstar)",False,False,False,True,0.8904908367475832,-0.9082367697242087,inconsistent,30.0,1.2687509685057141,baseline,0.0,0.0,6.06,8.17,-2.1100000000000003,fedd1_spin_minus1_eps0p038_no_merger_boost,1.0,0.037749551350623745,1.0,-25.152209415075234,7.043533506785706e-26,light_seed_scale
GN11836_juodzbalis25,GN-11836,4.409,spec,JADES,broad-line-agn,robust,individual_robust,juodzbalis25_jades_blagn,"Table 2 (BH/Lbol/lambda_Edd), Table 5 (Mstar)",False,False,False,True,0.8904908367475832,-0.9082367697242087,inconsistent,30.0,1.2687509685057141,baseline,0.0,0.0,6.06,8.17,-2.1100000000000003,fedd1_spin_minus1_eps0p038_merger_boost_x2,1.0,0.037749551350623745,2.0,-25.453239410739215,3.5217667533928526e-26,light_seed_scale
GN11836_juodzbalis25,GN-11836,4.409,spec,JADES,broad-line-agn,robust,individual_robust,juodzbalis25_jades_blagn,"Table 2 (BH/Lbol/lambda_Edd), Table 5 (Mstar)",False,False,False,True,0.8904908367475832,-0.9082367697242087,inconsistent,30.0,1.2687509685057141,baseline,0.0,0.0,6.06,8.17,-2.1100000000000003,fedd1_spin_0_eps0p057_no_merger_boost,1.0,0.057190958417936644,1.0,-14.125734115676757,7.486276860409409e-15,light_seed_scale
GN11836_juodzbalis25,GN-11836,4.409,spec,JADES,broad-line-agn,robust,individual_robust,juodzbalis25_jades_blagn,"Table 2 (BH/Lbol/lambda_Edd), Table 5 (Mstar)",False,False,False,True,0.8904908367475832,-0.9082367697242087,inconsistent,30.0,1.2687509685057141,baseline,0.0,0.0,6.06,8.17,-2.1100000000000003,fedd1_spin_0_eps0p057_merger_boost_x2,1.0,0.057190958417936644,2.0,-14.426764111340738,3.743138430204704e-15,light_seed_scale
GN11836_juodzbalis25,GN-11836,4.409,spec,JADES,broad-line-agn,robust,individual_robust,juodzbalis25_jades_blagn,"Table 2 (BH/Lbol/lambda_Edd), Table 5 (Mstar)",False,False,False,True,0.8904908367475832,-0.9082367697242087,inconsistent,30.0,1.2687509685057141,baseline,0.0,0.0,6.06,8.17,-2.1100000000000003,fedd1_spin_plus1_eps0p423_no_merger_boost,1.0,0.42264973081037416,1.0,4.3873427386479,24397.354612088362,heavy_seed_scale
GN11836_juodzbalis25,GN-11836,4.409,spec,JADES,broad-line-agn,robust,individual_robust,juodzbalis25_jades_blagn,"Table 2 (BH/Lbol/lambda_Edd), Table 5 (Mstar)",False,False,False,True,0.8904908367475832,-0.9082367697242087,inconsistent,30.0,1.2687509685057141,baseline,0.0,0.0,6.06,8.17,-2.1100000000000003,fedd1_spin_plus1_eps0p423_merger_boost_x2,1.0,0.42264973081037416,2.0,4.086312742983918,12198.67730604418,heavy_seed_scale
GN11836_juodzbalis25,GN-11836,4.409,spec,JADES,broad-line-agn,robust,individual_robust,juodzbalis25_jades_blagn,"Table 2 (BH/Lbol/lambda_Edd), Table 5 (Mstar)",False,False,False,True,0.8904908367475832,-0.9082367697242087,inconsistent,30.0,1.2687509685057141,baseline,0.0,0.0,6.06,8.17,-2.1100000000000003,fedd2_eps0p1_no_merger_boost,2.0,0.1,1.0,-15.980461781257521,1.0460157377923082e-16,light_seed_scale
GN11836_juodzbalis25,GN-11836,4.409,spec,JADES,broad-line-agn,robust,individual_robust,juodzbalis25_jades_blagn,"Table 2 (BH/Lbol/lambda_Edd), Table 5 (Mstar)",False,False,False,True,0.8904908367475832,-0.9082367697242087,inconsistent,30.0,1.2687509685057141,baseline,0.0,0.0,6.06,8.17,-2.1100000000000003,fedd2_eps0p1_merger_boost_x2,2.0,0.1,2.0,-16.281491776921502,5.2300786889615405e-17,light_seed_scale
GN11836_juodzbalis25,GN-11836,4.409,spec,JADES,broad-line-agn,robust,individual_robust,juodzbalis25_jades_blagn,"Table 2 (BH/Lbol/lambda_Edd), Table 5 (Mstar)",False,False,False,True,0.8904908367475832,-0.9082367697242087,inconsistent,30.0,1.2687509685057141,baseline,0.0,0.0,6.06,8.17,-2.1100000000000003,fedd2_spin_minus1_eps0p038_no_merger_boost,2.0,0.037749551350623745,1.0,-56.36441883015046,4.320969191956531e-57,light_seed_scale
GN11836_juodzbalis25,GN-11836,4.409,spec,JADES,broad-line-agn,robust,individual_robust,juodzbalis25_jades_blagn,"Table 2 (BH/Lbol/lambda_Edd), Table 5 (Mstar)",False,False,False,True,0.8904908367475832,-0.9082367697242087,inconsistent,30.0,1.2687509685057141,baseline,0.0,0.0,6.06,8.17,-2.1100000000000003,fedd2_spin_minus1_eps0p038_merger_boost_x2,2.0,0.037749551350623745,2.0,-56.665448825814444,2.1604845959782652e-57,light_seed_scale
GN11836_juodzbalis25,GN-11836,4.409,spec,JADES,broad-line-agn,robust,individual_robust,juodzbalis25_jades_blagn,"Table 2 (BH/Lbol/lambda_Edd), Table 5 (Mstar)",False,False,False,True,0.8904908367475832,-0.9082367697242087,inconsistent,30.0,1.2687509685057141,baseline,0.0,0.0,6.06,8.17,-2.1100000000000003,fedd2_spin_0_eps0p057_no_merger_boost,2.0,0.057190958417936644,1.0,-34.31146823135351,4.881258063501578e-35,light_seed_scale
GN11836_juodzbalis25,GN-11836,4.409,spec,JADES,broad-line-agn,robust,individual_robust,juodzbalis25_jades_blagn,"Table 2 (BH/Lbol/lambda_Edd), Table 5 (Mstar)",False,False,False,True,0.8904908367475832,-0.9082367697242087,inconsistent,30.0,1.2687509685057141,baseline,0.0,0.0,6.06,8.17,-2.1100000000000003,fedd2_spin_0_eps0p057_merger_boost_x2,2.0,0.057190958417936644,2.0,-34.61249822701749,2.440629031750789e-35,light_seed_scale
GN11836_juodzbalis25,GN-11836,4.409,spec,JADES,broad-line-agn,robust,individual_robust,juodzbalis25_jades_blagn,"Table 2 (BH/Lbol/lambda_Edd), Table 5 (Mstar)",False,False,False,True,0.8904908367475832,-0.9082367697242087,inconsistent,30.0,1.2687509685057141,baseline,0.0,0.0,6.06,8.17,-2.1100000000000003,fedd2_spin_plus1_eps0p423_no_merger_boost,2.0,0.42264973081037416,1.0,2.7146854772957996,518.4244520275685,intermediate_seed_scale
GN11836_juodzbalis25,GN-11836,4.409,spec,JADES,broad-line-agn,robust,individual_robust,juodzbalis25_jades_blagn,"Table 2 (BH/Lbol/lambda_Edd), Table 5 (Mstar)",False,False,False,True,0.8904908367475832,-0.9082367697242087,inconsistent,30.0,1.2687509685057141,baseline,0.0,0.0,6.06,8.17,-2.1100000000000003,fedd2_spin_plus1_eps0p423_merger_boost_x2,2.0,0.42264973081037416,2.0,2.4136554816318183,259.21222601378423,intermediate_seed_scale
GN11836_juodzbalis25,GN-11836,4.409,spec,JADES,broad-line-agn,robust,individual_robust,juodzbalis25_jades_blagn,"Table 2 (BH/Lbol/lambda_Edd), Table 5 (Mstar)",False,False,False,True,0.8904908367475832,-0.9082367697242087,inconsistent,30.0,1.2687509685057141,mbh_minus_0p3dex,-0.3,0.0,5.76,8.17,-2.41,fedd0p3_eps0p1_no_merger_boost,0.3,0.1,1.0,2.4539307328113718,284.4007470294367,intermediate_seed_scale
GN11836_juodzbalis25,GN-11836,4.409,spec,JADES,broad-line-agn,robust,individual_robust,juodzbalis25_jades_blagn,"Table 2 (BH/Lbol/lambda_Edd), Table 5 (Mstar)",False,False,False,True,0.8904908367475832,-0.9082367697242087,inconsistent,30.0,1.2687509685057141,mbh_minus_0p3dex,-0.3,0.0,5.76,8.17,-2.41,fedd0p3_eps0p1_merger_boost_x2,0.3,0.1,2.0,2.1529007371473905,142.20037351471834,intermediate_seed_scale
GN11836_juodzbalis25,GN-11836,4.409,spec,JADES,broad-line-agn,robust,individual_robust,juodzbalis25_jades_blagn,"Table 2 (BH/Lbol/lambda_Edd), Table 5 (Mstar)",False,False,False,True,0.8904908367475832,-0.9082367697242087,inconsistent,30.0,1.2687509685057141,mbh_minus_0p3dex,-0.3,0.0,5.76,8.17,-2.41,fedd0p3_spin_minus1_eps0p038_no_merger_boost,0.3,0.037749551350623745,1.0,-3.603662824522571,0.00024907903557345594,light_seed_scale
GN11836_juodzbalis25,GN-11836,4.409,spec,JADES,broad-line-agn,robust,individual_robust,juodzbalis25_jades_blagn,"Table 2 (BH/Lbol/lambda_Edd), Table 5 (Mstar)",False,False,False,True,0.8904908367475832,-0.9082367697242087,inconsistent,30.0,1.2687509685057141,mbh_minus_0p3dex,-0.3,0.0,5.76,8.17,-2.41,fedd0p3_spin_minus1_eps0p038_merger_boost_x2,0.3,0.037749551350623745,2.0,-3.9046928201865523,0.00012453951778672794,light_seed_scale
GN11836_juodzbalis25,GN-11836,4.409,spec,JADES,broad-line-agn,robust,individual_robust,juodzbalis25_jades_blagn,"Table 2 (BH/Lbol/lambda_Edd), Table 5 (Mstar)",False,False,False,True,0.8904908367475832,-0.9082367697242087,inconsistent,30.0,1.2687509685057141,mbh_minus_0p3dex,-0.3,0.0,5.76,8.17,-2.41,fedd0p3_spin_0_eps0p057_no_merger_boost,0.3,0.057190958417936644,1.0,-0.295720234703027,0.5061506108290145,light_seed_scale
GN11836_juodzbalis25,GN-11836,4.409,spec,JADES,broad-line-agn,robust,individual_robust,juodzbalis25_jades_blagn,"Table 2 (BH/Lbol/lambda_Edd), Table 5 (Mstar)",False,False,False,True,0.8904908367475832,-0.9082367697242087,inconsistent,30.0,1.2687509685057141,mbh_minus_0p3dex,-0.3,0.0,5.76,8.17,-2.41,fedd0p3_spin_0_eps0p057_merger_boost_x2,0.3,0.057190958417936644,2.0,-0.5967502303670082,0.2530753054145072,light_seed_scale
GN11836_juodzbalis25,GN-11836,4.409,spec,JADES,broad-line-agn,robust,individual_robust,juodzbalis25_jades_blagn,"Table 2 (BH/Lbol/lambda_Edd), Table 5 (Mstar)",False,False,False,True,0.8904908367475832,-0.9082367697242087,inconsistent,30.0,1.2687509685057141,mbh_minus_0p3dex,-0.3,0.0,5.76,8.17,-2.41,fedd0p3_spin_plus1_eps0p423_no_merger_boost,0.3,0.42264973081037416,1.0,5.25820282159437,181218.62113241618,heavy_seed_scale
GN11836_juodzbalis25,GN-11836,4.409,spec,JADES,broad-line-agn,robust,individual_robust,juodzbalis25_jades_blagn,"Table 2 (BH/Lbol/lambda_Edd), Table 5 (Mstar)",False,False,False,True,0.8904908367475832,-0.9082367697242087,inconsistent,30.0,1.2687509685057141,mbh_minus_0p3dex,-0.3,0.0,5.76,8.17,-2.41,fedd0p3_spin_plus1_eps0p423_merger_boost_x2,0.3,0.42264973081037416,2.0,4.957172825930389,90609.31056620808,heavy_seed_scale
GN11836_juodzbalis25,GN-11836,4.409,spec,JADES,broad-line-agn,robust,individual_robust,juodzbalis25_jades_blagn,"Table 2 (BH/Lbol/lambda_Edd), Table 5 (Mstar)",False,False,False,True,0.8904908367475832,-0.9082367697242087,inconsistent,30.0,1.2687509685057141,mbh_minus_0p3dex,-0.3,0.0,5.76,8.17,-2.41,fedd1_eps0p1_no_merger_boost,1.0,0.1,1.0,-5.26023089062876,5.492487906731559e-06,light_seed_scale
GN11836_juodzbalis25,GN-11836,4.409,spec,JADES,broad-line-agn,robust,individual_robust,juodzbalis25_jades_blagn,"Table 2 (BH/Lbol/lambda_Edd), Table 5 (Mstar)",False,False,False,True,0.8904908367475832,-0.9082367697242087,inconsistent,30.0,1.2687509685057141,mbh_minus_0p3dex,-0.3,0.0,5.76,8.17,-2.41,fedd1_eps0p1_merger_boost_x2,1.0,0.1,2.0,-5.561260886292741,2.746243953365779e-06,light_seed_scale
GN11836_juodzbalis25,GN-11836,4.409,spec,JADES,broad-line-agn,robust,individual_robust,juodzbalis25_jades_blagn,"Table 2 (BH/Lbol/lambda_Edd), Table 5 (Mstar)",False,False,False,True,0.8904908367475832,-0.9082367697242087,inconsistent,30.0,1.2687509685057141,mbh_minus_0p3dex,-0.3,0.0,5.76,8.17,-2.41,fedd1_spin_minus1_eps0p038_no_merger_boost,1.0,0.037749551350623745,1.0,-25.45220941507523,3.5301290732269514e-26,light_seed_scale
GN11836_juodzbalis25,GN-11836,4.409,spec,JADES,broad-line-agn,robust,individual_robust,juodzbalis25_jades_blagn,"Table 2 (BH/Lbol/lambda_Edd), Table 5 (Mstar)",False,False,False,True,0.8904908367475832,-0.9082367697242087,inconsistent,30.0,1.2687509685057141,mbh_minus_0p3dex,-0.3,0.0,5.76,8.17,-2.41,fedd1_spin_minus1_eps0p038_merger_boost_x2,1.0,0.037749551350623745,2.0,-25.753239410739212,1.7650645366134754e-26,light_seed_scale
GN11836_juodzbalis25,GN-11836,4.409,spec,JADES,broad-line-agn,robust,individual_robust,juodzbalis25_jades_blagn,"Table 2 (BH/Lbol/lambda_Edd), Table 5 (Mstar)",False,False,False,True,0.8904908367475832,-0.9082367697242087,inconsistent,30.0,1.2687509685057141,mbh_minus_0p3dex,-0.3,0.0,5.76,8.17,-2.41,fedd1_spin_0_eps0p057_no_merger_boost,1.0,0.057190958417936644,1.0,-14.425734115676756,3.752026389836462e-15,light_seed_scale
GN11836_juodzbalis25,GN-11836,4.409,spec,JADES,broad-line-agn,robust,individual_robust,juodzbalis25_jades_blagn,"Table 2 (BH/Lbol/lambda_Edd), Table 5 (Mstar)",False,False,False,True,0.8904908367475832,-0.9082367697242087,inconsistent,30.0,1.2687509685057141,mbh_minus_0p3dex,-0.3,0.0,5.76,8.17,-2.41,fedd1_spin_0_eps0p057_merger_boost_x2,1.0,0.057190958417936644,2.0,-14.726764111340737,1.8760131949182307e-15,light_seed_scale
GN11836_juodzbalis25,GN-11836,4.409,spec,JADES,broad-line-agn,robust,individual_robust,juodzbalis25_jades_blagn,"Table 2 (BH/Lbol/lambda_Edd), Table 5 (Mstar)",False,False,False,True,0.8904908367475832,-0.9082367697242087,inconsistent,30.0,1.2687509685057141,mbh_minus_0p3dex,-0.3,0.0,5.76,8.17,-2.41,fedd1_spin_plus1_eps0p423_no_merger_boost,1.0,0.42264973081037416,1.0,4.0873427386479,12227.642665856143,heavy_seed_scale
GN11836_juodzbalis25,GN-11836,4.409,spec,JADES,broad-line-agn,robust,individual_robust,juodzbalis25_jades_blagn,"Table 2 (BH/Lbol/lambda_Edd), Table 5 (Mstar)",False,False,False,True,0.8904908367475832,-0.9082367697242087,inconsistent,30.0,1.2687509685057141,mbh_minus_0p3dex,-0.3,0.0,5.76,8.17,-2.41,fedd1_spin_plus1_eps0p423_merger_boost_x2,1.0,0.42264973081037416,2.0,3.7863127429839185,6113.821332928071,intermediate_seed_scale
GN11836_juodzbalis25,GN-11836,4.409,spec,JADES,broad-line-agn,robust,individual_robust,juodzbalis25_jades_blagn,"Table 2 (BH/Lbol/lambda_Edd), Table 5 (Mstar)",False,False,False,True,0.8904908367475832,-0.9082367697242087,inconsistent,30.0,1.2687509685057141,mbh_minus_0p3dex,-0.3,0.0,5.76,8.17,-2.41,fedd2_eps0p1_no_merger_boost,2.0,0.1,1.0,-16.28046178125752,5.242497339547164e-17,light_seed_scale
GN11836_juodzbalis25,GN-11836,4.409,spec,JADES,broad-line-agn,robust,individual_robust,juodzbalis25_jades_blagn,"Table 2 (BH/Lbol/lambda_Edd), Table 5 (Mstar)",False,False,False,True,0.8904908367475832,-0.9082367697242087,inconsistent,30.0,1.2687509685057141,mbh_minus_0p3dex,-0.3,0.0,5.76,8.17,-2.41,fedd2_eps0p1_merger_boost_x2,2.0,0.1,2.0,-16.581491776921503,2.6212486697735812e-17,light_seed_scale
GN11836_juodzbalis25,GN-11836,4.409,spec,JADES,broad-line-agn,robust,individual_robust,juodzbalis25_jades_blagn,"Table 2 (BH/Lbol/lambda_Edd), Table 5 (Mstar)",False,False,False,True,0.8904908367475832,-0.9082367697242087,inconsistent,30.0,1.2687509685057141,mbh_minus_0p3dex,-0.3,0.0,5.76,8.17,-2.41,fedd2_spin_minus1_eps0p038_no_merger_boost,2.0,0.037749551350623745,1.0,-56.66441883015047,2.1656145959053426e-57,light_seed_scale
GN11836_juodzbalis25,GN-11836,4.409,spec,JADES,broad-line-agn,robust,individual_robust,juodzbalis25_jades_blagn,"Table 2 (BH/Lbol/lambda_Edd), Table 5 (Mstar)",False,False,False,True,0.8904908367475832,-0.9082367697242087,inconsistent,30.0,1.2687509685057141,mbh_minus_0p3dex,-0.3,0.0,5.76,8.17,-2.41,fedd2_spin_minus1_eps0p038_merger_boost_x2,2.0,0.037749551350623745,2.0,-56.96544882581445,1.0828072979526712e-57,light_seed_scale
GN11836_juodzbalis25,GN-11836,4.409,spec,JADES,broad-line-agn,robust,individual_robust,juodzbalis25_jades_blagn,"Table 2 (BH/Lbol/lambda_Edd), Table 5 (Mstar)",False,False,False,True,0.8904908367475832,-0.9082367697242087,inconsistent,30.0,1.2687509685057141,mbh_minus_0p3dex,-0.3,0.0,5.76,8.17,-2.41,fedd2_spin_0_eps0p057_no_merger_boost,2.0,0.057190958417936644,1.0,-34.61146823135351,2.446424225467148e-35,light_seed_scale
GN11836_juodzbalis25,GN-11836,4.409,spec,JADES,broad-line-agn,robust,individual_robust,juodzbalis25_jades_blagn,"Table 2 (BH/Lbol/lambda_Edd), Table 5 (Mstar)",False,False,False,True,0.8904908367475832,-0.9082367697242087,inconsistent,30.0,1.2687509685057141,mbh_minus_0p3dex,-0.3,0.0,5.76,8.17,-2.41,fedd2_spin_0_eps0p057_merger_boost_x2,2.0,0.057190958417936644,2.0,-34.912498227017494,1.223212112733574e-35,light_seed_scale
GN11836_juodzbalis25,GN-11836,4.409,spec,JADES,broad-line-agn,robust,individual_robust,juodzbalis25_jades_blagn,"Table 2 (BH/Lbol/lambda_Edd), Table 5 (Mstar)",False,False,False,True,0.8904908367475832,-0.9082367697242087,inconsistent,30.0,1.2687509685057141,mbh_minus_0p3dex,-0.3,0.0,5.76,8.17,-2.41,fedd2_spin_plus1_eps0p423_no_merger_boost,2.0,0.42264973081037416,1.0,2.4146854772957997,259.8277169564317,intermediate_seed_scale
GN11836_juodzbalis25,GN-11836,4.409,spec,JADES,broad-line-agn,robust,individual_robust,juodzbalis25_jades_blagn,"Table 2 (BH/Lbol/lambda_Edd), Table 5 (Mstar)",False,False,False,True,0.8904908367475832,-0.9082367697242087,inconsistent,30.0,1.2687509685057141,mbh_minus_0p3dex,-0.3,0.0,5.76,8.17,-2.41,fedd2_spin_plus1_eps0p423_merger_boost_x2,2.0,0.42264973081037416,2.0,2.1136554816318185,129.91385847821584,intermediate_seed_scale
GN11836_juodzbalis25,GN-11836,4.409,spec,JADES,broad-line-agn,robust,individual_robust,juodzbalis25_jades_blagn,"Table 2 (BH/Lbol/lambda_Edd), Table 5 (Mstar)",False,False,False,True,0.8904908367475832,-0.9082367697242087,inconsistent,30.0,1.2687509685057141,mbh_plus_0p3dex,0.3,0.0,6.359999999999999,8.17,-1.8100000000000005,fedd0p3_eps0p1_no_merger_boost,0.3,0.1,1.0,3.0539307328113714,1132.2197670318988,intermediate_seed_scale
GN11836_juodzbalis25,GN-11836,4.409,spec,JADES,broad-line-agn,robust,individual_robust,juodzbalis25_jades_blagn,"Table 2 (BH/Lbol/lambda_Edd), Table 5 (Mstar)",False,False,False,True,0.8904908367475832,-0.9082367697242087,inconsistent,30.0,1.2687509685057141,mbh_plus_0p3dex,0.3,0.0,6.359999999999999,8.17,-1.8100000000000005,fedd0p3_eps0p1_merger_boost_x2,0.3,0.1,2.0,2.75290073714739,566.1098835159494,intermediate_seed_scale
GN11836_juodzbalis25,GN-11836,4.409,spec,JADES,broad-line-agn,robust,individual_robust,juodzbalis25_jades_blagn,"Table 2 (BH/Lbol/lambda_Edd), Table 5 (Mstar)",False,False,False,True,0.8904908367475832,-0.9082367697242087,inconsistent,30.0,1.2687509685057141,mbh_plus_0p3dex,0.3,0.0,6.359999999999999,8.17,-1.8100000000000005,fedd0p3_spin_minus1_eps0p038_no_merger_boost,0.3,0.037749551350623745,1.0,-3.0036628245225714,0.0009916015009634235,light_seed_scale
GN11836_juodzbalis25,GN-11836,4.409,spec,JADES,broad-line-agn,robust,individual_robust,juodzbalis25_jades_blagn,"Table 2 (BH/Lbol/lambda_Edd), Table 5 (Mstar)",False,False,False,True,0.8904908367475832,-0.9082367697242087,inconsistent,30.0,1.2687509685057141,mbh_plus_0p3dex,0.3,0.0,6.359999999999999,8.17,-1.8100000000000005,fedd0p3_spin_minus1_eps0p038_merger_boost_x2,0.3,0.037749551350623745,2.0,-3.3046928201865526,0.0004958007504817116,light_seed_scale
GN11836_juodzbalis25,GN-11836,4.409,spec,JADES,broad-line-agn,robust,individual_robust,juodzbalis25_jades_blagn,"Table 2 (BH/Lbol/lambda_Edd), Table 5 (Mstar)",False,False,False,True,0.8904908367475832,-0.9082367697242087,inconsistent,30.0,1.2687509685057141,mbh_plus_0p3dex,0.3,0.0,6.359999999999999,8.17,-1.8100000000000005,fedd0p3_spin_0_eps0p057_no_merger_boost,0.3,0.057190958417936644,1.0,0.30427976529697265,2.015021875510631,light_seed_scale
GN11836_juodzbalis25,GN-11836,4.409,spec,JADES,broad-line-agn,robust,individual_robust,juodzbalis25_jades_blagn,"Table 2 (BH/Lbol/lambda_Edd), Table 5 (Mstar)",False,False,False,True,0.8904908367475832,-0.9082367697242087,inconsistent,30.0,1.2687509685057141,mbh_plus_0p3dex,0.3,0.0,6.359999999999999,8.17,-1.8100000000000005,fedd0p3_spin_0_eps0p057_merger_boost_x2,0.3,0.057190958417936644,2.0,0.003249769632991395,1.0075109377553155,light_seed_scale
GN11836_juodzbalis25,GN-11836,4.409,spec,JADES,broad-line-agn,robust,individual_robust,juodzbalis25_jades_blagn,"Table 2 (BH/Lbol/lambda_Edd), Table 5 (Mstar)",False,False,False,True,0.8904908367475832,-0.9082367697242087,inconsistent,30.0,1.2687509685057141,mbh_plus_0p3dex,0.3,0.0,6.359999999999999,8.17,-1.8100000000000005,fedd0p3_spin_plus1_eps0p423_no_merger_boost,0.3,0.42264973081037416,1.0,5.85820282159437,721444.3251063236,heavy_seed_scale
GN11836_juodzbalis25,GN-11836,4.409,spec,JADES,broad-line-agn,robust,individual_robust,juodzbalis25_jades_blagn,"Table 2 (BH/Lbol/lambda_Edd), Table 5 (Mstar)",False,False,False,True,0.8904908367475832,-0.9082367697242087,inconsistent,30.0,1.2687509685057141,mbh_plus_0p3dex,0.3,0.0,6.359999999999999,8.17,-1.8100000000000005,fedd0p3_spin_plus1_eps0p423_merger_boost_x2,0.3,0.42264973081037416,2.0,5.5571728259303885,360722.16255316173,heavy_seed_scale
GN11836_juodzbalis25,GN-11836,4.409,spec,JADES,broad-line-agn,robust,individual_robust,juodzbalis25_jades_blagn,"Table 2 (BH/Lbol/lambda_Edd), Table 5 (Mstar)",False,False,False,True,0.8904908367475832,-0.9082367697242087,inconsistent,30.0,1.2687509685057141,mbh_plus_0p3dex,0.3,0.0,6.359999999999999,8.17,-1.8100000000000005,fedd1_eps0p1_no_merger_boost,1.0,0.1,1.0,-4.66023089062876,2.1865988198482003e-05,light_seed_scale
GN11836_juodzbalis25,GN-11836,4.409,spec,JADES,broad-line-agn,robust,individual_robust,juodzbalis25_jades_blagn,"Table 2 (BH/Lbol/lambda_Edd), Table 5 (Mstar)",False,False,False,True,0.8904908367475832,-0.9082367697242087,inconsistent,30.0,1.2687509685057141,mbh_plus_0p3dex,0.3,0.0,6.359999999999999,8.17,-1.8100000000000005,fedd1_eps0p1_merger_boost_x2,1.0,0.1,2.0,-4.961260886292742,1.0932994099241e-05,light_seed_scale
GN11836_juodzbalis25,GN-11836,4.409,spec,JADES,broad-line-agn,robust,individual_robust,juodzbalis25_jades_blagn,"Table 2 (BH/Lbol/lambda_Edd), Table 5 (Mstar)",False,False,False,True,0.8904908367475832,-0.9082367697242087,inconsistent,30.0,1.2687509685057141,mbh_plus_0p3dex,0.3,0.0,6.359999999999999,8.17,-1.8100000000000005,fedd1_spin_minus1_eps0p038_no_merger_boost,1.0,0.037749551350623745,1.0,-24.852209415075233,1.4053696970310142e-25,light_seed_scale
GN11836_juodzbalis25,GN-11836,4.409,spec,JADES,broad-line-agn,robust,individual_robust,juodzbalis25_jades_blagn,"Table 2 (BH/Lbol/lambda_Edd), Table 5 (Mstar)",False,False,False,True,0.8904908367475832,-0.9082367697242087,inconsistent,30.0,1.2687509685057141,mbh_plus_0p3dex,0.3,0.0,6.359999999999999,8.17,-1.8100000000000005,fedd1_spin_minus1_eps0p038_merger_boost_x2,1.0,0.037749551350623745,2.0,-25.153239410739214,7.02684848515507e-26,light_seed_scale
GN11836_juodzbalis25,GN-11836,4.409,spec,JADES,broad-line-agn,robust,individual_robust,juodzbalis25_jades_blagn,"Table 2 (BH/Lbol/lambda_Edd), Table 5 (Mstar)",False,False,False,True,0.8904908367475832,-0.9082367697242087,inconsistent,30.0,1.2687509685057141,mbh_plus_0p3dex,0.3,0.0,6.359999999999999,8.17,-1.8100000000000005,fedd1_spin_0_eps0p057_no_merger_boost,1.0,0.057190958417936644,1.0,-13.825734115676756,1.4937086098998457e-14,light_seed_scale
GN11836_juodzbalis25,GN-11836,4.409,spec,JADES,broad-line-agn,robust,individual_robust,juodzbalis25_jades_blagn,"Table 2 (BH/Lbol/lambda_Edd), Table 5 (Mstar)",False,False,False,True,0.8904908367475832,-0.9082367697242087,inconsistent,30.0,1.2687509685057141,mbh_plus_0p3dex,0.3,0.0,6.359999999999999,8.17,-1.8100000000000005,fedd1_spin_0_eps0p057_merger_boost_x2,1.0,0.057190958417936644,2.0,-14.126764111340737,7.468543049499227e-15,light_seed_scale
GN11836_juodzbalis25,GN-11836,4.409,spec,JADES,broad-line-agn,robust,individual_robust,juodzbalis25_jades_blagn,"Table 2 (BH/Lbol/lambda_Edd), Table 5 (Mstar)",False,False,False,True,0.8904908367475832,-0.9082367697242087,inconsistent,30.0,1.2687509685057141,mbh_plus_0p3dex,0.3,0.0,6.359999999999999,8.17,-1.8100000000000005,fedd1_spin_plus1_eps0p423_no_merger_boost,1.0,0.42264973081037416,1.0,4.687342738647899,48679.12224243207,heavy_seed_scale
GN11836_juodzbalis25,GN-11836,4.409,spec,JADES,broad-line-agn,robust,individual_robust,juodzbalis25_jades_blagn,"Table 2 (BH/Lbol/lambda_Edd), Table 5 (Mstar)",False,False,False,True,0.8904908367475832,-0.9082367697242087,inconsistent,30.0,1.2687509685057141,mbh_plus_0p3dex,0.3,0.0,6.359999999999999,8.17,-1.8100000000000005,fedd1_spin_plus1_eps0p423_merger_boost_x2,1.0,0.42264973081037416,2.0,4.386312742983918,24339.561121216033,heavy_seed_scale
GN11836_juodzbalis25,GN-11836,4.409,spec,JADES,broad-line-agn,robust,individual_robust,juodzbalis25_jades_blagn,"Table 2 (BH/Lbol/lambda_Edd), Table 5 (Mstar)",False,False,False,True,0.8904908367475832,-0.9082367697242087,inconsistent,30.0,1.2687509685057141,mbh_plus_0p3dex,0.3,0.0,6.359999999999999,8.17,-1.8100000000000005,fedd2_eps0p1_no_merger_boost,2.0,0.1,1.0,-15.68046178125752,2.087075782481365e-16,light_seed_scale
GN11836_juodzbalis25,GN-11836,4.409,spec,JADES,broad-line-agn,robust,individual_robust,juodzbalis25_jades_blagn,"Table 2 (BH/Lbol/lambda_Edd), Table 5 (Mstar)",False,False,False,True,0.8904908367475832,-0.9082367697242087,inconsistent,30.0,1.2687509685057141,mbh_plus_0p3dex,0.3,0.0,6.359999999999999,8.17,-1.8100000000000005,fedd2_eps0p1_merger_boost_x2,2.0,0.1,2.0,-15.981491776921501,1.0435378912406823e-16,light_seed_scale
GN11836_juodzbalis25,GN-11836,4.409,spec,JADES,broad-line-agn,robust,individual_robust,juodzbalis25_jades_blagn,"Table 2 (BH/Lbol/lambda_Edd), Table 5 (Mstar)",False,False,False,True,0.8904908367475832,-0.9082367697242087,inconsistent,30.0,1.2687509685057141,mbh_plus_0p3dex,0.3,0.0,6.359999999999999,8.17,-1.8100000000000005,fedd2_spin_minus1_eps0p038_no_merger_boost,2.0,0.037749551350623745,1.0,-56.064418830150466,8.621466992852341e-57,light_seed_scale
GN11836_juodzbalis25,GN-11836,4.409,spec,JADES,broad-line-agn,robust,individual_robust,juodzbalis25_jades_blagn,"Table 2 (BH/Lbol/lambda_Edd), Table 5 (Mstar)",False,False,False,True,0.8904908367475832,-0.9082367697242087,inconsistent,30.0,1.2687509685057141,mbh_plus_0p3dex,0.3,0.0,6.359999999999999,8.17,-1.8100000000000005,fedd2_spin_minus1_eps0p038_merger_boost_x2,2.0,0.037749551350623745,2.0,-56.36544882581445,4.31073349642617e-57,light_seed_scale
GN11836_juodzbalis25,GN-11836,4.409,spec,JADES,broad-line-agn,robust,individual_robust,juodzbalis25_jades_blagn,"Table 2 (BH/Lbol/lambda_Edd), Table 5 (Mstar)",False,False,False,True,0.8904908367475832,-0.9082367697242087,inconsistent,30.0,1.2687509685057141,mbh_plus_0p3dex,0.3,0.0,6.359999999999999,8.17,-1.8100000000000005,fedd2_spin_0_eps0p057_no_merger_boost,2.0,0.057190958417936644,1.0,-34.01146823135351,9.739390263742605e-35,light_seed_scale
GN11836_juodzbalis25,GN-11836,4.409,spec,JADES,broad-line-agn,robust,individual_robust,juodzbalis25_jades_blagn,"Table 2 (BH/Lbol/lambda_Edd), Table 5 (Mstar)",False,False,False,True,0.8904908367475832,-0.9082367697242087,inconsistent,30.0,1.2687509685057141,mbh_plus_0p3dex,0.3,0.0,6.359999999999999,8.17,-1.8100000000000005,fedd2_spin_0_eps0p057_merger_boost_x2,2.0,0.057190958417936644,2.0,-34.31249822701749,4.869695131871302e-35,light_seed_scale
GN11836_juodzbalis25,GN-11836,4.409,spec,JADES,broad-line-agn,robust,individual_robust,juodzbalis25_jades_blagn,"Table 2 (BH/Lbol/lambda_Edd), Table 5 (Mstar)",False,False,False,True,0.8904908367475832,-0.9082367697242087,inconsistent,30.0,1.2687509685057141,mbh_plus_0p3dex,0.3,0.0,6.359999999999999,8.17,-1.8100000000000005,fedd2_spin_plus1_eps0p423_no_merger_boost,2.0,0.42264973081037416,1.0,3.0146854772957994,1034.3927722889987,intermediate_seed_scale
GN11836_juodzbalis25,GN-11836,4.409,spec,JADES,broad-line-agn,robust,individual_robust,juodzbalis25_jades_blagn,"Table 2 (BH/Lbol/lambda_Edd), Table 5 (Mstar)",False,False,False,True,0.8904908367475832,-0.9082367697242087,inconsistent,30.0,1.2687509685057141,mbh_plus_0p3dex,0.3,0.0,6.359999999999999,8.17,-1.8100000000000005,fedd2_spin_plus1_eps0p423_merger_boost_x2,2.0,0.42264973081037416,2.0,2.713655481631818,517.1963861444993,intermediate_seed_scale
GN11836_juodzbalis25,GN-11836,4.409,spec,JADES,broad-line-agn,robust,individual_robust,juodzbalis25_jades_blagn,"Table 2 (BH/Lbol/lambda_Edd), Table 5 (Mstar)",False,False,False,True,0.8904908367475832,-0.9082367697242087,inconsistent,30.0,1.2687509685057141,mstar_agn_20pct,0.0,0.2,6.06,8.073089986991944,-2.013089986991944,fedd0p3_eps0p1_no_merger_boost,0.3,0.1,1.0,2.7539307328113716,567.4540928968323,intermediate_seed_scale
GN11836_juodzbalis25,GN-11836,4.409,spec,JADES,broad-line-agn,robust,individual_robust,juodzbalis25_jades_blagn,"Table 2 (BH/Lbol/lambda_Edd), Table 5 (Mstar)",False,False,False,True,0.8904908367475832,-0.9082367697242087,inconsistent,30.0,1.2687509685057141,mstar_agn_20pct,0.0,0.2,6.06,8.073089986991944,-2.013089986991944,fedd0p3_eps0p1_merger_boost_x2,0.3,0.1,2.0,2.4529007371473903,283.7270464484161,intermediate_seed_scale
GN11836_juodzbalis25,GN-11836,4.409,spec,JADES,broad-line-agn,robust,individual_robust,juodzbalis25_jades_blagn,"Table 2 (BH/Lbol/lambda_Edd), Table 5 (Mstar)",False,False,False,True,0.8904908367475832,-0.9082367697242087,inconsistent,30.0,1.2687509685057141,mstar_agn_20pct,0.0,0.2,6.06,8.073089986991944,-2.013089986991944,fedd0p3_spin_minus1_eps0p038_no_merger_boost,0.3,0.037749551350623745,1.0,-3.303662824522571,0.0004969780131285094,light_seed_scale
GN11836_juodzbalis25,GN-11836,4.409,spec,JADES,broad-line-agn,robust,individual_robust,juodzbalis25_jades_blagn,"Table 2 (BH/Lbol/lambda_Edd), Table 5 (Mstar)",False,False,False,True,0.8904908367475832,-0.9082367697242087,inconsistent,30.0,1.2687509685057141,mstar_agn_20pct,0.0,0.2,6.06,8.073089986991944,-2.013089986991944,fedd0p3_spin_minus1_eps0p038_merger_boost_x2,0.3,0.037749551350623745,2.0,-3.6046928201865525,0.00024848900656425463,light_seed_scale
GN11836_juodzbalis25,GN-11836,4.409,spec,JADES,broad-line-agn,robust,individual_robust,juodzbalis25_jades_blagn,"Table 2 (BH/Lbol/lambda_Edd), Table 5 (Mstar)",False,False,False,True,0.8904908367475832,-0.9082367697242087,inconsistent,30.0,1.2687509685057141,mstar_agn_20pct,0.0,0.2,6.06,8.073089986991944,-2.013089986991944,fedd0p3_spin_0_eps0p057_no_merger_boost,0.3,0.057190958417936644,1.0,0.004279765296972826,1.0099032394856116,light_seed_scale
GN11836_juodzbalis25,GN-11836,4.409,spec,JADES,broad-line-agn,robust,individual_robust,juodzbalis25_jades_blagn,"Table 2 (BH/Lbol/lambda_Edd), Table 5 (Mstar)",False,False,False,True,0.8904908367475832,-0.9082367697242087,inconsistent,30.0,1.2687509685057141,mstar_agn_20pct,0.0,0.2,6.06,8.073089986991944,-2.013089986991944,fedd0p3_spin_0_eps0p057_merger_boost_x2,0.3,0.057190958417936644,2.0,-0.2967502303670084,0.5049516197428057,light_seed_scale
GN11836_juodzbalis25,GN-11836,4.409,spec,JADES,broad-line-agn,robust,individual_robust,juodzbalis25_jades_blagn,"Table 2 (BH/Lbol/lambda_Edd), Table 5 (Mstar)",False,False,False,True,0.8904908367475832,-0.9082367697242087,inconsistent,30.0,1.2687509685057141,mstar_agn_20pct,0.0,0.2,6.06,8.073089986991944,-2.013089986991944,fedd0p3_spin_plus1_eps0p423_no_merger_boost,0.3,0.42264973081037416,1.0,5.558202821594369,361578.68551613216,heavy_seed_scale
GN11836_juodzbalis25,GN-11836,4.409,spec,JADES,broad-line-agn,robust,individual_robust,juodzbalis25_jades_blagn,"Table 2 (BH/Lbol/lambda_Edd), Table 5 (Mstar)",False,False,False,True,0.8904908367475832,-0.9082367697242087,inconsistent,30.0,1.2687509685057141,mstar_agn_20pct,0.0,0.2,6.06,8.073089986991944,-2.013089986991944,fedd0p3_spin_plus1_eps0p423_merger_boost_x2,0.3,0.42264973081037416,2.0,5.257172825930388,180789.34275806605,heavy_seed_scale
GN11836_juodzbalis25,GN-11836,4.409,spec,JADES,broad-line-agn,robust,individual_robust,juodzbalis25_jades_blagn,"Table 2 (BH/Lbol/lambda_Edd), Table 5 (Mstar)",False,False,False,True,0.8904908367475832,-0.9082367697242087,inconsistent,30.0,1.2687509685057141,mstar_agn_20pct,0.0,0.2,6.06,8.073089986991944,-2.013089986991944,fedd1_eps0p1_no_merger_boost,1.0,0.1,1.0,-4.96023089062876,1.0958954135723783e-05,light_seed_scale
GN11836_juodzbalis25,GN-11836,4.409,spec,JADES,broad-line-agn,robust,individual_robust,juodzbalis25_jades_blagn,"Table 2 (BH/Lbol/lambda_Edd), Table 5 (Mstar)",False,False,False,True,0.8904908367475832,-0.9082367697242087,inconsistent,30.0,1.2687509685057141,mstar_agn_20pct,0.0,0.2,6.06,8.073089986991944,-2.013089986991944,fedd1_eps0p1_merger_boost_x2,1.0,0.1,2.0,-5.2612608862927415,5.4794770678618905e-06,light_seed_scale
GN11836_juodzbalis25,GN-11836,4.409,spec,JADES,broad-line-agn,robust,individual_robust,juodzbalis25_jades_blagn,"Table 2 (BH/Lbol/lambda_Edd), Table 5 (Mstar)",False,False,False,True,0.8904908367475832,-0.9082367697242087,inconsistent,30.0,1.2687509685057141,mstar_agn_20pct,0.0,0.2,6.06,8.073089986991944,-2.013089986991944,fedd1_spin_minus1_eps0p038_no_merger_boost,1.0,0.037749551350623745,1.0,-25.152209415075234,7.043533506785706e-26,light_seed_scale
GN11836_juodzbalis25,GN-11836,4.409,spec,JADES,broad-line-agn,robust,individual_robust,juodzbalis25_jades_blagn,"Table 2 (BH/Lbol/lambda_Edd), Table 5 (Mstar)",False,False,False,True,0.8904908367475832,-0.9082367697242087,inconsistent,30.0,1.2687509685057141,mstar_agn_20pct,0.0,0.2,6.06,8.073089986991944,-2.013089986991944,fedd1_spin_minus1_eps0p038_merger_boost_x2,1.0,0.037749551350623745,2.0,-25.453239410739215,3.5217667533928526e-26,light_seed_scale
GN11836_juodzbalis25,GN-11836,4.409,spec,JADES,broad-line-agn,robust,individual_robust,juodzbalis25_jades_blagn,"Table 2 (BH/Lbol/lambda_Edd), Table 5 (Mstar)",False,False,False,True,0.8904908367475832,-0.9082367697242087,inconsistent,30.0,1.2687509685057141,mstar_agn_20pct,0.0,0.2,6.06,8.073089986991944,-2.013089986991944,fedd1_spin_0_eps0p057_no_merger_boost,1.0,0.057190958417936644,1.0,-14.125734115676757,7.486276860409409e-15,light_seed_scale
GN11836_juodzbalis25,GN-11836,4.409,spec,JADES,broad-line-agn,robust,individual_robust,juodzbalis25_jades_blagn,"Table 2 (BH/Lbol/lambda_Edd), Table 5 (Mstar)",False,False,False,True,0.8904908367475832,-0.9082367697242087,inconsistent,30.0,1.2687509685057141,mstar_agn_20pct,0.0,0.2,6.06,8.073089986991944,-2.013089986991944,fedd1_spin_0_eps0p057_merger_boost_x2,1.0,0.057190958417936644,2.0,-14.426764111340738,3.743138430204704e-15,light_seed_scale
GN11836_juodzbalis25,GN-11836,4.409,spec,JADES,broad-line-agn,robust,individual_robust,juodzbalis25_jades_blagn,"Table 2 (BH/Lbol/lambda_Edd), Table 5 (Mstar)",False,False,False,True,0.8904908367475832,-0.9082367697242087,inconsistent,30.0,1.2687509685057141,mstar_agn_20pct,0.0,0.2,6.06,8.073089986991944,-2.013089986991944,fedd1_spin_plus1_eps0p423_no_merger_boost,1.0,0.42264973081037416,1.0,4.3873427386479,24397.354612088362,heavy_seed_scale
GN11836_juodzbalis25,GN-11836,4.409,spec,JADES,broad-line-agn,robust,individual_robust,juodzbalis25_jades_blagn,"Table 2 (BH/Lbol/lambda_Edd), Table 5 (Mstar)",False,False,False,True,0.8904908367475832,-0.9082367697242087,inconsistent,30.0,1.2687509685057141,mstar_agn_20pct,0.0,0.2,6.06,8.073089986991944,-2.013089986991944,fedd1_spin_plus1_eps0p423_merger_boost_x2,1.0,0.42264973081037416,2.0,4.086312742983918,12198.67730604418,heavy_seed_scale
GN11836_juodzbalis25,GN-11836,4.409,spec,JADES,broad-line-agn,robust,individual_robust,juodzbalis25_jades_blagn,"Table 2 (BH/Lbol/lambda_Edd), Table 5 (Mstar)",False,False,False,True,0.8904908367475832,-0.9082367697242087,inconsistent,30.0,1.2687509685057141,mstar_agn_20pct,0.0,0.2,6.06,8.073089986991944,-2.013089986991944,fedd2_eps0p1_no_merger_boost,2.0,0.1,1.0,-15.980461781257521,1.0460157377923082e-16,light_seed_scale
GN11836_juodzbalis25,GN-11836,4.409,spec,JADES,broad-line-agn,robust,individual_robust,juodzbalis25_jades_blagn,"Table 2 (BH/Lbol/lambda_Edd), Table 5 (Mstar)",False,False,False,True,0.8904908367475832,-0.9082367697242087,inconsistent,30.0,1.2687509685057141,mstar_agn_20pct,0.0,0.2,6.06,8.073089986991944,-2.013089986991944,fedd2_eps0p1_merger_boost_x2,2.0,0.1,2.0,-16.281491776921502,5.2300786889615405e-17,light_seed_scale
GN11836_juodzbalis25,GN-11836,4.409,spec,JADES,broad-line-agn,robust,individual_robust,juodzbalis25_jades_blagn,"Table 2 (BH/Lbol/lambda_Edd), Table 5 (Mstar)",False,False,False,True,0.8904908367475832,-0.9082367697242087,inconsistent,30.0,1.2687509685057141,mstar_agn_20pct,0.0,0.2,6.06,8.073089986991944,-2.013089986991944,fedd2_spin_minus1_eps0p038_no_merger_boost,2.0,0.037749551350623745,1.0,-56.36441883015046,4.320969191956531e-57,light_seed_scale
GN11836_juodzbalis25,GN-11836,4.409,spec,JADES,broad-line-agn,robust,individual_robust,juodzbalis25_jades_blagn,"Table 2 (BH/Lbol/lambda_Edd), Table 5 (Mstar)",False,False,False,True,0.8904908367475832,-0.9082367697242087,inconsistent,30.0,1.2687509685057141,mstar_agn_20pct,0.0,0.2,6.06,8.073089986991944,-2.013089986991944,fedd2_spin_minus1_eps0p038_merger_boost_x2,2.0,0.037749551350623745,2.0,-56.665448825814444,2.1604845959782652e-57,light_seed_scale
GN11836_juodzbalis25,GN-11836,4.409,spec,JADES,broad-line-agn,robust,individual_robust,juodzbalis25_jades_blagn,"Table 2 (BH/Lbol/lambda_Edd), Table 5 (Mstar)",False,False,False,True,0.8904908367475832,-0.9082367697242087,inconsistent,30.0,1.2687509685057141,mstar_agn_20pct,0.0,0.2,6.06,8.073089986991944,-2.013089986991944,fedd2_spin_0_eps0p057_no_merger_boost,2.0,0.057190958417936644,1.0,-34.31146823135351,4.881258063501578e-35,light_seed_scale
GN11836_juodzbalis25,GN-11836,4.409,spec,JADES,broad-line-agn,robust,individual_robust,juodzbalis25_jades_blagn,"Table 2 (BH/Lbol/lambda_Edd), Table 5 (Mstar)",False,False,False,True,0.8904908367475832,-0.9082367697242087,inconsistent,30.0,1.2687509685057141,mstar_agn_20pct,0.0,0.2,6.06,8.073089986991944,-2.013089986991944,fedd2_spin_0_eps0p057_merger_boost_x2,2.0,0.057190958417936644,2.0,-34.61249822701749,2.440629031750789e-35,light_seed_scale
GN11836_juodzbalis25,GN-11836,4.409,spec,JADES,broad-line-agn,robust,individual_robust,juodzbalis25_jades_blagn,"Table 2 (BH/Lbol/lambda_Edd), Table 5 (Mstar)",False,False,False,True,0.8904908367475832,-0.9082367697242087,inconsistent,30.0,1.2687509685057141,mstar_agn_20pct,0.0,0.2,6.06,8.073089986991944,-2.013089986991944,fedd2_spin_plus1_eps0p423_no_merger_boost,2.0,0.42264973081037416,1.0,2.7146854772957996,518.4244520275685,intermediate_seed_scale
GN11836_juodzbalis25,GN-11836,4.409,spec,JADES,broad-line-agn,robust,individual_robust,juodzbalis25_jades_blagn,"Table 2 (BH/Lbol/lambda_Edd), Table 5 (Mstar)",False,False,False,True,0.8904908367475832,-0.9082367697242087,inconsistent,30.0,1.2687509685057141,mstar_agn_20pct,0.0,0.2,6.06,8.073089986991944,-2.013089986991944,fedd2_spin_plus1_eps0p423_merger_boost_x2,2.0,0.42264973081037416,2.0,2.4136554816318183,259.21222601378423,intermediate_seed_scale
GS8083_juodzbalis25,GS-8083,4.753,spec,JADES,broad-line-agn,robust,individual_robust,juodzbalis25_jades_blagn,"Table 2 (BH/Lbol/lambda_Edd), Table 5 (Mstar)",False,False,False,True,0.0675506379525694,0.0154685851318205,consistent,30.0,1.1483179787366118,baseline,0.0,0.0,7.1,8.27,-1.17,fedd0p3_eps0p1_no_merger_boost,0.3,0.1,1.0,4.107751030186363,12815.956663152641,heavy_seed_scale
GS8083_juodzbalis25,GS-8083,4.753,spec,JADES,broad-line-agn,robust,individual_robust,juodzbalis25_jades_blagn,"Table 2 (BH/Lbol/lambda_Edd), Table 5 (Mstar)",False,False,False,True,0.0675506379525694,0.0154685851318205,consistent,30.0,1.1483179787366118,baseline,0.0,0.0,7.1,8.27,-1.17,fedd0p3_eps0p1_merger_boost_x2,0.3,0.1,2.0,3.806721034522382,6407.97833157632,intermediate_seed_scale
GS8083_juodzbalis25,GS-8083,4.753,spec,JADES,broad-line-agn,robust,individual_robust,juodzbalis25_jades_blagn,"Table 2 (BH/Lbol/lambda_Edd), Table 5 (Mstar)",False,False,False,True,0.0675506379525694,0.0154685851318205,consistent,30.0,1.1483179787366118,baseline,0.0,0.0,7.1,8.27,-1.17,fedd0p3_spin_minus1_eps0p038_no_merger_boost,0.3,0.037749551350623745,1.0,-1.3748407174740898,0.04218511938656514,light_seed_scale
GS8083_juodzbalis25,GS-8083,4.753,spec,JADES,broad-line-agn,robust,individual_robust,juodzbalis25_jades_blagn,"Table 2 (BH/Lbol/lambda_Edd), Table 5 (Mstar)",False,False,False,True,0.0675506379525694,0.0154685851318205,consistent,30.0,1.1483179787366118,baseline,0.0,0.0,7.1,8.27,-1.17,fedd0p3_spin_minus1_eps0p038_merger_boost_x2,0.3,0.037749551350623745,2.0,-1.675870713138071,0.021092559693282567,light_seed_scale
GS8083_juodzbalis25,GS-8083,4.753,spec,JADES,broad-line-agn,robust,individual_robust,juodzbalis25_jades_blagn,"Table 2 (BH/Lbol/lambda_Edd), Table 5 (Mstar)",False,False,False,True,0.0675506379525694,0.0154685851318205,consistent,30.0,1.1483179787366118,baseline,0.0,0.0,7.1,8.27,-1.17,fedd0p3_spin_0_eps0p057_no_merger_boost,0.3,0.057190958417936644,1.0,1.619103754538524,41.60099849284818,light_seed_scale
GS8083_juodzbalis25,GS-8083,4.753,spec,JADES,broad-line-agn,robust,individual_robust,juodzbalis25_jades_blagn,"Table 2 (BH/Lbol/lambda_Edd), Table 5 (Mstar)",False,False,False,True,0.0675506379525694,0.0154685851318205,consistent,30.0,1.1483179787366118,baseline,0.0,0.0,7.1,8.27,-1.17,fedd0p3_spin_0_eps0p057_merger_boost_x2,0.3,0.057190958417936644,2.0,1.3180737588745428,20.800499246424085,light_seed_scale
GS8083_juodzbalis25,GS-8083,4.753,spec,JADES,broad-line-agn,robust,individual_robust,juodzbalis25_jades_blagn,"Table 2 (BH/Lbol/lambda_Edd), Table 5 (Mstar)",False,False,False,True,0.0675506379525694,0.0154685851318205,consistent,30.0,1.1483179787366118,baseline,0.0,0.0,7.1,8.27,-1.17,fedd0p3_spin_plus1_eps0p423_no_merger_boost,0.3,0.42264973081037416,1.0,6.645834654754084,4424199.015265761,above_heavy_seed_scale
GS8083_juodzbalis25,GS-8083,4.753,spec,JADES,broad-line-agn,robust,individual_robust,juodzbalis25_jades_blagn,"Table 2 (BH/Lbol/lambda_Edd), Table 5 (Mstar)",False,False,False,True,0.0675506379525694,0.0154685851318205,consistent,30.0,1.1483179787366118,baseline,0.0,0.0,7.1,8.27,-1.17,fedd0p3_spin_plus1_eps0p423_merger_boost_x2,0.3,0.42264973081037416,2.0,6.344804659090102,2212099.5076328805,above_heavy_seed_scale
GS8083_juodzbalis25,GS-8083,4.753,spec,JADES,broad-line-agn,robust,individual_robust,juodzbalis25_jades_blagn,"Table 2 (BH/Lbol/lambda_Edd), Table 5 (Mstar)",False,False,False,True,0.0675506379525694,0.0154685851318205,consistent,30.0,1.1483179787366118,baseline,0.0,0.0,7.1,8.27,-1.17,fedd1_eps0p1_no_merger_boost,1.0,0.1,1.0,-2.8741632327121227,0.0013360932418828885,light_seed_scale
GS8083_juodzbalis25,GS-8083,4.753,spec,JADES,broad-line-agn,robust,individual_robust,juodzbalis25_jades_blagn,"Table 2 (BH/Lbol/lambda_Edd), Table 5 (Mstar)",False,False,False,True,0.0675506379525694,0.0154685851318205,consistent,30.0,1.1483179787366118,baseline,0.0,0.0,7.1,8.27,-1.17,fedd1_eps0p1_merger_boost_x2,1.0,0.1,2.0,-3.175193228376104,0.0006680466209414441,light_seed_scale
GS8083_juodzbalis25,GS-8083,4.753,spec,JADES,broad-line-agn,robust,individual_robust,juodzbalis25_jades_blagn,"Table 2 (BH/Lbol/lambda_Edd), Table 5 (Mstar)",False,False,False,True,0.0675506379525694,0.0154685851318205,consistent,30.0,1.1483179787366118,baseline,0.0,0.0,7.1,8.27,-1.17,fedd1_spin_minus1_eps0p038_no_merger_boost,1.0,0.037749551350623745,1.0,-21.149469058246964,7.088118046717718e-22,light_seed_scale
GS8083_juodzbalis25,GS-8083,4.753,spec,JADES,broad-line-agn,robust,individual_robust,juodzbalis25_jades_blagn,"Table 2 (BH/Lbol/lambda_Edd), Table 5 (Mstar)",False,False,False,True,0.0675506379525694,0.0154685851318205,consistent,30.0,1.1483179787366118,baseline,0.0,0.0,7.1,8.27,-1.17,fedd1_spin_minus1_eps0p038_merger_boost_x2,1.0,0.037749551350623745,2.0,-21.450499053910946,3.544059023358858e-22,light_seed_scale
GS8083_juodzbalis25,GS-8083,4.753,spec,JADES,broad-line-agn,robust,individual_robust,juodzbalis25_jades_blagn,"Table 2 (BH/Lbol/lambda_Edd), Table 5 (Mstar)",False,False,False,True,0.0675506379525694,0.0154685851318205,consistent,30.0,1.1483179787366118,baseline,0.0,0.0,7.1,8.27,-1.17,fedd1_spin_0_eps0p057_no_merger_boost,1.0,0.057190958417936644,1.0,-11.169654151538255,6.76621585466872e-12,light_seed_scale
GS8083_juodzbalis25,GS-8083,4.753,spec,JADES,broad-line-agn,robust,individual_robust,juodzbalis25_jades_blagn,"Table 2 (BH/Lbol/lambda_Edd), Table 5 (Mstar)",False,False,False,True,0.0675506379525694,0.0154685851318205,consistent,30.0,1.1483179787366118,baseline,0.0,0.0,7.1,8.27,-1.17,fedd1_spin_0_eps0p057_merger_boost_x2,1.0,0.057190958417936644,2.0,-11.470684147202237,3.383107927334359e-12,light_seed_scale
GS8083_juodzbalis25,GS-8083,4.753,spec,JADES,broad-line-agn,robust,individual_robust,juodzbalis25_jades_blagn,"Table 2 (BH/Lbol/lambda_Edd), Table 5 (Mstar)",False,False,False,True,0.0675506379525694,0.0154685851318205,consistent,30.0,1.1483179787366118,baseline,0.0,0.0,7.1,8.27,-1.17,fedd1_spin_plus1_eps0p423_no_merger_boost,1.0,0.42264973081037416,1.0,5.586115515846946,385580.90278976416,heavy_seed_scale
GS8083_juodzbalis25,GS-8083,4.753,spec,JADES,broad-line-agn,robust,individual_robust,juodzbalis25_jades_blagn,"Table 2 (BH/Lbol/lambda_Edd), Table 5 (Mstar)",False,False,False,True,0.0675506379525694,0.0154685851318205,consistent,30.0,1.1483179787366118,baseline,0.0,0.0,7.1,8.27,-1.17,fedd1_spin_plus1_eps0p423_merger_boost_x2,1.0,0.42264973081037416,2.0,5.285085520182965,192790.45139488205,heavy_seed_scale
GS8083_juodzbalis25,GS-8083,4.753,spec,JADES,broad-line-agn,robust,individual_robust,juodzbalis25_jades_blagn,"Table 2 (BH/Lbol/lambda_Edd), Table 5 (Mstar)",False,False,False,True,0.0675506379525694,0.0154685851318205,consistent,30.0,1.1483179787366118,baseline,0.0,0.0,7.1,8.27,-1.17,fedd2_eps0p1_no_merger_boost,2.0,0.1,1.0,-12.848326465424245,1.4179911965245146e-13,light_seed_scale
GS8083_juodzbalis25,GS-8083,4.753,spec,JADES,broad-line-agn,robust,individual_robust,juodzbalis25_jades_blagn,"Table 2 (BH/Lbol/lambda_Edd), Table 5 (Mstar)",False,False,False,True,0.0675506379525694,0.0154685851318205,consistent,30.0,1.1483179787366118,baseline,0.0,0.0,7.1,8.27,-1.17,fedd2_eps0p1_merger_boost_x2,2.0,0.1,2.0,-13.149356461088226,7.089955982622572e-14,light_seed_scale
GS8083_juodzbalis25,GS-8083,4.753,spec,JADES,broad-line-agn,robust,individual_robust,juodzbalis25_jades_blagn,"Table 2 (BH/Lbol/lambda_Edd), Table 5 (Mstar)",False,False,False,True,0.0675506379525694,0.0154685851318205,consistent,30.0,1.1483179787366118,baseline,0.0,0.0,7.1,8.27,-1.17,fedd2_spin_minus1_eps0p038_no_merger_boost,2.0,0.037749551350623745,1.0,-49.39893811649392,3.9908176428501915e-50,light_seed_scale
GS8083_juodzbalis25,GS-8083,4.753,spec,JADES,broad-line-agn,robust,individual_robust,juodzbalis25_jades_blagn,"Table 2 (BH/Lbol/lambda_Edd), Table 5 (Mstar)",False,False,False,True,0.0675506379525694,0.0154685851318205,consistent,30.0,1.1483179787366118,baseline,0.0,0.0,7.1,8.27,-1.17,fedd2_spin_minus1_eps0p038_merger_boost_x2,2.0,0.037749551350623745,2.0,-49.699968112157904,1.9954088214250955e-50,light_seed_scale
GS8083_juodzbalis25,GS-8083,4.753,spec,JADES,broad-line-agn,robust,individual_robust,juodzbalis25_jades_blagn,"Table 2 (BH/Lbol/lambda_Edd), Table 5 (Mstar)",False,False,False,True,0.0675506379525694,0.0154685851318205,consistent,30.0,1.1483179787366118,baseline,0.0,0.0,7.1,8.27,-1.17,fedd2_spin_0_eps0p057_no_merger_boost,2.0,0.057190958417936644,1.0,-29.43930830307651,3.636567866774924e-30,light_seed_scale
GS8083_juodzbalis25,GS-8083,4.753,spec,JADES,broad-line-agn,robust,individual_robust,juodzbalis25_jades_blagn,"Table 2 (BH/Lbol/lambda_Edd), Table 5 (Mstar)",False,False,False,True,0.0675506379525694,0.0154685851318205,consistent,30.0,1.1483179787366118,baseline,0.0,0.0,7.1,8.27,-1.17,fedd2_spin_0_eps0p057_merger_boost_x2,2.0,0.057190958417936644,2.0,-29.74033829874049,1.8182839333874617e-30,light_seed_scale
GS8083_juodzbalis25,GS-8083,4.753,spec,JADES,broad-line-agn,robust,individual_robust,juodzbalis25_jades_blagn,"Table 2 (BH/Lbol/lambda_Edd), Table 5 (Mstar)",False,False,False,True,0.0675506379525694,0.0154685851318205,consistent,30.0,1.1483179787366118,baseline,0.0,0.0,7.1,8.27,-1.17,fedd2_spin_plus1_eps0p423_no_merger_boost,2.0,0.42264973081037416,1.0,4.072231031693892,11809.486980192714,heavy_seed_scale
GS8083_juodzbalis25,GS-8083,4.753,spec,JADES,broad-line-agn,robust,individual_robust,juodzbalis25_jades_blagn,"Table 2 (BH/Lbol/lambda_Edd), Table 5 (Mstar)",False,False,False,True,0.0675506379525694,0.0154685851318205,consistent,30.0,1.1483179787366118,baseline,0.0,0.0,7.1,8.27,-1.17,fedd2_spin_plus1_eps0p423_merger_boost_x2,2.0,0.42264973081037416,2.0,3.771201036029911,5904.743490096356,intermediate_seed_scale
GS8083_juodzbalis25,GS-8083,4.753,spec,JADES,broad-line-agn,robust,individual_robust,juodzbalis25_jades_blagn,"Table 2 (BH/Lbol/lambda_Edd), Table 5 (Mstar)",False,False,False,True,0.0675506379525694,0.0154685851318205,consistent,30.0,1.1483179787366118,mbh_minus_0p3dex,-0.3,0.0,6.8,8.27,-1.4699999999999998,fedd0p3_eps0p1_no_merger_boost,0.3,0.1,1.0,3.8077510301863633,6423.193866292482,intermediate_seed_scale
GS8083_juodzbalis25,GS-8083,4.753,spec,JADES,broad-line-agn,robust,individual_robust,juodzbalis25_jades_blagn,"Table 2 (BH/Lbol/lambda_Edd), Table 5 (Mstar)",False,False,False,True,0.0675506379525694,0.0154685851318205,consistent,30.0,1.1483179787366118,mbh_minus_0p3dex,-0.3,0.0,6.8,8.27,-1.4699999999999998,fedd0p3_eps0p1_merger_boost_x2,0.3,0.1,2.0,3.506721034522382,3211.5969331462406,intermediate_seed_scale
GS8083_juodzbalis25,GS-8083,4.753,spec,JADES,broad-line-agn,robust,individual_robust,juodzbalis25_jades_blagn,"Table 2 (BH/Lbol/lambda_Edd), Table 5 (Mstar)",False,False,False,True,0.0675506379525694,0.0154685851318205,consistent,30.0,1.1483179787366118,mbh_minus_0p3dex,-0.3,0.0,6.8,8.27,-1.4699999999999998,fedd0p3_spin_minus1_eps0p038_no_merger_boost,0.3,0.037749551350623745,1.0,-1.6748407174740896,0.021142643285588805,light_seed_scale
GS8083_juodzbalis25,GS-8083,4.753,spec,JADES,broad-line-agn,robust,individual_robust,juodzbalis25_jades_blagn,"Table 2 (BH/Lbol/lambda_Edd), Table 5 (Mstar)",False,False,False,True,0.0675506379525694,0.0154685851318205,consistent,30.0,1.1483179787366118,mbh_minus_0p3dex,-0.3,0.0,6.8,8.27,-1.4699999999999998,fedd0p3_spin_minus1_eps0p038_merger_boost_x2,0.3,0.037749551350623745,2.0,-1.9758707131380708,0.010571321642794401,light_seed_scale
GS8083_juodzbalis25,GS-8083,4.753,spec,JADES,broad-line-agn,robust,individual_robust,juodzbalis25_jades_blagn,"Table 2 (BH/Lbol/lambda_Edd), Table 5 (Mstar)",False,False,False,True,0.0675506379525694,0.0154685851318205,consistent,30.0,1.1483179787366118,mbh_minus_0p3dex,-0.3,0.0,6.8,8.27,-1.4699999999999998,fedd0p3_spin_0_eps0p057_no_merger_boost,0.3,0.057190958417936644,1.0,1.3191037545385242,20.84988935076291,light_seed_scale
GS8083_juodzbalis25,GS-8083,4.753,spec,JADES,broad-line-agn,robust,individual_robust,juodzbalis25_jades_blagn,"Table 2 (BH/Lbol/lambda_Edd), Table 5 (Mstar)",False,False,False,True,0.0675506379525694,0.0154685851318205,consistent,30.0,1.1483179787366118,mbh_minus_0p3dex,-0.3,0.0,6.8,8.27,-1.4699999999999998,fedd0p3_spin_0_eps0p057_merger_boost_x2,0.3,0.057190958417936644,2.0,1.018073758874543,10.424944675381454,light_seed_scale
GS8083_juodzbalis25,GS-8083,4.753,spec,JADES,broad-line-agn,robust,individual_robust,juodzbalis25_jades_blagn,"Table 2 (BH/Lbol/lambda_Edd), Table 5 (Mstar)",False,False,False,True,0.0675506379525694,0.0154685851318205,consistent,30.0,1.1483179787366118,mbh_minus_0p3dex,-0.3,0.0,6.8,8.27,-1.4699999999999998,fedd0p3_spin_plus1_eps0p423_no_merger_boost,0.3,0.42264973081037416,1.0,6.345834654754084,2217352.06547755,above_heavy_seed_scale
GS8083_juodzbalis25,GS-8083,4.753,spec,JADES,broad-line-agn,robust,individual_robust,juodzbalis25_jades_blagn,"Table 2 (BH/Lbol/lambda_Edd), Table 5 (Mstar)",False,False,False,True,0.0675506379525694,0.0154685851318205,consistent,30.0,1.1483179787366118,mbh_minus_0p3dex,-0.3,0.0,6.8,8.27,-1.4699999999999998,fedd0p3_spin_plus1_eps0p423_merger_boost_x2,0.3,0.42264973081037416,2.0,6.044804659090103,1108676.0327387748,above_heavy_seed_scale
GS8083_juodzbalis25,GS-8083,4.753,spec,JADES,broad-line-agn,robust,individual_robust,juodzbalis25_jades_blagn,"Table 2 (BH/Lbol/lambda_Edd), Table 5 (Mstar)",False,False,False,True,0.0675506379525694,0.0154685851318205,consistent,30.0,1.1483179787366118,mbh_minus_0p3dex,-0.3,0.0,6.8,8.27,-1.4699999999999998,fedd1_eps0p1_no_merger_boost,1.0,0.1,1.0,-3.1741632327121225,0.0006696328757673792,light_seed_scale
GS8083_juodzbalis25,GS-8083,4.753,spec,JADES,broad-line-agn,robust,individual_robust,juodzbalis25_jades_blagn,"Table 2 (BH/Lbol/lambda_Edd), Table 5 (Mstar)",False,False,False,True,0.0675506379525694,0.0154685851318205,consistent,30.0,1.1483179787366118,mbh_minus_0p3dex,-0.3,0.0,6.8,8.27,-1.4699999999999998,fedd1_eps0p1_merger_boost_x2,1.0,0.1,2.0,-3.475193228376104,0.00033481643788368953,light_seed_scale
GS8083_juodzbalis25,GS-8083,4.753,spec,JADES,broad-line-agn,robust,individual_robust,juodzbalis25_jades_blagn,"Table 2 (BH/Lbol/lambda_Edd), Table 5 (Mstar)",False,False,False,True,0.0675506379525694,0.0154685851318205,consistent,30.0,1.1483179787366118,mbh_minus_0p3dex,-0.3,0.0,6.8,8.27,-1.4699999999999998,fedd1_spin_minus1_eps0p038_no_merger_boost,1.0,0.037749551350623745,1.0,-21.44946905824696,3.552474275458021e-22,light_seed_scale
GS8083_juodzbalis25,GS-8083,4.753,spec,JADES,broad-line-agn,robust,individual_robust,juodzbalis25_jades_blagn,"Table 2 (BH/Lbol/lambda_Edd), Table 5 (Mstar)",False,False,False,True,0.0675506379525694,0.0154685851318205,consistent,30.0,1.1483179787366118,mbh_minus_0p3dex,-0.3,0.0,6.8,8.27,-1.4699999999999998,fedd1_spin_minus1_eps0p038_merger_boost_x2,1.0,0.037749551350623745,2.0,-21.750499053910943,1.7762371377290102e-22,light_seed_scale
GS8083_juodzbalis25,GS-8083,4.753,spec,JADES,broad-line-agn,robust,individual_robust,juodzbalis25_jades_blagn,"Table 2 (BH/Lbol/lambda_Edd), Table 5 (Mstar)",False,False,False,True,0.0675506379525694,0.0154685851318205,consistent,30.0,1.1483179787366118,mbh_minus_0p3dex,-0.3,0.0,6.8,8.27,-1.4699999999999998,fedd1_spin_0_eps0p057_no_merger_boost,1.0,0.057190958417936644,1.0,-11.469654151538254,3.3911410063264136e-12,light_seed_scale
GS8083_juodzbalis25,GS-8083,4.753,spec,JADES,broad-line-agn,robust,individual_robust,juodzbalis25_jades_blagn,"Table 2 (BH/Lbol/lambda_Edd), Table 5 (Mstar)",False,False,False,True,0.0675506379525694,0.0154685851318205,consistent,30.0,1.1483179787366118,mbh_minus_0p3dex,-0.3,0.0,6.8,8.27,-1.4699999999999998,fedd1_spin_0_eps0p057_merger_boost_x2,1.0,0.057190958417936644,2.0,-11.770684147202235,1.6955705031632066e-12,light_seed_scale
GS8083_juodzbalis25,GS-8083,4.753,spec,JADES,broad-line-agn,robust,individual_robust,juodzbalis25_jades_blagn,"Table 2 (BH/Lbol/lambda_Edd), Table 5 (Mstar)",False,False,False,True,0.0675506379525694,0.0154685851318205,consistent,30.0,1.1483179787366118,mbh_minus_0p3dex,-0.3,0.0,6.8,8.27,-1.4699999999999998,fedd1_spin_plus1_eps0p423_no_merger_boost,1.0,0.42264973081037416,1.0,5.286115515846946,193248.22600870818,heavy_seed_scale
GS8083_juodzbalis25,GS-8083,4.753,spec,JADES,broad-line-agn,robust,individual_robust,juodzbalis25_jades_blagn,"Table 2 (BH/Lbol/lambda_Edd), Table 5 (Mstar)",False,False,False,True,0.0675506379525694,0.0154685851318205,consistent,30.0,1.1483179787366118,mbh_minus_0p3dex,-0.3,0.0,6.8,8.27,-1.4699999999999998,fedd1_spin_plus1_eps0p423_merger_boost_x2,1.0,0.42264973081037416,2.0,4.985085520182965,96624.11300435408,heavy_seed_scale
GS8083_juodzbalis25,GS-8083,4.753,spec,JADES,broad-line-agn,robust,individual_robust,juodzbalis25_jades_blagn,"Table 2 (BH/Lbol/lambda_Edd), Table 5 (Mstar)",False,False,False,True,0.0675506379525694,0.0154685851318205,consistent,30.0,1.1483179787366118,mbh_minus_0p3dex,-0.3,0.0,6.8,8.27,-1.4699999999999998,fedd2_eps0p1_no_merger_boost,2.0,0.1,1.0,-13.148326465424244,7.10679085093949e-14,light_seed_scale
GS8083_juodzbalis25,GS-8083,4.753,spec,JADES,broad-line-agn,robust,individual_robust,juodzbalis25_jades_blagn,"Table 2 (BH/Lbol/lambda_Edd), Table 5 (Mstar)",False,False,False,True,0.0675506379525694,0.0154685851318205,consistent,30.0,1.1483179787366118,mbh_minus_0p3dex,-0.3,0.0,6.8,8.27,-1.4699999999999998,fedd2_eps0p1_merger_boost_x2,2.0,0.1,2.0,-13.449356461088225,3.5533954254697447e-14,light_seed_scale
GS8083_juodzbalis25,GS-8083,4.753,spec,JADES,broad-line-agn,robust,individual_robust,juodzbalis25_jades_blagn,"Table 2 (BH/Lbol/lambda_Edd), Table 5 (Mstar)",False,False,False,True,0.0675506379525694,0.0154685851318205,consistent,30.0,1.1483179787366118,mbh_minus_0p3dex,-0.3,0.0,6.8,8.27,-1.4699999999999998,fedd2_spin_minus1_eps0p038_no_merger_boost,2.0,0.037749551350623745,1.0,-49.69893811649393,2.0001468543309792e-50,light_seed_scale
GS8083_juodzbalis25,GS-8083,4.753,spec,JADES,broad-line-agn,robust,individual_robust,juodzbalis25_jades_blagn,"Table 2 (BH/Lbol/lambda_Edd), Table 5 (Mstar)",False,False,False,True,0.0675506379525694,0.0154685851318205,consistent,30.0,1.1483179787366118,mbh_minus_0p3dex,-0.3,0.0,6.8,8.27,-1.4699999999999998,fedd2_spin_minus1_eps0p038_merger_boost_x2,2.0,0.037749551350623745,2.0,-49.99996811215791,1.0000734271654895e-50,light_seed_scale
GS8083_juodzbalis25,GS-8083,4.753,spec,JADES,broad-line-agn,robust,individual_robust,juodzbalis25_jades_blagn,"Table 2 (BH/Lbol/lambda_Edd), Table 5 (Mstar)",False,False,False,True,0.0675506379525694,0.0154685851318205,consistent,30.0,1.1483179787366118,mbh_minus_0p3dex,-0.3,0.0,6.8,8.27,-1.4699999999999998,fedd2_spin_0_eps0p057_no_merger_boost,2.0,0.057190958417936644,1.0,-29.73930830307651,1.822601389046752e-30,light_seed_scale
GS8083_juodzbalis25,GS-8083,4.753,spec,JADES,broad-line-agn,robust,individual_robust,juodzbalis25_jades_blagn,"Table 2 (BH/Lbol/lambda_Edd), Table 5 (Mstar)",False,False,False,True,0.0675506379525694,0.0154685851318205,consistent,30.0,1.1483179787366118,mbh_minus_0p3dex,-0.3,0.0,6.8,8.27,-1.4699999999999998,fedd2_spin_0_eps0p057_merger_boost_x2,2.0,0.057190958417936644,2.0,-30.04033829874049,9.113006945233759e-31,light_seed_scale
GS8083_juodzbalis25,GS-8083,4.753,spec,JADES,broad-line-agn,robust,individual_robust,juodzbalis25_jades_blagn,"Table 2 (BH/Lbol/lambda_Edd), Table 5 (Mstar)",False,False,False,True,0.0675506379525694,0.0154685851318205,consistent,30.0,1.1483179787366118,mbh_minus_0p3dex,-0.3,0.0,6.8,8.27,-1.4699999999999998,fedd2_spin_plus1_eps0p423_no_merger_boost,2.0,0.42264973081037416,1.0,3.7722310316938925,5918.764110160078,intermediate_seed_scale
GS8083_juodzbalis25,GS-8083,4.753,spec,JADES,broad-line-agn,robust,individual_robust,juodzbalis25_jades_blagn,"Table 2 (BH/Lbol/lambda_Edd), Table 5 (Mstar)",False,False,False,True,0.0675506379525694,0.0154685851318205,consistent,30.0,1.1483179787366118,mbh_minus_0p3dex,-0.3,0.0,6.8,8.27,-1.4699999999999998,fedd2_spin_plus1_eps0p423_merger_boost_x2,2.0,0.42264973081037416,2.0,3.4712010360299113,2959.382055080039,intermediate_seed_scale
GS8083_juodzbalis25,GS-8083,4.753,spec,JADES,broad-line-agn,robust,individual_robust,juodzbalis25_jades_blagn,"Table 2 (BH/Lbol/lambda_Edd), Table 5 (Mstar)",False,False,False,True,0.0675506379525694,0.0154685851318205,consistent,30.0,1.1483179787366118,mbh_plus_0p3dex,0.3,0.0,7.3999999999999995,8.27,-0.8700000000000001,fedd0p3_eps0p1_no_merger_boost,0.3,0.1,1.0,4.407751030186363,25571.195360262765,heavy_seed_scale
GS8083_juodzbalis25,GS-8083,4.753,spec,JADES,broad-line-agn,robust,individual_robust,juodzbalis25_jades_blagn,"Table 2 (BH/Lbol/lambda_Edd), Table 5 (Mstar)",False,False,False,True,0.0675506379525694,0.0154685851318205,consistent,30.0,1.1483179787366118,mbh_plus_0p3dex,0.3,0.0,7.3999999999999995,8.27,-0.8700000000000001,fedd0p3_eps0p1_merger_boost_x2,0.3,0.1,2.0,4.106721034522382,12785.597680131381,heavy_seed_scale
GS8083_juodzbalis25,GS-8083,4.753,spec,JADES,broad-line-agn,robust,individual_robust,juodzbalis25_jades_blagn,"Table 2 (BH/Lbol/lambda_Edd), Table 5 (Mstar)",False,False,False,True,0.0675506379525694,0.0154685851318205,consistent,30.0,1.1483179787366118,mbh_plus_0p3dex,0.3,0.0,7.3999999999999995,8.27,-0.8700000000000001,fedd0p3_spin_minus1_eps0p038_no_merger_boost,0.3,0.037749551350623745,1.0,-1.07484071747409,0.08417037896447649,light_seed_scale
GS8083_juodzbalis25,GS-8083,4.753,spec,JADES,broad-line-agn,robust,individual_robust,juodzbalis25_jades_blagn,"Table 2 (BH/Lbol/lambda_Edd), Table 5 (Mstar)",False,False,False,True,0.0675506379525694,0.0154685851318205,consistent,30.0,1.1483179787366118,mbh_plus_0p3dex,0.3,0.0,7.3999999999999995,8.27,-0.8700000000000001,fedd0p3_spin_minus1_eps0p038_merger_boost_x2,0.3,0.037749551350623745,2.0,-1.3758707131380712,0.04208518948223824,light_seed_scale
GS8083_juodzbalis25,GS-8083,4.753,spec,JADES,broad-line-agn,robust,individual_robust,juodzbalis25_jades_blagn,"Table 2 (BH/Lbol/lambda_Edd), Table 5 (Mstar)",False,False,False,True,0.0675506379525694,0.0154685851318205,consistent,30.0,1.1483179787366118,mbh_plus_0p3dex,0.3,0.0,7.3999999999999995,8.27,-0.8700000000000001,fedd0p3_spin_0_eps0p057_no_merger_boost,0.3,0.057190958417936644,1.0,1.9191037545385239,83.00490455785709,light_seed_scale
GS8083_juodzbalis25,GS-8083,4.753,spec,JADES,broad-line-agn,robust,individual_robust,juodzbalis25_jades_blagn,"Table 2 (BH/Lbol/lambda_Edd), Table 5 (Mstar)",False,False,False,True,0.0675506379525694,0.0154685851318205,consistent,30.0,1.1483179787366118,mbh_plus_0p3dex,0.3,0.0,7.3999999999999995,8.27,-0.8700000000000001,fedd0p3_spin_0_eps0p057_merger_boost_x2,0.3,0.057190958417936644,2.0,1.6180737588745426,41.50245227892854,light_seed_scale
GS8083_juodzbalis25,GS-8083,4.753,spec,JADES,broad-line-agn,robust,individual_robust,juodzbalis25_jades_blagn,"Table 2 (BH/Lbol/lambda_Edd), Table 5 (Mstar)",False,False,False,True,0.0675506379525694,0.0154685851318205,consistent,30.0,1.1483179787366118,mbh_plus_0p3dex,0.3,0.0,7.3999999999999995,8.27,-0.8700000000000001,fedd0p3_spin_plus1_eps0p423_no_merger_boost,0.3,0.42264973081037416,1.0,6.9458346547540835,8827437.569082197,above_heavy_seed_scale
GS8083_juodzbalis25,GS-8083,4.753,spec,JADES,broad-line-agn,robust,individual_robust,juodzbalis25_jades_blagn,"Table 2 (BH/Lbol/lambda_Edd), Table 5 (Mstar)",False,False,False,True,0.0675506379525694,0.0154685851318205,consistent,30.0,1.1483179787366118,mbh_plus_0p3dex,0.3,0.0,7.3999999999999995,8.27,-0.8700000000000001,fedd0p3_spin_plus1_eps0p423_merger_boost_x2,0.3,0.42264973081037416,2.0,6.644804659090102,4413718.7845410975,above_heavy_seed_scale
GS8083_juodzbalis25,GS-8083,4.753,spec,JADES,broad-line-agn,robust,individual_robust,juodzbalis25_jades_blagn,"Table 2 (BH/Lbol/lambda_Edd), Table 5 (Mstar)",False,False,False,True,0.0675506379525694,0.0154685851318205,consistent,30.0,1.1483179787366118,mbh_plus_0p3dex,0.3,0.0,7.3999999999999995,8.27,-0.8700000000000001,fedd1_eps0p1_no_merger_boost,1.0,0.1,1.0,-2.574163232712123,0.0026658564948135264,light_seed_scale
GS8083_juodzbalis25,GS-8083,4.753,spec,JADES,broad-line-agn,robust,individual_robust,juodzbalis25_jades_blagn,"Table 2 (BH/Lbol/lambda_Edd), Table 5 (Mstar)",False,False,False,True,0.0675506379525694,0.0154685851318205,consistent,30.0,1.1483179787366118,mbh_plus_0p3dex,0.3,0.0,7.3999999999999995,8.27,-0.8700000000000001,fedd1_eps0p1_merger_boost_x2,1.0,0.1,2.0,-2.875193228376104,0.001332928247406763,light_seed_scale
GS8083_juodzbalis25,GS-8083,4.753,spec,JADES,broad-line-agn,robust,individual_robust,juodzbalis25_jades_blagn,"Table 2 (BH/Lbol/lambda_Edd), Table 5 (Mstar)",False,False,False,True,0.0675506379525694,0.0154685851318205,consistent,30.0,1.1483179787366118,mbh_plus_0p3dex,0.3,0.0,7.3999999999999995,8.27,-0.8700000000000001,fedd1_spin_minus1_eps0p038_no_merger_boost,1.0,0.037749551350623745,1.0,-20.849469058246964,1.414265482266671e-21,light_seed_scale
GS8083_juodzbalis25,GS-8083,4.753,spec,JADES,broad-line-agn,robust,individual_robust,juodzbalis25_jades_blagn,"Table 2 (BH/Lbol/lambda_Edd), Table 5 (Mstar)",False,False,False,True,0.0675506379525694,0.0154685851318205,consistent,30.0,1.1483179787366118,mbh_plus_0p3dex,0.3,0.0,7.3999999999999995,8.27,-0.8700000000000001,fedd1_spin_minus1_eps0p038_merger_boost_x2,1.0,0.037749551350623745,2.0,-21.150499053910945,7.071327411333354e-22,light_seed_scale
GS8083_juodzbalis25,GS-8083,4.753,spec,JADES,broad-line-agn,robust,individual_robust,juodzbalis25_jades_blagn,"Table 2 (BH/Lbol/lambda_Edd), Table 5 (Mstar)",False,False,False,True,0.0675506379525694,0.0154685851318205,consistent,30.0,1.1483179787366118,mbh_plus_0p3dex,0.3,0.0,7.3999999999999995,8.27,-0.8700000000000001,fedd1_spin_0_eps0p057_no_merger_boost,1.0,0.057190958417936644,1.0,-10.869654151538256,1.3500375509765412e-11,light_seed_scale
GS8083_juodzbalis25,GS-8083,4.753,spec,JADES,broad-line-agn,robust,individual_robust,juodzbalis25_jades_blagn,"Table 2 (BH/Lbol/lambda_Edd), Table 5 (Mstar)",False,False,False,True,0.0675506379525694,0.0154685851318205,consistent,30.0,1.1483179787366118,mbh_plus_0p3dex,0.3,0.0,7.3999999999999995,8.27,-0.8700000000000001,fedd1_spin_0_eps0p057_merger_boost_x2,1.0,0.057190958417936644,2.0,-11.170684147202238,6.750187754882705e-12,light_seed_scale
GS8083_juodzbalis25,GS-8083,4.753,spec,JADES,broad-line-agn,robust,individual_robust,juodzbalis25_jades_blagn,"Table 2 (BH/Lbol/lambda_Edd), Table 5 (Mstar)",False,False,False,True,0.0675506379525694,0.0154685851318205,consistent,30.0,1.1483179787366118,mbh_plus_0p3dex,0.3,0.0,7.3999999999999995,8.27,-0.8700000000000001,fedd1_spin_plus1_eps0p423_no_merger_boost,1.0,0.42264973081037416,1.0,5.886115515846946,769335.0447080951,heavy_seed_scale
GS8083_juodzbalis25,GS-8083,4.753,spec,JADES,broad-line-agn,robust,individual_robust,juodzbalis25_jades_blagn,"Table 2 (BH/Lbol/lambda_Edd), Table 5 (Mstar)",False,False,False,True,0.0675506379525694,0.0154685851318205,consistent,30.0,1.1483179787366118,mbh_plus_0p3dex,0.3,0.0,7.3999999999999995,8.27,-0.8700000000000001,fedd1_spin_plus1_eps0p423_merger_boost_x2,1.0,0.42264973081037416,2.0,5.585085520182965,384667.5223540475,heavy_seed_scale
GS8083_juodzbalis25,GS-8083,4.753,spec,JADES,broad-line-agn,robust,individual_robust,juodzbalis25_jades_blagn,"Table 2 (BH/Lbol/lambda_Edd), Table 5 (Mstar)",False,False,False,True,0.0675506379525694,0.0154685851318205,consistent,30.0,1.1483179787366118,mbh_plus_0p3dex,0.3,0.0,7.3999999999999995,8.27,-0.8700000000000001,fedd2_eps0p1_no_merger_boost,2.0,0.1,1.0,-12.548326465424246,2.8292643973829874e-13,light_seed_scale
GS8083_juodzbalis25,GS-8083,4.753,spec,JADES,broad-line-agn,robust,individual_robust,juodzbalis25_jades_blagn,"Table 2 (BH/Lbol/lambda_Edd), Table 5 (Mstar)",False,False,False,True,0.0675506379525694,0.0154685851318205,consistent,30.0,1.1483179787366118,mbh_plus_0p3dex,0.3,0.0,7.3999999999999995,8.27,-0.8700000000000001,fedd2_eps0p1_merger_boost_x2,2.0,0.1,2.0,-12.849356461088227,1.4146321986914937e-13,light_seed_scale
GS8083_juodzbalis25,GS-8083,4.753,spec,JADES,broad-line-agn,robust,individual_robust,juodzbalis25_jades_blagn,"Table 2 (BH/Lbol/lambda_Edd), Table 5 (Mstar)",False,False,False,True,0.0675506379525694,0.0154685851318205,consistent,30.0,1.1483179787366118,mbh_plus_0p3dex,0.3,0.0,7.3999999999999995,8.27,-0.8700000000000001,fedd2_spin_minus1_eps0p038_no_merger_boost,2.0,0.037749551350623745,1.0,-49.098938116493926,7.962728048691868e-50,light_seed_scale
GS8083_juodzbalis25,GS-8083,4.753,spec,JADES,broad-line-agn,robust,individual_robust,juodzbalis25_jades_blagn,"Table 2 (BH/Lbol/lambda_Edd), Table 5 (Mstar)",False,False,False,True,0.0675506379525694,0.0154685851318205,consistent,30.0,1.1483179787366118,mbh_plus_0p3dex,0.3,0.0,7.3999999999999995,8.27,-0.8700000000000001,fedd2_spin_minus1_eps0p038_merger_boost_x2,2.0,0.037749551350623745,2.0,-49.39996811215791,3.9813640243459334e-50,light_seed_scale
GS8083_juodzbalis25,GS-8083,4.753,spec,JADES,broad-line-agn,robust,individual_robust,juodzbalis25_jades_blagn,"Table 2 (BH/Lbol/lambda_Edd), Table 5 (Mstar)",False,False,False,True,0.0675506379525694,0.0154685851318205,consistent,30.0,1.1483179787366118,mbh_plus_0p3dex,0.3,0.0,7.3999999999999995,8.27,-0.8700000000000001,fedd2_spin_0_eps0p057_no_merger_boost,2.0,0.057190958417936644,1.0,-29.13930830307651,7.255906820402727e-30,light_seed_scale
GS8083_juodzbalis25,GS-8083,4.753,spec,JADES,broad-line-agn,robust,individual_robust,juodzbalis25_jades_blagn,"Table 2 (BH/Lbol/lambda_Edd), Table 5 (Mstar)",False,False,False,True,0.0675506379525694,0.0154685851318205,consistent,30.0,1.1483179787366118,mbh_plus_0p3dex,0.3,0.0,7.3999999999999995,8.27,-0.8700000000000001,fedd2_spin_0_eps0p057_merger_boost_x2,2.0,0.057190958417936644,2.0,-29.440338298740492,3.6279534102013636e-30,light_seed_scale
GS8083_juodzbalis25,GS-8083,4.753,spec,JADES,broad-line-agn,robust,individual_robust,juodzbalis25_jades_blagn,"Table 2 (BH/Lbol/lambda_Edd), Table 5 (Mstar)",False,False,False,True,0.0675506379525694,0.0154685851318205,consistent,30.0,1.1483179787366118,mbh_plus_0p3dex,0.3,0.0,7.3999999999999995,8.27,-0.8700000000000001,fedd2_spin_plus1_eps0p423_no_merger_boost,2.0,0.42264973081037416,1.0,4.372231031693892,23563.02433069415,heavy_seed_scale
GS8083_juodzbalis25,GS-8083,4.753,spec,JADES,broad-line-agn,robust,individual_robust,juodzbalis25_jades_blagn,"Table 2 (BH/Lbol/lambda_Edd), Table 5 (Mstar)",False,False,False,True,0.0675506379525694,0.0154685851318205,consistent,30.0,1.1483179787366118,mbh_plus_0p3dex,0.3,0.0,7.3999999999999995,8.27,-0.8700000000000001,fedd2_spin_plus1_eps0p423_merger_boost_x2,2.0,0.42264973081037416,2.0,4.071201036029911,11781.512165347072,heavy_seed_scale
GS8083_juodzbalis25,GS-8083,4.753,spec,JADES,broad-line-agn,robust,individual_robust,juodzbalis25_jades_blagn,"Table 2 (BH/Lbol/lambda_Edd), Table 5 (Mstar)",False,False,False,True,0.0675506379525694,0.0154685851318205,consistent,30.0,1.1483179787366118,mstar_agn_20pct,0.0,0.2,7.1,8.173089986991943,-1.0730899869919437,fedd0p3_eps0p1_no_merger_boost,0.3,0.1,1.0,4.107751030186363,12815.956663152641,heavy_seed_scale
GS8083_juodzbalis25,GS-8083,4.753,spec,JADES,broad-line-agn,robust,individual_robust,juodzbalis25_jades_blagn,"Table 2 (BH/Lbol/lambda_Edd), Table 5 (Mstar)",False,False,False,True,0.0675506379525694,0.0154685851318205,consistent,30.0,1.1483179787366118,mstar_agn_20pct,0.0,0.2,7.1,8.173089986991943,-1.0730899869919437,fedd0p3_eps0p1_merger_boost_x2,0.3,0.1,2.0,3.806721034522382,6407.97833157632,intermediate_seed_scale
GS8083_juodzbalis25,GS-8083,4.753,spec,JADES,broad-line-agn,robust,individual_robust,juodzbalis25_jades_blagn,"Table 2 (BH/Lbol/lambda_Edd), Table 5 (Mstar)",False,False,False,True,0.0675506379525694,0.0154685851318205,consistent,30.0,1.1483179787366118,mstar_agn_20pct,0.0,0.2,7.1,8.173089986991943,-1.0730899869919437,fedd0p3_spin_minus1_eps0p038_no_merger_boost,0.3,0.037749551350623745,1.0,-1.3748407174740898,0.04218511938656514,light_seed_scale
GS8083_juodzbalis25,GS-8083,4.753,spec,JADES,broad-line-agn,robust,individual_robust,juodzbalis25_jades_blagn,"Table 2 (BH/Lbol/lambda_Edd), Table 5 (Mstar)",False,False,False,True,0.0675506379525694,0.0154685851318205,consistent,30.0,1.1483179787366118,mstar_agn_20pct,0.0,0.2,7.1,8.173089986991943,-1.0730899869919437,fedd0p3_spin_minus1_eps0p038_merger_boost_x2,0.3,0.037749551350623745,2.0,-1.675870713138071,0.021092559693282567,light_seed_scale
GS8083_juodzbalis25,GS-8083,4.753,spec,JADES,broad-line-agn,robust,individual_robust,juodzbalis25_jades_blagn,"Table 2 (BH/Lbol/lambda_Edd), Table 5 (Mstar)",False,False,False,True,0.0675506379525694,0.0154685851318205,consistent,30.0,1.1483179787366118,mstar_agn_20pct,0.0,0.2,7.1,8.173089986991943,-1.0730899869919437,fedd0p3_spin_0_eps0p057_no_merger_boost,0.3,0.057190958417936644,1.0,1.619103754538524,41.60099849284818,light_seed_scale
GS8083_juodzbalis25,GS-8083,4.753,spec,JADES,broad-line-agn,robust,individual_robust,juodzbalis25_jades_blagn,"Table 2 (BH/Lbol/lambda_Edd), Table 5 (Mstar)",False,False,False,True,0.0675506379525694,0.0154685851318205,consistent,30.0,1.1483179787366118,mstar_agn_20pct,0.0,0.2,7.1,8.173089986991943,-1.0730899869919437,fedd0p3_spin_0_eps0p057_merger_boost_x2,0.3,0.057190958417936644,2.0,1.3180737588745428,20.800499246424085,light_seed_scale
GS8083_juodzbalis25,GS-8083,4.753,spec,JADES,broad-line-agn,robust,individual_robust,juodzbalis25_jades_blagn,"Table 2 (BH/Lbol/lambda_Edd), Table 5 (Mstar)",False,False,False,True,0.0675506379525694,0.0154685851318205,consistent,30.0,1.1483179787366118,mstar_agn_20pct,0.0,0.2,7.1,8.173089986991943,-1.0730899869919437,fedd0p3_spin_plus1_eps0p423_no_merger_boost,0.3,0.42264973081037416,1.0,6.645834654754084,4424199.015265761,above_heavy_seed_scale
GS8083_juodzbalis25,GS-8083,4.753,spec,JADES,broad-line-agn,robust,individual_robust,juodzbalis25_jades_blagn,"Table 2 (BH/Lbol/lambda_Edd), Table 5 (Mstar)",False,False,False,True,0.0675506379525694,0.0154685851318205,consistent,30.0,1.1483179787366118,mstar_agn_20pct,0.0,0.2,7.1,8.173089986991943,-1.0730899869919437,fedd0p3_spin_plus1_eps0p423_merger_boost_x2,0.3,0.42264973081037416,2.0,6.344804659090102,2212099.5076328805,above_heavy_seed_scale
GS8083_juodzbalis25,GS-8083,4.753,spec,JADES,broad-line-agn,robust,individual_robust,juodzbalis25_jades_blagn,"Table 2 (BH/Lbol/lambda_Edd), Table 5 (Mstar)",False,False,False,True,0.0675506379525694,0.0154685851318205,consistent,30.0,1.1483179787366118,mstar_agn_20pct,0.0,0.2,7.1,8.173089986991943,-1.0730899869919437,fedd1_eps0p1_no_merger_boost,1.0,0.1,1.0,-2.8741632327121227,0.0013360932418828885,light_seed_scale
GS8083_juodzbalis25,GS-8083,4.753,spec,JADES,broad-line-agn,robust,individual_robust,juodzbalis25_jades_blagn,"Table 2 (BH/Lbol/lambda_Edd), Table 5 (Mstar)",False,False,False,True,0.0675506379525694,0.0154685851318205,consistent,30.0,1.1483179787366118,mstar_agn_20pct,0.0,0.2,7.1,8.173089986991943,-1.0730899869919437,fedd1_eps0p1_merger_boost_x2,1.0,0.1,2.0,-3.175193228376104,0.0006680466209414441,light_seed_scale
GS8083_juodzbalis25,GS-8083,4.753,spec,JADES,broad-line-agn,robust,individual_robust,juodzbalis25_jades_blagn,"Table 2 (BH/Lbol/lambda_Edd), Table 5 (Mstar)",False,False,False,True,0.0675506379525694,0.0154685851318205,consistent,30.0,1.1483179787366118,mstar_agn_20pct,0.0,0.2,7.1,8.173089986991943,-1.0730899869919437,fedd1_spin_minus1_eps0p038_no_merger_boost,1.0,0.037749551350623745,1.0,-21.149469058246964,7.088118046717718e-22,light_seed_scale
GS8083_juodzbalis25,GS-8083,4.753,spec,JADES,broad-line-agn,robust,individual_robust,juodzbalis25_jades_blagn,"Table 2 (BH/Lbol/lambda_Edd), Table 5 (Mstar)",False,False,False,True,0.0675506379525694,0.0154685851318205,consistent,30.0,1.1483179787366118,mstar_agn_20pct,0.0,0.2,7.1,8.173089986991943,-1.0730899869919437,fedd1_spin_minus1_eps0p038_merger_boost_x2,1.0,0.037749551350623745,2.0,-21.450499053910946,3.544059023358858e-22,light_seed_scale
GS8083_juodzbalis25,GS-8083,4.753,spec,JADES,broad-line-agn,robust,individual_robust,juodzbalis25_jades_blagn,"Table 2 (BH/Lbol/lambda_Edd), Table 5 (Mstar)",False,False,False,True,0.0675506379525694,0.0154685851318205,consistent,30.0,1.1483179787366118,mstar_agn_20pct,0.0,0.2,7.1,8.173089986991943,-1.0730899869919437,fedd1_spin_0_eps0p057_no_merger_boost,1.0,0.057190958417936644,1.0,-11.169654151538255,6.76621585466872e-12,light_seed_scale
GS8083_juodzbalis25,GS-8083,4.753,spec,JADES,broad-line-agn,robust,individual_robust,juodzbalis25_jades_blagn,"Table 2 (BH/Lbol/lambda_Edd), Table 5 (Mstar)",False,False,False,True,0.0675506379525694,0.0154685851318205,consistent,30.0,1.1483179787366118,mstar_agn_20pct,0.0,0.2,7.1,8.173089986991943,-1.0730899869919437,fedd1_spin_0_eps0p057_merger_boost_x2,1.0,0.057190958417936644,2.0,-11.470684147202237,3.383107927334359e-12,light_seed_scale
GS8083_juodzbalis25,GS-8083,4.753,spec,JADES,broad-line-agn,robust,individual_robust,juodzbalis25_jades_blagn,"Table 2 (BH/Lbol/lambda_Edd), Table 5 (Mstar)",False,False,False,True,0.0675506379525694,0.0154685851318205,consistent,30.0,1.1483179787366118,mstar_agn_20pct,0.0,0.2,7.1,8.173089986991943,-1.0730899869919437,fedd1_spin_plus1_eps0p423_no_merger_boost,1.0,0.42264973081037416,1.0,5.586115515846946,385580.90278976416,heavy_seed_scale
GS8083_juodzbalis25,GS-8083,4.753,spec,JADES,broad-line-agn,robust,individual_robust,juodzbalis25_jades_blagn,"Table 2 (BH/Lbol/lambda_Edd), Table 5 (Mstar)",False,False,False,True,0.0675506379525694,0.0154685851318205,consistent,30.0,1.1483179787366118,mstar_agn_20pct,0.0,0.2,7.1,8.173089986991943,-1.0730899869919437,fedd1_spin_plus1_eps0p423_merger_boost_x2,1.0,0.42264973081037416,2.0,5.285085520182965,192790.45139488205,heavy_seed_scale
GS8083_juodzbalis25,GS-8083,4.753,spec,JADES,broad-line-agn,robust,individual_robust,juodzbalis25_jades_blagn,"Table 2 (BH/Lbol/lambda_Edd), Table 5 (Mstar)",False,False,False,True,0.0675506379525694,0.0154685851318205,consistent,30.0,1.1483179787366118,mstar_agn_20pct,0.0,0.2,7.1,8.173089986991943,-1.0730899869919437,fedd2_eps0p1_no_merger_boost,2.0,0.1,1.0,-12.848326465424245,1.4179911965245146e-13,light_seed_scale
GS8083_juodzbalis25,GS-8083,4.753,spec,JADES,broad-line-agn,robust,individual_robust,juodzbalis25_jades_blagn,"Table 2 (BH/Lbol/lambda_Edd), Table 5 (Mstar)",False,False,False,True,0.0675506379525694,0.0154685851318205,consistent,30.0,1.1483179787366118,mstar_agn_20pct,0.0,0.2,7.1,8.173089986991943,-1.0730899869919437,fedd2_eps0p1_merger_boost_x2,2.0,0.1,2.0,-13.149356461088226,7.089955982622572e-14,light_seed_scale
GS8083_juodzbalis25,GS-8083,4.753,spec,JADES,broad-line-agn,robust,individual_robust,juodzbalis25_jades_blagn,"Table 2 (BH/Lbol/lambda_Edd), Table 5 (Mstar)",False,False,False,True,0.0675506379525694,0.0154685851318205,consistent,30.0,1.1483179787366118,mstar_agn_20pct,0.0,0.2,7.1,8.173089986991943,-1.0730899869919437,fedd2_spin_minus1_eps0p038_no_merger_boost,2.0,0.037749551350623745,1.0,-49.39893811649392,3.9908176428501915e-50,light_seed_scale
GS8083_juodzbalis25,GS-8083,4.753,spec,JADES,broad-line-agn,robust,individual_robust,juodzbalis25_jades_blagn,"Table 2 (BH/Lbol/lambda_Edd), Table 5 (Mstar)",False,False,False,True,0.0675506379525694,0.0154685851318205,consistent,30.0,1.1483179787366118,mstar_agn_20pct,0.0,0.2,7.1,8.173089986991943,-1.0730899869919437,fedd2_spin_minus1_eps0p038_merger_boost_x2,2.0,0.037749551350623745,2.0,-49.699968112157904,1.9954088214250955e-50,light_seed_scale
GS8083_juodzbalis25,GS-8083,4.753,spec,JADES,broad-line-agn,robust,individual_robust,juodzbalis25_jades_blagn,"Table 2 (BH/Lbol/lambda_Edd), Table 5 (Mstar)",False,False,False,True,0.0675506379525694,0.0154685851318205,consistent,30.0,1.1483179787366118,mstar_agn_20pct,0.0,0.2,7.1,8.173089986991943,-1.0730899869919437,fedd2_spin_0_eps0p057_no_merger_boost,2.0,0.057190958417936644,1.0,-29.43930830307651,3.636567866774924e-30,light_seed_scale
GS8083_juodzbalis25,GS-8083,4.753,spec,JADES,broad-line-agn,robust,individual_robust,juodzbalis25_jades_blagn,"Table 2 (BH/Lbol/lambda_Edd), Table 5 (Mstar)",False,False,False,True,0.0675506379525694,0.0154685851318205,consistent,30.0,1.1483179787366118,mstar_agn_20pct,0.0,0.2,7.1,8.173089986991943,-1.0730899869919437,fedd2_spin_0_eps0p057_merger_boost_x2,2.0,0.057190958417936644,2.0,-29.74033829874049,1.8182839333874617e-30,light_seed_scale
GS8083_juodzbalis25,GS-8083,4.753,spec,JADES,broad-line-agn,robust,individual_robust,juodzbalis25_jades_blagn,"Table 2 (BH/Lbol/lambda_Edd), Table 5 (Mstar)",False,False,False,True,0.0675506379525694,0.0154685851318205,consistent,30.0,1.1483179787366118,mstar_agn_20pct,0.0,0.2,7.1,8.173089986991943,-1.0730899869919437,fedd2_spin_plus1_eps0p423_no_merger_boost,2.0,0.42264973081037416,1.0,4.072231031693892,11809.486980192714,heavy_seed_scale
GS8083_juodzbalis25,GS-8083,4.753,spec,JADES,broad-line-agn,robust,individual_robust,juodzbalis25_jades_blagn,"Table 2 (BH/Lbol/lambda_Edd), Table 5 (Mstar)",False,False,False,True,0.0675506379525694,0.0154685851318205,consistent,30.0,1.1483179787366118,mstar_agn_20pct,0.0,0.2,7.1,8.173089986991943,-1.0730899869919437,fedd2_spin_plus1_eps0p423_merger_boost_x2,2.0,0.42264973081037416,2.0,3.771201036029911,5904.743490096356,intermediate_seed_scale
GN1093_juodzbalis25,GN-1093,5.594,spec,JADES,broad-line-agn,robust,individual_robust,juodzbalis25_jades_blagn,"Table 2 (BH/Lbol/lambda_Edd), Table 5 (Mstar)",False,False,False,True,0.120123908606048,-0.0004482088348115,consistent,30.0,0.9179355115238436,baseline,0.0,0.0,7.14,8.43,-1.29,fedd0p3_eps0p1_no_merger_boost,0.3,0.1,1.0,4.748074035612936,55985.30333539681,heavy_seed_scale
GN1093_juodzbalis25,GN-1093,5.594,spec,JADES,broad-line-agn,robust,individual_robust,juodzbalis25_jades_blagn,"Table 2 (BH/Lbol/lambda_Edd), Table 5 (Mstar)",False,False,False,True,0.120123908606048,-0.0004482088348115,consistent,30.0,0.9179355115238436,baseline,0.0,0.0,7.14,8.43,-1.29,fedd0p3_eps0p1_merger_boost_x2,0.3,0.1,2.0,4.447044039948954,27992.651667698403,heavy_seed_scale
GN1093_juodzbalis25,GN-1093,5.594,spec,JADES,broad-line-agn,robust,individual_robust,juodzbalis25_jades_blagn,"Table 2 (BH/Lbol/lambda_Edd), Table 5 (Mstar)",False,False,False,True,0.120123908606048,-0.0004482088348115,consistent,30.0,0.9179355115238436,baseline,0.0,0.0,7.14,8.43,-1.29,fedd0p3_spin_minus1_eps0p038_no_merger_boost,0.3,0.037749551350623745,1.0,0.36543285646665336,2.319705522790695,light_seed_scale
GN1093_juodzbalis25,GN-1093,5.594,spec,JADES,broad-line-agn,robust,individual_robust,juodzbalis25_jades_blagn,"Table 2 (BH/Lbol/lambda_Edd), Table 5 (Mstar)",False,False,False,True,0.120123908606048,-0.0004482088348115,consistent,30.0,0.9179355115238436,baseline,0.0,0.0,7.14,8.43,-1.29,fedd0p3_spin_minus1_eps0p038_merger_boost_x2,0.3,0.037749551350623745,2.0,0.0644028608026721,1.1598527613953473,light_seed_scale
GN1093_juodzbalis25,GN-1093,5.594,spec,JADES,broad-line-agn,robust,individual_robust,juodzbalis25_jades_blagn,"Table 2 (BH/Lbol/lambda_Edd), Table 5 (Mstar)",False,False,False,True,0.120123908606048,-0.0004482088348115,consistent,30.0,0.9179355115238436,baseline,0.0,0.0,7.14,8.43,-1.29,fedd0p3_spin_0_eps0p057_no_merger_boost,0.3,0.057190958417936644,1.0,2.7587141611924784,573.7387213440406,intermediate_seed_scale
GN1093_juodzbalis25,GN-1093,5.594,spec,JADES,broad-line-agn,robust,individual_robust,juodzbalis25_jades_blagn,"Table 2 (BH/Lbol/lambda_Edd), Table 5 (Mstar)",False,False,False,True,0.120123908606048,-0.0004482088348115,consistent,30.0,0.9179355115238436,baseline,0.0,0.0,7.14,8.43,-1.29,fedd0p3_spin_0_eps0p057_merger_boost_x2,0.3,0.057190958417936644,2.0,2.457684165528497,286.86936067202026,intermediate_seed_scale
GN1093_juodzbalis25,GN-1093,5.594,spec,JADES,broad-line-agn,robust,individual_robust,juodzbalis25_jades_blagn,"Table 2 (BH/Lbol/lambda_Edd), Table 5 (Mstar)",False,False,False,True,0.120123908606048,-0.0004482088348115,consistent,30.0,0.9179355115238436,baseline,0.0,0.0,7.14,8.43,-1.29,fedd0p3_spin_plus1_eps0p423_no_merger_boost,0.3,0.42264973081037416,1.0,6.776952040963963,5983455.162592272,above_heavy_seed_scale
GN1093_juodzbalis25,GN-1093,5.594,spec,JADES,broad-line-agn,robust,individual_robust,juodzbalis25_jades_blagn,"Table 2 (BH/Lbol/lambda_Edd), Table 5 (Mstar)",False,False,False,True,0.120123908606048,-0.0004482088348115,consistent,30.0,0.9179355115238436,baseline,0.0,0.0,7.14,8.43,-1.29,fedd0p3_spin_plus1_eps0p423_merger_boost_x2,0.3,0.42264973081037416,2.0,6.475922045299982,2991727.5812961357,above_heavy_seed_scale
GN1093_juodzbalis25,GN-1093,5.594,spec,JADES,broad-line-agn,robust,individual_robust,juodzbalis25_jades_blagn,"Table 2 (BH/Lbol/lambda_Edd), Table 5 (Mstar)",False,False,False,True,0.120123908606048,-0.0004482088348115,consistent,30.0,0.9179355115238436,baseline,0.0,0.0,7.14,8.43,-1.29,fedd1_eps0p1_no_merger_boost,1.0,0.1,1.0,-0.8330865479568805,0.14686335732542624,light_seed_scale
GN1093_juodzbalis25,GN-1093,5.594,spec,JADES,broad-line-agn,robust,individual_robust,juodzbalis25_jades_blagn,"Table 2 (BH/Lbol/lambda_Edd), Table 5 (Mstar)",False,False,False,True,0.120123908606048,-0.0004482088348115,consistent,30.0,0.9179355115238436,baseline,0.0,0.0,7.14,8.43,-1.29,fedd1_eps0p1_merger_boost_x2,1.0,0.1,2.0,-1.1341165436208618,0.0734316786627131,light_seed_scale
GN1093_juodzbalis25,GN-1093,5.594,spec,JADES,broad-line-agn,robust,individual_robust,juodzbalis25_jades_blagn,"Table 2 (BH/Lbol/lambda_Edd), Table 5 (Mstar)",False,False,False,True,0.120123908606048,-0.0004482088348115,consistent,30.0,0.9179355115238436,baseline,0.0,0.0,7.14,8.43,-1.29,fedd1_spin_minus1_eps0p038_no_merger_boost,1.0,0.037749551350623745,1.0,-15.441890478444488,3.6150101544806927e-16,light_seed_scale
GN1093_juodzbalis25,GN-1093,5.594,spec,JADES,broad-line-agn,robust,individual_robust,juodzbalis25_jades_blagn,"Table 2 (BH/Lbol/lambda_Edd), Table 5 (Mstar)",False,False,False,True,0.120123908606048,-0.0004482088348115,consistent,30.0,0.9179355115238436,baseline,0.0,0.0,7.14,8.43,-1.29,fedd1_spin_minus1_eps0p038_merger_boost_x2,1.0,0.037749551350623745,2.0,-15.74292047410847,1.807505077240346e-16,light_seed_scale
GN1093_juodzbalis25,GN-1093,5.594,spec,JADES,broad-line-agn,robust,individual_robust,juodzbalis25_jades_blagn,"Table 2 (BH/Lbol/lambda_Edd), Table 5 (Mstar)",False,False,False,True,0.120123908606048,-0.0004482088348115,consistent,30.0,0.9179355115238436,baseline,0.0,0.0,7.14,8.43,-1.29,fedd1_spin_0_eps0p057_no_merger_boost,1.0,0.057190958417936644,1.0,-7.4642861293584035,3.433316736921647e-08,light_seed_scale
GN1093_juodzbalis25,GN-1093,5.594,spec,JADES,broad-line-agn,robust,individual_robust,juodzbalis25_jades_blagn,"Table 2 (BH/Lbol/lambda_Edd), Table 5 (Mstar)",False,False,False,True,0.120123908606048,-0.0004482088348115,consistent,30.0,0.9179355115238436,baseline,0.0,0.0,7.14,8.43,-1.29,fedd1_spin_0_eps0p057_merger_boost_x2,1.0,0.057190958417936644,2.0,-7.765316125022385,1.7166583684608232e-08,light_seed_scale
GN1093_juodzbalis25,GN-1093,5.594,spec,JADES,broad-line-agn,robust,individual_robust,juodzbalis25_jades_blagn,"Table 2 (BH/Lbol/lambda_Edd), Table 5 (Mstar)",False,False,False,True,0.120123908606048,-0.0004482088348115,consistent,30.0,0.9179355115238436,baseline,0.0,0.0,7.14,8.43,-1.29,fedd1_spin_plus1_eps0p423_no_merger_boost,1.0,0.42264973081037416,1.0,5.929840136546547,850824.7926235702,heavy_seed_scale
GN1093_juodzbalis25,GN-1093,5.594,spec,JADES,broad-line-agn,robust,individual_robust,juodzbalis25_jades_blagn,"Table 2 (BH/Lbol/lambda_Edd), Table 5 (Mstar)",False,False,False,True,0.120123908606048,-0.0004482088348115,consistent,30.0,0.9179355115238436,baseline,0.0,0.0,7.14,8.43,-1.29,fedd1_spin_plus1_eps0p423_merger_boost_x2,1.0,0.42264973081037416,2.0,5.628810140882566,425412.39631178504,heavy_seed_scale
GN1093_juodzbalis25,GN-1093,5.594,spec,JADES,broad-line-agn,robust,individual_robust,juodzbalis25_jades_blagn,"Table 2 (BH/Lbol/lambda_Edd), Table 5 (Mstar)",False,False,False,True,0.120123908606048,-0.0004482088348115,consistent,30.0,0.9179355115238436,baseline,0.0,0.0,7.14,8.43,-1.29,fedd2_eps0p1_no_merger_boost,2.0,0.1,1.0,-8.80617309591376,1.5625247460424298e-09,light_seed_scale
GN1093_juodzbalis25,GN-1093,5.594,spec,JADES,broad-line-agn,robust,individual_robust,juodzbalis25_jades_blagn,"Table 2 (BH/Lbol/lambda_Edd), Table 5 (Mstar)",False,False,False,True,0.120123908606048,-0.0004482088348115,consistent,30.0,0.9179355115238436,baseline,0.0,0.0,7.14,8.43,-1.29,fedd2_eps0p1_merger_boost_x2,2.0,0.1,2.0,-9.107203091577741,7.812623730212148e-10,light_seed_scale
GN1093_juodzbalis25,GN-1093,5.594,spec,JADES,broad-line-agn,robust,individual_robust,juodzbalis25_jades_blagn,"Table 2 (BH/Lbol/lambda_Edd), Table 5 (Mstar)",False,False,False,True,0.120123908606048,-0.0004482088348115,consistent,30.0,0.9179355115238436,baseline,0.0,0.0,7.14,8.43,-1.29,fedd2_spin_minus1_eps0p038_no_merger_boost,2.0,0.037749551350623745,1.0,-38.02378095688898,9.467145310264786e-39,light_seed_scale
GN1093_juodzbalis25,GN-1093,5.594,spec,JADES,broad-line-agn,robust,individual_robust,juodzbalis25_jades_blagn,"Table 2 (BH/Lbol/lambda_Edd), Table 5 (Mstar)",False,False,False,True,0.120123908606048,-0.0004482088348115,consistent,30.0,0.9179355115238436,baseline,0.0,0.0,7.14,8.43,-1.29,fedd2_spin_minus1_eps0p038_merger_boost_x2,2.0,0.037749551350623745,2.0,-38.32481095255296,4.733572655132392e-39,light_seed_scale
GN1093_juodzbalis25,GN-1093,5.594,spec,JADES,broad-line-agn,robust,individual_robust,juodzbalis25_jades_blagn,"Table 2 (BH/Lbol/lambda_Edd), Table 5 (Mstar)",False,False,False,True,0.120123908606048,-0.0004482088348115,consistent,30.0,0.9179355115238436,baseline,0.0,0.0,7.14,8.43,-1.29,fedd2_spin_0_eps0p057_no_merger_boost,2.0,0.057190958417936644,1.0,-22.068572258716806,8.539407553604261e-23,light_seed_scale
GN1093_juodzbalis25,GN-1093,5.594,spec,JADES,broad-line-agn,robust,individual_robust,juodzbalis25_jades_blagn,"Table 2 (BH/Lbol/lambda_Edd), Table 5 (Mstar)",False,False,False,True,0.120123908606048,-0.0004482088348115,consistent,30.0,0.9179355115238436,baseline,0.0,0.0,7.14,8.43,-1.29,fedd2_spin_0_eps0p057_merger_boost_x2,2.0,0.057190958417936644,2.0,-22.369602254380787,4.26970377680213e-23,light_seed_scale
GN1093_juodzbalis25,GN-1093,5.594,spec,JADES,broad-line-agn,robust,individual_robust,juodzbalis25_jades_blagn,"Table 2 (BH/Lbol/lambda_Edd), Table 5 (Mstar)",False,False,False,True,0.120123908606048,-0.0004482088348115,consistent,30.0,0.9179355115238436,baseline,0.0,0.0,7.14,8.43,-1.29,fedd2_spin_plus1_eps0p423_no_merger_boost,2.0,0.42264973081037416,1.0,4.719680273093093,52442.1240016957,heavy_seed_scale
GN1093_juodzbalis25,GN-1093,5.594,spec,JADES,broad-line-agn,robust,individual_robust,juodzbalis25_jades_blagn,"Table 2 (BH/Lbol/lambda_Edd), Table 5 (Mstar)",False,False,False,True,0.120123908606048,-0.0004482088348115,consistent,30.0,0.9179355115238436,baseline,0.0,0.0,7.14,8.43,-1.29,fedd2_spin_plus1_eps0p423_merger_boost_x2,2.0,0.42264973081037416,2.0,4.418650277429112,26221.062000847847,heavy_seed_scale
GN1093_juodzbalis25,GN-1093,5.594,spec,JADES,broad-line-agn,robust,individual_robust,juodzbalis25_jades_blagn,"Table 2 (BH/Lbol/lambda_Edd), Table 5 (Mstar)",False,False,False,True,0.120123908606048,-0.0004482088348115,consistent,30.0,0.9179355115238436,mbh_minus_0p3dex,-0.3,0.0,6.84,8.43,-1.5899999999999999,fedd0p3_eps0p1_no_merger_boost,0.3,0.1,1.0,4.448074035612937,28059.119302451298,heavy_seed_scale
GN1093_juodzbalis25,GN-1093,5.594,spec,JADES,broad-line-agn,robust,individual_robust,juodzbalis25_jades_blagn,"Table 2 (BH/Lbol/lambda_Edd), Table 5 (Mstar)",False,False,False,True,0.120123908606048,-0.0004482088348115,consistent,30.0,0.9179355115238436,mbh_minus_0p3dex,-0.3,0.0,6.84,8.43,-1.5899999999999999,fedd0p3_eps0p1_merger_boost_x2,0.3,0.1,2.0,4.147044039948955,14029.559651225647,heavy_seed_scale
GN1093_juodzbalis25,GN-1093,5.594,spec,JADES,broad-line-agn,robust,individual_robust,juodzbalis25_jades_blagn,"Table 2 (BH/Lbol/lambda_Edd), Table 5 (Mstar)",False,False,False,True,0.120123908606048,-0.0004482088348115,consistent,30.0,0.9179355115238436,mbh_minus_0p3dex,-0.3,0.0,6.84,8.43,-1.5899999999999999,fedd0p3_spin_minus1_eps0p038_no_merger_boost,0.3,0.037749551350623745,1.0,0.06543285646665353,1.1626067937973743,light_seed_scale
GN1093_juodzbalis25,GN-1093,5.594,spec,JADES,broad-line-agn,robust,individual_robust,juodzbalis25_jades_blagn,"Table 2 (BH/Lbol/lambda_Edd), Table 5 (Mstar)",False,False,False,True,0.120123908606048,-0.0004482088348115,consistent,30.0,0.9179355115238436,mbh_minus_0p3dex,-0.3,0.0,6.84,8.43,-1.5899999999999999,fedd0p3_spin_minus1_eps0p038_merger_boost_x2,0.3,0.037749551350623745,2.0,-0.23559713919732772,0.581303396898687,light_seed_scale
GN1093_juodzbalis25,GN-1093,5.594,spec,JADES,broad-line-agn,robust,individual_robust,juodzbalis25_jades_blagn,"Table 2 (BH/Lbol/lambda_Edd), Table 5 (Mstar)",False,False,False,True,0.120123908606048,-0.0004482088348115,consistent,30.0,0.9179355115238436,mbh_minus_0p3dex,-0.3,0.0,6.84,8.43,-1.5899999999999999,fedd0p3_spin_0_eps0p057_no_merger_boost,0.3,0.057190958417936644,1.0,2.4587141611924785,287.55052257526825,intermediate_seed_scale
GN1093_juodzbalis25,GN-1093,5.594,spec,JADES,broad-line-agn,robust,individual_robust,juodzbalis25_jades_blagn,"Table 2 (BH/Lbol/lambda_Edd), Table 5 (Mstar)",False,False,False,True,0.120123908606048,-0.0004482088348115,consistent,30.0,0.9179355115238436,mbh_minus_0p3dex,-0.3,0.0,6.84,8.43,-1.5899999999999999,fedd0p3_spin_0_eps0p057_merger_boost_x2,0.3,0.057190958417936644,2.0,2.1576841655284973,143.77526128763412,intermediate_seed_scale
GN1093_juodzbalis25,GN-1093,5.594,spec,JADES,broad-line-agn,robust,individual_robust,juodzbalis25_jades_blagn,"Table 2 (BH/Lbol/lambda_Edd), Table 5 (Mstar)",False,False,False,True,0.120123908606048,-0.0004482088348115,consistent,30.0,0.9179355115238436,mbh_minus_0p3dex,-0.3,0.0,6.84,8.43,-1.5899999999999999,fedd0p3_spin_plus1_eps0p423_no_merger_boost,0.3,0.42264973081037416,1.0,6.476952040963964,2998831.3404724426,above_heavy_seed_scale
GN1093_juodzbalis25,GN-1093,5.594,spec,JADES,broad-line-agn,robust,individual_robust,juodzbalis25_jades_blagn,"Table 2 (BH/Lbol/lambda_Edd), Table 5 (Mstar)",False,False,False,True,0.120123908606048,-0.0004482088348115,consistent,30.0,0.9179355115238436,mbh_minus_0p3dex,-0.3,0.0,6.84,8.43,-1.5899999999999999,fedd0p3_spin_plus1_eps0p423_merger_boost_x2,0.3,0.42264973081037416,2.0,6.175922045299982,1499415.6702362213,above_heavy_seed_scale
GN1093_juodzbalis25,GN-1093,5.594,spec,JADES,broad-line-agn,robust,individual_robust,juodzbalis25_jades_blagn,"Table 2 (BH/Lbol/lambda_Edd), Table 5 (Mstar)",False,False,False,True,0.120123908606048,-0.0004482088348115,consistent,30.0,0.9179355115238436,mbh_minus_0p3dex,-0.3,0.0,6.84,8.43,-1.5899999999999999,fedd1_eps0p1_no_merger_boost,1.0,0.1,1.0,-1.1330865479568804,0.073606039779144,light_seed_scale
GN1093_juodzbalis25,GN-1093,5.594,spec,JADES,broad-line-agn,robust,individual_robust,juodzbalis25_jades_blagn,"Table 2 (BH/Lbol/lambda_Edd), Table 5 (Mstar)",False,False,False,True,0.120123908606048,-0.0004482088348115,consistent,30.0,0.9179355115238436,mbh_minus_0p3dex,-0.3,0.0,6.84,8.43,-1.5899999999999999,fedd1_eps0p1_merger_boost_x2,1.0,0.1,2.0,-1.4341165436208616,0.036803019889572,light_seed_scale
GN1093_juodzbalis25,GN-1093,5.594,spec,JADES,broad-line-agn,robust,individual_robust,juodzbalis25_jades_blagn,"Table 2 (BH/Lbol/lambda_Edd), Table 5 (Mstar)",False,False,False,True,0.120123908606048,-0.0004482088348115,consistent,30.0,0.9179355115238436,mbh_minus_0p3dex,-0.3,0.0,6.84,8.43,-1.5899999999999999,fedd1_spin_minus1_eps0p038_no_merger_boost,1.0,0.037749551350623745,1.0,-15.741890478444489,1.8117969388586736e-16,light_seed_scale
GN1093_juodzbalis25,GN-1093,5.594,spec,JADES,broad-line-agn,robust,individual_robust,juodzbalis25_jades_blagn,"Table 2 (BH/Lbol/lambda_Edd), Table 5 (Mstar)",False,False,False,True,0.120123908606048,-0.0004482088348115,consistent,30.0,0.9179355115238436,mbh_minus_0p3dex,-0.3,0.0,6.84,8.43,-1.5899999999999999,fedd1_spin_minus1_eps0p038_merger_boost_x2,1.0,0.037749551350623745,2.0,-16.04292047410847,9.058984694293367e-17,light_seed_scale
GN1093_juodzbalis25,GN-1093,5.594,spec,JADES,broad-line-agn,robust,individual_robust,juodzbalis25_jades_blagn,"Table 2 (BH/Lbol/lambda_Edd), Table 5 (Mstar)",False,False,False,True,0.120123908606048,-0.0004482088348115,consistent,30.0,0.9179355115238436,mbh_minus_0p3dex,-0.3,0.0,6.84,8.43,-1.5899999999999999,fedd1_spin_0_eps0p057_no_merger_boost,1.0,0.057190958417936644,1.0,-7.764286129358403,1.7207345175439744e-08,light_seed_scale
GN1093_juodzbalis25,GN-1093,5.594,spec,JADES,broad-line-agn,robust,individual_robust,juodzbalis25_jades_blagn,"Table 2 (BH/Lbol/lambda_Edd), Table 5 (Mstar)",False,False,False,True,0.120123908606048,-0.0004482088348115,consistent,30.0,0.9179355115238436,mbh_minus_0p3dex,-0.3,0.0,6.84,8.43,-1.5899999999999999,fedd1_spin_0_eps0p057_merger_boost_x2,1.0,0.057190958417936644,2.0,-8.065316125022385,8.60367258771987e-09,light_seed_scale
GN1093_juodzbalis25,GN-1093,5.594,spec,JADES,broad-line-agn,robust,individual_robust,juodzbalis25_jades_blagn,"Table 2 (BH/Lbol/lambda_Edd), Table 5 (Mstar)",False,False,False,True,0.120123908606048,-0.0004482088348115,consistent,30.0,0.9179355115238436,mbh_minus_0p3dex,-0.3,0.0,6.84,8.43,-1.5899999999999999,fedd1_spin_plus1_eps0p423_no_merger_boost,1.0,0.42264973081037416,1.0,5.629840136546547,426422.52411650494,heavy_seed_scale
GN1093_juodzbalis25,GN-1093,5.594,spec,JADES,broad-line-agn,robust,individual_robust,juodzbalis25_jades_blagn,"Table 2 (BH/Lbol/lambda_Edd), Table 5 (Mstar)",False,False,False,True,0.120123908606048,-0.0004482088348115,consistent,30.0,0.9179355115238436,mbh_minus_0p3dex,-0.3,0.0,6.84,8.43,-1.5899999999999999,fedd1_spin_plus1_eps0p423_merger_boost_x2,1.0,0.42264973081037416,2.0,5.328810140882566,213211.26205825244,heavy_seed_scale
GN1093_juodzbalis25,GN-1093,5.594,spec,JADES,broad-line-agn,robust,individual_robust,juodzbalis25_jades_blagn,"Table 2 (BH/Lbol/lambda_Edd), Table 5 (Mstar)",False,False,False,True,0.120123908606048,-0.0004482088348115,consistent,30.0,0.9179355115238436,mbh_minus_0p3dex,-0.3,0.0,6.84,8.43,-1.5899999999999999,fedd2_eps0p1_no_merger_boost,2.0,0.1,1.0,-9.10617309591376,7.831174549431603e-10,light_seed_scale
GN1093_juodzbalis25,GN-1093,5.594,spec,JADES,broad-line-agn,robust,individual_robust,juodzbalis25_jades_blagn,"Table 2 (BH/Lbol/lambda_Edd), Table 5 (Mstar)",False,False,False,True,0.120123908606048,-0.0004482088348115,consistent,30.0,0.9179355115238436,mbh_minus_0p3dex,-0.3,0.0,6.84,8.43,-1.5899999999999999,fedd2_eps0p1_merger_boost_x2,2.0,0.1,2.0,-9.407203091577742,3.915587274715801e-10,light_seed_scale
GN1093_juodzbalis25,GN-1093,5.594,spec,JADES,broad-line-agn,robust,individual_robust,juodzbalis25_jades_blagn,"Table 2 (BH/Lbol/lambda_Edd), Table 5 (Mstar)",False,False,False,True,0.120123908606048,-0.0004482088348115,consistent,30.0,0.9179355115238436,mbh_minus_0p3dex,-0.3,0.0,6.84,8.43,-1.5899999999999999,fedd2_spin_minus1_eps0p038_no_merger_boost,2.0,0.037749551350623745,1.0,-38.32378095688898,4.7448123683989657e-39,light_seed_scale
GN1093_juodzbalis25,GN-1093,5.594,spec,JADES,broad-line-agn,robust,individual_robust,juodzbalis25_jades_blagn,"Table 2 (BH/Lbol/lambda_Edd), Table 5 (Mstar)",False,False,False,True,0.120123908606048,-0.0004482088348115,consistent,30.0,0.9179355115238436,mbh_minus_0p3dex,-0.3,0.0,6.84,8.43,-1.5899999999999999,fedd2_spin_minus1_eps0p038_merger_boost_x2,2.0,0.037749551350623745,2.0,-38.62481095255296,2.3724061841994825e-39,light_seed_scale
GN1093_juodzbalis25,GN-1093,5.594,spec,JADES,broad-line-agn,robust,individual_robust,juodzbalis25_jades_blagn,"Table 2 (BH/Lbol/lambda_Edd), Table 5 (Mstar)",False,False,False,True,0.120123908606048,-0.0004482088348115,consistent,30.0,0.9179355115238436,mbh_minus_0p3dex,-0.3,0.0,6.84,8.43,-1.5899999999999999,fedd2_spin_0_eps0p057_no_merger_boost,2.0,0.057190958417936644,1.0,-22.368572258716807,4.279842048606746e-23,light_seed_scale
GN1093_juodzbalis25,GN-1093,5.594,spec,JADES,broad-line-agn,robust,individual_robust,juodzbalis25_jades_blagn,"Table 2 (BH/Lbol/lambda_Edd), Table 5 (Mstar)",False,False,False,True,0.120123908606048,-0.0004482088348115,consistent,30.0,0.9179355115238436,mbh_minus_0p3dex,-0.3,0.0,6.84,8.43,-1.5899999999999999,fedd2_spin_0_eps0p057_merger_boost_x2,2.0,0.057190958417936644,2.0,-22.669602254380788,2.1399210243033726e-23,light_seed_scale
GN1093_juodzbalis25,GN-1093,5.594,spec,JADES,broad-line-agn,robust,individual_robust,juodzbalis25_jades_blagn,"Table 2 (BH/Lbol/lambda_Edd), Table 5 (Mstar)",False,False,False,True,0.120123908606048,-0.0004482088348115,consistent,30.0,0.9179355115238436,mbh_minus_0p3dex,-0.3,0.0,6.84,8.43,-1.5899999999999999,fedd2_spin_plus1_eps0p423_no_merger_boost,2.0,0.42264973081037416,1.0,4.419680273093094,26283.323053948312,heavy_seed_scale
GN1093_juodzbalis25,GN-1093,5.594,spec,JADES,broad-line-agn,robust,individual_robust,juodzbalis25_jades_blagn,"Table 2 (BH/Lbol/lambda_Edd), Table 5 (Mstar)",False,False,False,True,0.120123908606048,-0.0004482088348115,consistent,30.0,0.9179355115238436,mbh_minus_0p3dex,-0.3,0.0,6.84,8.43,-1.5899999999999999,fedd2_spin_plus1_eps0p423_merger_boost_x2,2.0,0.42264973081037416,2.0,4.118650277429113,13141.661526974154,heavy_seed_scale
GN1093_juodzbalis25,GN-1093,5.594,spec,JADES,broad-line-agn,robust,individual_robust,juodzbalis25_jades_blagn,"Table 2 (BH/Lbol/lambda_Edd), Table 5 (Mstar)",False,False,False,True,0.120123908606048,-0.0004482088348115,consistent,30.0,0.9179355115238436,mbh_plus_0p3dex,0.3,0.0,7.4399999999999995,8.43,-0.9900000000000002,fedd0p3_eps0p1_no_merger_boost,0.3,0.1,1.0,5.048074035612936,111705.36593721896,heavy_seed_scale
GN1093_juodzbalis25,GN-1093,5.594,spec,JADES,broad-line-agn,robust,individual_robust,juodzbalis25_jades_blagn,"Table 2 (BH/Lbol/lambda_Edd), Table 5 (Mstar)",False,False,False,True,0.120123908606048,-0.0004482088348115,consistent,30.0,0.9179355115238436,mbh_plus_0p3dex,0.3,0.0,7.4399999999999995,8.43,-0.9900000000000002,fedd0p3_eps0p1_merger_boost_x2,0.3,0.1,2.0,4.747044039948955,55852.68296860947,heavy_seed_scale
GN1093_juodzbalis25,GN-1093,5.594,spec,JADES,broad-line-agn,robust,individual_robust,juodzbalis25_jades_blagn,"Table 2 (BH/Lbol/lambda_Edd), Table 5 (Mstar)",False,False,False,True,0.120123908606048,-0.0004482088348115,consistent,30.0,0.9179355115238436,mbh_plus_0p3dex,0.3,0.0,7.4399999999999995,8.43,-0.9900000000000002,fedd0p3_spin_minus1_eps0p038_no_merger_boost,0.3,0.037749551350623745,1.0,0.6654328564666532,4.628421011449455,light_seed_scale
GN1093_juodzbalis25,GN-1093,5.594,spec,JADES,broad-line-agn,robust,individual_robust,juodzbalis25_jades_blagn,"Table 2 (BH/Lbol/lambda_Edd), Table 5 (Mstar)",False,False,False,True,0.120123908606048,-0.0004482088348115,consistent,30.0,0.9179355115238436,mbh_plus_0p3dex,0.3,0.0,7.4399999999999995,8.43,-0.9900000000000002,fedd0p3_spin_minus1_eps0p038_merger_boost_x2,0.3,0.037749551350623745,2.0,0.3644028608026719,2.314210505724727,light_seed_scale
GN1093_juodzbalis25,GN-1093,5.594,spec,JADES,broad-line-agn,robust,individual_robust,juodzbalis25_jades_blagn,"Table 2 (BH/Lbol/lambda_Edd), Table 5 (Mstar)",False,False,False,True,0.120123908606048,-0.0004482088348115,consistent,30.0,0.9179355115238436,mbh_plus_0p3dex,0.3,0.0,7.4399999999999995,8.43,-0.9900000000000002,fedd0p3_spin_0_eps0p057_no_merger_boost,0.3,0.057190958417936644,1.0,3.058714161192478,1144.759249336195,intermediate_seed_scale
GN1093_juodzbalis25,GN-1093,5.594,spec,JADES,broad-line-agn,robust,individual_robust,juodzbalis25_jades_blagn,"Table 2 (BH/Lbol/lambda_Edd), Table 5 (Mstar)",False,False,False,True,0.120123908606048,-0.0004482088348115,consistent,30.0,0.9179355115238436,mbh_plus_0p3dex,0.3,0.0,7.4399999999999995,8.43,-0.9900000000000002,fedd0p3_spin_0_eps0p057_merger_boost_x2,0.3,0.057190958417936644,2.0,2.757684165528497,572.3796246680973,intermediate_seed_scale
GN1093_juodzbalis25,GN-1093,5.594,spec,JADES,broad-line-agn,robust,individual_robust,juodzbalis25_jades_blagn,"Table 2 (BH/Lbol/lambda_Edd), Table 5 (Mstar)",False,False,False,True,0.120123908606048,-0.0004482088348115,consistent,30.0,0.9179355115238436,mbh_plus_0p3dex,0.3,0.0,7.4399999999999995,8.43,-0.9900000000000002,fedd0p3_spin_plus1_eps0p423_no_merger_boost,0.3,0.42264973081037416,1.0,7.076952040963963,11938562.599226346,above_heavy_seed_scale
GN1093_juodzbalis25,GN-1093,5.594,spec,JADES,broad-line-agn,robust,individual_robust,juodzbalis25_jades_blagn,"Table 2 (BH/Lbol/lambda_Edd), Table 5 (Mstar)",False,False,False,True,0.120123908606048,-0.0004482088348115,consistent,30.0,0.9179355115238436,mbh_plus_0p3dex,0.3,0.0,7.4399999999999995,8.43,-0.9900000000000002,fedd0p3_spin_plus1_eps0p423_merger_boost_x2,0.3,0.42264973081037416,2.0,6.775922045299982,5969281.299613172,above_heavy_seed_scale
GN1093_juodzbalis25,GN-1093,5.594,spec,JADES,broad-line-agn,robust,individual_robust,juodzbalis25_jades_blagn,"Table 2 (BH/Lbol/lambda_Edd), Table 5 (Mstar)",False,False,False,True,0.120123908606048,-0.0004482088348115,consistent,30.0,0.9179355115238436,mbh_plus_0p3dex,0.3,0.0,7.4399999999999995,8.43,-0.9900000000000002,fedd1_eps0p1_no_merger_boost,1.0,0.1,1.0,-0.5330865479568807,0.2930309223212316,light_seed_scale
GN1093_juodzbalis25,GN-1093,5.594,spec,JADES,broad-line-agn,robust,individual_robust,juodzbalis25_jades_blagn,"Table 2 (BH/Lbol/lambda_Edd), Table 5 (Mstar)",False,False,False,True,0.120123908606048,-0.0004482088348115,consistent,30.0,0.9179355115238436,mbh_plus_0p3dex,0.3,0.0,7.4399999999999995,8.43,-0.9900000000000002,fedd1_eps0p1_merger_boost_x2,1.0,0.1,2.0,-0.834116543620862,0.14651546116061578,light_seed_scale
GN1093_juodzbalis25,GN-1093,5.594,spec,JADES,broad-line-agn,robust,individual_robust,juodzbalis25_jades_blagn,"Table 2 (BH/Lbol/lambda_Edd), Table 5 (Mstar)",False,False,False,True,0.120123908606048,-0.0004482088348115,consistent,30.0,0.9179355115238436,mbh_plus_0p3dex,0.3,0.0,7.4399999999999995,8.43,-0.9900000000000002,fedd1_spin_minus1_eps0p038_no_merger_boost,1.0,0.037749551350623745,1.0,-15.14189047844449,7.212893529465137e-16,light_seed_scale
GN1093_juodzbalis25,GN-1093,5.594,spec,JADES,broad-line-agn,robust,individual_robust,juodzbalis25_jades_blagn,"Table 2 (BH/Lbol/lambda_Edd), Table 5 (Mstar)",False,False,False,True,0.120123908606048,-0.0004482088348115,consistent,30.0,0.9179355115238436,mbh_plus_0p3dex,0.3,0.0,7.4399999999999995,8.43,-0.9900000000000002,fedd1_spin_minus1_eps0p038_merger_boost_x2,1.0,0.037749551350623745,2.0,-15.44292047410847,3.606446764732568e-16,light_seed_scale
GN1093_juodzbalis25,GN-1093,5.594,spec,JADES,broad-line-agn,robust,individual_robust,juodzbalis25_jades_blagn,"Table 2 (BH/Lbol/lambda_Edd), Table 5 (Mstar)",False,False,False,True,0.120123908606048,-0.0004482088348115,consistent,30.0,0.9179355115238436,mbh_plus_0p3dex,0.3,0.0,7.4399999999999995,8.43,-0.9900000000000002,fedd1_spin_0_eps0p057_no_merger_boost,1.0,0.057190958417936644,1.0,-7.164286129358404,6.850367500531683e-08,light_seed_scale
GN1093_juodzbalis25,GN-1093,5.594,spec,JADES,broad-line-agn,robust,individual_robust,juodzbalis25_jades_blagn,"Table 2 (BH/Lbol/lambda_Edd), Table 5 (Mstar)",False,False,False,True,0.120123908606048,-0.0004482088348115,consistent,30.0,0.9179355115238436,mbh_plus_0p3dex,0.3,0.0,7.4399999999999995,8.43,-0.9900000000000002,fedd1_spin_0_eps0p057_merger_boost_x2,1.0,0.057190958417936644,2.0,-7.465316125022385,3.425183750265841e-08,light_seed_scale
GN1093_juodzbalis25,GN-1093,5.594,spec,JADES,broad-line-agn,robust,individual_robust,juodzbalis25_jades_blagn,"Table 2 (BH/Lbol/lambda_Edd), Table 5 (Mstar)",False,False,False,True,0.120123908606048,-0.0004482088348115,consistent,30.0,0.9179355115238436,mbh_plus_0p3dex,0.3,0.0,7.4399999999999995,8.43,-0.9900000000000002,fedd1_spin_plus1_eps0p423_no_merger_boost,1.0,0.42264973081037416,1.0,6.229840136546547,1697618.6453630207,above_heavy_seed_scale
GN1093_juodzbalis25,GN-1093,5.594,spec,JADES,broad-line-agn,robust,individual_robust,juodzbalis25_jades_blagn,"Table 2 (BH/Lbol/lambda_Edd), Table 5 (Mstar)",False,False,False,True,0.120123908606048,-0.0004482088348115,consistent,30.0,0.9179355115238436,mbh_plus_0p3dex,0.3,0.0,7.4399999999999995,8.43,-0.9900000000000002,fedd1_spin_plus1_eps0p423_merger_boost_x2,1.0,0.42264973081037416,2.0,5.9288101408825655,848809.3226815102,heavy_seed_scale
GN1093_juodzbalis25,GN-1093,5.594,spec,JADES,broad-line-agn,robust,individual_robust,juodzbalis25_jades_blagn,"Table 2 (BH/Lbol/lambda_Edd), Table 5 (Mstar)",False,False,False,True,0.120123908606048,-0.0004482088348115,consistent,30.0,0.9179355115238436,mbh_plus_0p3dex,0.3,0.0,7.4399999999999995,8.43,-0.9900000000000002,fedd2_eps0p1_no_merger_boost,2.0,0.1,1.0,-8.506173095913761,3.1176467419847717e-09,light_seed_scale
GN1093_juodzbalis25,GN-1093,5.594,spec,JADES,broad-line-agn,robust,individual_robust,juodzbalis25_jades_blagn,"Table 2 (BH/Lbol/lambda_Edd), Table 5 (Mstar)",False,False,False,True,0.120123908606048,-0.0004482088348115,consistent,30.0,0.9179355115238436,mbh_plus_0p3dex,0.3,0.0,7.4399999999999995,8.43,-0.9900000000000002,fedd2_eps0p1_merger_boost_x2,2.0,0.1,2.0,-8.807203091577742,1.5588233709923857e-09,light_seed_scale
GN1093_juodzbalis25,GN-1093,5.594,spec,JADES,broad-line-agn,robust,individual_robust,juodzbalis25_jades_blagn,"Table 2 (BH/Lbol/lambda_Edd), Table 5 (Mstar)",False,False,False,True,0.120123908606048,-0.0004482088348115,consistent,30.0,0.9179355115238436,mbh_plus_0p3dex,0.3,0.0,7.4399999999999995,8.43,-0.9900000000000002,fedd2_spin_minus1_eps0p038_no_merger_boost,2.0,0.037749551350623745,1.0,-37.72378095688898,1.8889438267905564e-38,light_seed_scale
GN1093_juodzbalis25,GN-1093,5.594,spec,JADES,broad-line-agn,robust,individual_robust,juodzbalis25_jades_blagn,"Table 2 (BH/Lbol/lambda_Edd), Table 5 (Mstar)",False,False,False,True,0.120123908606048,-0.0004482088348115,consistent,30.0,0.9179355115238436,mbh_plus_0p3dex,0.3,0.0,7.4399999999999995,8.43,-0.9900000000000002,fedd2_spin_minus1_eps0p038_merger_boost_x2,2.0,0.037749551350623745,2.0,-38.02481095255296,9.444719133952781e-39,light_seed_scale
GN1093_juodzbalis25,GN-1093,5.594,spec,JADES,broad-line-agn,robust,individual_robust,juodzbalis25_jades_blagn,"Table 2 (BH/Lbol/lambda_Edd), Table 5 (Mstar)",False,False,False,True,0.120123908606048,-0.0004482088348115,consistent,30.0,0.9179355115238436,mbh_plus_0p3dex,0.3,0.0,7.4399999999999995,8.43,-0.9900000000000002,fedd2_spin_0_eps0p057_no_merger_boost,2.0,0.057190958417936644,1.0,-21.76857225871681,1.7038358083867064e-22,light_seed_scale
GN1093_juodzbalis25,GN-1093,5.594,spec,JADES,broad-line-agn,robust,individual_robust,juodzbalis25_jades_blagn,"Table 2 (BH/Lbol/lambda_Edd), Table 5 (Mstar)",False,False,False,True,0.120123908606048,-0.0004482088348115,consistent,30.0,0.9179355115238436,mbh_plus_0p3dex,0.3,0.0,7.4399999999999995,8.43,-0.9900000000000002,fedd2_spin_0_eps0p057_merger_boost_x2,2.0,0.057190958417936644,2.0,-22.06960225438079,8.519179041933531e-23,light_seed_scale
GN1093_juodzbalis25,GN-1093,5.594,spec,JADES,broad-line-agn,robust,individual_robust,juodzbalis25_jades_blagn,"Table 2 (BH/Lbol/lambda_Edd), Table 5 (Mstar)",False,False,False,True,0.120123908606048,-0.0004482088348115,consistent,30.0,0.9179355115238436,mbh_plus_0p3dex,0.3,0.0,7.4399999999999995,8.43,-0.9900000000000002,fedd2_spin_plus1_eps0p423_no_merger_boost,2.0,0.42264973081037416,1.0,5.019680273093094,104635.79373750857,heavy_seed_scale
GN1093_juodzbalis25,GN-1093,5.594,spec,JADES,broad-line-agn,robust,individual_robust,juodzbalis25_jades_blagn,"Table 2 (BH/Lbol/lambda_Edd), Table 5 (Mstar)",False,False,False,True,0.120123908606048,-0.0004482088348115,consistent,30.0,0.9179355115238436,mbh_plus_0p3dex,0.3,0.0,7.4399999999999995,8.43,-0.9900000000000002,fedd2_spin_plus1_eps0p423_merger_boost_x2,2.0,0.42264973081037416,2.0,4.718650277429113,52317.89686875428,heavy_seed_scale
GN1093_juodzbalis25,GN-1093,5.594,spec,JADES,broad-line-agn,robust,individual_robust,juodzbalis25_jades_blagn,"Table 2 (BH/Lbol/lambda_Edd), Table 5 (Mstar)",False,False,False,True,0.120123908606048,-0.0004482088348115,consistent,30.0,0.9179355115238436,mstar_agn_20pct,0.0,0.2,7.14,8.333089986991943,-1.1930899869919438,fedd0p3_eps0p1_no_merger_boost,0.3,0.1,1.0,4.748074035612936,55985.30333539681,heavy_seed_scale
GN1093_juodzbalis25,GN-1093,5.594,spec,JADES,broad-line-agn,robust,individual_robust,juodzbalis25_jades_blagn,"Table 2 (BH/Lbol/lambda_Edd), Table 5 (Mstar)",False,False,False,True,0.120123908606048,-0.0004482088348115,consistent,30.0,0.9179355115238436,mstar_agn_20pct,0.0,0.2,7.14,8.333089986991943,-1.1930899869919438,fedd0p3_eps0p1_merger_boost_x2,0.3,0.1,2.0,4.447044039948954,27992.651667698403,heavy_seed_scale
GN1093_juodzbalis25,GN-1093,5.594,spec,JADES,broad-line-agn,robust,individual_robust,juodzbalis25_jades_blagn,"Table 2 (BH/Lbol/lambda_Edd), Table 5 (Mstar)",False,False,False,True,0.120123908606048,-0.0004482088348115,consistent,30.0,0.9179355115238436,mstar_agn_20pct,0.0,0.2,7.14,8.333089986991943,-1.1930899869919438,fedd0p3_spin_minus1_eps0p038_no_merger_boost,0.3,0.037749551350623745,1.0,0.36543285646665336,2.319705522790695,light_seed_scale
GN1093_juodzbalis25,GN-1093,5.594,spec,JADES,broad-line-agn,robust,individual_robust,juodzbalis25_jades_blagn,"Table 2 (BH/Lbol/lambda_Edd), Table 5 (Mstar)",False,False,False,True,0.120123908606048,-0.0004482088348115,consistent,30.0,0.9179355115238436,mstar_agn_20pct,0.0,0.2,7.14,8.333089986991943,-1.1930899869919438,fedd0p3_spin_minus1_eps0p038_merger_boost_x2,0.3,0.037749551350623745,2.0,0.0644028608026721,1.1598527613953473,light_seed_scale
GN1093_juodzbalis25,GN-1093,5.594,spec,JADES,broad-line-agn,robust,individual_robust,juodzbalis25_jades_blagn,"Table 2 (BH/Lbol/lambda_Edd), Table 5 (Mstar)",False,False,False,True,0.120123908606048,-0.0004482088348115,consistent,30.0,0.9179355115238436,mstar_agn_20pct,0.0,0.2,7.14,8.333089986991943,-1.1930899869919438,fedd0p3_spin_0_eps0p057_no_merger_boost,0.3,0.057190958417936644,1.0,2.7587141611924784,573.7387213440406,intermediate_seed_scale
GN1093_juodzbalis25,GN-1093,5.594,spec,JADES,broad-line-agn,robust,individual_robust,juodzbalis25_jades_blagn,"Table 2 (BH/Lbol/lambda_Edd), Table 5 (Mstar)",False,False,False,True,0.120123908606048,-0.0004482088348115,consistent,30.0,0.9179355115238436,mstar_agn_20pct,0.0,0.2,7.14,8.333089986991943,-1.1930899869919438,fedd0p3_spin_0_eps0p057_merger_boost_x2,0.3,0.057190958417936644,2.0,2.457684165528497,286.86936067202026,intermediate_seed_scale
GN1093_juodzbalis25,GN-1093,5.594,spec,JADES,broad-line-agn,robust,individual_robust,juodzbalis25_jades_blagn,"Table 2 (BH/Lbol/lambda_Edd), Table 5 (Mstar)",False,False,False,True,0.120123908606048,-0.0004482088348115,consistent,30.0,0.9179355115238436,mstar_agn_20pct,0.0,0.2,7.14,8.333089986991943,-1.1930899869919438,fedd0p3_spin_plus1_eps0p423_no_merger_boost,0.3,0.42264973081037416,1.0,6.776952040963963,5983455.162592272,above_heavy_seed_scale
GN1093_juodzbalis25,GN-1093,5.594,spec,JADES,broad-line-agn,robust,individual_robust,juodzbalis25_jades_blagn,"Table 2 (BH/Lbol/lambda_Edd), Table 5 (Mstar)",False,False,False,True,0.120123908606048,-0.0004482088348115,consistent,30.0,0.9179355115238436,mstar_agn_20pct,0.0,0.2,7.14,8.333089986991943,-1.1930899869919438,fedd0p3_spin_plus1_eps0p423_merger_boost_x2,0.3,0.42264973081037416,2.0,6.475922045299982,2991727.5812961357,above_heavy_seed_scale
GN1093_juodzbalis25,GN-1093,5.594,spec,JADES,broad-line-agn,robust,individual_robust,juodzbalis25_jades_blagn,"Table 2 (BH/Lbol/lambda_Edd), Table 5 (Mstar)",False,False,False,True,0.120123908606048,-0.0004482088348115,consistent,30.0,0.9179355115238436,mstar_agn_20pct,0.0,0.2,7.14,8.333089986991943,-1.1930899869919438,fedd1_eps0p1_no_merger_boost,1.0,0.1,1.0,-0.8330865479568805,0.14686335732542624,light_seed_scale
GN1093_juodzbalis25,GN-1093,5.594,spec,JADES,broad-line-agn,robust,individual_robust,juodzbalis25_jades_blagn,"Table 2 (BH/Lbol/lambda_Edd), Table 5 (Mstar)",False,False,False,True,0.120123908606048,-0.0004482088348115,consistent,30.0,0.9179355115238436,mstar_agn_20pct,0.0,0.2,7.14,8.333089986991943,-1.1930899869919438,fedd1_eps0p1_merger_boost_x2,1.0,0.1,2.0,-1.1341165436208618,0.0734316786627131,light_seed_scale
GN1093_juodzbalis25,GN-1093,5.594,spec,JADES,broad-line-agn,robust,individual_robust,juodzbalis25_jades_blagn,"Table 2 (BH/Lbol/lambda_Edd), Table 5 (Mstar)",False,False,False,True,0.120123908606048,-0.0004482088348115,consistent,30.0,0.9179355115238436,mstar_agn_20pct,0.0,0.2,7.14,8.333089986991943,-1.1930899869919438,fedd1_spin_minus1_eps0p038_no_merger_boost,1.0,0.037749551350623745,1.0,-15.441890478444488,3.6150101544806927e-16,light_seed_scale
GN1093_juodzbalis25,GN-1093,5.594,spec,JADES,broad-line-agn,robust,individual_robust,juodzbalis25_jades_blagn,"Table 2 (BH/Lbol/lambda_Edd), Table 5 (Mstar)",False,False,False,True,0.120123908606048,-0.0004482088348115,consistent,30.0,0.9179355115238436,mstar_agn_20pct,0.0,0.2,7.14,8.333089986991943,-1.1930899869919438,fedd1_spin_minus1_eps0p038_merger_boost_x2,1.0,0.037749551350623745,2.0,-15.74292047410847,1.807505077240346e-16,light_seed_scale
GN1093_juodzbalis25,GN-1093,5.594,spec,JADES,broad-line-agn,robust,individual_robust,juodzbalis25_jades_blagn,"Table 2 (BH/Lbol/lambda_Edd), Table 5 (Mstar)",False,False,False,True,0.120123908606048,-0.0004482088348115,consistent,30.0,0.9179355115238436,mstar_agn_20pct,0.0,0.2,7.14,8.333089986991943,-1.1930899869919438,fedd1_spin_0_eps0p057_no_merger_boost,1.0,0.057190958417936644,1.0,-7.4642861293584035,3.433316736921647e-08,light_seed_scale
GN1093_juodzbalis25,GN-1093,5.594,spec,JADES,broad-line-agn,robust,individual_robust,juodzbalis25_jades_blagn,"Table 2 (BH/Lbol/lambda_Edd), Table 5 (Mstar)",False,False,False,True,0.120123908606048,-0.0004482088348115,consistent,30.0,0.9179355115238436,mstar_agn_20pct,0.0,0.2,7.14,8.333089986991943,-1.1930899869919438,fedd1_spin_0_eps0p057_merger_boost_x2,1.0,0.057190958417936644,2.0,-7.765316125022385,1.7166583684608232e-08,light_seed_scale
GN1093_juodzbalis25,GN-1093,5.594,spec,JADES,broad-line-agn,robust,individual_robust,juodzbalis25_jades_blagn,"Table 2 (BH/Lbol/lambda_Edd), Table 5 (Mstar)",False,False,False,True,0.120123908606048,-0.0004482088348115,consistent,30.0,0.9179355115238436,mstar_agn_20pct,0.0,0.2,7.14,8.333089986991943,-1.1930899869919438,fedd1_spin_plus1_eps0p423_no_merger_boost,1.0,0.42264973081037416,1.0,5.929840136546547,850824.7926235702,heavy_seed_scale
GN1093_juodzbalis25,GN-1093,5.594,spec,JADES,broad-line-agn,robust,individual_robust,juodzbalis25_jades_blagn,"Table 2 (BH/Lbol/lambda_Edd), Table 5 (Mstar)",False,False,False,True,0.120123908606048,-0.0004482088348115,consistent,30.0,0.9179355115238436,mstar_agn_20pct,0.0,0.2,7.14,8.333089986991943,-1.1930899869919438,fedd1_spin_plus1_eps0p423_merger_boost_x2,1.0,0.42264973081037416,2.0,5.628810140882566,425412.39631178504,heavy_seed_scale
GN1093_juodzbalis25,GN-1093,5.594,spec,JADES,broad-line-agn,robust,individual_robust,juodzbalis25_jades_blagn,"Table 2 (BH/Lbol/lambda_Edd), Table 5 (Mstar)",False,False,False,True,0.120123908606048,-0.0004482088348115,consistent,30.0,0.9179355115238436,mstar_agn_20pct,0.0,0.2,7.14,8.333089986991943,-1.1930899869919438,fedd2_eps0p1_no_merger_boost,2.0,0.1,1.0,-8.80617309591376,1.5625247460424298e-09,light_seed_scale
GN1093_juodzbalis25,GN-1093,5.594,spec,JADES,broad-line-agn,robust,individual_robust,juodzbalis25_jades_blagn,"Table 2 (BH/Lbol/lambda_Edd), Table 5 (Mstar)",False,False,False,True,0.120123908606048,-0.0004482088348115,consistent,30.0,0.9179355115238436,mstar_agn_20pct,0.0,0.2,7.14,8.333089986991943,-1.1930899869919438,fedd2_eps0p1_merger_boost_x2,2.0,0.1,2.0,-9.107203091577741,7.812623730212148e-10,light_seed_scale
GN1093_juodzbalis25,GN-1093,5.594,spec,JADES,broad-line-agn,robust,individual_robust,juodzbalis25_jades_blagn,"Table 2 (BH/Lbol/lambda_Edd), Table 5 (Mstar)",False,False,False,True,0.120123908606048,-0.0004482088348115,consistent,30.0,0.9179355115238436,mstar_agn_20pct,0.0,0.2,7.14,8.333089986991943,-1.1930899869919438,fedd2_spin_minus1_eps0p038_no_merger_boost,2.0,0.037749551350623745,1.0,-38.02378095688898,9.467145310264786e-39,light_seed_scale
GN1093_juodzbalis25,GN-1093,5.594,spec,JADES,broad-line-agn,robust,individual_robust,juodzbalis25_jades_blagn,"Table 2 (BH/Lbol/lambda_Edd), Table 5 (Mstar)",False,False,False,True,0.120123908606048,-0.0004482088348115,consistent,30.0,0.9179355115238436,mstar_agn_20pct,0.0,0.2,7.14,8.333089986991943,-1.1930899869919438,fedd2_spin_minus1_eps0p038_merger_boost_x2,2.0,0.037749551350623745,2.0,-38.32481095255296,4.733572655132392e-39,light_seed_scale
GN1093_juodzbalis25,GN-1093,5.594,spec,JADES,broad-line-agn,robust,individual_robust,juodzbalis25_jades_blagn,"Table 2 (BH/Lbol/lambda_Edd), Table 5 (Mstar)",False,False,False,True,0.120123908606048,-0.0004482088348115,consistent,30.0,0.9179355115238436,mstar_agn_20pct,0.0,0.2,7.14,8.333089986991943,-1.1930899869919438,fedd2_spin_0_eps0p057_no_merger_boost,2.0,0.057190958417936644,1.0,-22.068572258716806,8.539407553604261e-23,light_seed_scale
GN1093_juodzbalis25,GN-1093,5.594,spec,JADES,broad-line-agn,robust,individual_robust,juodzbalis25_jades_blagn,"Table 2 (BH/Lbol/lambda_Edd), Table 5 (Mstar)",False,False,False,True,0.120123908606048,-0.0004482088348115,consistent,30.0,0.9179355115238436,mstar_agn_20pct,0.0,0.2,7.14,8.333089986991943,-1.1930899869919438,fedd2_spin_0_eps0p057_merger_boost_x2,2.0,0.057190958417936644,2.0,-22.369602254380787,4.26970377680213e-23,light_seed_scale
GN1093_juodzbalis25,GN-1093,5.594,spec,JADES,broad-line-agn,robust,individual_robust,juodzbalis25_jades_blagn,"Table 2 (BH/Lbol/lambda_Edd), Table 5 (Mstar)",False,False,False,True,0.120123908606048,-0.0004482088348115,consistent,30.0,0.9179355115238436,mstar_agn_20pct,0.0,0.2,7.14,8.333089986991943,-1.1930899869919438,fedd2_spin_plus1_eps0p423_no_merger_boost,2.0,0.42264973081037416,1.0,4.719680273093093,52442.1240016957,heavy_seed_scale
GN1093_juodzbalis25,GN-1093,5.594,spec,JADES,broad-line-agn,robust,individual_robust,juodzbalis25_jades_blagn,"Table 2 (BH/Lbol/lambda_Edd), Table 5 (Mstar)",False,False,False,True,0.120123908606048,-0.0004482088348115,consistent,30.0,0.9179355115238436,mstar_agn_20pct,0.0,0.2,7.14,8.333089986991943,-1.1930899869919438,fedd2_spin_plus1_eps0p423_merger_boost_x2,2.0,0.42264973081037416,2.0,4.418650277429112,26221.062000847847,heavy_seed_scale
GN954_juodzbalis25,GN-954,6.759,spec,JADES,broad-line-agn,robust,individual_robust,juodzbalis25_jades_blagn,"Table 2 (BH/Lbol/lambda_Edd), Table 5 (Mstar)",False,False,False,True,0.2342229544973313,-0.0079016188648425,consistent,30.0,0.697898826449339,baseline,0.0,0.0,7.7,10.93,-3.2299999999999995,fedd0p3_eps0p1_no_merger_boost,0.3,0.1,1.0,5.881438344477782,761094.0810264318,heavy_seed_scale
GN954_juodzbalis25,GN-954,6.759,spec,JADES,broad-line-agn,robust,individual_robust,juodzbalis25_jades_blagn,"Table 2 (BH/Lbol/lambda_Edd), Table 5 (Mstar)",False,False,False,True,0.2342229544973313,-0.0079016188648425,consistent,30.0,0.697898826449339,baseline,0.0,0.0,7.7,10.93,-3.2299999999999995,fedd0p3_eps0p1_merger_boost_x2,0.3,0.1,2.0,5.5804083488138,380547.0405132159,heavy_seed_scale
GN954_juodzbalis25,GN-954,6.759,spec,JADES,broad-line-agn,robust,individual_robust,juodzbalis25_jades_blagn,"Table 2 (BH/Lbol/lambda_Edd), Table 5 (Mstar)",False,False,False,True,0.2342229544973313,-0.0079016188648425,consistent,30.0,0.697898826449339,baseline,0.0,0.0,7.7,10.93,-3.2299999999999995,fedd0p3_spin_minus1_eps0p038_no_merger_boost,0.3,0.037749551350623745,1.0,2.5493522695015995,354.2845956095082,intermediate_seed_scale
GN954_juodzbalis25,GN-954,6.759,spec,JADES,broad-line-agn,robust,individual_robust,juodzbalis25_jades_blagn,"Table 2 (BH/Lbol/lambda_Edd), Table 5 (Mstar)",False,False,False,True,0.2342229544973313,-0.0079016188648425,consistent,30.0,0.697898826449339,baseline,0.0,0.0,7.7,10.93,-3.2299999999999995,fedd0p3_spin_minus1_eps0p038_merger_boost_x2,0.3,0.037749551350623745,2.0,2.2483222738376183,177.1422978047541,intermediate_seed_scale
GN954_juodzbalis25,GN-954,6.759,spec,JADES,broad-line-agn,robust,individual_robust,juodzbalis25_jades_blagn,"Table 2 (BH/Lbol/lambda_Edd), Table 5 (Mstar)",False,False,False,True,0.2342229544973313,-0.0079016188648425,consistent,30.0,0.697898826449339,baseline,0.0,0.0,7.7,10.93,-3.2299999999999995,fedd0p3_spin_0_eps0p057_no_merger_boost,0.3,0.057190958417936644,1.0,4.368944379146124,23385.37718864009,heavy_seed_scale
GN954_juodzbalis25,GN-954,6.759,spec,JADES,broad-line-agn,robust,individual_robust,juodzbalis25_jades_blagn,"Table 2 (BH/Lbol/lambda_Edd), Table 5 (Mstar)",False,False,False,True,0.2342229544973313,-0.0079016188648425,consistent,30.0,0.697898826449339,baseline,0.0,0.0,7.7,10.93,-3.2299999999999995,fedd0p3_spin_0_eps0p057_merger_boost_x2,0.3,0.057190958417936644,2.0,4.067914383482143,11692.688594320043,heavy_seed_scale
GN954_juodzbalis25,GN-954,6.759,spec,JADES,broad-line-agn,robust,individual_robust,juodzbalis25_jades_blagn,"Table 2 (BH/Lbol/lambda_Edd), Table 5 (Mstar)",False,False,False,True,0.2342229544973313,-0.0079016188648425,consistent,30.0,0.697898826449339,baseline,0.0,0.0,7.7,10.93,-3.2299999999999995,fedd0p3_spin_plus1_eps0p423_no_merger_boost,0.3,0.42264973081037416,1.0,7.423977620023152,26544687.688944213,above_heavy_seed_scale
GN954_juodzbalis25,GN-954,6.759,spec,JADES,broad-line-agn,robust,individual_robust,juodzbalis25_jades_blagn,"Table 2 (BH/Lbol/lambda_Edd), Table 5 (Mstar)",False,False,False,True,0.2342229544973313,-0.0079016188648425,consistent,30.0,0.697898826449339,baseline,0.0,0.0,7.7,10.93,-3.2299999999999995,fedd0p3_spin_plus1_eps0p423_merger_boost_x2,0.3,0.42264973081037416,2.0,7.1229476243591705,13272343.844472105,above_heavy_seed_scale
GN954_juodzbalis25,GN-954,6.759,spec,JADES,broad-line-agn,robust,individual_robust,juodzbalis25_jades_blagn,"Table 2 (BH/Lbol/lambda_Edd), Table 5 (Mstar)",False,False,False,True,0.2342229544973313,-0.0079016188648425,consistent,30.0,0.697898826449339,baseline,0.0,0.0,7.7,10.93,-3.2299999999999995,fedd1_eps0p1_no_merger_boost,1.0,0.1,1.0,1.6381278149259382,43.46381214109415,light_seed_scale
GN954_juodzbalis25,GN-954,6.759,spec,JADES,broad-line-agn,robust,individual_robust,juodzbalis25_jades_blagn,"Table 2 (BH/Lbol/lambda_Edd), Table 5 (Mstar)",False,False,False,True,0.2342229544973313,-0.0079016188648425,consistent,30.0,0.697898826449339,baseline,0.0,0.0,7.7,10.93,-3.2299999999999995,fedd1_eps0p1_merger_boost_x2,1.0,0.1,2.0,1.337097819261957,21.731906070547073,light_seed_scale
GN954_juodzbalis25,GN-954,6.759,spec,JADES,broad-line-agn,robust,individual_robust,juodzbalis25_jades_blagn,"Table 2 (BH/Lbol/lambda_Edd), Table 5 (Mstar)",False,False,False,True,0.2342229544973313,-0.0079016188648425,consistent,30.0,0.697898826449339,baseline,0.0,0.0,7.7,10.93,-3.2299999999999995,fedd1_spin_minus1_eps0p038_no_merger_boost,1.0,0.037749551350623745,1.0,-9.468825768328003,3.397615518959349e-10,light_seed_scale
GN954_juodzbalis25,GN-954,6.759,spec,JADES,broad-line-agn,robust,individual_robust,juodzbalis25_jades_blagn,"Table 2 (BH/Lbol/lambda_Edd), Table 5 (Mstar)",False,False,False,True,0.2342229544973313,-0.0079016188648425,consistent,30.0,0.697898826449339,baseline,0.0,0.0,7.7,10.93,-3.2299999999999995,fedd1_spin_minus1_eps0p038_merger_boost_x2,1.0,0.037749551350623745,2.0,-9.769855763991984,1.6988077594796741e-10,light_seed_scale
GN954_juodzbalis25,GN-954,6.759,spec,JADES,broad-line-agn,robust,individual_robust,juodzbalis25_jades_blagn,"Table 2 (BH/Lbol/lambda_Edd), Table 5 (Mstar)",False,False,False,True,0.2342229544973313,-0.0079016188648425,consistent,30.0,0.697898826449339,baseline,0.0,0.0,7.7,10.93,-3.2299999999999995,fedd1_spin_0_eps0p057_no_merger_boost,1.0,0.057190958417936644,1.0,-3.4035187361795876,0.0003948946625750226,light_seed_scale
GN954_juodzbalis25,GN-954,6.759,spec,JADES,broad-line-agn,robust,individual_robust,juodzbalis25_jades_blagn,"Table 2 (BH/Lbol/lambda_Edd), Table 5 (Mstar)",False,False,False,True,0.2342229544973313,-0.0079016188648425,consistent,30.0,0.697898826449339,baseline,0.0,0.0,7.7,10.93,-3.2299999999999995,fedd1_spin_0_eps0p057_merger_boost_x2,1.0,0.057190958417936644,2.0,-3.704548731843569,0.00019744733128751127,light_seed_scale
GN954_juodzbalis25,GN-954,6.759,spec,JADES,broad-line-agn,robust,individual_robust,juodzbalis25_jades_blagn,"Table 2 (BH/Lbol/lambda_Edd), Table 5 (Mstar)",False,False,False,True,0.2342229544973313,-0.0079016188648425,consistent,30.0,0.697898826449339,baseline,0.0,0.0,7.7,10.93,-3.2299999999999995,fedd1_spin_plus1_eps0p423_no_merger_boost,1.0,0.42264973081037416,1.0,6.779925400077172,6024560.916942849,above_heavy_seed_scale
GN954_juodzbalis25,GN-954,6.759,spec,JADES,broad-line-agn,robust,individual_robust,juodzbalis25_jades_blagn,"Table 2 (BH/Lbol/lambda_Edd), Table 5 (Mstar)",False,False,False,True,0.2342229544973313,-0.0079016188648425,consistent,30.0,0.697898826449339,baseline,0.0,0.0,7.7,10.93,-3.2299999999999995,fedd1_spin_plus1_eps0p423_merger_boost_x2,1.0,0.42264973081037416,2.0,6.478895404413191,3012280.458471424,above_heavy_seed_scale
GN954_juodzbalis25,GN-954,6.759,spec,JADES,broad-line-agn,robust,individual_robust,juodzbalis25_jades_blagn,"Table 2 (BH/Lbol/lambda_Edd), Table 5 (Mstar)",False,False,False,True,0.2342229544973313,-0.0079016188648425,consistent,30.0,0.697898826449339,baseline,0.0,0.0,7.7,10.93,-3.2299999999999995,fedd2_eps0p1_no_merger_boost,2.0,0.1,1.0,-4.423744370148124,3.769255956829157e-05,light_seed_scale
GN954_juodzbalis25,GN-954,6.759,spec,JADES,broad-line-agn,robust,individual_robust,juodzbalis25_jades_blagn,"Table 2 (BH/Lbol/lambda_Edd), Table 5 (Mstar)",False,False,False,True,0.2342229544973313,-0.0079016188648425,consistent,30.0,0.697898826449339,baseline,0.0,0.0,7.7,10.93,-3.2299999999999995,fedd2_eps0p1_merger_boost_x2,2.0,0.1,2.0,-4.724774365812105,1.8846279784145784e-05,light_seed_scale
GN954_juodzbalis25,GN-954,6.759,spec,JADES,broad-line-agn,robust,individual_robust,juodzbalis25_jades_blagn,"Table 2 (BH/Lbol/lambda_Edd), Table 5 (Mstar)",False,False,False,True,0.2342229544973313,-0.0079016188648425,consistent,30.0,0.697898826449339,baseline,0.0,0.0,7.7,10.93,-3.2299999999999995,fedd2_spin_minus1_eps0p038_no_merger_boost,2.0,0.037749551350623745,1.0,-26.637651536656005,2.303289158250671e-27,light_seed_scale
GN954_juodzbalis25,GN-954,6.759,spec,JADES,broad-line-agn,robust,individual_robust,juodzbalis25_jades_blagn,"Table 2 (BH/Lbol/lambda_Edd), Table 5 (Mstar)",False,False,False,True,0.2342229544973313,-0.0079016188648425,consistent,30.0,0.697898826449339,baseline,0.0,0.0,7.7,10.93,-3.2299999999999995,fedd2_spin_minus1_eps0p038_merger_boost_x2,2.0,0.037749551350623745,2.0,-26.938681532319986,1.1516445791253352e-27,light_seed_scale
GN954_juodzbalis25,GN-954,6.759,spec,JADES,broad-line-agn,robust,individual_robust,juodzbalis25_jades_blagn,"Table 2 (BH/Lbol/lambda_Edd), Table 5 (Mstar)",False,False,False,True,0.2342229544973313,-0.0079016188648425,consistent,30.0,0.697898826449339,baseline,0.0,0.0,7.7,10.93,-3.2299999999999995,fedd2_spin_0_eps0p057_no_merger_boost,2.0,0.057190958417936644,1.0,-14.507037472359176,3.1114478595480913e-15,light_seed_scale
GN954_juodzbalis25,GN-954,6.759,spec,JADES,broad-line-agn,robust,individual_robust,juodzbalis25_jades_blagn,"Table 2 (BH/Lbol/lambda_Edd), Table 5 (Mstar)",False,False,False,True,0.2342229544973313,-0.0079016188648425,consistent,30.0,0.697898826449339,baseline,0.0,0.0,7.7,10.93,-3.2299999999999995,fedd2_spin_0_eps0p057_merger_boost_x2,2.0,0.057190958417936644,2.0,-14.808067468023157,1.5557239297740454e-15,light_seed_scale
GN954_juodzbalis25,GN-954,6.759,spec,JADES,broad-line-agn,robust,individual_robust,juodzbalis25_jades_blagn,"Table 2 (BH/Lbol/lambda_Edd), Table 5 (Mstar)",False,False,False,True,0.2342229544973313,-0.0079016188648425,consistent,30.0,0.697898826449339,baseline,0.0,0.0,7.7,10.93,-3.2299999999999995,fedd2_spin_plus1_eps0p423_no_merger_boost,2.0,0.42264973081037416,1.0,5.8598508001543435,724187.1262217287,heavy_seed_scale
GN954_juodzbalis25,GN-954,6.759,spec,JADES,broad-line-agn,robust,individual_robust,juodzbalis25_jades_blagn,"Table 2 (BH/Lbol/lambda_Edd), Table 5 (Mstar)",False,False,False,True,0.2342229544973313,-0.0079016188648425,consistent,30.0,0.697898826449339,baseline,0.0,0.0,7.7,10.93,-3.2299999999999995,fedd2_spin_plus1_eps0p423_merger_boost_x2,2.0,0.42264973081037416,2.0,5.558820804490362,362093.5631108643,heavy_seed_scale
GN954_juodzbalis25,GN-954,6.759,spec,JADES,broad-line-agn,robust,individual_robust,juodzbalis25_jades_blagn,"Table 2 (BH/Lbol/lambda_Edd), Table 5 (Mstar)",False,False,False,True,0.2342229544973313,-0.0079016188648425,consistent,30.0,0.697898826449339,mbh_minus_0p3dex,-0.3,0.0,7.4,10.93,-3.5299999999999994,fedd0p3_eps0p1_no_merger_boost,0.3,0.1,1.0,5.581438344477782,381450.6369997285,heavy_seed_scale
GN954_juodzbalis25,GN-954,6.759,spec,JADES,broad-line-agn,robust,individual_robust,juodzbalis25_jades_blagn,"Table 2 (BH/Lbol/lambda_Edd), Table 5 (Mstar)",False,False,False,True,0.2342229544973313,-0.0079016188648425,consistent,30.0,0.697898826449339,mbh_minus_0p3dex,-0.3,0.0,7.4,10.93,-3.5299999999999994,fedd0p3_eps0p1_merger_boost_x2,0.3,0.1,2.0,5.2804083488138005,190725.31849986425,heavy_seed_scale
GN954_juodzbalis25,GN-954,6.759,spec,JADES,broad-line-agn,robust,individual_robust,juodzbalis25_jades_blagn,"Table 2 (BH/Lbol/lambda_Edd), Table 5 (Mstar)",False,False,False,True,0.2342229544973313,-0.0079016188648425,consistent,30.0,0.697898826449339,mbh_minus_0p3dex,-0.3,0.0,7.4,10.93,-3.5299999999999994,fedd0p3_spin_minus1_eps0p038_no_merger_boost,0.3,0.037749551350623745,1.0,2.2493522695015997,177.56291639028635,intermediate_seed_scale
GN954_juodzbalis25,GN-954,6.759,spec,JADES,broad-line-agn,robust,individual_robust,juodzbalis25_jades_blagn,"Table 2 (BH/Lbol/lambda_Edd), Table 5 (Mstar)",False,False,False,True,0.2342229544973313,-0.0079016188648425,consistent,30.0,0.697898826449339,mbh_minus_0p3dex,-0.3,0.0,7.4,10.93,-3.5299999999999994,fedd0p3_spin_minus1_eps0p038_merger_boost_x2,0.3,0.037749551350623745,2.0,1.9483222738376185,88.78145819514316,light_seed_scale
GN954_juodzbalis25,GN-954,6.759,spec,JADES,broad-line-agn,robust,individual_robust,juodzbalis25_jades_blagn,"Table 2 (BH/Lbol/lambda_Edd), Table 5 (Mstar)",False,False,False,True,0.2342229544973313,-0.0079016188648425,consistent,30.0,0.697898826449339,mbh_minus_0p3dex,-0.3,0.0,7.4,10.93,-3.5299999999999994,fedd0p3_spin_0_eps0p057_no_merger_boost,0.3,0.057190958417936644,1.0,4.068944379146124,11720.452500504849,heavy_seed_scale
GN954_juodzbalis25,GN-954,6.759,spec,JADES,broad-line-agn,robust,individual_robust,juodzbalis25_jades_blagn,"Table 2 (BH/Lbol/lambda_Edd), Table 5 (Mstar)",False,False,False,True,0.2342229544973313,-0.0079016188648425,consistent,30.0,0.697898826449339,mbh_minus_0p3dex,-0.3,0.0,7.4,10.93,-3.5299999999999994,fedd0p3_spin_0_eps0p057_merger_boost_x2,0.3,0.057190958417936644,2.0,3.767914383482143,5860.226250252424,intermediate_seed_scale
GN954_juodzbalis25,GN-954,6.759,spec,JADES,broad-line-agn,robust,individual_robust,juodzbalis25_jades_blagn,"Table 2 (BH/Lbol/lambda_Edd), Table 5 (Mstar)",False,False,False,True,0.2342229544973313,-0.0079016188648425,consistent,30.0,0.697898826449339,mbh_minus_0p3dex,-0.3,0.0,7.4,10.93,-3.5299999999999994,fedd0p3_spin_plus1_eps0p423_no_merger_boost,0.3,0.42264973081037416,1.0,7.123977620023152,13303858.590321867,above_heavy_seed_scale
GN954_juodzbalis25,GN-954,6.759,spec,JADES,broad-line-agn,robust,individual_robust,juodzbalis25_jades_blagn,"Table 2 (BH/Lbol/lambda_Edd), Table 5 (Mstar)",False,False,False,True,0.2342229544973313,-0.0079016188648425,consistent,30.0,0.697898826449339,mbh_minus_0p3dex,-0.3,0.0,7.4,10.93,-3.5299999999999994,fedd0p3_spin_plus1_eps0p423_merger_boost_x2,0.3,0.42264973081037416,2.0,6.822947624359171,6651929.2951609325,above_heavy_seed_scale
GN954_juodzbalis25,GN-954,6.759,spec,JADES,broad-line-agn,robust,individual_robust,juodzbalis25_jades_blagn,"Table 2 (BH/Lbol/lambda_Edd), Table 5 (Mstar)",False,False,False,True,0.2342229544973313,-0.0079016188648425,consistent,30.0,0.697898826449339,mbh_minus_0p3dex,-0.3,0.0,7.4,10.93,-3.5299999999999994,fedd1_eps0p1_no_merger_boost,1.0,0.1,1.0,1.3381278149259384,21.783507769890438,light_seed_scale
GN954_juodzbalis25,GN-954,6.759,spec,JADES,broad-line-agn,robust,individual_robust,juodzbalis25_jades_blagn,"Table 2 (BH/Lbol/lambda_Edd), Table 5 (Mstar)",False,False,False,True,0.2342229544973313,-0.0079016188648425,consistent,30.0,0.697898826449339,mbh_minus_0p3dex,-0.3,0.0,7.4,10.93,-3.5299999999999994,fedd1_eps0p1_merger_boost_x2,1.0,0.1,2.0,1.037097819261957,10.891753884945217,light_seed_scale
GN954_juodzbalis25,GN-954,6.759,spec,JADES,broad-line-agn,robust,individual_robust,juodzbalis25_jades_blagn,"Table 2 (BH/Lbol/lambda_Edd), Table 5 (Mstar)",False,False,False,True,0.2342229544973313,-0.0079016188648425,consistent,30.0,0.697898826449339,mbh_minus_0p3dex,-0.3,0.0,7.4,10.93,-3.5299999999999994,fedd1_spin_minus1_eps0p038_no_merger_boost,1.0,0.037749551350623745,1.0,-9.768825768328002,1.7028415228763293e-10,light_seed_scale
GN954_juodzbalis25,GN-954,6.759,spec,JADES,broad-line-agn,robust,individual_robust,juodzbalis25_jades_blagn,"Table 2 (BH/Lbol/lambda_Edd), Table 5 (Mstar)",False,False,False,True,0.2342229544973313,-0.0079016188648425,consistent,30.0,0.697898826449339,mbh_minus_0p3dex,-0.3,0.0,7.4,10.93,-3.5299999999999994,fedd1_spin_minus1_eps0p038_merger_boost_x2,1.0,0.037749551350623745,2.0,-10.069855763991983,8.514207614381645e-11,light_seed_scale
GN954_juodzbalis25,GN-954,6.759,spec,JADES,broad-line-agn,robust,individual_robust,juodzbalis25_jades_blagn,"Table 2 (BH/Lbol/lambda_Edd), Table 5 (Mstar)",False,False,False,True,0.2342229544973313,-0.0079016188648425,consistent,30.0,0.697898826449339,mbh_minus_0p3dex,-0.3,0.0,7.4,10.93,-3.5299999999999994,fedd1_spin_0_eps0p057_no_merger_boost,1.0,0.057190958417936644,1.0,-3.7035187361795874,0.00019791616351015078,light_seed_scale
GN954_juodzbalis25,GN-954,6.759,spec,JADES,broad-line-agn,robust,individual_robust,juodzbalis25_jades_blagn,"Table 2 (BH/Lbol/lambda_Edd), Table 5 (Mstar)",False,False,False,True,0.2342229544973313,-0.0079016188648425,consistent,30.0,0.697898826449339,mbh_minus_0p3dex,-0.3,0.0,7.4,10.93,-3.5299999999999994,fedd1_spin_0_eps0p057_merger_boost_x2,1.0,0.057190958417936644,2.0,-4.004548731843569,9.895808175507538e-05,light_seed_scale
GN954_juodzbalis25,GN-954,6.759,spec,JADES,broad-line-agn,robust,individual_robust,juodzbalis25_jades_blagn,"Table 2 (BH/Lbol/lambda_Edd), Table 5 (Mstar)",False,False,False,True,0.2342229544973313,-0.0079016188648425,consistent,30.0,0.697898826449339,mbh_minus_0p3dex,-0.3,0.0,7.4,10.93,-3.5299999999999994,fedd1_spin_plus1_eps0p423_no_merger_boost,1.0,0.42264973081037416,1.0,6.479925400077172,3019433.019781571,above_heavy_seed_scale
GN954_juodzbalis25,GN-954,6.759,spec,JADES,broad-line-agn,robust,individual_robust,juodzbalis25_jades_blagn,"Table 2 (BH/Lbol/lambda_Edd), Table 5 (Mstar)",False,False,False,True,0.2342229544973313,-0.0079016188648425,consistent,30.0,0.697898826449339,mbh_minus_0p3dex,-0.3,0.0,7.4,10.93,-3.5299999999999994,fedd1_spin_plus1_eps0p423_merger_boost_x2,1.0,0.42264973081037416,2.0,6.178895404413191,1509716.5098907852,above_heavy_seed_scale
GN954_juodzbalis25,GN-954,6.759,spec,JADES,broad-line-agn,robust,individual_robust,juodzbalis25_jades_blagn,"Table 2 (BH/Lbol/lambda_Edd), Table 5 (Mstar)",False,False,False,True,0.2342229544973313,-0.0079016188648425,consistent,30.0,0.697898826449339,mbh_minus_0p3dex,-0.3,0.0,7.4,10.93,-3.5299999999999994,fedd2_eps0p1_no_merger_boost,2.0,0.1,1.0,-4.723744370148124,1.889102965836323e-05,light_seed_scale
GN954_juodzbalis25,GN-954,6.759,spec,JADES,broad-line-agn,robust,individual_robust,juodzbalis25_jades_blagn,"Table 2 (BH/Lbol/lambda_Edd), Table 5 (Mstar)",False,False,False,True,0.2342229544973313,-0.0079016188648425,consistent,30.0,0.697898826449339,mbh_minus_0p3dex,-0.3,0.0,7.4,10.93,-3.5299999999999994,fedd2_eps0p1_merger_boost_x2,2.0,0.1,2.0,-5.024774365812105,9.445514829181616e-06,light_seed_scale
GN954_juodzbalis25,GN-954,6.759,spec,JADES,broad-line-agn,robust,individual_robust,juodzbalis25_jades_blagn,"Table 2 (BH/Lbol/lambda_Edd), Table 5 (Mstar)",False,False,False,True,0.2342229544973313,-0.0079016188648425,consistent,30.0,0.697898826449339,mbh_minus_0p3dex,-0.3,0.0,7.4,10.93,-3.5299999999999994,fedd2_spin_minus1_eps0p038_no_merger_boost,2.0,0.037749551350623745,1.0,-26.937651536656006,1.1543791214673403e-27,light_seed_scale
GN954_juodzbalis25,GN-954,6.759,spec,JADES,broad-line-agn,robust,individual_robust,juodzbalis25_jades_blagn,"Table 2 (BH/Lbol/lambda_Edd), Table 5 (Mstar)",False,False,False,True,0.2342229544973313,-0.0079016188648425,consistent,30.0,0.697898826449339,mbh_minus_0p3dex,-0.3,0.0,7.4,10.93,-3.5299999999999994,fedd2_spin_minus1_eps0p038_merger_boost_x2,2.0,0.037749551350623745,2.0,-27.238681532319987,5.7718956073367015e-28,light_seed_scale
GN954_juodzbalis25,GN-954,6.759,spec,JADES,broad-line-agn,robust,individual_robust,juodzbalis25_jades_blagn,"Table 2 (BH/Lbol/lambda_Edd), Table 5 (Mstar)",False,False,False,True,0.2342229544973313,-0.0079016188648425,consistent,30.0,0.697898826449339,mbh_minus_0p3dex,-0.3,0.0,7.4,10.93,-3.5299999999999994,fedd2_spin_0_eps0p057_no_merger_boost,2.0,0.057190958417936644,1.0,-14.807037472359175,1.5594179453024092e-15,light_seed_scale
GN954_juodzbalis25,GN-954,6.759,spec,JADES,broad-line-agn,robust,individual_robust,juodzbalis25_jades_blagn,"Table 2 (BH/Lbol/lambda_Edd), Table 5 (Mstar)",False,False,False,True,0.2342229544973313,-0.0079016188648425,consistent,30.0,0.697898826449339,mbh_minus_0p3dex,-0.3,0.0,7.4,10.93,-3.5299999999999994,fedd2_spin_0_eps0p057_merger_boost_x2,2.0,0.057190958417936644,2.0,-15.108067468023156,7.797089726512045e-16,light_seed_scale
GN954_juodzbalis25,GN-954,6.759,spec,JADES,broad-line-agn,robust,individual_robust,juodzbalis25_jades_blagn,"Table 2 (BH/Lbol/lambda_Edd), Table 5 (Mstar)",False,False,False,True,0.2342229544973313,-0.0079016188648425,consistent,30.0,0.697898826449339,mbh_minus_0p3dex,-0.3,0.0,7.4,10.93,-3.5299999999999994,fedd2_spin_plus1_eps0p423_no_merger_boost,2.0,0.42264973081037416,1.0,5.559850800154344,362953.3424195526,heavy_seed_scale
GN954_juodzbalis25,GN-954,6.759,spec,JADES,broad-line-agn,robust,individual_robust,juodzbalis25_jades_blagn,"Table 2 (BH/Lbol/lambda_Edd), Table 5 (Mstar)",False,False,False,True,0.2342229544973313,-0.0079016188648425,consistent,30.0,0.697898826449339,mbh_minus_0p3dex,-0.3,0.0,7.4,10.93,-3.5299999999999994,fedd2_spin_plus1_eps0p423_merger_boost_x2,2.0,0.42264973081037416,2.0,5.258820804490362,181476.67120977628,heavy_seed_scale
GN954_juodzbalis25,GN-954,6.759,spec,JADES,broad-line-agn,robust,individual_robust,juodzbalis25_jades_blagn,"Table 2 (BH/Lbol/lambda_Edd), Table 5 (Mstar)",False,False,False,True,0.2342229544973313,-0.0079016188648425,consistent,30.0,0.697898826449339,mbh_plus_0p3dex,0.3,0.0,8.0,10.93,-2.9299999999999997,fedd0p3_eps0p1_no_merger_boost,0.3,0.1,1.0,6.181438344477781,1518582.3380179098,above_heavy_seed_scale
GN954_juodzbalis25,GN-954,6.759,spec,JADES,broad-line-agn,robust,individual_robust,juodzbalis25_jades_blagn,"Table 2 (BH/Lbol/lambda_Edd), Table 5 (Mstar)",False,False,False,True,0.2342229544973313,-0.0079016188648425,consistent,30.0,0.697898826449339,mbh_plus_0p3dex,0.3,0.0,8.0,10.93,-2.9299999999999997,fedd0p3_eps0p1_merger_boost_x2,0.3,0.1,2.0,5.8804083488138,759291.1690089548,heavy_seed_scale
GN954_juodzbalis25,GN-954,6.759,spec,JADES,broad-line-agn,robust,individual_robust,juodzbalis25_jades_blagn,"Table 2 (BH/Lbol/lambda_Edd), Table 5 (Mstar)",False,False,False,True,0.2342229544973313,-0.0079016188648425,consistent,30.0,0.697898826449339,mbh_plus_0p3dex,0.3,0.0,8.0,10.93,-2.9299999999999997,fedd0p3_spin_minus1_eps0p038_no_merger_boost,0.3,0.037749551350623745,1.0,2.8493522695015994,706.8907023936404,intermediate_seed_scale
GN954_juodzbalis25,GN-954,6.759,spec,JADES,broad-line-agn,robust,individual_robust,juodzbalis25_jades_blagn,"Table 2 (BH/Lbol/lambda_Edd), Table 5 (Mstar)",False,False,False,True,0.2342229544973313,-0.0079016188648425,consistent,30.0,0.697898826449339,mbh_plus_0p3dex,0.3,0.0,8.0,10.93,-2.9299999999999997,fedd0p3_spin_minus1_eps0p038_merger_boost_x2,0.3,0.037749551350623745,2.0,2.548322273837618,353.4453511968202,intermediate_seed_scale
GN954_juodzbalis25,GN-954,6.759,spec,JADES,broad-line-agn,robust,individual_robust,juodzbalis25_jades_blagn,"Table 2 (BH/Lbol/lambda_Edd), Table 5 (Mstar)",False,False,False,True,0.2342229544973313,-0.0079016188648425,consistent,30.0,0.697898826449339,mbh_plus_0p3dex,0.3,0.0,8.0,10.93,-2.9299999999999997,fedd0p3_spin_0_eps0p057_no_merger_boost,0.3,0.057190958417936644,1.0,4.668944379146124,46659.96182582643,heavy_seed_scale
GN954_juodzbalis25,GN-954,6.759,spec,JADES,broad-line-agn,robust,individual_robust,juodzbalis25_jades_blagn,"Table 2 (BH/Lbol/lambda_Edd), Table 5 (Mstar)",False,False,False,True,0.2342229544973313,-0.0079016188648425,consistent,30.0,0.697898826449339,mbh_plus_0p3dex,0.3,0.0,8.0,10.93,-2.9299999999999997,fedd0p3_spin_0_eps0p057_merger_boost_x2,0.3,0.057190958417936644,2.0,4.367914383482143,23329.980912913215,heavy_seed_scale
GN954_juodzbalis25,GN-954,6.759,spec,JADES,broad-line-agn,robust,individual_robust,juodzbalis25_jades_blagn,"Table 2 (BH/Lbol/lambda_Edd), Table 5 (Mstar)",False,False,False,True,0.2342229544973313,-0.0079016188648425,consistent,30.0,0.697898826449339,mbh_plus_0p3dex,0.3,0.0,8.0,10.93,-2.9299999999999997,fedd0p3_spin_plus1_eps0p423_no_merger_boost,0.3,0.42264973081037416,1.0,7.723977620023152,52963615.00836873,above_heavy_seed_scale
GN954_juodzbalis25,GN-954,6.759,spec,JADES,broad-line-agn,robust,individual_robust,juodzbalis25_jades_blagn,"Table 2 (BH/Lbol/lambda_Edd), Table 5 (Mstar)",False,False,False,True,0.2342229544973313,-0.0079016188648425,consistent,30.0,0.697898826449339,mbh_plus_0p3dex,0.3,0.0,8.0,10.93,-2.9299999999999997,fedd0p3_spin_plus1_eps0p423_merger_boost_x2,0.3,0.42264973081037416,2.0,7.42294762435917,26481807.50418436,above_heavy_seed_scale
GN954_juodzbalis25,GN-954,6.759,spec,JADES,broad-line-agn,robust,individual_robust,juodzbalis25_jades_blagn,"Table 2 (BH/Lbol/lambda_Edd), Table 5 (Mstar)",False,False,False,True,0.2342229544973313,-0.0079016188648425,consistent,30.0,0.697898826449339,mbh_plus_0p3dex,0.3,0.0,8.0,10.93,-2.9299999999999997,fedd1_eps0p1_no_merger_boost,1.0,0.1,1.0,1.938127814925938,86.72170643001198,light_seed_scale
GN954_juodzbalis25,GN-954,6.759,spec,JADES,broad-line-agn,robust,individual_robust,juodzbalis25_jades_blagn,"Table 2 (BH/Lbol/lambda_Edd), Table 5 (Mstar)",False,False,False,True,0.2342229544973313,-0.0079016188648425,consistent,30.0,0.697898826449339,mbh_plus_0p3dex,0.3,0.0,8.0,10.93,-2.9299999999999997,fedd1_eps0p1_merger_boost_x2,1.0,0.1,2.0,1.6370978192619567,43.36085321500598,light_seed_scale
GN954_juodzbalis25,GN-954,6.759,spec,JADES,broad-line-agn,robust,individual_robust,juodzbalis25_jades_blagn,"Table 2 (BH/Lbol/lambda_Edd), Table 5 (Mstar)",False,False,False,True,0.2342229544973313,-0.0079016188648425,consistent,30.0,0.697898826449339,mbh_plus_0p3dex,0.3,0.0,8.0,10.93,-2.9299999999999997,fedd1_spin_minus1_eps0p038_no_merger_boost,1.0,0.037749551350623745,1.0,-9.168825768328002,6.779134205733032e-10,light_seed_scale
GN954_juodzbalis25,GN-954,6.759,spec,JADES,broad-line-agn,robust,individual_robust,juodzbalis25_jades_blagn,"Table 2 (BH/Lbol/lambda_Edd), Table 5 (Mstar)",False,False,False,True,0.2342229544973313,-0.0079016188648425,consistent,30.0,0.697898826449339,mbh_plus_0p3dex,0.3,0.0,8.0,10.93,-2.9299999999999997,fedd1_spin_minus1_eps0p038_merger_boost_x2,1.0,0.037749551350623745,2.0,-9.469855763991983,3.3895671028665154e-10,light_seed_scale
GN954_juodzbalis25,GN-954,6.759,spec,JADES,broad-line-agn,robust,individual_robust,juodzbalis25_jades_blagn,"Table 2 (BH/Lbol/lambda_Edd), Table 5 (Mstar)",False,False,False,True,0.2342229544973313,-0.0079016188648425,consistent,30.0,0.697898826449339,mbh_plus_0p3dex,0.3,0.0,8.0,10.93,-2.9299999999999997,fedd1_spin_0_eps0p057_no_merger_boost,1.0,0.057190958417936644,1.0,-3.1035187361795877,0.0007879184386182938,light_seed_scale
GN954_juodzbalis25,GN-954,6.759,spec,JADES,broad-line-agn,robust,individual_robust,juodzbalis25_jades_blagn,"Table 2 (BH/Lbol/lambda_Edd), Table 5 (Mstar)",False,False,False,True,0.2342229544973313,-0.0079016188648425,consistent,30.0,0.697898826449339,mbh_plus_0p3dex,0.3,0.0,8.0,10.93,-2.9299999999999997,fedd1_spin_0_eps0p057_merger_boost_x2,1.0,0.057190958417936644,2.0,-3.404548731843569,0.00039395921930914684,light_seed_scale
GN954_juodzbalis25,GN-954,6.759,spec,JADES,broad-line-agn,robust,individual_robust,juodzbalis25_jades_blagn,"Table 2 (BH/Lbol/lambda_Edd), Table 5 (Mstar)",False,False,False,True,0.2342229544973313,-0.0079016188648425,consistent,30.0,0.697898826449339,mbh_plus_0p3dex,0.3,0.0,8.0,10.93,-2.9299999999999997,fedd1_spin_plus1_eps0p423_no_merger_boost,1.0,0.42264973081037416,1.0,7.079925400077172,12020579.36181042,above_heavy_seed_scale
GN954_juodzbalis25,GN-954,6.759,spec,JADES,broad-line-agn,robust,individual_robust,juodzbalis25_jades_blagn,"Table 2 (BH/Lbol/lambda_Edd), Table 5 (Mstar)",False,False,False,True,0.2342229544973313,-0.0079016188648425,consistent,30.0,0.697898826449339,mbh_plus_0p3dex,0.3,0.0,8.0,10.93,-2.9299999999999997,fedd1_spin_plus1_eps0p423_merger_boost_x2,1.0,0.42264973081037416,2.0,6.77889540441319,6010289.680905209,above_heavy_seed_scale
GN954_juodzbalis25,GN-954,6.759,spec,JADES,broad-line-agn,robust,individual_robust,juodzbalis25_jades_blagn,"Table 2 (BH/Lbol/lambda_Edd), Table 5 (Mstar)",False,False,False,True,0.2342229544973313,-0.0079016188648425,consistent,30.0,0.697898826449339,mbh_plus_0p3dex,0.3,0.0,8.0,10.93,-2.9299999999999997,fedd2_eps0p1_no_merger_boost,2.0,0.1,1.0,-4.123744370148124,7.52065436613318e-05,light_seed_scale
GN954_juodzbalis25,GN-954,6.759,spec,JADES,broad-line-agn,robust,individual_robust,juodzbalis25_jades_blagn,"Table 2 (BH/Lbol/lambda_Edd), Table 5 (Mstar)",False,False,False,True,0.2342229544973313,-0.0079016188648425,consistent,30.0,0.697898826449339,mbh_plus_0p3dex,0.3,0.0,8.0,10.93,-2.9299999999999997,fedd2_eps0p1_merger_boost_x2,2.0,0.1,2.0,-4.424774365812105,3.76032718306659e-05,light_seed_scale
GN954_juodzbalis25,GN-954,6.759,spec,JADES,broad-line-agn,robust,individual_robust,juodzbalis25_jades_blagn,"Table 2 (BH/Lbol/lambda_Edd), Table 5 (Mstar)",False,False,False,True,0.2342229544973313,-0.0079016188648425,consistent,30.0,0.697898826449339,mbh_plus_0p3dex,0.3,0.0,8.0,10.93,-2.9299999999999997,fedd2_spin_minus1_eps0p038_no_merger_boost,2.0,0.037749551350623745,1.0,-26.337651536656004,4.595666057933963e-27,light_seed_scale
GN954_juodzbalis25,GN-954,6.759,spec,JADES,broad-line-agn,robust,individual_robust,juodzbalis25_jades_blagn,"Table 2 (BH/Lbol/lambda_Edd), Table 5 (Mstar)",False,False,False,True,0.2342229544973313,-0.0079016188648425,consistent,30.0,0.697898826449339,mbh_plus_0p3dex,0.3,0.0,8.0,10.93,-2.9299999999999997,fedd2_spin_minus1_eps0p038_merger_boost_x2,2.0,0.037749551350623745,2.0,-26.638681532319985,2.297833028966981e-27,light_seed_scale
GN954_juodzbalis25,GN-954,6.759,spec,JADES,broad-line-agn,robust,individual_robust,juodzbalis25_jades_blagn,"Table 2 (BH/Lbol/lambda_Edd), Table 5 (Mstar)",False,False,False,True,0.2342229544973313,-0.0079016188648425,consistent,30.0,0.697898826449339,mbh_plus_0p3dex,0.3,0.0,8.0,10.93,-2.9299999999999997,fedd2_spin_0_eps0p057_no_merger_boost,2.0,0.057190958417936644,1.0,-14.207037472359175,6.2081546591469e-15,light_seed_scale
GN954_juodzbalis25,GN-954,6.759,spec,JADES,broad-line-agn,robust,individual_robust,juodzbalis25_jades_blagn,"Table 2 (BH/Lbol/lambda_Edd), Table 5 (Mstar)",False,False,False,True,0.2342229544973313,-0.0079016188648425,consistent,30.0,0.697898826449339,mbh_plus_0p3dex,0.3,0.0,8.0,10.93,-2.9299999999999997,fedd2_spin_0_eps0p057_merger_boost_x2,2.0,0.057190958417936644,2.0,-14.508067468023157,3.1040773295734497e-15,light_seed_scale
GN954_juodzbalis25,GN-954,6.759,spec,JADES,broad-line-agn,robust,individual_robust,juodzbalis25_jades_blagn,"Table 2 (BH/Lbol/lambda_Edd), Table 5 (Mstar)",False,False,False,True,0.2342229544973313,-0.0079016188648425,consistent,30.0,0.697898826449339,mbh_plus_0p3dex,0.3,0.0,8.0,10.93,-2.9299999999999997,fedd2_spin_plus1_eps0p423_no_merger_boost,2.0,0.42264973081037416,1.0,6.159850800154343,1444943.2819358262,above_heavy_seed_scale
GN954_juodzbalis25,GN-954,6.759,spec,JADES,broad-line-agn,robust,individual_robust,juodzbalis25_jades_blagn,"Table 2 (BH/Lbol/lambda_Edd), Table 5 (Mstar)",False,False,False,True,0.2342229544973313,-0.0079016188648425,consistent,30.0,0.697898826449339,mbh_plus_0p3dex,0.3,0.0,8.0,10.93,-2.9299999999999997,fedd2_spin_plus1_eps0p423_merger_boost_x2,2.0,0.42264973081037416,2.0,5.858820804490362,722471.640967913,heavy_seed_scale
GN954_juodzbalis25,GN-954,6.759,spec,JADES,broad-line-agn,robust,individual_robust,juodzbalis25_jades_blagn,"Table 2 (BH/Lbol/lambda_Edd), Table 5 (Mstar)",False,False,False,True,0.2342229544973313,-0.0079016188648425,consistent,30.0,0.697898826449339,mstar_agn_20pct,0.0,0.2,7.7,10.833089986991943,-3.1330899869919433,fedd0p3_eps0p1_no_merger_boost,0.3,0.1,1.0,5.881438344477782,761094.0810264318,heavy_seed_scale
GN954_juodzbalis25,GN-954,6.759,spec,JADES,broad-line-agn,robust,individual_robust,juodzbalis25_jades_blagn,"Table 2 (BH/Lbol/lambda_Edd), Table 5 (Mstar)",False,False,False,True,0.2342229544973313,-0.0079016188648425,consistent,30.0,0.697898826449339,mstar_agn_20pct,0.0,0.2,7.7,10.833089986991943,-3.1330899869919433,fedd0p3_eps0p1_merger_boost_x2,0.3,0.1,2.0,5.5804083488138,380547.0405132159,heavy_seed_scale
GN954_juodzbalis25,GN-954,6.759,spec,JADES,broad-line-agn,robust,individual_robust,juodzbalis25_jades_blagn,"Table 2 (BH/Lbol/lambda_Edd), Table 5 (Mstar)",False,False,False,True,0.2342229544973313,-0.0079016188648425,consistent,30.0,0.697898826449339,mstar_agn_20pct,0.0,0.2,7.7,10.833089986991943,-3.1330899869919433,fedd0p3_spin_minus1_eps0p038_no_merger_boost,0.3,0.037749551350623745,1.0,2.5493522695015995,354.2845956095082,intermediate_seed_scale
GN954_juodzbalis25,GN-954,6.759,spec,JADES,broad-line-agn,robust,individual_robust,juodzbalis25_jades_blagn,"Table 2 (BH/Lbol/lambda_Edd), Table 5 (Mstar)",False,False,False,True,0.2342229544973313,-0.0079016188648425,consistent,30.0,0.697898826449339,mstar_agn_20pct,0.0,0.2,7.7,10.833089986991943,-3.1330899869919433,fedd0p3_spin_minus1_eps0p038_merger_boost_x2,0.3,0.037749551350623745,2.0,2.2483222738376183,177.1422978047541,intermediate_seed_scale
GN954_juodzbalis25,GN-954,6.759,spec,JADES,broad-line-agn,robust,individual_robust,juodzbalis25_jades_blagn,"Table 2 (BH/Lbol/lambda_Edd), Table 5 (Mstar)",False,False,False,True,0.2342229544973313,-0.0079016188648425,consistent,30.0,0.697898826449339,mstar_agn_20pct,0.0,0.2,7.7,10.833089986991943,-3.1330899869919433,fedd0p3_spin_0_eps0p057_no_merger_boost,0.3,0.057190958417936644,1.0,4.368944379146124,23385.37718864009,heavy_seed_scale
GN954_juodzbalis25,GN-954,6.759,spec,JADES,broad-line-agn,robust,individual_robust,juodzbalis25_jades_blagn,"Table 2 (BH/Lbol/lambda_Edd), Table 5 (Mstar)",False,False,False,True,0.2342229544973313,-0.0079016188648425,consistent,30.0,0.697898826449339,mstar_agn_20pct,0.0,0.2,7.7,10.833089986991943,-3.1330899869919433,fedd0p3_spin_0_eps0p057_merger_boost_x2,0.3,0.057190958417936644,2.0,4.067914383482143,11692.688594320043,heavy_seed_scale
GN954_juodzbalis25,GN-954,6.759,spec,JADES,broad-line-agn,robust,individual_robust,juodzbalis25_jades_blagn,"Table 2 (BH/Lbol/lambda_Edd), Table 5 (Mstar)",False,False,False,True,0.2342229544973313,-0.0079016188648425,consistent,30.0,0.697898826449339,mstar_agn_20pct,0.0,0.2,7.7,10.833089986991943,-3.1330899869919433,fedd0p3_spin_plus1_eps0p423_no_merger_boost,0.3,0.42264973081037416,1.0,7.423977620023152,26544687.688944213,above_heavy_seed_scale
GN954_juodzbalis25,GN-954,6.759,spec,JADES,broad-line-agn,robust,individual_robust,juodzbalis25_jades_blagn,"Table 2 (BH/Lbol/lambda_Edd), Table 5 (Mstar)",False,False,False,True,0.2342229544973313,-0.0079016188648425,consistent,30.0,0.697898826449339,mstar_agn_20pct,0.0,0.2,7.7,10.833089986991943,-3.1330899869919433,fedd0p3_spin_plus1_eps0p423_merger_boost_x2,0.3,0.42264973081037416,2.0,7.1229476243591705,13272343.844472105,above_heavy_seed_scale
GN954_juodzbalis25,GN-954,6.759,spec,JADES,broad-line-agn,robust,individual_robust,juodzbalis25_jades_blagn,"Table 2 (BH/Lbol/lambda_Edd), Table 5 (Mstar)",False,False,False,True,0.2342229544973313,-0.0079016188648425,consistent,30.0,0.697898826449339,mstar_agn_20pct,0.0,0.2,7.7,10.833089986991943,-3.1330899869919433,fedd1_eps0p1_no_merger_boost,1.0,0.1,1.0,1.6381278149259382,43.46381214109415,light_seed_scale
GN954_juodzbalis25,GN-954,6.759,spec,JADES,broad-line-agn,robust,individual_robust,juodzbalis25_jades_blagn,"Table 2 (BH/Lbol/lambda_Edd), Table 5 (Mstar)",False,False,False,True,0.2342229544973313,-0.0079016188648425,consistent,30.0,0.697898826449339,mstar_agn_20pct,0.0,0.2,7.7,10.833089986991943,-3.1330899869919433,fedd1_eps0p1_merger_boost_x2,1.0,0.1,2.0,1.337097819261957,21.731906070547073,light_seed_scale
GN954_juodzbalis25,GN-954,6.759,spec,JADES,broad-line-agn,robust,individual_robust,juodzbalis25_jades_blagn,"Table 2 (BH/Lbol/lambda_Edd), Table 5 (Mstar)",False,False,False,True,0.2342229544973313,-0.0079016188648425,consistent,30.0,0.697898826449339,mstar_agn_20pct,0.0,0.2,7.7,10.833089986991943,-3.1330899869919433,fedd1_spin_minus1_eps0p038_no_merger_boost,1.0,0.037749551350623745,1.0,-9.468825768328003,3.397615518959349e-10,light_seed_scale
GN954_juodzbalis25,GN-954,6.759,spec,JADES,broad-line-agn,robust,individual_robust,juodzbalis25_jades_blagn,"Table 2 (BH/Lbol/lambda_Edd), Table 5 (Mstar)",False,False,False,True,0.2342229544973313,-0.0079016188648425,consistent,30.0,0.697898826449339,mstar_agn_20pct,0.0,0.2,7.7,10.833089986991943,-3.1330899869919433,fedd1_spin_minus1_eps0p038_merger_boost_x2,1.0,0.037749551350623745,2.0,-9.769855763991984,1.6988077594796741e-10,light_seed_scale
GN954_juodzbalis25,GN-954,6.759,spec,JADES,broad-line-agn,robust,individual_robust,juodzbalis25_jades_blagn,"Table 2 (BH/Lbol/lambda_Edd), Table 5 (Mstar)",False,False,False,True,0.2342229544973313,-0.0079016188648425,consistent,30.0,0.697898826449339,mstar_agn_20pct,0.0,0.2,7.7,10.833089986991943,-3.1330899869919433,fedd1_spin_0_eps0p057_no_merger_boost,1.0,0.057190958417936644,1.0,-3.4035187361795876,0.0003948946625750226,light_seed_scale
GN954_juodzbalis25,GN-954,6.759,spec,JADES,broad-line-agn,robust,individual_robust,juodzbalis25_jades_blagn,"Table 2 (BH/Lbol/lambda_Edd), Table 5 (Mstar)",False,False,False,True,0.2342229544973313,-0.0079016188648425,consistent,30.0,0.697898826449339,mstar_agn_20pct,0.0,0.2,7.7,10.833089986991943,-3.1330899869919433,fedd1_spin_0_eps0p057_merger_boost_x2,1.0,0.057190958417936644,2.0,-3.704548731843569,0.00019744733128751127,light_seed_scale
GN954_juodzbalis25,GN-954,6.759,spec,JADES,broad-line-agn,robust,individual_robust,juodzbalis25_jades_blagn,"Table 2 (BH/Lbol/lambda_Edd), Table 5 (Mstar)",False,False,False,True,0.2342229544973313,-0.0079016188648425,consistent,30.0,0.697898826449339,mstar_agn_20pct,0.0,0.2,7.7,10.833089986991943,-3.1330899869919433,fedd1_spin_plus1_eps0p423_no_merger_boost,1.0,0.42264973081037416,1.0,6.779925400077172,6024560.916942849,above_heavy_seed_scale
GN954_juodzbalis25,GN-954,6.759,spec,JADES,broad-line-agn,robust,individual_robust,juodzbalis25_jades_blagn,"Table 2 (BH/Lbol/lambda_Edd), Table 5 (Mstar)",False,False,False,True,0.2342229544973313,-0.0079016188648425,consistent,30.0,0.697898826449339,mstar_agn_20pct,0.0,0.2,7.7,10.833089986991943,-3.1330899869919433,fedd1_spin_plus1_eps0p423_merger_boost_x2,1.0,0.42264973081037416,2.0,6.478895404413191,3012280.458471424,above_heavy_seed_scale
GN954_juodzbalis25,GN-954,6.759,spec,JADES,broad-line-agn,robust,individual_robust,juodzbalis25_jades_blagn,"Table 2 (BH/Lbol/lambda_Edd), Table 5 (Mstar)",False,False,False,True,0.2342229544973313,-0.0079016188648425,consistent,30.0,0.697898826449339,mstar_agn_20pct,0.0,0.2,7.7,10.833089986991943,-3.1330899869919433,fedd2_eps0p1_no_merger_boost,2.0,0.1,1.0,-4.423744370148124,3.769255956829157e-05,light_seed_scale
GN954_juodzbalis25,GN-954,6.759,spec,JADES,broad-line-agn,robust,individual_robust,juodzbalis25_jades_blagn,"Table 2 (BH/Lbol/lambda_Edd), Table 5 (Mstar)",False,False,False,True,0.2342229544973313,-0.0079016188648425,consistent,30.0,0.697898826449339,mstar_agn_20pct,0.0,0.2,7.7,10.833089986991943,-3.1330899869919433,fedd2_eps0p1_merger_boost_x2,2.0,0.1,2.0,-4.724774365812105,1.8846279784145784e-05,light_seed_scale
GN954_juodzbalis25,GN-954,6.759,spec,JADES,broad-line-agn,robust,individual_robust,juodzbalis25_jades_blagn,"Table 2 (BH/Lbol/lambda_Edd), Table 5 (Mstar)",False,False,False,True,0.2342229544973313,-0.0079016188648425,consistent,30.0,0.697898826449339,mstar_agn_20pct,0.0,0.2,7.7,10.833089986991943,-3.1330899869919433,fedd2_spin_minus1_eps0p038_no_merger_boost,2.0,0.037749551350623745,1.0,-26.637651536656005,2.303289158250671e-27,light_seed_scale
GN954_juodzbalis25,GN-954,6.759,spec,JADES,broad-line-agn,robust,individual_robust,juodzbalis25_jades_blagn,"Table 2 (BH/Lbol/lambda_Edd), Table 5 (Mstar)",False,False,False,True,0.2342229544973313,-0.0079016188648425,consistent,30.0,0.697898826449339,mstar_agn_20pct,0.0,0.2,7.7,10.833089986991943,-3.1330899869919433,fedd2_spin_minus1_eps0p038_merger_boost_x2,2.0,0.037749551350623745,2.0,-26.938681532319986,1.1516445791253352e-27,light_seed_scale
GN954_juodzbalis25,GN-954,6.759,spec,JADES,broad-line-agn,robust,individual_robust,juodzbalis25_jades_blagn,"Table 2 (BH/Lbol/lambda_Edd), Table 5 (Mstar)",False,False,False,True,0.2342229544973313,-0.0079016188648425,consistent,30.0,0.697898826449339,mstar_agn_20pct,0.0,0.2,7.7,10.833089986991943,-3.1330899869919433,fedd2_spin_0_eps0p057_no_merger_boost,2.0,0.057190958417936644,1.0,-14.507037472359176,3.1114478595480913e-15,light_seed_scale
GN954_juodzbalis25,GN-954,6.759,spec,JADES,broad-line-agn,robust,individual_robust,juodzbalis25_jades_blagn,"Table 2 (BH/Lbol/lambda_Edd), Table 5 (Mstar)",False,False,False,True,0.2342229544973313,-0.0079016188648425,consistent,30.0,0.697898826449339,mstar_agn_20pct,0.0,0.2,7.7,10.833089986991943,-3.1330899869919433,fedd2_spin_0_eps0p057_merger_boost_x2,2.0,0.057190958417936644,2.0,-14.808067468023157,1.5557239297740454e-15,light_seed_scale
GN954_juodzbalis25,GN-954,6.759,spec,JADES,broad-line-agn,robust,individual_robust,juodzbalis25_jades_blagn,"Table 2 (BH/Lbol/lambda_Edd), Table 5 (Mstar)",False,False,False,True,0.2342229544973313,-0.0079016188648425,consistent,30.0,0.697898826449339,mstar_agn_20pct,0.0,0.2,7.7,10.833089986991943,-3.1330899869919433,fedd2_spin_plus1_eps0p423_no_merger_boost,2.0,0.42264973081037416,1.0,5.8598508001543435,724187.1262217287,heavy_seed_scale
GN954_juodzbalis25,GN-954,6.759,spec,JADES,broad-line-agn,robust,individual_robust,juodzbalis25_jades_blagn,"Table 2 (BH/Lbol/lambda_Edd), Table 5 (Mstar)",False,False,False,True,0.2342229544973313,-0.0079016188648425,consistent,30.0,0.697898826449339,mstar_agn_20pct,0.0,0.2,7.7,10.833089986991943,-3.1330899869919433,fedd2_spin_plus1_eps0p423_merger_boost_x2,2.0,0.42264973081037416,2.0,5.558820804490362,362093.5631108643,heavy_seed_scale
GS200679_juodzbalis25,GS-200679,4.547,spec,JADES,broad-line-agn,tentative,individual_tentative,juodzbalis25_jades_blagn,"Table 2 (BH/Lbol/lambda_Edd), Table 5 (Mstar)",False,False,False,True,0.2185895796300154,0.0220983811351514,consistent,30.0,1.2182098308500706,baseline,0.0,0.0,6.19,8.53,-2.339999999999999,fedd0p3_eps0p1_no_merger_boost,0.3,0.1,1.0,3.015629155969124,1036.6428485155177,intermediate_seed_scale
GS200679_juodzbalis25,GS-200679,4.547,spec,JADES,broad-line-agn,tentative,individual_tentative,juodzbalis25_jades_blagn,"Table 2 (BH/Lbol/lambda_Edd), Table 5 (Mstar)",False,False,False,True,0.2185895796300154,0.0220983811351514,consistent,30.0,1.2182098308500706,baseline,0.0,0.0,6.19,8.53,-2.339999999999999,fedd0p3_eps0p1_merger_boost_x2,0.3,0.1,2.0,2.7145991603051427,518.3214242577588,intermediate_seed_scale
GS200679_juodzbalis25,GS-200679,4.547,spec,JADES,broad-line-agn,tentative,individual_tentative,juodzbalis25_jades_blagn,"Table 2 (BH/Lbol/lambda_Edd), Table 5 (Mstar)",False,False,False,True,0.2185895796300154,0.0220983811351514,consistent,30.0,1.2182098308500706,baseline,0.0,0.0,6.19,8.53,-2.339999999999999,fedd0p3_spin_minus1_eps0p038_no_merger_boost,0.3,0.037749551350623745,1.0,-2.8006580477596374,0.0015824935633538494,light_seed_scale
GS200679_juodzbalis25,GS-200679,4.547,spec,JADES,broad-line-agn,tentative,individual_tentative,juodzbalis25_jades_blagn,"Table 2 (BH/Lbol/lambda_Edd), Table 5 (Mstar)",False,False,False,True,0.2185895796300154,0.0220983811351514,consistent,30.0,1.2182098308500706,baseline,0.0,0.0,6.19,8.53,-2.339999999999999,fedd0p3_spin_minus1_eps0p038_merger_boost_x2,0.3,0.037749551350623745,2.0,-3.1016880434236187,0.0007912467816769246,light_seed_scale
GS200679_juodzbalis25,GS-200679,4.547,spec,JADES,broad-line-agn,tentative,individual_tentative,juodzbalis25_jades_blagn,"Table 2 (BH/Lbol/lambda_Edd), Table 5 (Mstar)",False,False,False,True,0.2185895796300154,0.0220983811351514,consistent,30.0,1.2182098308500706,baseline,0.0,0.0,6.19,8.53,-2.339999999999999,fedd0p3_spin_0_eps0p057_no_merger_boost,0.3,0.057190958417936644,1.0,0.37551149444131493,2.37416825884669,light_seed_scale
GS200679_juodzbalis25,GS-200679,4.547,spec,JADES,broad-line-agn,tentative,individual_tentative,juodzbalis25_jades_blagn,"Table 2 (BH/Lbol/lambda_Edd), Table 5 (Mstar)",False,False,False,True,0.2185895796300154,0.0220983811351514,consistent,30.0,1.2182098308500706,baseline,0.0,0.0,6.19,8.53,-2.339999999999999,fedd0p3_spin_0_eps0p057_merger_boost_x2,0.3,0.057190958417936644,2.0,0.07448149877733368,1.187084129423345,light_seed_scale
GS200679_juodzbalis25,GS-200679,4.547,spec,JADES,broad-line-agn,tentative,individual_tentative,juodzbalis25_jades_blagn,"Table 2 (BH/Lbol/lambda_Edd), Table 5 (Mstar)",False,False,False,True,0.2185895796300154,0.0220983811351514,consistent,30.0,1.2182098308500706,baseline,0.0,0.0,6.19,8.53,-2.339999999999999,fedd0p3_spin_plus1_eps0p423_no_merger_boost,0.3,0.42264973081037416,1.0,5.708192087335686,510730.844969458,heavy_seed_scale
GS200679_juodzbalis25,GS-200679,4.547,spec,JADES,broad-line-agn,tentative,individual_tentative,juodzbalis25_jades_blagn,"Table 2 (BH/Lbol/lambda_Edd), Table 5 (Mstar)",False,False,False,True,0.2185895796300154,0.0220983811351514,consistent,30.0,1.2182098308500706,baseline,0.0,0.0,6.19,8.53,-2.339999999999999,fedd0p3_spin_plus1_eps0p423_merger_boost_x2,0.3,0.42264973081037416,2.0,5.4071620916717045,255365.42248472894,heavy_seed_scale
GS200679_juodzbalis25,GS-200679,4.547,spec,JADES,broad-line-agn,tentative,individual_tentative,juodzbalis25_jades_blagn,"Table 2 (BH/Lbol/lambda_Edd), Table 5 (Mstar)",False,False,False,True,0.2185895796300154,0.0220983811351514,consistent,30.0,1.2182098308500706,baseline,0.0,0.0,6.19,8.53,-2.339999999999999,fedd1_eps0p1_no_merger_boost,1.0,0.1,1.0,-4.391236146769587,4.062223864791187e-05,light_seed_scale
GS200679_juodzbalis25,GS-200679,4.547,spec,JADES,broad-line-agn,tentative,individual_tentative,juodzbalis25_jades_blagn,"Table 2 (BH/Lbol/lambda_Edd), Table 5 (Mstar)",False,False,False,True,0.2185895796300154,0.0220983811351514,consistent,30.0,1.2182098308500706,baseline,0.0,0.0,6.19,8.53,-2.339999999999999,fedd1_eps0p1_merger_boost_x2,1.0,0.1,2.0,-4.692266142433568,2.0311119323955934e-05,light_seed_scale
GS200679_juodzbalis25,GS-200679,4.547,spec,JADES,broad-line-agn,tentative,individual_tentative,juodzbalis25_jades_blagn,"Table 2 (BH/Lbol/lambda_Edd), Table 5 (Mstar)",False,False,False,True,0.2185895796300154,0.0220983811351514,consistent,30.0,1.2182098308500706,baseline,0.0,0.0,6.19,8.53,-2.339999999999999,fedd1_spin_minus1_eps0p038_no_merger_boost,1.0,0.037749551350623745,1.0,-23.778860159198796,1.6639483477405466e-24,light_seed_scale
GS200679_juodzbalis25,GS-200679,4.547,spec,JADES,broad-line-agn,tentative,individual_tentative,juodzbalis25_jades_blagn,"Table 2 (BH/Lbol/lambda_Edd), Table 5 (Mstar)",False,False,False,True,0.2185895796300154,0.0220983811351514,consistent,30.0,1.2182098308500706,baseline,0.0,0.0,6.19,8.53,-2.339999999999999,fedd1_spin_minus1_eps0p038_merger_boost_x2,1.0,0.037749551350623745,2.0,-24.079890154862778,8.319741738702731e-25,light_seed_scale
GS200679_juodzbalis25,GS-200679,4.547,spec,JADES,broad-line-agn,tentative,individual_tentative,juodzbalis25_jades_blagn,"Table 2 (BH/Lbol/lambda_Edd), Table 5 (Mstar)",False,False,False,True,0.2185895796300154,0.0220983811351514,consistent,30.0,1.2182098308500706,baseline,0.0,0.0,6.19,8.53,-2.339999999999999,fedd1_spin_0_eps0p057_no_merger_boost,1.0,0.057190958417936644,1.0,-13.191628351862285,6.432379336612003e-14,light_seed_scale
GS200679_juodzbalis25,GS-200679,4.547,spec,JADES,broad-line-agn,tentative,individual_tentative,juodzbalis25_jades_blagn,"Table 2 (BH/Lbol/lambda_Edd), Table 5 (Mstar)",False,False,False,True,0.2185895796300154,0.0220983811351514,consistent,30.0,1.2182098308500706,baseline,0.0,0.0,6.19,8.53,-2.339999999999999,fedd1_spin_0_eps0p057_merger_boost_x2,1.0,0.057190958417936644,2.0,-13.492658347526266,3.2161896683060015e-14,light_seed_scale
GS200679_juodzbalis25,GS-200679,4.547,spec,JADES,broad-line-agn,tentative,individual_tentative,juodzbalis25_jades_blagn,"Table 2 (BH/Lbol/lambda_Edd), Table 5 (Mstar)",False,False,False,True,0.2185895796300154,0.0220983811351514,consistent,30.0,1.2182098308500706,baseline,0.0,0.0,6.19,8.53,-2.339999999999999,fedd1_spin_plus1_eps0p423_no_merger_boost,1.0,0.42264973081037416,1.0,4.583973624452286,38368.39429133347,heavy_seed_scale
GS200679_juodzbalis25,GS-200679,4.547,spec,JADES,broad-line-agn,tentative,individual_tentative,juodzbalis25_jades_blagn,"Table 2 (BH/Lbol/lambda_Edd), Table 5 (Mstar)",False,False,False,True,0.2185895796300154,0.0220983811351514,consistent,30.0,1.2182098308500706,baseline,0.0,0.0,6.19,8.53,-2.339999999999999,fedd1_spin_plus1_eps0p423_merger_boost_x2,1.0,0.42264973081037416,2.0,4.2829436287883045,19184.19714566673,heavy_seed_scale
GS200679_juodzbalis25,GS-200679,4.547,spec,JADES,broad-line-agn,tentative,individual_tentative,juodzbalis25_jades_blagn,"Table 2 (BH/Lbol/lambda_Edd), Table 5 (Mstar)",False,False,False,True,0.2185895796300154,0.0220983811351514,consistent,30.0,1.2182098308500706,baseline,0.0,0.0,6.19,8.53,-2.339999999999999,fedd2_eps0p1_no_merger_boost,2.0,0.1,1.0,-14.972472293539173,1.065436832622954e-15,light_seed_scale
GS200679_juodzbalis25,GS-200679,4.547,spec,JADES,broad-line-agn,tentative,individual_tentative,juodzbalis25_jades_blagn,"Table 2 (BH/Lbol/lambda_Edd), Table 5 (Mstar)",False,False,False,True,0.2185895796300154,0.0220983811351514,consistent,30.0,1.2182098308500706,baseline,0.0,0.0,6.19,8.53,-2.339999999999999,fedd2_eps0p1_merger_boost_x2,2.0,0.1,2.0,-15.273502289203154,5.327184163114769e-16,light_seed_scale
GS200679_juodzbalis25,GS-200679,4.547,spec,JADES,broad-line-agn,tentative,individual_tentative,juodzbalis25_jades_blagn,"Table 2 (BH/Lbol/lambda_Edd), Table 5 (Mstar)",False,False,False,True,0.2185895796300154,0.0220983811351514,consistent,30.0,1.2182098308500706,baseline,0.0,0.0,6.19,8.53,-2.339999999999999,fedd2_spin_minus1_eps0p038_no_merger_boost,2.0,0.037749551350623745,1.0,-53.7477203183976,1.7876384267445128e-54,light_seed_scale
GS200679_juodzbalis25,GS-200679,4.547,spec,JADES,broad-line-agn,tentative,individual_tentative,juodzbalis25_jades_blagn,"Table 2 (BH/Lbol/lambda_Edd), Table 5 (Mstar)",False,False,False,True,0.2185895796300154,0.0220983811351514,consistent,30.0,1.2182098308500706,baseline,0.0,0.0,6.19,8.53,-2.339999999999999,fedd2_spin_minus1_eps0p038_merger_boost_x2,2.0,0.037749551350623745,2.0,-54.04875031406158,8.938192133722562e-55,light_seed_scale
GS200679_juodzbalis25,GS-200679,4.547,spec,JADES,broad-line-agn,tentative,individual_tentative,juodzbalis25_jades_blagn,"Table 2 (BH/Lbol/lambda_Edd), Table 5 (Mstar)",False,False,False,True,0.2185895796300154,0.0220983811351514,consistent,30.0,1.2182098308500706,baseline,0.0,0.0,6.19,8.53,-2.339999999999999,fedd2_spin_0_eps0p057_no_merger_boost,2.0,0.057190958417936644,1.0,-32.573256703724574,2.6714269090891395e-33,light_seed_scale
GS200679_juodzbalis25,GS-200679,4.547,spec,JADES,broad-line-agn,tentative,individual_tentative,juodzbalis25_jades_blagn,"Table 2 (BH/Lbol/lambda_Edd), Table 5 (Mstar)",False,False,False,True,0.2185895796300154,0.0220983811351514,consistent,30.0,1.2182098308500706,baseline,0.0,0.0,6.19,8.53,-2.339999999999999,fedd2_spin_0_eps0p057_merger_boost_x2,2.0,0.057190958417936644,2.0,-32.874286699388556,1.3357134545445696e-33,light_seed_scale
GS200679_juodzbalis25,GS-200679,4.547,spec,JADES,broad-line-agn,tentative,individual_tentative,juodzbalis25_jades_blagn,"Table 2 (BH/Lbol/lambda_Edd), Table 5 (Mstar)",False,False,False,True,0.2185895796300154,0.0220983811351514,consistent,30.0,1.2182098308500706,baseline,0.0,0.0,6.19,8.53,-2.339999999999999,fedd2_spin_plus1_eps0p423_no_merger_boost,2.0,0.42264973081037416,1.0,2.9779472489045715,950.4893365160981,intermediate_seed_scale
GS200679_juodzbalis25,GS-200679,4.547,spec,JADES,broad-line-agn,tentative,individual_tentative,juodzbalis25_jades_blagn,"Table 2 (BH/Lbol/lambda_Edd), Table 5 (Mstar)",False,False,False,True,0.2185895796300154,0.0220983811351514,consistent,30.0,1.2182098308500706,baseline,0.0,0.0,6.19,8.53,-2.339999999999999,fedd2_spin_plus1_eps0p423_merger_boost_x2,2.0,0.42264973081037416,2.0,2.6769172532405903,475.244668258049,intermediate_seed_scale
GS200679_juodzbalis25,GS-200679,4.547,spec,JADES,broad-line-agn,tentative,individual_tentative,juodzbalis25_jades_blagn,"Table 2 (BH/Lbol/lambda_Edd), Table 5 (Mstar)",False,False,False,True,0.2185895796300154,0.0220983811351514,consistent,30.0,1.2182098308500706,mbh_minus_0p3dex,-0.3,0.0,5.890000000000001,8.53,-2.639999999999999,fedd0p3_eps0p1_no_merger_boost,0.3,0.1,1.0,2.715629155969124,519.5521615069881,intermediate_seed_scale
GS200679_juodzbalis25,GS-200679,4.547,spec,JADES,broad-line-agn,tentative,individual_tentative,juodzbalis25_jades_blagn,"Table 2 (BH/Lbol/lambda_Edd), Table 5 (Mstar)",False,False,False,True,0.2185895796300154,0.0220983811351514,consistent,30.0,1.2182098308500706,mbh_minus_0p3dex,-0.3,0.0,5.890000000000001,8.53,-2.639999999999999,fedd0p3_eps0p1_merger_boost_x2,0.3,0.1,2.0,2.414599160305143,259.776080753494,intermediate_seed_scale
GS200679_juodzbalis25,GS-200679,4.547,spec,JADES,broad-line-agn,tentative,individual_tentative,juodzbalis25_jades_blagn,"Table 2 (BH/Lbol/lambda_Edd), Table 5 (Mstar)",False,False,False,True,0.2185895796300154,0.0220983811351514,consistent,30.0,1.2182098308500706,mbh_minus_0p3dex,-0.3,0.0,5.890000000000001,8.53,-2.639999999999999,fedd0p3_spin_minus1_eps0p038_no_merger_boost,0.3,0.037749551350623745,1.0,-3.1006580477596373,0.0007931255712502806,light_seed_scale
GS200679_juodzbalis25,GS-200679,4.547,spec,JADES,broad-line-agn,tentative,individual_tentative,juodzbalis25_jades_blagn,"Table 2 (BH/Lbol/lambda_Edd), Table 5 (Mstar)",False,False,False,True,0.2185895796300154,0.0220983811351514,consistent,30.0,1.2182098308500706,mbh_minus_0p3dex,-0.3,0.0,5.890000000000001,8.53,-2.639999999999999,fedd0p3_spin_minus1_eps0p038_merger_boost_x2,0.3,0.037749551350623745,2.0,-3.4016880434236185,0.00039656278562514024,light_seed_scale
GS200679_juodzbalis25,GS-200679,4.547,spec,JADES,broad-line-agn,tentative,individual_tentative,juodzbalis25_jades_blagn,"Table 2 (BH/Lbol/lambda_Edd), Table 5 (Mstar)",False,False,False,True,0.2185895796300154,0.0220983811351514,consistent,30.0,1.2182098308500706,mbh_minus_0p3dex,-0.3,0.0,5.890000000000001,8.53,-2.639999999999999,fedd0p3_spin_0_eps0p057_no_merger_boost,0.3,0.057190958417936644,1.0,0.07551149444131511,1.1899028218170509,light_seed_scale
GS200679_juodzbalis25,GS-200679,4.547,spec,JADES,broad-line-agn,tentative,individual_tentative,juodzbalis25_jades_blagn,"Table 2 (BH/Lbol/lambda_Edd), Table 5 (Mstar)",False,False,False,True,0.2185895796300154,0.0220983811351514,consistent,30.0,1.2182098308500706,mbh_minus_0p3dex,-0.3,0.0,5.890000000000001,8.53,-2.639999999999999,fedd0p3_spin_0_eps0p057_merger_boost_x2,0.3,0.057190958417936644,2.0,-0.22551850122266615,0.5949514109085253,light_seed_scale
GS200679_juodzbalis25,GS-200679,4.547,spec,JADES,broad-line-agn,tentative,individual_tentative,juodzbalis25_jades_blagn,"Table 2 (BH/Lbol/lambda_Edd), Table 5 (Mstar)",False,False,False,True,0.2185895796300154,0.0220983811351514,consistent,30.0,1.2182098308500706,mbh_minus_0p3dex,-0.3,0.0,5.890000000000001,8.53,-2.639999999999999,fedd0p3_spin_plus1_eps0p423_no_merger_boost,0.3,0.42264973081037416,1.0,5.408192087335686,255971.779318362,heavy_seed_scale
GS200679_juodzbalis25,GS-200679,4.547,spec,JADES,broad-line-agn,tentative,individual_tentative,juodzbalis25_jades_blagn,"Table 2 (BH/Lbol/lambda_Edd), Table 5 (Mstar)",False,False,False,True,0.2185895796300154,0.0220983811351514,consistent,30.0,1.2182098308500706,mbh_minus_0p3dex,-0.3,0.0,5.890000000000001,8.53,-2.639999999999999,fedd0p3_spin_plus1_eps0p423_merger_boost_x2,0.3,0.42264973081037416,2.0,5.107162091671705,127985.88965918099,heavy_seed_scale
GS200679_juodzbalis25,GS-200679,4.547,spec,JADES,broad-line-agn,tentative,individual_tentative,juodzbalis25_jades_blagn,"Table 2 (BH/Lbol/lambda_Edd), Table 5 (Mstar)",False,False,False,True,0.2185895796300154,0.0220983811351514,consistent,30.0,1.2182098308500706,mbh_minus_0p3dex,-0.3,0.0,5.890000000000001,8.53,-2.639999999999999,fedd1_eps0p1_no_merger_boost,1.0,0.1,1.0,-4.691236146769587,2.0359347411693824e-05,light_seed_scale
GS200679_juodzbalis25,GS-200679,4.547,spec,JADES,broad-line-agn,tentative,individual_tentative,juodzbalis25_jades_blagn,"Table 2 (BH/Lbol/lambda_Edd), Table 5 (Mstar)",False,False,False,True,0.2185895796300154,0.0220983811351514,consistent,30.0,1.2182098308500706,mbh_minus_0p3dex,-0.3,0.0,5.890000000000001,8.53,-2.639999999999999,fedd1_eps0p1_merger_boost_x2,1.0,0.1,2.0,-4.992266142433568,1.0179673705846912e-05,light_seed_scale
GS200679_juodzbalis25,GS-200679,4.547,spec,JADES,broad-line-agn,tentative,individual_tentative,juodzbalis25_jades_blagn,"Table 2 (BH/Lbol/lambda_Edd), Table 5 (Mstar)",False,False,False,True,0.2185895796300154,0.0220983811351514,consistent,30.0,1.2182098308500706,mbh_minus_0p3dex,-0.3,0.0,5.890000000000001,8.53,-2.639999999999999,fedd1_spin_minus1_eps0p038_no_merger_boost,1.0,0.037749551350623745,1.0,-24.078860159198797,8.339496693027535e-25,light_seed_scale
GS200679_juodzbalis25,GS-200679,4.547,spec,JADES,broad-line-agn,tentative,individual_tentative,juodzbalis25_jades_blagn,"Table 2 (BH/Lbol/lambda_Edd), Table 5 (Mstar)",False,False,False,True,0.2185895796300154,0.0220983811351514,consistent,30.0,1.2182098308500706,mbh_minus_0p3dex,-0.3,0.0,5.890000000000001,8.53,-2.639999999999999,fedd1_spin_minus1_eps0p038_merger_boost_x2,1.0,0.037749551350623745,2.0,-24.379890154862778,4.169748346513768e-25,light_seed_scale
GS200679_juodzbalis25,GS-200679,4.547,spec,JADES,broad-line-agn,tentative,individual_tentative,juodzbalis25_jades_blagn,"Table 2 (BH/Lbol/lambda_Edd), Table 5 (Mstar)",False,False,False,True,0.2185895796300154,0.0220983811351514,consistent,30.0,1.2182098308500706,mbh_minus_0p3dex,-0.3,0.0,5.890000000000001,8.53,-2.639999999999999,fedd1_spin_0_eps0p057_no_merger_boost,1.0,0.057190958417936644,1.0,-13.491628351862285,3.223826405357794e-14,light_seed_scale
GS200679_juodzbalis25,GS-200679,4.547,spec,JADES,broad-line-agn,tentative,individual_tentative,juodzbalis25_jades_blagn,"Table 2 (BH/Lbol/lambda_Edd), Table 5 (Mstar)",False,False,False,True,0.2185895796300154,0.0220983811351514,consistent,30.0,1.2182098308500706,mbh_minus_0p3dex,-0.3,0.0,5.890000000000001,8.53,-2.639999999999999,fedd1_spin_0_eps0p057_merger_boost_x2,1.0,0.057190958417936644,2.0,-13.792658347526267,1.6119132026788965e-14,light_seed_scale
GS200679_juodzbalis25,GS-200679,4.547,spec,JADES,broad-line-agn,tentative,individual_tentative,juodzbalis25_jades_blagn,"Table 2 (BH/Lbol/lambda_Edd), Table 5 (Mstar)",False,False,False,True,0.2185895796300154,0.0220983811351514,consistent,30.0,1.2182098308500706,mbh_minus_0p3dex,-0.3,0.0,5.890000000000001,8.53,-2.639999999999999,fedd1_spin_plus1_eps0p423_no_merger_boost,1.0,0.42264973081037416,1.0,4.283973624452286,19229.749393593855,heavy_seed_scale
GS200679_juodzbalis25,GS-200679,4.547,spec,JADES,broad-line-agn,tentative,individual_tentative,juodzbalis25_jades_blagn,"Table 2 (BH/Lbol/lambda_Edd), Table 5 (Mstar)",False,False,False,True,0.2185895796300154,0.0220983811351514,consistent,30.0,1.2182098308500706,mbh_minus_0p3dex,-0.3,0.0,5.890000000000001,8.53,-2.639999999999999,fedd1_spin_plus1_eps0p423_merger_boost_x2,1.0,0.42264973081037416,2.0,3.9829436287883047,9614.874696796925,intermediate_seed_scale
GS200679_juodzbalis25,GS-200679,4.547,spec,JADES,broad-line-agn,tentative,individual_tentative,juodzbalis25_jades_blagn,"Table 2 (BH/Lbol/lambda_Edd), Table 5 (Mstar)",False,False,False,True,0.2185895796300154,0.0220983811351514,consistent,30.0,1.2182098308500706,mbh_minus_0p3dex,-0.3,0.0,5.890000000000001,8.53,-2.639999999999999,fedd2_eps0p1_no_merger_boost,2.0,0.1,1.0,-15.272472293539174,5.339833387469005e-16,light_seed_scale
GS200679_juodzbalis25,GS-200679,4.547,spec,JADES,broad-line-agn,tentative,individual_tentative,juodzbalis25_jades_blagn,"Table 2 (BH/Lbol/lambda_Edd), Table 5 (Mstar)",False,False,False,True,0.2185895796300154,0.0220983811351514,consistent,30.0,1.2182098308500706,mbh_minus_0p3dex,-0.3,0.0,5.890000000000001,8.53,-2.639999999999999,fedd2_eps0p1_merger_boost_x2,2.0,0.1,2.0,-15.573502289203155,2.6699166937345025e-16,light_seed_scale
GS200679_juodzbalis25,GS-200679,4.547,spec,JADES,broad-line-agn,tentative,individual_tentative,juodzbalis25_jades_blagn,"Table 2 (BH/Lbol/lambda_Edd), Table 5 (Mstar)",False,False,False,True,0.2185895796300154,0.0220983811351514,consistent,30.0,1.2182098308500706,mbh_minus_0p3dex,-0.3,0.0,5.890000000000001,8.53,-2.639999999999999,fedd2_spin_minus1_eps0p038_no_merger_boost,2.0,0.037749551350623745,1.0,-54.047720318397594,8.959415578258975e-55,light_seed_scale
GS200679_juodzbalis25,GS-200679,4.547,spec,JADES,broad-line-agn,tentative,individual_tentative,juodzbalis25_jades_blagn,"Table 2 (BH/Lbol/lambda_Edd), Table 5 (Mstar)",False,False,False,True,0.2185895796300154,0.0220983811351514,consistent,30.0,1.2182098308500706,mbh_minus_0p3dex,-0.3,0.0,5.890000000000001,8.53,-2.639999999999999,fedd2_spin_minus1_eps0p038_merger_boost_x2,2.0,0.037749551350623745,2.0,-54.348750314061576,4.479707789129487e-55,light_seed_scale
GS200679_juodzbalis25,GS-200679,4.547,spec,JADES,broad-line-agn,tentative,individual_tentative,juodzbalis25_jades_blagn,"Table 2 (BH/Lbol/lambda_Edd), Table 5 (Mstar)",False,False,False,True,0.2185895796300154,0.0220983811351514,consistent,30.0,1.2182098308500706,mbh_minus_0p3dex,-0.3,0.0,5.890000000000001,8.53,-2.639999999999999,fedd2_spin_0_eps0p057_no_merger_boost,2.0,0.057190958417936644,1.0,-32.87325670372457,1.3388850624038492e-33,light_seed_scale
GS200679_juodzbalis25,GS-200679,4.547,spec,JADES,broad-line-agn,tentative,individual_tentative,juodzbalis25_jades_blagn,"Table 2 (BH/Lbol/lambda_Edd), Table 5 (Mstar)",False,False,False,True,0.2185895796300154,0.0220983811351514,consistent,30.0,1.2182098308500706,mbh_minus_0p3dex,-0.3,0.0,5.890000000000001,8.53,-2.639999999999999,fedd2_spin_0_eps0p057_merger_boost_x2,2.0,0.057190958417936644,2.0,-33.17428669938855,6.694425312019245e-34,light_seed_scale
GS200679_juodzbalis25,GS-200679,4.547,spec,JADES,broad-line-agn,tentative,individual_tentative,juodzbalis25_jades_blagn,"Table 2 (BH/Lbol/lambda_Edd), Table 5 (Mstar)",False,False,False,True,0.2185895796300154,0.0220983811351514,consistent,30.0,1.2182098308500706,mbh_minus_0p3dex,-0.3,0.0,5.890000000000001,8.53,-2.639999999999999,fedd2_spin_plus1_eps0p423_no_merger_boost,2.0,0.42264973081037416,1.0,2.6779472489045717,476.37312116072485,intermediate_seed_scale
GS200679_juodzbalis25,GS-200679,4.547,spec,JADES,broad-line-agn,tentative,individual_tentative,juodzbalis25_jades_blagn,"Table 2 (BH/Lbol/lambda_Edd), Table 5 (Mstar)",False,False,False,True,0.2185895796300154,0.0220983811351514,consistent,30.0,1.2182098308500706,mbh_minus_0p3dex,-0.3,0.0,5.890000000000001,8.53,-2.639999999999999,fedd2_spin_plus1_eps0p423_merger_boost_x2,2.0,0.42264973081037416,2.0,2.3769172532405904,238.1865605803624,intermediate_seed_scale
GS200679_juodzbalis25,GS-200679,4.547,spec,JADES,broad-line-agn,tentative,individual_tentative,juodzbalis25_jades_blagn,"Table 2 (BH/Lbol/lambda_Edd), Table 5 (Mstar)",False,False,False,True,0.2185895796300154,0.0220983811351514,consistent,30.0,1.2182098308500706,mbh_plus_0p3dex,0.3,0.0,6.49,8.53,-2.039999999999999,fedd0p3_eps0p1_no_merger_boost,0.3,0.1,1.0,3.3156291559691238,2068.3744097250046,intermediate_seed_scale
GS200679_juodzbalis25,GS-200679,4.547,spec,JADES,broad-line-agn,tentative,individual_tentative,juodzbalis25_jades_blagn,"Table 2 (BH/Lbol/lambda_Edd), Table 5 (Mstar)",False,False,False,True,0.2185895796300154,0.0220983811351514,consistent,30.0,1.2182098308500706,mbh_plus_0p3dex,0.3,0.0,6.49,8.53,-2.039999999999999,fedd0p3_eps0p1_merger_boost_x2,0.3,0.1,2.0,3.0145991603051425,1034.1872048625023,intermediate_seed_scale
GS200679_juodzbalis25,GS-200679,4.547,spec,JADES,broad-line-agn,tentative,individual_tentative,juodzbalis25_jades_blagn,"Table 2 (BH/Lbol/lambda_Edd), Table 5 (Mstar)",False,False,False,True,0.2185895796300154,0.0220983811351514,consistent,30.0,1.2182098308500706,mbh_plus_0p3dex,0.3,0.0,6.49,8.53,-2.039999999999999,fedd0p3_spin_minus1_eps0p038_no_merger_boost,0.3,0.037749551350623745,1.0,-2.5006580477596376,0.003157489770640751,light_seed_scale
GS200679_juodzbalis25,GS-200679,4.547,spec,JADES,broad-line-agn,tentative,individual_tentative,juodzbalis25_jades_blagn,"Table 2 (BH/Lbol/lambda_Edd), Table 5 (Mstar)",False,False,False,True,0.2185895796300154,0.0220983811351514,consistent,30.0,1.2182098308500706,mbh_plus_0p3dex,0.3,0.0,6.49,8.53,-2.039999999999999,fedd0p3_spin_minus1_eps0p038_merger_boost_x2,0.3,0.037749551350623745,2.0,-2.801688043423619,0.0015787448853203754,light_seed_scale
GS200679_juodzbalis25,GS-200679,4.547,spec,JADES,broad-line-agn,tentative,individual_tentative,juodzbalis25_jades_blagn,"Table 2 (BH/Lbol/lambda_Edd), Table 5 (Mstar)",False,False,False,True,0.2185895796300154,0.0220983811351514,consistent,30.0,1.2182098308500706,mbh_plus_0p3dex,0.3,0.0,6.49,8.53,-2.039999999999999,fedd0p3_spin_0_eps0p057_no_merger_boost,0.3,0.057190958417936644,1.0,0.6755114944413148,4.737088456272079,light_seed_scale
GS200679_juodzbalis25,GS-200679,4.547,spec,JADES,broad-line-agn,tentative,individual_tentative,juodzbalis25_jades_blagn,"Table 2 (BH/Lbol/lambda_Edd), Table 5 (Mstar)",False,False,False,True,0.2185895796300154,0.0220983811351514,consistent,30.0,1.2182098308500706,mbh_plus_0p3dex,0.3,0.0,6.49,8.53,-2.039999999999999,fedd0p3_spin_0_eps0p057_merger_boost_x2,0.3,0.057190958417936644,2.0,0.3744814987773335,2.3685442281360394,light_seed_scale
GS200679_juodzbalis25,GS-200679,4.547,spec,JADES,broad-line-agn,tentative,individual_tentative,juodzbalis25_jades_blagn,"Table 2 (BH/Lbol/lambda_Edd), Table 5 (Mstar)",False,False,False,True,0.2185895796300154,0.0220983811351514,consistent,30.0,1.2182098308500706,mbh_plus_0p3dex,0.3,0.0,6.49,8.53,-2.039999999999999,fedd0p3_spin_plus1_eps0p423_no_merger_boost,0.3,0.42264973081037416,1.0,6.0081920873356855,1019042.0080597723,above_heavy_seed_scale
GS200679_juodzbalis25,GS-200679,4.547,spec,JADES,broad-line-agn,tentative,individual_tentative,juodzbalis25_jades_blagn,"Table 2 (BH/Lbol/lambda_Edd), Table 5 (Mstar)",False,False,False,True,0.2185895796300154,0.0220983811351514,consistent,30.0,1.2182098308500706,mbh_plus_0p3dex,0.3,0.0,6.49,8.53,-2.039999999999999,fedd0p3_spin_plus1_eps0p423_merger_boost_x2,0.3,0.42264973081037416,2.0,5.707162091671704,509521.00402988604,heavy_seed_scale
GS200679_juodzbalis25,GS-200679,4.547,spec,JADES,broad-line-agn,tentative,individual_tentative,juodzbalis25_jades_blagn,"Table 2 (BH/Lbol/lambda_Edd), Table 5 (Mstar)",False,False,False,True,0.2185895796300154,0.0220983811351514,consistent,30.0,1.2182098308500706,mbh_plus_0p3dex,0.3,0.0,6.49,8.53,-2.039999999999999,fedd1_eps0p1_no_merger_boost,1.0,0.1,1.0,-4.091236146769587,8.10520219238509e-05,light_seed_scale
GS200679_juodzbalis25,GS-200679,4.547,spec,JADES,broad-line-agn,tentative,individual_tentative,juodzbalis25_jades_blagn,"Table 2 (BH/Lbol/lambda_Edd), Table 5 (Mstar)",False,False,False,True,0.2185895796300154,0.0220983811351514,consistent,30.0,1.2182098308500706,mbh_plus_0p3dex,0.3,0.0,6.49,8.53,-2.039999999999999,fedd1_eps0p1_merger_boost_x2,1.0,0.1,2.0,-4.392266142433568,4.0526010961925443e-05,light_seed_scale
GS200679_juodzbalis25,GS-200679,4.547,spec,JADES,broad-line-agn,tentative,individual_tentative,juodzbalis25_jades_blagn,"Table 2 (BH/Lbol/lambda_Edd), Table 5 (Mstar)",False,False,False,True,0.2185895796300154,0.0220983811351514,consistent,30.0,1.2182098308500706,mbh_plus_0p3dex,0.3,0.0,6.49,8.53,-2.039999999999999,fedd1_spin_minus1_eps0p038_no_merger_boost,1.0,0.037749551350623745,1.0,-23.478860159198796,3.3200134323014506e-24,light_seed_scale
GS200679_juodzbalis25,GS-200679,4.547,spec,JADES,broad-line-agn,tentative,individual_tentative,juodzbalis25_jades_blagn,"Table 2 (BH/Lbol/lambda_Edd), Table 5 (Mstar)",False,False,False,True,0.2185895796300154,0.0220983811351514,consistent,30.0,1.2182098308500706,mbh_plus_0p3dex,0.3,0.0,6.49,8.53,-2.039999999999999,fedd1_spin_minus1_eps0p038_merger_boost_x2,1.0,0.037749551350623745,2.0,-23.779890154862777,1.660006716150725e-24,light_seed_scale
GS200679_juodzbalis25,GS-200679,4.547,spec,JADES,broad-line-agn,tentative,individual_tentative,juodzbalis25_jades_blagn,"Table 2 (BH/Lbol/lambda_Edd), Table 5 (Mstar)",False,False,False,True,0.2185895796300154,0.0220983811351514,consistent,30.0,1.2182098308500706,mbh_plus_0p3dex,0.3,0.0,6.49,8.53,-2.039999999999999,fedd1_spin_0_eps0p057_no_merger_boost,1.0,0.057190958417936644,1.0,-12.891628351862286,1.283428408592642e-13,light_seed_scale
GS200679_juodzbalis25,GS-200679,4.547,spec,JADES,broad-line-agn,tentative,individual_tentative,juodzbalis25_jades_blagn,"Table 2 (BH/Lbol/lambda_Edd), Table 5 (Mstar)",False,False,False,True,0.2185895796300154,0.0220983811351514,consistent,30.0,1.2182098308500706,mbh_plus_0p3dex,0.3,0.0,6.49,8.53,-2.039999999999999,fedd1_spin_0_eps0p057_merger_boost_x2,1.0,0.057190958417936644,2.0,-13.192658347526267,6.417142042963209e-14,light_seed_scale
GS200679_juodzbalis25,GS-200679,4.547,spec,JADES,broad-line-agn,tentative,individual_tentative,juodzbalis25_jades_blagn,"Table 2 (BH/Lbol/lambda_Edd), Table 5 (Mstar)",False,False,False,True,0.2185895796300154,0.0220983811351514,consistent,30.0,1.2182098308500706,mbh_plus_0p3dex,0.3,0.0,6.49,8.53,-2.039999999999999,fedd1_spin_plus1_eps0p423_no_merger_boost,1.0,0.42264973081037416,1.0,4.8839736244522856,76555.01121536472,heavy_seed_scale
GS200679_juodzbalis25,GS-200679,4.547,spec,JADES,broad-line-agn,tentative,individual_tentative,juodzbalis25_jades_blagn,"Table 2 (BH/Lbol/lambda_Edd), Table 5 (Mstar)",False,False,False,True,0.2185895796300154,0.0220983811351514,consistent,30.0,1.2182098308500706,mbh_plus_0p3dex,0.3,0.0,6.49,8.53,-2.039999999999999,fedd1_spin_plus1_eps0p423_merger_boost_x2,1.0,0.42264973081037416,2.0,4.582943628788304,38277.50560768236,heavy_seed_scale
GS200679_juodzbalis25,GS-200679,4.547,spec,JADES,broad-line-agn,tentative,individual_tentative,juodzbalis25_jades_blagn,"Table 2 (BH/Lbol/lambda_Edd), Table 5 (Mstar)",False,False,False,True,0.2185895796300154,0.0220983811351514,consistent,30.0,1.2182098308500706,mbh_plus_0p3dex,0.3,0.0,6.49,8.53,-2.039999999999999,fedd2_eps0p1_no_merger_boost,2.0,0.1,1.0,-14.672472293539174,2.1258259611123807e-15,light_seed_scale
GS200679_juodzbalis25,GS-200679,4.547,spec,JADES,broad-line-agn,tentative,individual_tentative,juodzbalis25_jades_blagn,"Table 2 (BH/Lbol/lambda_Edd), Table 5 (Mstar)",False,False,False,True,0.2185895796300154,0.0220983811351514,consistent,30.0,1.2182098308500706,mbh_plus_0p3dex,0.3,0.0,6.49,8.53,-2.039999999999999,fedd2_eps0p1_merger_boost_x2,2.0,0.1,2.0,-14.973502289203156,1.0629129805561901e-15,light_seed_scale
GS200679_juodzbalis25,GS-200679,4.547,spec,JADES,broad-line-agn,tentative,individual_tentative,juodzbalis25_jades_blagn,"Table 2 (BH/Lbol/lambda_Edd), Table 5 (Mstar)",False,False,False,True,0.2185895796300154,0.0220983811351514,consistent,30.0,1.2182098308500706,mbh_plus_0p3dex,0.3,0.0,6.49,8.53,-2.039999999999999,fedd2_spin_minus1_eps0p038_no_merger_boost,2.0,0.037749551350623745,1.0,-53.44772031839759,3.5668075856736174e-54,light_seed_scale
GS200679_juodzbalis25,GS-200679,4.547,spec,JADES,broad-line-agn,tentative,individual_tentative,juodzbalis25_jades_blagn,"Table 2 (BH/Lbol/lambda_Edd), Table 5 (Mstar)",False,False,False,True,0.2185895796300154,0.0220983811351514,consistent,30.0,1.2182098308500706,mbh_plus_0p3dex,0.3,0.0,6.49,8.53,-2.039999999999999,fedd2_spin_minus1_eps0p038_merger_boost_x2,2.0,0.037749551350623745,2.0,-53.748750314061574,1.7834037928368084e-54,light_seed_scale
GS200679_juodzbalis25,GS-200679,4.547,spec,JADES,broad-line-agn,tentative,individual_tentative,juodzbalis25_jades_blagn,"Table 2 (BH/Lbol/lambda_Edd), Table 5 (Mstar)",False,False,False,True,0.2185895796300154,0.0220983811351514,consistent,30.0,1.2182098308500706,mbh_plus_0p3dex,0.3,0.0,6.49,8.53,-2.039999999999999,fedd2_spin_0_eps0p057_no_merger_boost,2.0,0.057190958417936644,1.0,-32.27325670372457,5.330197438899407e-33,light_seed_scale
GS200679_juodzbalis25,GS-200679,4.547,spec,JADES,broad-line-agn,tentative,individual_tentative,juodzbalis25_jades_blagn,"Table 2 (BH/Lbol/lambda_Edd), Table 5 (Mstar)",False,False,False,True,0.2185895796300154,0.0220983811351514,consistent,30.0,1.2182098308500706,mbh_plus_0p3dex,0.3,0.0,6.49,8.53,-2.039999999999999,fedd2_spin_0_eps0p057_merger_boost_x2,2.0,0.057190958417936644,2.0,-32.57428669938855,2.6650987194497033e-33,light_seed_scale
GS200679_juodzbalis25,GS-200679,4.547,spec,JADES,broad-line-agn,tentative,individual_tentative,juodzbalis25_jades_blagn,"Table 2 (BH/Lbol/lambda_Edd), Table 5 (Mstar)",False,False,False,True,0.2185895796300154,0.0220983811351514,consistent,30.0,1.2182098308500706,mbh_plus_0p3dex,0.3,0.0,6.49,8.53,-2.039999999999999,fedd2_spin_plus1_eps0p423_no_merger_boost,2.0,0.42264973081037416,1.0,3.2779472489045713,1896.4755539303435,intermediate_seed_scale
GS200679_juodzbalis25,GS-200679,4.547,spec,JADES,broad-line-agn,tentative,individual_tentative,juodzbalis25_jades_blagn,"Table 2 (BH/Lbol/lambda_Edd), Table 5 (Mstar)",False,False,False,True,0.2185895796300154,0.0220983811351514,consistent,30.0,1.2182098308500706,mbh_plus_0p3dex,0.3,0.0,6.49,8.53,-2.039999999999999,fedd2_spin_plus1_eps0p423_merger_boost_x2,2.0,0.42264973081037416,2.0,2.97691725324059,948.2377769651716,intermediate_seed_scale
GS200679_juodzbalis25,GS-200679,4.547,spec,JADES,broad-line-agn,tentative,individual_tentative,juodzbalis25_jades_blagn,"Table 2 (BH/Lbol/lambda_Edd), Table 5 (Mstar)",False,False,False,True,0.2185895796300154,0.0220983811351514,consistent,30.0,1.2182098308500706,mstar_agn_20pct,0.0,0.2,6.19,8.433089986991943,-2.2430899869919427,fedd0p3_eps0p1_no_merger_boost,0.3,0.1,1.0,3.015629155969124,1036.6428485155177,intermediate_seed_scale
GS200679_juodzbalis25,GS-200679,4.547,spec,JADES,broad-line-agn,tentative,individual_tentative,juodzbalis25_jades_blagn,"Table 2 (BH/Lbol/lambda_Edd), Table 5 (Mstar)",False,False,False,True,0.2185895796300154,0.0220983811351514,consistent,30.0,1.2182098308500706,mstar_agn_20pct,0.0,0.2,6.19,8.433089986991943,-2.2430899869919427,fedd0p3_eps0p1_merger_boost_x2,0.3,0.1,2.0,2.7145991603051427,518.3214242577588,intermediate_seed_scale
GS200679_juodzbalis25,GS-200679,4.547,spec,JADES,broad-line-agn,tentative,individual_tentative,juodzbalis25_jades_blagn,"Table 2 (BH/Lbol/lambda_Edd), Table 5 (Mstar)",False,False,False,True,0.2185895796300154,0.0220983811351514,consistent,30.0,1.2182098308500706,mstar_agn_20pct,0.0,0.2,6.19,8.433089986991943,-2.2430899869919427,fedd0p3_spin_minus1_eps0p038_no_merger_boost,0.3,0.037749551350623745,1.0,-2.8006580477596374,0.0015824935633538494,light_seed_scale
GS200679_juodzbalis25,GS-200679,4.547,spec,JADES,broad-line-agn,tentative,individual_tentative,juodzbalis25_jades_blagn,"Table 2 (BH/Lbol/lambda_Edd), Table 5 (Mstar)",False,False,False,True,0.2185895796300154,0.0220983811351514,consistent,30.0,1.2182098308500706,mstar_agn_20pct,0.0,0.2,6.19,8.433089986991943,-2.2430899869919427,fedd0p3_spin_minus1_eps0p038_merger_boost_x2,0.3,0.037749551350623745,2.0,-3.1016880434236187,0.0007912467816769246,light_seed_scale
GS200679_juodzbalis25,GS-200679,4.547,spec,JADES,broad-line-agn,tentative,individual_tentative,juodzbalis25_jades_blagn,"Table 2 (BH/Lbol/lambda_Edd), Table 5 (Mstar)",False,False,False,True,0.2185895796300154,0.0220983811351514,consistent,30.0,1.2182098308500706,mstar_agn_20pct,0.0,0.2,6.19,8.433089986991943,-2.2430899869919427,fedd0p3_spin_0_eps0p057_no_merger_boost,0.3,0.057190958417936644,1.0,0.37551149444131493,2.37416825884669,light_seed_scale
GS200679_juodzbalis25,GS-200679,4.547,spec,JADES,broad-line-agn,tentative,individual_tentative,juodzbalis25_jades_blagn,"Table 2 (BH/Lbol/lambda_Edd), Table 5 (Mstar)",False,False,False,True,0.2185895796300154,0.0220983811351514,consistent,30.0,1.2182098308500706,mstar_agn_20pct,0.0,0.2,6.19,8.433089986991943,-2.2430899869919427,fedd0p3_spin_0_eps0p057_merger_boost_x2,0.3,0.057190958417936644,2.0,0.07448149877733368,1.187084129423345,light_seed_scale
GS200679_juodzbalis25,GS-200679,4.547,spec,JADES,broad-line-agn,tentative,individual_tentative,juodzbalis25_jades_blagn,"Table 2 (BH/Lbol/lambda_Edd), Table 5 (Mstar)",False,False,False,True,0.2185895796300154,0.0220983811351514,consistent,30.0,1.2182098308500706,mstar_agn_20pct,0.0,0.2,6.19,8.433089986991943,-2.2430899869919427,fedd0p3_spin_plus1_eps0p423_no_merger_boost,0.3,0.42264973081037416,1.0,5.708192087335686,510730.844969458,heavy_seed_scale
GS200679_juodzbalis25,GS-200679,4.547,spec,JADES,broad-line-agn,tentative,individual_tentative,juodzbalis25_jades_blagn,"Table 2 (BH/Lbol/lambda_Edd), Table 5 (Mstar)",False,False,False,True,0.2185895796300154,0.0220983811351514,consistent,30.0,1.2182098308500706,mstar_agn_20pct,0.0,0.2,6.19,8.433089986991943,-2.2430899869919427,fedd0p3_spin_plus1_eps0p423_merger_boost_x2,0.3,0.42264973081037416,2.0,5.4071620916717045,255365.42248472894,heavy_seed_scale
GS200679_juodzbalis25,GS-200679,4.547,spec,JADES,broad-line-agn,tentative,individual_tentative,juodzbalis25_jades_blagn,"Table 2 (BH/Lbol/lambda_Edd), Table 5 (Mstar)",False,False,False,True,0.2185895796300154,0.0220983811351514,consistent,30.0,1.2182098308500706,mstar_agn_20pct,0.0,0.2,6.19,8.433089986991943,-2.2430899869919427,fedd1_eps0p1_no_merger_boost,1.0,0.1,1.0,-4.391236146769587,4.062223864791187e-05,light_seed_scale
GS200679_juodzbalis25,GS-200679,4.547,spec,JADES,broad-line-agn,tentative,individual_tentative,juodzbalis25_jades_blagn,"Table 2 (BH/Lbol/lambda_Edd), Table 5 (Mstar)",False,False,False,True,0.2185895796300154,0.0220983811351514,consistent,30.0,1.2182098308500706,mstar_agn_20pct,0.0,0.2,6.19,8.433089986991943,-2.2430899869919427,fedd1_eps0p1_merger_boost_x2,1.0,0.1,2.0,-4.692266142433568,2.0311119323955934e-05,light_seed_scale
GS200679_juodzbalis25,GS-200679,4.547,spec,JADES,broad-line-agn,tentative,individual_tentative,juodzbalis25_jades_blagn,"Table 2 (BH/Lbol/lambda_Edd), Table 5 (Mstar)",False,False,False,True,0.2185895796300154,0.0220983811351514,consistent,30.0,1.2182098308500706,mstar_agn_20pct,0.0,0.2,6.19,8.433089986991943,-2.2430899869919427,fedd1_spin_minus1_eps0p038_no_merger_boost,1.0,0.037749551350623745,1.0,-23.778860159198796,1.6639483477405466e-24,light_seed_scale
GS200679_juodzbalis25,GS-200679,4.547,spec,JADES,broad-line-agn,tentative,individual_tentative,juodzbalis25_jades_blagn,"Table 2 (BH/Lbol/lambda_Edd), Table 5 (Mstar)",False,False,False,True,0.2185895796300154,0.0220983811351514,consistent,30.0,1.2182098308500706,mstar_agn_20pct,0.0,0.2,6.19,8.433089986991943,-2.2430899869919427,fedd1_spin_minus1_eps0p038_merger_boost_x2,1.0,0.037749551350623745,2.0,-24.079890154862778,8.319741738702731e-25,light_seed_scale
GS200679_juodzbalis25,GS-200679,4.547,spec,JADES,broad-line-agn,tentative,individual_tentative,juodzbalis25_jades_blagn,"Table 2 (BH/Lbol/lambda_Edd), Table 5 (Mstar)",False,False,False,True,0.2185895796300154,0.0220983811351514,consistent,30.0,1.2182098308500706,mstar_agn_20pct,0.0,0.2,6.19,8.433089986991943,-2.2430899869919427,fedd1_spin_0_eps0p057_no_merger_boost,1.0,0.057190958417936644,1.0,-13.191628351862285,6.432379336612003e-14,light_seed_scale
GS200679_juodzbalis25,GS-200679,4.547,spec,JADES,broad-line-agn,tentative,individual_tentative,juodzbalis25_jades_blagn,"Table 2 (BH/Lbol/lambda_Edd), Table 5 (Mstar)",False,False,False,True,0.2185895796300154,0.0220983811351514,consistent,30.0,1.2182098308500706,mstar_agn_20pct,0.0,0.2,6.19,8.433089986991943,-2.2430899869919427,fedd1_spin_0_eps0p057_merger_boost_x2,1.0,0.057190958417936644,2.0,-13.492658347526266,3.2161896683060015e-14,light_seed_scale
GS200679_juodzbalis25,GS-200679,4.547,spec,JADES,broad-line-agn,tentative,individual_tentative,juodzbalis25_jades_blagn,"Table 2 (BH/Lbol/lambda_Edd), Table 5 (Mstar)",False,False,False,True,0.2185895796300154,0.0220983811351514,consistent,30.0,1.2182098308500706,mstar_agn_20pct,0.0,0.2,6.19,8.433089986991943,-2.2430899869919427,fedd1_spin_plus1_eps0p423_no_merger_boost,1.0,0.42264973081037416,1.0,4.583973624452286,38368.39429133347,heavy_seed_scale
GS200679_juodzbalis25,GS-200679,4.547,spec,JADES,broad-line-agn,tentative,individual_tentative,juodzbalis25_jades_blagn,"Table 2 (BH/Lbol/lambda_Edd), Table 5 (Mstar)",False,False,False,True,0.2185895796300154,0.0220983811351514,consistent,30.0,1.2182098308500706,mstar_agn_20pct,0.0,0.2,6.19,8.433089986991943,-2.2430899869919427,fedd1_spin_plus1_eps0p423_merger_boost_x2,1.0,0.42264973081037416,2.0,4.2829436287883045,19184.19714566673,heavy_seed_scale
GS200679_juodzbalis25,GS-200679,4.547,spec,JADES,broad-line-agn,tentative,individual_tentative,juodzbalis25_jades_blagn,"Table 2 (BH/Lbol/lambda_Edd), Table 5 (Mstar)",False,False,False,True,0.2185895796300154,0.0220983811351514,consistent,30.0,1.2182098308500706,mstar_agn_20pct,0.0,0.2,6.19,8.433089986991943,-2.2430899869919427,fedd2_eps0p1_no_merger_boost,2.0,0.1,1.0,-14.972472293539173,1.065436832622954e-15,light_seed_scale
GS200679_juodzbalis25,GS-200679,4.547,spec,JADES,broad-line-agn,tentative,individual_tentative,juodzbalis25_jades_blagn,"Table 2 (BH/Lbol/lambda_Edd), Table 5 (Mstar)",False,False,False,True,0.2185895796300154,0.0220983811351514,consistent,30.0,1.2182098308500706,mstar_agn_20pct,0.0,0.2,6.19,8.433089986991943,-2.2430899869919427,fedd2_eps0p1_merger_boost_x2,2.0,0.1,2.0,-15.273502289203154,5.327184163114769e-16,light_seed_scale
GS200679_juodzbalis25,GS-200679,4.547,spec,JADES,broad-line-agn,tentative,individual_tentative,juodzbalis25_jades_blagn,"Table 2 (BH/Lbol/lambda_Edd), Table 5 (Mstar)",False,False,False,True,0.2185895796300154,0.0220983811351514,consistent,30.0,1.2182098308500706,mstar_agn_20pct,0.0,0.2,6.19,8.433089986991943,-2.2430899869919427,fedd2_spin_minus1_eps0p038_no_merger_boost,2.0,0.037749551350623745,1.0,-53.7477203183976,1.7876384267445128e-54,light_seed_scale
GS200679_juodzbalis25,GS-200679,4.547,spec,JADES,broad-line-agn,tentative,individual_tentative,juodzbalis25_jades_blagn,"Table 2 (BH/Lbol/lambda_Edd), Table 5 (Mstar)",False,False,False,True,0.2185895796300154,0.0220983811351514,consistent,30.0,1.2182098308500706,mstar_agn_20pct,0.0,0.2,6.19,8.433089986991943,-2.2430899869919427,fedd2_spin_minus1_eps0p038_merger_boost_x2,2.0,0.037749551350623745,2.0,-54.04875031406158,8.938192133722562e-55,light_seed_scale
GS200679_juodzbalis25,GS-200679,4.547,spec,JADES,broad-line-agn,tentative,individual_tentative,juodzbalis25_jades_blagn,"Table 2 (BH/Lbol/lambda_Edd), Table 5 (Mstar)",False,False,False,True,0.2185895796300154,0.0220983811351514,consistent,30.0,1.2182098308500706,mstar_agn_20pct,0.0,0.2,6.19,8.433089986991943,-2.2430899869919427,fedd2_spin_0_eps0p057_no_merger_boost,2.0,0.057190958417936644,1.0,-32.573256703724574,2.6714269090891395e-33,light_seed_scale
GS200679_juodzbalis25,GS-200679,4.547,spec,JADES,broad-line-agn,tentative,individual_tentative,juodzbalis25_jades_blagn,"Table 2 (BH/Lbol/lambda_Edd), Table 5 (Mstar)",False,False,False,True,0.2185895796300154,0.0220983811351514,consistent,30.0,1.2182098308500706,mstar_agn_20pct,0.0,0.2,6.19,8.433089986991943,-2.2430899869919427,fedd2_spin_0_eps0p057_merger_boost_x2,2.0,0.057190958417936644,2.0,-32.874286699388556,1.3357134545445696e-33,light_seed_scale
GS200679_juodzbalis25,GS-200679,4.547,spec,JADES,broad-line-agn,tentative,individual_tentative,juodzbalis25_jades_blagn,"Table 2 (BH/Lbol/lambda_Edd), Table 5 (Mstar)",False,False,False,True,0.2185895796300154,0.0220983811351514,consistent,30.0,1.2182098308500706,mstar_agn_20pct,0.0,0.2,6.19,8.433089986991943,-2.2430899869919427,fedd2_spin_plus1_eps0p423_no_merger_boost,2.0,0.42264973081037416,1.0,2.9779472489045715,950.4893365160981,intermediate_seed_scale
GS200679_juodzbalis25,GS-200679,4.547,spec,JADES,broad-line-agn,tentative,individual_tentative,juodzbalis25_jades_blagn,"Table 2 (BH/Lbol/lambda_Edd), Table 5 (Mstar)",False,False,False,True,0.2185895796300154,0.0220983811351514,consistent,30.0,1.2182098308500706,mstar_agn_20pct,0.0,0.2,6.19,8.433089986991943,-2.2430899869919427,fedd2_spin_plus1_eps0p423_merger_boost_x2,2.0,0.42264973081037416,2.0,2.6769172532405903,475.244668258049,intermediate_seed_scale
GS20057765_juodzbalis25,GS-20057765,8.913,spec,JADES,broad-line-agn,tentative,stack_supported_tentative_hbeta,juodzbalis25_jades_blagn,"Table 2 (BH/Lbol/lambda_Edd), Table 5 (Mstar)",False,False,False,True,0.0536573789993633,-0.0220592787844985,consistent,30.0,0.45274807161316744,baseline,0.0,0.0,7.33,7.4,-0.07000000000000028,fedd0p3_eps0p1_no_merger_boost,0.3,0.1,1.0,6.150244064836379,1413331.585645026,above_heavy_seed_scale
GS20057765_juodzbalis25,GS-20057765,8.913,spec,JADES,broad-line-agn,tentative,stack_supported_tentative_hbeta,juodzbalis25_jades_blagn,"Table 2 (BH/Lbol/lambda_Edd), Table 5 (Mstar)",False,False,False,True,0.0536573789993633,-0.0220592787844985,consistent,30.0,0.45274807161316744,baseline,0.0,0.0,7.33,7.4,-0.07000000000000028,fedd0p3_eps0p1_merger_boost_x2,0.3,0.1,2.0,5.8492140691723975,706665.7928225129,heavy_seed_scale
GS20057765_juodzbalis25,GS-20057765,8.913,spec,JADES,broad-line-agn,tentative,stack_supported_tentative_hbeta,juodzbalis25_jades_blagn,"Table 2 (BH/Lbol/lambda_Edd), Table 5 (Mstar)",False,False,False,True,0.0536573789993633,-0.0220592787844985,consistent,30.0,0.45274807161316744,baseline,0.0,0.0,7.33,7.4,-0.07000000000000028,fedd0p3_spin_minus1_eps0p038_no_merger_boost,0.3,0.037749551350623745,1.0,3.9886190731885893,9741.348332550835,intermediate_seed_scale
GS20057765_juodzbalis25,GS-20057765,8.913,spec,JADES,broad-line-agn,tentative,stack_supported_tentative_hbeta,juodzbalis25_jades_blagn,"Table 2 (BH/Lbol/lambda_Edd), Table 5 (Mstar)",False,False,False,True,0.0536573789993633,-0.0220592787844985,consistent,30.0,0.45274807161316744,baseline,0.0,0.0,7.33,7.4,-0.07000000000000028,fedd0p3_spin_minus1_eps0p038_merger_boost_x2,0.3,0.037749551350623745,2.0,3.687589077524608,4870.6741662754175,intermediate_seed_scale
GS20057765_juodzbalis25,GS-20057765,8.913,spec,JADES,broad-line-agn,tentative,stack_supported_tentative_hbeta,juodzbalis25_jades_blagn,"Table 2 (BH/Lbol/lambda_Edd), Table 5 (Mstar)",False,False,False,True,0.0536573789993633,-0.0220592787844985,consistent,30.0,0.45274807161316744,baseline,0.0,0.0,7.33,7.4,-0.07000000000000028,fedd0p3_spin_0_eps0p057_no_merger_boost,0.3,0.057190958417936644,1.0,5.169043495099972,147585.43344111327,heavy_seed_scale
GS20057765_juodzbalis25,GS-20057765,8.913,spec,JADES,broad-line-agn,tentative,stack_supported_tentative_hbeta,juodzbalis25_jades_blagn,"Table 2 (BH/Lbol/lambda_Edd), Table 5 (Mstar)",False,False,False,True,0.0536573789993633,-0.0220592787844985,consistent,30.0,0.45274807161316744,baseline,0.0,0.0,7.33,7.4,-0.07000000000000028,fedd0p3_spin_0_eps0p057_merger_boost_x2,0.3,0.057190958417936644,2.0,4.868013499435991,73792.71672055664,heavy_seed_scale
GS20057765_juodzbalis25,GS-20057765,8.913,spec,JADES,broad-line-agn,tentative,stack_supported_tentative_hbeta,juodzbalis25_jades_blagn,"Table 2 (BH/Lbol/lambda_Edd), Table 5 (Mstar)",False,False,False,True,0.0536573789993633,-0.0220592787844985,consistent,30.0,0.45274807161316744,baseline,0.0,0.0,7.33,7.4,-0.07000000000000028,fedd0p3_spin_plus1_eps0p423_no_merger_boost,0.3,0.42264973081037416,1.0,7.150935935811225,14155849.470240291,above_heavy_seed_scale
GS20057765_juodzbalis25,GS-20057765,8.913,spec,JADES,broad-line-agn,tentative,stack_supported_tentative_hbeta,juodzbalis25_jades_blagn,"Table 2 (BH/Lbol/lambda_Edd), Table 5 (Mstar)",False,False,False,True,0.0536573789993633,-0.0220592787844985,consistent,30.0,0.45274807161316744,baseline,0.0,0.0,7.33,7.4,-0.07000000000000028,fedd0p3_spin_plus1_eps0p423_merger_boost_x2,0.3,0.42264973081037416,2.0,6.849905940147244,7077924.735120145,above_heavy_seed_scale
GS20057765_juodzbalis25,GS-20057765,8.913,spec,JADES,broad-line-agn,tentative,stack_supported_tentative_hbeta,juodzbalis25_jades_blagn,"Table 2 (BH/Lbol/lambda_Edd), Table 5 (Mstar)",False,False,False,True,0.0536573789993633,-0.0220592787844985,consistent,30.0,0.45274807161316744,baseline,0.0,0.0,7.33,7.4,-0.07000000000000028,fedd1_eps0p1_no_merger_boost,1.0,0.1,1.0,3.397480216121263,2497.3546219099526,intermediate_seed_scale
GS20057765_juodzbalis25,GS-20057765,8.913,spec,JADES,broad-line-agn,tentative,stack_supported_tentative_hbeta,juodzbalis25_jades_blagn,"Table 2 (BH/Lbol/lambda_Edd), Table 5 (Mstar)",False,False,False,True,0.0536573789993633,-0.0220592787844985,consistent,30.0,0.45274807161316744,baseline,0.0,0.0,7.33,7.4,-0.07000000000000028,fedd1_eps0p1_merger_boost_x2,1.0,0.1,2.0,3.0964502204572817,1248.677310954976,intermediate_seed_scale
GS20057765_juodzbalis25,GS-20057765,8.913,spec,JADES,broad-line-agn,tentative,stack_supported_tentative_hbeta,juodzbalis25_jades_blagn,"Table 2 (BH/Lbol/lambda_Edd), Table 5 (Mstar)",False,False,False,True,0.0536573789993633,-0.0220592787844985,consistent,30.0,0.45274807161316744,baseline,0.0,0.0,7.33,7.4,-0.07000000000000028,fedd1_spin_minus1_eps0p038_no_merger_boost,1.0,0.037749551350623745,1.0,-3.807936422704703,0.0001556193429405328,light_seed_scale
GS20057765_juodzbalis25,GS-20057765,8.913,spec,JADES,broad-line-agn,tentative,stack_supported_tentative_hbeta,juodzbalis25_jades_blagn,"Table 2 (BH/Lbol/lambda_Edd), Table 5 (Mstar)",False,False,False,True,0.0536573789993633,-0.0220592787844985,consistent,30.0,0.45274807161316744,baseline,0.0,0.0,7.33,7.4,-0.07000000000000028,fedd1_spin_minus1_eps0p038_merger_boost_x2,1.0,0.037749551350623745,2.0,-4.108966418368684,7.780967147026639e-05,light_seed_scale
GS20057765_juodzbalis25,GS-20057765,8.913,spec,JADES,broad-line-agn,tentative,stack_supported_tentative_hbeta,juodzbalis25_jades_blagn,"Table 2 (BH/Lbol/lambda_Edd), Table 5 (Mstar)",False,False,False,True,0.0536573789993633,-0.0220592787844985,consistent,30.0,0.45274807161316744,baseline,0.0,0.0,7.33,7.4,-0.07000000000000028,fedd1_spin_0_eps0p057_no_merger_boost,1.0,0.057190958417936644,1.0,0.1268116503332406,1.3390958074932418,light_seed_scale
GS20057765_juodzbalis25,GS-20057765,8.913,spec,JADES,broad-line-agn,tentative,stack_supported_tentative_hbeta,juodzbalis25_jades_blagn,"Table 2 (BH/Lbol/lambda_Edd), Table 5 (Mstar)",False,False,False,True,0.0536573789993633,-0.0220592787844985,consistent,30.0,0.45274807161316744,baseline,0.0,0.0,7.33,7.4,-0.07000000000000028,fedd1_spin_0_eps0p057_merger_boost_x2,1.0,0.057190958417936644,2.0,-0.17421834533074065,0.6695479037466208,light_seed_scale
GS20057765_juodzbalis25,GS-20057765,8.913,spec,JADES,broad-line-agn,tentative,stack_supported_tentative_hbeta,juodzbalis25_jades_blagn,"Table 2 (BH/Lbol/lambda_Edd), Table 5 (Mstar)",False,False,False,True,0.0536573789993633,-0.0220592787844985,consistent,30.0,0.45274807161316744,baseline,0.0,0.0,7.33,7.4,-0.07000000000000028,fedd1_spin_plus1_eps0p423_no_merger_boost,1.0,0.42264973081037416,1.0,6.733119786037417,5409034.930458194,above_heavy_seed_scale
GS20057765_juodzbalis25,GS-20057765,8.913,spec,JADES,broad-line-agn,tentative,stack_supported_tentative_hbeta,juodzbalis25_jades_blagn,"Table 2 (BH/Lbol/lambda_Edd), Table 5 (Mstar)",False,False,False,True,0.0536573789993633,-0.0220592787844985,consistent,30.0,0.45274807161316744,baseline,0.0,0.0,7.33,7.4,-0.07000000000000028,fedd1_spin_plus1_eps0p423_merger_boost_x2,1.0,0.42264973081037416,2.0,6.4320897903734355,2704517.4652290964,above_heavy_seed_scale
GS20057765_juodzbalis25,GS-20057765,8.913,spec,JADES,broad-line-agn,tentative,stack_supported_tentative_hbeta,juodzbalis25_jades_blagn,"Table 2 (BH/Lbol/lambda_Edd), Table 5 (Mstar)",False,False,False,True,0.0536573789993633,-0.0220592787844985,consistent,30.0,0.45274807161316744,baseline,0.0,0.0,7.33,7.4,-0.07000000000000028,fedd2_eps0p1_no_merger_boost,2.0,0.1,1.0,-0.5350395677574742,0.29171612247937806,light_seed_scale
GS20057765_juodzbalis25,GS-20057765,8.913,spec,JADES,broad-line-agn,tentative,stack_supported_tentative_hbeta,juodzbalis25_jades_blagn,"Table 2 (BH/Lbol/lambda_Edd), Table 5 (Mstar)",False,False,False,True,0.0536573789993633,-0.0220592787844985,consistent,30.0,0.45274807161316744,baseline,0.0,0.0,7.33,7.4,-0.07000000000000028,fedd2_eps0p1_merger_boost_x2,2.0,0.1,2.0,-0.8360695634214554,0.145858061239689,light_seed_scale
GS20057765_juodzbalis25,GS-20057765,8.913,spec,JADES,broad-line-agn,tentative,stack_supported_tentative_hbeta,juodzbalis25_jades_blagn,"Table 2 (BH/Lbol/lambda_Edd), Table 5 (Mstar)",False,False,False,True,0.0536573789993633,-0.0220592787844985,consistent,30.0,0.45274807161316744,baseline,0.0,0.0,7.33,7.4,-0.07000000000000028,fedd2_spin_minus1_eps0p038_no_merger_boost,2.0,0.037749551350623745,1.0,-14.945872845409406,1.132731960784278e-15,light_seed_scale
GS20057765_juodzbalis25,GS-20057765,8.913,spec,JADES,broad-line-agn,tentative,stack_supported_tentative_hbeta,juodzbalis25_jades_blagn,"Table 2 (BH/Lbol/lambda_Edd), Table 5 (Mstar)",False,False,False,True,0.0536573789993633,-0.0220592787844985,consistent,30.0,0.45274807161316744,baseline,0.0,0.0,7.33,7.4,-0.07000000000000028,fedd2_spin_minus1_eps0p038_merger_boost_x2,2.0,0.037749551350623745,2.0,-15.246902841073387,5.663659803921389e-16,light_seed_scale
GS20057765_juodzbalis25,GS-20057765,8.913,spec,JADES,broad-line-agn,tentative,stack_supported_tentative_hbeta,juodzbalis25_jades_blagn,"Table 2 (BH/Lbol/lambda_Edd), Table 5 (Mstar)",False,False,False,True,0.0536573789993633,-0.0220592787844985,consistent,30.0,0.45274807161316744,baseline,0.0,0.0,7.33,7.4,-0.07000000000000028,fedd2_spin_0_eps0p057_no_merger_boost,2.0,0.057190958417936644,1.0,-7.076376699333519,8.387321695042175e-08,light_seed_scale
GS20057765_juodzbalis25,GS-20057765,8.913,spec,JADES,broad-line-agn,tentative,stack_supported_tentative_hbeta,juodzbalis25_jades_blagn,"Table 2 (BH/Lbol/lambda_Edd), Table 5 (Mstar)",False,False,False,True,0.0536573789993633,-0.0220592787844985,consistent,30.0,0.45274807161316744,baseline,0.0,0.0,7.33,7.4,-0.07000000000000028,fedd2_spin_0_eps0p057_merger_boost_x2,2.0,0.057190958417936644,2.0,-7.3774066949975,4.193660847521087e-08,light_seed_scale
GS20057765_juodzbalis25,GS-20057765,8.913,spec,JADES,broad-line-agn,tentative,stack_supported_tentative_hbeta,juodzbalis25_jades_blagn,"Table 2 (BH/Lbol/lambda_Edd), Table 5 (Mstar)",False,False,False,True,0.0536573789993633,-0.0220592787844985,consistent,30.0,0.45274807161316744,baseline,0.0,0.0,7.33,7.4,-0.07000000000000028,fedd2_spin_plus1_eps0p423_no_merger_boost,2.0,0.42264973081037416,1.0,6.1362395720748335,1368483.5209462831,above_heavy_seed_scale
GS20057765_juodzbalis25,GS-20057765,8.913,spec,JADES,broad-line-agn,tentative,stack_supported_tentative_hbeta,juodzbalis25_jades_blagn,"Table 2 (BH/Lbol/lambda_Edd), Table 5 (Mstar)",False,False,False,True,0.0536573789993633,-0.0220592787844985,consistent,30.0,0.45274807161316744,baseline,0.0,0.0,7.33,7.4,-0.07000000000000028,fedd2_spin_plus1_eps0p423_merger_boost_x2,2.0,0.42264973081037416,2.0,5.835209576410852,684241.7604731416,heavy_seed_scale
GS20057765_juodzbalis25,GS-20057765,8.913,spec,JADES,broad-line-agn,tentative,stack_supported_tentative_hbeta,juodzbalis25_jades_blagn,"Table 2 (BH/Lbol/lambda_Edd), Table 5 (Mstar)",False,False,False,True,0.0536573789993633,-0.0220592787844985,consistent,30.0,0.45274807161316744,mbh_minus_0p3dex,-0.3,0.0,7.03,7.4,-0.3700000000000001,fedd0p3_eps0p1_no_merger_boost,0.3,0.1,1.0,5.850244064836379,708343.7476074771,heavy_seed_scale
GS20057765_juodzbalis25,GS-20057765,8.913,spec,JADES,broad-line-agn,tentative,stack_supported_tentative_hbeta,juodzbalis25_jades_blagn,"Table 2 (BH/Lbol/lambda_Edd), Table 5 (Mstar)",False,False,False,True,0.0536573789993633,-0.0220592787844985,consistent,30.0,0.45274807161316744,mbh_minus_0p3dex,-0.3,0.0,7.03,7.4,-0.3700000000000001,fedd0p3_eps0p1_merger_boost_x2,0.3,0.1,2.0,5.549214069172398,354171.8738037385,heavy_seed_scale
GS20057765_juodzbalis25,GS-20057765,8.913,spec,JADES,broad-line-agn,tentative,stack_supported_tentative_hbeta,juodzbalis25_jades_blagn,"Table 2 (BH/Lbol/lambda_Edd), Table 5 (Mstar)",False,False,False,True,0.0536573789993633,-0.0220592787844985,consistent,30.0,0.45274807161316744,mbh_minus_0p3dex,-0.3,0.0,7.03,7.4,-0.3700000000000001,fedd0p3_spin_minus1_eps0p038_no_merger_boost,0.3,0.037749551350623745,1.0,3.6886190731885895,4882.239422590797,intermediate_seed_scale
GS20057765_juodzbalis25,GS-20057765,8.913,spec,JADES,broad-line-agn,tentative,stack_supported_tentative_hbeta,juodzbalis25_jades_blagn,"Table 2 (BH/Lbol/lambda_Edd), Table 5 (Mstar)",False,False,False,True,0.0536573789993633,-0.0220592787844985,consistent,30.0,0.45274807161316744,mbh_minus_0p3dex,-0.3,0.0,7.03,7.4,-0.3700000000000001,fedd0p3_spin_minus1_eps0p038_merger_boost_x2,0.3,0.037749551350623745,2.0,3.3875890775246082,2441.1197112953982,intermediate_seed_scale
GS20057765_juodzbalis25,GS-20057765,8.913,spec,JADES,broad-line-agn,tentative,stack_supported_tentative_hbeta,juodzbalis25_jades_blagn,"Table 2 (BH/Lbol/lambda_Edd), Table 5 (Mstar)",False,False,False,True,0.0536573789993633,-0.0220592787844985,consistent,30.0,0.45274807161316744,mbh_minus_0p3dex,-0.3,0.0,7.03,7.4,-0.3700000000000001,fedd0p3_spin_0_eps0p057_no_merger_boost,0.3,0.057190958417936644,1.0,4.869043495099973,73967.93511003366,heavy_seed_scale
GS20057765_juodzbalis25,GS-20057765,8.913,spec,JADES,broad-line-agn,tentative,stack_supported_tentative_hbeta,juodzbalis25_jades_blagn,"Table 2 (BH/Lbol/lambda_Edd), Table 5 (Mstar)",False,False,False,True,0.0536573789993633,-0.0220592787844985,consistent,30.0,0.45274807161316744,mbh_minus_0p3dex,-0.3,0.0,7.03,7.4,-0.3700000000000001,fedd0p3_spin_0_eps0p057_merger_boost_x2,0.3,0.057190958417936644,2.0,4.568013499435992,36983.96755501683,heavy_seed_scale
GS20057765_juodzbalis25,GS-20057765,8.913,spec,JADES,broad-line-agn,tentative,stack_supported_tentative_hbeta,juodzbalis25_jades_blagn,"Table 2 (BH/Lbol/lambda_Edd), Table 5 (Mstar)",False,False,False,True,0.0536573789993633,-0.0220592787844985,consistent,30.0,0.45274807161316744,mbh_minus_0p3dex,-0.3,0.0,7.03,7.4,-0.3700000000000001,fedd0p3_spin_plus1_eps0p423_no_merger_boost,0.3,0.42264973081037416,1.0,6.850935935811226,7094731.035633823,above_heavy_seed_scale
GS20057765_juodzbalis25,GS-20057765,8.913,spec,JADES,broad-line-agn,tentative,stack_supported_tentative_hbeta,juodzbalis25_jades_blagn,"Table 2 (BH/Lbol/lambda_Edd), Table 5 (Mstar)",False,False,False,True,0.0536573789993633,-0.0220592787844985,consistent,30.0,0.45274807161316744,mbh_minus_0p3dex,-0.3,0.0,7.03,7.4,-0.3700000000000001,fedd0p3_spin_plus1_eps0p423_merger_boost_x2,0.3,0.42264973081037416,2.0,6.549905940147244,3547365.517816911,above_heavy_seed_scale
GS20057765_juodzbalis25,GS-20057765,8.913,spec,JADES,broad-line-agn,tentative,stack_supported_tentative_hbeta,juodzbalis25_jades_blagn,"Table 2 (BH/Lbol/lambda_Edd), Table 5 (Mstar)",False,False,False,True,0.0536573789993633,-0.0220592787844985,consistent,30.0,0.45274807161316744,mbh_minus_0p3dex,-0.3,0.0,7.03,7.4,-0.3700000000000001,fedd1_eps0p1_no_merger_boost,1.0,0.1,1.0,3.097480216121263,1251.642254341332,intermediate_seed_scale
GS20057765_juodzbalis25,GS-20057765,8.913,spec,JADES,broad-line-agn,tentative,stack_supported_tentative_hbeta,juodzbalis25_jades_blagn,"Table 2 (BH/Lbol/lambda_Edd), Table 5 (Mstar)",False,False,False,True,0.0536573789993633,-0.0220592787844985,consistent,30.0,0.45274807161316744,mbh_minus_0p3dex,-0.3,0.0,7.03,7.4,-0.3700000000000001,fedd1_eps0p1_merger_boost_x2,1.0,0.1,2.0,2.796450220457282,625.821127170666,intermediate_seed_scale
GS20057765_juodzbalis25,GS-20057765,8.913,spec,JADES,broad-line-agn,tentative,stack_supported_tentative_hbeta,juodzbalis25_jades_blagn,"Table 2 (BH/Lbol/lambda_Edd), Table 5 (Mstar)",False,False,False,True,0.0536573789993633,-0.0220592787844985,consistent,30.0,0.45274807161316744,mbh_minus_0p3dex,-0.3,0.0,7.03,7.4,-0.3700000000000001,fedd1_spin_minus1_eps0p038_no_merger_boost,1.0,0.037749551350623745,1.0,-4.107936422704703,7.799442798725946e-05,light_seed_scale
GS20057765_juodzbalis25,GS-20057765,8.913,spec,JADES,broad-line-agn,tentative,stack_supported_tentative_hbeta,juodzbalis25_jades_blagn,"Table 2 (BH/Lbol/lambda_Edd), Table 5 (Mstar)",False,False,False,True,0.0536573789993633,-0.0220592787844985,consistent,30.0,0.45274807161316744,mbh_minus_0p3dex,-0.3,0.0,7.03,7.4,-0.3700000000000001,fedd1_spin_minus1_eps0p038_merger_boost_x2,1.0,0.037749551350623745,2.0,-4.408966418368684,3.899721399362972e-05,light_seed_scale
GS20057765_juodzbalis25,GS-20057765,8.913,spec,JADES,broad-line-agn,tentative,stack_supported_tentative_hbeta,juodzbalis25_jades_blagn,"Table 2 (BH/Lbol/lambda_Edd), Table 5 (Mstar)",False,False,False,True,0.0536573789993633,-0.0220592787844985,consistent,30.0,0.45274807161316744,mbh_minus_0p3dex,-0.3,0.0,7.03,7.4,-0.3700000000000001,fedd1_spin_0_eps0p057_no_merger_boost,1.0,0.057190958417936644,1.0,-0.17318834966675922,0.6711377233194165,light_seed_scale
GS20057765_juodzbalis25,GS-20057765,8.913,spec,JADES,broad-line-agn,tentative,stack_supported_tentative_hbeta,juodzbalis25_jades_blagn,"Table 2 (BH/Lbol/lambda_Edd), Table 5 (Mstar)",False,False,False,True,0.0536573789993633,-0.0220592787844985,consistent,30.0,0.45274807161316744,mbh_minus_0p3dex,-0.3,0.0,7.03,7.4,-0.3700000000000001,fedd1_spin_0_eps0p057_merger_boost_x2,1.0,0.057190958417936644,2.0,-0.4742183453307405,0.33556886165970823,light_seed_scale
GS20057765_juodzbalis25,GS-20057765,8.913,spec,JADES,broad-line-agn,tentative,stack_supported_tentative_hbeta,juodzbalis25_jades_blagn,"Table 2 (BH/Lbol/lambda_Edd), Table 5 (Mstar)",False,False,False,True,0.0536573789993633,-0.0220592787844985,consistent,30.0,0.45274807161316744,mbh_minus_0p3dex,-0.3,0.0,7.03,7.4,-0.3700000000000001,fedd1_spin_plus1_eps0p423_no_merger_boost,1.0,0.42264973081037416,1.0,6.433119786037417,2710939.2533896286,above_heavy_seed_scale
GS20057765_juodzbalis25,GS-20057765,8.913,spec,JADES,broad-line-agn,tentative,stack_supported_tentative_hbeta,juodzbalis25_jades_blagn,"Table 2 (BH/Lbol/lambda_Edd), Table 5 (Mstar)",False,False,False,True,0.0536573789993633,-0.0220592787844985,consistent,30.0,0.45274807161316744,mbh_minus_0p3dex,-0.3,0.0,7.03,7.4,-0.3700000000000001,fedd1_spin_plus1_eps0p423_merger_boost_x2,1.0,0.42264973081037416,2.0,6.132089790373436,1355469.626694814,above_heavy_seed_scale
GS20057765_juodzbalis25,GS-20057765,8.913,spec,JADES,broad-line-agn,tentative,stack_supported_tentative_hbeta,juodzbalis25_jades_blagn,"Table 2 (BH/Lbol/lambda_Edd), Table 5 (Mstar)",False,False,False,True,0.0536573789993633,-0.0220592787844985,consistent,30.0,0.45274807161316744,mbh_minus_0p3dex,-0.3,0.0,7.03,7.4,-0.3700000000000001,fedd2_eps0p1_no_merger_boost,2.0,0.1,1.0,-0.835039567757474,0.1462043964299141,light_seed_scale
GS20057765_juodzbalis25,GS-20057765,8.913,spec,JADES,broad-line-agn,tentative,stack_supported_tentative_hbeta,juodzbalis25_jades_blagn,"Table 2 (BH/Lbol/lambda_Edd), Table 5 (Mstar)",False,False,False,True,0.0536573789993633,-0.0220592787844985,consistent,30.0,0.45274807161316744,mbh_minus_0p3dex,-0.3,0.0,7.03,7.4,-0.3700000000000001,fedd2_eps0p1_merger_boost_x2,2.0,0.1,2.0,-1.1360695634214553,0.07310219821495703,light_seed_scale
GS20057765_juodzbalis25,GS-20057765,8.913,spec,JADES,broad-line-agn,tentative,stack_supported_tentative_hbeta,juodzbalis25_jades_blagn,"Table 2 (BH/Lbol/lambda_Edd), Table 5 (Mstar)",False,False,False,True,0.0536573789993633,-0.0220592787844985,consistent,30.0,0.45274807161316744,mbh_minus_0p3dex,-0.3,0.0,7.03,7.4,-0.3700000000000001,fedd2_spin_minus1_eps0p038_no_merger_boost,2.0,0.037749551350623745,1.0,-15.245872845409405,5.677107978666695e-16,light_seed_scale
GS20057765_juodzbalis25,GS-20057765,8.913,spec,JADES,broad-line-agn,tentative,stack_supported_tentative_hbeta,juodzbalis25_jades_blagn,"Table 2 (BH/Lbol/lambda_Edd), Table 5 (Mstar)",False,False,False,True,0.0536573789993633,-0.0220592787844985,consistent,30.0,0.45274807161316744,mbh_minus_0p3dex,-0.3,0.0,7.03,7.4,-0.3700000000000001,fedd2_spin_minus1_eps0p038_merger_boost_x2,2.0,0.037749551350623745,2.0,-15.546902841073386,2.8385539893333476e-16,light_seed_scale
GS20057765_juodzbalis25,GS-20057765,8.913,spec,JADES,broad-line-agn,tentative,stack_supported_tentative_hbeta,juodzbalis25_jades_blagn,"Table 2 (BH/Lbol/lambda_Edd), Table 5 (Mstar)",False,False,False,True,0.0536573789993633,-0.0220592787844985,consistent,30.0,0.45274807161316744,mbh_minus_0p3dex,-0.3,0.0,7.03,7.4,-0.3700000000000001,fedd2_spin_0_eps0p057_no_merger_boost,2.0,0.057190958417936644,1.0,-7.376376699333519,4.2036185578801935e-08,light_seed_scale
GS20057765_juodzbalis25,GS-20057765,8.913,spec,JADES,broad-line-agn,tentative,stack_supported_tentative_hbeta,juodzbalis25_jades_blagn,"Table 2 (BH/Lbol/lambda_Edd), Table 5 (Mstar)",False,False,False,True,0.0536573789993633,-0.0220592787844985,consistent,30.0,0.45274807161316744,mbh_minus_0p3dex,-0.3,0.0,7.03,7.4,-0.3700000000000001,fedd2_spin_0_eps0p057_merger_boost_x2,2.0,0.057190958417936644,2.0,-7.6774066949975,2.1018092789400964e-08,light_seed_scale
GS20057765_juodzbalis25,GS-20057765,8.913,spec,JADES,broad-line-agn,tentative,stack_supported_tentative_hbeta,juodzbalis25_jades_blagn,"Table 2 (BH/Lbol/lambda_Edd), Table 5 (Mstar)",False,False,False,True,0.0536573789993633,-0.0220592787844985,consistent,30.0,0.45274807161316744,mbh_minus_0p3dex,-0.3,0.0,7.03,7.4,-0.3700000000000001,fedd2_spin_plus1_eps0p423_no_merger_boost,2.0,0.42264973081037416,1.0,5.836239572074835,685866.4701275787,heavy_seed_scale
GS20057765_juodzbalis25,GS-20057765,8.913,spec,JADES,broad-line-agn,tentative,stack_supported_tentative_hbeta,juodzbalis25_jades_blagn,"Table 2 (BH/Lbol/lambda_Edd), Table 5 (Mstar)",False,False,False,True,0.0536573789993633,-0.0220592787844985,consistent,30.0,0.45274807161316744,mbh_minus_0p3dex,-0.3,0.0,7.03,7.4,-0.3700000000000001,fedd2_spin_plus1_eps0p423_merger_boost_x2,2.0,0.42264973081037416,2.0,5.535209576410853,342933.2350637893,heavy_seed_scale
GS20057765_juodzbalis25,GS-20057765,8.913,spec,JADES,broad-line-agn,tentative,stack_supported_tentative_hbeta,juodzbalis25_jades_blagn,"Table 2 (BH/Lbol/lambda_Edd), Table 5 (Mstar)",False,False,False,True,0.0536573789993633,-0.0220592787844985,consistent,30.0,0.45274807161316744,mbh_plus_0p3dex,0.3,0.0,7.63,7.4,0.22999999999999954,fedd0p3_eps0p1_no_merger_boost,0.3,0.1,1.0,6.450244064836379,2819967.251392731,above_heavy_seed_scale
GS20057765_juodzbalis25,GS-20057765,8.913,spec,JADES,broad-line-agn,tentative,stack_supported_tentative_hbeta,juodzbalis25_jades_blagn,"Table 2 (BH/Lbol/lambda_Edd), Table 5 (Mstar)",False,False,False,True,0.0536573789993633,-0.0220592787844985,consistent,30.0,0.45274807161316744,mbh_plus_0p3dex,0.3,0.0,7.63,7.4,0.22999999999999954,fedd0p3_eps0p1_merger_boost_x2,0.3,0.1,2.0,6.149214069172397,1409983.6256963653,above_heavy_seed_scale
GS20057765_juodzbalis25,GS-20057765,8.913,spec,JADES,broad-line-agn,tentative,stack_supported_tentative_hbeta,juodzbalis25_jades_blagn,"Table 2 (BH/Lbol/lambda_Edd), Table 5 (Mstar)",False,False,False,True,0.0536573789993633,-0.0220592787844985,consistent,30.0,0.45274807161316744,mbh_plus_0p3dex,0.3,0.0,7.63,7.4,0.22999999999999954,fedd0p3_spin_minus1_eps0p038_no_merger_boost,0.3,0.037749551350623745,1.0,4.288619073188589,19436.545224923608,heavy_seed_scale
GS20057765_juodzbalis25,GS-20057765,8.913,spec,JADES,broad-line-agn,tentative,stack_supported_tentative_hbeta,juodzbalis25_jades_blagn,"Table 2 (BH/Lbol/lambda_Edd), Table 5 (Mstar)",False,False,False,True,0.0536573789993633,-0.0220592787844985,consistent,30.0,0.45274807161316744,mbh_plus_0p3dex,0.3,0.0,7.63,7.4,0.22999999999999954,fedd0p3_spin_minus1_eps0p038_merger_boost_x2,0.3,0.037749551350623745,2.0,3.987589077524608,9718.272612461802,intermediate_seed_scale
GS20057765_juodzbalis25,GS-20057765,8.913,spec,JADES,broad-line-agn,tentative,stack_supported_tentative_hbeta,juodzbalis25_jades_blagn,"Table 2 (BH/Lbol/lambda_Edd), Table 5 (Mstar)",False,False,False,True,0.0536573789993633,-0.0220592787844985,consistent,30.0,0.45274807161316744,mbh_plus_0p3dex,0.3,0.0,7.63,7.4,0.22999999999999954,fedd0p3_spin_0_eps0p057_no_merger_boost,0.3,0.057190958417936644,1.0,5.469043495099973,294471.6535834017,heavy_seed_scale
GS20057765_juodzbalis25,GS-20057765,8.913,spec,JADES,broad-line-agn,tentative,stack_supported_tentative_hbeta,juodzbalis25_jades_blagn,"Table 2 (BH/Lbol/lambda_Edd), Table 5 (Mstar)",False,False,False,True,0.0536573789993633,-0.0220592787844985,consistent,30.0,0.45274807161316744,mbh_plus_0p3dex,0.3,0.0,7.63,7.4,0.22999999999999954,fedd0p3_spin_0_eps0p057_merger_boost_x2,0.3,0.057190958417936644,2.0,5.168013499435991,147235.82679170082,heavy_seed_scale
GS20057765_juodzbalis25,GS-20057765,8.913,spec,JADES,broad-line-agn,tentative,stack_supported_tentative_hbeta,juodzbalis25_jades_blagn,"Table 2 (BH/Lbol/lambda_Edd), Table 5 (Mstar)",False,False,False,True,0.0536573789993633,-0.0220592787844985,consistent,30.0,0.45274807161316744,mbh_plus_0p3dex,0.3,0.0,7.63,7.4,0.22999999999999954,fedd0p3_spin_plus1_eps0p423_no_merger_boost,0.3,0.42264973081037416,1.0,7.450935935811225,28244632.98434262,above_heavy_seed_scale
GS20057765_juodzbalis25,GS-20057765,8.913,spec,JADES,broad-line-agn,tentative,stack_supported_tentative_hbeta,juodzbalis25_jades_blagn,"Table 2 (BH/Lbol/lambda_Edd), Table 5 (Mstar)",False,False,False,True,0.0536573789993633,-0.0220592787844985,consistent,30.0,0.45274807161316744,mbh_plus_0p3dex,0.3,0.0,7.63,7.4,0.22999999999999954,fedd0p3_spin_plus1_eps0p423_merger_boost_x2,0.3,0.42264973081037416,2.0,7.149905940147244,14122316.492171308,above_heavy_seed_scale
GS20057765_juodzbalis25,GS-20057765,8.913,spec,JADES,broad-line-agn,tentative,stack_supported_tentative_hbeta,juodzbalis25_jades_blagn,"Table 2 (BH/Lbol/lambda_Edd), Table 5 (Mstar)",False,False,False,True,0.0536573789993633,-0.0220592787844985,consistent,30.0,0.45274807161316744,mbh_plus_0p3dex,0.3,0.0,7.63,7.4,0.22999999999999954,fedd1_eps0p1_no_merger_boost,1.0,0.1,1.0,3.6974802161212628,4982.877564210281,intermediate_seed_scale
GS20057765_juodzbalis25,GS-20057765,8.913,spec,JADES,broad-line-agn,tentative,stack_supported_tentative_hbeta,juodzbalis25_jades_blagn,"Table 2 (BH/Lbol/lambda_Edd), Table 5 (Mstar)",False,False,False,True,0.0536573789993633,-0.0220592787844985,consistent,30.0,0.45274807161316744,mbh_plus_0p3dex,0.3,0.0,7.63,7.4,0.22999999999999954,fedd1_eps0p1_merger_boost_x2,1.0,0.1,2.0,3.3964502204572815,2491.43878210514,intermediate_seed_scale
GS20057765_juodzbalis25,GS-20057765,8.913,spec,JADES,broad-line-agn,tentative,stack_supported_tentative_hbeta,juodzbalis25_jades_blagn,"Table 2 (BH/Lbol/lambda_Edd), Table 5 (Mstar)",False,False,False,True,0.0536573789993633,-0.0220592787844985,consistent,30.0,0.45274807161316744,mbh_plus_0p3dex,0.3,0.0,7.63,7.4,0.22999999999999954,fedd1_spin_minus1_eps0p038_no_merger_boost,1.0,0.037749551350623745,1.0,-3.507936422704703,0.00031050141044946334,light_seed_scale
GS20057765_juodzbalis25,GS-20057765,8.913,spec,JADES,broad-line-agn,tentative,stack_supported_tentative_hbeta,juodzbalis25_jades_blagn,"Table 2 (BH/Lbol/lambda_Edd), Table 5 (Mstar)",False,False,False,True,0.0536573789993633,-0.0220592787844985,consistent,30.0,0.45274807161316744,mbh_plus_0p3dex,0.3,0.0,7.63,7.4,0.22999999999999954,fedd1_spin_minus1_eps0p038_merger_boost_x2,1.0,0.037749551350623745,2.0,-3.8089664183686844,0.00015525070522473165,light_seed_scale
GS20057765_juodzbalis25,GS-20057765,8.913,spec,JADES,broad-line-agn,tentative,stack_supported_tentative_hbeta,juodzbalis25_jades_blagn,"Table 2 (BH/Lbol/lambda_Edd), Table 5 (Mstar)",False,False,False,True,0.0536573789993633,-0.0220592787844985,consistent,30.0,0.45274807161316744,mbh_plus_0p3dex,0.3,0.0,7.63,7.4,0.22999999999999954,fedd1_spin_0_eps0p057_no_merger_boost,1.0,0.057190958417936644,1.0,0.4268116503332404,2.6718474008240856,light_seed_scale
GS20057765_juodzbalis25,GS-20057765,8.913,spec,JADES,broad-line-agn,tentative,stack_supported_tentative_hbeta,juodzbalis25_jades_blagn,"Table 2 (BH/Lbol/lambda_Edd), Table 5 (Mstar)",False,False,False,True,0.0536573789993633,-0.0220592787844985,consistent,30.0,0.45274807161316744,mbh_plus_0p3dex,0.3,0.0,7.63,7.4,0.22999999999999954,fedd1_spin_0_eps0p057_merger_boost_x2,1.0,0.057190958417936644,2.0,0.12578165466925917,1.3359237004120428,light_seed_scale
GS20057765_juodzbalis25,GS-20057765,8.913,spec,JADES,broad-line-agn,tentative,stack_supported_tentative_hbeta,juodzbalis25_jades_blagn,"Table 2 (BH/Lbol/lambda_Edd), Table 5 (Mstar)",False,False,False,True,0.0536573789993633,-0.0220592787844985,consistent,30.0,0.45274807161316744,mbh_plus_0p3dex,0.3,0.0,7.63,7.4,0.22999999999999954,fedd1_spin_plus1_eps0p423_no_merger_boost,1.0,0.42264973081037416,1.0,7.033119786037417,10792443.557093544,above_heavy_seed_scale
GS20057765_juodzbalis25,GS-20057765,8.913,spec,JADES,broad-line-agn,tentative,stack_supported_tentative_hbeta,juodzbalis25_jades_blagn,"Table 2 (BH/Lbol/lambda_Edd), Table 5 (Mstar)",False,False,False,True,0.0536573789993633,-0.0220592787844985,consistent,30.0,0.45274807161316744,mbh_plus_0p3dex,0.3,0.0,7.63,7.4,0.22999999999999954,fedd1_spin_plus1_eps0p423_merger_boost_x2,1.0,0.42264973081037416,2.0,6.732089790373435,5396221.778546771,above_heavy_seed_scale
GS20057765_juodzbalis25,GS-20057765,8.913,spec,JADES,broad-line-agn,tentative,stack_supported_tentative_hbeta,juodzbalis25_jades_blagn,"Table 2 (BH/Lbol/lambda_Edd), Table 5 (Mstar)",False,False,False,True,0.0536573789993633,-0.0220592787844985,consistent,30.0,0.45274807161316744,mbh_plus_0p3dex,0.3,0.0,7.63,7.4,0.22999999999999954,fedd2_eps0p1_no_merger_boost,2.0,0.1,1.0,-0.23503956775747437,0.5820501858519488,light_seed_scale
GS20057765_juodzbalis25,GS-20057765,8.913,spec,JADES,broad-line-agn,tentative,stack_supported_tentative_hbeta,juodzbalis25_jades_blagn,"Table 2 (BH/Lbol/lambda_Edd), Table 5 (Mstar)",False,False,False,True,0.0536573789993633,-0.0220592787844985,consistent,30.0,0.45274807161316744,mbh_plus_0p3dex,0.3,0.0,7.63,7.4,0.22999999999999954,fedd2_eps0p1_merger_boost_x2,2.0,0.1,2.0,-0.5360695634214556,0.2910250929259744,light_seed_scale
GS20057765_juodzbalis25,GS-20057765,8.913,spec,JADES,broad-line-agn,tentative,stack_supported_tentative_hbeta,juodzbalis25_jades_blagn,"Table 2 (BH/Lbol/lambda_Edd), Table 5 (Mstar)",False,False,False,True,0.0536573789993633,-0.0220592787844985,consistent,30.0,0.45274807161316744,mbh_plus_0p3dex,0.3,0.0,7.63,7.4,0.22999999999999954,fedd2_spin_minus1_eps0p038_no_merger_boost,2.0,0.037749551350623745,1.0,-14.645872845409407,2.260097394313671e-15,light_seed_scale
GS20057765_juodzbalis25,GS-20057765,8.913,spec,JADES,broad-line-agn,tentative,stack_supported_tentative_hbeta,juodzbalis25_jades_blagn,"Table 2 (BH/Lbol/lambda_Edd), Table 5 (Mstar)",False,False,False,True,0.0536573789993633,-0.0220592787844985,consistent,30.0,0.45274807161316744,mbh_plus_0p3dex,0.3,0.0,7.63,7.4,0.22999999999999954,fedd2_spin_minus1_eps0p038_merger_boost_x2,2.0,0.037749551350623745,2.0,-14.946902841073388,1.1300486971568354e-15,light_seed_scale
GS20057765_juodzbalis25,GS-20057765,8.913,spec,JADES,broad-line-agn,tentative,stack_supported_tentative_hbeta,juodzbalis25_jades_blagn,"Table 2 (BH/Lbol/lambda_Edd), Table 5 (Mstar)",False,False,False,True,0.0536573789993633,-0.0220592787844985,consistent,30.0,0.45274807161316744,mbh_plus_0p3dex,0.3,0.0,7.63,7.4,0.22999999999999954,fedd2_spin_0_eps0p057_no_merger_boost,2.0,0.057190958417936644,1.0,-6.776376699333519,1.673490690163855e-07,light_seed_scale
GS20057765_juodzbalis25,GS-20057765,8.913,spec,JADES,broad-line-agn,tentative,stack_supported_tentative_hbeta,juodzbalis25_jades_blagn,"Table 2 (BH/Lbol/lambda_Edd), Table 5 (Mstar)",False,False,False,True,0.0536573789993633,-0.0220592787844985,consistent,30.0,0.45274807161316744,mbh_plus_0p3dex,0.3,0.0,7.63,7.4,0.22999999999999954,fedd2_spin_0_eps0p057_merger_boost_x2,2.0,0.057190958417936644,2.0,-7.0774066949975,8.367453450819273e-08,light_seed_scale
GS20057765_juodzbalis25,GS-20057765,8.913,spec,JADES,broad-line-agn,tentative,stack_supported_tentative_hbeta,juodzbalis25_jades_blagn,"Table 2 (BH/Lbol/lambda_Edd), Table 5 (Mstar)",False,False,False,True,0.0536573789993633,-0.0220592787844985,consistent,30.0,0.45274807161316744,mbh_plus_0p3dex,0.3,0.0,7.63,7.4,0.22999999999999954,fedd2_spin_plus1_eps0p423_no_merger_boost,2.0,0.42264973081037416,1.0,6.436239572074834,2730483.5980000487,above_heavy_seed_scale
GS20057765_juodzbalis25,GS-20057765,8.913,spec,JADES,broad-line-agn,tentative,stack_supported_tentative_hbeta,juodzbalis25_jades_blagn,"Table 2 (BH/Lbol/lambda_Edd), Table 5 (Mstar)",False,False,False,True,0.0536573789993633,-0.0220592787844985,consistent,30.0,0.45274807161316744,mbh_plus_0p3dex,0.3,0.0,7.63,7.4,0.22999999999999954,fedd2_spin_plus1_eps0p423_merger_boost_x2,2.0,0.42264973081037416,2.0,6.135209576410853,1365241.799000024,above_heavy_seed_scale
GS20057765_juodzbalis25,GS-20057765,8.913,spec,JADES,broad-line-agn,tentative,stack_supported_tentative_hbeta,juodzbalis25_jades_blagn,"Table 2 (BH/Lbol/lambda_Edd), Table 5 (Mstar)",False,False,False,True,0.0536573789993633,-0.0220592787844985,consistent,30.0,0.45274807161316744,mstar_agn_20pct,0.0,0.2,7.33,7.303089986991944,0.026910013008055955,fedd0p3_eps0p1_no_merger_boost,0.3,0.1,1.0,6.150244064836379,1413331.585645026,above_heavy_seed_scale
GS20057765_juodzbalis25,GS-20057765,8.913,spec,JADES,broad-line-agn,tentative,stack_supported_tentative_hbeta,juodzbalis25_jades_blagn,"Table 2 (BH/Lbol/lambda_Edd), Table 5 (Mstar)",False,False,False,True,0.0536573789993633,-0.0220592787844985,consistent,30.0,0.45274807161316744,mstar_agn_20pct,0.0,0.2,7.33,7.303089986991944,0.026910013008055955,fedd0p3_eps0p1_merger_boost_x2,0.3,0.1,2.0,5.8492140691723975,706665.7928225129,heavy_seed_scale
GS20057765_juodzbalis25,GS-20057765,8.913,spec,JADES,broad-line-agn,tentative,stack_supported_tentative_hbeta,juodzbalis25_jades_blagn,"Table 2 (BH/Lbol/lambda_Edd), Table 5 (Mstar)",False,False,False,True,0.0536573789993633,-0.0220592787844985,consistent,30.0,0.45274807161316744,mstar_agn_20pct,0.0,0.2,7.33,7.303089986991944,0.026910013008055955,fedd0p3_spin_minus1_eps0p038_no_merger_boost,0.3,0.037749551350623745,1.0,3.9886190731885893,9741.348332550835,intermediate_seed_scale
GS20057765_juodzbalis25,GS-20057765,8.913,spec,JADES,broad-line-agn,tentative,stack_supported_tentative_hbeta,juodzbalis25_jades_blagn,"Table 2 (BH/Lbol/lambda_Edd), Table 5 (Mstar)",False,False,False,True,0.0536573789993633,-0.0220592787844985,consistent,30.0,0.45274807161316744,mstar_agn_20pct,0.0,0.2,7.33,7.303089986991944,0.026910013008055955,fedd0p3_spin_minus1_eps0p038_merger_boost_x2,0.3,0.037749551350623745,2.0,3.687589077524608,4870.6741662754175,intermediate_seed_scale
GS20057765_juodzbalis25,GS-20057765,8.913,spec,JADES,broad-line-agn,tentative,stack_supported_tentative_hbeta,juodzbalis25_jades_blagn,"Table 2 (BH/Lbol/lambda_Edd), Table 5 (Mstar)",False,False,False,True,0.0536573789993633,-0.0220592787844985,consistent,30.0,0.45274807161316744,mstar_agn_20pct,0.0,0.2,7.33,7.303089986991944,0.026910013008055955,fedd0p3_spin_0_eps0p057_no_merger_boost,0.3,0.057190958417936644,1.0,5.169043495099972,147585.43344111327,heavy_seed_scale
GS20057765_juodzbalis25,GS-20057765,8.913,spec,JADES,broad-line-agn,tentative,stack_supported_tentative_hbeta,juodzbalis25_jades_blagn,"Table 2 (BH/Lbol/lambda_Edd), Table 5 (Mstar)",False,False,False,True,0.0536573789993633,-0.0220592787844985,consistent,30.0,0.45274807161316744,mstar_agn_20pct,0.0,0.2,7.33,7.303089986991944,0.026910013008055955,fedd0p3_spin_0_eps0p057_merger_boost_x2,0.3,0.057190958417936644,2.0,4.868013499435991,73792.71672055664,heavy_seed_scale
GS20057765_juodzbalis25,GS-20057765,8.913,spec,JADES,broad-line-agn,tentative,stack_supported_tentative_hbeta,juodzbalis25_jades_blagn,"Table 2 (BH/Lbol/lambda_Edd), Table 5 (Mstar)",False,False,False,True,0.0536573789993633,-0.0220592787844985,consistent,30.0,0.45274807161316744,mstar_agn_20pct,0.0,0.2,7.33,7.303089986991944,0.026910013008055955,fedd0p3_spin_plus1_eps0p423_no_merger_boost,0.3,0.42264973081037416,1.0,7.150935935811225,14155849.470240291,above_heavy_seed_scale
GS20057765_juodzbalis25,GS-20057765,8.913,spec,JADES,broad-line-agn,tentative,stack_supported_tentative_hbeta,juodzbalis25_jades_blagn,"Table 2 (BH/Lbol/lambda_Edd), Table 5 (Mstar)",False,False,False,True,0.0536573789993633,-0.0220592787844985,consistent,30.0,0.45274807161316744,mstar_agn_20pct,0.0,0.2,7.33,7.303089986991944,0.026910013008055955,fedd0p3_spin_plus1_eps0p423_merger_boost_x2,0.3,0.42264973081037416,2.0,6.849905940147244,7077924.735120145,above_heavy_seed_scale
GS20057765_juodzbalis25,GS-20057765,8.913,spec,JADES,broad-line-agn,tentative,stack_supported_tentative_hbeta,juodzbalis25_jades_blagn,"Table 2 (BH/Lbol/lambda_Edd), Table 5 (Mstar)",False,False,False,True,0.0536573789993633,-0.0220592787844985,consistent,30.0,0.45274807161316744,mstar_agn_20pct,0.0,0.2,7.33,7.303089986991944,0.026910013008055955,fedd1_eps0p1_no_merger_boost,1.0,0.1,1.0,3.397480216121263,2497.3546219099526,intermediate_seed_scale
GS20057765_juodzbalis25,GS-20057765,8.913,spec,JADES,broad-line-agn,tentative,stack_supported_tentative_hbeta,juodzbalis25_jades_blagn,"Table 2 (BH/Lbol/lambda_Edd), Table 5 (Mstar)",False,False,False,True,0.0536573789993633,-0.0220592787844985,consistent,30.0,0.45274807161316744,mstar_agn_20pct,0.0,0.2,7.33,7.303089986991944,0.026910013008055955,fedd1_eps0p1_merger_boost_x2,1.0,0.1,2.0,3.0964502204572817,1248.677310954976,intermediate_seed_scale
GS20057765_juodzbalis25,GS-20057765,8.913,spec,JADES,broad-line-agn,tentative,stack_supported_tentative_hbeta,juodzbalis25_jades_blagn,"Table 2 (BH/Lbol/lambda_Edd), Table 5 (Mstar)",False,False,False,True,0.0536573789993633,-0.0220592787844985,consistent,30.0,0.45274807161316744,mstar_agn_20pct,0.0,0.2,7.33,7.303089986991944,0.026910013008055955,fedd1_spin_minus1_eps0p038_no_merger_boost,1.0,0.037749551350623745,1.0,-3.807936422704703,0.0001556193429405328,light_seed_scale
GS20057765_juodzbalis25,GS-20057765,8.913,spec,JADES,broad-line-agn,tentative,stack_supported_tentative_hbeta,juodzbalis25_jades_blagn,"Table 2 (BH/Lbol/lambda_Edd), Table 5 (Mstar)",False,False,False,True,0.0536573789993633,-0.0220592787844985,consistent,30.0,0.45274807161316744,mstar_agn_20pct,0.0,0.2,7.33,7.303089986991944,0.026910013008055955,fedd1_spin_minus1_eps0p038_merger_boost_x2,1.0,0.037749551350623745,2.0,-4.108966418368684,7.780967147026639e-05,light_seed_scale
GS20057765_juodzbalis25,GS-20057765,8.913,spec,JADES,broad-line-agn,tentative,stack_supported_tentative_hbeta,juodzbalis25_jades_blagn,"Table 2 (BH/Lbol/lambda_Edd), Table 5 (Mstar)",False,False,False,True,0.0536573789993633,-0.0220592787844985,consistent,30.0,0.45274807161316744,mstar_agn_20pct,0.0,0.2,7.33,7.303089986991944,0.026910013008055955,fedd1_spin_0_eps0p057_no_merger_boost,1.0,0.057190958417936644,1.0,0.1268116503332406,1.3390958074932418,light_seed_scale
GS20057765_juodzbalis25,GS-20057765,8.913,spec,JADES,broad-line-agn,tentative,stack_supported_tentative_hbeta,juodzbalis25_jades_blagn,"Table 2 (BH/Lbol/lambda_Edd), Table 5 (Mstar)",False,False,False,True,0.0536573789993633,-0.0220592787844985,consistent,30.0,0.45274807161316744,mstar_agn_20pct,0.0,0.2,7.33,7.303089986991944,0.026910013008055955,fedd1_spin_0_eps0p057_merger_boost_x2,1.0,0.057190958417936644,2.0,-0.17421834533074065,0.6695479037466208,light_seed_scale
GS20057765_juodzbalis25,GS-20057765,8.913,spec,JADES,broad-line-agn,tentative,stack_supported_tentative_hbeta,juodzbalis25_jades_blagn,"Table 2 (BH/Lbol/lambda_Edd), Table 5 (Mstar)",False,False,False,True,0.0536573789993633,-0.0220592787844985,consistent,30.0,0.45274807161316744,mstar_agn_20pct,0.0,0.2,7.33,7.303089986991944,0.026910013008055955,fedd1_spin_plus1_eps0p423_no_merger_boost,1.0,0.42264973081037416,1.0,6.733119786037417,5409034.930458194,above_heavy_seed_scale
GS20057765_juodzbalis25,GS-20057765,8.913,spec,JADES,broad-line-agn,tentative,stack_supported_tentative_hbeta,juodzbalis25_jades_blagn,"Table 2 (BH/Lbol/lambda_Edd), Table 5 (Mstar)",False,False,False,True,0.0536573789993633,-0.0220592787844985,consistent,30.0,0.45274807161316744,mstar_agn_20pct,0.0,0.2,7.33,7.303089986991944,0.026910013008055955,fedd1_spin_plus1_eps0p423_merger_boost_x2,1.0,0.42264973081037416,2.0,6.4320897903734355,2704517.4652290964,above_heavy_seed_scale
GS20057765_juodzbalis25,GS-20057765,8.913,spec,JADES,broad-line-agn,tentative,stack_supported_tentative_hbeta,juodzbalis25_jades_blagn,"Table 2 (BH/Lbol/lambda_Edd), Table 5 (Mstar)",False,False,False,True,0.0536573789993633,-0.0220592787844985,consistent,30.0,0.45274807161316744,mstar_agn_20pct,0.0,0.2,7.33,7.303089986991944,0.026910013008055955,fedd2_eps0p1_no_merger_boost,2.0,0.1,1.0,-0.5350395677574742,0.29171612247937806,light_seed_scale
GS20057765_juodzbalis25,GS-20057765,8.913,spec,JADES,broad-line-agn,tentative,stack_supported_tentative_hbeta,juodzbalis25_jades_blagn,"Table 2 (BH/Lbol/lambda_Edd), Table 5 (Mstar)",False,False,False,True,0.0536573789993633,-0.0220592787844985,consistent,30.0,0.45274807161316744,mstar_agn_20pct,0.0,0.2,7.33,7.303089986991944,0.026910013008055955,fedd2_eps0p1_merger_boost_x2,2.0,0.1,2.0,-0.8360695634214554,0.145858061239689,light_seed_scale
GS20057765_juodzbalis25,GS-20057765,8.913,spec,JADES,broad-line-agn,tentative,stack_supported_tentative_hbeta,juodzbalis25_jades_blagn,"Table 2 (BH/Lbol/lambda_Edd), Table 5 (Mstar)",False,False,False,True,0.0536573789993633,-0.0220592787844985,consistent,30.0,0.45274807161316744,mstar_agn_20pct,0.0,0.2,7.33,7.303089986991944,0.026910013008055955,fedd2_spin_minus1_eps0p038_no_merger_boost,2.0,0.037749551350623745,1.0,-14.945872845409406,1.132731960784278e-15,light_seed_scale
GS20057765_juodzbalis25,GS-20057765,8.913,spec,JADES,broad-line-agn,tentative,stack_supported_tentative_hbeta,juodzbalis25_jades_blagn,"Table 2 (BH/Lbol/lambda_Edd), Table 5 (Mstar)",False,False,False,True,0.0536573789993633,-0.0220592787844985,consistent,30.0,0.45274807161316744,mstar_agn_20pct,0.0,0.2,7.33,7.303089986991944,0.026910013008055955,fedd2_spin_minus1_eps0p038_merger_boost_x2,2.0,0.037749551350623745,2.0,-15.246902841073387,5.663659803921389e-16,light_seed_scale
GS20057765_juodzbalis25,GS-20057765,8.913,spec,JADES,broad-line-agn,tentative,stack_supported_tentative_hbeta,juodzbalis25_jades_blagn,"Table 2 (BH/Lbol/lambda_Edd), Table 5 (Mstar)",False,False,False,True,0.0536573789993633,-0.0220592787844985,consistent,30.0,0.45274807161316744,mstar_agn_20pct,0.0,0.2,7.33,7.303089986991944,0.026910013008055955,fedd2_spin_0_eps0p057_no_merger_boost,2.0,0.057190958417936644,1.0,-7.076376699333519,8.387321695042175e-08,light_seed_scale
GS20057765_juodzbalis25,GS-20057765,8.913,spec,JADES,broad-line-agn,tentative,stack_supported_tentative_hbeta,juodzbalis25_jades_blagn,"Table 2 (BH/Lbol/lambda_Edd), Table 5 (Mstar)",False,False,False,True,0.0536573789993633,-0.0220592787844985,consistent,30.0,0.45274807161316744,mstar_agn_20pct,0.0,0.2,7.33,7.303089986991944,0.026910013008055955,fedd2_spin_0_eps0p057_merger_boost_x2,2.0,0.057190958417936644,2.0,-7.3774066949975,4.193660847521087e-08,light_seed_scale
GS20057765_juodzbalis25,GS-20057765,8.913,spec,JADES,broad-line-agn,tentative,stack_supported_tentative_hbeta,juodzbalis25_jades_blagn,"Table 2 (BH/Lbol/lambda_Edd), Table 5 (Mstar)",False,False,False,True,0.0536573789993633,-0.0220592787844985,consistent,30.0,0.45274807161316744,mstar_agn_20pct,0.0,0.2,7.33,7.303089986991944,0.026910013008055955,fedd2_spin_plus1_eps0p423_no_merger_boost,2.0,0.42264973081037416,1.0,6.1362395720748335,1368483.5209462831,above_heavy_seed_scale
GS20057765_juodzbalis25,GS-20057765,8.913,spec,JADES,broad-line-agn,tentative,stack_supported_tentative_hbeta,juodzbalis25_jades_blagn,"Table 2 (BH/Lbol/lambda_Edd), Table 5 (Mstar)",False,False,False,True,0.0536573789993633,-0.0220592787844985,consistent,30.0,0.45274807161316744,mstar_agn_20pct,0.0,0.2,7.33,7.303089986991944,0.026910013008055955,fedd2_spin_plus1_eps0p423_merger_boost_x2,2.0,0.42264973081037416,2.0,5.835209576410852,684241.7604731416,heavy_seed_scale
GS20030333_juodzbalis25,GS-20030333,7.891,spec,JADES,broad-line-agn,tentative,stack_supported_tentative_hbeta,juodzbalis25_jades_blagn,"Table 2 (BH/Lbol/lambda_Edd), Table 5 (Mstar)",False,False,False,True,0.0831054403214991,-0.016539467890489,consistent,30.0,0.5506463823874046,baseline,0.0,0.0,7.42,8.61,-1.1899999999999995,fedd0p3_eps0p1_no_merger_boost,0.3,0.1,1.0,5.985143887894973,966370.9983157188,heavy_seed_scale
GS20030333_juodzbalis25,GS-20030333,7.891,spec,JADES,broad-line-agn,tentative,stack_supported_tentative_hbeta,juodzbalis25_jades_blagn,"Table 2 (BH/Lbol/lambda_Edd), Table 5 (Mstar)",False,False,False,True,0.0831054403214991,-0.016539467890489,consistent,30.0,0.5506463823874046,baseline,0.0,0.0,7.42,8.61,-1.1899999999999995,fedd0p3_eps0p1_merger_boost_x2,0.3,0.1,2.0,5.684113892230992,483185.49915785936,heavy_seed_scale
GS20030333_juodzbalis25,GS-20030333,7.891,spec,JADES,broad-line-agn,tentative,stack_supported_tentative_hbeta,juodzbalis25_jades_blagn,"Table 2 (BH/Lbol/lambda_Edd), Table 5 (Mstar)",False,False,False,True,0.0831054403214991,-0.016539467890489,consistent,30.0,0.5506463823874046,baseline,0.0,0.0,7.42,8.61,-1.1899999999999995,fedd0p3_spin_minus1_eps0p038_no_merger_boost,0.3,0.037749551350623745,1.0,3.356107882312479,2270.428774974823,intermediate_seed_scale
GS20030333_juodzbalis25,GS-20030333,7.891,spec,JADES,broad-line-agn,tentative,stack_supported_tentative_hbeta,juodzbalis25_jades_blagn,"Table 2 (BH/Lbol/lambda_Edd), Table 5 (Mstar)",False,False,False,True,0.0831054403214991,-0.016539467890489,consistent,30.0,0.5506463823874046,baseline,0.0,0.0,7.42,8.61,-1.1899999999999995,fedd0p3_spin_minus1_eps0p038_merger_boost_x2,0.3,0.037749551350623745,2.0,3.0550778866484976,1135.2143874874116,intermediate_seed_scale
GS20030333_juodzbalis25,GS-20030333,7.891,spec,JADES,broad-line-agn,tentative,stack_supported_tentative_hbeta,juodzbalis25_jades_blagn,"Table 2 (BH/Lbol/lambda_Edd), Table 5 (Mstar)",False,False,False,True,0.0831054403214991,-0.016539467890489,consistent,30.0,0.5506463823874046,baseline,0.0,0.0,7.42,8.61,-1.1899999999999995,fedd0p3_spin_0_eps0p057_no_merger_boost,0.3,0.057190958417936644,1.0,4.791777028933627,61912.31295502795,heavy_seed_scale
GS20030333_juodzbalis25,GS-20030333,7.891,spec,JADES,broad-line-agn,tentative,stack_supported_tentative_hbeta,juodzbalis25_jades_blagn,"Table 2 (BH/Lbol/lambda_Edd), Table 5 (Mstar)",False,False,False,True,0.0831054403214991,-0.016539467890489,consistent,30.0,0.5506463823874046,baseline,0.0,0.0,7.42,8.61,-1.1899999999999995,fedd0p3_spin_0_eps0p057_merger_boost_x2,0.3,0.057190958417936644,2.0,4.4907470332696455,30956.15647751397,heavy_seed_scale
GS20030333_juodzbalis25,GS-20030333,7.891,spec,JADES,broad-line-agn,tentative,stack_supported_tentative_hbeta,juodzbalis25_jades_blagn,"Table 2 (BH/Lbol/lambda_Edd), Table 5 (Mstar)",False,False,False,True,0.0831054403214991,-0.016539467890489,consistent,30.0,0.5506463823874046,baseline,0.0,0.0,7.42,8.61,-1.1899999999999995,fedd0p3_spin_plus1_eps0p423_no_merger_boost,0.3,0.42264973081037416,1.0,7.202216677787685,15930033.085063962,above_heavy_seed_scale
GS20030333_juodzbalis25,GS-20030333,7.891,spec,JADES,broad-line-agn,tentative,stack_supported_tentative_hbeta,juodzbalis25_jades_blagn,"Table 2 (BH/Lbol/lambda_Edd), Table 5 (Mstar)",False,False,False,True,0.0831054403214991,-0.016539467890489,consistent,30.0,0.5506463823874046,baseline,0.0,0.0,7.42,8.61,-1.1899999999999995,fedd0p3_spin_plus1_eps0p423_merger_boost_x2,0.3,0.42264973081037416,2.0,6.901186682123703,7965016.542531979,above_heavy_seed_scale
GS20030333_juodzbalis25,GS-20030333,7.891,spec,JADES,broad-line-agn,tentative,stack_supported_tentative_hbeta,juodzbalis25_jades_blagn,"Table 2 (BH/Lbol/lambda_Edd), Table 5 (Mstar)",False,False,False,True,0.0831054403214991,-0.016539467890489,consistent,30.0,0.5506463823874046,baseline,0.0,0.0,7.42,8.61,-1.1899999999999995,fedd1_eps0p1_no_merger_boost,1.0,0.1,1.0,2.6371462929832443,433.65693201017797,intermediate_seed_scale
GS20030333_juodzbalis25,GS-20030333,7.891,spec,JADES,broad-line-agn,tentative,stack_supported_tentative_hbeta,juodzbalis25_jades_blagn,"Table 2 (BH/Lbol/lambda_Edd), Table 5 (Mstar)",False,False,False,True,0.0831054403214991,-0.016539467890489,consistent,30.0,0.5506463823874046,baseline,0.0,0.0,7.42,8.61,-1.1899999999999995,fedd1_eps0p1_merger_boost_x2,1.0,0.1,2.0,2.336116297319263,216.82846600508896,intermediate_seed_scale
GS20030333_juodzbalis25,GS-20030333,7.891,spec,JADES,broad-line-agn,tentative,stack_supported_tentative_hbeta,juodzbalis25_jades_blagn,"Table 2 (BH/Lbol/lambda_Edd), Table 5 (Mstar)",False,False,False,True,0.0831054403214991,-0.016539467890489,consistent,30.0,0.5506463823874046,baseline,0.0,0.0,7.42,8.61,-1.1899999999999995,fedd1_spin_minus1_eps0p038_no_merger_boost,1.0,0.037749551350623745,1.0,-6.126307058958405,7.476407096502188e-07,light_seed_scale
GS20030333_juodzbalis25,GS-20030333,7.891,spec,JADES,broad-line-agn,tentative,stack_supported_tentative_hbeta,juodzbalis25_jades_blagn,"Table 2 (BH/Lbol/lambda_Edd), Table 5 (Mstar)",False,False,False,True,0.0831054403214991,-0.016539467890489,consistent,30.0,0.5506463823874046,baseline,0.0,0.0,7.42,8.61,-1.1899999999999995,fedd1_spin_minus1_eps0p038_merger_boost_x2,1.0,0.037749551350623745,2.0,-6.427337054622386,3.7382035482510936e-07,light_seed_scale
GS20030333_juodzbalis25,GS-20030333,7.891,spec,JADES,broad-line-agn,tentative,stack_supported_tentative_hbeta,juodzbalis25_jades_blagn,"Table 2 (BH/Lbol/lambda_Edd), Table 5 (Mstar)",False,False,False,True,0.0831054403214991,-0.016539467890489,consistent,30.0,0.5506463823874046,baseline,0.0,0.0,7.42,8.61,-1.1899999999999995,fedd1_spin_0_eps0p057_no_merger_boost,1.0,0.057190958417936644,1.0,-1.3407432368879117,0.04563066133188737,light_seed_scale
GS20030333_juodzbalis25,GS-20030333,7.891,spec,JADES,broad-line-agn,tentative,stack_supported_tentative_hbeta,juodzbalis25_jades_blagn,"Table 2 (BH/Lbol/lambda_Edd), Table 5 (Mstar)",False,False,False,True,0.0831054403214991,-0.016539467890489,consistent,30.0,0.5506463823874046,baseline,0.0,0.0,7.42,8.61,-1.1899999999999995,fedd1_spin_0_eps0p057_merger_boost_x2,1.0,0.057190958417936644,2.0,-1.641773232551893,0.02281533066594368,light_seed_scale
GS20030333_juodzbalis25,GS-20030333,7.891,spec,JADES,broad-line-agn,tentative,stack_supported_tentative_hbeta,juodzbalis25_jades_blagn,"Table 2 (BH/Lbol/lambda_Edd), Table 5 (Mstar)",False,False,False,True,0.0831054403214991,-0.016539467890489,consistent,30.0,0.5506463823874046,baseline,0.0,0.0,7.42,8.61,-1.1899999999999995,fedd1_spin_plus1_eps0p423_no_merger_boost,1.0,0.42264973081037416,1.0,6.694055592625615,4943739.661418648,above_heavy_seed_scale
GS20030333_juodzbalis25,GS-20030333,7.891,spec,JADES,broad-line-agn,tentative,stack_supported_tentative_hbeta,juodzbalis25_jades_blagn,"Table 2 (BH/Lbol/lambda_Edd), Table 5 (Mstar)",False,False,False,True,0.0831054403214991,-0.016539467890489,consistent,30.0,0.5506463823874046,baseline,0.0,0.0,7.42,8.61,-1.1899999999999995,fedd1_spin_plus1_eps0p423_merger_boost_x2,1.0,0.42264973081037416,2.0,6.393025596961634,2471869.8307093238,above_heavy_seed_scale
GS20030333_juodzbalis25,GS-20030333,7.891,spec,JADES,broad-line-agn,tentative,stack_supported_tentative_hbeta,juodzbalis25_jades_blagn,"Table 2 (BH/Lbol/lambda_Edd), Table 5 (Mstar)",False,False,False,True,0.0831054403214991,-0.016539467890489,consistent,30.0,0.5506463823874046,baseline,0.0,0.0,7.42,8.61,-1.1899999999999995,fedd2_eps0p1_no_merger_boost,2.0,0.1,1.0,-2.1457074140335113,0.0071497784735221805,light_seed_scale
GS20030333_juodzbalis25,GS-20030333,7.891,spec,JADES,broad-line-agn,tentative,stack_supported_tentative_hbeta,juodzbalis25_jades_blagn,"Table 2 (BH/Lbol/lambda_Edd), Table 5 (Mstar)",False,False,False,True,0.0831054403214991,-0.016539467890489,consistent,30.0,0.5506463823874046,baseline,0.0,0.0,7.42,8.61,-1.1899999999999995,fedd2_eps0p1_merger_boost_x2,2.0,0.1,2.0,-2.4467374096974925,0.00357488923676109,light_seed_scale
GS20030333_juodzbalis25,GS-20030333,7.891,spec,JADES,broad-line-agn,tentative,stack_supported_tentative_hbeta,juodzbalis25_jades_blagn,"Table 2 (BH/Lbol/lambda_Edd), Table 5 (Mstar)",False,False,False,True,0.0831054403214991,-0.016539467890489,consistent,30.0,0.5506463823874046,baseline,0.0,0.0,7.42,8.61,-1.1899999999999995,fedd2_spin_minus1_eps0p038_no_merger_boost,2.0,0.037749551350623745,1.0,-19.672614117916808,2.125131858991644e-20,light_seed_scale
GS20030333_juodzbalis25,GS-20030333,7.891,spec,JADES,broad-line-agn,tentative,stack_supported_tentative_hbeta,juodzbalis25_jades_blagn,"Table 2 (BH/Lbol/lambda_Edd), Table 5 (Mstar)",False,False,False,True,0.0831054403214991,-0.016539467890489,consistent,30.0,0.5506463823874046,baseline,0.0,0.0,7.42,8.61,-1.1899999999999995,fedd2_spin_minus1_eps0p038_merger_boost_x2,2.0,0.037749551350623745,2.0,-19.97364411358079,1.0625659294958219e-20,light_seed_scale
GS20030333_juodzbalis25,GS-20030333,7.891,spec,JADES,broad-line-agn,tentative,stack_supported_tentative_hbeta,juodzbalis25_jades_blagn,"Table 2 (BH/Lbol/lambda_Edd), Table 5 (Mstar)",False,False,False,True,0.0831054403214991,-0.016539467890489,consistent,30.0,0.5506463823874046,baseline,0.0,0.0,7.42,8.61,-1.1899999999999995,fedd2_spin_0_eps0p057_no_merger_boost,2.0,0.057190958417936644,1.0,-10.101486473775823,7.916141092851114e-11,light_seed_scale
GS20030333_juodzbalis25,GS-20030333,7.891,spec,JADES,broad-line-agn,tentative,stack_supported_tentative_hbeta,juodzbalis25_jades_blagn,"Table 2 (BH/Lbol/lambda_Edd), Table 5 (Mstar)",False,False,False,True,0.0831054403214991,-0.016539467890489,consistent,30.0,0.5506463823874046,baseline,0.0,0.0,7.42,8.61,-1.1899999999999995,fedd2_spin_0_eps0p057_merger_boost_x2,2.0,0.057190958417936644,2.0,-10.402516469439805,3.9580705464255565e-11,light_seed_scale
GS20030333_juodzbalis25,GS-20030333,7.891,spec,JADES,broad-line-agn,tentative,stack_supported_tentative_hbeta,juodzbalis25_jades_blagn,"Table 2 (BH/Lbol/lambda_Edd), Table 5 (Mstar)",False,False,False,True,0.0831054403214991,-0.016539467890489,consistent,30.0,0.5506463823874046,baseline,0.0,0.0,7.42,8.61,-1.1899999999999995,fedd2_spin_plus1_eps0p423_no_merger_boost,2.0,0.42264973081037416,1.0,5.96811118525123,929204.2451640756,heavy_seed_scale
GS20030333_juodzbalis25,GS-20030333,7.891,spec,JADES,broad-line-agn,tentative,stack_supported_tentative_hbeta,juodzbalis25_jades_blagn,"Table 2 (BH/Lbol/lambda_Edd), Table 5 (Mstar)",False,False,False,True,0.0831054403214991,-0.016539467890489,consistent,30.0,0.5506463823874046,baseline,0.0,0.0,7.42,8.61,-1.1899999999999995,fedd2_spin_plus1_eps0p423_merger_boost_x2,2.0,0.42264973081037416,2.0,5.667081189587249,464602.12258203776,heavy_seed_scale
GS20030333_juodzbalis25,GS-20030333,7.891,spec,JADES,broad-line-agn,tentative,stack_supported_tentative_hbeta,juodzbalis25_jades_blagn,"Table 2 (BH/Lbol/lambda_Edd), Table 5 (Mstar)",False,False,False,True,0.0831054403214991,-0.016539467890489,consistent,30.0,0.5506463823874046,mbh_minus_0p3dex,-0.3,0.0,7.12,8.61,-1.4899999999999993,fedd0p3_eps0p1_no_merger_boost,0.3,0.1,1.0,5.685143887894974,484332.8073034807,heavy_seed_scale
GS20030333_juodzbalis25,GS-20030333,7.891,spec,JADES,broad-line-agn,tentative,stack_supported_tentative_hbeta,juodzbalis25_jades_blagn,"Table 2 (BH/Lbol/lambda_Edd), Table 5 (Mstar)",False,False,False,True,0.0831054403214991,-0.016539467890489,consistent,30.0,0.5506463823874046,mbh_minus_0p3dex,-0.3,0.0,7.12,8.61,-1.4899999999999993,fedd0p3_eps0p1_merger_boost_x2,0.3,0.1,2.0,5.384113892230992,242166.40365174031,heavy_seed_scale
GS20030333_juodzbalis25,GS-20030333,7.891,spec,JADES,broad-line-agn,tentative,stack_supported_tentative_hbeta,juodzbalis25_jades_blagn,"Table 2 (BH/Lbol/lambda_Edd), Table 5 (Mstar)",False,False,False,True,0.0831054403214991,-0.016539467890489,consistent,30.0,0.5506463823874046,mbh_minus_0p3dex,-0.3,0.0,7.12,8.61,-1.4899999999999993,fedd0p3_spin_minus1_eps0p038_no_merger_boost,0.3,0.037749551350623745,1.0,3.056107882312479,1137.909916877389,intermediate_seed_scale
GS20030333_juodzbalis25,GS-20030333,7.891,spec,JADES,broad-line-agn,tentative,stack_supported_tentative_hbeta,juodzbalis25_jades_blagn,"Table 2 (BH/Lbol/lambda_Edd), Table 5 (Mstar)",False,False,False,True,0.0831054403214991,-0.016539467890489,consistent,30.0,0.5506463823874046,mbh_minus_0p3dex,-0.3,0.0,7.12,8.61,-1.4899999999999993,fedd0p3_spin_minus1_eps0p038_merger_boost_x2,0.3,0.037749551350623745,2.0,2.7550778866484977,568.9549584386943,intermediate_seed_scale
GS20030333_juodzbalis25,GS-20030333,7.891,spec,JADES,broad-line-agn,tentative,stack_supported_tentative_hbeta,juodzbalis25_jades_blagn,"Table 2 (BH/Lbol/lambda_Edd), Table 5 (Mstar)",False,False,False,True,0.0831054403214991,-0.016539467890489,consistent,30.0,0.5506463823874046,mbh_minus_0p3dex,-0.3,0.0,7.12,8.61,-1.4899999999999993,fedd0p3_spin_0_eps0p057_no_merger_boost,0.3,0.057190958417936644,1.0,4.491777028933627,31029.6608573964,heavy_seed_scale
GS20030333_juodzbalis25,GS-20030333,7.891,spec,JADES,broad-line-agn,tentative,stack_supported_tentative_hbeta,juodzbalis25_jades_blagn,"Table 2 (BH/Lbol/lambda_Edd), Table 5 (Mstar)",False,False,False,True,0.0831054403214991,-0.016539467890489,consistent,30.0,0.5506463823874046,mbh_minus_0p3dex,-0.3,0.0,7.12,8.61,-1.4899999999999993,fedd0p3_spin_0_eps0p057_merger_boost_x2,0.3,0.057190958417936644,2.0,4.190747033269646,15514.830428698198,heavy_seed_scale
GS20030333_juodzbalis25,GS-20030333,7.891,spec,JADES,broad-line-agn,tentative,stack_supported_tentative_hbeta,juodzbalis25_jades_blagn,"Table 2 (BH/Lbol/lambda_Edd), Table 5 (Mstar)",False,False,False,True,0.0831054403214991,-0.016539467890489,consistent,30.0,0.5506463823874046,mbh_minus_0p3dex,-0.3,0.0,7.12,8.61,-1.4899999999999993,fedd0p3_spin_plus1_eps0p423_no_merger_boost,0.3,0.42264973081037416,1.0,6.902216677787685,7983929.213494132,above_heavy_seed_scale
GS20030333_juodzbalis25,GS-20030333,7.891,spec,JADES,broad-line-agn,tentative,stack_supported_tentative_hbeta,juodzbalis25_jades_blagn,"Table 2 (BH/Lbol/lambda_Edd), Table 5 (Mstar)",False,False,False,True,0.0831054403214991,-0.016539467890489,consistent,30.0,0.5506463823874046,mbh_minus_0p3dex,-0.3,0.0,7.12,8.61,-1.4899999999999993,fedd0p3_spin_plus1_eps0p423_merger_boost_x2,0.3,0.42264973081037416,2.0,6.6011866821237035,3991964.6067470657,above_heavy_seed_scale
GS20030333_juodzbalis25,GS-20030333,7.891,spec,JADES,broad-line-agn,tentative,stack_supported_tentative_hbeta,juodzbalis25_jades_blagn,"Table 2 (BH/Lbol/lambda_Edd), Table 5 (Mstar)",False,False,False,True,0.0831054403214991,-0.016539467890489,consistent,30.0,0.5506463823874046,mbh_minus_0p3dex,-0.3,0.0,7.12,8.61,-1.4899999999999993,fedd1_eps0p1_no_merger_boost,1.0,0.1,1.0,2.3371462929832445,217.3433180974713,intermediate_seed_scale
GS20030333_juodzbalis25,GS-20030333,7.891,spec,JADES,broad-line-agn,tentative,stack_supported_tentative_hbeta,juodzbalis25_jades_blagn,"Table 2 (BH/Lbol/lambda_Edd), Table 5 (Mstar)",False,False,False,True,0.0831054403214991,-0.016539467890489,consistent,30.0,0.5506463823874046,mbh_minus_0p3dex,-0.3,0.0,7.12,8.61,-1.4899999999999993,fedd1_eps0p1_merger_boost_x2,1.0,0.1,2.0,2.0361162973192632,108.67165904873563,intermediate_seed_scale
GS20030333_juodzbalis25,GS-20030333,7.891,spec,JADES,broad-line-agn,tentative,stack_supported_tentative_hbeta,juodzbalis25_jades_blagn,"Table 2 (BH/Lbol/lambda_Edd), Table 5 (Mstar)",False,False,False,True,0.0831054403214991,-0.016539467890489,consistent,30.0,0.5506463823874046,mbh_minus_0p3dex,-0.3,0.0,7.12,8.61,-1.4899999999999993,fedd1_spin_minus1_eps0p038_no_merger_boost,1.0,0.037749551350623745,1.0,-6.426307058958405,3.74707979016724e-07,light_seed_scale
GS20030333_juodzbalis25,GS-20030333,7.891,spec,JADES,broad-line-agn,tentative,stack_supported_tentative_hbeta,juodzbalis25_jades_blagn,"Table 2 (BH/Lbol/lambda_Edd), Table 5 (Mstar)",False,False,False,True,0.0831054403214991,-0.016539467890489,consistent,30.0,0.5506463823874046,mbh_minus_0p3dex,-0.3,0.0,7.12,8.61,-1.4899999999999993,fedd1_spin_minus1_eps0p038_merger_boost_x2,1.0,0.037749551350623745,2.0,-6.727337054622386,1.8735398950836198e-07,light_seed_scale
GS20030333_juodzbalis25,GS-20030333,7.891,spec,JADES,broad-line-agn,tentative,stack_supported_tentative_hbeta,juodzbalis25_jades_blagn,"Table 2 (BH/Lbol/lambda_Edd), Table 5 (Mstar)",False,False,False,True,0.0831054403214991,-0.016539467890489,consistent,30.0,0.5506463823874046,mbh_minus_0p3dex,-0.3,0.0,7.12,8.61,-1.4899999999999993,fedd1_spin_0_eps0p057_no_merger_boost,1.0,0.057190958417936644,1.0,-1.6407432368879116,0.022869504921511585,light_seed_scale
GS20030333_juodzbalis25,GS-20030333,7.891,spec,JADES,broad-line-agn,tentative,stack_supported_tentative_hbeta,juodzbalis25_jades_blagn,"Table 2 (BH/Lbol/lambda_Edd), Table 5 (Mstar)",False,False,False,True,0.0831054403214991,-0.016539467890489,consistent,30.0,0.5506463823874046,mbh_minus_0p3dex,-0.3,0.0,7.12,8.61,-1.4899999999999993,fedd1_spin_0_eps0p057_merger_boost_x2,1.0,0.057190958417936644,2.0,-1.9417732325518928,0.01143475246075579,light_seed_scale
GS20030333_juodzbalis25,GS-20030333,7.891,spec,JADES,broad-line-agn,tentative,stack_supported_tentative_hbeta,juodzbalis25_jades_blagn,"Table 2 (BH/Lbol/lambda_Edd), Table 5 (Mstar)",False,False,False,True,0.0831054403214991,-0.016539467890489,consistent,30.0,0.5506463823874046,mbh_minus_0p3dex,-0.3,0.0,7.12,8.61,-1.4899999999999993,fedd1_spin_plus1_eps0p423_no_merger_boost,1.0,0.42264973081037416,1.0,6.394055592625615,2477739.204679841,above_heavy_seed_scale
GS20030333_juodzbalis25,GS-20030333,7.891,spec,JADES,broad-line-agn,tentative,stack_supported_tentative_hbeta,juodzbalis25_jades_blagn,"Table 2 (BH/Lbol/lambda_Edd), Table 5 (Mstar)",False,False,False,True,0.0831054403214991,-0.016539467890489,consistent,30.0,0.5506463823874046,mbh_minus_0p3dex,-0.3,0.0,7.12,8.61,-1.4899999999999993,fedd1_spin_plus1_eps0p423_merger_boost_x2,1.0,0.42264973081037416,2.0,6.093025596961634,1238869.6023399204,above_heavy_seed_scale
GS20030333_juodzbalis25,GS-20030333,7.891,spec,JADES,broad-line-agn,tentative,stack_supported_tentative_hbeta,juodzbalis25_jades_blagn,"Table 2 (BH/Lbol/lambda_Edd), Table 5 (Mstar)",False,False,False,True,0.0831054403214991,-0.016539467890489,consistent,30.0,0.5506463823874046,mbh_minus_0p3dex,-0.3,0.0,7.12,8.61,-1.4899999999999993,fedd2_eps0p1_no_merger_boost,2.0,0.1,1.0,-2.445707414033511,0.0035833776941924045,light_seed_scale
GS20030333_juodzbalis25,GS-20030333,7.891,spec,JADES,broad-line-agn,tentative,stack_supported_tentative_hbeta,juodzbalis25_jades_blagn,"Table 2 (BH/Lbol/lambda_Edd), Table 5 (Mstar)",False,False,False,True,0.0831054403214991,-0.016539467890489,consistent,30.0,0.5506463823874046,mbh_minus_0p3dex,-0.3,0.0,7.12,8.61,-1.4899999999999993,fedd2_eps0p1_merger_boost_x2,2.0,0.1,2.0,-2.7467374096974924,0.001791688847096202,light_seed_scale
GS20030333_juodzbalis25,GS-20030333,7.891,spec,JADES,broad-line-agn,tentative,stack_supported_tentative_hbeta,juodzbalis25_jades_blagn,"Table 2 (BH/Lbol/lambda_Edd), Table 5 (Mstar)",False,False,False,True,0.0831054403214991,-0.016539467890489,consistent,30.0,0.5506463823874046,mbh_minus_0p3dex,-0.3,0.0,7.12,8.61,-1.4899999999999993,fedd2_spin_minus1_eps0p038_no_merger_boost,2.0,0.037749551350623745,1.0,-19.97261411791681,1.0650889575012029e-20,light_seed_scale
GS20030333_juodzbalis25,GS-20030333,7.891,spec,JADES,broad-line-agn,tentative,stack_supported_tentative_hbeta,juodzbalis25_jades_blagn,"Table 2 (BH/Lbol/lambda_Edd), Table 5 (Mstar)",False,False,False,True,0.0831054403214991,-0.016539467890489,consistent,30.0,0.5506463823874046,mbh_minus_0p3dex,-0.3,0.0,7.12,8.61,-1.4899999999999993,fedd2_spin_minus1_eps0p038_merger_boost_x2,2.0,0.037749551350623745,2.0,-20.27364411358079,5.325444787506014e-21,light_seed_scale
GS20030333_juodzbalis25,GS-20030333,7.891,spec,JADES,broad-line-agn,tentative,stack_supported_tentative_hbeta,juodzbalis25_jades_blagn,"Table 2 (BH/Lbol/lambda_Edd), Table 5 (Mstar)",False,False,False,True,0.0831054403214991,-0.016539467890489,consistent,30.0,0.5506463823874046,mbh_minus_0p3dex,-0.3,0.0,7.12,8.61,-1.4899999999999993,fedd2_spin_0_eps0p057_no_merger_boost,2.0,0.057190958417936644,1.0,-10.401486473775822,3.967468855329232e-11,light_seed_scale
GS20030333_juodzbalis25,GS-20030333,7.891,spec,JADES,broad-line-agn,tentative,stack_supported_tentative_hbeta,juodzbalis25_jades_blagn,"Table 2 (BH/Lbol/lambda_Edd), Table 5 (Mstar)",False,False,False,True,0.0831054403214991,-0.016539467890489,consistent,30.0,0.5506463823874046,mbh_minus_0p3dex,-0.3,0.0,7.12,8.61,-1.4899999999999993,fedd2_spin_0_eps0p057_merger_boost_x2,2.0,0.057190958417936644,2.0,-10.702516469439804,1.9837344276646156e-11,light_seed_scale
GS20030333_juodzbalis25,GS-20030333,7.891,spec,JADES,broad-line-agn,tentative,stack_supported_tentative_hbeta,juodzbalis25_jades_blagn,"Table 2 (BH/Lbol/lambda_Edd), Table 5 (Mstar)",False,False,False,True,0.0831054403214991,-0.016539467890489,consistent,30.0,0.5506463823874046,mbh_minus_0p3dex,-0.3,0.0,7.12,8.61,-1.4899999999999993,fedd2_spin_plus1_eps0p423_no_merger_boost,2.0,0.42264973081037416,1.0,5.668111185251231,465705.30510850187,heavy_seed_scale
GS20030333_juodzbalis25,GS-20030333,7.891,spec,JADES,broad-line-agn,tentative,stack_supported_tentative_hbeta,juodzbalis25_jades_blagn,"Table 2 (BH/Lbol/lambda_Edd), Table 5 (Mstar)",False,False,False,True,0.0831054403214991,-0.016539467890489,consistent,30.0,0.5506463823874046,mbh_minus_0p3dex,-0.3,0.0,7.12,8.61,-1.4899999999999993,fedd2_spin_plus1_eps0p423_merger_boost_x2,2.0,0.42264973081037416,2.0,5.36708118958725,232852.6525542509,heavy_seed_scale
GS20030333_juodzbalis25,GS-20030333,7.891,spec,JADES,broad-line-agn,tentative,stack_supported_tentative_hbeta,juodzbalis25_jades_blagn,"Table 2 (BH/Lbol/lambda_Edd), Table 5 (Mstar)",False,False,False,True,0.0831054403214991,-0.016539467890489,consistent,30.0,0.5506463823874046,mbh_plus_0p3dex,0.3,0.0,7.72,8.61,-0.8899999999999997,fedd0p3_eps0p1_no_merger_boost,0.3,0.1,1.0,6.285143887894973,1928163.6352182075,above_heavy_seed_scale
GS20030333_juodzbalis25,GS-20030333,7.891,spec,JADES,broad-line-agn,tentative,stack_supported_tentative_hbeta,juodzbalis25_jades_blagn,"Table 2 (BH/Lbol/lambda_Edd), Table 5 (Mstar)",False,False,False,True,0.0831054403214991,-0.016539467890489,consistent,30.0,0.5506463823874046,mbh_plus_0p3dex,0.3,0.0,7.72,8.61,-0.8899999999999997,fedd0p3_eps0p1_merger_boost_x2,0.3,0.1,2.0,5.984113892230992,964081.8176091036,heavy_seed_scale
GS20030333_juodzbalis25,GS-20030333,7.891,spec,JADES,broad-line-agn,tentative,stack_supported_tentative_hbeta,juodzbalis25_jades_blagn,"Table 2 (BH/Lbol/lambda_Edd), Table 5 (Mstar)",False,False,False,True,0.0831054403214991,-0.016539467890489,consistent,30.0,0.5506463823874046,mbh_plus_0p3dex,0.3,0.0,7.72,8.61,-0.8899999999999997,fedd0p3_spin_minus1_eps0p038_no_merger_boost,0.3,0.037749551350623745,1.0,3.6561078823124786,4530.100973528221,intermediate_seed_scale
GS20030333_juodzbalis25,GS-20030333,7.891,spec,JADES,broad-line-agn,tentative,stack_supported_tentative_hbeta,juodzbalis25_jades_blagn,"Table 2 (BH/Lbol/lambda_Edd), Table 5 (Mstar)",False,False,False,True,0.0831054403214991,-0.016539467890489,consistent,30.0,0.5506463823874046,mbh_plus_0p3dex,0.3,0.0,7.72,8.61,-0.8899999999999997,fedd0p3_spin_minus1_eps0p038_merger_boost_x2,0.3,0.037749551350623745,2.0,3.3550778866484974,2265.0504867641107,intermediate_seed_scale
GS20030333_juodzbalis25,GS-20030333,7.891,spec,JADES,broad-line-agn,tentative,stack_supported_tentative_hbeta,juodzbalis25_jades_blagn,"Table 2 (BH/Lbol/lambda_Edd), Table 5 (Mstar)",False,False,False,True,0.0831054403214991,-0.016539467890489,consistent,30.0,0.5506463823874046,mbh_plus_0p3dex,0.3,0.0,7.72,8.61,-0.8899999999999997,fedd0p3_spin_0_eps0p057_no_merger_boost,0.3,0.057190958417936644,1.0,5.091777028933627,123531.30487172677,heavy_seed_scale
GS20030333_juodzbalis25,GS-20030333,7.891,spec,JADES,broad-line-agn,tentative,stack_supported_tentative_hbeta,juodzbalis25_jades_blagn,"Table 2 (BH/Lbol/lambda_Edd), Table 5 (Mstar)",False,False,False,True,0.0831054403214991,-0.016539467890489,consistent,30.0,0.5506463823874046,mbh_plus_0p3dex,0.3,0.0,7.72,8.61,-0.8899999999999997,fedd0p3_spin_0_eps0p057_merger_boost_x2,0.3,0.057190958417936644,2.0,4.790747033269645,61765.652435863376,heavy_seed_scale
GS20030333_juodzbalis25,GS-20030333,7.891,spec,JADES,broad-line-agn,tentative,stack_supported_tentative_hbeta,juodzbalis25_jades_blagn,"Table 2 (BH/Lbol/lambda_Edd), Table 5 (Mstar)",False,False,False,True,0.0831054403214991,-0.016539467890489,consistent,30.0,0.5506463823874046,mbh_plus_0p3dex,0.3,0.0,7.72,8.61,-0.8899999999999997,fedd0p3_spin_plus1_eps0p423_no_merger_boost,0.3,0.42264973081037416,1.0,7.502216677787684,31784594.69083555,above_heavy_seed_scale
GS20030333_juodzbalis25,GS-20030333,7.891,spec,JADES,broad-line-agn,tentative,stack_supported_tentative_hbeta,juodzbalis25_jades_blagn,"Table 2 (BH/Lbol/lambda_Edd), Table 5 (Mstar)",False,False,False,True,0.0831054403214991,-0.016539467890489,consistent,30.0,0.5506463823874046,mbh_plus_0p3dex,0.3,0.0,7.72,8.61,-0.8899999999999997,fedd0p3_spin_plus1_eps0p423_merger_boost_x2,0.3,0.42264973081037416,2.0,7.201186682123703,15892297.345417773,above_heavy_seed_scale
GS20030333_juodzbalis25,GS-20030333,7.891,spec,JADES,broad-line-agn,tentative,stack_supported_tentative_hbeta,juodzbalis25_jades_blagn,"Table 2 (BH/Lbol/lambda_Edd), Table 5 (Mstar)",False,False,False,True,0.0831054403214991,-0.016539467890489,consistent,30.0,0.5506463823874046,mbh_plus_0p3dex,0.3,0.0,7.72,8.61,-0.8899999999999997,fedd1_eps0p1_no_merger_boost,1.0,0.1,1.0,2.937146292983244,865.2593340649294,intermediate_seed_scale
GS20030333_juodzbalis25,GS-20030333,7.891,spec,JADES,broad-line-agn,tentative,stack_supported_tentative_hbeta,juodzbalis25_jades_blagn,"Table 2 (BH/Lbol/lambda_Edd), Table 5 (Mstar)",False,False,False,True,0.0831054403214991,-0.016539467890489,consistent,30.0,0.5506463823874046,mbh_plus_0p3dex,0.3,0.0,7.72,8.61,-0.8899999999999997,fedd1_eps0p1_merger_boost_x2,1.0,0.1,2.0,2.636116297319263,432.6296670324646,intermediate_seed_scale
GS20030333_juodzbalis25,GS-20030333,7.891,spec,JADES,broad-line-agn,tentative,stack_supported_tentative_hbeta,juodzbalis25_jades_blagn,"Table 2 (BH/Lbol/lambda_Edd), Table 5 (Mstar)",False,False,False,True,0.0831054403214991,-0.016539467890489,consistent,30.0,0.5506463823874046,mbh_plus_0p3dex,0.3,0.0,7.72,8.61,-0.8899999999999997,fedd1_spin_minus1_eps0p038_no_merger_boost,1.0,0.037749551350623745,1.0,-5.826307058958405,1.491739333101671e-06,light_seed_scale
GS20030333_juodzbalis25,GS-20030333,7.891,spec,JADES,broad-line-agn,tentative,stack_supported_tentative_hbeta,juodzbalis25_jades_blagn,"Table 2 (BH/Lbol/lambda_Edd), Table 5 (Mstar)",False,False,False,True,0.0831054403214991,-0.016539467890489,consistent,30.0,0.5506463823874046,mbh_plus_0p3dex,0.3,0.0,7.72,8.61,-0.8899999999999997,fedd1_spin_minus1_eps0p038_merger_boost_x2,1.0,0.037749551350623745,2.0,-6.127337054622386,7.458696665508354e-07,light_seed_scale
GS20030333_juodzbalis25,GS-20030333,7.891,spec,JADES,broad-line-agn,tentative,stack_supported_tentative_hbeta,juodzbalis25_jades_blagn,"Table 2 (BH/Lbol/lambda_Edd), Table 5 (Mstar)",False,False,False,True,0.0831054403214991,-0.016539467890489,consistent,30.0,0.5506463823874046,mbh_plus_0p3dex,0.3,0.0,7.72,8.61,-0.8899999999999997,fedd1_spin_0_eps0p057_no_merger_boost,1.0,0.057190958417936644,1.0,-1.040743236887912,0.0910451389626225,light_seed_scale
GS20030333_juodzbalis25,GS-20030333,7.891,spec,JADES,broad-line-agn,tentative,stack_supported_tentative_hbeta,juodzbalis25_jades_blagn,"Table 2 (BH/Lbol/lambda_Edd), Table 5 (Mstar)",False,False,False,True,0.0831054403214991,-0.016539467890489,consistent,30.0,0.5506463823874046,mbh_plus_0p3dex,0.3,0.0,7.72,8.61,-0.8899999999999997,fedd1_spin_0_eps0p057_merger_boost_x2,1.0,0.057190958417936644,2.0,-1.3417732325518932,0.04552256948131124,light_seed_scale
GS20030333_juodzbalis25,GS-20030333,7.891,spec,JADES,broad-line-agn,tentative,stack_supported_tentative_hbeta,juodzbalis25_jades_blagn,"Table 2 (BH/Lbol/lambda_Edd), Table 5 (Mstar)",False,False,False,True,0.0831054403214991,-0.016539467890489,consistent,30.0,0.5506463823874046,mbh_plus_0p3dex,0.3,0.0,7.72,8.61,-0.8899999999999997,fedd1_spin_plus1_eps0p423_no_merger_boost,1.0,0.42264973081037416,1.0,6.994055592625615,9864057.441445632,above_heavy_seed_scale
GS20030333_juodzbalis25,GS-20030333,7.891,spec,JADES,broad-line-agn,tentative,stack_supported_tentative_hbeta,juodzbalis25_jades_blagn,"Table 2 (BH/Lbol/lambda_Edd), Table 5 (Mstar)",False,False,False,True,0.0831054403214991,-0.016539467890489,consistent,30.0,0.5506463823874046,mbh_plus_0p3dex,0.3,0.0,7.72,8.61,-0.8899999999999997,fedd1_spin_plus1_eps0p423_merger_boost_x2,1.0,0.42264973081037416,2.0,6.6930255969616335,4932028.720722816,above_heavy_seed_scale
GS20030333_juodzbalis25,GS-20030333,7.891,spec,JADES,broad-line-agn,tentative,stack_supported_tentative_hbeta,juodzbalis25_jades_blagn,"Table 2 (BH/Lbol/lambda_Edd), Table 5 (Mstar)",False,False,False,True,0.0831054403214991,-0.016539467890489,consistent,30.0,0.5506463823874046,mbh_plus_0p3dex,0.3,0.0,7.72,8.61,-0.8899999999999997,fedd2_eps0p1_no_merger_boost,2.0,0.1,1.0,-1.8457074140335115,0.014265683548594522,light_seed_scale
GS20030333_juodzbalis25,GS-20030333,7.891,spec,JADES,broad-line-agn,tentative,stack_supported_tentative_hbeta,juodzbalis25_jades_blagn,"Table 2 (BH/Lbol/lambda_Edd), Table 5 (Mstar)",False,False,False,True,0.0831054403214991,-0.016539467890489,consistent,30.0,0.5506463823874046,mbh_plus_0p3dex,0.3,0.0,7.72,8.61,-0.8899999999999997,fedd2_eps0p1_merger_boost_x2,2.0,0.1,2.0,-2.1467374096974927,0.00713284177429726,light_seed_scale
GS20030333_juodzbalis25,GS-20030333,7.891,spec,JADES,broad-line-agn,tentative,stack_supported_tentative_hbeta,juodzbalis25_jades_blagn,"Table 2 (BH/Lbol/lambda_Edd), Table 5 (Mstar)",False,False,False,True,0.0831054403214991,-0.016539467890489,consistent,30.0,0.5506463823874046,mbh_plus_0p3dex,0.3,0.0,7.72,8.61,-0.8899999999999997,fedd2_spin_minus1_eps0p038_no_merger_boost,2.0,0.037749551350623745,1.0,-19.37261411791681,4.240195512585759e-20,light_seed_scale
GS20030333_juodzbalis25,GS-20030333,7.891,spec,JADES,broad-line-agn,tentative,stack_supported_tentative_hbeta,juodzbalis25_jades_blagn,"Table 2 (BH/Lbol/lambda_Edd), Table 5 (Mstar)",False,False,False,True,0.0831054403214991,-0.016539467890489,consistent,30.0,0.5506463823874046,mbh_plus_0p3dex,0.3,0.0,7.72,8.61,-0.8899999999999997,fedd2_spin_minus1_eps0p038_merger_boost_x2,2.0,0.037749551350623745,2.0,-19.673644113580792,2.1200977562928792e-20,light_seed_scale
GS20030333_juodzbalis25,GS-20030333,7.891,spec,JADES,broad-line-agn,tentative,stack_supported_tentative_hbeta,juodzbalis25_jades_blagn,"Table 2 (BH/Lbol/lambda_Edd), Table 5 (Mstar)",False,False,False,True,0.0831054403214991,-0.016539467890489,consistent,30.0,0.5506463823874046,mbh_plus_0p3dex,0.3,0.0,7.72,8.61,-0.8899999999999997,fedd2_spin_0_eps0p057_no_merger_boost,2.0,0.057190958417936644,1.0,-9.801486473775824,1.5794778002542352e-10,light_seed_scale
GS20030333_juodzbalis25,GS-20030333,7.891,spec,JADES,broad-line-agn,tentative,stack_supported_tentative_hbeta,juodzbalis25_jades_blagn,"Table 2 (BH/Lbol/lambda_Edd), Table 5 (Mstar)",False,False,False,True,0.0831054403214991,-0.016539467890489,consistent,30.0,0.5506463823874046,mbh_plus_0p3dex,0.3,0.0,7.72,8.61,-0.8899999999999997,fedd2_spin_0_eps0p057_merger_boost_x2,2.0,0.057190958417936644,2.0,-10.102516469439806,7.897389001271175e-11,light_seed_scale
GS20030333_juodzbalis25,GS-20030333,7.891,spec,JADES,broad-line-agn,tentative,stack_supported_tentative_hbeta,juodzbalis25_jades_blagn,"Table 2 (BH/Lbol/lambda_Edd), Table 5 (Mstar)",False,False,False,True,0.0831054403214991,-0.016539467890489,consistent,30.0,0.5506463823874046,mbh_plus_0p3dex,0.3,0.0,7.72,8.61,-0.8899999999999997,fedd2_spin_plus1_eps0p423_no_merger_boost,2.0,0.42264973081037416,1.0,6.268111185251231,1854006.2132849868,above_heavy_seed_scale
GS20030333_juodzbalis25,GS-20030333,7.891,spec,JADES,broad-line-agn,tentative,stack_supported_tentative_hbeta,juodzbalis25_jades_blagn,"Table 2 (BH/Lbol/lambda_Edd), Table 5 (Mstar)",False,False,False,True,0.0831054403214991,-0.016539467890489,consistent,30.0,0.5506463823874046,mbh_plus_0p3dex,0.3,0.0,7.72,8.61,-0.8899999999999997,fedd2_spin_plus1_eps0p423_merger_boost_x2,2.0,0.42264973081037416,2.0,5.967081189587249,927003.1066424933,heavy_seed_scale
GS20030333_juodzbalis25,GS-20030333,7.891,spec,JADES,broad-line-agn,tentative,stack_supported_tentative_hbeta,juodzbalis25_jades_blagn,"Table 2 (BH/Lbol/lambda_Edd), Table 5 (Mstar)",False,False,False,True,0.0831054403214991,-0.016539467890489,consistent,30.0,0.5506463823874046,mstar_agn_20pct,0.0,0.2,7.42,8.513089986991943,-1.0930899869919433,fedd0p3_eps0p1_no_merger_boost,0.3,0.1,1.0,5.985143887894973,966370.9983157188,heavy_seed_scale
GS20030333_juodzbalis25,GS-20030333,7.891,spec,JADES,broad-line-agn,tentative,stack_supported_tentative_hbeta,juodzbalis25_jades_blagn,"Table 2 (BH/Lbol/lambda_Edd), Table 5 (Mstar)",False,False,False,True,0.0831054403214991,-0.016539467890489,consistent,30.0,0.5506463823874046,mstar_agn_20pct,0.0,0.2,7.42,8.513089986991943,-1.0930899869919433,fedd0p3_eps0p1_merger_boost_x2,0.3,0.1,2.0,5.684113892230992,483185.49915785936,heavy_seed_scale
GS20030333_juodzbalis25,GS-20030333,7.891,spec,JADES,broad-line-agn,tentative,stack_supported_tentative_hbeta,juodzbalis25_jades_blagn,"Table 2 (BH/Lbol/lambda_Edd), Table 5 (Mstar)",False,False,False,True,0.0831054403214991,-0.016539467890489,consistent,30.0,0.5506463823874046,mstar_agn_20pct,0.0,0.2,7.42,8.513089986991943,-1.0930899869919433,fedd0p3_spin_minus1_eps0p038_no_merger_boost,0.3,0.037749551350623745,1.0,3.356107882312479,2270.428774974823,intermediate_seed_scale
GS20030333_juodzbalis25,GS-20030333,7.891,spec,JADES,broad-line-agn,tentative,stack_supported_tentative_hbeta,juodzbalis25_jades_blagn,"Table 2 (BH/Lbol/lambda_Edd), Table 5 (Mstar)",False,False,False,True,0.0831054403214991,-0.016539467890489,consistent,30.0,0.5506463823874046,mstar_agn_20pct,0.0,0.2,7.42,8.513089986991943,-1.0930899869919433,fedd0p3_spin_minus1_eps0p038_merger_boost_x2,0.3,0.037749551350623745,2.0,3.0550778866484976,1135.2143874874116,intermediate_seed_scale
GS20030333_juodzbalis25,GS-20030333,7.891,spec,JADES,broad-line-agn,tentative,stack_supported_tentative_hbeta,juodzbalis25_jades_blagn,"Table 2 (BH/Lbol/lambda_Edd), Table 5 (Mstar)",False,False,False,True,0.0831054403214991,-0.016539467890489,consistent,30.0,0.5506463823874046,mstar_agn_20pct,0.0,0.2,7.42,8.513089986991943,-1.0930899869919433,fedd0p3_spin_0_eps0p057_no_merger_boost,0.3,0.057190958417936644,1.0,4.791777028933627,61912.31295502795,heavy_seed_scale
GS20030333_juodzbalis25,GS-20030333,7.891,spec,JADES,broad-line-agn,tentative,stack_supported_tentative_hbeta,juodzbalis25_jades_blagn,"Table 2 (BH/Lbol/lambda_Edd), Table 5 (Mstar)",False,False,False,True,0.0831054403214991,-0.016539467890489,consistent,30.0,0.5506463823874046,mstar_agn_20pct,0.0,0.2,7.42,8.513089986991943,-1.0930899869919433,fedd0p3_spin_0_eps0p057_merger_boost_x2,0.3,0.057190958417936644,2.0,4.4907470332696455,30956.15647751397,heavy_seed_scale
GS20030333_juodzbalis25,GS-20030333,7.891,spec,JADES,broad-line-agn,tentative,stack_supported_tentative_hbeta,juodzbalis25_jades_blagn,"Table 2 (BH/Lbol/lambda_Edd), Table 5 (Mstar)",False,False,False,True,0.0831054403214991,-0.016539467890489,consistent,30.0,0.5506463823874046,mstar_agn_20pct,0.0,0.2,7.42,8.513089986991943,-1.0930899869919433,fedd0p3_spin_plus1_eps0p423_no_merger_boost,0.3,0.42264973081037416,1.0,7.202216677787685,15930033.085063962,above_heavy_seed_scale
GS20030333_juodzbalis25,GS-20030333,7.891,spec,JADES,broad-line-agn,tentative,stack_supported_tentative_hbeta,juodzbalis25_jades_blagn,"Table 2 (BH/Lbol/lambda_Edd), Table 5 (Mstar)",False,False,False,True,0.0831054403214991,-0.016539467890489,consistent,30.0,0.5506463823874046,mstar_agn_20pct,0.0,0.2,7.42,8.513089986991943,-1.0930899869919433,fedd0p3_spin_plus1_eps0p423_merger_boost_x2,0.3,0.42264973081037416,2.0,6.901186682123703,7965016.542531979,above_heavy_seed_scale
GS20030333_juodzbalis25,GS-20030333,7.891,spec,JADES,broad-line-agn,tentative,stack_supported_tentative_hbeta,juodzbalis25_jades_blagn,"Table 2 (BH/Lbol/lambda_Edd), Table 5 (Mstar)",False,False,False,True,0.0831054403214991,-0.016539467890489,consistent,30.0,0.5506463823874046,mstar_agn_20pct,0.0,0.2,7.42,8.513089986991943,-1.0930899869919433,fedd1_eps0p1_no_merger_boost,1.0,0.1,1.0,2.6371462929832443,433.65693201017797,intermediate_seed_scale
GS20030333_juodzbalis25,GS-20030333,7.891,spec,JADES,broad-line-agn,tentative,stack_supported_tentative_hbeta,juodzbalis25_jades_blagn,"Table 2 (BH/Lbol/lambda_Edd), Table 5 (Mstar)",False,False,False,True,0.0831054403214991,-0.016539467890489,consistent,30.0,0.5506463823874046,mstar_agn_20pct,0.0,0.2,7.42,8.513089986991943,-1.0930899869919433,fedd1_eps0p1_merger_boost_x2,1.0,0.1,2.0,2.336116297319263,216.82846600508896,intermediate_seed_scale
GS20030333_juodzbalis25,GS-20030333,7.891,spec,JADES,broad-line-agn,tentative,stack_supported_tentative_hbeta,juodzbalis25_jades_blagn,"Table 2 (BH/Lbol/lambda_Edd), Table 5 (Mstar)",False,False,False,True,0.0831054403214991,-0.016539467890489,consistent,30.0,0.5506463823874046,mstar_agn_20pct,0.0,0.2,7.42,8.513089986991943,-1.0930899869919433,fedd1_spin_minus1_eps0p038_no_merger_boost,1.0,0.037749551350623745,1.0,-6.126307058958405,7.476407096502188e-07,light_seed_scale
GS20030333_juodzbalis25,GS-20030333,7.891,spec,JADES,broad-line-agn,tentative,stack_supported_tentative_hbeta,juodzbalis25_jades_blagn,"Table 2 (BH/Lbol/lambda_Edd), Table 5 (Mstar)",False,False,False,True,0.0831054403214991,-0.016539467890489,consistent,30.0,0.5506463823874046,mstar_agn_20pct,0.0,0.2,7.42,8.513089986991943,-1.0930899869919433,fedd1_spin_minus1_eps0p038_merger_boost_x2,1.0,0.037749551350623745,2.0,-6.427337054622386,3.7382035482510936e-07,light_seed_scale
GS20030333_juodzbalis25,GS-20030333,7.891,spec,JADES,broad-line-agn,tentative,stack_supported_tentative_hbeta,juodzbalis25_jades_blagn,"Table 2 (BH/Lbol/lambda_Edd), Table 5 (Mstar)",False,False,False,True,0.0831054403214991,-0.016539467890489,consistent,30.0,0.5506463823874046,mstar_agn_20pct,0.0,0.2,7.42,8.513089986991943,-1.0930899869919433,fedd1_spin_0_eps0p057_no_merger_boost,1.0,0.057190958417936644,1.0,-1.3407432368879117,0.04563066133188737,light_seed_scale
GS20030333_juodzbalis25,GS-20030333,7.891,spec,JADES,broad-line-agn,tentative,stack_supported_tentative_hbeta,juodzbalis25_jades_blagn,"Table 2 (BH/Lbol/lambda_Edd), Table 5 (Mstar)",False,False,False,True,0.0831054403214991,-0.016539467890489,consistent,30.0,0.5506463823874046,mstar_agn_20pct,0.0,0.2,7.42,8.513089986991943,-1.0930899869919433,fedd1_spin_0_eps0p057_merger_boost_x2,1.0,0.057190958417936644,2.0,-1.641773232551893,0.02281533066594368,light_seed_scale
GS20030333_juodzbalis25,GS-20030333,7.891,spec,JADES,broad-line-agn,tentative,stack_supported_tentative_hbeta,juodzbalis25_jades_blagn,"Table 2 (BH/Lbol/lambda_Edd), Table 5 (Mstar)",False,False,False,True,0.0831054403214991,-0.016539467890489,consistent,30.0,0.5506463823874046,mstar_agn_20pct,0.0,0.2,7.42,8.513089986991943,-1.0930899869919433,fedd1_spin_plus1_eps0p423_no_merger_boost,1.0,0.42264973081037416,1.0,6.694055592625615,4943739.661418648,above_heavy_seed_scale
GS20030333_juodzbalis25,GS-20030333,7.891,spec,JADES,broad-line-agn,tentative,stack_supported_tentative_hbeta,juodzbalis25_jades_blagn,"Table 2 (BH/Lbol/lambda_Edd), Table 5 (Mstar)",False,False,False,True,0.0831054403214991,-0.016539467890489,consistent,30.0,0.5506463823874046,mstar_agn_20pct,0.0,0.2,7.42,8.513089986991943,-1.0930899869919433,fedd1_spin_plus1_eps0p423_merger_boost_x2,1.0,0.42264973081037416,2.0,6.393025596961634,2471869.8307093238,above_heavy_seed_scale
GS20030333_juodzbalis25,GS-20030333,7.891,spec,JADES,broad-line-agn,tentative,stack_supported_tentative_hbeta,juodzbalis25_jades_blagn,"Table 2 (BH/Lbol/lambda_Edd), Table 5 (Mstar)",False,False,False,True,0.0831054403214991,-0.016539467890489,consistent,30.0,0.5506463823874046,mstar_agn_20pct,0.0,0.2,7.42,8.513089986991943,-1.0930899869919433,fedd2_eps0p1_no_merger_boost,2.0,0.1,1.0,-2.1457074140335113,0.0071497784735221805,light_seed_scale
GS20030333_juodzbalis25,GS-20030333,7.891,spec,JADES,broad-line-agn,tentative,stack_supported_tentative_hbeta,juodzbalis25_jades_blagn,"Table 2 (BH/Lbol/lambda_Edd), Table 5 (Mstar)",False,False,False,True,0.0831054403214991,-0.016539467890489,consistent,30.0,0.5506463823874046,mstar_agn_20pct,0.0,0.2,7.42,8.513089986991943,-1.0930899869919433,fedd2_eps0p1_merger_boost_x2,2.0,0.1,2.0,-2.4467374096974925,0.00357488923676109,light_seed_scale
GS20030333_juodzbalis25,GS-20030333,7.891,spec,JADES,broad-line-agn,tentative,stack_supported_tentative_hbeta,juodzbalis25_jades_blagn,"Table 2 (BH/Lbol/lambda_Edd), Table 5 (Mstar)",False,False,False,True,0.0831054403214991,-0.016539467890489,consistent,30.0,0.5506463823874046,mstar_agn_20pct,0.0,0.2,7.42,8.513089986991943,-1.0930899869919433,fedd2_spin_minus1_eps0p038_no_merger_boost,2.0,0.037749551350623745,1.0,-19.672614117916808,2.125131858991644e-20,light_seed_scale
GS20030333_juodzbalis25,GS-20030333,7.891,spec,JADES,broad-line-agn,tentative,stack_supported_tentative_hbeta,juodzbalis25_jades_blagn,"Table 2 (BH/Lbol/lambda_Edd), Table 5 (Mstar)",False,False,False,True,0.0831054403214991,-0.016539467890489,consistent,30.0,0.5506463823874046,mstar_agn_20pct,0.0,0.2,7.42,8.513089986991943,-1.0930899869919433,fedd2_spin_minus1_eps0p038_merger_boost_x2,2.0,0.037749551350623745,2.0,-19.97364411358079,1.0625659294958219e-20,light_seed_scale
GS20030333_juodzbalis25,GS-20030333,7.891,spec,JADES,broad-line-agn,tentative,stack_supported_tentative_hbeta,juodzbalis25_jades_blagn,"Table 2 (BH/Lbol/lambda_Edd), Table 5 (Mstar)",False,False,False,True,0.0831054403214991,-0.016539467890489,consistent,30.0,0.5506463823874046,mstar_agn_20pct,0.0,0.2,7.42,8.513089986991943,-1.0930899869919433,fedd2_spin_0_eps0p057_no_merger_boost,2.0,0.057190958417936644,1.0,-10.101486473775823,7.916141092851114e-11,light_seed_scale
GS20030333_juodzbalis25,GS-20030333,7.891,spec,JADES,broad-line-agn,tentative,stack_supported_tentative_hbeta,juodzbalis25_jades_blagn,"Table 2 (BH/Lbol/lambda_Edd), Table 5 (Mstar)",False,False,False,True,0.0831054403214991,-0.016539467890489,consistent,30.0,0.5506463823874046,mstar_agn_20pct,0.0,0.2,7.42,8.513089986991943,-1.0930899869919433,fedd2_spin_0_eps0p057_merger_boost_x2,2.0,0.057190958417936644,2.0,-10.402516469439805,3.9580705464255565e-11,light_seed_scale
GS20030333_juodzbalis25,GS-20030333,7.891,spec,JADES,broad-line-agn,tentative,stack_supported_tentative_hbeta,juodzbalis25_jades_blagn,"Table 2 (BH/Lbol/lambda_Edd), Table 5 (Mstar)",False,False,False,True,0.0831054403214991,-0.016539467890489,consistent,30.0,0.5506463823874046,mstar_agn_20pct,0.0,0.2,7.42,8.513089986991943,-1.0930899869919433,fedd2_spin_plus1_eps0p423_no_merger_boost,2.0,0.42264973081037416,1.0,5.96811118525123,929204.2451640756,heavy_seed_scale
GS20030333_juodzbalis25,GS-20030333,7.891,spec,JADES,broad-line-agn,tentative,stack_supported_tentative_hbeta,juodzbalis25_jades_blagn,"Table 2 (BH/Lbol/lambda_Edd), Table 5 (Mstar)",False,False,False,True,0.0831054403214991,-0.016539467890489,consistent,30.0,0.5506463823874046,mstar_agn_20pct,0.0,0.2,7.42,8.513089986991943,-1.0930899869919433,fedd2_spin_plus1_eps0p423_merger_boost_x2,2.0,0.42264973081037416,2.0,5.667081189587249,464602.12258203776,heavy_seed_scale
GS164055_juodzbalis25,GS-164055,7.397,spec,JADES,broad-line-agn,tentative,stack_supported_tentative_hbeta,juodzbalis25_jades_blagn,"Table 2 (BH/Lbol/lambda_Edd), Table 5 (Mstar)",False,False,False,True,0.0301737616127428,-0.0025082001627724,consistent,30.0,0.6088300468120469,baseline,0.0,0.0,7.63,7.99,-0.3600000000000003,fedd0p3_eps0p1_no_merger_boost,0.3,0.1,1.0,6.043530821515778,1105428.9179639083,above_heavy_seed_scale
GS164055_juodzbalis25,GS-164055,7.397,spec,JADES,broad-line-agn,tentative,stack_supported_tentative_hbeta,juodzbalis25_jades_blagn,"Table 2 (BH/Lbol/lambda_Edd), Table 5 (Mstar)",False,False,False,True,0.0301737616127428,-0.0025082001627724,consistent,30.0,0.6088300468120469,baseline,0.0,0.0,7.63,7.99,-0.3600000000000003,fedd0p3_eps0p1_merger_boost_x2,0.3,0.1,2.0,5.742500825851796,552714.4589819541,heavy_seed_scale
GS164055_juodzbalis25,GS-164055,7.397,spec,JADES,broad-line-agn,tentative,stack_supported_tentative_hbeta,juodzbalis25_jades_blagn,"Table 2 (BH/Lbol/lambda_Edd), Table 5 (Mstar)",False,False,False,True,0.0301737616127428,-0.0025082001627724,consistent,30.0,0.6088300468120469,baseline,0.0,0.0,7.63,7.99,-0.3600000000000003,fedd0p3_spin_minus1_eps0p038_no_merger_boost,0.3,0.037749551350623745,1.0,3.1366995672913056,1369.9337566539962,intermediate_seed_scale
GS164055_juodzbalis25,GS-164055,7.397,spec,JADES,broad-line-agn,tentative,stack_supported_tentative_hbeta,juodzbalis25_jades_blagn,"Table 2 (BH/Lbol/lambda_Edd), Table 5 (Mstar)",False,False,False,True,0.0301737616127428,-0.0025082001627724,consistent,30.0,0.6088300468120469,baseline,0.0,0.0,7.63,7.99,-0.3600000000000003,fedd0p3_spin_minus1_eps0p038_merger_boost_x2,0.3,0.037749551350623745,2.0,2.8356695716273244,684.966878326998,intermediate_seed_scale
GS164055_juodzbalis25,GS-164055,7.397,spec,JADES,broad-line-agn,tentative,stack_supported_tentative_hbeta,juodzbalis25_jades_blagn,"Table 2 (BH/Lbol/lambda_Edd), Table 5 (Mstar)",False,False,False,True,0.0301737616127428,-0.0025082001627724,consistent,30.0,0.6088300468120469,baseline,0.0,0.0,7.63,7.99,-0.3600000000000003,fedd0p3_spin_0_eps0p057_no_merger_boost,0.3,0.057190958417936644,1.0,4.724067689014499,52974.600351915564,heavy_seed_scale
GS164055_juodzbalis25,GS-164055,7.397,spec,JADES,broad-line-agn,tentative,stack_supported_tentative_hbeta,juodzbalis25_jades_blagn,"Table 2 (BH/Lbol/lambda_Edd), Table 5 (Mstar)",False,False,False,True,0.0301737616127428,-0.0025082001627724,consistent,30.0,0.6088300468120469,baseline,0.0,0.0,7.63,7.99,-0.3600000000000003,fedd0p3_spin_0_eps0p057_merger_boost_x2,0.3,0.057190958417936644,2.0,4.423037693350517,26487.30017595778,heavy_seed_scale
GS164055_juodzbalis25,GS-164055,7.397,spec,JADES,broad-line-agn,tentative,stack_supported_tentative_hbeta,juodzbalis25_jades_blagn,"Table 2 (BH/Lbol/lambda_Edd), Table 5 (Mstar)",False,False,False,True,0.0301737616127428,-0.0025082001627724,consistent,30.0,0.6088300468120469,baseline,0.0,0.0,7.63,7.99,-0.3600000000000003,fedd0p3_spin_plus1_eps0p423_no_merger_boost,0.3,0.42264973081037416,1.0,7.389204755541058,24502181.667157974,above_heavy_seed_scale
GS164055_juodzbalis25,GS-164055,7.397,spec,JADES,broad-line-agn,tentative,stack_supported_tentative_hbeta,juodzbalis25_jades_blagn,"Table 2 (BH/Lbol/lambda_Edd), Table 5 (Mstar)",False,False,False,True,0.0301737616127428,-0.0025082001627724,consistent,30.0,0.6088300468120469,baseline,0.0,0.0,7.63,7.99,-0.3600000000000003,fedd0p3_spin_plus1_eps0p423_merger_boost_x2,0.3,0.42264973081037416,2.0,7.088174759877076,12251090.833578985,above_heavy_seed_scale
GS164055_juodzbalis25,GS-164055,7.397,spec,JADES,broad-line-agn,tentative,stack_supported_tentative_hbeta,juodzbalis25_jades_blagn,"Table 2 (BH/Lbol/lambda_Edd), Table 5 (Mstar)",False,False,False,True,0.0301737616127428,-0.0025082001627724,consistent,30.0,0.6088300468120469,baseline,0.0,0.0,7.63,7.99,-0.3600000000000003,fedd1_eps0p1_no_merger_boost,1.0,0.1,1.0,2.341769405052591,219.66931970009585,intermediate_seed_scale
GS164055_juodzbalis25,GS-164055,7.397,spec,JADES,broad-line-agn,tentative,stack_supported_tentative_hbeta,juodzbalis25_jades_blagn,"Table 2 (BH/Lbol/lambda_Edd), Table 5 (Mstar)",False,False,False,True,0.0301737616127428,-0.0025082001627724,consistent,30.0,0.6088300468120469,baseline,0.0,0.0,7.63,7.99,-0.3600000000000003,fedd1_eps0p1_merger_boost_x2,1.0,0.1,2.0,2.0407394093886095,109.8346598500479,intermediate_seed_scale
GS164055_juodzbalis25,GS-164055,7.397,spec,JADES,broad-line-agn,tentative,stack_supported_tentative_hbeta,juodzbalis25_jades_blagn,"Table 2 (BH/Lbol/lambda_Edd), Table 5 (Mstar)",False,False,False,True,0.0301737616127428,-0.0025082001627724,consistent,30.0,0.6088300468120469,baseline,0.0,0.0,7.63,7.99,-0.3600000000000003,fedd1_spin_minus1_eps0p038_no_merger_boost,1.0,0.037749551350623745,1.0,-7.347668109028979,4.490884554620279e-08,light_seed_scale
GS164055_juodzbalis25,GS-164055,7.397,spec,JADES,broad-line-agn,tentative,stack_supported_tentative_hbeta,juodzbalis25_jades_blagn,"Table 2 (BH/Lbol/lambda_Edd), Table 5 (Mstar)",False,False,False,True,0.0301737616127428,-0.0025082001627724,consistent,30.0,0.6088300468120469,baseline,0.0,0.0,7.63,7.99,-0.3600000000000003,fedd1_spin_minus1_eps0p038_merger_boost_x2,1.0,0.037749551350623745,2.0,-7.6486981046929605,2.2454422773101393e-08,light_seed_scale
GS164055_juodzbalis25,GS-164055,7.397,spec,JADES,broad-line-agn,tentative,stack_supported_tentative_hbeta,juodzbalis25_jades_blagn,"Table 2 (BH/Lbol/lambda_Edd), Table 5 (Mstar)",False,False,False,True,0.0301737616127428,-0.0025082001627724,consistent,30.0,0.6088300468120469,baseline,0.0,0.0,7.63,7.99,-0.3600000000000003,fedd1_spin_0_eps0p057_no_merger_boost,1.0,0.057190958417936644,1.0,-2.056441036618339,0.008781303011771631,light_seed_scale
GS164055_juodzbalis25,GS-164055,7.397,spec,JADES,broad-line-agn,tentative,stack_supported_tentative_hbeta,juodzbalis25_jades_blagn,"Table 2 (BH/Lbol/lambda_Edd), Table 5 (Mstar)",False,False,False,True,0.0301737616127428,-0.0025082001627724,consistent,30.0,0.6088300468120469,baseline,0.0,0.0,7.63,7.99,-0.3600000000000003,fedd1_spin_0_eps0p057_merger_boost_x2,1.0,0.057190958417936644,2.0,-2.3574710322823202,0.004390651505885815,light_seed_scale
GS164055_juodzbalis25,GS-164055,7.397,spec,JADES,broad-line-agn,tentative,stack_supported_tentative_hbeta,juodzbalis25_jades_blagn,"Table 2 (BH/Lbol/lambda_Edd), Table 5 (Mstar)",False,False,False,True,0.0301737616127428,-0.0025082001627724,consistent,30.0,0.6088300468120469,baseline,0.0,0.0,7.63,7.99,-0.3600000000000003,fedd1_spin_plus1_eps0p423_no_merger_boost,1.0,0.42264973081037416,1.0,6.82734918513686,6719689.179380041,above_heavy_seed_scale
GS164055_juodzbalis25,GS-164055,7.397,spec,JADES,broad-line-agn,tentative,stack_supported_tentative_hbeta,juodzbalis25_jades_blagn,"Table 2 (BH/Lbol/lambda_Edd), Table 5 (Mstar)",False,False,False,True,0.0301737616127428,-0.0025082001627724,consistent,30.0,0.6088300468120469,baseline,0.0,0.0,7.63,7.99,-0.3600000000000003,fedd1_spin_plus1_eps0p423_merger_boost_x2,1.0,0.42264973081037416,2.0,6.526319189472879,3359844.58969002,above_heavy_seed_scale
GS164055_juodzbalis25,GS-164055,7.397,spec,JADES,broad-line-agn,tentative,stack_supported_tentative_hbeta,juodzbalis25_jades_blagn,"Table 2 (BH/Lbol/lambda_Edd), Table 5 (Mstar)",False,False,False,True,0.0301737616127428,-0.0025082001627724,consistent,30.0,0.6088300468120469,baseline,0.0,0.0,7.63,7.99,-0.3600000000000003,fedd2_eps0p1_no_merger_boost,2.0,0.1,1.0,-2.9464611898948183,0.0011311984727505574,light_seed_scale
GS164055_juodzbalis25,GS-164055,7.397,spec,JADES,broad-line-agn,tentative,stack_supported_tentative_hbeta,juodzbalis25_jades_blagn,"Table 2 (BH/Lbol/lambda_Edd), Table 5 (Mstar)",False,False,False,True,0.0301737616127428,-0.0025082001627724,consistent,30.0,0.6088300468120469,baseline,0.0,0.0,7.63,7.99,-0.3600000000000003,fedd2_eps0p1_merger_boost_x2,2.0,0.1,2.0,-3.2474911855587996,0.0005655992363752786,light_seed_scale
GS164055_juodzbalis25,GS-164055,7.397,spec,JADES,broad-line-agn,tentative,stack_supported_tentative_hbeta,juodzbalis25_jades_blagn,"Table 2 (BH/Lbol/lambda_Edd), Table 5 (Mstar)",False,False,False,True,0.0301737616127428,-0.0025082001627724,consistent,30.0,0.6088300468120469,baseline,0.0,0.0,7.63,7.99,-0.3600000000000003,fedd2_spin_minus1_eps0p038_no_merger_boost,2.0,0.037749551350623745,1.0,-22.32533621805796,4.727851008783981e-23,light_seed_scale
GS164055_juodzbalis25,GS-164055,7.397,spec,JADES,broad-line-agn,tentative,stack_supported_tentative_hbeta,juodzbalis25_jades_blagn,"Table 2 (BH/Lbol/lambda_Edd), Table 5 (Mstar)",False,False,False,True,0.0301737616127428,-0.0025082001627724,consistent,30.0,0.6088300468120469,baseline,0.0,0.0,7.63,7.99,-0.3600000000000003,fedd2_spin_minus1_eps0p038_merger_boost_x2,2.0,0.037749551350623745,2.0,-22.62636621372194,2.36392550439199e-23,light_seed_scale
GS164055_juodzbalis25,GS-164055,7.397,spec,JADES,broad-line-agn,tentative,stack_supported_tentative_hbeta,juodzbalis25_jades_blagn,"Table 2 (BH/Lbol/lambda_Edd), Table 5 (Mstar)",False,False,False,True,0.0301737616127428,-0.0025082001627724,consistent,30.0,0.6088300468120469,baseline,0.0,0.0,7.63,7.99,-0.3600000000000003,fedd2_spin_0_eps0p057_no_merger_boost,2.0,0.057190958417936644,1.0,-11.742882073236679,1.8076649062097794e-12,light_seed_scale
GS164055_juodzbalis25,GS-164055,7.397,spec,JADES,broad-line-agn,tentative,stack_supported_tentative_hbeta,juodzbalis25_jades_blagn,"Table 2 (BH/Lbol/lambda_Edd), Table 5 (Mstar)",False,False,False,True,0.0301737616127428,-0.0025082001627724,consistent,30.0,0.6088300468120469,baseline,0.0,0.0,7.63,7.99,-0.3600000000000003,fedd2_spin_0_eps0p057_merger_boost_x2,2.0,0.057190958417936644,2.0,-12.04391206890066,9.038324531048896e-13,light_seed_scale
GS164055_juodzbalis25,GS-164055,7.397,spec,JADES,broad-line-agn,tentative,stack_supported_tentative_hbeta,juodzbalis25_jades_blagn,"Table 2 (BH/Lbol/lambda_Edd), Table 5 (Mstar)",False,False,False,True,0.0301737616127428,-0.0025082001627724,consistent,30.0,0.6088300468120469,baseline,0.0,0.0,7.63,7.99,-0.3600000000000003,fedd2_spin_plus1_eps0p423_no_merger_boost,2.0,0.42264973081037416,1.0,6.02469837027372,1058518.2991047185,above_heavy_seed_scale
GS164055_juodzbalis25,GS-164055,7.397,spec,JADES,broad-line-agn,tentative,stack_supported_tentative_hbeta,juodzbalis25_jades_blagn,"Table 2 (BH/Lbol/lambda_Edd), Table 5 (Mstar)",False,False,False,True,0.0301737616127428,-0.0025082001627724,consistent,30.0,0.6088300468120469,baseline,0.0,0.0,7.63,7.99,-0.3600000000000003,fedd2_spin_plus1_eps0p423_merger_boost_x2,2.0,0.42264973081037416,2.0,5.723668374609739,529259.1495523592,heavy_seed_scale
GS164055_juodzbalis25,GS-164055,7.397,spec,JADES,broad-line-agn,tentative,stack_supported_tentative_hbeta,juodzbalis25_jades_blagn,"Table 2 (BH/Lbol/lambda_Edd), Table 5 (Mstar)",False,False,False,True,0.0301737616127428,-0.0025082001627724,consistent,30.0,0.6088300468120469,mbh_minus_0p3dex,-0.3,0.0,7.33,7.99,-0.6600000000000001,fedd0p3_eps0p1_no_merger_boost,0.3,0.1,1.0,5.743530821515778,554026.8613659204,heavy_seed_scale
GS164055_juodzbalis25,GS-164055,7.397,spec,JADES,broad-line-agn,tentative,stack_supported_tentative_hbeta,juodzbalis25_jades_blagn,"Table 2 (BH/Lbol/lambda_Edd), Table 5 (Mstar)",False,False,False,True,0.0301737616127428,-0.0025082001627724,consistent,30.0,0.6088300468120469,mbh_minus_0p3dex,-0.3,0.0,7.33,7.99,-0.6600000000000001,fedd0p3_eps0p1_merger_boost_x2,0.3,0.1,2.0,5.442500825851797,277013.43068296014,heavy_seed_scale
GS164055_juodzbalis25,GS-164055,7.397,spec,JADES,broad-line-agn,tentative,stack_supported_tentative_hbeta,juodzbalis25_jades_blagn,"Table 2 (BH/Lbol/lambda_Edd), Table 5 (Mstar)",False,False,False,True,0.0301737616127428,-0.0025082001627724,consistent,30.0,0.6088300468120469,mbh_minus_0p3dex,-0.3,0.0,7.33,7.99,-0.6600000000000001,fedd0p3_spin_minus1_eps0p038_no_merger_boost,0.3,0.037749551350623745,1.0,2.836699567291306,686.5933097500334,intermediate_seed_scale
GS164055_juodzbalis25,GS-164055,7.397,spec,JADES,broad-line-agn,tentative,stack_supported_tentative_hbeta,juodzbalis25_jades_blagn,"Table 2 (BH/Lbol/lambda_Edd), Table 5 (Mstar)",False,False,False,True,0.0301737616127428,-0.0025082001627724,consistent,30.0,0.6088300468120469,mbh_minus_0p3dex,-0.3,0.0,7.33,7.99,-0.6600000000000001,fedd0p3_spin_minus1_eps0p038_merger_boost_x2,0.3,0.037749551350623745,2.0,2.5356695716273245,343.29665487501666,intermediate_seed_scale
GS164055_juodzbalis25,GS-164055,7.397,spec,JADES,broad-line-agn,tentative,stack_supported_tentative_hbeta,juodzbalis25_jades_blagn,"Table 2 (BH/Lbol/lambda_Edd), Table 5 (Mstar)",False,False,False,True,0.0301737616127428,-0.0025082001627724,consistent,30.0,0.6088300468120469,mbh_minus_0p3dex,-0.3,0.0,7.33,7.99,-0.6600000000000001,fedd0p3_spin_0_eps0p057_no_merger_boost,0.3,0.057190958417936644,1.0,4.424067689014498,26550.19340288684,heavy_seed_scale
GS164055_juodzbalis25,GS-164055,7.397,spec,JADES,broad-line-agn,tentative,stack_supported_tentative_hbeta,juodzbalis25_jades_blagn,"Table 2 (BH/Lbol/lambda_Edd), Table 5 (Mstar)",False,False,False,True,0.0301737616127428,-0.0025082001627724,consistent,30.0,0.6088300468120469,mbh_minus_0p3dex,-0.3,0.0,7.33,7.99,-0.6600000000000001,fedd0p3_spin_0_eps0p057_merger_boost_x2,0.3,0.057190958417936644,2.0,4.123037693350517,13275.096701443419,heavy_seed_scale
GS164055_juodzbalis25,GS-164055,7.397,spec,JADES,broad-line-agn,tentative,stack_supported_tentative_hbeta,juodzbalis25_jades_blagn,"Table 2 (BH/Lbol/lambda_Edd), Table 5 (Mstar)",False,False,False,True,0.0301737616127428,-0.0025082001627724,consistent,30.0,0.6088300468120469,mbh_minus_0p3dex,-0.3,0.0,7.33,7.99,-0.6600000000000001,fedd0p3_spin_plus1_eps0p423_no_merger_boost,0.3,0.42264973081037416,1.0,7.089204755541058,12280180.647595776,above_heavy_seed_scale
GS164055_juodzbalis25,GS-164055,7.397,spec,JADES,broad-line-agn,tentative,stack_supported_tentative_hbeta,juodzbalis25_jades_blagn,"Table 2 (BH/Lbol/lambda_Edd), Table 5 (Mstar)",False,False,False,True,0.0301737616127428,-0.0025082001627724,consistent,30.0,0.6088300468120469,mbh_minus_0p3dex,-0.3,0.0,7.33,7.99,-0.6600000000000001,fedd0p3_spin_plus1_eps0p423_merger_boost_x2,0.3,0.42264973081037416,2.0,6.7881747598770765,6140090.323797887,above_heavy_seed_scale
GS164055_juodzbalis25,GS-164055,7.397,spec,JADES,broad-line-agn,tentative,stack_supported_tentative_hbeta,juodzbalis25_jades_blagn,"Table 2 (BH/Lbol/lambda_Edd), Table 5 (Mstar)",False,False,False,True,0.0301737616127428,-0.0025082001627724,consistent,30.0,0.6088300468120469,mbh_minus_0p3dex,-0.3,0.0,7.33,7.99,-0.6600000000000001,fedd1_eps0p1_no_merger_boost,1.0,0.1,1.0,2.041769405052591,110.09545865327594,intermediate_seed_scale
GS164055_juodzbalis25,GS-164055,7.397,spec,JADES,broad-line-agn,tentative,stack_supported_tentative_hbeta,juodzbalis25_jades_blagn,"Table 2 (BH/Lbol/lambda_Edd), Table 5 (Mstar)",False,False,False,True,0.0301737616127428,-0.0025082001627724,consistent,30.0,0.6088300468120469,mbh_minus_0p3dex,-0.3,0.0,7.33,7.99,-0.6600000000000001,fedd1_eps0p1_merger_boost_x2,1.0,0.1,2.0,1.7407394093886097,55.04772932663796,light_seed_scale
GS164055_juodzbalis25,GS-164055,7.397,spec,JADES,broad-line-agn,tentative,stack_supported_tentative_hbeta,juodzbalis25_jades_blagn,"Table 2 (BH/Lbol/lambda_Edd), Table 5 (Mstar)",False,False,False,True,0.0301737616127428,-0.0025082001627724,consistent,30.0,0.6088300468120469,mbh_minus_0p3dex,-0.3,0.0,7.33,7.99,-0.6600000000000001,fedd1_spin_minus1_eps0p038_no_merger_boost,1.0,0.037749551350623745,1.0,-7.647668109028979,2.2507740064695836e-08,light_seed_scale
GS164055_juodzbalis25,GS-164055,7.397,spec,JADES,broad-line-agn,tentative,stack_supported_tentative_hbeta,juodzbalis25_jades_blagn,"Table 2 (BH/Lbol/lambda_Edd), Table 5 (Mstar)",False,False,False,True,0.0301737616127428,-0.0025082001627724,consistent,30.0,0.6088300468120469,mbh_minus_0p3dex,-0.3,0.0,7.33,7.99,-0.6600000000000001,fedd1_spin_minus1_eps0p038_merger_boost_x2,1.0,0.037749551350623745,2.0,-7.94869810469296,1.1253870032347916e-08,light_seed_scale
GS164055_juodzbalis25,GS-164055,7.397,spec,JADES,broad-line-agn,tentative,stack_supported_tentative_hbeta,juodzbalis25_jades_blagn,"Table 2 (BH/Lbol/lambda_Edd), Table 5 (Mstar)",False,False,False,True,0.0301737616127428,-0.0025082001627724,consistent,30.0,0.6088300468120469,mbh_minus_0p3dex,-0.3,0.0,7.33,7.99,-0.6600000000000001,fedd1_spin_0_eps0p057_no_merger_boost,1.0,0.057190958417936644,1.0,-2.356441036618339,0.00440107696411266,light_seed_scale
GS164055_juodzbalis25,GS-164055,7.397,spec,JADES,broad-line-agn,tentative,stack_supported_tentative_hbeta,juodzbalis25_jades_blagn,"Table 2 (BH/Lbol/lambda_Edd), Table 5 (Mstar)",False,False,False,True,0.0301737616127428,-0.0025082001627724,consistent,30.0,0.6088300468120469,mbh_minus_0p3dex,-0.3,0.0,7.33,7.99,-0.6600000000000001,fedd1_spin_0_eps0p057_merger_boost_x2,1.0,0.057190958417936644,2.0,-2.65747103228232,0.00220053848205633,light_seed_scale
GS164055_juodzbalis25,GS-164055,7.397,spec,JADES,broad-line-agn,tentative,stack_supported_tentative_hbeta,juodzbalis25_jades_blagn,"Table 2 (BH/Lbol/lambda_Edd), Table 5 (Mstar)",False,False,False,True,0.0301737616127428,-0.0025082001627724,consistent,30.0,0.6088300468120469,mbh_minus_0p3dex,-0.3,0.0,7.33,7.99,-0.6600000000000001,fedd1_spin_plus1_eps0p423_no_merger_boost,1.0,0.42264973081037416,1.0,6.527349185136861,3367822.4306485993,above_heavy_seed_scale
GS164055_juodzbalis25,GS-164055,7.397,spec,JADES,broad-line-agn,tentative,stack_supported_tentative_hbeta,juodzbalis25_jades_blagn,"Table 2 (BH/Lbol/lambda_Edd), Table 5 (Mstar)",False,False,False,True,0.0301737616127428,-0.0025082001627724,consistent,30.0,0.6088300468120469,mbh_minus_0p3dex,-0.3,0.0,7.33,7.99,-0.6600000000000001,fedd1_spin_plus1_eps0p423_merger_boost_x2,1.0,0.42264973081037416,2.0,6.226319189472879,1683911.2153242994,above_heavy_seed_scale
GS164055_juodzbalis25,GS-164055,7.397,spec,JADES,broad-line-agn,tentative,stack_supported_tentative_hbeta,juodzbalis25_jades_blagn,"Table 2 (BH/Lbol/lambda_Edd), Table 5 (Mstar)",False,False,False,True,0.0301737616127428,-0.0025082001627724,consistent,30.0,0.6088300468120469,mbh_minus_0p3dex,-0.3,0.0,7.33,7.99,-0.6600000000000001,fedd2_eps0p1_no_merger_boost,2.0,0.1,1.0,-3.246461189894818,0.0005669422332412474,light_seed_scale
GS164055_juodzbalis25,GS-164055,7.397,spec,JADES,broad-line-agn,tentative,stack_supported_tentative_hbeta,juodzbalis25_jades_blagn,"Table 2 (BH/Lbol/lambda_Edd), Table 5 (Mstar)",False,False,False,True,0.0301737616127428,-0.0025082001627724,consistent,30.0,0.6088300468120469,mbh_minus_0p3dex,-0.3,0.0,7.33,7.99,-0.6600000000000001,fedd2_eps0p1_merger_boost_x2,2.0,0.1,2.0,-3.5474911855587994,0.0002834711166206237,light_seed_scale
GS164055_juodzbalis25,GS-164055,7.397,spec,JADES,broad-line-agn,tentative,stack_supported_tentative_hbeta,juodzbalis25_jades_blagn,"Table 2 (BH/Lbol/lambda_Edd), Table 5 (Mstar)",False,False,False,True,0.0301737616127428,-0.0025082001627724,consistent,30.0,0.6088300468120469,mbh_minus_0p3dex,-0.3,0.0,7.33,7.99,-0.6600000000000001,fedd2_spin_minus1_eps0p038_no_merger_boost,2.0,0.037749551350623745,1.0,-22.62533621805796,2.369538568094348e-23,light_seed_scale
GS164055_juodzbalis25,GS-164055,7.397,spec,JADES,broad-line-agn,tentative,stack_supported_tentative_hbeta,juodzbalis25_jades_blagn,"Table 2 (BH/Lbol/lambda_Edd), Table 5 (Mstar)",False,False,False,True,0.0301737616127428,-0.0025082001627724,consistent,30.0,0.6088300468120469,mbh_minus_0p3dex,-0.3,0.0,7.33,7.99,-0.6600000000000001,fedd2_spin_minus1_eps0p038_merger_boost_x2,2.0,0.037749551350623745,2.0,-22.92636621372194,1.1847692840471739e-23,light_seed_scale
GS164055_juodzbalis25,GS-164055,7.397,spec,JADES,broad-line-agn,tentative,stack_supported_tentative_hbeta,juodzbalis25_jades_blagn,"Table 2 (BH/Lbol/lambda_Edd), Table 5 (Mstar)",False,False,False,True,0.0301737616127428,-0.0025082001627724,consistent,30.0,0.6088300468120469,mbh_minus_0p3dex,-0.3,0.0,7.33,7.99,-0.6600000000000001,fedd2_spin_0_eps0p057_no_merger_boost,2.0,0.057190958417936644,1.0,-12.042882073236678,9.059785736683841e-13,light_seed_scale
GS164055_juodzbalis25,GS-164055,7.397,spec,JADES,broad-line-agn,tentative,stack_supported_tentative_hbeta,juodzbalis25_jades_blagn,"Table 2 (BH/Lbol/lambda_Edd), Table 5 (Mstar)",False,False,False,True,0.0301737616127428,-0.0025082001627724,consistent,30.0,0.6088300468120469,mbh_minus_0p3dex,-0.3,0.0,7.33,7.99,-0.6600000000000001,fedd2_spin_0_eps0p057_merger_boost_x2,2.0,0.057190958417936644,2.0,-12.343912068900659,4.52989286834192e-13,light_seed_scale
GS164055_juodzbalis25,GS-164055,7.397,spec,JADES,broad-line-agn,tentative,stack_supported_tentative_hbeta,juodzbalis25_jades_blagn,"Table 2 (BH/Lbol/lambda_Edd), Table 5 (Mstar)",False,False,False,True,0.0301737616127428,-0.0025082001627724,consistent,30.0,0.6088300468120469,mbh_minus_0p3dex,-0.3,0.0,7.33,7.99,-0.6600000000000001,fedd2_spin_plus1_eps0p423_no_merger_boost,2.0,0.42264973081037416,1.0,5.72469837027372,530515.8580721397,heavy_seed_scale
GS164055_juodzbalis25,GS-164055,7.397,spec,JADES,broad-line-agn,tentative,stack_supported_tentative_hbeta,juodzbalis25_jades_blagn,"Table 2 (BH/Lbol/lambda_Edd), Table 5 (Mstar)",False,False,False,True,0.0301737616127428,-0.0025082001627724,consistent,30.0,0.6088300468120469,mbh_minus_0p3dex,-0.3,0.0,7.33,7.99,-0.6600000000000001,fedd2_spin_plus1_eps0p423_merger_boost_x2,2.0,0.42264973081037416,2.0,5.423668374609739,265257.9290360698,heavy_seed_scale
GS164055_juodzbalis25,GS-164055,7.397,spec,JADES,broad-line-agn,tentative,stack_supported_tentative_hbeta,juodzbalis25_jades_blagn,"Table 2 (BH/Lbol/lambda_Edd), Table 5 (Mstar)",False,False,False,True,0.0301737616127428,-0.0025082001627724,consistent,30.0,0.6088300468120469,mbh_plus_0p3dex,0.3,0.0,7.93,7.99,-0.0600000000000005,fedd0p3_eps0p1_no_merger_boost,0.3,0.1,1.0,6.3435308215157775,2205620.6618902106,above_heavy_seed_scale
GS164055_juodzbalis25,GS-164055,7.397,spec,JADES,broad-line-agn,tentative,stack_supported_tentative_hbeta,juodzbalis25_jades_blagn,"Table 2 (BH/Lbol/lambda_Edd), Table 5 (Mstar)",False,False,False,True,0.0301737616127428,-0.0025082001627724,consistent,30.0,0.6088300468120469,mbh_plus_0p3dex,0.3,0.0,7.93,7.99,-0.0600000000000005,fedd0p3_eps0p1_merger_boost_x2,0.3,0.1,2.0,6.042500825851796,1102810.3309451053,above_heavy_seed_scale
GS164055_juodzbalis25,GS-164055,7.397,spec,JADES,broad-line-agn,tentative,stack_supported_tentative_hbeta,juodzbalis25_jades_blagn,"Table 2 (BH/Lbol/lambda_Edd), Table 5 (Mstar)",False,False,False,True,0.0301737616127428,-0.0025082001627724,consistent,30.0,0.6088300468120469,mbh_plus_0p3dex,0.3,0.0,7.93,7.99,-0.0600000000000005,fedd0p3_spin_minus1_eps0p038_no_merger_boost,0.3,0.037749551350623745,1.0,3.4366995672913054,2733.377198655465,intermediate_seed_scale
GS164055_juodzbalis25,GS-164055,7.397,spec,JADES,broad-line-agn,tentative,stack_supported_tentative_hbeta,juodzbalis25_jades_blagn,"Table 2 (BH/Lbol/lambda_Edd), Table 5 (Mstar)",False,False,False,True,0.0301737616127428,-0.0025082001627724,consistent,30.0,0.6088300468120469,mbh_plus_0p3dex,0.3,0.0,7.93,7.99,-0.0600000000000005,fedd0p3_spin_minus1_eps0p038_merger_boost_x2,0.3,0.037749551350623745,2.0,3.135669571627324,1366.6885993277322,intermediate_seed_scale
GS164055_juodzbalis25,GS-164055,7.397,spec,JADES,broad-line-agn,tentative,stack_supported_tentative_hbeta,juodzbalis25_jades_blagn,"Table 2 (BH/Lbol/lambda_Edd), Table 5 (Mstar)",False,False,False,True,0.0301737616127428,-0.0025082001627724,consistent,30.0,0.6088300468120469,mbh_plus_0p3dex,0.3,0.0,7.93,7.99,-0.0600000000000005,fedd0p3_spin_0_eps0p057_no_merger_boost,0.3,0.057190958417936644,1.0,5.0240676890144975,105698.223732714,heavy_seed_scale
GS164055_juodzbalis25,GS-164055,7.397,spec,JADES,broad-line-agn,tentative,stack_supported_tentative_hbeta,juodzbalis25_jades_blagn,"Table 2 (BH/Lbol/lambda_Edd), Table 5 (Mstar)",False,False,False,True,0.0301737616127428,-0.0025082001627724,consistent,30.0,0.6088300468120469,mbh_plus_0p3dex,0.3,0.0,7.93,7.99,-0.0600000000000005,fedd0p3_spin_0_eps0p057_merger_boost_x2,0.3,0.057190958417936644,2.0,4.723037693350516,52849.111866356994,heavy_seed_scale
GS164055_juodzbalis25,GS-164055,7.397,spec,JADES,broad-line-agn,tentative,stack_supported_tentative_hbeta,juodzbalis25_jades_blagn,"Table 2 (BH/Lbol/lambda_Edd), Table 5 (Mstar)",False,False,False,True,0.0301737616127428,-0.0025082001627724,consistent,30.0,0.6088300468120469,mbh_plus_0p3dex,0.3,0.0,7.93,7.99,-0.0600000000000005,fedd0p3_spin_plus1_eps0p423_no_merger_boost,0.3,0.42264973081037416,1.0,7.689204755541057,48888279.71500164,above_heavy_seed_scale
GS164055_juodzbalis25,GS-164055,7.397,spec,JADES,broad-line-agn,tentative,stack_supported_tentative_hbeta,juodzbalis25_jades_blagn,"Table 2 (BH/Lbol/lambda_Edd), Table 5 (Mstar)",False,False,False,True,0.0301737616127428,-0.0025082001627724,consistent,30.0,0.6088300468120469,mbh_plus_0p3dex,0.3,0.0,7.93,7.99,-0.0600000000000005,fedd0p3_spin_plus1_eps0p423_merger_boost_x2,0.3,0.42264973081037416,2.0,7.388174759877076,24444139.857500818,above_heavy_seed_scale
GS164055_juodzbalis25,GS-164055,7.397,spec,JADES,broad-line-agn,tentative,stack_supported_tentative_hbeta,juodzbalis25_jades_blagn,"Table 2 (BH/Lbol/lambda_Edd), Table 5 (Mstar)",False,False,False,True,0.0301737616127428,-0.0025082001627724,consistent,30.0,0.6088300468120469,mbh_plus_0p3dex,0.3,0.0,7.93,7.99,-0.0600000000000005,fedd1_eps0p1_no_merger_boost,1.0,0.1,1.0,2.6417694050525906,438.297915352452,intermediate_seed_scale
GS164055_juodzbalis25,GS-164055,7.397,spec,JADES,broad-line-agn,tentative,stack_supported_tentative_hbeta,juodzbalis25_jades_blagn,"Table 2 (BH/Lbol/lambda_Edd), Table 5 (Mstar)",False,False,False,True,0.0301737616127428,-0.0025082001627724,consistent,30.0,0.6088300468120469,mbh_plus_0p3dex,0.3,0.0,7.93,7.99,-0.0600000000000005,fedd1_eps0p1_merger_boost_x2,1.0,0.1,2.0,2.3407394093886094,219.14895767622596,intermediate_seed_scale
GS164055_juodzbalis25,GS-164055,7.397,spec,JADES,broad-line-agn,tentative,stack_supported_tentative_hbeta,juodzbalis25_jades_blagn,"Table 2 (BH/Lbol/lambda_Edd), Table 5 (Mstar)",False,False,False,True,0.0301737616127428,-0.0025082001627724,consistent,30.0,0.6088300468120469,mbh_plus_0p3dex,0.3,0.0,7.93,7.99,-0.0600000000000005,fedd1_spin_minus1_eps0p038_no_merger_boost,1.0,0.037749551350623745,1.0,-7.047668109028979,8.960492712709641e-08,light_seed_scale
GS164055_juodzbalis25,GS-164055,7.397,spec,JADES,broad-line-agn,tentative,stack_supported_tentative_hbeta,juodzbalis25_jades_blagn,"Table 2 (BH/Lbol/lambda_Edd), Table 5 (Mstar)",False,False,False,True,0.0301737616127428,-0.0025082001627724,consistent,30.0,0.6088300468120469,mbh_plus_0p3dex,0.3,0.0,7.93,7.99,-0.0600000000000005,fedd1_spin_minus1_eps0p038_merger_boost_x2,1.0,0.037749551350623745,2.0,-7.348698104692961,4.48024635635482e-08,light_seed_scale
GS164055_juodzbalis25,GS-164055,7.397,spec,JADES,broad-line-agn,tentative,stack_supported_tentative_hbeta,juodzbalis25_jades_blagn,"Table 2 (BH/Lbol/lambda_Edd), Table 5 (Mstar)",False,False,False,True,0.0301737616127428,-0.0025082001627724,consistent,30.0,0.6088300468120469,mbh_plus_0p3dex,0.3,0.0,7.93,7.99,-0.0600000000000005,fedd1_spin_0_eps0p057_no_merger_boost,1.0,0.057190958417936644,1.0,-1.7564410366183392,0.017521002975710652,light_seed_scale
GS164055_juodzbalis25,GS-164055,7.397,spec,JADES,broad-line-agn,tentative,stack_supported_tentative_hbeta,juodzbalis25_jades_blagn,"Table 2 (BH/Lbol/lambda_Edd), Table 5 (Mstar)",False,False,False,True,0.0301737616127428,-0.0025082001627724,consistent,30.0,0.6088300468120469,mbh_plus_0p3dex,0.3,0.0,7.93,7.99,-0.0600000000000005,fedd1_spin_0_eps0p057_merger_boost_x2,1.0,0.057190958417936644,2.0,-2.0574710322823204,0.008760501487855324,light_seed_scale
GS164055_juodzbalis25,GS-164055,7.397,spec,JADES,broad-line-agn,tentative,stack_supported_tentative_hbeta,juodzbalis25_jades_blagn,"Table 2 (BH/Lbol/lambda_Edd), Table 5 (Mstar)",False,False,False,True,0.0301737616127428,-0.0025082001627724,consistent,30.0,0.6088300468120469,mbh_plus_0p3dex,0.3,0.0,7.93,7.99,-0.0600000000000005,fedd1_spin_plus1_eps0p423_no_merger_boost,1.0,0.42264973081037416,1.0,7.12734918513686,13407542.587921144,above_heavy_seed_scale
GS164055_juodzbalis25,GS-164055,7.397,spec,JADES,broad-line-agn,tentative,stack_supported_tentative_hbeta,juodzbalis25_jades_blagn,"Table 2 (BH/Lbol/lambda_Edd), Table 5 (Mstar)",False,False,False,True,0.0301737616127428,-0.0025082001627724,consistent,30.0,0.6088300468120469,mbh_plus_0p3dex,0.3,0.0,7.93,7.99,-0.0600000000000005,fedd1_spin_plus1_eps0p423_merger_boost_x2,1.0,0.42264973081037416,2.0,6.826319189472879,6703771.293960571,above_heavy_seed_scale
GS164055_juodzbalis25,GS-164055,7.397,spec,JADES,broad-line-agn,tentative,stack_supported_tentative_hbeta,juodzbalis25_jades_blagn,"Table 2 (BH/Lbol/lambda_Edd), Table 5 (Mstar)",False,False,False,True,0.0301737616127428,-0.0025082001627724,consistent,30.0,0.6088300468120469,mbh_plus_0p3dex,0.3,0.0,7.93,7.99,-0.0600000000000005,fedd2_eps0p1_no_merger_boost,2.0,0.1,1.0,-2.6464611898948185,0.0022570376834295373,light_seed_scale
GS164055_juodzbalis25,GS-164055,7.397,spec,JADES,broad-line-agn,tentative,stack_supported_tentative_hbeta,juodzbalis25_jades_blagn,"Table 2 (BH/Lbol/lambda_Edd), Table 5 (Mstar)",False,False,False,True,0.0301737616127428,-0.0025082001627724,consistent,30.0,0.6088300468120469,mbh_plus_0p3dex,0.3,0.0,7.93,7.99,-0.0600000000000005,fedd2_eps0p1_merger_boost_x2,2.0,0.1,2.0,-2.9474911855587997,0.0011285188417147684,light_seed_scale
GS164055_juodzbalis25,GS-164055,7.397,spec,JADES,broad-line-agn,tentative,stack_supported_tentative_hbeta,juodzbalis25_jades_blagn,"Table 2 (BH/Lbol/lambda_Edd), Table 5 (Mstar)",False,False,False,True,0.0301737616127428,-0.0025082001627724,consistent,30.0,0.6088300468120469,mbh_plus_0p3dex,0.3,0.0,7.93,7.99,-0.0600000000000005,fedd2_spin_minus1_eps0p038_no_merger_boost,2.0,0.037749551350623745,1.0,-22.02533621805796,9.433302948614294e-23,light_seed_scale
GS164055_juodzbalis25,GS-164055,7.397,spec,JADES,broad-line-agn,tentative,stack_supported_tentative_hbeta,juodzbalis25_jades_blagn,"Table 2 (BH/Lbol/lambda_Edd), Table 5 (Mstar)",False,False,False,True,0.0301737616127428,-0.0025082001627724,consistent,30.0,0.6088300468120469,mbh_plus_0p3dex,0.3,0.0,7.93,7.99,-0.0600000000000005,fedd2_spin_minus1_eps0p038_merger_boost_x2,2.0,0.037749551350623745,2.0,-22.32636621372194,4.7166514743071465e-23,light_seed_scale
GS164055_juodzbalis25,GS-164055,7.397,spec,JADES,broad-line-agn,tentative,stack_supported_tentative_hbeta,juodzbalis25_jades_blagn,"Table 2 (BH/Lbol/lambda_Edd), Table 5 (Mstar)",False,False,False,True,0.0301737616127428,-0.0025082001627724,consistent,30.0,0.6088300468120469,mbh_plus_0p3dex,0.3,0.0,7.93,7.99,-0.0600000000000005,fedd2_spin_0_eps0p057_no_merger_boost,2.0,0.057190958417936644,1.0,-11.442882073236678,3.6067656654521328e-12,light_seed_scale
GS164055_juodzbalis25,GS-164055,7.397,spec,JADES,broad-line-agn,tentative,stack_supported_tentative_hbeta,juodzbalis25_jades_blagn,"Table 2 (BH/Lbol/lambda_Edd), Table 5 (Mstar)",False,False,False,True,0.0301737616127428,-0.0025082001627724,consistent,30.0,0.6088300468120469,mbh_plus_0p3dex,0.3,0.0,7.93,7.99,-0.0600000000000005,fedd2_spin_0_eps0p057_merger_boost_x2,2.0,0.057190958417936644,2.0,-11.74391206890066,1.8033828327260662e-12,light_seed_scale
GS164055_juodzbalis25,GS-164055,7.397,spec,JADES,broad-line-agn,tentative,stack_supported_tentative_hbeta,juodzbalis25_jades_blagn,"Table 2 (BH/Lbol/lambda_Edd), Table 5 (Mstar)",False,False,False,True,0.0301737616127428,-0.0025082001627724,consistent,30.0,0.6088300468120469,mbh_plus_0p3dex,0.3,0.0,7.93,7.99,-0.0600000000000005,fedd2_spin_plus1_eps0p423_no_merger_boost,2.0,0.42264973081037416,1.0,6.32469837027372,2112021.6719086007,above_heavy_seed_scale
GS164055_juodzbalis25,GS-164055,7.397,spec,JADES,broad-line-agn,tentative,stack_supported_tentative_hbeta,juodzbalis25_jades_blagn,"Table 2 (BH/Lbol/lambda_Edd), Table 5 (Mstar)",False,False,False,True,0.0301737616127428,-0.0025082001627724,consistent,30.0,0.6088300468120469,mbh_plus_0p3dex,0.3,0.0,7.93,7.99,-0.0600000000000005,fedd2_spin_plus1_eps0p423_merger_boost_x2,2.0,0.42264973081037416,2.0,6.023668374609739,1056010.8359543004,above_heavy_seed_scale
GS164055_juodzbalis25,GS-164055,7.397,spec,JADES,broad-line-agn,tentative,stack_supported_tentative_hbeta,juodzbalis25_jades_blagn,"Table 2 (BH/Lbol/lambda_Edd), Table 5 (Mstar)",False,False,False,True,0.0301737616127428,-0.0025082001627724,consistent,30.0,0.6088300468120469,mstar_agn_20pct,0.0,0.2,7.63,7.893089986991944,-0.2630899869919441,fedd0p3_eps0p1_no_merger_boost,0.3,0.1,1.0,6.043530821515778,1105428.9179639083,above_heavy_seed_scale
GS164055_juodzbalis25,GS-164055,7.397,spec,JADES,broad-line-agn,tentative,stack_supported_tentative_hbeta,juodzbalis25_jades_blagn,"Table 2 (BH/Lbol/lambda_Edd), Table 5 (Mstar)",False,False,False,True,0.0301737616127428,-0.0025082001627724,consistent,30.0,0.6088300468120469,mstar_agn_20pct,0.0,0.2,7.63,7.893089986991944,-0.2630899869919441,fedd0p3_eps0p1_merger_boost_x2,0.3,0.1,2.0,5.742500825851796,552714.4589819541,heavy_seed_scale
GS164055_juodzbalis25,GS-164055,7.397,spec,JADES,broad-line-agn,tentative,stack_supported_tentative_hbeta,juodzbalis25_jades_blagn,"Table 2 (BH/Lbol/lambda_Edd), Table 5 (Mstar)",False,False,False,True,0.0301737616127428,-0.0025082001627724,consistent,30.0,0.6088300468120469,mstar_agn_20pct,0.0,0.2,7.63,7.893089986991944,-0.2630899869919441,fedd0p3_spin_minus1_eps0p038_no_merger_boost,0.3,0.037749551350623745,1.0,3.1366995672913056,1369.9337566539962,intermediate_seed_scale
GS164055_juodzbalis25,GS-164055,7.397,spec,JADES,broad-line-agn,tentative,stack_supported_tentative_hbeta,juodzbalis25_jades_blagn,"Table 2 (BH/Lbol/lambda_Edd), Table 5 (Mstar)",False,False,False,True,0.0301737616127428,-0.0025082001627724,consistent,30.0,0.6088300468120469,mstar_agn_20pct,0.0,0.2,7.63,7.893089986991944,-0.2630899869919441,fedd0p3_spin_minus1_eps0p038_merger_boost_x2,0.3,0.037749551350623745,2.0,2.8356695716273244,684.966878326998,intermediate_seed_scale
GS164055_juodzbalis25,GS-164055,7.397,spec,JADES,broad-line-agn,tentative,stack_supported_tentative_hbeta,juodzbalis25_jades_blagn,"Table 2 (BH/Lbol/lambda_Edd), Table 5 (Mstar)",False,False,False,True,0.0301737616127428,-0.0025082001627724,consistent,30.0,0.6088300468120469,mstar_agn_20pct,0.0,0.2,7.63,7.893089986991944,-0.2630899869919441,fedd0p3_spin_0_eps0p057_no_merger_boost,0.3,0.057190958417936644,1.0,4.724067689014499,52974.600351915564,heavy_seed_scale
GS164055_juodzbalis25,GS-164055,7.397,spec,JADES,broad-line-agn,tentative,stack_supported_tentative_hbeta,juodzbalis25_jades_blagn,"Table 2 (BH/Lbol/lambda_Edd), Table 5 (Mstar)",False,False,False,True,0.0301737616127428,-0.0025082001627724,consistent,30.0,0.6088300468120469,mstar_agn_20pct,0.0,0.2,7.63,7.893089986991944,-0.2630899869919441,fedd0p3_spin_0_eps0p057_merger_boost_x2,0.3,0.057190958417936644,2.0,4.423037693350517,26487.30017595778,heavy_seed_scale
GS164055_juodzbalis25,GS-164055,7.397,spec,JADES,broad-line-agn,tentative,stack_supported_tentative_hbeta,juodzbalis25_jades_blagn,"Table 2 (BH/Lbol/lambda_Edd), Table 5 (Mstar)",False,False,False,True,0.0301737616127428,-0.0025082001627724,consistent,30.0,0.6088300468120469,mstar_agn_20pct,0.0,0.2,7.63,7.893089986991944,-0.2630899869919441,fedd0p3_spin_plus1_eps0p423_no_merger_boost,0.3,0.42264973081037416,1.0,7.389204755541058,24502181.667157974,above_heavy_seed_scale
GS164055_juodzbalis25,GS-164055,7.397,spec,JADES,broad-line-agn,tentative,stack_supported_tentative_hbeta,juodzbalis25_jades_blagn,"Table 2 (BH/Lbol/lambda_Edd), Table 5 (Mstar)",False,False,False,True,0.0301737616127428,-0.0025082001627724,consistent,30.0,0.6088300468120469,mstar_agn_20pct,0.0,0.2,7.63,7.893089986991944,-0.2630899869919441,fedd0p3_spin_plus1_eps0p423_merger_boost_x2,0.3,0.42264973081037416,2.0,7.088174759877076,12251090.833578985,above_heavy_seed_scale
GS164055_juodzbalis25,GS-164055,7.397,spec,JADES,broad-line-agn,tentative,stack_supported_tentative_hbeta,juodzbalis25_jades_blagn,"Table 2 (BH/Lbol/lambda_Edd), Table 5 (Mstar)",False,False,False,True,0.0301737616127428,-0.0025082001627724,consistent,30.0,0.6088300468120469,mstar_agn_20pct,0.0,0.2,7.63,7.893089986991944,-0.2630899869919441,fedd1_eps0p1_no_merger_boost,1.0,0.1,1.0,2.341769405052591,219.66931970009585,intermediate_seed_scale
GS164055_juodzbalis25,GS-164055,7.397,spec,JADES,broad-line-agn,tentative,stack_supported_tentative_hbeta,juodzbalis25_jades_blagn,"Table 2 (BH/Lbol/lambda_Edd), Table 5 (Mstar)",False,False,False,True,0.0301737616127428,-0.0025082001627724,consistent,30.0,0.6088300468120469,mstar_agn_20pct,0.0,0.2,7.63,7.893089986991944,-0.2630899869919441,fedd1_eps0p1_merger_boost_x2,1.0,0.1,2.0,2.0407394093886095,109.8346598500479,intermediate_seed_scale
GS164055_juodzbalis25,GS-164055,7.397,spec,JADES,broad-line-agn,tentative,stack_supported_tentative_hbeta,juodzbalis25_jades_blagn,"Table 2 (BH/Lbol/lambda_Edd), Table 5 (Mstar)",False,False,False,True,0.0301737616127428,-0.0025082001627724,consistent,30.0,0.6088300468120469,mstar_agn_20pct,0.0,0.2,7.63,7.893089986991944,-0.2630899869919441,fedd1_spin_minus1_eps0p038_no_merger_boost,1.0,0.037749551350623745,1.0,-7.347668109028979,4.490884554620279e-08,light_seed_scale
GS164055_juodzbalis25,GS-164055,7.397,spec,JADES,broad-line-agn,tentative,stack_supported_tentative_hbeta,juodzbalis25_jades_blagn,"Table 2 (BH/Lbol/lambda_Edd), Table 5 (Mstar)",False,False,False,True,0.0301737616127428,-0.0025082001627724,consistent,30.0,0.6088300468120469,mstar_agn_20pct,0.0,0.2,7.63,7.893089986991944,-0.2630899869919441,fedd1_spin_minus1_eps0p038_merger_boost_x2,1.0,0.037749551350623745,2.0,-7.6486981046929605,2.2454422773101393e-08,light_seed_scale
GS164055_juodzbalis25,GS-164055,7.397,spec,JADES,broad-line-agn,tentative,stack_supported_tentative_hbeta,juodzbalis25_jades_blagn,"Table 2 (BH/Lbol/lambda_Edd), Table 5 (Mstar)",False,False,False,True,0.0301737616127428,-0.0025082001627724,consistent,30.0,0.6088300468120469,mstar_agn_20pct,0.0,0.2,7.63,7.893089986991944,-0.2630899869919441,fedd1_spin_0_eps0p057_no_merger_boost,1.0,0.057190958417936644,1.0,-2.056441036618339,0.008781303011771631,light_seed_scale
GS164055_juodzbalis25,GS-164055,7.397,spec,JADES,broad-line-agn,tentative,stack_supported_tentative_hbeta,juodzbalis25_jades_blagn,"Table 2 (BH/Lbol/lambda_Edd), Table 5 (Mstar)",False,False,False,True,0.0301737616127428,-0.0025082001627724,consistent,30.0,0.6088300468120469,mstar_agn_20pct,0.0,0.2,7.63,7.893089986991944,-0.2630899869919441,fedd1_spin_0_eps0p057_merger_boost_x2,1.0,0.057190958417936644,2.0,-2.3574710322823202,0.004390651505885815,light_seed_scale
GS164055_juodzbalis25,GS-164055,7.397,spec,JADES,broad-line-agn,tentative,stack_supported_tentative_hbeta,juodzbalis25_jades_blagn,"Table 2 (BH/Lbol/lambda_Edd), Table 5 (Mstar)",False,False,False,True,0.0301737616127428,-0.0025082001627724,consistent,30.0,0.6088300468120469,mstar_agn_20pct,0.0,0.2,7.63,7.893089986991944,-0.2630899869919441,fedd1_spin_plus1_eps0p423_no_merger_boost,1.0,0.42264973081037416,1.0,6.82734918513686,6719689.179380041,above_heavy_seed_scale
GS164055_juodzbalis25,GS-164055,7.397,spec,JADES,broad-line-agn,tentative,stack_supported_tentative_hbeta,juodzbalis25_jades_blagn,"Table 2 (BH/Lbol/lambda_Edd), Table 5 (Mstar)",False,False,False,True,0.0301737616127428,-0.0025082001627724,consistent,30.0,0.6088300468120469,mstar_agn_20pct,0.0,0.2,7.63,7.893089986991944,-0.2630899869919441,fedd1_spin_plus1_eps0p423_merger_boost_x2,1.0,0.42264973081037416,2.0,6.526319189472879,3359844.58969002,above_heavy_seed_scale
GS164055_juodzbalis25,GS-164055,7.397,spec,JADES,broad-line-agn,tentative,stack_supported_tentative_hbeta,juodzbalis25_jades_blagn,"Table 2 (BH/Lbol/lambda_Edd), Table 5 (Mstar)",False,False,False,True,0.0301737616127428,-0.0025082001627724,consistent,30.0,0.6088300468120469,mstar_agn_20pct,0.0,0.2,7.63,7.893089986991944,-0.2630899869919441,fedd2_eps0p1_no_merger_boost,2.0,0.1,1.0,-2.9464611898948183,0.0011311984727505574,light_seed_scale
GS164055_juodzbalis25,GS-164055,7.397,spec,JADES,broad-line-agn,tentative,stack_supported_tentative_hbeta,juodzbalis25_jades_blagn,"Table 2 (BH/Lbol/lambda_Edd), Table 5 (Mstar)",False,False,False,True,0.0301737616127428,-0.0025082001627724,consistent,30.0,0.6088300468120469,mstar_agn_20pct,0.0,0.2,7.63,7.893089986991944,-0.2630899869919441,fedd2_eps0p1_merger_boost_x2,2.0,0.1,2.0,-3.2474911855587996,0.0005655992363752786,light_seed_scale
GS164055_juodzbalis25,GS-164055,7.397,spec,JADES,broad-line-agn,tentative,stack_supported_tentative_hbeta,juodzbalis25_jades_blagn,"Table 2 (BH/Lbol/lambda_Edd), Table 5 (Mstar)",False,False,False,True,0.0301737616127428,-0.0025082001627724,consistent,30.0,0.6088300468120469,mstar_agn_20pct,0.0,0.2,7.63,7.893089986991944,-0.2630899869919441,fedd2_spin_minus1_eps0p038_no_merger_boost,2.0,0.037749551350623745,1.0,-22.32533621805796,4.727851008783981e-23,light_seed_scale
GS164055_juodzbalis25,GS-164055,7.397,spec,JADES,broad-line-agn,tentative,stack_supported_tentative_hbeta,juodzbalis25_jades_blagn,"Table 2 (BH/Lbol/lambda_Edd), Table 5 (Mstar)",False,False,False,True,0.0301737616127428,-0.0025082001627724,consistent,30.0,0.6088300468120469,mstar_agn_20pct,0.0,0.2,7.63,7.893089986991944,-0.2630899869919441,fedd2_spin_minus1_eps0p038_merger_boost_x2,2.0,0.037749551350623745,2.0,-22.62636621372194,2.36392550439199e-23,light_seed_scale
GS164055_juodzbalis25,GS-164055,7.397,spec,JADES,broad-line-agn,tentative,stack_supported_tentative_hbeta,juodzbalis25_jades_blagn,"Table 2 (BH/Lbol/lambda_Edd), Table 5 (Mstar)",False,False,False,True,0.0301737616127428,-0.0025082001627724,consistent,30.0,0.6088300468120469,mstar_agn_20pct,0.0,0.2,7.63,7.893089986991944,-0.2630899869919441,fedd2_spin_0_eps0p057_no_merger_boost,2.0,0.057190958417936644,1.0,-11.742882073236679,1.8076649062097794e-12,light_seed_scale
GS164055_juodzbalis25,GS-164055,7.397,spec,JADES,broad-line-agn,tentative,stack_supported_tentative_hbeta,juodzbalis25_jades_blagn,"Table 2 (BH/Lbol/lambda_Edd), Table 5 (Mstar)",False,False,False,True,0.0301737616127428,-0.0025082001627724,consistent,30.0,0.6088300468120469,mstar_agn_20pct,0.0,0.2,7.63,7.893089986991944,-0.2630899869919441,fedd2_spin_0_eps0p057_merger_boost_x2,2.0,0.057190958417936644,2.0,-12.04391206890066,9.038324531048896e-13,light_seed_scale
GS164055_juodzbalis25,GS-164055,7.397,spec,JADES,broad-line-agn,tentative,stack_supported_tentative_hbeta,juodzbalis25_jades_blagn,"Table 2 (BH/Lbol/lambda_Edd), Table 5 (Mstar)",False,False,False,True,0.0301737616127428,-0.0025082001627724,consistent,30.0,0.6088300468120469,mstar_agn_20pct,0.0,0.2,7.63,7.893089986991944,-0.2630899869919441,fedd2_spin_plus1_eps0p423_no_merger_boost,2.0,0.42264973081037416,1.0,6.02469837027372,1058518.2991047185,above_heavy_seed_scale
GS164055_juodzbalis25,GS-164055,7.397,spec,JADES,broad-line-agn,tentative,stack_supported_tentative_hbeta,juodzbalis25_jades_blagn,"Table 2 (BH/Lbol/lambda_Edd), Table 5 (Mstar)",False,False,False,True,0.0301737616127428,-0.0025082001627724,consistent,30.0,0.6088300468120469,mstar_agn_20pct,0.0,0.2,7.63,7.893089986991944,-0.2630899869919441,fedd2_spin_plus1_eps0p423_merger_boost_x2,2.0,0.42264973081037416,2.0,5.723668374609739,529259.1495523592,heavy_seed_scale
GN4685_juodzbalis25,GN-4685,7.415,spec,JADES,broad-line-agn,tentative,stack_supported_tentative_hbeta,juodzbalis25_jades_blagn,"Table 2 (BH/Lbol/lambda_Edd), Table 5 (Mstar)",False,False,False,True,0.04673362344092,-0.016416941107096,consistent,30.0,0.6065597509719964,baseline,0.0,0.0,7.36,9.91,-2.55,fedd0p3_eps0p1_no_merger_boost,0.3,0.1,1.0,5.779446683249509,601792.3785076987,heavy_seed_scale
GN4685_juodzbalis25,GN-4685,7.415,spec,JADES,broad-line-agn,tentative,stack_supported_tentative_hbeta,juodzbalis25_jades_blagn,"Table 2 (BH/Lbol/lambda_Edd), Table 5 (Mstar)",False,False,False,True,0.04673362344092,-0.016416941107096,consistent,30.0,0.6065597509719964,baseline,0.0,0.0,7.36,9.91,-2.55,fedd0p3_eps0p1_merger_boost_x2,0.3,0.1,2.0,5.478416687585527,300896.18925384927,heavy_seed_scale
GN4685_juodzbalis25,GN-4685,7.415,spec,JADES,broad-line-agn,tentative,stack_supported_tentative_hbeta,juodzbalis25_jades_blagn,"Table 2 (BH/Lbol/lambda_Edd), Table 5 (Mstar)",False,False,False,True,0.04673362344092,-0.016416941107096,consistent,30.0,0.6065597509719964,baseline,0.0,0.0,7.36,9.91,-2.55,fedd0p3_spin_minus1_eps0p038_no_merger_boost,0.3,0.037749551350623745,1.0,2.8834548528326334,764.6361964025293,intermediate_seed_scale
GN4685_juodzbalis25,GN-4685,7.415,spec,JADES,broad-line-agn,tentative,stack_supported_tentative_hbeta,juodzbalis25_jades_blagn,"Table 2 (BH/Lbol/lambda_Edd), Table 5 (Mstar)",False,False,False,True,0.04673362344092,-0.016416941107096,consistent,30.0,0.6065597509719964,baseline,0.0,0.0,7.36,9.91,-2.55,fedd0p3_spin_minus1_eps0p038_merger_boost_x2,0.3,0.037749551350623745,2.0,2.582424857168652,382.3180982012646,intermediate_seed_scale
GN4685_juodzbalis25,GN-4685,7.415,spec,JADES,broad-line-agn,tentative,stack_supported_tentative_hbeta,juodzbalis25_jades_blagn,"Table 2 (BH/Lbol/lambda_Edd), Table 5 (Mstar)",False,False,False,True,0.04673362344092,-0.016416941107096,consistent,30.0,0.6065597509719964,baseline,0.0,0.0,7.36,9.91,-2.55,fedd0p3_spin_0_eps0p057_no_merger_boost,0.3,0.057190958417936644,1.0,4.4649037607091255,29167.805862621986,heavy_seed_scale
GN4685_juodzbalis25,GN-4685,7.415,spec,JADES,broad-line-agn,tentative,stack_supported_tentative_hbeta,juodzbalis25_jades_blagn,"Table 2 (BH/Lbol/lambda_Edd), Table 5 (Mstar)",False,False,False,True,0.04673362344092,-0.016416941107096,consistent,30.0,0.6065597509719964,baseline,0.0,0.0,7.36,9.91,-2.55,fedd0p3_spin_0_eps0p057_merger_boost_x2,0.3,0.057190958417936644,2.0,4.163873765045144,14583.902931310991,heavy_seed_scale
GN4685_juodzbalis25,GN-4685,7.415,spec,JADES,broad-line-agn,tentative,stack_supported_tentative_hbeta,juodzbalis25_jades_blagn,"Table 2 (BH/Lbol/lambda_Edd), Table 5 (Mstar)",False,False,False,True,0.04673362344092,-0.016416941107096,consistent,30.0,0.6065597509719964,baseline,0.0,0.0,7.36,9.91,-2.55,fedd0p3_spin_plus1_eps0p423_no_merger_boost,0.3,0.42264973081037416,1.0,7.120102668587009,13185684.154516611,above_heavy_seed_scale
GN4685_juodzbalis25,GN-4685,7.415,spec,JADES,broad-line-agn,tentative,stack_supported_tentative_hbeta,juodzbalis25_jades_blagn,"Table 2 (BH/Lbol/lambda_Edd), Table 5 (Mstar)",False,False,False,True,0.04673362344092,-0.016416941107096,consistent,30.0,0.6065597509719964,baseline,0.0,0.0,7.36,9.91,-2.55,fedd0p3_spin_plus1_eps0p423_merger_boost_x2,0.3,0.42264973081037416,2.0,6.819072672923028,6592842.077258305,above_heavy_seed_scale
GN4685_juodzbalis25,GN-4685,7.415,spec,JADES,broad-line-agn,tentative,stack_supported_tentative_hbeta,juodzbalis25_jades_blagn,"Table 2 (BH/Lbol/lambda_Edd), Table 5 (Mstar)",False,False,False,True,0.04673362344092,-0.016416941107096,consistent,30.0,0.6065597509719964,baseline,0.0,0.0,7.36,9.91,-2.55,fedd1_eps0p1_no_merger_boost,1.0,0.1,1.0,2.091488944165028,123.44938882587766,intermediate_seed_scale
GN4685_juodzbalis25,GN-4685,7.415,spec,JADES,broad-line-agn,tentative,stack_supported_tentative_hbeta,juodzbalis25_jades_blagn,"Table 2 (BH/Lbol/lambda_Edd), Table 5 (Mstar)",False,False,False,True,0.04673362344092,-0.016416941107096,consistent,30.0,0.6065597509719964,baseline,0.0,0.0,7.36,9.91,-2.55,fedd1_eps0p1_merger_boost_x2,1.0,0.1,2.0,1.7904589485010467,61.72469441293882,light_seed_scale
GN4685_juodzbalis25,GN-4685,7.415,spec,JADES,broad-line-agn,tentative,stack_supported_tentative_hbeta,juodzbalis25_jades_blagn,"Table 2 (BH/Lbol/lambda_Edd), Table 5 (Mstar)",False,False,False,True,0.04673362344092,-0.016416941107096,consistent,30.0,0.6065597509719964,baseline,0.0,0.0,7.36,9.91,-2.55,fedd1_spin_minus1_eps0p038_no_merger_boost,1.0,0.037749551350623745,1.0,-7.561817157224556,2.7427286479527195e-08,light_seed_scale
GN4685_juodzbalis25,GN-4685,7.415,spec,JADES,broad-line-agn,tentative,stack_supported_tentative_hbeta,juodzbalis25_jades_blagn,"Table 2 (BH/Lbol/lambda_Edd), Table 5 (Mstar)",False,False,False,True,0.04673362344092,-0.016416941107096,consistent,30.0,0.6065597509719964,baseline,0.0,0.0,7.36,9.91,-2.55,fedd1_spin_minus1_eps0p038_merger_boost_x2,1.0,0.037749551350623745,2.0,-7.862847152888537,1.3713643239763596e-08,light_seed_scale
GN4685_juodzbalis25,GN-4685,7.415,spec,JADES,broad-line-agn,tentative,stack_supported_tentative_hbeta,juodzbalis25_jades_blagn,"Table 2 (BH/Lbol/lambda_Edd), Table 5 (Mstar)",False,False,False,True,0.04673362344092,-0.016416941107096,consistent,30.0,0.6065597509719964,baseline,0.0,0.0,7.36,9.91,-2.55,fedd1_spin_0_eps0p057_no_merger_boost,1.0,0.057190958417936644,1.0,-2.290320797636249,0.005124826917047074,light_seed_scale
GN4685_juodzbalis25,GN-4685,7.415,spec,JADES,broad-line-agn,tentative,stack_supported_tentative_hbeta,juodzbalis25_jades_blagn,"Table 2 (BH/Lbol/lambda_Edd), Table 5 (Mstar)",False,False,False,True,0.04673362344092,-0.016416941107096,consistent,30.0,0.6065597509719964,baseline,0.0,0.0,7.36,9.91,-2.55,fedd1_spin_0_eps0p057_merger_boost_x2,1.0,0.057190958417936644,2.0,-2.59135079330023,0.002562413458523537,light_seed_scale
GN4685_juodzbalis25,GN-4685,7.415,spec,JADES,broad-line-agn,tentative,stack_supported_tentative_hbeta,juodzbalis25_jades_blagn,"Table 2 (BH/Lbol/lambda_Edd), Table 5 (Mstar)",False,False,False,True,0.04673362344092,-0.016416941107096,consistent,30.0,0.6065597509719964,baseline,0.0,0.0,7.36,9.91,-2.55,fedd1_spin_plus1_eps0p423_no_merger_boost,1.0,0.42264973081037416,1.0,6.5603422286233615,3633642.7685741656,above_heavy_seed_scale
GN4685_juodzbalis25,GN-4685,7.415,spec,JADES,broad-line-agn,tentative,stack_supported_tentative_hbeta,juodzbalis25_jades_blagn,"Table 2 (BH/Lbol/lambda_Edd), Table 5 (Mstar)",False,False,False,True,0.04673362344092,-0.016416941107096,consistent,30.0,0.6065597509719964,baseline,0.0,0.0,7.36,9.91,-2.55,fedd1_spin_plus1_eps0p423_merger_boost_x2,1.0,0.42264973081037416,2.0,6.25931223295938,1816821.3842870826,above_heavy_seed_scale
GN4685_juodzbalis25,GN-4685,7.415,spec,JADES,broad-line-agn,tentative,stack_supported_tentative_hbeta,juodzbalis25_jades_blagn,"Table 2 (BH/Lbol/lambda_Edd), Table 5 (Mstar)",False,False,False,True,0.04673362344092,-0.016416941107096,consistent,30.0,0.6065597509719964,baseline,0.0,0.0,7.36,9.91,-2.55,fedd2_eps0p1_no_merger_boost,2.0,0.1,1.0,-3.1770221116699444,0.000665239285345463,light_seed_scale
GN4685_juodzbalis25,GN-4685,7.415,spec,JADES,broad-line-agn,tentative,stack_supported_tentative_hbeta,juodzbalis25_jades_blagn,"Table 2 (BH/Lbol/lambda_Edd), Table 5 (Mstar)",False,False,False,True,0.04673362344092,-0.016416941107096,consistent,30.0,0.6065597509719964,baseline,0.0,0.0,7.36,9.91,-2.55,fedd2_eps0p1_merger_boost_x2,2.0,0.1,2.0,-3.4780521073339257,0.0003326196426727314,light_seed_scale
GN4685_juodzbalis25,GN-4685,7.415,spec,JADES,broad-line-agn,tentative,stack_supported_tentative_hbeta,juodzbalis25_jades_blagn,"Table 2 (BH/Lbol/lambda_Edd), Table 5 (Mstar)",False,False,False,True,0.04673362344092,-0.016416941107096,consistent,30.0,0.6065597509719964,baseline,0.0,0.0,7.36,9.91,-2.55,fedd2_spin_minus1_eps0p038_no_merger_boost,2.0,0.037749551350623745,1.0,-22.483634314449112,3.283716729428673e-23,light_seed_scale
GN4685_juodzbalis25,GN-4685,7.415,spec,JADES,broad-line-agn,tentative,stack_supported_tentative_hbeta,juodzbalis25_jades_blagn,"Table 2 (BH/Lbol/lambda_Edd), Table 5 (Mstar)",False,False,False,True,0.04673362344092,-0.016416941107096,consistent,30.0,0.6065597509719964,baseline,0.0,0.0,7.36,9.91,-2.55,fedd2_spin_minus1_eps0p038_merger_boost_x2,2.0,0.037749551350623745,2.0,-22.784664310113094,1.6418583647143363e-23,light_seed_scale
GN4685_juodzbalis25,GN-4685,7.415,spec,JADES,broad-line-agn,tentative,stack_supported_tentative_hbeta,juodzbalis25_jades_blagn,"Table 2 (BH/Lbol/lambda_Edd), Table 5 (Mstar)",False,False,False,True,0.04673362344092,-0.016416941107096,consistent,30.0,0.6065597509719964,baseline,0.0,0.0,7.36,9.91,-2.55,fedd2_spin_0_eps0p057_no_merger_boost,2.0,0.057190958417936644,1.0,-11.9406415952725,1.1464586746405353e-12,light_seed_scale
GN4685_juodzbalis25,GN-4685,7.415,spec,JADES,broad-line-agn,tentative,stack_supported_tentative_hbeta,juodzbalis25_jades_blagn,"Table 2 (BH/Lbol/lambda_Edd), Table 5 (Mstar)",False,False,False,True,0.04673362344092,-0.016416941107096,consistent,30.0,0.6065597509719964,baseline,0.0,0.0,7.36,9.91,-2.55,fedd2_spin_0_eps0p057_merger_boost_x2,2.0,0.057190958417936644,2.0,-12.24167159093648,5.732293373202675e-13,light_seed_scale
GN4685_juodzbalis25,GN-4685,7.415,spec,JADES,broad-line-agn,tentative,stack_supported_tentative_hbeta,juodzbalis25_jades_blagn,"Table 2 (BH/Lbol/lambda_Edd), Table 5 (Mstar)",False,False,False,True,0.04673362344092,-0.016416941107096,consistent,30.0,0.6065597509719964,baseline,0.0,0.0,7.36,9.91,-2.55,fedd2_spin_plus1_eps0p423_no_merger_boost,2.0,0.42264973081037416,1.0,5.760684457246723,576347.557819821,heavy_seed_scale
GN4685_juodzbalis25,GN-4685,7.415,spec,JADES,broad-line-agn,tentative,stack_supported_tentative_hbeta,juodzbalis25_jades_blagn,"Table 2 (BH/Lbol/lambda_Edd), Table 5 (Mstar)",False,False,False,True,0.04673362344092,-0.016416941107096,consistent,30.0,0.6065597509719964,baseline,0.0,0.0,7.36,9.91,-2.55,fedd2_spin_plus1_eps0p423_merger_boost_x2,2.0,0.42264973081037416,2.0,5.459654461582741,288173.77890991047,heavy_seed_scale
GN4685_juodzbalis25,GN-4685,7.415,spec,JADES,broad-line-agn,tentative,stack_supported_tentative_hbeta,juodzbalis25_jades_blagn,"Table 2 (BH/Lbol/lambda_Edd), Table 5 (Mstar)",False,False,False,True,0.04673362344092,-0.016416941107096,consistent,30.0,0.6065597509719964,mbh_minus_0p3dex,-0.3,0.0,7.0600000000000005,9.91,-2.8499999999999996,fedd0p3_eps0p1_no_merger_boost,0.3,0.1,1.0,5.479446683249509,301610.65740225,heavy_seed_scale
GN4685_juodzbalis25,GN-4685,7.415,spec,JADES,broad-line-agn,tentative,stack_supported_tentative_hbeta,juodzbalis25_jades_blagn,"Table 2 (BH/Lbol/lambda_Edd), Table 5 (Mstar)",False,False,False,True,0.04673362344092,-0.016416941107096,consistent,30.0,0.6065597509719964,mbh_minus_0p3dex,-0.3,0.0,7.0600000000000005,9.91,-2.8499999999999996,fedd0p3_eps0p1_merger_boost_x2,0.3,0.1,2.0,5.1784166875855275,150805.32870112496,heavy_seed_scale
GN4685_juodzbalis25,GN-4685,7.415,spec,JADES,broad-line-agn,tentative,stack_supported_tentative_hbeta,juodzbalis25_jades_blagn,"Table 2 (BH/Lbol/lambda_Edd), Table 5 (Mstar)",False,False,False,True,0.04673362344092,-0.016416941107096,consistent,30.0,0.6065597509719964,mbh_minus_0p3dex,-0.3,0.0,7.0600000000000005,9.91,-2.8499999999999996,fedd0p3_spin_minus1_eps0p038_no_merger_boost,0.3,0.037749551350623745,1.0,2.5834548528326335,383.2259000062635,intermediate_seed_scale
GN4685_juodzbalis25,GN-4685,7.415,spec,JADES,broad-line-agn,tentative,stack_supported_tentative_hbeta,juodzbalis25_jades_blagn,"Table 2 (BH/Lbol/lambda_Edd), Table 5 (Mstar)",False,False,False,True,0.04673362344092,-0.016416941107096,consistent,30.0,0.6065597509719964,mbh_minus_0p3dex,-0.3,0.0,7.0600000000000005,9.91,-2.8499999999999996,fedd0p3_spin_minus1_eps0p038_merger_boost_x2,0.3,0.037749551350623745,2.0,2.2824248571686523,191.61295000313171,intermediate_seed_scale
GN4685_juodzbalis25,GN-4685,7.415,spec,JADES,broad-line-agn,tentative,stack_supported_tentative_hbeta,juodzbalis25_jades_blagn,"Table 2 (BH/Lbol/lambda_Edd), Table 5 (Mstar)",False,False,False,True,0.04673362344092,-0.016416941107096,consistent,30.0,0.6065597509719964,mbh_minus_0p3dex,-0.3,0.0,7.0600000000000005,9.91,-2.8499999999999996,fedd0p3_spin_0_eps0p057_no_merger_boost,0.3,0.057190958417936644,1.0,4.164903760709127,14618.531931264884,heavy_seed_scale
GN4685_juodzbalis25,GN-4685,7.415,spec,JADES,broad-line-agn,tentative,stack_supported_tentative_hbeta,juodzbalis25_jades_blagn,"Table 2 (BH/Lbol/lambda_Edd), Table 5 (Mstar)",False,False,False,True,0.04673362344092,-0.016416941107096,consistent,30.0,0.6065597509719964,mbh_minus_0p3dex,-0.3,0.0,7.0600000000000005,9.91,-2.8499999999999996,fedd0p3_spin_0_eps0p057_merger_boost_x2,0.3,0.057190958417936644,2.0,3.863873765045145,7309.265965632434,intermediate_seed_scale
GN4685_juodzbalis25,GN-4685,7.415,spec,JADES,broad-line-agn,tentative,stack_supported_tentative_hbeta,juodzbalis25_jades_blagn,"Table 2 (BH/Lbol/lambda_Edd), Table 5 (Mstar)",False,False,False,True,0.04673362344092,-0.016416941107096,consistent,30.0,0.6065597509719964,mbh_minus_0p3dex,-0.3,0.0,7.0600000000000005,9.91,-2.8499999999999996,fedd0p3_spin_plus1_eps0p423_no_merger_boost,0.3,0.42264973081037416,1.0,6.820102668587009,6608496.564885141,above_heavy_seed_scale
GN4685_juodzbalis25,GN-4685,7.415,spec,JADES,broad-line-agn,tentative,stack_supported_tentative_hbeta,juodzbalis25_jades_blagn,"Table 2 (BH/Lbol/lambda_Edd), Table 5 (Mstar)",False,False,False,True,0.04673362344092,-0.016416941107096,consistent,30.0,0.6065597509719964,mbh_minus_0p3dex,-0.3,0.0,7.0600000000000005,9.91,-2.8499999999999996,fedd0p3_spin_plus1_eps0p423_merger_boost_x2,0.3,0.42264973081037416,2.0,6.519072672923028,3304248.28244257,above_heavy_seed_scale
GN4685_juodzbalis25,GN-4685,7.415,spec,JADES,broad-line-agn,tentative,stack_supported_tentative_hbeta,juodzbalis25_jades_blagn,"Table 2 (BH/Lbol/lambda_Edd), Table 5 (Mstar)",False,False,False,True,0.04673362344092,-0.016416941107096,consistent,30.0,0.6065597509719964,mbh_minus_0p3dex,-0.3,0.0,7.0600000000000005,9.91,-2.8499999999999996,fedd1_eps0p1_no_merger_boost,1.0,0.1,1.0,1.7914889441650281,61.871257678619145,light_seed_scale
GN4685_juodzbalis25,GN-4685,7.415,spec,JADES,broad-line-agn,tentative,stack_supported_tentative_hbeta,juodzbalis25_jades_blagn,"Table 2 (BH/Lbol/lambda_Edd), Table 5 (Mstar)",False,False,False,True,0.04673362344092,-0.016416941107096,consistent,30.0,0.6065597509719964,mbh_minus_0p3dex,-0.3,0.0,7.0600000000000005,9.91,-2.8499999999999996,fedd1_eps0p1_merger_boost_x2,1.0,0.1,2.0,1.4904589485010469,30.93562883930957,light_seed_scale
GN4685_juodzbalis25,GN-4685,7.415,spec,JADES,broad-line-agn,tentative,stack_supported_tentative_hbeta,juodzbalis25_jades_blagn,"Table 2 (BH/Lbol/lambda_Edd), Table 5 (Mstar)",False,False,False,True,0.04673362344092,-0.016416941107096,consistent,30.0,0.6065597509719964,mbh_minus_0p3dex,-0.3,0.0,7.0600000000000005,9.91,-2.8499999999999996,fedd1_spin_minus1_eps0p038_no_merger_boost,1.0,0.037749551350623745,1.0,-7.861817157224555,1.374620583657693e-08,light_seed_scale
GN4685_juodzbalis25,GN-4685,7.415,spec,JADES,broad-line-agn,tentative,stack_supported_tentative_hbeta,juodzbalis25_jades_blagn,"Table 2 (BH/Lbol/lambda_Edd), Table 5 (Mstar)",False,False,False,True,0.04673362344092,-0.016416941107096,consistent,30.0,0.6065597509719964,mbh_minus_0p3dex,-0.3,0.0,7.0600000000000005,9.91,-2.8499999999999996,fedd1_spin_minus1_eps0p038_merger_boost_x2,1.0,0.037749551350623745,2.0,-8.162847152888537,6.873102918288464e-09,light_seed_scale
GN4685_juodzbalis25,GN-4685,7.415,spec,JADES,broad-line-agn,tentative,stack_supported_tentative_hbeta,juodzbalis25_jades_blagn,"Table 2 (BH/Lbol/lambda_Edd), Table 5 (Mstar)",False,False,False,True,0.04673362344092,-0.016416941107096,consistent,30.0,0.6065597509719964,mbh_minus_0p3dex,-0.3,0.0,7.0600000000000005,9.91,-2.8499999999999996,fedd1_spin_0_eps0p057_no_merger_boost,1.0,0.057190958417936644,1.0,-2.590320797636249,0.0025684978253734067,light_seed_scale
GN4685_juodzbalis25,GN-4685,7.415,spec,JADES,broad-line-agn,tentative,stack_supported_tentative_hbeta,juodzbalis25_jades_blagn,"Table 2 (BH/Lbol/lambda_Edd), Table 5 (Mstar)",False,False,False,True,0.04673362344092,-0.016416941107096,consistent,30.0,0.6065597509719964,mbh_minus_0p3dex,-0.3,0.0,7.0600000000000005,9.91,-2.8499999999999996,fedd1_spin_0_eps0p057_merger_boost_x2,1.0,0.057190958417936644,2.0,-2.89135079330023,0.0012842489126867033,light_seed_scale
GN4685_juodzbalis25,GN-4685,7.415,spec,JADES,broad-line-agn,tentative,stack_supported_tentative_hbeta,juodzbalis25_jades_blagn,"Table 2 (BH/Lbol/lambda_Edd), Table 5 (Mstar)",False,False,False,True,0.04673362344092,-0.016416941107096,consistent,30.0,0.6065597509719964,mbh_minus_0p3dex,-0.3,0.0,7.0600000000000005,9.91,-2.8499999999999996,fedd1_spin_plus1_eps0p423_no_merger_boost,1.0,0.42264973081037416,1.0,6.260342228623362,1821135.3671714296,above_heavy_seed_scale
GN4685_juodzbalis25,GN-4685,7.415,spec,JADES,broad-line-agn,tentative,stack_supported_tentative_hbeta,juodzbalis25_jades_blagn,"Table 2 (BH/Lbol/lambda_Edd), Table 5 (Mstar)",False,False,False,True,0.04673362344092,-0.016416941107096,consistent,30.0,0.6065597509719964,mbh_minus_0p3dex,-0.3,0.0,7.0600000000000005,9.91,-2.8499999999999996,fedd1_spin_plus1_eps0p423_merger_boost_x2,1.0,0.42264973081037416,2.0,5.95931223295938,910567.6835857147,heavy_seed_scale
GN4685_juodzbalis25,GN-4685,7.415,spec,JADES,broad-line-agn,tentative,stack_supported_tentative_hbeta,juodzbalis25_jades_blagn,"Table 2 (BH/Lbol/lambda_Edd), Table 5 (Mstar)",False,False,False,True,0.04673362344092,-0.016416941107096,consistent,30.0,0.6065597509719964,mbh_minus_0p3dex,-0.3,0.0,7.0600000000000005,9.91,-2.8499999999999996,fedd2_eps0p1_no_merger_boost,2.0,0.1,1.0,-3.4770221116699442,0.00033340943712247635,light_seed_scale
GN4685_juodzbalis25,GN-4685,7.415,spec,JADES,broad-line-agn,tentative,stack_supported_tentative_hbeta,juodzbalis25_jades_blagn,"Table 2 (BH/Lbol/lambda_Edd), Table 5 (Mstar)",False,False,False,True,0.04673362344092,-0.016416941107096,consistent,30.0,0.6065597509719964,mbh_minus_0p3dex,-0.3,0.0,7.0600000000000005,9.91,-2.8499999999999996,fedd2_eps0p1_merger_boost_x2,2.0,0.1,2.0,-3.7780521073339255,0.00016670471856123815,light_seed_scale
GN4685_juodzbalis25,GN-4685,7.415,spec,JADES,broad-line-agn,tentative,stack_supported_tentative_hbeta,juodzbalis25_jades_blagn,"Table 2 (BH/Lbol/lambda_Edd), Table 5 (Mstar)",False,False,False,True,0.04673362344092,-0.016416941107096,consistent,30.0,0.6065597509719964,mbh_minus_0p3dex,-0.3,0.0,7.0600000000000005,9.91,-2.8499999999999996,fedd2_spin_minus1_eps0p038_no_merger_boost,2.0,0.037749551350623745,1.0,-22.78363431444911,1.6457569036379616e-23,light_seed_scale
GN4685_juodzbalis25,GN-4685,7.415,spec,JADES,broad-line-agn,tentative,stack_supported_tentative_hbeta,juodzbalis25_jades_blagn,"Table 2 (BH/Lbol/lambda_Edd), Table 5 (Mstar)",False,False,False,True,0.04673362344092,-0.016416941107096,consistent,30.0,0.6065597509719964,mbh_minus_0p3dex,-0.3,0.0,7.0600000000000005,9.91,-2.8499999999999996,fedd2_spin_minus1_eps0p038_merger_boost_x2,2.0,0.037749551350623745,2.0,-23.08466431011309,8.228784518189806e-24,light_seed_scale
GN4685_juodzbalis25,GN-4685,7.415,spec,JADES,broad-line-agn,tentative,stack_supported_tentative_hbeta,juodzbalis25_jades_blagn,"Table 2 (BH/Lbol/lambda_Edd), Table 5 (Mstar)",False,False,False,True,0.04673362344092,-0.016416941107096,consistent,30.0,0.6065597509719964,mbh_minus_0p3dex,-0.3,0.0,7.0600000000000005,9.91,-2.8499999999999996,fedd2_spin_0_eps0p057_no_merger_boost,2.0,0.057190958417936644,1.0,-12.240641595272498,5.745904516110803e-13,light_seed_scale
GN4685_juodzbalis25,GN-4685,7.415,spec,JADES,broad-line-agn,tentative,stack_supported_tentative_hbeta,juodzbalis25_jades_blagn,"Table 2 (BH/Lbol/lambda_Edd), Table 5 (Mstar)",False,False,False,True,0.04673362344092,-0.016416941107096,consistent,30.0,0.6065597509719964,mbh_minus_0p3dex,-0.3,0.0,7.0600000000000005,9.91,-2.8499999999999996,fedd2_spin_0_eps0p057_merger_boost_x2,2.0,0.057190958417936644,2.0,-12.54167159093648,2.8729522580554014e-13,light_seed_scale
GN4685_juodzbalis25,GN-4685,7.415,spec,JADES,broad-line-agn,tentative,stack_supported_tentative_hbeta,juodzbalis25_jades_blagn,"Table 2 (BH/Lbol/lambda_Edd), Table 5 (Mstar)",False,False,False,True,0.04673362344092,-0.016416941107096,consistent,30.0,0.6065597509719964,mbh_minus_0p3dex,-0.3,0.0,7.0600000000000005,9.91,-2.8499999999999996,fedd2_spin_plus1_eps0p423_no_merger_boost,2.0,0.42264973081037416,1.0,5.460684457246723,288858.0381115506,heavy_seed_scale
GN4685_juodzbalis25,GN-4685,7.415,spec,JADES,broad-line-agn,tentative,stack_supported_tentative_hbeta,juodzbalis25_jades_blagn,"Table 2 (BH/Lbol/lambda_Edd), Table 5 (Mstar)",False,False,False,True,0.04673362344092,-0.016416941107096,consistent,30.0,0.6065597509719964,mbh_minus_0p3dex,-0.3,0.0,7.0600000000000005,9.91,-2.8499999999999996,fedd2_spin_plus1_eps0p423_merger_boost_x2,2.0,0.42264973081037416,2.0,5.1596544615827415,144429.01905577528,heavy_seed_scale
GN4685_juodzbalis25,GN-4685,7.415,spec,JADES,broad-line-agn,tentative,stack_supported_tentative_hbeta,juodzbalis25_jades_blagn,"Table 2 (BH/Lbol/lambda_Edd), Table 5 (Mstar)",False,False,False,True,0.04673362344092,-0.016416941107096,consistent,30.0,0.6065597509719964,mbh_plus_0p3dex,0.3,0.0,7.66,9.91,-2.25,fedd0p3_eps0p1_no_merger_boost,0.3,0.1,1.0,6.079446683249508,1200733.6542718986,above_heavy_seed_scale
GN4685_juodzbalis25,GN-4685,7.415,spec,JADES,broad-line-agn,tentative,stack_supported_tentative_hbeta,juodzbalis25_jades_blagn,"Table 2 (BH/Lbol/lambda_Edd), Table 5 (Mstar)",False,False,False,True,0.04673362344092,-0.016416941107096,consistent,30.0,0.6065597509719964,mbh_plus_0p3dex,0.3,0.0,7.66,9.91,-2.25,fedd0p3_eps0p1_merger_boost_x2,0.3,0.1,2.0,5.778416687585527,600366.8271359492,heavy_seed_scale
GN4685_juodzbalis25,GN-4685,7.415,spec,JADES,broad-line-agn,tentative,stack_supported_tentative_hbeta,juodzbalis25_jades_blagn,"Table 2 (BH/Lbol/lambda_Edd), Table 5 (Mstar)",False,False,False,True,0.04673362344092,-0.016416941107096,consistent,30.0,0.6065597509719964,mbh_plus_0p3dex,0.3,0.0,7.66,9.91,-2.25,fedd0p3_spin_minus1_eps0p038_no_merger_boost,0.3,0.037749551350623745,1.0,3.183454852832633,1525.649787343109,intermediate_seed_scale
GN4685_juodzbalis25,GN-4685,7.415,spec,JADES,broad-line-agn,tentative,stack_supported_tentative_hbeta,juodzbalis25_jades_blagn,"Table 2 (BH/Lbol/lambda_Edd), Table 5 (Mstar)",False,False,False,True,0.04673362344092,-0.016416941107096,consistent,30.0,0.6065597509719964,mbh_plus_0p3dex,0.3,0.0,7.66,9.91,-2.25,fedd0p3_spin_minus1_eps0p038_merger_boost_x2,0.3,0.037749551350623745,2.0,2.882424857168652,762.8248936715544,intermediate_seed_scale
GN4685_juodzbalis25,GN-4685,7.415,spec,JADES,broad-line-agn,tentative,stack_supported_tentative_hbeta,juodzbalis25_jades_blagn,"Table 2 (BH/Lbol/lambda_Edd), Table 5 (Mstar)",False,False,False,True,0.04673362344092,-0.016416941107096,consistent,30.0,0.6065597509719964,mbh_plus_0p3dex,0.3,0.0,7.66,9.91,-2.25,fedd0p3_spin_0_eps0p057_no_merger_boost,0.3,0.057190958417936644,1.0,4.764903760709126,58197.4238480181,heavy_seed_scale
GN4685_juodzbalis25,GN-4685,7.415,spec,JADES,broad-line-agn,tentative,stack_supported_tentative_hbeta,juodzbalis25_jades_blagn,"Table 2 (BH/Lbol/lambda_Edd), Table 5 (Mstar)",False,False,False,True,0.04673362344092,-0.016416941107096,consistent,30.0,0.6065597509719964,mbh_plus_0p3dex,0.3,0.0,7.66,9.91,-2.25,fedd0p3_spin_0_eps0p057_merger_boost_x2,0.3,0.057190958417936644,2.0,4.463873765045145,29098.711924009047,heavy_seed_scale
GN4685_juodzbalis25,GN-4685,7.415,spec,JADES,broad-line-agn,tentative,stack_supported_tentative_hbeta,juodzbalis25_jades_blagn,"Table 2 (BH/Lbol/lambda_Edd), Table 5 (Mstar)",False,False,False,True,0.04673362344092,-0.016416941107096,consistent,30.0,0.6065597509719964,mbh_plus_0p3dex,0.3,0.0,7.66,9.91,-2.25,fedd0p3_spin_plus1_eps0p423_no_merger_boost,0.3,0.42264973081037416,1.0,7.420102668587009,26308898.690589275,above_heavy_seed_scale
GN4685_juodzbalis25,GN-4685,7.415,spec,JADES,broad-line-agn,tentative,stack_supported_tentative_hbeta,juodzbalis25_jades_blagn,"Table 2 (BH/Lbol/lambda_Edd), Table 5 (Mstar)",False,False,False,True,0.04673362344092,-0.016416941107096,consistent,30.0,0.6065597509719964,mbh_plus_0p3dex,0.3,0.0,7.66,9.91,-2.25,fedd0p3_spin_plus1_eps0p423_merger_boost_x2,0.3,0.42264973081037416,2.0,7.119072672923028,13154449.345294636,above_heavy_seed_scale
GN4685_juodzbalis25,GN-4685,7.415,spec,JADES,broad-line-agn,tentative,stack_supported_tentative_hbeta,juodzbalis25_jades_blagn,"Table 2 (BH/Lbol/lambda_Edd), Table 5 (Mstar)",False,False,False,True,0.04673362344092,-0.016416941107096,consistent,30.0,0.6065597509719964,mbh_plus_0p3dex,0.3,0.0,7.66,9.91,-2.25,fedd1_eps0p1_no_merger_boost,1.0,0.1,1.0,2.3914889441650278,246.3139133302139,intermediate_seed_scale
GN4685_juodzbalis25,GN-4685,7.415,spec,JADES,broad-line-agn,tentative,stack_supported_tentative_hbeta,juodzbalis25_jades_blagn,"Table 2 (BH/Lbol/lambda_Edd), Table 5 (Mstar)",False,False,False,True,0.04673362344092,-0.016416941107096,consistent,30.0,0.6065597509719964,mbh_plus_0p3dex,0.3,0.0,7.66,9.91,-2.25,fedd1_eps0p1_merger_boost_x2,1.0,0.1,2.0,2.0904589485010465,123.15695666510693,intermediate_seed_scale
GN4685_juodzbalis25,GN-4685,7.415,spec,JADES,broad-line-agn,tentative,stack_supported_tentative_hbeta,juodzbalis25_jades_blagn,"Table 2 (BH/Lbol/lambda_Edd), Table 5 (Mstar)",False,False,False,True,0.04673362344092,-0.016416941107096,consistent,30.0,0.6065597509719964,mbh_plus_0p3dex,0.3,0.0,7.66,9.91,-2.25,fedd1_spin_minus1_eps0p038_no_merger_boost,1.0,0.037749551350623745,1.0,-7.261817157224556,5.472463111445606e-08,light_seed_scale
GN4685_juodzbalis25,GN-4685,7.415,spec,JADES,broad-line-agn,tentative,stack_supported_tentative_hbeta,juodzbalis25_jades_blagn,"Table 2 (BH/Lbol/lambda_Edd), Table 5 (Mstar)",False,False,False,True,0.04673362344092,-0.016416941107096,consistent,30.0,0.6065597509719964,mbh_plus_0p3dex,0.3,0.0,7.66,9.91,-2.25,fedd1_spin_minus1_eps0p038_merger_boost_x2,1.0,0.037749551350623745,2.0,-7.562847152888537,2.7362315557228028e-08,light_seed_scale
GN4685_juodzbalis25,GN-4685,7.415,spec,JADES,broad-line-agn,tentative,stack_supported_tentative_hbeta,juodzbalis25_jades_blagn,"Table 2 (BH/Lbol/lambda_Edd), Table 5 (Mstar)",False,False,False,True,0.04673362344092,-0.016416941107096,consistent,30.0,0.6065597509719964,mbh_plus_0p3dex,0.3,0.0,7.66,9.91,-2.25,fedd1_spin_0_eps0p057_no_merger_boost,1.0,0.057190958417936644,1.0,-1.9903207976362491,0.010225374018322169,light_seed_scale
GN4685_juodzbalis25,GN-4685,7.415,spec,JADES,broad-line-agn,tentative,stack_supported_tentative_hbeta,juodzbalis25_jades_blagn,"Table 2 (BH/Lbol/lambda_Edd), Table 5 (Mstar)",False,False,False,True,0.04673362344092,-0.016416941107096,consistent,30.0,0.6065597509719964,mbh_plus_0p3dex,0.3,0.0,7.66,9.91,-2.25,fedd1_spin_0_eps0p057_merger_boost_x2,1.0,0.057190958417936644,2.0,-2.2913507933002304,0.005112687009161084,light_seed_scale
GN4685_juodzbalis25,GN-4685,7.415,spec,JADES,broad-line-agn,tentative,stack_supported_tentative_hbeta,juodzbalis25_jades_blagn,"Table 2 (BH/Lbol/lambda_Edd), Table 5 (Mstar)",False,False,False,True,0.04673362344092,-0.016416941107096,consistent,30.0,0.6065597509719964,mbh_plus_0p3dex,0.3,0.0,7.66,9.91,-2.25,fedd1_spin_plus1_eps0p423_no_merger_boost,1.0,0.42264973081037416,1.0,6.860342228623361,7250070.482195215,above_heavy_seed_scale
GN4685_juodzbalis25,GN-4685,7.415,spec,JADES,broad-line-agn,tentative,stack_supported_tentative_hbeta,juodzbalis25_jades_blagn,"Table 2 (BH/Lbol/lambda_Edd), Table 5 (Mstar)",False,False,False,True,0.04673362344092,-0.016416941107096,consistent,30.0,0.6065597509719964,mbh_plus_0p3dex,0.3,0.0,7.66,9.91,-2.25,fedd1_spin_plus1_eps0p423_merger_boost_x2,1.0,0.42264973081037416,2.0,6.55931223295938,3625035.241097607,above_heavy_seed_scale
GN4685_juodzbalis25,GN-4685,7.415,spec,JADES,broad-line-agn,tentative,stack_supported_tentative_hbeta,juodzbalis25_jades_blagn,"Table 2 (BH/Lbol/lambda_Edd), Table 5 (Mstar)",False,False,False,True,0.04673362344092,-0.016416941107096,consistent,30.0,0.6065597509719964,mbh_plus_0p3dex,0.3,0.0,7.66,9.91,-2.25,fedd2_eps0p1_no_merger_boost,2.0,0.1,1.0,-2.8770221116699446,0.001327326876486631,light_seed_scale
GN4685_juodzbalis25,GN-4685,7.415,spec,JADES,broad-line-agn,tentative,stack_supported_tentative_hbeta,juodzbalis25_jades_blagn,"Table 2 (BH/Lbol/lambda_Edd), Table 5 (Mstar)",False,False,False,True,0.04673362344092,-0.016416941107096,consistent,30.0,0.6065597509719964,mbh_plus_0p3dex,0.3,0.0,7.66,9.91,-2.25,fedd2_eps0p1_merger_boost_x2,2.0,0.1,2.0,-3.178052107333926,0.0006636634382433154,light_seed_scale
GN4685_juodzbalis25,GN-4685,7.415,spec,JADES,broad-line-agn,tentative,stack_supported_tentative_hbeta,juodzbalis25_jades_blagn,"Table 2 (BH/Lbol/lambda_Edd), Table 5 (Mstar)",False,False,False,True,0.04673362344092,-0.016416941107096,consistent,30.0,0.6065597509719964,mbh_plus_0p3dex,0.3,0.0,7.66,9.91,-2.25,fedd2_spin_minus1_eps0p038_no_merger_boost,2.0,0.037749551350623745,1.0,-22.18363431444911,6.551876243261903e-23,light_seed_scale
GN4685_juodzbalis25,GN-4685,7.415,spec,JADES,broad-line-agn,tentative,stack_supported_tentative_hbeta,juodzbalis25_jades_blagn,"Table 2 (BH/Lbol/lambda_Edd), Table 5 (Mstar)",False,False,False,True,0.04673362344092,-0.016416941107096,consistent,30.0,0.6065597509719964,mbh_plus_0p3dex,0.3,0.0,7.66,9.91,-2.25,fedd2_spin_minus1_eps0p038_merger_boost_x2,2.0,0.037749551350623745,2.0,-22.484664310113093,3.275938121630951e-23,light_seed_scale
GN4685_juodzbalis25,GN-4685,7.415,spec,JADES,broad-line-agn,tentative,stack_supported_tentative_hbeta,juodzbalis25_jades_blagn,"Table 2 (BH/Lbol/lambda_Edd), Table 5 (Mstar)",False,False,False,True,0.04673362344092,-0.016416941107096,consistent,30.0,0.6065597509719964,mbh_plus_0p3dex,0.3,0.0,7.66,9.91,-2.25,fedd2_spin_0_eps0p057_no_merger_boost,2.0,0.057190958417936644,1.0,-11.640641595272498,2.287485789179432e-12,light_seed_scale
GN4685_juodzbalis25,GN-4685,7.415,spec,JADES,broad-line-agn,tentative,stack_supported_tentative_hbeta,juodzbalis25_jades_blagn,"Table 2 (BH/Lbol/lambda_Edd), Table 5 (Mstar)",False,False,False,True,0.04673362344092,-0.016416941107096,consistent,30.0,0.6065597509719964,mbh_plus_0p3dex,0.3,0.0,7.66,9.91,-2.25,fedd2_spin_0_eps0p057_merger_boost_x2,2.0,0.057190958417936644,2.0,-11.94167159093648,1.1437428945897157e-12,light_seed_scale
GN4685_juodzbalis25,GN-4685,7.415,spec,JADES,broad-line-agn,tentative,stack_supported_tentative_hbeta,juodzbalis25_jades_blagn,"Table 2 (BH/Lbol/lambda_Edd), Table 5 (Mstar)",False,False,False,True,0.04673362344092,-0.016416941107096,consistent,30.0,0.6065597509719964,mbh_plus_0p3dex,0.3,0.0,7.66,9.91,-2.25,fedd2_spin_plus1_eps0p423_no_merger_boost,2.0,0.42264973081037416,1.0,6.0606844572467224,1149964.5624422359,above_heavy_seed_scale
GN4685_juodzbalis25,GN-4685,7.415,spec,JADES,broad-line-agn,tentative,stack_supported_tentative_hbeta,juodzbalis25_jades_blagn,"Table 2 (BH/Lbol/lambda_Edd), Table 5 (Mstar)",False,False,False,True,0.04673362344092,-0.016416941107096,consistent,30.0,0.6065597509719964,mbh_plus_0p3dex,0.3,0.0,7.66,9.91,-2.25,fedd2_spin_plus1_eps0p423_merger_boost_x2,2.0,0.42264973081037416,2.0,5.759654461582741,574982.2812211178,heavy_seed_scale
GN4685_juodzbalis25,GN-4685,7.415,spec,JADES,broad-line-agn,tentative,stack_supported_tentative_hbeta,juodzbalis25_jades_blagn,"Table 2 (BH/Lbol/lambda_Edd), Table 5 (Mstar)",False,False,False,True,0.04673362344092,-0.016416941107096,consistent,30.0,0.6065597509719964,mstar_agn_20pct,0.0,0.2,7.36,9.813089986991944,-2.4530899869919436,fedd0p3_eps0p1_no_merger_boost,0.3,0.1,1.0,5.779446683249509,601792.3785076987,heavy_seed_scale
GN4685_juodzbalis25,GN-4685,7.415,spec,JADES,broad-line-agn,tentative,stack_supported_tentative_hbeta,juodzbalis25_jades_blagn,"Table 2 (BH/Lbol/lambda_Edd), Table 5 (Mstar)",False,False,False,True,0.04673362344092,-0.016416941107096,consistent,30.0,0.6065597509719964,mstar_agn_20pct,0.0,0.2,7.36,9.813089986991944,-2.4530899869919436,fedd0p3_eps0p1_merger_boost_x2,0.3,0.1,2.0,5.478416687585527,300896.18925384927,heavy_seed_scale
GN4685_juodzbalis25,GN-4685,7.415,spec,JADES,broad-line-agn,tentative,stack_supported_tentative_hbeta,juodzbalis25_jades_blagn,"Table 2 (BH/Lbol/lambda_Edd), Table 5 (Mstar)",False,False,False,True,0.04673362344092,-0.016416941107096,consistent,30.0,0.6065597509719964,mstar_agn_20pct,0.0,0.2,7.36,9.813089986991944,-2.4530899869919436,fedd0p3_spin_minus1_eps0p038_no_merger_boost,0.3,0.037749551350623745,1.0,2.8834548528326334,764.6361964025293,intermediate_seed_scale
GN4685_juodzbalis25,GN-4685,7.415,spec,JADES,broad-line-agn,tentative,stack_supported_tentative_hbeta,juodzbalis25_jades_blagn,"Table 2 (BH/Lbol/lambda_Edd), Table 5 (Mstar)",False,False,False,True,0.04673362344092,-0.016416941107096,consistent,30.0,0.6065597509719964,mstar_agn_20pct,0.0,0.2,7.36,9.813089986991944,-2.4530899869919436,fedd0p3_spin_minus1_eps0p038_merger_boost_x2,0.3,0.037749551350623745,2.0,2.582424857168652,382.3180982012646,intermediate_seed_scale
GN4685_juodzbalis25,GN-4685,7.415,spec,JADES,broad-line-agn,tentative,stack_supported_tentative_hbeta,juodzbalis25_jades_blagn,"Table 2 (BH/Lbol/lambda_Edd), Table 5 (Mstar)",False,False,False,True,0.04673362344092,-0.016416941107096,consistent,30.0,0.6065597509719964,mstar_agn_20pct,0.0,0.2,7.36,9.813089986991944,-2.4530899869919436,fedd0p3_spin_0_eps0p057_no_merger_boost,0.3,0.057190958417936644,1.0,4.4649037607091255,29167.805862621986,heavy_seed_scale
GN4685_juodzbalis25,GN-4685,7.415,spec,JADES,broad-line-agn,tentative,stack_supported_tentative_hbeta,juodzbalis25_jades_blagn,"Table 2 (BH/Lbol/lambda_Edd), Table 5 (Mstar)",False,False,False,True,0.04673362344092,-0.016416941107096,consistent,30.0,0.6065597509719964,mstar_agn_20pct,0.0,0.2,7.36,9.813089986991944,-2.4530899869919436,fedd0p3_spin_0_eps0p057_merger_boost_x2,0.3,0.057190958417936644,2.0,4.163873765045144,14583.902931310991,heavy_seed_scale
GN4685_juodzbalis25,GN-4685,7.415,spec,JADES,broad-line-agn,tentative,stack_supported_tentative_hbeta,juodzbalis25_jades_blagn,"Table 2 (BH/Lbol/lambda_Edd), Table 5 (Mstar)",False,False,False,True,0.04673362344092,-0.016416941107096,consistent,30.0,0.6065597509719964,mstar_agn_20pct,0.0,0.2,7.36,9.813089986991944,-2.4530899869919436,fedd0p3_spin_plus1_eps0p423_no_merger_boost,0.3,0.42264973081037416,1.0,7.120102668587009,13185684.154516611,above_heavy_seed_scale
GN4685_juodzbalis25,GN-4685,7.415,spec,JADES,broad-line-agn,tentative,stack_supported_tentative_hbeta,juodzbalis25_jades_blagn,"Table 2 (BH/Lbol/lambda_Edd), Table 5 (Mstar)",False,False,False,True,0.04673362344092,-0.016416941107096,consistent,30.0,0.6065597509719964,mstar_agn_20pct,0.0,0.2,7.36,9.813089986991944,-2.4530899869919436,fedd0p3_spin_plus1_eps0p423_merger_boost_x2,0.3,0.42264973081037416,2.0,6.819072672923028,6592842.077258305,above_heavy_seed_scale
GN4685_juodzbalis25,GN-4685,7.415,spec,JADES,broad-line-agn,tentative,stack_supported_tentative_hbeta,juodzbalis25_jades_blagn,"Table 2 (BH/Lbol/lambda_Edd), Table 5 (Mstar)",False,False,False,True,0.04673362344092,-0.016416941107096,consistent,30.0,0.6065597509719964,mstar_agn_20pct,0.0,0.2,7.36,9.813089986991944,-2.4530899869919436,fedd1_eps0p1_no_merger_boost,1.0,0.1,1.0,2.091488944165028,123.44938882587766,intermediate_seed_scale
GN4685_juodzbalis25,GN-4685,7.415,spec,JADES,broad-line-agn,tentative,stack_supported_tentative_hbeta,juodzbalis25_jades_blagn,"Table 2 (BH/Lbol/lambda_Edd), Table 5 (Mstar)",False,False,False,True,0.04673362344092,-0.016416941107096,consistent,30.0,0.6065597509719964,mstar_agn_20pct,0.0,0.2,7.36,9.813089986991944,-2.4530899869919436,fedd1_eps0p1_merger_boost_x2,1.0,0.1,2.0,1.7904589485010467,61.72469441293882,light_seed_scale
GN4685_juodzbalis25,GN-4685,7.415,spec,JADES,broad-line-agn,tentative,stack_supported_tentative_hbeta,juodzbalis25_jades_blagn,"Table 2 (BH/Lbol/lambda_Edd), Table 5 (Mstar)",False,False,False,True,0.04673362344092,-0.016416941107096,consistent,30.0,0.6065597509719964,mstar_agn_20pct,0.0,0.2,7.36,9.813089986991944,-2.4530899869919436,fedd1_spin_minus1_eps0p038_no_merger_boost,1.0,0.037749551350623745,1.0,-7.561817157224556,2.7427286479527195e-08,light_seed_scale
GN4685_juodzbalis25,GN-4685,7.415,spec,JADES,broad-line-agn,tentative,stack_supported_tentative_hbeta,juodzbalis25_jades_blagn,"Table 2 (BH/Lbol/lambda_Edd), Table 5 (Mstar)",False,False,False,True,0.04673362344092,-0.016416941107096,consistent,30.0,0.6065597509719964,mstar_agn_20pct,0.0,0.2,7.36,9.813089986991944,-2.4530899869919436,fedd1_spin_minus1_eps0p038_merger_boost_x2,1.0,0.037749551350623745,2.0,-7.862847152888537,1.3713643239763596e-08,light_seed_scale
GN4685_juodzbalis25,GN-4685,7.415,spec,JADES,broad-line-agn,tentative,stack_supported_tentative_hbeta,juodzbalis25_jades_blagn,"Table 2 (BH/Lbol/lambda_Edd), Table 5 (Mstar)",False,False,False,True,0.04673362344092,-0.016416941107096,consistent,30.0,0.6065597509719964,mstar_agn_20pct,0.0,0.2,7.36,9.813089986991944,-2.4530899869919436,fedd1_spin_0_eps0p057_no_merger_boost,1.0,0.057190958417936644,1.0,-2.290320797636249,0.005124826917047074,light_seed_scale
GN4685_juodzbalis25,GN-4685,7.415,spec,JADES,broad-line-agn,tentative,stack_supported_tentative_hbeta,juodzbalis25_jades_blagn,"Table 2 (BH/Lbol/lambda_Edd), Table 5 (Mstar)",False,False,False,True,0.04673362344092,-0.016416941107096,consistent,30.0,0.6065597509719964,mstar_agn_20pct,0.0,0.2,7.36,9.813089986991944,-2.4530899869919436,fedd1_spin_0_eps0p057_merger_boost_x2,1.0,0.057190958417936644,2.0,-2.59135079330023,0.002562413458523537,light_seed_scale
GN4685_juodzbalis25,GN-4685,7.415,spec,JADES,broad-line-agn,tentative,stack_supported_tentative_hbeta,juodzbalis25_jades_blagn,"Table 2 (BH/Lbol/lambda_Edd), Table 5 (Mstar)",False,False,False,True,0.04673362344092,-0.016416941107096,consistent,30.0,0.6065597509719964,mstar_agn_20pct,0.0,0.2,7.36,9.813089986991944,-2.4530899869919436,fedd1_spin_plus1_eps0p423_no_merger_boost,1.0,0.42264973081037416,1.0,6.5603422286233615,3633642.7685741656,above_heavy_seed_scale
GN4685_juodzbalis25,GN-4685,7.415,spec,JADES,broad-line-agn,tentative,stack_supported_tentative_hbeta,juodzbalis25_jades_blagn,"Table 2 (BH/Lbol/lambda_Edd), Table 5 (Mstar)",False,False,False,True,0.04673362344092,-0.016416941107096,consistent,30.0,0.6065597509719964,mstar_agn_20pct,0.0,0.2,7.36,9.813089986991944,-2.4530899869919436,fedd1_spin_plus1_eps0p423_merger_boost_x2,1.0,0.42264973081037416,2.0,6.25931223295938,1816821.3842870826,above_heavy_seed_scale
GN4685_juodzbalis25,GN-4685,7.415,spec,JADES,broad-line-agn,tentative,stack_supported_tentative_hbeta,juodzbalis25_jades_blagn,"Table 2 (BH/Lbol/lambda_Edd), Table 5 (Mstar)",False,False,False,True,0.04673362344092,-0.016416941107096,consistent,30.0,0.6065597509719964,mstar_agn_20pct,0.0,0.2,7.36,9.813089986991944,-2.4530899869919436,fedd2_eps0p1_no_merger_boost,2.0,0.1,1.0,-3.1770221116699444,0.000665239285345463,light_seed_scale
GN4685_juodzbalis25,GN-4685,7.415,spec,JADES,broad-line-agn,tentative,stack_supported_tentative_hbeta,juodzbalis25_jades_blagn,"Table 2 (BH/Lbol/lambda_Edd), Table 5 (Mstar)",False,False,False,True,0.04673362344092,-0.016416941107096,consistent,30.0,0.6065597509719964,mstar_agn_20pct,0.0,0.2,7.36,9.813089986991944,-2.4530899869919436,fedd2_eps0p1_merger_boost_x2,2.0,0.1,2.0,-3.4780521073339257,0.0003326196426727314,light_seed_scale
GN4685_juodzbalis25,GN-4685,7.415,spec,JADES,broad-line-agn,tentative,stack_supported_tentative_hbeta,juodzbalis25_jades_blagn,"Table 2 (BH/Lbol/lambda_Edd), Table 5 (Mstar)",False,False,False,True,0.04673362344092,-0.016416941107096,consistent,30.0,0.6065597509719964,mstar_agn_20pct,0.0,0.2,7.36,9.813089986991944,-2.4530899869919436,fedd2_spin_minus1_eps0p038_no_merger_boost,2.0,0.037749551350623745,1.0,-22.483634314449112,3.283716729428673e-23,light_seed_scale
GN4685_juodzbalis25,GN-4685,7.415,spec,JADES,broad-line-agn,tentative,stack_supported_tentative_hbeta,juodzbalis25_jades_blagn,"Table 2 (BH/Lbol/lambda_Edd), Table 5 (Mstar)",False,False,False,True,0.04673362344092,-0.016416941107096,consistent,30.0,0.6065597509719964,mstar_agn_20pct,0.0,0.2,7.36,9.813089986991944,-2.4530899869919436,fedd2_spin_minus1_eps0p038_merger_boost_x2,2.0,0.037749551350623745,2.0,-22.784664310113094,1.6418583647143363e-23,light_seed_scale
GN4685_juodzbalis25,GN-4685,7.415,spec,JADES,broad-line-agn,tentative,stack_supported_tentative_hbeta,juodzbalis25_jades_blagn,"Table 2 (BH/Lbol/lambda_Edd), Table 5 (Mstar)",False,False,False,True,0.04673362344092,-0.016416941107096,consistent,30.0,0.6065597509719964,mstar_agn_20pct,0.0,0.2,7.36,9.813089986991944,-2.4530899869919436,fedd2_spin_0_eps0p057_no_merger_boost,2.0,0.057190958417936644,1.0,-11.9406415952725,1.1464586746405353e-12,light_seed_scale
GN4685_juodzbalis25,GN-4685,7.415,spec,JADES,broad-line-agn,tentative,stack_supported_tentative_hbeta,juodzbalis25_jades_blagn,"Table 2 (BH/Lbol/lambda_Edd), Table 5 (Mstar)",False,False,False,True,0.04673362344092,-0.016416941107096,consistent,30.0,0.6065597509719964,mstar_agn_20pct,0.0,0.2,7.36,9.813089986991944,-2.4530899869919436,fedd2_spin_0_eps0p057_merger_boost_x2,2.0,0.057190958417936644,2.0,-12.24167159093648,5.732293373202675e-13,light_seed_scale
GN4685_juodzbalis25,GN-4685,7.415,spec,JADES,broad-line-agn,tentative,stack_supported_tentative_hbeta,juodzbalis25_jades_blagn,"Table 2 (BH/Lbol/lambda_Edd), Table 5 (Mstar)",False,False,False,True,0.04673362344092,-0.016416941107096,consistent,30.0,0.6065597509719964,mstar_agn_20pct,0.0,0.2,7.36,9.813089986991944,-2.4530899869919436,fedd2_spin_plus1_eps0p423_no_merger_boost,2.0,0.42264973081037416,1.0,5.760684457246723,576347.557819821,heavy_seed_scale
GN4685_juodzbalis25,GN-4685,7.415,spec,JADES,broad-line-agn,tentative,stack_supported_tentative_hbeta,juodzbalis25_jades_blagn,"Table 2 (BH/Lbol/lambda_Edd), Table 5 (Mstar)",False,False,False,True,0.04673362344092,-0.016416941107096,consistent,30.0,0.6065597509719964,mstar_agn_20pct,0.0,0.2,7.36,9.813089986991944,-2.4530899869919436,fedd2_spin_plus1_eps0p423_merger_boost_x2,2.0,0.42264973081037416,2.0,5.459654461582741,288173.77890991047,heavy_seed_scale
